kol,coin,giris,cikis,R,pnl,neden,anahtar
squeeze,TRX,2023-04-21 20:00:00+00:00,2023-04-22 01:00:00+00:00,-1.1492667558058638,-3.916885090661099,sl,squeeze:TRX
squeeze,XLM,2023-04-21 20:00:00+00:00,2023-04-22 14:00:00+00:00,-1.0742017119648517,-5.714753107653011,sl,squeeze:XLM
squeeze,XRP,2023-04-20 16:00:00+00:00,2023-04-22 16:00:00+00:00,-0.026554334809317112,-0.14126906118556704,sure,squeeze:XRP
squeeze,DOGE,2023-04-21 19:00:00+00:00,2023-04-23 19:00:00+00:00,0.3407234110763131,1.8126485469259856,sure,squeeze:DOGE
squeeze,TRX,2023-04-25 14:00:00+00:00,2023-04-25 20:00:00+00:00,-1.2349512439205064,-2.6739614614510816,sl,squeeze:TRX
squeeze,XRP,2023-04-25 20:00:00+00:00,2023-04-26 19:00:00+00:00,-1.0893180377136222,-5.795171960636471,sl,squeeze:XRP
squeeze,XRP,2023-04-27 21:00:00+00:00,2023-04-29 21:00:00+00:00,1.2064206666361101,6.418157946504106,sure,squeeze:XRP
bb,LTC,2023-04-29 13:00:00+00:00,2023-04-30 20:00:00+00:00,1.5774782846788424,8.392184474491442,tp,bb:LTC
bb,LTC,2023-04-30 20:00:00+00:00,2023-05-01 01:00:00+00:00,-1.0762334887400018,-5.72556216009681,sl,bb:LTC
squeeze,XRP,2023-04-30 23:00:00+00:00,2023-05-01 19:00:00+00:00,2.3625871296969683,8.746685335257125,tp,squeeze:XRP
squeeze,TRX,2023-05-01 06:00:00+00:00,2023-05-02 02:00:00+00:00,-1.1414578650991298,-4.105025563729495,sl,squeeze:TRX
squeeze,XRP,2023-05-03 08:00:00+00:00,2023-05-05 08:00:00+00:00,-0.09860014949556156,-0.3847041122715197,sure,squeeze:XRP
squeeze,DOGE,2023-05-05 20:00:00+00:00,2023-05-06 08:00:00+00:00,-1.1349515327699577,-4.278411713134182,sl,squeeze:DOGE
bb,LTC,2023-05-06 08:00:00+00:00,2023-05-06 13:00:00+00:00,-1.0793401810884213,-5.742089763390402,sl,bb:LTC
bb,LTC,2023-05-06 13:00:00+00:00,2023-05-06 14:00:00+00:00,-1.0668470021673073,-5.675626051530076,sl,bb:LTC
bb,LTC,2023-05-07 20:00:00+00:00,2023-05-08 01:00:00+00:00,1.5820171127907898,8.416331040047002,tp,bb:LTC
squeeze,DOGE,2023-05-08 01:00:00+00:00,2023-05-08 18:00:00+00:00,2.411828626908225,12.830928295151757,tp,squeeze:DOGE
squeeze,XRP,2023-05-11 08:00:00+00:00,2023-05-12 04:00:00+00:00,-1.0997196629581074,-5.610276538674218,sl,squeeze:XRP
squeeze,TRX,2023-05-11 15:00:00+00:00,2023-05-12 11:00:00+00:00,-1.1618028756154908,-3.65282857705211,sl,squeeze:TRX
bb,LTC,2023-05-14 06:00:00+00:00,2023-05-14 15:00:00+00:00,-1.0931624782838378,-5.815624384470017,sl,bb:LTC
bb,LTC,2023-05-14 15:00:00+00:00,2023-05-15 03:00:00+00:00,-1.0800627490833887,-5.745933825123628,sl,bb:LTC
squeeze,XLM,2023-05-16 13:00:00+00:00,2023-05-17 00:00:00+00:00,-1.2357514577179587,-2.666611975225546,sl,squeeze:XLM
squeeze,DOGE,2023-05-16 23:00:00+00:00,2023-05-17 18:00:00+00:00,2.3665236830634346,9.0196507387798,tp,squeeze:DOGE
squeeze,XRP,2023-05-18 10:00:00+00:00,2023-05-18 17:00:00+00:00,-1.0791691271690032,-5.741179756539097,sl,squeeze:XRP
squeeze,TRX,2023-05-20 13:00:00+00:00,2023-05-20 14:00:00+00:00,2.198231759671602,3.70580897022803,tp,squeeze:TRX
donchian,ADA,2023-05-21 12:00:00+00:00,2023-05-22 08:00:00+00:00,-1.0720846553469705,-5.703490366445884,sl,donchian:ADA
bb,LTC,2023-05-20 15:00:00+00:00,2023-05-22 15:00:00+00:00,0.5378255144386933,2.7105646709025497,sure,bb:LTC
donchian,NEAR,2023-05-21 12:00:00+00:00,2023-05-23 00:00:00+00:00,-1.0649232541369544,-5.6653917120085975,sl,donchian:NEAR
donchian,ETH,2023-05-23 00:00:00+00:00,2023-05-24 00:00:00+00:00,-1.0954003496476301,-5.827529860125392,sl,donchian:ETH
donchian,SOL,2023-05-21 12:00:00+00:00,2023-05-24 12:00:00+00:00,2.424245354837341,12.896985287734655,tp,donchian:SOL
squeeze,XLM,2023-05-24 07:00:00+00:00,2023-05-24 16:00:00+00:00,2.268228537053937,4.978630879942744,tp,squeeze:XLM
donchian,ICP,2023-05-21 12:00:00+00:00,2023-05-26 12:00:00+00:00,1.1189324941824699,5.952720869050739,sure,donchian:ICP
donchian,NEAR,2023-05-24 12:00:00+00:00,2023-05-27 20:00:00+00:00,-1.0519811591888633,-5.596539766884753,sl,donchian:NEAR
donchian,SOL,2023-05-24 12:00:00+00:00,2023-05-27 20:00:00+00:00,-1.0500456603006476,-5.586242912799445,sl,donchian:SOL
donchian,BCH,2023-05-24 04:00:00+00:00,2023-05-28 20:00:00+00:00,-1.0818849876732608,-5.755628134421748,sl,donchian:BCH
bb,LTC,2023-05-28 00:00:00+00:00,2023-05-28 21:00:00+00:00,-1.0978562031860513,-5.707424555436168,sl,bb:LTC
squeeze,XRP,2023-05-28 20:00:00+00:00,2023-05-29 19:00:00+00:00,2.3225795497557495,6.659628469113167,tp,squeeze:XRP
bb,LTC,2023-05-28 21:00:00+00:00,2023-05-30 10:00:00+00:00,-1.0926846081003918,-5.813082115094085,sl,bb:LTC
squeeze,DOGE,2023-05-30 07:00:00+00:00,2023-05-30 10:00:00+00:00,-1.1707731660508016,-3.487676621993523,sl,squeeze:DOGE
squeeze,XRP,2023-05-29 21:00:00+00:00,2023-05-30 16:00:00+00:00,2.3995176742920106,12.148351665362828,tp,squeeze:XRP
donchian,ADA,2023-05-28 20:00:00+00:00,2023-05-31 04:00:00+00:00,-1.0662378870680387,-5.672385559201966,sl,donchian:ADA
donchian,ETH,2023-05-28 20:00:00+00:00,2023-05-31 04:00:00+00:00,-1.0805729379755675,-5.74864803003002,sl,donchian:ETH
donchian,SOL,2023-05-30 08:00:00+00:00,2023-05-31 04:00:00+00:00,-1.0547565771356562,-5.611304990361691,sl,donchian:SOL
squeeze,TRX,2023-05-31 04:00:00+00:00,2023-06-02 04:00:00+00:00,-1.1969316756259227,-3.091981341993195,sl,squeeze:TRX
donchian,ICP,2023-05-31 12:00:00+00:00,2023-06-02 04:00:00+00:00,-1.0506001949203427,-5.589193036976224,sl,donchian:ICP
bb,LTC,2023-06-03 10:00:00+00:00,2023-06-05 01:00:00+00:00,1.5920344566427176,8.469623309339257,tp,bb:LTC
donchian,SOL,2023-06-04 04:00:00+00:00,2023-06-05 12:00:00+00:00,-1.0617330880384837,-5.6484200283647334,sl,donchian:SOL
donchian,BNB,2023-06-05 00:00:00+00:00,2023-06-05 12:00:00+00:00,2.3637071395909595,8.822743252871872,tp,donchian:BNB
squeeze,TRX,2023-06-04 18:00:00+00:00,2023-06-05 15:00:00+00:00,-1.110576785302562,-5.1093742104832955,sl,squeeze:TRX
donchian,BCH,2023-06-05 12:00:00+00:00,2023-06-06 16:00:00+00:00,-1.0821868319204,-5.757233945816528,sl,donchian:BCH
donchian,ETH,2023-06-05 12:00:00+00:00,2023-06-06 16:00:00+00:00,-1.084624573051864,-5.770202728635917,sl,donchian:ETH
donchian,ICP,2023-06-05 12:00:00+00:00,2023-06-06 16:00:00+00:00,-1.038905014425222,-5.5269746767421815,sl,donchian:ICP
donchian,ADA,2023-06-05 12:00:00+00:00,2023-06-07 12:00:00+00:00,2.4331906046162604,12.944574016558507,tp,donchian:ADA
donchian,SOL,2023-06-05 12:00:00+00:00,2023-06-09 16:00:00+00:00,2.4590283154464427,13.082030638175075,tp,donchian:SOL
donchian,ADA,2023-06-07 12:00:00+00:00,2023-06-09 20:00:00+00:00,2.4580562103721393,13.076859039179782,tp,donchian:ADA
donchian,NEAR,2023-06-05 12:00:00+00:00,2023-06-10 00:00:00+00:00,2.4605331931081973,13.09003658733561,tp,donchian:NEAR
donchian,BNB,2023-06-07 12:00:00+00:00,2023-06-10 04:00:00+00:00,2.4628023081780226,13.102108279507082,tp,donchian:BNB
donchian,SOL,2023-06-09 16:00:00+00:00,2023-06-10 04:00:00+00:00,2.472559582238341,13.154016977507974,tp,donchian:SOL
donchian,ADA,2023-06-09 20:00:00+00:00,2023-06-10 04:00:00+00:00,2.4665367451631255,13.121975484267827,tp,donchian:ADA
donchian,ICP,2023-06-10 00:00:00+00:00,2023-06-10 04:00:00+00:00,2.464928887977827,13.11342168404204,tp,donchian:ICP
donchian,NEAR,2023-06-10 00:00:00+00:00,2023-06-10 04:00:00+00:00,2.46381052285563,13.107471981591953,tp,donchian:NEAR
bb,LTC,2023-06-10 02:00:00+00:00,2023-06-10 04:00:00+00:00,-1.0628804825373732,-5.654524167098826,sl,bb:LTC
donchian,ADA,2023-06-10 04:00:00+00:00,2023-06-10 16:00:00+00:00,-1.017284456595934,-5.411953309090369,sl,donchian:ADA
donchian,SOL,2023-06-10 04:00:00+00:00,2023-06-11 16:00:00+00:00,-1.014951495535623,-5.3995419562495135,sl,donchian:SOL
donchian,BCH,2023-06-10 04:00:00+00:00,2023-06-13 00:00:00+00:00,-1.0323769493882755,-5.492245370745626,sl,donchian:BCH
squeeze,DOGE,2023-06-12 05:00:00+00:00,2023-06-13 02:00:00+00:00,-1.076435527467935,-5.7266370061294145,sl,squeeze:DOGE
donchian,ICP,2023-06-10 04:00:00+00:00,2023-06-13 16:00:00+00:00,-1.0211390621804288,-5.432459810799881,sl,donchian:ICP
donchian,BNB,2023-06-10 04:00:00+00:00,2023-06-14 00:00:00+00:00,-1.0299666531925895,-5.479422594984576,sl,donchian:BNB
squeeze,TRX,2023-06-14 04:00:00+00:00,2023-06-14 20:00:00+00:00,-1.1612230899988916,-3.6641353075649308,sl,squeeze:TRX
squeeze,XLM,2023-06-14 15:00:00+00:00,2023-06-14 20:00:00+00:00,2.3445083268918308,7.670571515223737,tp,squeeze:XLM
donchian,ETH,2023-06-10 04:00:00+00:00,2023-06-15 04:00:00+00:00,1.743437103611752,9.275085391214521,sure,donchian:ETH
donchian,NEAR,2023-06-10 04:00:00+00:00,2023-06-15 04:00:00+00:00,0.47428469273305096,2.523194565339831,sure,donchian:NEAR
squeeze,XRP,2023-06-16 11:00:00+00:00,2023-06-16 18:00:00+00:00,-1.0731186109780824,-5.708991010403398,sl,squeeze:XRP
squeeze,DOGE,2023-06-18 14:00:00+00:00,2023-06-18 20:00:00+00:00,-1.1293481710799413,-4.441714510037967,sl,squeeze:DOGE
bb,LTC,2023-06-17 05:00:00+00:00,2023-06-19 05:00:00+00:00,0.028085187118235683,0.14941319546901383,sure,bb:LTC
squeeze,TRX,2023-06-20 04:00:00+00:00,2023-06-20 18:00:00+00:00,-1.1502686621385199,-3.8941614094296773,sl,squeeze:TRX
donchian,BCH,2023-06-21 00:00:00+00:00,2023-06-21 04:00:00+00:00,2.439948232364098,12.980524596177002,tp,donchian:BCH
donchian,ETH,2023-06-20 20:00:00+00:00,2023-06-22 00:00:00+00:00,2.4296300431405387,12.925631829507667,tp,donchian:ETH
donchian,BCH,2023-06-21 04:00:00+00:00,2023-06-22 00:00:00+00:00,2.466133518346552,13.119830317603657,tp,donchian:BCH
squeeze,XRP,2023-06-23 19:00:00+00:00,2023-06-24 00:00:00+00:00,-1.0795123681471657,-5.743005798542921,sl,squeeze:XRP
donchian,BCH,2023-06-23 12:00:00+00:00,2023-06-24 12:00:00+00:00,2.477919009338173,13.18252912967908,tp,donchian:BCH
squeeze,DOGE,2023-06-23 15:00:00+00:00,2023-06-24 15:00:00+00:00,-1.0855440513653831,-5.775094353263838,sl,squeeze:DOGE
squeeze,XRP,2023-06-24 20:00:00+00:00,2023-06-25 09:00:00+00:00,-1.105816183168803,-5.316354464280285,sl,squeeze:XRP
donchian,BCH,2023-06-24 20:00:00+00:00,2023-06-25 12:00:00+00:00,-1.0145682278482993,-5.397502972152952,sl,donchian:BCH
donchian,NEAR,2023-06-24 00:00:00+00:00,2023-06-26 04:00:00+00:00,-1.0383392268427423,-5.523964686803389,sl,donchian:NEAR
bb,LTC,2023-06-24 15:00:00+00:00,2023-06-26 15:00:00+00:00,0.25118986008091976,1.3363300556304931,sure,bb:LTC
donchian,ETH,2023-06-22 00:00:00+00:00,2023-06-26 16:00:00+00:00,-1.0586973925315404,-5.632270128267795,sl,donchian:ETH
donchian,NEAR,2023-06-26 04:00:00+00:00,2023-06-26 20:00:00+00:00,-1.0279699782890659,-5.4688002844978305,sl,donchian:NEAR
squeeze,TRX,2023-06-25 04:00:00+00:00,2023-06-27 04:00:00+00:00,2.1965086890387235,7.119964087165436,sure,squeeze:TRX
squeeze,DOGE,2023-06-28 08:00:00+00:00,2023-06-28 19:00:00+00:00,2.407624532695252,12.80856251393874,tp,squeeze:DOGE
squeeze,TRX,2023-06-28 21:00:00+00:00,2023-06-29 08:00:00+00:00,-1.1322723231974008,-4.354767676976424,sl,squeeze:TRX
donchian,BNB,2023-06-24 12:00:00+00:00,2023-06-29 12:00:00+00:00,-0.08640665602821206,-0.45968341007008817,sure,donchian:BNB
donchian,ADA,2023-06-28 16:00:00+00:00,2023-06-30 00:00:00+00:00,-1.033272870686014,-5.497011672049594,sl,donchian:ADA
squeeze,XLM,2023-06-30 04:00:00+00:00,2023-06-30 10:00:00+00:00,2.431148287842381,12.933708891321466,tp,squeeze:XLM
squeeze,XLM,2023-07-02 04:00:00+00:00,2023-07-02 09:00:00+00:00,-1.0796317570038072,-5.743640947260254,sl,squeeze:XLM
donchian,ICP,2023-06-28 16:00:00+00:00,2023-07-03 00:00:00+00:00,-1.0318613122603266,-5.489502181224937,sl,donchian:ICP
bb,LTC,2023-07-02 04:00:00+00:00,2023-07-04 04:00:00+00:00,0.3128139170484259,1.664170038697626,sure,bb:LTC
donchian,SOL,2023-06-29 08:00:00+00:00,2023-07-04 08:00:00+00:00,1.0319020088360662,5.489718687007873,sure,donchian:SOL
squeeze,TRX,2023-07-04 11:00:00+00:00,2023-07-04 16:00:00+00:00,-1.188976033904849,-3.200733026034413,sl,squeeze:TRX
donchian,BCH,2023-06-30 00:00:00+00:00,2023-07-05 00:00:00+00:00,-0.7004457739277749,-3.726371517295762,sure,donchian:BCH
donchian,ICP,2023-07-03 00:00:00+00:00,2023-07-05 08:00:00+00:00,-1.0340768500491682,-5.501288842261575,sl,donchian:ICP
donchian,ETH,2023-07-03 04:00:00+00:00,2023-07-05 08:00:00+00:00,-1.0638804198317244,-5.659843833504774,sl,donchian:ETH
squeeze,XLM,2023-07-04 08:00:00+00:00,2023-07-05 10:00:00+00:00,2.39308464185114,11.386783016998386,tp,squeeze:XLM
donchian,SOL,2023-07-06 16:00:00+00:00,2023-07-06 20:00:00+00:00,-1.02941354131478,-5.47648003979463,sl,donchian:SOL
bb,LTC,2023-07-09 07:00:00+00:00,2023-07-09 23:00:00+00:00,-1.0882458983029415,-5.789468178971649,sl,bb:LTC
donchian,ICP,2023-07-08 16:00:00+00:00,2023-07-10 16:00:00+00:00,-1.0410896297163652,-5.5385968300910635,sl,donchian:ICP
squeeze,DOGE,2023-07-11 20:00:00+00:00,2023-07-12 05:00:00+00:00,-1.1595611254526956,-3.69700158401565,sl,squeeze:DOGE
squeeze,XRP,2023-07-10 11:00:00+00:00,2023-07-12 11:00:00+00:00,0.26141075845378203,0.9425799013367361,sure,squeeze:XRP
donchian,SOL,2023-07-07 12:00:00+00:00,2023-07-12 12:00:00+00:00,0.7016789187465494,3.732931847731643,sure,donchian:SOL
donchian,ADA,2023-07-13 12:00:00+00:00,2023-07-13 16:00:00+00:00,2.4505404276406324,13.036875075048163,tp,donchian:ADA
donchian,SOL,2023-07-13 12:00:00+00:00,2023-07-14 00:00:00+00:00,2.4729207329794023,13.15593829945042,tp,donchian:SOL
donchian,BNB,2023-07-13 12:00:00+00:00,2023-07-14 16:00:00+00:00,-1.0695251627756333,-5.689873865966369,sl,donchian:BNB
donchian,ICP,2023-07-13 12:00:00+00:00,2023-07-14 16:00:00+00:00,-1.0468402464605926,-5.569190111170353,sl,donchian:ICP
donchian,ADA,2023-07-13 16:00:00+00:00,2023-07-14 16:00:00+00:00,-1.0331789254194335,-5.496511883231386,sl,donchian:ADA
donchian,SOL,2023-07-14 00:00:00+00:00,2023-07-14 16:00:00+00:00,-1.0177733722473343,-5.414554340355819,sl,donchian:SOL
donchian,ETH,2023-07-13 12:00:00+00:00,2023-07-17 08:00:00+00:00,-1.0859378857043587,-5.777189551947188,sl,donchian:ETH
donchian,NEAR,2023-07-13 16:00:00+00:00,2023-07-18 16:00:00+00:00,0.0828157007586624,0.440579528036084,sure,donchian:NEAR
squeeze,XRP,2023-07-18 18:00:00+00:00,2023-07-19 18:00:00+00:00,2.4506545752701534,13.037482340437217,tp,squeeze:XRP
bb,LTC,2023-07-22 00:00:00+00:00,2023-07-22 23:00:00+00:00,1.5892595957637408,8.454861049463101,tp,bb:LTC
donchian,ETH,2023-07-22 20:00:00+00:00,2023-07-23 16:00:00+00:00,-1.0966636064004007,-5.771564024366295,sl,donchian:ETH
donchian,ICP,2023-07-23 00:00:00+00:00,2023-07-23 20:00:00+00:00,-1.051878003283002,-5.59599097746557,sl,donchian:ICP
squeeze,XRP,2023-07-22 19:00:00+00:00,2023-07-24 09:00:00+00:00,2.423138251374528,12.89109549731249,tp,squeeze:XRP
bb,LTC,2023-07-22 23:00:00+00:00,2023-07-24 09:00:00+00:00,-1.089328811257353,-5.795229275889118,sl,bb:LTC
donchian,NEAR,2023-07-24 08:00:00+00:00,2023-07-29 08:00:00+00:00,-0.21927073863803861,-1.1665203295543654,sure,donchian:NEAR
bb,LTC,2023-07-29 20:00:00+00:00,2023-07-29 22:00:00+00:00,-1.1440497646689254,-4.040317024250989,sl,bb:LTC
bb,LTC,2023-07-29 22:00:00+00:00,2023-07-30 00:00:00+00:00,-1.1138983658186532,-4.975206993341046,sl,bb:LTC
squeeze,DOGE,2023-07-30 19:00:00+00:00,2023-07-31 08:00:00+00:00,-1.0876335408438393,-5.786210437289226,sl,squeeze:DOGE
squeeze,XLM,2023-07-31 18:00:00+00:00,2023-07-31 19:00:00+00:00,-1.0970574606649062,-5.7502076898922025,sl,squeeze:XLM
donchian,ICP,2023-07-28 12:00:00+00:00,2023-07-31 20:00:00+00:00,-1.0515815046034271,-5.594413604490232,sl,donchian:ICP
donchian,BCH,2023-07-31 00:00:00+00:00,2023-08-01 00:00:00+00:00,-1.0513987971499543,-5.593441600837757,sl,donchian:BCH
donchian,ETH,2023-08-01 00:00:00+00:00,2023-08-01 16:00:00+00:00,-1.114313308223441,-4.958994246041128,sl,donchian:ETH
squeeze,XRP,2023-08-01 02:00:00+00:00,2023-08-01 21:00:00+00:00,-1.070135850865364,-5.693122726603736,sl,squeeze:XRP
donchian,BNB,2023-08-01 04:00:00+00:00,2023-08-02 16:00:00+00:00,-1.0929182009346876,-5.814324828972539,sl,donchian:BNB
squeeze,TRX,2023-08-02 06:00:00+00:00,2023-08-04 06:00:00+00:00,-0.13749037744512216,-0.3985161832946554,sure,squeeze:TRX
squeeze,DOGE,2023-08-04 20:00:00+00:00,2023-08-05 04:00:00+00:00,-1.0995946813019564,-5.616678490584768,sl,squeeze:DOGE
squeeze,XRP,2023-08-04 20:00:00+00:00,2023-08-06 20:00:00+00:00,0.29155604462158624,1.5510781573868389,sure,squeeze:XRP
donchian,ICP,2023-08-03 20:00:00+00:00,2023-08-07 00:00:00+00:00,-1.0629216571775382,-5.654743216184503,sl,donchian:ICP
donchian,BCH,2023-08-02 12:00:00+00:00,2023-08-07 12:00:00+00:00,-1.0432882969725854,-5.550293739894154,sl,donchian:BCH
bb,LTC,2023-08-06 15:00:00+00:00,2023-08-07 16:00:00+00:00,-1.101241036364429,-5.5336142965573,sl,bb:LTC
squeeze,XLM,2023-08-07 11:00:00+00:00,2023-08-07 16:00:00+00:00,-1.0898251055414416,-5.79786956148047,sl,squeeze:XLM
donchian,ADA,2023-08-03 20:00:00+00:00,2023-08-08 16:00:00+00:00,-1.0538313293573875,-5.606382672181302,sl,donchian:ADA
donchian,SOL,2023-08-08 16:00:00+00:00,2023-08-13 16:00:00+00:00,0.03258440510533613,0.17334903516038822,sure,donchian:SOL
squeeze,XRP,2023-08-13 19:00:00+00:00,2023-08-13 21:00:00+00:00,-1.2369247305739222,-2.655925922283011,sl,squeeze:XRP
bb,LTC,2023-08-12 00:00:00+00:00,2023-08-13 22:00:00+00:00,1.521502875716816,5.319875250197537,tp,bb:LTC
bb,LTC,2023-08-13 22:00:00+00:00,2023-08-15 19:00:00+00:00,-1.1412235650266855,-4.110992085552284,sl,bb:LTC
squeeze,TRX,2023-08-15 08:00:00+00:00,2023-08-15 19:00:00+00:00,2.03842051870257,2.246623865216234,tp,squeeze:TRX
squeeze,DOGE,2023-08-15 15:00:00+00:00,2023-08-15 19:00:00+00:00,2.353526113764503,8.174136721543839,tp,squeeze:DOGE
donchian,BNB,2023-08-11 12:00:00+00:00,2023-08-16 12:00:00+00:00,1.555364192477277,6.154170927601824,sure,donchian:BNB
donchian,BCH,2023-08-16 08:00:00+00:00,2023-08-16 20:00:00+00:00,2.447101219166955,13.0185784859682,tp,donchian:BCH
donchian,ETH,2023-08-15 16:00:00+00:00,2023-08-17 00:00:00+00:00,2.339496000754103,7.415142978215085,tp,donchian:ETH
donchian,ADA,2023-08-15 16:00:00+00:00,2023-08-17 20:00:00+00:00,2.428410179112667,12.919142152879388,tp,donchian:ADA
donchian,NEAR,2023-08-15 16:00:00+00:00,2023-08-17 20:00:00+00:00,2.4419821964504473,12.991345285116381,tp,donchian:NEAR
donchian,SOL,2023-08-16 04:00:00+00:00,2023-08-17 20:00:00+00:00,2.451597300128315,13.042497636682638,tp,donchian:SOL
donchian,BCH,2023-08-16 20:00:00+00:00,2023-08-17 20:00:00+00:00,2.4612124644686646,13.093650310973297,tp,donchian:BCH
donchian,BNB,2023-08-16 20:00:00+00:00,2023-08-17 20:00:00+00:00,2.3960003993801524,11.720288307934393,tp,donchian:BNB
donchian,ETH,2023-08-17 12:00:00+00:00,2023-08-17 20:00:00+00:00,2.4075399811842453,12.808112699900184,tp,donchian:ETH
donchian,ADA,2023-08-17 20:00:00+00:00,2023-08-20 00:00:00+00:00,-1.0304124517396436,-5.481794243254904,sl,donchian:ADA
bb,LTC,2023-08-20 11:00:00+00:00,2023-08-21 00:00:00+00:00,-1.0964356291787012,-5.784005561059927,sl,bb:LTC
donchian,BCH,2023-08-17 20:00:00+00:00,2023-08-21 04:00:00+00:00,-1.021886580865374,-5.43643661020379,sl,donchian:BCH
donchian,BNB,2023-08-17 20:00:00+00:00,2023-08-22 20:00:00+00:00,0.8705321339355808,4.63123095253729,sure,donchian:BNB
donchian,ETH,2023-08-17 20:00:00+00:00,2023-08-22 20:00:00+00:00,0.6484470647155991,3.449738384286987,sure,donchian:ETH
donchian,ICP,2023-08-17 20:00:00+00:00,2023-08-22 20:00:00+00:00,-0.10379982286942761,-0.552215057665355,sure,donchian:ICP
donchian,NEAR,2023-08-17 20:00:00+00:00,2023-08-22 20:00:00+00:00,-0.6946386075742799,-3.6954773922951687,sure,donchian:NEAR
donchian,SOL,2023-08-17 20:00:00+00:00,2023-08-22 20:00:00+00:00,0.7074943687730885,3.7638700418728304,sure,donchian:SOL
squeeze,XLM,2023-08-22 13:00:00+00:00,2023-08-23 11:00:00+00:00,-1.0973525205300356,-5.734321597091309,sl,squeeze:XLM
squeeze,XRP,2023-08-23 18:00:00+00:00,2023-08-24 14:00:00+00:00,-1.0936158027398613,-5.818036070576062,sl,squeeze:XRP
squeeze,XRP,2023-08-27 13:00:00+00:00,2023-08-27 21:00:00+00:00,-1.1986519236382882,-3.0696113517792822,sl,squeeze:XRP
bb,LTC,2023-08-27 14:00:00+00:00,2023-08-28 00:00:00+00:00,1.4881830316095688,4.233803534251527,tp,bb:LTC
donchian,BNB,2023-08-29 12:00:00+00:00,2023-08-30 16:00:00+00:00,-1.062639902548181,-5.653244281556323,sl,donchian:BNB
donchian,BCH,2023-08-29 16:00:00+00:00,2023-08-31 16:00:00+00:00,-1.0341741242465474,-5.5018063409916325,sl,donchian:BCH
donchian,ICP,2023-08-31 12:00:00+00:00,2023-09-05 12:00:00+00:00,0.6812269113696371,3.6241271684864693,sure,donchian:ICP
donchian,ADA,2023-08-31 16:00:00+00:00,2023-09-05 16:00:00+00:00,-0.27499783867723876,-1.4629885017629103,sure,donchian:ADA
donchian,SOL,2023-08-31 16:00:00+00:00,2023-09-05 16:00:00+00:00,-0.47883502182386906,-2.5474023161029833,sure,donchian:SOL
donchian,BNB,2023-09-01 12:00:00+00:00,2023-09-06 12:00:00+00:00,-0.08203033580959818,-0.43640138650706234,sure,donchian:BNB
donchian,ETH,2023-09-01 16:00:00+00:00,2023-09-06 16:00:00+00:00,-1.0693145085171907,-5.688753185311454,sl,donchian:ETH
squeeze,XRP,2023-09-06 12:00:00+00:00,2023-09-06 17:00:00+00:00,2.2729152887992266,5.091883219174929,tp,squeeze:XRP
squeeze,XLM,2023-09-07 23:00:00+00:00,2023-09-08 10:00:00+00:00,-1.09730898541477,-5.736659479345506,sl,squeeze:XLM
bb,LTC,2023-09-09 15:00:00+00:00,2023-09-10 04:00:00+00:00,1.4941132581090288,4.396478057934852,tp,bb:LTC
bb,LTC,2023-09-10 04:00:00+00:00,2023-09-10 15:00:00+00:00,-1.0922503230142184,-5.8107717184356416,sl,bb:LTC
squeeze,XRP,2023-09-10 05:00:00+00:00,2023-09-11 07:00:00+00:00,2.2469367496873116,4.516945453645626,tp,squeeze:XRP
squeeze,XLM,2023-09-10 21:00:00+00:00,2023-09-11 07:00:00+00:00,-1.0686728328257544,-5.685339470633013,sl,squeeze:XLM
donchian,ADA,2023-09-10 00:00:00+00:00,2023-09-11 08:00:00+00:00,2.4069199461652513,12.804814113599136,tp,donchian:ADA
squeeze,DOGE,2023-09-10 04:00:00+00:00,2023-09-11 19:00:00+00:00,2.383309069013713,10.390258230748465,tp,squeeze:DOGE
donchian,BNB,2023-09-11 08:00:00+00:00,2023-09-12 00:00:00+00:00,-1.1049471121115628,-5.3561666281144165,sl,donchian:BNB
donchian,BCH,2023-09-10 04:00:00+00:00,2023-09-12 08:00:00+00:00,-1.056323465404714,-5.619640835953079,sl,donchian:BCH
donchian,ETH,2023-09-11 08:00:00+00:00,2023-09-12 08:00:00+00:00,-1.097341855134628,-5.734894146832405,sl,donchian:ETH
donchian,ICP,2023-09-10 04:00:00+00:00,2023-09-13 04:00:00+00:00,2.4484030650794857,13.025504306222864,tp,donchian:ICP
donchian,SOL,2023-09-10 04:00:00+00:00,2023-09-14 00:00:00+00:00,-1.0477842605196548,-5.574212265964563,sl,donchian:SOL
squeeze,TRX,2023-09-14 00:00:00+00:00,2023-09-14 09:00:00+00:00,-1.1756790664214483,-3.404488339153915,sl,squeeze:TRX
squeeze,XRP,2023-09-14 16:00:00+00:00,2023-09-15 04:00:00+00:00,2.3522155894585346,8.097138739890985,tp,squeeze:XRP
donchian,ICP,2023-09-13 04:00:00+00:00,2023-09-15 20:00:00+00:00,-1.037275418133357,-5.51830522446946,sl,donchian:ICP
donchian,NEAR,2023-09-11 16:00:00+00:00,2023-09-16 00:00:00+00:00,-1.0421561583316021,-5.544270762324123,sl,donchian:NEAR
squeeze,TRX,2023-09-14 11:00:00+00:00,2023-09-16 11:00:00+00:00,0.9793503138020304,3.121628026810611,sure,squeeze:TRX
squeeze,DOGE,2023-09-14 12:00:00+00:00,2023-09-16 12:00:00+00:00,0.7905384723097839,2.312141461139053,sure,squeeze:DOGE
donchian,BCH,2023-09-12 16:00:00+00:00,2023-09-17 16:00:00+00:00,0.502596117999418,2.6738113477569034,sure,donchian:BCH
bb,LTC,2023-09-17 20:00:00+00:00,2023-09-18 09:00:00+00:00,1.5859770330654044,8.437397815907952,tp,bb:LTC
donchian,BNB,2023-09-18 08:00:00+00:00,2023-09-18 16:00:00+00:00,-1.1008157057271426,-5.554813764947804,sl,donchian:BNB
squeeze,XLM,2023-09-20 16:00:00+00:00,2023-09-21 08:00:00+00:00,2.3567893891824014,8.371989164537919,tp,squeeze:XLM
donchian,SOL,2023-09-19 08:00:00+00:00,2023-09-21 12:00:00+00:00,-1.0438188504743384,-5.5531162845234805,sl,donchian:SOL
squeeze,XRP,2023-09-23 22:00:00+00:00,2023-09-24 11:00:00+00:00,-1.2259876549012385,-2.7598435410652518,sl,squeeze:XRP
squeeze,XRP,2023-09-24 12:00:00+00:00,2023-09-24 18:00:00+00:00,-1.2614078787013634,-2.4548216613831326,sl,squeeze:XRP
bb,LTC,2023-09-24 06:00:00+00:00,2023-09-24 23:00:00+00:00,-1.1611731196430786,-3.665113615710787,sl,bb:LTC
bb,LTC,2023-09-24 23:00:00+00:00,2023-09-25 00:00:00+00:00,-1.1188284564002888,-4.7898964921744165,sl,bb:LTC
squeeze,XLM,2023-09-24 10:00:00+00:00,2023-09-25 11:00:00+00:00,2.276463946276061,5.180793441488952,tp,squeeze:XLM
squeeze,XRP,2023-09-24 23:00:00+00:00,2023-09-26 03:00:00+00:00,-1.1682246432744574,-3.532806312331876,sl,squeeze:XRP
donchian,BNB,2023-09-21 08:00:00+00:00,2023-09-26 08:00:00+00:00,-0.5230443122247241,-2.7825957410355326,sure,donchian:BNB
donchian,ETH,2023-09-21 08:00:00+00:00,2023-09-26 08:00:00+00:00,0.010985203055659337,0.058441280256107675,sure,donchian:ETH
squeeze,TRX,2023-09-26 03:00:00+00:00,2023-09-26 21:00:00+00:00,-1.2726484453625038,-2.3745892976070926,sl,squeeze:TRX
squeeze,DOGE,2023-09-26 15:00:00+00:00,2023-09-26 21:00:00+00:00,2.254151693781855,4.66443449645599,tp,squeeze:DOGE
squeeze,DOGE,2023-09-27 05:00:00+00:00,2023-09-27 11:00:00+00:00,-1.188550731735314,-3.206805221264468,sl,squeeze:DOGE
donchian,SOL,2023-09-26 20:00:00+00:00,2023-09-28 12:00:00+00:00,-1.0649735995139324,-5.665659549414121,sl,donchian:SOL
donchian,NEAR,2023-09-26 20:00:00+00:00,2023-09-28 20:00:00+00:00,-1.0688280862623745,-5.686165418915832,sl,donchian:NEAR
donchian,ADA,2023-09-29 12:00:00+00:00,2023-09-29 16:00:00+00:00,-1.0785641225556772,-5.737961131996203,sl,donchian:ADA
donchian,SOL,2023-09-28 20:00:00+00:00,2023-09-30 12:00:00+00:00,2.4420649288882883,12.991785421685695,tp,donchian:SOL
donchian,SOL,2023-09-30 12:00:00+00:00,2023-10-01 08:00:00+00:00,2.448236877611036,13.024620188890712,tp,donchian:SOL
bb,LTC,2023-09-30 15:00:00+00:00,2023-10-01 10:00:00+00:00,-1.1244990095287801,-4.594902086271411,sl,bb:LTC
donchian,ETH,2023-09-28 12:00:00+00:00,2023-10-01 20:00:00+00:00,2.41734550977536,12.860278112004913,tp,donchian:ETH
bb,LTC,2023-10-01 10:00:00+00:00,2023-10-01 22:00:00+00:00,-1.1179299151684832,-4.822515943317252,sl,bb:LTC
donchian,BCH,2023-09-27 08:00:00+00:00,2023-10-02 08:00:00+00:00,1.4444047971752876,7.684233520972531,sure,donchian:BCH
donchian,ETH,2023-10-01 20:00:00+00:00,2023-10-02 12:00:00+00:00,-1.0709363265334688,-5.697381257158054,sl,donchian:ETH
donchian,ICP,2023-09-29 08:00:00+00:00,2023-10-02 16:00:00+00:00,-1.0570072361688376,-5.623278496418216,sl,donchian:ICP
donchian,NEAR,2023-09-30 04:00:00+00:00,2023-10-02 16:00:00+00:00,-1.069456390551545,-5.68950799773422,sl,donchian:NEAR
bb,LTC,2023-10-01 22:00:00+00:00,2023-10-02 18:00:00+00:00,1.5852835779421166,8.43370863465206,tp,bb:LTC
donchian,BCH,2023-10-02 12:00:00+00:00,2023-10-03 12:00:00+00:00,-1.0386450042776538,-5.525591422757119,sl,donchian:BCH
donchian,ADA,2023-10-01 08:00:00+00:00,2023-10-04 00:00:00+00:00,-1.075462811521715,-5.721462157295525,sl,donchian:ADA
squeeze,DOGE,2023-10-03 18:00:00+00:00,2023-10-05 18:00:00+00:00,0.13513896177390722,0.42158347070343805,sure,squeeze:DOGE
donchian,SOL,2023-10-01 08:00:00+00:00,2023-10-06 08:00:00+00:00,0.14963188641436834,0.7960416357244395,sure,donchian:SOL
donchian,ETH,2023-10-05 12:00:00+00:00,2023-10-06 20:00:00+00:00,-1.0687163702885867,-5.685571089935281,sl,donchian:ETH
squeeze,XLM,2023-10-06 02:00:00+00:00,2023-10-06 21:00:00+00:00,-1.172836501239416,-3.452113672831905,sl,squeeze:XLM
squeeze,XRP,2023-10-06 19:00:00+00:00,2023-10-07 18:00:00+00:00,-1.1594890525432915,-3.698442362337103,sl,squeeze:XRP
bb,LTC,2023-10-07 19:00:00+00:00,2023-10-09 07:00:00+00:00,-1.1514192769962686,-3.868435930415824,sl,bb:LTC
squeeze,XRP,2023-10-08 15:00:00+00:00,2023-10-09 08:00:00+00:00,2.235471643654751,4.299124402504577,tp,squeeze:XRP
squeeze,XLM,2023-10-09 08:00:00+00:00,2023-10-09 09:00:00+00:00,2.3181025718916723,6.4831962889728345,tp,squeeze:XLM
donchian,BNB,2023-10-09 08:00:00+00:00,2023-10-10 08:00:00+00:00,-1.1034915027997128,-5.424345956674628,sl,donchian:BNB
squeeze,TRX,2023-10-11 04:00:00+00:00,2023-10-11 07:00:00+00:00,-1.2370256675136426,-2.6550115407633577,sl,squeeze:TRX
squeeze,DOGE,2023-10-11 14:00:00+00:00,2023-10-12 09:00:00+00:00,2.320596871644633,6.580407233417517,tp,squeeze:DOGE
squeeze,XRP,2023-10-12 08:00:00+00:00,2023-10-12 17:00:00+00:00,-1.12989810573809,-4.4250638650618095,sl,squeeze:XRP
donchian,ICP,2023-10-09 08:00:00+00:00,2023-10-13 20:00:00+00:00,-1.044027455158825,-5.554226061444949,sl,donchian:ICP
donchian,ADA,2023-10-09 08:00:00+00:00,2023-10-14 08:00:00+00:00,0.619451682303082,3.295482949852396,sure,donchian:ADA
donchian,BCH,2023-10-09 08:00:00+00:00,2023-10-14 08:00:00+00:00,-0.03402050830760341,-0.18098910419645017,sure,donchian:BCH
donchian,ETH,2023-10-09 08:00:00+00:00,2023-10-14 08:00:00+00:00,1.2134463047027328,6.455534341018538,sure,donchian:ETH
donchian,NEAR,2023-10-09 08:00:00+00:00,2023-10-14 08:00:00+00:00,0.7982862474869699,4.24688283663068,sure,donchian:NEAR
squeeze,XRP,2023-10-15 18:00:00+00:00,2023-10-15 22:00:00+00:00,-1.304370394465112,-2.180126060191874,sl,squeeze:XRP
squeeze,XLM,2023-10-15 01:00:00+00:00,2023-10-16 05:00:00+00:00,2.2821701479396346,5.329834260681735,tp,squeeze:XLM
donchian,BCH,2023-10-16 04:00:00+00:00,2023-10-16 12:00:00+00:00,2.43734024377853,12.96665009690178,tp,donchian:BCH
donchian,SOL,2023-10-16 04:00:00+00:00,2023-10-16 12:00:00+00:00,2.4399905417558,12.980749682140855,tp,donchian:SOL
squeeze,XRP,2023-10-16 05:00:00+00:00,2023-10-16 13:00:00+00:00,2.326304966393712,6.813375543662197,tp,squeeze:XRP
donchian,ICP,2023-10-15 00:00:00+00:00,2023-10-17 12:00:00+00:00,-1.0605758785635293,-5.642263673957976,sl,donchian:ICP
donchian,ADA,2023-10-19 00:00:00+00:00,2023-10-19 16:00:00+00:00,-1.0767381409915104,-5.728246910074835,sl,donchian:ADA
squeeze,XRP,2023-10-19 02:00:00+00:00,2023-10-19 16:00:00+00:00,-1.1564098448630802,-3.7612376563824705,sl,squeeze:XRP
squeeze,DOGE,2023-10-18 17:00:00+00:00,2023-10-20 02:00:00+00:00,-1.200459233914855,-3.0465227859381776,sl,squeeze:DOGE
donchian,NEAR,2023-10-19 00:00:00+00:00,2023-10-20 08:00:00+00:00,-1.055656625858839,-5.616093249569023,sl,donchian:NEAR
donchian,SOL,2023-10-19 16:00:00+00:00,2023-10-21 04:00:00+00:00,2.4593890565935874,13.083949781077884,tp,donchian:SOL
squeeze,TRX,2023-10-21 16:00:00+00:00,2023-10-22 07:00:00+00:00,-1.2493433077769527,-2.548984289633928,sl,squeeze:TRX
squeeze,XLM,2023-10-21 14:00:00+00:00,2023-10-22 20:00:00+00:00,-1.1191864262895255,-4.777038228590366,sl,squeeze:XLM
donchian,SOL,2023-10-21 04:00:00+00:00,2023-10-23 20:00:00+00:00,2.465938879656017,13.118794839770011,tp,donchian:SOL
donchian,ADA,2023-10-21 16:00:00+00:00,2023-10-23 20:00:00+00:00,2.4263158292303313,12.908000211505364,tp,donchian:ADA
donchian,ETH,2023-10-22 20:00:00+00:00,2023-10-23 20:00:00+00:00,2.4195080201393795,12.871782667141499,tp,donchian:ETH
donchian,BNB,2023-10-23 00:00:00+00:00,2023-10-24 00:00:00+00:00,2.408772075350059,12.814667440862314,tp,donchian:BNB
donchian,ICP,2023-10-23 00:00:00+00:00,2023-10-24 00:00:00+00:00,2.4505852192102577,13.037113366198572,tp,donchian:ICP
donchian,NEAR,2023-10-23 00:00:00+00:00,2023-10-24 12:00:00+00:00,2.44583540654944,13.011844362843023,tp,donchian:NEAR
donchian,BCH,2023-10-23 20:00:00+00:00,2023-10-24 12:00:00+00:00,-1.035487007413628,-5.508790879440501,sl,donchian:BCH
donchian,SOL,2023-10-23 20:00:00+00:00,2023-10-24 20:00:00+00:00,-1.0241386751256347,-5.448417751668377,sl,donchian:SOL
donchian,ADA,2023-10-23 20:00:00+00:00,2023-10-28 20:00:00+00:00,0.9937482157634991,5.286740507861815,sure,donchian:ADA
donchian,ETH,2023-10-23 20:00:00+00:00,2023-10-28 20:00:00+00:00,0.11794092462645187,0.627445719012724,sure,donchian:ETH
donchian,ICP,2023-10-24 00:00:00+00:00,2023-10-29 00:00:00+00:00,0.753277133294427,4.007434349126352,sure,donchian:ICP
squeeze,XRP,2023-10-27 23:00:00+00:00,2023-10-29 09:00:00+00:00,-1.1011248222023013,-5.5393889746892855,sl,squeeze:XRP
squeeze,XLM,2023-10-28 06:00:00+00:00,2023-10-30 06:00:00+00:00,1.1347596670195839,4.952202152317859,sure,squeeze:XLM
donchian,SOL,2023-10-25 12:00:00+00:00,2023-10-30 12:00:00+00:00,0.5922879851238307,3.1509720808587796,sure,donchian:SOL
bb,LTC,2023-10-29 01:00:00+00:00,2023-10-30 16:00:00+00:00,1.5836959561860788,8.42526248690994,tp,bb:LTC
donchian,NEAR,2023-10-26 04:00:00+00:00,2023-10-31 04:00:00+00:00,1.7146646924817326,9.122016164002817,sure,donchian:NEAR
donchian,ADA,2023-10-30 08:00:00+00:00,2023-10-31 12:00:00+00:00,-1.0515599746480178,-5.594299065127455,sl,donchian:ADA
donchian,SOL,2023-10-31 00:00:00+00:00,2023-11-01 12:00:00+00:00,2.4673865242828503,13.126496309184763,tp,donchian:SOL
squeeze,TRX,2023-10-31 23:00:00+00:00,2023-11-01 12:00:00+00:00,2.306248647738899,6.0554227344946945,tp,squeeze:TRX
donchian,NEAR,2023-11-01 00:00:00+00:00,2023-11-01 16:00:00+00:00,2.4673446430084955,13.126273500805196,tp,donchian:NEAR
squeeze,XRP,2023-11-01 18:00:00+00:00,2023-11-02 16:00:00+00:00,-1.0657967842348945,-5.670038892129639,sl,squeeze:XRP
donchian,ICP,2023-10-29 08:00:00+00:00,2023-11-03 08:00:00+00:00,-0.3672076152811614,-1.953544513295779,sure,donchian:ICP
donchian,ADA,2023-11-01 20:00:00+00:00,2023-11-05 08:00:00+00:00,2.4588300978845345,13.080976120745722,tp,donchian:ADA
bb,LTC,2023-11-04 23:00:00+00:00,2023-11-05 11:00:00+00:00,-1.0980126047780896,-5.699128837871968,sl,bb:LTC
squeeze,XLM,2023-11-05 00:00:00+00:00,2023-11-06 00:00:00+00:00,2.38370951071101,10.427788448141602,tp,squeeze:XLM
donchian,SOL,2023-11-01 12:00:00+00:00,2023-11-06 12:00:00+00:00,-0.15524694975086734,-0.8259137726746142,sure,donchian:SOL
donchian,BNB,2023-11-04 08:00:00+00:00,2023-11-06 12:00:00+00:00,2.435734974441123,12.958110064026775,tp,donchian:BNB
donchian,NEAR,2023-11-01 16:00:00+00:00,2023-11-06 16:00:00+00:00,0.5993313490182801,3.1884427767772503,sure,donchian:NEAR
donchian,BNB,2023-11-06 12:00:00+00:00,2023-11-07 12:00:00+00:00,-1.0564135990843013,-5.620120347128483,sl,donchian:BNB
donchian,ETH,2023-11-05 00:00:00+00:00,2023-11-09 12:00:00+00:00,2.4339201633241787,12.948455268884631,tp,donchian:ETH
donchian,ADA,2023-11-05 08:00:00+00:00,2023-11-09 12:00:00+00:00,2.460591679150381,13.090347733080026,tp,donchian:ADA
squeeze,XRP,2023-11-08 02:00:00+00:00,2023-11-09 12:00:00+00:00,-1.0532113097249136,-5.60308416773654,sl,squeeze:XRP
donchian,ICP,2023-11-09 00:00:00+00:00,2023-11-09 16:00:00+00:00,-1.035756970787502,-5.510227084589511,sl,donchian:ICP
donchian,SOL,2023-11-09 08:00:00+00:00,2023-11-09 16:00:00+00:00,-1.0272246391788564,-5.4648350804315164,sl,donchian:SOL
donchian,ADA,2023-11-09 12:00:00+00:00,2023-11-09 16:00:00+00:00,-1.0374623943999133,-5.5192999382075385,sl,donchian:ADA
donchian,SOL,2023-11-10 08:00:00+00:00,2023-11-11 12:00:00+00:00,2.4799746924139106,13.193465363642005,tp,donchian:SOL
donchian,SOL,2023-11-11 12:00:00+00:00,2023-11-12 00:00:00+00:00,-1.0177052186562698,-5.414191763251356,sl,donchian:SOL
bb,LTC,2023-11-11 11:00:00+00:00,2023-11-12 10:00:00+00:00,-1.0557763629474126,-5.616730250880235,sl,bb:LTC
donchian,ADA,2023-11-11 16:00:00+00:00,2023-11-13 08:00:00+00:00,-1.0300146704896758,-5.479678047005075,sl,donchian:ADA
bb,LTC,2023-11-12 10:00:00+00:00,2023-11-13 14:00:00+00:00,1.6206699692138435,8.621964236217648,tp,bb:LTC
donchian,NEAR,2023-11-12 08:00:00+00:00,2023-11-13 20:00:00+00:00,-1.021429499735945,-5.434004938595227,sl,donchian:NEAR
squeeze,XLM,2023-11-13 03:00:00+00:00,2023-11-13 20:00:00+00:00,-1.0874475438091358,-5.785220933064602,sl,squeeze:XLM
squeeze,XRP,2023-11-13 08:00:00+00:00,2023-11-13 20:00:00+00:00,-1.0955726037712936,-5.828446252063282,sl,squeeze:XRP
donchian,ETH,2023-11-09 12:00:00+00:00,2023-11-14 12:00:00+00:00,-0.05295539069056561,-0.28172267847380905,sure,donchian:ETH
donchian,ICP,2023-11-11 16:00:00+00:00,2023-11-14 16:00:00+00:00,-1.0253989156984358,-5.455122231515678,sl,donchian:ICP
squeeze,DOGE,2023-11-13 04:00:00+00:00,2023-11-14 18:00:00+00:00,2.439398440997496,12.97759970610668,tp,squeeze:DOGE
donchian,NEAR,2023-11-16 04:00:00+00:00,2023-11-16 12:00:00+00:00,-1.0224936393447952,-5.43966616131431,sl,donchian:NEAR
donchian,ADA,2023-11-16 04:00:00+00:00,2023-11-16 16:00:00+00:00,-1.0304166770285192,-5.481816721791723,sl,donchian:ADA
donchian,SOL,2023-11-15 16:00:00+00:00,2023-11-16 20:00:00+00:00,-1.015822079009576,-5.404173460330944,sl,donchian:SOL
donchian,NEAR,2023-11-17 00:00:00+00:00,2023-11-18 04:00:00+00:00,-1.0193343935211008,-5.422858973532256,sl,donchian:NEAR
donchian,NEAR,2023-11-19 16:00:00+00:00,2023-11-21 16:00:00+00:00,-1.0198483084213739,-5.425593000801709,sl,donchian:NEAR
donchian,BNB,2023-11-20 16:00:00+00:00,2023-11-21 16:00:00+00:00,-1.0430283650597494,-5.548910902117867,sl,donchian:BNB
squeeze,XLM,2023-11-20 22:00:00+00:00,2023-11-21 18:00:00+00:00,2.398740302793624,12.051183187439426,tp,squeeze:XLM
squeeze,XRP,2023-11-20 22:00:00+00:00,2023-11-21 18:00:00+00:00,2.411096538354914,12.827033584048143,tp,squeeze:XRP
squeeze,DOGE,2023-11-20 21:00:00+00:00,2023-11-21 22:00:00+00:00,2.442498144894172,12.994090130836994,tp,squeeze:DOGE
donchian,BCH,2023-11-21 20:00:00+00:00,2023-11-24 12:00:00+00:00,-1.033969772972364,-5.500719192212977,sl,donchian:BCH
squeeze,TRX,2023-11-23 23:00:00+00:00,2023-11-24 16:00:00+00:00,2.262025499989618,4.835597605760352,tp,squeeze:TRX
squeeze,DOGE,2023-11-25 02:00:00+00:00,2023-11-25 11:00:00+00:00,-1.1136372997785873,-4.985468120359235,sl,squeeze:DOGE
squeeze,XRP,2023-11-23 21:00:00+00:00,2023-11-25 21:00:00+00:00,0.036522870964886156,0.18235162463625046,sure,squeeze:XRP
squeeze,XLM,2023-11-25 04:00:00+00:00,2023-11-26 12:00:00+00:00,2.3566512861186744,8.36343342796418,tp,squeeze:XLM
donchian,BNB,2023-11-21 20:00:00+00:00,2023-11-26 20:00:00+00:00,-0.3267173742032219,-1.7381364307611407,sure,donchian:BNB
donchian,ETH,2023-11-24 08:00:00+00:00,2023-11-27 04:00:00+00:00,-1.055034870379274,-5.612785510417738,sl,donchian:ETH
donchian,ICP,2023-11-25 00:00:00+00:00,2023-11-27 08:00:00+00:00,-1.0356996405398065,-5.509922087671771,sl,donchian:ICP
donchian,BNB,2023-11-27 12:00:00+00:00,2023-11-28 12:00:00+00:00,-1.053368857609016,-5.603922322479966,sl,donchian:BNB
squeeze,XRP,2023-11-30 16:00:00+00:00,2023-11-30 21:00:00+00:00,-1.1579145216586546,-3.7302463310126623,sl,squeeze:XRP
squeeze,XLM,2023-12-02 05:00:00+00:00,2023-12-02 14:00:00+00:00,-1.19325234440348,-3.1411639573141037,sl,squeeze:XLM
squeeze,XRP,2023-12-02 04:00:00+00:00,2023-12-03 10:00:00+00:00,2.2619595543820212,4.834117039713805,tp,squeeze:XRP
squeeze,DOGE,2023-12-02 20:00:00+00:00,2023-12-03 11:00:00+00:00,-1.120872228155383,-4.71750817346851,sl,squeeze:DOGE
donchian,ICP,2023-12-02 16:00:00+00:00,2023-12-03 12:00:00+00:00,-1.0484970031684584,-5.578004056856199,sl,donchian:ICP
bb,LTC,2023-12-03 22:00:00+00:00,2023-12-04 01:00:00+00:00,-1.108412471105282,-5.201220197402026,sl,bb:LTC
donchian,NEAR,2023-12-02 00:00:00+00:00,2023-12-04 04:00:00+00:00,2.4575527815489355,13.074180797840336,tp,donchian:NEAR
donchian,SOL,2023-11-29 08:00:00+00:00,2023-12-04 08:00:00+00:00,0.43661275820063356,2.3227798736273706,sure,donchian:SOL
donchian,BCH,2023-12-04 00:00:00+00:00,2023-12-04 08:00:00+00:00,-1.053097670954709,-5.602479609479052,sl,donchian:BCH
donchian,ICP,2023-12-04 04:00:00+00:00,2023-12-04 08:00:00+00:00,-1.0431071141960893,-5.549329847523195,sl,donchian:ICP
squeeze,XLM,2023-12-04 01:00:00+00:00,2023-12-04 11:00:00+00:00,-1.1370940772680658,-4.219497997182569,sl,squeeze:XLM
donchian,ETH,2023-12-02 16:00:00+00:00,2023-12-05 16:00:00+00:00,2.431722022559287,12.936761160015408,tp,donchian:ETH
squeeze,XLM,2023-12-05 12:00:00+00:00,2023-12-05 18:00:00+00:00,-1.1072262789395408,-5.253130989196466,sl,squeeze:XLM
donchian,ADA,2023-12-02 20:00:00+00:00,2023-12-05 20:00:00+00:00,2.434447659821975,12.951261550252907,tp,donchian:ADA
donchian,ADA,2023-12-05 20:00:00+00:00,2023-12-08 04:00:00+00:00,2.456605630544842,13.069141954498557,tp,donchian:ADA
donchian,ADA,2023-12-08 04:00:00+00:00,2023-12-08 12:00:00+00:00,2.4651006826203417,13.114335631540216,tp,donchian:ADA
squeeze,XRP,2023-12-08 15:00:00+00:00,2023-12-09 05:00:00+00:00,2.4035196011957134,12.673356705320755,tp,squeeze:XRP
donchian,ADA,2023-12-08 12:00:00+00:00,2023-12-09 08:00:00+00:00,2.470922539942475,13.145307912493967,tp,donchian:ADA
donchian,NEAR,2023-12-05 00:00:00+00:00,2023-12-09 12:00:00+00:00,2.4711897304438155,13.1467293659611,tp,donchian:NEAR
donchian,ETH,2023-12-07 12:00:00+00:00,2023-12-11 00:00:00+00:00,-1.0506263254962673,-5.589332051640143,sl,donchian:ETH
donchian,BNB,2023-12-08 16:00:00+00:00,2023-12-11 00:00:00+00:00,-1.0610659076939708,-5.644870628931925,sl,donchian:BNB
donchian,ICP,2023-12-09 00:00:00+00:00,2023-12-11 00:00:00+00:00,-1.0348835855682246,-5.505580675222955,sl,donchian:ICP
bb,LTC,2023-12-10 06:00:00+00:00,2023-12-11 02:00:00+00:00,1.6093671230836792,8.561833094805174,tp,bb:LTC
donchian,SOL,2023-12-07 20:00:00+00:00,2023-12-12 20:00:00+00:00,0.1481725207878826,0.7882778105915355,sure,donchian:SOL
squeeze,XRP,2023-12-13 01:00:00+00:00,2023-12-13 19:00:00+00:00,-1.0921040552544485,-5.809993573953666,sl,squeeze:XRP
squeeze,XLM,2023-12-12 19:00:00+00:00,2023-12-13 22:00:00+00:00,-1.0760238660607258,-5.724446967443061,sl,squeeze:XLM
donchian,ICP,2023-12-13 12:00:00+00:00,2023-12-15 12:00:00+00:00,2.477545023681178,13.180539525983868,tp,donchian:ICP
squeeze,XRP,2023-12-15 02:00:00+00:00,2023-12-15 12:00:00+00:00,-1.094166513067186,-5.82096584951743,sl,squeeze:XRP
squeeze,XLM,2023-12-14 21:00:00+00:00,2023-12-15 13:00:00+00:00,-1.1089591539015202,-5.177676453677726,sl,squeeze:XLM
donchian,BNB,2023-12-12 00:00:00+00:00,2023-12-15 20:00:00+00:00,-1.0404169250189823,-5.535018041100986,sl,donchian:BNB
donchian,ADA,2023-12-13 20:00:00+00:00,2023-12-15 20:00:00+00:00,-1.0187023266559632,-5.4194963778097245,sl,donchian:ADA
donchian,SOL,2023-12-15 08:00:00+00:00,2023-12-15 20:00:00+00:00,-1.0240490152244854,-5.447940760994262,sl,donchian:SOL
donchian,BCH,2023-12-11 00:00:00+00:00,2023-12-16 00:00:00+00:00,0.3125798892916927,1.6629250110318055,sure,donchian:BCH
donchian,ICP,2023-12-15 12:00:00+00:00,2023-12-16 04:00:00+00:00,2.479509659655635,13.19099138936798,tp,donchian:ICP
donchian,ICP,2023-12-16 04:00:00+00:00,2023-12-16 16:00:00+00:00,2.4824229441150765,13.206490062692206,tp,donchian:ICP
squeeze,XRP,2023-12-17 05:00:00+00:00,2023-12-17 10:00:00+00:00,-1.1764730342646839,-3.3914600428903316,sl,squeeze:XRP
bb,LTC,2023-12-17 06:00:00+00:00,2023-12-18 01:00:00+00:00,1.5770314589678334,8.389807361708874,tp,bb:LTC
squeeze,XLM,2023-12-17 23:00:00+00:00,2023-12-18 09:00:00+00:00,2.371079281799598,9.356349580355873,tp,squeeze:XLM
squeeze,XRP,2023-12-18 00:00:00+00:00,2023-12-18 09:00:00+00:00,2.3563768190277057,8.34647853601805,tp,squeeze:XRP
donchian,ETH,2023-12-18 08:00:00+00:00,2023-12-18 20:00:00+00:00,-1.0530885555932965,-5.602431115756338,sl,donchian:ETH
donchian,ICP,2023-12-16 16:00:00+00:00,2023-12-20 20:00:00+00:00,-1.0137125492213124,-5.3929507618573815,sl,donchian:ICP
donchian,NEAR,2023-12-20 00:00:00+00:00,2023-12-21 08:00:00+00:00,2.4778147168001046,13.181974293376557,tp,donchian:NEAR
donchian,SOL,2023-12-20 12:00:00+00:00,2023-12-21 16:00:00+00:00,2.4740697031500587,13.162050820758314,tp,donchian:SOL
donchian,NEAR,2023-12-21 08:00:00+00:00,2023-12-24 00:00:00+00:00,2.4793146712790692,13.18995405120465,tp,donchian:NEAR
donchian,SOL,2023-12-21 16:00:00+00:00,2023-12-24 00:00:00+00:00,2.4764174609552128,13.174540892281732,tp,donchian:SOL
donchian,BCH,2023-12-22 08:00:00+00:00,2023-12-24 04:00:00+00:00,-1.0557911191475804,-5.616808753865128,sl,donchian:BCH
bb,LTC,2023-12-24 04:00:00+00:00,2023-12-24 22:00:00+00:00,1.5669311495177003,7.965885939495273,tp,bb:LTC
donchian,BNB,2023-12-20 04:00:00+00:00,2023-12-25 04:00:00+00:00,1.0349705078395235,5.506043101706266,sure,donchian:BNB
donchian,ETH,2023-12-22 08:00:00+00:00,2023-12-26 04:00:00+00:00,-1.0475144449001066,-5.5727768468685674,sl,donchian:ETH
bb,LTC,2023-12-24 22:00:00+00:00,2023-12-26 11:00:00+00:00,1.5957952284209542,8.489630615199477,tp,bb:LTC
donchian,SOL,2023-12-24 00:00:00+00:00,2023-12-26 16:00:00+00:00,-1.0211505505444431,-5.432520928896437,sl,donchian:SOL
donchian,BNB,2023-12-26 08:00:00+00:00,2023-12-27 20:00:00+00:00,2.4519722558929224,13.044492401350348,tp,donchian:BNB
donchian,ADA,2023-12-28 00:00:00+00:00,2023-12-28 12:00:00+00:00,-1.0295206638999939,-5.477049931947968,sl,donchian:ADA
donchian,NEAR,2023-12-24 00:00:00+00:00,2023-12-29 00:00:00+00:00,-0.5246192916512302,-2.790974631584545,sure,donchian:NEAR
squeeze,DOGE,2023-12-29 14:00:00+00:00,2023-12-29 15:00:00+00:00,-1.1049267108681242,-5.357109132038515,sl,squeeze:DOGE
donchian,ETH,2023-12-27 20:00:00+00:00,2023-12-29 16:00:00+00:00,-1.0565948827815284,-5.621084776397732,sl,donchian:ETH
donchian,BNB,2023-12-27 20:00:00+00:00,2023-12-29 20:00:00+00:00,-1.034119928448942,-5.501518019348372,sl,donchian:BNB
donchian,BCH,2023-12-27 08:00:00+00:00,2023-12-30 04:00:00+00:00,2.4620505536880875,13.098108945620625,tp,donchian:BCH
donchian,BCH,2023-12-30 04:00:00+00:00,2023-12-31 00:00:00+00:00,-1.0232366432818716,-5.443618942259557,sl,donchian:BCH
donchian,ICP,2023-12-30 12:00:00+00:00,2023-12-31 12:00:00+00:00,2.48160367917042,13.202131573186636,tp,donchian:ICP
squeeze,XRP,2023-12-29 17:00:00+00:00,2023-12-31 17:00:00+00:00,-0.36255748860724124,-1.9288058393905234,sure,squeeze:XRP
squeeze,DOGE,2024-01-01 02:00:00+00:00,2024-01-01 15:00:00+00:00,-1.1221100500256083,-4.674844004073066,sl,squeeze:DOGE
squeeze,XLM,2023-12-31 22:00:00+00:00,2024-01-01 18:00:00+00:00,-1.0948779915340356,-5.8247509149610694,sl,squeeze:XLM
donchian,ICP,2023-12-31 12:00:00+00:00,2024-01-02 00:00:00+00:00,-1.0172336787132004,-5.411683170754226,sl,donchian:ICP
bb,LTC,2023-12-31 02:00:00+00:00,2024-01-02 01:00:00+00:00,1.5914634744009908,8.466585683813271,tp,bb:LTC
donchian,ICP,2024-01-03 04:00:00+00:00,2024-01-03 12:00:00+00:00,-1.0147627423158239,-5.398537789120184,sl,donchian:ICP
squeeze,XLM,2024-01-05 06:00:00+00:00,2024-01-07 06:00:00+00:00,-0.5541178135490681,-2.947906768081042,sure,squeeze:XLM
squeeze,DOGE,2024-01-05 11:00:00+00:00,2024-01-07 11:00:00+00:00,0.9637407656966234,5.127100873506037,sure,squeeze:DOGE
squeeze,XRP,2024-01-07 22:00:00+00:00,2024-01-08 00:00:00+00:00,-1.1053891319827633,-5.335835636827638,sl,squeeze:XRP
bb,LTC,2024-01-07 15:00:00+00:00,2024-01-08 01:00:00+00:00,-1.0832743166551964,-5.763019364605645,sl,bb:LTC
squeeze,XLM,2024-01-07 12:00:00+00:00,2024-01-08 02:00:00+00:00,2.39138029673635,11.20013132888324,tp,squeeze:XLM
squeeze,DOGE,2024-01-07 18:00:00+00:00,2024-01-08 02:00:00+00:00,2.406271048406183,12.801361977520893,tp,squeeze:DOGE
donchian,BCH,2024-01-03 12:00:00+00:00,2024-01-08 12:00:00+00:00,-0.18465915843458955,-0.9823867228720163,sure,donchian:BCH
donchian,ETH,2024-01-03 12:00:00+00:00,2024-01-08 12:00:00+00:00,-0.3116681665817657,-1.6580746462149938,sure,donchian:ETH
donchian,ADA,2024-01-08 00:00:00+00:00,2024-01-08 12:00:00+00:00,-1.0239547546407577,-5.447439294688831,sl,donchian:ADA
squeeze,DOGE,2024-01-10 03:00:00+00:00,2024-01-10 12:00:00+00:00,-1.0430209531756744,-5.548871470894588,sl,squeeze:DOGE
squeeze,DOGE,2024-01-10 14:00:00+00:00,2024-01-10 21:00:00+00:00,-1.0501824496881713,-5.586970632341071,sl,squeeze:DOGE
donchian,ETH,2024-01-10 08:00:00+00:00,2024-01-11 08:00:00+00:00,2.456549933490603,13.068845646170008,tp,donchian:ETH
donchian,ADA,2024-01-11 08:00:00+00:00,2024-01-12 16:00:00+00:00,-1.0227242403596863,-5.4408929587135315,sl,donchian:ADA
donchian,BCH,2024-01-11 08:00:00+00:00,2024-01-12 20:00:00+00:00,-1.0268696118197547,-5.462946334881095,sl,donchian:BCH
donchian,ETH,2024-01-11 08:00:00+00:00,2024-01-12 20:00:00+00:00,-1.035018399350722,-5.506297884545841,sl,donchian:ETH
squeeze,XRP,2024-01-12 17:00:00+00:00,2024-01-14 17:00:00+00:00,-0.2960538808306433,-1.5750066460190226,sure,squeeze:XRP
squeeze,DOGE,2024-01-14 08:00:00+00:00,2024-01-14 19:00:00+00:00,-1.0966046328183248,-5.774776794396831,sl,squeeze:DOGE
bb,LTC,2024-01-14 19:00:00+00:00,2024-01-16 14:00:00+00:00,-1.0709022647400135,-5.697200048416872,sl,bb:LTC
squeeze,XLM,2024-01-17 10:00:00+00:00,2024-01-17 17:00:00+00:00,-1.1740953598826116,-3.4308304503865474,sl,squeeze:XLM
squeeze,XRP,2024-01-17 09:00:00+00:00,2024-01-18 16:00:00+00:00,2.3446439948391404,7.677714260478796,tp,squeeze:XRP
squeeze,DOGE,2024-01-18 16:00:00+00:00,2024-01-19 16:00:00+00:00,2.38920071908946,10.969801661439451,tp,squeeze:DOGE
bb,LTC,2024-01-21 16:00:00+00:00,2024-01-22 00:00:00+00:00,1.5603325486752946,7.441634406436462,tp,bb:LTC
donchian,ADA,2024-01-18 08:00:00+00:00,2024-01-23 08:00:00+00:00,2.4583442292683286,13.078391299707508,tp,donchian:ADA
donchian,ETH,2024-01-22 08:00:00+00:00,2024-01-23 08:00:00+00:00,2.4290013033288016,12.922286933709225,tp,donchian:ETH
donchian,BCH,2024-01-18 16:00:00+00:00,2024-01-23 16:00:00+00:00,0.9684753682110105,5.152288958882576,sure,donchian:BCH
donchian,NEAR,2024-01-18 16:00:00+00:00,2024-01-23 16:00:00+00:00,1.8863869413671193,10.035578528073074,sure,donchian:NEAR
donchian,ICP,2024-01-19 00:00:00+00:00,2024-01-24 00:00:00+00:00,0.7256230747805529,3.8603147578325414,sure,donchian:ICP
donchian,SOL,2024-01-22 16:00:00+00:00,2024-01-24 20:00:00+00:00,-1.0261826312513762,-5.459291598257321,sl,donchian:SOL
donchian,ADA,2024-01-23 08:00:00+00:00,2024-01-25 08:00:00+00:00,-1.0329624150185692,-5.495360047898789,sl,donchian:ADA
donchian,BNB,2024-01-23 08:00:00+00:00,2024-01-27 00:00:00+00:00,-1.0480968767441192,-5.5758753842787145,sl,donchian:BNB
donchian,ETH,2024-01-23 08:00:00+00:00,2024-01-28 04:00:00+00:00,-1.0472542422468012,-5.571392568752982,sl,donchian:ETH
squeeze,DOGE,2024-01-27 23:00:00+00:00,2024-01-28 14:00:00+00:00,-1.161651961778176,-3.6557638259073353,sl,squeeze:DOGE
bb,LTC,2024-01-27 18:00:00+00:00,2024-01-29 18:00:00+00:00,-0.20677718966849812,-0.9276578237542024,sure,bb:LTC
donchian,SOL,2024-01-27 20:00:00+00:00,2024-01-30 08:00:00+00:00,2.4638257261174408,13.107552862944786,tp,donchian:SOL
donchian,ADA,2024-01-30 00:00:00+00:00,2024-01-31 00:00:00+00:00,-1.0446508337107678,-5.557542435341285,sl,donchian:ADA
donchian,NEAR,2024-01-30 08:00:00+00:00,2024-01-31 00:00:00+00:00,-1.0297660777291673,-5.47835553351917,sl,donchian:NEAR
donchian,SOL,2024-01-30 08:00:00+00:00,2024-01-31 00:00:00+00:00,-1.035240896735801,-5.507481570634462,sl,donchian:SOL
donchian,ICP,2024-01-26 12:00:00+00:00,2024-01-31 08:00:00+00:00,-1.0246071785250546,-5.45091018975329,sl,donchian:ICP
donchian,ETH,2024-01-30 16:00:00+00:00,2024-01-31 08:00:00+00:00,-1.0685878640336322,-5.684887436658923,sl,donchian:ETH
squeeze,DOGE,2024-01-31 00:00:00+00:00,2024-02-02 00:00:00+00:00,0.35275572722212223,1.8445841455023426,sure,squeeze:DOGE
squeeze,XRP,2024-02-01 00:00:00+00:00,2024-02-02 22:00:00+00:00,-1.0812739434401344,-5.752377379101516,sl,squeeze:XRP
squeeze,XLM,2024-02-03 11:00:00+00:00,2024-02-04 04:00:00+00:00,-1.1490716723455745,-3.9213451980259615,sl,squeeze:XLM
squeeze,DOGE,2024-02-04 06:00:00+00:00,2024-02-04 12:00:00+00:00,-1.2333000646240424,-2.6892859047721624,sl,squeeze:DOGE
bb,LTC,2024-02-03 15:00:00+00:00,2024-02-04 19:00:00+00:00,1.5354314748027942,5.936924320222109,tp,bb:LTC
squeeze,XLM,2024-02-05 02:00:00+00:00,2024-02-05 10:00:00+00:00,-1.1425492673459627,-4.077491149918851,sl,squeeze:XLM
donchian,ICP,2024-02-03 00:00:00+00:00,2024-02-05 12:00:00+00:00,-1.0273078424773658,-5.465277721979587,sl,donchian:ICP
bb,LTC,2024-02-04 19:00:00+00:00,2024-02-06 19:00:00+00:00,1.2190401504382173,4.800514940387481,sure,bb:LTC
squeeze,XLM,2024-02-07 07:00:00+00:00,2024-02-07 18:00:00+00:00,-1.1722161211968822,-3.462716742842656,sl,squeeze:XLM
donchian,ADA,2024-02-07 04:00:00+00:00,2024-02-07 20:00:00+00:00,-1.051251390331656,-5.592657396564411,sl,donchian:ADA
donchian,ETH,2024-02-06 16:00:00+00:00,2024-02-09 12:00:00+00:00,2.4256779764437524,12.904606834680763,tp,donchian:ETH
donchian,BNB,2024-02-08 00:00:00+00:00,2024-02-09 12:00:00+00:00,2.4043622847198614,12.789506730804058,tp,donchian:BNB
squeeze,XLM,2024-02-09 01:00:00+00:00,2024-02-10 03:00:00+00:00,2.304893407220139,6.009827150797838,tp,squeeze:XLM
donchian,NEAR,2024-02-10 00:00:00+00:00,2024-02-10 08:00:00+00:00,-1.038020950426251,-5.522271456267655,sl,donchian:NEAR
donchian,BCH,2024-02-08 12:00:00+00:00,2024-02-11 00:00:00+00:00,2.404484995715972,12.79186017720897,tp,donchian:BCH
squeeze,DOGE,2024-02-09 02:00:00+00:00,2024-02-11 02:00:00+00:00,0.47584137912912083,1.4302903389411494,sure,squeeze:DOGE
donchian,ICP,2024-02-10 16:00:00+00:00,2024-02-12 08:00:00+00:00,-1.0351758223397098,-5.507135374847256,sl,donchian:ICP
bb,LTC,2024-02-11 03:00:00+00:00,2024-02-12 09:00:00+00:00,1.5687682761016923,8.12437784443288,tp,bb:LTC
donchian,ETH,2024-02-11 00:00:00+00:00,2024-02-13 00:00:00+00:00,2.423709406993431,12.894134045205053,tp,donchian:ETH
donchian,ADA,2024-02-08 04:00:00+00:00,2024-02-13 04:00:00+00:00,1.5908005585366252,8.463058971414846,sure,donchian:ADA
donchian,SOL,2024-02-08 12:00:00+00:00,2024-02-13 12:00:00+00:00,1.2252598293235115,6.518382292001081,sure,donchian:SOL
donchian,BCH,2024-02-11 00:00:00+00:00,2024-02-14 08:00:00+00:00,2.4495772516326175,13.031750978685524,tp,donchian:BCH
donchian,ICP,2024-02-14 08:00:00+00:00,2024-02-15 04:00:00+00:00,-1.0341339823754832,-5.50159278623757,sl,donchian:ICP
donchian,BNB,2024-02-14 08:00:00+00:00,2024-02-15 12:00:00+00:00,2.420970926634891,12.879565329697622,tp,donchian:BNB
donchian,NEAR,2024-02-11 08:00:00+00:00,2024-02-16 08:00:00+00:00,1.1829818295630457,6.293463333275403,sure,donchian:NEAR
donchian,SOL,2024-02-14 08:00:00+00:00,2024-02-16 12:00:00+00:00,-1.0363389965520091,-5.513323461656689,sl,donchian:SOL
squeeze,XLM,2024-02-16 02:00:00+00:00,2024-02-16 14:00:00+00:00,-1.1109172653085986,-5.0952517105586175,sl,squeeze:XLM
donchian,BNB,2024-02-15 12:00:00+00:00,2024-02-17 12:00:00+00:00,-1.0559948149978098,-5.617892415788348,sl,donchian:BNB
donchian,ADA,2024-02-14 08:00:00+00:00,2024-02-18 08:00:00+00:00,2.4587546484426612,13.080574729714957,tp,donchian:ADA
squeeze,DOGE,2024-02-17 13:00:00+00:00,2024-02-18 17:00:00+00:00,-1.1023498245756462,-5.4791780721888275,sl,squeeze:DOGE
donchian,ETH,2024-02-14 08:00:00+00:00,2024-02-19 08:00:00+00:00,1.641077942669959,8.730534655004183,sure,donchian:ETH
bb,LTC,2024-02-17 13:00:00+00:00,2024-02-19 13:00:00+00:00,1.0247507349209715,5.451673909779569,sure,bb:LTC
donchian,ADA,2024-02-18 08:00:00+00:00,2024-02-20 12:00:00+00:00,-1.0384855526787515,-5.524743140250958,sl,donchian:ADA
donchian,NEAR,2024-02-18 12:00:00+00:00,2024-02-20 12:00:00+00:00,-1.030138586701401,-5.480337281251454,sl,donchian:NEAR
donchian,ICP,2024-02-19 04:00:00+00:00,2024-02-20 12:00:00+00:00,-1.0297352609483603,-5.478191588245277,sl,donchian:ICP
donchian,ETH,2024-02-19 16:00:00+00:00,2024-02-24 16:00:00+00:00,0.5348055028225728,2.8451652750160874,sure,donchian:ETH
squeeze,XRP,2024-02-23 02:00:00+00:00,2024-02-24 17:00:00+00:00,-1.1031116766358113,-5.44245332833296,sl,squeeze:XRP
squeeze,TRX,2024-02-24 01:00:00+00:00,2024-02-26 01:00:00+00:00,-0.1518056884468916,-0.3016480545666144,sure,squeeze:TRX
donchian,SOL,2024-02-21 08:00:00+00:00,2024-02-26 08:00:00+00:00,0.2735082720626436,1.4550640073732641,sure,donchian:SOL
donchian,BNB,2024-02-21 12:00:00+00:00,2024-02-26 12:00:00+00:00,1.9291979442818676,10.263333063579537,sure,donchian:BNB
bb,LTC,2024-02-24 14:00:00+00:00,2024-02-26 14:00:00+00:00,-0.24937570933562986,-1.1949856232294687,sure,bb:LTC
donchian,BCH,2024-02-26 16:00:00+00:00,2024-02-27 00:00:00+00:00,2.442451422759118,12.993841569078509,tp,donchian:BCH
donchian,ICP,2024-02-23 00:00:00+00:00,2024-02-28 00:00:00+00:00,-0.4315239814131667,-2.295707581118047,sure,donchian:ICP
donchian,ETH,2024-02-25 16:00:00+00:00,2024-02-28 08:00:00+00:00,2.4420398416514826,12.991651957585887,tp,donchian:ETH
donchian,NEAR,2024-02-24 16:00:00+00:00,2024-02-28 16:00:00+00:00,-1.0253112514955827,-5.454655857956499,sl,donchian:NEAR
donchian,BCH,2024-02-27 00:00:00+00:00,2024-02-28 16:00:00+00:00,-1.0388455965476082,-5.526658573633275,sl,donchian:BCH
donchian,BCH,2024-02-29 04:00:00+00:00,2024-02-29 20:00:00+00:00,-1.025698272046398,-5.456714807286837,sl,donchian:BCH
donchian,ETH,2024-02-29 08:00:00+00:00,2024-02-29 20:00:00+00:00,-1.0370819113986616,-5.5172757686408795,sl,donchian:ETH
squeeze,TRX,2024-03-01 23:00:00+00:00,2024-03-02 01:00:00+00:00,-1.3270380783596456,-2.064277804589673,sl,squeeze:TRX
bb,LTC,2024-03-02 00:00:00+00:00,2024-03-02 03:00:00+00:00,-1.0432627622419823,-5.550157895127346,sl,bb:LTC
donchian,BNB,2024-02-26 12:00:00+00:00,2024-03-02 12:00:00+00:00,0.8613336204749747,4.582294860926866,sure,donchian:BNB
donchian,BCH,2024-03-02 00:00:00+00:00,2024-03-02 20:00:00+00:00,2.4781069853107094,13.183529161852974,tp,donchian:BCH
squeeze,TRX,2024-03-02 10:00:00+00:00,2024-03-02 23:00:00+00:00,-1.2846313507719191,-2.2960368987782056,sl,squeeze:TRX
donchian,NEAR,2024-03-02 12:00:00+00:00,2024-03-03 04:00:00+00:00,-1.0227096024952778,-5.440815085274878,sl,donchian:NEAR
donchian,BCH,2024-03-02 20:00:00+00:00,2024-03-04 00:00:00+00:00,-1.0186762263848044,-5.419357524367159,sl,donchian:BCH
donchian,ADA,2024-02-29 04:00:00+00:00,2024-03-04 08:00:00+00:00,2.4733491122401565,13.158217277117632,tp,donchian:ADA
donchian,SOL,2024-02-28 20:00:00+00:00,2024-03-04 20:00:00+00:00,1.7566163919372342,9.345199205106086,sure,donchian:SOL
squeeze,XRP,2024-03-04 08:00:00+00:00,2024-03-05 05:00:00+00:00,-1.0613541487380889,-5.646404071286633,sl,squeeze:XRP
donchian,NEAR,2024-03-04 00:00:00+00:00,2024-03-05 16:00:00+00:00,-1.0197776670108616,-5.425217188497784,sl,donchian:NEAR
donchian,ETH,2024-03-04 12:00:00+00:00,2024-03-05 16:00:00+00:00,-1.0489208493849294,-5.580258918727824,sl,donchian:ETH
donchian,ICP,2024-03-05 04:00:00+00:00,2024-03-05 16:00:00+00:00,-1.0219031002270422,-5.436524493207865,sl,donchian:ICP
donchian,SOL,2024-03-05 12:00:00+00:00,2024-03-05 16:00:00+00:00,-1.0252120989647937,-5.454128366492703,sl,donchian:SOL
squeeze,TRX,2024-03-05 15:00:00+00:00,2024-03-05 19:00:00+00:00,2.2356122502115583,4.301681310495449,tp,squeeze:TRX
donchian,NEAR,2024-03-06 12:00:00+00:00,2024-03-09 04:00:00+00:00,2.485339752501668,13.222007483308872,tp,donchian:NEAR
donchian,BNB,2024-03-07 08:00:00+00:00,2024-03-10 04:00:00+00:00,2.466342868501179,13.120944060426272,tp,donchian:BNB
squeeze,TRX,2024-03-10 13:00:00+00:00,2024-03-10 22:00:00+00:00,2.1038732891446568,2.701895402885188,tp,squeeze:TRX
donchian,NEAR,2024-03-09 04:00:00+00:00,2024-03-11 00:00:00+00:00,-1.017183376752228,-5.411415564321853,sl,donchian:NEAR
bb,LTC,2024-03-09 16:00:00+00:00,2024-03-11 00:00:00+00:00,1.613858162686974,8.585725425494703,tp,bb:LTC
squeeze,XRP,2024-03-10 14:00:00+00:00,2024-03-11 07:00:00+00:00,-1.095533592482798,-5.828238712008486,sl,squeeze:XRP
donchian,ETH,2024-03-06 08:00:00+00:00,2024-03-11 08:00:00+00:00,0.5753107212954532,3.0606530372918117,sure,donchian:ETH
donchian,SOL,2024-03-07 12:00:00+00:00,2024-03-12 12:00:00+00:00,0.28609705537158886,1.5220363345768528,sure,donchian:SOL
donchian,ETH,2024-03-11 08:00:00+00:00,2024-03-12 16:00:00+00:00,-1.040959598054553,-5.537905061650222,sl,donchian:ETH
donchian,NEAR,2024-03-11 00:00:00+00:00,2024-03-13 00:00:00+00:00,2.482578853886053,13.207319502673803,tp,donchian:NEAR
donchian,BNB,2024-03-10 04:00:00+00:00,2024-03-13 04:00:00+00:00,2.459878572797268,13.086554007281466,tp,donchian:BNB
donchian,NEAR,2024-03-13 00:00:00+00:00,2024-03-13 12:00:00+00:00,-1.0183748399005181,-5.417754148270757,sl,donchian:NEAR
squeeze,XLM,2024-03-13 06:00:00+00:00,2024-03-13 13:00:00+00:00,-1.0686245199570052,-5.685082446171268,sl,squeeze:XLM
donchian,ADA,2024-03-14 08:00:00+00:00,2024-03-14 12:00:00+00:00,-1.0296689917146378,-5.477839035921873,sl,donchian:ADA
donchian,SOL,2024-03-13 12:00:00+00:00,2024-03-15 00:00:00+00:00,2.4740915446100256,13.162167017325336,tp,donchian:SOL
donchian,NEAR,2024-03-14 20:00:00+00:00,2024-03-15 00:00:00+00:00,-1.0172344247628065,-5.41168713973813,sl,donchian:NEAR
squeeze,XLM,2024-03-14 13:00:00+00:00,2024-03-15 03:00:00+00:00,2.4419708210049387,12.991284767746274,tp,squeeze:XLM
donchian,BNB,2024-03-13 04:00:00+00:00,2024-03-16 00:00:00+00:00,2.467786002773195,13.128621534753398,tp,donchian:BNB
squeeze,XRP,2024-03-14 19:00:00+00:00,2024-03-16 19:00:00+00:00,1.5316538012293452,8.148398222540116,sure,squeeze:XRP
squeeze,DOGE,2024-03-16 13:00:00+00:00,2024-03-17 17:00:00+00:00,-1.038233472009439,-5.523402071090216,sl,squeeze:DOGE
squeeze,XRP,2024-03-18 11:00:00+00:00,2024-03-18 22:00:00+00:00,-1.0760339866235449,-5.724500808837259,sl,squeeze:XRP
squeeze,XLM,2024-03-18 13:00:00+00:00,2024-03-18 23:00:00+00:00,-1.0661265178219688,-5.671793074812874,sl,squeeze:XLM
donchian,SOL,2024-03-16 04:00:00+00:00,2024-03-19 08:00:00+00:00,-1.0189345425680276,-5.420731766461907,sl,donchian:SOL
donchian,ICP,2024-03-15 00:00:00+00:00,2024-03-20 00:00:00+00:00,1.6525722128446767,8.79168417233368,sure,donchian:ICP
donchian,ETH,2024-03-19 04:00:00+00:00,2024-03-21 08:00:00+00:00,-1.0279592723788529,-5.468743329055497,sl,donchian:ETH
donchian,ADA,2024-03-16 16:00:00+00:00,2024-03-21 16:00:00+00:00,0.5302612297785475,2.820989742421873,sure,donchian:ADA
squeeze,DOGE,2024-03-22 06:00:00+00:00,2024-03-22 12:00:00+00:00,-1.0347022855922277,-5.504616159350651,sl,squeeze:DOGE
donchian,ICP,2024-03-22 04:00:00+00:00,2024-03-25 00:00:00+00:00,2.4784376405852306,13.185288247913427,tp,donchian:ICP
bb,LTC,2024-03-24 05:00:00+00:00,2024-03-25 14:00:00+00:00,-1.0523840499235309,-5.598683145593185,sl,bb:LTC
donchian,ICP,2024-03-25 00:00:00+00:00,2024-03-26 12:00:00+00:00,2.4787682203864376,13.187046932455848,tp,donchian:ICP
donchian,ADA,2024-03-26 04:00:00+00:00,2024-03-27 08:00:00+00:00,-1.0399729015070036,-5.532655836017259,sl,donchian:ADA
donchian,BNB,2024-03-25 12:00:00+00:00,2024-03-27 12:00:00+00:00,-1.036841781462076,-5.515998277378245,sl,donchian:BNB
donchian,ETH,2024-03-25 16:00:00+00:00,2024-03-27 16:00:00+00:00,-1.038550288491264,-5.525087534773525,sl,donchian:ETH
donchian,BCH,2024-03-23 08:00:00+00:00,2024-03-28 04:00:00+00:00,2.4779853281142343,13.182881945567726,tp,donchian:BCH
donchian,NEAR,2024-03-25 12:00:00+00:00,2024-03-29 04:00:00+00:00,-1.0252232574917992,-5.454187729856372,sl,donchian:NEAR
squeeze,TRX,2024-03-29 07:00:00+00:00,2024-03-29 11:00:00+00:00,-1.3138082943192608,-2.129858058651563,sl,squeeze:TRX
squeeze,XLM,2024-03-29 08:00:00+00:00,2024-03-31 08:00:00+00:00,0.0026819692550200946,0.014268076436706903,sure,squeeze:XLM
donchian,BCH,2024-03-28 04:00:00+00:00,2024-03-31 20:00:00+00:00,2.476308615429196,13.173961834083324,tp,donchian:BCH
bb,LTC,2024-03-31 20:00:00+00:00,2024-04-01 01:00:00+00:00,-1.0579849639786254,-5.628480008366287,sl,bb:LTC
donchian,BNB,2024-03-29 04:00:00+00:00,2024-04-01 04:00:00+00:00,-1.0476619551520059,-5.573561601408672,sl,donchian:BNB
donchian,SOL,2024-03-31 16:00:00+00:00,2024-04-01 12:00:00+00:00,-1.0395798892428807,-5.530565010772126,sl,donchian:SOL
donchian,BCH,2024-03-31 20:00:00+00:00,2024-04-01 12:00:00+00:00,-1.0258086677707534,-5.457302112540408,sl,donchian:BCH
donchian,NEAR,2024-04-02 00:00:00+00:00,2024-04-03 08:00:00+00:00,-1.0238422734521915,-5.446840894765659,sl,donchian:NEAR
squeeze,DOGE,2024-04-03 18:00:00+00:00,2024-04-04 13:00:00+00:00,-1.0356224936341216,-5.509511666133527,sl,squeeze:DOGE
squeeze,XLM,2024-04-03 19:00:00+00:00,2024-04-04 13:00:00+00:00,-1.081682004274505,-5.754548262740367,sl,squeeze:XLM
squeeze,XRP,2024-04-03 20:00:00+00:00,2024-04-04 13:00:00+00:00,-1.0806164377701426,-5.748879448937158,sl,squeeze:XRP
donchian,ADA,2024-04-01 12:00:00+00:00,2024-04-06 12:00:00+00:00,0.899657310653395,4.786176892676061,sure,donchian:ADA
donchian,ETH,2024-04-01 12:00:00+00:00,2024-04-06 12:00:00+00:00,0.8384626181179236,4.460621128387353,sure,donchian:ETH
donchian,SOL,2024-04-05 08:00:00+00:00,2024-04-07 00:00:00+00:00,-1.0251790224422996,-5.453952399393034,sl,donchian:SOL
bb,LTC,2024-04-06 08:00:00+00:00,2024-04-07 01:00:00+00:00,-1.0489480275501477,-5.580403506566786,sl,bb:LTC
squeeze,XRP,2024-04-07 03:00:00+00:00,2024-04-08 13:00:00+00:00,2.3471309653010772,7.810896449202241,tp,squeeze:XRP
bb,LTC,2024-04-07 01:00:00+00:00,2024-04-09 01:00:00+00:00,0.47903346680934766,2.54845804342573,sure,bb:LTC
donchian,ETH,2024-04-08 08:00:00+00:00,2024-04-09 12:00:00+00:00,-1.0498937201580114,-5.58543459124062,sl,donchian:ETH
donchian,NEAR,2024-04-05 16:00:00+00:00,2024-04-10 12:00:00+00:00,-1.022310041903166,-5.438689422924844,sl,donchian:NEAR
squeeze,XLM,2024-04-12 03:00:00+00:00,2024-04-12 12:00:00+00:00,-1.1416233415286428,-4.100823551756792,sl,squeeze:XLM
donchian,ICP,2024-04-10 00:00:00+00:00,2024-04-12 16:00:00+00:00,2.470753569695453,13.144408990779809,tp,donchian:ICP
donchian,SOL,2024-04-10 12:00:00+00:00,2024-04-12 16:00:00+00:00,2.468092237922861,13.13025070574962,tp,donchian:SOL
donchian,BNB,2024-04-10 16:00:00+00:00,2024-04-12 16:00:00+00:00,-1.0541028690716068,-5.6078272634609485,sl,donchian:BNB
squeeze,DOGE,2024-04-10 16:00:00+00:00,2024-04-12 16:00:00+00:00,-0.5124587112267017,-2.726280343726053,sure,squeeze:DOGE
donchian,NEAR,2024-04-12 12:00:00+00:00,2024-04-12 16:00:00+00:00,2.474419208551908,13.16391018949615,tp,donchian:NEAR
squeeze,XRP,2024-04-12 13:00:00+00:00,2024-04-12 17:00:00+00:00,2.3876542403586494,10.811795721566122,tp,squeeze:XRP
donchian,SOL,2024-04-12 16:00:00+00:00,2024-04-13 20:00:00+00:00,2.477869082677036,13.18226351984183,tp,donchian:SOL
donchian,BNB,2024-04-13 16:00:00+00:00,2024-04-15 08:00:00+00:00,-1.0274649748617453,-5.4661136662644845,sl,donchian:BNB
squeeze,TRX,2024-04-16 15:00:00+00:00,2024-04-16 20:00:00+00:00,-1.1113657804398354,-5.076779908705481,sl,squeeze:TRX
donchian,ADA,2024-04-12 16:00:00+00:00,2024-04-17 16:00:00+00:00,0.8287548248207022,4.408975668046136,sure,donchian:ADA
donchian,BCH,2024-04-12 16:00:00+00:00,2024-04-17 16:00:00+00:00,1.2956238554937527,6.892718911226765,sure,donchian:BCH
donchian,ETH,2024-04-12 16:00:00+00:00,2024-04-17 16:00:00+00:00,1.132942853484347,6.027255980536727,sure,donchian:ETH
donchian,ICP,2024-04-12 16:00:00+00:00,2024-04-17 16:00:00+00:00,0.9763488456426844,5.194175858819081,sure,donchian:ICP
donchian,NEAR,2024-04-12 16:00:00+00:00,2024-04-17 16:00:00+00:00,0.17724277809462458,0.9429315794634028,sure,donchian:NEAR
squeeze,XRP,2024-04-17 14:00:00+00:00,2024-04-17 18:00:00+00:00,-1.065019797848172,-5.665905324552275,sl,squeeze:XRP
squeeze,DOGE,2024-04-16 14:00:00+00:00,2024-04-18 14:00:00+00:00,-0.049965307672741016,-0.2658154368189822,sure,squeeze:DOGE
bb,LTC,2024-04-20 06:00:00+00:00,2024-04-20 17:00:00+00:00,-1.056032975045035,-5.618095427239586,sl,bb:LTC
bb,LTC,2024-04-20 17:00:00+00:00,2024-04-22 17:00:00+00:00,-0.08328822760239865,-0.44309337084476086,sure,bb:LTC
donchian,ICP,2024-04-20 12:00:00+00:00,2024-04-24 12:00:00+00:00,-1.0219527005131213,-5.436788366729806,sl,donchian:ICP
donchian,NEAR,2024-04-21 20:00:00+00:00,2024-04-26 20:00:00+00:00,0.9869301090727154,5.2504681802668465,sure,donchian:NEAR
donchian,BNB,2024-04-22 00:00:00+00:00,2024-04-27 00:00:00+00:00,0.043407823090285756,0.23092961884032023,sure,donchian:BNB
squeeze,XLM,2024-04-26 21:00:00+00:00,2024-04-27 00:00:00+00:00,-1.1124743785910292,-5.031755101368997,sl,squeeze:XLM
squeeze,DOGE,2024-04-27 01:00:00+00:00,2024-04-27 17:00:00+00:00,-1.0638860657724605,-5.65987386990949,sl,squeeze:DOGE
squeeze,XLM,2024-04-27 07:00:00+00:00,2024-04-27 17:00:00+00:00,-1.1052724671484968,-5.341185127322612,sl,squeeze:XLM
donchian,ICP,2024-04-26 20:00:00+00:00,2024-04-28 04:00:00+00:00,-1.0294448855475122,-5.476646791112765,sl,donchian:ICP
squeeze,TRX,2024-04-28 09:00:00+00:00,2024-04-28 22:00:00+00:00,2.2301080424355026,4.2035773282235676,tp,squeeze:TRX
donchian,NEAR,2024-04-27 16:00:00+00:00,2024-04-29 00:00:00+00:00,-1.0202257832774688,-5.427601167036134,sl,donchian:NEAR
donchian,ETH,2024-04-28 00:00:00+00:00,2024-04-29 00:00:00+00:00,-1.0524461724045686,-5.5990136371923045,sl,donchian:ETH
squeeze,XRP,2024-04-27 06:00:00+00:00,2024-04-29 06:00:00+00:00,1.480640422558169,7.877007048009459,sure,squeeze:XRP
squeeze,DOGE,2024-04-28 23:00:00+00:00,2024-04-29 06:00:00+00:00,2.392998759316335,11.377235311057836,tp,squeeze:DOGE
donchian,BCH,2024-04-29 00:00:00+00:00,2024-05-01 04:00:00+00:00,2.460851894166171,13.091732076964028,tp,donchian:BCH
donchian,SOL,2024-04-26 20:00:00+00:00,2024-05-01 20:00:00+00:00,0.506804045139586,2.6961975201425976,sure,donchian:SOL
donchian,ADA,2024-04-27 00:00:00+00:00,2024-05-02 00:00:00+00:00,0.5298683027422888,2.8188993705889764,sure,donchian:ADA
donchian,BCH,2024-05-01 04:00:00+00:00,2024-05-03 00:00:00+00:00,-1.0287324026750344,-5.472856382231183,sl,donchian:BCH
donchian,NEAR,2024-04-30 08:00:00+00:00,2024-05-03 16:00:00+00:00,-1.020131035996032,-5.427097111498891,sl,donchian:NEAR
donchian,BNB,2024-04-30 08:00:00+00:00,2024-05-03 20:00:00+00:00,-1.0475187217210171,-5.572799599555811,sl,donchian:BNB
donchian,ETH,2024-04-30 08:00:00+00:00,2024-05-04 08:00:00+00:00,-1.0399651233194525,-5.532614456059487,sl,donchian:ETH
squeeze,XRP,2024-05-02 19:00:00+00:00,2024-05-04 19:00:00+00:00,0.9653100524476151,5.135449479021313,sure,squeeze:XRP
bb,LTC,2024-05-05 01:00:00+00:00,2024-05-06 07:00:00+00:00,1.584863925194317,8.431476082033766,tp,bb:LTC
squeeze,DOGE,2024-05-06 09:00:00+00:00,2024-05-06 10:00:00+00:00,-1.0649515617819327,-5.665542308679882,sl,squeeze:DOGE
donchian,SOL,2024-05-06 08:00:00+00:00,2024-05-08 04:00:00+00:00,-1.0361343116531723,-5.5122345379948765,sl,donchian:SOL
donchian,NEAR,2024-05-05 12:00:00+00:00,2024-05-08 12:00:00+00:00,-1.0292696690522964,-5.475714639358218,sl,donchian:NEAR
squeeze,DOGE,2024-05-07 20:00:00+00:00,2024-05-08 22:00:00+00:00,2.437405633264256,12.966997968965842,tp,squeeze:DOGE
squeeze,XRP,2024-05-10 13:00:00+00:00,2024-05-12 13:00:00+00:00,1.0911145343701438,3.9383200555880653,sure,squeeze:XRP
bb,LTC,2024-05-12 13:00:00+00:00,2024-05-13 02:00:00+00:00,1.5467014779297636,6.540776194244879,tp,bb:LTC
squeeze,XLM,2024-05-12 18:00:00+00:00,2024-05-13 02:00:00+00:00,2.292706395783713,5.626594537755951,tp,squeeze:XLM
squeeze,XRP,2024-05-12 18:00:00+00:00,2024-05-13 02:00:00+00:00,2.2839234682303644,5.377210365511573,tp,squeeze:XRP
donchian,ICP,2024-05-08 04:00:00+00:00,2024-05-13 04:00:00+00:00,0.46899989054458424,2.4950794176971884,sure,donchian:ICP
donchian,ADA,2024-05-13 00:00:00+00:00,2024-05-13 04:00:00+00:00,-1.0507461599461712,-5.589969570913631,sl,donchian:ADA
donchian,BCH,2024-05-10 12:00:00+00:00,2024-05-15 12:00:00+00:00,-1.0339938416752918,-5.500847237712553,sl,donchian:BCH
donchian,ETH,2024-05-10 12:00:00+00:00,2024-05-15 12:00:00+00:00,-0.6150282496515695,-3.2719502881463502,sure,donchian:ETH
squeeze,XLM,2024-05-14 20:00:00+00:00,2024-05-15 12:00:00+00:00,-1.1203905495142419,-4.734347376944416,sl,squeeze:XLM
donchian,BNB,2024-05-14 12:00:00+00:00,2024-05-15 16:00:00+00:00,-1.0616094561127138,-5.647762306519638,sl,donchian:BNB
donchian,ICP,2024-05-18 04:00:00+00:00,2024-05-19 16:00:00+00:00,-1.036327684123028,-5.513263279534509,sl,donchian:ICP
donchian,ADA,2024-05-17 04:00:00+00:00,2024-05-20 00:00:00+00:00,-1.0509719705826184,-5.5911708834995295,sl,donchian:ADA
donchian,SOL,2024-05-15 20:00:00+00:00,2024-05-20 08:00:00+00:00,2.4650227998546916,13.113921295226959,tp,donchian:SOL
donchian,NEAR,2024-05-15 12:00:00+00:00,2024-05-20 12:00:00+00:00,0.7443375167384746,3.9598755890486848,sure,donchian:NEAR
donchian,ETH,2024-05-17 12:00:00+00:00,2024-05-20 16:00:00+00:00,2.4434975157905545,12.99940678400575,tp,donchian:ETH
bb,LTC,2024-05-19 12:00:00+00:00,2024-05-20 19:00:00+00:00,1.5342449173754857,5.879313470803011,tp,bb:LTC
donchian,ETH,2024-05-20 16:00:00+00:00,2024-05-21 08:00:00+00:00,2.45145962827591,13.041765222427841,tp,donchian:ETH
donchian,SOL,2024-05-20 16:00:00+00:00,2024-05-21 12:00:00+00:00,-1.0353829394451068,-5.508237237847968,sl,donchian:SOL
donchian,ADA,2024-05-20 20:00:00+00:00,2024-05-22 04:00:00+00:00,-1.0474677753768151,-5.5725285650046565,sl,donchian:ADA
donchian,BCH,2024-05-18 00:00:00+00:00,2024-05-23 00:00:00+00:00,1.0805205654592802,5.748369408243371,sure,donchian:BCH
squeeze,XRP,2024-05-22 22:00:00+00:00,2024-05-23 13:00:00+00:00,-1.1005304443110246,-5.569132357059735,sl,squeeze:XRP
donchian,BNB,2024-05-20 20:00:00+00:00,2024-05-23 20:00:00+00:00,-1.0729625285387403,-5.708160651826098,sl,donchian:BNB
donchian,ETH,2024-05-21 08:00:00+00:00,2024-05-23 20:00:00+00:00,-1.0393458176191828,-5.529319749734052,sl,donchian:ETH
squeeze,XRP,2024-05-26 01:00:00+00:00,2024-05-26 09:00:00+00:00,-1.1759406808162423,-3.400182493740978,sl,squeeze:XRP
squeeze,XLM,2024-05-24 22:00:00+00:00,2024-05-26 21:00:00+00:00,-1.1105590024100018,-5.110114203146326,sl,squeeze:XLM
squeeze,DOGE,2024-05-25 16:00:00+00:00,2024-05-27 16:00:00+00:00,0.5767034649940946,3.0680624337685836,sure,squeeze:DOGE
bb,LTC,2024-05-26 15:00:00+00:00,2024-05-27 16:00:00+00:00,1.546589485999522,6.534219563766614,tp,bb:LTC
donchian,ETH,2024-05-27 12:00:00+00:00,2024-05-28 16:00:00+00:00,-1.0469576395788598,-5.569814642559534,sl,donchian:ETH
squeeze,DOGE,2024-05-30 07:00:00+00:00,2024-05-30 15:00:00+00:00,-1.066599889331068,-5.674311411241282,sl,squeeze:DOGE
squeeze,XLM,2024-05-29 16:00:00+00:00,2024-05-31 16:00:00+00:00,1.1215617343316862,5.080029646840151,sure,squeeze:XLM
squeeze,XRP,2024-05-29 21:00:00+00:00,2024-05-31 21:00:00+00:00,0.7389167074673338,2.8595555947388394,sure,squeeze:XRP
squeeze,XLM,2024-05-31 16:00:00+00:00,2024-06-01 05:00:00+00:00,-1.134190427953829,-4.299792721872232,sl,squeeze:XLM
donchian,BCH,2024-05-28 00:00:00+00:00,2024-06-02 00:00:00+00:00,0.21337438431861178,1.1351517245750147,sure,donchian:BCH
squeeze,XLM,2024-06-02 07:00:00+00:00,2024-06-02 14:00:00+00:00,-1.2567975302497991,-2.489760407564533,sl,squeeze:XLM
squeeze,XRP,2024-06-02 09:00:00+00:00,2024-06-02 14:00:00+00:00,-1.2385088978491627,-2.6416642931988017,sl,squeeze:XRP
bb,LTC,2024-06-02 07:00:00+00:00,2024-06-03 06:00:00+00:00,1.479727505803431,4.019673997611685,tp,bb:LTC
donchian,NEAR,2024-05-30 04:00:00+00:00,2024-06-04 04:00:00+00:00,0.44968512675346645,2.3923248743284415,sure,donchian:NEAR
donchian,ICP,2024-05-31 12:00:00+00:00,2024-06-04 12:00:00+00:00,-1.0430799044019203,-5.549185091418217,sl,donchian:ICP
donchian,BNB,2024-06-03 04:00:00+00:00,2024-06-04 12:00:00+00:00,2.423627904202959,12.893700450359743,tp,donchian:BNB
donchian,BNB,2024-06-04 12:00:00+00:00,2024-06-05 00:00:00+00:00,2.441859330681808,12.99069163922722,tp,donchian:BNB
squeeze,XRP,2024-06-04 14:00:00+00:00,2024-06-06 14:00:00+00:00,0.04214231759260234,0.14035452173086732,sure,squeeze:XRP
donchian,ETH,2024-06-05 16:00:00+00:00,2024-06-06 20:00:00+00:00,-1.0715298054207418,-5.700538564838347,sl,donchian:ETH
donchian,BCH,2024-06-05 00:00:00+00:00,2024-06-07 04:00:00+00:00,2.436946573172855,12.964555769279587,tp,donchian:BCH
squeeze,XRP,2024-06-06 20:00:00+00:00,2024-06-07 10:00:00+00:00,-1.174965001357905,-3.416306493737689,sl,squeeze:XRP
donchian,BNB,2024-06-05 00:00:00+00:00,2024-06-07 16:00:00+00:00,-1.049366720348143,-5.582630952252121,sl,donchian:BNB
donchian,BCH,2024-06-07 04:00:00+00:00,2024-06-07 16:00:00+00:00,-1.0504779004008467,-5.588542430132504,sl,donchian:BCH
donchian,ADA,2024-06-07 08:00:00+00:00,2024-06-07 16:00:00+00:00,-1.0619993035629554,-5.649836294954922,sl,donchian:ADA
donchian,ICP,2024-06-07 08:00:00+00:00,2024-06-07 16:00:00+00:00,-1.0495900853459452,-5.583819254040429,sl,donchian:ICP
squeeze,DOGE,2024-06-07 17:00:00+00:00,2024-06-07 18:00:00+00:00,2.405509466030636,12.797310359282985,tp,squeeze:DOGE
squeeze,XRP,2024-06-10 15:00:00+00:00,2024-06-10 18:00:00+00:00,-1.1561360539182481,-3.766941070109941,sl,squeeze:XRP
donchian,ETH,2024-06-11 04:00:00+00:00,2024-06-12 12:00:00+00:00,-1.067356074661891,-5.67833431720126,sl,donchian:ETH
donchian,ADA,2024-06-11 12:00:00+00:00,2024-06-12 12:00:00+00:00,-1.0420505225482062,-5.543708779956457,sl,donchian:ADA
donchian,SOL,2024-06-11 12:00:00+00:00,2024-06-12 12:00:00+00:00,-1.0375415723345889,-5.519721164820013,sl,donchian:SOL
donchian,ICP,2024-06-07 16:00:00+00:00,2024-06-12 16:00:00+00:00,1.6294177141871609,8.668502239475696,sure,donchian:ICP
donchian,NEAR,2024-06-07 16:00:00+00:00,2024-06-12 16:00:00+00:00,0.9114641579935211,4.848989320525533,sure,donchian:NEAR
squeeze,XLM,2024-06-13 23:00:00+00:00,2024-06-14 05:00:00+00:00,-1.1204212741125341,-4.7332692406182515,sl,squeeze:XLM
donchian,ETH,2024-06-14 16:00:00+00:00,2024-06-14 20:00:00+00:00,-1.0516628580090057,-5.59484640460791,sl,donchian:ETH
donchian,BNB,2024-06-10 20:00:00+00:00,2024-06-15 20:00:00+00:00,0.5930794756272694,3.1551828103370734,sure,donchian:BNB
donchian,BCH,2024-06-11 08:00:00+00:00,2024-06-16 08:00:00+00:00,0.9647910806084583,5.132688548836998,sure,donchian:BCH
squeeze,TRX,2024-06-14 08:00:00+00:00,2024-06-16 08:00:00+00:00,0.7827052960368848,1.6773475674394263,sure,squeeze:TRX
donchian,SOL,2024-06-14 12:00:00+00:00,2024-06-17 00:00:00+00:00,-1.0333904820714777,-5.497637364620261,sl,donchian:SOL
bb,LTC,2024-06-16 02:00:00+00:00,2024-06-17 06:00:00+00:00,1.546795837009872,6.546309983019792,tp,bb:LTC
squeeze,XLM,2024-06-16 21:00:00+00:00,2024-06-17 06:00:00+00:00,-1.1924529478645773,-3.1520983837009973,sl,squeeze:XLM
donchian,ICP,2024-06-13 12:00:00+00:00,2024-06-18 00:00:00+00:00,2.47603449140275,13.17250349426263,tp,donchian:ICP
donchian,NEAR,2024-06-14 12:00:00+00:00,2024-06-18 00:00:00+00:00,2.473135421056927,13.157080440022852,tp,donchian:NEAR
donchian,NEAR,2024-06-18 00:00:00+00:00,2024-06-20 04:00:00+00:00,-1.02080709762436,-5.430693759361595,sl,donchian:NEAR
donchian,ADA,2024-06-18 00:00:00+00:00,2024-06-23 00:00:00+00:00,-0.49421068914672467,-2.6292008662605753,sure,donchian:ADA
donchian,BCH,2024-06-18 00:00:00+00:00,2024-06-23 00:00:00+00:00,-0.15251467226397045,-0.8113780564443228,sure,donchian:BCH
donchian,ICP,2024-06-18 00:00:00+00:00,2024-06-23 00:00:00+00:00,-0.26604172578513496,-1.4153419811769181,sure,donchian:ICP
donchian,SOL,2024-06-18 00:00:00+00:00,2024-06-23 00:00:00+00:00,0.062205404410367406,0.3309327514631546,sure,donchian:SOL
bb,LTC,2024-06-22 19:00:00+00:00,2024-06-24 01:00:00+00:00,1.537267803420352,6.028160964767977,tp,bb:LTC
donchian,SOL,2024-06-24 00:00:00+00:00,2024-06-24 20:00:00+00:00,-1.0387472689304895,-5.526135470710204,sl,donchian:SOL
donchian,BCH,2024-06-24 04:00:00+00:00,2024-06-25 00:00:00+00:00,-1.0419774518311455,-5.543320043741694,sl,donchian:BCH
donchian,ETH,2024-06-24 08:00:00+00:00,2024-06-25 16:00:00+00:00,-1.0545468579388997,-5.610189284234947,sl,donchian:ETH
squeeze,XRP,2024-06-26 10:00:00+00:00,2024-06-27 14:00:00+00:00,-1.1488632523250628,-3.9261231291846066,sl,squeeze:XRP
donchian,SOL,2024-06-27 12:00:00+00:00,2024-06-28 16:00:00+00:00,-1.0332647375699224,-5.496968403871987,sl,donchian:SOL
bb,LTC,2024-06-29 08:00:00+00:00,2024-06-29 19:00:00+00:00,-1.0958881631332322,-5.814124367106079,sl,bb:LTC
donchian,NEAR,2024-06-28 16:00:00+00:00,2024-06-30 16:00:00+00:00,-1.0300029160716808,-5.479615513501342,sl,donchian:NEAR
donchian,ETH,2024-07-01 00:00:00+00:00,2024-07-02 12:00:00+00:00,-1.0758765012816172,-5.723662986818203,sl,donchian:ETH
squeeze,XLM,2024-07-02 05:00:00+00:00,2024-07-03 03:00:00+00:00,-1.1569238049851218,-3.7505849590305633,sl,squeeze:XLM
donchian,SOL,2024-07-02 16:00:00+00:00,2024-07-03 08:00:00+00:00,-1.0395134814273912,-5.530211721193721,sl,donchian:SOL
donchian,ADA,2024-07-02 08:00:00+00:00,2024-07-03 16:00:00+00:00,-1.0541878809514393,-5.608279526661657,sl,donchian:ADA
donchian,ICP,2024-07-03 00:00:00+00:00,2024-07-04 00:00:00+00:00,2.458352521132566,13.078435412425252,tp,donchian:ICP
donchian,BNB,2024-07-03 08:00:00+00:00,2024-07-04 00:00:00+00:00,2.424564289675596,12.89868202107417,tp,donchian:BNB
squeeze,TRX,2024-07-02 18:00:00+00:00,2024-07-04 01:00:00+00:00,-1.2841827475111747,-2.298858301389216,sl,squeeze:TRX
donchian,ETH,2024-07-03 08:00:00+00:00,2024-07-04 12:00:00+00:00,2.430093913195567,12.928099618200417,tp,donchian:ETH
donchian,BCH,2024-07-04 00:00:00+00:00,2024-07-05 00:00:00+00:00,2.458410802768724,13.078745470729613,tp,donchian:BCH
donchian,BNB,2024-07-04 00:00:00+00:00,2024-07-05 00:00:00+00:00,2.443885788907464,13.001472396987708,tp,donchian:BNB
donchian,ICP,2024-07-04 00:00:00+00:00,2024-07-05 00:00:00+00:00,2.468454333765589,13.132177055632933,tp,donchian:ICP
donchian,ICP,2024-07-05 00:00:00+00:00,2024-07-05 08:00:00+00:00,-1.0207838175200603,-5.430569909206722,sl,donchian:ICP
donchian,BCH,2024-07-05 00:00:00+00:00,2024-07-05 12:00:00+00:00,-1.0264807290036735,-5.460877478299543,sl,donchian:BCH
donchian,BNB,2024-07-05 00:00:00+00:00,2024-07-05 12:00:00+00:00,-1.032424153326338,-5.492496495696119,sl,donchian:BNB
donchian,SOL,2024-07-04 20:00:00+00:00,2024-07-06 00:00:00+00:00,-1.0258658135171113,-5.457606127911032,sl,donchian:SOL
bb,LTC,2024-07-06 15:00:00+00:00,2024-07-08 00:00:00+00:00,1.6164357248352133,8.599438056123335,tp,bb:LTC
donchian,ADA,2024-07-04 20:00:00+00:00,2024-07-09 20:00:00+00:00,-0.6634749723222624,-3.529686852754436,sure,donchian:ADA
donchian,ETH,2024-07-04 20:00:00+00:00,2024-07-09 20:00:00+00:00,-0.09221624815910093,-0.4905904402064169,sure,donchian:ETH
donchian,NEAR,2024-07-04 20:00:00+00:00,2024-07-09 20:00:00+00:00,0.24874354014638408,1.3233156335787633,sure,donchian:NEAR
donchian,BCH,2024-07-14 04:00:00+00:00,2024-07-14 12:00:00+00:00,-1.042009149745288,-5.543488676644932,sl,donchian:BCH
bb,LTC,2024-07-13 05:00:00+00:00,2024-07-15 05:00:00+00:00,-0.3587964346954537,-1.9087970325798136,sure,bb:LTC
donchian,ICP,2024-07-13 16:00:00+00:00,2024-07-15 16:00:00+00:00,2.4702050777391205,13.14149101357212,tp,donchian:ICP
donchian,NEAR,2024-07-14 04:00:00+00:00,2024-07-16 04:00:00+00:00,2.4677381652061277,13.128367038896599,tp,donchian:NEAR
donchian,BCH,2024-07-15 20:00:00+00:00,2024-07-16 04:00:00+00:00,-1.0398364046205124,-5.531929672581126,sl,donchian:BCH
squeeze,XRP,2024-07-16 00:00:00+00:00,2024-07-16 06:00:00+00:00,-1.072165946568726,-5.703922835745622,sl,squeeze:XRP
donchian,SOL,2024-07-14 20:00:00+00:00,2024-07-16 16:00:00+00:00,2.4548066424425485,13.059571337794358,tp,donchian:SOL
donchian,ADA,2024-07-12 12:00:00+00:00,2024-07-17 12:00:00+00:00,2.45948124834079,13.084440241173002,tp,donchian:ADA
donchian,NEAR,2024-07-16 20:00:00+00:00,2024-07-18 16:00:00+00:00,-1.0328009738387753,-5.494501180822285,sl,donchian:NEAR
squeeze,DOGE,2024-07-18 15:00:00+00:00,2024-07-19 04:00:00+00:00,-1.0692271142368421,-5.68828824774,sl,squeeze:DOGE
donchian,ETH,2024-07-15 00:00:00+00:00,2024-07-20 00:00:00+00:00,1.6106963649420103,8.568904661491496,sure,donchian:ETH
donchian,BNB,2024-07-15 08:00:00+00:00,2024-07-20 08:00:00+00:00,1.8114051479343343,9.636675387010659,sure,donchian:BNB
squeeze,TRX,2024-07-20 12:00:00+00:00,2024-07-20 20:00:00+00:00,-1.3520673503651215,-1.9536900030667148,sl,squeeze:TRX
donchian,SOL,2024-07-16 16:00:00+00:00,2024-07-21 16:00:00+00:00,2.0541478712815997,10.92806667521811,sure,donchian:SOL
donchian,BNB,2024-07-21 12:00:00+00:00,2024-07-21 16:00:00+00:00,-1.0725375050550034,-5.705899526892618,sl,donchian:BNB
bb,LTC,2024-07-20 17:00:00+00:00,2024-07-21 18:00:00+00:00,1.5766593889501546,8.387827949214822,tp,bb:LTC
donchian,ICP,2024-07-17 04:00:00+00:00,2024-07-22 04:00:00+00:00,0.4586242987185668,2.4398812691827754,sure,donchian:ICP
bb,LTC,2024-07-21 18:00:00+00:00,2024-07-23 05:00:00+00:00,-1.0785027639146723,-5.737634704026056,sl,bb:LTC
donchian,SOL,2024-07-21 16:00:00+00:00,2024-07-25 00:00:00+00:00,-1.039899704868133,-5.532266429898468,sl,donchian:SOL
donchian,BNB,2024-07-25 00:00:00+00:00,2024-07-26 00:00:00+00:00,-1.0552273419896496,-5.613809459384936,sl,donchian:BNB
donchian,NEAR,2024-07-25 12:00:00+00:00,2024-07-26 12:00:00+00:00,-1.0265023721168967,-5.46099261966189,sl,donchian:NEAR
donchian,BCH,2024-07-23 16:00:00+00:00,2024-07-27 12:00:00+00:00,-1.032412796804024,-5.492436078997407,sl,donchian:BCH
donchian,ADA,2024-07-23 16:00:00+00:00,2024-07-27 16:00:00+00:00,-1.0378562366954684,-5.521395179219892,sl,donchian:ADA
squeeze,XLM,2024-07-26 04:00:00+00:00,2024-07-27 17:00:00+00:00,-1.08855266092419,-5.791100156116691,sl,squeeze:XLM
bb,LTC,2024-07-27 13:00:00+00:00,2024-07-27 20:00:00+00:00,1.5410358784968512,6.223704559148543,tp,bb:LTC
bb,LTC,2024-07-28 05:00:00+00:00,2024-07-29 03:00:00+00:00,1.58347068959249,8.424064068632047,tp,bb:LTC
donchian,ETH,2024-07-24 20:00:00+00:00,2024-07-29 20:00:00+00:00,0.09804679193782877,0.521608933109249,sure,donchian:ETH
donchian,SOL,2024-07-27 04:00:00+00:00,2024-07-30 16:00:00+00:00,-1.0355153170862468,-5.5089414868988325,sl,donchian:SOL
donchian,ICP,2024-07-29 20:00:00+00:00,2024-07-31 16:00:00+00:00,-1.0306634699759916,-5.483129660272276,sl,donchian:ICP
squeeze,DOGE,2024-07-30 17:00:00+00:00,2024-08-01 04:00:00+00:00,2.4185153864094238,12.866501855698134,tp,squeeze:DOGE
donchian,BCH,2024-07-28 16:00:00+00:00,2024-08-01 16:00:00+00:00,-1.0400051861765776,-5.532827590459393,sl,donchian:BCH
donchian,BNB,2024-08-01 12:00:00+00:00,2024-08-01 20:00:00+00:00,-1.0599727457854657,-5.639055007578678,sl,donchian:BNB
donchian,NEAR,2024-07-31 20:00:00+00:00,2024-08-03 16:00:00+00:00,2.4682801473950713,13.131250384141778,tp,donchian:NEAR
donchian,ADA,2024-08-01 12:00:00+00:00,2024-08-04 16:00:00+00:00,2.4615294987577614,13.09533693339129,tp,donchian:ADA
donchian,ETH,2024-08-02 12:00:00+00:00,2024-08-04 16:00:00+00:00,2.460848596970433,13.091714535882703,tp,donchian:ETH
donchian,BNB,2024-08-02 20:00:00+00:00,2024-08-04 16:00:00+00:00,2.4554407375140914,13.062944723574967,tp,donchian:BNB
donchian,SOL,2024-08-02 12:00:00+00:00,2024-08-05 00:00:00+00:00,2.4767675604062274,13.176403421361131,tp,donchian:SOL
donchian,ICP,2024-08-02 20:00:00+00:00,2024-08-05 00:00:00+00:00,2.476631064871637,13.17567726511711,tp,donchian:ICP
donchian,BCH,2024-08-03 12:00:00+00:00,2024-08-05 00:00:00+00:00,2.4748629103703585,13.166270683170309,tp,donchian:BCH
donchian,ETH,2024-08-04 16:00:00+00:00,2024-08-05 00:00:00+00:00,2.467901618029328,13.129236607916026,tp,donchian:ETH
donchian,NEAR,2024-08-03 16:00:00+00:00,2024-08-05 04:00:00+00:00,2.4795380060574237,13.191142192225495,tp,donchian:NEAR
donchian,BCH,2024-08-05 00:00:00+00:00,2024-08-06 00:00:00+00:00,-1.0167320566046696,-5.409014541136842,sl,donchian:BCH
donchian,BNB,2024-08-05 00:00:00+00:00,2024-08-06 00:00:00+00:00,-1.024021124659469,-5.447792383188376,sl,donchian:BNB
donchian,ETH,2024-08-05 00:00:00+00:00,2024-08-06 00:00:00+00:00,-1.0182353549818441,-5.4170120885034105,sl,donchian:ETH
donchian,SOL,2024-08-05 00:00:00+00:00,2024-08-06 00:00:00+00:00,-1.0155710206944448,-5.402837830094446,sl,donchian:SOL
donchian,ADA,2024-08-05 00:00:00+00:00,2024-08-06 04:00:00+00:00,-1.0205765738648298,-5.429467372960895,sl,donchian:ADA
donchian,ICP,2024-08-05 00:00:00+00:00,2024-08-06 12:00:00+00:00,-1.016684641692952,-5.408762293806505,sl,donchian:ICP
squeeze,TRX,2024-08-07 03:00:00+00:00,2024-08-09 03:00:00+00:00,1.5103385636118047,5.067810952975316,sure,squeeze:TRX
squeeze,DOGE,2024-08-10 22:00:00+00:00,2024-08-11 02:00:00+00:00,2.392811298893048,11.356448165323021,tp,squeeze:DOGE
squeeze,XLM,2024-08-11 02:00:00+00:00,2024-08-11 09:00:00+00:00,-1.1407863313763658,-4.122179481174263,sl,squeeze:XLM
squeeze,TRX,2024-08-09 20:00:00+00:00,2024-08-11 20:00:00+00:00,0.29331183785518866,0.6087467691342546,sure,squeeze:TRX
bb,LTC,2024-08-10 08:00:00+00:00,2024-08-12 08:00:00+00:00,0.25305779942478934,1.3462674929398792,sure,bb:LTC
squeeze,DOGE,2024-08-15 15:00:00+00:00,2024-08-15 17:00:00+00:00,-1.0875680289387633,-5.7858619139542204,sl,squeeze:DOGE
squeeze,XRP,2024-08-15 19:00:00+00:00,2024-08-16 03:00:00+00:00,-1.0921585801317464,-5.810283646300891,sl,squeeze:XRP
donchian,ADA,2024-08-15 16:00:00+00:00,2024-08-16 08:00:00+00:00,-1.0384500535691532,-5.524554284987896,sl,donchian:ADA
squeeze,XRP,2024-08-18 14:00:00+00:00,2024-08-18 23:00:00+00:00,-1.1441494692261687,-4.0378743109962105,sl,squeeze:XRP
bb,LTC,2024-08-17 11:00:00+00:00,2024-08-19 11:00:00+00:00,0.21697540613956107,1.154309160662465,sure,bb:LTC
donchian,SOL,2024-08-15 16:00:00+00:00,2024-08-20 16:00:00+00:00,-0.47920216104653296,-2.5493554967675554,sure,donchian:SOL
donchian,BNB,2024-08-17 16:00:00+00:00,2024-08-22 12:00:00+00:00,2.4451430682578046,13.00816112313152,tp,donchian:BNB
donchian,ICP,2024-08-21 16:00:00+00:00,2024-08-23 12:00:00+00:00,2.459804450413355,13.08615967619905,tp,donchian:ICP
donchian,NEAR,2024-08-23 00:00:00+00:00,2024-08-24 12:00:00+00:00,2.4620501273083284,13.098106677280308,tp,donchian:NEAR
donchian,BNB,2024-08-23 20:00:00+00:00,2024-08-25 04:00:00+00:00,-1.0563640436131942,-5.619856712022194,sl,donchian:BNB
donchian,ICP,2024-08-23 12:00:00+00:00,2024-08-26 12:00:00+00:00,-1.0398918897370224,-5.532224853400959,sl,donchian:ICP
donchian,ADA,2024-08-21 16:00:00+00:00,2024-08-26 16:00:00+00:00,-0.582467221042811,-3.0987256159477545,sure,donchian:ADA
donchian,BCH,2024-08-21 16:00:00+00:00,2024-08-26 16:00:00+00:00,-0.8679744271789548,-4.61762395259204,sure,donchian:BCH
donchian,NEAR,2024-08-24 12:00:00+00:00,2024-08-26 16:00:00+00:00,-1.0364116609994427,-5.513710036517035,sl,donchian:NEAR
donchian,SOL,2024-08-23 20:00:00+00:00,2024-08-27 20:00:00+00:00,-1.0451039300990028,-5.559952908126696,sl,donchian:SOL
squeeze,XRP,2024-08-26 07:00:00+00:00,2024-08-27 21:00:00+00:00,2.368463414339722,9.160162888611962,tp,squeeze:XRP
squeeze,DOGE,2024-08-26 13:00:00+00:00,2024-08-27 21:00:00+00:00,2.4127157984473238,12.835648047739763,tp,squeeze:DOGE
donchian,ETH,2024-08-27 20:00:00+00:00,2024-08-29 08:00:00+00:00,-1.041386962092151,-5.540178638330244,sl,donchian:ETH
squeeze,TRX,2024-08-27 22:00:00+00:00,2024-08-29 12:00:00+00:00,-1.0993775971302469,-5.6278364968623436,sl,squeeze:TRX
squeeze,XRP,2024-08-27 21:00:00+00:00,2024-08-29 21:00:00+00:00,0.7305190780016354,3.8863614949687006,sure,squeeze:XRP
donchian,BCH,2024-08-27 20:00:00+00:00,2024-09-01 20:00:00+00:00,0.7069211163157358,3.7608203387997143,sure,donchian:BCH
donchian,BNB,2024-08-27 20:00:00+00:00,2024-09-01 20:00:00+00:00,0.9781900668240795,5.203971155504103,sure,donchian:BNB
donchian,BCH,2024-09-01 20:00:00+00:00,2024-09-02 08:00:00+00:00,-1.0491632410204426,-5.581548442228755,sl,donchian:BCH
donchian,BNB,2024-09-02 04:00:00+00:00,2024-09-02 08:00:00+00:00,-1.0500749806460181,-5.586398897036816,sl,donchian:BNB
donchian,NEAR,2024-08-29 16:00:00+00:00,2024-09-03 16:00:00+00:00,1.0930645276229443,5.815103286954064,sure,donchian:NEAR
donchian,SOL,2024-08-29 16:00:00+00:00,2024-09-03 16:00:00+00:00,1.1446794114882441,6.089694469117459,sure,donchian:SOL
bb,LTC,2024-09-01 20:00:00+00:00,2024-09-03 20:00:00+00:00,-0.3923642796456868,-2.087377967715054,sure,bb:LTC
donchian,ADA,2024-08-30 12:00:00+00:00,2024-09-04 12:00:00+00:00,0.7252432679533035,3.858294185511575,sure,donchian:ADA
donchian,ICP,2024-08-30 12:00:00+00:00,2024-09-04 12:00:00+00:00,-0.3285603276581091,-1.7479409431411403,sure,donchian:ICP
donchian,ETH,2024-09-04 00:00:00+00:00,2024-09-04 16:00:00+00:00,-1.0400292070381438,-5.532955381442925,sl,donchian:ETH
donchian,BCH,2024-09-03 20:00:00+00:00,2024-09-08 20:00:00+00:00,0.27664620134426504,1.47175779115149,sure,donchian:BCH
donchian,BNB,2024-09-04 08:00:00+00:00,2024-09-09 08:00:00+00:00,-0.36275532868973953,-1.9298583486294145,sure,donchian:BNB
donchian,ICP,2024-09-09 20:00:00+00:00,2024-09-10 20:00:00+00:00,2.4567695735978323,13.070014131540468,tp,donchian:ICP
donchian,ICP,2024-09-10 20:00:00+00:00,2024-09-11 04:00:00+00:00,-1.0358913768148026,-5.5109421246547505,sl,donchian:ICP
donchian,ETH,2024-09-06 12:00:00+00:00,2024-09-11 12:00:00+00:00,-0.3544202157459198,-1.8855155477682934,sure,donchian:ETH
squeeze,XLM,2024-09-12 16:00:00+00:00,2024-09-14 16:00:00+00:00,1.5468217056479174,7.366713410032963,sure,squeeze:XLM
squeeze,XRP,2024-09-14 03:00:00+00:00,2024-09-14 21:00:00+00:00,2.384882607807498,10.539236352992036,tp,squeeze:XRP
donchian,BCH,2024-09-11 16:00:00+00:00,2024-09-15 12:00:00+00:00,-1.0460324023966374,-5.564892380750111,sl,donchian:BCH
donchian,ADA,2024-09-11 20:00:00+00:00,2024-09-15 20:00:00+00:00,-1.0458521675650403,-5.563933531446015,sl,donchian:ADA
donchian,NEAR,2024-09-12 08:00:00+00:00,2024-09-15 20:00:00+00:00,-1.0371388028306834,-5.517578431059236,sl,donchian:NEAR
squeeze,XLM,2024-09-14 18:00:00+00:00,2024-09-15 21:00:00+00:00,-1.153040346487883,-3.8328484202269277,sl,squeeze:XLM
donchian,BNB,2024-09-11 16:00:00+00:00,2024-09-16 16:00:00+00:00,-0.15034122883888573,-0.799815337422872,sure,donchian:BNB
donchian,SOL,2024-09-18 12:00:00+00:00,2024-09-18 16:00:00+00:00,-1.0482587317933285,-5.576736453140508,sl,donchian:SOL
donchian,ICP,2024-09-18 08:00:00+00:00,2024-09-18 20:00:00+00:00,-1.0367795108047484,-5.5156669974812615,sl,donchian:ICP
donchian,BCH,2024-09-18 12:00:00+00:00,2024-09-18 20:00:00+00:00,-1.056275958246566,-5.619388097871731,sl,donchian:BCH
bb,LTC,2024-09-21 14:00:00+00:00,2024-09-22 05:00:00+00:00,-1.1051304963623902,-5.347710999327942,sl,bb:LTC
donchian,BNB,2024-09-19 12:00:00+00:00,2024-09-23 16:00:00+00:00,2.4388313939321367,12.974583015718968,tp,donchian:BNB
donchian,NEAR,2024-09-19 00:00:00+00:00,2024-09-23 20:00:00+00:00,2.4718116984706295,13.150038235863748,tp,donchian:NEAR
donchian,BCH,2024-09-19 00:00:00+00:00,2024-09-24 00:00:00+00:00,-0.26827156980824046,-1.4272047513798394,sure,donchian:BCH
donchian,SOL,2024-09-19 12:00:00+00:00,2024-09-24 12:00:00+00:00,0.4104843298941287,2.183776635036765,sure,donchian:SOL
bb,LTC,2024-09-22 23:00:00+00:00,2024-09-24 23:00:00+00:00,1.045339698463487,5.561207195825752,sure,bb:LTC
donchian,ETH,2024-09-20 00:00:00+00:00,2024-09-25 00:00:00+00:00,1.332840256708578,7.090710165689635,sure,donchian:ETH
donchian,BNB,2024-09-23 16:00:00+00:00,2024-09-25 04:00:00+00:00,-1.0597779776843625,-5.638018841280809,sl,donchian:BNB
donchian,BCH,2024-09-25 00:00:00+00:00,2024-09-25 20:00:00+00:00,-1.0515822027499484,-5.594417318629726,sl,donchian:BCH
donchian,ADA,2024-09-24 04:00:00+00:00,2024-09-26 12:00:00+00:00,2.4498025464082205,13.032949546891734,tp,donchian:ADA
donchian,NEAR,2024-09-26 12:00:00+00:00,2024-09-27 00:00:00+00:00,-1.0272286021757064,-5.464856163574758,sl,donchian:NEAR
donchian,ICP,2024-09-24 04:00:00+00:00,2024-09-28 04:00:00+00:00,2.4656409861126853,13.117210046119485,tp,donchian:ICP
donchian,BCH,2024-09-27 00:00:00+00:00,2024-09-28 08:00:00+00:00,-1.0503375452067472,-5.587795740499895,sl,donchian:BCH
squeeze,XRP,2024-09-28 07:00:00+00:00,2024-09-28 08:00:00+00:00,-1.1172395995136912,-4.847915871601278,sl,squeeze:XRP
squeeze,XLM,2024-09-28 00:00:00+00:00,2024-09-29 15:00:00+00:00,2.368231658076289,9.14315709423109,tp,squeeze:XLM
donchian,SOL,2024-09-24 20:00:00+00:00,2024-09-29 20:00:00+00:00,0.8043467943433794,4.279124945906779,sure,donchian:SOL
donchian,ADA,2024-09-26 12:00:00+00:00,2024-09-30 00:00:00+00:00,-1.0471437075710375,-5.57080452427792,sl,donchian:ADA
donchian,ETH,2024-10-01 12:00:00+00:00,2024-10-03 12:00:00+00:00,2.4473056882229542,13.019666261346115,tp,donchian:ETH
bb,LTC,2024-10-05 15:00:00+00:00,2024-10-06 09:00:00+00:00,-1.1113704893445264,-5.0765867647645315,sl,bb:LTC
donchian,BCH,2024-10-01 12:00:00+00:00,2024-10-06 12:00:00+00:00,0.22285626444405177,1.1855953268423554,sure,donchian:BCH
donchian,BNB,2024-10-01 12:00:00+00:00,2024-10-06 12:00:00+00:00,-0.33670785222713395,-1.7912857738483525,sure,donchian:BNB
donchian,ADA,2024-10-01 16:00:00+00:00,2024-10-06 16:00:00+00:00,-0.0970117064412776,-0.5161022782675968,sure,donchian:ADA
donchian,ICP,2024-10-01 16:00:00+00:00,2024-10-06 16:00:00+00:00,-0.1070772861966294,-0.5696511625660685,sure,donchian:ICP
donchian,SOL,2024-10-02 16:00:00+00:00,2024-10-07 00:00:00+00:00,-1.0295286041516207,-5.477092174086622,sl,donchian:SOL
squeeze,TRX,2024-10-08 15:00:00+00:00,2024-10-08 20:00:00+00:00,2.224027204250036,4.099745543423757,tp,squeeze:TRX
donchian,BNB,2024-10-08 16:00:00+00:00,2024-10-09 20:00:00+00:00,-1.059892082149087,-5.638625877033142,sl,donchian:BNB
squeeze,XRP,2024-10-09 20:00:00+00:00,2024-10-10 12:00:00+00:00,-1.1272023300427532,-4.5080621177164355,sl,squeeze:XRP
squeeze,XLM,2024-10-08 18:00:00+00:00,2024-10-10 18:00:00+00:00,0.6956909739444403,3.188469810954665,sure,squeeze:XLM
bb,LTC,2024-10-12 08:00:00+00:00,2024-10-13 15:00:00+00:00,1.526101687898076,5.510116264659979,tp,bb:LTC
donchian,ICP,2024-10-14 16:00:00+00:00,2024-10-15 08:00:00+00:00,-1.0476694866464655,-5.5736016689591965,sl,donchian:ICP
donchian,ADA,2024-10-14 12:00:00+00:00,2024-10-15 12:00:00+00:00,-1.0531432594397525,-5.602722140219483,sl,donchian:ADA
donchian,SOL,2024-10-14 04:00:00+00:00,2024-10-17 16:00:00+00:00,-1.0547473539314276,-5.611255922915195,sl,donchian:SOL
donchian,ICP,2024-10-17 08:00:00+00:00,2024-10-18 12:00:00+00:00,-1.0384378089914135,-5.5244891438343195,sl,donchian:ICP
donchian,ETH,2024-10-14 04:00:00+00:00,2024-10-19 04:00:00+00:00,1.4948529197870777,7.9526175332672535,sure,donchian:ETH
squeeze,TRX,2024-10-17 20:00:00+00:00,2024-10-19 10:00:00+00:00,2.1153910776650946,2.798043060082988,tp,squeeze:TRX
donchian,BCH,2024-10-14 12:00:00+00:00,2024-10-19 12:00:00+00:00,0.5289957421199355,2.8142573480780566,sure,donchian:BCH
donchian,BNB,2024-10-14 12:00:00+00:00,2024-10-19 12:00:00+00:00,0.6131407889291454,3.261908997103053,sure,donchian:BNB
squeeze,XLM,2024-10-18 04:00:00+00:00,2024-10-20 04:00:00+00:00,0.49042099022668184,2.057498432101349,sure,squeeze:XLM
bb,LTC,2024-10-20 13:00:00+00:00,2024-10-21 09:00:00+00:00,1.584065689924425,8.427229470397942,tp,bb:LTC
squeeze,XRP,2024-10-20 16:00:00+00:00,2024-10-21 10:00:00+00:00,2.317254862025289,6.450762481280933,tp,squeeze:XRP
donchian,BNB,2024-10-21 04:00:00+00:00,2024-10-21 12:00:00+00:00,-1.1023428279257022,-5.479517876363451,sl,donchian:BNB
donchian,ETH,2024-10-20 12:00:00+00:00,2024-10-22 00:00:00+00:00,-1.0756235450770688,-5.722317259810006,sl,donchian:ETH
donchian,SOL,2024-10-19 20:00:00+00:00,2024-10-23 16:00:00+00:00,2.4456156723790174,13.010675377056375,tp,donchian:SOL
donchian,SOL,2024-10-23 16:00:00+00:00,2024-10-25 16:00:00+00:00,-1.0398500214906476,-5.532002114330246,sl,donchian:SOL
donchian,ICP,2024-10-25 08:00:00+00:00,2024-10-25 16:00:00+00:00,-1.0399759807798037,-5.532672217748556,sl,donchian:ICP
donchian,NEAR,2024-10-23 08:00:00+00:00,2024-10-25 20:00:00+00:00,2.4611542901999375,13.093340823863668,tp,donchian:NEAR
donchian,ETH,2024-10-23 16:00:00+00:00,2024-10-28 16:00:00+00:00,0.02089697795830718,0.1111719227381942,sure,donchian:ETH
donchian,ICP,2024-10-25 20:00:00+00:00,2024-10-29 00:00:00+00:00,-1.0284312073675597,-5.471254023195417,sl,donchian:ICP
donchian,NEAR,2024-10-25 20:00:00+00:00,2024-10-29 00:00:00+00:00,-1.0265244001582337,-5.461109808841803,sl,donchian:NEAR
donchian,ADA,2024-10-25 04:00:00+00:00,2024-10-29 16:00:00+00:00,-1.0441449860790617,-5.554851325940608,sl,donchian:ADA
donchian,SOL,2024-10-29 00:00:00+00:00,2024-10-30 12:00:00+00:00,-1.0430715218779518,-5.549140496390704,sl,donchian:SOL
donchian,BNB,2024-10-28 20:00:00+00:00,2024-10-31 04:00:00+00:00,-1.0858953320640214,-5.776963166580594,sl,donchian:BNB
donchian,BCH,2024-10-29 00:00:00+00:00,2024-10-31 12:00:00+00:00,-1.0438921312674037,-5.553506138342588,sl,donchian:BCH
donchian,ETH,2024-10-29 12:00:00+00:00,2024-10-31 12:00:00+00:00,-1.0584443881962737,-5.630924145204176,sl,donchian:ETH
squeeze,XRP,2024-10-31 07:00:00+00:00,2024-10-31 18:00:00+00:00,2.3243359738355704,6.731303182034071,tp,squeeze:XRP
donchian,NEAR,2024-11-01 04:00:00+00:00,2024-11-01 12:00:00+00:00,-1.0346319368913044,-5.50424190426174,sl,donchian:NEAR
bb,LTC,2024-11-02 13:00:00+00:00,2024-11-03 02:00:00+00:00,-1.0685178830803825,-5.684515137987636,sl,bb:LTC
squeeze,XRP,2024-11-03 02:00:00+00:00,2024-11-03 07:00:00+00:00,-1.1412349216366786,-4.110702429552741,sl,squeeze:XRP
squeeze,DOGE,2024-11-02 15:00:00+00:00,2024-11-03 14:00:00+00:00,2.4445177060041923,13.004834195942303,tp,squeeze:DOGE
bb,LTC,2024-11-03 02:00:00+00:00,2024-11-03 14:00:00+00:00,-1.0683002511354716,-5.683357336040709,sl,bb:LTC
donchian,BNB,2024-11-02 12:00:00+00:00,2024-11-06 00:00:00+00:00,-1.0718057589833627,-5.70200663779149,sl,donchian:BNB
donchian,NEAR,2024-11-02 20:00:00+00:00,2024-11-06 00:00:00+00:00,-1.0350414793085883,-5.50642066992169,sl,donchian:NEAR
donchian,ETH,2024-11-03 00:00:00+00:00,2024-11-06 00:00:00+00:00,-1.0534972012902148,-5.604605110863943,sl,donchian:ETH
donchian,ICP,2024-11-03 00:00:00+00:00,2024-11-06 00:00:00+00:00,-1.035224320106248,-5.5073933829652395,sl,donchian:ICP
donchian,BCH,2024-11-03 08:00:00+00:00,2024-11-06 00:00:00+00:00,-1.037908763988659,-5.521674624419666,sl,donchian:BCH
donchian,ADA,2024-11-07 00:00:00+00:00,2024-11-08 00:00:00+00:00,2.4622865377882626,13.099364381033556,tp,donchian:ADA
donchian,ETH,2024-11-06 16:00:00+00:00,2024-11-08 16:00:00+00:00,2.458344602828563,13.078393287047955,tp,donchian:ETH
donchian,ADA,2024-11-08 00:00:00+00:00,2024-11-09 20:00:00+00:00,2.4632901698775913,13.104703703748788,tp,donchian:ADA
donchian,ADA,2024-11-09 20:00:00+00:00,2024-11-10 04:00:00+00:00,2.4716947362591046,13.149415996898437,tp,donchian:ADA
donchian,SOL,2024-11-06 00:00:00+00:00,2024-11-10 12:00:00+00:00,2.4668963612568224,13.123888641886294,tp,donchian:SOL
donchian,SOL,2024-11-10 12:00:00+00:00,2024-11-10 20:00:00+00:00,-1.0353393172952483,-5.508005168010721,sl,donchian:SOL
donchian,NEAR,2024-11-09 20:00:00+00:00,2024-11-11 04:00:00+00:00,2.4720596257876237,13.151357209190158,tp,donchian:NEAR
donchian,BNB,2024-11-07 00:00:00+00:00,2024-11-11 20:00:00+00:00,2.4443135984669127,13.003748343843974,tp,donchian:BNB
donchian,ETH,2024-11-09 04:00:00+00:00,2024-11-11 20:00:00+00:00,2.4583683629819912,13.078519691064193,tp,donchian:ETH
donchian,BCH,2024-11-09 20:00:00+00:00,2024-11-11 20:00:00+00:00,2.466261375103776,13.120510515552088,tp,donchian:BCH
donchian,ICP,2024-11-08 16:00:00+00:00,2024-11-12 00:00:00+00:00,2.468626138642358,13.133091057577344,tp,donchian:ICP
donchian,BCH,2024-11-11 20:00:00+00:00,2024-11-12 08:00:00+00:00,-1.0241441727108387,-5.4484469988216615,sl,donchian:BCH
donchian,BNB,2024-11-11 20:00:00+00:00,2024-11-12 08:00:00+00:00,-1.0381396217731667,-5.522902787833247,sl,donchian:BNB
donchian,ICP,2024-11-12 00:00:00+00:00,2024-11-12 08:00:00+00:00,-1.0261636994547934,-5.4591908810995005,sl,donchian:ICP
donchian,NEAR,2024-11-12 00:00:00+00:00,2024-11-12 08:00:00+00:00,-1.0200512681304847,-5.426672746454179,sl,donchian:NEAR
donchian,ADA,2024-11-10 04:00:00+00:00,2024-11-13 00:00:00+00:00,-1.024141549910211,-5.4484330455223215,sl,donchian:ADA
donchian,SOL,2024-11-11 08:00:00+00:00,2024-11-13 00:00:00+00:00,-1.0299966818471216,-5.479582347426687,sl,donchian:SOL
donchian,ETH,2024-11-11 20:00:00+00:00,2024-11-13 00:00:00+00:00,-1.0362913184649065,-5.513069814233303,sl,donchian:ETH
squeeze,DOGE,2024-11-13 15:00:00+00:00,2024-11-13 20:00:00+00:00,-1.0168974108911482,-5.409894225940908,sl,squeeze:DOGE
bb,LTC,2024-11-16 05:00:00+00:00,2024-11-16 14:00:00+00:00,-1.0322868346943923,-5.491765960574167,sl,bb:LTC
donchian,ICP,2024-11-17 04:00:00+00:00,2024-11-17 20:00:00+00:00,-1.0202559008344498,-5.427761392439273,sl,donchian:ICP
squeeze,XLM,2024-11-18 01:00:00+00:00,2024-11-20 01:00:00+00:00,0.5064086746523794,2.6940941491506583,sure,squeeze:XLM
squeeze,XRP,2024-11-18 03:00:00+00:00,2024-11-20 03:00:00+00:00,-0.5641584365424132,-3.0013228824056384,sure,squeeze:XRP
donchian,NEAR,2024-11-16 00:00:00+00:00,2024-11-20 16:00:00+00:00,-1.0166488503448263,-5.408571883834476,sl,donchian:NEAR
donchian,ADA,2024-11-15 20:00:00+00:00,2024-11-20 20:00:00+00:00,1.1609114783625631,6.176049064888836,sure,donchian:ADA
donchian,BCH,2024-11-21 04:00:00+00:00,2024-11-21 12:00:00+00:00,-1.0216956349154593,-5.435420777750244,sl,donchian:BCH
donchian,SOL,2024-11-17 04:00:00+00:00,2024-11-22 04:00:00+00:00,1.4265314434801668,7.589147279314487,sure,donchian:SOL
squeeze,XLM,2024-11-21 22:00:00+00:00,2024-11-22 11:00:00+00:00,2.4725042594960653,13.153722660519067,tp,squeeze:XLM
donchian,ADA,2024-11-22 00:00:00+00:00,2024-11-23 00:00:00+00:00,2.4811438724793935,13.199685401590372,tp,donchian:ADA
bb,LTC,2024-11-23 00:00:00+00:00,2024-11-23 01:00:00+00:00,-1.0359577215403784,-5.511295078594813,sl,bb:LTC
bb,LTC,2024-11-23 01:00:00+00:00,2024-11-23 16:00:00+00:00,-1.0314612029268853,-5.487373599571029,sl,bb:LTC
donchian,ADA,2024-11-23 00:00:00+00:00,2024-11-24 12:00:00+00:00,-1.0179401740335678,-5.415441725858581,sl,donchian:ADA
donchian,BCH,2024-11-23 00:00:00+00:00,2024-11-24 12:00:00+00:00,-1.0202994860740715,-5.42799326591406,sl,donchian:BCH
donchian,BNB,2024-11-23 04:00:00+00:00,2024-11-24 12:00:00+00:00,-1.0448859600603932,-5.5587933075212925,sl,donchian:BNB
donchian,ICP,2024-11-22 12:00:00+00:00,2024-11-25 08:00:00+00:00,2.4767046970522952,13.17606898831821,tp,donchian:ICP
donchian,ICP,2024-11-25 08:00:00+00:00,2024-11-26 08:00:00+00:00,-1.0170229489602118,-5.410562088468327,sl,donchian:ICP
bb,LTC,2024-11-24 11:00:00+00:00,2024-11-26 11:00:00+00:00,-1.0247327059844298,-5.451577995837167,sl,bb:LTC
donchian,ETH,2024-11-21 12:00:00+00:00,2024-11-26 12:00:00+00:00,0.08261903149902826,0.4395332475748303,sure,donchian:ETH
donchian,NEAR,2024-11-23 04:00:00+00:00,2024-11-28 04:00:00+00:00,0.3340775514311509,1.777292573613723,sure,donchian:NEAR
squeeze,XLM,2024-11-27 08:00:00+00:00,2024-11-29 08:00:00+00:00,0.32776003627286504,1.743683392971642,sure,squeeze:XLM
bb,LTC,2024-12-01 15:00:00+00:00,2024-12-01 21:00:00+00:00,-1.0369661062095856,-5.516659685034996,sl,bb:LTC
squeeze,XRP,2024-12-01 19:00:00+00:00,2024-12-02 00:00:00+00:00,2.460895487497089,13.091963993484516,tp,squeeze:XRP
donchian,ETH,2024-11-27 12:00:00+00:00,2024-12-02 12:00:00+00:00,0.6523338310346888,3.4704159811045447,sure,donchian:ETH
donchian,NEAR,2024-12-02 20:00:00+00:00,2024-12-03 12:00:00+00:00,-1.0233280141455265,-5.444105035254202,sl,donchian:NEAR
donchian,BNB,2024-12-03 16:00:00+00:00,2024-12-04 00:00:00+00:00,2.462066421944686,13.098193364745729,tp,donchian:BNB
donchian,ICP,2024-12-01 12:00:00+00:00,2024-12-04 12:00:00+00:00,2.4734831911900783,13.158930577131216,tp,donchian:ICP
donchian,BNB,2024-12-04 00:00:00+00:00,2024-12-05 00:00:00+00:00,-1.031877552848505,-5.489588581154046,sl,donchian:BNB
donchian,ETH,2024-12-04 12:00:00+00:00,2024-12-05 20:00:00+00:00,-1.0441823164578683,-5.55504992355586,sl,donchian:ETH
squeeze,XRP,2024-12-06 02:00:00+00:00,2024-12-06 22:00:00+00:00,-1.0287618903037647,-5.473013256416029,sl,squeeze:XRP
squeeze,XLM,2024-12-06 02:00:00+00:00,2024-12-07 01:00:00+00:00,-1.0372131036049859,-5.5179737111785245,sl,squeeze:XLM
donchian,ADA,2024-12-02 12:00:00+00:00,2024-12-07 12:00:00+00:00,0.09528275737181044,0.5069042692180316,sure,donchian:ADA
donchian,BCH,2024-12-03 20:00:00+00:00,2024-12-08 20:00:00+00:00,0.7036088291815262,3.74319897124572,sure,donchian:BCH
squeeze,XRP,2024-12-07 16:00:00+00:00,2024-12-09 03:00:00+00:00,-1.0478213373502803,-5.574409514703491,sl,squeeze:XRP
bb,LTC,2024-12-07 17:00:00+00:00,2024-12-09 07:00:00+00:00,-1.0351385873091206,-5.506937284484521,sl,bb:LTC
donchian,NEAR,2024-12-05 12:00:00+00:00,2024-12-09 08:00:00+00:00,-1.021537845420937,-5.434581337639385,sl,donchian:NEAR
donchian,ETH,2024-12-06 12:00:00+00:00,2024-12-09 16:00:00+00:00,-1.0347844110948023,-5.505053067024348,sl,donchian:ETH
donchian,BCH,2024-12-10 12:00:00+00:00,2024-12-12 00:00:00+00:00,-1.0176101976152891,-5.413686251313338,sl,donchian:BCH
squeeze,XLM,2024-12-14 13:00:00+00:00,2024-12-15 11:00:00+00:00,-1.0505960409876602,-5.589170938054353,sl,squeeze:XLM
bb,LTC,2024-12-14 13:00:00+00:00,2024-12-16 13:00:00+00:00,-0.32845382107575327,-1.7473743281230074,sure,bb:LTC
donchian,ETH,2024-12-16 16:00:00+00:00,2024-12-17 20:00:00+00:00,-1.04729720772799,-5.571621145112907,sl,donchian:ETH
donchian,NEAR,2024-12-18 00:00:00+00:00,2024-12-19 16:00:00+00:00,2.4767711943486135,13.176422753934625,tp,donchian:NEAR
donchian,BCH,2024-12-18 16:00:00+00:00,2024-12-19 16:00:00+00:00,2.469768821118158,13.139170128348601,tp,donchian:BCH
donchian,ICP,2024-12-18 04:00:00+00:00,2024-12-20 08:00:00+00:00,2.4754434426867844,13.169359115093693,tp,donchian:ICP
donchian,ADA,2024-12-18 20:00:00+00:00,2024-12-20 08:00:00+00:00,2.477946539449921,13.182675589873579,tp,donchian:ADA
donchian,SOL,2024-12-18 20:00:00+00:00,2024-12-20 08:00:00+00:00,2.469170076615386,13.135984807593855,tp,donchian:SOL
donchian,ADA,2024-12-20 08:00:00+00:00,2024-12-20 12:00:00+00:00,-1.0135077984813914,-5.391861487921003,sl,donchian:ADA
donchian,ICP,2024-12-20 08:00:00+00:00,2024-12-20 12:00:00+00:00,-1.0132033317569658,-5.3902417249470576,sl,donchian:ICP
donchian,SOL,2024-12-20 08:00:00+00:00,2024-12-20 16:00:00+00:00,-1.0192111271281066,-5.422203196321527,sl,donchian:SOL
donchian,BCH,2024-12-19 16:00:00+00:00,2024-12-21 04:00:00+00:00,-1.0199320691242246,-5.426038607740875,sl,donchian:BCH
donchian,BNB,2024-12-19 16:00:00+00:00,2024-12-21 04:00:00+00:00,-1.0351606803643278,-5.507054819538224,sl,donchian:BNB
donchian,NEAR,2024-12-19 16:00:00+00:00,2024-12-23 20:00:00+00:00,-1.0163168001507,-5.4068053768017235,sl,donchian:NEAR
squeeze,XRP,2024-12-23 00:00:00+00:00,2024-12-23 21:00:00+00:00,-1.050355804523118,-5.587892880062988,sl,squeeze:XRP
donchian,ETH,2024-12-19 16:00:00+00:00,2024-12-24 16:00:00+00:00,-0.15671204883900888,-0.8337080998235273,sure,donchian:ETH
squeeze,XRP,2024-12-27 21:00:00+00:00,2024-12-28 22:00:00+00:00,-1.0631852968808009,-5.656145779405861,sl,squeeze:XRP
squeeze,XLM,2024-12-27 12:00:00+00:00,2024-12-29 12:00:00+00:00,0.8701410468401009,4.629150369189337,sure,squeeze:XLM
donchian,BNB,2024-12-28 12:00:00+00:00,2024-12-29 20:00:00+00:00,-1.0494369514303457,-5.583004581609439,sl,donchian:BNB
bb,LTC,2024-12-29 17:00:00+00:00,2024-12-31 13:00:00+00:00,1.6073978065439671,8.551356330813906,tp,bb:LTC
donchian,ADA,2024-12-30 12:00:00+00:00,2025-01-01 16:00:00+00:00,-1.0295336406623232,-5.47711896832356,sl,donchian:ADA
donchian,ICP,2024-12-30 12:00:00+00:00,2025-01-01 16:00:00+00:00,-1.0276427110295179,-5.467059222677035,sl,donchian:ICP
donchian,NEAR,2024-12-30 12:00:00+00:00,2025-01-01 20:00:00+00:00,-1.0312206536239206,-5.486093877279258,sl,donchian:NEAR
donchian,ADA,2025-01-02 08:00:00+00:00,2025-01-03 16:00:00+00:00,2.4681810462070204,13.130723165821347,tp,donchian:ADA
squeeze,DOGE,2025-01-03 12:00:00+00:00,2025-01-03 16:00:00+00:00,2.4196504808123174,12.872540557921528,tp,squeeze:DOGE
donchian,ICP,2025-01-03 00:00:00+00:00,2025-01-04 00:00:00+00:00,2.4650906203041987,13.114282100018336,tp,donchian:ICP
squeeze,XLM,2025-01-03 03:00:00+00:00,2025-01-05 03:00:00+00:00,-0.4009841443252961,-2.1332356478105754,sure,squeeze:XLM
donchian,SOL,2025-01-02 08:00:00+00:00,2025-01-07 08:00:00+00:00,0.5490379873232865,2.920882092559884,sure,donchian:SOL
donchian,ETH,2025-01-03 12:00:00+00:00,2025-01-07 12:00:00+00:00,-1.058240538546193,-5.629839665065747,sl,donchian:ETH
donchian,NEAR,2025-01-03 12:00:00+00:00,2025-01-07 12:00:00+00:00,-1.0381873557713326,-5.523156732703489,sl,donchian:NEAR
donchian,BNB,2025-01-06 12:00:00+00:00,2025-01-07 12:00:00+00:00,-1.0899525689093414,-5.798547666597696,sl,donchian:BNB
donchian,ADA,2025-01-07 08:00:00+00:00,2025-01-07 12:00:00+00:00,-1.0351792668977526,-5.507153699896044,sl,donchian:ADA
bb,LTC,2025-01-05 21:00:00+00:00,2025-01-07 14:00:00+00:00,1.6002834100832941,8.513507741643124,tp,bb:LTC
donchian,ADA,2025-01-08 16:00:00+00:00,2025-01-11 20:00:00+00:00,-1.0210245079032119,-5.431850382045087,sl,donchian:ADA
squeeze,TRX,2025-01-12 03:00:00+00:00,2025-01-12 10:00:00+00:00,2.2761984487513627,5.174043921414119,tp,squeeze:TRX
donchian,BCH,2025-01-08 04:00:00+00:00,2025-01-12 12:00:00+00:00,-1.0402873275518072,-5.534328582575615,sl,donchian:BCH
donchian,BNB,2025-01-07 16:00:00+00:00,2025-01-12 16:00:00+00:00,-0.07315089988143299,-0.38916278736922355,sure,donchian:BNB
bb,LTC,2025-01-11 22:00:00+00:00,2025-01-13 03:00:00+00:00,1.5958225056544177,8.489775730081503,tp,bb:LTC
donchian,ETH,2025-01-08 16:00:00+00:00,2025-01-13 12:00:00+00:00,2.4581268398921807,13.0772347882264,tp,donchian:ETH
donchian,NEAR,2025-01-08 16:00:00+00:00,2025-01-13 16:00:00+00:00,1.4311498661042323,7.6137172876745165,sure,donchian:NEAR
donchian,BNB,2025-01-13 08:00:00+00:00,2025-01-13 16:00:00+00:00,-1.064373129858495,-5.662465050847194,sl,donchian:BNB
donchian,BCH,2025-01-13 08:00:00+00:00,2025-01-13 20:00:00+00:00,-1.0326344896386703,-5.493615484877726,sl,donchian:BCH
donchian,ETH,2025-01-13 12:00:00+00:00,2025-01-14 08:00:00+00:00,-1.03729043388654,-5.5183851082763935,sl,donchian:ETH
donchian,SOL,2025-01-09 20:00:00+00:00,2025-01-14 20:00:00+00:00,-0.2783029657120389,-1.480571777588047,sure,donchian:SOL
donchian,ICP,2025-01-13 00:00:00+00:00,2025-01-15 12:00:00+00:00,-1.0284130862835867,-5.4711576190286815,sl,donchian:ICP
donchian,ETH,2025-01-15 20:00:00+00:00,2025-01-16 08:00:00+00:00,-1.0415182846413142,-5.540877274291792,sl,donchian:ETH
donchian,SOL,2025-01-15 16:00:00+00:00,2025-01-18 00:00:00+00:00,2.4631829743286007,13.104133423428156,tp,donchian:SOL
donchian,SOL,2025-01-18 04:00:00+00:00,2025-01-18 16:00:00+00:00,2.4700694160451113,13.140769293359993,tp,donchian:SOL
donchian,BNB,2025-01-15 12:00:00+00:00,2025-01-19 08:00:00+00:00,-1.0651617173896868,-5.666660336513134,sl,donchian:BNB
donchian,BCH,2025-01-16 16:00:00+00:00,2025-01-19 08:00:00+00:00,-1.0388077861706013,-5.526457422427599,sl,donchian:BCH
donchian,NEAR,2025-01-17 08:00:00+00:00,2025-01-19 08:00:00+00:00,-1.0300548706279715,-5.4798919117408085,sl,donchian:NEAR
squeeze,DOGE,2025-01-19 08:00:00+00:00,2025-01-19 15:00:00+00:00,-1.0380559774299907,-5.52245779992755,sl,squeeze:DOGE
donchian,ADA,2025-01-15 04:00:00+00:00,2025-01-19 20:00:00+00:00,-1.0265110987779387,-5.461039045498634,sl,donchian:ADA
donchian,SOL,2025-01-19 04:00:00+00:00,2025-01-19 20:00:00+00:00,-1.0210529958061376,-5.432001937688653,sl,donchian:SOL
bb,LTC,2025-01-19 04:00:00+00:00,2025-01-19 22:00:00+00:00,-1.029804953537452,-5.478562352819245,sl,bb:LTC
squeeze,XLM,2025-01-23 03:00:00+00:00,2025-01-23 16:00:00+00:00,-1.061292988270645,-5.646078697599831,sl,squeeze:XLM
bb,LTC,2025-01-26 23:00:00+00:00,2025-01-27 05:00:00+00:00,-1.05146663387356,-5.59380249220734,sl,bb:LTC
donchian,ICP,2025-01-22 16:00:00+00:00,2025-01-27 16:00:00+00:00,0.8096095756944875,4.307122942694674,sure,donchian:ICP
donchian,BCH,2025-01-27 04:00:00+00:00,2025-01-27 20:00:00+00:00,-1.0340411384915067,-5.501098856774816,sl,donchian:BCH
donchian,ETH,2025-01-27 04:00:00+00:00,2025-01-27 20:00:00+00:00,-1.039023719018287,-5.527606185177286,sl,donchian:ETH
donchian,BNB,2025-01-26 20:00:00+00:00,2025-01-28 00:00:00+00:00,-1.0843743800614642,-5.76887170192699,sl,donchian:BNB
donchian,ADA,2025-01-27 00:00:00+00:00,2025-01-30 12:00:00+00:00,-1.0327080052966824,-5.49400658817835,sl,donchian:ADA
donchian,NEAR,2025-01-26 20:00:00+00:00,2025-01-31 20:00:00+00:00,0.4555751484080691,2.4236597895309275,sure,donchian:NEAR
donchian,ETH,2025-01-31 12:00:00+00:00,2025-01-31 20:00:00+00:00,-1.043139536805321,-5.549502335804307,sl,donchian:ETH
bb,LTC,2025-02-01 08:00:00+00:00,2025-02-02 00:00:00+00:00,-1.0338458638789114,-5.500059995835809,sl,bb:LTC
donchian,BCH,2025-02-02 00:00:00+00:00,2025-02-02 20:00:00+00:00,2.4652133098944278,13.114934808638356,tp,donchian:BCH
donchian,SOL,2025-02-01 20:00:00+00:00,2025-02-03 00:00:00+00:00,2.4696458337107847,13.138515835341376,tp,donchian:SOL
donchian,NEAR,2025-02-02 00:00:00+00:00,2025-02-03 00:00:00+00:00,2.474518023105344,13.16443588292043,tp,donchian:NEAR
donchian,ADA,2025-02-02 16:00:00+00:00,2025-02-03 00:00:00+00:00,2.4766118427721793,13.175575003547994,tp,donchian:ADA
donchian,BNB,2025-02-02 16:00:00+00:00,2025-02-03 00:00:00+00:00,2.4477193931655936,13.02186717164096,tp,donchian:BNB
donchian,ETH,2025-02-02 16:00:00+00:00,2025-02-03 00:00:00+00:00,2.46668259105498,13.122751384412494,tp,donchian:ETH
donchian,ICP,2025-02-02 16:00:00+00:00,2025-02-03 00:00:00+00:00,2.479248952495439,13.189604427275736,tp,donchian:ICP
donchian,ADA,2025-02-03 00:00:00+00:00,2025-02-03 12:00:00+00:00,-1.0111445536168748,-5.379289025241774,sl,donchian:ADA
donchian,BNB,2025-02-03 00:00:00+00:00,2025-02-03 12:00:00+00:00,-1.0250945352774554,-5.453502927676063,sl,donchian:BNB
donchian,BCH,2025-02-03 00:00:00+00:00,2025-02-03 16:00:00+00:00,-1.014083160895468,-5.394922415963889,sl,donchian:BCH
donchian,ICP,2025-02-03 00:00:00+00:00,2025-02-03 16:00:00+00:00,-1.0120622648573794,-5.384171249041258,sl,donchian:ICP
donchian,NEAR,2025-02-03 00:00:00+00:00,2025-02-03 16:00:00+00:00,-1.0116981440008468,-5.382234126084505,sl,donchian:NEAR
donchian,ETH,2025-02-03 00:00:00+00:00,2025-02-03 20:00:00+00:00,-1.0160487977823778,-5.40537960420225,sl,donchian:ETH
bb,LTC,2025-02-09 03:00:00+00:00,2025-02-10 00:00:00+00:00,-1.0546417523491396,-5.6106941224974225,sl,bb:LTC
squeeze,XRP,2025-02-11 05:00:00+00:00,2025-02-11 13:00:00+00:00,-1.07110524437318,-5.698279900065318,sl,squeeze:XRP
donchian,BNB,2025-02-12 12:00:00+00:00,2025-02-17 12:00:00+00:00,0.32973395980350945,1.7541846661546703,sure,donchian:BNB
bb,LTC,2025-02-16 15:00:00+00:00,2025-02-17 16:00:00+00:00,-1.0363048542410682,-5.513141824562482,sl,bb:LTC
squeeze,DOGE,2025-02-16 17:00:00+00:00,2025-02-18 06:00:00+00:00,2.4167156163261527,12.856927078855133,tp,squeeze:DOGE
squeeze,XLM,2025-02-16 18:00:00+00:00,2025-02-18 06:00:00+00:00,2.4121593291864296,12.832687631271806,tp,squeeze:XLM
donchian,SOL,2025-02-17 04:00:00+00:00,2025-02-18 16:00:00+00:00,2.460061660693241,13.087528034888043,tp,donchian:SOL
donchian,ICP,2025-02-18 04:00:00+00:00,2025-02-20 12:00:00+00:00,-1.035542636688934,-5.509086827185129,sl,donchian:ICP
donchian,NEAR,2025-02-18 12:00:00+00:00,2025-02-20 12:00:00+00:00,-1.0242292186637294,-5.44889944329104,sl,donchian:NEAR
squeeze,XRP,2025-02-21 03:00:00+00:00,2025-02-21 13:00:00+00:00,-1.084789274196569,-5.771078938725747,sl,squeeze:XRP
squeeze,DOGE,2025-02-21 13:00:00+00:00,2025-02-21 14:00:00+00:00,-1.0942986475871597,-5.82166880516369,sl,squeeze:DOGE
donchian,BCH,2025-02-17 16:00:00+00:00,2025-02-22 16:00:00+00:00,-0.11423455095362423,-0.6077278110732809,sure,donchian:BCH
bb,LTC,2025-02-23 23:00:00+00:00,2025-02-24 03:00:00+00:00,1.611286669219218,8.57204508024624,tp,bb:LTC
donchian,ICP,2025-02-24 20:00:00+00:00,2025-02-27 08:00:00+00:00,-1.0310423913308506,-5.485145521880125,sl,donchian:ICP
donchian,ADA,2025-02-24 12:00:00+00:00,2025-02-28 00:00:00+00:00,2.4691366483249637,13.135806969088808,tp,donchian:ADA
donchian,SOL,2025-02-24 12:00:00+00:00,2025-02-28 00:00:00+00:00,2.4705446622165605,13.143297602992101,tp,donchian:SOL
donchian,BNB,2025-02-24 16:00:00+00:00,2025-02-28 00:00:00+00:00,2.449103298064131,13.029229545701178,tp,donchian:BNB
donchian,ETH,2025-02-24 20:00:00+00:00,2025-02-28 00:00:00+00:00,2.46780545128887,13.12872500085679,tp,donchian:ETH
donchian,BCH,2025-02-24 12:00:00+00:00,2025-02-28 04:00:00+00:00,2.4567383110083285,13.069847814564309,tp,donchian:BCH
donchian,SOL,2025-02-28 00:00:00+00:00,2025-02-28 12:00:00+00:00,-1.019502181772546,-5.423751607029945,sl,donchian:SOL
squeeze,XRP,2025-02-28 01:00:00+00:00,2025-03-01 01:00:00+00:00,-1.0420074748685446,-5.543479766300657,sl,squeeze:XRP
donchian,BNB,2025-02-28 00:00:00+00:00,2025-03-01 12:00:00+00:00,-1.0348758931537012,-5.5055397515776905,sl,donchian:BNB
donchian,NEAR,2025-02-25 00:00:00+00:00,2025-03-01 16:00:00+00:00,-1.0226836452918024,-5.440676992952389,sl,donchian:NEAR
donchian,ADA,2025-02-28 00:00:00+00:00,2025-03-01 20:00:00+00:00,-1.0198792520118602,-5.425757620703097,sl,donchian:ADA
bb,LTC,2025-03-01 13:00:00+00:00,2025-03-02 13:00:00+00:00,-1.034873159695195,-5.505525209578438,sl,bb:LTC
donchian,ETH,2025-02-28 00:00:00+00:00,2025-03-02 16:00:00+00:00,-1.022621265566249,-5.440345132812444,sl,donchian:ETH
donchian,ADA,2025-03-02 12:00:00+00:00,2025-03-02 16:00:00+00:00,2.479875827091693,13.192939400127807,tp,donchian:ADA
bb,LTC,2025-03-02 13:00:00+00:00,2025-03-02 16:00:00+00:00,1.6225363078075143,8.631893157535977,tp,bb:LTC
squeeze,DOGE,2025-03-02 16:00:00+00:00,2025-03-03 06:00:00+00:00,-1.0416222177421015,-5.54143019838798,sl,squeeze:DOGE
donchian,ADA,2025-03-02 16:00:00+00:00,2025-03-03 08:00:00+00:00,-1.0166933584103244,-5.408808666742926,sl,donchian:ADA
bb,LTC,2025-03-02 16:00:00+00:00,2025-03-03 14:00:00+00:00,1.6374866439387987,8.71142894575441,tp,bb:LTC
squeeze,TRX,2025-03-02 15:00:00+00:00,2025-03-03 18:00:00+00:00,-1.12667821057055,-4.524609008060523,sl,squeeze:TRX
donchian,BCH,2025-03-03 12:00:00+00:00,2025-03-03 20:00:00+00:00,-1.026048568509235,-5.4585783844691305,sl,donchian:BCH
donchian,NEAR,2025-03-04 12:00:00+00:00,2025-03-05 20:00:00+00:00,-1.017250374099783,-5.411771990210846,sl,donchian:NEAR
squeeze,XRP,2025-03-06 10:00:00+00:00,2025-03-06 17:00:00+00:00,-1.051473096061678,-5.593836871048127,sl,squeeze:XRP
bb,LTC,2025-03-08 04:00:00+00:00,2025-03-09 13:00:00+00:00,1.634769936050482,8.696976059788563,tp,bb:LTC
squeeze,DOGE,2025-03-09 08:00:00+00:00,2025-03-09 15:00:00+00:00,2.424871680210485,12.900317338719779,tp,squeeze:DOGE
squeeze,XRP,2025-03-09 11:00:00+00:00,2025-03-09 18:00:00+00:00,2.4357077749075957,12.957965362508409,tp,squeeze:XRP
donchian,BCH,2025-03-05 08:00:00+00:00,2025-03-10 08:00:00+00:00,-0.26661877388265,-1.418411877055698,sure,donchian:BCH
squeeze,XLM,2025-03-09 12:00:00+00:00,2025-03-10 09:00:00+00:00,-1.074085884963141,-5.71413690800391,sl,squeeze:XLM
donchian,BNB,2025-03-10 16:00:00+00:00,2025-03-11 08:00:00+00:00,-1.0367591156140954,-5.515558495066988,sl,donchian:BNB
squeeze,XLM,2025-03-10 16:00:00+00:00,2025-03-12 16:00:00+00:00,0.04555890059402438,0.24237335116020967,sure,squeeze:XLM
donchian,NEAR,2025-03-10 12:00:00+00:00,2025-03-14 08:00:00+00:00,-1.018348998546589,-5.417616672267854,sl,donchian:NEAR
donchian,ADA,2025-03-09 12:00:00+00:00,2025-03-14 12:00:00+00:00,0.18020058194148872,0.95866709592872,sure,donchian:ADA
donchian,SOL,2025-03-09 12:00:00+00:00,2025-03-14 12:00:00+00:00,-0.2162357054123147,-1.1503739527935144,sure,donchian:SOL
donchian,ICP,2025-03-09 16:00:00+00:00,2025-03-14 16:00:00+00:00,-0.5433586685101475,-2.8906681164739845,sure,donchian:ICP
squeeze,XRP,2025-03-13 23:00:00+00:00,2025-03-15 04:00:00+00:00,2.4506505671537457,13.037461017257927,tp,squeeze:XRP
donchian,ETH,2025-03-10 16:00:00+00:00,2025-03-15 16:00:00+00:00,-0.4410610771726831,-2.3464449305586745,sure,donchian:ETH
squeeze,DOGE,2025-03-15 13:00:00+00:00,2025-03-16 02:00:00+00:00,-1.0828981074469926,-5.761017931618,sl,squeeze:DOGE
donchian,BNB,2025-03-15 20:00:00+00:00,2025-03-16 08:00:00+00:00,-1.0518071794185422,-5.595614194506645,sl,donchian:BNB
bb,LTC,2025-03-15 09:00:00+00:00,2025-03-17 09:00:00+00:00,-0.18130987824068476,-0.9645685522404429,sure,bb:LTC
donchian,ADA,2025-03-18 12:00:00+00:00,2025-03-19 08:00:00+00:00,-1.034143498090242,-5.501643409840087,sl,donchian:ADA
squeeze,XLM,2025-03-18 23:00:00+00:00,2025-03-19 11:00:00+00:00,2.4269677664264937,12.911468517388947,tp,squeeze:XLM
donchian,BNB,2025-03-17 00:00:00+00:00,2025-03-22 00:00:00+00:00,0.13319463551465507,0.708595460937965,sure,donchian:BNB
squeeze,TRX,2025-03-20 18:00:00+00:00,2025-03-22 18:00:00+00:00,0.3318474585276855,1.5885667468874336,sure,squeeze:TRX
bb,LTC,2025-03-22 18:00:00+00:00,2025-03-24 10:00:00+00:00,-1.0915620295151554,-5.807109997020627,sl,bb:LTC
donchian,BCH,2025-03-21 20:00:00+00:00,2025-03-24 16:00:00+00:00,-1.044471369423452,-5.556587685332764,sl,donchian:BCH
squeeze,XLM,2025-03-26 05:00:00+00:00,2025-03-26 13:00:00+00:00,-1.0799956217968718,-5.7455767079593585,sl,squeeze:XLM
donchian,ADA,2025-03-25 08:00:00+00:00,2025-03-26 16:00:00+00:00,-1.0419663008377331,-5.543260720456741,sl,donchian:ADA
donchian,SOL,2025-03-25 12:00:00+00:00,2025-03-26 16:00:00+00:00,-1.0392680211586147,-5.52890587256383,sl,donchian:SOL
donchian,ICP,2025-03-25 08:00:00+00:00,2025-03-28 04:00:00+00:00,-1.049385870381777,-5.582732830431054,sl,donchian:ICP
donchian,NEAR,2025-03-24 04:00:00+00:00,2025-03-28 12:00:00+00:00,-1.0412704292744621,-5.539558683740139,sl,donchian:NEAR
squeeze,XRP,2025-03-28 04:00:00+00:00,2025-03-29 03:00:00+00:00,2.42032663627779,12.876137704997845,tp,squeeze:XRP
donchian,BCH,2025-03-28 04:00:00+00:00,2025-04-02 04:00:00+00:00,0.6591062050484374,3.506445010857687,sure,donchian:BCH
donchian,ETH,2025-03-28 04:00:00+00:00,2025-04-02 04:00:00+00:00,0.5951221465188091,3.1660498194800644,sure,donchian:ETH
donchian,NEAR,2025-03-28 16:00:00+00:00,2025-04-02 16:00:00+00:00,0.3152453804466263,1.677105423976052,sure,donchian:NEAR
donchian,SOL,2025-03-29 04:00:00+00:00,2025-04-02 20:00:00+00:00,-1.0356007815765074,-5.50939615798702,sl,donchian:SOL
donchian,BNB,2025-03-29 00:00:00+00:00,2025-04-03 00:00:00+00:00,0.6395382690862628,3.4023435915389184,sure,donchian:BNB
donchian,ADA,2025-03-29 04:00:00+00:00,2025-04-03 04:00:00+00:00,0.9427804794412514,5.015592150627458,sure,donchian:ADA
donchian,ICP,2025-03-29 04:00:00+00:00,2025-04-03 04:00:00+00:00,1.3233390792703807,7.040163901718425,sure,donchian:ICP
donchian,ADA,2025-04-03 12:00:00+00:00,2025-04-04 12:00:00+00:00,-1.02674256049869,-5.462270421853031,sl,donchian:ADA
bb,LTC,2025-04-05 12:00:00+00:00,2025-04-06 10:00:00+00:00,-1.0741972342856125,-5.714729286399459,sl,bb:LTC
donchian,SOL,2025-04-02 20:00:00+00:00,2025-04-07 04:00:00+00:00,2.475787731852507,13.171190733455338,tp,donchian:SOL
donchian,BNB,2025-04-06 16:00:00+00:00,2025-04-07 04:00:00+00:00,2.442704771281721,12.995189383218758,tp,donchian:BNB
donchian,BNB,2025-04-07 04:00:00+00:00,2025-04-07 12:00:00+00:00,-1.0391143697833642,-5.528088447247498,sl,donchian:BNB
donchian,SOL,2025-04-07 04:00:00+00:00,2025-04-07 12:00:00+00:00,-1.020622037304614,-5.429709238460547,sl,donchian:SOL
donchian,NEAR,2025-04-02 20:00:00+00:00,2025-04-07 20:00:00+00:00,1.5340260122450917,8.161018385143887,sure,donchian:NEAR
donchian,ETH,2025-04-06 16:00:00+00:00,2025-04-09 00:00:00+00:00,2.4670821750447747,13.124877171238202,tp,donchian:ETH
donchian,ADA,2025-04-06 16:00:00+00:00,2025-04-09 16:00:00+00:00,-1.0285548885953533,-5.47191200732728,sl,donchian:ADA
donchian,BCH,2025-04-06 16:00:00+00:00,2025-04-09 16:00:00+00:00,-1.0312618166901262,-5.486312864791471,sl,donchian:BCH
donchian,ICP,2025-04-06 16:00:00+00:00,2025-04-09 16:00:00+00:00,-1.031253020121598,-5.486266067046901,sl,donchian:ICP
donchian,NEAR,2025-04-08 16:00:00+00:00,2025-04-09 16:00:00+00:00,-1.0156927147417272,-5.4034852424259885,sl,donchian:NEAR
squeeze,XLM,2025-04-08 16:00:00+00:00,2025-04-09 17:00:00+00:00,-1.0427163385423113,-5.547250921045096,sl,squeeze:XLM
squeeze,DOGE,2025-04-08 17:00:00+00:00,2025-04-09 17:00:00+00:00,-1.0373202498103071,-5.518543728990834,sl,squeeze:DOGE
squeeze,XRP,2025-04-12 09:00:00+00:00,2025-04-12 13:00:00+00:00,2.4108253465209355,12.825590843491376,tp,squeeze:XRP
bb,LTC,2025-04-12 02:00:00+00:00,2025-04-12 14:00:00+00:00,1.605287849275567,8.540131358146017,tp,bb:LTC
donchian,BNB,2025-04-12 12:00:00+00:00,2025-04-13 16:00:00+00:00,-1.0631389266311504,-5.65589908967772,sl,donchian:BNB
donchian,BCH,2025-04-11 16:00:00+00:00,2025-04-14 00:00:00+00:00,2.4704819327555234,13.142963882259385,tp,donchian:BCH
squeeze,DOGE,2025-04-12 06:00:00+00:00,2025-04-14 06:00:00+00:00,0.3800631915736391,2.0219361791717603,sure,squeeze:DOGE
bb,LTC,2025-04-12 14:00:00+00:00,2025-04-14 14:00:00+00:00,-0.0742415147939351,-0.3949648587037348,sure,bb:LTC
donchian,SOL,2025-04-12 04:00:00+00:00,2025-04-17 04:00:00+00:00,1.1903969039949547,6.332911529253159,sure,donchian:SOL
squeeze,DOGE,2025-04-15 17:00:00+00:00,2025-04-17 17:00:00+00:00,-0.8983722849052973,-4.779340555696182,sure,squeeze:DOGE
squeeze,XRP,2025-04-17 23:00:00+00:00,2025-04-19 23:00:00+00:00,-0.563584543028947,-2.998269768913998,sure,squeeze:XRP
bb,LTC,2025-04-19 16:00:00+00:00,2025-04-20 19:00:00+00:00,1.5772559137112663,8.391001460943937,tp,bb:LTC
bb,LTC,2025-04-20 19:00:00+00:00,2025-04-21 00:00:00+00:00,-1.0873922274902128,-5.784926650247932,sl,bb:LTC
donchian,SOL,2025-04-19 00:00:00+00:00,2025-04-24 00:00:00+00:00,1.2932407675301227,6.8800408832602535,sure,donchian:SOL
donchian,BNB,2025-04-21 00:00:00+00:00,2025-04-24 08:00:00+00:00,-1.1166229184963288,-4.870860732489043,sl,donchian:BNB
donchian,ADA,2025-04-22 12:00:00+00:00,2025-04-24 12:00:00+00:00,2.456382113876044,13.067952845820555,tp,donchian:ADA
donchian,BCH,2025-04-21 16:00:00+00:00,2025-04-25 08:00:00+00:00,2.4508771400839544,13.038666385246637,tp,donchian:BCH
donchian,NEAR,2025-04-22 20:00:00+00:00,2025-04-26 00:00:00+00:00,2.4657392721853824,13.117732928026234,tp,donchian:NEAR
squeeze,DOGE,2025-04-26 01:00:00+00:00,2025-04-26 04:00:00+00:00,-1.055368822863145,-5.614562137631932,sl,squeeze:DOGE
donchian,BCH,2025-04-25 08:00:00+00:00,2025-04-26 08:00:00+00:00,-1.0343682821129143,-5.502839260840704,sl,donchian:BCH
donchian,SOL,2025-04-25 04:00:00+00:00,2025-04-26 12:00:00+00:00,-1.0395709777004762,-5.530517601366533,sl,donchian:SOL
donchian,NEAR,2025-04-26 00:00:00+00:00,2025-04-26 12:00:00+00:00,-1.0330364513660024,-5.495753921267133,sl,donchian:NEAR
donchian,ETH,2025-04-22 20:00:00+00:00,2025-04-27 20:00:00+00:00,0.3972542580936035,2.1133926530579705,sure,donchian:ETH
donchian,ICP,2025-04-22 20:00:00+00:00,2025-04-27 20:00:00+00:00,-0.3662796559448186,-1.948607769626435,sure,donchian:ICP
donchian,ADA,2025-04-24 12:00:00+00:00,2025-04-28 00:00:00+00:00,-1.0344634034306686,-5.503345306251156,sl,donchian:ADA
squeeze,XLM,2025-04-28 09:00:00+00:00,2025-04-28 15:00:00+00:00,-1.0701502681784583,-5.6931994267093975,sl,squeeze:XLM
bb,LTC,2025-04-27 05:00:00+00:00,2025-04-29 05:00:00+00:00,0.29096943483452714,1.5479573933196844,sure,bb:LTC
squeeze,XLM,2025-04-30 13:00:00+00:00,2025-04-30 15:00:00+00:00,-1.077231011759297,-5.73086898255946,sl,squeeze:XLM
donchian,ICP,2025-04-29 20:00:00+00:00,2025-05-04 20:00:00+00:00,1.1408116306575062,6.069117875097934,sure,donchian:ICP
donchian,BNB,2025-05-04 12:00:00+00:00,2025-05-05 08:00:00+00:00,-1.1289037925085756,-4.455272964957443,sl,donchian:BNB
bb,LTC,2025-05-03 10:00:00+00:00,2025-05-05 10:00:00+00:00,0.5718313849826242,3.042142968107561,sure,bb:LTC
squeeze,XRP,2025-05-04 17:00:00+00:00,2025-05-06 02:00:00+00:00,2.3671383940407353,9.063735688077973,tp,squeeze:XRP
squeeze,DOGE,2025-05-06 10:00:00+00:00,2025-05-06 18:00:00+00:00,-1.0823576245807442,-5.75814256276956,sl,squeeze:DOGE
donchian,ICP,2025-05-06 08:00:00+00:00,2025-05-07 00:00:00+00:00,-1.044348398331843,-5.555933479125405,sl,donchian:ICP
donchian,ADA,2025-05-05 08:00:00+00:00,2025-05-08 00:00:00+00:00,-1.035813625535826,-5.510528487850594,sl,donchian:ADA
donchian,NEAR,2025-05-04 12:00:00+00:00,2025-05-08 08:00:00+00:00,-1.0363159105054038,-5.513200643888749,sl,donchian:NEAR
donchian,ETH,2025-05-08 00:00:00+00:00,2025-05-08 12:00:00+00:00,2.4504044446967215,13.036151645786559,tp,donchian:ETH
donchian,ETH,2025-05-08 12:00:00+00:00,2025-05-09 04:00:00+00:00,2.456536637465094,13.0687749113143,tp,donchian:ETH
donchian,BNB,2025-05-08 00:00:00+00:00,2025-05-09 08:00:00+00:00,2.3962847179375437,11.753812156618183,tp,donchian:BNB
donchian,SOL,2025-05-08 08:00:00+00:00,2025-05-09 08:00:00+00:00,2.4498545091159083,13.033225988496634,tp,donchian:SOL
donchian,BNB,2025-05-09 08:00:00+00:00,2025-05-10 00:00:00+00:00,2.418430832802313,12.866052030508307,tp,donchian:BNB
donchian,ADA,2025-05-08 12:00:00+00:00,2025-05-10 16:00:00+00:00,2.4636795705543295,13.106775315349033,tp,donchian:ADA
donchian,ICP,2025-05-08 20:00:00+00:00,2025-05-10 20:00:00+00:00,2.45777809958268,13.07537948977986,tp,donchian:ICP
donchian,NEAR,2025-05-08 20:00:00+00:00,2025-05-10 20:00:00+00:00,2.4663838621770457,13.121162146781883,tp,donchian:NEAR
donchian,ADA,2025-05-10 20:00:00+00:00,2025-05-11 04:00:00+00:00,-1.0303405381046555,-5.481411662716767,sl,donchian:ADA
donchian,ICP,2025-05-10 20:00:00+00:00,2025-05-11 04:00:00+00:00,-1.0371363227378596,-5.517565236965413,sl,donchian:ICP
squeeze,XRP,2025-05-10 13:00:00+00:00,2025-05-11 07:00:00+00:00,-1.076223693917073,-5.725510051638829,sl,squeeze:XRP
donchian,NEAR,2025-05-10 20:00:00+00:00,2025-05-11 12:00:00+00:00,-1.028226746213125,-5.470166289853824,sl,donchian:NEAR
donchian,BCH,2025-05-08 00:00:00+00:00,2025-05-13 00:00:00+00:00,-0.808503610667949,-4.301239208753488,sure,donchian:BCH
donchian,ETH,2025-05-09 04:00:00+00:00,2025-05-13 16:00:00+00:00,2.466025767053015,13.11925708072204,tp,donchian:ETH
donchian,SOL,2025-05-09 08:00:00+00:00,2025-05-14 08:00:00+00:00,1.0326720839822383,5.493815486785508,sure,donchian:SOL
donchian,ETH,2025-05-13 16:00:00+00:00,2025-05-15 04:00:00+00:00,-1.0277369092826503,-5.467560357383699,sl,donchian:ETH
squeeze,XLM,2025-05-14 16:00:00+00:00,2025-05-16 16:00:00+00:00,0.6157621744464841,3.275854768055295,sure,squeeze:XLM
squeeze,DOGE,2025-05-15 10:00:00+00:00,2025-05-17 10:00:00+00:00,0.8570449401426197,4.559479081558736,sure,squeeze:DOGE
squeeze,XRP,2025-05-17 01:00:00+00:00,2025-05-18 07:00:00+00:00,-1.0690254884563255,-5.687215598587652,sl,squeeze:XRP
squeeze,XLM,2025-05-17 00:00:00+00:00,2025-05-18 15:00:00+00:00,-1.067827661661933,-5.6808431600414835,sl,squeeze:XLM
bb,LTC,2025-05-17 13:00:00+00:00,2025-05-19 13:00:00+00:00,-0.4319754756888678,-2.2981095306647767,sure,bb:LTC
donchian,ETH,2025-05-22 08:00:00+00:00,2025-05-23 12:00:00+00:00,-1.031281730785178,-5.486418807777148,sl,donchian:ETH
donchian,ICP,2025-05-22 20:00:00+00:00,2025-05-23 12:00:00+00:00,-1.0339257674120437,-5.500485082632072,sl,donchian:ICP
donchian,BNB,2025-05-21 16:00:00+00:00,2025-05-23 20:00:00+00:00,-1.06715288721429,-5.677253359980022,sl,donchian:BNB
donchian,ADA,2025-05-22 04:00:00+00:00,2025-05-23 20:00:00+00:00,-1.0344362786178922,-5.503201002247186,sl,donchian:ADA
donchian,NEAR,2025-05-22 08:00:00+00:00,2025-05-23 20:00:00+00:00,-1.0263820627722866,-5.460352573948565,sl,donchian:NEAR
squeeze,DOGE,2025-05-25 01:00:00+00:00,2025-05-26 00:00:00+00:00,-1.0747861449738993,-5.717862291261145,sl,squeeze:DOGE
donchian,BCH,2025-05-22 00:00:00+00:00,2025-05-27 00:00:00+00:00,-0.39527202536479655,-2.1028471749407176,sure,donchian:BCH
donchian,SOL,2025-05-22 00:00:00+00:00,2025-05-27 00:00:00+00:00,-0.3743599317629417,-1.9915948369788496,sure,donchian:SOL
donchian,ETH,2025-05-29 00:00:00+00:00,2025-05-29 12:00:00+00:00,-1.0430177138920647,-5.5488542379057835,sl,donchian:ETH
squeeze,TRX,2025-05-29 08:00:00+00:00,2025-05-29 22:00:00+00:00,-1.17581921833717,-3.402180020511041,sl,squeeze:TRX
donchian,SOL,2025-05-31 00:00:00+00:00,2025-06-03 00:00:00+00:00,-1.034389922346439,-5.502954386883056,sl,donchian:SOL
bb,LTC,2025-06-01 09:00:00+00:00,2025-06-03 00:00:00+00:00,1.5983444682513208,8.503192571097028,tp,bb:LTC
donchian,ICP,2025-05-30 12:00:00+00:00,2025-06-03 12:00:00+00:00,-1.0329054222944714,-5.495056846606587,sl,donchian:ICP
donchian,ADA,2025-05-29 16:00:00+00:00,2025-06-03 16:00:00+00:00,1.054367355523544,5.609234331385254,sure,donchian:ADA
donchian,NEAR,2025-05-30 16:00:00+00:00,2025-06-04 16:00:00+00:00,0.21239537812226594,1.1299434116104548,sure,donchian:NEAR
squeeze,DOGE,2025-06-05 16:00:00+00:00,2025-06-05 20:00:00+00:00,2.4373493967493127,12.966698790706344,tp,squeeze:DOGE
donchian,ETH,2025-06-05 20:00:00+00:00,2025-06-06 12:00:00+00:00,-1.0387305509916205,-5.526046531275421,sl,donchian:ETH
donchian,BCH,2025-06-05 20:00:00+00:00,2025-06-07 04:00:00+00:00,-1.0464914844353002,-5.567334697195797,sl,donchian:BCH
donchian,ADA,2025-06-05 16:00:00+00:00,2025-06-08 12:00:00+00:00,-1.0360511546791977,-5.5117921428933325,sl,donchian:ADA
donchian,SOL,2025-06-05 16:00:00+00:00,2025-06-08 16:00:00+00:00,-1.0375005538355166,-5.519502946404948,sl,donchian:SOL
donchian,NEAR,2025-06-05 16:00:00+00:00,2025-06-09 08:00:00+00:00,-1.0290979364329094,-5.474801021823078,sl,donchian:NEAR
donchian,BNB,2025-06-05 16:00:00+00:00,2025-06-09 16:00:00+00:00,-1.0823897792805304,-5.758313625772422,sl,donchian:BNB
bb,LTC,2025-06-08 06:00:00+00:00,2025-06-09 22:00:00+00:00,1.554149496115194,7.00603608485637,tp,bb:LTC
donchian,ICP,2025-06-08 16:00:00+00:00,2025-06-11 04:00:00+00:00,2.461409146578935,13.094696659799935,tp,donchian:ICP
donchian,NEAR,2025-06-10 08:00:00+00:00,2025-06-12 04:00:00+00:00,-1.0402263136290602,-5.5340039885066,sl,donchian:NEAR
donchian,ADA,2025-06-10 20:00:00+00:00,2025-06-12 04:00:00+00:00,-1.0421376007457903,-5.5441720359676046,sl,donchian:ADA
donchian,BNB,2025-06-10 20:00:00+00:00,2025-06-12 12:00:00+00:00,-1.099793525020113,-5.606500631209134,sl,donchian:BNB
donchian,SOL,2025-06-10 16:00:00+00:00,2025-06-12 16:00:00+00:00,-1.0400160092278914,-5.532885169092382,sl,donchian:SOL
donchian,BCH,2025-06-08 08:00:00+00:00,2025-06-13 00:00:00+00:00,-1.0574840982764475,-5.625815402830701,sl,donchian:BCH
donchian,ETH,2025-06-09 20:00:00+00:00,2025-06-13 00:00:00+00:00,-1.053397691499864,-5.604075718779277,sl,donchian:ETH
donchian,BCH,2025-06-13 20:00:00+00:00,2025-06-14 16:00:00+00:00,-1.0346938765204028,-5.504571423088543,sl,donchian:BCH
squeeze,XLM,2025-06-14 16:00:00+00:00,2025-06-15 04:00:00+00:00,-1.1284136632886366,-4.470336147690022,sl,squeeze:XLM
donchian,SOL,2025-06-13 00:00:00+00:00,2025-06-15 16:00:00+00:00,-1.0302597873809898,-5.480982068866866,sl,donchian:SOL
bb,LTC,2025-06-14 16:00:00+00:00,2025-06-16 13:00:00+00:00,1.5962223932940853,8.491903132324534,tp,bb:LTC
donchian,ADA,2025-06-13 00:00:00+00:00,2025-06-18 00:00:00+00:00,0.5539311750997467,2.946913851530652,sure,donchian:ADA
donchian,NEAR,2025-06-13 00:00:00+00:00,2025-06-18 00:00:00+00:00,0.5604338538151385,2.9815081022965373,sure,donchian:NEAR
donchian,BCH,2025-06-15 12:00:00+00:00,2025-06-20 12:00:00+00:00,1.0020525521563257,5.330919577471653,sure,donchian:BCH
donchian,ICP,2025-06-17 08:00:00+00:00,2025-06-22 08:00:00+00:00,2.0370971399205815,10.837356784377493,sure,donchian:ICP
donchian,ADA,2025-06-18 12:00:00+00:00,2025-06-22 12:00:00+00:00,2.4636121045141386,13.106416396015218,tp,donchian:ADA
donchian,BNB,2025-06-21 12:00:00+00:00,2025-06-22 12:00:00+00:00,2.3989800541794017,12.080991710584769,tp,donchian:BNB
donchian,ETH,2025-06-20 16:00:00+00:00,2025-06-22 20:00:00+00:00,2.4594263959955662,13.084148426696412,tp,donchian:ETH
donchian,BNB,2025-06-22 12:00:00+00:00,2025-06-23 04:00:00+00:00,-1.0730069249855838,-5.708396840923306,sl,donchian:BNB
donchian,ADA,2025-06-22 12:00:00+00:00,2025-06-23 12:00:00+00:00,-1.0310105407854406,-5.484976076978544,sl,donchian:ADA
squeeze,TRX,2025-06-22 13:00:00+00:00,2025-06-23 13:00:00+00:00,-1.1261932415285125,-4.540042318091468,sl,squeeze:TRX
donchian,SOL,2025-06-20 16:00:00+00:00,2025-06-23 20:00:00+00:00,-1.0354686153830586,-5.508693033837871,sl,donchian:SOL
donchian,NEAR,2025-06-21 16:00:00+00:00,2025-06-23 20:00:00+00:00,-1.030710845989276,-5.483381700662949,sl,donchian:NEAR
donchian,ICP,2025-06-22 12:00:00+00:00,2025-06-23 20:00:00+00:00,-1.029574809101469,-5.477337984419815,sl,donchian:ICP
bb,LTC,2025-06-28 15:00:00+00:00,2025-06-29 22:00:00+00:00,-1.1045052108081734,-5.376664082327746,sl,bb:LTC
squeeze,DOGE,2025-06-29 22:00:00+00:00,2025-06-30 03:00:00+00:00,-1.1169316029791176,-4.85934525183074,sl,squeeze:DOGE
bb,LTC,2025-06-29 22:00:00+00:00,2025-06-30 09:00:00+00:00,1.5574053404360502,7.229285030544633,tp,bb:LTC
donchian,BNB,2025-06-29 20:00:00+00:00,2025-07-01 12:00:00+00:00,-1.1496066874119082,-3.909141176580019,sl,donchian:BNB
donchian,SOL,2025-06-29 20:00:00+00:00,2025-07-01 12:00:00+00:00,-1.0479391139499301,-5.575036086213629,sl,donchian:SOL
donchian,ADA,2025-07-01 16:00:00+00:00,2025-07-02 08:00:00+00:00,-1.0376888230677763,-5.52050453872057,sl,donchian:ADA
squeeze,TRX,2025-07-02 04:00:00+00:00,2025-07-02 23:00:00+00:00,2.2344704203309202,4.280995608848872,tp,squeeze:TRX
donchian,BCH,2025-06-30 12:00:00+00:00,2025-07-03 12:00:00+00:00,-1.0449661756039583,-5.559220054213058,sl,donchian:BCH
donchian,NEAR,2025-07-03 04:00:00+00:00,2025-07-04 04:00:00+00:00,-1.035603720687094,-5.509411794055341,sl,donchian:NEAR
donchian,BNB,2025-07-02 12:00:00+00:00,2025-07-04 12:00:00+00:00,-1.1312204038880245,-4.385599212596444,sl,donchian:BNB
donchian,ETH,2025-07-02 16:00:00+00:00,2025-07-04 12:00:00+00:00,-1.0509346736081473,-5.590972463595344,sl,donchian:ETH
squeeze,DOGE,2025-07-06 12:00:00+00:00,2025-07-06 13:00:00+00:00,2.3629145991121003,8.76879464660341,tp,squeeze:DOGE
squeeze,XLM,2025-07-06 08:00:00+00:00,2025-07-06 16:00:00+00:00,2.3232239092791853,6.6857575502935145,tp,squeeze:XLM
squeeze,XRP,2025-07-06 08:00:00+00:00,2025-07-07 10:00:00+00:00,2.3115242803772857,6.23916009918315,tp,squeeze:XRP
squeeze,XRP,2025-07-07 13:00:00+00:00,2025-07-07 14:00:00+00:00,-1.115115315081647,-4.927989279815282,sl,squeeze:XRP
bb,LTC,2025-07-05 20:00:00+00:00,2025-07-07 20:00:00+00:00,0.8106600240027451,4.312711327694604,sure,bb:LTC
squeeze,DOGE,2025-07-09 13:00:00+00:00,2025-07-09 20:00:00+00:00,2.3904844122653066,11.104347863024936,tp,squeeze:DOGE
squeeze,TRX,2025-07-09 01:00:00+00:00,2025-07-10 02:00:00+00:00,2.1312791624120084,2.940530833544926,tp,squeeze:TRX
donchian,ETH,2025-07-09 12:00:00+00:00,2025-07-10 20:00:00+00:00,2.4386922181908863,12.973842600775514,tp,donchian:ETH
donchian,ADA,2025-07-09 16:00:00+00:00,2025-07-11 00:00:00+00:00,2.453065374254612,13.050307791034534,tp,donchian:ADA
donchian,BNB,2025-07-09 16:00:00+00:00,2025-07-11 00:00:00+00:00,2.346307642988247,7.766328650864098,tp,donchian:BNB
donchian,NEAR,2025-07-10 04:00:00+00:00,2025-07-11 12:00:00+00:00,2.454951480118652,13.060341874231229,tp,donchian:NEAR
donchian,ADA,2025-07-11 00:00:00+00:00,2025-07-11 12:00:00+00:00,2.4596827407370854,13.085512180721295,tp,donchian:ADA
donchian,ADA,2025-07-11 12:00:00+00:00,2025-07-11 20:00:00+00:00,-1.0336609029330524,-5.499076003603839,sl,donchian:ADA
donchian,ICP,2025-07-09 20:00:00+00:00,2025-07-14 00:00:00+00:00,2.4494315745808284,13.030975976770007,tp,donchian:ICP
donchian,SOL,2025-07-09 16:00:00+00:00,2025-07-14 16:00:00+00:00,1.3337646508115613,7.095627942317506,sure,donchian:SOL
donchian,BNB,2025-07-11 00:00:00+00:00,2025-07-15 00:00:00+00:00,-1.1168153451439053,-4.863675108423464,sl,donchian:BNB
donchian,ICP,2025-07-14 00:00:00+00:00,2025-07-15 00:00:00+00:00,-1.0368547795929486,-5.5160674274344865,sl,donchian:ICP
donchian,NEAR,2025-07-14 04:00:00+00:00,2025-07-15 00:00:00+00:00,-1.0327354824142068,-5.49415276644358,sl,donchian:NEAR
squeeze,XRP,2025-07-14 03:00:00+00:00,2025-07-15 03:00:00+00:00,-1.0614203388924146,-5.646756202907646,sl,squeeze:XRP
squeeze,TRX,2025-07-15 07:00:00+00:00,2025-07-15 18:00:00+00:00,-1.1955260368657679,-3.1105523993311697,sl,squeeze:TRX
donchian,ETH,2025-07-10 20:00:00+00:00,2025-07-15 20:00:00+00:00,1.5800024199006992,8.40561287387172,sure,donchian:ETH
donchian,ETH,2025-07-15 20:00:00+00:00,2025-07-17 04:00:00+00:00,2.4550520490387817,13.060876900886319,tp,donchian:ETH
squeeze,XLM,2025-07-17 10:00:00+00:00,2025-07-18 23:00:00+00:00,-1.0382511494273556,-5.523496114953532,sl,squeeze:XLM
donchian,ICP,2025-07-18 00:00:00+00:00,2025-07-19 00:00:00+00:00,-1.028988197664266,-5.474217211573896,sl,donchian:ICP
bb,LTC,2025-07-19 18:00:00+00:00,2025-07-19 19:00:00+00:00,-1.0435667729065408,-5.5517752318627975,sl,bb:LTC
bb,LTC,2025-07-19 19:00:00+00:00,2025-07-20 08:00:00+00:00,-1.032950382174618,-5.495296033168968,sl,bb:LTC
donchian,BCH,2025-07-20 12:00:00+00:00,2025-07-21 04:00:00+00:00,-1.0375957482691978,-5.520009380792132,sl,donchian:BCH
donchian,SOL,2025-07-16 16:00:00+00:00,2025-07-21 08:00:00+00:00,2.457442330030302,13.073593195761209,tp,donchian:SOL
donchian,ETH,2025-07-17 04:00:00+00:00,2025-07-21 08:00:00+00:00,2.4604913795628773,13.089814139274507,tp,donchian:ETH
donchian,NEAR,2025-07-16 16:00:00+00:00,2025-07-21 16:00:00+00:00,1.2429709333550971,6.612605365449117,sure,donchian:NEAR
donchian,ADA,2025-07-17 08:00:00+00:00,2025-07-22 08:00:00+00:00,1.136512269554388,6.046245274029346,sure,donchian:ADA
donchian,BNB,2025-07-18 00:00:00+00:00,2025-07-23 00:00:00+00:00,2.4379739132426006,12.970021218450634,tp,donchian:BNB
squeeze,XRP,2025-07-23 07:00:00+00:00,2025-07-23 13:00:00+00:00,2.412859247089849,12.836411194517998,tp,squeeze:XRP
donchian,BNB,2025-07-23 00:00:00+00:00,2025-07-23 16:00:00+00:00,-1.0489516875853067,-5.580422977953831,sl,donchian:BNB
squeeze,DOGE,2025-07-23 09:00:00+00:00,2025-07-23 20:00:00+00:00,2.4506140308180333,13.037266643951938,tp,squeeze:DOGE
squeeze,XLM,2025-07-23 12:00:00+00:00,2025-07-23 20:00:00+00:00,2.4403204128284335,12.982504596247265,tp,squeeze:XLM
donchian,SOL,2025-07-21 08:00:00+00:00,2025-07-24 04:00:00+00:00,-1.0410560635702542,-5.538418258193752,sl,donchian:SOL
squeeze,XLM,2025-07-27 11:00:00+00:00,2025-07-28 00:00:00+00:00,-1.0715324980292134,-5.700552889515415,sl,squeeze:XLM
squeeze,TRX,2025-07-26 23:00:00+00:00,2025-07-28 12:00:00+00:00,2.2827141078960054,5.344450683358538,tp,squeeze:TRX
squeeze,XRP,2025-07-28 00:00:00+00:00,2025-07-28 13:00:00+00:00,-1.0904380402298433,-5.801130374022766,sl,squeeze:XRP
bb,LTC,2025-07-26 18:00:00+00:00,2025-07-28 18:00:00+00:00,1.604257719467387,8.534651067566498,tp,bb:LTC
donchian,ETH,2025-07-27 20:00:00+00:00,2025-07-29 00:00:00+00:00,-1.0482594725374348,-5.576740393899153,sl,donchian:ETH
donchian,BCH,2025-07-25 08:00:00+00:00,2025-07-30 08:00:00+00:00,0.17893741073832203,0.9519470251278732,sure,donchian:BCH
donchian,BNB,2025-07-27 12:00:00+00:00,2025-07-30 08:00:00+00:00,-1.0574285424430736,-5.625519845797152,sl,donchian:BNB
squeeze,XRP,2025-07-30 12:00:00+00:00,2025-07-30 14:00:00+00:00,-1.0774096421459196,-5.731819296216293,sl,squeeze:XRP
squeeze,XLM,2025-07-30 12:00:00+00:00,2025-07-31 03:00:00+00:00,-1.0635022205262616,-5.657831813199713,sl,squeeze:XLM
donchian,ICP,2025-07-30 08:00:00+00:00,2025-07-31 04:00:00+00:00,-1.0318009524490246,-5.489181067028811,sl,donchian:ICP
squeeze,TRX,2025-08-01 01:00:00+00:00,2025-08-03 01:00:00+00:00,0.577487020712555,1.9660379713724638,sure,squeeze:TRX
donchian,ADA,2025-08-02 16:00:00+00:00,2025-08-04 00:00:00+00:00,-1.028508869204067,-5.471667184165636,sl,donchian:ADA
donchian,BCH,2025-08-02 16:00:00+00:00,2025-08-04 00:00:00+00:00,-1.036024103798547,-5.51164823220827,sl,donchian:BCH
donchian,NEAR,2025-08-02 16:00:00+00:00,2025-08-04 00:00:00+00:00,-1.0255361871594681,-5.45585251568837,sl,donchian:NEAR
squeeze,DOGE,2025-08-02 01:00:00+00:00,2025-08-04 01:00:00+00:00,0.12664838840801373,0.6737694263306331,sure,squeeze:DOGE
bb,LTC,2025-08-02 17:00:00+00:00,2025-08-04 09:00:00+00:00,1.6283837131824606,8.66300135413069,tp,bb:LTC
squeeze,DOGE,2025-08-04 16:00:00+00:00,2025-08-05 07:00:00+00:00,-1.0801848695465346,-5.746583505987564,sl,squeeze:DOGE
donchian,SOL,2025-08-01 20:00:00+00:00,2025-08-05 08:00:00+00:00,-1.0321371806597608,-5.4909698011099275,sl,donchian:SOL
donchian,ETH,2025-08-07 08:00:00+00:00,2025-08-09 04:00:00+00:00,2.453806230906325,13.05424914842165,tp,donchian:ETH
donchian,BCH,2025-08-08 16:00:00+00:00,2025-08-09 12:00:00+00:00,-1.0507009775158698,-5.5897292003844266,sl,donchian:BCH
bb,LTC,2025-08-10 14:00:00+00:00,2025-08-12 14:00:00+00:00,0.3474436351720823,1.848400139115478,sure,bb:LTC
donchian,ADA,2025-08-07 20:00:00+00:00,2025-08-12 20:00:00+00:00,1.4650714444763961,7.794180084614428,sure,donchian:ADA
donchian,BNB,2025-08-07 20:00:00+00:00,2025-08-12 20:00:00+00:00,2.4310366364209854,12.933114905759641,tp,donchian:BNB
donchian,ICP,2025-08-07 20:00:00+00:00,2025-08-12 20:00:00+00:00,1.3947472734031694,7.420055494504862,sure,donchian:ICP
donchian,NEAR,2025-08-07 20:00:00+00:00,2025-08-12 20:00:00+00:00,1.0213926627989565,5.4338089660904485,sure,donchian:NEAR
donchian,SOL,2025-08-07 20:00:00+00:00,2025-08-12 20:00:00+00:00,2.1732090875369043,11.561472345696332,sure,donchian:SOL
donchian,ETH,2025-08-09 04:00:00+00:00,2025-08-12 20:00:00+00:00,2.454641828726118,13.058694528822947,tp,donchian:ETH
donchian,ADA,2025-08-13 08:00:00+00:00,2025-08-14 04:00:00+00:00,2.4668446611508954,13.123613597322763,tp,donchian:ADA
donchian,BCH,2025-08-12 16:00:00+00:00,2025-08-14 12:00:00+00:00,-1.039653720747095,-5.530957794374546,sl,donchian:BCH
donchian,BNB,2025-08-13 04:00:00+00:00,2025-08-14 12:00:00+00:00,-1.0581834261254237,-5.629535826987254,sl,donchian:BNB
donchian,ICP,2025-08-13 08:00:00+00:00,2025-08-14 12:00:00+00:00,-1.038033388474317,-5.522337626683366,sl,donchian:ICP
donchian,NEAR,2025-08-13 08:00:00+00:00,2025-08-14 12:00:00+00:00,-1.0348095987007646,-5.5051870650880685,sl,donchian:NEAR
donchian,ADA,2025-08-14 04:00:00+00:00,2025-08-14 12:00:00+00:00,-1.029301445958908,-5.475883692501391,sl,donchian:ADA
donchian,ETH,2025-08-12 20:00:00+00:00,2025-08-15 16:00:00+00:00,-1.041656572637969,-5.541612966433995,sl,donchian:ETH
donchian,SOL,2025-08-12 20:00:00+00:00,2025-08-17 20:00:00+00:00,-0.13190994556947172,-0.7017609104295895,sure,donchian:SOL
bb,LTC,2025-08-17 07:00:00+00:00,2025-08-18 02:00:00+00:00,1.593612633610501,8.478019210807865,tp,bb:LTC
donchian,SOL,2025-08-19 16:00:00+00:00,2025-08-20 16:00:00+00:00,-1.0364262637613837,-5.513787723210561,sl,donchian:SOL
squeeze,DOGE,2025-08-19 04:00:00+00:00,2025-08-21 03:00:00+00:00,-1.060306375180177,-5.640829915958541,sl,squeeze:DOGE
donchian,BCH,2025-08-19 12:00:00+00:00,2025-08-22 12:00:00+00:00,-1.0544371512612967,-5.609605644710099,sl,donchian:BCH
squeeze,XRP,2025-08-22 03:00:00+00:00,2025-08-22 14:00:00+00:00,-1.0851119579762523,-5.772795616433662,sl,squeeze:XRP
squeeze,DOGE,2025-08-22 12:00:00+00:00,2025-08-22 14:00:00+00:00,-1.0697008072529208,-5.690808294585539,sl,squeeze:DOGE
donchian,ICP,2025-08-19 00:00:00+00:00,2025-08-22 16:00:00+00:00,-1.0360491003451293,-5.511781213836088,sl,donchian:ICP
donchian,NEAR,2025-08-18 04:00:00+00:00,2025-08-22 20:00:00+00:00,-1.0293584415375372,-5.476186908979698,sl,donchian:NEAR
donchian,BNB,2025-08-22 16:00:00+00:00,2025-08-24 08:00:00+00:00,-1.0506157442378976,-5.5892757593456155,sl,donchian:BNB
bb,LTC,2025-08-24 06:00:00+00:00,2025-08-24 19:00:00+00:00,1.578161471089969,8.395819026198634,tp,bb:LTC
donchian,ETH,2025-08-22 12:00:00+00:00,2025-08-25 20:00:00+00:00,-1.0358066918364666,-5.510491600570002,sl,donchian:ETH
donchian,SOL,2025-08-22 16:00:00+00:00,2025-08-25 20:00:00+00:00,-1.0346337695845207,-5.50425165418965,sl,donchian:SOL
donchian,ICP,2025-08-25 20:00:00+00:00,2025-08-30 20:00:00+00:00,0.06291236014176643,0.3346937559541974,sure,donchian:ICP
donchian,NEAR,2025-09-01 00:00:00+00:00,2025-09-01 08:00:00+00:00,-1.0445944987819846,-5.557242733520158,sl,donchian:NEAR
bb,LTC,2025-08-31 23:00:00+00:00,2025-09-01 21:00:00+00:00,-1.1060230860050944,-5.306972430522522,sl,bb:LTC
donchian,ADA,2025-08-29 08:00:00+00:00,2025-09-03 08:00:00+00:00,-0.2326419291946317,-1.2376550633154406,sure,donchian:ADA
donchian,ICP,2025-08-31 20:00:00+00:00,2025-09-03 20:00:00+00:00,-1.0469057894397533,-5.569538799819488,sl,donchian:ICP
squeeze,DOGE,2025-09-02 23:00:00+00:00,2025-09-04 23:00:00+00:00,-0.5671586955193849,-3.0172842601631276,sure,squeeze:DOGE
donchian,BCH,2025-09-02 04:00:00+00:00,2025-09-05 12:00:00+00:00,2.4508349330017833,13.038441843569489,tp,donchian:BCH
donchian,BCH,2025-09-05 12:00:00+00:00,2025-09-06 08:00:00+00:00,-1.046276167700203,-5.566189212165081,sl,donchian:BCH
squeeze,XLM,2025-09-07 23:00:00+00:00,2025-09-08 12:00:00+00:00,2.3557483047712697,8.307895823646643,tp,squeeze:XLM
donchian,NEAR,2025-09-08 12:00:00+00:00,2025-09-09 08:00:00+00:00,2.4438822233825017,13.00145342839491,tp,donchian:NEAR
donchian,NEAR,2025-09-09 08:00:00+00:00,2025-09-09 20:00:00+00:00,-1.047882810472131,-5.574736551711736,sl,donchian:NEAR
donchian,BNB,2025-09-07 08:00:00+00:00,2025-09-10 12:00:00+00:00,2.3793135487603774,10.029429755042093,tp,donchian:BNB
squeeze,DOGE,2025-09-10 16:00:00+00:00,2025-09-10 19:00:00+00:00,-1.0730637377000491,-5.708699084564262,sl,squeeze:DOGE
donchian,SOL,2025-09-08 08:00:00+00:00,2025-09-12 00:00:00+00:00,2.44693240105146,13.017680373593766,tp,donchian:SOL
donchian,ADA,2025-09-08 08:00:00+00:00,2025-09-12 20:00:00+00:00,2.440557397173041,12.98376535296058,tp,donchian:ADA
donchian,BNB,2025-09-10 12:00:00+00:00,2025-09-13 08:00:00+00:00,2.4011939424507682,12.363081967566277,tp,donchian:BNB
squeeze,XRP,2025-09-12 01:00:00+00:00,2025-09-13 09:00:00+00:00,2.3804537998180195,10.12994438525817,tp,squeeze:XRP
donchian,BNB,2025-09-13 08:00:00+00:00,2025-09-13 16:00:00+00:00,-1.0944150237488748,-5.822287926344014,sl,donchian:BNB
donchian,ICP,2025-09-13 08:00:00+00:00,2025-09-14 00:00:00+00:00,-1.0561940452720016,-5.618952320847049,sl,donchian:ICP
donchian,NEAR,2025-09-12 16:00:00+00:00,2025-09-14 12:00:00+00:00,-1.0462280657319805,-5.565933309694136,sl,donchian:NEAR
donchian,ADA,2025-09-12 20:00:00+00:00,2025-09-14 12:00:00+00:00,-1.053938826224789,-5.606954555515879,sl,donchian:ADA
donchian,ETH,2025-09-12 00:00:00+00:00,2025-09-17 00:00:00+00:00,-0.13083750996929522,-0.6960555530366506,sure,donchian:ETH
donchian,SOL,2025-09-12 00:00:00+00:00,2025-09-17 00:00:00+00:00,-0.16702840734889135,-0.888591127096102,sure,donchian:SOL
squeeze,TRX,2025-09-17 15:00:00+00:00,2025-09-17 22:00:00+00:00,-1.2438373746638633,-2.595054057230464,sl,squeeze:TRX
donchian,NEAR,2025-09-18 04:00:00+00:00,2025-09-18 20:00:00+00:00,2.4603269695595267,13.088939478056682,tp,donchian:NEAR
donchian,ICP,2025-09-15 04:00:00+00:00,2025-09-19 00:00:00+00:00,-1.0450850785562893,-5.55985261791946,sl,donchian:ICP
donchian,BCH,2025-09-17 20:00:00+00:00,2025-09-19 20:00:00+00:00,-1.0648104299066992,-5.664791487103639,sl,donchian:BCH
squeeze,XLM,2025-09-20 07:00:00+00:00,2025-09-20 09:00:00+00:00,-1.1211952855021592,-4.70628926904036,sl,squeeze:XLM
donchian,BNB,2025-09-16 16:00:00+00:00,2025-09-20 12:00:00+00:00,2.4254948316735505,12.90363250450329,tp,donchian:BNB
squeeze,XLM,2025-09-20 20:00:00+00:00,2025-09-22 00:00:00+00:00,2.3716934083201093,9.403567761801437,tp,squeeze:XLM
bb,LTC,2025-09-21 06:00:00+00:00,2025-09-22 00:00:00+00:00,1.5385088243100005,6.091296911590456,tp,bb:LTC
squeeze,DOGE,2025-09-21 16:00:00+00:00,2025-09-22 00:00:00+00:00,2.3842339600263194,10.477333608285576,tp,squeeze:DOGE
donchian,BNB,2025-09-20 12:00:00+00:00,2025-09-22 16:00:00+00:00,-1.0673500730443395,-5.6783023885958865,sl,donchian:BNB
donchian,ETH,2025-09-22 00:00:00+00:00,2025-09-25 00:00:00+00:00,2.431727128927411,12.936788325893826,tp,donchian:ETH
donchian,ICP,2025-09-22 00:00:00+00:00,2025-09-25 08:00:00+00:00,2.450021571428558,13.034114759999929,tp,donchian:ICP
donchian,ADA,2025-09-22 04:00:00+00:00,2025-09-27 04:00:00+00:00,0.7758067730090596,4.127292032408198,sure,donchian:ADA
donchian,BCH,2025-09-22 04:00:00+00:00,2025-09-27 04:00:00+00:00,1.4450416121918603,7.6876213768606965,sure,donchian:BCH
squeeze,DOGE,2025-09-28 09:00:00+00:00,2025-09-28 15:00:00+00:00,-1.1269729872460843,-4.515285852301867,sl,squeeze:DOGE
bb,LTC,2025-09-28 17:00:00+00:00,2025-09-28 22:00:00+00:00,-1.1254659798855908,-4.563409787572596,sl,bb:LTC
donchian,SOL,2025-09-24 00:00:00+00:00,2025-09-29 00:00:00+00:00,-0.20807007263861596,-1.106932786437437,sure,donchian:SOL
donchian,ETH,2025-09-25 04:00:00+00:00,2025-09-29 12:00:00+00:00,-1.0497328203034588,-5.584578604014401,sl,donchian:ETH
bb,LTC,2025-09-28 22:00:00+00:00,2025-09-30 15:00:00+00:00,1.5456967327792095,6.482385746064336,tp,bb:LTC
donchian,NEAR,2025-09-25 20:00:00+00:00,2025-09-30 20:00:00+00:00,0.4551964397866308,2.421645059664876,sure,donchian:NEAR
squeeze,TRX,2025-10-02 18:00:00+00:00,2025-10-03 08:00:00+00:00,-1.323493017677358,-2.081324630287575,sl,squeeze:TRX
donchian,BNB,2025-10-02 08:00:00+00:00,2025-10-03 12:00:00+00:00,2.433735550127501,12.947473126678306,tp,donchian:BNB
donchian,BNB,2025-10-03 12:00:00+00:00,2025-10-03 16:00:00+00:00,-1.0472031456258482,-5.571120734729512,sl,donchian:BNB
donchian,ICP,2025-10-03 12:00:00+00:00,2025-10-04 12:00:00+00:00,-1.0526011190569207,-5.599837953382818,sl,donchian:ICP
bb,LTC,2025-10-05 00:00:00+00:00,2025-10-05 02:00:00+00:00,-1.0825121280227823,-5.758964521081202,sl,bb:LTC
bb,LTC,2025-10-05 02:00:00+00:00,2025-10-05 18:00:00+00:00,1.5950238893775934,8.485527091488796,tp,bb:LTC
donchian,BCH,2025-10-01 08:00:00+00:00,2025-10-06 08:00:00+00:00,0.6729655049502001,3.580176486335065,sure,donchian:BCH
donchian,ETH,2025-10-01 08:00:00+00:00,2025-10-06 08:00:00+00:00,1.9019122111736562,10.11817296344385,sure,donchian:ETH
donchian,SOL,2025-10-01 08:00:00+00:00,2025-10-06 08:00:00+00:00,1.6484198708930884,8.769593713151231,sure,donchian:SOL
donchian,ADA,2025-10-01 16:00:00+00:00,2025-10-06 16:00:00+00:00,0.9921276244056865,5.278118961838253,sure,donchian:ADA
donchian,BNB,2025-10-03 16:00:00+00:00,2025-10-07 08:00:00+00:00,2.457776449079663,13.075370709103808,tp,donchian:BNB
donchian,ETH,2025-10-06 12:00:00+00:00,2025-10-07 12:00:00+00:00,-1.0603548845011714,-5.641087985546232,sl,donchian:ETH
donchian,NEAR,2025-10-02 16:00:00+00:00,2025-10-07 16:00:00+00:00,-0.24254428713930293,-1.2903356075810914,sure,donchian:NEAR
donchian,BNB,2025-10-07 08:00:00+00:00,2025-10-09 00:00:00+00:00,-1.0402002779370119,-5.533865478624903,sl,donchian:BNB
donchian,ETH,2025-10-09 08:00:00+00:00,2025-10-10 16:00:00+00:00,2.4521704891773113,13.045547002423296,tp,donchian:ETH
donchian,ADA,2025-10-10 12:00:00+00:00,2025-10-10 20:00:00+00:00,2.4627086938454203,13.101610251257638,tp,donchian:ADA
donchian,ICP,2025-10-10 12:00:00+00:00,2025-10-10 20:00:00+00:00,2.4625698893005117,13.100871811078724,tp,donchian:ICP
donchian,SOL,2025-10-10 12:00:00+00:00,2025-10-10 20:00:00+00:00,2.4657189632314305,13.117624884391208,tp,donchian:SOL
donchian,BCH,2025-10-10 16:00:00+00:00,2025-10-10 20:00:00+00:00,2.4580170771853043,13.076650850625818,tp,donchian:BCH
donchian,ETH,2025-10-10 16:00:00+00:00,2025-10-10 20:00:00+00:00,2.4643385501298374,13.110281086690735,tp,donchian:ETH
donchian,ETH,2025-10-10 20:00:00+00:00,2025-10-12 16:00:00+00:00,-1.024900544518251,-5.452470896837096,sl,donchian:ETH
donchian,ICP,2025-10-10 20:00:00+00:00,2025-10-12 20:00:00+00:00,-1.0101945010002804,-5.374234745321492,sl,donchian:ICP
donchian,SOL,2025-10-10 20:00:00+00:00,2025-10-13 16:00:00+00:00,-1.0167165050241096,-5.408931806728263,sl,donchian:SOL
squeeze,DOGE,2025-10-13 20:00:00+00:00,2025-10-14 02:00:00+00:00,-1.0457062088880442,-5.563157031284395,sl,squeeze:DOGE
donchian,ADA,2025-10-10 20:00:00+00:00,2025-10-15 20:00:00+00:00,-0.31800737650306077,-1.6917992429962834,sure,donchian:ADA
donchian,BCH,2025-10-10 20:00:00+00:00,2025-10-15 20:00:00+00:00,-0.14310080266119443,-0.7612962701575544,sure,donchian:BCH
donchian,NEAR,2025-10-10 20:00:00+00:00,2025-10-15 20:00:00+00:00,0.12802946583353514,0.681116758234407,sure,donchian:NEAR
squeeze,XLM,2025-10-15 15:00:00+00:00,2025-10-17 06:00:00+00:00,2.4399236547802703,12.980393843431038,tp,squeeze:XLM
squeeze,DOGE,2025-10-15 17:00:00+00:00,2025-10-17 06:00:00+00:00,2.4448276460013836,13.00648307672736,tp,squeeze:DOGE
squeeze,XRP,2025-10-15 16:00:00+00:00,2025-10-17 07:00:00+00:00,2.433339266925503,12.945364900043677,tp,squeeze:XRP
bb,LTC,2025-10-19 10:00:00+00:00,2025-10-21 10:00:00+00:00,0.12047312579005526,0.640917029203094,sure,bb:LTC
squeeze,XLM,2025-10-22 22:00:00+00:00,2025-10-23 06:00:00+00:00,-1.0696729927721198,-5.690660321547678,sl,squeeze:XLM
bb,LTC,2025-10-25 18:00:00+00:00,2025-10-26 09:00:00+00:00,-1.112332988091701,-5.037448117244041,sl,bb:LTC
bb,LTC,2025-10-26 09:00:00+00:00,2025-10-26 22:00:00+00:00,-1.124615928266671,-4.591068301342156,sl,bb:LTC
donchian,BNB,2025-10-27 08:00:00+00:00,2025-10-27 12:00:00+00:00,-1.0546746780171068,-5.610869287051009,sl,donchian:BNB
squeeze,XRP,2025-10-27 16:00:00+00:00,2025-10-27 20:00:00+00:00,-1.094922844777575,-5.824989534216699,sl,squeeze:XRP
donchian,SOL,2025-10-27 00:00:00+00:00,2025-10-28 12:00:00+00:00,-1.0495744452236504,-5.58373604858982,sl,donchian:SOL
donchian,ETH,2025-10-26 20:00:00+00:00,2025-10-28 16:00:00+00:00,-1.0568355915982715,-5.622365347302805,sl,donchian:ETH
squeeze,DOGE,2025-10-28 20:00:00+00:00,2025-10-30 15:00:00+00:00,2.4315682108509664,12.935942881727144,tp,squeeze:DOGE
donchian,BCH,2025-10-26 08:00:00+00:00,2025-10-31 08:00:00+00:00,0.7219563120744182,3.8408075802359054,sure,donchian:BCH
donchian,ICP,2025-10-30 16:00:00+00:00,2025-10-31 08:00:00+00:00,-1.0305239859339106,-5.482387605168404,sl,donchian:ICP
squeeze,XLM,2025-10-30 04:00:00+00:00,2025-11-01 04:00:00+00:00,0.6059971608890999,3.2239048959300116,sure,squeeze:XLM
bb,LTC,2025-11-01 07:00:00+00:00,2025-11-03 03:00:00+00:00,1.607200131974228,8.550304702102894,tp,bb:LTC
donchian,ICP,2025-11-02 12:00:00+00:00,2025-11-03 08:00:00+00:00,-1.0220895840493776,-5.437516587142689,sl,donchian:ICP
donchian,SOL,2025-10-30 12:00:00+00:00,2025-11-04 04:00:00+00:00,2.46745878950609,13.1268807601724,tp,donchian:SOL
donchian,BNB,2025-11-03 04:00:00+00:00,2025-11-04 04:00:00+00:00,2.44610164654947,13.013260759643183,tp,donchian:BNB
donchian,ADA,2025-10-30 12:00:00+00:00,2025-11-04 12:00:00+00:00,1.7966711561244972,9.558290550582326,sure,donchian:ADA
donchian,ETH,2025-10-30 12:00:00+00:00,2025-11-04 12:00:00+00:00,1.5597321637456791,8.297775111127013,sure,donchian:ETH
donchian,NEAR,2025-10-30 12:00:00+00:00,2025-11-04 12:00:00+00:00,1.5276420481121782,8.127055695956788,sure,donchian:NEAR
donchian,ICP,2025-11-04 00:00:00+00:00,2025-11-04 20:00:00+00:00,2.485277880297578,13.221678323183115,tp,donchian:ICP
donchian,ETH,2025-11-04 16:00:00+00:00,2025-11-05 16:00:00+00:00,-1.0279196299663287,-5.468532431420869,sl,donchian:ETH
donchian,NEAR,2025-11-04 16:00:00+00:00,2025-11-05 16:00:00+00:00,-1.0202552690094322,-5.427758031130179,sl,donchian:NEAR
squeeze,DOGE,2025-11-06 07:00:00+00:00,2025-11-07 15:00:00+00:00,-1.0658922355798186,-5.670546693284635,sl,squeeze:DOGE
donchian,ADA,2025-11-04 16:00:00+00:00,2025-11-07 16:00:00+00:00,-1.023280698139287,-5.443853314101007,sl,donchian:ADA
donchian,BNB,2025-11-04 04:00:00+00:00,2025-11-07 20:00:00+00:00,-1.0347515685734068,-5.504878344810524,sl,donchian:BNB
donchian,ICP,2025-11-06 12:00:00+00:00,2025-11-08 00:00:00+00:00,2.4890916570001265,13.241967615240675,tp,donchian:ICP
donchian,NEAR,2025-11-07 12:00:00+00:00,2025-11-08 08:00:00+00:00,2.478948214065758,13.188004498829832,tp,donchian:NEAR
donchian,BCH,2025-11-03 12:00:00+00:00,2025-11-08 12:00:00+00:00,0.8104601122867146,4.311647797365322,sure,donchian:BCH
donchian,SOL,2025-11-04 04:00:00+00:00,2025-11-09 04:00:00+00:00,-0.23375838173876273,-1.2435945908502177,sure,donchian:SOL
bb,LTC,2025-11-08 23:00:00+00:00,2025-11-09 20:00:00+00:00,-1.0342736060454867,-5.502335584161989,sl,bb:LTC
squeeze,XRP,2025-11-09 16:00:00+00:00,2025-11-10 03:00:00+00:00,2.414589372508037,12.845615461742756,tp,squeeze:XRP
donchian,NEAR,2025-11-08 08:00:00+00:00,2025-11-11 04:00:00+00:00,-1.015448993660138,-5.402188646271934,sl,donchian:NEAR
donchian,BCH,2025-11-11 00:00:00+00:00,2025-11-12 16:00:00+00:00,-1.0393512502638151,-5.529348651403496,sl,donchian:BCH
bb,LTC,2025-11-15 03:00:00+00:00,2025-11-17 03:00:00+00:00,0.9746083272114687,5.184916300765014,sure,bb:LTC
squeeze,DOGE,2025-11-16 14:00:00+00:00,2025-11-17 14:00:00+00:00,-1.0841472780742047,-5.76766351935477,sl,squeeze:DOGE
squeeze,XLM,2025-11-15 20:00:00+00:00,2025-11-17 19:00:00+00:00,2.420155258165274,12.875225973439258,tp,squeeze:XLM
donchian,BNB,2025-11-13 16:00:00+00:00,2025-11-18 16:00:00+00:00,-0.6263162715368302,-3.332002564575937,sure,donchian:BNB
donchian,SOL,2025-11-13 16:00:00+00:00,2025-11-18 16:00:00+00:00,0.1066649828179121,0.5674577085912924,sure,donchian:SOL
donchian,ETH,2025-11-17 16:00:00+00:00,2025-11-18 16:00:00+00:00,-1.0290382126769002,-5.47448329144111,sl,donchian:ETH
donchian,ADA,2025-11-14 20:00:00+00:00,2025-11-19 20:00:00+00:00,0.9583061313661884,5.0981886188681225,sure,donchian:ADA
donchian,ETH,2025-11-19 16:00:00+00:00,2025-11-20 00:00:00+00:00,-1.0291880994008769,-5.475280688812665,sl,donchian:ETH
donchian,BCH,2025-11-21 04:00:00+00:00,2025-11-21 12:00:00+00:00,-1.0259613112377866,-5.458114175785025,sl,donchian:BCH
donchian,NEAR,2025-11-16 16:00:00+00:00,2025-11-21 16:00:00+00:00,1.9241319172543732,10.236381799793266,sure,donchian:NEAR
squeeze,TRX,2025-11-22 15:00:00+00:00,2025-11-24 02:00:00+00:00,-1.1787738929497964,-3.3543586191262085,sl,squeeze:TRX
donchian,BNB,2025-11-19 16:00:00+00:00,2025-11-24 16:00:00+00:00,0.19502825120710493,1.0375502964217982,sure,donchian:BNB
donchian,SOL,2025-11-21 04:00:00+00:00,2025-11-24 16:00:00+00:00,-1.0227709088394132,-5.441141235025679,sl,donchian:SOL
donchian,BCH,2025-11-22 08:00:00+00:00,2025-11-25 08:00:00+00:00,-1.0232817566835457,-5.443858945556463,sl,donchian:BCH
donchian,ADA,2025-11-20 16:00:00+00:00,2025-11-25 16:00:00+00:00,0.6078892797413671,3.2339709682240727,sure,donchian:ADA
donchian,ETH,2025-11-20 16:00:00+00:00,2025-11-25 16:00:00+00:00,-0.43496126907399535,-2.3139939514736554,sure,donchian:ETH
donchian,ICP,2025-11-20 20:00:00+00:00,2025-11-25 20:00:00+00:00,0.5081139805021053,2.7031663762712004,sure,donchian:ICP
squeeze,XRP,2025-11-24 17:00:00+00:00,2025-11-26 17:00:00+00:00,0.3547765548881585,1.8874112720050034,sure,squeeze:XRP
bb,LTC,2025-11-29 17:00:00+00:00,2025-12-01 00:00:00+00:00,-1.0784609789920396,-5.737412408237651,sl,bb:LTC
donchian,NEAR,2025-11-30 20:00:00+00:00,2025-12-01 12:00:00+00:00,2.4619368974297835,13.097504294326448,tp,donchian:NEAR
donchian,NEAR,2025-12-01 12:00:00+00:00,2025-12-02 08:00:00+00:00,-1.0295510354192807,-5.477211508430574,sl,donchian:NEAR
donchian,ADA,2025-12-01 00:00:00+00:00,2025-12-02 12:00:00+00:00,-1.0342691331301892,-5.502311788252607,sl,donchian:ADA
donchian,BNB,2025-12-01 00:00:00+00:00,2025-12-02 12:00:00+00:00,-1.0493026486276233,-5.582290090698956,sl,donchian:BNB
donchian,SOL,2025-12-01 00:00:00+00:00,2025-12-02 12:00:00+00:00,-1.038253426180388,-5.523508227279664,sl,donchian:SOL
donchian,BCH,2025-12-01 12:00:00+00:00,2025-12-02 12:00:00+00:00,-1.0364952415694832,-5.514154685149651,sl,donchian:BCH
donchian,ETH,2025-12-01 12:00:00+00:00,2025-12-02 12:00:00+00:00,-1.0440652327852336,-5.554427038417443,sl,donchian:ETH
donchian,ICP,2025-11-30 20:00:00+00:00,2025-12-05 20:00:00+00:00,1.4709726499129228,7.825574497536749,sure,donchian:ICP
squeeze,XLM,2025-12-05 13:00:00+00:00,2025-12-06 08:00:00+00:00,2.3915466312484774,11.218089156542078,tp,squeeze:XLM
donchian,BCH,2025-12-03 04:00:00+00:00,2025-12-08 04:00:00+00:00,0.5428106182670123,2.8877524891805053,sure,donchian:BCH
bb,LTC,2025-12-06 18:00:00+00:00,2025-12-08 07:00:00+00:00,-1.0786161480788068,-5.7382379077792525,sl,bb:LTC
donchian,ADA,2025-12-09 16:00:00+00:00,2025-12-11 00:00:00+00:00,-1.0337150601837548,-5.499364120177575,sl,donchian:ADA
donchian,ETH,2025-12-09 12:00:00+00:00,2025-12-12 12:00:00+00:00,-1.0425314714318152,-5.5462674280172575,sl,donchian:ETH
donchian,BNB,2025-12-11 00:00:00+00:00,2025-12-13 12:00:00+00:00,-1.0498496406401374,-5.585200088205531,sl,donchian:BNB
bb,LTC,2025-12-14 06:00:00+00:00,2025-12-14 11:00:00+00:00,-1.120685563931822,-4.724017893584111,sl,bb:LTC
bb,LTC,2025-12-14 11:00:00+00:00,2025-12-14 21:00:00+00:00,-1.1043507552664198,-5.383869398343593,sl,bb:LTC
squeeze,XRP,2025-12-15 14:00:00+00:00,2025-12-16 02:00:00+00:00,2.3911799499856756,11.178574351843592,tp,squeeze:XRP
donchian,NEAR,2025-12-12 12:00:00+00:00,2025-12-17 12:00:00+00:00,0.6448900991365375,3.4308153274063797,sure,donchian:NEAR
donchian,BCH,2025-12-15 12:00:00+00:00,2025-12-17 12:00:00+00:00,-1.0443132974218357,-5.555746742284166,sl,donchian:BCH
donchian,SOL,2025-12-15 12:00:00+00:00,2025-12-17 12:00:00+00:00,-1.0382312297145782,-5.523390142081555,sl,donchian:SOL
donchian,ICP,2025-12-12 20:00:00+00:00,2025-12-17 20:00:00+00:00,1.7094664743685253,9.094361643640555,sure,donchian:ICP
donchian,NEAR,2025-12-17 16:00:00+00:00,2025-12-18 12:00:00+00:00,-1.0286948930164252,-5.472656830847383,sl,donchian:NEAR
donchian,ADA,2025-12-14 08:00:00+00:00,2025-12-18 16:00:00+00:00,2.4586703217745294,13.080126111840496,tp,donchian:ADA
donchian,ADA,2025-12-18 16:00:00+00:00,2025-12-19 04:00:00+00:00,-1.028503511162467,-5.471638679384324,sl,donchian:ADA
donchian,BNB,2025-12-18 16:00:00+00:00,2025-12-19 12:00:00+00:00,-1.0490696242445687,-5.581050400981106,sl,donchian:BNB
donchian,NEAR,2025-12-18 16:00:00+00:00,2025-12-19 12:00:00+00:00,-1.0227857361192865,-5.441220116154604,sl,donchian:NEAR
donchian,ICP,2025-12-18 16:00:00+00:00,2025-12-19 16:00:00+00:00,-1.0253153905415235,-5.454677877680905,sl,donchian:ICP
squeeze,XLM,2025-12-20 09:00:00+00:00,2025-12-20 11:00:00+00:00,-1.1060023135467936,-5.307912706176118,sl,squeeze:XLM
donchian,ETH,2025-12-15 12:00:00+00:00,2025-12-20 12:00:00+00:00,0.22761387592037755,1.2109058198964084,sure,donchian:ETH
donchian,BCH,2025-12-19 16:00:00+00:00,2025-12-20 12:00:00+00:00,-1.0328560798806923,-5.494794344965283,sl,donchian:BCH
bb,LTC,2025-12-20 21:00:00+00:00,2025-12-20 23:00:00+00:00,-1.1058929777354667,-5.31286792693555,sl,bb:LTC
bb,LTC,2025-12-21 13:00:00+00:00,2025-12-22 14:00:00+00:00,1.5885399583843494,8.451032578604739,tp,bb:LTC
donchian,SOL,2025-12-17 16:00:00+00:00,2025-12-22 16:00:00+00:00,-0.36210505468543425,-1.9263988909265104,sure,donchian:SOL
donchian,SOL,2025-12-25 20:00:00+00:00,2025-12-26 00:00:00+00:00,-1.0513736745783626,-5.593307948756889,sl,donchian:SOL
squeeze,XRP,2025-12-24 01:00:00+00:00,2025-12-26 01:00:00+00:00,1.190132788393666,4.71853557430084,sure,squeeze:XRP
donchian,BNB,2025-12-25 20:00:00+00:00,2025-12-26 04:00:00+00:00,-1.0866121169147545,-5.780776461986494,sl,donchian:BNB
donchian,ADA,2025-12-25 20:00:00+00:00,2025-12-27 20:00:00+00:00,-1.0364210764751747,-5.513760126847929,sl,donchian:ADA
bb,LTC,2025-12-27 11:00:00+00:00,2025-12-27 20:00:00+00:00,-1.1058189272459544,-5.316229793708449,sl,bb:LTC
donchian,BCH,2025-12-27 12:00:00+00:00,2025-12-29 16:00:00+00:00,-1.0463958760644312,-5.566826060662774,sl,donchian:BCH
bb,LTC,2025-12-28 18:00:00+00:00,2025-12-30 18:00:00+00:00,-0.2652641363117493,-1.4112052051785062,sure,bb:LTC
donchian,ADA,2025-12-31 16:00:00+00:00,2026-01-01 12:00:00+00:00,-1.0404914474601288,-5.535414500487885,sl,donchian:ADA
donchian,ICP,2025-12-29 20:00:00+00:00,2026-01-01 16:00:00+00:00,-1.038566990994112,-5.525176392088675,sl,donchian:ICP
donchian,NEAR,2026-01-02 00:00:00+00:00,2026-01-06 08:00:00+00:00,2.455686547975841,13.064252435231476,tp,donchian:NEAR
donchian,BNB,2026-01-02 12:00:00+00:00,2026-01-06 12:00:00+00:00,2.400118741192533,12.224519606494146,tp,donchian:BNB
donchian,ETH,2026-01-02 12:00:00+00:00,2026-01-06 12:00:00+00:00,2.425231160234333,12.902229772446653,tp,donchian:ETH
donchian,ADA,2026-01-02 16:00:00+00:00,2026-01-06 12:00:00+00:00,2.4629762002754707,13.103033385465505,tp,donchian:ADA
donchian,SOL,2026-01-02 16:00:00+00:00,2026-01-06 12:00:00+00:00,2.439080448757593,12.975907987390393,tp,donchian:SOL
donchian,BCH,2026-01-03 20:00:00+00:00,2026-01-06 12:00:00+00:00,-1.0451546683188537,-5.560222835456302,sl,donchian:BCH
donchian,NEAR,2026-01-06 08:00:00+00:00,2026-01-06 16:00:00+00:00,-1.0364133349461075,-5.513718941913292,sl,donchian:NEAR
donchian,BNB,2026-01-06 12:00:00+00:00,2026-01-06 16:00:00+00:00,-1.0926248475673117,-5.8127641890580986,sl,donchian:BNB
donchian,ETH,2026-01-06 12:00:00+00:00,2026-01-06 16:00:00+00:00,-1.0667571411890142,-5.675147991125556,sl,donchian:ETH
donchian,SOL,2026-01-06 12:00:00+00:00,2026-01-06 16:00:00+00:00,-1.0519176442471578,-5.59620186739488,sl,donchian:SOL
donchian,ICP,2026-01-04 08:00:00+00:00,2026-01-08 12:00:00+00:00,-1.0368570409960969,-5.516079458099235,sl,donchian:ICP
squeeze,DOGE,2026-01-08 09:00:00+00:00,2026-01-10 09:00:00+00:00,0.4775981760236725,2.540822296445938,sure,squeeze:DOGE
bb,LTC,2026-01-10 13:00:00+00:00,2026-01-11 20:00:00+00:00,1.553744841920966,6.979186273835177,tp,bb:LTC
squeeze,XRP,2026-01-09 21:00:00+00:00,2026-01-11 21:00:00+00:00,0.27798682375038564,1.4788899023520516,sure,squeeze:XRP
bb,LTC,2026-01-11 20:00:00+00:00,2026-01-11 23:00:00+00:00,-1.1040603291777678,-5.397475631673643,sl,bb:LTC
squeeze,XLM,2026-01-11 20:00:00+00:00,2026-01-12 01:00:00+00:00,-1.104425135388998,-5.380396921754617,sl,squeeze:XLM
donchian,ICP,2026-01-13 12:00:00+00:00,2026-01-14 16:00:00+00:00,2.4706811389067123,13.14402365898371,tp,donchian:ICP
donchian,NEAR,2026-01-13 16:00:00+00:00,2026-01-15 00:00:00+00:00,-1.033068090036774,-5.495922238995637,sl,donchian:NEAR
donchian,BCH,2026-01-14 08:00:00+00:00,2026-01-15 04:00:00+00:00,-1.0464830025908005,-5.567289573783059,sl,donchian:BCH
squeeze,XRP,2026-01-16 16:00:00+00:00,2026-01-16 20:00:00+00:00,-1.1181737689883744,-4.813614353660805,sl,squeeze:XRP
donchian,ICP,2026-01-14 16:00:00+00:00,2026-01-17 04:00:00+00:00,-1.0224196054271502,-5.439272300872439,sl,donchian:ICP
squeeze,XRP,2026-01-17 18:00:00+00:00,2026-01-18 01:00:00+00:00,-1.171209417252061,-3.480086086119671,sl,squeeze:XRP
donchian,BNB,2026-01-13 16:00:00+00:00,2026-01-18 16:00:00+00:00,0.30271703744960665,1.6104546392319077,sure,donchian:BNB
donchian,ETH,2026-01-13 20:00:00+00:00,2026-01-18 20:00:00+00:00,-0.4641562406595962,-2.469311200309052,sure,donchian:ETH
donchian,SOL,2026-01-13 20:00:00+00:00,2026-01-18 20:00:00+00:00,-1.045483562670874,-5.56197255340905,sl,donchian:SOL
bb,LTC,2026-01-18 08:00:00+00:00,2026-01-18 23:00:00+00:00,1.5858060035412342,8.436487938839367,tp,bb:LTC
bb,LTC,2026-01-18 23:00:00+00:00,2026-01-19 00:00:00+00:00,-1.0622786191150966,-5.651322253692314,sl,bb:LTC
squeeze,DOGE,2026-01-18 23:00:00+00:00,2026-01-19 00:00:00+00:00,2.3976800079932503,11.921030662178499,tp,squeeze:DOGE
squeeze,XRP,2026-01-18 23:00:00+00:00,2026-01-19 00:00:00+00:00,2.37603839046016,9.751003836380512,tp,squeeze:XRP
donchian,BCH,2026-01-15 16:00:00+00:00,2026-01-20 16:00:00+00:00,0.32022311940513903,1.7035869952353397,sure,donchian:BCH
donchian,ETH,2026-01-20 04:00:00+00:00,2026-01-21 12:00:00+00:00,2.4355042845889314,12.956882794013115,tp,donchian:ETH
donchian,ADA,2026-01-18 20:00:00+00:00,2026-01-23 20:00:00+00:00,0.9022011369765713,4.79971004871536,sure,donchian:ADA
donchian,NEAR,2026-01-18 20:00:00+00:00,2026-01-23 20:00:00+00:00,1.2716320881093734,6.765082708741867,sure,donchian:NEAR
donchian,SOL,2026-01-19 00:00:00+00:00,2026-01-24 00:00:00+00:00,1.1706210914041255,6.227704206269948,sure,donchian:SOL
donchian,BNB,2026-01-20 16:00:00+00:00,2026-01-25 16:00:00+00:00,1.576515716577931,8.387063612194595,sure,donchian:BNB
squeeze,DOGE,2026-01-25 07:00:00+00:00,2026-01-25 16:00:00+00:00,2.308124878017493,6.1196095483212005,tp,squeeze:DOGE
bb,LTC,2026-01-25 09:00:00+00:00,2026-01-25 18:00:00+00:00,1.5723262006887557,8.36477538766418,tp,bb:LTC
donchian,ADA,2026-01-25 16:00:00+00:00,2026-01-26 00:00:00+00:00,-1.0431549730896272,-5.549584456836817,sl,donchian:ADA
donchian,BNB,2026-01-25 16:00:00+00:00,2026-01-26 00:00:00+00:00,-1.0923272620396942,-5.811181034051173,sl,donchian:BNB
donchian,SOL,2026-01-25 16:00:00+00:00,2026-01-26 00:00:00+00:00,-1.0499135012835206,-5.585539826828329,sl,donchian:SOL
donchian,ETH,2026-01-25 16:00:00+00:00,2026-01-26 04:00:00+00:00,-1.056246352066521,-5.619230592993892,sl,donchian:ETH
donchian,NEAR,2026-01-25 16:00:00+00:00,2026-01-26 12:00:00+00:00,-1.039250877592918,-5.528814668794324,sl,donchian:NEAR
bb,LTC,2026-01-25 19:00:00+00:00,2026-01-26 23:00:00+00:00,1.618195927173566,8.608802332563371,tp,bb:LTC
donchian,BNB,2026-01-28 08:00:00+00:00,2026-01-29 12:00:00+00:00,-1.0940676573958341,-5.820439937345838,sl,donchian:BNB
donchian,ICP,2026-01-25 12:00:00+00:00,2026-01-30 12:00:00+00:00,2.0925644993686214,11.132443136641067,sure,donchian:ICP
donchian,BCH,2026-01-29 12:00:00+00:00,2026-01-31 16:00:00+00:00,2.447036369265938,13.01823348449479,tp,donchian:BCH
donchian,NEAR,2026-01-29 12:00:00+00:00,2026-01-31 16:00:00+00:00,2.464154373119944,13.109301264998102,tp,donchian:NEAR
donchian,ADA,2026-01-30 00:00:00+00:00,2026-01-31 16:00:00+00:00,2.466251681767868,13.120458947005059,tp,donchian:ADA
donchian,BNB,2026-01-30 00:00:00+00:00,2026-01-31 16:00:00+00:00,2.443192950902637,12.99778649880203,tp,donchian:BNB
donchian,ETH,2026-01-30 00:00:00+00:00,2026-01-31 16:00:00+00:00,2.4613906280708986,13.094598141337181,tp,donchian:ETH
donchian,SOL,2026-01-30 00:00:00+00:00,2026-01-31 16:00:00+00:00,2.46215059997701,13.098641191877695,tp,donchian:SOL
donchian,BCH,2026-01-31 16:00:00+00:00,2026-02-01 00:00:00+00:00,-1.0308254618185764,-5.4839914568748265,sl,donchian:BCH
squeeze,XRP,2026-02-03 17:00:00+00:00,2026-02-03 20:00:00+00:00,-1.0605323150766404,-5.642031916207727,sl,squeeze:XRP
donchian,ICP,2026-01-31 08:00:00+00:00,2026-02-05 08:00:00+00:00,2.082797829140667,11.08048445102835,sure,donchian:ICP
donchian,BNB,2026-01-31 16:00:00+00:00,2026-02-05 08:00:00+00:00,2.463613101163634,13.106421698190532,tp,donchian:BNB
donchian,ETH,2026-01-31 16:00:00+00:00,2026-02-05 12:00:00+00:00,2.47605385406092,13.172606503604095,tp,donchian:ETH
donchian,ADA,2026-01-31 16:00:00+00:00,2026-02-05 16:00:00+00:00,1.436640005889017,7.6429248313295695,sure,donchian:ADA
donchian,NEAR,2026-01-31 16:00:00+00:00,2026-02-05 16:00:00+00:00,1.56959001039701,8.350218855312093,sure,donchian:NEAR
donchian,SOL,2026-01-31 16:00:00+00:00,2026-02-05 16:00:00+00:00,2.4763838652166785,13.17436216295273,tp,donchian:SOL
donchian,BNB,2026-02-05 08:00:00+00:00,2026-02-06 00:00:00+00:00,2.4696797781509043,13.13869641976281,tp,donchian:BNB
donchian,BCH,2026-02-05 20:00:00+00:00,2026-02-06 12:00:00+00:00,-1.0221797422017904,-5.437996228513525,sl,donchian:BCH
donchian,ADA,2026-02-05 16:00:00+00:00,2026-02-06 16:00:00+00:00,-1.0192760552903855,-5.4225486141448505,sl,donchian:ADA
bb,LTC,2026-02-07 09:00:00+00:00,2026-02-09 09:00:00+00:00,-0.03431373980122786,-0.1825490957425322,sure,bb:LTC
donchian,ETH,2026-02-05 12:00:00+00:00,2026-02-10 12:00:00+00:00,-0.33824322055293793,-1.7994539333416297,sure,donchian:ETH
donchian,ICP,2026-02-05 12:00:00+00:00,2026-02-10 12:00:00+00:00,0.19176376136856826,1.020183210480783,sure,donchian:ICP
donchian,NEAR,2026-02-05 16:00:00+00:00,2026-02-10 16:00:00+00:00,0.2880775343600614,1.5325724827955267,sure,donchian:NEAR
donchian,SOL,2026-02-05 16:00:00+00:00,2026-02-10 16:00:00+00:00,-0.1886051098833812,-1.003379184579588,sure,donchian:SOL
squeeze,XRP,2026-02-11 06:00:00+00:00,2026-02-11 14:00:00+00:00,-1.0729871126446087,-5.708291439269319,sl,squeeze:XRP
squeeze,DOGE,2026-02-11 07:00:00+00:00,2026-02-11 14:00:00+00:00,-1.081679045251029,-5.7545325207354745,sl,squeeze:DOGE
squeeze,TRX,2026-02-16 12:00:00+00:00,2026-02-16 21:00:00+00:00,2.114856669357615,2.7934547310594744,tp,squeeze:TRX
bb,LTC,2026-02-15 12:00:00+00:00,2026-02-17 12:00:00+00:00,-0.09582252020719075,-0.5097758075022548,sure,bb:LTC
squeeze,DOGE,2026-02-16 19:00:00+00:00,2026-02-17 16:00:00+00:00,-1.0567118386640473,-5.621706981692731,sl,squeeze:DOGE
squeeze,XRP,2026-02-17 12:00:00+00:00,2026-02-17 16:00:00+00:00,-1.0859082892835132,-5.777032098988291,sl,squeeze:XRP
donchian,BCH,2026-02-13 16:00:00+00:00,2026-02-18 16:00:00+00:00,-0.16852483579033725,-0.8965521264045941,sure,donchian:BCH
bb,LTC,2026-02-21 15:00:00+00:00,2026-02-22 13:00:00+00:00,1.5837721017508641,8.425667581314597,tp,bb:LTC
bb,LTC,2026-02-22 13:00:00+00:00,2026-02-23 01:00:00+00:00,-1.0917278850417835,-5.807992348422289,sl,bb:LTC
donchian,BNB,2026-02-23 00:00:00+00:00,2026-02-23 08:00:00+00:00,-1.0571372810918878,-5.623970335408843,sl,donchian:BNB
donchian,ADA,2026-02-23 00:00:00+00:00,2026-02-23 12:00:00+00:00,-1.0408227635422345,-5.537177102044687,sl,donchian:ADA
donchian,ETH,2026-02-23 00:00:00+00:00,2026-02-23 12:00:00+00:00,-1.049888012061197,-5.585404224165568,sl,donchian:ETH
donchian,SOL,2026-02-23 00:00:00+00:00,2026-02-23 12:00:00+00:00,-1.0399419118511708,-5.532490971048229,sl,donchian:SOL
donchian,ICP,2026-02-18 16:00:00+00:00,2026-02-23 16:00:00+00:00,1.855103793564679,9.869152181764093,sure,donchian:ICP
donchian,BCH,2026-02-23 12:00:00+00:00,2026-02-24 08:00:00+00:00,2.457567353822018,13.074258322333137,tp,donchian:BCH
donchian,ETH,2026-02-24 00:00:00+00:00,2026-02-25 00:00:00+00:00,-1.0431111418589705,-5.549351274689723,sl,donchian:ETH
donchian,SOL,2026-02-24 00:00:00+00:00,2026-02-25 00:00:00+00:00,-1.0360541564447119,-5.511808112285867,sl,donchian:SOL
donchian,BCH,2026-02-24 08:00:00+00:00,2026-02-25 00:00:00+00:00,-1.0330932706446594,-5.496056199829588,sl,donchian:BCH
donchian,NEAR,2026-02-25 16:00:00+00:00,2026-02-26 04:00:00+00:00,-1.0308113728959123,-5.483916503806253,sl,donchian:NEAR
donchian,ADA,2026-02-25 16:00:00+00:00,2026-02-26 16:00:00+00:00,-1.0355201973827952,-5.5089674500764705,sl,donchian:ADA
bb,LTC,2026-03-01 20:00:00+00:00,2026-03-03 20:00:00+00:00,0.9845138907346129,5.23761389870814,sure,bb:LTC
donchian,BCH,2026-02-27 12:00:00+00:00,2026-03-04 12:00:00+00:00,-0.30383464751529893,-1.6164003247813903,sure,donchian:BCH
donchian,ETH,2026-03-04 12:00:00+00:00,2026-03-06 12:00:00+00:00,-1.0300576776862436,-5.479906845290816,sl,donchian:ETH
donchian,SOL,2026-03-04 12:00:00+00:00,2026-03-06 12:00:00+00:00,-1.0278349991326587,-5.468082195385745,sl,donchian:SOL
donchian,NEAR,2026-03-02 12:00:00+00:00,2026-03-07 12:00:00+00:00,-0.8841060955525019,-4.70344442833931,sure,donchian:NEAR
squeeze,XLM,2026-03-08 02:00:00+00:00,2026-03-08 10:00:00+00:00,-1.1252055975106907,-4.571842065964673,sl,squeeze:XLM
squeeze,XRP,2026-03-06 14:00:00+00:00,2026-03-08 14:00:00+00:00,0.12076835425890653,0.6424876446573827,sure,squeeze:XRP
bb,LTC,2026-03-07 19:00:00+00:00,2026-03-08 16:00:00+00:00,-1.0929971754861507,-5.814744973586322,sl,bb:LTC
squeeze,XRP,2026-03-08 17:00:00+00:00,2026-03-08 20:00:00+00:00,-1.1340643943144044,-4.303356696220236,sl,squeeze:XRP
squeeze,DOGE,2026-03-08 18:00:00+00:00,2026-03-08 20:00:00+00:00,-1.1053696746445358,-5.336727000729383,sl,squeeze:DOGE
bb,LTC,2026-03-08 16:00:00+00:00,2026-03-09 19:00:00+00:00,1.5961850192755664,8.491704302546013,tp,bb:LTC
donchian,ADA,2026-03-06 12:00:00+00:00,2026-03-10 12:00:00+00:00,-1.0302329546212814,-5.480839318585217,sl,donchian:ADA
squeeze,DOGE,2026-03-10 09:00:00+00:00,2026-03-11 02:00:00+00:00,-1.0745051272957027,-5.716367277213138,sl,squeeze:DOGE
bb,LTC,2026-03-14 09:00:00+00:00,2026-03-16 03:00:00+00:00,1.5864953221401599,8.44015511378565,tp,bb:LTC
squeeze,XLM,2026-03-15 00:00:00+00:00,2026-03-16 05:00:00+00:00,2.3908324755214294,11.14137429532306,tp,squeeze:XLM
donchian,ETH,2026-03-13 00:00:00+00:00,2026-03-16 16:00:00+00:00,2.4575917207624993,13.074387954456496,tp,donchian:ETH
squeeze,XLM,2026-03-16 05:00:00+00:00,2026-03-17 02:00:00+00:00,2.420359438495751,12.876312212797396,tp,squeeze:XLM
donchian,NEAR,2026-03-12 20:00:00+00:00,2026-03-17 20:00:00+00:00,1.1644911888850011,6.195093124868206,sure,donchian:NEAR
donchian,BNB,2026-03-13 00:00:00+00:00,2026-03-18 00:00:00+00:00,0.5706952271320953,3.036098608342747,sure,donchian:BNB
donchian,SOL,2026-03-13 00:00:00+00:00,2026-03-18 00:00:00+00:00,1.2363028530662705,6.577131178312559,sure,donchian:SOL
donchian,ADA,2026-03-16 04:00:00+00:00,2026-03-18 12:00:00+00:00,-1.0413466277546908,-5.539964059654955,sl,donchian:ADA
donchian,ETH,2026-03-16 16:00:00+00:00,2026-03-18 12:00:00+00:00,-1.0453917886762112,-5.561484315757443,sl,donchian:ETH
donchian,BCH,2026-03-18 12:00:00+00:00,2026-03-20 00:00:00+00:00,-1.0579064511808738,-5.628062320282249,sl,donchian:BCH
squeeze,XRP,2026-03-18 11:00:00+00:00,2026-03-20 11:00:00+00:00,1.2282022749951873,6.5340361029743965,sure,squeeze:XRP
bb,LTC,2026-03-21 14:00:00+00:00,2026-03-21 23:00:00+00:00,-1.1068757277829064,-5.26869258621697,sl,bb:LTC
squeeze,XRP,2026-03-20 19:00:00+00:00,2026-03-22 19:00:00+00:00,1.9417696829683688,9.52298894716665,sure,squeeze:XRP
bb,LTC,2026-03-21 23:00:00+00:00,2026-03-22 19:00:00+00:00,-1.0881559451178278,-5.788989628026844,sl,bb:LTC
donchian,SOL,2026-03-22 20:00:00+00:00,2026-03-23 08:00:00+00:00,-1.0484122105966018,-5.577552960373922,sl,donchian:SOL
squeeze,XRP,2026-03-23 09:00:00+00:00,2026-03-23 11:00:00+00:00,-1.1017949699046432,-5.506270561205395,sl,squeeze:XRP
donchian,ADA,2026-03-21 20:00:00+00:00,2026-03-24 08:00:00+00:00,-1.0452874654715874,-5.560929316308845,sl,donchian:ADA
donchian,BNB,2026-03-19 12:00:00+00:00,2026-03-24 12:00:00+00:00,0.29891245619286666,1.5902142669460506,sure,donchian:BNB
donchian,ICP,2026-03-19 12:00:00+00:00,2026-03-24 12:00:00+00:00,0.9987093550069945,5.313133768637211,sure,donchian:ICP
bb,LTC,2026-03-28 13:00:00+00:00,2026-03-29 22:00:00+00:00,1.5711011273255502,8.334388076822973,tp,bb:LTC
donchian,ETH,2026-03-27 08:00:00+00:00,2026-03-30 08:00:00+00:00,-1.0417279664763348,-5.541992781654101,sl,donchian:ETH
donchian,NEAR,2026-03-26 04:00:00+00:00,2026-03-31 04:00:00+00:00,0.8450187077733948,4.49549952535446,sure,donchian:NEAR
donchian,ICP,2026-03-26 08:00:00+00:00,2026-03-31 08:00:00+00:00,0.3942735703374039,2.097535394194989,sure,donchian:ICP
donchian,ADA,2026-03-27 08:00:00+00:00,2026-04-01 08:00:00+00:00,-0.11679585138534955,-0.6213539293700596,sure,donchian:ADA
donchian,BNB,2026-03-27 08:00:00+00:00,2026-04-01 08:00:00+00:00,-0.3624476826045441,-1.9282216714561744,sure,donchian:BNB
donchian,SOL,2026-03-27 08:00:00+00:00,2026-04-01 08:00:00+00:00,-0.04231053061747813,-0.22509202288498367,sure,donchian:SOL
squeeze,TRX,2026-04-03 11:00:00+00:00,2026-04-03 16:00:00+00:00,-1.330984958212405,-2.045728381505745,sl,squeeze:TRX
donchian,BNB,2026-04-02 00:00:00+00:00,2026-04-06 08:00:00+00:00,-1.062620010050311,-5.653138453467654,sl,donchian:BNB
donchian,ICP,2026-04-06 08:00:00+00:00,2026-04-06 20:00:00+00:00,-1.0607775858232864,-5.643336756579884,sl,donchian:ICP
donchian,BCH,2026-04-02 00:00:00+00:00,2026-04-07 00:00:00+00:00,0.8292578735790439,4.411651887440514,sure,donchian:BCH
donchian,NEAR,2026-04-04 04:00:00+00:00,2026-04-08 04:00:00+00:00,2.452431095523774,13.046933428186477,tp,donchian:NEAR
donchian,ADA,2026-04-07 20:00:00+00:00,2026-04-08 20:00:00+00:00,-1.041763046766187,-5.542179408796114,sl,donchian:ADA
bb,LTC,2026-04-11 18:00:00+00:00,2026-04-12 01:00:00+00:00,1.5431962738133675,6.3411865585713745,tp,bb:LTC
donchian,ETH,2026-04-07 20:00:00+00:00,2026-04-12 20:00:00+00:00,-0.5986657116119961,-3.1849015857758194,sure,donchian:ETH
donchian,ICP,2026-04-07 20:00:00+00:00,2026-04-12 20:00:00+00:00,-0.5201376462738594,-2.767132278176932,sure,donchian:ICP
donchian,NEAR,2026-04-08 04:00:00+00:00,2026-04-13 04:00:00+00:00,0.5722456526588822,3.0443468721452533,sure,donchian:NEAR
bb,LTC,2026-04-12 01:00:00+00:00,2026-04-13 10:00:00+00:00,-1.0920901829943814,-5.809919773530109,sl,bb:LTC
donchian,ADA,2026-04-12 12:00:00+00:00,2026-04-13 20:00:00+00:00,-1.046265278510841,-5.5661312816776745,sl,donchian:ADA
donchian,BCH,2026-04-12 20:00:00+00:00,2026-04-13 20:00:00+00:00,-1.0775891849753434,-5.732774464068827,sl,donchian:BCH
donchian,NEAR,2026-04-14 04:00:00+00:00,2026-04-14 16:00:00+00:00,-1.038517880460597,-5.524915124050376,sl,donchian:NEAR
squeeze,XRP,2026-04-15 15:00:00+00:00,2026-04-16 09:00:00+00:00,2.361919236421476,8.701917141885222,tp,squeeze:XRP
squeeze,XLM,2026-04-16 00:00:00+00:00,2026-04-16 15:00:00+00:00,2.3849186117919223,10.542692781826595,tp,squeeze:XLM
squeeze,DOGE,2026-04-15 17:00:00+00:00,2026-04-16 18:00:00+00:00,2.390083929948174,11.062035302841347,tp,squeeze:DOGE
donchian,ADA,2026-04-16 16:00:00+00:00,2026-04-18 08:00:00+00:00,-1.0436294905361796,-5.552108889652476,sl,donchian:ADA
donchian,ICP,2026-04-16 16:00:00+00:00,2026-04-18 08:00:00+00:00,-1.0457544332740114,-5.563413585017741,sl,donchian:ICP
donchian,SOL,2026-04-16 16:00:00+00:00,2026-04-18 08:00:00+00:00,-1.0476411783125161,-5.573451068622585,sl,donchian:SOL
donchian,ETH,2026-04-13 20:00:00+00:00,2026-04-18 20:00:00+00:00,-0.265031046519653,-1.409965167484554,sure,donchian:ETH
donchian,BNB,2026-04-16 16:00:00+00:00,2026-04-19 00:00:00+00:00,-1.0775766401492253,-5.732707725593879,sl,donchian:BNB
donchian,BCH,2026-04-16 20:00:00+00:00,2026-04-19 04:00:00+00:00,-1.064577886024387,-5.663554353649739,sl,donchian:BCH
bb,LTC,2026-04-18 18:00:00+00:00,2026-04-19 22:00:00+00:00,-1.0841327014891997,-5.767585971922543,sl,bb:LTC
squeeze,XRP,2026-04-19 21:00:00+00:00,2026-04-20 07:00:00+00:00,-1.118726601725759,-4.793569277570608,sl,squeeze:XRP
squeeze,DOGE,2026-04-19 23:00:00+00:00,2026-04-20 07:00:00+00:00,-1.0984441507949276,-5.676375854744366,sl,squeeze:DOGE
squeeze,XRP,2026-04-21 11:00:00+00:00,2026-04-21 17:00:00+00:00,-1.1416702204407838,-4.099634920357065,sl,squeeze:XRP
squeeze,XRP,2026-04-21 19:00:00+00:00,2026-04-22 02:00:00+00:00,-1.1184615046445756,-4.80315804410466,sl,squeeze:XRP
donchian,BCH,2026-04-22 04:00:00+00:00,2026-04-23 00:00:00+00:00,-1.0671945996214598,-5.677475269986166,sl,donchian:BCH
donchian,BNB,2026-04-22 12:00:00+00:00,2026-04-23 00:00:00+00:00,-1.0822735891313275,-5.757695494178662,sl,donchian:BNB
squeeze,TRX,2026-04-24 08:00:00+00:00,2026-04-24 16:00:00+00:00,2.154029390625368,3.1673459307039606,tp,squeeze:TRX
squeeze,XLM,2026-04-25 17:00:00+00:00,2026-04-27 01:00:00+00:00,-1.1422286745673567,-4.085535383331678,sl,squeeze:XLM
bb,LTC,2026-04-25 17:00:00+00:00,2026-04-27 05:00:00+00:00,-1.1342180232674863,-4.29901327586115,sl,bb:LTC
squeeze,TRX,2026-04-29 03:00:00+00:00,2026-04-29 08:00:00+00:00,-1.3878712092087786,-1.820307267314264,sl,squeeze:TRX
donchian,ADA,2026-04-29 16:00:00+00:00,2026-05-01 00:00:00+00:00,-1.0569620569157983,-5.623038142792047,sl,donchian:ADA
donchian,ETH,2026-04-29 16:00:00+00:00,2026-05-01 12:00:00+00:00,-1.0566497823889829,-5.621376842309389,sl,donchian:ETH
donchian,BNB,2026-04-27 12:00:00+00:00,2026-05-02 12:00:00+00:00,0.1472090647016459,0.7756786697247496,sure,donchian:BNB
donchian,NEAR,2026-04-27 12:00:00+00:00,2026-05-02 12:00:00+00:00,1.379545870489124,7.339184031002139,sure,donchian:NEAR
donchian,SOL,2026-04-27 12:00:00+00:00,2026-05-02 12:00:00+00:00,-0.02197988216049849,-0.11693297309385196,sure,donchian:SOL
squeeze,XRP,2026-05-02 19:00:00+00:00,2026-05-03 01:00:00+00:00,-1.2775019855947836,-2.3419551259381177,sl,squeeze:XRP
squeeze,DOGE,2026-05-01 04:00:00+00:00,2026-05-03 04:00:00+00:00,-0.43214122201402827,-2.2989913011146306,sure,squeeze:DOGE
donchian,ETH,2026-05-04 00:00:00+00:00,2026-05-04 08:00:00+00:00,-1.0763830536683199,-5.726357845515461,sl,donchian:ETH
donchian,ICP,2026-04-29 12:00:00+00:00,2026-05-04 12:00:00+00:00,-0.11323967757627121,-0.6024350847057629,sure,donchian:ICP
donchian,NEAR,2026-05-04 08:00:00+00:00,2026-05-05 12:00:00+00:00,-1.0537678520936342,-5.606044973138134,sl,donchian:NEAR
donchian,ICP,2026-05-05 08:00:00+00:00,2026-05-05 20:00:00+00:00,2.448987064078828,13.028611180899363,tp,donchian:ICP
donchian,BCH,2026-05-05 08:00:00+00:00,2026-05-06 04:00:00+00:00,2.4205612357312134,12.877385774090056,tp,donchian:BCH
donchian,ADA,2026-05-05 04:00:00+00:00,2026-05-06 08:00:00+00:00,2.432973942461534,12.943421373895363,tp,donchian:ADA
donchian,NEAR,2026-05-06 04:00:00+00:00,2026-05-06 08:00:00+00:00,2.450358788997683,13.035908757467674,tp,donchian:NEAR
donchian,ADA,2026-05-06 08:00:00+00:00,2026-05-06 12:00:00+00:00,-1.059225338595006,-5.635078801325432,sl,donchian:ADA
donchian,ETH,2026-05-06 08:00:00+00:00,2026-05-06 12:00:00+00:00,-1.0662089966261092,-5.672231862050902,sl,donchian:ETH
squeeze,XRP,2026-05-06 07:00:00+00:00,2026-05-06 14:00:00+00:00,-1.1566200616483173,-3.756872106098942,sl,squeeze:XRP
donchian,ICP,2026-05-05 20:00:00+00:00,2026-05-06 16:00:00+00:00,2.463656599547845,13.106653109594536,tp,donchian:ICP
donchian,ICP,2026-05-06 20:00:00+00:00,2026-05-07 00:00:00+00:00,-1.0247381957013173,-5.451607201131009,sl,donchian:ICP
donchian,BCH,2026-05-06 04:00:00+00:00,2026-05-07 12:00:00+00:00,-1.0576980039481712,-5.62695338100427,sl,donchian:BCH
squeeze,XLM,2026-05-07 15:00:00+00:00,2026-05-08 15:00:00+00:00,-1.1057993242310455,-5.317120551648511,sl,squeeze:XLM
donchian,SOL,2026-05-05 16:00:00+00:00,2026-05-08 16:00:00+00:00,2.4243933832672746,12.8977727989819,tp,donchian:SOL
donchian,ICP,2026-05-08 04:00:00+00:00,2026-05-09 00:00:00+00:00,2.479887426813429,13.193001110647444,tp,donchian:ICP
donchian,ICP,2026-05-09 00:00:00+00:00,2026-05-10 04:00:00+00:00,-1.017472546603393,-5.412953947930051,sl,donchian:ICP
squeeze,XLM,2026-05-08 15:00:00+00:00,2026-05-10 15:00:00+00:00,2.009101522886784,8.815099779742434,sure,squeeze:XLM
bb,LTC,2026-05-10 08:00:00+00:00,2026-05-10 16:00:00+00:00,-1.1211333556020608,-4.7084352901304385,sl,bb:LTC
bb,LTC,2026-05-10 16:00:00+00:00,2026-05-10 23:00:00+00:00,-1.1091813654201386,-5.168173964046184,sl,bb:LTC
donchian,NEAR,2026-05-06 08:00:00+00:00,2026-05-11 08:00:00+00:00,0.9571668918169097,5.09212786446596,sure,donchian:NEAR
donchian,ADA,2026-05-10 12:00:00+00:00,2026-05-12 12:00:00+00:00,-1.0548012747178,-5.611542781498696,sl,donchian:ADA
bb,LTC,2026-05-10 23:00:00+00:00,2026-05-12 12:00:00+00:00,1.6050399395978705,8.538812478660672,tp,bb:LTC
donchian,BNB,2026-05-11 20:00:00+00:00,2026-05-12 12:00:00+00:00,-1.0793523096167397,-5.742154287161055,sl,donchian:BNB
donchian,ETH,2026-05-12 12:00:00+00:00,2026-05-13 08:00:00+00:00,-1.073926053149345,-5.713286602754516,sl,donchian:ETH
donchian,NEAR,2026-05-13 00:00:00+00:00,2026-05-13 12:00:00+00:00,-1.0284084111888903,-5.471132747524896,sl,donchian:NEAR
donchian,SOL,2026-05-08 16:00:00+00:00,2026-05-13 16:00:00+00:00,-0.6238493899141406,-3.318878754343228,sure,donchian:SOL
donchian,ETH,2026-05-13 12:00:00+00:00,2026-05-14 12:00:00+00:00,-1.067666969857474,-5.679988279641761,sl,donchian:ETH
squeeze,DOGE,2026-05-14 18:00:00+00:00,2026-05-15 05:00:00+00:00,-1.0621436326131055,-5.650604125501721,sl,squeeze:DOGE
donchian,BCH,2026-05-12 00:00:00+00:00,2026-05-16 04:00:00+00:00,2.414424053372576,12.844735963942105,tp,donchian:BCH
donchian,BNB,2026-05-13 00:00:00+00:00,2026-05-16 04:00:00+00:00,-1.0680732190497688,-5.68214952534477,sl,donchian:BNB
bb,LTC,2026-05-16 06:00:00+00:00,2026-05-17 23:00:00+00:00,-1.0806166805174717,-5.748880740352949,sl,bb:LTC
donchian,BCH,2026-05-16 04:00:00+00:00,2026-05-18 00:00:00+00:00,2.421694027198857,12.883412224697919,tp,donchian:BCH
donchian,BCH,2026-05-18 00:00:00+00:00,2026-05-18 08:00:00+00:00,2.4472980553226487,13.019625654316492,tp,donchian:BCH
bb,LTC,2026-05-17 23:00:00+00:00,2026-05-18 10:00:00+00:00,-1.0855064550328812,-5.774894340774928,sl,bb:LTC
donchian,BCH,2026-05-18 08:00:00+00:00,2026-05-18 12:00:00+00:00,-1.0369728162507517,-5.5166953824539995,sl,donchian:BCH
squeeze,TRX,2026-05-16 16:00:00+00:00,2026-05-18 16:00:00+00:00,0.2543406061947433,0.4242772012756063,sure,squeeze:TRX
donchian,ICP,2026-05-15 04:00:00+00:00,2026-05-20 04:00:00+00:00,0.9454175337580438,5.029621279592793,sure,donchian:ICP
donchian,ETH,2026-05-15 12:00:00+00:00,2026-05-20 12:00:00+00:00,1.3080639110918202,6.958900007008483,sure,donchian:ETH
squeeze,DOGE,2026-05-19 23:00:00+00:00,2026-05-20 15:00:00+00:00,-1.1067384729218865,-5.274813422234565,sl,squeeze:DOGE
donchian,BNB,2026-05-18 12:00:00+00:00,2026-05-21 00:00:00+00:00,-1.0701238408775322,-5.693058833468472,sl,donchian:BNB
donchian,ADA,2026-05-16 04:00:00+00:00,2026-05-21 04:00:00+00:00,0.5859621220763918,3.1173184894464043,sure,donchian:ADA
donchian,SOL,2026-05-16 04:00:00+00:00,2026-05-21 04:00:00+00:00,0.2187407950000857,1.163701029400456,sure,donchian:SOL
squeeze,XRP,2026-05-19 13:00:00+00:00,2026-05-21 13:00:00+00:00,0.6290415441787242,2.5773941860464937,sure,squeeze:XRP
donchian,NEAR,2026-05-20 12:00:00+00:00,2026-05-21 20:00:00+00:00,2.4696030370317956,13.138288157009152,tp,donchian:NEAR
donchian,SOL,2026-05-23 04:00:00+00:00,2026-05-23 16:00:00+00:00,-1.0495693183175314,-5.583708773449267,sl,donchian:SOL
donchian,ETH,2026-05-22 16:00:00+00:00,2026-05-23 20:00:00+00:00,-1.0634056928295506,-5.657318285853209,sl,donchian:ETH
donchian,ICP,2026-05-23 04:00:00+00:00,2026-05-23 20:00:00+00:00,-1.0224456296819768,-5.439410749908117,sl,donchian:ICP
donchian,NEAR,2026-05-22 00:00:00+00:00,2026-05-24 12:00:00+00:00,2.474592846131853,13.164833941421456,tp,donchian:NEAR
bb,LTC,2026-05-24 14:00:00+00:00,2026-05-26 14:00:00+00:00,-0.32751955957278595,-1.6951015373699083,sure,bb:LTC
donchian,BNB,2026-05-25 12:00:00+00:00,2026-05-26 16:00:00+00:00,-1.0881317837909437,-5.7888610897678205,sl,donchian:BNB
donchian,NEAR,2026-05-25 12:00:00+00:00,2026-05-27 00:00:00+00:00,-1.0204894663014383,-5.429003960723652,sl,donchian:NEAR
donchian,ADA,2026-05-22 16:00:00+00:00,2026-05-27 16:00:00+00:00,0.3580837452106527,1.9050055245206725,sure,donchian:ADA
donchian,ICP,2026-05-27 04:00:00+00:00,2026-05-27 20:00:00+00:00,-1.025500552757374,-5.45566294066923,sl,donchian:ICP
donchian,BCH,2026-05-23 08:00:00+00:00,2026-05-28 08:00:00+00:00,2.4612742954330766,13.093979251703969,tp,donchian:BCH
donchian,BNB,2026-05-28 04:00:00+00:00,2026-05-30 00:00:00+00:00,-1.0798631950999855,-5.744872197931923,sl,donchian:BNB
donchian,BNB,2026-05-30 12:00:00+00:00,2026-05-31 00:00:00+00:00,2.4360963006833334,12.960032319635335,tp,donchian:BNB
donchian,BNB,2026-05-31 00:00:00+00:00,2026-05-31 16:00:00+00:00,-1.0504132692807688,-5.58819859257369,sl,donchian:BNB
bb,LTC,2026-05-31 14:00:00+00:00,2026-06-01 06:00:00+00:00,-1.1317202536090982,-4.370887317950788,sl,bb:LTC
donchian,ADA,2026-05-28 00:00:00+00:00,2026-06-02 00:00:00+00:00,0.4676266441400861,2.487773746825258,sure,donchian:ADA
donchian,ETH,2026-05-28 00:00:00+00:00,2026-06-02 00:00:00+00:00,-0.39735778000225014,-2.1139433896119706,sure,donchian:ETH
donchian,SOL,2026-05-28 00:00:00+00:00,2026-06-02 00:00:00+00:00,-0.12378108620608896,-0.6585153786163933,sure,donchian:SOL
squeeze,XRP,2026-06-01 05:00:00+00:00,2026-06-02 02:00:00+00:00,2.3724802881330187,9.464733074675172,tp,squeeze:XRP
donchian,BCH,2026-05-28 08:00:00+00:00,2026-06-02 08:00:00+00:00,1.0172482820956308,5.411760860748756,sure,donchian:BCH
donchian,SOL,2026-06-02 08:00:00+00:00,2026-06-03 16:00:00+00:00,2.448395781076405,13.025465555326475,tp,donchian:SOL
donchian,ADA,2026-06-02 04:00:00+00:00,2026-06-03 20:00:00+00:00,2.4542102158560195,13.056398348354023,tp,donchian:ADA
donchian,ICP,2026-06-02 08:00:00+00:00,2026-06-04 00:00:00+00:00,-1.022059682560021,-5.437357511219312,sl,donchian:ICP
donchian,ETH,2026-06-02 12:00:00+00:00,2026-06-04 00:00:00+00:00,2.447611745000435,13.021294483402313,tp,donchian:ETH
donchian,NEAR,2026-06-03 04:00:00+00:00,2026-06-04 04:00:00+00:00,-1.0159684160707696,-5.404951973496495,sl,donchian:NEAR
donchian,ADA,2026-06-03 20:00:00+00:00,2026-06-05 00:00:00+00:00,2.4679445174381116,13.129464832770756,tp,donchian:ADA
donchian,BCH,2026-06-02 20:00:00+00:00,2026-06-05 04:00:00+00:00,2.4708033125719475,13.144673622882761,tp,donchian:BCH
donchian,SOL,2026-06-03 16:00:00+00:00,2026-06-05 16:00:00+00:00,2.4665228383306737,13.121901499919183,tp,donchian:SOL
donchian,BNB,2026-06-03 16:00:00+00:00,2026-06-08 16:00:00+00:00,0.4053600863306524,2.1565156592790706,sure,donchian:BNB
donchian,ADA,2026-06-05 00:00:00+00:00,2026-06-08 20:00:00+00:00,-1.0190077092540792,-5.421121013231702,sl,donchian:ADA
donchian,ICP,2026-06-05 00:00:00+00:00,2026-06-10 00:00:00+00:00,0.7023221327395524,3.7363537461744185,sure,donchian:ICP
donchian,BCH,2026-06-05 04:00:00+00:00,2026-06-10 04:00:00+00:00,1.2423838862903855,6.609482275064851,sure,donchian:BCH
donchian,ETH,2026-06-05 04:00:00+00:00,2026-06-10 04:00:00+00:00,0.346450869189563,1.8431186240884754,sure,donchian:ETH
donchian,NEAR,2026-06-05 12:00:00+00:00,2026-06-10 12:00:00+00:00,-0.4947075418704016,-2.631844122750537,sure,donchian:NEAR
donchian,SOL,2026-06-05 16:00:00+00:00,2026-06-10 16:00:00+00:00,-0.051209512496948384,-0.2724346064837654,sure,donchian:SOL
donchian,BCH,2026-06-10 08:00:00+00:00,2026-06-11 20:00:00+00:00,-1.0231910862327647,-5.443376578758308,sl,donchian:BCH
squeeze,XRP,2026-06-12 21:00:00+00:00,2026-06-13 12:00:00+00:00,-1.0978565575301247,-5.7074057306538855,sl,squeeze:XRP
bb,LTC,2026-06-13 08:00:00+00:00,2026-06-14 01:00:00+00:00,-1.0830542986665381,-5.761848868905983,sl,bb:LTC
donchian,ICP,2026-06-13 16:00:00+00:00,2026-06-14 04:00:00+00:00,-1.0278971337613618,-5.468412751610445,sl,donchian:ICP
bb,LTC,2026-06-14 21:00:00+00:00,2026-06-15 10:00:00+00:00,-1.0929231026368356,-5.814350906027966,sl,bb:LTC
donchian,BNB,2026-06-15 12:00:00+00:00,2026-06-15 20:00:00+00:00,-1.0736459136142154,-5.711796260427626,sl,donchian:BNB
squeeze,XLM,2026-06-18 01:00:00+00:00,2026-06-18 05:00:00+00:00,-1.033171334448431,-5.496471499265653,sl,squeeze:XLM
donchian,NEAR,2026-06-15 00:00:00+00:00,2026-06-18 16:00:00+00:00,-1.024379973891658,-5.44970146110362,sl,donchian:NEAR
bb,LTC,2026-06-20 22:00:00+00:00,2026-06-21 10:00:00+00:00,-1.0989808840110982,-5.648353778653375,sl,bb:LTC
bb,LTC,2026-06-21 10:00:00+00:00,2026-06-21 15:00:00+00:00,-1.1059985621312693,-5.308082555152559,sl,bb:LTC
squeeze,XLM,2026-06-20 03:00:00+00:00,2026-06-22 03:00:00+00:00,0.1326684725719279,0.7057962740826565,sure,squeeze:XLM
donchian,BNB,2026-06-18 04:00:00+00:00,2026-06-23 04:00:00+00:00,0.40308251939703893,2.1443990031922473,sure,donchian:BNB
donchian,ADA,2026-06-18 12:00:00+00:00,2026-06-23 12:00:00+00:00,0.9907401729316136,5.270737719996185,sure,donchian:ADA
donchian,BCH,2026-06-18 12:00:00+00:00,2026-06-23 12:00:00+00:00,0.34136928048720183,1.8160845721919137,sure,donchian:BCH
donchian,ICP,2026-06-18 12:00:00+00:00,2026-06-23 12:00:00+00:00,0.30126120721588806,1.6027096223885247,sure,donchian:ICP
squeeze,XRP,2026-06-24 10:00:00+00:00,2026-06-24 11:00:00+00:00,-1.132124356745462,-4.359074871372014,sl,squeeze:XRP
squeeze,TRX,2026-06-24 08:00:00+00:00,2026-06-24 13:00:00+00:00,-1.3558624034737146,-1.938280342273097,sl,squeeze:TRX
donchian,BCH,2026-06-24 16:00:00+00:00,2026-06-25 04:00:00+00:00,-1.03737732884434,-5.518847389451889,sl,donchian:BCH
donchian,ICP,2026-06-24 16:00:00+00:00,2026-06-25 04:00:00+00:00,-1.0328756655254054,-5.494898540595157,sl,donchian:ICP
donchian,ETH,2026-06-23 08:00:00+00:00,2026-06-25 16:00:00+00:00,-1.0513399887946084,-5.593128740387317,sl,donchian:ETH
donchian,SOL,2026-06-24 12:00:00+00:00,2026-06-26 04:00:00+00:00,-1.0391600788728557,-5.528331619603592,sl,donchian:SOL
donchian,NEAR,2026-06-22 20:00:00+00:00,2026-06-27 20:00:00+00:00,1.3658432149007307,7.266285903271887,sure,donchian:NEAR
donchian,ADA,2026-06-24 08:00:00+00:00,2026-06-29 08:00:00+00:00,0.4270058828293796,2.2716712966522996,sure,donchian:ADA
donchian,BNB,2026-06-24 12:00:00+00:00,2026-06-29 12:00:00+00:00,0.5713613824184403,3.0396425544661025,sure,donchian:BNB
bb,LTC,2026-06-27 13:00:00+00:00,2026-06-29 13:00:00+00:00,0.32171601920398263,1.7115292221651877,sure,bb:LTC
donchian,SOL,2026-06-29 16:00:00+00:00,2026-06-30 12:00:00+00:00,-1.0342242852283774,-5.502073197414967,sl,donchian:SOL
squeeze,XLM,2026-06-29 19:00:00+00:00,2026-06-30 23:00:00+00:00,2.4291776714491395,12.923225212109422,tp,squeeze:XLM
squeeze,DOGE,2026-07-03 10:00:00+00:00,2026-07-03 21:00:00+00:00,2.383750870907677,10.431679542643012,tp,squeeze:DOGE
donchian,ADA,2026-07-03 12:00:00+00:00,2026-07-04 16:00:00+00:00,2.46334567646877,13.104998998813855,tp,donchian:ADA
squeeze,XLM,2026-07-03 13:00:00+00:00,2026-07-05 07:00:00+00:00,-1.0644190765502108,-5.662709487247121,sl,squeeze:XLM
donchian,ADA,2026-07-04 16:00:00+00:00,2026-07-06 08:00:00+00:00,-1.0307839213431387,-5.483770461545498,sl,donchian:ADA
donchian,SOL,2026-07-01 12:00:00+00:00,2026-07-06 12:00:00+00:00,1.0456830351641235,5.5630337470731375,sure,donchian:SOL
bb,LTC,2026-07-04 16:00:00+00:00,2026-07-06 16:00:00+00:00,0.1165958966327875,0.6202901700864295,sure,bb:LTC
donchian,NEAR,2026-07-03 12:00:00+00:00,2026-07-08 00:00:00+00:00,-1.0309114181392054,-5.484448744500573,sl,donchian:NEAR
donchian,ETH,2026-07-03 08:00:00+00:00,2026-07-08 08:00:00+00:00,0.040484773372078856,0.2153789943394595,sure,donchian:ETH
donchian,BCH,2026-07-04 12:00:00+00:00,2026-07-09 12:00:00+00:00,0.4118591774557388,2.1910908240645304,sure,donchian:BCH
squeeze,DOGE,2026-07-08 01:00:00+00:00,2026-07-10 01:00:00+00:00,-0.5864772102273227,-3.120058758409357,sure,squeeze:DOGE
squeeze,DOGE,2026-07-11 15:00:00+00:00,2026-07-11 23:00:00+00:00,-1.1582163211262235,-3.7241012417099135,sl,squeeze:DOGE
squeeze,XRP,2026-07-10 03:00:00+00:00,2026-07-12 00:00:00+00:00,-1.1372682977900037,-4.214788294951339,sl,squeeze:XRP
squeeze,XLM,2026-07-11 23:00:00+00:00,2026-07-12 15:00:00+00:00,-1.0991761654799428,-5.638233663075733,sl,squeeze:XLM
donchian,ICP,2026-07-09 16:00:00+00:00,2026-07-12 20:00:00+00:00,-1.0358449373502348,-5.510695066703249,sl,donchian:ICP
bb,LTC,2026-07-11 23:00:00+00:00,2026-07-13 00:00:00+00:00,-1.109764490686519,-5.143420581587393,sl,bb:LTC
donchian,ADA,2026-07-12 20:00:00+00:00,2026-07-15 12:00:00+00:00,-1.045735460890389,-5.5633126519368705,sl,donchian:ADA
donchian,NEAR,2026-07-14 12:00:00+00:00,2026-07-17 04:00:00+00:00,-1.034793333248273,-5.505100532880813,sl,donchian:NEAR
donchian,ETH,2026-07-14 12:00:00+00:00,2026-07-17 12:00:00+00:00,-1.0560942658566552,-5.618421494357406,sl,donchian:ETH
bb,LTC,2026-07-18 14:00:00+00:00,2026-07-18 17:00:00+00:00,-1.0912434064063776,-5.805414922081929,sl,bb:LTC
squeeze,XLM,2026-07-16 23:00:00+00:00,2026-07-18 23:00:00+00:00,-0.6142992443103994,-3.2680719797313245,sure,squeeze:XLM
squeeze,XRP,2026-07-17 22:00:00+00:00,2026-07-19 00:00:00+00:00,-0.6102269330246122,-2.106904812465525,veri_sonu,squeeze:XRP
donchian,BCH,2026-07-15 16:00:00+00:00,2026-07-20 16:00:00+00:00,1.0660305411957696,5.671282479161494,sure,donchian:BCH
donchian,ICP,2026-07-16 20:00:00+00:00,2026-07-20 16:00:00+00:00,-0.7428391718176165,-3.95190439406972,veri_sonu,donchian:ICP
