symbol,side,entry_price,exit_price,sl_price,quantity,entry_time,exit_time,pnl_usdt,exit_reason,strategy_scores,giris,cikis,R,kol
XRP/USDT:USDT,long,0.5103075574999999,0.5005526386893074,0.5005646522409612,29440.628,2023-04-07T18:00:00+00:00,2023-04-09T16:00:00+00:00,-290.1669717754007,sl_hit,"{""trend"": 0.0, ""mean_rev"": 0.0, ""breakout"": 1.0, ""confidence"": 1.0, ""strategy"": ""squeeze"", ""atr"": 0.004467673879519374, ""slot"": ""XRP/USDT:USDT:squeeze"", ""entry_fee_rate"": 0.0001, ""intended_entry"": 0.5095, ""sl0"": 0.5005646522409612}",2023-04-07 18:00:00+00:00,2023-04-09 16:00:00+00:00,-1.0012330563968757,squeeze
DOGE/USDT:USDT,long,0.08383266449999999,0.08172024535493867,0.08172220668789919,177065.163,2023-04-08T06:00:00+00:00,2023-04-08T20:00:00+00:00,-376.9672055414612,sl_hit,"{""trend"": 0.0, ""mean_rev"": 0.0, ""breakout"": 0.8, ""confidence"": 0.8, ""strategy"": ""squeeze"", ""atr"": 0.0009888966560504043, ""slot"": ""DOGE/USDT:USDT:squeeze"", ""entry_fee_rate"": 0.0001, ""intended_entry"": 0.0837, ""sl0"": 0.08172220668789919}",2023-04-08 06:00:00+00:00,2023-04-08 20:00:00+00:00,-1.0009293400461594,squeeze
LTC/USDT:USDT,short,91.05,90.4521708,92.49821603820814,164.254,2023-04-08T07:00:00+00:00,2023-04-10T08:00:00+00:00,96.71012433054045,max_hold,"{""trend"": 0.0, ""mean_rev"": -0.6107080965897472, ""breakout"": 0.0, ""confidence"": 0.6107080965897472, ""strategy"": ""mean_rev"", ""atr"": 0.4827386794027169, ""slot"": ""LTC/USDT:USDT"", ""entry_fee_rate"": 0.0, ""intended_entry"": 91.05, ""sl0"": 92.49821603820814}",2023-04-08 07:00:00+00:00,2023-04-10 08:00:00+00:00,0.41280388024129144,mean_rev
XRP/USDT:USDT,short,0.5008049640000001,0.5065764944848703,0.5065643369407837,28749.222,2023-04-09T16:00:00+00:00,2023-04-09T21:00:00+00:00,-168.82315450816827,sl_hit,"{""trend"": 0.0, ""mean_rev"": 0.0, ""breakout"": -0.84, ""confidence"": 0.84, ""strategy"": ""squeeze"", ""atr"": 0.0024821684703918287, ""slot"": ""XRP/USDT:USDT:squeeze"", ""entry_fee_rate"": 0.0001, ""intended_entry"": 0.5016, ""sl0"": 0.5065643369407837}",2023-04-09 16:00:00+00:00,2023-04-09 21:00:00+00:00,-1.0021109145407958,squeeze
BNB/USDT:USDT,long,311.49,313.15718976273763,311.49,45.238,2023-04-09T20:00:00+00:00,2023-04-10T00:00:00+00:00,74.00366999167582,tp_hit,"{""trend"": 0.0, ""mean_rev"": 0.0, ""breakout"": 0.7, ""confidence"": 0.7, ""strategy"": ""ifvg"", ""atr"": 0.7119829378960125, ""slot"": ""BNB/USDT:USDT:ifvg"", ""entry_fee_rate"": 0.0, ""intended_entry"": 311.49, ""sl0"": 310.6564051186312, ""max_hold"": 24}",2023-04-09 20:00:00+00:00,2023-04-10 00:00:00+00:00,,ifvg
BNB/USDT:USDT,long,319.79,322.64225639999995,319.79,43.785,2023-04-12T14:00:00+00:00,2023-04-13T15:00:00+00:00,123.47335735434956,max_hold,"{""trend"": 0.0, ""mean_rev"": 0.0, ""breakout"": 0.7, ""confidence"": 0.7, ""strategy"": ""ifvg"", ""atr"": 1.800520663416131, ""slot"": ""BNB/USDT:USDT:ifvg"", ""entry_fee_rate"": 0.0, ""intended_entry"": 319.79, ""sl0"": 317.1598438009751, ""max_hold"": 24}",2023-04-12 14:00:00+00:00,2023-04-13 15:00:00+00:00,,ifvg
BNB/USDT:USDT,long,328.1,333.4491167789834,328.1,43.24,2023-04-15T01:00:00+00:00,2023-04-15T11:00:00+00:00,229.85397554228933,tp_hit,"{""trend"": 0.0, ""mean_rev"": 0.0, ""breakout"": 0.7, ""confidence"": 0.7, ""strategy"": ""ifvg"", ""atr"": 2.081861298305577, ""slot"": ""BNB/USDT:USDT:ifvg"", ""entry_fee_rate"": 0.0, ""intended_entry"": 328.1, ""sl0"": 325.42544161050836, ""max_hold"": 24}",2023-04-15 01:00:00+00:00,2023-04-15 11:00:00+00:00,,ifvg
LTC/USDT:USDT,short,96.92,99.20387430888161,99.20149347303825,148.623,2023-04-16T10:00:00+00:00,2023-04-16T15:00:00+00:00,-340.910649150052,sl_hit,"{""trend"": 0.0, ""mean_rev"": -0.6124920936539884, ""breakout"": 0.0, ""confidence"": 0.6124920936539884, ""strategy"": ""mean_rev"", ""atr"": 0.7604978243460845, ""slot"": ""LTC/USDT:USDT"", ""entry_fee_rate"": 0.0, ""intended_entry"": 96.92, ""sl0"": 99.20149347303825}",2023-04-16 10:00:00+00:00,2023-04-16 15:00:00+00:00,-1.0010435426931918,mean_rev
LTC/USDT:USDT,short,98.65,101.31187545384181,101.30944402718515,123.014,2023-04-16T15:00:00+00:00,2023-04-16T17:00:00+00:00,-328.69422498360325,sl_hit,"{""trend"": 0.0, ""mean_rev"": -0.7650646422088285, ""breakout"": 0.0, ""confidence"": 0.7650646422088285, ""strategy"": ""mean_rev"", ""atr"": 0.8864813423950475, ""slot"": ""LTC/USDT:USDT"", ""entry_fee_rate"": 0.0, ""intended_entry"": 98.65, ""sl0"": 101.30944402718515}",2023-04-16 15:00:00+00:00,2023-04-16 17:00:00+00:00,-1.000914261263558,mean_rev
XLM/USDT:USDT,long,0.10725973764999999,0.10597451144129988,0.10597705489061726,126321.023,2023-04-16T18:00:00+00:00,2023-04-17T02:00:00+00:00,-165.04468631779477,sl_hit,"{""trend"": 0.0, ""mean_rev"": 0.0, ""breakout"": 0.96, ""confidence"": 0.96, ""strategy"": ""squeeze"", ""atr"": 0.000556472554691375, ""slot"": ""XLM/USDT:USDT:squeeze"", ""entry_fee_rate"": 0.0001, ""intended_entry"": 0.10709, ""sl0"": 0.10597705489061726}",2023-04-16 18:00:00+00:00,2023-04-17 02:00:00+00:00,-1.0019829137787792,squeeze
XRP/USDT:USDT,short,0.469055367,0.4693112632,0.48255142977408383,24300.819,2023-04-20T17:00:00+00:00,2023-04-22T18:00:00+00:00,-8.498795002600673,max_hold,"{""trend"": 0.0, ""mean_rev"": 0.0, ""breakout"": -1.0, ""confidence"": 1.0, ""strategy"": ""squeeze"", ""atr"": 0.006375714887041912, ""slot"": ""XRP/USDT:USDT:squeeze"", ""entry_fee_rate"": 0.0001, ""intended_entry"": 0.4698, ""sl0"": 0.48255142977408383}",2023-04-20 17:00:00+00:00,2023-04-22 18:00:00+00:00,-0.018960803923599532,squeeze
DOGE/USDT:USDT,short,0.0787350069,0.07781186744,0.0815289248074181,120295.339,2023-04-21T20:00:00+00:00,2023-04-23T21:00:00+00:00,109.16618835316486,max_hold,"{""trend"": 0.0, ""mean_rev"": 0.0, ""breakout"": -0.9199999999999999, ""confidence"": 0.9199999999999999, ""strategy"": ""squeeze"", ""atr"": 0.0013344624037090493, ""slot"": ""DOGE/USDT:USDT:squeeze"", ""entry_fee_rate"": 0.0001, ""intended_entry"": 0.07886, ""sl0"": 0.0815289248074181}",2023-04-21 20:00:00+00:00,2023-04-23 21:00:00+00:00,0.33041037374397625,squeeze
BNB/USDT:USDT,short,318.4,328.10384513637996,328.09597083307995,34.138,2023-04-21T21:00:00+00:00,2023-04-22T14:00:00+00:00,-332.38994617226643,sl_hit,"{""trend"": 0.0, ""mean_rev"": 0.0, ""breakout"": -0.7, ""confidence"": 0.7, ""strategy"": ""ifvg"", ""atr"": 3.3865694435999347, ""slot"": ""BNB/USDT:USDT:ifvg"", ""entry_fee_rate"": 0.0, ""intended_entry"": 318.4, ""sl0"": 328.09597083307995, ""max_hold"": 24}",2023-04-21 21:00:00+00:00,2023-04-22 14:00:00+00:00,-1.0008121211826617,ifvg
XLM/USDT:USDT,short,0.09212375205000001,0.09449187564804196,0.09448960789745242,152079.79,2023-04-21T21:00:00+00:00,2023-04-22T16:00:00+00:00,-362.9817860313677,sl_hit,"{""trend"": 0.0, ""mean_rev"": 0.0, ""breakout"": -0.88, ""confidence"": 0.88, ""strategy"": ""squeeze"", ""atr"": 0.0011098039487262088, ""slot"": ""XLM/USDT:USDT:squeeze"", ""entry_fee_rate"": 0.0001, ""intended_entry"": 0.09227, ""sl0"": 0.09448960789745242}",2023-04-21 21:00:00+00:00,2023-04-22 16:00:00+00:00,-1.0009585328674937,squeeze
XRP/USDT:USDT,long,0.4700438405,0.4599111612108348,0.45992219934361905,26396.963,2023-04-25T21:00:00+00:00,2023-04-26T21:00:00+00:00,-269.9267590641419,sl_hit,"{""trend"": 0.0, ""mean_rev"": 0.0, ""breakout"": 1.0, ""confidence"": 1.0, ""strategy"": ""squeeze"", ""atr"": 0.004688900328190474, ""slot"": ""XRP/USDT:USDT:squeeze"", ""entry_fee_rate"": 0.0001, ""intended_entry"": 0.4693, ""sl0"": 0.45992219934361905}",2023-04-25 21:00:00+00:00,2023-04-26 21:00:00+00:00,-1.0010905477297314,squeeze
BNB/USDT:USDT,short,332.89,332.89798936,332.89,35.997,2023-04-27T02:00:00+00:00,2023-04-27T17:00:00+00:00,-1.4859258842195697,sl_hit,"{""trend"": 0.0, ""mean_rev"": 0.0, ""breakout"": -0.7, ""confidence"": 0.7, ""strategy"": ""ifvg"", ""atr"": 3.4246578514625905, ""slot"": ""BNB/USDT:USDT:ifvg"", ""entry_fee_rate"": 0.0, ""intended_entry"": 332.89, ""sl0"": 336.2073973554388, ""max_hold"": 24}",2023-04-27 02:00:00+00:00,2023-04-27 17:00:00+00:00,,ifvg
XRP/USDT:USDT,long,0.466538293,0.47838851839999996,0.45604551945255273,25721.287,2023-04-27T22:00:00+00:00,2023-04-29T23:00:00+00:00,302.37257515708757,max_hold,"{""trend"": 0.0, ""mean_rev"": 0.0, ""breakout"": 0.84, ""confidence"": 0.84, ""strategy"": ""squeeze"", ""atr"": 0.004877240273723627, ""slot"": ""XRP/USDT:USDT:squeeze"", ""entry_fee_rate"": 0.0001, ""intended_entry"": 0.4658, ""sl0"": 0.45604551945255273}",2023-04-27 22:00:00+00:00,2023-04-29 23:00:00+00:00,1.1293701657063735,squeeze
LTC/USDT:USDT,short,90.83,87.81091917831993,92.64108627575288,137.156,2023-04-29T14:00:00+00:00,2023-04-30T22:00:00+00:00,412.8806697352686,tp_hit,"{""trend"": 0.0, ""mean_rev"": -0.72925605610973, ""breakout"": 0.0, ""confidence"": 0.72925605610973, ""strategy"": ""mean_rev"", ""atr"": 0.6036954252509636, ""slot"": ""LTC/USDT:USDT"", ""entry_fee_rate"": 0.0, ""intended_entry"": 90.83, ""sl0"": 92.64108627575288}",2023-04-29 14:00:00+00:00,2023-04-30 22:00:00+00:00,1.6670000000000023,mean_rev
XRP/USDT:USDT,short,0.46935489150000004,0.4548332569236107,0.47620669723055575,27768.252,2023-05-01T00:00:00+00:00,2023-05-01T21:00:00+00:00,400.67409942900815,tp_hit,"{""trend"": 0.0, ""mean_rev"": 0.0, ""breakout"": -1.0, ""confidence"": 1.0, ""strategy"": ""squeeze"", ""atr"": 0.003053348615277857, ""slot"": ""XRP/USDT:USDT:squeeze"", ""entry_fee_rate"": 0.0001, ""intended_entry"": 0.4701, ""sl0"": 0.47620669723055575}",2023-05-01 00:00:00+00:00,2023-05-01 21:00:00+00:00,2.119387960991059,squeeze
BNB/USDT:USDT,short,325.46,322.8077472,331.83084238924386,41.955,2023-05-02T16:00:00+00:00,2023-05-03T17:00:00+00:00,109.92092632062177,max_hold,"{""trend"": 0.0, ""mean_rev"": 0.0, ""breakout"": -0.7, ""confidence"": 0.7, ""strategy"": ""ifvg"", ""atr"": 1.7361412974794403, ""slot"": ""BNB/USDT:USDT:ifvg"", ""entry_fee_rate"": 0.0, ""intended_entry"": 325.46, ""sl0"": 331.83084238924386, ""max_hold"": 24}",2023-05-02 16:00:00+00:00,2023-05-03 17:00:00+00:00,0.4163111623162864,ifvg
XRP/USDT:USDT,short,0.458871534,0.45941102559999997,0.46589113416172406,29995.14,2023-05-03T09:00:00+00:00,2023-05-05T10:00:00+00:00,-18.936527464298283,max_hold,"{""trend"": 0.0, ""mean_rev"": 0.0, ""breakout"": -1.0, ""confidence"": 1.0, ""strategy"": ""squeeze"", ""atr"": 0.0031455670808620165, ""slot"": ""XRP/USDT:USDT:squeeze"", ""entry_fee_rate"": 0.0001, ""intended_entry"": 0.4596, ""sl0"": 0.46589113416172406}",2023-05-03 09:00:00+00:00,2023-05-05 10:00:00+00:00,-0.07685503270423322,squeeze
DOGE/USDT:USDT,long,0.07928546859999999,0.07811110741826759,0.0781129821298387,174221.114,2023-05-05T21:00:00+00:00,2023-05-06T09:00:00+00:00,-207.340694001145,sl_hit,"{""trend"": 0.0, ""mean_rev"": 0.0, ""breakout"": 1.0, ""confidence"": 1.0, ""strategy"": ""squeeze"", ""atr"": 0.0005235089350806457, ""slot"": ""DOGE/USDT:USDT:squeeze"", ""entry_fee_rate"": 0.0001, ""intended_entry"": 0.07916, ""sl0"": 0.0781129821298387}",2023-05-05 21:00:00+00:00,2023-05-06 09:00:00+00:00,-1.0015989195771808,squeeze
LTC/USDT:USDT,long,86.46,84.51278954517652,84.51481790080614,176.144,2023-05-06T09:00:00+00:00,2023-05-06T15:00:00+00:00,-344.47808043459105,sl_hit,"{""trend"": 0.0, ""mean_rev"": 0.6057710394742222, ""breakout"": 0.0, ""confidence"": 0.6057710394742222, ""strategy"": ""mean_rev"", ""atr"": 0.6483940330646203, ""slot"": ""LTC/USDT:USDT"", ""entry_fee_rate"": 0.0, ""intended_entry"": 86.46, ""sl0"": 84.51481790080614}",2023-05-06 09:00:00+00:00,2023-05-06 15:00:00+00:00,-1.0010427587373232,mean_rev
LTC/USDT:USDT,short,84.52,81.56061255555063,86.29527741118737,153.379,2023-05-07T21:00:00+00:00,2023-05-08T03:00:00+00:00,452.6569183228829,tp_hit,"{""trend"": 0.0, ""mean_rev"": -0.6296343224176216, ""breakout"": 0.0, ""confidence"": 0.6296343224176216, ""strategy"": ""mean_rev"", ""atr"": 0.5917591370624591, ""slot"": ""LTC/USDT:USDT"", ""entry_fee_rate"": 0.0, ""intended_entry"": 84.52, ""sl0"": 86.29527741118737}",2023-05-07 21:00:00+00:00,2023-05-08 03:00:00+00:00,1.6670000000000047,mean_rev
DOGE/USDT:USDT,short,0.0744218541,0.07076730305734305,0.07604907877706278,174995.16,2023-05-08T02:00:00+00:00,2023-05-08T20:00:00+00:00,636.9880044592189,tp_hit,"{""trend"": 0.0, ""mean_rev"": 0.0, ""breakout"": -1.0, ""confidence"": 1.0, ""strategy"": ""squeeze"", ""atr"": 0.0007545393885313903, ""slot"": ""DOGE/USDT:USDT:squeeze"", ""entry_fee_rate"": 0.0001, ""intended_entry"": 0.07454, ""sl0"": 0.07604907877706278}",2023-05-08 02:00:00+00:00,2023-05-08 20:00:00+00:00,2.2458798063790444,squeeze
BNB/USDT:USDT,short,311.57,305.2924292704022,311.57,46.853,2023-05-11T08:00:00+00:00,2023-05-11T19:00:00+00:00,292.6926347749857,tp_hit,"{""trend"": 0.0, ""mean_rev"": 0.0, ""breakout"": -0.7, ""confidence"": 0.7, ""strategy"": ""ifvg"", ""atr"": 1.6292845493296109, ""slot"": ""BNB/USDT:USDT:ifvg"", ""entry_fee_rate"": 0.0, ""intended_entry"": 311.57, ""sl0"": 314.7087853647989, ""max_hold"": 24}",2023-05-11 08:00:00+00:00,2023-05-11 19:00:00+00:00,,ifvg
XRP/USDT:USDT,short,0.4210316055,0.42925843634638605,0.42924813439116066,34708.883,2023-05-11T09:00:00+00:00,2023-05-12T06:00:00+00:00,-288.495371065855,sl_hit,"{""trend"": 0.0, ""mean_rev"": 0.0, ""breakout"": -1.0, ""confidence"": 1.0, ""strategy"": ""squeeze"", ""atr"": 0.003774067195580321, ""slot"": ""XRP/USDT:USDT:squeeze"", ""entry_fee_rate"": 0.0001, ""intended_entry"": 0.4217, ""sl0"": 0.42924813439116066}",2023-05-11 09:00:00+00:00,2023-05-12 06:00:00+00:00,-1.0012538086778313,squeeze
BNB/USDT:USDT,short,305.2953387,313.0138176692268,313.00630551789436,49.567,2023-05-11T20:00:00+00:00,2023-05-14T09:00:00+00:00,-385.64662006303985,sl_hit,"{""trend"": 0.0, ""mean_rev"": 0.0, ""breakout"": -0.8, ""confidence"": 0.8, ""strategy"": ""donchian"", ""atr"": 3.6131527589471957, ""slot"": ""BNB/USDT:USDT:donchian"", ""entry_fee_rate"": 0.0001, ""intended_entry"": 305.78, ""sl0"": 313.00630551789436, ""max_hold"": 120}",2023-05-11 20:00:00+00:00,2023-05-14 09:00:00+00:00,-1.0009742165295021,donchian
LTC/USDT:USDT,short,81.12,82.67624940445229,82.67426522208696,173.439,2023-05-14T07:00:00+00:00,2023-05-14T17:00:00+00:00,-271.3482690608462,sl_hit,"{""trend"": 0.0, ""mean_rev"": -0.6480225645777861, ""breakout"": 0.0, ""confidence"": 0.6480225645777861, ""strategy"": ""mean_rev"", ""atr"": 0.518088407362318, ""slot"": ""LTC/USDT:USDT"", ""entry_fee_rate"": 0.0, ""intended_entry"": 81.12, ""sl0"": 82.67426522208696}",2023-05-14 07:00:00+00:00,2023-05-14 17:00:00+00:00,-1.0012766047500372,mean_rev
BNB/USDT:USDT,short,312.04,312.04748896,312.04,43.644,2023-05-16T03:00:00+00:00,2023-05-17T03:00:00+00:00,-1.6887482310565534,sl_hit,"{""trend"": 0.0, ""mean_rev"": 0.0, ""breakout"": -0.7, ""confidence"": 0.7, ""strategy"": ""ifvg"", ""atr"": 1.1443990953501433, ""slot"": ""BNB/USDT:USDT:ifvg"", ""entry_fee_rate"": 0.0, ""intended_entry"": 312.04, ""sl0"": 313.673319728605, ""max_hold"": 24}",2023-05-16 03:00:00+00:00,2023-05-17 03:00:00+00:00,,ifvg
XLM/USDT:USDT,short,0.08731139175000001,0.08811430716763387,0.08811219247501446,157754.653,2023-05-16T14:00:00+00:00,2023-05-17T02:00:00+00:00,-129.43106512318292,sl_hit,"{""trend"": 0.0, ""mean_rev"": 0.0, ""breakout"": -1.0, ""confidence"": 1.0, ""strategy"": ""squeeze"", ""atr"": 0.00033109623750723503, ""slot"": ""XLM/USDT:USDT:squeeze"", ""entry_fee_rate"": 0.0001, ""intended_entry"": 0.08745, ""sl0"": 0.08811219247501446}",2023-05-16 14:00:00+00:00,2023-05-17 02:00:00+00:00,-1.0026407226583938,squeeze
DOGE/USDT:USDT,long,0.07282524535,0.07514069206015092,0.07173772317593963,187549.83,2023-05-17T00:00:00+00:00,2023-05-17T20:00:00+00:00,431.4865382221584,tp_hit,"{""trend"": 0.0, ""mean_rev"": 0.0, ""breakout"": 1.0, ""confidence"": 1.0, ""strategy"": ""squeeze"", ""atr"": 0.00048613841203018466, ""slot"": ""DOGE/USDT:USDT:squeeze"", ""entry_fee_rate"": 0.0001, ""intended_entry"": 0.07271, ""sl0"": 0.07173772317593963}",2023-05-17 00:00:00+00:00,2023-05-17 20:00:00+00:00,2.129102987855388,squeeze
XRP/USDT:USDT,long,0.46914241399999995,0.4578285588619059,0.45783954701103413,30037.225,2023-05-18T11:00:00+00:00,2023-05-18T19:00:00+00:00,-342.62117596837,sl_hit,"{""trend"": 0.0, ""mean_rev"": 0.0, ""breakout"": 0.96, ""confidence"": 0.96, ""strategy"": ""squeeze"", ""atr"": 0.005280226494482921, ""slot"": ""XRP/USDT:USDT:squeeze"", ""entry_fee_rate"": 0.0001, ""intended_entry"": 0.4684, ""sl0"": 0.45783954701103413}",2023-05-18 11:00:00+00:00,2023-05-18 19:00:00+00:00,-1.0009721559263665,squeeze
BNB/USDT:USDT,long,312.09,310.70454621988443,310.7120033079638,44.541,2023-05-18T15:00:00+00:00,2023-05-18T18:00:00+00:00,-63.09340593944425,sl_hit,"{""trend"": 0.0, ""mean_rev"": 0.0, ""breakout"": 0.7, ""confidence"": 0.7, ""strategy"": ""ifvg"", ""atr"": 1.1599889734540283, ""slot"": ""BNB/USDT:USDT:ifvg"", ""entry_fee_rate"": 0.0, ""intended_entry"": 312.09, ""sl0"": 310.7120033079638, ""max_hold"": 24}",2023-05-18 15:00:00+00:00,2023-05-18 18:00:00+00:00,-1.005411542801571,ifvg
BNB/USDT:USDT,short,309.73,309.73743352,309.73,43.459,2023-05-18T22:00:00+00:00,2023-05-19T08:00:00+00:00,-1.6691412580148468,sl_hit,"{""trend"": 0.0, ""mean_rev"": 0.0, ""breakout"": -0.7, ""confidence"": 0.7, ""strategy"": ""ifvg"", ""atr"": 1.4912979990911857, ""slot"": ""BNB/USDT:USDT:ifvg"", ""entry_fee_rate"": 0.0, ""intended_entry"": 309.73, ""sl0"": 311.24738939972735, ""max_hold"": 24}",2023-05-18 22:00:00+00:00,2023-05-19 08:00:00+00:00,,ifvg
LTC/USDT:USDT,short,92.07,91.03218472,93.6981396595955,146.175,2023-05-20T16:00:00+00:00,2023-05-22T17:00:00+00:00,150.3719855938539,max_hold,"{""trend"": 0.0, ""mean_rev"": -0.6522849738094484, ""breakout"": 0.0, ""confidence"": 0.6522849738094484, ""strategy"": ""mean_rev"", ""atr"": 0.5427132198651687, ""slot"": ""LTC/USDT:USDT"", ""entry_fee_rate"": 0.0, ""intended_entry"": 92.07, ""sl0"": 93.6981396595955}",2023-05-20 16:00:00+00:00,2023-05-22 17:00:00+00:00,0.6374239911690529,mean_rev
BNB/USDT:USDT,long,310.71,308.71259072000004,307.260889680442,43.223,2023-05-20T20:00:00+00:00,2023-05-21T21:00:00+00:00,-87.66836974030657,max_hold,"{""trend"": 0.0, ""mean_rev"": 0.0, ""breakout"": 0.7, ""confidence"": 0.7, ""strategy"": ""ifvg"", ""atr"": 0.7303677318600847, ""slot"": ""BNB/USDT:USDT:ifvg"", ""entry_fee_rate"": 0.0, ""intended_entry"": 310.71, ""sl0"": 307.260889680442, ""max_hold"": 24}",2023-05-20 20:00:00+00:00,2023-05-21 21:00:00+00:00,-0.5791085511744152,ifvg
SOL/USDT:USDT,short,19.573926075000003,20.137361378653367,20.13687809357912,584.164,2023-05-22T00:00:00+00:00,2023-05-23T05:00:00+00:00,-331.45841117577123,sl_hit,"{""trend"": 0.0, ""mean_rev"": 0.0, ""breakout"": -0.8, ""confidence"": 0.8, ""strategy"": ""donchian"", ""atr"": 0.2659390467895604, ""slot"": ""SOL/USDT:USDT:donchian"", ""entry_fee_rate"": 0.0001, ""intended_entry"": 19.605, ""sl0"": 20.13687809357912, ""max_hold"": 120}",2023-05-22 00:00:00+00:00,2023-05-23 05:00:00+00:00,-1.0008584835977066,donchian
NEAR/USDT:USDT,short,1.594468755,1.6426058169809106,1.6425663953874212,6974.29,2023-05-22T04:00:00+00:00,2023-05-23T05:00:00+00:00,-337.97945968450637,sl_hit,"{""trend"": 0.0, ""mean_rev"": 0.0, ""breakout"": -0.8, ""confidence"": 0.8, ""strategy"": ""donchian"", ""atr"": 0.02278319769371063, ""slot"": ""NEAR/USDT:USDT:donchian"", ""entry_fee_rate"": 0.0001, ""intended_entry"": 1.597, ""sl0"": 1.6425663953874212, ""max_hold"": 120}",2023-05-22 04:00:00+00:00,2023-05-23 05:00:00+00:00,-1.000819615955623,donchian
XLM/USDT:USDT,short,0.0871216929,0.08558004782087718,0.08793198087164913,143803.109,2023-05-24T08:00:00+00:00,2023-05-24T18:00:00+00:00,219.2098506278762,tp_hit,"{""trend"": 0.0, ""mean_rev"": 0.0, ""breakout"": -0.8, ""confidence"": 0.8, ""strategy"": ""squeeze"", ""atr"": 0.0003359904358245666, ""slot"": ""XLM/USDT:USDT:squeeze"", ""entry_fee_rate"": 0.0001, ""intended_entry"": 0.08726, ""sl0"": 0.08793198087164913}",2023-05-24 08:00:00+00:00,2023-05-24 18:00:00+00:00,1.902589120242292,squeeze
LTC/USDT:USDT,short,89.28,90.91074284514686,90.9085610396819,144.232,2023-05-28T01:00:00+00:00,2023-05-28T23:00:00+00:00,-236.51652586742537,sl_hit,"{""trend"": 0.0, ""mean_rev"": -0.7907545756401971, ""breakout"": 0.0, ""confidence"": 0.7907545756401971, ""strategy"": ""mean_rev"", ""atr"": 0.5428536798939665, ""slot"": ""LTC/USDT:USDT"", ""entry_fee_rate"": 0.0, ""intended_entry"": 89.28, ""sl0"": 90.9085610396819}",2023-05-28 01:00:00+00:00,2023-05-28 23:00:00+00:00,-1.001339713656286,mean_rev
BNB/USDT:USDT,short,307.88,308.8978775746583,308.8904642035174,41.684,2023-05-28T10:00:00+00:00,2023-05-28T20:00:00+00:00,-43.716818734939366,sl_hit,"{""trend"": 0.0, ""mean_rev"": 0.0, ""breakout"": -0.7, ""confidence"": 0.7, ""strategy"": ""ifvg"", ""atr"": 0.7682140117246599, ""slot"": ""BNB/USDT:USDT:ifvg"", ""entry_fee_rate"": 0.0, ""intended_entry"": 307.88, ""sl0"": 308.8904642035174, ""max_hold"": 24}",2023-05-28 10:00:00+00:00,2023-05-28 20:00:00+00:00,-1.0073365994709096,ifvg
XRP/USDT:USDT,long,0.47805652049999997,0.4893052010565155,0.4724979195773938,26343.004,2023-05-28T21:00:00+00:00,2023-05-29T21:00:00+00:00,293.7757155249693,tp_hit,"{""trend"": 0.0, ""mean_rev"": 0.0, ""breakout"": 1.0, ""confidence"": 1.0, ""strategy"": ""squeeze"", ""atr"": 0.0024010402113030993, ""slot"": ""XRP/USDT:USDT:squeeze"", ""entry_fee_rate"": 0.0001, ""intended_entry"": 0.4773, ""sl0"": 0.4724979195773938}",2023-05-28 21:00:00+00:00,2023-05-29 21:00:00+00:00,2.0236532021517206,squeeze
LTC/USDT:USDT,short,91.61,92.13221112,93.50365339554472,137.633,2023-05-28T23:00:00+00:00,2023-05-31T00:00:00+00:00,-73.14152634026712,max_hold,"{""trend"": 0.0, ""mean_rev"": -0.7978678058012703, ""breakout"": 0.0, ""confidence"": 0.7978678058012703, ""strategy"": ""mean_rev"", ""atr"": 0.6312177985149078, ""slot"": ""LTC/USDT:USDT"", ""entry_fee_rate"": 0.0, ""intended_entry"": 91.61, ""sl0"": 93.50365339554472}",2023-05-28 23:00:00+00:00,2023-05-31 00:00:00+00:00,-0.27576911446868985,mean_rev
XRP/USDT:USDT,long,0.48977506499999995,0.5107159424745561,0.48031362301017755,26581.897,2023-05-29T22:00:00+00:00,2023-05-30T18:00:00+00:00,553.98875322726,tp_hit,"{""trend"": 0.0, ""mean_rev"": 0.0, ""breakout"": 0.8, ""confidence"": 0.8, ""strategy"": ""squeeze"", ""atr"": 0.004343188494911225, ""slot"": ""XRP/USDT:USDT:squeeze"", ""entry_fee_rate"": 0.0001, ""intended_entry"": 0.489, ""sl0"": 0.48031362301017755}",2023-05-29 22:00:00+00:00,2023-05-30 18:00:00+00:00,2.2132860400224477,squeeze
DOGE/USDT:USDT,short,0.07227526185,0.0731483399067661,0.07314658438874076,184457.131,2023-05-30T08:00:00+00:00,2023-05-30T12:00:00+00:00,-163.72791552610482,sl_hit,"{""trend"": 0.0, ""mean_rev"": 0.0, ""breakout"": -1.0, ""confidence"": 1.0, ""strategy"": ""squeeze"", ""atr"": 0.00037829219437038076, ""slot"": ""DOGE/USDT:USDT:squeeze"", ""entry_fee_rate"": 0.0001, ""intended_entry"": 0.07239, ""sl0"": 0.07314658438874076}",2023-05-30 08:00:00+00:00,2023-05-30 12:00:00+00:00,-1.002014774032902,squeeze
ICP/USDT:USDT,short,4.609682055,4.787721465902136,4.787606563344616,1828.993,2023-06-01T04:00:00+00:00,2023-06-02T06:00:00+00:00,-327.35161478992,sl_hit,"{""trend"": 0.0, ""mean_rev"": 0.0, ""breakout"": -0.8, ""confidence"": 0.8, ""strategy"": ""donchian"", ""atr"": 0.08530328167230788, ""slot"": ""ICP/USDT:USDT:donchian"", ""entry_fee_rate"": 0.0001, ""intended_entry"": 4.617, ""sl0"": 4.787606563344616, ""max_hold"": 120}",2023-06-01 04:00:00+00:00,2023-06-02 06:00:00+00:00,-1.0006457938739821,donchian
LTC/USDT:USDT,short,96.66,92.82329049561874,98.96156538955084,130.598,2023-06-03T11:00:00+00:00,2023-06-05T03:00:00+00:00,499.85433424396933,tp_hit,"{""trend"": 0.0, ""mean_rev"": -0.7205633225170257, ""breakout"": 0.0, ""confidence"": 0.7205633225170257, ""strategy"": ""mean_rev"", ""atr"": 0.7671884631836143, ""slot"": ""LTC/USDT:USDT"", ""entry_fee_rate"": 0.0, ""intended_entry"": 96.66, ""sl0"": 98.96156538955084}",2023-06-03 11:00:00+00:00,2023-06-05 03:00:00+00:00,1.6670000000000011,mean_rev
BNB/USDT:USDT,long,307.32,306.4258900217841,306.4332444196502,41.815,2023-06-03T16:00:00+00:00,2023-06-03T21:00:00+00:00,-38.668528598224306,sl_hit,"{""trend"": 0.0, ""mean_rev"": 0.0, ""breakout"": 0.7, ""confidence"": 0.7, ""strategy"": ""ifvg"", ""atr"": 0.7225186011659321, ""slot"": ""BNB/USDT:USDT:ifvg"", ""entry_fee_rate"": 0.0, ""intended_entry"": 307.32, ""sl0"": 306.4332444196502, ""max_hold"": 24}",2023-06-03 16:00:00+00:00,2023-06-03 21:00:00+00:00,-1.00829360201285,ifvg
SOL/USDT:USDT,long,22.0749334,21.400830394218247,21.40134402647488,476.9,2023-06-04T16:00:00+00:00,2023-06-05T15:00:00+00:00,-323.55308263266403,sl_hit,"{""trend"": 0.0, ""mean_rev"": 0.0, ""breakout"": 0.8, ""confidence"": 0.8, ""strategy"": ""donchian"", ""atr"": 0.31932798676255963, ""slot"": ""SOL/USDT:USDT:donchian"", ""entry_fee_rate"": 0.0001, ""intended_entry"": 22.04, ""sl0"": 21.40134402647488, ""max_hold"": 120}",2023-06-04 16:00:00+00:00,2023-06-05 15:00:00+00:00,-1.0007625302251226,donchian
BNB/USDT:USDT,short,300.8024712,293.3883936807203,305.22580315963984,43.907,2023-06-05T04:00:00+00:00,2023-06-05T16:00:00+00:00,322.92098780858265,tp_hit,"{""trend"": 0.0, ""mean_rev"": 0.0, ""breakout"": -0.8, ""confidence"": 0.8, ""strategy"": ""donchian"", ""atr"": 1.9729015798199223, ""slot"": ""BNB/USDT:USDT:donchian"", ""entry_fee_rate"": 0.0001, ""intended_entry"": 301.28, ""sl0"": 305.22580315963984, ""max_hold"": 120}",2023-06-05 04:00:00+00:00,2023-06-05 16:00:00+00:00,1.6761295753808665,donchian
BCH/USDT:USDT,short,109.04688630000001,111.59480638807614,111.59212817699989,120.259,2023-06-05T16:00:00+00:00,2023-06-06T21:00:00+00:00,-309.0637368040443,sl_hit,"{""trend"": 0.0, ""mean_rev"": 0.0, ""breakout"": -0.8, ""confidence"": 0.8, ""strategy"": ""donchian"", ""atr"": 1.1860640884999487, ""slot"": ""BCH/USDT:USDT:donchian"", ""entry_fee_rate"": 0.0001, ""intended_entry"": 109.22, ""sl0"": 111.59212817699989, ""max_hold"": 120}",2023-06-05 16:00:00+00:00,2023-06-06 21:00:00+00:00,-1.0010522422644565,donchian
ETH/USDT:USDT,short,1821.2786905500002,1862.6922204266386,1862.6475168862332,9.409,2023-06-05T16:00:00+00:00,2023-06-06T18:00:00+00:00,-393.1261508394291,sl_hit,"{""trend"": 0.0, ""mean_rev"": 0.0, ""breakout"": -0.8, ""confidence"": 0.8, ""strategy"": ""donchian"", ""atr"": 19.238758443116566, ""slot"": ""ETH/USDT:USDT:donchian"", ""entry_fee_rate"": 0.0001, ""intended_entry"": 1824.17, ""sl0"": 1862.6475168862332, ""max_hold"": 120}",2023-06-05 16:00:00+00:00,2023-06-06 18:00:00+00:00,-1.0010806093468079,donchian
ICP/USDT:USDT,short,4.200331905,4.400126862304268,4.400021261793985,1640.753,2023-06-05T16:00:00+00:00,2023-06-06T19:00:00+00:00,-329.2252984342336,sl_hit,"{""trend"": 0.0, ""mean_rev"": 0.0, ""breakout"": -0.8, ""confidence"": 0.8, ""strategy"": ""donchian"", ""atr"": 0.09651063089699283, ""slot"": ""ICP/USDT:USDT:donchian"", ""entry_fee_rate"": 0.0001, ""intended_entry"": 4.207, ""sl0"": 4.400021261793985, ""max_hold"": 120}",2023-06-05 16:00:00+00:00,2023-06-06 19:00:00+00:00,-1.0005288239292183,donchian
NEAR/USDT:USDT,short,1.504611405,1.3706831706438627,1.5751584146780684,4646.532,2023-06-05T16:00:00+00:00,2023-06-09T20:00:00+00:00,620.9658118137754,tp_hit,"{""trend"": 0.0, ""mean_rev"": 0.0, ""breakout"": -0.8, ""confidence"": 0.8, ""strategy"": ""donchian"", ""atr"": 0.0340792073390343, ""slot"": ""NEAR/USDT:USDT:donchian"", ""entry_fee_rate"": 0.0001, ""intended_entry"": 1.507, ""sl0"": 1.5751584146780684, ""max_hold"": 120}",2023-06-05 16:00:00+00:00,2023-06-09 20:00:00+00:00,1.8984253899251036,donchian
BNB/USDT:USDT,short,258.5096118,234.07049042558936,271.3447547872053,23.521,2023-06-07T16:00:00+00:00,2023-06-10T06:00:00+00:00,573.6739761890683,tp_hit,"{""trend"": 0.0, ""mean_rev"": 0.0, ""breakout"": -0.8, ""confidence"": 0.8, ""strategy"": ""donchian"", ""atr"": 6.212377393602662, ""slot"": ""BNB/USDT:USDT:donchian"", ""entry_fee_rate"": 0.0001, ""intended_entry"": 258.92, ""sl0"": 271.3447547872053, ""max_hold"": 120}",2023-06-07 16:00:00+00:00,2023-06-10 06:00:00+00:00,1.9040786221682744,donchian
SOL/USDT:USDT,short,17.354449530000004,15.120600747354416,18.512699626322796,307.886,2023-06-09T20:00:00+00:00,2023-06-10T06:00:00+00:00,686.7709049606501,tp_hit,"{""trend"": 0.0, ""mean_rev"": 0.0, ""breakout"": -0.8, ""confidence"": 0.8, ""strategy"": ""donchian"", ""atr"": 0.5653498131613965, ""slot"": ""SOL/USDT:USDT:donchian"", ""entry_fee_rate"": 0.0001, ""intended_entry"": 17.382, ""sl0"": 18.512699626322796, ""max_hold"": 120}",2023-06-09 20:00:00+00:00,2023-06-10 06:00:00+00:00,1.9286411369509933,donchian
LTC/USDT:USDT,long,86.93,84.46027476157138,84.46230185681596,125.915,2023-06-10T03:00:00+00:00,2023-06-10T06:00:00+00:00,-312.0389349464004,sl_hit,"{""trend"": 0.0, ""mean_rev"": 0.6355189010101547, ""breakout"": 0.0, ""confidence"": 0.6355189010101547, ""strategy"": ""mean_rev"", ""atr"": 0.8225660477280194, ""slot"": ""LTC/USDT:USDT"", ""entry_fee_rate"": 0.0, ""intended_entry"": 86.93, ""sl0"": 84.46230185681596}",2023-06-10 03:00:00+00:00,2023-06-10 06:00:00+00:00,-1.0008214518660519,mean_rev
ADA/USDT:USDT,short,0.275961906,0.24109158766174849,0.2940542061691257,17934.853,2023-06-10T04:00:00+00:00,2023-06-10T06:00:00+00:00,624.4667056195489,tp_hit,"{""trend"": 0.0, ""mean_rev"": 0.0, ""breakout"": -0.8, ""confidence"": 0.8, ""strategy"": ""donchian"", ""atr"": 0.008827103084562872, ""slot"": ""ADA/USDT:USDT:donchian"", ""entry_fee_rate"": 0.0001, ""intended_entry"": 0.2764, ""sl0"": 0.2940542061691257, ""max_hold"": 120}",2023-06-10 04:00:00+00:00,2023-06-10 06:00:00+00:00,1.927356832038264,donchian
ADA/USDT:USDT,short,0.23941991700000004,0.264570969528214,0.26456461997733455,14431.277,2023-06-10T08:00:00+00:00,2023-06-10T19:00:00+00:00,-363.6891290851027,sl_hit,"{""trend"": 0.0, ""mean_rev"": 0.0, ""breakout"": -0.8, ""confidence"": 0.8, ""strategy"": ""donchian"", ""atr"": 0.01238230998866726, ""slot"": ""ADA/USDT:USDT:donchian"", ""entry_fee_rate"": 0.0001, ""intended_entry"": 0.2398, ""sl0"": 0.26456461997733455, ""max_hold"": 120}",2023-06-10 08:00:00+00:00,2023-06-10 19:00:00+00:00,-1.0002525204169321,donchian
BCH/USDT:USDT,short,98.68333860000001,104.29173157125516,104.28922862976803,65.584,2023-06-10T08:00:00+00:00,2023-06-13T04:00:00+00:00,-369.15203632700843,sl_hit,"{""trend"": 0.0, ""mean_rev"": 0.0, ""breakout"": -0.8, ""confidence"": 0.8, ""strategy"": ""donchian"", ""atr"": 2.7246143148840165, ""slot"": ""BCH/USDT:USDT:donchian"", ""entry_fee_rate"": 0.0001, ""intended_entry"": 98.84, ""sl0"": 104.28922862976803, ""max_hold"": 120}",2023-06-10 08:00:00+00:00,2023-06-13 04:00:00+00:00,-1.0004464842288792,donchian
BNB/USDT:USDT,short,234.4078737,248.7709254807937,248.76495512187077,25.554,2023-06-10T08:00:00+00:00,2023-06-14T02:00:00+00:00,-368.2681403098283,sl_hit,"{""trend"": 0.0, ""mean_rev"": 0.0, ""breakout"": -0.8, ""confidence"": 0.8, ""strategy"": ""donchian"", ""atr"": 6.992477560935387, ""slot"": ""BNB/USDT:USDT:donchian"", ""entry_fee_rate"": 0.0001, ""intended_entry"": 234.78, ""sl0"": 248.76495512187077, ""max_hold"": 120}",2023-06-10 08:00:00+00:00,2023-06-14 02:00:00+00:00,-1.0004158476745717,donchian
ETH/USDT:USDT,short,1728.66571515,1629.2905344044352,1782.4697327977826,6.999,2023-06-10T08:00:00+00:00,2023-06-14T22:00:00+00:00,693.1766564591454,tp_hit,"{""trend"": 0.0, ""mean_rev"": 0.0, ""breakout"": -0.8, ""confidence"": 0.8, ""strategy"": ""donchian"", ""atr"": 25.529866398891237, ""slot"": ""ETH/USDT:USDT:donchian"", ""entry_fee_rate"": 0.0001, ""intended_entry"": 1731.41, ""sl0"": 1782.4697327977826, ""max_hold"": 120}",2023-06-10 08:00:00+00:00,2023-06-14 22:00:00+00:00,1.8469843905729317,donchian
ICP/USDT:USDT,short,3.61625913,3.9279389615259346,3.9278446932532964,1168.518,2023-06-10T08:00:00+00:00,2023-06-13T18:00:00+00:00,-365.0850465015734,sl_hit,"{""trend"": 0.0, ""mean_rev"": 0.0, ""breakout"": -0.8, ""confidence"": 0.8, ""strategy"": ""donchian"", ""atr"": 0.15292234662664822, ""slot"": ""ICP/USDT:USDT:donchian"", ""entry_fee_rate"": 0.0001, ""intended_entry"": 3.622, ""sl0"": 3.9278446932532964, ""max_hold"": 120}",2023-06-10 08:00:00+00:00,2023-06-13 18:00:00+00:00,-1.0003025437753081,donchian
NEAR/USDT:USDT,short,1.2230583750000001,1.178028272,1.3194862348576215,3782.403,2023-06-10T08:00:00+00:00,2023-06-15T09:00:00+00:00,169.41380894382252,max_hold,"{""trend"": 0.0, ""mean_rev"": 0.0, ""breakout"": -0.8, ""confidence"": 0.8, ""strategy"": ""donchian"", ""atr"": 0.04724311742881073, ""slot"": ""NEAR/USDT:USDT:donchian"", ""entry_fee_rate"": 0.0001, ""intended_entry"": 1.225, ""sl0"": 1.3194862348576215, ""max_hold"": 120}",2023-06-10 08:00:00+00:00,2023-06-15 09:00:00+00:00,0.46698229190701224,donchian
SOL/USDT:USDT,short,14.37118551,16.112829507052684,16.112442808425282,207.97,2023-06-10T08:00:00+00:00,2023-06-11T21:00:00+00:00,-362.84367812735627,sl_hit,"{""trend"": 0.0, ""mean_rev"": 0.0, ""breakout"": -0.8, ""confidence"": 0.8, ""strategy"": ""donchian"", ""atr"": 0.8592214042126407, ""slot"": ""SOL/USDT:USDT:donchian"", ""entry_fee_rate"": 0.0001, ""intended_entry"": 14.394, ""sl0"": 16.112442808425282, ""max_hold"": 120}",2023-06-10 08:00:00+00:00,2023-06-11 21:00:00+00:00,-1.0002220801186312,donchian
DOGE/USDT:USDT,short,0.06047399655,0.06198591824575629,0.061984430619421424,235734.129,2023-06-12T06:00:00+00:00,2023-06-13T04:00:00+00:00,-359.2983422004917,sl_hit,"{""trend"": 0.0, ""mean_rev"": 0.0, ""breakout"": -1.0, ""confidence"": 1.0, ""strategy"": ""squeeze"", ""atr"": 0.0007072153097107133, ""slot"": ""DOGE/USDT:USDT:squeeze"", ""entry_fee_rate"": 0.0001, ""intended_entry"": 0.06057, ""sl0"": 0.061984430619421424}",2023-06-12 06:00:00+00:00,2023-06-13 04:00:00+00:00,-1.000984899880759,squeeze
XLM/USDT:USDT,short,0.081270981,0.07906383347782038,0.08233446660887185,147777.953,2023-06-14T16:00:00+00:00,2023-06-14T22:00:00+00:00,323.79834772891047,tp_hit,"{""trend"": 0.0, ""mean_rev"": 0.0, ""breakout"": -0.8, ""confidence"": 0.8, ""strategy"": ""squeeze"", ""atr"": 0.0004672333044359247, ""slot"": ""XLM/USDT:USDT:squeeze"", ""entry_fee_rate"": 0.0001, ""intended_entry"": 0.0814, ""sl0"": 0.08233446660887185}",2023-06-14 16:00:00+00:00,2023-06-14 22:00:00+00:00,2.0753901169579416,squeeze
ETH/USDT:USDT,short,1647.5744488500002,1703.0038659546692,1702.962994842793,6.14,2023-06-15T00:00:00+00:00,2023-06-16T20:00:00+00:00,-342.3938761079579,sl_hit,"{""trend"": 0.0, ""mean_rev"": 0.0, ""breakout"": -0.8, ""confidence"": 0.8, ""strategy"": ""donchian"", ""atr"": 26.386497421396527, ""slot"": ""ETH/USDT:USDT:donchian"", ""entry_fee_rate"": 0.0001, ""intended_entry"": 1650.19, ""sl0"": 1702.962994842793, ""max_hold"": 120}",2023-06-15 00:00:00+00:00,2023-06-16 20:00:00+00:00,-1.000737898262964,donchian
XRP/USDT:USDT,short,0.46176693750000003,0.47380174395196356,0.47379037298301196,28239.68,2023-06-16T12:00:00+00:00,2023-06-16T20:00:00+00:00,-342.50109908360804,sl_hit,"{""trend"": 0.0, ""mean_rev"": 0.0, ""breakout"": -0.9199999999999999, ""confidence"": 0.9199999999999999, ""strategy"": ""squeeze"", ""atr"": 0.005645186491505959, ""slot"": ""XRP/USDT:USDT:squeeze"", ""entry_fee_rate"": 0.0001, ""intended_entry"": 0.4625, ""sl0"": 0.47379037298301196}",2023-06-16 12:00:00+00:00,2023-06-16 20:00:00+00:00,-1.0009457337686605,squeeze
LTC/USDT:USDT,short,77.59,77.40185760000001,79.4237727209429,162.694,2023-06-17T06:00:00+00:00,2023-06-19T07:00:00+00:00,29.350357843560865,max_hold,"{""trend"": 0.0, ""mean_rev"": -0.7519302126888986, ""breakout"": 0.0, ""confidence"": 0.7519302126888986, ""strategy"": ""mean_rev"", ""atr"": 0.6112575736476356, ""slot"": ""LTC/USDT:USDT"", ""entry_fee_rate"": 0.0, ""intended_entry"": 77.59, ""sl0"": 79.4237727209429}",2023-06-17 06:00:00+00:00,2023-06-19 07:00:00+00:00,0.10259853789473382,mean_rev
DOGE/USDT:USDT,long,0.06326010859999999,0.06228673214673259,0.06228822706418213,203755.776,2023-06-18T15:00:00+00:00,2023-06-18T22:00:00+00:00,-200.8891639716969,sl_hit,"{""trend"": 0.0, ""mean_rev"": 0.0, ""breakout"": 0.9199999999999999, ""confidence"": 0.9199999999999999, ""strategy"": ""squeeze"", ""atr"": 0.00043588646790893026, ""slot"": ""DOGE/USDT:USDT:squeeze"", ""entry_fee_rate"": 0.0001, ""intended_entry"": 0.06316, ""sl0"": 0.06228822706418213}",2023-06-18 15:00:00+00:00,2023-06-18 22:00:00+00:00,-1.001538168382103,squeeze
BNB/USDT:USDT,long,243.2,246.66428693537443,243.2,51.516,2023-06-20T17:00:00+00:00,2023-06-21T00:00:00+00:00,177.1954900221737,tp_hit,"{""trend"": 0.0, ""mean_rev"": 0.0, ""breakout"": 0.7, ""confidence"": 0.7, ""strategy"": ""ifvg"", ""atr"": 1.6071448922907463, ""slot"": ""BNB/USDT:USDT:ifvg"", ""entry_fee_rate"": 0.0, ""intended_entry"": 243.2, ""sl0"": 241.46785653231277, ""max_hold"": 24}",2023-06-20 17:00:00+00:00,2023-06-21 00:00:00+00:00,,ifvg
BCH/USDT:USDT,long,132.4496004,146.17994228516733,125.27002885741635,42.832,2023-06-21T08:00:00+00:00,2023-06-22T02:00:00+00:00,586.9045775682575,tp_hit,"{""trend"": 0.0, ""mean_rev"": 0.0, ""breakout"": 0.8, ""confidence"": 0.8, ""strategy"": ""donchian"", ""atr"": 3.4849855712918325, ""slot"": ""BCH/USDT:USDT:donchian"", ""entry_fee_rate"": 0.0001, ""intended_entry"": 132.24, ""sl0"": 125.27002885741635, ""max_hold"": 120}",2023-06-21 08:00:00+00:00,2023-06-22 02:00:00+00:00,1.9124180048530144,donchian
BNB/USDT:USDT,long,245.82,250.83193030711467,245.82,50.828,2023-06-21T11:00:00+00:00,2023-06-21T16:00:00+00:00,253.47146511466005,tp_hit,"{""trend"": 0.0, ""mean_rev"": 0.0, ""breakout"": 0.7, ""confidence"": 0.7, ""strategy"": ""ifvg"", ""atr"": 2.2198838451911307, ""slot"": ""BNB/USDT:USDT:ifvg"", ""entry_fee_rate"": 0.0, ""intended_entry"": 245.82, ""sl0"": 243.31403484644264, ""max_hold"": 24}",2023-06-21 11:00:00+00:00,2023-06-21 16:00:00+00:00,,ifvg
ETH/USDT:USDT,long,1851.84052235,1888.5546736,1798.6204594827202,7.081,2023-06-21T16:00:00+00:00,2023-06-26T17:00:00+00:00,257.3243311629977,max_hold,"{""trend"": 0.0, ""mean_rev"": 0.0, ""breakout"": 0.8, ""confidence"": 0.8, ""strategy"": ""donchian"", ""atr"": 25.144770258639923, ""slot"": ""ETH/USDT:USDT:donchian"", ""entry_fee_rate"": 0.0001, ""intended_entry"": 1848.91, ""sl0"": 1798.6204594827202, ""max_hold"": 120}",2023-06-21 16:00:00+00:00,2023-06-26 17:00:00+00:00,0.6898554656268974,donchian
BCH/USDT:USDT,long,167.90570939999998,194.74362087534786,154.08818956232605,24.782,2023-06-23T16:00:00+00:00,2023-06-24T04:00:00+00:00,664.1984046117828,tp_hit,"{""trend"": 0.0, ""mean_rev"": 0.0, ""breakout"": 0.8, ""confidence"": 0.8, ""strategy"": ""donchian"", ""atr"": 6.775905218836964, ""slot"": ""BCH/USDT:USDT:donchian"", ""entry_fee_rate"": 0.0001, ""intended_entry"": 167.64, ""sl0"": 154.08818956232605, ""max_hold"": 120}",2023-06-23 16:00:00+00:00,2023-06-24 04:00:00+00:00,1.9423103270800757,donchian
DOGE/USDT:USDT,long,0.06792749470000001,0.06640328607677504,0.06640487979389009,212230.507,2023-06-23T16:00:00+00:00,2023-06-24T16:00:00+00:00,-326.3344778518036,sl_hit,"{""trend"": 0.0, ""mean_rev"": 0.0, ""breakout"": 0.96, ""confidence"": 0.96, ""strategy"": ""squeeze"", ""atr"": 0.000707560103054954, ""slot"": ""DOGE/USDT:USDT:squeeze"", ""entry_fee_rate"": 0.0001, ""intended_entry"": 0.06782, ""sl0"": 0.06640487979389009}",2023-06-23 16:00:00+00:00,2023-06-24 16:00:00+00:00,-1.0010466974339085,squeeze
BNB/USDT:USDT,long,247.51,243.44477075899678,243.45061357372256,60.5,2023-06-23T17:00:00+00:00,2023-06-24T00:00:00+00:00,-247.41920994378606,sl_hit,"{""trend"": 0.0, ""mean_rev"": 0.0, ""breakout"": 0.7, ""confidence"": 0.7, ""strategy"": ""ifvg"", ""atr"": 2.4979547542581026, ""slot"": ""BNB/USDT:USDT:ifvg"", ""entry_fee_rate"": 0.0, ""intended_entry"": 247.51, ""sl0"": 243.45061357372256, ""max_hold"": 24}",2023-06-23 17:00:00+00:00,2023-06-24 00:00:00+00:00,-1.001439334449157,ifvg
XRP/USDT:USDT,long,0.501393451,0.4893481185571219,0.48935986319383856,30145.037,2023-06-23T20:00:00+00:00,2023-06-24T02:00:00+00:00,-366.0935862950341,sl_hit,"{""trend"": 0.0, ""mean_rev"": 0.0, ""breakout"": 1.0, ""confidence"": 1.0, ""strategy"": ""squeeze"", ""atr"": 0.005620068403080728, ""slot"": ""XRP/USDT:USDT:squeeze"", ""entry_fee_rate"": 0.0001, ""intended_entry"": 0.5006, ""sl0"": 0.48935986319383856}",2023-06-23 20:00:00+00:00,2023-06-24 02:00:00+00:00,-1.0009759879518763,squeeze
LTC/USDT:USDT,long,87.48,88.62787288,83.52343821968041,90.531,2023-06-24T16:00:00+00:00,2023-06-26T17:00:00+00:00,103.11572270330956,max_hold,"{""trend"": 0.0, ""mean_rev"": 0.7331512810499797, ""breakout"": 0.0, ""confidence"": 0.7331512810499797, ""strategy"": ""mean_rev"", ""atr"": 1.3188539267731951, ""slot"": ""LTC/USDT:USDT"", ""entry_fee_rate"": 0.0, ""intended_entry"": 87.48, ""sl0"": 83.52343821968041}",2023-06-24 16:00:00+00:00,2023-06-26 17:00:00+00:00,0.29011878083381665,mean_rev
XRP/USDT:USDT,short,0.48522969,0.4942095305076546,0.49419766976358026,28949.354,2023-06-24T21:00:00+00:00,2023-06-25T11:00:00+00:00,-262.7959949912288,sl_hit,"{""trend"": 0.0, ""mean_rev"": 0.0, ""breakout"": -0.8, ""confidence"": 0.8, ""strategy"": ""squeeze"", ""atr"": 0.004098834881790149, ""slot"": ""XRP/USDT:USDT:squeeze"", ""entry_fee_rate"": 0.0001, ""intended_entry"": 0.486, ""sl0"": 0.49419766976358026}",2023-06-24 21:00:00+00:00,2023-06-25 11:00:00+00:00,-1.0013225658829539,squeeze
NEAR/USDT:USDT,long,1.57849796,1.4753867500082374,1.4754221601400808,3175.173,2023-06-26T08:00:00+00:00,2023-06-27T01:00:00+00:00,-328.3655911908079,sl_hit,"{""trend"": 0.0, ""mean_rev"": 0.0, ""breakout"": 0.8, ""confidence"": 0.8, ""strategy"": ""donchian"", ""atr"": 0.05028891992995961, ""slot"": ""NEAR/USDT:USDT:donchian"", ""entry_fee_rate"": 0.0001, ""intended_entry"": 1.576, ""sl0"": 1.4754221601400808, ""max_hold"": 120}",2023-06-26 08:00:00+00:00,2023-06-27 01:00:00+00:00,-1.0003435348732825,donchian
DOGE/USDT:USDT,short,0.06418810035,0.061184204043961896,0.06553231838241524,206808.747,2023-06-28T09:00:00+00:00,2023-06-28T20:00:00+00:00,618.639222251647,tp_hit,"{""trend"": 0.0, ""mean_rev"": 0.0, ""breakout"": -1.0, ""confidence"": 1.0, ""strategy"": ""squeeze"", ""atr"": 0.0006211591912076211, ""slot"": ""DOGE/USDT:USDT:squeeze"", ""entry_fee_rate"": 0.0001, ""intended_entry"": 0.06429, ""sl0"": 0.06553231838241524}",2023-06-28 09:00:00+00:00,2023-06-28 20:00:00+00:00,2.234679370162,squeeze
BNB/USDT:USDT,short,232.81,228.86912533518793,232.81,57.96,2023-06-28T19:00:00+00:00,2023-06-28T20:00:00+00:00,227.0865701220649,tp_hit,"{""trend"": 0.0, ""mean_rev"": 0.0, ""breakout"": -0.7, ""confidence"": 0.7, ""strategy"": ""ifvg"", ""atr"": 1.834791108020168, ""slot"": ""BNB/USDT:USDT:ifvg"", ""entry_fee_rate"": 0.0, ""intended_entry"": 232.81, ""sl0"": 234.78043733240605, ""max_hold"": 24}",2023-06-28 19:00:00+00:00,2023-06-28 20:00:00+00:00,,ifvg
ICP/USDT:USDT,short,4.050569655,4.284392425678947,4.284289602728482,1775.307,2023-06-28T20:00:00+00:00,2023-07-03T04:00:00+00:00,-416.5869131983847,sl_hit,"{""trend"": 0.0, ""mean_rev"": 0.0, ""breakout"": -0.8, ""confidence"": 0.8, ""strategy"": ""donchian"", ""atr"": 0.11364480136424057, ""slot"": ""ICP/USDT:USDT:donchian"", ""entry_fee_rate"": 0.0001, ""intended_entry"": 4.057, ""sl0"": 4.284289602728482, ""max_hold"": 120}",2023-06-28 20:00:00+00:00,2023-07-03 04:00:00+00:00,-1.0004399408414408,donchian
SOL/USDT:USDT,long,18.076606079999998,19.238538264,16.92504034785138,300.109,2023-06-29T12:00:00+00:00,2023-07-04T13:00:00+00:00,347.586444742663,max_hold,"{""trend"": 0.0, ""mean_rev"": 0.0, ""breakout"": 0.8, ""confidence"": 0.8, ""strategy"": ""donchian"", ""atr"": 0.56147982607431, ""slot"": ""SOL/USDT:USDT:donchian"", ""entry_fee_rate"": 0.0001, ""intended_entry"": 18.048, ""sl0"": 16.92504034785138, ""max_hold"": 120}",2023-06-29 12:00:00+00:00,2023-07-04 13:00:00+00:00,1.0090020496112198,donchian
BCH/USDT:USDT,long,299.76437465,275.45338896,264.50610444041496,9.848,2023-06-30T04:00:00+00:00,2023-07-05T05:00:00+00:00,-239.9810615287231,max_hold,"{""trend"": 0.0, ""mean_rev"": 0.0, ""breakout"": 0.8, ""confidence"": 0.8, ""strategy"": ""donchian"", ""atr"": 17.391947779792527, ""slot"": ""BCH/USDT:USDT:donchian"", ""entry_fee_rate"": 0.0001, ""intended_entry"": 299.29, ""sl0"": 264.50610444041496, ""max_hold"": 120}",2023-06-30 04:00:00+00:00,2023-07-05 05:00:00+00:00,-0.6895115825447107,donchian
XLM/USDT:USDT,long,0.1054068054,0.11206095355798135,0.10251161857680746,124420.686,2023-06-30T05:00:00+00:00,2023-06-30T12:00:00+00:00,825.2079297864324,tp_hit,"{""trend"": 0.0, ""mean_rev"": 0.0, ""breakout"": 1.0, ""confidence"": 1.0, ""strategy"": ""squeeze"", ""atr"": 0.0013641907115962688, ""slot"": ""XLM/USDT:USDT:squeeze"", ""entry_fee_rate"": 0.0001, ""intended_entry"": 0.10524, ""sl0"": 0.10251161857680746}",2023-06-30 05:00:00+00:00,2023-06-30 12:00:00+00:00,2.2983484536047274,squeeze
BNB/USDT:USDT,long,240.03,248.6853521951719,240.03,67.651,2023-06-30T19:00:00+00:00,2023-07-01T17:00:00+00:00,583.8608500794387,tp_hit,"{""trend"": 0.0, ""mean_rev"": 0.0, ""breakout"": 0.7, ""confidence"": 0.7, ""strategy"": ""ifvg"", ""atr"": 2.725586991953181, ""slot"": ""BNB/USDT:USDT:ifvg"", ""entry_fee_rate"": 0.0, ""intended_entry"": 240.03, ""sl0"": 235.70232390241407, ""max_hold"": 24}",2023-06-30 19:00:00+00:00,2023-07-01 17:00:00+00:00,,ifvg
LTC/USDT:USDT,short,110.92,108.28259872000001,118.72658297764278,48.972,2023-07-02T05:00:00+00:00,2023-07-04T06:00:00+00:00,128.628533941708,max_hold,"{""trend"": 0.0, ""mean_rev"": -0.6632688262300759, ""breakout"": 0.0, ""confidence"": 0.6632688262300759, ""strategy"": ""mean_rev"", ""atr"": 2.602194325880925, ""slot"": ""LTC/USDT:USDT"", ""entry_fee_rate"": 0.0, ""intended_entry"": 110.92, ""sl0"": 118.72658297764278}",2023-07-02 05:00:00+00:00,2023-07-04 06:00:00+00:00,0.3378432391679213,mean_rev
XLM/USDT:USDT,short,0.10462390785,0.10714151306490481,0.10713894173030328,158570.596,2023-07-02T05:00:00+00:00,2023-07-02T11:00:00+00:00,-402.5761363208303,sl_hit,"{""trend"": 0.0, ""mean_rev"": 0.0, ""breakout"": -0.9199999999999999, ""confidence"": 0.9199999999999999, ""strategy"": ""squeeze"", ""atr"": 0.0011744708651516419, ""slot"": ""XLM/USDT:USDT:squeeze"", ""entry_fee_rate"": 0.0001, ""intended_entry"": 0.10479, ""sl0"": 0.10713894173030328}",2023-07-02 05:00:00+00:00,2023-07-02 11:00:00+00:00,-1.0010223856710923,squeeze
XLM/USDT:USDT,short,0.1052129727,0.10098215449137499,0.10713913820345,150449.536,2023-07-04T09:00:00+00:00,2023-07-05T12:00:00+00:00,633.4224402668447,tp_hit,"{""trend"": 0.0, ""mean_rev"": 0.0, ""breakout"": -0.8, ""confidence"": 0.8, ""strategy"": ""squeeze"", ""atr"": 0.0008795691017250015, ""slot"": ""XLM/USDT:USDT:squeeze"", ""entry_fee_rate"": 0.0001, ""intended_entry"": 0.10538, ""sl0"": 0.10713913820345}",2023-07-04 09:00:00+00:00,2023-07-05 12:00:00+00:00,2.1964977573563154,squeeze
BNB/USDT:USDT,long,241.23,238.59393746904425,238.59966386097693,69.451,2023-07-06T09:00:00+00:00,2023-07-06T14:00:00+00:00,-184.73423759252339,sl_hit,"{""trend"": 0.0, ""mean_rev"": 0.0, ""breakout"": 0.7, ""confidence"": 0.7, ""strategy"": ""ifvg"", ""atr"": 1.501120463410225, ""slot"": ""BNB/USDT:USDT:ifvg"", ""entry_fee_rate"": 0.0, ""intended_entry"": 241.23, ""sl0"": 238.59966386097693, ""max_hold"": 24}",2023-07-06 09:00:00+00:00,2023-07-06 14:00:00+00:00,-1.0021770570870117,ifvg
SOL/USDT:USDT,long,20.911091629999998,19.610520044665517,19.610990708442518,303.433,2023-07-06T20:00:00+00:00,2023-07-07T01:00:00+00:00,-395.86589727232547,sl_hit,"{""trend"": 0.0, ""mean_rev"": 0.0, ""breakout"": 0.8, ""confidence"": 0.8, ""strategy"": ""donchian"", ""atr"": 0.6335046457787417, ""slot"": ""SOL/USDT:USDT:donchian"", ""entry_fee_rate"": 0.0001, ""intended_entry"": 20.878, ""sl0"": 19.610990708442518, ""max_hold"": 120}",2023-07-06 20:00:00+00:00,2023-07-07 01:00:00+00:00,-1.000362020954833,donchian
SOL/USDT:USDT,long,21.247624189999996,22.398462424,19.579159650122147,226.687,2023-07-07T16:00:00+00:00,2023-07-12T17:00:00+00:00,259.8906667071324,max_hold,"{""trend"": 0.0, ""mean_rev"": 0.0, ""breakout"": 0.8, ""confidence"": 0.8, ""strategy"": ""donchian"", ""atr"": 0.8174201749389255, ""slot"": ""SOL/USDT:USDT:donchian"", ""entry_fee_rate"": 0.0001, ""intended_entry"": 21.214, ""sl0"": 19.579159650122147, ""max_hold"": 120}",2023-07-07 16:00:00+00:00,2023-07-12 17:00:00+00:00,0.6897588809914174,donchian
LTC/USDT:USDT,long,96.67,94.71232775094117,94.7146009013628,166.086,2023-07-09T08:00:00+00:00,2023-07-10T01:00:00+00:00,-326.7149923238693,sl_hit,"{""trend"": 0.0, ""mean_rev"": 0.6150246522869371, ""breakout"": 0.0, ""confidence"": 0.6150246522869371, ""strategy"": ""mean_rev"", ""atr"": 0.6517996995457332, ""slot"": ""LTC/USDT:USDT"", ""entry_fee_rate"": 0.0, ""intended_entry"": 96.67, ""sl0"": 94.7146009013628}",2023-07-09 08:00:00+00:00,2023-07-10 01:00:00+00:00,-1.001162499472979,mean_rev
XRP/USDT:USDT,long,0.4720470105,0.4736886312,0.46533727437051875,32325.582,2023-07-10T12:00:00+00:00,2023-07-12T13:00:00+00:00,50.00919904713821,max_hold,"{""trend"": 0.0, ""mean_rev"": 0.0, ""breakout"": 1.0, ""confidence"": 1.0, ""strategy"": ""squeeze"", ""atr"": 0.002981362814740616, ""slot"": ""XRP/USDT:USDT:squeeze"", ""entry_fee_rate"": 0.0001, ""intended_entry"": 0.4713, ""sl0"": 0.46533727437051875}",2023-07-10 12:00:00+00:00,2023-07-12 13:00:00+00:00,0.24466248274459898,squeeze
DOGE/USDT:USDT,short,0.06464737125,0.06547593160523829,0.065474360220593,242536.951,2023-07-11T21:00:00+00:00,2023-07-12T07:00:00+00:00,-204.11247319182743,sl_hit,"{""trend"": 0.0, ""mean_rev"": 0.0, ""breakout"": -0.8, ""confidence"": 0.8, ""strategy"": ""squeeze"", ""atr"": 0.00036218011029650026, ""slot"": ""DOGE/USDT:USDT:squeeze"", ""entry_fee_rate"": 0.0001, ""intended_entry"": 0.06475, ""sl0"": 0.065474360220593}",2023-07-11 21:00:00+00:00,2023-07-12 07:00:00+00:00,-1.0019001276935615,squeeze
BNB/USDT:USDT,long,246.16,250.7898193855083,246.16,63.175,2023-07-13T12:00:00+00:00,2023-07-13T16:00:00+00:00,290.90447499551965,tp_hit,"{""trend"": 0.0, ""mean_rev"": 0.0, ""breakout"": 0.7, ""confidence"": 0.7, ""strategy"": ""ifvg"", ""atr"": 1.183032309180492, ""slot"": ""BNB/USDT:USDT:ifvg"", ""entry_fee_rate"": 0.0, ""intended_entry"": 246.16, ""sl0"": 243.84509030724584, ""max_hold"": 24}",2023-07-13 12:00:00+00:00,2023-07-13 16:00:00+00:00,,ifvg
ADA/USDT:USDT,long,0.3115930935,0.3335552487195737,0.29987237564021313,32224.454,2023-07-13T16:00:00+00:00,2023-07-13T20:00:00+00:00,705.6395053063106,tp_hit,"{""trend"": 0.0, ""mean_rev"": 0.0, ""breakout"": 0.8, ""confidence"": 0.8, ""strategy"": ""donchian"", ""atr"": 0.005613812179893424, ""slot"": ""ADA/USDT:USDT:donchian"", ""entry_fee_rate"": 0.0001, ""intended_entry"": 0.3111, ""sl0"": 0.29987237564021313, ""max_hold"": 120}",2023-07-13 16:00:00+00:00,2023-07-13 20:00:00+00:00,1.8737892578171096,donchian
ICP/USDT:USDT,long,4.2907901399999995,4.120645343170748,4.120744241032534,2285.046,2023-07-13T16:00:00+00:00,2023-07-14T20:00:00+00:00,-390.7107391160006,sl_hit,"{""trend"": 0.0, ""mean_rev"": 0.0, ""breakout"": 0.8, ""confidence"": 0.8, ""strategy"": ""donchian"", ""atr"": 0.08162787948373323, ""slot"": ""ICP/USDT:USDT:donchian"", ""entry_fee_rate"": 0.0001, ""intended_entry"": 4.284, ""sl0"": 4.120744241032534, ""max_hold"": 120}",2023-07-13 16:00:00+00:00,2023-07-14 20:00:00+00:00,-1.000581595101004,donchian
ADA/USDT:USDT,long,0.34835126299999997,0.32908073638811314,0.32908863451534154,21458.622,2023-07-13T20:00:00+00:00,2023-07-14T20:00:00+00:00,-414.97262202597756,sl_hit,"{""trend"": 0.0, ""mean_rev"": 0.0, ""breakout"": 0.8, ""confidence"": 0.8, ""strategy"": ""donchian"", ""atr"": 0.009355682742329244, ""slot"": ""ADA/USDT:USDT:donchian"", ""entry_fee_rate"": 0.0001, ""intended_entry"": 0.3478, ""sl0"": 0.32908863451534154, ""max_hold"": 120}",2023-07-13 20:00:00+00:00,2023-07-14 20:00:00+00:00,-1.0004100233379205,donchian
ETH/USDT:USDT,long,1998.6228041,1946.1455473845583,1946.1922559987024,8.149,2023-07-13T20:00:00+00:00,2023-07-14T20:00:00+00:00,-430.85175670375855,sl_hit,"{""trend"": 0.0, ""mean_rev"": 0.0, ""breakout"": 0.8, ""confidence"": 0.8, ""strategy"": ""donchian"", ""atr"": 24.63387200064881, ""slot"": ""ETH/USDT:USDT:donchian"", ""entry_fee_rate"": 0.0001, ""intended_entry"": 1995.46, ""sl0"": 1946.1922559987024, ""max_hold"": 120}",2023-07-13 20:00:00+00:00,2023-07-14 20:00:00+00:00,-1.0008908664096714,donchian
SOL/USDT:USDT,long,26.262560285,29.984467334868462,24.339266332565767,214.142,2023-07-13T20:00:00+00:00,2023-07-14T02:00:00+00:00,795.812134374075,tp_hit,"{""trend"": 0.0, ""mean_rev"": 0.0, ""breakout"": 0.8, ""confidence"": 0.8, ""strategy"": ""donchian"", ""atr"": 0.9408668337171159, ""slot"": ""SOL/USDT:USDT:donchian"", ""entry_fee_rate"": 0.0001, ""intended_entry"": 26.221, ""sl0"": 24.339266332565767, ""max_hold"": 120}",2023-07-13 20:00:00+00:00,2023-07-14 02:00:00+00:00,1.9351732714376824,donchian
NEAR/USDT:USDT,long,1.5714868649999998,1.4899124407195679,1.4899481994763553,5570.137,2023-07-14T16:00:00+00:00,2023-07-14T20:00:00+00:00,-456.08596029258854,sl_hit,"{""trend"": 0.0, ""mean_rev"": 0.0, ""breakout"": 0.8, ""confidence"": 0.8, ""strategy"": ""donchian"", ""atr"": 0.03952590026182237, ""slot"": ""NEAR/USDT:USDT:donchian"", ""entry_fee_rate"": 0.0001, ""intended_entry"": 1.569, ""sl0"": 1.4899481994763553, ""max_hold"": 120}",2023-07-14 16:00:00+00:00,2023-07-14 20:00:00+00:00,-1.000438549693667,donchian
BNB/USDT:USDT,short,246.32,251.18426382278255,251.17823554512947,63.742,2023-07-14T20:00:00+00:00,2023-07-15T10:00:00+00:00,-311.6590033262652,sl_hit,"{""trend"": 0.0, ""mean_rev"": 0.0, ""breakout"": -0.7, ""confidence"": 0.7, ""strategy"": ""ifvg"", ""atr"": 3.094118483764853, ""slot"": ""BNB/USDT:USDT:ifvg"", ""entry_fee_rate"": 0.0, ""intended_entry"": 246.32, ""sl0"": 251.17823554512947, ""max_hold"": 24}",2023-07-14 20:00:00+00:00,2023-07-15 10:00:00+00:00,-1.0012408368423245,ifvg
BNB/USDT:USDT,long,249.14,248.00404776,245.8211040841465,61.144,2023-07-15T14:00:00+00:00,2023-07-16T15:00:00+00:00,-70.97305971218341,max_hold,"{""trend"": 0.0, ""mean_rev"": 0.0, ""breakout"": 0.7, ""confidence"": 0.7, ""strategy"": ""ifvg"", ""atr"": 1.8296530528450354, ""slot"": ""BNB/USDT:USDT:ifvg"", ""entry_fee_rate"": 0.0, ""intended_entry"": 249.14, ""sl0"": 245.8211040841465, ""max_hold"": 24}",2023-07-15 14:00:00+00:00,2023-07-16 15:00:00+00:00,-0.3422681122881411,ifvg
XRP/USDT:USDT,long,0.767414427,0.8355323685073547,0.7384670525970581,12727.244,2023-07-18T19:00:00+00:00,2023-07-19T20:00:00+00:00,864.9135528432874,tp_hit,"{""trend"": 0.0, ""mean_rev"": 0.0, ""breakout"": 1.0, ""confidence"": 1.0, ""strategy"": ""squeeze"", ""atr"": 0.013866473701470938, ""slot"": ""XRP/USDT:USDT:squeeze"", ""entry_fee_rate"": 0.0001, ""intended_entry"": 0.7662, ""sl0"": 0.7384670525970581}",2023-07-18 19:00:00+00:00,2023-07-19 20:00:00+00:00,2.3531647657976245,squeeze
BNB/USDT:USDT,long,243.98,244.81412432,242.08815135955717,67.318,2023-07-21T03:00:00+00:00,2023-07-22T04:00:00+00:00,54.50354125166268,max_hold,"{""trend"": 0.0, ""mean_rev"": 0.0, ""breakout"": 0.7, ""confidence"": 0.7, ""strategy"": ""ifvg"", ""atr"": 1.2061621348093812, ""slot"": ""BNB/USDT:USDT:ifvg"", ""entry_fee_rate"": 0.0, ""intended_entry"": 243.98, ""sl0"": 242.08815135955717, ""max_hold"": 24}",2023-07-21 03:00:00+00:00,2023-07-22 04:00:00+00:00,0.44090436315495146,ifvg
LTC/USDT:USDT,short,95.35,91.70037936787992,97.53933451236956,173.111,2023-07-22T01:00:00+00:00,2023-07-23T01:00:00+00:00,630.2020428096631,tp_hit,"{""trend"": 0.0, ""mean_rev"": -0.7221116087187505, ""breakout"": 0.0, ""confidence"": 0.7221116087187505, ""strategy"": ""mean_rev"", ""atr"": 0.7297781707898581, ""slot"": ""LTC/USDT:USDT"", ""entry_fee_rate"": 0.0, ""intended_entry"": 95.35, ""sl0"": 97.53933451236956}",2023-07-22 01:00:00+00:00,2023-07-23 01:00:00+00:00,1.6670000000000016,mean_rev
XRP/USDT:USDT,short,0.746215371,0.704011682698368,0.7647553269206527,22800.465,2023-07-22T20:00:00+00:00,2023-07-24T11:00:00+00:00,958.9571328742799,tp_hit,"{""trend"": 0.0, ""mean_rev"": 0.0, ""breakout"": -1.0, ""confidence"": 1.0, ""strategy"": ""squeeze"", ""atr"": 0.008677663460326382, ""slot"": ""XRP/USDT:USDT:squeeze"", ""entry_fee_rate"": 0.0001, ""intended_entry"": 0.7474, ""sl0"": 0.7647553269206527}",2023-07-22 20:00:00+00:00,2023-07-24 11:00:00+00:00,2.276364004437514,squeeze
LTC/USDT:USDT,long,91.83,89.99568630287271,89.99784625118275,195.111,2023-07-23T01:00:00+00:00,2023-07-24T11:00:00+00:00,-359.6506945952258,sl_hit,"{""trend"": 0.0, ""mean_rev"": 0.7404627743804335, ""breakout"": 0.0, ""confidence"": 0.7404627743804335, ""strategy"": ""mean_rev"", ""atr"": 0.6107179162724137, ""slot"": ""LTC/USDT:USDT"", ""entry_fee_rate"": 0.0, ""intended_entry"": 91.83, ""sl0"": 89.99784625118275}",2023-07-23 01:00:00+00:00,2023-07-24 11:00:00+00:00,-1.0011789121472103,mean_rev
ICP/USDT:USDT,long,4.319836104999999,4.164499870122288,4.164599820517981,2845.367,2023-07-23T04:00:00+00:00,2023-07-23T23:00:00+00:00,-444.40270158534105,sl_hit,"{""trend"": 0.0, ""mean_rev"": 0.0, ""breakout"": 0.8, ""confidence"": 0.8, ""strategy"": ""donchian"", ""atr"": 0.0742000897410095, ""slot"": ""ICP/USDT:USDT:donchian"", ""entry_fee_rate"": 0.0001, ""intended_entry"": 4.313, ""sl0"": 4.164599820517981, ""max_hold"": 120}",2023-07-23 04:00:00+00:00,2023-07-23 23:00:00+00:00,-1.0006438597524152,donchian
NEAR/USDT:USDT,short,1.38380319,1.398033552,1.4520097650810937,6250.928,2023-07-24T12:00:00+00:00,2023-07-29T13:00:00+00:00,-90.69187439413528,max_hold,"{""trend"": 0.0, ""mean_rev"": 0.0, ""breakout"": -0.8, ""confidence"": 0.8, ""strategy"": ""donchian"", ""atr"": 0.03300488254054685, ""slot"": ""NEAR/USDT:USDT:donchian"", ""entry_fee_rate"": 0.0001, ""intended_entry"": 1.386, ""sl0"": 1.4520097650810937, ""max_hold"": 120}",2023-07-24 12:00:00+00:00,2023-07-29 13:00:00+00:00,-0.20863621994039247,donchian
ICP/USDT:USDT,long,4.33686305,4.180058175275339,4.180158499079317,2728.616,2023-07-28T16:00:00+00:00,2023-07-31T23:00:00+00:00,-430.18423080430784,sl_hit,"{""trend"": 0.0, ""mean_rev"": 0.0, ""breakout"": 0.8, ""confidence"": 0.8, ""strategy"": ""donchian"", ""atr"": 0.07492075046034147, ""slot"": ""ICP/USDT:USDT:donchian"", ""entry_fee_rate"": 0.0001, ""intended_entry"": 4.33, ""sl0"": 4.180158499079317, ""max_hold"": 120}",2023-07-28 16:00:00+00:00,2023-07-31 23:00:00+00:00,-1.0006402098942797,donchian
LTC/USDT:USDT,short,92.02,93.16250636604185,93.16027051954939,190.745,2023-07-29T21:00:00+00:00,2023-07-30T00:00:00+00:00,-219.70440501833315,sl_hit,"{""trend"": 0.0, ""mean_rev"": -0.837491073828924, ""breakout"": 0.0, ""confidence"": 0.837491073828924, ""strategy"": ""mean_rev"", ""atr"": 0.380090173183129, ""slot"": ""LTC/USDT:USDT"", ""entry_fee_rate"": 0.0, ""intended_entry"": 92.02, ""sl0"": 93.16027051954939}",2023-07-29 21:00:00+00:00,2023-07-30 00:00:00+00:00,-1.0019608035585725,mean_rev
XLM/USDT:USDT,short,0.15648158295,0.1594557855692575,0.15945195872224815,109444.858,2023-07-30T06:00:00+00:00,2023-07-30T12:00:00+00:00,-328.9689553713122,sl_hit,"{""trend"": 0.0, ""mean_rev"": 0.0, ""breakout"": -1.0, ""confidence"": 1.0, ""strategy"": ""squeeze"", ""atr"": 0.0013609793611240703, ""slot"": ""XLM/USDT:USDT:squeeze"", ""entry_fee_rate"": 0.0001, ""intended_entry"": 0.15673, ""sl0"": 0.15945195872224815}",2023-07-30 06:00:00+00:00,2023-07-30 12:00:00+00:00,-1.0012883376726573,squeeze
DOGE/USDT:USDT,short,0.0775768455,0.07928457186909452,0.07928266908503648,213780.233,2023-07-30T20:00:00+00:00,2023-07-31T10:00:00+00:00,-368.43152812065625,sl_hit,"{""trend"": 0.0, ""mean_rev"": 0.0, ""breakout"": -0.8, ""confidence"": 0.8, ""strategy"": ""squeeze"", ""atr"": 0.0007913345425182391, ""slot"": ""DOGE/USDT:USDT:squeeze"", ""entry_fee_rate"": 0.0001, ""intended_entry"": 0.0777, ""sl0"": 0.07928266908503648}",2023-07-30 20:00:00+00:00,2023-07-31 10:00:00+00:00,-1.0011154635653594,squeeze
BNB/USDT:USDT,long,243.54,242.47931789226968,242.48513753557054,66.537,2023-07-31T02:00:00+00:00,2023-07-31T17:00:00+00:00,-72.18799003951177,sl_hit,"{""trend"": 0.0, ""mean_rev"": 0.0, ""breakout"": 0.7, ""confidence"": 0.7, ""strategy"": ""ifvg"", ""atr"": 0.9162082147648377, ""slot"": ""BNB/USDT:USDT:ifvg"", ""entry_fee_rate"": 0.0, ""intended_entry"": 243.54, ""sl0"": 242.48513753557054, ""max_hold"": 24}",2023-07-31 02:00:00+00:00,2023-07-31 17:00:00+00:00,-1.0055169687965106,ifvg
XLM/USDT:USDT,short,0.1528373682,0.1558998631889765,0.15589612168205613,102481.367,2023-07-31T19:00:00+00:00,2023-07-31T21:00:00+00:00,-317.0126542526165,sl_hit,"{""trend"": 0.0, ""mean_rev"": 0.0, ""breakout"": -0.88, ""confidence"": 0.88, ""strategy"": ""squeeze"", ""atr"": 0.001408060841028064, ""slot"": ""XLM/USDT:USDT:squeeze"", ""entry_fee_rate"": 0.0001, ""intended_entry"": 0.15308, ""sl0"": 0.15589612168205613}",2023-07-31 19:00:00+00:00,2023-07-31 21:00:00+00:00,-1.0012232129664314,squeeze
XRP/USDT:USDT,short,0.684713007,0.7032698282767582,0.7032529502059532,19977.765,2023-08-01T03:00:00+00:00,2023-08-01T23:00:00+00:00,-373.496694104794,sl_hit,"{""trend"": 0.0, ""mean_rev"": 0.0, ""breakout"": -1.0, ""confidence"": 1.0, ""strategy"": ""squeeze"", ""atr"": 0.008726475102976635, ""slot"": ""XRP/USDT:USDT:squeeze"", ""entry_fee_rate"": 0.0001, ""intended_entry"": 0.6858, ""sl0"": 0.7032529502059532}",2023-08-01 03:00:00+00:00,2023-08-01 23:00:00+00:00,-1.00091036259483,squeeze
BNB/USDT:USDT,long,245.86908579999997,240.75844159866094,240.7642199399395,60.63,2023-08-01T08:00:00+00:00,2023-08-02T18:00:00+00:00,-312.80878062580337,sl_hit,"{""trend"": 0.0, ""mean_rev"": 0.0, ""breakout"": 0.8, ""confidence"": 0.8, ""strategy"": ""donchian"", ""atr"": 2.3578900300302426, ""slot"": ""BNB/USDT:USDT:donchian"", ""entry_fee_rate"": 0.0001, ""intended_entry"": 245.48, ""sl0"": 240.7642199399395, ""max_hold"": 120}",2023-08-01 08:00:00+00:00,2023-08-02 18:00:00+00:00,-1.0011319281322875,donchian
BNB/USDT:USDT,short,241.71,241.15578760000002,245.4457359337449,57.563,2023-08-02T20:00:00+00:00,2023-08-03T21:00:00+00:00,30.513963321037146,max_hold,"{""trend"": 0.0, ""mean_rev"": 0.0, ""breakout"": -0.7, ""confidence"": 0.7, ""strategy"": ""ifvg"", ""atr"": 1.852453112483124, ""slot"": ""BNB/USDT:USDT:ifvg"", ""entry_fee_rate"": 0.0, ""intended_entry"": 241.71, ""sl0"": 245.4457359337449, ""max_hold"": 24}",2023-08-02 20:00:00+00:00,2023-08-03 21:00:00+00:00,0.14835427605944576,ifvg
DOGE/USDT:USDT,short,0.07285434254999999,0.07427950189081618,0.07427771922555476,191302.64,2023-08-04T21:00:00+00:00,2023-08-05T06:00:00+00:00,-275.45145360628464,sl_hit,"{""trend"": 0.0, ""mean_rev"": 0.0, ""breakout"": -1.0, ""confidence"": 1.0, ""strategy"": ""squeeze"", ""atr"": 0.0006538596127773848, ""slot"": ""DOGE/USDT:USDT:squeeze"", ""entry_fee_rate"": 0.0001, ""intended_entry"": 0.07297, ""sl0"": 0.07427771922555476}",2023-08-04 21:00:00+00:00,2023-08-05 06:00:00+00:00,-1.001252419891401,squeeze
XRP/USDT:USDT,short,0.6340933665,0.6296151104000001,0.6500749783672047,21750.832,2023-08-04T21:00:00+00:00,2023-08-06T22:00:00+00:00,94.65712500627168,max_hold,"{""trend"": 0.0, ""mean_rev"": 0.0, ""breakout"": -0.8, ""confidence"": 0.8, ""strategy"": ""squeeze"", ""atr"": 0.007487489183602361, ""slot"": ""XRP/USDT:USDT:squeeze"", ""entry_fee_rate"": 0.0001, ""intended_entry"": 0.6351, ""sl0"": 0.6500749783672047}",2023-08-04 21:00:00+00:00,2023-08-06 22:00:00+00:00,0.2802130434158294,squeeze
LTC/USDT:USDT,long,82.0,80.55230907601556,80.55424237783264,167.9,2023-08-06T16:00:00+00:00,2023-08-07T18:00:00+00:00,-244.4197794063736,sl_hit,"{""trend"": 0.0, ""mean_rev"": 0.7208998003758438, ""breakout"": 0.0, ""confidence"": 0.7208998003758438, ""strategy"": ""mean_rev"", ""atr"": 0.48191920738912225, ""slot"": ""LTC/USDT:USDT"", ""entry_fee_rate"": 0.0, ""intended_entry"": 82.0, ""sl0"": 80.55424237783264}",2023-08-06 16:00:00+00:00,2023-08-07 18:00:00+00:00,-1.0013372240183505,mean_rev
XLM/USDT:USDT,long,0.14145384954999998,0.1384201097745567,0.1384234319369232,98739.992,2023-08-07T12:00:00+00:00,2023-08-07T18:00:00+00:00,-302.31491640782207,sl_hit,"{""trend"": 0.0, ""mean_rev"": 0.0, ""breakout"": 0.84, ""confidence"": 0.84, ""strategy"": ""squeeze"", ""atr"": 0.0014032840315384035, ""slot"": ""XLM/USDT:USDT:squeeze"", ""entry_fee_rate"": 0.0001, ""intended_entry"": 0.14123, ""sl0"": 0.1384234319369232}",2023-08-07 12:00:00+00:00,2023-08-07 18:00:00+00:00,-1.0010962721283514,squeeze
BNB/USDT:USDT,long,244.0,245.8948162350427,244.0,52.737,2023-08-08T15:00:00+00:00,2023-08-08T20:00:00+00:00,98.63014829506797,tp_hit,"{""trend"": 0.0, ""mean_rev"": 0.0, ""breakout"": 0.7, ""confidence"": 0.7, ""strategy"": ""ifvg"", ""atr"": 0.8580270584045123, ""slot"": ""BNB/USDT:USDT:ifvg"", ""entry_fee_rate"": 0.0, ""intended_entry"": 244.0, ""sl0"": 243.05259188247865, ""max_hold"": 24}",2023-08-08 15:00:00+00:00,2023-08-08 20:00:00+00:00,,ifvg
SOL/USDT:USDT,long,24.609945035,24.64440852,23.645994160837635,328.329,2023-08-08T20:00:00+00:00,2023-08-13T20:00:00+00:00,9.698198301728992,max_hold,"{""trend"": 0.0, ""mean_rev"": 0.0, ""breakout"": 0.8, ""confidence"": 0.8, ""strategy"": ""donchian"", ""atr"": 0.46250291958118295, ""slot"": ""SOL/USDT:USDT:donchian"", ""entry_fee_rate"": 0.0001, ""intended_entry"": 24.571, ""sl0"": 23.645994160837635, ""max_hold"": 120}",2023-08-08 20:00:00+00:00,2023-08-13 20:00:00+00:00,0.03575232506526567,donchian
BNB/USDT:USDT,short,243.79,241.69580056,243.79,53.271,2023-08-09T17:00:00+00:00,2023-08-10T18:00:00+00:00,110.2725606690759,max_hold,"{""trend"": 0.0, ""mean_rev"": 0.0, ""breakout"": -0.7, ""confidence"": 0.7, ""strategy"": ""ifvg"", ""atr"": 0.8811469084128923, ""slot"": ""BNB/USDT:USDT:ifvg"", ""entry_fee_rate"": 0.0, ""intended_entry"": 243.79, ""sl0"": 244.90434407252386, ""max_hold"": 24}",2023-08-09 17:00:00+00:00,2023-08-10 18:00:00+00:00,,ifvg
LTC/USDT:USDT,short,83.53,81.89359638089299,84.51164584229575,157.533,2023-08-12T00:00:00+00:00,2023-08-14T00:00:00+00:00,256.49747693691813,tp_hit,"{""trend"": 0.0, ""mean_rev"": -0.605015552490068, ""breakout"": 0.0, ""confidence"": 0.605015552490068, ""strategy"": ""mean_rev"", ""atr"": 0.32721528076524986, ""slot"": ""LTC/USDT:USDT"", ""entry_fee_rate"": 0.0, ""intended_entry"": 83.53, ""sl0"": 84.51164584229575}",2023-08-12 00:00:00+00:00,2023-08-14 00:00:00+00:00,1.667000000000002,mean_rev
XRP/USDT:USDT,long,0.6365072675,0.6306974081598166,0.6307125452609028,22792.013,2023-08-13T20:00:00+00:00,2023-08-13T23:00:00+00:00,-135.30660415376164,sl_hit,"{""trend"": 0.0, ""mean_rev"": 0.0, ""breakout"": 1.0, ""confidence"": 1.0, ""strategy"": ""squeeze"", ""atr"": 0.00239372736954855, ""slot"": ""XRP/USDT:USDT:squeeze"", ""entry_fee_rate"": 0.0001, ""intended_entry"": 0.6355, ""sl0"": 0.6307125452609028}",2023-08-13 20:00:00+00:00,2023-08-13 23:00:00+00:00,-1.0026122220292317,squeeze
DOGE/USDT:USDT,short,0.0735232806,0.07139605143354592,0.07453757942658162,181664.146,2023-08-15T16:00:00+00:00,2023-08-15T20:00:00+00:00,383.80860520089607,tp_hit,"{""trend"": 0.0, ""mean_rev"": 0.0, ""breakout"": -1.0, ""confidence"": 1.0, ""strategy"": ""squeeze"", ""atr"": 0.00044878971329081563, ""slot"": ""DOGE/USDT:USDT:squeeze"", ""entry_fee_rate"": 0.0001, ""intended_entry"": 0.07364, ""sl0"": 0.07453757942658162}",2023-08-15 16:00:00+00:00,2023-08-15 20:00:00+00:00,2.097241079951999,squeeze
ADA/USDT:USDT,short,0.280754298,0.2671772802050576,0.2882113598974712,44840.615,2023-08-15T20:00:00+00:00,2023-08-16T22:00:00+00:00,606.3448688966981,tp_hit,"{""trend"": 0.0, ""mean_rev"": 0.0, ""breakout"": -0.8, ""confidence"": 0.8, ""strategy"": ""donchian"", ""atr"": 0.003505679948735606, ""slot"": ""ADA/USDT:USDT:donchian"", ""entry_fee_rate"": 0.0001, ""intended_entry"": 0.2812, ""sl0"": 0.2882113598974712, ""max_hold"": 120}",2023-08-15 20:00:00+00:00,2023-08-16 22:00:00+00:00,1.8206926510220587,donchian
BNB/USDT:USDT,short,235.64590830000003,229.55473910730333,239.25263044634835,57.088,2023-08-15T20:00:00+00:00,2023-08-17T02:00:00+00:00,345.0769294167502,tp_hit,"{""trend"": 0.0, ""mean_rev"": 0.0, ""breakout"": -0.8, ""confidence"": 0.8, ""strategy"": ""donchian"", ""atr"": 1.6163152231741715, ""slot"": ""BNB/USDT:USDT:donchian"", ""entry_fee_rate"": 0.0001, ""intended_entry"": 236.02, ""sl0"": 239.25263044634835, ""max_hold"": 120}",2023-08-15 20:00:00+00:00,2023-08-17 02:00:00+00:00,1.6888379380329577,donchian
ETH/USDT:USDT,short,1824.0043635000002,1786.2652929569845,1847.217353521508,9.095,2023-08-15T20:00:00+00:00,2023-08-17T02:00:00+00:00,339.9533063361803,tp_hit,"{""trend"": 0.0, ""mean_rev"": 0.0, ""breakout"": -0.8, ""confidence"": 0.8, ""strategy"": ""donchian"", ""atr"": 10.158676760753881, ""slot"": ""ETH/USDT:USDT:donchian"", ""entry_fee_rate"": 0.0001, ""intended_entry"": 1826.9, ""sl0"": 1847.217353521508, ""max_hold"": 120}",2023-08-15 20:00:00+00:00,2023-08-17 02:00:00+00:00,1.625773780458658,donchian
ICP/USDT:USDT,short,3.8119484700000004,3.528165317090674,3.962917341454663,2246.665,2023-08-15T20:00:00+00:00,2023-08-17T23:00:00+00:00,635.916599556884,tp_hit,"{""trend"": 0.0, ""mean_rev"": 0.0, ""breakout"": -0.8, ""confidence"": 0.8, ""strategy"": ""donchian"", ""atr"": 0.07245867072733145, ""slot"": ""ICP/USDT:USDT:donchian"", ""entry_fee_rate"": 0.0001, ""intended_entry"": 3.818, ""sl0"": 3.962917341454663, ""max_hold"": 120}",2023-08-15 20:00:00+00:00,2023-08-17 23:00:00+00:00,1.8797461369018007,donchian
NEAR/USDT:USDT,short,1.2679870500000001,1.19185329838802,1.3090733508059902,8332.552,2023-08-15T20:00:00+00:00,2023-08-16T22:00:00+00:00,632.3387695004449,tp_hit,"{""trend"": 0.0, ""mean_rev"": 0.0, ""breakout"": -0.8, ""confidence"": 0.8, ""strategy"": ""donchian"", ""atr"": 0.01953667540299503, ""slot"": ""NEAR/USDT:USDT:donchian"", ""entry_fee_rate"": 0.0001, ""intended_entry"": 1.27, ""sl0"": 1.3090733508059902, ""max_hold"": 120}",2023-08-15 20:00:00+00:00,2023-08-16 22:00:00+00:00,1.8530203527322784,donchian
ETH/USDT:USDT,short,1735.6046994,1671.2396889774864,1771.9201555112566,9.804,2023-08-17T16:00:00+00:00,2023-08-17T23:00:00+00:00,627.6944919439591,tp_hit,"{""trend"": 0.0, ""mean_rev"": 0.0, ""breakout"": -0.8, ""confidence"": 0.8, ""strategy"": ""donchian"", ""atr"": 16.780077755628355, ""slot"": ""ETH/USDT:USDT:donchian"", ""entry_fee_rate"": 0.0001, ""intended_entry"": 1738.36, ""sl0"": 1771.9201555112566, ""max_hold"": 120}",2023-08-17 16:00:00+00:00,2023-08-17 23:00:00+00:00,1.7723861219125063,donchian
ADA/USDT:USDT,short,0.25469566650000003,0.27007908255137825,0.27007260080895884,29195.804,2023-08-18T00:00:00+00:00,2023-08-20T02:00:00+00:00,-450.6633219582377,sl_hit,"{""trend"": 0.0, ""mean_rev"": 0.0, ""breakout"": -0.8, ""confidence"": 0.8, ""strategy"": ""donchian"", ""atr"": 0.007486300404479411, ""slot"": ""ADA/USDT:USDT:donchian"", ""entry_fee_rate"": 0.0001, ""intended_entry"": 0.2551, ""sl0"": 0.27007260080895884, ""max_hold"": 120}",2023-08-18 00:00:00+00:00,2023-08-20 02:00:00+00:00,-1.00042152371137,donchian
BCH/USDT:USDT,short,183.49869285,198.78409913042282,198.7793284265406,29.163,2023-08-18T00:00:00+00:00,2023-08-21T07:00:00+00:00,-446.88315466222315,sl_hit,"{""trend"": 0.0, ""mean_rev"": 0.0, ""breakout"": -0.8, ""confidence"": 0.8, ""strategy"": ""donchian"", ""atr"": 7.4946642132702905, ""slot"": ""BCH/USDT:USDT:donchian"", ""entry_fee_rate"": 0.0001, ""intended_entry"": 183.79, ""sl0"": 198.7793284265406, ""max_hold"": 120}",2023-08-18 00:00:00+00:00,2023-08-21 07:00:00+00:00,-1.0003122058541567,donchian
BNB/USDT:USDT,short,217.52467605,210.81505944,225.53324617586952,57.043,2023-08-18T00:00:00+00:00,2023-08-23T01:00:00+00:00,380.29328193107506,max_hold,"{""trend"": 0.0, ""mean_rev"": 0.0, ""breakout"": -0.8, ""confidence"": 0.8, ""strategy"": ""donchian"", ""atr"": 3.831623087934756, ""slot"": ""BNB/USDT:USDT:donchian"", ""entry_fee_rate"": 0.0001, ""intended_entry"": 217.87, ""sl0"": 225.53324617586952, ""max_hold"": 120}",2023-08-18 00:00:00+00:00,2023-08-23 01:00:00+00:00,0.8378045649280659,donchian
ETH/USDT:USDT,short,1678.3356150000002,1634.35922368,1748.3600319079335,6.489,2023-08-18T00:00:00+00:00,2023-08-23T01:00:00+00:00,283.2131955946617,max_hold,"{""trend"": 0.0, ""mean_rev"": 0.0, ""breakout"": -0.8, ""confidence"": 0.8, ""strategy"": ""donchian"", ""atr"": 33.68001595396677, ""slot"": ""ETH/USDT:USDT:donchian"", ""entry_fee_rate"": 0.0001, ""intended_entry"": 1681.0, ""sl0"": 1748.3600319079335, ""max_hold"": 120}",2023-08-18 00:00:00+00:00,2023-08-23 01:00:00+00:00,0.6280151019010904,donchian
ICP/USDT:USDT,short,3.39660783,3.4220821280000004,3.653181256813093,1740.325,2023-08-18T00:00:00+00:00,2023-08-23T01:00:00+00:00,-45.520231326966034,max_hold,"{""trend"": 0.0, ""mean_rev"": 0.0, ""breakout"": -0.8, ""confidence"": 0.8, ""strategy"": ""donchian"", ""atr"": 0.12559062840654653, ""slot"": ""ICP/USDT:USDT:donchian"", ""entry_fee_rate"": 0.0001, ""intended_entry"": 3.402, ""sl0"": 3.653181256813093, ""max_hold"": 120}",2023-08-18 00:00:00+00:00,2023-08-23 01:00:00+00:00,-0.09928657973827354,donchian
NEAR/USDT:USDT,short,1.1162279700000002,1.168028032,1.1928527786043803,5839.958,2023-08-18T00:00:00+00:00,2023-08-23T01:00:00+00:00,-303.844182388688,max_hold,"{""trend"": 0.0, ""mean_rev"": 0.0, ""breakout"": -0.8, ""confidence"": 0.8, ""strategy"": ""donchian"", ""atr"": 0.03742638930219011, ""slot"": ""NEAR/USDT:USDT:donchian"", ""entry_fee_rate"": 0.0001, ""intended_entry"": 1.118, ""sl0"": 1.1928527786043803, ""max_hold"": 120}",2023-08-18 00:00:00+00:00,2023-08-23 01:00:00+00:00,-0.6760220735747299,donchian
SOL/USDT:USDT,short,21.626667315000002,20.571493704,23.146997854652504,294.17,2023-08-18T00:00:00+00:00,2023-08-23T01:00:00+00:00,309.15907784517435,max_hold,"{""trend"": 0.0, ""mean_rev"": 0.0, ""breakout"": -0.8, ""confidence"": 0.8, ""strategy"": ""donchian"", ""atr"": 0.7429989273262522, ""slot"": ""SOL/USDT:USDT:donchian"", ""entry_fee_rate"": 0.0001, ""intended_entry"": 21.661, ""sl0"": 23.146997854652504, ""max_hold"": 120}",2023-08-18 00:00:00+00:00,2023-08-23 01:00:00+00:00,0.69404223849978,donchian
LTC/USDT:USDT,short,64.9,66.1028696182098,66.1012831874133,261.954,2023-08-20T12:00:00+00:00,2023-08-21T02:00:00+00:00,-316.82809907932386,sl_hit,"{""trend"": 0.0, ""mean_rev"": -0.6072676799431989, ""breakout"": 0.0, ""confidence"": 0.6072676799431989, ""strategy"": ""mean_rev"", ""atr"": 0.40042772913776625, ""slot"": ""LTC/USDT:USDT"", ""entry_fee_rate"": 0.0, ""intended_entry"": 64.9, ""sl0"": 66.1012831874133}",2023-08-20 12:00:00+00:00,2023-08-21 02:00:00+00:00,-1.0013206135015584,mean_rev
XLM/USDT:USDT,short,0.1207882467,0.12320133157137637,0.12319837481038093,151299.131,2023-08-22T14:00:00+00:00,2023-08-23T13:00:00+00:00,-368.78918518504304,sl_hit,"{""trend"": 0.0, ""mean_rev"": 0.0, ""breakout"": -0.84, ""confidence"": 0.84, ""strategy"": ""squeeze"", ""atr"": 0.001109187405190463, ""slot"": ""XLM/USDT:USDT:squeeze"", ""entry_fee_rate"": 0.0001, ""intended_entry"": 0.12098, ""sl0"": 0.12319837481038093}",2023-08-22 14:00:00+00:00,2023-08-23 13:00:00+00:00,-1.0012268065679621,squeeze
XRP/USDT:USDT,long,0.5297383065,0.5188043557461351,0.5188168073495115,32699.289,2023-08-23T19:00:00+00:00,2023-08-24T16:00:00+00:00,-360.9610755665555,sl_hit,"{""trend"": 0.0, ""mean_rev"": 0.0, ""breakout"": 0.8, ""confidence"": 0.8, ""strategy"": ""squeeze"", ""atr"": 0.005041596325244253, ""slot"": ""XRP/USDT:USDT:squeeze"", ""entry_fee_rate"": 0.0001, ""intended_entry"": 0.5289, ""sl0"": 0.5188168073495115}",2023-08-23 19:00:00+00:00,2023-08-24 16:00:00+00:00,-1.0011401002009708,squeeze
XRP/USDT:USDT,long,0.5281357704999999,0.5225493024531381,0.5225618439373927,31771.69,2023-08-27T14:00:00+00:00,2023-08-27T23:00:00+00:00,-180.82973502234813,sl_hit,"{""trend"": 0.0, ""mean_rev"": 0.0, ""breakout"": 1.0, ""confidence"": 1.0, ""strategy"": ""squeeze"", ""atr"": 0.0023690780313036343, ""slot"": ""XRP/USDT:USDT:squeeze"", ""entry_fee_rate"": 0.0001, ""intended_entry"": 0.5273, ""sl0"": 0.5225618439373927}",2023-08-27 14:00:00+00:00,2023-08-27 23:00:00+00:00,-1.002250026819279,squeeze
LTC/USDT:USDT,short,65.72,64.6263895604526,66.3760350567171,254.918,2023-08-27T15:00:00+00:00,2023-08-28T02:00:00+00:00,277.1335430311482,tp_hit,"{""trend"": 0.0, ""mean_rev"": -0.8248405381556045, ""breakout"": 0.0, ""confidence"": 0.8248405381556045, ""strategy"": ""mean_rev"", ""atr"": 0.21867835223903231, ""slot"": ""LTC/USDT:USDT"", ""entry_fee_rate"": 0.0, ""intended_entry"": 65.72, ""sl0"": 66.3760350567171}",2023-08-27 15:00:00+00:00,2023-08-28 02:00:00+00:00,1.666999999999995,mean_rev
BNB/USDT:USDT,long,228.6418238,221.76956190159126,221.77488449881923,60.61,2023-08-29T16:00:00+00:00,2023-08-30T18:00:00+00:00,-419.25773707129093,sl_hit,"{""trend"": 0.0, ""mean_rev"": 0.0, ""breakout"": 0.8, ""confidence"": 0.8, ""strategy"": ""donchian"", ""atr"": 3.2525577505903867, ""slot"": ""BNB/USDT:USDT:donchian"", ""entry_fee_rate"": 0.0001, ""intended_entry"": 228.28, ""sl0"": 221.77488449881923, ""max_hold"": 120}",2023-08-29 16:00:00+00:00,2023-08-30 18:00:00+00:00,-1.0007751047438351,donchian
BCH/USDT:USDT,long,222.30179074999998,210.35194770634905,210.35699627425964,33.894,2023-08-29T20:00:00+00:00,2023-08-31T18:00:00+00:00,-406.49441670262854,sl_hit,"{""trend"": 0.0, ""mean_rev"": 0.0, ""breakout"": 0.8, ""confidence"": 0.8, ""strategy"": ""donchian"", ""atr"": 5.7965018628701745, ""slot"": ""BCH/USDT:USDT:donchian"", ""entry_fee_rate"": 0.0001, ""intended_entry"": 221.95, ""sl0"": 210.35699627425964, ""max_hold"": 120}",2023-08-29 20:00:00+00:00,2023-08-31 18:00:00+00:00,-1.000422658415835,donchian
BNB/USDT:USDT,short,218.33,212.77510648,228.1100289270275,37.359,2023-08-31T19:00:00+00:00,2023-09-01T20:00:00+00:00,206.73036049338165,max_hold,"{""trend"": 0.0, ""mean_rev"": 0.0, ""breakout"": -0.7, ""confidence"": 0.7, ""strategy"": ""ifvg"", ""atr"": 1.4334297567583232, ""slot"": ""BNB/USDT:USDT:ifvg"", ""entry_fee_rate"": 0.0, ""intended_entry"": 218.33, ""sl0"": 228.1100289270275, ""max_hold"": 24}",2023-08-31 19:00:00+00:00,2023-09-01 20:00:00+00:00,0.5679833425286541,ifvg
XRP/USDT:USDT,short,0.5005054395,0.4914489002197439,0.5052404399121024,31855.447,2023-09-06T13:00:00+00:00,2023-09-06T19:00:00+00:00,285.34019215608095,tp_hit,"{""trend"": 0.0, ""mean_rev"": 0.0, ""breakout"": -1.0, ""confidence"": 1.0, ""strategy"": ""squeeze"", ""atr"": 0.001970219956051206, ""slot"": ""XRP/USDT:USDT:squeeze"", ""entry_fee_rate"": 0.0001, ""intended_entry"": 0.5013, ""sl0"": 0.5052404399121024}",2023-09-06 13:00:00+00:00,2023-09-06 19:00:00+00:00,1.9126797237668907,squeeze
BNB/USDT:USDT,short,213.73,215.47232063728956,215.46714942570333,76.718,2023-09-06T19:00:00+00:00,2023-09-07T05:00:00+00:00,-135.3204152010461,sl_hit,"{""trend"": 0.0, ""mean_rev"": 0.0, ""breakout"": -0.7, ""confidence"": 0.7, ""strategy"": ""ifvg"", ""atr"": 1.2904980856777264, ""slot"": ""BNB/USDT:USDT:ifvg"", ""entry_fee_rate"": 0.0, ""intended_entry"": 213.73, ""sl0"": 215.46714942570333, ""max_hold"": 24}",2023-09-06 19:00:00+00:00,2023-09-07 05:00:00+00:00,-1.00297683751882,ifvg
XLM/USDT:USDT,long,0.12560877485,0.1231066284160099,0.12310958304600302,129129.776,2023-09-08T00:00:00+00:00,2023-09-08T12:00:00+00:00,-326.31326497148814,sl_hit,"{""trend"": 0.0, ""mean_rev"": 0.0, ""breakout"": 0.96, ""confidence"": 0.96, ""strategy"": ""squeeze"", ""atr"": 0.001150208476998491, ""slot"": ""XLM/USDT:USDT:squeeze"", ""entry_fee_rate"": 0.0001, ""intended_entry"": 0.12541, ""sl0"": 0.12310958304600302}",2023-09-08 00:00:00+00:00,2023-09-08 12:00:00+00:00,-1.0011822341880232,squeeze
LTC/USDT:USDT,short,63.02,61.93534773083841,63.67066122925111,249.201,2023-09-09T16:00:00+00:00,2023-09-10T06:00:00+00:00,268.75299506835125,tp_hit,"{""trend"": 0.0, ""mean_rev"": -0.6075705043007184, ""breakout"": 0.0, ""confidence"": 0.6075705043007184, ""strategy"": ""mean_rev"", ""atr"": 0.21688707641703503, ""slot"": ""LTC/USDT:USDT"", ""entry_fee_rate"": 0.0, ""intended_entry"": 63.02, ""sl0"": 63.67066122925111}",2023-09-09 16:00:00+00:00,2023-09-10 06:00:00+00:00,1.667,mean_rev
DOGE/USDT:USDT,short,0.0615822372,0.05932113131958398,0.0626235474721664,256676.198,2023-09-10T05:00:00+00:00,2023-09-11T21:00:00+00:00,577.268758964926,tp_hit,"{""trend"": 0.0, ""mean_rev"": 0.0, ""breakout"": -1.0, ""confidence"": 1.0, ""strategy"": ""squeeze"", ""atr"": 0.00047177373608320295, ""slot"": ""DOGE/USDT:USDT:squeeze"", ""entry_fee_rate"": 0.0001, ""intended_entry"": 0.06168, ""sl0"": 0.0626235474721664}",2023-09-10 05:00:00+00:00,2023-09-11 21:00:00+00:00,2.1714045667790036,squeeze
XRP/USDT:USDT,short,0.49820908500000005,0.49020090146433754,0.502519639414265,32096.759,2023-09-10T06:00:00+00:00,2023-09-11T09:00:00+00:00,253.86426125905376,tp_hit,"{""trend"": 0.0, ""mean_rev"": 0.0, ""breakout"": -1.0, ""confidence"": 1.0, ""strategy"": ""squeeze"", ""atr"": 0.0017598197071324916, ""slot"": ""XRP/USDT:USDT:squeeze"", ""entry_fee_rate"": 0.0001, ""intended_entry"": 0.499, ""sl0"": 0.502519639414265}",2023-09-10 06:00:00+00:00,2023-09-11 09:00:00+00:00,1.857808246002167,squeeze
ADA/USDT:USDT,short,0.24890485950000002,0.2377785666392624,0.2550607166803688,63516.955,2023-09-10T08:00:00+00:00,2023-09-11T12:00:00+00:00,703.6169780245599,tp_hit,"{""trend"": 0.0, ""mean_rev"": 0.0, ""breakout"": -0.8, ""confidence"": 0.8, ""strategy"": ""donchian"", ""atr"": 0.002880358340184403, ""slot"": ""ADA/USDT:USDT:donchian"", ""entry_fee_rate"": 0.0001, ""intended_entry"": 0.2493, ""sl0"": 0.2550607166803688, ""max_hold"": 120}",2023-09-10 08:00:00+00:00,2023-09-11 12:00:00+00:00,1.8074319359162125,donchian
ICP/USDT:USDT,short,3.1490009100000003,2.935774246164693,3.263112876917653,3387.847,2023-09-10T08:00:00+00:00,2023-09-11T12:00:00+00:00,720.3178846686056,tp_hit,"{""trend"": 0.0, ""mean_rev"": 0.0, ""breakout"": -0.8, ""confidence"": 0.8, ""strategy"": ""donchian"", ""atr"": 0.0545564384588267, ""slot"": ""ICP/USDT:USDT:donchian"", ""entry_fee_rate"": 0.0001, ""intended_entry"": 3.154, ""sl0"": 3.263112876917653, ""max_hold"": 120}",2023-09-10 08:00:00+00:00,2023-09-11 12:00:00+00:00,1.8685740820608145,donchian
SOL/USDT:USDT,short,18.485653725000002,19.207096125130924,19.206635165886944,534.469,2023-09-10T08:00:00+00:00,2023-09-14T02:00:00+00:00,-387.6031587875387,sl_hit,"{""trend"": 0.0, ""mean_rev"": 0.0, ""breakout"": -0.8, ""confidence"": 0.8, ""strategy"": ""donchian"", ""atr"": 0.3458175829434714, ""slot"": ""SOL/USDT:USDT:donchian"", ""entry_fee_rate"": 0.0001, ""intended_entry"": 18.515, ""sl0"": 19.206635165886944, ""max_hold"": 120}",2023-09-10 08:00:00+00:00,2023-09-14 02:00:00+00:00,-1.000639349666773,donchian
XLM/USDT:USDT,long,0.13436262775,0.13066018229292603,0.13066331821256313,108924.796,2023-09-10T22:00:00+00:00,2023-09-11T09:00:00+00:00,-406.17487166483517,sl_hit,"{""trend"": 0.0, ""mean_rev"": 0.0, ""breakout"": 1.0, ""confidence"": 1.0, ""strategy"": ""squeeze"", ""atr"": 0.0017433408937184232, ""slot"": ""XLM/USDT:USDT:squeeze"", ""entry_fee_rate"": 0.0001, ""intended_entry"": 0.13415, ""sl0"": 0.13066331821256313}",2023-09-10 22:00:00+00:00,2023-09-11 09:00:00+00:00,-1.0008477040391912,squeeze
BNB/USDT:USDT,short,206.5720635,210.42412259105416,210.41907253331334,92.417,2023-09-11T12:00:00+00:00,2023-09-12T05:00:00+00:00,-359.84949867094855,sl_hit,"{""trend"": 0.0, ""mean_rev"": 0.0, ""breakout"": -0.8, ""confidence"": 0.8, ""strategy"": ""donchian"", ""atr"": 1.7595362666566632, ""slot"": ""BNB/USDT:USDT:donchian"", ""entry_fee_rate"": 0.0001, ""intended_entry"": 206.9, ""sl0"": 210.41907253331334, ""max_hold"": 120}",2023-09-11 12:00:00+00:00,2023-09-12 05:00:00+00:00,-1.0013127231303816,donchian
ICP/USDT:USDT,short,2.9553084000000003,3.079731075725945,3.07965716395401,3755.708,2023-09-11T12:00:00+00:00,2023-09-12T12:00:00+00:00,-469.5618232092658,sl_hit,"{""trend"": 0.0, ""mean_rev"": 0.0, ""breakout"": -0.8, ""confidence"": 0.8, ""strategy"": ""donchian"", ""atr"": 0.05982858197700503, ""slot"": ""ICP/USDT:USDT:donchian"", ""entry_fee_rate"": 0.0001, ""intended_entry"": 2.96, ""sl0"": 3.07965716395401, ""max_hold"": 120}",2023-09-11 12:00:00+00:00,2023-09-12 12:00:00+00:00,-1.0005943908856398,donchian
ETH/USDT:USDT,short,1559.2147213500002,1595.803590868253,1595.7652925012328,12.243,2023-09-11T16:00:00+00:00,2023-09-12T12:00:00+00:00,-451.8202184316172,sl_hit,"{""trend"": 0.0, ""mean_rev"": 0.0, ""breakout"": -0.8, ""confidence"": 0.8, ""strategy"": ""donchian"", ""atr"": 17.037646250616348, ""slot"": ""ETH/USDT:USDT:donchian"", ""entry_fee_rate"": 0.0001, ""intended_entry"": 1561.69, ""sl0"": 1595.7652925012328, ""max_hold"": 120}",2023-09-11 16:00:00+00:00,2023-09-12 12:00:00+00:00,-1.001047818565179,donchian
BNB/USDT:USDT,long,211.2,214.06468786509728,211.2,81.623,2023-09-12T14:00:00+00:00,2023-09-12T18:00:00+00:00,232.07715741107523,tp_hit,"{""trend"": 0.0, ""mean_rev"": 0.0, ""breakout"": 0.7, ""confidence"": 0.7, ""strategy"": ""ifvg"", ""atr"": 1.7078131084955501, ""slot"": ""BNB/USDT:USDT:ifvg"", ""entry_fee_rate"": 0.0, ""intended_entry"": 211.2, ""sl0"": 209.76765606745133, ""max_hold"": 24}",2023-09-12 14:00:00+00:00,2023-09-12 18:00:00+00:00,,ifvg
BCH/USDT:USDT,long,204.1831181,223.86059184005634,193.85970407997183,41.579,2023-09-12T20:00:00+00:00,2023-09-15T04:00:00+00:00,816.389917696243,tp_hit,"{""trend"": 0.0, ""mean_rev"": 0.0, ""breakout"": 0.8, ""confidence"": 0.8, ""strategy"": ""donchian"", ""atr"": 5.000147960014083, ""slot"": ""BCH/USDT:USDT:donchian"", ""entry_fee_rate"": 0.0001, ""intended_entry"": 203.86, ""sl0"": 193.85970407997183, ""max_hold"": 120}",2023-09-12 20:00:00+00:00,2023-09-15 04:00:00+00:00,1.9061013829224156,donchian
BNB/USDT:USDT,short,210.64,212.6620467944612,212.6569430278285,83.223,2023-09-13T08:00:00+00:00,2023-09-13T16:00:00+00:00,-170.05063772748233,sl_hit,"{""trend"": 0.0, ""mean_rev"": 0.0, ""breakout"": -0.7, ""confidence"": 0.7, ""strategy"": ""ifvg"", ""atr"": 1.3898100927616244, ""slot"": ""BNB/USDT:USDT:ifvg"", ""entry_fee_rate"": 0.0, ""intended_entry"": 210.64, ""sl0"": 212.6569430278285, ""max_hold"": 24}",2023-09-13 08:00:00+00:00,2023-09-13 16:00:00+00:00,-1.0025304466027387,ifvg
DOGE/USDT:USDT,long,0.061727683549999995,0.06223850624,0.06099751455913308,264560.399,2023-09-14T13:00:00+00:00,2023-09-16T14:00:00+00:00,131.86380022131877,max_hold,"{""trend"": 0.0, ""mean_rev"": 0.0, ""breakout"": 1.0, ""confidence"": 1.0, ""strategy"": ""squeeze"", ""atr"": 0.00031624272043345627, ""slot"": ""DOGE/USDT:USDT:squeeze"", ""entry_fee_rate"": 0.0001, ""intended_entry"": 0.06163, ""sl0"": 0.06099751455913308}",2023-09-14 13:00:00+00:00,2023-09-16 14:00:00+00:00,0.6995951572710788,squeeze
XRP/USDT:USDT,long,0.48807237049999996,0.5020141549434027,0.48141433802263894,34361.116,2023-09-14T17:00:00+00:00,2023-09-15T06:00:00+00:00,475.6532247116783,tp_hit,"{""trend"": 0.0, ""mean_rev"": 0.0, ""breakout"": 1.0, ""confidence"": 1.0, ""strategy"": ""squeeze"", ""atr"": 0.0029428309886805337, ""slot"": ""XRP/USDT:USDT:squeeze"", ""entry_fee_rate"": 0.0001, ""intended_entry"": 0.4873, ""sl0"": 0.48141433802263894}",2023-09-14 17:00:00+00:00,2023-09-15 06:00:00+00:00,2.0939796390012115,squeeze
LTC/USDT:USDT,long,62.99,65.30332838257208,61.602280514353886,295.393,2023-09-17T21:00:00+00:00,2023-09-18T11:00:00+00:00,681.4119963050213,tp_hit,"{""trend"": 0.0, ""mean_rev"": 0.735740997378661, ""breakout"": 0.0, ""confidence"": 0.735740997378661, ""strategy"": ""mean_rev"", ""atr"": 0.46257316188203823, ""slot"": ""LTC/USDT:USDT"", ""entry_fee_rate"": 0.0, ""intended_entry"": 62.99, ""sl0"": 61.602280514353886}",2023-09-17 21:00:00+00:00,2023-09-18 11:00:00+00:00,1.666999999999999,mean_rev
BNB/USDT:USDT,long,218.73,216.46137420088732,216.46656939855288,89.74,2023-09-19T11:00:00+00:00,2023-09-19T21:00:00+00:00,-205.52900358444973,sl_hit,"{""trend"": 0.0, ""mean_rev"": 0.0, ""breakout"": 0.7, ""confidence"": 0.7, ""strategy"": ""ifvg"", ""atr"": 1.1114353381571551, ""slot"": ""BNB/USDT:USDT:ifvg"", ""entry_fee_rate"": 0.0, ""intended_entry"": 218.73, ""sl0"": 216.46656939855288, ""max_hold"": 24}",2023-09-19 11:00:00+00:00,2023-09-19 21:00:00+00:00,-1.0022952758800008,ifvg
XLM/USDT:USDT,short,0.11702422215,0.11355786075960735,0.11867085569615705,164837.787,2023-09-20T17:00:00+00:00,2023-09-21T10:00:00+00:00,567.5864765077006,tp_hit,"{""trend"": 0.0, ""mean_rev"": 0.0, ""breakout"": -1.0, ""confidence"": 1.0, ""strategy"": ""squeeze"", ""atr"": 0.000730427848078529, ""slot"": ""XLM/USDT:USDT:squeeze"", ""entry_fee_rate"": 0.0001, ""intended_entry"": 0.11721, ""sl0"": 0.11867085569615705}",2023-09-20 17:00:00+00:00,2023-09-21 10:00:00+00:00,2.1051201091356986,squeeze
XRP/USDT:USDT,short,0.505996722,0.5108151978135078,0.5108029385429828,39802.716,2023-09-23T23:00:00+00:00,2023-09-24T13:00:00+00:00,-195.83561196489532,sl_hit,"{""trend"": 0.0, ""mean_rev"": 0.0, ""breakout"": -1.0, ""confidence"": 1.0, ""strategy"": ""squeeze"", ""atr"": 0.0020014692714913586, ""slot"": ""XRP/USDT:USDT:squeeze"", ""entry_fee_rate"": 0.0001, ""intended_entry"": 0.5068, ""sl0"": 0.5108029385429828}",2023-09-23 23:00:00+00:00,2023-09-24 13:00:00+00:00,-1.0025507112331342,squeeze
LTC/USDT:USDT,long,64.49,63.77423955054334,63.7757701690274,310.568,2023-09-24T07:00:00+00:00,2023-09-25T00:00:00+00:00,-224.27291506972702,sl_hit,"{""trend"": 0.0, ""mean_rev"": 0.6081533042749043, ""breakout"": 0.0, ""confidence"": 0.6081533042749043, ""strategy"": ""mean_rev"", ""atr"": 0.23807661032419686, ""slot"": ""LTC/USDT:USDT"", ""entry_fee_rate"": 0.0, ""intended_entry"": 64.49, ""sl0"": 63.7757701690274}",2023-09-24 07:00:00+00:00,2023-09-25 00:00:00+00:00,-1.0021430335414256,mean_rev
XLM/USDT:USDT,short,0.11291075235,0.11083254068693822,0.1139929837252247,176829.383,2023-09-24T11:00:00+00:00,2023-09-25T13:00:00+00:00,363.5324472768079,tp_hit,"{""trend"": 0.0, ""mean_rev"": 0.0, ""breakout"": -1.0, ""confidence"": 1.0, ""strategy"": ""squeeze"", ""atr"": 0.00045149186261235366, ""slot"": ""XLM/USDT:USDT:squeeze"", ""entry_fee_rate"": 0.0001, ""intended_entry"": 0.11309, ""sl0"": 0.1139929837252247}",2023-09-24 11:00:00+00:00,2023-09-25 13:00:00+00:00,1.9203025440195611,squeeze
XRP/USDT:USDT,long,0.5111088254999999,0.5068034750712791,0.5068156386466066,38847.101,2023-09-24T13:00:00+00:00,2023-09-24T20:00:00+00:00,-171.20467713985457,sl_hit,"{""trend"": 0.0, ""mean_rev"": 0.0, ""breakout"": 0.88, ""confidence"": 0.88, ""strategy"": ""squeeze"", ""atr"": 0.0017421806766967072, ""slot"": ""XRP/USDT:USDT:squeeze"", ""entry_fee_rate"": 0.0001, ""intended_entry"": 0.5103, ""sl0"": 0.5068156386466066}",2023-09-24 13:00:00+00:00,2023-09-24 20:00:00+00:00,-1.00283322756332,squeeze
XRP/USDT:USDT,short,0.501004647,0.5071364438319094,0.507124272849361,43968.063,2023-09-25T00:00:00+00:00,2023-09-26T05:00:00+00:00,-274.035830508049,sl_hit,"{""trend"": 0.0, ""mean_rev"": 0.0, ""breakout"": -0.8, ""confidence"": 0.8, ""strategy"": ""squeeze"", ""atr"": 0.002662136424680522, ""slot"": ""XRP/USDT:USDT:squeeze"", ""entry_fee_rate"": 0.0001, ""intended_entry"": 0.5018, ""sl0"": 0.507124272849361}",2023-09-25 00:00:00+00:00,2023-09-26 05:00:00+00:00,-1.0019888442280545,squeeze
DOGE/USDT:USDT,short,0.0603641709,0.059362696563628296,0.06089892137454868,321192.389,2023-09-26T16:00:00+00:00,2023-09-26T23:00:00+00:00,317.82039876260416,tp_hit,"{""trend"": 0.0, ""mean_rev"": 0.0, ""breakout"": -1.0, ""confidence"": 1.0, ""strategy"": ""squeeze"", ""atr"": 0.00021946068727434062, ""slot"": ""DOGE/USDT:USDT:squeeze"", ""entry_fee_rate"": 0.0001, ""intended_entry"": 0.06046, ""sl0"": 0.06089892137454868}",2023-09-26 16:00:00+00:00,2023-09-26 23:00:00+00:00,1.8727881208837314,squeeze
DOGE/USDT:USDT,short,0.06047399655,0.06114483783328884,0.06114337039239942,328479.816,2023-09-27T06:00:00+00:00,2023-09-27T13:00:00+00:00,-224.3527545339585,sl_hit,"{""trend"": 0.0, ""mean_rev"": 0.0, ""breakout"": -0.8, ""confidence"": 0.8, ""strategy"": ""squeeze"", ""atr"": 0.0002866851961997121, ""slot"": ""DOGE/USDT:USDT:squeeze"", ""entry_fee_rate"": 0.0001, ""intended_entry"": 0.06057, ""sl0"": 0.06114337039239942}",2023-09-27 06:00:00+00:00,2023-09-27 13:00:00+00:00,-1.002192259088225,squeeze
BCH/USDT:USDT,long,230.36454999999998,247.5012573496844,221.2493713251578,52.426,2023-09-27T12:00:00+00:00,2023-10-02T13:00:00+00:00,895.9037602329445,tp_hit,"{""trend"": 0.0, ""mean_rev"": 0.0, ""breakout"": 0.8, ""confidence"": 0.8, ""strategy"": ""donchian"", ""atr"": 4.375314337421104, ""slot"": ""BCH/USDT:USDT:donchian"", ""entry_fee_rate"": 0.0001, ""intended_entry"": 230.0, ""sl0"": 221.2493713251578, ""max_hold"": 120}",2023-09-27 12:00:00+00:00,2023-10-02 13:00:00+00:00,1.8800188082962757,donchian
LTC/USDT:USDT,short,66.25,67.20146975083175,67.19985695426485,303.042,2023-09-30T16:00:00+00:00,2023-10-01T12:00:00+00:00,-290.37178301117774,sl_hit,"{""trend"": 0.0, ""mean_rev"": -0.6464176208850029, ""breakout"": 0.0, ""confidence"": 0.6464176208850029, ""strategy"": ""mean_rev"", ""atr"": 0.3166189847549494, ""slot"": ""LTC/USDT:USDT"", ""entry_fee_rate"": 0.0, ""intended_entry"": 66.25, ""sl0"": 67.19985695426485}",2023-09-30 16:00:00+00:00,2023-10-01 12:00:00+00:00,-1.0016979362625724,mean_rev
SOL/USDT:USDT,long,21.450945945,22.894088052954956,20.678455973522524,634.293,2023-09-30T16:00:00+00:00,2023-10-01T12:00:00+00:00,912.5621626161059,tp_hit,"{""trend"": 0.0, ""mean_rev"": 0.0, ""breakout"": 0.8, ""confidence"": 0.8, ""strategy"": ""donchian"", ""atr"": 0.3692720132387385, ""slot"": ""SOL/USDT:USDT:donchian"", ""entry_fee_rate"": 0.0001, ""intended_entry"": 21.417, ""sl0"": 20.678455973522524, ""max_hold"": 120}",2023-09-30 16:00:00+00:00,2023-10-01 12:00:00+00:00,1.8681693759658509,donchian
BNB/USDT:USDT,short,215.24,213.90094518508735,215.24,96.65,2023-10-01T18:00:00+00:00,2023-10-01T19:00:00+00:00,127.35229522609447,tp_hit,"{""trend"": 0.0, ""mean_rev"": 0.0, ""breakout"": -0.7, ""confidence"": 0.7, ""strategy"": ""ifvg"", ""atr"": 0.7650913581877472, ""slot"": ""BNB/USDT:USDT:ifvg"", ""entry_fee_rate"": 0.0, ""intended_entry"": 215.24, ""sl0"": 215.90952740745632, ""max_hold"": 24}",2023-10-01 18:00:00+00:00,2023-10-01 19:00:00+00:00,,ifvg
LTC/USDT:USDT,short,68.62,66.12129381881937,70.1189239239236,318.209,2023-10-01T23:00:00+00:00,2023-10-02T20:00:00+00:00,793.0067561288301,tp_hit,"{""trend"": 0.0, ""mean_rev"": -0.8024380252591511, ""breakout"": 0.0, ""confidence"": 0.8024380252591511, ""strategy"": ""mean_rev"", ""atr"": 0.49964130797453243, ""slot"": ""LTC/USDT:USDT"", ""entry_fee_rate"": 0.0, ""intended_entry"": 68.62, ""sl0"": 70.1189239239236}",2023-10-01 23:00:00+00:00,2023-10-02 20:00:00+00:00,1.666999999999999,mean_rev
ADA/USDT:USDT,long,0.26602097599999996,0.25858738321020663,0.2585935894563536,72718.441,2023-10-02T00:00:00+00:00,2023-10-02T20:00:00+00:00,-544.3741489043452,sl_hit,"{""trend"": 0.0, ""mean_rev"": 0.0, ""breakout"": 0.8, ""confidence"": 0.8, ""strategy"": ""donchian"", ""atr"": 0.003503205271823199, ""slot"": ""ADA/USDT:USDT:donchian"", ""entry_fee_rate"": 0.0001, ""intended_entry"": 0.2656, ""sl0"": 0.2585935894563536, ""max_hold"": 120}",2023-10-02 00:00:00+00:00,2023-10-02 20:00:00+00:00,-1.0008355894917378,donchian
BNB/USDT:USDT,long,218.59592625,214.44982384558392,214.4549707648823,99.021,2023-10-02T00:00:00+00:00,2023-10-02T20:00:00+00:00,-414.8392685097051,sl_hit,"{""trend"": 0.0, ""mean_rev"": 0.0, ""breakout"": 0.8, ""confidence"": 0.8, ""strategy"": ""donchian"", ""atr"": 1.8975146175588502, ""slot"": ""BNB/USDT:USDT:donchian"", ""entry_fee_rate"": 0.0001, ""intended_entry"": 218.25, ""sl0"": 214.4549707648823, ""max_hold"": 120}",2023-10-02 00:00:00+00:00,2023-10-02 20:00:00+00:00,-1.0012429303615715,donchian
ETH/USDT:USDT,long,1736.1274073,1689.7216909137628,1689.7622452076478,11.561,2023-10-02T00:00:00+00:00,2023-10-02T17:00:00+00:00,-540.4571112837325,sl_hit,"{""trend"": 0.0, ""mean_rev"": 0.0, ""breakout"": 0.8, ""confidence"": 0.8, ""strategy"": ""donchian"", ""atr"": 21.808877396176193, ""slot"": ""ETH/USDT:USDT:donchian"", ""entry_fee_rate"": 0.0001, ""intended_entry"": 1733.38, ""sl0"": 1689.7622452076478, ""max_hold"": 120}",2023-10-02 00:00:00+00:00,2023-10-02 17:00:00+00:00,-1.0008746716727566,donchian
BCH/USDT:USDT,long,249.78528314999997,237.86504928923944,237.87075818743594,44.57,2023-10-02T16:00:00+00:00,2023-10-03T16:00:00+00:00,-533.4582807057786,sl_hit,"{""trend"": 0.0, ""mean_rev"": 0.0, ""breakout"": 0.8, ""confidence"": 0.8, ""strategy"": ""donchian"", ""atr"": 5.759620906282017, ""slot"": ""BCH/USDT:USDT:donchian"", ""entry_fee_rate"": 0.0001, ""intended_entry"": 249.39, ""sl0"": 237.87075818743594, ""max_hold"": 120}",2023-10-02 16:00:00+00:00,2023-10-03 16:00:00+00:00,-1.0004791544954112,donchian
BNB/USDT:USDT,long,215.14,213.55440572375133,213.559531152499,98.347,2023-10-02T20:00:00+00:00,2023-10-02T23:00:00+00:00,-158.038683800198,sl_hit,"{""trend"": 0.0, ""mean_rev"": 0.0, ""breakout"": 0.7, ""confidence"": 0.7, ""strategy"": ""ifvg"", ""atr"": 1.4682294916699548, ""slot"": ""BNB/USDT:USDT:ifvg"", ""entry_fee_rate"": 0.0, ""intended_entry"": 215.14, ""sl0"": 213.559531152499, ""max_hold"": 24}",2023-10-02 20:00:00+00:00,2023-10-02 23:00:00+00:00,-1.0032429799269877,ifvg
DOGE/USDT:USDT,short,0.06117288705,0.06107146568,0.06194066302646983,325288.426,2023-10-03T19:00:00+00:00,2023-10-05T20:00:00+00:00,29.014730501370646,max_hold,"{""trend"": 0.0, ""mean_rev"": 0.0, ""breakout"": -0.8, ""confidence"": 0.8, ""strategy"": ""squeeze"", ""atr"": 0.00033533151323491775, ""slot"": ""DOGE/USDT:USDT:squeeze"", ""entry_fee_rate"": 0.0001, ""intended_entry"": 0.06127, ""sl0"": 0.06194066302646983}",2023-10-03 19:00:00+00:00,2023-10-05 20:00:00+00:00,0.1320976080370823,squeeze
ETH/USDT:USDT,short,1614.8364210000002,1659.4539628937127,1659.4141369544259,11.172,2023-10-05T16:00:00+00:00,2023-10-06T23:00:00+00:00,-502.1252152534426,sl_hit,"{""trend"": 0.0, ""mean_rev"": 0.0, ""breakout"": -0.8, ""confidence"": 0.8, ""strategy"": ""donchian"", ""atr"": 21.007068477212883, ""slot"": ""ETH/USDT:USDT:donchian"", ""entry_fee_rate"": 0.0001, ""intended_entry"": 1617.4, ""sl0"": 1659.4141369544259, ""max_hold"": 120}",2023-10-05 16:00:00+00:00,2023-10-06 23:00:00+00:00,-1.0008934046627147,donchian
XLM/USDT:USDT,short,0.11065433445,0.11197727855478691,0.11197459116459896,179032.447,2023-10-06T03:00:00+00:00,2023-10-06T23:00:00+00:00,-240.8357485698049,sl_hit,"{""trend"": 0.0, ""mean_rev"": 0.0, ""breakout"": -1.0, ""confidence"": 1.0, ""strategy"": ""squeeze"", ""atr"": 0.0005722955822994779, ""slot"": ""XLM/USDT:USDT:squeeze"", ""entry_fee_rate"": 0.0001, ""intended_entry"": 0.11083, ""sl0"": 0.11197459116459896}",2023-10-06 03:00:00+00:00,2023-10-06 23:00:00+00:00,-1.0020355057908332,squeeze
XRP/USDT:USDT,long,0.5261326005,0.5194083408181127,0.5194208069174787,36725.479,2023-10-06T20:00:00+00:00,2023-10-07T20:00:00+00:00,-250.7914569260998,sl_hit,"{""trend"": 0.0, ""mean_rev"": 0.0, ""breakout"": 1.0, ""confidence"": 1.0, ""strategy"": ""squeeze"", ""atr"": 0.002939596541260648, ""slot"": ""XRP/USDT:USDT:squeeze"", ""entry_fee_rate"": 0.0001, ""intended_entry"": 0.5253, ""sl0"": 0.5194208069174787}",2023-10-06 20:00:00+00:00,2023-10-07 20:00:00+00:00,-1.001857342484201,squeeze
LTC/USDT:USDT,long,64.99,64.22232665043857,64.22386802327114,284.402,2023-10-07T20:00:00+00:00,2023-10-09T09:00:00+00:00,-220.1543317763708,sl_hit,"{""trend"": 0.0, ""mean_rev"": 0.6159488559192793, ""breakout"": 0.0, ""confidence"": 0.6159488559192793, ""strategy"": ""mean_rev"", ""atr"": 0.2553773255762842, ""slot"": ""LTC/USDT:USDT"", ""entry_fee_rate"": 0.0, ""intended_entry"": 64.99, ""sl0"": 64.22386802327114}",2023-10-07 20:00:00+00:00,2023-10-09 09:00:00+00:00,-1.0020118894386105,mean_rev
XRP/USDT:USDT,short,0.516380238,0.5084758349539327,0.5206896660184269,36042.456,2023-10-08T16:00:00+00:00,2023-10-09T10:00:00+00:00,281.2002660025699,tp_hit,"{""trend"": 0.0, ""mean_rev"": 0.0, ""breakout"": -1.0, ""confidence"": 1.0, ""strategy"": ""squeeze"", ""atr"": 0.001744833009213458, ""slot"": ""XRP/USDT:USDT:squeeze"", ""entry_fee_rate"": 0.0001, ""intended_entry"": 0.5172, ""sl0"": 0.5206896660184269}",2023-10-08 16:00:00+00:00,2023-10-09 10:00:00+00:00,1.8342116429995883,squeeze
XLM/USDT:USDT,short,0.1087273935,0.10622876656312838,0.10996849337474865,167727.724,2023-10-09T09:00:00+00:00,2023-10-09T11:00:00+00:00,415.4835984978526,tp_hit,"{""trend"": 0.0, ""mean_rev"": 0.0, ""breakout"": -1.0, ""confidence"": 1.0, ""strategy"": ""squeeze"", ""atr"": 0.0005342466873743234, ""slot"": ""XLM/USDT:USDT:squeeze"", ""entry_fee_rate"": 0.0001, ""intended_entry"": 0.1089, ""sl0"": 0.10996849337474865}",2023-10-09 09:00:00+00:00,2023-10-09 11:00:00+00:00,2.013235991485105,squeeze
BCH/USDT:USDT,short,215.78743395,216.06518544,225.41240244863135,48.258,2023-10-09T12:00:00+00:00,2023-10-14T13:00:00+00:00,-15.487765775071576,max_hold,"{""trend"": 0.0, ""mean_rev"": 0.0, ""breakout"": -0.8, ""confidence"": 0.8, ""strategy"": ""donchian"", ""atr"": 4.641201224315685, ""slot"": ""BCH/USDT:USDT:donchian"", ""entry_fee_rate"": 0.0001, ""intended_entry"": 216.13, ""sl0"": 225.41240244863135, ""max_hold"": 120}",2023-10-09 12:00:00+00:00,2023-10-14 13:00:00+00:00,-0.028857392108813815,donchian
BNB/USDT:USDT,short,206.7717465,210.67707401353894,210.67201788510968,92.699,2023-10-09T12:00:00+00:00,2023-10-10T11:00:00+00:00,-365.88966399882423,sl_hit,"{""trend"": 0.0, ""mean_rev"": 0.0, ""breakout"": -0.8, ""confidence"": 0.8, ""strategy"": ""donchian"", ""atr"": 1.7860089425548462, ""slot"": ""BNB/USDT:USDT:donchian"", ""entry_fee_rate"": 0.0001, ""intended_entry"": 207.1, ""sl0"": 210.67201788510968, ""max_hold"": 120}",2023-10-09 12:00:00+00:00,2023-10-10 11:00:00+00:00,-1.0012963529790677,donchian
ETH/USDT:USDT,short,1587.2402304,1523.267929966424,1623.006035016788,12.076,2023-10-09T12:00:00+00:00,2023-10-12T18:00:00+00:00,768.7732503814058,tp_hit,"{""trend"": 0.0, ""mean_rev"": 0.0, ""breakout"": -0.8, ""confidence"": 0.8, ""strategy"": ""donchian"", ""atr"": 16.62301750839399, ""slot"": ""ETH/USDT:USDT:donchian"", ""entry_fee_rate"": 0.0001, ""intended_entry"": 1589.76, ""sl0"": 1623.006035016788, ""max_hold"": 120}",2023-10-09 12:00:00+00:00,2023-10-12 18:00:00+00:00,1.7886442404695182,donchian
ICP/USDT:USDT,short,2.9333432700000004,3.0571883634333274,3.0571149926735033,3760.701,2023-10-09T12:00:00+00:00,2023-10-13T23:00:00+00:00,-467.99722655024493,sl_hit,"{""trend"": 0.0, ""mean_rev"": 0.0, ""breakout"": -0.8, ""confidence"": 0.8, ""strategy"": ""donchian"", ""atr"": 0.05955749633675146, ""slot"": ""ICP/USDT:USDT:donchian"", ""entry_fee_rate"": 0.0001, ""intended_entry"": 2.938, ""sl0"": 3.0571149926735033, ""max_hold"": 120}",2023-10-09 12:00:00+00:00,2023-10-13 23:00:00+00:00,-1.000592790972278,donchian
NEAR/USDT:USDT,short,1.04034843,1.011024264,1.0785032345840466,12271.676,2023-10-09T12:00:00+00:00,2023-10-14T13:00:00+00:00,357.3392860166157,max_hold,"{""trend"": 0.0, ""mean_rev"": 0.0, ""breakout"": -0.8, ""confidence"": 0.8, ""strategy"": ""donchian"", ""atr"": 0.018251617292023268, ""slot"": ""NEAR/USDT:USDT:donchian"", ""entry_fee_rate"": 0.0001, ""intended_entry"": 1.042, ""sl0"": 1.0785032345840466, ""max_hold"": 120}",2023-10-09 12:00:00+00:00,2023-10-14 13:00:00+00:00,0.7685576251715692,donchian
DOGE/USDT:USDT,short,0.058427245800000006,0.057064281203853,0.0591022875184588,333647.452,2023-10-11T15:00:00+00:00,2023-10-12T11:00:00+00:00,450.8963192994157,tp_hit,"{""trend"": 0.0, ""mean_rev"": 0.0, ""breakout"": -0.88, ""confidence"": 0.88, ""strategy"": ""squeeze"", ""atr"": 0.0002911437592294002, ""slot"": ""DOGE/USDT:USDT:squeeze"", ""entry_fee_rate"": 0.0001, ""intended_entry"": 0.05852, ""sl0"": 0.0591022875184588}",2023-10-11 15:00:00+00:00,2023-10-12 11:00:00+00:00,2.0190820194918175,squeeze
XRP/USDT:USDT,short,0.4755450645,0.4828565123647798,0.4828449240866017,42210.748,2023-10-12T09:00:00+00:00,2023-10-12T19:00:00+00:00,-312.6671680797413,sl_hit,"{""trend"": 0.0, ""mean_rev"": 0.0, ""breakout"": -0.8, ""confidence"": 0.8, ""strategy"": ""squeeze"", ""atr"": 0.003272462043300839, ""slot"": ""XRP/USDT:USDT:squeeze"", ""entry_fee_rate"": 0.0001, ""intended_entry"": 0.4763, ""sl0"": 0.4828449240866017}",2023-10-12 09:00:00+00:00,2023-10-12 19:00:00+00:00,-1.0015874659013124,squeeze
XLM/USDT:USDT,long,0.10505625064999999,0.10703878844319098,0.1040304846227236,188965.203,2023-10-15T02:00:00+00:00,2023-10-16T06:00:00+00:00,370.62279833375396,tp_hit,"{""trend"": 0.0, ""mean_rev"": 0.0, ""breakout"": 0.88, ""confidence"": 0.88, ""strategy"": ""squeeze"", ""atr"": 0.0004297576886381962, ""slot"": ""XLM/USDT:USDT:squeeze"", ""entry_fee_rate"": 0.0001, ""intended_entry"": 0.10489, ""sl0"": 0.1040304846227236}",2023-10-15 02:00:00+00:00,2023-10-16 06:00:00+00:00,1.9327387927391437,squeeze
XRP/USDT:USDT,long,0.49027585749999997,0.48661799191465327,0.4866296710267579,41171.106,2023-10-15T19:00:00+00:00,2023-10-16T00:00:00+00:00,-154.6203517705608,sl_hit,"{""trend"": 0.0, ""mean_rev"": 0.0, ""breakout"": 1.0, ""confidence"": 1.0, ""strategy"": ""squeeze"", ""atr"": 0.001435164486621031, ""slot"": ""XRP/USDT:USDT:squeeze"", ""entry_fee_rate"": 0.0001, ""intended_entry"": 0.4895, ""sl0"": 0.4866296710267579}",2023-10-15 19:00:00+00:00,2023-10-16 00:00:00+00:00,-1.0032031033493087,squeeze
XRP/USDT:USDT,long,0.49428219749999996,0.5061811649423813,0.48842753402304745,48693.932,2023-10-16T06:00:00+00:00,2023-10-16T15:00:00+00:00,574.5358620156047,tp_hit,"{""trend"": 0.0, ""mean_rev"": 0.0, ""breakout"": 0.84, ""confidence"": 0.84, ""strategy"": ""squeeze"", ""atr"": 0.0025362329884762655, ""slot"": ""XRP/USDT:USDT:squeeze"", ""entry_fee_rate"": 0.0001, ""intended_entry"": 0.4935, ""sl0"": 0.48842753402304745}",2023-10-16 06:00:00+00:00,2023-10-16 15:00:00+00:00,2.032391355920429,squeeze
DOGE/USDT:USDT,short,0.058377325050000005,0.05899202077437047,0.058990604999850475,359267.447,2023-10-18T18:00:00+00:00,2023-10-20T04:00:00+00:00,-225.05686209943073,sl_hit,"{""trend"": 0.0, ""mean_rev"": 0.0, ""breakout"": -1.0, ""confidence"": 1.0, ""strategy"": ""squeeze"", ""atr"": 0.0002603024999252366, ""slot"": ""DOGE/USDT:USDT:squeeze"", ""entry_fee_rate"": 0.0001, ""intended_entry"": 0.05847, ""sl0"": 0.058990604999850475}",2023-10-18 18:00:00+00:00,2023-10-20 04:00:00+00:00,-1.002308528952136,squeeze
XRP/USDT:USDT,short,0.48193492050000003,0.4882199953186981,0.4882082783200184,43906.238,2023-10-19T03:00:00+00:00,2023-10-19T18:00:00+00:00,-280.2135761006442,sl_hit,"{""trend"": 0.0, ""mean_rev"": 0.0, ""breakout"": -1.0, ""confidence"": 1.0, ""strategy"": ""squeeze"", ""atr"": 0.0027541391600091818, ""slot"": ""XRP/USDT:USDT:squeeze"", ""entry_fee_rate"": 0.0001, ""intended_entry"": 0.4827, ""sl0"": 0.4882082783200184}",2023-10-19 03:00:00+00:00,2023-10-19 18:00:00+00:00,-1.0018677395767703,squeeze
BNB/USDT:USDT,long,210.1,212.0922371724755,210.1,101.887,2023-10-19T11:00:00+00:00,2023-10-20T04:00:00+00:00,200.8221246151333,tp_hit,"{""trend"": 0.0, ""mean_rev"": 0.0, ""breakout"": 0.7, ""confidence"": 0.7, ""strategy"": ""ifvg"", ""atr"": 0.8203952874591978, ""slot"": ""BNB/USDT:USDT:ifvg"", ""entry_fee_rate"": 0.0, ""intended_entry"": 210.1, ""sl0"": 209.10388141376222, ""max_hold"": 24}",2023-10-19 11:00:00+00:00,2023-10-20 04:00:00+00:00,,ifvg
XLM/USDT:USDT,long,0.11049485719999999,0.10866509675957142,0.10866770478448626,186273.524,2023-10-21T15:00:00+00:00,2023-10-22T22:00:00+00:00,-344.9182950087942,sl_hit,"{""trend"": 0.0, ""mean_rev"": 0.0, ""breakout"": 0.96, ""confidence"": 0.96, ""strategy"": ""squeeze"", ""atr"": 0.0008261476077568707, ""slot"": ""XLM/USDT:USDT:squeeze"", ""entry_fee_rate"": 0.0001, ""intended_entry"": 0.11032, ""sl0"": 0.10866770478448626}",2023-10-21 15:00:00+00:00,2023-10-22 22:00:00+00:00,-1.0014273712979231,squeeze
BNB/USDT:USDT,long,215.71,218.06254841755919,215.71,92.866,2023-10-22T22:00:00+00:00,2023-10-22T23:00:00+00:00,216.44670168291603,tp_hit,"{""trend"": 0.0, ""mean_rev"": 0.0, ""breakout"": 0.7, ""confidence"": 0.7, ""strategy"": ""ifvg"", ""atr"": 0.8209140292652796, ""slot"": ""BNB/USDT:USDT:ifvg"", ""entry_fee_rate"": 0.0, ""intended_entry"": 215.71, ""sl0"": 214.5337257912204, ""max_hold"": 24}",2023-10-22 22:00:00+00:00,2023-10-22 23:00:00+00:00,,ifvg
BNB/USDT:USDT,long,222.6122821,230.95764605402366,217.91117697298816,91.59,2023-10-23T04:00:00+00:00,2023-10-24T00:00:00+00:00,760.197637577065,tp_hit,"{""trend"": 0.0, ""mean_rev"": 0.0, ""breakout"": 0.8, ""confidence"": 0.8, ""strategy"": ""donchian"", ""atr"": 2.174411513505918, ""slot"": ""BNB/USDT:USDT:donchian"", ""entry_fee_rate"": 0.0001, ""intended_entry"": 222.26, ""sl0"": 217.91117697298816, ""max_hold"": 120}",2023-10-23 04:00:00+00:00,2023-10-24 00:00:00+00:00,1.7751919449902294,donchian
ETH/USDT:USDT,long,1769.7005365,1776.71735776,1710.0403175986983,10.429,2023-10-24T00:00:00+00:00,2023-10-29T01:00:00+00:00,69.47986969861536,max_hold,"{""trend"": 0.0, ""mean_rev"": 0.0, ""breakout"": 0.8, ""confidence"": 0.8, ""strategy"": ""donchian"", ""atr"": 28.429841200650934, ""slot"": ""ETH/USDT:USDT:donchian"", ""entry_fee_rate"": 0.0001, ""intended_entry"": 1766.9, ""sl0"": 1710.0403175986983, ""max_hold"": 120}",2023-10-24 00:00:00+00:00,2023-10-29 01:00:00+00:00,0.11761306594613943,donchian
ADA/USDT:USDT,long,0.2825471285,0.2901930352,0.27153850798666546,49716.542,2023-10-24T04:00:00+00:00,2023-10-29T05:00:00+00:00,377.2805755382627,max_hold,"{""trend"": 0.0, ""mean_rev"": 0.0, ""breakout"": 0.8, ""confidence"": 0.8, ""strategy"": ""donchian"", ""atr"": 0.005280746006667286, ""slot"": ""ADA/USDT:USDT:donchian"", ""entry_fee_rate"": 0.0001, ""intended_entry"": 0.2821, ""sl0"": 0.27153850798666546, ""max_hold"": 120}",2023-10-24 04:00:00+00:00,2023-10-29 05:00:00+00:00,0.6945381295266394,donchian
NEAR/USDT:USDT,long,1.1958924899999999,1.3245154635843974,1.1287422682078012,8108.137,2023-10-26T12:00:00+00:00,2023-10-31T01:00:00+00:00,1040.8491098713214,tp_hit,"{""trend"": 0.0, ""mean_rev"": 0.0, ""breakout"": 0.8, ""confidence"": 0.8, ""strategy"": ""donchian"", ""atr"": 0.03262886589609935, ""slot"": ""NEAR/USDT:USDT:donchian"", ""entry_fee_rate"": 0.0001, ""intended_entry"": 1.194, ""sl0"": 1.1287422682078012, ""max_hold"": 120}",2023-10-26 12:00:00+00:00,2023-10-31 01:00:00+00:00,1.9154512100113519,donchian
BNB/USDT:USDT,long,224.7,229.98303970024074,224.7,97.058,2023-10-27T08:00:00+00:00,2023-10-27T15:00:00+00:00,510.52909783924406,tp_hit,"{""trend"": 0.0, ""mean_rev"": 0.0, ""breakout"": 0.7, ""confidence"": 0.7, ""strategy"": ""ifvg"", ""atr"": 1.9050661670679419, ""slot"": ""BNB/USDT:USDT:ifvg"", ""entry_fee_rate"": 0.0, ""intended_entry"": 224.7, ""sl0"": 222.0584801498796, ""max_hold"": 24}",2023-10-27 08:00:00+00:00,2023-10-27 15:00:00+00:00,,ifvg
XRP/USDT:USDT,short,0.5424388695000001,0.5529035034962093,0.5528902341305901,42727.782,2023-10-28T00:00:00+00:00,2023-10-29T11:00:00+00:00,-451.81075511269114,sl_hit,"{""trend"": 0.0, ""mean_rev"": 0.0, ""breakout"": -1.0, ""confidence"": 1.0, ""strategy"": ""squeeze"", ""atr"": 0.00479511706529506, ""slot"": ""XRP/USDT:USDT:squeeze"", ""entry_fee_rate"": 0.0001, ""intended_entry"": 0.5433, ""sl0"": 0.5528902341305901}",2023-10-28 00:00:00+00:00,2023-10-29 11:00:00+00:00,-1.0012696299562973,squeeze
XLM/USDT:USDT,long,0.11342950125,0.11541722991999999,0.11151549247991573,208553.471,2023-10-28T07:00:00+00:00,2023-10-30T08:00:00+00:00,409.7750355234616,max_hold,"{""trend"": 0.0, ""mean_rev"": 0.0, ""breakout"": 1.0, ""confidence"": 1.0, ""strategy"": ""squeeze"", ""atr"": 0.0008672537600421418, ""slot"": ""XLM/USDT:USDT:squeeze"", ""entry_fee_rate"": 0.0001, ""intended_entry"": 0.11325, ""sl0"": 0.11151549247991573}",2023-10-28 07:00:00+00:00,2023-10-30 08:00:00+00:00,1.0385159676736901,squeeze
LTC/USDT:USDT,long,67.41,69.81786460976674,65.96557012011593,343.448,2023-10-29T02:00:00+00:00,2023-10-30T18:00:00+00:00,824.5784038987202,tp_hit,"{""trend"": 0.0, ""mean_rev"": 0.6561533152278453, ""breakout"": 0.0, ""confidence"": 0.6561533152278453, ""strategy"": ""mean_rev"", ""atr"": 0.4814766266280237, ""slot"": ""LTC/USDT:USDT"", ""entry_fee_rate"": 0.0, ""intended_entry"": 67.41, ""sl0"": 65.96557012011593}",2023-10-29 02:00:00+00:00,2023-10-30 18:00:00+00:00,1.667000000000003,mean_rev
ICP/USDT:USDT,long,4.127531785,3.8849395020246966,3.885032742810524,2445.821,2023-10-29T20:00:00+00:00,2023-10-30T19:00:00+00:00,-595.2970071925107,sl_hit,"{""trend"": 0.0, ""mean_rev"": 0.0, ""breakout"": 0.8, ""confidence"": 0.8, ""strategy"": ""donchian"", ""atr"": 0.1179836285947381, ""slot"": ""ICP/USDT:USDT:donchian"", ""entry_fee_rate"": 0.0001, ""intended_entry"": 4.121, ""sl0"": 3.885032742810524, ""max_hold"": 120}",2023-10-29 20:00:00+00:00,2023-10-30 19:00:00+00:00,-1.0003844996045574,donchian
BNB/USDT:USDT,short,226.22,226.22542928000001,226.22,109.518,2023-10-31T16:00:00+00:00,2023-11-01T15:00:00+00:00,-3.0721795434304044,sl_hit,"{""trend"": 0.0, ""mean_rev"": 0.0, ""breakout"": -0.7, ""confidence"": 0.7, ""strategy"": ""ifvg"", ""atr"": 1.4311056891051346, ""slot"": ""BNB/USDT:USDT:ifvg"", ""entry_fee_rate"": 0.0, ""intended_entry"": 226.22, ""sl0"": 228.32933170673155, ""max_hold"": 24}",2023-10-31 16:00:00+00:00,2023-11-01 15:00:00+00:00,,ifvg
SOL/USDT:USDT,long,38.433821204999994,42.77250128369518,36.173249358152404,262.572,2023-11-01T00:00:00+00:00,2023-11-01T19:00:00+00:00,1137.0836549723017,tp_hit,"{""trend"": 0.0, ""mean_rev"": 0.0, ""breakout"": 0.8, ""confidence"": 0.8, ""strategy"": ""donchian"", ""atr"": 1.0998753209237957, ""slot"": ""SOL/USDT:USDT:donchian"", ""entry_fee_rate"": 0.0001, ""intended_entry"": 38.373, ""sl0"": 36.173249358152404, ""max_hold"": 120}",2023-11-01 00:00:00+00:00,2023-11-01 19:00:00+00:00,1.9192843106250106,donchian
NEAR/USDT:USDT,long,1.459309345,1.6295578545939624,1.3707210727030188,6879.794,2023-11-01T16:00:00+00:00,2023-11-05T11:00:00+00:00,1169.149597810828,tp_hit,"{""trend"": 0.0, ""mean_rev"": 0.0, ""breakout"": 0.8, ""confidence"": 0.8, ""strategy"": ""donchian"", ""atr"": 0.0431394636484906, ""slot"": ""NEAR/USDT:USDT:donchian"", ""entry_fee_rate"": 0.0001, ""intended_entry"": 1.457, ""sl0"": 1.3707210727030188, ""max_hold"": 120}",2023-11-01 16:00:00+00:00,2023-11-05 11:00:00+00:00,1.921795122307218,donchian
XRP/USDT:USDT,long,0.6099652649999999,0.5924651960235077,0.5924794155294804,38687.385,2023-11-01T19:00:00+00:00,2023-11-02T18:00:00+00:00,-681.6837950382463,sl_hit,"{""trend"": 0.0, ""mean_rev"": 0.0, ""breakout"": 0.8, ""confidence"": 0.8, ""strategy"": ""squeeze"", ""atr"": 0.008260292235259816, ""slot"": ""XRP/USDT:USDT:squeeze"", ""entry_fee_rate"": 0.0001, ""intended_entry"": 0.609, ""sl0"": 0.5924794155294804}",2023-11-01 19:00:00+00:00,2023-11-02 18:00:00+00:00,-1.000813200753939,squeeze
SOL/USDT:USDT,long,42.116649249999995,38.66682986360523,38.667757889794586,186.832,2023-11-01T20:00:00+00:00,2023-11-03T03:00:00+00:00,-646.045949495882,sl_hit,"{""trend"": 0.0, ""mean_rev"": 0.0, ""breakout"": 0.8, ""confidence"": 0.8, ""strategy"": ""donchian"", ""atr"": 1.6911210551027067, ""slot"": ""SOL/USDT:USDT:donchian"", ""entry_fee_rate"": 0.0001, ""intended_entry"": 42.05, ""sl0"": 38.667757889794586, ""max_hold"": 120}",2023-11-01 20:00:00+00:00,2023-11-03 03:00:00+00:00,-1.0002690795657017,donchian
ADA/USDT:USDT,long,0.3250143325,0.3603689651538765,0.30656551742306176,33230.486,2023-11-02T20:00:00+00:00,2023-11-06T20:00:00+00:00,1172.574063432054,tp_hit,"{""trend"": 0.0, ""mean_rev"": 0.0, ""breakout"": 0.8, ""confidence"": 0.8, ""strategy"": ""donchian"", ""atr"": 0.008967241288469128, ""slot"": ""ADA/USDT:USDT:donchian"", ""entry_fee_rate"": 0.0001, ""intended_entry"": 0.3245, ""sl0"": 0.30656551742306176, ""max_hold"": 120}",2023-11-02 20:00:00+00:00,2023-11-06 20:00:00+00:00,1.9163633277494996,donchian
LTC/USDT:USDT,short,70.46,71.74493536139285,71.74321352426827,359.232,2023-11-05T00:00:00+00:00,2023-11-05T13:00:00+00:00,-464.16720740585225,sl_hit,"{""trend"": 0.0, ""mean_rev"": -0.683242317154817, ""breakout"": 0.0, ""confidence"": 0.683242317154817, ""strategy"": ""mean_rev"", ""atr"": 0.427737841422757, ""slot"": ""LTC/USDT:USDT"", ""entry_fee_rate"": 0.0, ""intended_entry"": 70.46, ""sl0"": 71.74321352426827}",2023-11-05 00:00:00+00:00,2023-11-05 13:00:00+00:00,-1.0013418165348276,mean_rev
XLM/USDT:USDT,long,0.12470734834999998,0.1292879866787295,0.1225988053285082,203038.33,2023-11-05T01:00:00+00:00,2023-11-06T02:00:00+00:00,924.8880777340319,tp_hit,"{""trend"": 0.0, ""mean_rev"": 0.0, ""breakout"": 1.0, ""confidence"": 1.0, ""strategy"": ""squeeze"", ""atr"": 0.0009555973357459014, ""slot"": ""XLM/USDT:USDT:squeeze"", ""entry_fee_rate"": 0.0001, ""intended_entry"": 0.12451, ""sl0"": 0.1225988053285082}",2023-11-05 01:00:00+00:00,2023-11-06 02:00:00+00:00,2.1724187185370996,squeeze
XRP/USDT:USDT,long,0.6230860284999999,0.6427939398265887,0.6138224240693645,40428.676,2023-11-05T02:00:00+00:00,2023-11-05T12:00:00+00:00,791.6469765499513,tp_hit,"{""trend"": 0.0, ""mean_rev"": 0.0, ""breakout"": 1.0, ""confidence"": 1.0, ""strategy"": ""squeeze"", ""atr"": 0.004138787965317758, ""slot"": ""XRP/USDT:USDT:squeeze"", ""entry_fee_rate"": 0.0001, ""intended_entry"": 0.6221, ""sl0"": 0.6138224240693645}",2023-11-05 02:00:00+00:00,2023-11-05 12:00:00+00:00,2.127456053867456,squeeze
BNB/USDT:USDT,long,252.2391664,243.865600371614,243.87145328649288,86.299,2023-11-06T16:00:00+00:00,2023-11-07T17:00:00+00:00,-726.9117092104453,sl_hit,"{""trend"": 0.0, ""mean_rev"": 0.0, ""breakout"": 0.8, ""confidence"": 0.8, ""strategy"": ""donchian"", ""atr"": 3.9842733567535653, ""slot"": ""BNB/USDT:USDT:donchian"", ""entry_fee_rate"": 0.0001, ""intended_entry"": 251.84, ""sl0"": 243.87145328649288, ""max_hold"": 120}",2023-11-06 16:00:00+00:00,2023-11-07 17:00:00+00:00,-1.000699464094848,donchian
XRP/USDT:USDT,long,0.6877884194999999,0.6636492698320308,0.6636651977967779,29158.613,2023-11-08T03:00:00+00:00,2023-11-09T14:00:00+00:00,-707.8047281750756,sl_hit,"{""trend"": 0.0, ""mean_rev"": 0.0, ""breakout"": 0.88, ""confidence"": 0.88, ""strategy"": ""squeeze"", ""atr"": 0.011517401101611058, ""slot"": ""XRP/USDT:USDT:squeeze"", ""entry_fee_rate"": 0.0001, ""intended_entry"": 0.6867, ""sl0"": 0.6636651977967779}",2023-11-08 03:00:00+00:00,2023-11-09 14:00:00+00:00,-1.000660275188078,squeeze
ADA/USDT:USDT,long,0.37859913,0.35998049866398296,0.35998913840330465,35916.645,2023-11-09T16:00:00+00:00,2023-11-09T18:00:00+00:00,-671.3715023142954,sl_hit,"{""trend"": 0.0, ""mean_rev"": 0.0, ""breakout"": 0.8, ""confidence"": 0.8, ""strategy"": ""donchian"", ""atr"": 0.009005430798347678, ""slot"": ""ADA/USDT:USDT:donchian"", ""entry_fee_rate"": 0.0001, ""intended_entry"": 0.378, ""sl0"": 0.35998913840330465, ""max_hold"": 120}",2023-11-09 16:00:00+00:00,2023-11-09 18:00:00+00:00,-1.000464252725575,donchian
ETH/USDT:USDT,long,2042.7927025999998,2039.5610493599997,1971.7554843920252,9.54,2023-11-09T16:00:00+00:00,2023-11-14T17:00:00+00:00,-34.72453738896997,max_hold,"{""trend"": 0.0, ""mean_rev"": 0.0, ""breakout"": 0.8, ""confidence"": 0.8, ""strategy"": ""donchian"", ""atr"": 33.902257803987425, ""slot"": ""ETH/USDT:USDT:donchian"", ""entry_fee_rate"": 0.0001, ""intended_entry"": 2039.56, ""sl0"": 1971.7554843920252, ""max_hold"": 120}",2023-11-09 16:00:00+00:00,2023-11-14 17:00:00+00:00,-0.04549239569796714,donchian
BNB/USDT:USDT,long,250.28,246.82708823650492,246.83301222879842,110.284,2023-11-10T09:00:00+00:00,2023-11-11T06:00:00+00:00,-383.52302878519896,sl_hit,"{""trend"": 0.0, ""mean_rev"": 0.0, ""breakout"": 0.7, ""confidence"": 0.7, ""strategy"": ""ifvg"", ""atr"": 3.0232925706719267, ""slot"": ""BNB/USDT:USDT:ifvg"", ""entry_fee_rate"": 0.0, ""intended_entry"": 250.28, ""sl0"": 246.83301222879842, ""max_hold"": 24}",2023-11-10 09:00:00+00:00,2023-11-11 06:00:00+00:00,-1.0017185997417792,ifvg
LTC/USDT:USDT,short,74.13,76.50420390241102,76.50236784558273,259.475,2023-11-11T12:00:00+00:00,2023-11-12T12:00:00+00:00,-618.0316504088587,sl_hit,"{""trend"": 0.0, ""mean_rev"": -0.6039903839539368, ""breakout"": 0.0, ""confidence"": 0.6039903839539368, ""strategy"": ""mean_rev"", ""atr"": 0.790789281860912, ""slot"": ""LTC/USDT:USDT"", ""entry_fee_rate"": 0.0, ""intended_entry"": 74.13, ""sl0"": 76.50236784558273}",2023-11-11 12:00:00+00:00,2023-11-12 12:00:00+00:00,-1.0007739342917308,mean_rev
SOL/USDT:USDT,long,61.066637449999995,54.82182708878534,54.823142844213606,100.008,2023-11-11T16:00:00+00:00,2023-11-12T02:00:00+00:00,-625.6899719605146,sl_hit,"{""trend"": 0.0, ""mean_rev"": 0.0, ""breakout"": 0.8, ""confidence"": 0.8, ""strategy"": ""donchian"", ""atr"": 3.0734285778931953, ""slot"": ""SOL/USDT:USDT:donchian"", ""entry_fee_rate"": 0.0001, ""intended_entry"": 60.97, ""sl0"": 54.823142844213606, ""max_hold"": 120}",2023-11-11 16:00:00+00:00,2023-11-12 02:00:00+00:00,-1.000210740220236,donchian
XLM/USDT:USDT,short,0.1221460911,0.12484004090367419,0.12483704481459863,198240.157,2023-11-13T04:00:00+00:00,2023-11-13T22:00:00+00:00,-538.9452889890124,sl_hit,"{""trend"": 0.0, ""mean_rev"": 0.0, ""breakout"": -1.0, ""confidence"": 1.0, ""strategy"": ""squeeze"", ""atr"": 0.0012485224072993112, ""slot"": ""XLM/USDT:USDT:squeeze"", ""entry_fee_rate"": 0.0001, ""intended_entry"": 0.12234, ""sl0"": 0.12483704481459863}",2023-11-13 04:00:00+00:00,2023-11-13 22:00:00+00:00,-1.0011133930172427,squeeze
DOGE/USDT:USDT,short,0.07649855729999999,0.07097812848354802,0.07887674860658078,250757.373,2023-11-13T05:00:00+00:00,2023-11-14T20:00:00+00:00,1380.5901412164121,tp_hit,"{""trend"": 0.0, ""mean_rev"": 0.0, ""breakout"": -1.0, ""confidence"": 1.0, ""strategy"": ""squeeze"", ""atr"": 0.0011283743032903953, ""slot"": ""DOGE/USDT:USDT:squeeze"", ""entry_fee_rate"": 0.0001, ""intended_entry"": 0.07662, ""sl0"": 0.07887674860658078}",2023-11-13 05:00:00+00:00,2023-11-14 20:00:00+00:00,2.321271968817717,squeeze
XRP/USDT:USDT,short,0.6571567530000001,0.6705078061341236,0.6704917143329796,35764.375,2023-11-13T09:00:00+00:00,2023-11-13T22:00:00+00:00,-482.2403802504281,sl_hit,"{""trend"": 0.0, ""mean_rev"": 0.0, ""breakout"": -1.0, ""confidence"": 1.0, ""strategy"": ""squeeze"", ""atr"": 0.006145857166489771, ""slot"": ""XRP/USDT:USDT:squeeze"", ""entry_fee_rate"": 0.0001, ""intended_entry"": 0.6582, ""sl0"": 0.6704917143329796}",2023-11-13 09:00:00+00:00,2023-11-13 22:00:00+00:00,-1.0012067377431564,squeeze
BNB/USDT:USDT,long,244.8,242.30553118713308,242.3113466594529,96.141,2023-11-14T15:00:00+00:00,2023-11-14T20:00:00+00:00,-242.15027574522546,sl_hit,"{""trend"": 0.0, ""mean_rev"": 0.0, ""breakout"": 0.7, ""confidence"": 0.7, ""strategy"": ""ifvg"", ""atr"": 2.2621778018236482, ""slot"": ""BNB/USDT:USDT:ifvg"", ""entry_fee_rate"": 0.0, ""intended_entry"": 244.8, ""sl0"": 242.3113466594529, ""max_hold"": 24}",2023-11-14 15:00:00+00:00,2023-11-14 20:00:00+00:00,-1.002336794854098,ifvg
BNB/USDT:USDT,short,247.25,239.71791028689665,247.25,98.684,2023-11-16T17:00:00+00:00,2023-11-17T17:00:00+00:00,740.9311090220154,tp_hit,"{""trend"": 0.0, ""mean_rev"": 0.0, ""breakout"": -0.7, ""confidence"": 0.7, ""strategy"": ""ifvg"", ""atr"": 2.4201495218389426, ""slot"": ""BNB/USDT:USDT:ifvg"", ""entry_fee_rate"": 0.0, ""intended_entry"": 247.25, ""sl0"": 251.01604485655167, ""max_hold"": 24}",2023-11-16 17:00:00+00:00,2023-11-17 17:00:00+00:00,,ifvg
NEAR/USDT:USDT,long,2.13938556,1.9473374927503306,1.94738422997185,3155.936,2023-11-20T12:00:00+00:00,2023-11-21T04:00:00+00:00,-607.3811528040732,sl_hit,"{""trend"": 0.0, ""mean_rev"": 0.0, ""breakout"": 0.8, ""confidence"": 0.8, ""strategy"": ""donchian"", ""atr"": 0.09430788501407501, ""slot"": ""NEAR/USDT:USDT:donchian"", ""entry_fee_rate"": 0.0001, ""intended_entry"": 2.136, ""sl0"": 1.94738422997185, ""max_hold"": 120}",2023-11-20 12:00:00+00:00,2023-11-21 04:00:00+00:00,-1.000243421342511,donchian
BNB/USDT:USDT,long,258.1485179,247.04191696815272,247.0478461164595,54.47,2023-11-20T20:00:00+00:00,2023-11-21T19:00:00+00:00,-607.7283250564483,sl_hit,"{""trend"": 0.0, ""mean_rev"": 0.0, ""breakout"": 0.8, ""confidence"": 0.8, ""strategy"": ""donchian"", ""atr"": 5.346076941770248, ""slot"": ""BNB/USDT:USDT:donchian"", ""entry_fee_rate"": 0.0001, ""intended_entry"": 257.74, ""sl0"": 247.0478461164595, ""max_hold"": 120}",2023-11-20 20:00:00+00:00,2023-11-21 19:00:00+00:00,-1.0005341251793052,donchian
DOGE/USDT:USDT,short,0.0779961798,0.07205700152461206,0.08054519939015517,234888.425,2023-11-20T22:00:00+00:00,2023-11-22T00:00:00+00:00,1391.5196553573312,tp_hit,"{""trend"": 0.0, ""mean_rev"": 0.0, ""breakout"": -0.9199999999999999, ""confidence"": 0.9199999999999999, ""strategy"": ""squeeze"", ""atr"": 0.0012125996950775888, ""slot"": ""DOGE/USDT:USDT:squeeze"", ""entry_fee_rate"": 0.0001, ""intended_entry"": 0.07812, ""sl0"": 0.08054519939015517}",2023-11-20 22:00:00+00:00,2023-11-22 00:00:00+00:00,2.329985339589479,squeeze
XLM/USDT:USDT,short,0.11961011700000002,0.11452080344431272,0.12191167862227492,205272.765,2023-11-20T23:00:00+00:00,2023-11-21T20:00:00+00:00,1039.8913953867539,tp_hit,"{""trend"": 0.0, ""mean_rev"": 0.0, ""breakout"": -1.0, ""confidence"": 1.0, ""strategy"": ""squeeze"", ""atr"": 0.0010558393111374585, ""slot"": ""XLM/USDT:USDT:squeeze"", ""entry_fee_rate"": 0.0001, ""intended_entry"": 0.1198, ""sl0"": 0.12191167862227492}",2023-11-20 23:00:00+00:00,2023-11-21 20:00:00+00:00,2.2112436644893863,squeeze
XRP/USDT:USDT,short,0.6119285535000001,0.5821373093632003,0.6252050762547199,40123.474,2023-11-20T23:00:00+00:00,2023-11-21T20:00:00+00:00,1190.5372024902508,tp_hit,"{""trend"": 0.0, ""mean_rev"": 0.0, ""breakout"": -1.0, ""confidence"": 1.0, ""strategy"": ""squeeze"", ""atr"": 0.006152538127359938, ""slot"": ""XRP/USDT:USDT:squeeze"", ""entry_fee_rate"": 0.0001, ""intended_entry"": 0.6129, ""sl0"": 0.6252050762547199}",2023-11-20 23:00:00+00:00,2023-11-21 20:00:00+00:00,2.2439041221248246,squeeze
BNB/USDT:USDT,short,225.30232890000002,231.92556607999998,246.0531704809941,33.319,2023-11-22T00:00:00+00:00,2023-11-27T01:00:00+00:00,-222.2030772237026,max_hold,"{""trend"": 0.0, ""mean_rev"": 0.0, ""breakout"": -0.8, ""confidence"": 0.8, ""strategy"": ""donchian"", ""atr"": 10.196585240497058, ""slot"": ""BNB/USDT:USDT:donchian"", ""entry_fee_rate"": 0.0001, ""intended_entry"": 225.66, ""sl0"": 246.0531704809941, ""max_hold"": 120}",2023-11-22 00:00:00+00:00,2023-11-27 01:00:00+00:00,-0.3191792079443299,donchian
XRP/USDT:USDT,long,0.619580481,0.6200851176,0.6077632231813678,46388.894,2023-11-23T22:00:00+00:00,2023-11-25T23:00:00+00:00,17.658862141030063,max_hold,"{""trend"": 0.0, ""mean_rev"": 0.0, ""breakout"": 0.84, ""confidence"": 0.84, ""strategy"": ""squeeze"", ""atr"": 0.005418388409316127, ""slot"": ""XRP/USDT:USDT:squeeze"", ""entry_fee_rate"": 0.0001, ""intended_entry"": 0.6186, ""sl0"": 0.6077632231813678}",2023-11-23 22:00:00+00:00,2023-11-25 23:00:00+00:00,0.04270335874405142,squeeze
DOGE/USDT:USDT,long,0.07901504064999999,0.07764901780057243,0.07765088142172655,364391.067,2023-11-25T03:00:00+00:00,2023-11-25T13:00:00+00:00,-503.475221991226,sl_hit,"{""trend"": 0.0, ""mean_rev"": 0.0, ""breakout"": 0.88, ""confidence"": 0.88, ""strategy"": ""squeeze"", ""atr"": 0.0006195592891367283, ""slot"": ""DOGE/USDT:USDT:squeeze"", ""entry_fee_rate"": 0.0001, ""intended_entry"": 0.07889, ""sl0"": 0.07765088142172655}",2023-11-25 03:00:00+00:00,2023-11-25 13:00:00+00:00,-1.0013661316915898,squeeze
XLM/USDT:USDT,long,0.11993980374999999,0.12347784480124349,0.11825886207950259,238840.73,2023-11-25T05:00:00+00:00,2023-11-26T14:00:00+00:00,839.214502561479,tp_hit,"{""trend"": 0.0, ""mean_rev"": 0.0, ""breakout"": 1.0, ""confidence"": 1.0, ""strategy"": ""squeeze"", ""atr"": 0.0007455689602487005, ""slot"": ""XLM/USDT:USDT:squeeze"", ""entry_fee_rate"": 0.0001, ""intended_entry"": 0.11975, ""sl0"": 0.11825886207950259}",2023-11-25 05:00:00+00:00,2023-11-26 14:00:00+00:00,2.10479703926703,squeeze
XRP/USDT:USDT,short,0.599648049,0.6074031842525904,0.6073886069260241,48814.791,2023-11-30T17:00:00+00:00,2023-11-30T23:00:00+00:00,-384.45750189968516,sl_hit,"{""trend"": 0.0, ""mean_rev"": 0.0, ""breakout"": -1.0, ""confidence"": 1.0, ""strategy"": ""squeeze"", ""atr"": 0.0033943034630120493, ""slot"": ""XRP/USDT:USDT:squeeze"", ""entry_fee_rate"": 0.0001, ""intended_entry"": 0.6006, ""sl0"": 0.6073886069260241}",2023-11-30 17:00:00+00:00,2023-11-30 23:00:00+00:00,-1.001883239774911,squeeze
XRP/USDT:USDT,long,0.6158746165,0.6264272817456475,0.6102890873017409,46741.709,2023-12-02T05:00:00+00:00,2023-12-03T12:00:00+00:00,487.4428767046779,tp_hit,"{""trend"": 0.0, ""mean_rev"": 0.0, ""breakout"": 0.9199999999999999, ""confidence"": 0.9199999999999999, ""strategy"": ""squeeze"", ""atr"": 0.0023054563491295157, ""slot"": ""XRP/USDT:USDT:squeeze"", ""entry_fee_rate"": 0.0001, ""intended_entry"": 0.6149, ""sl0"": 0.6102890873017409}",2023-12-02 05:00:00+00:00,2023-12-03 12:00:00+00:00,1.8892865601591915,squeeze
XLM/USDT:USDT,long,0.12056078645,0.11925537481245675,0.119258237010145,238776.085,2023-12-02T06:00:00+00:00,2023-12-02T16:00:00+00:00,-317.4273165366133,sl_hit,"{""trend"": 0.0, ""mean_rev"": 0.0, ""breakout"": 1.0, ""confidence"": 1.0, ""strategy"": ""squeeze"", ""atr"": 0.0005558814949275018, ""slot"": ""XLM/USDT:USDT:squeeze"", ""entry_fee_rate"": 0.0001, ""intended_entry"": 0.12037, ""sl0"": 0.119258237010145}",2023-12-02 06:00:00+00:00,2023-12-02 16:00:00+00:00,-1.002197381228436,squeeze
BNB/USDT:USDT,short,228.56,226.45655167944884,228.56,124.281,2023-12-02T09:00:00+00:00,2023-12-02T16:00:00+00:00,258.60423605649214,tp_hit,"{""trend"": 0.0, ""mean_rev"": 0.0, ""breakout"": -0.7, ""confidence"": 0.7, ""strategy"": ""ifvg"", ""atr"": 0.7390805342520189, ""slot"": ""BNB/USDT:USDT:ifvg"", ""entry_fee_rate"": 0.0, ""intended_entry"": 228.56, ""sl0"": 229.6117241602756, ""max_hold"": 24}",2023-12-02 09:00:00+00:00,2023-12-02 16:00:00+00:00,,ifvg
ETH/USDT:USDT,long,2162.5221735,2271.991261412961,2102.6543692935193,11.885,2023-12-02T20:00:00+00:00,2023-12-04T12:00:00+00:00,1295.7696906281496,tp_hit,"{""trend"": 0.0, ""mean_rev"": 0.0, ""breakout"": 0.8, ""confidence"": 0.8, ""strategy"": ""donchian"", ""atr"": 28.222815353240314, ""slot"": ""ETH/USDT:USDT:donchian"", ""entry_fee_rate"": 0.0001, ""intended_entry"": 2159.1, ""sl0"": 2102.6543692935193, ""max_hold"": 120}",2023-12-02 20:00:00+00:00,2023-12-04 12:00:00+00:00,1.8285134950900883,donchian
DOGE/USDT:USDT,long,0.0860361515,0.08462953021126125,0.0846315613687341,336442.566,2023-12-02T21:00:00+00:00,2023-12-03T13:00:00+00:00,-478.98919576180015,sl_hit,"{""trend"": 0.0, ""mean_rev"": 0.0, ""breakout"": 0.96, ""confidence"": 0.96, ""strategy"": ""squeeze"", ""atr"": 0.0006342193156329517, ""slot"": ""DOGE/USDT:USDT:squeeze"", ""entry_fee_rate"": 0.0001, ""intended_entry"": 0.0859, ""sl0"": 0.0846315613687341}",2023-12-02 21:00:00+00:00,2023-12-03 13:00:00+00:00,-1.0014460855360154,squeeze
XLM/USDT:USDT,long,0.12176268844999999,0.12462025127404888,0.12034989949038044,237032.603,2023-12-02T21:00:00+00:00,2023-12-04T09:00:00+00:00,671.4954754665816,tp_hit,"{""trend"": 0.0, ""mean_rev"": 0.0, ""breakout"": 1.0, ""confidence"": 1.0, ""strategy"": ""squeeze"", ""atr"": 0.0006100502548097757, ""slot"": ""XLM/USDT:USDT:squeeze"", ""entry_fee_rate"": 0.0001, ""intended_entry"": 0.12157, ""sl0"": 0.12034989949038044}",2023-12-02 21:00:00+00:00,2023-12-04 09:00:00+00:00,2.0226395489517475,squeeze
LTC/USDT:USDT,short,72.54,73.73613313917889,73.73436351445454,405.973,2023-12-03T23:00:00+00:00,2023-12-04T03:00:00+00:00,-488.59124682975994,sl_hit,"{""trend"": 0.0, ""mean_rev"": -0.6185495057491972, ""breakout"": 0.0, ""confidence"": 0.6185495057491972, ""strategy"": ""mean_rev"", ""atr"": 0.3981211714848439, ""slot"": ""LTC/USDT:USDT"", ""entry_fee_rate"": 0.0, ""intended_entry"": 72.54, ""sl0"": 73.73436351445454}",2023-12-03 23:00:00+00:00,2023-12-04 03:00:00+00:00,-1.0014816466703227,mean_rev
BCH/USDT:USDT,long,249.21437969999997,240.44957406165383,240.4553449899336,81.709,2023-12-04T04:00:00+00:00,2023-12-04T13:00:00+00:00,-720.1644991034152,sl_hit,"{""trend"": 0.0, ""mean_rev"": 0.0, ""breakout"": 0.8, ""confidence"": 0.8, ""strategy"": ""donchian"", ""atr"": 4.182327505033204, ""slot"": ""BCH/USDT:USDT:donchian"", ""entry_fee_rate"": 0.0001, ""intended_entry"": 248.82, ""sl0"": 240.4553449899336, ""max_hold"": 120}",2023-12-04 04:00:00+00:00,2023-12-04 13:00:00+00:00,-1.000658854368179,donchian
ADA/USDT:USDT,long,0.40954810649999995,0.39609776863196006,0.396107275206565,55144.14,2023-12-04T08:00:00+00:00,2023-12-04T13:00:00+00:00,-746.1499793353636,sl_hit,"{""trend"": 0.0, ""mean_rev"": 0.0, ""breakout"": 0.8, ""confidence"": 0.8, ""strategy"": ""donchian"", ""atr"": 0.006396362396717481, ""slot"": ""ADA/USDT:USDT:donchian"", ""entry_fee_rate"": 0.0001, ""intended_entry"": 0.4089, ""sl0"": 0.396107275206565, ""max_hold"": 120}",2023-12-04 08:00:00+00:00,2023-12-04 13:00:00+00:00,-1.0007072906725354,donchian
ICP/USDT:USDT,long,5.040977305,4.824475338752933,4.824591128940027,3392.916,2023-12-04T08:00:00+00:00,2023-12-04T13:00:00+00:00,-737.9202505233578,sl_hit,"{""trend"": 0.0, ""mean_rev"": 0.0, ""breakout"": 0.8, ""confidence"": 0.8, ""strategy"": ""donchian"", ""atr"": 0.10420443552998664, ""slot"": ""ICP/USDT:USDT:donchian"", ""entry_fee_rate"": 0.0001, ""intended_entry"": 5.033, ""sl0"": 4.824591128940027, ""max_hold"": 120}",2023-12-04 08:00:00+00:00,2023-12-04 13:00:00+00:00,-1.0005351089852543,donchian
BNB/USDT:USDT,long,233.76,231.1209990778947,231.12654611500147,117.973,2023-12-05T02:00:00+00:00,2023-12-05T04:00:00+00:00,-314.05745954594806,sl_hit,"{""trend"": 0.0, ""mean_rev"": 0.0, ""breakout"": 0.7, ""confidence"": 0.7, ""strategy"": ""ifvg"", ""atr"": 2.0781796166617377, ""slot"": ""BNB/USDT:USDT:ifvg"", ""entry_fee_rate"": 0.0, ""intended_entry"": 233.76, ""sl0"": 231.12654611500147, ""max_hold"": 24}",2023-12-05 02:00:00+00:00,2023-12-05 04:00:00+00:00,-1.0021063733594746,ifvg
NEAR/USDT:USDT,long,2.2595757599999997,2.5355503175345717,2.116224841232714,4525.016,2023-12-05T04:00:00+00:00,2023-12-09T08:00:00+00:00,1246.6194862145726,tp_hit,"{""trend"": 0.0, ""mean_rev"": 0.0, ""breakout"": 0.8, ""confidence"": 0.8, ""strategy"": ""donchian"", ""atr"": 0.06988757938364296, ""slot"": ""NEAR/USDT:USDT:donchian"", ""entry_fee_rate"": 0.0001, ""intended_entry"": 2.256, ""sl0"": 2.116224841232714, ""max_hold"": 120}",2023-12-05 04:00:00+00:00,2023-12-09 08:00:00+00:00,1.9251676927344017,donchian
XLM/USDT:USDT,short,0.1205885637,0.12279362531522396,0.12279067833894382,221136.872,2023-12-05T13:00:00+00:00,2023-12-05T20:00:00+00:00,-493.00250575582874,sl_hit,"{""trend"": 0.0, ""mean_rev"": 0.0, ""breakout"": -0.88, ""confidence"": 0.88, ""strategy"": ""squeeze"", ""atr"": 0.0010053391694719105, ""slot"": ""XLM/USDT:USDT:squeeze"", ""entry_fee_rate"": 0.0001, ""intended_entry"": 0.12078, ""sl0"": 0.12279067833894382}",2023-12-05 13:00:00+00:00,2023-12-05 20:00:00+00:00,-1.001338248349122,squeeze
BNB/USDT:USDT,long,232.69,230.62780144505783,230.63333664513732,113.792,2023-12-07T17:00:00+00:00,2023-12-07T21:00:00+00:00,-237.2860578421831,sl_hit,"{""trend"": 0.0, ""mean_rev"": 0.0, ""breakout"": 0.7, ""confidence"": 0.7, ""strategy"": ""ifvg"", ""atr"": 1.6888778495422336, ""slot"": ""BNB/USDT:USDT:ifvg"", ""entry_fee_rate"": 0.0, ""intended_entry"": 232.69, ""sl0"": 230.63333664513732, ""max_hold"": 24}",2023-12-07 17:00:00+00:00,2023-12-07 21:00:00+00:00,-1.0026913495912715,ifvg
ADA/USDT:USDT,long,0.521425151,0.5814523606062021,0.4901738196968989,19788.298,2023-12-08T12:00:00+00:00,2023-12-09T06:00:00+00:00,1185.653904910274,tp_hit,"{""trend"": 0.0, ""mean_rev"": 0.0, ""breakout"": 0.8, ""confidence"": 0.8, ""strategy"": ""donchian"", ""atr"": 0.015213090151550538, ""slot"": ""ADA/USDT:USDT:donchian"", ""entry_fee_rate"": 0.0001, ""intended_entry"": 0.5206, ""sl0"": 0.4901738196968989, ""max_hold"": 120}",2023-12-08 12:00:00+00:00,2023-12-09 06:00:00+00:00,1.9207888785283707,donchian
XRP/USDT:USDT,long,0.6619475265,0.6914671919339491,0.6486731232264203,40995.879,2023-12-08T16:00:00+00:00,2023-12-09T07:00:00+00:00,1204.6361896472872,tp_hit,"{""trend"": 0.0, ""mean_rev"": 0.0, ""breakout"": 0.88, ""confidence"": 0.88, ""strategy"": ""squeeze"", ""atr"": 0.0061134383867898255, ""slot"": ""XRP/USDT:USDT:squeeze"", ""entry_fee_rate"": 0.0001, ""intended_entry"": 0.6609, ""sl0"": 0.6486731232264203}",2023-12-08 16:00:00+00:00,2023-12-09 07:00:00+00:00,2.223803573355557,squeeze
ADA/USDT:USDT,long,0.625589991,0.580421351814019,0.5804352822607932,16624.506,2023-12-09T08:00:00+00:00,2023-12-09T19:00:00+00:00,-752.9112474396446,sl_hit,"{""trend"": 0.0, ""mean_rev"": 0.0, ""breakout"": 0.8, ""confidence"": 0.8, ""strategy"": ""donchian"", ""atr"": 0.022082358869603406, ""slot"": ""ADA/USDT:USDT:donchian"", ""entry_fee_rate"": 0.0001, ""intended_entry"": 0.6246, ""sl0"": 0.5804352822607932, ""max_hold"": 120}",2023-12-09 08:00:00+00:00,2023-12-09 19:00:00+00:00,-1.0003085048528313,donchian
LTC/USDT:USDT,short,78.46,74.40909717869924,80.89005568164411,291.295,2023-12-10T07:00:00+00:00,2023-12-11T04:00:00+00:00,1177.8402375345358,tp_hit,"{""trend"": 0.0, ""mean_rev"": -0.6161660209693878, ""breakout"": 0.0, ""confidence"": 0.6161660209693878, ""strategy"": ""mean_rev"", ""atr"": 0.8100185605480412, ""slot"": ""LTC/USDT:USDT"", ""entry_fee_rate"": 0.0, ""intended_entry"": 78.46, ""sl0"": 80.89005568164411}",2023-12-10 07:00:00+00:00,2023-12-11 04:00:00+00:00,1.6670000000000018,mean_rev
BCH/USDT:USDT,short,235.4062887,230.47553128,251.42122600478245,47.891,2023-12-11T04:00:00+00:00,2023-12-16T05:00:00+00:00,233.90774897715337,max_hold,"{""trend"": 0.0, ""mean_rev"": 0.0, ""breakout"": -0.8, ""confidence"": 0.8, ""strategy"": ""donchian"", ""atr"": 7.820613002391227, ""slot"": ""BCH/USDT:USDT:donchian"", ""entry_fee_rate"": 0.0001, ""intended_entry"": 235.78, ""sl0"": 251.42122600478245, ""max_hold"": 120}",2023-12-11 04:00:00+00:00,2023-12-16 05:00:00+00:00,0.30788490308529326,donchian
BNB/USDT:USDT,long,237.9,247.19822712308925,237.9,136.983,2023-12-11T19:00:00+00:00,2023-12-12T02:00:00+00:00,1270.3128505275342,tp_hit,"{""trend"": 0.0, ""mean_rev"": 0.0, ""breakout"": 0.7, ""confidence"": 0.7, ""strategy"": ""ifvg"", ""atr"": 3.5970452051487682, ""slot"": ""BNB/USDT:USDT:ifvg"", ""entry_fee_rate"": 0.0, ""intended_entry"": 237.9, ""sl0"": 233.25088643845538, ""max_hold"": 24}",2023-12-11 19:00:00+00:00,2023-12-12 02:00:00+00:00,,ifvg
XLM/USDT:USDT,short,0.12233578995000001,0.12540984090028748,0.1254068311363402,279172.333,2023-12-12T20:00:00+00:00,2023-12-14T00:00:00+00:00,-865.1063481281227,sl_hit,"{""trend"": 0.0, ""mean_rev"": 0.0, ""breakout"": -0.8, ""confidence"": 0.8, ""strategy"": ""squeeze"", ""atr"": 0.0014384155681701112, ""slot"": ""XLM/USDT:USDT:squeeze"", ""entry_fee_rate"": 0.0001, ""intended_entry"": 0.12253, ""sl0"": 0.1254068311363402}",2023-12-12 20:00:00+00:00,2023-12-14 00:00:00+00:00,-1.0009800467543881,squeeze
XRP/USDT:USDT,short,0.609232833,0.6220403849019744,0.6220254562910235,57764.477,2023-12-13T02:00:00+00:00,2023-12-13T21:00:00+00:00,-746.9339226155319,sl_hit,"{""trend"": 0.0, ""mean_rev"": 0.0, ""breakout"": -1.0, ""confidence"": 1.0, ""strategy"": ""squeeze"", ""atr"": 0.0059127281455117605, ""slot"": ""XRP/USDT:USDT:squeeze"", ""entry_fee_rate"": 0.0001, ""intended_entry"": 0.6102, ""sl0"": 0.6220254562910235}",2023-12-13 02:00:00+00:00,2023-12-13 21:00:00+00:00,-1.0011669702617958,squeeze
ICP/USDT:USDT,long,6.181782619999999,7.152505560818758,5.68174721959062,1604.794,2023-12-13T20:00:00+00:00,2023-12-15T16:00:00+00:00,1555.670472521615,tp_hit,"{""trend"": 0.0, ""mean_rev"": 0.0, ""breakout"": 0.8, ""confidence"": 0.8, ""strategy"": ""donchian"", ""atr"": 0.24512639020468968, ""slot"": ""ICP/USDT:USDT:donchian"", ""entry_fee_rate"": 0.0001, ""intended_entry"": 6.172, ""sl0"": 5.68174721959062, ""max_hold"": 120}",2023-12-13 20:00:00+00:00,2023-12-15 16:00:00+00:00,1.9413084354108296,donchian
XLM/USDT:USDT,long,0.12733150105,0.12504448987601816,0.12504749101580254,250128.385,2023-12-14T22:00:00+00:00,2023-12-15T15:00:00+00:00,-578.3590513273402,sl_hit,"{""trend"": 0.0, ""mean_rev"": 0.0, ""breakout"": 0.8, ""confidence"": 0.8, ""strategy"": ""squeeze"", ""atr"": 0.0010412544920987339, ""slot"": ""XLM/USDT:USDT:squeeze"", ""entry_fee_rate"": 0.0001, ""intended_entry"": 0.12713, ""sl0"": 0.12504749101580254}",2023-12-14 22:00:00+00:00,2023-12-15 15:00:00+00:00,-1.0013139783711307,squeeze
XRP/USDT:USDT,long,0.6395120224999999,0.6263829042355012,0.6263979377860082,50098.181,2023-12-15T03:00:00+00:00,2023-12-15T14:00:00+00:00,-664.0868465019191,sl_hit,"{""trend"": 0.0, ""mean_rev"": 0.0, ""breakout"": 1.0, ""confidence"": 1.0, ""strategy"": ""squeeze"", ""atr"": 0.006051031106995871, ""slot"": ""XRP/USDT:USDT:squeeze"", ""entry_fee_rate"": 0.0001, ""intended_entry"": 0.6385, ""sl0"": 0.6263979377860082}",2023-12-15 03:00:00+00:00,2023-12-15 14:00:00+00:00,-1.0011463667373504,squeeze
ICP/USDT:USDT,long,8.891070045000001,10.679969179468749,7.9755154102656265,838.925,2023-12-16T08:00:00+00:00,2023-12-16T18:00:00+00:00,1499.1103429760556,tp_hit,"{""trend"": 0.0, ""mean_rev"": 0.0, ""breakout"": 0.8, ""confidence"": 0.8, ""strategy"": ""donchian"", ""atr"": 0.45074229486718703, ""slot"": ""ICP/USDT:USDT:donchian"", ""entry_fee_rate"": 0.0001, ""intended_entry"": 8.877, ""sl0"": 7.9755154102656265, ""max_hold"": 120}",2023-12-16 08:00:00+00:00,2023-12-16 18:00:00+00:00,1.9538966508402336,donchian
ICP/USDT:USDT,long,10.30430648,8.948568158754357,8.948782929544667,603.895,2023-12-16T20:00:00+00:00,2023-12-20T22:00:00+00:00,-819.8862649816342,sl_hit,"{""trend"": 0.0, ""mean_rev"": 0.0, ""breakout"": 0.8, ""confidence"": 0.8, ""strategy"": ""donchian"", ""atr"": 0.6696085352276673, ""slot"": ""ICP/USDT:USDT:donchian"", ""entry_fee_rate"": 0.0001, ""intended_entry"": 10.288, ""sl0"": 8.948782929544667, ""max_hold"": 120}",2023-12-16 20:00:00+00:00,2023-12-20 22:00:00+00:00,-1.0001584412091087,donchian
XRP/USDT:USDT,short,0.6165212625000001,0.6237606181938575,0.6237456482982984,56432.258,2023-12-17T06:00:00+00:00,2023-12-17T12:00:00+00:00,-415.53237897793815,sl_hit,"{""trend"": 0.0, ""mean_rev"": 0.0, ""breakout"": -1.0, ""confidence"": 1.0, ""strategy"": ""squeeze"", ""atr"": 0.003122824149149172, ""slot"": ""XRP/USDT:USDT:squeeze"", ""entry_fee_rate"": 0.0001, ""intended_entry"": 0.6175, ""sl0"": 0.6237456482982984}",2023-12-17 06:00:00+00:00,2023-12-17 12:00:00+00:00,-1.0020721340162488,squeeze
LTC/USDT:USDT,short,72.77,70.36322485764693,74.2137763301458,476.137,2023-12-17T07:00:00+00:00,2023-12-18T03:00:00+00:00,1142.604442475159,tp_hit,"{""trend"": 0.0, ""mean_rev"": -0.6147100070757253, ""breakout"": 0.0, ""confidence"": 0.6147100070757253, ""strategy"": ""mean_rev"", ""atr"": 0.48125877671526973, ""slot"": ""LTC/USDT:USDT"", ""entry_fee_rate"": 0.0, ""intended_entry"": 72.77, ""sl0"": 74.2137763301458}",2023-12-17 07:00:00+00:00,2023-12-18 03:00:00+00:00,1.667000000000004,mean_rev
XLM/USDT:USDT,short,0.1219863447,0.11795140063766073,0.12387143974493571,289242.904,2023-12-18T00:00:00+00:00,2023-12-18T11:00:00+00:00,1160.1389090445,tp_hit,"{""trend"": 0.0, ""mean_rev"": 0.0, ""breakout"": -1.0, ""confidence"": 1.0, ""strategy"": ""squeeze"", ""atr"": 0.0008457198724678547, ""slot"": ""XLM/USDT:USDT:squeeze"", ""entry_fee_rate"": 0.0001, ""intended_entry"": 0.12218, ""sl0"": 0.12387143974493571}",2023-12-18 00:00:00+00:00,2023-12-18 11:00:00+00:00,2.1404459542658647,squeeze
XRP/USDT:USDT,short,0.61102998,0.5929824063385614,0.6196070374645755,57527.83,2023-12-18T01:00:00+00:00,2023-12-18T11:00:00+00:00,1031.3113275198,tp_hit,"{""trend"": 0.0, ""mean_rev"": 0.0, ""breakout"": -1.0, ""confidence"": 1.0, ""strategy"": ""squeeze"", ""atr"": 0.0038035187322877266, ""slot"": ""XRP/USDT:USDT:squeeze"", ""entry_fee_rate"": 0.0001, ""intended_entry"": 0.612, ""sl0"": 0.6196070374645755}",2023-12-18 01:00:00+00:00,2023-12-18 11:00:00+00:00,2.1041684442453312,squeeze
NEAR/USDT:USDT,long,2.6061241699999997,3.0207072984006764,2.392646350799662,4260.296,2023-12-20T04:00:00+00:00,2023-12-20T18:00:00+00:00,1763.8496468331393,tp_hit,"{""trend"": 0.0, ""mean_rev"": 0.0, ""breakout"": 0.8, ""confidence"": 0.8, ""strategy"": ""donchian"", ""atr"": 0.1046768246001691, ""slot"": ""NEAR/USDT:USDT:donchian"", ""entry_fee_rate"": 0.0001, ""intended_entry"": 2.602, ""sl0"": 2.392646350799662, ""max_hold"": 120}",2023-12-20 04:00:00+00:00,2023-12-20 18:00:00+00:00,1.9420431122711246,donchian
NEAR/USDT:USDT,long,3.364324015,3.9387166752760954,3.069141662361952,3256.536,2023-12-21T12:00:00+00:00,2023-12-24T01:00:00+00:00,1868.1521148331403,tp_hit,"{""trend"": 0.0, ""mean_rev"": 0.0, ""breakout"": 0.8, ""confidence"": 0.8, ""strategy"": ""donchian"", ""atr"": 0.14492916881902385, ""slot"": ""NEAR/USDT:USDT:donchian"", ""entry_fee_rate"": 0.0001, ""intended_entry"": 3.359, ""sl0"": 3.069141662361952, ""max_hold"": 120}",2023-12-21 12:00:00+00:00,2023-12-24 01:00:00+00:00,1.9458909218072913,donchian
SOL/USDT:USDT,long,93.11535428,107.04179244850732,85.93110377574635,138.103,2023-12-21T20:00:00+00:00,2023-12-24T00:00:00+00:00,1920.5186601419016,tp_hit,"{""trend"": 0.0, ""mean_rev"": 0.0, ""breakout"": 0.8, ""confidence"": 0.8, ""strategy"": ""donchian"", ""atr"": 3.518448112126829, ""slot"": ""SOL/USDT:USDT:donchian"", ""entry_fee_rate"": 0.0001, ""intended_entry"": 92.968, ""sl0"": 85.93110377574635, ""max_hold"": 120}",2023-12-21 20:00:00+00:00,2023-12-24 00:00:00+00:00,1.938467785924467,donchian
LTC/USDT:USDT,short,72.77,70.60614934011554,74.06805078577352,634.015,2023-12-24T05:00:00+00:00,2023-12-25T00:00:00+00:00,1367.4372403492584,tp_hit,"{""trend"": 0.0, ""mean_rev"": -0.6115354748942964, ""breakout"": 0.0, ""confidence"": 0.6115354748942964, ""strategy"": ""mean_rev"", ""atr"": 0.43268359525784084, ""slot"": ""LTC/USDT:USDT"", ""entry_fee_rate"": 0.0, ""intended_entry"": 72.77, ""sl0"": 74.06805078577352}",2023-12-24 05:00:00+00:00,2023-12-25 00:00:00+00:00,1.6669999999999938,mean_rev
BNB/USDT:USDT,long,290.25933299999997,311.3414239875541,279.02928800622294,104.394,2023-12-26T12:00:00+00:00,2023-12-27T14:00:00+00:00,2194.5634556122295,tp_hit,"{""trend"": 0.0, ""mean_rev"": 0.0, ""breakout"": 0.8, ""confidence"": 0.8, ""strategy"": ""donchian"", ""atr"": 5.3853559968885225, ""slot"": ""BNB/USDT:USDT:donchian"", ""entry_fee_rate"": 0.0001, ""intended_entry"": 289.8, ""sl0"": 279.02928800622294, ""max_hold"": 120}",2023-12-26 12:00:00+00:00,2023-12-27 14:00:00+00:00,1.8772935459507483,donchian
BCH/USDT:USDT,long,252.9603076,276.31895526183985,240.68052236908008,98.332,2023-12-27T12:00:00+00:00,2023-12-28T06:00:00+00:00,2291.6980330364636,tp_hit,"{""trend"": 0.0, ""mean_rev"": 0.0, ""breakout"": 0.8, ""confidence"": 0.8, ""strategy"": ""donchian"", ""atr"": 5.939738815459963, ""slot"": ""BCH/USDT:USDT:donchian"", ""entry_fee_rate"": 0.0001, ""intended_entry"": 252.56, ""sl0"": 240.68052236908008, ""max_hold"": 120}",2023-12-27 12:00:00+00:00,2023-12-28 06:00:00+00:00,1.9022032733132737,donchian
DOGE/USDT:USDT,long,0.09322753179999999,0.09149441088564961,0.09149660680421291,590007.268,2023-12-29T15:00:00+00:00,2023-12-29T17:00:00+00:00,-1033.45266466389,sl_hit,"{""trend"": 0.0, ""mean_rev"": 0.0, ""breakout"": 0.88, ""confidence"": 0.88, ""strategy"": ""squeeze"", ""atr"": 0.000791696597893542, ""slot"": ""DOGE/USDT:USDT:squeeze"", ""entry_fee_rate"": 0.0001, ""intended_entry"": 0.09308, ""sl0"": 0.09149660680421291}",2023-12-29 15:00:00+00:00,2023-12-29 17:00:00+00:00,-1.0012686387732859,squeeze
XRP/USDT:USDT,short,0.6178192020000001,0.6223149352,0.6315001282662649,86243.855,2023-12-29T18:00:00+00:00,2023-12-31T19:00:00+00:00,-398.4247570904055,max_hold,"{""trend"": 0.0, ""mean_rev"": 0.0, ""breakout"": -1.0, ""confidence"": 1.0, ""strategy"": ""squeeze"", ""atr"": 0.006350064133132457, ""slot"": ""XRP/USDT:USDT:squeeze"", ""entry_fee_rate"": 0.0001, ""intended_entry"": 0.6188, ""sl0"": 0.6315001282662649}",2023-12-29 18:00:00+00:00,2023-12-31 19:00:00+00:00,-0.3286132175922757,squeeze
ICP/USDT:USDT,long,11.29587563,13.466614798204436,10.183692600897784,1114.813,2023-12-30T16:00:00+00:00,2023-12-31T09:00:00+00:00,2417.2076896993185,tp_hit,"{""trend"": 0.0, ""mean_rev"": 0.0, ""breakout"": 0.8, ""confidence"": 0.8, ""strategy"": ""donchian"", ""atr"": 0.5471536995511087, ""slot"": ""ICP/USDT:USDT:donchian"", ""entry_fee_rate"": 0.0001, ""intended_entry"": 11.278, ""sl0"": 10.183692600897784, ""max_hold"": 120}",2023-12-30 16:00:00+00:00,2023-12-31 09:00:00+00:00,1.951782315862809,donchian
LTC/USDT:USDT,long,72.7,75.56385632360664,70.98202979987605,752.968,2023-12-31T03:00:00+00:00,2024-01-02T03:00:00+00:00,2150.702451696617,tp_hit,"{""trend"": 0.0, ""mean_rev"": 0.6108636648042195, ""breakout"": 0.0, ""confidence"": 0.6108636648042195, ""strategy"": ""mean_rev"", ""atr"": 0.5726567333746528, ""slot"": ""LTC/USDT:USDT"", ""entry_fee_rate"": 0.0, ""intended_entry"": 72.7, ""sl0"": 70.98202979987605}",2023-12-31 03:00:00+00:00,2024-01-02 03:00:00+00:00,1.6670000000000018,mean_rev
ICP/USDT:USDT,long,13.975115504999998,12.507500247311159,12.507800434521588,934.945,2023-12-31T16:00:00+00:00,2024-01-02T02:00:00+00:00,-1374.6155260183466,sl_hit,"{""trend"": 0.0, ""mean_rev"": 0.0, ""breakout"": 0.8, ""confidence"": 0.8, ""strategy"": ""donchian"", ""atr"": 0.7225997827392056, ""slot"": ""ICP/USDT:USDT:donchian"", ""entry_fee_rate"": 0.0001, ""intended_entry"": 13.953, ""sl0"": 12.507800434521588, ""max_hold"": 120}",2023-12-31 16:00:00+00:00,2024-01-02 02:00:00+00:00,-1.0002045826533572,donchian
XLM/USDT:USDT,short,0.1280966445,0.1307167384337989,0.13071360130736753,431626.494,2023-12-31T23:00:00+00:00,2024-01-01T20:00:00+00:00,-1142.0730299038942,sl_hit,"{""trend"": 0.0, ""mean_rev"": 0.0, ""breakout"": -0.8, ""confidence"": 0.8, ""strategy"": ""squeeze"", ""atr"": 0.0012068006536837636, ""slot"": ""XLM/USDT:USDT:squeeze"", ""entry_fee_rate"": 0.0001, ""intended_entry"": 0.1283, ""sl0"": 0.13071360130736753}",2023-12-31 23:00:00+00:00,2024-01-01 20:00:00+00:00,-1.0011987688992603,squeeze
DOGE/USDT:USDT,short,0.0897175719,0.09117577973603969,0.091173591569842,619462.851,2024-01-01T03:00:00+00:00,2024-01-01T17:00:00+00:00,-914.5112545968244,sl_hit,"{""trend"": 0.0, ""mean_rev"": 0.0, ""breakout"": -1.0, ""confidence"": 1.0, ""strategy"": ""squeeze"", ""atr"": 0.0006567957849210039, ""slot"": ""DOGE/USDT:USDT:squeeze"", ""entry_fee_rate"": 0.0001, ""intended_entry"": 0.08986, ""sl0"": 0.091173591569842}",2024-01-01 03:00:00+00:00,2024-01-01 17:00:00+00:00,-1.0015028410968638,squeeze
BNB/USDT:USDT,long,313.38,319.5777104891233,313.38,173.106,2024-01-02T01:00:00+00:00,2024-01-02T02:00:00+00:00,1067.3287900149892,tp_hit,"{""trend"": 0.0, ""mean_rev"": 0.0, ""breakout"": 0.7, ""confidence"": 0.7, ""strategy"": ""ifvg"", ""atr"": 2.3295174818723217, ""slot"": ""BNB/USDT:USDT:ifvg"", ""entry_fee_rate"": 0.0, ""intended_entry"": 313.38, ""sl0"": 310.28114475543833, ""max_hold"": 24}",2024-01-02 01:00:00+00:00,2024-01-02 02:00:00+00:00,,ifvg
BNB/USDT:USDT,long,317.28,327.4898281476238,317.28,176.74,2024-01-03T08:00:00+00:00,2024-01-03T10:00:00+00:00,1798.6969715883586,tp_hit,"{""trend"": 0.0, ""mean_rev"": 0.0, ""breakout"": 0.7, ""confidence"": 0.7, ""strategy"": ""ifvg"", ""atr"": 2.7163802460399, ""slot"": ""BNB/USDT:USDT:ifvg"", ""entry_fee_rate"": 0.0, ""intended_entry"": 317.28, ""sl0"": 312.17508592618805, ""max_hold"": 24}",2024-01-03 08:00:00+00:00,2024-01-03 10:00:00+00:00,,ifvg
BCH/USDT:USDT,short,235.28647890000002,239.04573696,256.2419908455284,66.63,2024-01-03T16:00:00+00:00,2024-01-08T17:00:00+00:00,-253.63984009207377,max_hold,"{""trend"": 0.0, ""mean_rev"": 0.0, ""breakout"": -0.8, ""confidence"": 0.8, ""strategy"": ""donchian"", ""atr"": 10.290995422764205, ""slot"": ""BCH/USDT:USDT:donchian"", ""entry_fee_rate"": 0.0001, ""intended_entry"": 235.66, ""sl0"": 256.2419908455284, ""max_hold"": 120}",2024-01-03 16:00:00+00:00,2024-01-08 17:00:00+00:00,-0.1793923274111256,donchian
ETH/USDT:USDT,short,2237.33818935,2269.97447808,2346.868063052006,12.94,2024-01-03T16:00:00+00:00,2024-01-08T17:00:00+00:00,-428.14603875785645,max_hold,"{""trend"": 0.0, ""mean_rev"": 0.0, ""breakout"": -0.8, ""confidence"": 0.8, ""strategy"": ""donchian"", ""atr"": 52.98903152600306, ""slot"": ""ETH/USDT:USDT:donchian"", ""entry_fee_rate"": 0.0001, ""intended_entry"": 2240.89, ""sl0"": 2346.868063052006, ""max_hold"": 120}",2024-01-03 16:00:00+00:00,2024-01-08 17:00:00+00:00,-0.2979670077844926,donchian
BNB/USDT:USDT,long,321.7,314.93689489306195,314.9444535599474,181.136,2024-01-05T02:00:00+00:00,2024-01-05T16:00:00+00:00,-1230.746447589664,sl_hit,"{""trend"": 0.0, ""mean_rev"": 0.0, ""breakout"": 0.7, ""confidence"": 0.7, ""strategy"": ""ifvg"", ""atr"": 3.8184881335085494, ""slot"": ""BNB/USDT:USDT:ifvg"", ""entry_fee_rate"": 0.0, ""intended_entry"": 321.7, ""sl0"": 314.9444535599474, ""max_hold"": 24}",2024-01-05 02:00:00+00:00,2024-01-05 16:00:00+00:00,-1.0011188831210838,ifvg
XLM/USDT:USDT,short,0.1186316703,0.12006288144,0.12144039054474326,483165.026,2024-01-05T07:00:00+00:00,2024-01-07T08:00:00+00:00,-703.0440535993408,max_hold,"{""trend"": 0.0, ""mean_rev"": 0.0, ""breakout"": -1.0, ""confidence"": 1.0, ""strategy"": ""squeeze"", ""atr"": 0.0013101952723716343, ""slot"": ""XLM/USDT:USDT:squeeze"", ""entry_fee_rate"": 0.0001, ""intended_entry"": 0.11882, ""sl0"": 0.12144039054474326}",2024-01-05 07:00:00+00:00,2024-01-07 08:00:00+00:00,-0.5095598761317103,squeeze
DOGE/USDT:USDT,short,0.08204974470000001,0.0800519212,0.08423801857909236,662166.122,2024-01-05T12:00:00+00:00,2024-01-07T13:00:00+00:00,1312.1572162875989,max_hold,"{""trend"": 0.0, ""mean_rev"": 0.0, ""breakout"": -0.9199999999999999, ""confidence"": 0.9199999999999999, ""strategy"": ""squeeze"", ""atr"": 0.0010290092895461741, ""slot"": ""DOGE/USDT:USDT:squeeze"", ""entry_fee_rate"": 0.0001, ""intended_entry"": 0.08218, ""sl0"": 0.08423801857909236}",2024-01-05 12:00:00+00:00,2024-01-07 13:00:00+00:00,0.9129677592407534,squeeze
XLM/USDT:USDT,short,0.11814244695000001,0.11346861965398433,0.12027455213840627,488494.89,2024-01-07T13:00:00+00:00,2024-01-08T04:00:00+00:00,2271.826668595825,tp_hit,"{""trend"": 0.0, ""mean_rev"": 0.0, ""breakout"": -0.96, ""confidence"": 0.96, ""strategy"": ""squeeze"", ""atr"": 0.0009722760692031333, ""slot"": ""XLM/USDT:USDT:squeeze"", ""entry_fee_rate"": 0.0001, ""intended_entry"": 0.11833, ""sl0"": 0.12027455213840627}",2024-01-07 13:00:00+00:00,2024-01-08 04:00:00+00:00,2.1921185321580436,squeeze
LTC/USDT:USDT,long,65.02,63.6247575397113,63.62628457054099,879.764,2024-01-07T16:00:00+00:00,2024-01-08T03:00:00+00:00,-1233.0815649526437,sl_hit,"{""trend"": 0.0, ""mean_rev"": 0.6152704086446527, ""breakout"": 0.0, ""confidence"": 0.6152704086446527, ""strategy"": ""mean_rev"", ""atr"": 0.46457180981966834, ""slot"": ""LTC/USDT:USDT"", ""entry_fee_rate"": 0.0, ""intended_entry"": 65.02, ""sl0"": 63.62628457054099}",2024-01-07 16:00:00+00:00,2024-01-08 03:00:00+00:00,-1.001095654677716,mean_rev
DOGE/USDT:USDT,short,0.07990315245000001,0.07621978438523419,0.08155408624590633,726212.513,2024-01-07T19:00:00+00:00,2024-01-08T04:00:00+00:00,2663.57013558793,tp_hit,"{""trend"": 0.0, ""mean_rev"": 0.0, ""breakout"": -1.0, ""confidence"": 1.0, ""strategy"": ""squeeze"", ""atr"": 0.0007620431229531634, ""slot"": ""DOGE/USDT:USDT:squeeze"", ""entry_fee_rate"": 0.0001, ""intended_entry"": 0.08003, ""sl0"": 0.08155408624590633}",2024-01-07 19:00:00+00:00,2024-01-08 04:00:00+00:00,2.2310816302259715,squeeze
XRP/USDT:USDT,short,0.548928567,0.5591254144606479,0.5591119957727493,113020.063,2024-01-07T23:00:00+00:00,2024-01-08T02:00:00+00:00,-1164.9715754830195,sl_hit,"{""trend"": 0.0, ""mean_rev"": 0.0, ""breakout"": -1.0, ""confidence"": 1.0, ""strategy"": ""squeeze"", ""atr"": 0.004655997886374674, ""slot"": ""XRP/USDT:USDT:squeeze"", ""entry_fee_rate"": 0.0001, ""intended_entry"": 0.5498, ""sl0"": 0.5591119957727493}",2024-01-07 23:00:00+00:00,2024-01-08 02:00:00+00:00,-1.001317698409648,squeeze
ADA/USDT:USDT,short,0.47324871,0.5093325603712923,0.5093203366832119,42043.854,2024-01-08T04:00:00+00:00,2024-01-08T14:00:00+00:00,-1521.2352871159196,sl_hit,"{""trend"": 0.0, ""mean_rev"": 0.0, ""breakout"": -0.8, ""confidence"": 0.8, ""strategy"": ""donchian"", ""atr"": 0.01766016834160596, ""slot"": ""ADA/USDT:USDT:donchian"", ""entry_fee_rate"": 0.0001, ""intended_entry"": 0.474, ""sl0"": 0.5093203366832119, ""max_hold"": 120}",2024-01-08 04:00:00+00:00,2024-01-08 14:00:00+00:00,-1.0003388726598819,donchian
BNB/USDT:USDT,short,302.85,306.0937985838898,306.0864525090296,192.647,2024-01-09T05:00:00+00:00,2024-01-09T10:00:00+00:00,-630.8048709921916,sl_hit,"{""trend"": 0.0, ""mean_rev"": 0.0, ""breakout"": -0.7, ""confidence"": 0.7, ""strategy"": ""ifvg"", ""atr"": 2.9881750300985703, ""slot"": ""BNB/USDT:USDT:ifvg"", ""entry_fee_rate"": 0.0, ""intended_entry"": 302.85, ""sl0"": 306.0864525090296, ""max_hold"": 24}",2024-01-09 05:00:00+00:00,2024-01-09 10:00:00+00:00,-1.0022697922616548,ifvg
DOGE/USDT:USDT,long,0.07999659394999999,0.07655442329759266,0.0765562606478482,404154.636,2024-01-10T04:00:00+00:00,2024-01-10T14:00:00+00:00,-1397.4963090126803,sl_hit,"{""trend"": 0.0, ""mean_rev"": 0.0, ""breakout"": 0.8, ""confidence"": 0.8, ""strategy"": ""squeeze"", ""atr"": 0.0016568696760758915, ""slot"": ""DOGE/USDT:USDT:squeeze"", ""entry_fee_rate"": 0.0001, ""intended_entry"": 0.07987, ""sl0"": 0.0765562606478482}",2024-01-10 04:00:00+00:00,2024-01-10 14:00:00+00:00,-1.0005340617010574,squeeze
DOGE/USDT:USDT,short,0.07694784405,0.07981335850134698,0.07981144302671433,470683.045,2024-01-10T15:00:00+00:00,2024-01-10T23:00:00+00:00,-1356.1275514669708,sl_hit,"{""trend"": 0.0, ""mean_rev"": 0.0, ""breakout"": -0.84, ""confidence"": 0.84, ""strategy"": ""squeeze"", ""atr"": 0.0013707215133571644, ""slot"": ""DOGE/USDT:USDT:squeeze"", ""entry_fee_rate"": 0.0001, ""intended_entry"": 0.07707, ""sl0"": 0.07981144302671433}",2024-01-10 15:00:00+00:00,2024-01-10 23:00:00+00:00,-1.000668904636515,squeeze
ETH/USDT:USDT,long,2454.29389985,2667.547701200884,2341.8411493995577,11.667,2024-01-10T16:00:00+00:00,2024-01-11T16:00:00+00:00,2482.0564477648204,tp_hit,"{""trend"": 0.0, ""mean_rev"": 0.0, ""breakout"": 0.8, ""confidence"": 0.8, ""strategy"": ""donchian"", ""atr"": 54.28442530022102, ""slot"": ""ETH/USDT:USDT:donchian"", ""entry_fee_rate"": 0.0001, ""intended_entry"": 2450.41, ""sl0"": 2341.8411493995577, ""max_hold"": 120}",2024-01-10 16:00:00+00:00,2024-01-11 16:00:00+00:00,1.8963858197925092,donchian
XRP/USDT:USDT,short,0.577882602,0.5827139848,0.5954627136891328,79804.423,2024-01-12T18:00:00+00:00,2024-01-14T19:00:00+00:00,-394.8277907406636,max_hold,"{""trend"": 0.0, ""mean_rev"": 0.0, ""breakout"": -0.88, ""confidence"": 0.88, ""strategy"": ""squeeze"", ""atr"": 0.008331356844566446, ""slot"": ""XRP/USDT:USDT:squeeze"", ""entry_fee_rate"": 0.0001, ""intended_entry"": 0.5788, ""sl0"": 0.5954627136891328}",2024-01-12 18:00:00+00:00,2024-01-14 19:00:00+00:00,-0.27482093887870895,squeeze
BNB/USDT:USDT,short,298.21,303.6407182455856,303.6334310432406,193.025,2024-01-13T06:00:00+00:00,2024-01-14T07:00:00+00:00,-1054.1254143181034,sl_hit,"{""trend"": 0.0, ""mean_rev"": 0.0, ""breakout"": -0.7, ""confidence"": 0.7, ""strategy"": ""ifvg"", ""atr"": 3.2447701441352756, ""slot"": ""BNB/USDT:USDT:ifvg"", ""entry_fee_rate"": 0.0, ""intended_entry"": 298.21, ""sl0"": 303.6334310432406, ""max_hold"": 24}",2024-01-13 06:00:00+00:00,2024-01-14 07:00:00+00:00,-1.001343651700727,ifvg
DOGE/USDT:USDT,long,0.08269085759999999,0.08103250475961966,0.08103444958640973,674149.141,2024-01-14T09:00:00+00:00,2024-01-14T20:00:00+00:00,-1129.0145392269417,sl_hit,"{""trend"": 0.0, ""mean_rev"": 0.0, ""breakout"": 1.0, ""confidence"": 1.0, ""strategy"": ""squeeze"", ""atr"": 0.0007627752067951279, ""slot"": ""DOGE/USDT:USDT:squeeze"", ""entry_fee_rate"": 0.0001, ""intended_entry"": 0.08256, ""sl0"": 0.08103444958640973}",2024-01-14 09:00:00+00:00,2024-01-14 20:00:00+00:00,-1.0011741230265212,squeeze
LTC/USDT:USDT,long,70.45,68.67473775791548,68.67638599117927,784.522,2024-01-14T20:00:00+00:00,2024-01-16T16:00:00+00:00,-1398.1199689461657,sl_hit,"{""trend"": 0.0, ""mean_rev"": 0.6968191314264475, ""breakout"": 0.0, ""confidence"": 0.6968191314264475, ""strategy"": ""mean_rev"", ""atr"": 0.5912046696069084, ""slot"": ""LTC/USDT:USDT"", ""entry_fee_rate"": 0.0, ""intended_entry"": 70.45, ""sl0"": 68.67638599117927}",2024-01-14 20:00:00+00:00,2024-01-16 16:00:00+00:00,-1.0009293077612131,mean_rev
BNB/USDT:USDT,short,302.77,304.948738222149,304.94141962807794,172.89,2024-01-15T01:00:00+00:00,2024-01-15T03:00:00+00:00,-381.9543099624696,sl_hit,"{""trend"": 0.0, ""mean_rev"": 0.0, ""breakout"": -0.7, ""confidence"": 0.7, ""strategy"": ""ifvg"", ""atr"": 2.4047320935930454, ""slot"": ""BNB/USDT:USDT:ifvg"", ""entry_fee_rate"": 0.0, ""intended_entry"": 302.77, ""sl0"": 304.94141962807794, ""max_hold"": 24}",2024-01-15 01:00:00+00:00,2024-01-15 03:00:00+00:00,-1.0033704190458839,ifvg
XRP/USDT:USDT,short,0.56909655,0.5536296512240806,0.5765481395103678,88513.292,2024-01-17T10:00:00+00:00,2024-01-18T18:00:00+00:00,1359.0885084789006,tp_hit,"{""trend"": 0.0, ""mean_rev"": 0.0, ""breakout"": -1.0, ""confidence"": 1.0, ""strategy"": ""squeeze"", ""atr"": 0.003274069755183882, ""slot"": ""XRP/USDT:USDT:squeeze"", ""entry_fee_rate"": 0.0001, ""intended_entry"": 0.57, ""sl0"": 0.5765481395103678}",2024-01-17 10:00:00+00:00,2024-01-18 18:00:00+00:00,2.0756509405677352,squeeze
XLM/USDT:USDT,short,0.11776304925,0.11916202012980558,0.11915916030995813,427745.459,2024-01-17T11:00:00+00:00,2024-01-17T19:00:00+00:00,-608.5378033651167,sl_hit,"{""trend"": 0.0, ""mean_rev"": 0.0, ""breakout"": -1.0, ""confidence"": 1.0, ""strategy"": ""squeeze"", ""atr"": 0.0006045801549790614, ""slot"": ""XLM/USDT:USDT:squeeze"", ""entry_fee_rate"": 0.0001, ""intended_entry"": 0.11795, ""sl0"": 0.11915916030995813}",2024-01-17 11:00:00+00:00,2024-01-17 19:00:00+00:00,-1.0020484185889433,squeeze
DOGE/USDT:USDT,short,0.0785353239,0.07549228230140398,0.0799270870794384,641268.086,2024-01-18T17:00:00+00:00,2024-01-19T18:00:00+00:00,1941.528162728054,tp_hit,"{""trend"": 0.0, ""mean_rev"": 0.0, ""breakout"": -1.0, ""confidence"": 1.0, ""strategy"": ""squeeze"", ""atr"": 0.0006335435397192024, ""slot"": ""DOGE/USDT:USDT:squeeze"", ""entry_fee_rate"": 0.0001, ""intended_entry"": 0.07866, ""sl0"": 0.0799270870794384}",2024-01-18 17:00:00+00:00,2024-01-19 18:00:00+00:00,2.1864650851188183,squeeze
BCH/USDT:USDT,short,234.6674616,224.13537912,245.87192608181616,111.718,2024-01-18T20:00:00+00:00,2024-01-23T21:00:00+00:00,1171.4975369246827,max_hold,"{""trend"": 0.0, ""mean_rev"": 0.0, ""breakout"": -0.8, ""confidence"": 0.8, ""strategy"": ""donchian"", ""atr"": 5.415963040908083, ""slot"": ""BCH/USDT:USDT:donchian"", ""entry_fee_rate"": 0.0001, ""intended_entry"": 235.04, ""sl0"": 245.87192608181616, ""max_hold"": 120}",2024-01-18 20:00:00+00:00,2024-01-23 21:00:00+00:00,0.9399898136222941,donchian
LTC/USDT:USDT,long,70.68,72.65168913279625,69.49722307570713,758.448,2024-01-21T17:00:00+00:00,2024-01-22T02:00:00+00:00,1489.9134265591056,tp_hit,"{""trend"": 0.0, ""mean_rev"": 0.6645751311065664, ""breakout"": 0.0, ""confidence"": 0.6645751311065664, ""strategy"": ""mean_rev"", ""atr"": 0.3942589747642949, ""slot"": ""LTC/USDT:USDT"", ""entry_fee_rate"": 0.0, ""intended_entry"": 70.68, ""sl0"": 69.49722307570713}",2024-01-21 17:00:00+00:00,2024-01-22 02:00:00+00:00,1.6670000000000087,mean_rev
ETH/USDT:USDT,short,2377.226115,2261.2770984025483,2440.861450798726,22.167,2024-01-22T12:00:00+00:00,2024-01-23T10:00:00+00:00,2559.9596808425617,tp_hit,"{""trend"": 0.0, ""mean_rev"": 0.0, ""breakout"": -0.8, ""confidence"": 0.8, ""strategy"": ""donchian"", ""atr"": 29.930725399362885, ""slot"": ""ETH/USDT:USDT:donchian"", ""entry_fee_rate"": 0.0001, ""intended_entry"": 2381.0, ""sl0"": 2440.861450798726, ""max_hold"": 120}",2024-01-22 12:00:00+00:00,2024-01-23 10:00:00+00:00,1.8220854049421569,donchian
SOL/USDT:USDT,short,83.53838146500001,89.37741260713004,89.37526760070762,239.604,2024-01-22T20:00:00+00:00,2024-01-25T01:00:00+00:00,-1403.1983493712087,sl_hit,"{""trend"": 0.0, ""mean_rev"": 0.0, ""breakout"": -0.8, ""confidence"": 0.8, ""strategy"": ""donchian"", ""atr"": 2.852133800353803, ""slot"": ""SOL/USDT:USDT:donchian"", ""entry_fee_rate"": 0.0001, ""intended_entry"": 83.671, ""sl0"": 89.37526760070762, ""max_hold"": 120}",2024-01-22 20:00:00+00:00,2024-01-25 01:00:00+00:00,-1.000367491565289,donchian
XRP/USDT:USDT,short,0.512386578,0.5113122712,0.524065879529508,119143.665,2024-01-23T09:00:00+00:00,2024-01-25T10:00:00+00:00,115.80012621142258,max_hold,"{""trend"": 0.0, ""mean_rev"": 0.0, ""breakout"": -0.84, ""confidence"": 0.84, ""strategy"": ""squeeze"", ""atr"": 0.005432939764753991, ""slot"": ""XRP/USDT:USDT:squeeze"", ""entry_fee_rate"": 0.0001, ""intended_entry"": 0.5132, ""sl0"": 0.524065879529508}",2024-01-23 09:00:00+00:00,2024-01-25 10:00:00+00:00,0.09198382260152452,squeeze
XLM/USDT:USDT,short,0.10865750445,0.11103549776037329,0.11103283297238195,704369.292,2024-01-23T10:00:00+00:00,2024-01-24T01:00:00+00:00,-1690.4599648507992,sl_hit,"{""trend"": 0.0, ""mean_rev"": 0.0, ""breakout"": -1.0, ""confidence"": 1.0, ""strategy"": ""squeeze"", ""atr"": 0.001101416486190977, ""slot"": ""XLM/USDT:USDT:squeeze"", ""entry_fee_rate"": 0.0001, ""intended_entry"": 0.10883, ""sl0"": 0.11103283297238195}",2024-01-23 10:00:00+00:00,2024-01-24 01:00:00+00:00,-1.0011218608147163,squeeze
ADA/USDT:USDT,short,0.4577732775,0.4833405603321661,0.4833289604371156,61002.1,2024-01-23T12:00:00+00:00,2024-01-25T13:00:00+00:00,-1565.3989361007607,sl_hit,"{""trend"": 0.0, ""mean_rev"": 0.0, ""breakout"": -0.8, ""confidence"": 0.8, ""strategy"": ""donchian"", ""atr"": 0.012414480218557787, ""slot"": ""ADA/USDT:USDT:donchian"", ""entry_fee_rate"": 0.0001, ""intended_entry"": 0.4585, ""sl0"": 0.4833289604371156, ""max_hold"": 120}",2024-01-23 12:00:00+00:00,2024-01-25 13:00:00+00:00,-1.000453906674263,donchian
ETH/USDT:USDT,short,2214.7640262000004,2302.1294152208666,2302.0741654408957,18.06,2024-01-23T12:00:00+00:00,2024-01-28T06:00:00+00:00,-1585.9764352720483,sl_hit,"{""trend"": 0.0, ""mean_rev"": 0.0, ""breakout"": -0.8, ""confidence"": 0.8, ""strategy"": ""donchian"", ""atr"": 41.897082720447884, ""slot"": ""ETH/USDT:USDT:donchian"", ""entry_fee_rate"": 0.0001, ""intended_entry"": 2218.28, ""sl0"": 2302.0741654408957, ""max_hold"": 120}",2024-01-23 12:00:00+00:00,2024-01-28 06:00:00+00:00,-1.0006327991279271,donchian
NEAR/USDT:USDT,short,2.50402482,2.7110373765654643,2.710972313229947,7456.029,2024-01-23T12:00:00+00:00,2024-01-25T02:00:00+00:00,-1547.3799906136805,sl_hit,"{""trend"": 0.0, ""mean_rev"": 0.0, ""breakout"": -0.8, ""confidence"": 0.8, ""strategy"": ""donchian"", ""atr"": 0.10148615661497337, ""slot"": ""NEAR/USDT:USDT:donchian"", ""entry_fee_rate"": 0.0001, ""intended_entry"": 2.508, ""sl0"": 2.710972313229947, ""max_hold"": 120}",2024-01-23 12:00:00+00:00,2024-01-25 02:00:00+00:00,-1.00031439537876,donchian
LTC/USDT:USDT,short,68.03,68.13163512,69.10087996676516,761.375,2024-01-27T19:00:00+00:00,2024-01-29T20:00:00+00:00,-82.56981185894703,max_hold,"{""trend"": 0.0, ""mean_rev"": -0.7507332039595637, ""breakout"": 0.0, ""confidence"": 0.7507332039595637, ""strategy"": ""mean_rev"", ""atr"": 0.3569599889217198, ""slot"": ""LTC/USDT:USDT"", ""entry_fee_rate"": 0.0, ""intended_entry"": 68.03, ""sl0"": 69.10087996676516}",2024-01-27 19:00:00+00:00,2024-01-29 20:00:00+00:00,-0.09490804119439228,mean_rev
DOGE/USDT:USDT,long,0.08025700605,0.07924331463865343,0.07924521652385,644964.424,2024-01-28T00:00:00+00:00,2024-01-28T16:00:00+00:00,-664.0821004789617,sl_hit,"{""trend"": 0.0, ""mean_rev"": 0.0, ""breakout"": 0.9199999999999999, ""confidence"": 0.9199999999999999, ""strategy"": ""squeeze"", ""atr"": 0.00044239173807500523, ""slot"": ""DOGE/USDT:USDT:squeeze"", ""entry_fee_rate"": 0.0001, ""intended_entry"": 0.08013, ""sl0"": 0.07924521652385}",2024-01-28 00:00:00+00:00,2024-01-28 16:00:00+00:00,-1.001879724139668,squeeze
ETH/USDT:USDT,long,2377.51239375,2311.917639784953,2311.973127140004,18.767,2024-01-30T20:00:00+00:00,2024-01-31T11:00:00+00:00,-1239.817401005971,sl_hit,"{""trend"": 0.0, ""mean_rev"": 0.0, ""breakout"": 0.8, ""confidence"": 0.8, ""strategy"": ""donchian"", ""atr"": 30.888436429997807, ""slot"": ""ETH/USDT:USDT:donchian"", ""entry_fee_rate"": 0.0001, ""intended_entry"": 2373.75, ""sl0"": 2311.973127140004, ""max_hold"": 120}",2024-01-30 20:00:00+00:00,2024-01-31 11:00:00+00:00,-1.0008466276466221,donchian
DOGE/USDT:USDT,short,0.07980331095000001,0.07927190247999999,0.08139653221539511,609127.965,2024-01-31T01:00:00+00:00,2024-02-02T02:00:00+00:00,314.00604381102136,max_hold,"{""trend"": 0.0, ""mean_rev"": 0.0, ""breakout"": -1.0, ""confidence"": 1.0, ""strategy"": ""squeeze"", ""atr"": 0.0007332661076975566, ""slot"": ""DOGE/USDT:USDT:squeeze"", ""entry_fee_rate"": 0.0001, ""intended_entry"": 0.07993, ""sl0"": 0.08139653221539511}",2024-01-31 01:00:00+00:00,2024-02-02 02:00:00+00:00,0.33354342020299294,squeeze
BNB/USDT:USDT,short,306.5,302.8099783932792,306.5,158.666,2024-01-31T10:00:00+00:00,2024-01-31T11:00:00+00:00,580.6764034487861,tp_hit,"{""trend"": 0.0, ""mean_rev"": 0.0, ""breakout"": -0.7, ""confidence"": 0.7, ""strategy"": ""ifvg"", ""atr"": 1.4833693445346992, ""slot"": ""BNB/USDT:USDT:ifvg"", ""entry_fee_rate"": 0.0, ""intended_entry"": 306.5, ""sl0"": 308.34501080336037, ""max_hold"": 24}",2024-01-31 10:00:00+00:00,2024-01-31 11:00:00+00:00,,ifvg
XRP/USDT:USDT,short,0.49970670749999996,0.5115041301430193,0.5114918543385152,98749.217,2024-02-01T01:00:00+00:00,2024-02-03T00:00:00+00:00,-1174.971876460149,sl_hit,"{""trend"": 0.0, ""mean_rev"": 0.0, ""breakout"": -1.0, ""confidence"": 1.0, ""strategy"": ""squeeze"", ""atr"": 0.005495927169257595, ""slot"": ""XRP/USDT:USDT:squeeze"", ""entry_fee_rate"": 0.0001, ""intended_entry"": 0.5005, ""sl0"": 0.5114918543385152}",2024-02-01 01:00:00+00:00,2024-02-03 00:00:00+00:00,-1.00104163356404,squeeze
BNB/USDT:USDT,long,303.25,301.28557961489514,301.29281064235056,156.332,2024-02-03T02:00:00+00:00,2024-02-03T14:00:00+00:00,-311.81182536744836,sl_hit,"{""trend"": 0.0, ""mean_rev"": 0.0, ""breakout"": 0.7, ""confidence"": 0.7, ""strategy"": ""ifvg"", ""atr"": 1.2239645254982743, ""slot"": ""BNB/USDT:USDT:ifvg"", ""entry_fee_rate"": 0.0, ""intended_entry"": 303.25, ""sl0"": 301.29281064235056, ""max_hold"": 24}",2024-02-03 02:00:00+00:00,2024-02-03 14:00:00+00:00,-1.0036945977797993,ifvg
ICP/USDT:USDT,long,13.4613024,12.568342069450685,12.56864371689989,1258.314,2024-02-03T12:00:00+00:00,2024-02-04T06:00:00+00:00,-1126.8998319799236,sl_hit,"{""trend"": 0.0, ""mean_rev"": 0.0, ""breakout"": 0.8, ""confidence"": 0.8, ""strategy"": ""donchian"", ""atr"": 0.4356781415500547, ""slot"": ""ICP/USDT:USDT:donchian"", ""entry_fee_rate"": 0.0001, ""intended_entry"": 13.44, ""sl0"": 12.56864371689989, ""max_hold"": 120}",2024-02-03 12:00:00+00:00,2024-02-04 06:00:00+00:00,-1.0003379202543106,donchian
XLM/USDT:USDT,long,0.11167672749999999,0.11016222122103272,0.110164865177797,421437.545,2024-02-03T12:00:00+00:00,2024-02-04T06:00:00+00:00,-647.6189342884865,sl_hit,"{""trend"": 0.0, ""mean_rev"": 0.0, ""breakout"": 1.0, ""confidence"": 1.0, ""strategy"": ""squeeze"", ""atr"": 0.0006675674111014993, ""slot"": ""XLM/USDT:USDT:squeeze"", ""entry_fee_rate"": 0.0001, ""intended_entry"": 0.1115, ""sl0"": 0.110164865177797}",2024-02-03 12:00:00+00:00,2024-02-04 06:00:00+00:00,-1.0017488078943741,squeeze
LTC/USDT:USDT,short,68.52,66.97033020553818,69.44961595348639,678.976,2024-02-03T16:00:00+00:00,2024-02-04T21:00:00+00:00,1047.6414736723455,tp_hit,"{""trend"": 0.0, ""mean_rev"": -0.6026866170322684, ""breakout"": 0.0, ""confidence"": 0.6026866170322684, ""strategy"": ""mean_rev"", ""atr"": 0.3098719844954649, ""slot"": ""LTC/USDT:USDT"", ""entry_fee_rate"": 0.0, ""intended_entry"": 68.52, ""sl0"": 69.44961595348639}",2024-02-03 16:00:00+00:00,2024-02-04 21:00:00+00:00,1.6670000000000083,mean_rev
DOGE/USDT:USDT,short,0.0784554507,0.07918301670278387,0.07918111635599132,570737.295,2024-02-04T07:00:00+00:00,2024-02-04T14:00:00+00:00,-424.2460676101691,sl_hit,"{""trend"": 0.0, ""mean_rev"": 0.0, ""breakout"": -1.0, ""confidence"": 1.0, ""strategy"": ""squeeze"", ""atr"": 0.00030055817799566083, ""slot"": ""DOGE/USDT:USDT:squeeze"", ""entry_fee_rate"": 0.0001, ""intended_entry"": 0.07858, ""sl0"": 0.07918111635599132}",2024-02-04 07:00:00+00:00,2024-02-04 14:00:00+00:00,-1.002618763581909,squeeze
XLM/USDT:USDT,short,0.10807842375,0.10960807863011553,0.10960544809936114,417674.733,2024-02-05T03:00:00+00:00,2024-02-05T12:00:00+00:00,-647.9904088103318,sl_hit,"{""trend"": 0.0, ""mean_rev"": 0.0, ""breakout"": -0.84, ""confidence"": 0.84, ""strategy"": ""squeeze"", ""atr"": 0.0006777240496805666, ""slot"": ""XLM/USDT:USDT:squeeze"", ""entry_fee_rate"": 0.0001, ""intended_entry"": 0.10825, ""sl0"": 0.10960544809936114}",2024-02-05 03:00:00+00:00,2024-02-05 12:00:00+00:00,-1.0017226514793225,squeeze
BNB/USDT:USDT,short,301.75,303.06407488109284,303.0568015178564,146.615,2024-02-06T13:00:00+00:00,2024-02-06T15:00:00+00:00,-197.10646262529528,sl_hit,"{""trend"": 0.0, ""mean_rev"": 0.0, ""breakout"": -0.7, ""confidence"": 0.7, ""strategy"": ""ifvg"", ""atr"": 1.2560050595213255, ""slot"": ""BNB/USDT:USDT:ifvg"", ""entry_fee_rate"": 0.0, ""intended_entry"": 301.75, ""sl0"": 303.0568015178564, ""max_hold"": 24}",2024-02-06 13:00:00+00:00,2024-02-06 15:00:00+00:00,-1.0055657750140716,ifvg
ETH/USDT:USDT,long,2381.6289081,2492.078636597775,2320.7506817011126,17.955,2024-02-06T20:00:00+00:00,2024-02-09T13:00:00+00:00,1974.3741332810475,tp_hit,"{""trend"": 0.0, ""mean_rev"": 0.0, ""breakout"": 0.8, ""confidence"": 0.8, ""strategy"": ""donchian"", ""atr"": 28.554659149443765, ""slot"": ""ETH/USDT:USDT:donchian"", ""entry_fee_rate"": 0.0001, ""intended_entry"": 2377.86, ""sl0"": 2320.7506817011126, ""max_hold"": 120}",2024-02-06 20:00:00+00:00,2024-02-09 13:00:00+00:00,1.8142730994507712,donchian
XLM/USDT:USDT,short,0.10715988195,0.10844505469262777,0.108442452073778,404533.727,2024-02-07T08:00:00+00:00,2024-02-07T20:00:00+00:00,-528.6176662719917,sl_hit,"{""trend"": 0.0, ""mean_rev"": 0.0, ""breakout"": -1.0, ""confidence"": 1.0, ""strategy"": ""squeeze"", ""atr"": 0.0005562260368890037, ""slot"": ""XLM/USDT:USDT:squeeze"", ""entry_fee_rate"": 0.0001, ""intended_entry"": 0.10733, ""sl0"": 0.108442452073778}",2024-02-07 08:00:00+00:00,2024-02-07 20:00:00+00:00,-1.0020292214838913,squeeze
ADA/USDT:USDT,short,0.47484617400000007,0.4927148082532215,0.49270298338162033,58880.907,2024-02-07T12:00:00+00:00,2024-02-07T19:00:00+00:00,-1057.818478502234,sl_hit,"{""trend"": 0.0, ""mean_rev"": 0.0, ""breakout"": -0.8, ""confidence"": 0.8, ""strategy"": ""donchian"", ""atr"": 0.008551491690810153, ""slot"": ""ADA/USDT:USDT:donchian"", ""entry_fee_rate"": 0.0001, ""intended_entry"": 0.4756, ""sl0"": 0.49270298338162033, ""max_hold"": 120}",2024-02-07 12:00:00+00:00,2024-02-07 19:00:00+00:00,-1.0006622051761018,donchian
BNB/USDT:USDT,long,311.62314104999996,322.74397565964995,305.32301217017505,138.105,2024-02-08T04:00:00+00:00,2024-02-09T05:00:00+00:00,1527.081936700393,tp_hit,"{""trend"": 0.0, ""mean_rev"": 0.0, ""breakout"": 0.8, ""confidence"": 0.8, ""strategy"": ""donchian"", ""atr"": 2.903493914912485, ""slot"": ""BNB/USDT:USDT:donchian"", ""entry_fee_rate"": 0.0001, ""intended_entry"": 311.13, ""sl0"": 305.32301217017505, ""max_hold"": 120}",2024-02-08 04:00:00+00:00,2024-02-09 05:00:00+00:00,1.7651757323985178,donchian
ADA/USDT:USDT,long,0.5285364045,0.55998656,0.5079878774395729,50776.49,2024-02-08T08:00:00+00:00,2024-02-13T09:00:00+00:00,1591.4013687020283,max_hold,"{""trend"": 0.0, ""mean_rev"": 0.0, ""breakout"": 0.8, ""confidence"": 0.8, ""strategy"": ""donchian"", ""atr"": 0.009856061280213557, ""slot"": ""ADA/USDT:USDT:donchian"", ""entry_fee_rate"": 0.0001, ""intended_entry"": 0.5277, ""sl0"": 0.5079878774395729, ""max_hold"": 120}",2024-02-08 08:00:00+00:00,2024-02-13 09:00:00+00:00,1.530530894380631,donchian
XLM/USDT:USDT,long,0.11065511079999998,0.11300663245731242,0.10946934701707503,402239.034,2024-02-09T02:00:00+00:00,2024-02-10T05:00:00+00:00,936.8772515123756,tp_hit,"{""trend"": 0.0, ""mean_rev"": 0.0, ""breakout"": 1.0, ""confidence"": 1.0, ""strategy"": ""squeeze"", ""atr"": 0.0005053264914624846, ""slot"": ""XLM/USDT:USDT:squeeze"", ""entry_fee_rate"": 0.0001, ""intended_entry"": 0.11048, ""sl0"": 0.10946934701707503}",2024-02-09 02:00:00+00:00,2024-02-10 05:00:00+00:00,1.9831282513215895,squeeze
DOGE/USDT:USDT,long,0.08096813139999999,0.08138804664,0.07998744665705813,566725.357,2024-02-09T03:00:00+00:00,2024-02-11T04:00:00+00:00,228.77547800266046,max_hold,"{""trend"": 0.0, ""mean_rev"": 0.0, ""breakout"": 1.0, ""confidence"": 1.0, ""strategy"": ""squeeze"", ""atr"": 0.0004262766714709335, ""slot"": ""DOGE/USDT:USDT:squeeze"", ""entry_fee_rate"": 0.0001, ""intended_entry"": 0.08084, ""sl0"": 0.07998744665705813}",2024-02-09 03:00:00+00:00,2024-02-11 04:00:00+00:00,0.428185757984112,squeeze
XRP/USDT:USDT,long,0.5234283209999999,0.5343871743999999,0.5165192120855506,91663.133,2024-02-09T10:00:00+00:00,2024-02-11T11:00:00+00:00,994.8265684872733,max_hold,"{""trend"": 0.0, ""mean_rev"": 0.0, ""breakout"": 1.0, ""confidence"": 1.0, ""strategy"": ""squeeze"", ""atr"": 0.003040393957224646, ""slot"": ""XRP/USDT:USDT:squeeze"", ""entry_fee_rate"": 0.0001, ""intended_entry"": 0.5226, ""sl0"": 0.5165192120855506}",2024-02-09 10:00:00+00:00,2024-02-11 11:00:00+00:00,1.586145700653429,squeeze
BCH/USDT:USDT,long,267.69362294999996,286.1930839411857,257.8084580294071,126.084,2024-02-11T04:00:00+00:00,2024-02-12T17:00:00+00:00,2325.5024144574963,tp_hit,"{""trend"": 0.0, ""mean_rev"": 0.0, ""breakout"": 0.8, ""confidence"": 0.8, ""strategy"": ""donchian"", ""atr"": 4.7307709852964255, ""slot"": ""BCH/USDT:USDT:donchian"", ""entry_fee_rate"": 0.0001, ""intended_entry"": 267.27, ""sl0"": 257.8084580294071, ""max_hold"": 120}",2024-02-11 04:00:00+00:00,2024-02-12 17:00:00+00:00,1.871436757989494,donchian
LTC/USDT:USDT,short,72.66,70.45901314850353,73.98032804528881,703.64,2024-02-11T04:00:00+00:00,2024-02-12T11:00:00+00:00,1543.7446101857922,tp_hit,"{""trend"": 0.0, ""mean_rev"": -0.871741748728738, ""breakout"": 0.0, ""confidence"": 0.871741748728738, ""strategy"": ""mean_rev"", ""atr"": 0.44010934842960825, ""slot"": ""LTC/USDT:USDT"", ""entry_fee_rate"": 0.0, ""intended_entry"": 72.66, ""sl0"": 73.98032804528881}",2024-02-11 04:00:00+00:00,2024-02-12 11:00:00+00:00,1.6670000000000054,mean_rev
ETH/USDT:USDT,long,2615.0382765,2761.155157392278,2535.7724213038614,17.968,2024-02-12T20:00:00+00:00,2024-02-14T12:00:00+00:00,2615.7681715104336,tp_hit,"{""trend"": 0.0, ""mean_rev"": 0.0, ""breakout"": 0.8, ""confidence"": 0.8, ""strategy"": ""donchian"", ""atr"": 37.563789348069406, ""slot"": ""ETH/USDT:USDT:donchian"", ""entry_fee_rate"": 0.0001, ""intended_entry"": 2610.9, ""sl0"": 2535.7724213038614, ""max_hold"": 120}",2024-02-12 20:00:00+00:00,2024-02-14 12:00:00+00:00,1.843377334802238,donchian
BNB/USDT:USDT,long,360.78093284999994,348.7188735181821,348.7272429720134,126.338,2024-02-15T16:00:00+00:00,2024-02-17T16:00:00+00:00,-1532.8601305168995,sl_hit,"{""trend"": 0.0, ""mean_rev"": 0.0, ""breakout"": 0.8, ""confidence"": 0.8, ""strategy"": ""donchian"", ""atr"": 5.741378513993272, ""slot"": ""BNB/USDT:USDT:donchian"", ""entry_fee_rate"": 0.0001, ""intended_entry"": 360.21, ""sl0"": 348.7272429720134, ""max_hold"": 120}",2024-02-15 16:00:00+00:00,2024-02-17 16:00:00+00:00,-1.0006943478649322,donchian
XLM/USDT:USDT,long,0.11769625335,0.11561602061021667,0.11561879546130774,529912.263,2024-02-16T03:00:00+00:00,2024-02-16T16:00:00+00:00,-1114.7043422132697,sl_hit,"{""trend"": 0.0, ""mean_rev"": 0.0, ""breakout"": 0.8, ""confidence"": 0.8, ""strategy"": ""squeeze"", ""atr"": 0.0009456022693461325, ""slot"": ""XLM/USDT:USDT:squeeze"", ""entry_fee_rate"": 0.0001, ""intended_entry"": 0.11751, ""sl0"": 0.11561879546130774}",2024-02-16 03:00:00+00:00,2024-02-16 16:00:00+00:00,-1.0013356954700132,squeeze
DOGE/USDT:USDT,short,0.08316796950000001,0.08475489489192273,0.08475286082326297,710858.733,2024-02-17T14:00:00+00:00,2024-02-18T19:00:00+00:00,-1140.01671693005,sl_hit,"{""trend"": 0.0, ""mean_rev"": 0.0, ""breakout"": -0.8, ""confidence"": 0.8, ""strategy"": ""squeeze"", ""atr"": 0.0007264304116314827, ""slot"": ""DOGE/USDT:USDT:squeeze"", ""entry_fee_rate"": 0.0001, ""intended_entry"": 0.0833, ""sl0"": 0.08475286082326297}",2024-02-17 14:00:00+00:00,2024-02-18 19:00:00+00:00,-1.0012834120736864,squeeze
LTC/USDT:USDT,long,69.34,70.83829984,67.99701184385476,853.973,2024-02-17T14:00:00+00:00,2024-02-19T15:00:00+00:00,1273.4582097213947,max_hold,"{""trend"": 0.0, ""mean_rev"": 0.68864624128562, ""breakout"": 0.0, ""confidence"": 0.68864624128562, ""strategy"": ""mean_rev"", ""atr"": 0.44766271871508156, ""slot"": ""LTC/USDT:USDT"", ""entry_fee_rate"": 0.0, ""intended_entry"": 69.34, ""sl0"": 67.99701184385476}",2024-02-17 14:00:00+00:00,2024-02-19 15:00:00+00:00,1.1156463540978288,mean_rev
NEAR/USDT:USDT,long,3.536596635,3.3217918563361066,3.3218715812540567,6543.032,2024-02-18T16:00:00+00:00,2024-02-20T17:00:00+00:00,-1409.9620060874959,sl_hit,"{""trend"": 0.0, ""mean_rev"": 0.0, ""breakout"": 0.8, ""confidence"": 0.8, ""strategy"": ""donchian"", ""atr"": 0.10456420937297181, ""slot"": ""NEAR/USDT:USDT:donchian"", ""entry_fee_rate"": 0.0001, ""intended_entry"": 3.531, ""sl0"": 3.3218715812540567, ""max_hold"": 120}",2024-02-18 16:00:00+00:00,2024-02-20 17:00:00+00:00,-1.000371288382791,donchian
ICP/USDT:USDT,long,14.485923854999998,13.59446358991123,13.594789864867987,1598.547,2024-02-19T08:00:00+00:00,2024-02-20T16:00:00+00:00,-1429.5299142877438,sl_hit,"{""trend"": 0.0, ""mean_rev"": 0.0, ""breakout"": 0.8, ""confidence"": 0.8, ""strategy"": ""donchian"", ""atr"": 0.4341050675660062, ""slot"": ""ICP/USDT:USDT:donchian"", ""entry_fee_rate"": 0.0001, ""intended_entry"": 14.463, ""sl0"": 13.594789864867987, ""max_hold"": 120}",2024-02-19 08:00:00+00:00,2024-02-20 16:00:00+00:00,-1.0003661345660364,donchian
BNB/USDT:USDT,long,370.02556239999996,396.581382409241,355.86930879537954,93.093,2024-02-21T16:00:00+00:00,2024-02-26T16:00:00+00:00,2465.0243780889614,tp_hit,"{""trend"": 0.0, ""mean_rev"": 0.0, ""breakout"": 0.8, ""confidence"": 0.8, ""strategy"": ""donchian"", ""atr"": 6.78534560231024, ""slot"": ""BNB/USDT:USDT:donchian"", ""entry_fee_rate"": 0.0001, ""intended_entry"": 369.44, ""sl0"": 355.86930879537954, ""max_hold"": 120}",2024-02-21 16:00:00+00:00,2024-02-26 16:00:00+00:00,1.8759073375581194,donchian
XRP/USDT:USDT,short,0.5380458435000001,0.5482420906379789,0.5482289331435835,102966.123,2024-02-23T03:00:00+00:00,2024-02-24T19:00:00+00:00,-1061.0531226515143,sl_hit,"{""trend"": 0.0, ""mean_rev"": 0.0, ""breakout"": -0.8, ""confidence"": 0.8, ""strategy"": ""squeeze"", ""atr"": 0.004664466571791714, ""slot"": ""XRP/USDT:USDT:squeeze"", ""entry_fee_rate"": 0.0001, ""intended_entry"": 0.5389, ""sl0"": 0.5482289331435835}",2024-02-23 03:00:00+00:00,2024-02-24 19:00:00+00:00,-1.0012920925628643,squeeze
LTC/USDT:USDT,short,70.6,70.77169848,71.78704825256895,769.644,2024-02-24T15:00:00+00:00,2024-02-26T16:00:00+00:00,-137.59360625161673,max_hold,"{""trend"": 0.0, ""mean_rev"": -0.7244119020275194, ""breakout"": 0.0, ""confidence"": 0.7244119020275194, ""strategy"": ""mean_rev"", ""atr"": 0.39568275085631655, ""slot"": ""LTC/USDT:USDT"", ""entry_fee_rate"": 0.0, ""intended_entry"": 70.6, ""sl0"": 71.78704825256895}",2024-02-24 15:00:00+00:00,2024-02-26 16:00:00+00:00,-0.14464321869681476,mean_rev
NEAR/USDT:USDT,long,3.83206421,3.556097491539011,3.5561828399271693,4708.973,2024-02-24T20:00:00+00:00,2024-02-28T19:00:00+00:00,-1302.9988915286162,sl_hit,"{""trend"": 0.0, ""mean_rev"": 0.0, ""breakout"": 0.8, ""confidence"": 0.8, ""strategy"": ""donchian"", ""atr"": 0.13490858003641545, ""slot"": ""NEAR/USDT:USDT:donchian"", ""entry_fee_rate"": 0.0001, ""intended_entry"": 3.826, ""sl0"": 3.5561828399271693, ""max_hold"": 120}",2024-02-24 20:00:00+00:00,2024-02-28 19:00:00+00:00,-1.0003093662617946,donchian
BCH/USDT:USDT,long,299.9146124,285.67353004492696,285.68038637419994,97.562,2024-02-27T04:00:00+00:00,2024-02-28T19:00:00+00:00,-1395.1015917609577,sl_hit,"{""trend"": 0.0, ""mean_rev"": 0.0, ""breakout"": 0.8, ""confidence"": 0.8, ""strategy"": ""donchian"", ""atr"": 6.879806812900027, ""slot"": ""BCH/USDT:USDT:donchian"", ""entry_fee_rate"": 0.0001, ""intended_entry"": 299.44, ""sl0"": 285.68038637419994, ""max_hold"": 120}",2024-02-27 04:00:00+00:00,2024-02-28 19:00:00+00:00,-1.0004816791064404,donchian
LTC/USDT:USDT,short,86.35,89.91491585349596,89.91275794730522,340.53,2024-03-02T01:00:00+00:00,2024-03-02T05:00:00+00:00,-1217.0226682205387,sl_hit,"{""trend"": 0.0, ""mean_rev"": -0.6110033162515868, ""breakout"": 0.0, ""confidence"": 0.6110033162515868, ""strategy"": ""mean_rev"", ""atr"": 1.1875859824350767, ""slot"": ""LTC/USDT:USDT"", ""entry_fee_rate"": 0.0, ""intended_entry"": 86.35, ""sl0"": 89.91275794730522}",2024-03-02 01:00:00+00:00,2024-03-02 05:00:00+00:00,-1.0006056841982105,mean_rev
BCH/USDT:USDT,long,404.15957919999994,469.3202755549923,370.6198622225038,36.122,2024-03-02T04:00:00+00:00,2024-03-02T22:00:00+00:00,2350.579489803688,tp_hit,"{""trend"": 0.0, ""mean_rev"": 0.0, ""breakout"": 0.8, ""confidence"": 0.8, ""strategy"": ""donchian"", ""atr"": 16.450068888748078, ""slot"": ""BCH/USDT:USDT:donchian"", ""entry_fee_rate"": 0.0001, ""intended_entry"": 403.52, ""sl0"": 370.6198622225038, ""max_hold"": 120}",2024-03-02 04:00:00+00:00,2024-03-02 22:00:00+00:00,1.9427920753986287,donchian
BCH/USDT:USDT,long,502.4551311,453.7024281661558,453.7133172857707,26.131,2024-03-03T00:00:00+00:00,2024-03-04T04:00:00+00:00,-1276.4554156824013,sl_hit,"{""trend"": 0.0, ""mean_rev"": 0.0, ""breakout"": 0.8, ""confidence"": 0.8, ""strategy"": ""donchian"", ""atr"": 23.973341357114666, ""slot"": ""BCH/USDT:USDT:donchian"", ""entry_fee_rate"": 0.0001, ""intended_entry"": 501.66, ""sl0"": 453.7133172857707, ""max_hold"": 120}",2024-03-03 00:00:00+00:00,2024-03-04 04:00:00+00:00,-1.0002234040706075,donchian
XRP/USDT:USDT,long,0.643818838,0.6240836460257249,0.6240986243927102,64606.325,2024-03-04T09:00:00+00:00,2024-03-05T07:00:00+00:00,-1283.2096786225354,sl_hit,"{""trend"": 0.0, ""mean_rev"": 0.0, ""breakout"": 0.8, ""confidence"": 0.8, ""strategy"": ""squeeze"", ""atr"": 0.009350687803644923, ""slot"": ""XRP/USDT:USDT:squeeze"", ""entry_fee_rate"": 0.0001, ""intended_entry"": 0.6428, ""sl0"": 0.6240986243927102}",2024-03-04 09:00:00+00:00,2024-03-05 07:00:00+00:00,-1.0007595438509778,squeeze
ETH/USDT:USDT,long,3568.7875768999997,3823.1602151952916,3433.129892402354,9.52,2024-03-04T16:00:00+00:00,2024-03-05T17:00:00+00:00,2414.5903822731034,tp_hit,"{""trend"": 0.0, ""mean_rev"": 0.0, ""breakout"": 0.8, ""confidence"": 0.8, ""strategy"": ""donchian"", ""atr"": 65.0050537988229, ""slot"": ""ETH/USDT:USDT:donchian"", ""entry_fee_rate"": 0.0001, ""intended_entry"": 3563.14, ""sl0"": 3433.129892402354, ""max_hold"": 120}",2024-03-04 16:00:00+00:00,2024-03-05 17:00:00+00:00,1.8751067382379385,donchian
ICP/USDT:USDT,long,16.10348363,14.76736393880545,14.767718364046187,915.61,2024-03-05T08:00:00+00:00,2024-03-05T18:00:00+00:00,-1226.191116128888,sl_hit,"{""trend"": 0.0, ""mean_rev"": 0.0, ""breakout"": 0.8, ""confidence"": 0.8, ""strategy"": ""donchian"", ""atr"": 0.6551408179769058, ""slot"": ""ICP/USDT:USDT:donchian"", ""entry_fee_rate"": 0.0001, ""intended_entry"": 16.078, ""sl0"": 14.767718364046187, ""max_hold"": 120}",2024-03-05 08:00:00+00:00,2024-03-05 18:00:00+00:00,-1.0002653349729704,donchian
BNB/USDT:USDT,long,402.17,434.39957416000004,402.17,63.93,2024-03-06T08:00:00+00:00,2024-03-07T09:00:00+00:00,2057.659559571197,max_hold,"{""trend"": 0.0, ""mean_rev"": 0.0, ""breakout"": 0.7, ""confidence"": 0.7, ""strategy"": ""ifvg"", ""atr"": 7.756910223229244, ""slot"": ""BNB/USDT:USDT:ifvg"", ""entry_fee_rate"": 0.0, ""intended_entry"": 402.17, ""sl0"": 383.3229269330312, ""max_hold"": 24}",2024-03-06 08:00:00+00:00,2024-03-07 09:00:00+00:00,,ifvg
NEAR/USDT:USDT,long,5.404552659999999,6.701955562115948,4.743022218942025,1922.387,2024-03-06T20:00:00+00:00,2024-03-11T05:00:00+00:00,2491.783133387814,tp_hit,"{""trend"": 0.0, ""mean_rev"": 0.0, ""breakout"": 0.8, ""confidence"": 0.8, ""strategy"": ""donchian"", ""atr"": 0.3264888905289871, ""slot"": ""NEAR/USDT:USDT:donchian"", ""entry_fee_rate"": 0.0001, ""intended_entry"": 5.396, ""sl0"": 4.743022218942025, ""max_hold"": 120}",2024-03-06 20:00:00+00:00,2024-03-11 05:00:00+00:00,1.9612142111571391,donchian
LTC/USDT:USDT,short,89.89,84.85674845895039,92.90934705521872,439.571,2024-03-09T17:00:00+00:00,2024-03-11T02:00:00+00:00,2208.7413565730326,tp_hit,"{""trend"": 0.0, ""mean_rev"": -0.6048729148648478, ""breakout"": 0.0, ""confidence"": 0.6048729148648478, ""strategy"": ""mean_rev"", ""atr"": 1.00644901840624, ""slot"": ""LTC/USDT:USDT"", ""entry_fee_rate"": 0.0, ""intended_entry"": 89.89, ""sl0"": 92.90934705521872}",2024-03-09 17:00:00+00:00,2024-03-11 02:00:00+00:00,1.6670000000000027,mean_rev
BNB/USDT:USDT,long,533.0836004,506.0969575991189,506.10910421762014,51.451,2024-03-10T12:00:00+00:00,2024-03-11T02:00:00+00:00,-1393.8364466370947,sl_hit,"{""trend"": 0.0, ""mean_rev"": 0.0, ""breakout"": 0.8, ""confidence"": 0.8, ""strategy"": ""donchian"", ""atr"": 13.06544789118994, ""slot"": ""BNB/USDT:USDT:donchian"", ""entry_fee_rate"": 0.0001, ""intended_entry"": 532.24, ""sl0"": 506.10910421762014, ""max_hold"": 120}",2024-03-10 12:00:00+00:00,2024-03-11 02:00:00+00:00,-1.0004503001064078,donchian
XRP/USDT:USDT,short,0.6088334670000001,0.6212114583420809,0.6211965496248899,94225.113,2024-03-10T15:00:00+00:00,2024-03-11T09:00:00+00:00,-1177.9077451291323,sl_hit,"{""trend"": 0.0, ""mean_rev"": 0.0, ""breakout"": -1.0, ""confidence"": 1.0, ""strategy"": ""squeeze"", ""atr"": 0.005698274812444937, ""slot"": ""XRP/USDT:USDT:squeeze"", ""entry_fee_rate"": 0.0001, ""intended_entry"": 0.6098, ""sl0"": 0.6211965496248899}",2024-03-10 15:00:00+00:00,2024-03-11 09:00:00+00:00,-1.0012059061354968,squeeze
NEAR/USDT:USDT,long,6.83882238,8.22329840423591,6.130350797882046,1986.45,2024-03-11T08:00:00+00:00,2024-03-13T02:00:00+00:00,2747.20038336024,tp_hit,"{""trend"": 0.0, ""mean_rev"": 0.0, ""breakout"": 0.8, ""confidence"": 0.8, ""strategy"": ""donchian"", ""atr"": 0.34882460105897733, ""slot"": ""NEAR/USDT:USDT:donchian"", ""entry_fee_rate"": 0.0001, ""intended_entry"": 6.828, ""sl0"": 6.130350797882046, ""max_hold"": 120}",2024-03-11 08:00:00+00:00,2024-03-13 02:00:00+00:00,1.954172981924076,donchian
XLM/USDT:USDT,long,0.15267160155,0.14846171141808168,0.1484652745846717,365116.382,2024-03-13T07:00:00+00:00,2024-03-13T15:00:00+00:00,-1548.0947241565818,sl_hit,"{""trend"": 0.0, ""mean_rev"": 0.0, ""breakout"": 0.9199999999999999, ""confidence"": 0.9199999999999999, ""strategy"": ""squeeze"", ""atr"": 0.0019823627076641466, ""slot"": ""XLM/USDT:USDT:squeeze"", ""entry_fee_rate"": 0.0001, ""intended_entry"": 0.15243, ""sl0"": 0.1484652745846717}",2024-03-13 07:00:00+00:00,2024-03-13 15:00:00+00:00,-1.000847096913626,squeeze
BNB/USDT:USDT,long,594.2604122,558.7332159354122,558.7466258544328,41.688,2024-03-13T12:00:00+00:00,2024-03-15T11:00:00+00:00,-1485.8643577151079,sl_hit,"{""trend"": 0.0, ""mean_rev"": 0.0, ""breakout"": 0.8, ""confidence"": 0.8, ""strategy"": ""donchian"", ""atr"": 17.286687072783646, ""slot"": ""BNB/USDT:USDT:donchian"", ""entry_fee_rate"": 0.0001, ""intended_entry"": 593.32, ""sl0"": 558.7466258544328, ""max_hold"": 120}",2024-03-13 12:00:00+00:00,2024-03-15 11:00:00+00:00,-1.000377597558595,donchian
XLM/USDT:USDT,short,0.14396145885000003,0.1331013180727533,0.1486254727708987,314027.95,2024-03-14T14:00:00+00:00,2024-03-15T05:00:00+00:00,3401.6871994043613,tp_hit,"{""trend"": 0.0, ""mean_rev"": 0.0, ""breakout"": -0.96, ""confidence"": 0.96, ""strategy"": ""squeeze"", ""atr"": 0.002217736385449343, ""slot"": ""XLM/USDT:USDT:squeeze"", ""entry_fee_rate"": 0.0001, ""intended_entry"": 0.14419, ""sl0"": 0.1486254727708987}",2024-03-14 14:00:00+00:00,2024-03-15 05:00:00+00:00,2.3284966471871527,squeeze
XRP/USDT:USDT,short,0.651166263,0.6077145848000001,0.6804932761741673,49956.053,2024-03-14T20:00:00+00:00,2024-03-16T21:00:00+00:00,2164.385467262804,max_hold,"{""trend"": 0.0, ""mean_rev"": 0.0, ""breakout"": -1.0, ""confidence"": 1.0, ""strategy"": ""squeeze"", ""atr"": 0.014146638087083665, ""slot"": ""XRP/USDT:USDT:squeeze"", ""entry_fee_rate"": 0.0001, ""intended_entry"": 0.6522, ""sl0"": 0.6804932761741673}",2024-03-14 20:00:00+00:00,2024-03-16 21:00:00+00:00,1.4816264425548238,squeeze
BNB/USDT:USDT,long,600.62,583.523171215089,583.5371761073155,86.379,2024-03-15T20:00:00+00:00,2024-03-15T22:00:00+00:00,-1481.847388412471,sl_hit,"{""trend"": 0.0, ""mean_rev"": 0.0, ""breakout"": 0.7, ""confidence"": 0.7, ""strategy"": ""ifvg"", ""atr"": 15.142746308948261, ""slot"": ""BNB/USDT:USDT:ifvg"", ""entry_fee_rate"": 0.0, ""intended_entry"": 600.62, ""sl0"": 583.5371761073155, ""max_hold"": 24}",2024-03-15 20:00:00+00:00,2024-03-15 22:00:00+00:00,-1.0008198230172343,ifvg
DOGE/USDT:USDT,short,0.15149949210000002,0.15882783287347718,0.15882402109697086,205817.358,2024-03-16T14:00:00+00:00,2024-03-17T19:00:00+00:00,-1514.6868115348705,sl_hit,"{""trend"": 0.0, ""mean_rev"": 0.0, ""breakout"": -1.0, ""confidence"": 1.0, ""strategy"": ""squeeze"", ""atr"": 0.003542010548485429, ""slot"": ""DOGE/USDT:USDT:squeeze"", ""entry_fee_rate"": 0.0001, ""intended_entry"": 0.15174, ""sl0"": 0.15882402109697086}",2024-03-16 14:00:00+00:00,2024-03-17 19:00:00+00:00,-1.000520412508149,squeeze
XRP/USDT:USDT,short,0.6111298215000001,0.6264845373440374,0.6264695020759876,99608.982,2024-03-18T12:00:00+00:00,2024-03-19T00:00:00+00:00,-1541.795364763136,sl_hit,"{""trend"": 0.0, ""mean_rev"": 0.0, ""breakout"": -0.96, ""confidence"": 0.96, ""strategy"": ""squeeze"", ""atr"": 0.007184751037993803, ""slot"": ""XRP/USDT:USDT:squeeze"", ""entry_fee_rate"": 0.0001, ""intended_entry"": 0.6121, ""sl0"": 0.6264695020759876}",2024-03-18 12:00:00+00:00,2024-03-19 00:00:00+00:00,-1.0009801552239188,squeeze
XLM/USDT:USDT,short,0.12858586785,0.132269868226526,0.1322666938258742,410219.031,2024-03-18T14:00:00+00:00,2024-03-19T01:00:00+00:00,-1521.9478633905405,sl_hit,"{""trend"": 0.0, ""mean_rev"": 0.0, ""breakout"": -1.0, ""confidence"": 1.0, ""strategy"": ""squeeze"", ""atr"": 0.0017383469129371096, ""slot"": ""XLM/USDT:USDT:squeeze"", ""entry_fee_rate"": 0.0001, ""intended_entry"": 0.12879, ""sl0"": 0.1322666938258742}",2024-03-18 14:00:00+00:00,2024-03-19 01:00:00+00:00,-1.0008624153036896,squeeze
DOGE/USDT:USDT,long,0.1636189256,0.15495302494365895,0.1549567439055127,157569.928,2024-03-22T07:00:00+00:00,2024-03-22T14:00:00+00:00,-1370.5050784058092,sl_hit,"{""trend"": 0.0, ""mean_rev"": 0.0, ""breakout"": 1.0, ""confidence"": 1.0, ""strategy"": ""squeeze"", ""atr"": 0.004201628047243652, ""slot"": ""DOGE/USDT:USDT:squeeze"", ""entry_fee_rate"": 0.0001, ""intended_entry"": 0.16336, ""sl0"": 0.1549567439055127}",2024-03-22 07:00:00+00:00,2024-03-22 14:00:00+00:00,-1.0004293331616578,squeeze
BNB/USDT:USDT,short,555.01,535.5510113041552,555.01,98.541,2024-03-22T15:00:00+00:00,2024-03-22T22:00:00+00:00,1912.2308318567523,tp_hit,"{""trend"": 0.0, ""mean_rev"": 0.0, ""breakout"": -0.7, ""confidence"": 0.7, ""strategy"": ""ifvg"", ""atr"": 9.431647826408025, ""slot"": ""BNB/USDT:USDT:ifvg"", ""entry_fee_rate"": 0.0, ""intended_entry"": 555.01, ""sl0"": 564.7394943479223, ""max_hold"": 24}",2024-03-22 15:00:00+00:00,2024-03-22 22:00:00+00:00,,ifvg
LTC/USDT:USDT,short,88.04,91.04217064670054,91.03998568704405,447.689,2024-03-24T06:00:00+00:00,2024-03-25T16:00:00+00:00,-1348.1146324841807,sl_hit,"{""trend"": 0.0, ""mean_rev"": -0.6346073839799866, ""breakout"": 0.0, ""confidence"": 0.6346073839799866, ""strategy"": ""mean_rev"", ""atr"": 0.9999952290146839, ""slot"": ""LTC/USDT:USDT"", ""entry_fee_rate"": 0.0, ""intended_entry"": 88.04, ""sl0"": 91.03998568704405}",2024-03-24 06:00:00+00:00,2024-03-25 16:00:00+00:00,-1.0007283233603164,mean_rev
BCH/USDT:USDT,long,481.95268615,559.1424515843661,442.2137742078169,33.682,2024-03-24T16:00:00+00:00,2024-03-28T09:00:00+00:00,2596.3990627174026,tp_hit,"{""trend"": 0.0, ""mean_rev"": 0.0, ""breakout"": 0.8, ""confidence"": 0.8, ""strategy"": ""donchian"", ""atr"": 19.48811289609153, ""slot"": ""BCH/USDT:USDT:donchian"", ""entry_fee_rate"": 0.0001, ""intended_entry"": 481.19, ""sl0"": 442.2137742078169, ""max_hold"": 120}",2024-03-24 16:00:00+00:00,2024-03-28 09:00:00+00:00,1.9424227202463686,donchian
ICP/USDT:USDT,long,16.89673895,19.70659217850046,15.451703910749771,928.408,2024-03-25T04:00:00+00:00,2024-03-26T05:00:00+00:00,2605.2919336210216,tp_hit,"{""trend"": 0.0, ""mean_rev"": 0.0, ""breakout"": 0.8, ""confidence"": 0.8, ""strategy"": ""donchian"", ""atr"": 0.7091480446251147, ""slot"": ""ICP/USDT:USDT:donchian"", ""entry_fee_rate"": 0.0001, ""intended_entry"": 16.87, ""sl0"": 15.451703910749771, ""max_hold"": 120}",2024-03-25 04:00:00+00:00,2024-03-26 05:00:00+00:00,1.9444879550868073,donchian
BNB/USDT:USDT,long,608.0622535,584.3493187612904,584.363343481534,65.002,2024-03-29T08:00:00+00:00,2024-04-01T07:00:00+00:00,-1549.1390975876127,sl_hit,"{""trend"": 0.0, ""mean_rev"": 0.0, ""breakout"": 0.8, ""confidence"": 0.8, ""strategy"": ""donchian"", ""atr"": 11.368328259233012, ""slot"": ""BNB/USDT:USDT:donchian"", ""entry_fee_rate"": 0.0001, ""intended_entry"": 607.1, ""sl0"": 584.363343481534, ""max_hold"": 120}",2024-03-29 08:00:00+00:00,2024-04-01 07:00:00+00:00,-1.0005917875646033,donchian
XLM/USDT:USDT,long,0.14127356425,0.14130660856,0.13798293578219373,449709.67,2024-03-29T09:00:00+00:00,2024-03-31T10:00:00+00:00,2.1524421191758893,max_hold,"{""trend"": 0.0, ""mean_rev"": 0.0, ""breakout"": 0.9199999999999999, ""confidence"": 0.9199999999999999, ""strategy"": ""squeeze"", ""atr"": 0.0015335321089031408, ""slot"": ""XLM/USDT:USDT:squeeze"", ""entry_fee_rate"": 0.0001, ""intended_entry"": 0.14105, ""sl0"": 0.13798293578219373}",2024-03-29 09:00:00+00:00,2024-03-31 10:00:00+00:00,0.010041944972903356,squeeze
BCH/USDT:USDT,long,638.74080205,606.79543656,586.7292960778332,29.971,2024-03-29T12:00:00+00:00,2024-04-03T13:00:00+00:00,-961.1675457615272,max_hold,"{""trend"": 0.0, ""mean_rev"": 0.0, ""breakout"": 0.8, ""confidence"": 0.8, ""strategy"": ""donchian"", ""atr"": 25.500351961083425, ""slot"": ""BCH/USDT:USDT:donchian"", ""entry_fee_rate"": 0.0001, ""intended_entry"": 637.73, ""sl0"": 586.7292960778332, ""max_hold"": 120}",2024-03-29 12:00:00+00:00,2024-04-03 13:00:00+00:00,-0.6141980489296941,donchian
LTC/USDT:USDT,short,105.92,109.18324493535579,109.18062460036538,465.943,2024-03-31T21:00:00+00:00,2024-04-01T03:00:00+00:00,-1525.5734517839724,sl_hit,"{""trend"": 0.0, ""mean_rev"": -0.7820847653311018, ""breakout"": 0.0, ""confidence"": 0.7820847653311018, ""strategy"": ""mean_rev"", ""atr"": 1.0868748667884565, ""slot"": ""LTC/USDT:USDT"", ""entry_fee_rate"": 0.0, ""intended_entry"": 105.92, ""sl0"": 109.18062460036538}",2024-03-31 21:00:00+00:00,2024-04-01 03:00:00+00:00,-1.0008036297677805,mean_rev
DOGE/USDT:USDT,short,0.1765796769,0.18572614485175437,0.18572168753125362,150846.615,2024-04-03T19:00:00+00:00,2024-04-04T15:00:00+00:00,-1385.1789904087332,sl_hit,"{""trend"": 0.0, ""mean_rev"": 0.0, ""breakout"": -1.0, ""confidence"": 1.0, ""strategy"": ""squeeze"", ""atr"": 0.004430843765626815, ""slot"": ""DOGE/USDT:USDT:squeeze"", ""entry_fee_rate"": 0.0001, ""intended_entry"": 0.17686, ""sl0"": 0.18572168753125362}",2024-04-03 19:00:00+00:00,2024-04-04 15:00:00+00:00,-1.0004875645720113,squeeze
XLM/USDT:USDT,short,0.1265191488,0.1294920255488595,0.12948891781483193,453666.105,2024-04-03T20:00:00+00:00,2024-04-04T15:00:00+00:00,-1360.3077745304793,sl_hit,"{""trend"": 0.0, ""mean_rev"": 0.0, ""breakout"": -1.0, ""confidence"": 1.0, ""strategy"": ""squeeze"", ""atr"": 0.001384458907415973, ""slot"": ""XLM/USDT:USDT:squeeze"", ""entry_fee_rate"": 0.0001, ""intended_entry"": 0.12672, ""sl0"": 0.12948891781483193}",2024-04-03 20:00:00+00:00,2024-04-04 15:00:00+00:00,-1.0010464564792891,squeeze
XRP/USDT:USDT,short,0.570893697,0.5844747892185876,0.5844607621602957,103134.052,2024-04-03T21:00:00+00:00,2024-04-04T15:00:00+00:00,-1412.5888544422926,sl_hit,"{""trend"": 0.0, ""mean_rev"": 0.0, ""breakout"": -1.0, ""confidence"": 1.0, ""strategy"": ""squeeze"", ""atr"": 0.006330381080147877, ""slot"": ""XRP/USDT:USDT:squeeze"", ""entry_fee_rate"": 0.0001, ""intended_entry"": 0.5718, ""sl0"": 0.5844607621602957}",2024-04-03 21:00:00+00:00,2024-04-04 15:00:00+00:00,-1.0010339051317414,squeeze
NEAR/USDT:USDT,long,7.42374802,6.818811013020453,6.818974668412495,2008.721,2024-04-05T20:00:00+00:00,2024-04-10T14:00:00+00:00,-1218.0106023392982,sl_hit,"{""trend"": 0.0, ""mean_rev"": 0.0, ""breakout"": 0.8, ""confidence"": 0.8, ""strategy"": ""donchian"", ""atr"": 0.2965126657937526, ""slot"": ""NEAR/USDT:USDT:donchian"", ""entry_fee_rate"": 0.0001, ""intended_entry"": 7.412, ""sl0"": 6.818974668412495, ""max_hold"": 120}",2024-04-05 20:00:00+00:00,2024-04-10 14:00:00+00:00,-1.000270606156194,donchian
LTC/USDT:USDT,short,100.44,104.10526914333965,104.1027706768434,318.914,2024-04-06T09:00:00+00:00,2024-04-07T03:00:00+00:00,-1172.225706359381,sl_hit,"{""trend"": 0.0, ""mean_rev"": -0.62138170991458, ""breakout"": 0.0, ""confidence"": 0.62138170991458, ""strategy"": ""mean_rev"", ""atr"": 1.2209235589478014, ""slot"": ""LTC/USDT:USDT"", ""entry_fee_rate"": 0.0, ""intended_entry"": 100.44, ""sl0"": 104.1027706768434}",2024-04-06 09:00:00+00:00,2024-04-07 03:00:00+00:00,-1.0006821247401714,mean_rev
XRP/USDT:USDT,long,0.5962435505,0.6126783955199208,0.5883486417920318,80706.203,2024-04-07T04:00:00+00:00,2024-04-08T15:00:00+00:00,1316.6371884526002,tp_hit,"{""trend"": 0.0, ""mean_rev"": 0.0, ""breakout"": 1.0, ""confidence"": 1.0, ""strategy"": ""squeeze"", ""atr"": 0.0034756791039841353, ""slot"": ""XRP/USDT:USDT:squeeze"", ""entry_fee_rate"": 0.0001, ""intended_entry"": 0.5953, ""sl0"": 0.5883486417920318}",2024-04-07 04:00:00+00:00,2024-04-08 15:00:00+00:00,2.081701717884771,squeeze
LTC/USDT:USDT,long,101.0,97.90506424216225,97.90741402009874,359.055,2024-04-07T20:00:00+00:00,2024-04-09T16:00:00+00:00,-1114.7674888145789,sl_hit,"{""trend"": 0.0, ""mean_rev"": 0.6031111149952713, ""breakout"": 0.0, ""confidence"": 0.6031111149952713, ""strategy"": ""mean_rev"", ""atr"": 1.0308619933004184, ""slot"": ""LTC/USDT:USDT"", ""entry_fee_rate"": 0.0, ""intended_entry"": 101.0, ""sl0"": 97.90741402009874}",2024-04-07 20:00:00+00:00,2024-04-09 16:00:00+00:00,-1.0007598100592057,mean_rev
ETH/USDT:USDT,long,3641.9433452999997,3506.0077129527967,3506.091859157417,9.555,2024-04-08T12:00:00+00:00,2024-04-09T16:00:00+00:00,-1305.6948343136846,sl_hit,"{""trend"": 0.0, ""mean_rev"": 0.0, ""breakout"": 0.8, ""confidence"": 0.8, ""strategy"": ""donchian"", ""atr"": 65.04407042129151, ""slot"": ""ETH/USDT:USDT:donchian"", ""entry_fee_rate"": 0.0001, ""intended_entry"": 3636.18, ""sl0"": 3506.091859157417, ""max_hold"": 120}",2024-04-08 12:00:00+00:00,2024-04-09 16:00:00+00:00,-1.0006193984843992,donchian
BNB/USDT:USDT,short,584.49,575.5856341219535,584.49,89.712,2024-04-09T03:00:00+00:00,2024-04-09T08:00:00+00:00,793.6647778104746,tp_hit,"{""trend"": 0.0, ""mean_rev"": 0.0, ""breakout"": -0.7, ""confidence"": 0.7, ""strategy"": ""ifvg"", ""atr"": 3.87394313007765, ""slot"": ""BNB/USDT:USDT:ifvg"", ""entry_fee_rate"": 0.0, ""intended_entry"": 584.49, ""sl0"": 588.9421829390233, ""max_hold"": 24}",2024-04-09 03:00:00+00:00,2024-04-09 08:00:00+00:00,,ifvg
DOGE/USDT:USDT,long,0.19746248274999997,0.19347535648,0.1893021737644094,139746.855,2024-04-10T17:00:00+00:00,2024-04-12T18:00:00+00:00,-562.6515900736662,max_hold,"{""trend"": 0.0, ""mean_rev"": 0.0, ""breakout"": 0.9199999999999999, ""confidence"": 0.9199999999999999, ""strategy"": ""squeeze"", ""atr"": 0.003923913117795297, ""slot"": ""DOGE/USDT:USDT:squeeze"", ""entry_fee_rate"": 0.0001, ""intended_entry"": 0.19715, ""sl0"": 0.1893021737644094}",2024-04-10 17:00:00+00:00,2024-04-12 18:00:00+00:00,-0.4885999141748692,squeeze
BNB/USDT:USDT,long,607.4012074,586.4178295767315,586.4319039424262,53.475,2024-04-10T20:00:00+00:00,2024-04-12T20:00:00+00:00,-1128.4700763995154,sl_hit,"{""trend"": 0.0, ""mean_rev"": 0.0, ""breakout"": 0.8, ""confidence"": 0.8, ""strategy"": ""donchian"", ""atr"": 10.004048028786935, ""slot"": ""BNB/USDT:USDT:donchian"", ""entry_fee_rate"": 0.0001, ""intended_entry"": 606.44, ""sl0"": 586.4319039424262, ""max_hold"": 120}",2024-04-10 20:00:00+00:00,2024-04-12 20:00:00+00:00,-1.0006711889941007,donchian
XLM/USDT:USDT,long,0.1311876033,0.12932600848488932,0.12932911238358652,364921.255,2024-04-12T04:00:00+00:00,2024-04-12T14:00:00+00:00,-688.8422116474004,sl_hit,"{""trend"": 0.0, ""mean_rev"": 0.0, ""breakout"": 1.0, ""confidence"": 1.0, ""strategy"": ""squeeze"", ""atr"": 0.0008254438082067529, ""slot"": ""XLM/USDT:USDT:squeeze"", ""entry_fee_rate"": 0.0001, ""intended_entry"": 0.13098, ""sl0"": 0.12932911238358652}",2024-04-12 04:00:00+00:00,2024-04-12 14:00:00+00:00,-1.001670117765867,squeeze
XRP/USDT:USDT,short,0.5955545475,0.572805601363148,0.6059777594547409,75937.959,2024-04-12T14:00:00+00:00,2024-04-12T19:00:00+00:00,1718.636250525321,tp_hit,"{""trend"": 0.0, ""mean_rev"": 0.0, ""breakout"": -1.0, ""confidence"": 1.0, ""strategy"": ""squeeze"", ""atr"": 0.004738879727370409, ""slot"": ""XRP/USDT:USDT:squeeze"", ""entry_fee_rate"": 0.0001, ""intended_entry"": 0.5965, ""sl0"": 0.6059777594547409}",2024-04-12 14:00:00+00:00,2024-04-12 19:00:00+00:00,2.1825274431366704,squeeze
ADA/USDT:USDT,short,0.4813358715,0.3989886854120234,0.5236556572939882,25834.33,2024-04-12T20:00:00+00:00,2024-04-13T22:00:00+00:00,2125.1101204571596,tp_hit,"{""trend"": 0.0, ""mean_rev"": 0.0, ""breakout"": -0.8, ""confidence"": 0.8, ""strategy"": ""donchian"", ""atr"": 0.020777828646994137, ""slot"": ""ADA/USDT:USDT:donchian"", ""entry_fee_rate"": 0.0001, ""intended_entry"": 0.4821, ""sl0"": 0.5236556572939882, ""max_hold"": 120}",2024-04-12 20:00:00+00:00,2024-04-13 22:00:00+00:00,1.945831826485155,donchian
BCH/USDT:USDT,short,527.53253355,465.7111768,576.0125771781841,22.533,2024-04-12T20:00:00+00:00,2024-04-17T21:00:00+00:00,1390.78255559522,max_hold,"{""trend"": 0.0, ""mean_rev"": 0.0, ""breakout"": -0.8, ""confidence"": 0.8, ""strategy"": ""donchian"", ""atr"": 23.82128858909205, ""slot"": ""BCH/USDT:USDT:donchian"", ""entry_fee_rate"": 0.0001, ""intended_entry"": 528.37, ""sl0"": 576.0125771781841, ""max_hold"": 120}",2024-04-12 20:00:00+00:00,2024-04-17 21:00:00+00:00,1.275191854696682,donchian
ETH/USDT:USDT,short,3200.8785534000003,2852.266323914585,3382.8068380427076,6.07,2024-04-12T20:00:00+00:00,2024-04-13T22:00:00+00:00,2112.4019740359413,tp_hit,"{""trend"": 0.0, ""mean_rev"": 0.0, ""breakout"": -0.8, ""confidence"": 0.8, ""strategy"": ""donchian"", ""atr"": 88.42341902135382, ""slot"": ""ETH/USDT:USDT:donchian"", ""entry_fee_rate"": 0.0001, ""intended_entry"": 3205.96, ""sl0"": 3382.8068380427076, ""max_hold"": 120}",2024-04-12 20:00:00+00:00,2024-04-13 22:00:00+00:00,1.9162068733295772,donchian
ICP/USDT:USDT,short,13.345813305000002,10.756990453667278,14.672004773166362,822.65,2024-04-12T20:00:00+00:00,2024-04-13T22:00:00+00:00,2127.7123014976582,tp_hit,"{""trend"": 0.0, ""mean_rev"": 0.0, ""breakout"": -0.8, ""confidence"": 0.8, ""strategy"": ""donchian"", ""atr"": 0.6525023865831807, ""slot"": ""ICP/USDT:USDT:donchian"", ""entry_fee_rate"": 0.0001, ""intended_entry"": 13.367, ""sl0"": 14.672004773166362, ""max_hold"": 120}",2024-04-12 20:00:00+00:00,2024-04-13 22:00:00+00:00,1.952073221306515,donchian
SOL/USDT:USDT,short,149.088319875,125.23696770185202,161.36901614907399,89.136,2024-04-12T20:00:00+00:00,2024-04-13T22:00:00+00:00,2123.5689014223726,tp_hit,"{""trend"": 0.0, ""mean_rev"": 0.0, ""breakout"": -0.8, ""confidence"": 0.8, ""strategy"": ""donchian"", ""atr"": 6.022008074536993, ""slot"": ""SOL/USDT:USDT:donchian"", ""entry_fee_rate"": 0.0001, ""intended_entry"": 149.325, ""sl0"": 161.36901614907399, ""max_hold"": 120}",2024-04-12 20:00:00+00:00,2024-04-13 22:00:00+00:00,1.9421824008058088,donchian
BNB/USDT:USDT,short,550.9,534.54282872,550.9,83.461,2024-04-15T20:00:00+00:00,2024-04-16T21:00:00+00:00,1360.724524297299,max_hold,"{""trend"": 0.0, ""mean_rev"": 0.0, ""breakout"": -0.7, ""confidence"": 0.7, ""strategy"": ""ifvg"", ""atr"": 9.222434365634763, ""slot"": ""BNB/USDT:USDT:ifvg"", ""entry_fee_rate"": 0.0, ""intended_entry"": 550.9, ""sl0"": 567.5267303096904, ""max_hold"": 24}",2024-04-15 20:00:00+00:00,2024-04-16 21:00:00+00:00,,ifvg
DOGE/USDT:USDT,short,0.15007175865,0.15049361176,0.15928206448178178,164109.089,2024-04-16T15:00:00+00:00,2024-04-18T16:00:00+00:00,-74.16248048621152,max_hold,"{""trend"": 0.0, ""mean_rev"": 0.0, ""breakout"": -0.9199999999999999, ""confidence"": 0.9199999999999999, ""strategy"": ""squeeze"", ""atr"": 0.004486032240890896, ""slot"": ""DOGE/USDT:USDT:squeeze"", ""entry_fee_rate"": 0.0001, ""intended_entry"": 0.15031, ""sl0"": 0.15928206448178178}",2024-04-16 15:00:00+00:00,2024-04-18 16:00:00+00:00,-0.04580229122732606,squeeze
XRP/USDT:USDT,short,0.4853295315,0.4994565186100351,0.4994445319412685,110921.512,2024-04-17T15:00:00+00:00,2024-04-17T20:00:00+00:00,-1577.9101660170718,sl_hit,"{""trend"": 0.0, ""mean_rev"": 0.0, ""breakout"": -0.8, ""confidence"": 0.8, ""strategy"": ""squeeze"", ""atr"": 0.006672265970634248, ""slot"": ""XRP/USDT:USDT:squeeze"", ""entry_fee_rate"": 0.0001, ""intended_entry"": 0.4861, ""sl0"": 0.4994445319412685}",2024-04-17 15:00:00+00:00,2024-04-17 20:00:00+00:00,-1.0008492149055532,squeeze
BNB/USDT:USDT,short,542.71,550.1894546971001,550.176250467089,113.194,2024-04-18T12:00:00+00:00,2024-04-18T16:00:00+00:00,-852.8572094970466,sl_hit,"{""trend"": 0.0, ""mean_rev"": 0.0, ""breakout"": -0.7, ""confidence"": 0.7, ""strategy"": ""ifvg"", ""atr"": 7.187501556963131, ""slot"": ""BNB/USDT:USDT:ifvg"", ""entry_fee_rate"": 0.0, ""intended_entry"": 542.71, ""sl0"": 550.176250467089, ""max_hold"": 24}",2024-04-18 12:00:00+00:00,2024-04-18 16:00:00+00:00,-1.0017685222414365,ifvg
LTC/USDT:USDT,short,82.62,85.25400874195485,85.25196269485016,524.057,2024-04-20T07:00:00+00:00,2024-04-20T19:00:00+00:00,-1384.8385152885578,sl_hit,"{""trend"": 0.0, ""mean_rev"": -0.6168421334554002, ""breakout"": 0.0, ""confidence"": 0.6168421334554002, ""strategy"": ""mean_rev"", ""atr"": 0.8773208982833859, ""slot"": ""LTC/USDT:USDT"", ""entry_fee_rate"": 0.0, ""intended_entry"": 82.62, ""sl0"": 85.25196269485016}",2024-04-20 07:00:00+00:00,2024-04-20 19:00:00+00:00,-1.0007773845384238,mean_rev
LTC/USDT:USDT,long,83.89,84.52797128,81.72613623728333,615.025,2024-04-21T14:00:00+00:00,2024-04-23T15:00:00+00:00,387.16960492835307,max_hold,"{""trend"": 0.0, ""mean_rev"": 0.6666548931322881, ""breakout"": 0.0, ""confidence"": 0.6666548931322881, ""strategy"": ""mean_rev"", ""atr"": 0.7212879209055578, ""slot"": ""LTC/USDT:USDT"", ""entry_fee_rate"": 0.0, ""intended_entry"": 83.89, ""sl0"": 81.72613623728333}",2024-04-21 14:00:00+00:00,2024-04-23 15:00:00+00:00,0.29482968890751526,mean_rev
BNB/USDT:USDT,long,603.5851685499999,593.21576248,578.1161697465031,55.72,2024-04-22T08:00:00+00:00,2024-04-27T08:00:00+00:00,-584.4518810080974,max_hold,"{""trend"": 0.0, ""mean_rev"": 0.0, ""breakout"": 0.8, ""confidence"": 0.8, ""strategy"": ""donchian"", ""atr"": 12.256915126748444, ""slot"": ""BNB/USDT:USDT:donchian"", ""entry_fee_rate"": 0.0001, ""intended_entry"": 602.63, ""sl0"": 578.1161697465031, ""max_hold"": 120}",2024-04-22 08:00:00+00:00,2024-04-27 08:00:00+00:00,-0.4071383468978879,donchian
NEAR/USDT:USDT,long,7.151316899999999,6.636918253175902,6.637077543036935,2694.638,2024-04-22T20:00:00+00:00,2024-04-25T12:00:00+00:00,-1389.8335711204602,sl_hit,"{""trend"": 0.0, ""mean_rev"": 0.0, ""breakout"": 0.8, ""confidence"": 0.8, ""strategy"": ""donchian"", ""atr"": 0.25146122848153246, ""slot"": ""NEAR/USDT:USDT:donchian"", ""entry_fee_rate"": 0.0001, ""intended_entry"": 7.14, ""sl0"": 6.637077543036935, ""max_hold"": 120}",2024-04-22 20:00:00+00:00,2024-04-25 12:00:00+00:00,-1.0003097582067109,donchian
XLM/USDT:USDT,long,0.11505206894999999,0.11304429082713709,0.11304700395523201,482022.158,2024-04-26T22:00:00+00:00,2024-04-27T02:00:00+00:00,-978.7882935247371,sl_hit,"{""trend"": 0.0, ""mean_rev"": 0.0, ""breakout"": 0.9199999999999999, ""confidence"": 0.9199999999999999, ""strategy"": ""squeeze"", ""atr"": 0.0009114980223839925, ""slot"": ""XLM/USDT:USDT:squeeze"", ""entry_fee_rate"": 0.0001, ""intended_entry"": 0.11487, ""sl0"": 0.11304700395523201}",2024-04-26 22:00:00+00:00,2024-04-27 02:00:00+00:00,-1.001353137230965,squeeze
DOGE/USDT:USDT,short,0.14399141129999998,0.14825300936673583,0.1482494513799027,304462.1,2024-04-27T02:00:00+00:00,2024-04-27T19:00:00+00:00,-1306.392831757283,sl_hit,"{""trend"": 0.0, ""mean_rev"": 0.0, ""breakout"": -1.0, ""confidence"": 1.0, ""strategy"": ""squeeze"", ""atr"": 0.0020147256899513523, ""slot"": ""DOGE/USDT:USDT:squeeze"", ""entry_fee_rate"": 0.0001, ""intended_entry"": 0.14422, ""sl0"": 0.1482494513799027}",2024-04-27 02:00:00+00:00,2024-04-27 19:00:00+00:00,-1.0008355926121795,squeeze
XRP/USDT:USDT,short,0.515581506,0.5011120264,0.5261115057658813,101837.015,2024-04-27T07:00:00+00:00,2024-04-29T08:00:00+00:00,1463.174907616452,max_hold,"{""trend"": 0.0, ""mean_rev"": 0.0, ""breakout"": -1.0, ""confidence"": 1.0, ""strategy"": ""squeeze"", ""atr"": 0.004855752882940669, ""slot"": ""XRP/USDT:USDT:squeeze"", ""entry_fee_rate"": 0.0001, ""intended_entry"": 0.5164, ""sl0"": 0.5261115057658813}",2024-04-27 07:00:00+00:00,2024-04-29 08:00:00+00:00,1.3741196506844338,squeeze
XLM/USDT:USDT,short,0.11213198865,0.11421697874222046,0.11421423760051805,506844.434,2024-04-27T08:00:00+00:00,2024-04-27T19:00:00+00:00,-1068.2379946135275,sl_hit,"{""trend"": 0.0, ""mean_rev"": 0.0, ""breakout"": -0.84, ""confidence"": 0.84, ""strategy"": ""squeeze"", ""atr"": 0.0009521188002590253, ""slot"": ""XLM/USDT:USDT:squeeze"", ""entry_fee_rate"": 0.0001, ""intended_entry"": 0.11231, ""sl0"": 0.11421423760051805}",2024-04-27 08:00:00+00:00,2024-04-27 19:00:00+00:00,-1.001316433225591,squeeze
DOGE/USDT:USDT,short,0.14635765485000002,0.14047640503795752,0.149035437984817,341426.499,2024-04-29T00:00:00+00:00,2024-04-29T08:00:00+00:00,1998.2212581839267,tp_hit,"{""trend"": 0.0, ""mean_rev"": 0.0, ""breakout"": -0.8, ""confidence"": 0.8, ""strategy"": ""squeeze"", ""atr"": 0.0012227189924084944, ""slot"": ""DOGE/USDT:USDT:squeeze"", ""entry_fee_rate"": 0.0001, ""intended_entry"": 0.14659, ""sl0"": 0.149035437984817}",2024-04-29 00:00:00+00:00,2024-04-29 08:00:00+00:00,2.196312963351479,squeeze
BCH/USDT:USDT,short,450.05552955,408.9883175143247,471.6608412428376,61.225,2024-04-29T12:00:00+00:00,2024-05-01T09:00:00+00:00,2509.08056093057,tp_hit,"{""trend"": 0.0, ""mean_rev"": 0.0, ""breakout"": -0.8, ""confidence"": 0.8, ""strategy"": ""donchian"", ""atr"": 10.445420621418814, ""slot"": ""BCH/USDT:USDT:donchian"", ""entry_fee_rate"": 0.0001, ""intended_entry"": 450.77, ""sl0"": 471.6608412428376, ""max_hold"": 120}",2024-04-29 12:00:00+00:00,2024-05-01 09:00:00+00:00,1.9007923893682865,donchian
BNB/USDT:USDT,long,591.89,591.87579464,591.89,90.066,2024-04-29T23:00:00+00:00,2024-04-30T04:00:00+00:00,-6.61020848576511,sl_hit,"{""trend"": 0.0, ""mean_rev"": 0.0, ""breakout"": 0.7, ""confidence"": 0.7, ""strategy"": ""ifvg"", ""atr"": 4.379651026964131, ""slot"": ""BNB/USDT:USDT:ifvg"", ""entry_fee_rate"": 0.0, ""intended_entry"": 591.89, ""sl0"": 586.1561046919107, ""max_hold"": 24}",2024-04-29 23:00:00+00:00,2024-04-30 04:00:00+00:00,,ifvg
BNB/USDT:USDT,short,567.1196883,589.3713284057442,589.3571838333322,61.134,2024-04-30T12:00:00+00:00,2024-05-03T22:00:00+00:00,-1367.4018584060932,sl_hit,"{""trend"": 0.0, ""mean_rev"": 0.0, ""breakout"": -0.8, ""confidence"": 0.8, ""strategy"": ""donchian"", ""atr"": 10.668591916666106, ""slot"": ""BNB/USDT:USDT:donchian"", ""entry_fee_rate"": 0.0001, ""intended_entry"": 568.02, ""sl0"": 589.3571838333322, ""max_hold"": 120}",2024-04-30 12:00:00+00:00,2024-05-03 22:00:00+00:00,-1.000636068589233,donchian
SOL/USDT:USDT,short,122.805045,131.28476015440796,131.28160939578245,159.969,2024-04-30T20:00:00+00:00,2024-05-01T20:00:00+00:00,-1360.5562027395608,sl_hit,"{""trend"": 0.0, ""mean_rev"": 0.0, ""breakout"": -0.8, ""confidence"": 0.8, ""strategy"": ""donchian"", ""atr"": 4.140804697891226, ""slot"": ""SOL/USDT:USDT:donchian"", ""entry_fee_rate"": 0.0001, ""intended_entry"": 123.0, ""sl0"": 131.28160939578245, ""max_hold"": 120}",2024-04-30 20:00:00+00:00,2024-05-01 20:00:00+00:00,-1.0003717023169287,donchian
XRP/USDT:USDT,long,0.5237287965,0.5333871983999999,0.5129901330083313,108864.005,2024-05-02T20:00:00+00:00,2024-05-04T21:00:00+00:00,1039.9441246381602,max_hold,"{""trend"": 0.0, ""mean_rev"": 0.0, ""breakout"": 0.88, ""confidence"": 0.88, ""strategy"": ""squeeze"", ""atr"": 0.004954933495834344, ""slot"": ""XRP/USDT:USDT:squeeze"", ""entry_fee_rate"": 0.0001, ""intended_entry"": 0.5229, ""sl0"": 0.5129901330083313}",2024-05-02 20:00:00+00:00,2024-05-04 21:00:00+00:00,0.8994044656947358,squeeze
LTC/USDT:USDT,long,80.98,83.91371315429994,79.22012408260352,692.005,2024-05-05T02:00:00+00:00,2024-05-06T09:00:00+00:00,2024.3373004341938,tp_hit,"{""trend"": 0.0, ""mean_rev"": 0.6315799578081163, ""breakout"": 0.0, ""confidence"": 0.6315799578081163, ""strategy"": ""mean_rev"", ""atr"": 0.5866253057988271, ""slot"": ""LTC/USDT:USDT"", ""entry_fee_rate"": 0.0, ""intended_entry"": 80.98, ""sl0"": 79.22012408260352}",2024-05-05 02:00:00+00:00,2024-05-06 09:00:00+00:00,1.666999999999998,mean_rev
DOGE/USDT:USDT,long,0.1679057094,0.16302925621314027,0.16303316900919648,299212.0,2024-05-06T10:00:00+00:00,2024-05-06T12:00:00+00:00,-1468.995282239776,sl_hit,"{""trend"": 0.0, ""mean_rev"": 0.0, ""breakout"": 1.0, ""confidence"": 1.0, ""strategy"": ""squeeze"", ""atr"": 0.0023034154954017687, ""slot"": ""DOGE/USDT:USDT:squeeze"", ""entry_fee_rate"": 0.0001, ""intended_entry"": 0.16764, ""sl0"": 0.16303316900919648}",2024-05-06 10:00:00+00:00,2024-05-06 12:00:00+00:00,-1.0008030299889563,squeeze
DOGE/USDT:USDT,short,0.15290725725,0.14223152969642364,0.15751738812143054,303843.909,2024-05-07T21:00:00+00:00,2024-05-09T00:00:00+00:00,3234.7871790253207,tp_hit,"{""trend"": 0.0, ""mean_rev"": 0.0, ""breakout"": -1.0, ""confidence"": 1.0, ""strategy"": ""squeeze"", ""atr"": 0.0021836940607152726, ""slot"": ""DOGE/USDT:USDT:squeeze"", ""entry_fee_rate"": 0.0001, ""intended_entry"": 0.15315, ""sl0"": 0.15751738812143054}",2024-05-07 21:00:00+00:00,2024-05-09 00:00:00+00:00,2.3157103022248227,squeeze
XRP/USDT:USDT,short,0.5118873705000001,0.5047121128000001,0.5191932319909837,120389.687,2024-05-10T14:00:00+00:00,2024-05-12T15:00:00+00:00,851.5882192874609,max_hold,"{""trend"": 0.0, ""mean_rev"": 0.0, ""breakout"": -0.8, ""confidence"": 0.8, ""strategy"": ""squeeze"", ""atr"": 0.0032466159954918083, ""slot"": ""XRP/USDT:USDT:squeeze"", ""entry_fee_rate"": 0.0001, ""intended_entry"": 0.5127, ""sl0"": 0.5191932319909837}",2024-05-10 14:00:00+00:00,2024-05-12 15:00:00+00:00,0.9821234236175034,squeeze
LTC/USDT:USDT,short,81.79,79.76691683271127,83.00360717893746,771.193,2024-05-12T14:00:00+00:00,2024-05-13T04:00:00+00:00,1554.036008241602,tp_hit,"{""trend"": 0.0, ""mean_rev"": -0.6012776160807511, ""breakout"": 0.0, ""confidence"": 0.6012776160807511, ""strategy"": ""mean_rev"", ""atr"": 0.40453572631248486, ""slot"": ""LTC/USDT:USDT"", ""entry_fee_rate"": 0.0, ""intended_entry"": 81.79, ""sl0"": 83.00360717893746}",2024-05-12 14:00:00+00:00,2024-05-13 04:00:00+00:00,1.6670000000000007,mean_rev
BNB/USDT:USDT,long,593.92,587.0854844650976,587.0995748548941,105.765,2024-05-12T17:00:00+00:00,2024-05-13T04:00:00+00:00,-729.0618451753953,sl_hit,"{""trend"": 0.0, ""mean_rev"": 0.0, ""breakout"": 0.7, ""confidence"": 0.7, ""strategy"": ""ifvg"", ""atr"": 2.53475048368636, ""slot"": ""BNB/USDT:USDT:ifvg"", ""entry_fee_rate"": 0.0, ""intended_entry"": 593.92, ""sl0"": 587.0995748548941, ""max_hold"": 24}",2024-05-12 17:00:00+00:00,2024-05-13 04:00:00+00:00,-1.0020659107748715,ifvg
XLM/USDT:USDT,short,0.1046738286,0.10258347832604243,0.10574260866958303,606240.859,2024-05-12T19:00:00+00:00,2024-05-13T04:00:00+00:00,1254.6909609164354,tp_hit,"{""trend"": 0.0, ""mean_rev"": 0.0, ""breakout"": -1.0, ""confidence"": 1.0, ""strategy"": ""squeeze"", ""atr"": 0.00045130433479151285, ""slot"": ""XLM/USDT:USDT:squeeze"", ""entry_fee_rate"": 0.0001, ""intended_entry"": 0.10484, ""sl0"": 0.10574260866958303}",2024-05-12 19:00:00+00:00,2024-05-13 04:00:00+00:00,1.9558282694896254,squeeze
XRP/USDT:USDT,short,0.5008049640000001,0.49124077069425165,0.5057436917222994,126711.107,2024-05-12T19:00:00+00:00,2024-05-13T04:00:00+00:00,1199.3192000095987,tp_hit,"{""trend"": 0.0, ""mean_rev"": 0.0, ""breakout"": -1.0, ""confidence"": 1.0, ""strategy"": ""squeeze"", ""atr"": 0.002071845861149676, ""slot"": ""XRP/USDT:USDT:squeeze"", ""entry_fee_rate"": 0.0001, ""intended_entry"": 0.5016, ""sl0"": 0.5057436917222994}",2024-05-12 19:00:00+00:00,2024-05-13 04:00:00+00:00,1.9365702754910439,squeeze
BNB/USDT:USDT,short,588.79,578.1531769455872,588.79,115.354,2024-05-14T04:00:00+00:00,2024-05-14T15:00:00+00:00,1220.3308584613878,tp_hit,"{""trend"": 0.0, ""mean_rev"": 0.0, ""breakout"": -0.7, ""confidence"": 0.7, ""strategy"": ""ifvg"", ""atr"": 2.7947050906878683, ""slot"": ""BNB/USDT:USDT:ifvg"", ""entry_fee_rate"": 0.0, ""intended_entry"": 588.79, ""sl0"": 594.1084115272064, ""max_hold"": 24}",2024-05-14 04:00:00+00:00,2024-05-14 15:00:00+00:00,,ifvg
BNB/USDT:USDT,short,567.5989275000001,584.9850903835878,584.9710510783619,98.809,2024-05-14T16:00:00+00:00,2024-05-15T21:00:00+00:00,-1729.2979357867287,sl_hit,"{""trend"": 0.0, ""mean_rev"": 0.0, ""breakout"": -0.8, ""confidence"": 0.8, ""strategy"": ""donchian"", ""atr"": 8.23552553918097, ""slot"": ""BNB/USDT:USDT:donchian"", ""entry_fee_rate"": 0.0001, ""intended_entry"": 568.5, ""sl0"": 584.9710510783619, ""max_hold"": 120}",2024-05-14 16:00:00+00:00,2024-05-15 21:00:00+00:00,-1.000808151355967,donchian
XLM/USDT:USDT,short,0.10230758505000001,0.1039916728567594,0.10398917711650861,682263.508,2024-05-14T21:00:00+00:00,2024-05-15T14:00:00+00:00,-1163.066700359418,sl_hit,"{""trend"": 0.0, ""mean_rev"": 0.0, ""breakout"": -0.8, ""confidence"": 0.8, ""strategy"": ""squeeze"", ""atr"": 0.0007595885582542997, ""slot"": ""XLM/USDT:USDT:squeeze"", ""entry_fee_rate"": 0.0001, ""intended_entry"": 0.10247, ""sl0"": 0.10398917711650861}",2024-05-14 21:00:00+00:00,2024-05-15 14:00:00+00:00,-1.0014841532024934,squeeze
NEAR/USDT:USDT,long,7.6811553649999995,8.056806632,7.166122170413448,3072.692,2024-05-15T16:00:00+00:00,2024-05-20T17:00:00+00:00,1149.424851908319,max_hold,"{""trend"": 0.0, ""mean_rev"": 0.0, ""breakout"": 0.8, ""confidence"": 0.8, ""strategy"": ""donchian"", ""atr"": 0.25143891479327585, ""slot"": ""NEAR/USDT:USDT:donchian"", ""entry_fee_rate"": 0.0001, ""intended_entry"": 7.669, ""sl0"": 7.166122170413448, ""max_hold"": 120}",2024-05-15 16:00:00+00:00,2024-05-20 17:00:00+00:00,0.7293729238201035,donchian
BNB/USDT:USDT,long,585.21,579.382066852158,579.3959723554946,113.671,2024-05-15T21:00:00+00:00,2024-05-16T14:00:00+00:00,-669.0528827404668,sl_hit,"{""trend"": 0.0, ""mean_rev"": 0.0, ""breakout"": 0.7, ""confidence"": 0.7, ""strategy"": ""ifvg"", ""atr"": 3.8800921483511672, ""slot"": ""BNB/USDT:USDT:ifvg"", ""entry_fee_rate"": 0.0, ""intended_entry"": 585.21, ""sl0"": 579.3959723554946, ""max_hold"": 24}",2024-05-15 21:00:00+00:00,2024-05-16 14:00:00+00:00,-1.0023917160678968,ifvg
BNB/USDT:USDT,short,568.05,572.8358614745046,572.8221137437747,115.752,2024-05-16T16:00:00+00:00,2024-05-17T08:00:00+00:00,-560.603727060596,sl_hit,"{""trend"": 0.0, ""mean_rev"": 0.0, ""breakout"": -0.7, ""confidence"": 0.7, ""strategy"": ""ifvg"", ""atr"": 3.973712479248969, ""slot"": ""BNB/USDT:USDT:ifvg"", ""entry_fee_rate"": 0.0, ""intended_entry"": 568.05, ""sl0"": 572.8221137437747, ""max_hold"": 24}",2024-05-16 16:00:00+00:00,2024-05-17 08:00:00+00:00,-1.0028808472446369,ifvg
LTC/USDT:USDT,long,82.71,84.56387600673725,81.59789681659431,772.836,2024-05-19T13:00:00+00:00,2024-05-20T21:00:00+00:00,1426.2067167750367,tp_hit,"{""trend"": 0.0, ""mean_rev"": 0.844138606536535, ""breakout"": 0.0, ""confidence"": 0.844138606536535, ""strategy"": ""mean_rev"", ""atr"": 0.37070106113522455, ""slot"": ""LTC/USDT:USDT"", ""entry_fee_rate"": 0.0, ""intended_entry"": 82.71, ""sl0"": 81.59789681659431}",2024-05-19 13:00:00+00:00,2024-05-20 21:00:00+00:00,1.6669999999999863,mean_rev
ETH/USDT:USDT,long,3443.73968965,3691.166005031098,3311.851997484451,12.333,2024-05-20T20:00:00+00:00,2024-05-21T01:00:00+00:00,3042.7092684018317,tp_hit,"{""trend"": 0.0, ""mean_rev"": 0.0, ""breakout"": 0.8, ""confidence"": 0.8, ""strategy"": ""donchian"", ""atr"": 63.21900125777446, ""slot"": ""ETH/USDT:USDT:donchian"", ""entry_fee_rate"": 0.0001, ""intended_entry"": 3438.29, ""sl0"": 3311.851997484451, ""max_hold"": 120}",2024-05-20 20:00:00+00:00,2024-05-21 01:00:00+00:00,1.8760379480332574,donchian
BCH/USDT:USDT,long,518.43041185,491.556354033467,491.56815166910707,63.241,2024-05-21T00:00:00+00:00,2024-05-23T14:00:00+00:00,-1705.9295476814887,sl_hit,"{""trend"": 0.0, ""mean_rev"": 0.0, ""breakout"": 0.8, ""confidence"": 0.8, ""strategy"": ""donchian"", ""atr"": 13.020924165446464, ""slot"": ""BCH/USDT:USDT:donchian"", ""entry_fee_rate"": 0.0001, ""intended_entry"": 517.61, ""sl0"": 491.56815166910707, ""max_hold"": 120}",2024-05-21 00:00:00+00:00,2024-05-23 14:00:00+00:00,-1.0004391899847818,donchian
BNB/USDT:USDT,long,600.68057205,629.0743242974729,585.0578378512636,112.248,2024-05-21T00:00:00+00:00,2024-05-21T09:00:00+00:00,3173.338149513816,tp_hit,"{""trend"": 0.0, ""mean_rev"": 0.0, ""breakout"": 0.8, ""confidence"": 0.8, ""strategy"": ""donchian"", ""atr"": 7.336081074368222, ""slot"": ""BNB/USDT:USDT:donchian"", ""entry_fee_rate"": 0.0001, ""intended_entry"": 599.73, ""sl0"": 585.0578378512636, ""max_hold"": 120}",2024-05-21 00:00:00+00:00,2024-05-21 09:00:00+00:00,1.817463696576835,donchian
XRP/USDT:USDT,short,0.5263643880000001,0.5365732791954092,0.5365604017457672,142008.443,2024-05-22T23:00:00+00:00,2024-05-23T15:00:00+00:00,-1464.8433557289068,sl_hit,"{""trend"": 0.0, ""mean_rev"": 0.0, ""breakout"": -0.96, ""confidence"": 0.96, ""strategy"": ""squeeze"", ""atr"": 0.004680200872883639, ""slot"": ""XRP/USDT:USDT:squeeze"", ""entry_fee_rate"": 0.0001, ""intended_entry"": 0.5272, ""sl0"": 0.5365604017457672}",2024-05-22 23:00:00+00:00,2024-05-23 15:00:00+00:00,-1.0012629886505697,squeeze
BNB/USDT:USDT,long,600.81,601.5355628,594.4534981120246,119.835,2024-05-24T22:00:00+00:00,2024-05-25T23:00:00+00:00,79.73931672119029,max_hold,"{""trend"": 0.0, ""mean_rev"": 0.0, ""breakout"": 0.7, ""confidence"": 0.7, ""strategy"": ""ifvg"", ""atr"": 3.6883396265843422, ""slot"": ""BNB/USDT:USDT:ifvg"", ""entry_fee_rate"": 0.0, ""intended_entry"": 600.81, ""sl0"": 594.4534981120246, ""max_hold"": 24}",2024-05-24 22:00:00+00:00,2024-05-25 23:00:00+00:00,0.11414498300906464,ifvg
XLM/USDT:USDT,long,0.11034461945,0.10838874314948517,0.10839134454175417,655920.045,2024-05-24T23:00:00+00:00,2024-05-26T23:00:00+00:00,-1297.245630752047,sl_hit,"{""trend"": 0.0, ""mean_rev"": 0.0, ""breakout"": 0.84, ""confidence"": 0.84, ""strategy"": ""squeeze"", ""atr"": 0.0008893277291229191, ""slot"": ""XLM/USDT:USDT:squeeze"", ""entry_fee_rate"": 0.0001, ""intended_entry"": 0.11017, ""sl0"": 0.10839134454175417}",2024-05-24 23:00:00+00:00,2024-05-26 23:00:00+00:00,-1.0013318106212383,squeeze
DOGE/USDT:USDT,long,0.16897740535,0.17175587775999998,0.16394331297262948,358066.581,2024-05-25T17:00:00+00:00,2024-05-27T18:00:00+00:00,982.6775960799137,max_hold,"{""trend"": 0.0, ""mean_rev"": 0.0, ""breakout"": 1.0, ""confidence"": 1.0, ""strategy"": ""squeeze"", ""atr"": 0.002383343513685258, ""slot"": ""DOGE/USDT:USDT:squeeze"", ""entry_fee_rate"": 0.0001, ""intended_entry"": 0.16871, ""sl0"": 0.16394331297262948}",2024-05-25 17:00:00+00:00,2024-05-27 18:00:00+00:00,0.5519311529700768,squeeze
XRP/USDT:USDT,long,0.542458436,0.5360928676822088,0.5361057342198301,137517.623,2024-05-26T02:00:00+00:00,2024-05-26T11:00:00+00:00,-890.2098052633509,sl_hit,"{""trend"": 0.0, ""mean_rev"": 0.0, ""breakout"": 1.0, ""confidence"": 1.0, ""strategy"": ""squeeze"", ""atr"": 0.002747132890084946, ""slot"": ""XRP/USDT:USDT:squeeze"", ""entry_fee_rate"": 0.0001, ""intended_entry"": 0.5416, ""sl0"": 0.5361057342198301}",2024-05-26 02:00:00+00:00,2024-05-26 11:00:00+00:00,-1.0020253646505963,squeeze
LTC/USDT:USDT,long,84.18,86.26026341536097,82.93209153247693,827.236,2024-05-26T16:00:00+00:00,2024-05-27T18:00:00+00:00,1713.7330271428723,tp_hit,"{""trend"": 0.0, ""mean_rev"": 0.6726860991970054, ""breakout"": 0.0, ""confidence"": 0.6726860991970054, ""strategy"": ""mean_rev"", ""atr"": 0.41596948917435755, ""slot"": ""LTC/USDT:USDT"", ""entry_fee_rate"": 0.0, ""intended_entry"": 84.18, ""sl0"": 82.93209153247693}",2024-05-26 16:00:00+00:00,2024-05-27 18:00:00+00:00,1.6669999999999952,mean_rev
XLM/USDT:USDT,short,0.10742945400000001,0.10549253176000001,0.10931005990567896,677337.518,2024-05-29T17:00:00+00:00,2024-05-31T18:00:00+00:00,1297.5280976643692,max_hold,"{""trend"": 0.0, ""mean_rev"": 0.0, ""breakout"": -0.8, ""confidence"": 0.8, ""strategy"": ""squeeze"", ""atr"": 0.0008550299528394822, ""slot"": ""XLM/USDT:USDT:squeeze"", ""entry_fee_rate"": 0.0001, ""intended_entry"": 0.1076, ""sl0"": 0.10931005990567896}",2024-05-29 17:00:00+00:00,2024-05-31 18:00:00+00:00,1.0299458457250308,squeeze
XRP/USDT:USDT,short,0.5237685089999999,0.5184124416,0.5317226280340424,139817.623,2024-05-29T22:00:00+00:00,2024-05-31T23:00:00+00:00,734.3010861709048,max_hold,"{""trend"": 0.0, ""mean_rev"": 0.0, ""breakout"": -1.0, ""confidence"": 1.0, ""strategy"": ""squeeze"", ""atr"": 0.0035613140170212194, ""slot"": ""XRP/USDT:USDT:squeeze"", ""entry_fee_rate"": 0.0001, ""intended_entry"": 0.5246, ""sl0"": 0.5317226280340424}",2024-05-29 22:00:00+00:00,2024-05-31 23:00:00+00:00,0.6733702848897269,squeeze
DOGE/USDT:USDT,short,0.15823879335,0.16274159293120835,0.16273768722671492,414284.088,2024-05-30T08:00:00+00:00,2024-05-30T17:00:00+00:00,-1878.7359246073274,sl_hit,"{""trend"": 0.0, ""mean_rev"": 0.0, ""breakout"": -0.84, ""confidence"": 0.84, ""strategy"": ""squeeze"", ""atr"": 0.002123843613357468, ""slot"": ""DOGE/USDT:USDT:squeeze"", ""entry_fee_rate"": 0.0001, ""intended_entry"": 0.15849, ""sl0"": 0.16273768722671492}",2024-05-30 08:00:00+00:00,2024-05-30 17:00:00+00:00,-1.0008681477270778,squeeze
BNB/USDT:USDT,long,604.49,601.6970016081749,601.7114426827993,120.946,2024-06-02T03:00:00+00:00,2024-06-02T08:00:00+00:00,-345.07926805332977,sl_hit,"{""trend"": 0.0, ""mean_rev"": 0.0, ""breakout"": 0.7, ""confidence"": 0.7, ""strategy"": ""ifvg"", ""atr"": 2.361857724001961, ""slot"": ""BNB/USDT:USDT:ifvg"", ""entry_fee_rate"": 0.0, ""intended_entry"": 604.49, ""sl0"": 601.7114426827993, ""max_hold"": 24}",2024-06-02 03:00:00+00:00,2024-06-02 08:00:00+00:00,-1.0051973283167552,ifvg
LTC/USDT:USDT,long,82.9,84.21720798912986,82.10983323987412,998.881,2024-06-02T08:00:00+00:00,2024-06-03T08:00:00+00:00,1307.3217364966797,tp_hit,"{""trend"": 0.0, ""mean_rev"": 0.7119657980522417, ""breakout"": 0.0, ""confidence"": 0.7119657980522417, ""strategy"": ""mean_rev"", ""atr"": 0.26338892004196196, ""slot"": ""LTC/USDT:USDT"", ""entry_fee_rate"": 0.0, ""intended_entry"": 82.9, ""sl0"": 82.10983323987412}",2024-06-02 08:00:00+00:00,2024-06-03 08:00:00+00:00,1.667000000000006,mean_rev
XLM/USDT:USDT,short,0.10552248135000002,0.10642711590396982,0.10642456171448866,686853.419,2024-06-02T08:00:00+00:00,2024-06-02T16:00:00+00:00,-635.9091668926548,sl_hit,"{""trend"": 0.0, ""mean_rev"": 0.0, ""breakout"": -1.0, ""confidence"": 1.0, ""strategy"": ""squeeze"", ""atr"": 0.00036728085724432543, ""slot"": ""XLM/USDT:USDT:squeeze"", ""entry_fee_rate"": 0.0001, ""intended_entry"": 0.10569, ""sl0"": 0.10642456171448866}",2024-06-02 08:00:00+00:00,2024-06-02 16:00:00+00:00,-1.0028314433854268,squeeze
XRP/USDT:USDT,short,0.5144832495,0.5191695846717932,0.5191571249007956,139765.455,2024-06-02T10:00:00+00:00,2024-06-02T16:00:00+00:00,-669.4346634361824,sl_hit,"{""trend"": 0.0, ""mean_rev"": 0.0, ""breakout"": -1.0, ""confidence"": 1.0, ""strategy"": ""squeeze"", ""atr"": 0.0019285624503978206, ""slot"": ""XRP/USDT:USDT:squeeze"", ""entry_fee_rate"": 0.0001, ""intended_entry"": 0.5153, ""sl0"": 0.5191571249007956}",2024-06-02 10:00:00+00:00,2024-06-02 16:00:00+00:00,-1.0026658329392988,squeeze
BNB/USDT:USDT,short,598.24,605.2012577433239,605.1867332617256,120.388,2024-06-02T11:00:00+00:00,2024-06-03T02:00:00+00:00,-845.3377941050012,sl_hit,"{""trend"": 0.0, ""mean_rev"": 0.0, ""breakout"": -0.7, ""confidence"": 0.7, ""strategy"": ""ifvg"", ""atr"": 2.3224442057521957, ""slot"": ""BNB/USDT:USDT:ifvg"", ""entry_fee_rate"": 0.0, ""intended_entry"": 598.24, ""sl0"": 605.1867332617256, ""max_hold"": 24}",2024-06-02 11:00:00+00:00,2024-06-03 02:00:00+00:00,-1.0020908362320928,ifvg
BNB/USDT:USDT,long,627.60317685,655.9007726686647,611.9646136656677,113.642,2024-06-03T08:00:00+00:00,2024-06-04T15:00:00+00:00,3201.2093884415754,tp_hit,"{""trend"": 0.0, ""mean_rev"": 0.0, ""breakout"": 0.8, ""confidence"": 0.8, ""strategy"": ""donchian"", ""atr"": 7.322693167166167, ""slot"": ""BNB/USDT:USDT:donchian"", ""entry_fee_rate"": 0.0001, ""intended_entry"": 626.61, ""sl0"": 611.9646136656677, ""max_hold"": 120}",2024-06-03 08:00:00+00:00,2024-06-04 15:00:00+00:00,1.8094754284725525,donchian
XRP/USDT:USDT,long,0.5277351365,0.5280873256,0.5207425722382765,176307.772,2024-06-04T15:00:00+00:00,2024-06-06T16:00:00+00:00,43.47870495164659,max_hold,"{""trend"": 0.0, ""mean_rev"": 0.0, ""breakout"": 1.0, ""confidence"": 1.0, ""strategy"": ""squeeze"", ""atr"": 0.0030787138808617874, ""slot"": ""XRP/USDT:USDT:squeeze"", ""entry_fee_rate"": 0.0001, ""intended_entry"": 0.5269, ""sl0"": 0.5207425722382765}",2024-06-04 15:00:00+00:00,2024-06-06 16:00:00+00:00,0.05036623001491037,squeeze
BNB/USDT:USDT,long,664.38137805,704.0603205478955,642.9648397260523,87.226,2024-06-04T16:00:00+00:00,2024-06-05T03:00:00+00:00,3449.099068761242,tp_hit,"{""trend"": 0.0, ""mean_rev"": 0.0, ""breakout"": 0.8, ""confidence"": 0.8, ""strategy"": ""donchian"", ""atr"": 10.18258013697385, ""slot"": ""BNB/USDT:USDT:donchian"", ""entry_fee_rate"": 0.0001, ""intended_entry"": 663.33, ""sl0"": 642.9648397260523, ""max_hold"": 120}",2024-06-04 16:00:00+00:00,2024-06-05 03:00:00+00:00,1.8527243711243067,donchian
BNB/USDT:USDT,long,704.7652852499999,678.1911730416606,678.2074500204611,74.045,2024-06-05T04:00:00+00:00,2024-06-07T20:00:00+00:00,-1977.9202395619063,sl_hit,"{""trend"": 0.0, ""mean_rev"": 0.0, ""breakout"": 0.8, ""confidence"": 0.8, ""strategy"": ""donchian"", ""atr"": 12.721274989769443, ""slot"": ""BNB/USDT:USDT:donchian"", ""entry_fee_rate"": 0.0001, ""intended_entry"": 703.65, ""sl0"": 678.2074500204611, ""max_hold"": 120}",2024-06-05 04:00:00+00:00,2024-06-07 20:00:00+00:00,-1.0006128880106324,donchian
XRP/USDT:USDT,short,0.5204737395,0.5266307585277485,0.5266181196928759,156609.835,2024-06-06T21:00:00+00:00,2024-06-07T12:00:00+00:00,-980.6484202939519,sl_hit,"{""trend"": 0.0, ""mean_rev"": 0.0, ""breakout"": -0.96, ""confidence"": 0.96, ""strategy"": ""squeeze"", ""atr"": 0.002659059846437952, ""slot"": ""XRP/USDT:USDT:squeeze"", ""entry_fee_rate"": 0.0001, ""intended_entry"": 0.5213, ""sl0"": 0.5266181196928759}",2024-06-06 21:00:00+00:00,2024-06-07 12:00:00+00:00,-1.0020569747437398,squeeze
BCH/USDT:USDT,long,512.6312346999999,493.70916693820595,493.7210162425958,104.081,2024-06-07T08:00:00+00:00,2024-06-07T20:00:00+00:00,-1979.9018262495701,sl_hit,"{""trend"": 0.0, ""mean_rev"": 0.0, ""breakout"": 0.8, ""confidence"": 0.8, ""strategy"": ""donchian"", ""atr"": 9.04949187870209, ""slot"": ""BCH/USDT:USDT:donchian"", ""entry_fee_rate"": 0.0001, ""intended_entry"": 511.82, ""sl0"": 493.7210162425958, ""max_hold"": 120}",2024-06-07 08:00:00+00:00,2024-06-07 20:00:00+00:00,-1.0006266085405904,donchian
ADA/USDT:USDT,long,0.485167774,0.4704425202006089,0.4704538110920751,133638.626,2024-06-07T12:00:00+00:00,2024-06-07T18:00:00+00:00,-1980.633329922749,sl_hit,"{""trend"": 0.0, ""mean_rev"": 0.0, ""breakout"": 0.8, ""confidence"": 0.8, ""strategy"": ""donchian"", ""atr"": 0.006973094453962447, ""slot"": ""ADA/USDT:USDT:donchian"", ""entry_fee_rate"": 0.0001, ""intended_entry"": 0.4844, ""sl0"": 0.4704538110920751, ""max_hold"": 120}",2024-06-07 12:00:00+00:00,2024-06-07 18:00:00+00:00,-1.0007673589730304,donchian
ICP/USDT:USDT,long,12.727140595,12.249316294856598,12.24961028550345,4107.096,2024-06-07T12:00:00+00:00,2024-06-07T20:00:00+00:00,-1972.7283424404145,sl_hit,"{""trend"": 0.0, ""mean_rev"": 0.0, ""breakout"": 0.8, ""confidence"": 0.8, ""strategy"": ""donchian"", ""atr"": 0.22869485724827493, ""slot"": ""ICP/USDT:USDT:donchian"", ""entry_fee_rate"": 0.0001, ""intended_entry"": 12.707, ""sl0"": 12.24961028550345, ""max_hold"": 120}",2024-06-07 12:00:00+00:00,2024-06-07 20:00:00+00:00,-1.0006156481400366,donchian
DOGE/USDT:USDT,short,0.1557926766,0.14867040763041478,0.1589878369478341,504043.609,2024-06-07T18:00:00+00:00,2024-06-07T20:00:00+00:00,3574.587888520175,tp_hit,"{""trend"": 0.0, ""mean_rev"": 0.0, ""breakout"": -0.84, ""confidence"": 0.84, ""strategy"": ""squeeze"", ""atr"": 0.0014739184739170448, ""slot"": ""DOGE/USDT:USDT:squeeze"", ""entry_fee_rate"": 0.0001, ""intended_entry"": 0.15604, ""sl0"": 0.1589878369478341}",2024-06-07 18:00:00+00:00,2024-06-07 20:00:00+00:00,2.229080294644118,squeeze
ICP/USDT:USDT,short,11.541677400000001,10.082950386766079,12.29852480661696,2318.826,2024-06-07T20:00:00+00:00,2024-06-11T15:00:00+00:00,3377.519750273935,tp_hit,"{""trend"": 0.0, ""mean_rev"": 0.0, ""breakout"": -0.8, ""confidence"": 0.8, ""strategy"": ""donchian"", ""atr"": 0.3692624033084802, ""slot"": ""ICP/USDT:USDT:donchian"", ""entry_fee_rate"": 0.0001, ""intended_entry"": 11.56, ""sl0"": 12.29852480661696, ""max_hold"": 120}",2024-06-07 20:00:00+00:00,2024-06-11 15:00:00+00:00,1.9273726784033023,donchian
NEAR/USDT:USDT,short,6.7033583100000005,6.316151584,7.137511455433631,4043.599,2024-06-07T20:00:00+00:00,2024-06-12T21:00:00+00:00,1560.4441623280893,max_hold,"{""trend"": 0.0, ""mean_rev"": 0.0, ""breakout"": -0.8, ""confidence"": 0.8, ""strategy"": ""donchian"", ""atr"": 0.21175572771681542, ""slot"": ""NEAR/USDT:USDT:donchian"", ""entry_fee_rate"": 0.0001, ""intended_entry"": 6.714, ""sl0"": 7.137511455433631, ""max_hold"": 120}",2024-06-07 20:00:00+00:00,2024-06-12 21:00:00+00:00,0.8918666836175049,donchian
BNB/USDT:USDT,long,679.51,674.6705931633726,674.6867856462281,111.803,2024-06-09T09:00:00+00:00,2024-06-09T22:00:00+00:00,-548.6032221881981,sl_hit,"{""trend"": 0.0, ""mean_rev"": 0.0, ""breakout"": 0.7, ""confidence"": 0.7, ""strategy"": ""ifvg"", ""atr"": 4.377381179239546, ""slot"": ""BNB/USDT:USDT:ifvg"", ""entry_fee_rate"": 0.0, ""intended_entry"": 679.51, ""sl0"": 674.6867856462281, ""max_hold"": 24}",2024-06-09 09:00:00+00:00,2024-06-09 22:00:00+00:00,-1.003357197434714,ifvg
XRP/USDT:USDT,long,0.5052996324999999,0.49872047531987035,0.4987324448985479,148444.196,2024-06-10T16:00:00+00:00,2024-06-10T20:00:00+00:00,-991.5417937292699,sl_hit,"{""trend"": 0.0, ""mean_rev"": 0.0, ""breakout"": 0.8, ""confidence"": 0.8, ""strategy"": ""squeeze"", ""atr"": 0.002883777550726038, ""slot"": ""XRP/USDT:USDT:squeeze"", ""entry_fee_rate"": 0.0001, ""intended_entry"": 0.5045, ""sl0"": 0.4987324448985479}",2024-06-10 16:00:00+00:00,2024-06-10 20:00:00+00:00,-1.001822633888958,squeeze
BNB/USDT:USDT,short,623.9494701000001,607.9745910400001,651.6893358417869,65.008,2024-06-11T00:00:00+00:00,2024-06-16T01:00:00+00:00,1030.4864459958233,max_hold,"{""trend"": 0.0, ""mean_rev"": 0.0, ""breakout"": -0.8, ""confidence"": 0.8, ""strategy"": ""donchian"", ""atr"": 13.37466792089343, ""slot"": ""BNB/USDT:USDT:donchian"", ""entry_fee_rate"": 0.0001, ""intended_entry"": 624.94, ""sl0"": 651.6893358417869, ""max_hold"": 120}",2024-06-11 00:00:00+00:00,2024-06-16 01:00:00+00:00,0.5758816285810554,donchian
ETH/USDT:USDT,short,3443.0141592,3552.6994474253224,3552.61418468489,18.386,2024-06-11T16:00:00+00:00,2024-06-12T12:00:00+00:00,-2029.5360283479197,sl_hit,"{""trend"": 0.0, ""mean_rev"": 0.0, ""breakout"": -0.8, ""confidence"": 0.8, ""strategy"": ""donchian"", ""atr"": 52.06709234244501, ""slot"": ""ETH/USDT:USDT:donchian"", ""entry_fee_rate"": 0.0001, ""intended_entry"": 3448.48, ""sl0"": 3552.61418468489, ""max_hold"": 120}",2024-06-11 16:00:00+00:00,2024-06-12 12:00:00+00:00,-1.000777944531082,donchian
SOL/USDT:USDT,short,147.389017545,154.6457848895324,154.64207347976887,274.331,2024-06-11T16:00:00+00:00,2024-06-12T14:00:00+00:00,-1999.0419933315825,sl_hit,"{""trend"": 0.0, ""mean_rev"": 0.0, ""breakout"": -0.8, ""confidence"": 0.8, ""strategy"": ""donchian"", ""atr"": 3.5095367398844415, ""slot"": ""SOL/USDT:USDT:donchian"", ""entry_fee_rate"": 0.0001, ""intended_entry"": 147.623, ""sl0"": 154.64207347976887, ""max_hold"": 120}",2024-06-11 16:00:00+00:00,2024-06-12 14:00:00+00:00,-1.0005117029010813,donchian
XLM/USDT:USDT,short,0.09730552590000001,0.09890698332861957,0.09890460961798873,767715.363,2024-06-14T00:00:00+00:00,2024-06-14T07:00:00+00:00,-1244.527006916469,sl_hit,"{""trend"": 0.0, ""mean_rev"": 0.0, ""breakout"": -0.8, ""confidence"": 0.8, ""strategy"": ""squeeze"", ""atr"": 0.0007223048089943643, ""slot"": ""XLM/USDT:USDT:squeeze"", ""entry_fee_rate"": 0.0001, ""intended_entry"": 0.09746, ""sl0"": 0.09890460961798873}",2024-06-14 00:00:00+00:00,2024-06-14 07:00:00+00:00,-1.0014844192359218,squeeze
NEAR/USDT:USDT,short,5.66101305,4.916520854105039,6.04673957294748,4501.898,2024-06-14T16:00:00+00:00,2024-06-18T03:00:00+00:00,3346.86602984235,tp_hit,"{""trend"": 0.0, ""mean_rev"": 0.0, ""breakout"": -0.8, ""confidence"": 0.8, ""strategy"": ""donchian"", ""atr"": 0.18836978647374003, ""slot"": ""NEAR/USDT:USDT:donchian"", ""entry_fee_rate"": 0.0001, ""intended_entry"": 5.67, ""sl0"": 6.04673957294748, ""max_hold"": 120}",2024-06-14 16:00:00+00:00,2024-06-18 03:00:00+00:00,1.9301037175406521,donchian
XLM/USDT:USDT,short,0.09521883855,0.09701293637699768,0.09701060812240274,780920.472,2024-06-14T17:00:00+00:00,2024-06-15T02:00:00+00:00,-1416.059494714136,sl_hit,"{""trend"": 0.0, ""mean_rev"": 0.0, ""breakout"": -1.0, ""confidence"": 1.0, ""strategy"": ""squeeze"", ""atr"": 0.0008203040612013712, ""slot"": ""XLM/USDT:USDT:squeeze"", ""entry_fee_rate"": 0.0001, ""intended_entry"": 0.09537, ""sl0"": 0.09701060812240274}",2024-06-14 17:00:00+00:00,2024-06-15 02:00:00+00:00,-1.0012994163037472,squeeze
XRP/USDT:USDT,short,0.46795711050000005,0.4770493032616034,0.4770378543530989,158765.385,2024-06-14T18:00:00+00:00,2024-06-14T23:00:00+00:00,-1458.5289150009999,sl_hit,"{""trend"": 0.0, ""mean_rev"": 0.0, ""breakout"": -0.88, ""confidence"": 0.88, ""strategy"": ""squeeze"", ""atr"": 0.004168927176549445, ""slot"": ""XRP/USDT:USDT:squeeze"", ""entry_fee_rate"": 0.0001, ""intended_entry"": 0.4687, ""sl0"": 0.4770378543530989}",2024-06-14 18:00:00+00:00,2024-06-14 23:00:00+00:00,-1.0012607897204981,squeeze
LTC/USDT:USDT,short,79.75,77.77582793019008,80.93426638860822,858.549,2024-06-16T03:00:00+00:00,2024-06-17T08:00:00+00:00,1688.246020433877,tp_hit,"{""trend"": 0.0, ""mean_rev"": -0.6554525512941366, ""breakout"": 0.0, ""confidence"": 0.6554525512941366, ""strategy"": ""mean_rev"", ""atr"": 0.39475546286940977, ""slot"": ""LTC/USDT:USDT"", ""entry_fee_rate"": 0.0, ""intended_entry"": 79.75, ""sl0"": 80.93426638860822}",2024-06-16 03:00:00+00:00,2024-06-17 08:00:00+00:00,1.6670000000000154,mean_rev
XLM/USDT:USDT,long,0.09878632855,0.09771295898110653,0.0977153041484061,703151.658,2024-06-16T22:00:00+00:00,2024-06-17T08:00:00+00:00,-768.5584719965167,sl_hit,"{""trend"": 0.0, ""mean_rev"": 0.0, ""breakout"": 1.0, ""confidence"": 1.0, ""strategy"": ""squeeze"", ""atr"": 0.00045734792579694674, ""slot"": ""XLM/USDT:USDT:squeeze"", ""entry_fee_rate"": 0.0001, ""intended_entry"": 0.09863, ""sl0"": 0.0977153041484061}",2024-06-16 22:00:00+00:00,2024-06-17 08:00:00+00:00,-1.0021896488035882,squeeze
ADA/USDT:USDT,short,0.3780997605,0.3891093384,0.4011114526993246,77266.808,2024-06-18T04:00:00+00:00,2024-06-23T05:00:00+00:00,-856.6029215744,max_hold,"{""trend"": 0.0, ""mean_rev"": 0.0, ""breakout"": -0.8, ""confidence"": 0.8, ""strategy"": ""donchian"", ""atr"": 0.011205726349662302, ""slot"": ""ADA/USDT:USDT:donchian"", ""entry_fee_rate"": 0.0001, ""intended_entry"": 0.3787, ""sl0"": 0.4011114526993246, ""max_hold"": 120}",2024-06-18 04:00:00+00:00,2024-06-23 05:00:00+00:00,-0.4784340849267553,donchian
NEAR/USDT:USDT,short,4.793390415,5.2129934596023135,5.212868350761895,4204.405,2024-06-18T04:00:00+00:00,2024-06-20T07:00:00+00:00,-1768.388227780619,sl_hit,"{""trend"": 0.0, ""mean_rev"": 0.0, ""breakout"": -0.8, ""confidence"": 0.8, ""strategy"": ""donchian"", ""atr"": 0.2059341753809476, ""slot"": ""NEAR/USDT:USDT:donchian"", ""entry_fee_rate"": 0.0001, ""intended_entry"": 4.801, ""sl0"": 5.212868350761895, ""max_hold"": 120}",2024-06-18 04:00:00+00:00,2024-06-20 07:00:00+00:00,-1.0002982489178862,donchian
LTC/USDT:USDT,short,74.73,73.0159596907119,75.7582185418645,945.968,2024-06-22T20:00:00+00:00,2024-06-24T03:00:00+00:00,1614.520207160983,tp_hit,"{""trend"": 0.0, ""mean_rev"": -0.6579016676218356, ""breakout"": 0.0, ""confidence"": 0.6579016676218356, ""strategy"": ""mean_rev"", ""atr"": 0.3427395139548315, ""slot"": ""LTC/USDT:USDT"", ""entry_fee_rate"": 0.0, ""intended_entry"": 74.73, ""sl0"": 75.7582185418645}",2024-06-22 20:00:00+00:00,2024-06-24 03:00:00+00:00,1.6670000000000038,mean_rev
BCH/USDT:USDT,short,352.92971835000003,372.20930282019714,372.20037001131686,90.66,2024-06-24T12:00:00+00:00,2024-06-25T02:00:00+00:00,-1754.4612384339987,sl_hit,"{""trend"": 0.0, ""mean_rev"": 0.0, ""breakout"": -0.8, ""confidence"": 0.8, ""strategy"": ""donchian"", ""atr"": 9.35518500565844, ""slot"": ""BCH/USDT:USDT:donchian"", ""entry_fee_rate"": 0.0001, ""intended_entry"": 353.49, ""sl0"": 372.20037001131686, ""max_hold"": 120}",2024-06-24 12:00:00+00:00,2024-06-25 02:00:00+00:00,-1.0004635447226835,donchian
BNB/USDT:USDT,short,578.12,569.62717150979,578.12,121.197,2024-06-26T08:00:00+00:00,2024-06-26T19:00:00+00:00,1022.4016240974412,tp_hit,"{""trend"": 0.0, ""mean_rev"": 0.0, ""breakout"": -0.7, ""confidence"": 0.7, ""strategy"": ""ifvg"", ""atr"": 3.6547141503501988, ""slot"": ""BNB/USDT:USDT:ifvg"", ""entry_fee_rate"": 0.0, ""intended_entry"": 578.12, ""sl0"": 582.366414245105, ""max_hold"": 24}",2024-06-26 08:00:00+00:00,2024-06-26 19:00:00+00:00,,ifvg
XRP/USDT:USDT,short,0.470253465,0.4766594073651223,0.47664796781389474,150552.427,2024-06-26T11:00:00+00:00,2024-06-27T16:00:00+00:00,-978.6861734004963,sl_hit,"{""trend"": 0.0, ""mean_rev"": 0.0, ""breakout"": -1.0, ""confidence"": 1.0, ""strategy"": ""squeeze"", ""atr"": 0.0028239839069473913, ""slot"": ""XRP/USDT:USDT:squeeze"", ""entry_fee_rate"": 0.0001, ""intended_entry"": 0.471, ""sl0"": 0.47664796781389474}",2024-06-26 11:00:00+00:00,2024-06-27 16:00:00+00:00,-1.0017889664858242,squeeze
SOL/USDT:USDT,long,147.915074385,139.75302042957375,139.75637458256372,206.497,2024-06-27T16:00:00+00:00,2024-06-28T21:00:00+00:00,-1691.379915491146,sl_hit,"{""trend"": 0.0, ""mean_rev"": 0.0, ""breakout"": 0.8, ""confidence"": 0.8, ""strategy"": ""donchian"", ""atr"": 3.9623127087181387, ""slot"": ""SOL/USDT:USDT:donchian"", ""entry_fee_rate"": 0.0001, ""intended_entry"": 147.681, ""sl0"": 139.75637458256372, ""max_hold"": 120}",2024-06-27 16:00:00+00:00,2024-06-28 21:00:00+00:00,-1.000411113666539,donchian
LTC/USDT:USDT,short,74.39,75.77662090725205,75.77480231199657,908.659,2024-06-29T09:00:00+00:00,2024-06-29T21:00:00+00:00,-1266.8510778204386,sl_hit,"{""trend"": 0.0, ""mean_rev"": -0.6358807621792487, ""breakout"": 0.0, ""confidence"": 0.6358807621792487, ""strategy"": ""mean_rev"", ""atr"": 0.46160077066552074, ""slot"": ""LTC/USDT:USDT"", ""entry_fee_rate"": 0.0, ""intended_entry"": 74.39, ""sl0"": 75.77480231199657}",2024-06-29 09:00:00+00:00,2024-06-29 21:00:00+00:00,-1.0013132526135546,mean_rev
BNB/USDT:USDT,long,582.21,579.2074047360961,579.2213060474413,112.837,2024-07-01T19:00:00+00:00,2024-07-02T00:00:00+00:00,-345.33944438594654,sl_hit,"{""trend"": 0.0, ""mean_rev"": 0.0, ""breakout"": 0.7, ""confidence"": 0.7, ""strategy"": ""ifvg"", ""atr"": 2.895646508528988, ""slot"": ""BNB/USDT:USDT:ifvg"", ""entry_fee_rate"": 0.0, ""intended_entry"": 582.21, ""sl0"": 579.2213060474413, ""max_hold"": 24}",2024-07-01 19:00:00+00:00,2024-07-02 00:00:00+00:00,-1.0046512997201644,ifvg
XLM/USDT:USDT,long,0.0931674367,0.09195972180413198,0.09196192889042536,700675.982,2024-07-02T06:00:00+00:00,2024-07-03T05:00:00+00:00,-859.188235996326,sl_hit,"{""trend"": 0.0, ""mean_rev"": 0.0, ""breakout"": 0.96, ""confidence"": 0.96, ""strategy"": ""squeeze"", ""atr"": 0.0005290355547873267, ""slot"": ""XLM/USDT:USDT:squeeze"", ""entry_fee_rate"": 0.0001, ""intended_entry"": 0.09302, ""sl0"": 0.09196192889042536}",2024-07-02 06:00:00+00:00,2024-07-03 05:00:00+00:00,-1.0018308353341634,squeeze
BNB/USDT:USDT,short,538.9843536000001,505.49524557059675,557.0123772147017,86.809,2024-07-04T04:00:00+00:00,2024-07-05T02:00:00+00:00,2898.0889559720335,tp_hit,"{""trend"": 0.0, ""mean_rev"": 0.0, ""breakout"": -0.8, ""confidence"": 0.8, ""strategy"": ""donchian"", ""atr"": 8.586188607350826, ""slot"": ""BNB/USDT:USDT:donchian"", ""entry_fee_rate"": 0.0001, ""intended_entry"": 539.84, ""sl0"": 557.0123772147017, ""max_hold"": 120}",2024-07-04 04:00:00+00:00,2024-07-05 02:00:00+00:00,1.8576139428890799,donchian
ICP/USDT:USDT,short,7.0887465,6.296498189076329,7.501750905461835,3710.563,2024-07-04T04:00:00+00:00,2024-07-05T02:00:00+00:00,2934.720589956945,tp_hit,"{""trend"": 0.0, ""mean_rev"": 0.0, ""breakout"": -0.8, ""confidence"": 0.8, ""strategy"": ""donchian"", ""atr"": 0.20087545273091753, ""slot"": ""ICP/USDT:USDT:donchian"", ""entry_fee_rate"": 0.0001, ""intended_entry"": 7.1, ""sl0"": 7.501750905461835, ""max_hold"": 120}",2024-07-04 04:00:00+00:00,2024-07-05 02:00:00+00:00,1.9182563198999132,donchian
ADA/USDT:USDT,short,0.3231869355,0.34931546699176247,0.34930708362175555,66187.568,2024-07-05T04:00:00+00:00,2024-07-05T13:00:00+00:00,-1733.835084700679,sl_hit,"{""trend"": 0.0, ""mean_rev"": 0.0, ""breakout"": -0.8, ""confidence"": 0.8, ""strategy"": ""donchian"", ""atr"": 0.012803541810877773, ""slot"": ""ADA/USDT:USDT:donchian"", ""entry_fee_rate"": 0.0001, ""intended_entry"": 0.3237, ""sl0"": 0.34930708362175555, ""max_hold"": 120}",2024-07-05 04:00:00+00:00,2024-07-05 13:00:00+00:00,-1.0003209541526272,donchian
BNB/USDT:USDT,short,467.3580615,493.8814848568558,493.86963198568816,65.77,2024-07-05T04:00:00+00:00,2024-07-05T16:00:00+00:00,-1750.7676266767949,sl_hit,"{""trend"": 0.0, ""mean_rev"": 0.0, ""breakout"": -0.8, ""confidence"": 0.8, ""strategy"": ""donchian"", ""atr"": 12.884815992844057, ""slot"": ""BNB/USDT:USDT:donchian"", ""entry_fee_rate"": 0.0001, ""intended_entry"": 468.1, ""sl0"": 493.86963198568816, ""max_hold"": 120}",2024-07-05 04:00:00+00:00,2024-07-05 16:00:00+00:00,-1.0004470829509726,donchian
ETH/USDT:USDT,short,2915.4716415000003,3067.3233863874575,3067.24977239292,11.517,2024-07-05T04:00:00+00:00,2024-07-06T22:00:00+00:00,-1755.766930902463,sl_hit,"{""trend"": 0.0, ""mean_rev"": 0.0, ""breakout"": -0.8, ""confidence"": 0.8, ""strategy"": ""donchian"", ""atr"": 73.57488619645996, ""slot"": ""ETH/USDT:USDT:donchian"", ""entry_fee_rate"": 0.0001, ""intended_entry"": 2920.1, ""sl0"": 3067.24977239292, ""max_hold"": 120}",2024-07-05 04:00:00+00:00,2024-07-06 22:00:00+00:00,-1.0004850105486502,donchian
ICP/USDT:USDT,short,5.9255930249999995,6.444876959805059,6.444722286470184,3325.086,2024-07-05T04:00:00+00:00,2024-07-05T13:00:00+00:00,-1730.7770293012063,sl_hit,"{""trend"": 0.0, ""mean_rev"": 0.0, ""breakout"": -0.8, ""confidence"": 0.8, ""strategy"": ""donchian"", ""atr"": 0.2548611432350921, ""slot"": ""ICP/USDT:USDT:donchian"", ""entry_fee_rate"": 0.0001, ""intended_entry"": 5.935, ""sl0"": 6.444722286470184, ""max_hold"": 120}",2024-07-05 04:00:00+00:00,2024-07-05 13:00:00+00:00,-1.0002979476333835,donchian
BCH/USDT:USDT,short,297.21816135,320.0618668085551,320.05418550810293,74.45,2024-07-05T08:00:00+00:00,2024-07-05T15:00:00+00:00,-1705.3095211990692,sl_hit,"{""trend"": 0.0, ""mean_rev"": 0.0, ""breakout"": -0.8, ""confidence"": 0.8, ""strategy"": ""donchian"", ""atr"": 11.18209275405147, ""slot"": ""BCH/USDT:USDT:donchian"", ""entry_fee_rate"": 0.0001, ""intended_entry"": 297.69, ""sl0"": 320.05418550810293, ""max_hold"": 120}",2024-07-05 08:00:00+00:00,2024-07-05 15:00:00+00:00,-1.000336367679374,donchian
LTC/USDT:USDT,short,64.4,60.61020340199694,66.67342327414701,620.711,2024-07-06T16:00:00+00:00,2024-07-08T02:00:00+00:00,2348.606294146695,tp_hit,"{""trend"": 0.0, ""mean_rev"": -0.6361353770370195, ""breakout"": 0.0, ""confidence"": 0.6361353770370195, ""strategy"": ""mean_rev"", ""atr"": 0.7578077580490031, ""slot"": ""LTC/USDT:USDT"", ""entry_fee_rate"": 0.0, ""intended_entry"": 64.4, ""sl0"": 66.67342327414701}",2024-07-06 16:00:00+00:00,2024-07-08 02:00:00+00:00,1.667000000000002,mean_rev
BNB/USDT:USDT,short,502.92,515.5859937340277,515.5736199671485,116.44,2024-07-08T17:00:00+00:00,2024-07-09T03:00:00+00:00,-1480.8317937012268,sl_hit,"{""trend"": 0.0, ""mean_rev"": 0.0, ""breakout"": -0.7, ""confidence"": 0.7, ""strategy"": ""ifvg"", ""atr"": 9.178733223828097, ""slot"": ""BNB/USDT:USDT:ifvg"", ""entry_fee_rate"": 0.0, ""intended_entry"": 502.92, ""sl0"": 515.5736199671485, ""max_hold"": 24}",2024-07-08 17:00:00+00:00,2024-07-09 03:00:00+00:00,-1.0009778835551704,ifvg
BNB/USDT:USDT,short,523.48,528.172423257119,528.1597474231809,116.383,2024-07-10T18:00:00+00:00,2024-07-11T03:00:00+00:00,-552.2653250468743,sl_hit,"{""trend"": 0.0, ""mean_rev"": 0.0, ""breakout"": -0.7, ""confidence"": 0.7, ""strategy"": ""ifvg"", ""atr"": 4.499158077269859, ""slot"": ""BNB/USDT:USDT:ifvg"", ""entry_fee_rate"": 0.0, ""intended_entry"": 523.48, ""sl0"": 528.1597474231809, ""max_hold"": 24}",2024-07-10 18:00:00+00:00,2024-07-11 03:00:00+00:00,-1.0027086577098923,ifvg
LTC/USDT:USDT,short,70.07,70.53169272000001,71.70065987680903,857.655,2024-07-13T06:00:00+00:00,2024-07-15T07:00:00+00:00,-402.0222556635911,max_hold,"{""trend"": 0.0, ""mean_rev"": -0.6015214076955387, ""breakout"": 0.0, ""confidence"": 0.6015214076955387, ""strategy"": ""mean_rev"", ""atr"": 0.543553292269677, ""slot"": ""LTC/USDT:USDT"", ""entry_fee_rate"": 0.0, ""intended_entry"": 70.07, ""sl0"": 71.70065987680903}",2024-07-13 06:00:00+00:00,2024-07-15 07:00:00+00:00,-0.2831324462974353,mean_rev
ICP/USDT:USDT,long,8.33519037,9.31913433636426,7.823432831817869,2848.057,2024-07-13T20:00:00+00:00,2024-07-15T14:00:00+00:00,2797.300448705471,tp_hit,"{""trend"": 0.0, ""mean_rev"": 0.0, ""breakout"": 0.8, ""confidence"": 0.8, ""strategy"": ""donchian"", ""atr"": 0.24928358409106519, ""slot"": ""ICP/USDT:USDT:donchian"", ""entry_fee_rate"": 0.0001, ""intended_entry"": 8.322, ""sl0"": 7.823432831817869, ""max_hold"": 120}",2024-07-13 20:00:00+00:00,2024-07-15 14:00:00+00:00,1.9226760583917033,donchian
BNB/USDT:USDT,long,535.31,535.29715256,535.31,115.174,2024-07-14T03:00:00+00:00,2024-07-14T14:00:00+00:00,-7.644922479451455,sl_hit,"{""trend"": 0.0, ""mean_rev"": 0.0, ""breakout"": 0.7, ""confidence"": 0.7, ""strategy"": ""ifvg"", ""atr"": 3.2321377640817084, ""slot"": ""BNB/USDT:USDT:ifvg"", ""entry_fee_rate"": 0.0, ""intended_entry"": 535.31, ""sl0"": 531.7803586707755, ""max_hold"": 24}",2024-07-14 03:00:00+00:00,2024-07-14 14:00:00+00:00,,ifvg
XRP/USDT:USDT,long,0.5523741274999999,0.5378450534886267,0.5378579620797166,108913.685,2024-07-16T01:00:00+00:00,2024-07-16T08:00:00+00:00,-1594.2889690623097,sl_hit,"{""trend"": 0.0, ""mean_rev"": 0.0, ""breakout"": 1.0, ""confidence"": 1.0, ""strategy"": ""squeeze"", ""atr"": 0.006821018960141688, ""slot"": ""XRP/USDT:USDT:squeeze"", ""entry_fee_rate"": 0.0001, ""intended_entry"": 0.5515, ""sl0"": 0.5378579620797166}",2024-07-16 01:00:00+00:00,2024-07-16 08:00:00+00:00,-1.0008892562681806,squeeze
XLM/USDT:USDT,long,0.10589758205,0.10352703857511775,0.10352952328367655,602263.702,2024-07-16T02:00:00+00:00,2024-07-16T07:00:00+00:00,-1440.3051736652894,sl_hit,"{""trend"": 0.0, ""mean_rev"": 0.0, ""breakout"": 0.88, ""confidence"": 0.88, ""strategy"": ""squeeze"", ""atr"": 0.0011002383581617252, ""slot"": ""XLM/USDT:USDT:squeeze"", ""entry_fee_rate"": 0.0001, ""intended_entry"": 0.10573, ""sl0"": 0.10352952328367655}",2024-07-16 02:00:00+00:00,2024-07-16 07:00:00+00:00,-1.0010492596696254,squeeze
DOGE/USDT:USDT,short,0.11778301755000001,0.12101479033427592,0.12101188604901074,453532.385,2024-07-18T16:00:00+00:00,2024-07-19T06:00:00+00:00,-1476.5438725649994,sl_hit,"{""trend"": 0.0, ""mean_rev"": 0.0, ""breakout"": -0.84, ""confidence"": 0.84, ""strategy"": ""squeeze"", ""atr"": 0.001520943024505369, ""slot"": ""DOGE/USDT:USDT:squeeze"", ""entry_fee_rate"": 0.0001, ""intended_entry"": 0.11797, ""sl0"": 0.12101188604901074}",2024-07-18 16:00:00+00:00,2024-07-19 06:00:00+00:00,-1.0008994746196924,squeeze
BNB/USDT:USDT,long,574.18,583.6223174039325,574.18,99.116,2024-07-19T14:00:00+00:00,2024-07-19T17:00:00+00:00,930.1001008469949,tp_hit,"{""trend"": 0.0, ""mean_rev"": 0.0, ""breakout"": 0.7, ""confidence"": 0.7, ""strategy"": ""ifvg"", ""atr"": 3.970529006554216, ""slot"": ""BNB/USDT:USDT:ifvg"", ""entry_fee_rate"": 0.0, ""intended_entry"": 574.18, ""sl0"": 569.4588412980337, ""max_hold"": 24}",2024-07-19 14:00:00+00:00,2024-07-19 17:00:00+00:00,,ifvg
LTC/USDT:USDT,short,73.65,71.22415220903171,75.10521763105477,791.66,2024-07-20T18:00:00+00:00,2024-07-21T20:00:00+00:00,1914.8081309641768,tp_hit,"{""trend"": 0.0, ""mean_rev"": -0.6090989857974948, ""breakout"": 0.0, ""confidence"": 0.6090989857974948, ""strategy"": ""mean_rev"", ""atr"": 0.48507254368492037, ""slot"": ""LTC/USDT:USDT"", ""entry_fee_rate"": 0.0, ""intended_entry"": 73.65, ""sl0"": 75.10521763105477}",2024-07-20 18:00:00+00:00,2024-07-21 20:00:00+00:00,1.6669999999999983,mean_rev
BNB/USDT:USDT,long,598.32,598.3056403200001,598.32,102.249,2024-07-21T22:00:00+00:00,2024-07-22T07:00:00+00:00,-7.585878262026344,sl_hit,"{""trend"": 0.0, ""mean_rev"": 0.0, ""breakout"": 0.7, ""confidence"": 0.7, ""strategy"": ""ifvg"", ""atr"": 4.733388341505019, ""slot"": ""BNB/USDT:USDT:ifvg"", ""entry_fee_rate"": 0.0, ""intended_entry"": 598.32, ""sl0"": 593.5599834975485, ""max_hold"": 24}",2024-07-21 22:00:00+00:00,2024-07-22 07:00:00+00:00,,ifvg
BNB/USDT:USDT,short,580.87,587.0707820223737,587.0566926617498,105.301,2024-07-23T17:00:00+00:00,2024-07-24T10:00:00+00:00,-659.1304617797455,sl_hit,"{""trend"": 0.0, ""mean_rev"": 0.0, ""breakout"": -0.7, ""confidence"": 0.7, ""strategy"": ""ifvg"", ""atr"": 5.122308872499449, ""slot"": ""BNB/USDT:USDT:ifvg"", ""entry_fee_rate"": 0.0, ""intended_entry"": 580.87, ""sl0"": 587.0566926617498, ""max_hold"": 24}",2024-07-23 17:00:00+00:00,2024-07-24 10:00:00+00:00,-1.002277365531826,ifvg
XLM/USDT:USDT,long,0.10355387314999999,0.10130344660902524,0.10130587795009605,582047.8,2024-07-26T05:00:00+00:00,2024-07-27T19:00:00+00:00,-1321.7794924639275,sl_hit,"{""trend"": 0.0, ""mean_rev"": 0.0, ""breakout"": 0.9199999999999999, ""confidence"": 0.9199999999999999, ""strategy"": ""squeeze"", ""atr"": 0.0010420610249519725, ""slot"": ""XLM/USDT:USDT:squeeze"", ""entry_fee_rate"": 0.0001, ""intended_entry"": 0.10339, ""sl0"": 0.10130587795009605}",2024-07-26 05:00:00+00:00,2024-07-27 19:00:00+00:00,-1.001081559725266,squeeze
LTC/USDT:USDT,short,72.04,70.33823078792611,73.0608573557732,822.447,2024-07-27T14:00:00+00:00,2024-07-27T22:00:00+00:00,1393.830036472858,tp_hit,"{""trend"": 0.0, ""mean_rev"": -0.7280004433460399, ""breakout"": 0.0, ""confidence"": 0.7280004433460399, ""strategy"": ""mean_rev"", ""atr"": 0.3402857852577274, ""slot"": ""LTC/USDT:USDT"", ""entry_fee_rate"": 0.0, ""intended_entry"": 72.04, ""sl0"": 73.0608573557732}",2024-07-27 14:00:00+00:00,2024-07-27 22:00:00+00:00,1.666999999999994,mean_rev
LTC/USDT:USDT,long,70.72,73.2392842772599,69.2087316873066,852.46,2024-07-28T06:00:00+00:00,2024-07-29T05:00:00+00:00,2141.3457189654746,tp_hit,"{""trend"": 0.0, ""mean_rev"": 0.6126764814634437, ""breakout"": 0.0, ""confidence"": 0.6126764814634437, ""strategy"": ""mean_rev"", ""atr"": 0.5037561042311338, ""slot"": ""LTC/USDT:USDT"", ""entry_fee_rate"": 0.0, ""intended_entry"": 70.72, ""sl0"": 69.2087316873066}",2024-07-28 06:00:00+00:00,2024-07-29 05:00:00+00:00,1.6669999999999976,mean_rev
BCH/USDT:USDT,long,416.8196136,453.29746492573713,397.59126753713144,77.104,2024-07-28T20:00:00+00:00,2024-07-29T13:00:00+00:00,2805.879297897369,tp_hit,"{""trend"": 0.0, ""mean_rev"": 0.0, ""breakout"": 0.8, ""confidence"": 0.8, ""strategy"": ""donchian"", ""atr"": 9.28436623143428, ""slot"": ""BCH/USDT:USDT:donchian"", ""entry_fee_rate"": 0.0001, ""intended_entry"": 416.16, ""sl0"": 397.59126753713144, ""max_hold"": 120}",2024-07-28 20:00:00+00:00,2024-07-29 13:00:00+00:00,1.8970873109143094,donchian
DOGE/USDT:USDT,short,0.12563055945,0.11893772843043812,0.12858690862782474,538081.82,2024-07-30T18:00:00+00:00,2024-08-01T06:00:00+00:00,3588.130921012618,tp_hit,"{""trend"": 0.0, ""mean_rev"": 0.0, ""breakout"": -0.9199999999999999, ""confidence"": 0.9199999999999999, ""strategy"": ""squeeze"", ""atr"": 0.0013784543139123758, ""slot"": ""DOGE/USDT:USDT:squeeze"", ""entry_fee_rate"": 0.0001, ""intended_entry"": 0.12583, ""sl0"": 0.12858690862782474}",2024-07-30 18:00:00+00:00,2024-08-01 06:00:00+00:00,2.2638838029567476,squeeze
BNB/USDT:USDT,long,589.91,585.8949923301603,585.9090541474599,113.694,2024-07-31T19:00:00+00:00,2024-07-31T21:00:00+00:00,-463.14355654054583,sl_hit,"{""trend"": 0.0, ""mean_rev"": 0.0, ""breakout"": 0.7, ""confidence"": 0.7, ""strategy"": ""ifvg"", ""atr"": 3.5698195084672317, ""slot"": ""BNB/USDT:USDT:ifvg"", ""entry_fee_rate"": 0.0, ""intended_entry"": 589.91, ""sl0"": 585.9090541474599, ""max_hold"": 24}",2024-07-31 19:00:00+00:00,2024-07-31 21:00:00+00:00,-1.0035146232460526,ifvg
ADA/USDT:USDT,short,0.37750071150000003,0.3430129344480721,0.3956435327759639,96286.234,2024-08-01T16:00:00+00:00,2024-08-04T18:00:00+00:00,3313.7606168103653,tp_hit,"{""trend"": 0.0, ""mean_rev"": 0.0, ""breakout"": -0.8, ""confidence"": 0.8, ""strategy"": ""donchian"", ""atr"": 0.00877176638798197, ""slot"": ""ADA/USDT:USDT:donchian"", ""entry_fee_rate"": 0.0001, ""intended_entry"": 0.3781, ""sl0"": 0.3956435327759639, ""max_hold"": 120}",2024-08-01 16:00:00+00:00,2024-08-04 18:00:00+00:00,1.9009048552783934,donchian
BNB/USDT:USDT,short,558.24377895,575.7854952760698,575.7716767558277,101.504,2024-08-01T16:00:00+00:00,2024-08-02T00:00:00+00:00,-1792.0652247064966,sl_hit,"{""trend"": 0.0, ""mean_rev"": 0.0, ""breakout"": -0.8, ""confidence"": 0.8, ""strategy"": ""donchian"", ""atr"": 8.32083837791383, ""slot"": ""BNB/USDT:USDT:donchian"", ""entry_fee_rate"": 0.0001, ""intended_entry"": 559.13, ""sl0"": 575.7716767558277, ""max_hold"": 120}",2024-08-01 16:00:00+00:00,2024-08-02 00:00:00+00:00,-1.0007883729352605,donchian
NEAR/USDT:USDT,short,4.73648076,5.04738531253163,5.047264178191353,5529.472,2024-08-01T20:00:00+00:00,2024-08-02T00:00:00+00:00,-1724.547979246159,sl_hit,"{""trend"": 0.0, ""mean_rev"": 0.0, ""breakout"": -0.8, ""confidence"": 0.8, ""strategy"": ""donchian"", ""atr"": 0.15163208909567694, ""slot"": ""NEAR/USDT:USDT:donchian"", ""entry_fee_rate"": 0.0001, ""intended_entry"": 4.744, ""sl0"": 5.047264178191353, ""max_hold"": 120}",2024-08-01 20:00:00+00:00,2024-08-02 00:00:00+00:00,-1.0003897709246576,donchian
ETH/USDT:USDT,short,3032.6955466500003,2760.536255631632,3175.996872184184,11.547,2024-08-02T16:00:00+00:00,2024-08-04T19:00:00+00:00,3135.933888627007,tp_hit,"{""trend"": 0.0, ""mean_rev"": 0.0, ""breakout"": -0.8, ""confidence"": 0.8, ""strategy"": ""donchian"", ""atr"": 69.24343609209208, ""slot"": ""ETH/USDT:USDT:donchian"", ""entry_fee_rate"": 0.0001, ""intended_entry"": 3037.51, ""sl0"": 3175.996872184184, ""max_hold"": 120}",2024-08-02 16:00:00+00:00,2024-08-04 19:00:00+00:00,1.8992098642761415,donchian
SOL/USDT:USDT,short,156.39072718500003,132.56915455852405,168.67392272073798,132.875,2024-08-02T16:00:00+00:00,2024-08-04T19:00:00+00:00,3161.451908314329,tp_hit,"{""trend"": 0.0, ""mean_rev"": 0.0, ""breakout"": -0.8, ""confidence"": 0.8, ""strategy"": ""donchian"", ""atr"": 6.017461360368988, ""slot"": ""SOL/USDT:USDT:donchian"", ""entry_fee_rate"": 0.0001, ""intended_entry"": 156.639, ""sl0"": 168.67392272073798, ""max_hold"": 120}",2024-08-02 16:00:00+00:00,2024-08-04 19:00:00+00:00,1.9393628113439325,donchian
XLM/USDT:USDT,short,0.09192406905,0.0870826333160553,0.09406494667357788,825928.01,2024-08-03T18:00:00+00:00,2024-08-04T19:00:00+00:00,3983.892716333651,tp_hit,"{""trend"": 0.0, ""mean_rev"": 0.0, ""breakout"": -0.9199999999999999, ""confidence"": 0.9199999999999999, ""strategy"": ""squeeze"", ""atr"": 0.0009974733367889396, ""slot"": ""XLM/USDT:USDT:squeeze"", ""entry_fee_rate"": 0.0001, ""intended_entry"": 0.09207, ""sl0"": 0.09406494667357788}",2024-08-03 18:00:00+00:00,2024-08-04 19:00:00+00:00,2.261425725891602,squeeze
BNB/USDT:USDT,short,501.0246153,457.36051439124117,524.0497428043794,85.509,2024-08-04T16:00:00+00:00,2024-08-05T03:00:00+00:00,3725.4785492015817,tp_hit,"{""trend"": 0.0, ""mean_rev"": 0.0, ""breakout"": -0.8, ""confidence"": 0.8, ""strategy"": ""donchian"", ""atr"": 11.114871402189708, ""slot"": ""BNB/USDT:USDT:donchian"", ""entry_fee_rate"": 0.0001, ""intended_entry"": 501.82, ""sl0"": 524.0497428043794, ""max_hold"": 120}",2024-08-04 16:00:00+00:00,2024-08-05 03:00:00+00:00,1.8963673882133247,donchian
ETH/USDT:USDT,short,2751.6816607500004,2449.520577662909,2909.3147111685457,13.187,2024-08-04T20:00:00+00:00,2024-08-05T03:00:00+00:00,3977.7393772776786,tp_hit,"{""trend"": 0.0, ""mean_rev"": 0.0, ""breakout"": -0.8, ""confidence"": 0.8, ""strategy"": ""donchian"", ""atr"": 76.63235558427273, ""slot"": ""ETH/USDT:USDT:donchian"", ""entry_fee_rate"": 0.0001, ""intended_entry"": 2756.05, ""sl0"": 2909.3147111685457, ""max_hold"": 120}",2024-08-04 20:00:00+00:00,2024-08-05 03:00:00+00:00,1.9168637686373324,donchian
ETH/USDT:USDT,short,2308.7148777,2538.7923386620537,2538.731409108235,10.212,2024-08-05T04:00:00+00:00,2024-08-06T02:00:00+00:00,-2354.5013057138385,sl_hit,"{""trend"": 0.0, ""mean_rev"": 0.0, ""breakout"": -0.8, ""confidence"": 0.8, ""strategy"": ""donchian"", ""atr"": 113.17570455411735, ""slot"": ""ETH/USDT:USDT:donchian"", ""entry_fee_rate"": 0.0001, ""intended_entry"": 2312.38, ""sl0"": 2538.731409108235, ""max_hold"": 120}",2024-08-05 04:00:00+00:00,2024-08-06 02:00:00+00:00,-1.0002648920642607,donchian
LTC/USDT:USDT,short,60.92,60.42145008,62.46612029698095,1441.77,2024-08-10T09:00:00+00:00,2024-08-12T10:00:00+00:00,710.0829347502189,max_hold,"{""trend"": 0.0, ""mean_rev"": -0.6011316467513915, ""breakout"": 0.0, ""confidence"": 0.6011316467513915, ""strategy"": ""mean_rev"", ""atr"": 0.5153734323269821, ""slot"": ""LTC/USDT:USDT"", ""entry_fee_rate"": 0.0, ""intended_entry"": 60.92, ""sl0"": 62.46612029698095}",2024-08-10 09:00:00+00:00,2024-08-12 10:00:00+00:00,0.32245221861035206,mean_rev
DOGE/USDT:USDT,long,0.10538677369999999,0.10960020007952934,0.10346791996818826,902611.1,2024-08-10T23:00:00+00:00,2024-08-11T03:00:00+00:00,3783.680456307118,tp_hit,"{""trend"": 0.0, ""mean_rev"": 0.0, ""breakout"": 1.0, ""confidence"": 1.0, ""strategy"": ""squeeze"", ""atr"": 0.0008760400159058677, ""slot"": ""DOGE/USDT:USDT:squeeze"", ""entry_fee_rate"": 0.0001, ""intended_entry"": 0.10522, ""sl0"": 0.10346791996818826}",2024-08-10 23:00:00+00:00,2024-08-11 03:00:00+00:00,2.195803833130695,squeeze
XLM/USDT:USDT,long,0.10303304895,0.10156365858119254,0.10156609616750056,1155309.109,2024-08-11T03:00:00+00:00,2024-08-11T11:00:00+00:00,-1721.2373217483448,sl_hit,"{""trend"": 0.0, ""mean_rev"": 0.0, ""breakout"": 0.8, ""confidence"": 0.8, ""strategy"": ""squeeze"", ""atr"": 0.0006519519162497197, ""slot"": ""XLM/USDT:USDT:squeeze"", ""entry_fee_rate"": 0.0001, ""intended_entry"": 0.10287, ""sl0"": 0.10156609616750056}",2024-08-11 03:00:00+00:00,2024-08-11 11:00:00+00:00,-1.0016616665083593,squeeze
BNB/USDT:USDT,short,518.46,523.4377302979867,523.4251680939525,192.288,2024-08-12T14:00:00+00:00,2024-08-12T16:00:00+00:00,-967.222882967617,sl_hit,"{""trend"": 0.0, ""mean_rev"": 0.0, ""breakout"": -0.7, ""confidence"": 0.7, ""strategy"": ""ifvg"", ""atr"": 6.150560313174936, ""slot"": ""BNB/USDT:USDT:ifvg"", ""entry_fee_rate"": 0.0, ""intended_entry"": 518.46, ""sl0"": 523.4251680939525, ""max_hold"": 24}",2024-08-12 14:00:00+00:00,2024-08-12 16:00:00+00:00,-1.0025300662125671,ifvg
DOGE/USDT:USDT,long,0.1044452838,0.10215186475682836,0.10215431646042342,942107.643,2024-08-15T16:00:00+00:00,2024-08-15T19:00:00+00:00,-2180.1112844414865,sl_hit,"{""trend"": 0.0, ""mean_rev"": 0.0, ""breakout"": 0.88, ""confidence"": 0.88, ""strategy"": ""squeeze"", ""atr"": 0.0010628417697882895, ""slot"": ""DOGE/USDT:USDT:squeeze"", ""entry_fee_rate"": 0.0001, ""intended_entry"": 0.10428, ""sl0"": 0.10215431646042342}",2024-08-15 16:00:00+00:00,2024-08-15 19:00:00+00:00,-1.0010701608672914,squeeze
XRP/USDT:USDT,short,0.5550188985,0.5666798370403479,0.5666662370506587,170845.148,2024-08-15T20:00:00+00:00,2024-08-16T05:00:00+00:00,-2011.378449393119,sl_hit,"{""trend"": 0.0, ""mean_rev"": 0.0, ""breakout"": -1.0, ""confidence"": 1.0, ""strategy"": ""squeeze"", ""atr"": 0.005383118525329382, ""slot"": ""XRP/USDT:USDT:squeeze"", ""entry_fee_rate"": 0.0001, ""intended_entry"": 0.5559, ""sl0"": 0.5666662370506587}",2024-08-15 20:00:00+00:00,2024-08-16 05:00:00+00:00,-1.0011676478390357,squeeze
BNB/USDT:USDT,long,526.36,543.1436271614315,526.36,174.701,2024-08-17T11:00:00+00:00,2024-08-17T21:00:00+00:00,2922.627675248366,tp_hit,"{""trend"": 0.0, ""mean_rev"": 0.0, ""breakout"": 0.7, ""confidence"": 0.7, ""strategy"": ""ifvg"", ""atr"": 3.1727119357189566, ""slot"": ""BNB/USDT:USDT:ifvg"", ""entry_fee_rate"": 0.0, ""intended_entry"": 526.36, ""sl0"": 517.9681864192843, ""max_hold"": 24}",2024-08-17 11:00:00+00:00,2024-08-17 21:00:00+00:00,,ifvg
LTC/USDT:USDT,short,67.23,66.751602,68.8891486399544,1304.749,2024-08-17T12:00:00+00:00,2024-08-19T13:00:00+00:00,615.4799035062083,max_hold,"{""trend"": 0.0, ""mean_rev"": -0.6608902847140464, ""breakout"": 0.0, ""confidence"": 0.6608902847140464, ""strategy"": ""mean_rev"", ""atr"": 0.5530495466514629, ""slot"": ""LTC/USDT:USDT"", ""entry_fee_rate"": 0.0, ""intended_entry"": 67.23, ""sl0"": 68.8891486399544}",2024-08-17 12:00:00+00:00,2024-08-19 13:00:00+00:00,0.28833944619521745,mean_rev
XRP/USDT:USDT,long,0.5722055105,0.5642126432237312,0.5642261846521629,170722.102,2024-08-18T15:00:00+00:00,2024-08-19T01:00:00+00:00,-1383.960272007092,sl_hit,"{""trend"": 0.0, ""mean_rev"": 0.0, ""breakout"": 1.0, ""confidence"": 1.0, ""strategy"": ""squeeze"", ""atr"": 0.0035369076739185886, ""slot"": ""XRP/USDT:USDT:squeeze"", ""entry_fee_rate"": 0.0001, ""intended_entry"": 0.5713, ""sl0"": 0.5642261846521629}",2024-08-18 15:00:00+00:00,2024-08-19 01:00:00+00:00,-1.0016970642244614,squeeze
BNB/USDT:USDT,long,536.0,532.0096970050039,532.022465544177,179.881,2024-08-19T05:00:00+00:00,2024-08-19T12:00:00+00:00,-727.3495366735916,sl_hit,"{""trend"": 0.0, ""mean_rev"": 0.0, ""breakout"": 0.7, ""confidence"": 0.7, ""strategy"": ""ifvg"", ""atr"": 3.091781519410484, ""slot"": ""BNB/USDT:USDT:ifvg"", ""entry_fee_rate"": 0.0, ""intended_entry"": 536.0, ""sl0"": 532.022465544177, ""max_hold"": 24}",2024-08-19 05:00:00+00:00,2024-08-19 12:00:00+00:00,-1.0032101643153268,ifvg
BNB/USDT:USDT,long,554.1769804999999,584.885675817136,537.507162091432,139.023,2024-08-19T20:00:00+00:00,2024-08-22T15:00:00+00:00,4253.379358307289,tp_hit,"{""trend"": 0.0, ""mean_rev"": 0.0, ""breakout"": 0.8, ""confidence"": 0.8, ""strategy"": ""donchian"", ""atr"": 7.896418954283993, ""slot"": ""BNB/USDT:USDT:donchian"", ""entry_fee_rate"": 0.0001, ""intended_entry"": 553.3, ""sl0"": 537.507162091432, ""max_hold"": 120}",2024-08-19 20:00:00+00:00,2024-08-22 15:00:00+00:00,1.8421733557308828,donchian
ADA/USDT:USDT,long,0.37679627699999996,0.3675911776,0.360282336902964,140886.916,2024-08-21T20:00:00+00:00,2024-08-26T21:00:00+00:00,-1307.3655112182148,max_hold,"{""trend"": 0.0, ""mean_rev"": 0.0, ""breakout"": 0.8, ""confidence"": 0.8, ""strategy"": ""donchian"", ""atr"": 0.007958831548517984, ""slot"": ""ADA/USDT:USDT:donchian"", ""entry_fee_rate"": 0.0001, ""intended_entry"": 0.3762, ""sl0"": 0.360282336902964, ""max_hold"": 120}",2024-08-21 20:00:00+00:00,2024-08-26 21:00:00+00:00,-0.5574138785723329,donchian
ICP/USDT:USDT,long,8.033713285000001,8.742819308183437,7.660090345908283,6398.965,2024-08-22T16:00:00+00:00,2024-08-24T19:00:00+00:00,4526.809379151481,tp_hit,"{""trend"": 0.0, ""mean_rev"": 0.0, ""breakout"": 0.8, ""confidence"": 0.8, ""strategy"": ""donchian"", ""atr"": 0.180454827045859, ""slot"": ""ICP/USDT:USDT:donchian"", ""entry_fee_rate"": 0.0001, ""intended_entry"": 8.021, ""sl0"": 7.660090345908283, ""max_hold"": 120}",2024-08-22 16:00:00+00:00,2024-08-24 19:00:00+00:00,1.897918861479118,donchian
NEAR/USDT:USDT,long,5.24630223,4.969152569394676,4.9692718319186415,9706.542,2024-08-24T20:00:00+00:00,2024-08-25T02:00:00+00:00,-2700.080495057273,sl_hit,"{""trend"": 0.0, ""mean_rev"": 0.0, ""breakout"": 0.8, ""confidence"": 0.8, ""strategy"": ""donchian"", ""atr"": 0.13436408404067965, ""slot"": ""NEAR/USDT:USDT:donchian"", ""entry_fee_rate"": 0.0001, ""intended_entry"": 5.238, ""sl0"": 4.9692718319186415, ""max_hold"": 120}",2024-08-24 20:00:00+00:00,2024-08-25 02:00:00+00:00,-1.0004305033844367,donchian
XRP/USDT:USDT,short,0.593857242,0.5746212104634721,0.6028715158146112,173603.164,2024-08-26T08:00:00+00:00,2024-08-27T23:00:00+00:00,3319.15078190367,tp_hit,"{""trend"": 0.0, ""mean_rev"": 0.0, ""breakout"": -0.96, ""confidence"": 0.96, ""strategy"": ""squeeze"", ""atr"": 0.004035757907305569, ""slot"": ""XRP/USDT:USDT:squeeze"", ""entry_fee_rate"": 0.0001, ""intended_entry"": 0.5948, ""sl0"": 0.6028715158146112}",2024-08-26 08:00:00+00:00,2024-08-27 23:00:00+00:00,2.13395243279035,squeeze
DOGE/USDT:USDT,short,0.10716986610000001,0.10185148937992956,0.10953540424802818,958704.028,2024-08-26T14:00:00+00:00,2024-08-27T23:00:00+00:00,5078.710222409304,tp_hit,"{""trend"": 0.0, ""mean_rev"": 0.0, ""breakout"": -1.0, ""confidence"": 1.0, ""strategy"": ""squeeze"", ""atr"": 0.0010977021240140895, ""slot"": ""DOGE/USDT:USDT:squeeze"", ""entry_fee_rate"": 0.0001, ""intended_entry"": 0.10734, ""sl0"": 0.10953540424802818}",2024-08-26 14:00:00+00:00,2024-08-27 23:00:00+00:00,2.248273495189098,squeeze
ETH/USDT:USDT,short,2452.0872717,2561.9667357839776,2561.905250057976,25.079,2024-08-28T00:00:00+00:00,2024-08-29T13:00:00+00:00,-2768.2418258074376,sl_hit,"{""trend"": 0.0, ""mean_rev"": 0.0, ""breakout"": -0.8, ""confidence"": 0.8, ""strategy"": ""donchian"", ""atr"": 52.96262502898804, ""slot"": ""ETH/USDT:USDT:donchian"", ""entry_fee_rate"": 0.0001, ""intended_entry"": 2455.98, ""sl0"": 2561.905250057976, ""max_hold"": 120}",2024-08-28 00:00:00+00:00,2024-08-29 13:00:00+00:00,-1.0005598876151331,donchian
BNB/USDT:USDT,short,531.89,539.0656352375407,539.0526979727894,210.614,2024-08-28T19:00:00+00:00,2024-08-28T22:00:00+00:00,-1522.6427168893988,sl_hit,"{""trend"": 0.0, ""mean_rev"": 0.0, ""breakout"": -0.7, ""confidence"": 0.7, ""strategy"": ""ifvg"", ""atr"": 6.6756599092979325, ""slot"": ""BNB/USDT:USDT:ifvg"", ""entry_fee_rate"": 0.0, ""intended_entry"": 531.89, ""sl0"": 539.0526979727894, ""max_hold"": 24}",2024-08-28 19:00:00+00:00,2024-08-28 22:00:00+00:00,-1.0018061999543355,ifvg
XRP/USDT:USDT,short,0.5613089130000001,0.5676136224,0.5719262546393534,191062.835,2024-08-29T20:00:00+00:00,2024-08-31T21:00:00+00:00,-1226.165165826029,max_hold,"{""trend"": 0.0, ""mean_rev"": 0.0, ""breakout"": -1.0, ""confidence"": 1.0, ""strategy"": ""squeeze"", ""atr"": 0.004863127319676689, ""slot"": ""XRP/USDT:USDT:squeeze"", ""entry_fee_rate"": 0.0001, ""intended_entry"": 0.5622, ""sl0"": 0.5719262546393534}",2024-08-29 20:00:00+00:00,2024-08-31 21:00:00+00:00,-0.5938124263263257,squeeze
LTC/USDT:USDT,short,64.9,65.39156936,66.44409188458003,1595.401,2024-09-01T21:00:00+00:00,2024-09-03T22:00:00+00:00,-794.6828260282109,max_hold,"{""trend"": 0.0, ""mean_rev"": -0.6265632694378925, ""breakout"": 0.0, ""confidence"": 0.6265632694378925, ""strategy"": ""mean_rev"", ""atr"": 0.5146972948600103, ""slot"": ""LTC/USDT:USDT"", ""entry_fee_rate"": 0.0, ""intended_entry"": 64.9, ""sl0"": 66.44409188458003}",2024-09-01 21:00:00+00:00,2024-09-03 22:00:00+00:00,-0.31835499228318287,mean_rev
ETH/USDT:USDT,short,2285.3919033,2324.9157966400003,2401.6713071840886,21.62,2024-09-06T16:00:00+00:00,2024-09-11T17:00:00+00:00,-864.4740592580722,max_hold,"{""trend"": 0.0, ""mean_rev"": 0.0, ""breakout"": -0.8, ""confidence"": 0.8, ""strategy"": ""donchian"", ""atr"": 56.32565359204442, ""slot"": ""ETH/USDT:USDT:donchian"", ""entry_fee_rate"": 0.0001, ""intended_entry"": 2289.02, ""sl0"": 2401.6713071840886, ""max_hold"": 120}",2024-09-06 16:00:00+00:00,2024-09-11 17:00:00+00:00,-0.33990450604131883,donchian
BNB/USDT:USDT,short,499.18,491.4265930718868,499.18,209.735,2024-09-08T14:00:00+00:00,2024-09-08T16:00:00+00:00,1615.8538664180244,tp_hit,"{""trend"": 0.0, ""mean_rev"": 0.0, ""breakout"": -0.7, ""confidence"": 0.7, ""strategy"": ""ifvg"", ""atr"": 3.389011546855287, ""slot"": ""BNB/USDT:USDT:ifvg"", ""entry_fee_rate"": 0.0, ""intended_entry"": 499.18, ""sl0"": 503.0567034640566, ""max_hold"": 24}",2024-09-08 14:00:00+00:00,2024-09-08 16:00:00+00:00,,ifvg
ICP/USDT:USDT,long,8.93814454,8.479975664625638,8.480179188926172,5440.988,2024-09-11T00:00:00+00:00,2024-09-11T07:00:00+00:00,-2502.368531186992,sl_hit,"{""trend"": 0.0, ""mean_rev"": 0.0, ""breakout"": 0.8, ""confidence"": 0.8, ""strategy"": ""donchian"", ""atr"": 0.2219104055369132, ""slot"": ""ICP/USDT:USDT:donchian"", ""entry_fee_rate"": 0.0001, ""intended_entry"": 8.924, ""sl0"": 8.480179188926172, ""max_hold"": 120}",2024-09-11 00:00:00+00:00,2024-09-11 07:00:00+00:00,-1.0004444098228333,donchian
BNB/USDT:USDT,long,544.060972,534.70716672,524.9738257231563,130.271,2024-09-12T04:00:00+00:00,2024-09-17T05:00:00+00:00,-1232.582788050794,max_hold,"{""trend"": 0.0, ""mean_rev"": 0.0, ""breakout"": 0.8, ""confidence"": 0.8, ""strategy"": ""donchian"", ""atr"": 9.113087138421886, ""slot"": ""BNB/USDT:USDT:donchian"", ""entry_fee_rate"": 0.0001, ""intended_entry"": 543.2, ""sl0"": 524.9738257231563, ""max_hold"": 120}",2024-09-12 04:00:00+00:00,2024-09-17 05:00:00+00:00,-0.49005781924288505,donchian
XLM/USDT:USDT,long,0.09423913264999999,0.09668767944,0.09251770417538838,1073849.346,2024-09-12T17:00:00+00:00,2024-09-14T18:00:00+00:00,2608.867705862234,max_hold,"{""trend"": 0.0, ""mean_rev"": 0.0, ""breakout"": 0.88, ""confidence"": 0.88, ""strategy"": ""squeeze"", ""atr"": 0.0007861479123058098, ""slot"": ""XLM/USDT:USDT:squeeze"", ""entry_fee_rate"": 0.0001, ""intended_entry"": 0.09409, ""sl0"": 0.09251770417538838}",2024-09-12 17:00:00+00:00,2024-09-14 18:00:00+00:00,1.4223924061395856,squeeze
XRP/USDT:USDT,long,0.5781148620000001,0.5995743820313588,0.5682502471874565,185516.077,2024-09-14T04:00:00+00:00,2024-09-14T23:00:00+00:00,3959.237941672814,tp_hit,"{""trend"": 0.0, ""mean_rev"": 0.0, ""breakout"": 0.8, ""confidence"": 0.8, ""strategy"": ""squeeze"", ""atr"": 0.004474876406271744, ""slot"": ""XRP/USDT:USDT:squeeze"", ""entry_fee_rate"": 0.0001, ""intended_entry"": 0.5772, ""sl0"": 0.5682502471874565}",2024-09-14 04:00:00+00:00,2024-09-14 23:00:00+00:00,2.175403747551453,squeeze
XLM/USDT:USDT,long,0.0969734597,0.09568842539663423,0.09569072197396161,1139380.181,2024-09-14T19:00:00+00:00,2024-09-15T23:00:00+00:00,-1486.0941305114177,sl_hit,"{""trend"": 0.0, ""mean_rev"": 0.0, ""breakout"": 1.0, ""confidence"": 1.0, ""strategy"": ""squeeze"", ""atr"": 0.0005646390130191985, ""slot"": ""XLM/USDT:USDT:squeeze"", ""entry_fee_rate"": 0.0001, ""intended_entry"": 0.09682, ""sl0"": 0.09569072197396161}",2024-09-14 19:00:00+00:00,2024-09-15 23:00:00+00:00,-1.0017903717032413,squeeze
BNB/USDT:USDT,long,543.39,543.37695864,543.39,197.89,2024-09-17T14:00:00+00:00,2024-09-17T21:00:00+00:00,-13.333641364924652,sl_hit,"{""trend"": 0.0, ""mean_rev"": 0.0, ""breakout"": 0.7, ""confidence"": 0.7, ""strategy"": ""ifvg"", ""atr"": 3.6201532172479123, ""slot"": ""BNB/USDT:USDT:ifvg"", ""entry_fee_rate"": 0.0, ""intended_entry"": 543.39, ""sl0"": 538.2239540348256, ""max_hold"": 24}",2024-09-17 14:00:00+00:00,2024-09-17 21:00:00+00:00,,ifvg
BNB/USDT:USDT,long,565.72525555,597.7953268159883,548.347336592006,152.196,2024-09-19T16:00:00+00:00,2024-09-23T04:00:00+00:00,4863.228248542979,tp_hit,"{""trend"": 0.0, ""mean_rev"": 0.0, ""breakout"": 0.8, ""confidence"": 0.8, ""strategy"": ""donchian"", ""atr"": 8.24133170399707, ""slot"": ""BNB/USDT:USDT:donchian"", ""entry_fee_rate"": 0.0001, ""intended_entry"": 564.83, ""sl0"": 548.347336592006, ""max_hold"": 120}",2024-09-19 16:00:00+00:00,2024-09-23 04:00:00+00:00,1.8454494662743033,donchian
LTC/USDT:USDT,short,66.32,67.44765923646548,67.44604053149273,1687.458,2024-09-21T15:00:00+00:00,2024-09-22T07:00:00+00:00,-1914.259109063568,sl_hit,"{""trend"": 0.0, ""mean_rev"": -0.6372299666162292, ""breakout"": 0.0, ""confidence"": 0.6372299666162292, ""strategy"": ""mean_rev"", ""atr"": 0.37534684383091105, ""slot"": ""LTC/USDT:USDT"", ""entry_fee_rate"": 0.0, ""intended_entry"": 66.32, ""sl0"": 67.44604053149273}",2024-09-21 15:00:00+00:00,2024-09-22 07:00:00+00:00,-1.0014375192788225,mean_rev
NEAR/USDT:USDT,long,5.16016592,5.868706922403713,4.793646538798144,7288.405,2024-09-23T16:00:00+00:00,2024-09-26T18:00:00+00:00,5156.09549542734,tp_hit,"{""trend"": 0.0, ""mean_rev"": 0.0, ""breakout"": 0.8, ""confidence"": 0.8, ""strategy"": ""donchian"", ""atr"": 0.17917673060092823, ""slot"": ""NEAR/USDT:USDT:donchian"", ""entry_fee_rate"": 0.0001, ""intended_entry"": 5.152, ""sl0"": 4.793646538798144, ""max_hold"": 120}",2024-09-23 16:00:00+00:00,2024-09-26 18:00:00+00:00,1.9331610789048361,donchian
BNB/USDT:USDT,long,613.4307491,594.1573811690236,594.1716412884144,142.113,2024-09-23T20:00:00+00:00,2024-09-25T08:00:00+00:00,-2756.1575339705423,sl_hit,"{""trend"": 0.0, ""mean_rev"": 0.0, ""breakout"": 0.8, ""confidence"": 0.8, ""strategy"": ""donchian"", ""atr"": 9.144179355792804, ""slot"": ""BNB/USDT:USDT:donchian"", ""entry_fee_rate"": 0.0001, ""intended_entry"": 612.46, ""sl0"": 594.1716412884144, ""max_hold"": 120}",2024-09-23 20:00:00+00:00,2024-09-25 08:00:00+00:00,-1.0007404350985722,donchian
ADA/USDT:USDT,long,0.372389303,0.3985379786447488,0.3584310106776256,192789.384,2024-09-24T16:00:00+00:00,2024-09-26T10:00:00+00:00,5026.324410393219,tp_hit,"{""trend"": 0.0, ""mean_rev"": 0.0, ""breakout"": 0.8, ""confidence"": 0.8, ""strategy"": ""donchian"", ""atr"": 0.006684494661187201, ""slot"": ""ADA/USDT:USDT:donchian"", ""entry_fee_rate"": 0.0001, ""intended_entry"": 0.3718, ""sl0"": 0.3584310106776256, ""max_hold"": 120}",2024-09-24 16:00:00+00:00,2024-09-26 10:00:00+00:00,1.8733434607064294,donchian
BCH/USDT:USDT,long,354.20051939999996,341.39410863230296,341.40230228755786,224.202,2024-09-25T04:00:00+00:00,2024-09-26T01:00:00+00:00,-2886.818277618613,sl_hit,"{""trend"": 0.0, ""mean_rev"": 0.0, ""breakout"": 0.8, ""confidence"": 0.8, ""strategy"": ""donchian"", ""atr"": 6.118848856221061, ""slot"": ""BCH/USDT:USDT:donchian"", ""entry_fee_rate"": 0.0001, ""intended_entry"": 353.64, ""sl0"": 341.40230228755786, ""max_hold"": 120}",2024-09-25 04:00:00+00:00,2024-09-26 01:00:00+00:00,-1.0006402184916001,donchian
BNB/USDT:USDT,long,601.05,595.3286788157379,595.342967046947,197.561,2024-09-26T18:00:00+00:00,2024-09-26T20:00:00+00:00,-1142.0713073955415,sl_hit,"{""trend"": 0.0, ""mean_rev"": 0.0, ""breakout"": 0.7, ""confidence"": 0.7, ""strategy"": ""ifvg"", ""atr"": 4.823443176843057, ""slot"": ""BNB/USDT:USDT:ifvg"", ""entry_fee_rate"": 0.0, ""intended_entry"": 601.05, ""sl0"": 595.342967046947, ""max_hold"": 24}",2024-09-26 18:00:00+00:00,2024-09-26 20:00:00+00:00,-1.0025036181368903,ifvg
XLM/USDT:USDT,long,0.09954753315,0.10275579316580218,0.09804368273367914,1177496.995,2024-09-28T01:00:00+00:00,2024-09-29T17:00:00+00:00,3753.8953719041715,tp_hit,"{""trend"": 0.0, ""mean_rev"": 0.0, ""breakout"": 1.0, ""confidence"": 1.0, ""strategy"": ""squeeze"", ""atr"": 0.0006731586331604352, ""slot"": ""XLM/USDT:USDT:squeeze"", ""entry_fee_rate"": 0.0001, ""intended_entry"": 0.09939, ""sl0"": 0.09804368273367914}",2024-09-28 01:00:00+00:00,2024-09-29 17:00:00+00:00,2.1333637847114457,squeeze
XRP/USDT:USDT,long,0.60896368,0.5987290044136054,0.5987433742545876,194265.12,2024-09-28T08:00:00+00:00,2024-09-28T10:00:00+00:00,-2011.7017373780845,sl_hit,"{""trend"": 0.0, ""mean_rev"": 0.0, ""breakout"": 1.0, ""confidence"": 1.0, ""strategy"": ""squeeze"", ""atr"": 0.004628312872706207, ""slot"": ""XRP/USDT:USDT:squeeze"", ""entry_fee_rate"": 0.0001, ""intended_entry"": 0.608, ""sl0"": 0.5987433742545876}",2024-09-28 08:00:00+00:00,2024-09-28 10:00:00+00:00,-1.001406008914027,squeeze
BCH/USDT:USDT,short,327.35032605000004,323.91777384000005,343.01317785628555,184.354,2024-10-01T16:00:00+00:00,2024-10-06T17:00:00+00:00,620.7983421936248,max_hold,"{""trend"": 0.0, ""mean_rev"": 0.0, ""breakout"": -0.8, ""confidence"": 0.8, ""strategy"": ""donchian"", ""atr"": 7.571588928142788, ""slot"": ""BCH/USDT:USDT:donchian"", ""entry_fee_rate"": 0.0001, ""intended_entry"": 327.87, ""sl0"": 343.01317785628555, ""max_hold"": 120}",2024-10-01 16:00:00+00:00,2024-10-06 17:00:00+00:00,0.21915244123183855,donchian
ETH/USDT:USDT,short,2519.5401891,2352.5720623735438,2609.023968813228,32.657,2024-10-01T16:00:00+00:00,2024-10-03T00:00:00+00:00,5436.767257526248,tp_hit,"{""trend"": 0.0, ""mean_rev"": 0.0, ""breakout"": -0.8, ""confidence"": 0.8, ""strategy"": ""donchian"", ""atr"": 42.741984406614016, ""slot"": ""ETH/USDT:USDT:donchian"", ""entry_fee_rate"": 0.0001, ""intended_entry"": 2523.54, ""sl0"": 2609.023968813228, ""max_hold"": 120}",2024-10-01 16:00:00+00:00,2024-10-03 00:00:00+00:00,1.8659038237046524,donchian
ADA/USDT:USDT,short,0.352640178,0.354508508,0.37309926856208125,143105.797,2024-10-01T20:00:00+00:00,2024-10-06T21:00:00+00:00,-277.4885613397595,max_hold,"{""trend"": 0.0, ""mean_rev"": 0.0, ""breakout"": -0.8, ""confidence"": 0.8, ""strategy"": ""donchian"", ""atr"": 0.00994963428104062, ""slot"": ""ADA/USDT:USDT:donchian"", ""entry_fee_rate"": 0.0001, ""intended_entry"": 0.3532, ""sl0"": 0.37309926856208125, ""max_hold"": 120}",2024-10-01 20:00:00+00:00,2024-10-06 21:00:00+00:00,-0.09132028593014427,donchian
LTC/USDT:USDT,short,66.1,67.16103520388364,67.15942337772258,1952.567,2024-10-05T16:00:00+00:00,2024-10-06T11:00:00+00:00,-2084.855967043977,sl_hit,"{""trend"": 0.0, ""mean_rev"": -0.6217177862317237, ""breakout"": 0.0, ""confidence"": 0.6217177862317237, ""strategy"": ""mean_rev"", ""atr"": 0.3531411259075285, ""slot"": ""LTC/USDT:USDT"", ""entry_fee_rate"": 0.0, ""intended_entry"": 66.1, ""sl0"": 67.15942337772258}",2024-10-05 16:00:00+00:00,2024-10-06 11:00:00+00:00,-1.0015214183441299,mean_rev
BNB/USDT:USDT,long,575.74,571.4881360695199,571.5018521139707,217.437,2024-10-07T16:00:00+00:00,2024-10-07T20:00:00+00:00,-936.9388040360591,sl_hit,"{""trend"": 0.0, ""mean_rev"": 0.0, ""breakout"": 0.7, ""confidence"": 0.7, ""strategy"": ""ifvg"", ""atr"": 3.7271596200977375, ""slot"": ""BNB/USDT:USDT:ifvg"", ""entry_fee_rate"": 0.0, ""intended_entry"": 575.74, ""sl0"": 571.5018521139707, ""max_hold"": 24}",2024-10-07 16:00:00+00:00,2024-10-07 20:00:00+00:00,-1.0032363298354965,ifvg
XLM/USDT:USDT,short,0.09004704885,0.08902213648,0.09164029725795896,1372459.698,2024-10-08T19:00:00+00:00,2024-10-10T20:00:00+00:00,1382.0743978047603,max_hold,"{""trend"": 0.0, ""mean_rev"": 0.0, ""breakout"": -0.8, ""confidence"": 0.8, ""strategy"": ""squeeze"", ""atr"": 0.0007251486289794728, ""slot"": ""XLM/USDT:USDT:squeeze"", ""entry_fee_rate"": 0.0001, ""intended_entry"": 0.09019, ""sl0"": 0.09164029725795896}",2024-10-08 19:00:00+00:00,2024-10-10 20:00:00+00:00,0.6432847287843722,squeeze
XRP/USDT:USDT,short,0.5216718375,0.529843717479156,0.5298310015351192,242014.088,2024-10-09T21:00:00+00:00,2024-10-10T14:00:00+00:00,-2003.1582382065144,sl_hit,"{""trend"": 0.0, ""mean_rev"": 0.0, ""breakout"": -1.0, ""confidence"": 1.0, ""strategy"": ""squeeze"", ""atr"": 0.0036655007675595987, ""slot"": ""XRP/USDT:USDT:squeeze"", ""entry_fee_rate"": 0.0001, ""intended_entry"": 0.5225, ""sl0"": 0.5298310015351192}",2024-10-09 21:00:00+00:00,2024-10-10 14:00:00+00:00,-1.0015584861368287,squeeze
LTC/USDT:USDT,short,66.09,64.69426238883727,66.9272751116753,1858.836,2024-10-12T09:00:00+00:00,2024-10-13T17:00:00+00:00,2582.4217157911025,tp_hit,"{""trend"": 0.0, ""mean_rev"": -0.6143081063623952, ""breakout"": 0.0, ""confidence"": 0.6143081063623952, ""strategy"": ""mean_rev"", ""atr"": 0.27909170389176763, ""slot"": ""LTC/USDT:USDT"", ""entry_fee_rate"": 0.0, ""intended_entry"": 66.09, ""sl0"": 66.9272751116753}",2024-10-12 09:00:00+00:00,2024-10-13 17:00:00+00:00,1.6670000000000125,mean_rev
ETH/USDT:USDT,long,2538.8777531,2669.4354803375545,2467.5722598312227,43.944,2024-10-14T08:00:00+00:00,2024-10-15T15:00:00+00:00,5714.341354054075,tp_hit,"{""trend"": 0.0, ""mean_rev"": 0.0, ""breakout"": 0.8, ""confidence"": 0.8, ""strategy"": ""donchian"", ""atr"": 33.643870084388645, ""slot"": ""ETH/USDT:USDT:donchian"", ""entry_fee_rate"": 0.0001, ""intended_entry"": 2534.86, ""sl0"": 2467.5722598312227, ""max_hold"": 120}",2024-10-14 08:00:00+00:00,2024-10-15 15:00:00+00:00,1.830963103297428,donchian
BCH/USDT:USDT,long,354.73135945,380.4757185084364,341.01714074578183,234.525,2024-10-14T16:00:00+00:00,2024-10-15T02:00:00+00:00,6020.45336418397,tp_hit,"{""trend"": 0.0, ""mean_rev"": 0.0, ""breakout"": 0.8, ""confidence"": 0.8, ""strategy"": ""donchian"", ""atr"": 6.576429627109089, ""slot"": ""BCH/USDT:USDT:donchian"", ""entry_fee_rate"": 0.0001, ""intended_entry"": 354.17, ""sl0"": 341.01714074578183, ""max_hold"": 120}",2024-10-14 16:00:00+00:00,2024-10-15 02:00:00+00:00,1.877202020303059,donchian
XLM/USDT:USDT,long,0.09566138334999999,0.09636768711999999,0.09410403962401565,1511112.335,2024-10-18T05:00:00+00:00,2024-10-20T06:00:00+00:00,1038.2865893974222,max_hold,"{""trend"": 0.0, ""mean_rev"": 0.0, ""breakout"": 0.8, ""confidence"": 0.8, ""strategy"": ""squeeze"", ""atr"": 0.000702980187992173, ""slot"": ""XLM/USDT:USDT:squeeze"", ""entry_fee_rate"": 0.0001, ""intended_entry"": 0.09551, ""sl0"": 0.09410403962401565}",2024-10-18 05:00:00+00:00,2024-10-20 06:00:00+00:00,0.45353107230940215,squeeze
LTC/USDT:USDT,short,75.56,72.84898741672633,77.1862822935055,1930.701,2024-10-20T14:00:00+00:00,2024-10-21T11:00:00+00:00,5220.089744253614,tp_hit,"{""trend"": 0.0, ""mean_rev"": -0.6039118557809645, ""breakout"": 0.0, ""confidence"": 0.6039118557809645, ""strategy"": ""mean_rev"", ""atr"": 0.5420940978351678, ""slot"": ""LTC/USDT:USDT"", ""entry_fee_rate"": 0.0, ""intended_entry"": 75.56, ""sl0"": 77.1862822935055}",2024-10-20 14:00:00+00:00,2024-10-21 11:00:00+00:00,1.6670000000000047,mean_rev
XRP/USDT:USDT,long,0.54486224,0.5572823916582677,0.538687043336693,274344.096,2024-10-20T17:00:00+00:00,2024-10-21T12:00:00+00:00,3377.1585916069707,tp_hit,"{""trend"": 0.0, ""mean_rev"": 0.0, ""breakout"": 1.0, ""confidence"": 1.0, ""strategy"": ""squeeze"", ""atr"": 0.002656478331653518, ""slot"": ""XRP/USDT:USDT:squeeze"", ""entry_fee_rate"": 0.0001, ""intended_entry"": 0.544, ""sl0"": 0.538687043336693}",2024-10-20 17:00:00+00:00,2024-10-21 12:00:00+00:00,2.011296536038775,squeeze
SOL/USDT:USDT,long,167.7053924,161.6113375865147,161.61521635170715,604.627,2024-10-21T00:00:00+00:00,2024-10-21T15:00:00+00:00,-3704.5414583633237,sl_hit,"{""trend"": 0.0, ""mean_rev"": 0.0, ""breakout"": 0.8, ""confidence"": 0.8, ""strategy"": ""donchian"", ""atr"": 2.91239182414642, ""slot"": ""SOL/USDT:USDT:donchian"", ""entry_fee_rate"": 0.0001, ""intended_entry"": 167.44, ""sl0"": 161.61521635170715, ""max_hold"": 120}",2024-10-21 00:00:00+00:00,2024-10-21 15:00:00+00:00,-1.0006368888455248,donchian
BNB/USDT:USDT,long,595.11,589.0278882323105,589.0420252409162,257.469,2024-10-22T15:00:00+00:00,2024-10-23T06:00:00+00:00,-1581.120876850783,sl_hit,"{""trend"": 0.0, ""mean_rev"": 0.0, ""breakout"": 0.7, ""confidence"": 0.7, ""strategy"": ""ifvg"", ""atr"": 3.9932491969457913, ""slot"": ""BNB/USDT:USDT:ifvg"", ""entry_fee_rate"": 0.0, ""intended_entry"": 595.11, ""sl0"": 589.0420252409162, ""max_hold"": 24}",2024-10-22 15:00:00+00:00,2024-10-23 06:00:00+00:00,-1.0023297737988437,ifvg
ETH/USDT:USDT,short,2507.7888445500002,2505.70013536,2590.5608449442366,44.673,2024-10-23T20:00:00+00:00,2024-10-28T21:00:00+00:00,70.91214632493471,max_hold,"{""trend"": 0.0, ""mean_rev"": 0.0, ""breakout"": -0.8, ""confidence"": 0.8, ""strategy"": ""donchian"", ""atr"": 39.39542247211819, ""slot"": ""ETH/USDT:USDT:donchian"", ""entry_fee_rate"": 0.0001, ""intended_entry"": 2511.77, ""sl0"": 2590.5608449442366, ""max_hold"": 120}",2024-10-23 20:00:00+00:00,2024-10-28 21:00:00+00:00,0.0252344896831298,donchian
SOL/USDT:USDT,long,173.30425255,165.27550924104122,165.27947594846398,454.144,2024-10-23T20:00:00+00:00,2024-10-25T20:00:00+00:00,-3661.5819980376596,sl_hit,"{""trend"": 0.0, ""mean_rev"": 0.0, ""breakout"": 0.8, ""confidence"": 0.8, ""strategy"": ""donchian"", ""atr"": 3.8752620257680124, ""slot"": ""SOL/USDT:USDT:donchian"", ""entry_fee_rate"": 0.0001, ""intended_entry"": 173.03, ""sl0"": 165.27947594846398, ""max_hold"": 120}",2024-10-23 20:00:00+00:00,2024-10-25 20:00:00+00:00,-1.000494307520287,donchian
BNB/USDT:USDT,short,587.6,590.2030369920855,590.1888724591464,249.284,2024-10-28T03:00:00+00:00,2024-10-28T09:00:00+00:00,-663.6082909223792,sl_hit,"{""trend"": 0.0, ""mean_rev"": 0.0, ""breakout"": -0.7, ""confidence"": 0.7, ""strategy"": ""ifvg"", ""atr"": 2.0295748638211406, ""slot"": ""BNB/USDT:USDT:ifvg"", ""entry_fee_rate"": 0.0, ""intended_entry"": 587.6, ""sl0"": 590.1888724591464, ""max_hold"": 24}",2024-10-28 03:00:00+00:00,2024-10-28 09:00:00+00:00,-1.0054713135399953,ifvg
BNB/USDT:USDT,long,600.43,596.8718279497523,596.8861532174295,240.61,2024-10-30T17:00:00+00:00,2024-10-30T19:00:00+00:00,-870.4931100623892,sl_hit,"{""trend"": 0.0, ""mean_rev"": 0.0, ""breakout"": 0.7, ""confidence"": 0.7, ""strategy"": ""ifvg"", ""atr"": 3.446155941901637, ""slot"": ""BNB/USDT:USDT:ifvg"", ""entry_fee_rate"": 0.0, ""intended_entry"": 600.43, ""sl0"": 596.8861532174295, ""max_hold"": 24}",2024-10-30 17:00:00+00:00,2024-10-30 19:00:00+00:00,-1.004042293179178,ifvg
XRP/USDT:USDT,short,0.5170791285,0.5047452740030431,0.5231618903987828,276431.726,2024-10-31T08:00:00+00:00,2024-10-31T20:00:00+00:00,3381.222218501374,tp_hit,"{""trend"": 0.0, ""mean_rev"": 0.0, ""breakout"": -1.0, ""confidence"": 1.0, ""strategy"": ""squeeze"", ""atr"": 0.0026309451993913667, ""slot"": ""XRP/USDT:USDT:squeeze"", ""entry_fee_rate"": 0.0001, ""intended_entry"": 0.5179, ""sl0"": 0.5231618903987828}",2024-10-31 08:00:00+00:00,2024-10-31 20:00:00+00:00,2.0276733993854106,squeeze
LTC/USDT:USDT,long,69.5,67.68778974383503,67.68941428977799,1910.34,2024-11-02T14:00:00+00:00,2024-11-03T03:00:00+00:00,-3474.86840998812,sl_hit,"{""trend"": 0.0, ""mean_rev"": 0.6742554097091691, ""breakout"": 0.0, ""confidence"": 0.6742554097091691, ""strategy"": ""mean_rev"", ""atr"": 0.6035285700740036, ""slot"": ""LTC/USDT:USDT"", ""entry_fee_rate"": 0.0, ""intended_entry"": 69.5, ""sl0"": 67.68941428977799}",2024-11-02 14:00:00+00:00,2024-11-03 03:00:00+00:00,-1.0008972488481425,mean_rev
DOGE/USDT:USDT,short,0.1566912501,0.14431645158127024,0.1619894193674919,680494.648,2024-11-02T16:00:00+00:00,2024-11-03T16:00:00+00:00,8400.50074907385,tp_hit,"{""trend"": 0.0, ""mean_rev"": 0.0, ""breakout"": -0.84, ""confidence"": 0.84, ""strategy"": ""squeeze"", ""atr"": 0.0025247096837459505, ""slot"": ""DOGE/USDT:USDT:squeeze"", ""entry_fee_rate"": 0.0001, ""intended_entry"": 0.15694, ""sl0"": 0.1619894193674919}",2024-11-02 16:00:00+00:00,2024-11-03 16:00:00+00:00,2.3356744365753195,squeeze
XRP/USDT:USDT,short,0.499407183,0.5065337330351861,0.5065215765173496,328118.803,2024-11-03T03:00:00+00:00,2024-11-03T09:00:00+00:00,-2371.3618799907035,sl_hit,"{""trend"": 0.0, ""mean_rev"": 0.0, ""breakout"": -1.0, ""confidence"": 1.0, ""strategy"": ""squeeze"", ""atr"": 0.0031607882586748483, ""slot"": ""XRP/USDT:USDT:squeeze"", ""entry_fee_rate"": 0.0001, ""intended_entry"": 0.5002, ""sl0"": 0.5065215765173496}",2024-11-03 03:00:00+00:00,2024-11-03 09:00:00+00:00,-1.0017087215947271,squeeze
SOL/USDT:USDT,short,159.66652679999999,167.26041630246823,167.25640214881665,483.647,2024-11-03T16:00:00+00:00,2024-11-05T16:00:00+00:00,-3688.5735997253264,sl_hit,"{""trend"": 0.0, ""mean_rev"": 0.0, ""breakout"": -0.8, ""confidence"": 0.8, ""strategy"": ""donchian"", ""atr"": 3.668201074408329, ""slot"": ""SOL/USDT:USDT:donchian"", ""entry_fee_rate"": 0.0001, ""intended_entry"": 159.92, ""sl0"": 167.25640214881665, ""max_hold"": 120}",2024-11-03 16:00:00+00:00,2024-11-05 16:00:00+00:00,-1.000528882684774,donchian
ADA/USDT:USDT,long,0.4073446195,0.4450498472192351,0.3875250763903825,178312.85,2024-11-08T00:00:00+00:00,2024-11-08T16:00:00+00:00,6708.127325847311,tp_hit,"{""trend"": 0.0, ""mean_rev"": 0.0, ""breakout"": 0.8, ""confidence"": 0.8, ""strategy"": ""donchian"", ""atr"": 0.009587461804808768, ""slot"": ""ADA/USDT:USDT:donchian"", ""entry_fee_rate"": 0.0001, ""intended_entry"": 0.4067, ""sl0"": 0.3875250763903825, ""max_hold"": 120}",2024-11-08 00:00:00+00:00,2024-11-08 16:00:00+00:00,1.9024266861600063,donchian
ADA/USDT:USDT,long,0.45091356699999996,0.498206486524608,0.42619675673769597,152226.085,2024-11-08T16:00:00+00:00,2024-11-10T00:00:00+00:00,7184.767904456843,tp_hit,"{""trend"": 0.0, ""mean_rev"": 0.0, ""breakout"": 0.8, ""confidence"": 0.8, ""strategy"": ""donchian"", ""atr"": 0.012001621631152006, ""slot"": ""ADA/USDT:USDT:donchian"", ""entry_fee_rate"": 0.0001, ""intended_entry"": 0.4502, ""sl0"": 0.42619675673769597, ""max_hold"": 120}",2024-11-08 16:00:00+00:00,2024-11-10 00:00:00+00:00,1.9133908875262626,donchian
BNB/USDT:USDT,long,636.57737845,613.463792885368,613.4785163697609,160.283,2024-11-09T04:00:00+00:00,2024-11-09T19:00:00+00:00,-3724.750869962423,sl_hit,"{""trend"": 0.0, ""mean_rev"": 0.0, ""breakout"": 0.8, ""confidence"": 0.8, ""strategy"": ""donchian"", ""atr"": 11.045741815119591, ""slot"": ""BNB/USDT:USDT:donchian"", ""entry_fee_rate"": 0.0001, ""intended_entry"": 635.57, ""sl0"": 613.4785163697609, ""max_hold"": 120}",2024-11-09 04:00:00+00:00,2024-11-09 19:00:00+00:00,-1.000637411676028,donchian
BNB/USDT:USDT,long,623.63,635.576149233455,623.63,292.774,2024-11-10T00:00:00+00:00,2024-11-10T11:00:00+00:00,3478.9138785239875,tp_hit,"{""trend"": 0.0, ""mean_rev"": 0.0, ""breakout"": 0.7, ""confidence"": 0.7, ""strategy"": ""ifvg"", ""atr"": 5.37691538909165, ""slot"": ""BNB/USDT:USDT:ifvg"", ""entry_fee_rate"": 0.0, ""intended_entry"": 623.63, ""sl0"": 617.6569253832724, ""max_hold"": 24}",2024-11-10 00:00:00+00:00,2024-11-10 11:00:00+00:00,,ifvg
ADA/USDT:USDT,long,0.534045122,0.6064520960449589,0.4965739519775206,104051.292,2024-11-10T04:00:00+00:00,2024-11-10T14:00:00+00:00,7522.17217828244,tp_hit,"{""trend"": 0.0, ""mean_rev"": 0.0, ""breakout"": 0.8, ""confidence"": 0.8, ""strategy"": ""donchian"", ""atr"": 0.018313024011239725, ""slot"": ""ADA/USDT:USDT:donchian"", ""entry_fee_rate"": 0.0001, ""intended_entry"": 0.5332, ""sl0"": 0.4965739519775206, ""max_hold"": 120}",2024-11-10 04:00:00+00:00,2024-11-10 14:00:00+00:00,1.9323382216653782,donchian
LTC/USDT:USDT,short,75.44,77.54774964083258,77.54588853950763,1814.839,2024-11-10T04:00:00+00:00,2024-11-10T07:00:00+00:00,-3839.2999184600003,sl_hit,"{""trend"": 0.0, ""mean_rev"": -0.7219553484670955, ""breakout"": 0.0, ""confidence"": 0.7219553484670955, ""strategy"": ""mean_rev"", ""atr"": 0.7019628465025461, ""slot"": ""LTC/USDT:USDT"", ""entry_fee_rate"": 0.0, ""intended_entry"": 75.44, ""sl0"": 77.54588853950763}",2024-11-10 04:00:00+00:00,2024-11-10 07:00:00+00:00,-1.0008837606027257,mean_rev
ADA/USDT:USDT,long,0.6006505245,0.5486415598233486,0.5486547275368095,78864.95,2024-11-10T16:00:00+00:00,2024-11-10T23:00:00+00:00,-4110.748285052434,sl_hit,"{""trend"": 0.0, ""mean_rev"": 0.0, ""breakout"": 0.8, ""confidence"": 0.8, ""strategy"": ""donchian"", ""atr"": 0.025522636231595255, ""slot"": ""ADA/USDT:USDT:donchian"", ""entry_fee_rate"": 0.0001, ""intended_entry"": 0.5997, ""sl0"": 0.5486547275368095, ""max_hold"": 120}",2024-11-10 16:00:00+00:00,2024-11-10 23:00:00+00:00,-1.0002532457281164,donchian
BNB/USDT:USDT,long,631.8,653.0104359838181,631.8,263.316,2024-11-11T19:00:00+00:00,2024-11-12T00:00:00+00:00,5567.852351918898,tp_hit,"{""trend"": 0.0, ""mean_rev"": 0.0, ""breakout"": 0.7, ""confidence"": 0.7, ""strategy"": ""ifvg"", ""atr"": 8.384059973030395, ""slot"": ""BNB/USDT:USDT:ifvg"", ""entry_fee_rate"": 0.0, ""intended_entry"": 631.8, ""sl0"": 621.1947820080909, ""max_hold"": 24}",2024-11-11 19:00:00+00:00,2024-11-12 00:00:00+00:00,,ifvg
DOGE/USDT:USDT,long,0.42109638155,0.37600718805463507,0.37601621244373373,91788.647,2024-11-13T16:00:00+00:00,2024-11-13T22:00:00+00:00,-4145.992571078037,sl_hit,"{""trend"": 0.0, ""mean_rev"": 0.0, ""breakout"": 1.0, ""confidence"": 1.0, ""strategy"": ""squeeze"", ""atr"": 0.022206893778133133, ""slot"": ""DOGE/USDT:USDT:squeeze"", ""entry_fee_rate"": 0.0001, ""intended_entry"": 0.42043, ""sl0"": 0.37601621244373373}",2024-11-13 16:00:00+00:00,2024-11-13 22:00:00+00:00,-1.0002001853426368,squeeze
BNB/USDT:USDT,long,617.82,627.1449481599999,617.82,272.726,2024-11-15T22:00:00+00:00,2024-11-16T23:00:00+00:00,2526.0519385709304,max_hold,"{""trend"": 0.0, ""mean_rev"": 0.0, ""breakout"": 0.7, ""confidence"": 0.7, ""strategy"": ""ifvg"", ""atr"": 6.67647671236371, ""slot"": ""BNB/USDT:USDT:ifvg"", ""entry_fee_rate"": 0.0, ""intended_entry"": 617.82, ""sl0"": 607.6870569862909, ""max_hold"": 24}",2024-11-15 22:00:00+00:00,2024-11-16 23:00:00+00:00,,ifvg
LTC/USDT:USDT,short,86.3,91.07334093114994,91.07115522342458,838.674,2024-11-16T06:00:00+00:00,2024-11-16T16:00:00+00:00,-4010.9150164044586,sl_hit,"{""trend"": 0.0, ""mean_rev"": -0.6363129260727768, ""breakout"": 0.0, ""confidence"": 0.6363129260727768, ""strategy"": ""mean_rev"", ""atr"": 1.5903850744748633, ""slot"": ""LTC/USDT:USDT"", ""entry_fee_rate"": 0.0, ""intended_entry"": 86.3, ""sl0"": 91.07115522342458}",2024-11-16 06:00:00+00:00,2024-11-16 16:00:00+00:00,-1.000458108701773,mean_rev
BNB/USDT:USDT,long,623.01,642.8831505337242,623.01,266.879,2024-11-17T06:00:00+00:00,2024-11-17T08:00:00+00:00,5286.569340056663,tp_hit,"{""trend"": 0.0, ""mean_rev"": 0.0, ""breakout"": 0.7, ""confidence"": 0.7, ""strategy"": ""ifvg"", ""atr"": 7.388584222873652, ""slot"": ""BNB/USDT:USDT:ifvg"", ""entry_fee_rate"": 0.0, ""intended_entry"": 623.01, ""sl0"": 613.0734247331378, ""max_hold"": 24}",2024-11-17 06:00:00+00:00,2024-11-17 08:00:00+00:00,,ifvg
SOL/USDT:USDT,long,237.87643749999998,259.40377416,222.43824823675592,318.38,2024-11-17T08:00:00+00:00,2024-11-22T09:00:00+00:00,6838.041038431979,max_hold,"{""trend"": 0.0, ""mean_rev"": 0.0, ""breakout"": 0.8, ""confidence"": 0.8, ""strategy"": ""donchian"", ""atr"": 7.530875881622035, ""slot"": ""SOL/USDT:USDT:donchian"", ""entry_fee_rate"": 0.0001, ""intended_entry"": 237.5, ""sl0"": 222.43824823675592, ""max_hold"": 120}",2024-11-17 08:00:00+00:00,2024-11-22 09:00:00+00:00,1.3944210874039027,donchian
BNB/USDT:USDT,short,614.98,624.9484754661137,624.9334770626641,279.673,2024-11-17T23:00:00+00:00,2024-11-18T02:00:00+00:00,-2805.391560532309,sl_hit,"{""trend"": 0.0, ""mean_rev"": 0.0, ""breakout"": -0.7, ""confidence"": 0.7, ""strategy"": ""ifvg"", ""atr"": 6.811590208880492, ""slot"": ""BNB/USDT:USDT:ifvg"", ""entry_fee_rate"": 0.0, ""intended_entry"": 614.98, ""sl0"": 624.9334770626641, ""max_hold"": 24}",2024-11-17 23:00:00+00:00,2024-11-18 02:00:00+00:00,-1.001506850656825,ifvg
XLM/USDT:USDT,long,0.22761019124999998,0.2373943024,0.20800824419291433,231492.938,2024-11-18T02:00:00+00:00,2024-11-20T03:00:00+00:00,2254.1881101902404,max_hold,"{""trend"": 0.0, ""mean_rev"": 0.0, ""breakout"": 0.8, ""confidence"": 0.8, ""strategy"": ""squeeze"", ""atr"": 0.00962087790354284, ""slot"": ""XLM/USDT:USDT:squeeze"", ""entry_fee_rate"": 0.0001, ""intended_entry"": 0.22725, ""sl0"": 0.20800824419291433}",2024-11-18 02:00:00+00:00,2024-11-20 03:00:00+00:00,0.499139760020079,squeeze
XRP/USDT:USDT,long,1.1209739319999998,1.0790741015999998,1.0445784941875018,52652.046,2024-11-18T04:00:00+00:00,2024-11-20T05:00:00+00:00,-2217.69550063973,max_hold,"{""trend"": 0.0, ""mean_rev"": 0.0, ""breakout"": 1.0, ""confidence"": 1.0, ""strategy"": ""squeeze"", ""atr"": 0.03731075290624903, ""slot"": ""XRP/USDT:USDT:squeeze"", ""entry_fee_rate"": 0.0001, ""intended_entry"": 1.1192, ""sl0"": 1.0445784941875018}",2024-11-18 04:00:00+00:00,2024-11-20 05:00:00+00:00,-0.5484598504800419,squeeze
ADA/USDT:USDT,long,0.8278100024999999,0.9851791219275012,0.7471604390362494,49851.142,2024-11-20T12:00:00+00:00,2024-11-22T20:00:00+00:00,7835.992361166697,tp_hit,"{""trend"": 0.0, ""mean_rev"": 0.0, ""breakout"": 0.8, ""confidence"": 0.8, ""strategy"": ""donchian"", ""atr"": 0.03966978048187532, ""slot"": ""ADA/USDT:USDT:donchian"", ""entry_fee_rate"": 0.0001, ""intended_entry"": 0.8265, ""sl0"": 0.7471604390362494, ""max_hold"": 120}",2024-11-20 12:00:00+00:00,2024-11-22 20:00:00+00:00,1.9512705669911514,donchian
BCH/USDT:USDT,long,526.9939635999999,482.8587999384029,482.8703888277348,89.973,2024-11-21T08:00:00+00:00,2024-11-21T16:00:00+00:00,-3980.0590283942515,sl_hit,"{""trend"": 0.0, ""mean_rev"": 0.0, ""breakout"": 0.8, ""confidence"": 0.8, ""strategy"": ""donchian"", ""atr"": 21.644805586132566, ""slot"": ""BCH/USDT:USDT:donchian"", ""entry_fee_rate"": 0.0001, ""intended_entry"": 526.16, ""sl0"": 482.8703888277348, ""max_hold"": 120}",2024-11-21 08:00:00+00:00,2024-11-21 16:00:00+00:00,-1.0002626462019844,donchian
ETH/USDT:USDT,long,3284.40754785,3298.0208456,3121.4181462633965,24.755,2024-11-21T16:00:00+00:00,2024-11-26T17:00:00+00:00,320.7023843132677,max_hold,"{""trend"": 0.0, ""mean_rev"": 0.0, ""breakout"": 0.8, ""confidence"": 0.8, ""strategy"": ""donchian"", ""atr"": 78.8959268683018, ""slot"": ""ETH/USDT:USDT:donchian"", ""entry_fee_rate"": 0.0001, ""intended_entry"": 3279.21, ""sl0"": 3121.4181462633965, ""max_hold"": 120}",2024-11-21 16:00:00+00:00,2024-11-26 17:00:00+00:00,0.08352259482814768,donchian
XLM/USDT:USDT,long,0.25521387385,0.2961674465143586,0.23826702139425654,246774.565,2024-11-21T23:00:00+00:00,2024-11-22T13:00:00+00:00,10092.693390894785,tp_hit,"{""trend"": 0.0, ""mean_rev"": 0.0, ""breakout"": 1.0, ""confidence"": 1.0, ""strategy"": ""squeeze"", ""atr"": 0.008271489302871728, ""slot"": ""XLM/USDT:USDT:squeeze"", ""entry_fee_rate"": 0.0001, ""intended_entry"": 0.25481, ""sl0"": 0.23826702139425654}",2024-11-21 23:00:00+00:00,2024-11-22 13:00:00+00:00,2.41658873063942,squeeze
ADA/USDT:USDT,long,0.9698347555,1.1510872305852413,0.8769063847073794,51350.393,2024-11-22T20:00:00+00:00,2024-11-23T01:00:00+00:00,9296.494810099068,tp_hit,"{""trend"": 0.0, ""mean_rev"": 0.0, ""breakout"": 0.8, ""confidence"": 0.8, ""strategy"": ""donchian"", ""atr"": 0.045696807646310324, ""slot"": ""ADA/USDT:USDT:donchian"", ""entry_fee_rate"": 0.0001, ""intended_entry"": 0.9683, ""sl0"": 0.8769063847073794, ""max_hold"": 120}",2024-11-22 20:00:00+00:00,2024-11-23 01:00:00+00:00,1.9504535971014192,donchian
LTC/USDT:USDT,short,94.05,98.72116479230884,98.71879554121585,1180.016,2024-11-23T01:00:00+00:00,2024-11-23T03:00:00+00:00,-5523.698448960468,sl_hit,"{""trend"": 0.0, ""mean_rev"": -0.6820986979590264, ""breakout"": 0.0, ""confidence"": 0.6820986979590264, ""strategy"": ""mean_rev"", ""atr"": 1.5562651804052858, ""slot"": ""LTC/USDT:USDT"", ""entry_fee_rate"": 0.0, ""intended_entry"": 94.05, ""sl0"": 98.71879554121585}",2024-11-23 01:00:00+00:00,2024-11-23 03:00:00+00:00,-1.0005074651635675,mean_rev
ADA/USDT:USDT,long,1.094732405,0.9842257607657464,0.9842493827509324,44743.2,2024-11-23T04:00:00+00:00,2024-11-24T14:00:00+00:00,-4953.7228084023045,sl_hit,"{""trend"": 0.0, ""mean_rev"": 0.0, ""breakout"": 0.8, ""confidence"": 0.8, ""strategy"": ""donchian"", ""atr"": 0.05437530862453375, ""slot"": ""ADA/USDT:USDT:donchian"", ""entry_fee_rate"": 0.0001, ""intended_entry"": 1.093, ""sl0"": 0.9842493827509324, ""max_hold"": 120}",2024-11-23 04:00:00+00:00,2024-11-24 14:00:00+00:00,-1.0002138064718467,donchian
BNB/USDT:USDT,long,669.7,658.1609341700065,658.1767304115364,314.617,2024-11-24T08:00:00+00:00,2024-11-24T12:00:00+00:00,-3651.0931360976565,sl_hit,"{""trend"": 0.0, ""mean_rev"": 0.0, ""breakout"": 0.7, ""confidence"": 0.7, ""strategy"": ""ifvg"", ""atr"": 8.04423196154568, ""slot"": ""BNB/USDT:USDT:ifvg"", ""entry_fee_rate"": 0.0, ""intended_entry"": 669.7, ""sl0"": 658.1767304115364, ""max_hold"": 24}",2024-11-24 08:00:00+00:00,2024-11-24 12:00:00+00:00,-1.001370812459832,ifvg
LTC/USDT:USDT,long,95.59,88.68898416224212,88.6911127489481,747.644,2024-11-24T12:00:00+00:00,2024-11-26T13:00:00+00:00,-5166.133863692154,sl_hit,"{""trend"": 0.0, ""mean_rev"": 0.6757894675863596, ""breakout"": 0.0, ""confidence"": 0.6757894675863596, ""strategy"": ""mean_rev"", ""atr"": 2.2996290836839686, ""slot"": ""LTC/USDT:USDT"", ""entry_fee_rate"": 0.0, ""intended_entry"": 95.59, ""sl0"": 88.6911127489481}",2024-11-24 12:00:00+00:00,2024-11-26 13:00:00+00:00,-1.0003085405846652,mean_rev
XLM/USDT:USDT,long,0.5030460662499999,0.5166875992000001,0.46089920707234916,105355.721,2024-11-27T09:00:00+00:00,2024-11-29T10:00:00+00:00,1426.4700619373766,max_hold,"{""trend"": 0.0, ""mean_rev"": 0.0, ""breakout"": 0.84, ""confidence"": 0.84, ""strategy"": ""squeeze"", ""atr"": 0.020675396463825407, ""slot"": ""XLM/USDT:USDT:squeeze"", ""entry_fee_rate"": 0.0001, ""intended_entry"": 0.50225, ""sl0"": 0.46089920707234916}",2024-11-27 09:00:00+00:00,2024-11-29 10:00:00+00:00,0.32366665550333223,squeeze
LTC/USDT:USDT,short,108.88,114.14027978679101,114.13754048581934,838.123,2024-12-01T16:00:00+00:00,2024-12-01T23:00:00+00:00,-4418.327835116223,sl_hit,"{""trend"": 0.0, ""mean_rev"": -0.8769249830480229, ""breakout"": 0.0, ""confidence"": 0.8769249830480229, ""strategy"": ""mean_rev"", ""atr"": 1.7525134952731178, ""slot"": ""LTC/USDT:USDT"", ""entry_fee_rate"": 0.0, ""intended_entry"": 108.88, ""sl0"": 114.13754048581934}",2024-12-01 16:00:00+00:00,2024-12-01 23:00:00+00:00,-1.0005210232767694,mean_rev
XRP/USDT:USDT,long,2.1295700269999998,2.3688450386581215,2.0291419845367513,45083.015,2024-12-01T20:00:00+00:00,2024-12-02T02:00:00+00:00,10766.958728320145,tp_hit,"{""trend"": 0.0, ""mean_rev"": 0.0, ""breakout"": 1.0, ""confidence"": 1.0, ""strategy"": ""squeeze"", ""atr"": 0.04852900773162433, ""slot"": ""XRP/USDT:USDT:squeeze"", ""entry_fee_rate"": 0.0001, ""intended_entry"": 2.1262, ""sl0"": 2.0291419845367513}",2024-12-01 20:00:00+00:00,2024-12-02 02:00:00+00:00,2.382551783240067,squeeze
ADA/USDT:USDT,long,1.2099146799999998,1.220970696,1.0941943094608122,40671.702,2024-12-02T16:00:00+00:00,2024-12-07T17:00:00+00:00,439.7801634983558,max_hold,"{""trend"": 0.0, ""mean_rev"": 0.0, ""breakout"": 0.8, ""confidence"": 0.8, ""strategy"": ""donchian"", ""atr"": 0.056902845269593876, ""slot"": ""ADA/USDT:USDT:donchian"", ""entry_fee_rate"": 0.0001, ""intended_entry"": 1.208, ""sl0"": 1.0941943094608122, ""max_hold"": 120}",2024-12-02 16:00:00+00:00,2024-12-07 17:00:00+00:00,0.09554079328026481,donchian
BNB/USDT:USDT,long,691.4341889,755.3091891285428,657.8554054357287,141.611,2024-12-03T20:00:00+00:00,2024-12-04T02:00:00+00:00,9024.915179713578,tp_hit,"{""trend"": 0.0, ""mean_rev"": 0.0, ""breakout"": 0.8, ""confidence"": 0.8, ""strategy"": ""donchian"", ""atr"": 16.242297282135695, ""slot"": ""BNB/USDT:USDT:donchian"", ""entry_fee_rate"": 0.0001, ""intended_entry"": 690.34, ""sl0"": 657.8554054357287, ""max_hold"": 120}",2024-12-03 20:00:00+00:00,2024-12-04 02:00:00+00:00,1.9022428342738362,donchian
BNB/USDT:USDT,long,754.98475715,711.5640625544314,711.5811405018035,117.144,2024-12-04T04:00:00+00:00,2024-12-05T03:00:00+00:00,-5103.653587196826,sl_hit,"{""trend"": 0.0, ""mean_rev"": 0.0, ""breakout"": 0.8, ""confidence"": 0.8, ""strategy"": ""donchian"", ""atr"": 21.104429749098266, ""slot"": ""BNB/USDT:USDT:donchian"", ""entry_fee_rate"": 0.0001, ""intended_entry"": 753.79, ""sl0"": 711.5811405018035, ""max_hold"": 120}",2024-12-04 04:00:00+00:00,2024-12-05 03:00:00+00:00,-1.0003934683026643,donchian
ETH/USDT:USDT,long,3830.4416423,3669.783992113706,3669.8720690433634,31.884,2024-12-04T16:00:00+00:00,2024-12-06T00:00:00+00:00,-5146.322237952553,sl_hit,"{""trend"": 0.0, ""mean_rev"": 0.0, ""breakout"": 0.8, ""confidence"": 0.8, ""strategy"": ""donchian"", ""atr"": 77.25396547831843, ""slot"": ""ETH/USDT:USDT:donchian"", ""entry_fee_rate"": 0.0001, ""intended_entry"": 3824.38, ""sl0"": 3669.8720690433634, ""max_hold"": 120}",2024-12-04 16:00:00+00:00,2024-12-06 00:00:00+00:00,-1.0005485281418574,donchian
XLM/USDT:USDT,short,0.47767168845,0.5013896613023588,0.5013776282392811,198490.358,2024-12-06T03:00:00+00:00,2024-12-07T03:00:00+00:00,-4727.222346280616,sl_hit,"{""trend"": 0.0, ""mean_rev"": 0.0, ""breakout"": -1.0, ""confidence"": 1.0, ""strategy"": ""squeeze"", ""atr"": 0.011473814119640553, ""slot"": ""XLM/USDT:USDT:squeeze"", ""entry_fee_rate"": 0.0001, ""intended_entry"": 0.47843, ""sl0"": 0.5013776282392811}",2024-12-06 03:00:00+00:00,2024-12-07 03:00:00+00:00,-1.0005075969645032,squeeze
XRP/USDT:USDT,short,2.3098331025,2.4571335119081112,2.4570745421191003,31724.864,2024-12-06T03:00:00+00:00,2024-12-07T00:00:00+00:00,-4688.208592370119,sl_hit,"{""trend"": 0.0, ""mean_rev"": 0.0, ""breakout"": -0.8, ""confidence"": 0.8, ""strategy"": ""squeeze"", ""atr"": 0.0717872710595503, ""slot"": ""XRP/USDT:USDT:squeeze"", ""entry_fee_rate"": 0.0001, ""intended_entry"": 2.3135, ""sl0"": 2.4570745421191003}",2024-12-06 03:00:00+00:00,2024-12-07 00:00:00+00:00,-1.0004004972320533,squeeze
XRP/USDT:USDT,long,2.542223047,2.443387718329276,2.443446361041941,45081.606,2024-12-07T17:00:00+00:00,2024-12-09T05:00:00+00:00,-4478.131280033265,sl_hit,"{""trend"": 0.0, ""mean_rev"": 0.0, ""breakout"": 0.8, ""confidence"": 0.8, ""strategy"": ""squeeze"", ""atr"": 0.047376819479029275, ""slot"": ""XRP/USDT:USDT:squeeze"", ""entry_fee_rate"": 0.0001, ""intended_entry"": 2.5382, ""sl0"": 2.443446361041941}",2024-12-07 17:00:00+00:00,2024-12-09 05:00:00+00:00,-1.0005936898175536,squeeze
LTC/USDT:USDT,long,132.77,126.02241141730973,126.02543602777439,633.346,2024-12-07T18:00:00+00:00,2024-12-09T09:00:00+00:00,-4281.539817510712,sl_hit,"{""trend"": 0.0, ""mean_rev"": 0.720991978049604, ""breakout"": 0.0, ""confidence"": 0.720991978049604, ""strategy"": ""mean_rev"", ""atr"": 2.248187990741874, ""slot"": ""LTC/USDT:USDT"", ""entry_fee_rate"": 0.0, ""intended_entry"": 132.77, ""sl0"": 126.02543602777439}",2024-12-07 18:00:00+00:00,2024-12-09 09:00:00+00:00,-1.0004484515940717,mean_rev
LTC/USDT:USDT,short,124.5,121.11290664,131.0947771201861,601.242,2024-12-14T00:00:00+00:00,2024-12-16T01:00:00+00:00,2029.1809693317118,max_hold,"{""trend"": 0.0, ""mean_rev"": -0.6533857305356673, ""breakout"": 0.0, ""confidence"": 0.6533857305356673, ""strategy"": ""mean_rev"", ""atr"": 2.198259040062036, ""slot"": ""LTC/USDT:USDT"", ""entry_fee_rate"": 0.0, ""intended_entry"": 124.5, ""sl0"": 131.0947771201861}",2024-12-14 00:00:00+00:00,2024-12-16 01:00:00+00:00,0.5136024005469966,mean_rev
XLM/USDT:USDT,short,0.41960387205,0.4351071900717972,0.4350967477498512,276537.842,2024-12-14T14:00:00+00:00,2024-12-15T13:00:00+00:00,-4310.890104852781,sl_hit,"{""trend"": 0.0, ""mean_rev"": 0.0, ""breakout"": -0.88, ""confidence"": 0.88, ""strategy"": ""squeeze"", ""atr"": 0.007413373874925594, ""slot"": ""XLM/USDT:USDT:squeeze"", ""entry_fee_rate"": 0.0001, ""intended_entry"": 0.42027, ""sl0"": 0.4350967477498512}",2024-12-14 14:00:00+00:00,2024-12-15 13:00:00+00:00,-1.0006740079858851,squeeze
ETH/USDT:USDT,long,4063.3201706499995,3903.688990588366,3903.782681372719,25.375,2024-12-16T20:00:00+00:00,2024-12-18T00:00:00+00:00,-4070.8574798105947,sl_hit,"{""trend"": 0.0, ""mean_rev"": 0.0, ""breakout"": 0.8, ""confidence"": 0.8, ""strategy"": ""donchian"", ""atr"": 76.55365931364062, ""slot"": ""ETH/USDT:USDT:donchian"", ""entry_fee_rate"": 0.0001, ""intended_entry"": 4056.89, ""sl0"": 3903.782681372719, ""max_hold"": 120}",2024-12-16 20:00:00+00:00,2024-12-18 00:00:00+00:00,-1.000587265004466,donchian
SOL/USDT:USDT,short,206.1127926,182.53495190980763,218.3925240450962,313.132,2024-12-19T00:00:00+00:00,2024-12-20T10:00:00+00:00,7370.8066064479335,tp_hit,"{""trend"": 0.0, ""mean_rev"": 0.0, ""breakout"": -0.8, ""confidence"": 0.8, ""strategy"": ""donchian"", ""atr"": 5.9762620225480925, ""slot"": ""SOL/USDT:USDT:donchian"", ""entry_fee_rate"": 0.0001, ""intended_entry"": 206.44, ""sl0"": 218.3925240450962, ""max_hold"": 120}",2024-12-19 00:00:00+00:00,2024-12-20 10:00:00+00:00,1.9200615905658094,donchian
ETH/USDT:USDT,short,3433.5092484,3464.083136,3637.9143486508046,19.446,2024-12-19T20:00:00+00:00,2024-12-24T21:00:00+00:00,-607.952876420305,max_hold,"{""trend"": 0.0, ""mean_rev"": 0.0, ""breakout"": -0.8, ""confidence"": 0.8, ""strategy"": ""donchian"", ""atr"": 99.4771743254024, ""slot"": ""ETH/USDT:USDT:donchian"", ""entry_fee_rate"": 0.0001, ""intended_entry"": 3438.96, ""sl0"": 3637.9143486508046, ""max_hold"": 120}",2024-12-19 20:00:00+00:00,2024-12-24 21:00:00+00:00,-0.14957497421779575,donchian
ADA/USDT:USDT,short,0.7610917545,0.8630555218248737,0.863034808989458,41385.929,2024-12-20T12:00:00+00:00,2024-12-20T15:00:00+00:00,-4226.586919466094,sl_hit,"{""trend"": 0.0, ""mean_rev"": 0.0, ""breakout"": -0.8, ""confidence"": 0.8, ""strategy"": ""donchian"", ""atr"": 0.05036740449472898, ""slot"": ""ADA/USDT:USDT:donchian"", ""entry_fee_rate"": 0.0001, ""intended_entry"": 0.7623, ""sl0"": 0.863034808989458, ""max_hold"": 120}",2024-12-20 12:00:00+00:00,2024-12-20 15:00:00+00:00,-1.0002031804473532,donchian
NEAR/USDT:USDT,short,4.5338025150000005,5.16218777509056,5.162063885557306,6803.255,2024-12-20T12:00:00+00:00,2024-12-20T18:00:00+00:00,-4281.6615920795,sl_hit,"{""trend"": 0.0, ""mean_rev"": 0.0, ""breakout"": -0.8, ""confidence"": 0.8, ""strategy"": ""donchian"", ""atr"": 0.31053194277865287, ""slot"": ""NEAR/USDT:USDT:donchian"", ""entry_fee_rate"": 0.0001, ""intended_entry"": 4.541, ""sl0"": 5.162063885557306, ""max_hold"": 120}",2024-12-20 12:00:00+00:00,2024-12-20 18:00:00+00:00,-1.0001971942555432,donchian
XRP/USDT:USDT,short,2.1762451755,2.2570220921013253,2.2569679248711285,49502.392,2024-12-23T01:00:00+00:00,2024-12-23T23:00:00+00:00,-4020.596323562267,sl_hit,"{""trend"": 0.0, ""mean_rev"": 0.0, ""breakout"": -1.0, ""confidence"": 1.0, ""strategy"": ""squeeze"", ""atr"": 0.03863396243556419, ""slot"": ""XRP/USDT:USDT:squeeze"", ""entry_fee_rate"": 0.0001, ""intended_entry"": 2.1797, ""sl0"": 2.2569679248711285}",2024-12-23 01:00:00+00:00,2024-12-23 23:00:00+00:00,-1.000671028063573,squeeze
BNB/USDT:USDT,long,705.47,696.1676367242557,696.1843451485393,215.109,2024-12-27T13:00:00+00:00,2024-12-27T16:00:00+00:00,-2015.9972542989074,sl_hit,"{""trend"": 0.0, ""mean_rev"": 0.0, ""breakout"": 0.7, ""confidence"": 0.7, ""strategy"": ""ifvg"", ""atr"": 6.785516171535784, ""slot"": ""BNB/USDT:USDT:ifvg"", ""entry_fee_rate"": 0.0, ""intended_entry"": 705.47, ""sl0"": 696.1843451485393, ""max_hold"": 24}",2024-12-27 13:00:00+00:00,2024-12-27 16:00:00+00:00,-1.0017993802861371,ifvg
XLM/USDT:USDT,short,0.35840103255000005,0.34895837479999997,0.3697485261070817,328515.067,2024-12-27T13:00:00+00:00,2024-12-29T14:00:00+00:00,3078.8175210894797,max_hold,"{""trend"": 0.0, ""mean_rev"": 0.0, ""breakout"": -0.96, ""confidence"": 0.96, ""strategy"": ""squeeze"", ""atr"": 0.005389263053540833, ""slot"": ""XLM/USDT:USDT:squeeze"", ""entry_fee_rate"": 0.0001, ""intended_entry"": 0.35897, ""sl0"": 0.3697485261070817}",2024-12-27 13:00:00+00:00,2024-12-29 14:00:00+00:00,0.8321359869032215,squeeze
XRP/USDT:USDT,short,2.1397031865000002,2.203697339646118,2.2036444521792657,59053.093,2024-12-27T22:00:00+00:00,2024-12-29T00:00:00+00:00,-3804.701800714605,sl_hit,"{""trend"": 0.0, ""mean_rev"": 0.0, ""breakout"": -0.8, ""confidence"": 0.8, ""strategy"": ""squeeze"", ""atr"": 0.030272226089632953, ""slot"": ""XRP/USDT:USDT:squeeze"", ""entry_fee_rate"": 0.0001, ""intended_entry"": 2.1431, ""sl0"": 2.2036444521792657}",2024-12-27 22:00:00+00:00,2024-12-29 00:00:00+00:00,-1.0008271257425128,squeeze
LTC/USDT:USDT,long,99.27,104.22598061953714,96.2970062270323,1158.745,2024-12-29T18:00:00+00:00,2024-12-31T15:00:00+00:00,5730.640629594268,tp_hit,"{""trend"": 0.0, ""mean_rev"": 0.6111862549533607, ""breakout"": 0.0, ""confidence"": 0.6111862549533607, ""strategy"": ""mean_rev"", ""atr"": 0.9909979243225644, ""slot"": ""LTC/USDT:USDT"", ""entry_fee_rate"": 0.0, ""intended_entry"": 99.27, ""sl0"": 96.2970062270323}",2024-12-29 18:00:00+00:00,2024-12-31 15:00:00+00:00,1.6669999999999972,mean_rev
ADA/USDT:USDT,short,0.8383690755000001,0.8904724621339061,0.8904510913077147,67375.734,2024-12-30T16:00:00+00:00,2025-01-01T18:00:00+00:00,-3522.1521151019842,sl_hit,"{""trend"": 0.0, ""mean_rev"": 0.0, ""breakout"": -0.8, ""confidence"": 0.8, ""strategy"": ""donchian"", ""atr"": 0.025375545653857353, ""slot"": ""ADA/USDT:USDT:donchian"", ""entry_fee_rate"": 0.0001, ""intended_entry"": 0.8397, ""sl0"": 0.8904510913077147, ""max_hold"": 120}",2024-12-30 16:00:00+00:00,2025-01-01 18:00:00+00:00,-1.0004103302427898,donchian
BNB/USDT:USDT,long,699.3,699.2832168,699.3,215.177,2024-12-30T22:00:00+00:00,2024-12-31T07:00:00+00:00,-18.6583251005295,sl_hit,"{""trend"": 0.0, ""mean_rev"": 0.0, ""breakout"": 0.7, ""confidence"": 0.7, ""strategy"": ""ifvg"", ""atr"": 6.277430256581959, ""slot"": ""BNB/USDT:USDT:ifvg"", ""entry_fee_rate"": 0.0, ""intended_entry"": 699.3, ""sl0"": 692.5367709230254, ""max_hold"": 24}",2024-12-30 22:00:00+00:00,2024-12-31 07:00:00+00:00,,ifvg
XLM/USDT:USDT,long,0.45429892429999996,0.44564930416,0.431809829239244,161762.003,2025-01-03T04:00:00+00:00,2025-01-05T05:00:00+00:00,-1413.7376218387362,max_hold,"{""trend"": 0.0, ""mean_rev"": 0.0, ""breakout"": 0.8, ""confidence"": 0.8, ""strategy"": ""squeeze"", ""atr"": 0.010885085380377985, ""slot"": ""XLM/USDT:USDT:squeeze"", ""entry_fee_rate"": 0.0001, ""intended_entry"": 0.45358, ""sl0"": 0.431809829239244}",2025-01-03 04:00:00+00:00,2025-01-05 05:00:00+00:00,-0.3846139703101608,squeeze
ADA/USDT:USDT,long,1.0366404749999998,0.9745644338790457,0.9745878239868214,58284.326,2025-01-03T08:00:00+00:00,2025-01-08T08:00:00+00:00,-3629.7823897392855,sl_hit,"{""trend"": 0.0, ""mean_rev"": 0.0, ""breakout"": 0.8, ""confidence"": 0.8, ""strategy"": ""donchian"", ""atr"": 0.030206088006589225, ""slot"": ""ADA/USDT:USDT:donchian"", ""entry_fee_rate"": 0.0001, ""intended_entry"": 1.035, ""sl0"": 0.9745878239868214, ""max_hold"": 120}",2025-01-03 08:00:00+00:00,2025-01-08 08:00:00+00:00,-1.0003769397019118,donchian
DOGE/USDT:USDT,long,0.3516765252,0.37062082386434053,0.34331967045426376,437340.531,2025-01-03T13:00:00+00:00,2025-01-03T18:00:00+00:00,8253.520646667319,tp_hit,"{""trend"": 0.0, ""mean_rev"": 0.0, ""breakout"": 0.9199999999999999, ""confidence"": 0.9199999999999999, ""strategy"": ""squeeze"", ""atr"": 0.0039001647728681053, ""slot"": ""DOGE/USDT:USDT:squeeze"", ""entry_fee_rate"": 0.0001, ""intended_entry"": 0.35112, ""sl0"": 0.34331967045426376}",2025-01-03 13:00:00+00:00,2025-01-03 18:00:00+00:00,2.2669173080944347,squeeze
ETH/USDT:USDT,long,3569.9594313499997,3454.9854145188037,3455.0683361588717,34.675,2025-01-03T16:00:00+00:00,2025-01-07T17:00:00+00:00,-4011.08302987477,sl_hit,"{""trend"": 0.0, ""mean_rev"": 0.0, ""breakout"": 0.8, ""confidence"": 0.8, ""strategy"": ""donchian"", ""atr"": 54.62083192056404, ""slot"": ""ETH/USDT:USDT:donchian"", ""entry_fee_rate"": 0.0001, ""intended_entry"": 3564.31, ""sl0"": 3455.0683361588717, ""max_hold"": 120}",2025-01-03 16:00:00+00:00,2025-01-07 17:00:00+00:00,-1.0007217412274645,donchian
LTC/USDT:USDT,short,114.42,109.31680782058764,117.48130304703801,1292.255,2025-01-05T22:00:00+00:00,2025-01-07T16:00:00+00:00,6580.499090657501,tp_hit,"{""trend"": 0.0, ""mean_rev"": -0.7963334786983102, ""breakout"": 0.0, ""confidence"": 0.7963334786983102, ""strategy"": ""mean_rev"", ""atr"": 1.020434349012669, ""slot"": ""LTC/USDT:USDT"", ""entry_fee_rate"": 0.0, ""intended_entry"": 114.42, ""sl0"": 117.48130304703801}",2025-01-05 22:00:00+00:00,2025-01-07 16:00:00+00:00,1.6669999999999996,mean_rev
BNB/USDT:USDT,long,714.81,714.7928445599999,714.81,237.609,2025-01-06T08:00:00+00:00,2025-01-06T16:00:00+00:00,-21.060408243268185,sl_hit,"{""trend"": 0.0, ""mean_rev"": 0.0, ""breakout"": 0.7, ""confidence"": 0.7, ""strategy"": ""ifvg"", ""atr"": 3.0228184355659855, ""slot"": ""BNB/USDT:USDT:ifvg"", ""entry_fee_rate"": 0.0, ""intended_entry"": 714.81, ""sl0"": 711.0131544693302, ""max_hold"": 24}",2025-01-06 08:00:00+00:00,2025-01-06 16:00:00+00:00,,ifvg
ETH/USDT:USDT,short,3274.2620559,2999.8615135452856,3419.2592432273573,26.631,2025-01-08T20:00:00+00:00,2025-01-13T16:00:00+00:00,7290.852224970615,tp_hit,"{""trend"": 0.0, ""mean_rev"": 0.0, ""breakout"": -0.8, ""confidence"": 0.8, ""strategy"": ""donchian"", ""atr"": 69.89962161367862, ""slot"": ""ETH/USDT:USDT:donchian"", ""entry_fee_rate"": 0.0001, ""intended_entry"": 3279.46, ""sl0"": 3419.2592432273573, ""max_hold"": 120}",2025-01-08 20:00:00+00:00,2025-01-13 16:00:00+00:00,1.89245424282063,donchian
LTC/USDT:USDT,short,104.49,100.12176641143871,107.11041606992278,1416.11,2025-01-11T23:00:00+00:00,2025-01-13T05:00:00+00:00,6171.720923634226,tp_hit,"{""trend"": 0.0, ""mean_rev"": -0.602851827557269, ""breakout"": 0.0, ""confidence"": 0.602851827557269, ""strategy"": ""mean_rev"", ""atr"": 0.8734720233075953, ""slot"": ""LTC/USDT:USDT"", ""entry_fee_rate"": 0.0, ""intended_entry"": 104.49, ""sl0"": 107.11041606992278}",2025-01-11 23:00:00+00:00,2025-01-13 05:00:00+00:00,1.667000000000001,mean_rev
BCH/USDT:USDT,short,405.9355707,428.82888969449624,428.8185980481431,183.686,2025-01-13T12:00:00+00:00,2025-01-14T00:00:00+00:00,-4220.515647290234,sl_hit,"{""trend"": 0.0, ""mean_rev"": 0.0, ""breakout"": -0.8, ""confidence"": 0.8, ""strategy"": ""donchian"", ""atr"": 11.119299024071545, ""slot"": ""BCH/USDT:USDT:donchian"", ""entry_fee_rate"": 0.0001, ""intended_entry"": 406.58, ""sl0"": 428.8185980481431, ""max_hold"": 120}",2025-01-13 12:00:00+00:00,2025-01-14 00:00:00+00:00,-1.0004497502099077,donchian
ETH/USDT:USDT,short,3042.53991855,3193.3166337695257,3193.2399960096213,28.323,2025-01-13T16:00:00+00:00,2025-01-14T11:00:00+00:00,-4288.110721675759,sl_hit,"{""trend"": 0.0, ""mean_rev"": 0.0, ""breakout"": -0.8, ""confidence"": 0.8, ""strategy"": ""donchian"", ""atr"": 72.93499800481075, ""slot"": ""ETH/USDT:USDT:donchian"", ""entry_fee_rate"": 0.0001, ""intended_entry"": 3047.37, ""sl0"": 3193.2399960096213, ""max_hold"": 120}",2025-01-13 16:00:00+00:00,2025-01-14 11:00:00+00:00,-1.000508544927091,donchian
BNB/USDT:USDT,long,698.51,709.1571306635889,698.51,239.071,2025-01-15T15:00:00+00:00,2025-01-15T22:00:00+00:00,2528.46628443637,tp_hit,"{""trend"": 0.0, ""mean_rev"": 0.0, ""breakout"": 0.7, ""confidence"": 0.7, ""strategy"": ""ifvg"", ""atr"": 4.278551105981536, ""slot"": ""BNB/USDT:USDT:ifvg"", ""entry_fee_rate"": 0.0, ""intended_entry"": 698.51, ""sl0"": 693.1864346682056, ""max_hold"": 24}",2025-01-15 15:00:00+00:00,2025-01-15 22:00:00+00:00,,ifvg
BNB/USDT:USDT,long,711.62,705.5538190236284,705.5707527216938,239.996,2025-01-16T14:00:00+00:00,2025-01-16T16:00:00+00:00,-1472.792179040314,sl_hit,"{""trend"": 0.0, ""mean_rev"": 0.0, ""breakout"": 0.7, ""confidence"": 0.7, ""strategy"": ""ifvg"", ""atr"": 4.6308242610207495, ""slot"": ""BNB/USDT:USDT:ifvg"", ""entry_fee_rate"": 0.0, ""intended_entry"": 711.62, ""sl0"": 705.5707527216938, ""max_hold"": 24}",2025-01-16 14:00:00+00:00,2025-01-16 16:00:00+00:00,-1.002799306638712,ifvg
SOL/USDT:USDT,long,233.2090514,260.61222133161203,218.953889334194,283.266,2025-01-18T08:00:00+00:00,2025-01-18T18:00:00+00:00,7748.398056183858,tp_hit,"{""trend"": 0.0, ""mean_rev"": 0.0, ""breakout"": 0.8, ""confidence"": 0.8, ""strategy"": ""donchian"", ""atr"": 6.943055332903006, ""slot"": ""SOL/USDT:USDT:donchian"", ""entry_fee_rate"": 0.0001, ""intended_entry"": 232.84, ""sl0"": 218.953889334194, ""max_hold"": 120}",2025-01-18 08:00:00+00:00,2025-01-18 18:00:00+00:00,1.9223331032724151,donchian
LTC/USDT:USDT,long,121.1,113.84466450950049,113.84739684702483,579.744,2025-01-19T05:00:00+00:00,2025-01-20T00:00:00+00:00,-4212.837294722284,sl_hit,"{""trend"": 0.0, ""mean_rev"": 0.6296612192443013, ""breakout"": 0.0, ""confidence"": 0.6296612192443013, ""strategy"": ""mean_rev"", ""atr"": 2.417534384325055, ""slot"": ""LTC/USDT:USDT"", ""entry_fee_rate"": 0.0, ""intended_entry"": 121.1, ""sl0"": 113.84739684702483}",2025-01-19 05:00:00+00:00,2025-01-20 00:00:00+00:00,-1.0003767388710927,mean_rev
DOGE/USDT:USDT,short,0.3766620429,0.39496660560555297,0.3949571266345137,236122.344,2025-01-19T09:00:00+00:00,2025-01-19T17:00:00+00:00,-4340.336128448419,sl_hit,"{""trend"": 0.0, ""mean_rev"": 0.0, ""breakout"": -1.0, ""confidence"": 1.0, ""strategy"": ""squeeze"", ""atr"": 0.008848563317256876, ""slot"": ""DOGE/USDT:USDT:squeeze"", ""entry_fee_rate"": 0.0001, ""intended_entry"": 0.37726, ""sl0"": 0.3949571266345137}",2025-01-19 09:00:00+00:00,2025-01-19 17:00:00+00:00,-1.000518115750483,squeeze
BNB/USDT:USDT,long,704.56,693.2708084314072,693.2874473301431,249.965,2025-01-19T21:00:00+00:00,2025-01-19T23:00:00+00:00,-2839.2321142062406,sl_hit,"{""trend"": 0.0, ""mean_rev"": 0.0, ""breakout"": 0.7, ""confidence"": 0.7, ""strategy"": ""ifvg"", ""atr"": 5.641842232856497, ""slot"": ""BNB/USDT:USDT:ifvg"", ""entry_fee_rate"": 0.0, ""intended_entry"": 704.56, ""sl0"": 693.2874473301431, ""max_hold"": 24}",2025-01-19 21:00:00+00:00,2025-01-19 23:00:00+00:00,-1.0014760542020251,ifvg
BNB/USDT:USDT,long,703.03,691.1611932441639,691.1777815109201,232.011,2025-01-20T09:00:00+00:00,2025-01-20T14:00:00+00:00,-2769.729424188864,sl_hit,"{""trend"": 0.0, ""mean_rev"": 0.0, ""breakout"": 0.7, ""confidence"": 0.7, ""strategy"": ""ifvg"", ""atr"": 8.174061630266372, ""slot"": ""BNB/USDT:USDT:ifvg"", ""entry_fee_rate"": 0.0, ""intended_entry"": 703.03, ""sl0"": 691.1777815109201, ""max_hold"": 24}",2025-01-20 09:00:00+00:00,2025-01-20 14:00:00+00:00,-1.0013995917111649,ifvg
XLM/USDT:USDT,short,0.42094174815,0.43389955798086866,0.4338891446413973,302055.635,2025-01-23T04:00:00+00:00,2025-01-23T18:00:00+00:00,-3939.8004400270283,sl_hit,"{""trend"": 0.0, ""mean_rev"": 0.0, ""breakout"": -1.0, ""confidence"": 1.0, ""strategy"": ""squeeze"", ""atr"": 0.006139572320698636, ""slot"": ""XLM/USDT:USDT:squeeze"", ""entry_fee_rate"": 0.0001, ""intended_entry"": 0.42161, ""sl0"": 0.4338891446413973}",2025-01-23 04:00:00+00:00,2025-01-23 18:00:00+00:00,-1.0008042805731872,squeeze
ADA/USDT:USDT,short,0.8851947390000001,0.9438883786499295,0.9438657258725085,62360.02,2025-01-27T08:00:00+00:00,2025-01-27T23:00:00+00:00,-3671.5427084222183,sl_hit,"{""trend"": 0.0, ""mean_rev"": 0.0, ""breakout"": -0.8, ""confidence"": 0.8, ""strategy"": ""donchian"", ""atr"": 0.028632862936254215, ""slot"": ""ADA/USDT:USDT:donchian"", ""entry_fee_rate"": 0.0001, ""intended_entry"": 0.8866, ""sl0"": 0.9438657258725085, ""max_hold"": 120}",2025-01-27 08:00:00+00:00,2025-01-27 23:00:00+00:00,-1.0003860984556165,donchian
ETH/USDT:USDT,short,3064.3453021500004,3209.6770285209245,3209.5999981209698,25.436,2025-01-27T08:00:00+00:00,2025-01-27T23:00:00+00:00,-3712.61639517112,sl_hit,"{""trend"": 0.0, ""mean_rev"": 0.0, ""breakout"": -0.8, ""confidence"": 0.8, ""strategy"": ""donchian"", ""atr"": 70.19499906048483, ""slot"": ""ETH/USDT:USDT:donchian"", ""entry_fee_rate"": 0.0001, ""intended_entry"": 3069.21, ""sl0"": 3209.5999981209698, ""max_hold"": 120}",2025-01-27 08:00:00+00:00,2025-01-27 23:00:00+00:00,-1.0005303126307885,donchian
BNB/USDT:USDT,short,665.51,674.305409489965,674.2892265485278,213.325,2025-01-28T22:00:00+00:00,2025-01-29T05:00:00+00:00,-1890.6653495947241,sl_hit,"{""trend"": 0.0, ""mean_rev"": 0.0, ""breakout"": -0.7, ""confidence"": 0.7, ""strategy"": ""ifvg"", ""atr"": 4.597421828426074, ""slot"": ""BNB/USDT:USDT:ifvg"", ""entry_fee_rate"": 0.0, ""intended_entry"": 665.51, ""sl0"": 674.2892265485278, ""max_hold"": 24}",2025-01-28 22:00:00+00:00,2025-01-29 05:00:00+00:00,-1.001843321999687,ifvg
BNB/USDT:USDT,short,670.88,661.389025689556,670.88,207.391,2025-01-29T11:00:00+00:00,2025-01-29T18:00:00+00:00,1954.6260400746169,tp_hit,"{""trend"": 0.0, ""mean_rev"": 0.0, ""breakout"": -0.7, ""confidence"": 0.7, ""strategy"": ""ifvg"", ""atr"": 4.118290517406662, ""slot"": ""BNB/USDT:USDT:ifvg"", ""entry_fee_rate"": 0.0, ""intended_entry"": 670.88, ""sl0"": 675.625487155222, ""max_hold"": 24}",2025-01-29 11:00:00+00:00,2025-01-29 18:00:00+00:00,,ifvg
LTC/USDT:USDT,long,124.19,117.637509269615,117.6403326375983,506.114,2025-02-01T09:00:00+00:00,2025-02-02T02:00:00+00:00,-3322.2610925547233,sl_hit,"{""trend"": 0.0, ""mean_rev"": 0.6543296581916518, ""breakout"": 0.0, ""confidence"": 0.6543296581916518, ""strategy"": ""mean_rev"", ""atr"": 2.1832224541338983, ""slot"": ""LTC/USDT:USDT"", ""entry_fee_rate"": 0.0, ""intended_entry"": 124.19, ""sl0"": 117.6403326375983}",2025-02-01 09:00:00+00:00,2025-02-02 02:00:00+00:00,-1.0004310704387094,mean_rev
SOL/USDT:USDT,short,212.5825218,187.87815267009086,225.44092366495457,255.976,2025-02-02T00:00:00+00:00,2025-02-03T03:00:00+00:00,6313.474760236806,tp_hit,"{""trend"": 0.0, ""mean_rev"": 0.0, ""breakout"": -0.8, ""confidence"": 0.8, ""strategy"": ""donchian"", ""atr"": 6.260461832477285, ""slot"": ""SOL/USDT:USDT:donchian"", ""entry_fee_rate"": 0.0001, ""intended_entry"": 212.92, ""sl0"": 225.44092366495457, ""max_hold"": 120}",2025-02-02 00:00:00+00:00,2025-02-03 03:00:00+00:00,1.9212627968364104,donchian
BNB/USDT:USDT,short,655.8,645.4536515020332,655.8,208.114,2025-02-02T04:00:00+00:00,2025-02-02T14:00:00+00:00,2139.7871771829937,tp_hit,"{""trend"": 0.0, ""mean_rev"": 0.0, ""breakout"": -0.7, ""confidence"": 0.7, ""strategy"": ""ifvg"", ""atr"": 4.377247496611312, ""slot"": ""BNB/USDT:USDT:ifvg"", ""entry_fee_rate"": 0.0, ""intended_entry"": 655.8, ""sl0"": 660.9731742489834, ""max_hold"": 24}",2025-02-02 04:00:00+00:00,2025-02-02 14:00:00+00:00,,ifvg
ADA/USDT:USDT,short,0.8139079080000001,0.6907667675070972,0.8774166162464515,54759.049,2025-02-02T20:00:00+00:00,2025-02-03T03:00:00+00:00,6734.852290738239,tp_hit,"{""trend"": 0.0, ""mean_rev"": 0.0, ""breakout"": -0.8, ""confidence"": 0.8, ""strategy"": ""donchian"", ""atr"": 0.031108308123225722, ""slot"": ""ADA/USDT:USDT:donchian"", ""entry_fee_rate"": 0.0001, ""intended_entry"": 0.8152, ""sl0"": 0.8774166162464515, ""max_hold"": 120}",2025-02-02 20:00:00+00:00,2025-02-03 03:00:00+00:00,1.938964653713982,donchian
ETH/USDT:USDT,short,2953.0619662500003,2640.823569547487,3116.2132152262566,21.499,2025-02-02T20:00:00+00:00,2025-02-03T03:00:00+00:00,6700.786996193926,tp_hit,"{""trend"": 0.0, ""mean_rev"": 0.0, ""breakout"": -0.8, ""confidence"": 0.8, ""strategy"": ""donchian"", ""atr"": 79.23160761312835, ""slot"": ""ETH/USDT:USDT:donchian"", ""entry_fee_rate"": 0.0001, ""intended_entry"": 2957.75, ""sl0"": 3116.2132152262566, ""max_hold"": 120}",2025-02-02 20:00:00+00:00,2025-02-03 03:00:00+00:00,1.9137971585369482,donchian
ADA/USDT:USDT,short,0.6581551680000001,0.7648010490533196,0.7647826942686571,37550.825,2025-02-03T04:00:00+00:00,2025-02-03T17:00:00+00:00,-4009.9841343929393,sl_hit,"{""trend"": 0.0, ""mean_rev"": 0.0, ""breakout"": -0.8, ""confidence"": 0.8, ""strategy"": ""donchian"", ""atr"": 0.05279134713432856, ""slot"": ""ADA/USDT:USDT:donchian"", ""entry_fee_rate"": 0.0001, ""intended_entry"": 0.6592, ""sl0"": 0.7647826942686571, ""max_hold"": 120}",2025-02-03 04:00:00+00:00,2025-02-03 17:00:00+00:00,-1.000172139271207,donchian
BNB/USDT:USDT,short,551.5643826,591.7498247086465,591.7356230536932,100.894,2025-02-03T04:00:00+00:00,2025-02-03T17:00:00+00:00,-4066.005350473,sl_hit,"{""trend"": 0.0, ""mean_rev"": 0.0, ""breakout"": -0.8, ""confidence"": 0.8, ""strategy"": ""donchian"", ""atr"": 19.647811526846596, ""slot"": ""BNB/USDT:USDT:donchian"", ""entry_fee_rate"": 0.0001, ""intended_entry"": 552.44, ""sl0"": 591.7356230536932, ""max_hold"": 120}",2025-02-03 04:00:00+00:00,2025-02-03 17:00:00+00:00,-1.000353527916812,donchian
ETH/USDT:USDT,short,2521.197558,2806.128383086583,2806.06103762168,14.116,2025-02-03T04:00:00+00:00,2025-02-03T23:00:00+00:00,-4029.6035802206484,sl_hit,"{""trend"": 0.0, ""mean_rev"": 0.0, ""breakout"": -0.8, ""confidence"": 0.8, ""strategy"": ""donchian"", ""atr"": 140.4305188108401, ""slot"": ""ETH/USDT:USDT:donchian"", ""entry_fee_rate"": 0.0001, ""intended_entry"": 2525.2, ""sl0"": 2806.06103762168, ""max_hold"": 120}",2025-02-03 04:00:00+00:00,2025-02-03 23:00:00+00:00,-1.0002364131232007,donchian
NEAR/USDT:USDT,short,3.1200468750000003,3.6019249052605216,3.6018384611374543,8314.592,2025-02-03T04:00:00+00:00,2025-02-03T18:00:00+00:00,-4012.208260658726,sl_hit,"{""trend"": 0.0, ""mean_rev"": 0.0, ""breakout"": -0.8, ""confidence"": 0.8, ""strategy"": ""donchian"", ""atr"": 0.23841923056872708, ""slot"": ""NEAR/USDT:USDT:donchian"", ""entry_fee_rate"": 0.0001, ""intended_entry"": 3.125, ""sl0"": 3.6018384611374543, ""max_hold"": 120}",2025-02-03 04:00:00+00:00,2025-02-03 18:00:00+00:00,-1.0001794222347473,donchian
LTC/USDT:USDT,short,107.46,110.97309426580652,110.9704309754631,968.711,2025-02-09T04:00:00+00:00,2025-02-10T02:00:00+00:00,-3413.9231450356415,sl_hit,"{""trend"": 0.0, ""mean_rev"": -0.7508295090899426, ""breakout"": 0.0, ""confidence"": 0.7508295090899426, ""strategy"": ""mean_rev"", ""atr"": 1.1701436584877016, ""slot"": ""LTC/USDT:USDT"", ""entry_fee_rate"": 0.0, ""intended_entry"": 107.46, ""sl0"": 110.9704309754631}",2025-02-09 04:00:00+00:00,2025-02-10 02:00:00+00:00,-1.0007586790231844,mean_rev
BNB/USDT:USDT,short,615.74,598.9878044598948,615.74,239.073,2025-02-09T22:00:00+00:00,2025-02-10T04:00:00+00:00,3990.6774632219976,tp_hit,"{""trend"": 0.0, ""mean_rev"": 0.0, ""breakout"": -0.7, ""confidence"": 0.7, ""strategy"": ""ifvg"", ""atr"": 7.753659233508698, ""slot"": ""BNB/USDT:USDT:ifvg"", ""entry_fee_rate"": 0.0, ""intended_entry"": 615.74, ""sl0"": 624.1160977700525, ""max_hold"": 24}",2025-02-09 22:00:00+00:00,2025-02-10 04:00:00+00:00,,ifvg
BNB/USDT:USDT,long,614.35,634.8295837550014,614.35,238.634,2025-02-11T00:00:00+00:00,2025-02-11T05:00:00+00:00,4871.975797502021,tp_hit,"{""trend"": 0.0, ""mean_rev"": 0.0, ""breakout"": 0.7, ""confidence"": 0.7, ""strategy"": ""ifvg"", ""atr"": 5.865972925002331, ""slot"": ""BNB/USDT:USDT:ifvg"", ""entry_fee_rate"": 0.0, ""intended_entry"": 614.35, ""sl0"": 604.1102081224993, ""max_hold"": 24}",2025-02-11 00:00:00+00:00,2025-02-11 05:00:00+00:00,,ifvg
XRP/USDT:USDT,long,2.5190864334999996,2.4519024583246694,2.451961305395999,56879.538,2025-02-11T06:00:00+00:00,2025-02-11T15:00:00+00:00,-3849.668224133266,sl_hit,"{""trend"": 0.0, ""mean_rev"": 0.0, ""breakout"": 0.88, ""confidence"": 0.88, ""strategy"": ""squeeze"", ""atr"": 0.031569347302000395, ""slot"": ""XRP/USDT:USDT:squeeze"", ""entry_fee_rate"": 0.0001, ""intended_entry"": 2.5151, ""sl0"": 2.451961305395999}",2025-02-11 06:00:00+00:00,2025-02-11 15:00:00+00:00,-1.0008766772294044,squeeze
BNB/USDT:USDT,long,659.2632787,721.5745740737215,626.5427129631393,109.117,2025-02-12T16:00:00+00:00,2025-02-13T05:00:00+00:00,6784.154328896255,tp_hit,"{""trend"": 0.0, ""mean_rev"": 0.0, ""breakout"": 0.8, ""confidence"": 0.8, ""strategy"": ""donchian"", ""atr"": 15.838643518430363, ""slot"": ""BNB/USDT:USDT:donchian"", ""entry_fee_rate"": 0.0001, ""intended_entry"": 658.22, ""sl0"": 626.5427129631393, ""max_hold"": 120}",2025-02-12 16:00:00+00:00,2025-02-13 05:00:00+00:00,1.904346516341734,donchian
LTC/USDT:USDT,long,127.02,120.7719117532042,120.77481034865257,591.496,2025-02-16T16:00:00+00:00,2025-02-17T18:00:00+00:00,-3702.8628158981674,sl_hit,"{""trend"": 0.0, ""mean_rev"": 0.6015585533584055, ""breakout"": 0.0, ""confidence"": 0.6015585533584055, ""strategy"": ""mean_rev"", ""atr"": 2.0817298837824785, ""slot"": ""LTC/USDT:USDT"", ""entry_fee_rate"": 0.0, ""intended_entry"": 127.02, ""sl0"": 120.77481034865257}",2025-02-16 16:00:00+00:00,2025-02-17 18:00:00+00:00,-1.0004641324939982,mean_rev
DOGE/USDT:USDT,short,0.26496935685,0.25116959588342025,0.2710781616466319,596435.284,2025-02-16T18:00:00+00:00,2025-02-18T08:00:00+00:00,8199.880002948408,tp_hit,"{""trend"": 0.0, ""mean_rev"": 0.0, ""breakout"": -0.96, ""confidence"": 0.96, ""strategy"": ""squeeze"", ""atr"": 0.0028440808233159555, ""slot"": ""DOGE/USDT:USDT:squeeze"", ""entry_fee_rate"": 0.0001, ""intended_entry"": 0.26539, ""sl0"": 0.2710781616466319}",2025-02-16 18:00:00+00:00,2025-02-18 08:00:00+00:00,2.258995241456772,squeeze
XLM/USDT:USDT,short,0.34230658275000003,0.3254329182047164,0.3498168327181134,458357.041,2025-02-16T19:00:00+00:00,2025-02-18T08:00:00+00:00,7703.556641621163,tp_hit,"{""trend"": 0.0, ""mean_rev"": 0.0, ""breakout"": -1.0, ""confidence"": 1.0, ""strategy"": ""squeeze"", ""atr"": 0.003483416359056713, ""slot"": ""XLM/USDT:USDT:squeeze"", ""entry_fee_rate"": 0.0001, ""intended_entry"": 0.34285, ""sl0"": 0.3498168327181134}",2025-02-16 19:00:00+00:00,2025-02-18 08:00:00+00:00,2.2467513886921058,squeeze
SOL/USDT:USDT,short,179.95431960000002,162.83908250549723,188.9404587472514,419.73,2025-02-17T16:00:00+00:00,2025-02-18T18:00:00+00:00,7169.3903982090815,tp_hit,"{""trend"": 0.0, ""mean_rev"": 0.0, ""breakout"": -0.8, ""confidence"": 0.8, ""strategy"": ""donchian"", ""atr"": 4.350229373625697, ""slot"": ""SOL/USDT:USDT:donchian"", ""entry_fee_rate"": 0.0001, ""intended_entry"": 180.24, ""sl0"": 188.9404587472514, ""max_hold"": 120}",2025-02-17 16:00:00+00:00,2025-02-18 18:00:00+00:00,1.904626315489215,donchian
BNB/USDT:USDT,long,659.63,653.1800032881612,653.1956799844808,276.677,2025-02-18T14:00:00+00:00,2025-02-18T16:00:00+00:00,-1802.6377286184056,sl_hit,"{""trend"": 0.0, ""mean_rev"": 0.0, ""breakout"": 0.7, ""confidence"": 0.7, ""strategy"": ""ifvg"", ""atr"": 6.347733385064263, ""slot"": ""BNB/USDT:USDT:ifvg"", ""entry_fee_rate"": 0.0, ""intended_entry"": 659.63, ""sl0"": 653.1956799844808, ""max_hold"": 24}",2025-02-18 14:00:00+00:00,2025-02-18 16:00:00+00:00,-1.0024364184998222,ifvg
XRP/USDT:USDT,short,2.6394098940000004,2.699314938048057,2.6992501560443123,69853.823,2025-02-21T04:00:00+00:00,2025-02-21T15:00:00+00:00,-4221.889377686526,sl_hit,"{""trend"": 0.0, ""mean_rev"": 0.0, ""breakout"": -1.0, ""confidence"": 1.0, ""strategy"": ""squeeze"", ""atr"": 0.027825078022155964, ""slot"": ""XRP/USDT:USDT:squeeze"", ""entry_fee_rate"": 0.0001, ""intended_entry"": 2.6436, ""sl0"": 2.6992501560443123}",2025-02-21 04:00:00+00:00,2025-02-21 15:00:00+00:00,-1.0010825822202611,squeeze
DOGE/USDT:USDT,long,0.26106313025,0.2557098414392236,0.25571597862271056,698756.609,2025-02-21T14:00:00+00:00,2025-02-21T16:00:00+00:00,-3776.7557893478033,sl_hit,"{""trend"": 0.0, ""mean_rev"": 0.0, ""breakout"": 1.0, ""confidence"": 1.0, ""strategy"": ""squeeze"", ""atr"": 0.002467010688644706, ""slot"": ""DOGE/USDT:USDT:squeeze"", ""entry_fee_rate"": 0.0001, ""intended_entry"": 0.26065, ""sl0"": 0.25571597862271056}",2025-02-21 14:00:00+00:00,2025-02-21 16:00:00+00:00,-1.0011477481685096,squeeze
BNB/USDT:USDT,long,655.19,670.7598860714,655.19,263.538,2025-02-22T09:00:00+00:00,2025-02-22T18:00:00+00:00,4085.5795635990626,tp_hit,"{""trend"": 0.0, ""mean_rev"": 0.0, ""breakout"": 0.7, ""confidence"": 0.7, ""strategy"": ""ifvg"", ""atr"": 4.749810118999854, ""slot"": ""BNB/USDT:USDT:ifvg"", ""entry_fee_rate"": 0.0, ""intended_entry"": 655.19, ""sl0"": 647.4050569643001, ""max_hold"": 24}",2025-02-22 09:00:00+00:00,2025-02-22 18:00:00+00:00,,ifvg
SOL/USDT:USDT,short,152.33816070000003,134.08723638281154,161.82638180859425,451.193,2025-02-24T16:00:00+00:00,2025-02-25T09:00:00+00:00,8221.765982026629,tp_hit,"{""trend"": 0.0, ""mean_rev"": 0.0, ""breakout"": -0.8, ""confidence"": 0.8, ""strategy"": ""donchian"", ""atr"": 4.6231909042971155, ""slot"": ""SOL/USDT:USDT:donchian"", ""entry_fee_rate"": 0.0001, ""intended_entry"": 152.58, ""sl0"": 161.82638180859425, ""max_hold"": 120}",2025-02-24 16:00:00+00:00,2025-02-25 09:00:00+00:00,1.9235348869196582,donchian
ADA/USDT:USDT,short,0.6804198225,0.5866617013783342,0.7289191493108329,92034.98,2025-02-25T00:00:00+00:00,2025-02-28T08:00:00+00:00,8617.36521999924,tp_hit,"{""trend"": 0.0, ""mean_rev"": 0.0, ""breakout"": -0.8, ""confidence"": 0.8, ""strategy"": ""donchian"", ""atr"": 0.023709574655416468, ""slot"": ""ADA/USDT:USDT:donchian"", ""entry_fee_rate"": 0.0001, ""intended_entry"": 0.6815, ""sl0"": 0.7289191493108329, ""max_hold"": 120}",2025-02-25 00:00:00+00:00,2025-02-28 08:00:00+00:00,1.933183969488084,donchian
NEAR/USDT:USDT,short,2.846481165,3.1125744980002015,3.1124997980050493,17057.86,2025-02-25T08:00:00+00:00,2025-02-27T04:00:00+00:00,-4549.147694973981,sl_hit,"{""trend"": 0.0, ""mean_rev"": 0.0, ""breakout"": -0.8, ""confidence"": 0.8, ""strategy"": ""donchian"", ""atr"": 0.13074989900252457, ""slot"": ""NEAR/USDT:USDT:donchian"", ""entry_fee_rate"": 0.0001, ""intended_entry"": 2.851, ""sl0"": 3.1124997980050493, ""max_hold"": 120}",2025-02-25 08:00:00+00:00,2025-02-27 04:00:00+00:00,-1.0002808073791989,donchian
DOGE/USDT:USDT,short,0.2013004323,0.21033130155542398,0.21032625372533456,507463.236,2025-02-26T18:00:00+00:00,2025-02-27T08:00:00+00:00,-4603.722933420621,sl_hit,"{""trend"": 0.0, ""mean_rev"": 0.0, ""breakout"": -0.84, ""confidence"": 0.84, ""strategy"": ""squeeze"", ""atr"": 0.004353126862667288, ""slot"": ""DOGE/USDT:USDT:squeeze"", ""entry_fee_rate"": 0.0001, ""intended_entry"": 0.20162, ""sl0"": 0.21032625372533456}",2025-02-26 18:00:00+00:00,2025-02-27 08:00:00+00:00,-1.0005592654509265,squeeze
ETH/USDT:USDT,short,2291.6220129000003,2455.919950034353,2455.861009370128,28.684,2025-02-26T20:00:00+00:00,2025-03-02T18:00:00+00:00,-4726.339878128253,sl_hit,"{""trend"": 0.0, ""mean_rev"": 0.0, ""breakout"": -0.8, ""confidence"": 0.8, ""strategy"": ""donchian"", ""atr"": 80.3005046850639, ""slot"": ""ETH/USDT:USDT:donchian"", ""entry_fee_rate"": 0.0001, ""intended_entry"": 2295.26, ""sl0"": 2455.861009370128, ""max_hold"": 120}",2025-02-26 20:00:00+00:00,2025-03-02 18:00:00+00:00,-1.0003588713124871,donchian
XRP/USDT:USDT,short,2.0793989205,2.1712501278087153,2.171198019056258,50356.467,2025-02-28T02:00:00+00:00,2025-03-01T03:00:00+00:00,-4646.7070566044495,sl_hit,"{""trend"": 0.0, ""mean_rev"": 0.0, ""breakout"": -1.0, ""confidence"": 1.0, ""strategy"": ""squeeze"", ""atr"": 0.044249009528128894, ""slot"": ""XRP/USDT:USDT:squeeze"", ""entry_fee_rate"": 0.0001, ""intended_entry"": 2.0827, ""sl0"": 2.171198019056258}",2025-02-28 02:00:00+00:00,2025-03-01 03:00:00+00:00,-1.0005676390430511,squeeze
LTC/USDT:USDT,long,123.88,117.5363197311933,117.5391406705694,696.866,2025-03-01T14:00:00+00:00,2025-03-02T15:00:00+00:00,-4428.885800700825,sl_hit,"{""trend"": 0.0, ""mean_rev"": 0.6153079746958846, ""breakout"": 0.0, ""confidence"": 0.6153079746958846, ""strategy"": ""mean_rev"", ""atr"": 2.1136197764768667, ""slot"": ""LTC/USDT:USDT"", ""entry_fee_rate"": 0.0, ""intended_entry"": 123.88, ""sl0"": 117.5391406705694}",2025-03-01 14:00:00+00:00,2025-03-02 15:00:00+00:00,-1.0004448828194312,mean_rev
ADA/USDT:USDT,long,0.865770074,1.0177433452852847,0.7877283273573576,55037.801,2025-03-02T16:00:00+00:00,2025-03-02T17:00:00+00:00,8353.908218643368,tp_hit,"{""trend"": 0.0, ""mean_rev"": 0.0, ""breakout"": 0.8, ""confidence"": 0.8, ""strategy"": ""donchian"", ""atr"": 0.03833583632132115, ""slot"": ""ADA/USDT:USDT:donchian"", ""entry_fee_rate"": 0.0001, ""intended_entry"": 0.8644, ""sl0"": 0.7877283273573576, ""max_hold"": 120}",2025-03-02 16:00:00+00:00,2025-03-02 17:00:00+00:00,1.9473330342179445,donchian
DOGE/USDT:USDT,long,0.22853164945,0.218380061104902,0.21838530235215844,508285.566,2025-03-02T17:00:00+00:00,2025-03-03T08:00:00+00:00,-5182.621704962295,sl_hit,"{""trend"": 0.0, ""mean_rev"": 0.0, ""breakout"": 0.84, ""confidence"": 0.84, ""strategy"": ""squeeze"", ""atr"": 0.0048923488239207835, ""slot"": ""DOGE/USDT:USDT:squeeze"", ""entry_fee_rate"": 0.0001, ""intended_entry"": 0.22817, ""sl0"": 0.21838530235215844}",2025-03-02 17:00:00+00:00,2025-03-03 08:00:00+00:00,-1.0005165649475534,squeeze
ADA/USDT:USDT,long,1.0419488755,0.929039720704259,0.9290620181926956,38033.985,2025-03-02T20:00:00+00:00,2025-03-03T11:00:00+00:00,-4301.88155493421,sl_hit,"{""trend"": 0.0, ""mean_rev"": 0.0, ""breakout"": 0.8, ""confidence"": 0.8, ""strategy"": ""donchian"", ""atr"": 0.05561899090365216, ""slot"": ""ADA/USDT:USDT:donchian"", ""entry_fee_rate"": 0.0001, ""intended_entry"": 1.0403, ""sl0"": 0.9290620181926956, ""max_hold"": 120}",2025-03-02 20:00:00+00:00,2025-03-03 11:00:00+00:00,-1.000197520676618,donchian
BNB/USDT:USDT,short,605.89,589.4095194185699,605.89,285.09,2025-03-03T08:00:00+00:00,2025-03-03T15:00:00+00:00,4681.6167329708105,tp_hit,"{""trend"": 0.0, ""mean_rev"": 0.0, ""breakout"": -0.7, ""confidence"": 0.7, ""strategy"": ""ifvg"", ""atr"": 6.600800969050252, ""slot"": ""BNB/USDT:USDT:ifvg"", ""entry_fee_rate"": 0.0, ""intended_entry"": 605.89, ""sl0"": 614.130240290715, ""max_hold"": 24}",2025-03-03 08:00:00+00:00,2025-03-03 15:00:00+00:00,,ifvg
BCH/USDT:USDT,long,344.42504979999995,320.3076469842947,320.315334552324,173.231,2025-03-03T16:00:00+00:00,2025-03-03T22:00:00+00:00,-4189.3970381471,sl_hit,"{""trend"": 0.0, ""mean_rev"": 0.0, ""breakout"": 0.8, ""confidence"": 0.8, ""strategy"": ""donchian"", ""atr"": 11.782332723838008, ""slot"": ""BCH/USDT:USDT:donchian"", ""entry_fee_rate"": 0.0001, ""intended_entry"": 343.88, ""sl0"": 320.315334552324, ""max_hold"": 120}",2025-03-03 16:00:00+00:00,2025-03-03 22:00:00+00:00,-1.0003188576866335,donchian
BCH/USDT:USDT,long,378.52901905,369.27113727999995,342.95644991975405,112.528,2025-03-05T12:00:00+00:00,2025-03-10T13:00:00+00:00,-1050.1857654137148,max_hold,"{""trend"": 0.0, ""mean_rev"": 0.0, ""breakout"": 0.8, ""confidence"": 0.8, ""strategy"": ""donchian"", ""atr"": 17.48677504012297, ""slot"": ""BCH/USDT:USDT:donchian"", ""entry_fee_rate"": 0.0001, ""intended_entry"": 377.93, ""sl0"": 342.95644991975405, ""max_hold"": 120}",2025-03-05 12:00:00+00:00,2025-03-10 13:00:00+00:00,-0.2602533917666473,donchian
XRP/USDT:USDT,long,2.6336677575,2.5382556810336956,2.5383166006321107,44050.242,2025-03-06T11:00:00+00:00,2025-03-06T19:00:00+00:00,-4225.707505970504,sl_hit,"{""trend"": 0.0, ""mean_rev"": 0.0, ""breakout"": 1.0, ""confidence"": 1.0, ""strategy"": ""squeeze"", ""atr"": 0.04559169968394477, ""slot"": ""XRP/USDT:USDT:squeeze"", ""entry_fee_rate"": 0.0001, ""intended_entry"": 2.6295, ""sl0"": 2.5383166006321107}",2025-03-06 11:00:00+00:00,2025-03-06 19:00:00+00:00,-1.0006388973182523,squeeze
LTC/USDT:USDT,short,107.94,97.97459239785923,113.91804895149417,637.112,2025-03-08T05:00:00+00:00,2025-03-09T15:00:00+00:00,6342.838689363933,tp_hit,"{""trend"": 0.0, ""mean_rev"": -0.6914232264823216, ""breakout"": 0.0, ""confidence"": 0.6914232264823216, ""strategy"": ""mean_rev"", ""atr"": 1.9926829838313895, ""slot"": ""LTC/USDT:USDT"", ""entry_fee_rate"": 0.0, ""intended_entry"": 107.94, ""sl0"": 113.91804895149417}",2025-03-08 05:00:00+00:00,2025-03-09 15:00:00+00:00,1.6669999999999974,mean_rev
DOGE/USDT:USDT,short,0.18948918285,0.1785184523800759,0.1942986190479696,872030.602,2025-03-09T09:00:00+00:00,2025-03-09T17:00:00+00:00,9534.721304098613,tp_hit,"{""trend"": 0.0, ""mean_rev"": 0.0, ""breakout"": -1.0, ""confidence"": 1.0, ""strategy"": ""squeeze"", ""atr"": 0.002254309523984816, ""slot"": ""DOGE/USDT:USDT:squeeze"", ""entry_fee_rate"": 0.0001, ""intended_entry"": 0.18979, ""sl0"": 0.1942986190479696}",2025-03-09 09:00:00+00:00,2025-03-09 17:00:00+00:00,2.2810845218313878,squeeze
XRP/USDT:USDT,short,2.250028044,2.0972072930314734,2.3161570827874107,65236.963,2025-03-09T12:00:00+00:00,2025-03-09T20:00:00+00:00,9941.201633482568,tp_hit,"{""trend"": 0.0, ""mean_rev"": 0.0, ""breakout"": -1.0, ""confidence"": 1.0, ""strategy"": ""squeeze"", ""atr"": 0.03127854139370535, ""slot"": ""XRP/USDT:USDT:squeeze"", ""entry_fee_rate"": 0.0001, ""intended_entry"": 2.2536, ""sl0"": 2.3161570827874107}",2025-03-09 12:00:00+00:00,2025-03-09 20:00:00+00:00,2.3109477133004965,squeeze
XLM/USDT:USDT,short,0.26898298515,0.2759077756867085,0.27590115405901106,635907.925,2025-03-09T13:00:00+00:00,2025-03-10T11:00:00+00:00,-4438.179216565454,sl_hit,"{""trend"": 0.0, ""mean_rev"": 0.0, ""breakout"": -1.0, ""confidence"": 1.0, ""strategy"": ""squeeze"", ""atr"": 0.003245577029505529, ""slot"": ""XLM/USDT:USDT:squeeze"", ""entry_fee_rate"": 0.0001, ""intended_entry"": 0.26941, ""sl0"": 0.27590115405901106}",2025-03-09 13:00:00+00:00,2025-03-10 11:00:00+00:00,-1.0009571358815494,squeeze
NEAR/USDT:USDT,short,2.4670834650000004,2.711445221937995,2.7113801488144236,18716.929,2025-03-10T16:00:00+00:00,2025-03-14T10:00:00+00:00,-4583.39427029949,sl_hit,"{""trend"": 0.0, ""mean_rev"": 0.0, ""breakout"": -0.8, ""confidence"": 0.8, ""strategy"": ""donchian"", ""atr"": 0.12019007440721174, ""slot"": ""NEAR/USDT:USDT:donchian"", ""entry_fee_rate"": 0.0001, ""intended_entry"": 2.471, ""sl0"": 2.7113801488144236, ""max_hold"": 120}",2025-03-10 16:00:00+00:00,2025-03-14 10:00:00+00:00,-1.0002663692464235,donchian
XLM/USDT:USDT,short,0.25468568235,0.25407609768,0.26748392155839623,365027.853,2025-03-10T17:00:00+00:00,2025-03-12T18:00:00+00:00,203.94416128653123,max_hold,"{""trend"": 0.0, ""mean_rev"": 0.0, ""breakout"": -1.0, ""confidence"": 1.0, ""strategy"": ""squeeze"", ""atr"": 0.006196960779198116, ""slot"": ""XLM/USDT:USDT:squeeze"", ""entry_fee_rate"": 0.0001, ""intended_entry"": 0.25509, ""sl0"": 0.26748392155839623}",2025-03-10 17:00:00+00:00,2025-03-12 18:00:00+00:00,0.04763035446314214,squeeze
ETH/USDT:USDT,short,1865.2289188500001,1936.05646424,2029.5162259877065,29.862,2025-03-10T20:00:00+00:00,2025-03-15T21:00:00+00:00,-2126.4035588471584,max_hold,"{""trend"": 0.0, ""mean_rev"": 0.0, ""breakout"": -0.8, ""confidence"": 0.8, ""strategy"": ""donchian"", ""atr"": 80.66311299385328, ""slot"": ""ETH/USDT:USDT:donchian"", ""entry_fee_rate"": 0.0001, ""intended_entry"": 1868.19, ""sl0"": 2029.5162259877065, ""max_hold"": 120}",2025-03-10 20:00:00+00:00,2025-03-15 21:00:00+00:00,-0.43112000935429445,donchian
XRP/USDT:USDT,long,2.2545678349999996,2.454549940634636,2.1695800237461453,54535.707,2025-03-14T00:00:00+00:00,2025-03-15T06:00:00+00:00,10880.484011409535,tp_hit,"{""trend"": 0.0, ""mean_rev"": 0.0, ""breakout"": 1.0, ""confidence"": 1.0, ""strategy"": ""squeeze"", ""atr"": 0.04070998812692724, ""slot"": ""XRP/USDT:USDT:squeeze"", ""entry_fee_rate"": 0.0001, ""intended_entry"": 2.251, ""sl0"": 2.1695800237461453}",2025-03-14 00:00:00+00:00,2025-03-15 06:00:00+00:00,2.3530680774599566,squeeze
LTC/USDT:USDT,short,93.19,93.56224544,96.1481628712365,1576.718,2025-03-15T10:00:00+00:00,2025-03-17T11:00:00+00:00,-601.6782133164872,max_hold,"{""trend"": 0.0, ""mean_rev"": -0.6498971485298053, ""breakout"": 0.0, ""confidence"": 0.6498971485298053, ""strategy"": ""mean_rev"", ""atr"": 0.9860542904121673, ""slot"": ""LTC/USDT:USDT"", ""entry_fee_rate"": 0.0, ""intended_entry"": 93.19, ""sl0"": 96.1481628712365}",2025-03-15 10:00:00+00:00,2025-03-17 11:00:00+00:00,-0.12583669534206673,mean_rev
DOGE/USDT:USDT,long,0.1775810205,0.17347714407173342,0.1734813076231164,1129001.645,2025-03-15T14:00:00+00:00,2025-03-16T04:00:00+00:00,-4672.917762918896,sl_hit,"{""trend"": 0.0, ""mean_rev"": 0.0, ""breakout"": 1.0, ""confidence"": 1.0, ""strategy"": ""squeeze"", ""atr"": 0.001909346188441813, ""slot"": ""DOGE/USDT:USDT:squeeze"", ""entry_fee_rate"": 0.0001, ""intended_entry"": 0.1773, ""sl0"": 0.1734813076231164}",2025-03-15 14:00:00+00:00,2025-03-16 04:00:00+00:00,-1.0010155714578075,squeeze
XLM/USDT:USDT,long,0.273633022,0.2898921183777997,0.2665231526488801,669130.109,2025-03-19T00:00:00+00:00,2025-03-19T13:00:00+00:00,10841.743767658103,tp_hit,"{""trend"": 0.0, ""mean_rev"": 0.0, ""breakout"": 0.84, ""confidence"": 0.84, ""strategy"": ""squeeze"", ""atr"": 0.0033384236755599397, ""slot"": ""XLM/USDT:USDT:squeeze"", ""entry_fee_rate"": 0.0001, ""intended_entry"": 0.2732, ""sl0"": 0.2665231526488801}",2025-03-19 00:00:00+00:00,2025-03-19 13:00:00+00:00,2.286834760928297,squeeze
BCH/USDT:USDT,short,322.43812425,335.9206883160698,335.91262641303587,373.931,2025-03-22T00:00:00+00:00,2025-03-24T20:00:00+00:00,-5066.166740703716,sl_hit,"{""trend"": 0.0, ""mean_rev"": 0.0, ""breakout"": -0.8, ""confidence"": 0.8, ""strategy"": ""donchian"", ""atr"": 6.481313206517933, ""slot"": ""BCH/USDT:USDT:donchian"", ""entry_fee_rate"": 0.0001, ""intended_entry"": 322.95, ""sl0"": 335.91262641303587, ""max_hold"": 120}",2025-03-22 00:00:00+00:00,2025-03-24 20:00:00+00:00,-1.0005983080440664,donchian
LTC/USDT:USDT,short,91.9,93.69383732621517,93.6915887280857,2245.66,2025-03-22T19:00:00+00:00,2025-03-24T12:00:00+00:00,-4049.389180261354,sl_hit,"{""trend"": 0.0, ""mean_rev"": -0.6260128299572503, ""breakout"": 0.0, ""confidence"": 0.6260128299572503, ""strategy"": ""mean_rev"", ""atr"": 0.5971962426952323, ""slot"": ""LTC/USDT:USDT"", ""entry_fee_rate"": 0.0, ""intended_entry"": 91.9, ""sl0"": 93.6915887280857}",2025-03-22 19:00:00+00:00,2025-03-24 12:00:00+00:00,-1.0012550861111256,mean_rev
XLM/USDT:USDT,long,0.2985123934,0.2913826346070371,0.29138962795810813,651124.897,2025-03-26T06:00:00+00:00,2025-03-26T15:00:00+00:00,-4680.772993638005,sl_hit,"{""trend"": 0.0, ""mean_rev"": 0.0, ""breakout"": 1.0, ""confidence"": 1.0, ""strategy"": ""squeeze"", ""atr"": 0.003325186020945939, ""slot"": ""XLM/USDT:USDT:squeeze"", ""entry_fee_rate"": 0.0001, ""intended_entry"": 0.29804, ""sl0"": 0.29138962795810813}",2025-03-26 06:00:00+00:00,2025-03-26 15:00:00+00:00,-1.0009818308812874,squeeze
XRP/USDT:USDT,short,2.2704955515,2.146730090660592,2.325047963735763,82247.968,2025-03-28T05:00:00+00:00,2025-03-29T05:00:00+00:00,10143.126879298332,tp_hit,"{""trend"": 0.0, ""mean_rev"": 0.0, ""breakout"": -0.8, ""confidence"": 0.8, ""strategy"": ""squeeze"", ""atr"": 0.0254739818678815, ""slot"": ""XRP/USDT:USDT:squeeze"", ""entry_fee_rate"": 0.0001, ""intended_entry"": 2.2741, ""sl0"": 2.325047963735763}",2025-03-28 05:00:00+00:00,2025-03-29 05:00:00+00:00,2.268744053049785,squeeze
BNB/USDT:USDT,short,628.12,633.6510298893279,633.6358226295848,305.515,2025-03-28T10:00:00+00:00,2025-03-28T13:00:00+00:00,-1709.1715860776762,sl_hit,"{""trend"": 0.0, ""mean_rev"": 0.0, ""breakout"": -0.7, ""confidence"": 0.7, ""strategy"": ""ifvg"", ""atr"": 3.8860754319494974, ""slot"": ""BNB/USDT:USDT:ifvg"", ""entry_fee_rate"": 0.0, ""intended_entry"": 628.12, ""sl0"": 633.6358226295848, ""max_hold"": 24}",2025-03-28 10:00:00+00:00,2025-03-28 13:00:00+00:00,-1.0027570247929136,ifvg
BNB/USDT:USDT,short,617.78,622.3723911405291,622.3574545616196,318.381,2025-03-28T22:00:00+00:00,2025-03-29T02:00:00+00:00,-1481.9452381391718,sl_hit,"{""trend"": 0.0, ""mean_rev"": 0.0, ""breakout"": -0.7, ""confidence"": 0.7, ""strategy"": ""ifvg"", ""atr"": 4.324848538732319, ""slot"": ""BNB/USDT:USDT:ifvg"", ""entry_fee_rate"": 0.0, ""intended_entry"": 617.78, ""sl0"": 622.3574545616196, ""max_hold"": 24}",2025-03-28 22:00:00+00:00,2025-03-29 02:00:00+00:00,-1.003263075298372,ifvg
DOGE/USDT:USDT,short,0.17430329070000003,0.16244389856,0.1795761238000794,922232.845,2025-03-29T09:00:00+00:00,2025-03-31T10:00:00+00:00,10906.06502140317,max_hold,"{""trend"": 0.0, ""mean_rev"": 0.0, ""breakout"": -0.88, ""confidence"": 0.88, ""strategy"": ""squeeze"", ""atr"": 0.0024980619000396927, ""slot"": ""DOGE/USDT:USDT:squeeze"", ""entry_fee_rate"": 0.0001, ""intended_entry"": 0.17458, ""sl0"": 0.1795761238000794}",2025-03-29 09:00:00+00:00,2025-03-31 10:00:00+00:00,2.2491499190106223,squeeze
XLM/USDT:USDT,short,0.26546856435000005,0.26361632664,0.2724788023876791,716125.551,2025-03-29T11:00:00+00:00,2025-03-31T12:00:00+00:00,1288.5456297481562,max_hold,"{""trend"": 0.0, ""mean_rev"": 0.0, ""breakout"": -0.9199999999999999, ""confidence"": 0.9199999999999999, ""strategy"": ""squeeze"", ""atr"": 0.0032944011938395245, ""slot"": ""XLM/USDT:USDT:squeeze"", ""entry_fee_rate"": 0.0001, ""intended_entry"": 0.26589, ""sl0"": 0.2724788023876791}",2025-03-29 11:00:00+00:00,2025-03-31 12:00:00+00:00,0.2642189466384058,squeeze
SOL/USDT:USDT,short,117.16400025,100.04722201317799,126.001388993411,581.918,2025-04-03T00:00:00+00:00,2025-04-07T08:00:00+00:00,9947.921446011298,tp_hit,"{""trend"": 0.0, ""mean_rev"": 0.0, ""breakout"": -0.8, ""confidence"": 0.8, ""strategy"": ""donchian"", ""atr"": 4.325694496705502, ""slot"": ""SOL/USDT:USDT:donchian"", ""entry_fee_rate"": 0.0001, ""intended_entry"": 117.35, ""sl0"": 126.001388993411, ""max_hold"": 120}",2025-04-03 00:00:00+00:00,2025-04-07 08:00:00+00:00,1.9368592616890352,donchian
BNB/USDT:USDT,short,591.05,577.5761313456152,591.05,371.15,2025-04-03T14:00:00+00:00,2025-04-03T15:00:00+00:00,4979.389612960016,tp_hit,"{""trend"": 0.0, ""mean_rev"": 0.0, ""breakout"": -0.7, ""confidence"": 0.7, ""strategy"": ""ifvg"", ""atr"": 6.0897810906410035, ""slot"": ""BNB/USDT:USDT:ifvg"", ""entry_fee_rate"": 0.0, ""intended_entry"": 591.05, ""sl0"": 597.7869343271923, ""max_hold"": 24}",2025-04-03 14:00:00+00:00,2025-04-03 15:00:00+00:00,,ifvg
LTC/USDT:USDT,long,83.02,81.02080176361319,81.02274630952462,2576.859,2025-04-05T13:00:00+00:00,2025-04-06T12:00:00+00:00,-5172.52988643864,sl_hit,"{""trend"": 0.0, ""mean_rev"": 0.6559701105344187, ""breakout"": 0.0, ""confidence"": 0.6559701105344187, ""strategy"": ""mean_rev"", ""atr"": 0.6657512301584567, ""slot"": ""LTC/USDT:USDT"", ""entry_fee_rate"": 0.0, ""intended_entry"": 83.02, ""sl0"": 81.02274630952462}",2025-04-05 13:00:00+00:00,2025-04-06 12:00:00+00:00,-1.0009736098727473,mean_rev
ETH/USDT:USDT,short,1622.6440263000002,1448.9618355975897,1713.3490822012052,59.249,2025-04-06T20:00:00+00:00,2025-04-07T08:00:00+00:00,10272.297159355961,tp_hit,"{""trend"": 0.0, ""mean_rev"": 0.0, ""breakout"": -0.8, ""confidence"": 0.8, ""strategy"": ""donchian"", ""atr"": 44.0645411006026, ""slot"": ""ETH/USDT:USDT:donchian"", ""entry_fee_rate"": 0.0001, ""intended_entry"": 1625.22, ""sl0"": 1713.3490822012052, ""max_hold"": 120}",2025-04-06 20:00:00+00:00,2025-04-07 08:00:00+00:00,1.9148016499938358,donchian
ETH/USDT:USDT,short,1457.2066608,1575.5743481979257,1575.536535321078,49.435,2025-04-07T08:00:00+00:00,2025-04-07T16:00:00+00:00,-5866.499179434438,sl_hit,"{""trend"": 0.0, ""mean_rev"": 0.0, ""breakout"": -0.8, ""confidence"": 0.8, ""strategy"": ""donchian"", ""atr"": 58.008267660539026, ""slot"": ""ETH/USDT:USDT:donchian"", ""entry_fee_rate"": 0.0001, ""intended_entry"": 1459.52, ""sl0"": 1575.536535321078, ""max_hold"": 120}",2025-04-07 08:00:00+00:00,2025-04-07 16:00:00+00:00,-1.0003195547785442,donchian
XLM/USDT:USDT,short,0.2253222972,0.23511589034936306,0.23511024770341818,586413.134,2025-04-08T17:00:00+00:00,2025-04-09T19:00:00+00:00,-5770.092351896336,sl_hit,"{""trend"": 0.0, ""mean_rev"": 0.0, ""breakout"": -0.96, ""confidence"": 0.96, ""strategy"": ""squeeze"", ""atr"": 0.00471512385170909, ""slot"": ""XLM/USDT:USDT:squeeze"", ""entry_fee_rate"": 0.0001, ""intended_entry"": 0.22568, ""sl0"": 0.23511024770341818}",2025-04-08 17:00:00+00:00,2025-04-09 19:00:00+00:00,-1.0005764890150304,squeeze
DOGE/USDT:USDT,short,0.14492992140000002,0.1521065338728515,0.1521028834036498,796502.085,2025-04-08T18:00:00+00:00,2025-04-09T19:00:00+00:00,-5739.845813457792,sl_hit,"{""trend"": 0.0, ""mean_rev"": 0.0, ""breakout"": -0.8, ""confidence"": 0.8, ""strategy"": ""squeeze"", ""atr"": 0.003471441701824891, ""slot"": ""DOGE/USDT:USDT:squeeze"", ""entry_fee_rate"": 0.0001, ""intended_entry"": 0.14516, ""sl0"": 0.1521028834036498}",2025-04-08 18:00:00+00:00,2025-04-09 19:00:00+00:00,-1.0005089207498719,squeeze
LTC/USDT:USDT,long,75.12,78.74208566345604,72.94718316529332,2359.689,2025-04-12T03:00:00+00:00,2025-04-12T16:00:00+00:00,8528.415013777192,tp_hit,"{""trend"": 0.0, ""mean_rev"": 0.6206434292554502, ""breakout"": 0.0, ""confidence"": 0.6206434292554502, ""strategy"": ""mean_rev"", ""atr"": 0.7242722782355605, ""slot"": ""LTC/USDT:USDT"", ""entry_fee_rate"": 0.0, ""intended_entry"": 75.12, ""sl0"": 72.94718316529332}",2025-04-12 03:00:00+00:00,2025-04-12 16:00:00+00:00,1.6669999999999991,mean_rev
DOGE/USDT:USDT,long,0.16328840255,0.16466604792,0.15948054462644126,1361937.645,2025-04-12T07:00:00+00:00,2025-04-14T08:00:00+00:00,1831.601739668934,max_hold,"{""trend"": 0.0, ""mean_rev"": 0.0, ""breakout"": 1.0, ""confidence"": 1.0, ""strategy"": ""squeeze"", ""atr"": 0.0017747276867793697, ""slot"": ""DOGE/USDT:USDT:squeeze"", ""entry_fee_rate"": 0.0001, ""intended_entry"": 0.16303, ""sl0"": 0.15948054462644126}",2025-04-12 07:00:00+00:00,2025-04-14 08:00:00+00:00,0.36179011865876054,squeeze
XRP/USDT:USDT,long,2.0685735005,2.1686592326507466,2.0239563069397017,107601.235,2025-04-12T10:00:00+00:00,2025-04-12T15:00:00+00:00,10723.755237792604,tp_hit,"{""trend"": 0.0, ""mean_rev"": 0.0, ""breakout"": 1.0, ""confidence"": 1.0, ""strategy"": ""squeeze"", ""atr"": 0.020671846530149283, ""slot"": ""XRP/USDT:USDT:squeeze"", ""entry_fee_rate"": 0.0001, ""intended_entry"": 2.0653, ""sl0"": 2.0239563069397017}",2025-04-12 10:00:00+00:00,2025-04-12 15:00:00+00:00,2.2432099413757456,squeeze
LTC/USDT:USDT,short,79.01,76.39183336,81.44606941151854,2462.139,2025-04-12T16:00:00+00:00,2025-04-14T17:00:00+00:00,6427.481461623241,max_hold,"{""trend"": 0.0, ""mean_rev"": -0.761513590035471, ""breakout"": 0.0, ""confidence"": 0.761513590035471, ""strategy"": ""mean_rev"", ""atr"": 0.8120231371728434, ""slot"": ""LTC/USDT:USDT"", ""entry_fee_rate"": 0.0, ""intended_entry"": 79.01, ""sl0"": 81.44606941151854}",2025-04-12 16:00:00+00:00,2025-04-14 17:00:00+00:00,1.0747504269051005,mean_rev
DOGE/USDT:USDT,short,0.15508380195000002,0.15875381,0.15944527576479514,1479868.542,2025-04-15T18:00:00+00:00,2025-04-17T19:00:00+00:00,-5477.573303003853,max_hold,"{""trend"": 0.0, ""mean_rev"": 0.0, ""breakout"": -0.88, ""confidence"": 0.88, ""strategy"": ""squeeze"", ""atr"": 0.0020576378823975667, ""slot"": ""DOGE/USDT:USDT:squeeze"", ""entry_fee_rate"": 0.0001, ""intended_entry"": 0.15533, ""sl0"": 0.15944527576479514}",2025-04-15 18:00:00+00:00,2025-04-17 19:00:00+00:00,-0.8414605259237061,squeeze
XRP/USDT:USDT,short,2.0628252315,2.0869500856,2.1095520638401246,122349.604,2025-04-18T00:00:00+00:00,2025-04-20T01:00:00+00:00,-3002.4386823663494,max_hold,"{""trend"": 0.0, ""mean_rev"": 0.0, ""breakout"": -1.0, ""confidence"": 1.0, ""strategy"": ""squeeze"", ""atr"": 0.021726031920062273, ""slot"": ""XRP/USDT:USDT:squeeze"", ""entry_fee_rate"": 0.0001, ""intended_entry"": 2.0661, ""sl0"": 2.1095520638401246}",2025-04-18 00:00:00+00:00,2025-04-20 01:00:00+00:00,-0.5162955178385501,squeeze
LTC/USDT:USDT,long,75.0,77.48673349107378,73.508258253705,3338.248,2025-04-19T17:00:00+00:00,2025-04-20T21:00:00+00:00,8275.466109799749,tp_hit,"{""trend"": 0.0, ""mean_rev"": 0.6912505123118486, ""breakout"": 0.0, ""confidence"": 0.6912505123118486, ""strategy"": ""mean_rev"", ""atr"": 0.4972472487650038, ""slot"": ""LTC/USDT:USDT"", ""entry_fee_rate"": 0.0, ""intended_entry"": 75.0, ""sl0"": 73.508258253705}",2025-04-19 17:00:00+00:00,2025-04-20 21:00:00+00:00,1.6670000000000027,mean_rev
LTC/USDT:USDT,short,77.56,79.26657602679022,79.26467367462203,3361.217,2025-04-20T21:00:00+00:00,2025-04-21T03:00:00+00:00,-5762.8155693270355,sl_hit,"{""trend"": 0.0, ""mean_rev"": -0.6099504969620059, ""breakout"": 0.0, ""confidence"": 0.6099504969620059, ""strategy"": ""mean_rev"", ""atr"": 0.5682245582073427, ""slot"": ""LTC/USDT:USDT"", ""entry_fee_rate"": 0.0, ""intended_entry"": 77.56, ""sl0"": 79.26467367462203}",2025-04-20 21:00:00+00:00,2025-04-21 03:00:00+00:00,-1.0011159626598969,mean_rev
BNB/USDT:USDT,long,602.43,603.16552368,596.1319098476322,418.391,2025-04-25T14:00:00+00:00,2025-04-26T15:00:00+00:00,282.500585337092,max_hold,"{""trend"": 0.0, ""mean_rev"": 0.0, ""breakout"": 0.7, ""confidence"": 0.7, ""strategy"": ""ifvg"", ""atr"": 3.560300507892802, ""slot"": ""BNB/USDT:USDT:ifvg"", ""entry_fee_rate"": 0.0, ""intended_entry"": 602.43, ""sl0"": 596.1319098476322, ""max_hold"": 24}",2025-04-25 14:00:00+00:00,2025-04-26 15:00:00+00:00,0.11678519395653757,ifvg
DOGE/USDT:USDT,long,0.1913628301,0.18489607152333948,0.18490050913555875,959480.458,2025-04-26T02:00:00+00:00,2025-04-26T06:00:00+00:00,-6240.829787235272,sl_hit,"{""trend"": 0.0, ""mean_rev"": 0.0, ""breakout"": 1.0, ""confidence"": 1.0, ""strategy"": ""squeeze"", ""atr"": 0.0030797454322206235, ""slot"": ""DOGE/USDT:USDT:squeeze"", ""entry_fee_rate"": 0.0001, ""intended_entry"": 0.19106, ""sl0"": 0.18490050913555875}",2025-04-26 02:00:00+00:00,2025-04-26 06:00:00+00:00,-1.0006866901603448,squeeze
LTC/USDT:USDT,long,84.86,85.67794368,82.56242224795812,2468.977,2025-04-27T06:00:00+00:00,2025-04-29T07:00:00+00:00,1998.330445980036,max_hold,"{""trend"": 0.0, ""mean_rev"": 0.6000918676881231, ""breakout"": 0.0, ""confidence"": 0.6000918676881231, ""strategy"": ""mean_rev"", ""atr"": 0.7658592506806247, ""slot"": ""LTC/USDT:USDT"", ""entry_fee_rate"": 0.0, ""intended_entry"": 84.86, ""sl0"": 82.56242224795812}",2025-04-27 06:00:00+00:00,2025-04-29 07:00:00+00:00,0.3560026115647605,mean_rev
BNB/USDT:USDT,long,606.49,601.4767207124239,601.49115650018,409.403,2025-04-27T23:00:00+00:00,2025-04-28T03:00:00+00:00,-2077.0762175605,sl_hit,"{""trend"": 0.0, ""mean_rev"": 0.0, ""breakout"": 0.7, ""confidence"": 0.7, ""strategy"": ""ifvg"", ""atr"": 2.79614499940045, ""slot"": ""BNB/USDT:USDT:ifvg"", ""entry_fee_rate"": 0.0, ""intended_entry"": 606.49, ""sl0"": 601.49115650018, ""max_hold"": 24}",2025-04-27 23:00:00+00:00,2025-04-28 03:00:00+00:00,-1.0028878255053517,ifvg
XLM/USDT:USDT,long,0.28948811255,0.2816688111747915,0.2816755713885048,784471.838,2025-04-28T10:00:00+00:00,2025-04-28T17:00:00+00:00,-6178.8273738598455,sl_hit,"{""trend"": 0.0, ""mean_rev"": 0.0, ""breakout"": 1.0, ""confidence"": 1.0, ""strategy"": ""squeeze"", ""atr"": 0.0036772143057476154, ""slot"": ""XLM/USDT:USDT:squeeze"", ""entry_fee_rate"": 0.0001, ""intended_entry"": 0.28903, ""sl0"": 0.2816755713885048}",2025-04-28 10:00:00+00:00,2025-04-28 17:00:00+00:00,-1.0008653027963088,squeeze
XLM/USDT:USDT,short,0.2671159491,0.27373069287326524,0.27372412349430136,873618.831,2025-04-30T14:00:00+00:00,2025-04-30T17:00:00+00:00,-5826.014103675577,sl_hit,"{""trend"": 0.0, ""mean_rev"": 0.0, ""breakout"": -1.0, ""confidence"": 1.0, ""strategy"": ""squeeze"", ""atr"": 0.003092061747150673, ""slot"": ""XLM/USDT:USDT:squeeze"", ""entry_fee_rate"": 0.0001, ""intended_entry"": 0.26754, ""sl0"": 0.27372412349430136}",2025-04-30 14:00:00+00:00,2025-04-30 17:00:00+00:00,-1.000994129175758,squeeze
LTC/USDT:USDT,long,86.45,87.67789568,84.5688742376694,2602.532,2025-05-03T11:00:00+00:00,2025-05-05T12:00:00+00:00,3172.8193469417824,max_hold,"{""trend"": 0.0, ""mean_rev"": 0.6016730862191876, ""breakout"": 0.0, ""confidence"": 0.6016730862191876, ""strategy"": ""mean_rev"", ""atr"": 0.6270419207768679, ""slot"": ""LTC/USDT:USDT"", ""entry_fee_rate"": 0.0, ""intended_entry"": 86.45, ""sl0"": 84.5688742376694}",2025-05-03 11:00:00+00:00,2025-05-05 12:00:00+00:00,0.6527451298517739,mean_rev
XRP/USDT:USDT,short,2.1708537345,2.101277742549193,2.2035089029803228,103171.28,2025-05-04T18:00:00+00:00,2025-05-06T04:00:00+00:00,7134.168019552932,tp_hit,"{""trend"": 0.0, ""mean_rev"": 0.0, ""breakout"": -1.0, ""confidence"": 1.0, ""strategy"": ""squeeze"", ""atr"": 0.014604451490161416, ""slot"": ""XRP/USDT:USDT:squeeze"", ""entry_fee_rate"": 0.0001, ""intended_entry"": 2.1743, ""sl0"": 2.2035089029803228}",2025-05-04 18:00:00+00:00,2025-05-06 04:00:00+00:00,2.130627254081762,squeeze
DOGE/USDT:USDT,short,0.1651977459,0.16905015892638006,0.16904610181993637,1453217.95,2025-05-06T11:00:00+00:00,2025-05-06T20:00:00+00:00,-5646.969266253691,sl_hit,"{""trend"": 0.0, ""mean_rev"": 0.0, ""breakout"": -0.84, ""confidence"": 0.84, ""strategy"": ""squeeze"", ""atr"": 0.0017930509099681902, ""slot"": ""DOGE/USDT:USDT:squeeze"", ""entry_fee_rate"": 0.0001, ""intended_entry"": 0.16546, ""sl0"": 0.16904610181993637}",2025-05-06 11:00:00+00:00,2025-05-06 20:00:00+00:00,-1.0010542440793149,squeeze
BCH/USDT:USDT,long,410.82011945,392.12058888,386.9516083885271,233.127,2025-05-08T04:00:00+00:00,2025-05-13T05:00:00+00:00,-4378.084179043471,max_hold,"{""trend"": 0.0, ""mean_rev"": 0.0, ""breakout"": 0.8, ""confidence"": 0.8, ""strategy"": ""donchian"", ""atr"": 11.609195805736436, ""slot"": ""BCH/USDT:USDT:donchian"", ""entry_fee_rate"": 0.0001, ""intended_entry"": 410.17, ""sl0"": 386.9516083885271, ""max_hold"": 120}",2025-05-08 04:00:00+00:00,2025-05-13 05:00:00+00:00,-0.7834393407213258,donchian
ETH/USDT:USDT,long,2210.0373658999997,2412.219147634303,2103.7004261828483,53.497,2025-05-09T00:00:00+00:00,2025-05-09T10:00:00+00:00,10791.391091769581,tp_hit,"{""trend"": 0.0, ""mean_rev"": 0.0, ""breakout"": 0.8, ""confidence"": 0.8, ""strategy"": ""donchian"", ""atr"": 51.41978690857585, ""slot"": ""ETH/USDT:USDT:donchian"", ""entry_fee_rate"": 0.0001, ""intended_entry"": 2206.54, ""sl0"": 2103.7004261828483, ""max_hold"": 120}",2025-05-09 00:00:00+00:00,2025-05-09 10:00:00+00:00,1.901331581218084,donchian
ICP/USDT:USDT,long,5.225268944999999,5.658114442647913,4.996442778676043,24944.17,2025-05-09T00:00:00+00:00,2025-05-10T23:00:00+00:00,10769.823980524508,tp_hit,"{""trend"": 0.0, ""mean_rev"": 0.0, ""breakout"": 0.8, ""confidence"": 0.8, ""strategy"": ""donchian"", ""atr"": 0.11027861066197851, ""slot"": ""ICP/USDT:USDT:donchian"", ""entry_fee_rate"": 0.0001, ""intended_entry"": 5.217, ""sl0"": 4.996442778676043, ""max_hold"": 120}",2025-05-09 00:00:00+00:00,2025-05-10 23:00:00+00:00,1.8915909163776397,donchian
XRP/USDT:USDT,long,2.41181668,2.351551873050928,2.351608311650408,107580.798,2025-05-10T14:00:00+00:00,2025-05-11T09:00:00+00:00,-6534.580721907607,sl_hit,"{""trend"": 0.0, ""mean_rev"": 0.0, ""breakout"": 0.84, ""confidence"": 0.84, ""strategy"": ""squeeze"", ""atr"": 0.028195844174796092, ""slot"": ""XRP/USDT:USDT:squeeze"", ""entry_fee_rate"": 0.0001, ""intended_entry"": 2.408, ""sl0"": 2.351608311650408}",2025-05-10 14:00:00+00:00,2025-05-11 09:00:00+00:00,-1.0009373879582981,squeeze
NEAR/USDT:USDT,long,3.354308165,3.137140998133539,3.1372162913245307,30548.242,2025-05-11T00:00:00+00:00,2025-05-11T15:00:00+00:00,-6653.905403887641,sl_hit,"{""trend"": 0.0, ""mean_rev"": 0.0, ""breakout"": 0.8, ""confidence"": 0.8, ""strategy"": ""donchian"", ""atr"": 0.10589185433773482, ""slot"": ""NEAR/USDT:USDT:donchian"", ""entry_fee_rate"": 0.0001, ""intended_entry"": 3.349, ""sl0"": 3.1372162913245307, ""max_hold"": 120}",2025-05-11 00:00:00+00:00,2025-05-11 15:00:00+00:00,-1.0003468263906752,donchian
XLM/USDT:USDT,short,0.30400738335,0.29810715439999996,0.31398470678668344,584815.913,2025-05-14T17:00:00+00:00,2025-05-16T18:00:00+00:00,3415.3351639908146,max_hold,"{""trend"": 0.0, ""mean_rev"": 0.0, ""breakout"": -0.96, ""confidence"": 0.96, ""strategy"": ""squeeze"", ""atr"": 0.004747353393341733, ""slot"": ""XLM/USDT:USDT:squeeze"", ""entry_fee_rate"": 0.0001, ""intended_entry"": 0.30449, ""sl0"": 0.31398470678668344}",2025-05-14 17:00:00+00:00,2025-05-16 18:00:00+00:00,0.5913639051037237,squeeze
DOGE/USDT:USDT,short,0.22365494415,0.21584518016,0.23307636950894822,630048.974,2025-05-15T11:00:00+00:00,2025-05-17T12:00:00+00:00,4892.843128842205,max_hold,"{""trend"": 0.0, ""mean_rev"": 0.0, ""breakout"": -0.96, ""confidence"": 0.96, ""strategy"": ""squeeze"", ""atr"": 0.0045331847544741125, ""slot"": ""DOGE/USDT:USDT:squeeze"", ""entry_fee_rate"": 0.0001, ""intended_entry"": 0.22401, ""sl0"": 0.23307636950894822}",2025-05-15 11:00:00+00:00,2025-05-17 12:00:00+00:00,0.8289365666504478,squeeze
XLM/USDT:USDT,short,0.28945049265,0.2975472215349562,0.29754008057302245,758123.659,2025-05-17T01:00:00+00:00,2025-05-18T17:00:00+00:00,-6182.82341368425,sl_hit,"{""trend"": 0.0, ""mean_rev"": 0.0, ""breakout"": -0.88, ""confidence"": 0.88, ""strategy"": ""squeeze"", ""atr"": 0.0038150402865112115, ""slot"": ""XLM/USDT:USDT:squeeze"", ""entry_fee_rate"": 0.0001, ""intended_entry"": 0.28991, ""sl0"": 0.29754008057302245}",2025-05-17 01:00:00+00:00,2025-05-18 17:00:00+00:00,-1.0008827349429565,squeeze
XRP/USDT:USDT,short,2.3248093275,2.388772266849825,2.38871493769132,98040.1,2025-05-17T02:00:00+00:00,2025-05-18T09:00:00+00:00,-6317.144971237568,sl_hit,"{""trend"": 0.0, ""mean_rev"": 0.0, ""breakout"": -0.88, ""confidence"": 0.88, ""strategy"": ""squeeze"", ""atr"": 0.030107468845659874, ""slot"": ""XRP/USDT:USDT:squeeze"", ""entry_fee_rate"": 0.0001, ""intended_entry"": 2.3285, ""sl0"": 2.38871493769132}",2025-05-17 02:00:00+00:00,2025-05-18 09:00:00+00:00,-1.0008970911682595,squeeze
LTC/USDT:USDT,long,97.09,95.75770176,93.60992824916116,1695.579,2025-05-17T14:00:00+00:00,2025-05-19T15:00:00+00:00,-2275.253392300212,max_hold,"{""trend"": 0.0, ""mean_rev"": 0.6431892507079653, ""breakout"": 0.0, ""confidence"": 0.6431892507079653, ""strategy"": ""mean_rev"", ""atr"": 1.1600239169462796, ""slot"": ""LTC/USDT:USDT"", ""entry_fee_rate"": 0.0, ""intended_entry"": 97.09, ""sl0"": 93.60992824916116}",2025-05-17 14:00:00+00:00,2025-05-19 15:00:00+00:00,-0.38283642849572264,mean_rev
BNB/USDT:USDT,long,651.72,646.5726533204668,646.5881714365813,350.258,2025-05-20T07:00:00+00:00,2025-05-20T10:00:00+00:00,-1825.5460777206313,sl_hit,"{""trend"": 0.0, ""mean_rev"": 0.0, ""breakout"": 0.7, ""confidence"": 0.7, ""strategy"": ""ifvg"", ""atr"": 3.439428544728796, ""slot"": ""BNB/USDT:USDT:ifvg"", ""entry_fee_rate"": 0.0, ""intended_entry"": 651.72, ""sl0"": 646.5881714365813, ""max_hold"": 24}",2025-05-20 07:00:00+00:00,2025-05-20 10:00:00+00:00,-1.0030238960485094,ifvg
BNB/USDT:USDT,long,672.31393125,653.3917309686359,653.4074127465418,294.935,2025-05-21T20:00:00+00:00,2025-05-24T01:00:00+00:00,-5619.918839932766,sl_hit,"{""trend"": 0.0, ""mean_rev"": 0.0, ""breakout"": 0.8, ""confidence"": 0.8, ""strategy"": ""donchian"", ""atr"": 8.921293626729119, ""slot"": ""BNB/USDT:USDT:donchian"", ""entry_fee_rate"": 0.0001, ""intended_entry"": 671.25, ""sl0"": 653.4074127465418, ""max_hold"": 120}",2025-05-21 20:00:00+00:00,2025-05-24 01:00:00+00:00,-1.0008294376303624,donchian
DOGE/USDT:USDT,long,0.2516782788,0.2434649578519548,0.24347080115118244,696036.38,2025-05-23T03:00:00+00:00,2025-05-23T08:00:00+00:00,-5751.233951057617,sl_hit,"{""trend"": 0.0, ""mean_rev"": 0.0, ""breakout"": 0.9199999999999999, ""confidence"": 0.9199999999999999, ""strategy"": ""squeeze"", ""atr"": 0.0039045994244087784, ""slot"": ""DOGE/USDT:USDT:squeeze"", ""entry_fee_rate"": 0.0001, ""intended_entry"": 0.25128, ""sl0"": 0.24347080115118244}",2025-05-23 03:00:00+00:00,2025-05-23 08:00:00+00:00,-1.0007119482352158,squeeze
DOGE/USDT:USDT,short,0.22137855795000003,0.2270278473151555,0.22702239877758482,919134.185,2025-05-25T02:00:00+00:00,2025-05-26T02:00:00+00:00,-5233.669542056551,sl_hit,"{""trend"": 0.0, ""mean_rev"": 0.0, ""breakout"": -1.0, ""confidence"": 1.0, ""strategy"": ""squeeze"", ""atr"": 0.0026461993887924055, ""slot"": ""DOGE/USDT:USDT:squeeze"", ""entry_fee_rate"": 0.0001, ""intended_entry"": 0.22173, ""sl0"": 0.22702239877758482}",2025-05-25 02:00:00+00:00,2025-05-26 02:00:00+00:00,-1.0009653953286641,squeeze
LTC/USDT:USDT,long,86.23,89.96728890177798,83.98807504392444,2088.047,2025-06-01T10:00:00+00:00,2025-06-03T02:00:00+00:00,7784.849286721842,tp_hit,"{""trend"": 0.0, ""mean_rev"": 0.6028712632885552, ""breakout"": 0.0, ""confidence"": 0.6028712632885552, ""strategy"": ""mean_rev"", ""atr"": 0.7473083186918567, ""slot"": ""LTC/USDT:USDT"", ""entry_fee_rate"": 0.0, ""intended_entry"": 86.23, ""sl0"": 83.98807504392444}",2025-06-01 10:00:00+00:00,2025-06-03 02:00:00+00:00,1.667000000000003,mean_rev
BNB/USDT:USDT,short,663.4,667.0970972281629,667.0810872820681,320.021,2025-06-05T00:00:00+00:00,2025-06-05T06:00:00+00:00,-1204.4972600691167,sl_hit,"{""trend"": 0.0, ""mean_rev"": 0.0, ""breakout"": -0.7, ""confidence"": 0.7, ""strategy"": ""ifvg"", ""atr"": 2.903624273560156, ""slot"": ""BNB/USDT:USDT:ifvg"", ""entry_fee_rate"": 0.0, ""intended_entry"": 663.4, ""sl0"": 667.0810872820681, ""max_hold"": 24}",2025-06-05 00:00:00+00:00,2025-06-05 06:00:00+00:00,-1.0043492438152024,ifvg
DOGE/USDT:USDT,short,0.18066319425000002,0.16806202660896113,0.18610518935641554,952740.663,2025-06-05T17:00:00+00:00,2025-06-05T22:00:00+00:00,11972.420343084934,tp_hit,"{""trend"": 0.0, ""mean_rev"": 0.0, ""breakout"": -0.8, ""confidence"": 0.8, ""strategy"": ""squeeze"", ""atr"": 0.002577594678207772, ""slot"": ""DOGE/USDT:USDT:squeeze"", ""entry_fee_rate"": 0.0001, ""intended_entry"": 0.18095, ""sl0"": 0.18610518935641554}",2025-06-05 17:00:00+00:00,2025-06-05 22:00:00+00:00,2.3155418912787114,squeeze
ADA/USDT:USDT,short,0.6241092165000001,0.6580902371547165,0.6580744433680756,161658.323,2025-06-06T00:00:00+00:00,2025-06-06T14:00:00+00:00,-5514.042634212752,sl_hit,"{""trend"": 0.0, ""mean_rev"": 0.0, ""breakout"": -0.8, ""confidence"": 0.8, ""strategy"": ""donchian"", ""atr"": 0.016487221684037816, ""slot"": ""ADA/USDT:USDT:donchian"", ""entry_fee_rate"": 0.0001, ""intended_entry"": 0.6251, ""sl0"": 0.6580744433680756, ""max_hold"": 120}",2025-06-06 00:00:00+00:00,2025-06-06 14:00:00+00:00,-1.0004649987088912,donchian
LTC/USDT:USDT,long,87.78,90.09454641413576,86.39154984155024,2508.349,2025-06-08T07:00:00+00:00,2025-06-10T00:00:00+00:00,5783.091326810691,tp_hit,"{""trend"": 0.0, ""mean_rev"": 0.6076529458309244, ""breakout"": 0.0, ""confidence"": 0.6076529458309244, ""strategy"": ""mean_rev"", ""atr"": 0.46281671948325465, ""slot"": ""LTC/USDT:USDT"", ""entry_fee_rate"": 0.0, ""intended_entry"": 87.78, ""sl0"": 86.39154984155024}",2025-06-08 07:00:00+00:00,2025-06-10 00:00:00+00:00,1.6670000000000122,mean_rev
ICP/USDT:USDT,long,5.898334065,5.588886135268845,5.589020271755367,17313.799,2025-06-09T12:00:00+00:00,2025-06-13T02:00:00+00:00,-5377.607998492972,sl_hit,"{""trend"": 0.0, ""mean_rev"": 0.0, ""breakout"": 0.8, ""confidence"": 0.8, ""strategy"": ""donchian"", ""atr"": 0.14998986412231635, ""slot"": ""ICP/USDT:USDT:donchian"", ""entry_fee_rate"": 0.0001, ""intended_entry"": 5.889, ""sl0"": 5.589020271755367, ""max_hold"": 120}",2025-06-09 12:00:00+00:00,2025-06-13 02:00:00+00:00,-1.0004336582766502,donchian
ETH/USDT:USDT,long,2683.37642105,2858.2481195350147,2589.570940232493,60.753,2025-06-10T00:00:00+00:00,2025-06-11T17:00:00+00:00,10590.313266488689,tp_hit,"{""trend"": 0.0, ""mean_rev"": 0.0, ""breakout"": 0.8, ""confidence"": 0.8, ""strategy"": ""donchian"", ""atr"": 44.77952988375364, ""slot"": ""ETH/USDT:USDT:donchian"", ""entry_fee_rate"": 0.0001, ""intended_entry"": 2679.13, ""sl0"": 2589.570940232493, ""max_hold"": 120}",2025-06-10 00:00:00+00:00,2025-06-11 17:00:00+00:00,1.864194895234504,donchian
NEAR/USDT:USDT,long,2.62815904,2.507502601614369,2.507562783121164,48479.922,2025-06-10T12:00:00+00:00,2025-06-12T06:00:00+00:00,-5874.312369313572,sl_hit,"{""trend"": 0.0, ""mean_rev"": 0.0, ""breakout"": 0.8, ""confidence"": 0.8, ""strategy"": ""donchian"", ""atr"": 0.05821860843941807, ""slot"": ""NEAR/USDT:USDT:donchian"", ""entry_fee_rate"": 0.0001, ""intended_entry"": 2.624, ""sl0"": 2.507562783121164, ""max_hold"": 120}",2025-06-10 12:00:00+00:00,2025-06-12 06:00:00+00:00,-1.0004990329580075,donchian
BNB/USDT:USDT,long,674.65764015,661.5256644419247,661.5415414389192,368.6,2025-06-11T00:00:00+00:00,2025-06-12T14:00:00+00:00,-4889.69796260381,sl_hit,"{""trend"": 0.0, ""mean_rev"": 0.0, ""breakout"": 0.8, ""confidence"": 0.8, ""strategy"": ""donchian"", ""atr"": 6.024229280540372, ""slot"": ""BNB/USDT:USDT:donchian"", ""entry_fee_rate"": 0.0001, ""intended_entry"": 673.59, ""sl0"": 661.5415414389192, ""max_hold"": 120}",2025-06-11 00:00:00+00:00,2025-06-12 14:00:00+00:00,-1.0012104969125533,donchian
LTC/USDT:USDT,long,84.3,87.84409636288302,82.17396738879242,2420.336,2025-06-14T17:00:00+00:00,2025-06-16T15:00:00+00:00,8556.642791673392,tp_hit,"{""trend"": 0.0, ""mean_rev"": 0.7268648579414725, ""breakout"": 0.0, ""confidence"": 0.7268648579414725, ""strategy"": ""mean_rev"", ""atr"": 0.7086775370691908, ""slot"": ""LTC/USDT:USDT"", ""entry_fee_rate"": 0.0, ""intended_entry"": 84.3, ""sl0"": 82.17396738879242}",2025-06-14 17:00:00+00:00,2025-06-16 15:00:00+00:00,1.6669999999999967,mean_rev
XLM/USDT:USDT,short,0.25410660165000004,0.2580540081194335,0.2580478149718742,866490.948,2025-06-14T17:00:00+00:00,2025-06-15T06:00:00+00:00,-3464.7702270694854,sl_hit,"{""trend"": 0.0, ""mean_rev"": 0.0, ""breakout"": -1.0, ""confidence"": 1.0, ""strategy"": ""squeeze"", ""atr"": 0.001768907485937077, ""slot"": ""XLM/USDT:USDT:squeeze"", ""entry_fee_rate"": 0.0001, ""intended_entry"": 0.25451, ""sl0"": 0.2580478149718742}",2025-06-14 17:00:00+00:00,2025-06-15 06:00:00+00:00,-1.0015713809564604,squeeze
BCH/USDT:USDT,long,458.9062153,481.88843439999994,435.324762891691,227.658,2025-06-15T16:00:00+00:00,2025-06-20T16:00:00+00:00,5210.668093031649,max_hold,"{""trend"": 0.0, ""mean_rev"": 0.0, ""breakout"": 0.8, ""confidence"": 0.8, ""strategy"": ""donchian"", ""atr"": 11.427618554154504, ""slot"": ""BCH/USDT:USDT:donchian"", ""entry_fee_rate"": 0.0001, ""intended_entry"": 458.18, ""sl0"": 435.324762891691, ""max_hold"": 120}",2025-06-15 16:00:00+00:00,2025-06-20 16:00:00+00:00,0.9745887870715771,donchian
BNB/USDT:USDT,long,656.81,653.8797069957203,653.895400485332,356.312,2025-06-17T08:00:00+00:00,2025-06-17T12:00:00+00:00,-1067.3970795567907,sl_hit,"{""trend"": 0.0, ""mean_rev"": 0.0, ""breakout"": 0.7, ""confidence"": 0.7, ""strategy"": ""ifvg"", ""atr"": 2.681998382226815, ""slot"": ""BNB/USDT:USDT:ifvg"", ""entry_fee_rate"": 0.0, ""intended_entry"": 656.81, ""sl0"": 653.895400485332, ""max_hold"": 24}",2025-06-17 08:00:00+00:00,2025-06-17 12:00:00+00:00,-1.0053844411668418,ifvg
NEAR/USDT:USDT,short,2.15058591,1.8969425059648168,2.2825287470175915,41409.396,2025-06-17T16:00:00+00:00,2025-06-22T14:00:00+00:00,10486.459589781112,tp_hit,"{""trend"": 0.0, ""mean_rev"": 0.0, ""breakout"": -0.8, ""confidence"": 0.8, ""strategy"": ""donchian"", ""atr"": 0.06426437350879574, ""slot"": ""NEAR/USDT:USDT:donchian"", ""entry_fee_rate"": 0.0001, ""intended_entry"": 2.154, ""sl0"": 2.2825287470175915, ""max_hold"": 120}",2025-06-17 16:00:00+00:00,2025-06-22 14:00:00+00:00,1.9223734290431123,donchian
BNB/USDT:USDT,short,645.18,647.9281572913585,647.9126073887811,359.382,2025-06-17T19:00:00+00:00,2025-06-17T21:00:00+00:00,-1010.9236353853876,sl_hit,"{""trend"": 0.0, ""mean_rev"": 0.0, ""breakout"": -0.7, ""confidence"": 0.7, ""strategy"": ""ifvg"", ""atr"": 3.2420246292701114, ""slot"": ""BNB/USDT:USDT:ifvg"", ""entry_fee_rate"": 0.0, ""intended_entry"": 645.18, ""sl0"": 647.9126073887811, ""max_hold"": 24}",2025-06-17 19:00:00+00:00,2025-06-17 21:00:00+00:00,-1.0056905000847292,ifvg
ADA/USDT:USDT,short,0.5935577175000001,0.5361738733194138,0.6236630633402932,182996.636,2025-06-18T16:00:00+00:00,2025-06-22T15:00:00+00:00,10480.376737725179,tp_hit,"{""trend"": 0.0, ""mean_rev"": 0.0, ""breakout"": -0.8, ""confidence"": 0.8, ""strategy"": ""donchian"", ""atr"": 0.014581531670146565, ""slot"": ""ADA/USDT:USDT:donchian"", ""entry_fee_rate"": 0.0001, ""intended_entry"": 0.5945, ""sl0"": 0.6236630633402932, ""max_hold"": 120}",2025-06-18 16:00:00+00:00,2025-06-22 15:00:00+00:00,1.9061014772925648,donchian
BNB/USDT:USDT,short,645.11,639.0188400999709,648.1555799500145,404.819,2025-06-20T16:00:00+00:00,2025-06-20T19:00:00+00:00,2439.9485627868307,tp_hit,"{""trend"": 0.0, ""mean_rev"": 0.0, ""breakout"": -0.7, ""confidence"": 0.7, ""strategy"": ""ifvg"", ""atr"": 2.485266500048546, ""slot"": ""BNB/USDT:USDT:ifvg"", ""entry_fee_rate"": 0.0, ""intended_entry"": 645.11, ""sl0"": 648.1555799500145, ""max_hold"": 24}",2025-06-20 16:00:00+00:00,2025-06-20 19:00:00+00:00,2.0000000000000373,ifvg
ETH/USDT:USDT,short,2409.60471345,2201.076540871331,2519.6067295643343,53.838,2025-06-20T20:00:00+00:00,2025-06-22T15:00:00+00:00,11201.916769553367,tp_hit,"{""trend"": 0.0, ""mean_rev"": 0.0, ""breakout"": -0.8, ""confidence"": 0.8, ""strategy"": ""donchian"", ""atr"": 53.08836478216727, ""slot"": ""ETH/USDT:USDT:donchian"", ""entry_fee_rate"": 0.0001, ""intended_entry"": 2413.43, ""sl0"": 2519.6067295643343, ""max_hold"": 120}",2025-06-20 20:00:00+00:00,2025-06-22 15:00:00+00:00,1.8956759152662093,donchian
ADA/USDT:USDT,short,0.5220712035,0.5530119570423204,0.5529986850738786,220769.329,2025-06-22T16:00:00+00:00,2025-06-23T15:00:00+00:00,-6854.50393708966,sl_hit,"{""trend"": 0.0, ""mean_rev"": 0.0, ""breakout"": -0.8, ""confidence"": 0.8, ""strategy"": ""donchian"", ""atr"": 0.015049342536939285, ""slot"": ""ADA/USDT:USDT:donchian"", ""entry_fee_rate"": 0.0001, ""intended_entry"": 0.5229, ""sl0"": 0.5529986850738786, ""max_hold"": 120}",2025-06-22 16:00:00+00:00,2025-06-23 15:00:00+00:00,-1.0004291318842145,donchian
ETH/USDT:USDT,short,2170.5542100000002,2295.3540896443496,2295.2990024682904,54.78,2025-06-22T16:00:00+00:00,2025-06-23T15:00:00+00:00,-6861.001652582912,sl_hit,"{""trend"": 0.0, ""mean_rev"": 0.0, ""breakout"": -0.8, ""confidence"": 0.8, ""strategy"": ""donchian"", ""atr"": 60.64950123414513, ""slot"": ""ETH/USDT:USDT:donchian"", ""entry_fee_rate"": 0.0001, ""intended_entry"": 2174.0, ""sl0"": 2295.2990024682904, ""max_hold"": 120}",2025-06-22 16:00:00+00:00,2025-06-23 15:00:00+00:00,-1.0004415990036077,donchian
LTC/USDT:USDT,short,86.48,87.95923157384081,87.95712060294633,3055.119,2025-06-28T16:00:00+00:00,2025-06-30T00:00:00+00:00,-4546.101078601615,sl_hit,"{""trend"": 0.0, ""mean_rev"": -0.7999855569448492, ""breakout"": 0.0, ""confidence"": 0.7999855569448492, ""strategy"": ""mean_rev"", ""atr"": 0.49237353431544206, ""slot"": ""LTC/USDT:USDT"", ""entry_fee_rate"": 0.0, ""intended_entry"": 86.48, ""sl0"": 87.95712060294633}",2025-06-28 16:00:00+00:00,2025-06-30 00:00:00+00:00,-1.0014291120780978,mean_rev
DOGE/USDT:USDT,long,0.16947819784999998,0.16662315484561616,0.1666271538973097,1553288.41,2025-06-29T23:00:00+00:00,2025-06-30T05:00:00+00:00,-4486.911442333721,sl_hit,"{""trend"": 0.0, ""mean_rev"": 0.0, ""breakout"": 1.0, ""confidence"": 1.0, ""strategy"": ""squeeze"", ""atr"": 0.0012914230513451435, ""slot"": ""DOGE/USDT:USDT:squeeze"", ""entry_fee_rate"": 0.0001, ""intended_entry"": 0.16921, ""sl0"": 0.1666271538973097}",2025-06-29 23:00:00+00:00,2025-06-30 05:00:00+00:00,-1.0014026622387808,squeeze
BCH/USDT:USDT,long,513.9733586,492.7775147548412,492.789341699042,287.112,2025-06-30T16:00:00+00:00,2025-07-03T17:00:00+00:00,-6114.486143746292,sl_hit,"{""trend"": 0.0, ""mean_rev"": 0.0, ""breakout"": 0.8, ""confidence"": 0.8, ""strategy"": ""donchian"", ""atr"": 10.185329150478985, ""slot"": ""BCH/USDT:USDT:donchian"", ""entry_fee_rate"": 0.0001, ""intended_entry"": 513.16, ""sl0"": 492.789341699042, ""max_hold"": 120}",2025-06-30 16:00:00+00:00,2025-07-03 17:00:00+00:00,-1.0005582956365675,donchian
SOL/USDT:USDT,long,158.00003375,151.20157044096518,151.20519936574996,893.635,2025-06-30T16:00:00+00:00,2025-07-01T07:00:00+00:00,-6102.976096725447,sl_hit,"{""trend"": 0.0, ""mean_rev"": 0.0, ""breakout"": 0.8, ""confidence"": 0.8, ""strategy"": ""donchian"", ""atr"": 3.2724003171250224, ""slot"": ""SOL/USDT:USDT:donchian"", ""entry_fee_rate"": 0.0001, ""intended_entry"": 157.75, ""sl0"": 151.20519936574996, ""max_hold"": 120}",2025-06-30 16:00:00+00:00,2025-07-01 07:00:00+00:00,-1.0005340711163158,donchian
BNB/USDT:USDT,long,655.48,661.419920784395,655.48,362.475,2025-07-02T08:00:00+00:00,2025-07-02T17:00:00+00:00,2129.09796774494,tp_hit,"{""trend"": 0.0, ""mean_rev"": 0.0, ""breakout"": 0.7, ""confidence"": 0.7, ""strategy"": ""ifvg"", ""atr"": 2.299867973991757, ""slot"": ""BNB/USDT:USDT:ifvg"", ""entry_fee_rate"": 0.0, ""intended_entry"": 655.48, ""sl0"": 652.5100396078025, ""max_hold"": 24}",2025-07-02 08:00:00+00:00,2025-07-02 17:00:00+00:00,,ifvg
ETH/USDT:USDT,long,2607.79681695,2512.3643749713574,2512.4246731635135,61.755,2025-07-02T20:00:00+00:00,2025-07-04T16:00:00+00:00,-5925.050009831784,sl_hit,"{""trend"": 0.0, ""mean_rev"": 0.0, ""breakout"": 0.8, ""confidence"": 0.8, ""strategy"": ""donchian"", ""atr"": 45.622663418243214, ""slot"": ""ETH/USDT:USDT:donchian"", ""entry_fee_rate"": 0.0001, ""intended_entry"": 2603.67, ""sl0"": 2512.4246731635135, ""max_hold"": 120}",2025-07-02 20:00:00+00:00,2025-07-04 16:00:00+00:00,-1.000632241132076,donchian
LTC/USDT:USDT,short,87.34,85.81205944,89.03503621655747,2594.883,2025-07-05T21:00:00+00:00,2025-07-07T22:00:00+00:00,3942.5597587309076,max_hold,"{""trend"": 0.0, ""mean_rev"": -0.6974812357318947, ""breakout"": 0.0, ""confidence"": 0.6974812357318947, ""strategy"": ""mean_rev"", ""atr"": 0.5650120721858235, ""slot"": ""LTC/USDT:USDT"", ""entry_fee_rate"": 0.0, ""intended_entry"": 87.34, ""sl0"": 89.03503621655747}",2025-07-05 21:00:00+00:00,2025-07-07 22:00:00+00:00,0.9014205980230754,mean_rev
XLM/USDT:USDT,long,0.23948898935,0.24514555533536592,0.2366957778658536,960370.478,2025-07-06T09:00:00+00:00,2025-07-06T18:00:00+00:00,5385.856108270939,tp_hit,"{""trend"": 0.0, ""mean_rev"": 0.0, ""breakout"": 1.0, ""confidence"": 1.0, ""strategy"": ""squeeze"", ""atr"": 0.0012071110670731882, ""slot"": ""XLM/USDT:USDT:squeeze"", ""entry_fee_rate"": 0.0001, ""intended_entry"": 0.23911, ""sl0"": 0.2366957778658536}",2025-07-06 09:00:00+00:00,2025-07-06 18:00:00+00:00,2.0251119607202273,squeeze
XRP/USDT:USDT,long,2.2450527774999998,2.294566885318963,2.2202732458724146,102446.658,2025-07-06T09:00:00+00:00,2025-07-07T12:00:00+00:00,5026.047983599778,tp_hit,"{""trend"": 0.0, ""mean_rev"": 0.0, ""breakout"": 1.0, ""confidence"": 1.0, ""strategy"": ""squeeze"", ""atr"": 0.010613377063792652, ""slot"": ""XRP/USDT:USDT:squeeze"", ""entry_fee_rate"": 0.0001, ""intended_entry"": 2.2415, ""sl0"": 2.2202732458724146}",2025-07-06 09:00:00+00:00,2025-07-07 12:00:00+00:00,1.9981857834569832,squeeze
DOGE/USDT:USDT,long,0.1671244731,0.17229200707410658,0.16468719717035737,1374877.242,2025-07-06T13:00:00+00:00,2025-07-06T15:00:00+00:00,7058.059258845836,tp_hit,"{""trend"": 0.0, ""mean_rev"": 0.0, ""breakout"": 1.0, ""confidence"": 1.0, ""strategy"": ""squeeze"", ""atr"": 0.0010864014148213154, ""slot"": ""DOGE/USDT:USDT:squeeze"", ""entry_fee_rate"": 0.0001, ""intended_entry"": 0.16686, ""sl0"": 0.16468719717035737}",2025-07-06 13:00:00+00:00,2025-07-06 15:00:00+00:00,2.120208841049965,squeeze
XRP/USDT:USDT,long,2.3460125455,2.305923667529538,2.3059790110258023,108162.081,2025-07-07T14:00:00+00:00,2025-07-07T16:00:00+00:00,-4386.412776388281,sl_hit,"{""trend"": 0.0, ""mean_rev"": 0.0, ""breakout"": 0.84, ""confidence"": 0.84, ""strategy"": ""squeeze"", ""atr"": 0.018160494487098756, ""slot"": ""XRP/USDT:USDT:squeeze"", ""entry_fee_rate"": 0.0001, ""intended_entry"": 2.3423, ""sl0"": 2.3059790110258023}",2025-07-07 14:00:00+00:00,2025-07-07 16:00:00+00:00,-1.0013824284313475,squeeze
DOGE/USDT:USDT,long,0.17326418915,0.18003898112934064,0.17017040754826376,1457750.51,2025-07-09T14:00:00+00:00,2025-07-09T22:00:00+00:00,9824.453675361792,tp_hit,"{""trend"": 0.0, ""mean_rev"": 0.0, ""breakout"": 1.0, ""confidence"": 1.0, ""strategy"": ""squeeze"", ""atr"": 0.0014097962258681244, ""slot"": ""DOGE/USDT:USDT:squeeze"", ""entry_fee_rate"": 0.0001, ""intended_entry"": 0.17299, ""sl0"": 0.17017040754826376}",2025-07-09 14:00:00+00:00,2025-07-09 22:00:00+00:00,2.1898093826463434,squeeze
ETH/USDT:USDT,long,2659.608809,2810.02601509354,2578.0869924532303,75.9,2025-07-09T16:00:00+00:00,2025-07-10T09:00:00+00:00,11375.151414184835,tp_hit,"{""trend"": 0.0, ""mean_rev"": 0.0, ""breakout"": 0.8, ""confidence"": 0.8, ""strategy"": ""donchian"", ""atr"": 38.65650377338497, ""slot"": ""ETH/USDT:USDT:donchian"", ""entry_fee_rate"": 0.0001, ""intended_entry"": 2655.4, ""sl0"": 2578.0869924532303, ""max_hold"": 120}",2025-07-09 16:00:00+00:00,2025-07-10 09:00:00+00:00,1.8451159758841373,donchian
BNB/USDT:USDT,long,662.43,666.6436864996443,662.43,382.489,2025-07-09T18:00:00+00:00,2025-07-09T21:00:00+00:00,1586.1903478619236,tp_hit,"{""trend"": 0.0, ""mean_rev"": 0.0, ""breakout"": 0.7, ""confidence"": 0.7, ""strategy"": ""ifvg"", ""atr"": 1.622810832740592, ""slot"": ""BNB/USDT:USDT:ifvg"", ""entry_fee_rate"": 0.0, ""intended_entry"": 662.43, ""sl0"": 660.3231567501778, ""max_hold"": 24}",2025-07-09 18:00:00+00:00,2025-07-09 21:00:00+00:00,,ifvg
ADA/USDT:USDT,long,0.7386689375,0.6983744392763175,0.6983912006651335,170846.86,2025-07-11T16:00:00+00:00,2025-07-12T00:00:00+00:00,-6908.739931652331,sl_hit,"{""trend"": 0.0, ""mean_rev"": 0.0, ""breakout"": 0.8, ""confidence"": 0.8, ""strategy"": ""donchian"", ""atr"": 0.019554399667433286, ""slot"": ""ADA/USDT:USDT:donchian"", ""entry_fee_rate"": 0.0001, ""intended_entry"": 0.7375, ""sl0"": 0.6983912006651335, ""max_hold"": 120}",2025-07-11 16:00:00+00:00,2025-07-12 00:00:00+00:00,-1.000416145248794,donchian
BNB/USDT:USDT,long,691.89,700.0616804762568,691.89,398.895,2025-07-13T14:00:00+00:00,2025-07-14T06:00:00+00:00,3231.717373173108,tp_hit,"{""trend"": 0.0, ""mean_rev"": 0.0, ""breakout"": 0.7, ""confidence"": 0.7, ""strategy"": ""ifvg"", ""atr"": 2.286134127094809, ""slot"": ""BNB/USDT:USDT:ifvg"", ""entry_fee_rate"": 0.0, ""intended_entry"": 691.89, ""sl0"": 687.8041597618716, ""max_hold"": 24}",2025-07-13 14:00:00+00:00,2025-07-14 06:00:00+00:00,,ifvg
XRP/USDT:USDT,long,2.931038344,2.841282465120923,2.841350657536704,76664.048,2025-07-14T04:00:00+00:00,2025-07-15T05:00:00+00:00,-6925.30195462592,sl_hit,"{""trend"": 0.0, ""mean_rev"": 0.0, ""breakout"": 0.8, ""confidence"": 0.8, ""strategy"": ""squeeze"", ""atr"": 0.04252467123164813, ""slot"": ""XRP/USDT:USDT:squeeze"", ""entry_fee_rate"": 0.0001, ""intended_entry"": 2.9264, ""sl0"": 2.841350657536704}",2025-07-14 04:00:00+00:00,2025-07-15 05:00:00+00:00,-1.000760331974989,squeeze
ETH/USDT:USDT,long,3248.5508048499996,3500.5469981164906,3114.8415009417545,49.083,2025-07-16T16:00:00+00:00,2025-07-17T23:00:00+00:00,12335.602557352877,tp_hit,"{""trend"": 0.0, ""mean_rev"": 0.0, ""breakout"": 0.8, ""confidence"": 0.8, ""strategy"": ""donchian"", ""atr"": 64.28424952912268, ""slot"": ""ETH/USDT:USDT:donchian"", ""entry_fee_rate"": 0.0001, ""intended_entry"": 3243.41, ""sl0"": 3114.8415009417545, ""max_hold"": 120}",2025-07-16 16:00:00+00:00,2025-07-17 23:00:00+00:00,1.8846571323070938,donchian
XLM/USDT:USDT,long,0.472147169,0.44939013215317175,0.44940091777519836,303264.95,2025-07-17T11:00:00+00:00,2025-07-19T01:00:00+00:00,-6929.358637857255,sl_hit,"{""trend"": 0.0, ""mean_rev"": 0.0, ""breakout"": 0.8, ""confidence"": 0.8, ""strategy"": ""squeeze"", ""atr"": 0.010999541112400812, ""slot"": ""XLM/USDT:USDT:squeeze"", ""entry_fee_rate"": 0.0001, ""intended_entry"": 0.4714, ""sl0"": 0.44940091777519836}",2025-07-17 11:00:00+00:00,2025-07-19 01:00:00+00:00,-1.0004741714104894,squeeze
DOGE/USDT:USDT,long,0.2327282906,0.2516439604,0.2217475372613618,681447.919,2025-07-18T02:00:00+00:00,2025-07-20T03:00:00+00:00,12857.036375454603,max_hold,"{""trend"": 0.0, ""mean_rev"": 0.0, ""breakout"": 1.0, ""confidence"": 1.0, ""strategy"": ""squeeze"", ""atr"": 0.005306231369319114, ""slot"": ""DOGE/USDT:USDT:squeeze"", ""entry_fee_rate"": 0.0001, ""intended_entry"": 0.23236, ""sl0"": 0.2217475372613618}",2025-07-18 02:00:00+00:00,2025-07-20 03:00:00+00:00,1.722620408332187,squeeze
LTC/USDT:USDT,short,103.72,107.97216468657568,107.96957341681367,1575.539,2025-07-19T19:00:00+00:00,2025-07-19T21:00:00+00:00,-6716.462733760576,sl_hit,"{""trend"": 0.0, ""mean_rev"": -0.6112077521200374, ""breakout"": 0.0, ""confidence"": 0.6112077521200374, ""strategy"": ""mean_rev"", ""atr"": 1.4165244722712271, ""slot"": ""LTC/USDT:USDT"", ""entry_fee_rate"": 0.0, ""intended_entry"": 103.72, ""sl0"": 107.96957341681367}",2025-07-19 19:00:00+00:00,2025-07-19 21:00:00+00:00,-1.0006097717365594,mean_rev
LTC/USDT:USDT,short,111.51,117.73986495311038,117.73703926416805,1036.462,2025-07-19T21:00:00+00:00,2025-07-20T09:00:00+00:00,-6469.221578621593,sl_hit,"{""trend"": 0.0, ""mean_rev"": -0.7630940860405521, ""breakout"": 0.0, ""confidence"": 0.7630940860405521, ""strategy"": ""mean_rev"", ""atr"": 2.0756797547226826, ""slot"": ""LTC/USDT:USDT"", ""entry_fee_rate"": 0.0, ""intended_entry"": 111.51, ""sl0"": 117.73703926416805}",2025-07-19 21:00:00+00:00,2025-07-20 09:00:00+00:00,-1.0004537772804158,mean_rev
SOL/USDT:USDT,long,197.18203895,187.83435682684305,187.8388649596021,718.431,2025-07-21T16:00:00+00:00,2025-07-23T15:00:00+00:00,-6743.325386845201,sl_hit,"{""trend"": 0.0, ""mean_rev"": 0.0, ""breakout"": 0.8, ""confidence"": 0.8, ""strategy"": ""donchian"", ""atr"": 4.5155675201989505, ""slot"": ""SOL/USDT:USDT:donchian"", ""entry_fee_rate"": 0.0001, ""intended_entry"": 196.87, ""sl0"": 187.8388649596021, ""max_hold"": 120}",2025-07-21 16:00:00+00:00,2025-07-23 15:00:00+00:00,-1.000482505491568,donchian
BNB/USDT:USDT,long,799.26483,768.8828559750128,768.9013096064434,227.5,2025-07-23T04:00:00+00:00,2025-07-23T18:00:00+00:00,-6947.574450540504,sl_hit,"{""trend"": 0.0, ""mean_rev"": 0.0, ""breakout"": 0.8, ""confidence"": 0.8, ""strategy"": ""donchian"", ""atr"": 14.549345196778313, ""slot"": ""BNB/USDT:USDT:donchian"", ""entry_fee_rate"": 0.0001, ""intended_entry"": 798.0, ""sl0"": 768.9013096064434, ""max_hold"": 120}",2025-07-23 04:00:00+00:00,2025-07-23 18:00:00+00:00,-1.0006077566498022,donchian
XRP/USDT:USDT,short,3.4627029030000003,3.2905851027497777,3.539245958900089,80433.579,2025-07-23T08:00:00+00:00,2025-07-23T15:00:00+00:00,13789.731571300477,tp_hit,"{""trend"": 0.0, ""mean_rev"": 0.0, ""breakout"": -0.8, ""confidence"": 0.8, ""strategy"": ""squeeze"", ""atr"": 0.03552297945004447, ""slot"": ""XRP/USDT:USDT:squeeze"", ""entry_fee_rate"": 0.0001, ""intended_entry"": 3.4682, ""sl0"": 3.539245958900089}",2025-07-23 08:00:00+00:00,2025-07-23 15:00:00+00:00,2.2486403008900955,squeeze
DOGE/USDT:USDT,short,0.2567524014,0.23392378904814679,0.26645448438074126,695546.385,2025-07-23T10:00:00+00:00,2025-07-23T22:00:00+00:00,15844.229990850672,tp_hit,"{""trend"": 0.0, ""mean_rev"": 0.0, ""breakout"": -1.0, ""confidence"": 1.0, ""strategy"": ""squeeze"", ""atr"": 0.004647242190370645, ""slot"": ""DOGE/USDT:USDT:squeeze"", ""entry_fee_rate"": 0.0001, ""intended_entry"": 0.25716, ""sl0"": 0.26645448438074126}",2025-07-23 10:00:00+00:00,2025-07-23 22:00:00+00:00,2.352959915635461,squeeze
XLM/USDT:USDT,short,0.44922684510000005,0.4162999643211989,0.46339601427152044,489937.977,2025-07-23T13:00:00+00:00,2025-07-23T22:00:00+00:00,16089.723912281299,tp_hit,"{""trend"": 0.0, ""mean_rev"": 0.0, ""breakout"": -0.84, ""confidence"": 0.84, ""strategy"": ""squeeze"", ""atr"": 0.0067280071357602176, ""slot"": ""XLM/USDT:USDT:squeeze"", ""entry_fee_rate"": 0.0001, ""intended_entry"": 0.44994, ""sl0"": 0.46339601427152044}",2025-07-23 13:00:00+00:00,2025-07-23 22:00:00+00:00,2.323839907634329,squeeze
BNB/USDT:USDT,long,780.33,768.8061930304011,768.8246448218769,417.921,2025-07-24T04:00:00+00:00,2025-07-24T06:00:00+00:00,-4848.1709578414975,sl_hit,"{""trend"": 0.0, ""mean_rev"": 0.0, ""breakout"": 0.7, ""confidence"": 0.7, ""strategy"": ""ifvg"", ""atr"": 9.351183927076976, ""slot"": ""BNB/USDT:USDT:ifvg"", ""entry_fee_rate"": 0.0, ""intended_entry"": 780.33, ""sl0"": 768.8246448218769, ""max_hold"": 24}",2025-07-24 04:00:00+00:00,2025-07-24 06:00:00+00:00,-1.0016037567889104,ifvg
BNB/USDT:USDT,long,766.6,766.5816016,766.6,415.92,2025-07-24T10:00:00+00:00,2025-07-25T02:00:00+00:00,-39.53592450175705,sl_hit,"{""trend"": 0.0, ""mean_rev"": 0.0, ""breakout"": 0.7, ""confidence"": 0.7, ""strategy"": ""ifvg"", ""atr"": 10.402157805796802, ""slot"": ""BNB/USDT:USDT:ifvg"", ""entry_fee_rate"": 0.0, ""intended_entry"": 766.6, ""sl0"": 754.359352658261, ""max_hold"": 24}",2025-07-24 10:00:00+00:00,2025-07-25 02:00:00+00:00,,ifvg
BCH/USDT:USDT,long,555.879675,561.72651824,522.869631221588,231.504,2025-07-25T12:00:00+00:00,2025-07-30T13:00:00+00:00,1327.6945670169762,max_hold,"{""trend"": 0.0, ""mean_rev"": 0.0, ""breakout"": 0.8, ""confidence"": 0.8, ""strategy"": ""donchian"", ""atr"": 16.065184389206017, ""slot"": ""BCH/USDT:USDT:donchian"", ""entry_fee_rate"": 0.0001, ""intended_entry"": 555.0, ""sl0"": 522.869631221588, ""max_hold"": 120}",2025-07-25 12:00:00+00:00,2025-07-30 13:00:00+00:00,0.17712315921930769,donchian
LTC/USDT:USDT,short,115.09,109.63177907396931,118.3642777000784,2282.709,2025-07-26T19:00:00+00:00,2025-07-28T20:00:00+00:00,12434.504286960777,tp_hit,"{""trend"": 0.0, ""mean_rev"": -0.6503440949035004, ""breakout"": 0.0, ""confidence"": 0.6503440949035004, ""strategy"": ""mean_rev"", ""atr"": 1.0914259000261326, ""slot"": ""LTC/USDT:USDT"", ""entry_fee_rate"": 0.0, ""intended_entry"": 115.09, ""sl0"": 118.3642777000784}",2025-07-26 19:00:00+00:00,2025-07-28 20:00:00+00:00,1.6669999999999994,mean_rev
XLM/USDT:USDT,short,0.43584808410000003,0.44744307865567995,0.44743234027951323,724844.543,2025-07-27T12:00:00+00:00,2025-07-28T01:00:00+00:00,-8468.593407719654,sl_hit,"{""trend"": 0.0, ""mean_rev"": 0.0, ""breakout"": -1.0, ""confidence"": 1.0, ""strategy"": ""squeeze"", ""atr"": 0.005446170139756621, ""slot"": ""XLM/USDT:USDT:squeeze"", ""entry_fee_rate"": 0.0001, ""intended_entry"": 0.43654, ""sl0"": 0.44743234027951323}",2025-07-27 12:00:00+00:00,2025-07-28 01:00:00+00:00,-1.0009269802048844,squeeze
BNB/USDT:USDT,long,832.1969448,804.6690727379503,804.6883852591965,295.869,2025-07-27T20:00:00+00:00,2025-07-29T17:00:00+00:00,-8193.07377030088,sl_hit,"{""trend"": 0.0, ""mean_rev"": 0.0, ""breakout"": 0.8, ""confidence"": 0.8, ""strategy"": ""donchian"", ""atr"": 13.095807370401745, ""slot"": ""BNB/USDT:USDT:donchian"", ""entry_fee_rate"": 0.0001, ""intended_entry"": 830.88, ""sl0"": 804.6883852591965, ""max_hold"": 120}",2025-07-27 20:00:00+00:00,2025-07-29 17:00:00+00:00,-1.0007020549810164,donchian
XRP/USDT:USDT,long,3.2662688435,3.196662923743489,3.196739645494981,110048.926,2025-07-28T01:00:00+00:00,2025-07-28T15:00:00+00:00,-7731.180582425822,sl_hit,"{""trend"": 0.0, ""mean_rev"": 0.0, ""breakout"": 1.0, ""confidence"": 1.0, ""strategy"": ""squeeze"", ""atr"": 0.03218017725250934, ""slot"": ""XRP/USDT:USDT:squeeze"", ""entry_fee_rate"": 0.0001, ""intended_entry"": 3.2611, ""sl0"": 3.196739645494981}",2025-07-28 01:00:00+00:00,2025-07-28 15:00:00+00:00,-1.0011034465187751,squeeze
XLM/USDT:USDT,short,0.40735332,0.4194781582671428,0.419468091032958,616166.641,2025-07-30T13:00:00+00:00,2025-07-31T05:00:00+00:00,-7521.86746519732,sl_hit,"{""trend"": 0.0, ""mean_rev"": 0.0, ""breakout"": -0.9199999999999999, ""confidence"": 0.9199999999999999, ""strategy"": ""squeeze"", ""atr"": 0.00573404551647902, ""slot"": ""XLM/USDT:USDT:squeeze"", ""entry_fee_rate"": 0.0001, ""intended_entry"": 0.408, ""sl0"": 0.419468091032958}",2025-07-30 13:00:00+00:00,2025-07-31 05:00:00+00:00,-1.000830988398988,squeeze
XRP/USDT:USDT,short,3.07112454,3.147001708569927,3.146926182341551,98452.375,2025-07-30T13:00:00+00:00,2025-07-30T16:00:00+00:00,-7531.506383706831,sl_hit,"{""trend"": 0.0, ""mean_rev"": 0.0, ""breakout"": -1.0, ""confidence"": 1.0, ""strategy"": ""squeeze"", ""atr"": 0.03546309117077549, ""slot"": ""XRP/USDT:USDT:squeeze"", ""entry_fee_rate"": 0.0001, ""intended_entry"": 3.076, ""sl0"": 3.146926182341551}",2025-07-30 13:00:00+00:00,2025-07-30 16:00:00+00:00,-1.0009963666491017,squeeze
DOGE/USDT:USDT,short,0.20206921184999999,0.20100482400000003,0.21051396409174727,804950.265,2025-08-02T02:00:00+00:00,2025-08-04T03:00:00+00:00,824.3338267230398,max_hold,"{""trend"": 0.0, ""mean_rev"": 0.0, ""breakout"": -0.9199999999999999, ""confidence"": 0.9199999999999999, ""strategy"": ""squeeze"", ""atr"": 0.0040619820458736395, ""slot"": ""DOGE/USDT:USDT:squeeze"", ""entry_fee_rate"": 0.0001, ""intended_entry"": 0.20239, ""sl0"": 0.21051396409174727}",2025-08-02 02:00:00+00:00,2025-08-04 03:00:00+00:00,0.1260413354388392,squeeze
LTC/USDT:USDT,long,104.68,112.74616353539527,99.84126962483788,1406.485,2025-08-02T18:00:00+00:00,2025-08-04T11:00:00+00:00,11329.080441298396,tp_hit,"{""trend"": 0.0, ""mean_rev"": 0.6579855456106173, ""breakout"": 0.0, ""confidence"": 0.6579855456106173, ""strategy"": ""mean_rev"", ""atr"": 1.6129101250540419, ""slot"": ""LTC/USDT:USDT"", ""entry_fee_rate"": 0.0, ""intended_entry"": 104.68, ""sl0"": 99.84126962483788}",2025-08-02 18:00:00+00:00,2025-08-04 11:00:00+00:00,1.6669999999999985,mean_rev
DOGE/USDT:USDT,long,0.20790901429999997,0.2029544107648958,0.2029592817876587,1437949.544,2025-08-04T17:00:00+00:00,2025-08-05T09:00:00+00:00,-7183.549981475685,sl_hit,"{""trend"": 0.0, ""mean_rev"": 0.0, ""breakout"": 1.0, ""confidence"": 1.0, ""strategy"": ""squeeze"", ""atr"": 0.002310359106170637, ""slot"": ""DOGE/USDT:USDT:squeeze"", ""entry_fee_rate"": 0.0001, ""intended_entry"": 0.20758, ""sl0"": 0.2029592817876587}",2025-08-04 17:00:00+00:00,2025-08-05 09:00:00+00:00,-1.00098409818122,squeeze
LTC/USDT:USDT,short,124.37,122.42293808000001,129.34346727662506,1349.829,2025-08-10T15:00:00+00:00,2025-08-12T16:00:00+00:00,2611.6756412031154,max_hold,"{""trend"": 0.0, ""mean_rev"": -0.642818006728317, ""breakout"": 0.0, ""confidence"": 0.642818006728317, ""strategy"": ""mean_rev"", ""atr"": 1.6578224255416825, ""slot"": ""LTC/USDT:USDT"", ""entry_fee_rate"": 0.0, ""intended_entry"": 124.37, ""sl0"": 129.34346727662506}",2025-08-10 15:00:00+00:00,2025-08-12 16:00:00+00:00,0.3914898423381708,mean_rev
BNB/USDT:USDT,long,806.37,797.9882720096934,798.007424187874,354.692,2025-08-11T17:00:00+00:00,2025-08-11T23:00:00+00:00,-3001.23586995538,sl_hit,"{""trend"": 0.0, ""mean_rev"": 0.0, ""breakout"": 0.7, ""confidence"": 0.7, ""strategy"": ""ifvg"", ""atr"": 6.9419193737533345, ""slot"": ""BNB/USDT:USDT:ifvg"", ""entry_fee_rate"": 0.0, ""intended_entry"": 806.37, ""sl0"": 798.007424187874, ""max_hold"": 24}",2025-08-11 17:00:00+00:00,2025-08-11 23:00:00+00:00,-1.0022902247597896,ifvg
BNB/USDT:USDT,long,856.80588825,829.2740718853768,829.2939749407753,256.143,2025-08-13T12:00:00+00:00,2025-08-14T15:00:00+00:00,-7095.269797006571,sl_hit,"{""trend"": 0.0, ""mean_rev"": 0.0, ""breakout"": 0.8, ""confidence"": 0.8, ""strategy"": ""donchian"", ""atr"": 13.07801252961236, ""slot"": ""BNB/USDT:USDT:donchian"", ""entry_fee_rate"": 0.0001, ""intended_entry"": 855.45, ""sl0"": 829.2939749407753, ""max_hold"": 120}",2025-08-13 12:00:00+00:00,2025-08-14 15:00:00+00:00,-1.0007234340692654,donchian
NEAR/USDT:USDT,long,2.9005901599999997,2.747430193453991,2.747496133361192,45114.634,2025-08-13T12:00:00+00:00,2025-08-14T15:00:00+00:00,-6935.236671282485,sl_hit,"{""trend"": 0.0, ""mean_rev"": 0.0, ""breakout"": 0.8, ""confidence"": 0.8, ""strategy"": ""donchian"", ""atr"": 0.074251933319404, ""slot"": ""NEAR/USDT:USDT:donchian"", ""entry_fee_rate"": 0.0001, ""intended_entry"": 2.896, ""sl0"": 2.747496133361192, ""max_hold"": 120}",2025-08-13 12:00:00+00:00,2025-08-14 15:00:00+00:00,-1.000430715088292,donchian
XRP/USDT:USDT,long,3.3565116519999996,3.2820598570733472,3.282138628400429,88095.665,2025-08-14T03:00:00+00:00,2025-08-14T07:00:00+00:00,-6617.3633216812495,sl_hit,"{""trend"": 0.0, ""mean_rev"": 0.0, ""breakout"": 0.96, ""confidence"": 0.96, ""strategy"": ""squeeze"", ""atr"": 0.034530685799785535, ""slot"": ""XRP/USDT:USDT:squeeze"", ""entry_fee_rate"": 0.0001, ""intended_entry"": 3.3512, ""sl0"": 3.282138628400429}",2025-08-14 03:00:00+00:00,2025-08-14 07:00:00+00:00,-1.0010591384250513,squeeze
ADA/USDT:USDT,long,0.9835564699999999,0.9233199000333481,0.923342060242794,117436.978,2025-08-14T04:00:00+00:00,2025-08-14T14:00:00+00:00,-7096.394521800785,sl_hit,"{""trend"": 0.0, ""mean_rev"": 0.0, ""breakout"": 0.8, ""confidence"": 0.8, ""strategy"": ""donchian"", ""atr"": 0.02932896987860301, ""slot"": ""ADA/USDT:USDT:donchian"", ""entry_fee_rate"": 0.0001, ""intended_entry"": 0.982, ""sl0"": 0.923342060242794, ""max_hold"": 120}",2025-08-14 04:00:00+00:00,2025-08-14 14:00:00+00:00,-1.0003680217000424,donchian
LTC/USDT:USDT,short,122.9,117.91684494904656,125.88929517153777,1916.387,2025-08-17T08:00:00+00:00,2025-08-18T04:00:00+00:00,9527.056127757378,tp_hit,"{""trend"": 0.0, ""mean_rev"": -0.62461304000552, ""breakout"": 0.0, ""confidence"": 0.62461304000552, ""strategy"": ""mean_rev"", ""atr"": 0.9964317238459196, ""slot"": ""LTC/USDT:USDT"", ""entry_fee_rate"": 0.0, ""intended_entry"": 122.9, ""sl0"": 125.88929517153777}",2025-08-17 08:00:00+00:00,2025-08-18 04:00:00+00:00,1.6669999999999976,mean_rev
BNB/USDT:USDT,long,844.34,844.31973584,844.34,307.7,2025-08-18T19:00:00+00:00,2025-08-19T02:00:00+00:00,-32.215000303800075,sl_hit,"{""trend"": 0.0, ""mean_rev"": 0.0, ""breakout"": 0.7, ""confidence"": 0.7, ""strategy"": ""ifvg"", ""atr"": 6.181923984987883, ""slot"": ""BNB/USDT:USDT:ifvg"", ""entry_fee_rate"": 0.0, ""intended_entry"": 844.34, ""sl0"": 837.1654228045036, ""max_hold"": 24}",2025-08-18 19:00:00+00:00,2025-08-19 02:00:00+00:00,,ifvg
DOGE/USDT:USDT,short,0.2173150089,0.22410819169410182,0.22410281322658437,940733.134,2025-08-19T05:00:00+00:00,2025-08-21T05:00:00+00:00,-6432.098282821802,sl_hit,"{""trend"": 0.0, ""mean_rev"": 0.0, ""breakout"": -0.8, ""confidence"": 0.8, ""strategy"": ""squeeze"", ""atr"": 0.0032214066132921944, ""slot"": ""DOGE/USDT:USDT:squeeze"", ""entry_fee_rate"": 0.0001, ""intended_entry"": 0.21766, ""sl0"": 0.22410281322658437}",2025-08-19 05:00:00+00:00,2025-08-21 05:00:00+00:00,-1.0007923722103151,squeeze
XRP/USDT:USDT,short,2.8270120725,2.8909516294447326,2.890882248270774,88330.432,2025-08-22T04:00:00+00:00,2025-08-22T16:00:00+00:00,-5698.315707212134,sl_hit,"{""trend"": 0.0, ""mean_rev"": 0.0, ""breakout"": -0.9199999999999999, ""confidence"": 0.9199999999999999, ""strategy"": ""squeeze"", ""atr"": 0.02969112413538697, ""slot"": ""XRP/USDT:USDT:squeeze"", ""entry_fee_rate"": 0.0001, ""intended_entry"": 2.8315, ""sl0"": 2.890882248270774}",2025-08-22 04:00:00+00:00,2025-08-22 16:00:00+00:00,-1.0010862843748465,squeeze
DOGE/USDT:USDT,short,0.2101663575,0.21589605916406385,0.21589087778299704,1095737.651,2025-08-22T13:00:00+00:00,2025-08-22T16:00:00+00:00,-6324.935105473585,sl_hit,"{""trend"": 0.0, ""mean_rev"": 0.0, ""breakout"": -1.0, ""confidence"": 1.0, ""strategy"": ""squeeze"", ""atr"": 0.0026954388914985227, ""slot"": ""DOGE/USDT:USDT:squeeze"", ""entry_fee_rate"": 0.0001, ""intended_entry"": 0.2105, ""sl0"": 0.21589087778299704}",2025-08-22 13:00:00+00:00,2025-08-22 16:00:00+00:00,-1.0009051205709236,squeeze
ETH/USDT:USDT,long,4621.24307905,4383.8156836688795,4383.920897770426,23.542,2025-08-22T16:00:00+00:00,2025-08-25T22:00:00+00:00,-5610.715451401537,sl_hit,"{""trend"": 0.0, ""mean_rev"": 0.0, ""breakout"": 0.8, ""confidence"": 0.8, ""strategy"": ""donchian"", ""atr"": 115.00455111478749, ""slot"": ""ETH/USDT:USDT:donchian"", ""entry_fee_rate"": 0.0001, ""intended_entry"": 4613.93, ""sl0"": 4383.920897770426, ""max_hold"": 120}",2025-08-22 16:00:00+00:00,2025-08-25 22:00:00+00:00,-1.0004433386756302,donchian
LTC/USDT:USDT,long,120.16,124.1846895078835,117.7456691614376,1971.96,2025-08-24T07:00:00+00:00,2025-08-24T21:00:00+00:00,7912.037997933766,tp_hit,"{""trend"": 0.0, ""mean_rev"": 0.636163555091224, ""breakout"": 0.0, ""confidence"": 0.636163555091224, ""strategy"": ""mean_rev"", ""atr"": 0.8047769461874651, ""slot"": ""LTC/USDT:USDT"", ""entry_fee_rate"": 0.0, ""intended_entry"": 120.16, ""sl0"": 117.7456691614376}",2025-08-24 07:00:00+00:00,2025-08-24 21:00:00+00:00,1.6669999999999998,mean_rev
BNB/USDT:USDT,long,868.61,880.1773360455137,868.61,271.909,2025-08-24T16:00:00+00:00,2025-08-24T20:00:00+00:00,3121.3299628729005,tp_hit,"{""trend"": 0.0, ""mean_rev"": 0.0, ""breakout"": 0.7, ""confidence"": 0.7, ""strategy"": ""ifvg"", ""atr"": 5.1788934091894205, ""slot"": ""BNB/USDT:USDT:ifvg"", ""entry_fee_rate"": 0.0, ""intended_entry"": 868.61, ""sl0"": 862.8263319772432, ""max_hold"": 24}",2025-08-24 16:00:00+00:00,2025-08-24 20:00:00+00:00,,ifvg
ICP/USDT:USDT,short,4.870268370000001,4.852116448,5.152870787627802,20390.757,2025-08-26T00:00:00+00:00,2025-08-31T01:00:00+00:00,350.30675195652896,max_hold,"{""trend"": 0.0, ""mean_rev"": 0.0, ""breakout"": -0.8, ""confidence"": 0.8, ""strategy"": ""donchian"", ""atr"": 0.13743539381390107, ""slot"": ""ICP/USDT:USDT:donchian"", ""entry_fee_rate"": 0.0001, ""intended_entry"": 4.878, ""sl0"": 5.152870787627802, ""max_hold"": 120}",2025-08-26 00:00:00+00:00,2025-08-31 01:00:00+00:00,0.06423130471554271,donchian
BNB/USDT:USDT,short,858.48,865.2822914516872,865.261525175083,277.106,2025-08-29T09:00:00+00:00,2025-08-29T14:00:00+00:00,-1908.9332664767373,sl_hit,"{""trend"": 0.0, ""mean_rev"": 0.0, ""breakout"": -0.7, ""confidence"": 0.7, ""strategy"": ""ifvg"", ""atr"": 5.805083916943342, ""slot"": ""BNB/USDT:USDT:ifvg"", ""entry_fee_rate"": 0.0, ""intended_entry"": 858.48, ""sl0"": 865.261525175083, ""max_hold"": 24}",2025-08-29 09:00:00+00:00,2025-08-29 14:00:00+00:00,-1.0030621838108873,ifvg
BNB/USDT:USDT,long,859.36,867.65917568,859.36,277.085,2025-08-30T22:00:00+00:00,2025-08-31T23:00:00+00:00,2275.5355590234603,max_hold,"{""trend"": 0.0, ""mean_rev"": 0.0, ""breakout"": 0.7, ""confidence"": 0.7, ""strategy"": ""ifvg"", ""atr"": 3.626940896856244, ""slot"": ""BNB/USDT:USDT:ifvg"", ""entry_fee_rate"": 0.0, ""intended_entry"": 859.36, ""sl0"": 854.6119177309432, ""max_hold"": 24}",2025-08-30 22:00:00+00:00,2025-08-31 23:00:00+00:00,,ifvg
BNB/USDT:USDT,short,855.24,855.2605257600001,855.24,282.122,2025-09-01T12:00:00+00:00,2025-09-02T08:00:00+00:00,-29.9195494675818,sl_hit,"{""trend"": 0.0, ""mean_rev"": 0.0, ""breakout"": -0.7, ""confidence"": 0.7, ""strategy"": ""ifvg"", ""atr"": 5.1503959269304245, ""slot"": ""BNB/USDT:USDT:ifvg"", ""entry_fee_rate"": 0.0, ""intended_entry"": 855.24, ""sl0"": 864.5351187780791, ""max_hold"": 24}",2025-09-01 12:00:00+00:00,2025-09-02 08:00:00+00:00,,ifvg
BCH/USDT:USDT,long,574.4089974999999,619.2342075461362,550.632896226932,246.155,2025-09-02T16:00:00+00:00,2025-09-05T15:00:00+00:00,11004.567454592854,tp_hit,"{""trend"": 0.0, ""mean_rev"": 0.0, ""breakout"": 0.8, ""confidence"": 0.8, ""strategy"": ""donchian"", ""atr"": 11.433551886534042, ""slot"": ""BCH/USDT:USDT:donchian"", ""entry_fee_rate"": 0.0001, ""intended_entry"": 573.5, ""sl0"": 550.632896226932, ""max_hold"": 120}",2025-09-02 16:00:00+00:00,2025-09-05 15:00:00+00:00,1.885305312730617,donchian
DOGE/USDT:USDT,long,0.21513044215,0.21228490504,0.20970600048602314,1124019.402,2025-09-03T00:00:00+00:00,2025-09-05T01:00:00+00:00,-3246.4812350464103,max_hold,"{""trend"": 0.0, ""mean_rev"": 0.0, ""breakout"": 0.8, ""confidence"": 0.8, ""strategy"": ""squeeze"", ""atr"": 0.0025419997569884347, ""slot"": ""DOGE/USDT:USDT:squeeze"", ""entry_fee_rate"": 0.0001, ""intended_entry"": 0.21479, ""sl0"": 0.20970600048602314}",2025-09-03 00:00:00+00:00,2025-09-05 01:00:00+00:00,-0.5245769585645849,squeeze
BNB/USDT:USDT,short,851.19,854.9505292245785,854.9300109043168,297.083,2025-09-05T19:00:00+00:00,2025-09-06T03:00:00+00:00,-1142.5884304328104,sl_hit,"{""trend"": 0.0, ""mean_rev"": 0.0, ""breakout"": -0.7, ""confidence"": 0.7, ""strategy"": ""ifvg"", ""atr"": 3.3000363477221715, ""slot"": ""BNB/USDT:USDT:ifvg"", ""entry_fee_rate"": 0.0, ""intended_entry"": 851.19, ""sl0"": 854.9300109043168, ""max_hold"": 24}",2025-09-05 19:00:00+00:00,2025-09-06 03:00:00+00:00,-1.005486165892749,ifvg
XLM/USDT:USDT,long,0.36202289824999995,0.37263210061497565,0.35697715975400973,694869.144,2025-09-08T00:00:00+00:00,2025-09-08T14:00:00+00:00,7320.9584568537775,tp_hit,"{""trend"": 0.0, ""mean_rev"": 0.0, ""breakout"": 0.8, ""confidence"": 0.8, ""strategy"": ""squeeze"", ""atr"": 0.0022364201229951304, ""slot"": ""XLM/USDT:USDT:squeeze"", ""entry_fee_rate"": 0.0001, ""intended_entry"": 0.36145, ""sl0"": 0.35697715975400973}",2025-09-08 00:00:00+00:00,2025-09-08 14:00:00+00:00,2.1026064615529916,squeeze
NEAR/USDT:USDT,long,2.69426365,2.8751375823112215,2.597431208844389,66076.741,2025-09-09T08:00:00+00:00,2025-09-13T13:00:00+00:00,11914.75919070487,tp_hit,"{""trend"": 0.0, ""mean_rev"": 0.0, ""breakout"": 0.8, ""confidence"": 0.8, ""strategy"": ""donchian"", ""atr"": 0.046284395577805344, ""slot"": ""NEAR/USDT:USDT:donchian"", ""entry_fee_rate"": 0.0001, ""intended_entry"": 2.69, ""sl0"": 2.597431208844389, ""max_hold"": 120}",2025-09-09 08:00:00+00:00,2025-09-13 13:00:00+00:00,1.8679063560997635,donchian
BNB/USDT:USDT,long,897.3099856499999,928.259749136887,879.7051254315564,292.907,2025-09-10T16:00:00+00:00,2025-09-13T00:00:00+00:00,9011.930158222898,tp_hit,"{""trend"": 0.0, ""mean_rev"": 0.0, ""breakout"": 0.8, ""confidence"": 0.8, ""strategy"": ""donchian"", ""atr"": 8.092437284221749, ""slot"": ""BNB/USDT:USDT:donchian"", ""entry_fee_rate"": 0.0001, ""intended_entry"": 895.89, ""sl0"": 879.7051254315564, ""max_hold"": 120}",2025-09-10 16:00:00+00:00,2025-09-13 00:00:00+00:00,1.7580238129049692,donchian
SOL/USDT:USDT,long,223.33342329999996,239.28642915420232,214.8267854228988,751.839,2025-09-10T16:00:00+00:00,2025-09-12T07:00:00+00:00,11959.310403692716,tp_hit,"{""trend"": 0.0, ""mean_rev"": 0.0, ""breakout"": 0.8, ""confidence"": 0.8, ""strategy"": ""donchian"", ""atr"": 4.076607288550586, ""slot"": ""SOL/USDT:USDT:donchian"", ""entry_fee_rate"": 0.0001, ""intended_entry"": 222.98, ""sl0"": 214.8267854228988, ""max_hold"": 120}",2025-09-10 16:00:00+00:00,2025-09-12 07:00:00+00:00,1.8753596996465465,donchian
DOGE/USDT:USDT,long,0.2483530166,0.24189656347657953,0.24190236913343874,1015604.457,2025-09-10T17:00:00+00:00,2025-09-10T21:00:00+00:00,-6606.992534414215,sl_hit,"{""trend"": 0.0, ""mean_rev"": 0.0, ""breakout"": 0.9199999999999999, ""confidence"": 0.9199999999999999, ""strategy"": ""squeeze"", ""atr"": 0.003028815433280638, ""slot"": ""DOGE/USDT:USDT:squeeze"", ""entry_fee_rate"": 0.0001, ""intended_entry"": 0.24796, ""sl0"": 0.24190236913343874}",2025-09-10 17:00:00+00:00,2025-09-10 21:00:00+00:00,-1.000900011493311,squeeze
XRP/USDT:USDT,long,3.0429153885,3.1515068985784604,2.992737240568616,88705.86,2025-09-12T02:00:00+00:00,2025-09-13T11:00:00+00:00,9577.755134590656,tp_hit,"{""trend"": 0.0, ""mean_rev"": 0.0, ""breakout"": 1.0, ""confidence"": 1.0, ""strategy"": ""squeeze"", ""atr"": 0.022681379715692052, ""slot"": ""XRP/USDT:USDT:squeeze"", ""entry_fee_rate"": 0.0001, ""intended_entry"": 3.0381, ""sl0"": 2.992737240568616}",2025-09-12 02:00:00+00:00,2025-09-13 11:00:00+00:00,2.164119533207044,squeeze
BNB/USDT:USDT,long,936.1,929.0834512893969,929.1057498273927,337.492,2025-09-14T04:00:00+00:00,2025-09-14T06:00:00+00:00,-2399.3848806531378,sl_hit,"{""trend"": 0.0, ""mean_rev"": 0.0, ""breakout"": 0.7, ""confidence"": 0.7, ""strategy"": ""ifvg"", ""atr"": 5.247500575357495, ""slot"": ""BNB/USDT:USDT:ifvg"", ""entry_fee_rate"": 0.0, ""intended_entry"": 936.1, ""sl0"": 929.1057498273927, ""max_hold"": 24}",2025-09-14 04:00:00+00:00,2025-09-14 06:00:00+00:00,-1.0031881241656484,ifvg
ICP/USDT:USDT,short,4.685561595,4.884121425195539,4.88400420909452,38154.406,2025-09-15T12:00:00+00:00,2025-09-18T11:00:00+00:00,-7612.444933696019,sl_hit,"{""trend"": 0.0, ""mean_rev"": 0.0, ""breakout"": -0.8, ""confidence"": 0.8, ""strategy"": ""donchian"", ""atr"": 0.09550210454726056, ""slot"": ""ICP/USDT:USDT:donchian"", ""entry_fee_rate"": 0.0001, ""intended_entry"": 4.693, ""sl0"": 4.88400420909452, ""max_hold"": 120}",2025-09-15 12:00:00+00:00,2025-09-18 11:00:00+00:00,-1.0005906800893205,donchian
BNB/USDT:USDT,long,956.7340237,1000.9904542604121,932.3347728697939,314.508,2025-09-16T20:00:00+00:00,2025-09-18T10:00:00+00:00,13857.42946168266,tp_hit,"{""trend"": 0.0, ""mean_rev"": 0.0, ""breakout"": 0.8, ""confidence"": 0.8, ""strategy"": ""donchian"", ""atr"": 11.442613565103027, ""slot"": ""BNB/USDT:USDT:donchian"", ""entry_fee_rate"": 0.0001, ""intended_entry"": 955.22, ""sl0"": 932.3347728697939, ""max_hold"": 120}",2025-09-16 20:00:00+00:00,2025-09-18 10:00:00+00:00,1.813843829402463,donchian
BCH/USDT:USDT,long,645.43138985,623.5054453041563,623.5204097939913,356.954,2025-09-18T04:00:00+00:00,2025-09-19T01:00:00+00:00,-7871.848817322641,sl_hit,"{""trend"": 0.0, ""mean_rev"": 0.0, ""breakout"": 0.8, ""confidence"": 0.8, ""strategy"": ""donchian"", ""atr"": 10.444795103004287, ""slot"": ""BCH/USDT:USDT:donchian"", ""entry_fee_rate"": 0.0001, ""intended_entry"": 644.41, ""sl0"": 623.5204097939913, ""max_hold"": 120}",2025-09-18 04:00:00+00:00,2025-09-19 01:00:00+00:00,-1.000682967617003,donchian
NEAR/USDT:USDT,long,2.9977439049999997,3.2608588760273016,2.859070561986349,55347.308,2025-09-18T16:00:00+00:00,2025-09-18T22:00:00+00:00,14528.065659282041,tp_hit,"{""trend"": 0.0, ""mean_rev"": 0.0, ""breakout"": 0.8, ""confidence"": 0.8, ""strategy"": ""donchian"", ""atr"": 0.06696471900682546, ""slot"": ""NEAR/USDT:USDT:donchian"", ""entry_fee_rate"": 0.0001, ""intended_entry"": 2.993, ""sl0"": 2.859070561986349, ""max_hold"": 120}",2025-09-18 16:00:00+00:00,2025-09-18 22:00:00+00:00,1.897372381088423,donchian
XLM/USDT:USDT,long,0.3940636024,0.3876343997078197,0.3876437031566955,843025.006,2025-09-20T08:00:00+00:00,2025-09-20T11:00:00+00:00,-5485.877734442211,sl_hit,"{""trend"": 0.0, ""mean_rev"": 0.0, ""breakout"": 0.96, ""confidence"": 0.96, ""strategy"": ""squeeze"", ""atr"": 0.0028981484216522475, ""slot"": ""XLM/USDT:USDT:squeeze"", ""entry_fee_rate"": 0.0001, ""intended_entry"": 0.39344, ""sl0"": 0.3876437031566955}",2025-09-20 08:00:00+00:00,2025-09-20 11:00:00+00:00,-1.0014491580822689,squeeze
BNB/USDT:USDT,long,1023.2392676999999,1075.77262717788,994.54368641106,278.737,2025-09-20T16:00:00+00:00,2025-09-21T03:00:00+00:00,14584.483792931589,tp_hit,"{""trend"": 0.0, ""mean_rev"": 0.0, ""breakout"": 0.8, ""confidence"": 0.8, ""strategy"": ""donchian"", ""atr"": 13.538156794469991, ""slot"": ""BNB/USDT:USDT:donchian"", ""entry_fee_rate"": 0.0001, ""intended_entry"": 1021.62, ""sl0"": 994.54368641106, ""max_hold"": 120}",2025-09-20 16:00:00+00:00,2025-09-21 03:00:00+00:00,1.8307125040930197,donchian
XLM/USDT:USDT,short,0.38595728655000006,0.3731268118841176,0.391947275246353,833627.716,2025-09-20T21:00:00+00:00,2025-09-22T02:00:00+00:00,10632.559936592488,tp_hit,"{""trend"": 0.0, ""mean_rev"": 0.0, ""breakout"": -1.0, ""confidence"": 1.0, ""strategy"": ""squeeze"", ""atr"": 0.002688637623176478, ""slot"": ""XLM/USDT:USDT:squeeze"", ""entry_fee_rate"": 0.0001, ""intended_entry"": 0.38657, ""sl0"": 0.391947275246353}",2025-09-20 21:00:00+00:00,2025-09-22 02:00:00+00:00,2.1419864571187643,squeeze
BNB/USDT:USDT,long,1071.54571225,1036.1755025785965,1036.20037138751,238.24,2025-09-21T04:00:00+00:00,2025-09-22T02:00:00+00:00,-8476.81310233724,sl_hit,"{""trend"": 0.0, ""mean_rev"": 0.0, ""breakout"": 0.8, ""confidence"": 0.8, ""strategy"": ""donchian"", ""atr"": 16.824814306244956, ""slot"": ""BNB/USDT:USDT:donchian"", ""entry_fee_rate"": 0.0001, ""intended_entry"": 1069.85, ""sl0"": 1036.20037138751, ""max_hold"": 120}",2025-09-21 04:00:00+00:00,2025-09-22 02:00:00+00:00,-1.0007035951077732,donchian
LTC/USDT:USDT,short,114.83,112.17077011891953,116.4252188848713,2979.343,2025-09-21T07:00:00+00:00,2025-09-22T02:00:00+00:00,7889.3384117120695,tp_hit,"{""trend"": 0.0, ""mean_rev"": -0.6049094312907608, ""breakout"": 0.0, ""confidence"": 0.6049094312907608, ""strategy"": ""mean_rev"", ""atr"": 0.5317396282904355, ""slot"": ""LTC/USDT:USDT"", ""entry_fee_rate"": 0.0, ""intended_entry"": 114.83, ""sl0"": 116.4252188848713}",2025-09-21 07:00:00+00:00,2025-09-22 02:00:00+00:00,1.6670000000000034,mean_rev
DOGE/USDT:USDT,short,0.26259312915000005,0.2528711913681867,0.26706552345272533,1286939.93,2025-09-21T17:00:00+00:00,2025-09-22T02:00:00+00:00,12445.21276673471,tp_hit,"{""trend"": 0.0, ""mean_rev"": 0.0, ""breakout"": -1.0, ""confidence"": 1.0, ""strategy"": ""squeeze"", ""atr"": 0.0020277617263626635, ""slot"": ""DOGE/USDT:USDT:squeeze"", ""entry_fee_rate"": 0.0001, ""intended_entry"": 0.26301, ""sl0"": 0.26706552345272533}",2025-09-21 17:00:00+00:00,2025-09-22 02:00:00+00:00,2.173765800544292,squeeze
ETH/USDT:USDT,short,4296.7987623,4078.5829807069013,4416.138509646549,78.607,2025-09-22T04:00:00+00:00,2025-09-22T08:00:00+00:00,17087.45158042145,tp_hit,"{""trend"": 0.0, ""mean_rev"": 0.0, ""breakout"": -0.8, ""confidence"": 0.8, ""strategy"": ""donchian"", ""atr"": 56.25925482327463, ""slot"": ""ETH/USDT:USDT:donchian"", ""entry_fee_rate"": 0.0001, ""intended_entry"": 4303.62, ""sl0"": 4416.138509646549, ""max_hold"": 120}",2025-09-22 04:00:00+00:00,2025-09-22 08:00:00+00:00,1.8285255871995807,donchian
ICP/USDT:USDT,short,4.54278825,4.22498978194372,4.71250510902814,54427.864,2025-09-22T04:00:00+00:00,2025-09-22T08:00:00+00:00,17249.370655745057,tp_hit,"{""trend"": 0.0, ""mean_rev"": 0.0, ""breakout"": -0.8, ""confidence"": 0.8, ""strategy"": ""donchian"", ""atr"": 0.08125255451406987, ""slot"": ""ICP/USDT:USDT:donchian"", ""entry_fee_rate"": 0.0001, ""intended_entry"": 4.55, ""sl0"": 4.71250510902814, ""max_hold"": 120}",2025-09-22 04:00:00+00:00,2025-09-22 08:00:00+00:00,1.872521503615548,donchian
BCH/USDT:USDT,short,570.00510765,533.401148353518,589.6644258232409,535.691,2025-09-22T08:00:00+00:00,2025-09-26T01:00:00+00:00,19549.303079423265,tp_hit,"{""trend"": 0.0, ""mean_rev"": 0.0, ""breakout"": -0.8, ""confidence"": 0.8, ""strategy"": ""donchian"", ""atr"": 9.377212911620479, ""slot"": ""BCH/USDT:USDT:donchian"", ""entry_fee_rate"": 0.0001, ""intended_entry"": 570.91, ""sl0"": 589.6644258232409, ""max_hold"": 120}",2025-09-22 08:00:00+00:00,2025-09-26 01:00:00+00:00,1.8619139775816431,donchian
ETH/USDT:USDT,short,4185.026203050001,3904.6441956680746,4335.182902165962,70.004,2025-09-22T08:00:00+00:00,2025-09-25T19:00:00+00:00,19571.23111610517,tp_hit,"{""trend"": 0.0, ""mean_rev"": 0.0, ""breakout"": -0.8, ""confidence"": 0.8, ""strategy"": ""donchian"", ""atr"": 71.75645108298134, ""slot"": ""ETH/USDT:USDT:donchian"", ""entry_fee_rate"": 0.0001, ""intended_entry"": 4191.67, ""sl0"": 4335.182902165962, ""max_hold"": 120}",2025-09-22 08:00:00+00:00,2025-09-25 19:00:00+00:00,1.8672627264228505,donchian
ICP/USDT:USDT,short,4.318144875000001,4.193100632,4.535897601660376,47637.311,2025-09-22T08:00:00+00:00,2025-09-27T09:00:00+00:00,5916.226207629166,max_hold,"{""trend"": 0.0, ""mean_rev"": 0.0, ""breakout"": -0.8, ""confidence"": 0.8, ""strategy"": ""donchian"", ""atr"": 0.10544880083018793, ""slot"": ""ICP/USDT:USDT:donchian"", ""entry_fee_rate"": 0.0001, ""intended_entry"": 4.325, ""sl0"": 4.535897601660376, ""max_hold"": 120}",2025-09-22 08:00:00+00:00,2025-09-27 09:00:00+00:00,0.5742488046775622,donchian
ETH/USDT:USDT,short,3903.9623964,4073.148157676666,4073.0504044669588,71.132,2025-09-25T20:00:00+00:00,2025-09-29T00:00:00+00:00,-12091.264353925048,sl_hit,"{""trend"": 0.0, ""mean_rev"": 0.0, ""breakout"": -0.8, ""confidence"": 0.8, ""strategy"": ""donchian"", ""atr"": 81.44520223347942, ""slot"": ""ETH/USDT:USDT:donchian"", ""entry_fee_rate"": 0.0001, ""intended_entry"": 3910.16, ""sl0"": 4073.0504044669588, ""max_hold"": 120}",2025-09-25 20:00:00+00:00,2025-09-29 00:00:00+00:00,-1.0005781202985637,donchian
DOGE/USDT:USDT,short,0.22603117185000002,0.22957755244589986,0.22957204271687465,2154960.601,2025-09-28T10:00:00+00:00,2025-09-28T17:00:00+00:00,-7740.492345348021,sl_hit,"{""trend"": 0.0, ""mean_rev"": 0.0, ""breakout"": -1.0, ""confidence"": 1.0, ""strategy"": ""squeeze"", ""atr"": 0.0015910213584373234, ""slot"": ""DOGE/USDT:USDT:squeeze"", ""entry_fee_rate"": 0.0001, ""intended_entry"": 0.22639, ""sl0"": 0.22957204271687465}",2025-09-28 10:00:00+00:00,2025-09-28 17:00:00+00:00,-1.0015560378314725,squeeze
LTC/USDT:USDT,short,105.06,106.5572421678133,106.55468485537676,4494.671,2025-09-28T18:00:00+00:00,2025-09-29T00:00:00+00:00,-6777.504926268726,sl_hit,"{""trend"": 0.0, ""mean_rev"": -0.6145299580175079, ""breakout"": 0.0, ""confidence"": 0.6145299580175079, ""strategy"": ""mean_rev"", ""atr"": 0.49822828512558753, ""slot"": ""LTC/USDT:USDT"", ""entry_fee_rate"": 0.0, ""intended_entry"": 105.06, ""sl0"": 106.55468485537676}",2025-09-28 18:00:00+00:00,2025-09-29 00:00:00+00:00,-1.0017109375446853,mean_rev
BCH/USDT:USDT,long,588.1908070999999,600.0955973599999,569.7230819679725,609.659,2025-10-01T12:00:00+00:00,2025-10-06T13:00:00+00:00,7185.417575015688,max_hold,"{""trend"": 0.0, ""mean_rev"": 0.0, ""breakout"": 0.8, ""confidence"": 0.8, ""strategy"": ""donchian"", ""atr"": 8.768459016013761, ""slot"": ""BCH/USDT:USDT:donchian"", ""entry_fee_rate"": 0.0001, ""intended_entry"": 587.26, ""sl0"": 569.7230819679725, ""max_hold"": 120}",2025-10-01 12:00:00+00:00,2025-10-06 13:00:00+00:00,0.6446267840186918,donchian
BNB/USDT:USDT,long,1019.47,1040.0267059143002,1019.47,447.17,2025-10-01T13:00:00+00:00,2025-10-02T08:00:00+00:00,9145.835309489255,tp_hit,"{""trend"": 0.0, ""mean_rev"": 0.0, ""breakout"": 0.7, ""confidence"": 0.7, ""strategy"": ""ifvg"", ""atr"": 7.527843190500497, ""slot"": ""BNB/USDT:USDT:ifvg"", ""entry_fee_rate"": 0.0, ""intended_entry"": 1019.47, ""sl0"": 1009.1916470428499, ""max_hold"": 24}",2025-10-01 13:00:00+00:00,2025-10-02 08:00:00+00:00,,ifvg
BNB/USDT:USDT,long,1057.8941087,1114.9546822919506,1026.8526588540249,374.613,2025-10-02T16:00:00+00:00,2025-10-03T11:00:00+00:00,21294.23491458737,tp_hit,"{""trend"": 0.0, ""mean_rev"": 0.0, ""breakout"": 0.8, ""confidence"": 0.8, ""strategy"": ""donchian"", ""atr"": 14.683670572987609, ""slot"": ""BNB/USDT:USDT:donchian"", ""entry_fee_rate"": 0.0001, ""intended_entry"": 1056.22, ""sl0"": 1026.8526588540249, ""max_hold"": 120}",2025-10-02 16:00:00+00:00,2025-10-03 11:00:00+00:00,1.8382058143250335,donchian
BNB/USDT:USDT,long,1167.4574918499998,1121.5052188722052,1121.5321356434606,277.066,2025-10-03T16:00:00+00:00,2025-10-03T19:00:00+00:00,-12795.231839106522,sl_hit,"{""trend"": 0.0, ""mean_rev"": 0.0, ""breakout"": 0.8, ""confidence"": 0.8, ""strategy"": ""donchian"", ""atr"": 22.038932178269626, ""slot"": ""BNB/USDT:USDT:donchian"", ""entry_fee_rate"": 0.0001, ""intended_entry"": 1165.61, ""sl0"": 1121.5321356434606, ""max_hold"": 120}",2025-10-03 16:00:00+00:00,2025-10-03 19:00:00+00:00,-1.0005860982576673,donchian
LTC/USDT:USDT,short,120.72,123.334517860011,123.33155790262134,4012.984,2025-10-05T01:00:00+00:00,2025-10-05T04:00:00+00:00,-10541.5122846204,sl_hit,"{""trend"": 0.0, ""mean_rev"": -0.6379049882045725, ""breakout"": 0.0, ""confidence"": 0.6379049882045725, ""strategy"": ""mean_rev"", ""atr"": 0.8705193008737805, ""slot"": ""LTC/USDT:USDT"", ""entry_fee_rate"": 0.0, ""intended_entry"": 120.72, ""sl0"": 123.33155790262134}",2025-10-05 01:00:00+00:00,2025-10-05 04:00:00+00:00,-1.0011334067633317,mean_rev
BNB/USDT:USDT,long,1201.21090635,1296.5517032578275,1150.6891483710863,228.998,2025-10-06T08:00:00+00:00,2025-10-07T12:00:00+00:00,21775.653546091195,tp_hit,"{""trend"": 0.0, ""mean_rev"": 0.0, ""breakout"": 0.8, ""confidence"": 0.8, ""strategy"": ""donchian"", ""atr"": 24.310425814456877, ""slot"": ""BNB/USDT:USDT:donchian"", ""entry_fee_rate"": 0.0001, ""intended_entry"": 1199.31, ""sl0"": 1150.6891483710863, ""max_hold"": 120}",2025-10-06 08:00:00+00:00,2025-10-07 12:00:00+00:00,1.8871235032561622,donchian
ETH/USDT:USDT,long,4678.6639471,4532.998359087093,4533.1071536587815,82.233,2025-10-06T16:00:00+00:00,2025-10-07T17:00:00+00:00,-12054.268561707808,sl_hit,"{""trend"": 0.0, ""mean_rev"": 0.0, ""breakout"": 0.8, ""confidence"": 0.8, ""strategy"": ""donchian"", ""atr"": 69.07642317060953, ""slot"": ""ETH/USDT:USDT:donchian"", ""entry_fee_rate"": 0.0001, ""intended_entry"": 4671.26, ""sl0"": 4533.1071536587815, ""max_hold"": 120}",2025-10-06 16:00:00+00:00,2025-10-07 17:00:00+00:00,-1.0007474372656613,donchian
BNB/USDT:USDT,long,1316.1227534,1255.6629681927543,1255.6931048272702,205.437,2025-10-07T12:00:00+00:00,2025-10-09T04:00:00+00:00,-12473.510887949611,sl_hit,"{""trend"": 0.0, ""mean_rev"": 0.0, ""breakout"": 0.8, ""confidence"": 0.8, ""strategy"": ""donchian"", ""atr"": 29.17344758636493, ""slot"": ""BNB/USDT:USDT:donchian"", ""entry_fee_rate"": 0.0001, ""intended_entry"": 1314.04, ""sl0"": 1255.6931048272702, ""max_hold"": 120}",2025-10-07 12:00:00+00:00,2025-10-09 04:00:00+00:00,-1.0004987061025121,donchian
BNB/USDT:USDT,long,1300.72,1273.333147365251,1273.3637080942453,365.577,2025-10-09T09:00:00+00:00,2025-10-09T11:00:00+00:00,-10058.553556855051,sl_hit,"{""trend"": 0.0, ""mean_rev"": 0.0, ""breakout"": 0.7, ""confidence"": 0.7, ""strategy"": ""ifvg"", ""atr"": 20.354306352515643, ""slot"": ""BNB/USDT:USDT:ifvg"", ""entry_fee_rate"": 0.0, ""intended_entry"": 1300.72, ""sl0"": 1273.3637080942453, ""max_hold"": 24}",2025-10-09 09:00:00+00:00,2025-10-09 11:00:00+00:00,-1.00111713711418,ifvg
ETH/USDT:USDT,short,4093.99072335,3727.4695704553465,4287.000214772326,57.601,2025-10-10T16:00:00+00:00,2025-10-10T23:00:00+00:00,21066.93253444658,tp_hit,"{""trend"": 0.0, ""mean_rev"": 0.0, ""breakout"": -0.8, ""confidence"": 0.8, ""strategy"": ""donchian"", ""atr"": 93.25510738616335, ""slot"": ""ETH/USDT:USDT:donchian"", ""entry_fee_rate"": 0.0001, ""intended_entry"": 4100.49, ""sl0"": 4287.000214772326, ""max_hold"": 120}",2025-10-10 16:00:00+00:00,2025-10-10 23:00:00+00:00,1.8989799423524931,donchian
SOL/USDT:USDT,short,210.2462307,188.65036570536455,221.54481714731776,979.796,2025-10-10T16:00:00+00:00,2025-10-10T23:00:00+00:00,21120.458409326693,tp_hit,"{""trend"": 0.0, ""mean_rev"": 0.0, ""breakout"": -0.8, ""confidence"": 0.8, ""strategy"": ""donchian"", ""atr"": 5.482408573658867, ""slot"": ""SOL/USDT:USDT:donchian"", ""entry_fee_rate"": 0.0001, ""intended_entry"": 210.58, ""sl0"": 221.54481714731776, ""max_hold"": 120}",2025-10-10 16:00:00+00:00,2025-10-10 23:00:00+00:00,1.9113775953594854,donchian
ICP/USDT:USDT,short,4.1334381,3.712641257086465,4.353679371456767,51676.009,2025-10-10T20:00:00+00:00,2025-10-10T23:00:00+00:00,21704.556034824276,tp_hit,"{""trend"": 0.0, ""mean_rev"": 0.0, ""breakout"": -0.8, ""confidence"": 0.8, ""strategy"": ""donchian"", ""atr"": 0.10683968572838369, ""slot"": ""ICP/USDT:USDT:donchian"", ""entry_fee_rate"": 0.0001, ""intended_entry"": 4.14, ""sl0"": 4.353679371456767, ""max_hold"": 120}",2025-10-10 20:00:00+00:00,2025-10-10 23:00:00+00:00,1.9106175701321126,donchian
ADA/USDT:USDT,short,0.6339935250000001,0.6681160344,0.742649940001846,120571.433,2025-10-11T00:00:00+00:00,2025-10-16T01:00:00+00:00,-4129.89957746395,max_hold,"{""trend"": 0.0, ""mean_rev"": 0.0, ""breakout"": -0.8, ""confidence"": 0.8, ""strategy"": ""donchian"", ""atr"": 0.05382497000092304, ""slot"": ""ADA/USDT:USDT:donchian"", ""entry_fee_rate"": 0.0001, ""intended_entry"": 0.635, ""sl0"": 0.742649940001846, ""max_hold"": 120}",2025-10-11 00:00:00+00:00,2025-10-16 01:00:00+00:00,-0.3140404494241802,donchian
BCH/USDT:USDT,short,511.90733880000005,521.9125256,583.2661116274971,183.986,2025-10-11T00:00:00+00:00,2025-10-16T01:00:00+00:00,-1859.8351367419375,max_hold,"{""trend"": 0.0, ""mean_rev"": 0.0, ""breakout"": -0.8, ""confidence"": 0.8, ""strategy"": ""donchian"", ""atr"": 35.273055813748535, ""slot"": ""BCH/USDT:USDT:donchian"", ""entry_fee_rate"": 0.0001, ""intended_entry"": 512.72, ""sl0"": 583.2661116274971, ""max_hold"": 120}",2025-10-11 00:00:00+00:00,2025-10-16 01:00:00+00:00,-0.14020962529984227,donchian
ETH/USDT:USDT,short,3813.5259657,4093.4855186336226,4093.387277338966,47.403,2025-10-11T00:00:00+00:00,2025-10-12T18:00:00+00:00,-13308.404294251692,sl_hit,"{""trend"": 0.0, ""mean_rev"": 0.0, ""breakout"": -0.8, ""confidence"": 0.8, ""strategy"": ""donchian"", ""atr"": 136.90363866948314, ""slot"": ""ETH/USDT:USDT:donchian"", ""entry_fee_rate"": 0.0001, ""intended_entry"": 3819.58, ""sl0"": 4093.387277338966, ""max_hold"": 120}",2025-10-11 00:00:00+00:00,2025-10-12 18:00:00+00:00,-1.00035103564005,donchian
ICP/USDT:USDT,short,3.008224395,3.5406443900186884,3.54055941659269,24602.93,2025-10-11T00:00:00+00:00,2025-10-12T22:00:00+00:00,-13115.204004074838,sl_hit,"{""trend"": 0.0, ""mean_rev"": 0.0, ""breakout"": -0.8, ""confidence"": 0.8, ""strategy"": ""donchian"", ""atr"": 0.263779708296345, ""slot"": ""ICP/USDT:USDT:donchian"", ""entry_fee_rate"": 0.0001, ""intended_entry"": 3.013, ""sl0"": 3.54055941659269, ""max_hold"": 120}",2025-10-11 00:00:00+00:00,2025-10-12 22:00:00+00:00,-1.0001596239633905,donchian
NEAR/USDT:USDT,short,2.3742308700000003,2.323055752,2.7744342869881566,32740.628,2025-10-11T00:00:00+00:00,2025-10-16T01:00:00+00:00,1660.1262899040823,max_hold,"{""trend"": 0.0, ""mean_rev"": 0.0, ""breakout"": -0.8, ""confidence"": 0.8, ""strategy"": ""donchian"", ""atr"": 0.1982171434940782, ""slot"": ""NEAR/USDT:USDT:donchian"", ""entry_fee_rate"": 0.0001, ""intended_entry"": 2.378, ""sl0"": 2.7744342869881566, ""max_hold"": 120}",2025-10-11 00:00:00+00:00,2025-10-16 01:00:00+00:00,0.12787276626754707,donchian
SOL/USDT:USDT,short,187.29266985,207.6259732116657,207.6209903078983,647.971,2025-10-11T00:00:00+00:00,2025-10-13T21:00:00+00:00,-13200.980495368207,sl_hit,"{""trend"": 0.0, ""mean_rev"": 0.0, ""breakout"": -0.8, ""confidence"": 0.8, ""strategy"": ""donchian"", ""atr"": 10.015495153949148, ""slot"": ""SOL/USDT:USDT:donchian"", ""entry_fee_rate"": 0.0001, ""intended_entry"": 187.59, ""sl0"": 207.6209903078983, ""max_hold"": 120}",2025-10-11 00:00:00+00:00,2025-10-13 21:00:00+00:00,-1.0002451212719574,donchian
BNB/USDT:USDT,long,1170.68,1240.6804127386292,1170.68,368.561,2025-10-12T10:00:00+00:00,2025-10-12T14:00:00+00:00,25753.695478001966,tp_hit,"{""trend"": 0.0, ""mean_rev"": 0.0, ""breakout"": 0.7, ""confidence"": 0.7, ""strategy"": ""ifvg"", ""atr"": 25.500687897714997, ""slot"": ""BNB/USDT:USDT:ifvg"", ""entry_fee_rate"": 0.0, ""intended_entry"": 1170.68, ""sl0"": 1135.6797936306855, ""max_hold"": 24}",2025-10-12 10:00:00+00:00,2025-10-12 14:00:00+00:00,,ifvg
DOGE/USDT:USDT,long,0.2183254983,0.209462492580575,0.20946751980105024,1354735.566,2025-10-13T21:00:00+00:00,2025-10-14T04:00:00+00:00,-12064.983030361824,sl_hit,"{""trend"": 0.0, ""mean_rev"": 0.0, ""breakout"": 1.0, ""confidence"": 1.0, ""strategy"": ""squeeze"", ""atr"": 0.004256240099474887, ""slot"": ""DOGE/USDT:USDT:squeeze"", ""entry_fee_rate"": 0.0001, ""intended_entry"": 0.21798, ""sl0"": 0.20946751980105024}",2025-10-13 21:00:00+00:00,2025-10-14 04:00:00+00:00,-1.000567535863384,squeeze
BNB/USDT:USDT,short,1181.94,1216.2000529940722,1216.1708648933147,346.529,2025-10-14T14:00:00+00:00,2025-10-14T18:00:00+00:00,-11914.246762799214,sl_hit,"{""trend"": 0.0, ""mean_rev"": 0.0, ""breakout"": -0.7, ""confidence"": 0.7, ""strategy"": ""ifvg"", ""atr"": 27.069549644382516, ""slot"": ""BNB/USDT:USDT:ifvg"", ""entry_fee_rate"": 0.0, ""intended_entry"": 1181.94, ""sl0"": 1216.1708648933147, ""max_hold"": 24}",2025-10-14 14:00:00+00:00,2025-10-14 18:00:00+00:00,-1.0008526837066023,ifvg
XLM/USDT:USDT,short,0.32564303640000003,0.3019319464075706,0.33585122143697177,1182097.279,2025-10-15T16:00:00+00:00,2025-10-17T08:00:00+00:00,27954.62949422044,tp_hit,"{""trend"": 0.0, ""mean_rev"": 0.0, ""breakout"": -0.84, ""confidence"": 0.84, ""strategy"": ""squeeze"", ""atr"": 0.0048456107184858795, ""slot"": ""XLM/USDT:USDT:squeeze"", ""entry_fee_rate"": 0.0001, ""intended_entry"": 0.32616, ""sl0"": 0.33585122143697177}",2025-10-15 16:00:00+00:00,2025-10-17 08:00:00+00:00,2.3227527622739226,squeeze
XRP/USDT:USDT,short,2.427546231,2.2686361522287304,2.496505539108508,175566.087,2025-10-15T17:00:00+00:00,2025-10-17T09:00:00+00:00,27816.771678247394,tp_hit,"{""trend"": 0.0, ""mean_rev"": 0.0, ""breakout"": -0.9199999999999999, ""confidence"": 0.9199999999999999, ""strategy"": ""squeeze"", ""atr"": 0.03255276955425391, ""slot"": ""XRP/USDT:USDT:squeeze"", ""entry_fee_rate"": 0.0001, ""intended_entry"": 2.4314, ""sl0"": 2.496505539108508}",2025-10-15 17:00:00+00:00,2025-10-17 09:00:00+00:00,2.304403613232652,squeeze
DOGE/USDT:USDT,short,0.1988043948,0.18301541073586186,0.20556183570565523,1771069.911,2025-10-15T18:00:00+00:00,2025-10-17T08:00:00+00:00,27895.77164435272,tp_hit,"{""trend"": 0.0, ""mean_rev"": 0.0, ""breakout"": -0.96, ""confidence"": 0.96, ""strategy"": ""squeeze"", ""atr"": 0.0032209178528276247, ""slot"": ""DOGE/USDT:USDT:squeeze"", ""entry_fee_rate"": 0.0001, ""intended_entry"": 0.19912, ""sl0"": 0.20556183570565523}",2025-10-15 18:00:00+00:00,2025-10-17 08:00:00+00:00,2.336533058087794,squeeze
BNB/USDT:USDT,short,1087.75,1111.7388986555,1111.7122175622785,568.601,2025-10-18T15:00:00+00:00,2025-10-19T15:00:00+00:00,-13703.32534936737,sl_hit,"{""trend"": 0.0, ""mean_rev"": 0.0, ""breakout"": -0.7, ""confidence"": 0.7, ""strategy"": ""ifvg"", ""atr"": 14.940725207595293, ""slot"": ""BNB/USDT:USDT:ifvg"", ""entry_fee_rate"": 0.0, ""intended_entry"": 1087.75, ""sl0"": 1111.7122175622785, ""max_hold"": 24}",2025-10-18 15:00:00+00:00,2025-10-19 15:00:00+00:00,-1.0011134651103177,ifvg
LTC/USDT:USDT,short,93.15,92.66222384,95.83713248599658,5277.304,2025-10-19T11:00:00+00:00,2025-10-21T12:00:00+00:00,2525.2424078207196,max_hold,"{""trend"": 0.0, ""mean_rev"": -0.6697368860405805, ""breakout"": 0.0, ""confidence"": 0.6697368860405805, ""strategy"": ""mean_rev"", ""atr"": 0.8957108286655242, ""slot"": ""LTC/USDT:USDT"", ""entry_fee_rate"": 0.0, ""intended_entry"": 93.15, ""sl0"": 95.83713248599658}",2025-10-19 11:00:00+00:00,2025-10-21 12:00:00+00:00,0.18152292919755664,mean_rev
BNB/USDT:USDT,short,1111.17,1081.0719197756648,1111.17,521.661,2025-10-20T16:00:00+00:00,2025-10-21T04:00:00+00:00,15644.599322032745,tp_hit,"{""trend"": 0.0, ""mean_rev"": 0.0, ""breakout"": -0.7, ""confidence"": 0.7, ""strategy"": ""ifvg"", ""atr"": 11.530133707225884, ""slot"": ""BNB/USDT:USDT:ifvg"", ""entry_fee_rate"": 0.0, ""intended_entry"": 1111.17, ""sl0"": 1126.2190401121677, ""max_hold"": 24}",2025-10-20 16:00:00+00:00,2025-10-21 04:00:00+00:00,,ifvg
BNB/USDT:USDT,short,1078.96,1078.98589504,1078.96,579.442,2025-10-22T14:00:00+00:00,2025-10-23T02:00:00+00:00,-77.52564826707015,sl_hit,"{""trend"": 0.0, ""mean_rev"": 0.0, ""breakout"": -0.7, ""confidence"": 0.7, ""strategy"": ""ifvg"", ""atr"": 10.853668390554613, ""slot"": ""BNB/USDT:USDT:ifvg"", ""entry_fee_rate"": 0.0, ""intended_entry"": 1078.96, ""sl0"": 1096.0061005171665, ""max_hold"": 24}",2025-10-22 14:00:00+00:00,2025-10-23 02:00:00+00:00,,ifvg
XLM/USDT:USDT,short,0.30311879399999997,0.3113847537153913,0.31137728066065545,1927364.192,2025-10-22T23:00:00+00:00,2025-10-23T08:00:00+00:00,-16049.951981332155,sl_hit,"{""trend"": 0.0, ""mean_rev"": 0.0, ""breakout"": -0.8, ""confidence"": 0.8, ""strategy"": ""squeeze"", ""atr"": 0.003888640330327732, ""slot"": ""XLM/USDT:USDT:squeeze"", ""entry_fee_rate"": 0.0001, ""intended_entry"": 0.3036, ""sl0"": 0.31137728066065545}",2025-10-22 23:00:00+00:00,2025-10-23 08:00:00+00:00,-1.0009048939645886,squeeze
LTC/USDT:USDT,short,96.83,98.37101438958936,98.36865354190435,6206.798,2025-10-25T19:00:00+00:00,2025-10-26T11:00:00+00:00,-9625.821932811612,sl_hit,"{""trend"": 0.0, ""mean_rev"": -0.6641845837533538, ""breakout"": 0.0, ""confidence"": 0.6641845837533538, ""strategy"": ""mean_rev"", ""atr"": 0.512884513968119, ""slot"": ""LTC/USDT:USDT"", ""entry_fee_rate"": 0.0, ""intended_entry"": 96.83, ""sl0"": 98.36865354190435}",2025-10-25 19:00:00+00:00,2025-10-26 11:00:00+00:00,-1.0015343595037578,mean_rev
BCH/USDT:USDT,long,549.11897625,557.25662552,524.6768696479164,580.598,2025-10-26T16:00:00+00:00,2025-10-31T17:00:00+00:00,4660.466944699812,max_hold,"{""trend"": 0.0, ""mean_rev"": 0.0, ""breakout"": 0.8, ""confidence"": 0.8, ""strategy"": ""donchian"", ""atr"": 11.78656517604179, ""slot"": ""BCH/USDT:USDT:donchian"", ""entry_fee_rate"": 0.0001, ""intended_entry"": 548.25, ""sl0"": 524.6768696479164, ""max_hold"": 120}",2025-10-26 16:00:00+00:00,2025-10-31 17:00:00+00:00,0.3329356754096767,donchian
XRP/USDT:USDT,long,2.6891555664999998,2.634348867264519,2.6344120931547548,222318.909,2025-10-27T17:00:00+00:00,2025-10-27T22:00:00+00:00,-12302.917149700337,sl_hit,"{""trend"": 0.0, ""mean_rev"": 0.0, ""breakout"": 1.0, ""confidence"": 1.0, ""strategy"": ""squeeze"", ""atr"": 0.025243953422622603, ""slot"": ""XRP/USDT:USDT:squeeze"", ""entry_fee_rate"": 0.0001, ""intended_entry"": 2.6849, ""sl0"": 2.6344120931547548}",2025-10-27 17:00:00+00:00,2025-10-27 22:00:00+00:00,-1.0011549484600115,squeeze
DOGE/USDT:USDT,short,0.19248442785,0.18021870413571794,0.1978185183457128,2658380.374,2025-10-28T21:00:00+00:00,2025-10-30T16:00:00+00:00,32507.880525813885,tp_hit,"{""trend"": 0.0, ""mean_rev"": 0.0, ""breakout"": -0.84, ""confidence"": 0.84, ""strategy"": ""squeeze"", ""atr"": 0.002514259172856407, ""slot"": ""DOGE/USDT:USDT:squeeze"", ""entry_fee_rate"": 0.0001, ""intended_entry"": 0.19279, ""sl0"": 0.1978185183457128}",2025-10-28 21:00:00+00:00,2025-10-30 16:00:00+00:00,2.2994967415983067,squeeze
XLM/USDT:USDT,short,0.30935888775000003,0.30430730320000005,0.31809552048720063,1689580.602,2025-10-30T05:00:00+00:00,2025-11-01T06:00:00+00:00,8431.375415809644,max_hold,"{""trend"": 0.0, ""mean_rev"": 0.0, ""breakout"": -0.96, ""confidence"": 0.96, ""strategy"": ""squeeze"", ""atr"": 0.004122760243600303, ""slot"": ""XLM/USDT:USDT:squeeze"", ""entry_fee_rate"": 0.0001, ""intended_entry"": 0.30985, ""sl0"": 0.31809552048720063}",2025-10-30 05:00:00+00:00,2025-11-01 06:00:00+00:00,0.5782072684010546,squeeze
ICP/USDT:USDT,short,2.85347007,3.020596897815932,3.0205244052302067,108206.937,2025-10-30T16:00:00+00:00,2025-11-01T05:00:00+00:00,-18147.84360792042,sl_hit,"{""trend"": 0.0, ""mean_rev"": 0.0, ""breakout"": -0.8, ""confidence"": 0.8, ""strategy"": ""donchian"", ""atr"": 0.0812622026151032, ""slot"": ""ICP/USDT:USDT:donchian"", ""entry_fee_rate"": 0.0001, ""intended_entry"": 2.858, ""sl0"": 3.0205244052302067, ""max_hold"": 120}",2025-10-30 16:00:00+00:00,2025-11-01 05:00:00+00:00,-1.000433946150667,donchian
LTC/USDT:USDT,short,99.04,94.11184650185189,101.99630083872114,4808.964,2025-11-01T08:00:00+00:00,2025-11-03T05:00:00+00:00,23654.054710888282,tp_hit,"{""trend"": 0.0, ""mean_rev"": -0.8188000687170398, ""breakout"": 0.0, ""confidence"": 0.8188000687170398, ""strategy"": ""mean_rev"", ""atr"": 0.9854336129070431, ""slot"": ""LTC/USDT:USDT"", ""entry_fee_rate"": 0.0, ""intended_entry"": 99.04, ""sl0"": 101.99630083872114}",2025-11-01 08:00:00+00:00,2025-11-03 05:00:00+00:00,1.6669999999999965,mean_rev
ICP/USDT:USDT,long,3.9873098849999997,3.6592182513638996,3.6593060747096926,44355.582,2025-11-02T16:00:00+00:00,2025-11-03T13:00:00+00:00,-14586.61197983678,sl_hit,"{""trend"": 0.0, ""mean_rev"": 0.0, ""breakout"": 0.8, ""confidence"": 0.8, ""strategy"": ""donchian"", ""atr"": 0.16084696264515358, ""slot"": ""ICP/USDT:USDT:donchian"", ""entry_fee_rate"": 0.0001, ""intended_entry"": 3.981, ""sl0"": 3.6593060747096926, ""max_hold"": 120}",2025-11-02 16:00:00+00:00,2025-11-03 13:00:00+00:00,-1.0002677509926343,donchian
ADA/USDT:USDT,short,0.5490284085000001,0.5836945386311251,0.583680530298398,430250.937,2025-11-03T16:00:00+00:00,2025-11-07T20:00:00+00:00,-14963.870482016902,sl_hit,"{""trend"": 0.0, ""mean_rev"": 0.0, ""breakout"": -0.8, ""confidence"": 0.8, ""strategy"": ""donchian"", ""atr"": 0.01689026514919897, ""slot"": ""ADA/USDT:USDT:donchian"", ""entry_fee_rate"": 0.0001, ""intended_entry"": 0.5499, ""sl0"": 0.583680530298398, ""max_hold"": 120}",2025-11-03 16:00:00+00:00,2025-11-07 20:00:00+00:00,-1.0004042561320958,donchian
ICP/USDT:USDT,long,5.463646175,4.723335446131586,4.723448808903,20008.076,2025-11-04T16:00:00+00:00,2025-11-05T12:00:00+00:00,-14832.575517063235,sl_hit,"{""trend"": 0.0, ""mean_rev"": 0.0, ""breakout"": 0.8, ""confidence"": 0.8, ""strategy"": ""donchian"", ""atr"": 0.36577559554850003, ""slot"": ""ICP/USDT:USDT:donchian"", ""entry_fee_rate"": 0.0001, ""intended_entry"": 5.455, ""sl0"": 4.723448808903, ""max_hold"": 120}",2025-11-04 16:00:00+00:00,2025-11-05 12:00:00+00:00,-1.0001531520870053,donchian
ETH/USDT:USDT,short,3224.0018448,3435.6514361248805,3435.5689824693013,73.578,2025-11-04T20:00:00+00:00,2025-11-05T18:00:00+00:00,-15621.754027412446,sl_hit,"{""trend"": 0.0, ""mean_rev"": 0.0, ""breakout"": -0.8, ""confidence"": 0.8, ""strategy"": ""donchian"", ""atr"": 103.22449123465078, ""slot"": ""ETH/USDT:USDT:donchian"", ""entry_fee_rate"": 0.0001, ""intended_entry"": 3229.12, ""sl0"": 3435.5689824693013, ""max_hold"": 120}",2025-11-04 20:00:00+00:00,2025-11-05 18:00:00+00:00,-1.0003897280857867,donchian
DOGE/USDT:USDT,short,0.1629213597,0.16760439868272978,0.1676003762736992,3098383.004,2025-11-06T08:00:00+00:00,2025-11-07T16:00:00+00:00,-14612.25793037515,sl_hit,"{""trend"": 0.0, ""mean_rev"": 0.0, ""breakout"": -1.0, ""confidence"": 1.0, ""strategy"": ""squeeze"", ""atr"": 0.0022101881368496086, ""slot"": ""DOGE/USDT:USDT:squeeze"", ""entry_fee_rate"": 0.0001, ""intended_entry"": 0.16318, ""sl0"": 0.1676003762736992}",2025-11-06 08:00:00+00:00,2025-11-07 16:00:00+00:00,-1.000859669754792,squeeze
NEAR/USDT:USDT,long,2.5219910299999997,2.945007001737375,2.304496499131312,66267.467,2025-11-07T16:00:00+00:00,2025-11-08T00:00:00+00:00,27995.968536413737,tp_hit,"{""trend"": 0.0, ""mean_rev"": 0.0, ""breakout"": 0.8, ""confidence"": 0.8, ""strategy"": ""donchian"", ""atr"": 0.10675175043434387, ""slot"": ""NEAR/USDT:USDT:donchian"", ""entry_fee_rate"": 0.0001, ""intended_entry"": 2.518, ""sl0"": 2.304496499131312, ""max_hold"": 120}",2025-11-07 16:00:00+00:00,2025-11-08 00:00:00+00:00,1.9449499260869763,donchian
NEAR/USDT:USDT,long,3.00876134,2.656849548620733,2.656913314540282,38644.23,2025-11-08T12:00:00+00:00,2025-11-11T09:00:00+00:00,-13621.254522799443,sl_hit,"{""trend"": 0.0, ""mean_rev"": 0.0, ""breakout"": 0.8, ""confidence"": 0.8, ""strategy"": ""donchian"", ""atr"": 0.17354334272985905, ""slot"": ""NEAR/USDT:USDT:donchian"", ""entry_fee_rate"": 0.0001, ""intended_entry"": 3.004, ""sl0"": 2.656913314540282, ""max_hold"": 120}",2025-11-08 12:00:00+00:00,2025-11-11 09:00:00+00:00,-1.0001812314264538,donchian
LTC/USDT:USDT,short,106.82,112.38597816039463,112.38328096165155,2373.829,2025-11-09T00:00:00+00:00,2025-11-09T22:00:00+00:00,-13239.358879926489,sl_hit,"{""trend"": 0.0, ""mean_rev"": -0.8776486008925423, ""breakout"": 0.0, ""confidence"": 0.8776486008925423, ""strategy"": ""mean_rev"", ""atr"": 1.8544269872171855, ""slot"": ""LTC/USDT:USDT"", ""entry_fee_rate"": 0.0, ""intended_entry"": 106.82, ""sl0"": 112.38328096165155}",2025-11-09 00:00:00+00:00,2025-11-09 22:00:00+00:00,-1.0004848215938886,mean_rev
XRP/USDT:USDT,long,2.328084174,2.445858910439048,2.2758164358243804,248106.919,2025-11-09T17:00:00+00:00,2025-11-10T05:00:00+00:00,29102.282162913136,tp_hit,"{""trend"": 0.0, ""mean_rev"": 0.0, ""breakout"": 1.0, ""confidence"": 1.0, ""strategy"": ""squeeze"", ""atr"": 0.024291782087809653, ""slot"": ""XRP/USDT:USDT:squeeze"", ""entry_fee_rate"": 0.0001, ""intended_entry"": 2.3244, ""sl0"": 2.2758164358243804}",2025-11-09 17:00:00+00:00,2025-11-10 05:00:00+00:00,2.2532969772544136,squeeze
BNB/USDT:USDT,short,912.0521025,936.4224736,952.6664700397033,344.461,2025-11-13T20:00:00+00:00,2025-11-18T21:00:00+00:00,-8458.31513957288,max_hold,"{""trend"": 0.0, ""mean_rev"": 0.0, ""breakout"": -0.8, ""confidence"": 0.8, ""strategy"": ""donchian"", ""atr"": 19.58323501985168, ""slot"": ""BNB/USDT:USDT:donchian"", ""entry_fee_rate"": 0.0001, ""intended_entry"": 913.5, ""sl0"": 952.6664700397033, ""max_hold"": 120}",2025-11-13 20:00:00+00:00,2025-11-18 21:00:00+00:00,-0.6000431023867667,donchian
LTC/USDT:USDT,short,103.98,97.04232896,110.91036937138179,1911.129,2025-11-15T04:00:00+00:00,2025-11-17T05:00:00+00:00,13240.238276093856,max_hold,"{""trend"": 0.0, ""mean_rev"": -0.6156963477518119, ""breakout"": 0.0, ""confidence"": 0.6156963477518119, ""strategy"": ""mean_rev"", ""atr"": 2.3101231237939275, ""slot"": ""LTC/USDT:USDT"", ""entry_fee_rate"": 0.0, ""intended_entry"": 103.98, ""sl0"": 110.91036937138179}",2025-11-15 04:00:00+00:00,2025-11-17 05:00:00+00:00,1.001053575679294,mean_rev
XLM/USDT:USDT,short,0.2584497069,0.2443920067092694,0.2646471973162922,2211608.917,2025-11-15T21:00:00+00:00,2025-11-17T21:00:00+00:00,30978.926172566684,tp_hit,"{""trend"": 0.0, ""mean_rev"": 0.0, ""breakout"": -1.0, ""confidence"": 1.0, ""strategy"": ""squeeze"", ""atr"": 0.0028935986581461203, ""slot"": ""XLM/USDT:USDT:squeeze"", ""entry_fee_rate"": 0.0001, ""intended_entry"": 0.25886, ""sl0"": 0.2646471973162922}",2025-11-15 21:00:00+00:00,2025-11-17 21:00:00+00:00,2.268289137450737,squeeze
DOGE/USDT:USDT,short,0.16127397495,0.1649607741599479,0.16495681519638317,3629234.126,2025-11-16T15:00:00+00:00,2025-11-17T16:00:00+00:00,-13498.655736908384,sl_hit,"{""trend"": 0.0, ""mean_rev"": 0.0, ""breakout"": -1.0, ""confidence"": 1.0, ""strategy"": ""squeeze"", ""atr"": 0.001713407598191582, ""slot"": ""DOGE/USDT:USDT:squeeze"", ""entry_fee_rate"": 0.0001, ""intended_entry"": 0.16153, ""sl0"": 0.16495681519638317}",2025-11-16 15:00:00+00:00,2025-11-17 16:00:00+00:00,-1.0010749756437614,squeeze
BNB/USDT:USDT,short,877.2074190000001,798.2865165343757,918.7567417328122,355.37,2025-11-19T20:00:00+00:00,2025-11-21T14:00:00+00:00,27986.579081221862,tp_hit,"{""trend"": 0.0, ""mean_rev"": 0.0, ""breakout"": -0.8, ""confidence"": 0.8, ""strategy"": ""donchian"", ""atr"": 20.078370866406086, ""slot"": ""BNB/USDT:USDT:donchian"", ""entry_fee_rate"": 0.0001, ""intended_entry"": 878.6, ""sl0"": 918.7567417328122, ""max_hold"": 120}",2025-11-19 20:00:00+00:00,2025-11-21 14:00:00+00:00,1.8994509964250121,donchian
ADA/USDT:USDT,short,0.434909574,0.4169100056,0.4650830894338645,485461.817,2025-11-20T20:00:00+00:00,2025-11-25T21:00:00+00:00,8696.750592592904,max_hold,"{""trend"": 0.0, ""mean_rev"": 0.0, ""breakout"": -0.8, ""confidence"": 0.8, ""strategy"": ""donchian"", ""atr"": 0.014741544716932271, ""slot"": ""ADA/USDT:USDT:donchian"", ""entry_fee_rate"": 0.0001, ""intended_entry"": 0.4356, ""sl0"": 0.4650830894338645, ""max_hold"": 120}",2025-11-20 20:00:00+00:00,2025-11-25 21:00:00+00:00,0.5965353437007422,donchian
BCH/USDT:USDT,long,560.39682335,516.6002648225342,516.6126635264588,368.694,2025-11-22T12:00:00+00:00,2025-11-25T12:00:00+00:00,-16187.236586168136,sl_hit,"{""trend"": 0.0, ""mean_rev"": 0.0, ""breakout"": 0.8, ""confidence"": 0.8, ""strategy"": ""donchian"", ""atr"": 21.448668236770594, ""slot"": ""BCH/USDT:USDT:donchian"", ""entry_fee_rate"": 0.0001, ""intended_entry"": 559.51, ""sl0"": 516.6126635264588, ""max_hold"": 120}",2025-11-22 12:00:00+00:00,2025-11-25 12:00:00+00:00,-1.0002831778427317,donchian
XLM/USDT:USDT,long,0.23534242745,0.2508027196563024,0.22863691213747905,2436130.681,2025-11-23T04:00:00+00:00,2025-11-23T22:00:00+00:00,37544.86087016998,tp_hit,"{""trend"": 0.0, ""mean_rev"": 0.0, ""breakout"": 1.0, ""confidence"": 1.0, ""strategy"": ""squeeze"", ""atr"": 0.0031665439312604762, ""slot"": ""XLM/USDT:USDT:squeeze"", ""entry_fee_rate"": 0.0001, ""intended_entry"": 0.23497, ""sl0"": 0.22863691213747905}",2025-11-23 04:00:00+00:00,2025-11-23 22:00:00+00:00,2.3056083665089844,squeeze
LTC/USDT:USDT,short,84.28,86.78866143754034,86.78657855965491,6705.898,2025-11-23T22:00:00+00:00,2025-11-24T18:00:00+00:00,-16881.027307794557,sl_hit,"{""trend"": 0.0, ""mean_rev"": -0.6156529169642121, ""breakout"": 0.0, ""confidence"": 0.6156529169642121, ""strategy"": ""mean_rev"", ""atr"": 0.8355261865516392, ""slot"": ""LTC/USDT:USDT"", ""entry_fee_rate"": 0.0, ""intended_entry"": 84.28, ""sl0"": 86.78657855965491}",2025-11-23 22:00:00+00:00,2025-11-24 18:00:00+00:00,-1.0008309645342672,mean_rev
XRP/USDT:USDT,long,2.2077938154999996,2.2328464103999996,2.134775292669989,250954.984,2025-11-24T18:00:00+00:00,2025-11-26T19:00:00+00:00,6175.633472603933,max_hold,"{""trend"": 0.0, ""mean_rev"": 0.0, ""breakout"": 1.0, ""confidence"": 1.0, ""strategy"": ""squeeze"", ""atr"": 0.03476235366500553, ""slot"": ""XRP/USDT:USDT:squeeze"", ""entry_fee_rate"": 0.0001, ""intended_entry"": 2.2043, ""sl0"": 2.134775292669989}",2025-11-24 18:00:00+00:00,2025-11-26 19:00:00+00:00,0.34309917441528104,squeeze
BNB/USDT:USDT,short,853.3,865.6808569132744,865.6600810713287,783.34,2025-11-25T10:00:00+00:00,2025-11-26T01:00:00+00:00,-9766.232698689846,sl_hit,"{""trend"": 0.0, ""mean_rev"": 0.0, ""breakout"": -0.7, ""confidence"": 0.7, ""strategy"": ""ifvg"", ""atr"": 7.20027023776246, ""slot"": ""BNB/USDT:USDT:ifvg"", ""entry_fee_rate"": 0.0, ""intended_entry"": 853.3, ""sl0"": 865.6600810713287, ""max_hold"": 24}",2025-11-25 10:00:00+00:00,2025-11-26 01:00:00+00:00,-1.0016808823361107,ifvg
LTC/USDT:USDT,long,83.47,81.56908625445095,81.57104395950599,8002.255,2025-11-29T18:00:00+00:00,2025-12-01T02:00:00+00:00,-15276.870187721104,sl_hit,"{""trend"": 0.0, ""mean_rev"": 0.6198589473034251, ""breakout"": 0.0, ""confidence"": 0.6198589473034251, ""strategy"": ""mean_rev"", ""atr"": 0.6329853468313357, ""slot"": ""LTC/USDT:USDT"", ""entry_fee_rate"": 0.0, ""intended_entry"": 83.47, ""sl0"": 81.57104395950599}",2025-11-29 18:00:00+00:00,2025-12-01 02:00:00+00:00,-1.0010309375326691,mean_rev
BNB/USDT:USDT,long,896.4,884.2156965055036,884.2369181915402,762.285,2025-11-30T15:00:00+00:00,2025-12-01T00:00:00+00:00,-9355.314225523229,sl_hit,"{""trend"": 0.0, ""mean_rev"": 0.0, ""breakout"": 0.7, ""confidence"": 0.7, ""strategy"": ""ifvg"", ""atr"": 5.210272694865647, ""slot"": ""BNB/USDT:USDT:ifvg"", ""entry_fee_rate"": 0.0, ""intended_entry"": 896.4, ""sl0"": 884.2369181915402, ""max_hold"": 24}",2025-11-30 15:00:00+00:00,2025-12-01 00:00:00+00:00,-1.0017447622544013,ifvg
NEAR/USDT:USDT,short,1.8011406600000002,1.6347999205916317,1.8886000397041842,198225.841,2025-12-01T00:00:00+00:00,2025-12-01T13:00:00+00:00,32904.92374066429,tp_hit,"{""trend"": 0.0, ""mean_rev"": 0.0, ""breakout"": -0.8, ""confidence"": 0.8, ""strategy"": ""donchian"", ""atr"": 0.042300019852092086, ""slot"": ""NEAR/USDT:USDT:donchian"", ""entry_fee_rate"": 0.0001, ""intended_entry"": 1.804, ""sl0"": 1.8886000397041842, ""max_hold"": 120}",2025-12-01 00:00:00+00:00,2025-12-01 13:00:00+00:00,1.901919953822983,donchian
BNB/USDT:USDT,short,828.1852425000001,859.5526358458876,859.5320070777177,513.619,2025-12-01T04:00:00+00:00,2025-12-02T16:00:00+00:00,-16197.574627055224,sl_hit,"{""trend"": 0.0, ""mean_rev"": 0.0, ""breakout"": -0.8, ""confidence"": 0.8, ""strategy"": ""donchian"", ""atr"": 15.016003538858879, ""slot"": ""BNB/USDT:USDT:donchian"", ""entry_fee_rate"": 0.0001, ""intended_entry"": 829.5, ""sl0"": 859.5320070777177, ""max_hold"": 120}",2025-12-01 04:00:00+00:00,2025-12-02 16:00:00+00:00,-1.0006580828499463,donchian
BNB/USDT:USDT,long,874.1,908.478196,874.1,481.529,2025-12-02T21:00:00+00:00,2025-12-03T22:00:00+00:00,16510.352481959835,max_hold,"{""trend"": 0.0, ""mean_rev"": 0.0, ""breakout"": 0.7, ""confidence"": 0.7, ""strategy"": ""ifvg"", ""atr"": 8.301843902858199, ""slot"": ""BNB/USDT:USDT:ifvg"", ""entry_fee_rate"": 0.0, ""intended_entry"": 874.1, ""sl0"": 842.3094468291425, ""max_hold"": 24}",2025-12-02 21:00:00+00:00,2025-12-03 22:00:00+00:00,,ifvg
BCH/USDT:USDT,long,584.4448792,600.5355867999999,554.0651289053463,534.132,2025-12-03T08:00:00+00:00,2025-12-08T09:00:00+00:00,8531.268233176634,max_hold,"{""trend"": 0.0, ""mean_rev"": 0.0, ""breakout"": 0.8, ""confidence"": 0.8, ""strategy"": ""donchian"", ""atr"": 14.727435547326825, ""slot"": ""BCH/USDT:USDT:donchian"", ""entry_fee_rate"": 0.0001, ""intended_entry"": 583.52, ""sl0"": 554.0651289053463, ""max_hold"": 120}",2025-12-03 08:00:00+00:00,2025-12-08 09:00:00+00:00,0.529652398190768,donchian
XLM/USDT:USDT,short,0.24772672980000002,0.23791070680942084,0.2522037172762317,2708114.374,2025-12-05T14:00:00+00:00,2025-12-06T10:00:00+00:00,26451.3967840385,tp_hit,"{""trend"": 0.0, ""mean_rev"": 0.0, ""breakout"": -1.0, ""confidence"": 1.0, ""strategy"": ""squeeze"", ""atr"": 0.0020418586381158363, ""slot"": ""XLM/USDT:USDT:squeeze"", ""entry_fee_rate"": 0.0001, ""intended_entry"": 0.24812, ""sl0"": 0.2522037172762317}",2025-12-05 14:00:00+00:00,2025-12-06 10:00:00+00:00,2.1925509156977614,squeeze
LTC/USDT:USDT,short,81.96,83.82293472592305,83.82092302377048,8813.744,2025-12-06T19:00:00+00:00,2025-12-08T09:00:00+00:00,-16493.309151796264,sl_hit,"{""trend"": 0.0, ""mean_rev"": -0.610603735674494, ""breakout"": 0.0, ""confidence"": 0.610603735674494, ""strategy"": ""mean_rev"", ""atr"": 0.6203076745901605, ""slot"": ""LTC/USDT:USDT"", ""entry_fee_rate"": 0.0, ""intended_entry"": 81.96, ""sl0"": 83.82092302377048}",2025-12-06 19:00:00+00:00,2025-12-08 09:00:00+00:00,-1.0010810238397159,mean_rev
DOGE/USDT:USDT,short,0.1348858665,0.13732486864837598,0.13732157293062563,5282677.825,2025-12-07T15:00:00+00:00,2025-12-07T17:00:00+00:00,-13028.262725782646,sl_hit,"{""trend"": 0.0, ""mean_rev"": 0.0, ""breakout"": -1.0, ""confidence"": 1.0, ""strategy"": ""squeeze"", ""atr"": 0.0011107864653128168, ""slot"": ""DOGE/USDT:USDT:squeeze"", ""entry_fee_rate"": 0.0001, ""intended_entry"": 0.1351, ""sl0"": 0.13732157293062563}",2025-12-07 15:00:00+00:00,2025-12-07 17:00:00+00:00,-1.001353084964964,squeeze
BNB/USDT:USDT,long,903.5,894.7755579119665,894.7970330407595,779.805,2025-12-08T06:00:00+00:00,2025-12-08T18:00:00+00:00,-6873.138607852694,sl_hit,"{""trend"": 0.0, ""mean_rev"": 0.0, ""breakout"": 0.7, ""confidence"": 0.7, ""strategy"": ""ifvg"", ""atr"": 7.009889864134796, ""slot"": ""BNB/USDT:USDT:ifvg"", ""entry_fee_rate"": 0.0, ""intended_entry"": 903.5, ""sl0"": 894.7970330407595, ""max_hold"": 24}",2025-12-08 06:00:00+00:00,2025-12-08 18:00:00+00:00,-1.0024675640955047,ifvg
BNB/USDT:USDT,long,887.4,893.8785464,887.4,764.828,2025-12-13T07:00:00+00:00,2025-12-14T07:00:00+00:00,4886.607351930618,max_hold,"{""trend"": 0.0, ""mean_rev"": 0.0, ""breakout"": 0.7, ""confidence"": 0.7, ""strategy"": ""ifvg"", ""atr"": 4.548202945428925, ""slot"": ""BNB/USDT:USDT:ifvg"", ""entry_fee_rate"": 0.0, ""intended_entry"": 887.4, ""sl0"": 878.3355391163714, ""max_hold"": 24}",2025-12-13 07:00:00+00:00,2025-12-14 07:00:00+00:00,,ifvg
LTC/USDT:USDT,long,80.84,79.64242440429938,79.64433586836022,9837.972,2025-12-14T07:00:00+00:00,2025-12-14T13:00:00+00:00,-11860.067172516252,sl_hit,"{""trend"": 0.0, ""mean_rev"": 0.6359761735910556, ""breakout"": 0.0, ""confidence"": 0.6359761735910556, ""strategy"": ""mean_rev"", ""atr"": 0.39855471054659586, ""slot"": ""LTC/USDT:USDT"", ""entry_fee_rate"": 0.0, ""intended_entry"": 80.84, ""sl0"": 79.64433586836022}",2025-12-14 07:00:00+00:00,2025-12-14 13:00:00+00:00,-1.0015986630444604,mean_rev
BNB/USDT:USDT,short,893.6,883.3508707693385,893.6,762.604,2025-12-14T12:00:00+00:00,2025-12-14T19:00:00+00:00,7748.662257074193,tp_hit,"{""trend"": 0.0, ""mean_rev"": 0.0, ""breakout"": -0.7, ""confidence"": 0.7, ""strategy"": ""ifvg"", ""atr"": 4.081882051102712, ""slot"": ""BNB/USDT:USDT:ifvg"", ""entry_fee_rate"": 0.0, ""intended_entry"": 893.6, ""sl0"": 898.7245646153308, ""max_hold"": 24}",2025-12-14 12:00:00+00:00,2025-12-14 19:00:00+00:00,,ifvg
ICP/USDT:USDT,short,3.060141975,3.2236230226195235,3.2235456575237427,100057.378,2025-12-15T00:00:00+00:00,2025-12-15T06:00:00+00:00,-16420.358682465652,sl_hit,"{""trend"": 0.0, ""mean_rev"": 0.0, ""breakout"": -0.8, ""confidence"": 0.8, ""strategy"": ""donchian"", ""atr"": 0.07927282876187132, ""slot"": ""ICP/USDT:USDT:donchian"", ""entry_fee_rate"": 0.0001, ""intended_entry"": 3.065, ""sl0"": 3.2235456575237427, ""max_hold"": 120}",2025-12-15 00:00:00+00:00,2025-12-15 06:00:00+00:00,-1.0004734599281113,donchian
XRP/USDT:USDT,short,1.9365257340000002,1.8600599149796924,1.971416034008123,337822.608,2025-12-15T15:00:00+00:00,2025-12-16T04:00:00+00:00,25703.625157753017,tp_hit,"{""trend"": 0.0, ""mean_rev"": 0.0, ""breakout"": -1.0, ""confidence"": 1.0, ""strategy"": ""squeeze"", ""atr"": 0.015908017004061543, ""slot"": ""XRP/USDT:USDT:squeeze"", ""entry_fee_rate"": 0.0001, ""intended_entry"": 1.9396, ""sl0"": 1.971416034008123}",2025-12-15 15:00:00+00:00,2025-12-16 04:00:00+00:00,2.1916068076945643,squeeze
ADA/USDT:USDT,short,0.384589458,0.3474804106647379,0.40405979466763103,810663.671,2025-12-15T16:00:00+00:00,2025-12-18T20:00:00+00:00,30023.610295400318,tp_hit,"{""trend"": 0.0, ""mean_rev"": 0.0, ""breakout"": -0.8, ""confidence"": 0.8, ""strategy"": ""donchian"", ""atr"": 0.009429897333815522, ""slot"": ""ADA/USDT:USDT:donchian"", ""entry_fee_rate"": 0.0001, ""intended_entry"": 0.3852, ""sl0"": 0.40405979466763103, ""max_hold"": 120}",2025-12-15 16:00:00+00:00,2025-12-18 20:00:00+00:00,1.9059273585625764,donchian
NEAR/USDT:USDT,short,1.530570195,1.617904418790662,1.6178655900165015,180154.882,2025-12-15T16:00:00+00:00,2025-12-16T22:00:00+00:00,-15790.408088821056,sl_hit,"{""trend"": 0.0, ""mean_rev"": 0.0, ""breakout"": -0.8, ""confidence"": 0.8, ""strategy"": ""donchian"", ""atr"": 0.042432795008250854, ""slot"": ""NEAR/USDT:USDT:donchian"", ""entry_fee_rate"": 0.0001, ""intended_entry"": 1.533, ""sl0"": 1.6178655900165015, ""max_hold"": 120}",2025-12-15 16:00:00+00:00,2025-12-16 22:00:00+00:00,-1.0004447975079678,donchian
SOL/USDT:USDT,short,126.58903785000001,132.71295668978593,132.7097716552662,2582.692,2025-12-15T16:00:00+00:00,2025-12-17T17:00:00+00:00,-15883.16591485256,sl_hit,"{""trend"": 0.0, ""mean_rev"": 0.0, ""breakout"": -0.8, ""confidence"": 0.8, ""strategy"": ""donchian"", ""atr"": 2.9598858276330904, ""slot"": ""SOL/USDT:USDT:donchian"", ""entry_fee_rate"": 0.0001, ""intended_entry"": 126.79, ""sl0"": 132.7097716552662, ""max_hold"": 120}",2025-12-15 16:00:00+00:00,2025-12-17 17:00:00+00:00,-1.0005203680834789,donchian
ICP/USDT:USDT,short,2.770601625,2.970737839940612,2.9706665439435573,93395.53,2025-12-18T20:00:00+00:00,2025-12-19T21:00:00+00:00,-18745.449410796187,sl_hit,"{""trend"": 0.0, ""mean_rev"": 0.0, ""breakout"": -0.8, ""confidence"": 0.8, ""strategy"": ""donchian"", ""atr"": 0.0978332719717786, ""slot"": ""ICP/USDT:USDT:donchian"", ""entry_fee_rate"": 0.0001, ""intended_entry"": 2.775, ""sl0"": 2.9706665439435573, ""max_hold"": 120}",2025-12-18 20:00:00+00:00,2025-12-19 21:00:00+00:00,-1.0003563643112998,donchian
BCH/USDT:USDT,long,624.81877055,589.9245021922954,589.9386607201527,463.187,2025-12-19T20:00:00+00:00,2025-12-20T15:00:00+00:00,-16218.836807027245,sl_hit,"{""trend"": 0.0, ""mean_rev"": 0.0, ""breakout"": 0.8, ""confidence"": 0.8, ""strategy"": ""donchian"", ""atr"": 16.945669639923654, ""slot"": ""BCH/USDT:USDT:donchian"", ""entry_fee_rate"": 0.0001, ""intended_entry"": 623.83, ""sl0"": 589.9386607201527, ""max_hold"": 120}",2025-12-19 20:00:00+00:00,2025-12-20 15:00:00+00:00,-1.0004059198186683,donchian
XLM/USDT:USDT,long,0.22324328065,0.21913153232614732,0.21913679160914595,2879499.356,2025-12-20T10:00:00+00:00,2025-12-20T13:00:00+00:00,-11967.158449475373,sl_hit,"{""trend"": 0.0, ""mean_rev"": 0.0, ""breakout"": 0.8, ""confidence"": 0.8, ""strategy"": ""squeeze"", ""atr"": 0.0018766041954270288, ""slot"": ""XLM/USDT:USDT:squeeze"", ""entry_fee_rate"": 0.0001, ""intended_entry"": 0.22289, ""sl0"": 0.21913679160914595}",2025-12-20 10:00:00+00:00,2025-12-20 13:00:00+00:00,-1.0012807249566014,squeeze
LTC/USDT:USDT,short,77.88,79.19469589427848,79.19279526719207,7972.83,2025-12-20T22:00:00+00:00,2025-12-21T01:00:00+00:00,-10544.987451507022,sl_hit,"{""trend"": 0.0, ""mean_rev"": -0.6381684359236298, ""breakout"": 0.0, ""confidence"": 0.6381684359236298, ""strategy"": ""mean_rev"", ""atr"": 0.4375984223973587, ""slot"": ""LTC/USDT:USDT"", ""entry_fee_rate"": 0.0, ""intended_entry"": 77.88, ""sl0"": 79.19279526719207}",2025-12-20 22:00:00+00:00,2025-12-21 01:00:00+00:00,-1.0014477711292173,mean_rev
LTC/USDT:USDT,long,75.6,78.46712799748418,73.88006718807186,8004.055,2025-12-21T14:00:00+00:00,2025-12-22T16:00:00+00:00,22885.844663084925,tp_hit,"{""trend"": 0.0, ""mean_rev"": 0.7169882011798034, ""breakout"": 0.0, ""confidence"": 0.7169882011798034, ""strategy"": ""mean_rev"", ""atr"": 0.5733109373093769, ""slot"": ""LTC/USDT:USDT"", ""entry_fee_rate"": 0.0, ""intended_entry"": 75.6, ""sl0"": 73.88006718807186}",2025-12-21 14:00:00+00:00,2025-12-22 16:00:00+00:00,1.6669999999999963,mean_rev
BNB/USDT:USDT,long,856.7,870.3475868592578,856.7,719.636,2025-12-22T00:00:00+00:00,2025-12-22T14:00:00+00:00,9758.661471447129,tp_hit,"{""trend"": 0.0, ""mean_rev"": 0.0, ""breakout"": 0.7, ""confidence"": 0.7, ""strategy"": ""ifvg"", ""atr"": 4.079311432096284, ""slot"": ""BNB/USDT:USDT:ifvg"", ""entry_fee_rate"": 0.0, ""intended_entry"": 856.7, ""sl0"": 849.8762065703711, ""max_hold"": 24}",2025-12-22 00:00:00+00:00,2025-12-22 14:00:00+00:00,,ifvg
XRP/USDT:USDT,short,1.8671358915000003,1.8358440592,1.8961154091933243,349753.133,2025-12-24T02:00:00+00:00,2025-12-26T03:00:00+00:00,10814.903500316317,max_hold,"{""trend"": 0.0, ""mean_rev"": 0.0, ""breakout"": -0.8, ""confidence"": 0.8, ""strategy"": ""squeeze"", ""atr"": 0.013007704596662159, ""slot"": ""XRP/USDT:USDT:squeeze"", ""entry_fee_rate"": 0.0001, ""intended_entry"": 1.8701, ""sl0"": 1.8961154091933243}",2025-12-24 02:00:00+00:00,2025-12-26 03:00:00+00:00,1.0797913419797465,squeeze
BNB/USDT:USDT,short,833.3,839.8373785548158,839.8172229414652,804.387,2025-12-26T18:00:00+00:00,2025-12-27T08:00:00+00:00,-5326.137750515021,sl_hit,"{""trend"": 0.0, ""mean_rev"": 0.0, ""breakout"": -0.7, ""confidence"": 0.7, ""strategy"": ""ifvg"", ""atr"": 4.724076471550521, ""slot"": ""BNB/USDT:USDT:ifvg"", ""entry_fee_rate"": 0.0, ""intended_entry"": 833.3, ""sl0"": 839.8172229414652, ""max_hold"": 24}",2025-12-26 18:00:00+00:00,2025-12-27 08:00:00+00:00,-1.0030926689990018,ifvg
LTC/USDT:USDT,short,77.84,79.15493887694885,79.15303920400795,8508.562,2025-12-27T12:00:00+00:00,2025-12-27T22:00:00+00:00,-11255.588431233682,sl_hit,"{""trend"": 0.0, ""mean_rev"": -0.6169219959070695, ""breakout"": 0.0, ""confidence"": 0.6169219959070695, ""strategy"": ""mean_rev"", ""atr"": 0.4376797346693157, ""slot"": ""LTC/USDT:USDT"", ""entry_fee_rate"": 0.0, ""intended_entry"": 77.84, ""sl0"": 79.15303920400795}",2025-12-27 12:00:00+00:00,2025-12-27 22:00:00+00:00,-1.0014467754923808,mean_rev
LTC/USDT:USDT,long,78.28,78.02812727999999,76.81078593503506,8245.057,2025-12-28T19:00:00+00:00,2025-12-30T20:00:00+00:00,-2141.0395688477965,max_hold,"{""trend"": 0.0, ""mean_rev"": 0.6504479003618848, ""breakout"": 0.0, ""confidence"": 0.6504479003618848, ""strategy"": ""mean_rev"", ""atr"": 0.48973802165498115, ""slot"": ""LTC/USDT:USDT"", ""entry_fee_rate"": 0.0, ""intended_entry"": 78.28, ""sl0"": 76.81078593503506}",2025-12-28 19:00:00+00:00,2025-12-30 20:00:00+00:00,-0.17143364333775166,mean_rev
ICP/USDT:USDT,short,2.88342252,3.021738119661666,3.021665599687273,112797.81,2025-12-30T00:00:00+00:00,2026-01-01T19:00:00+00:00,-15668.305649457876,sl_hit,"{""trend"": 0.0, ""mean_rev"": 0.0, ""breakout"": -0.8, ""confidence"": 0.8, ""strategy"": ""donchian"", ""atr"": 0.0668327998436366, ""slot"": ""ICP/USDT:USDT:donchian"", ""entry_fee_rate"": 0.0001, ""intended_entry"": 2.888, ""sl0"": 3.021665599687273, ""max_hold"": 120}",2025-12-30 00:00:00+00:00,2026-01-01 19:00:00+00:00,-1.0005245830355978,donchian
BNB/USDT:USDT,long,859.1,869.5433914404078,859.1,743.316,2025-12-30T15:00:00+00:00,2025-12-31T10:00:00+00:00,7698.105400362989,tp_hit,"{""trend"": 0.0, ""mean_rev"": 0.0, ""breakout"": 0.7, ""confidence"": 0.7, ""strategy"": ""ifvg"", ""atr"": 3.7389857340129478, ""slot"": ""BNB/USDT:USDT:ifvg"", ""entry_fee_rate"": 0.0, ""intended_entry"": 859.1, ""sl0"": 853.8783042797961, ""max_hold"": 24}",2025-12-30 15:00:00+00:00,2025-12-31 10:00:00+00:00,,ifvg
BNB/USDT:USDT,long,869.2,878.0269853552583,869.2,725.099,2026-01-02T12:00:00+00:00,2026-01-02T15:00:00+00:00,6336.772605206967,tp_hit,"{""trend"": 0.0, ""mean_rev"": 0.0, ""breakout"": 0.7, ""confidence"": 0.7, ""strategy"": ""ifvg"", ""atr"": 3.3783089254300216, ""slot"": ""BNB/USDT:USDT:ifvg"", ""entry_fee_rate"": 0.0, ""intended_entry"": 869.2, ""sl0"": 864.786507322371, ""max_hold"": 24}",2026-01-02 12:00:00+00:00,2026-01-02 15:00:00+00:00,,ifvg
BNB/USDT:USDT,long,879.8924225,909.8997342758016,862.8001328620992,728.242,2026-01-02T16:00:00+00:00,2026-01-05T21:00:00+00:00,21722.244560249885,tp_hit,"{""trend"": 0.0, ""mean_rev"": 0.0, ""breakout"": 0.8, ""confidence"": 0.8, ""strategy"": ""donchian"", ""atr"": 7.849933568950419, ""slot"": ""BNB/USDT:USDT:donchian"", ""entry_fee_rate"": 0.0001, ""intended_entry"": 878.5, ""sl0"": 862.8001328620992, ""max_hold"": 120}",2026-01-02 16:00:00+00:00,2026-01-05 21:00:00+00:00,1.755605153639738,donchian
BCH/USDT:USDT,long,655.2569387,628.3430816738368,628.3581622697312,576.332,2026-01-04T00:00:00+00:00,2026-01-06T15:00:00+00:00,-15585.295024296907,sl_hit,"{""trend"": 0.0, ""mean_rev"": 0.0, ""breakout"": 0.8, ""confidence"": 0.8, ""strategy"": ""donchian"", ""atr"": 12.930918865134426, ""slot"": ""BCH/USDT:USDT:donchian"", ""entry_fee_rate"": 0.0001, ""intended_entry"": 654.22, ""sl0"": 628.3581622697312, ""max_hold"": 120}",2026-01-04 00:00:00+00:00,2026-01-06 15:00:00+00:00,-1.0005606424490554,donchian
BNB/USDT:USDT,long,916.3,907.7281573728694,907.7499433715103,708.247,2026-01-07T03:00:00+00:00,2026-01-07T14:00:00+00:00,-6135.271399564807,sl_hit,"{""trend"": 0.0, ""mean_rev"": 0.0, ""breakout"": 0.7, ""confidence"": 0.7, ""strategy"": ""ifvg"", ""atr"": 6.8335220949653115, ""slot"": ""BNB/USDT:USDT:ifvg"", ""entry_fee_rate"": 0.0, ""intended_entry"": 916.3, ""sl0"": 907.7499433715103, ""max_hold"": 24}",2026-01-07 03:00:00+00:00,2026-01-07 14:00:00+00:00,-1.0025480531401747,ifvg
DOGE/USDT:USDT,short,0.14206447035,0.14010336240000001,0.14634325841888854,3682919.561,2026-01-08T10:00:00+00:00,2026-01-10T11:00:00+00:00,7118.682687215561,max_hold,"{""trend"": 0.0, ""mean_rev"": 0.0, ""breakout"": -0.8, ""confidence"": 0.8, ""strategy"": ""squeeze"", ""atr"": 0.0020266292094442704, ""slot"": ""DOGE/USDT:USDT:squeeze"", ""entry_fee_rate"": 0.0001, ""intended_entry"": 0.14229, ""sl0"": 0.14634325841888854}",2026-01-08 10:00:00+00:00,2026-01-10 11:00:00+00:00,0.4583325741836528,squeeze
BNB/USDT:USDT,long,894.5,906.3782464,894.5,709.071,2026-01-09T08:00:00+00:00,2026-01-10T09:00:00+00:00,8358.251400139066,max_hold,"{""trend"": 0.0, ""mean_rev"": 0.0, ""breakout"": 0.7, ""confidence"": 0.7, ""strategy"": ""ifvg"", ""atr"": 4.356641978020645, ""slot"": ""BNB/USDT:USDT:ifvg"", ""entry_fee_rate"": 0.0, ""intended_entry"": 894.5, ""sl0"": 884.4930074065937, ""max_hold"": 24}",2026-01-09 08:00:00+00:00,2026-01-10 09:00:00+00:00,,ifvg
XLM/USDT:USDT,short,0.2266002684,0.22375537,0.23277518268146172,2604034.173,2026-01-09T22:00:00+00:00,2026-01-11T23:00:00+00:00,7290.938505073314,max_hold,"{""trend"": 0.0, ""mean_rev"": 0.0, ""breakout"": -0.9199999999999999, ""confidence"": 0.9199999999999999, ""strategy"": ""squeeze"", ""atr"": 0.002907591340730862, ""slot"": ""XLM/USDT:USDT:squeeze"", ""entry_fee_rate"": 0.0001, ""intended_entry"": 0.22696, ""sl0"": 0.23277518268146172}",2026-01-09 22:00:00+00:00,2026-01-11 23:00:00+00:00,0.4607186869850036,squeeze
XRP/USDT:USDT,short,2.088085131,2.0727497448000003,2.1452412607616917,281251.482,2026-01-09T22:00:00+00:00,2026-01-11T23:00:00+00:00,4196.075998274704,max_hold,"{""trend"": 0.0, ""mean_rev"": 0.0, ""breakout"": -0.84, ""confidence"": 0.84, ""strategy"": ""squeeze"", ""atr"": 0.026920630380845766, ""slot"": ""XRP/USDT:USDT:squeeze"", ""entry_fee_rate"": 0.0001, ""intended_entry"": 2.0914, ""sl0"": 2.1452412607616917}",2026-01-09 22:00:00+00:00,2026-01-11 23:00:00+00:00,0.2683069386247749,squeeze
LTC/USDT:USDT,short,82.1,79.94295608567765,83.39396755508238,7908.432,2026-01-10T14:00:00+00:00,2026-01-11T22:00:00+00:00,16995.612774223824,tp_hit,"{""trend"": 0.0, ""mean_rev"": -0.614704639447188, ""breakout"": 0.0, ""confidence"": 0.614704639447188, ""strategy"": ""mean_rev"", ""atr"": 0.43132251836079594, ""slot"": ""LTC/USDT:USDT"", ""entry_fee_rate"": 0.0, ""intended_entry"": 82.1, ""sl0"": 83.39396755508238}",2026-01-10 14:00:00+00:00,2026-01-11 22:00:00+00:00,1.6670000000000007,mean_rev
BNB/USDT:USDT,long,910.1,910.0781576,910.1,732.219,2026-01-11T04:00:00+00:00,2026-01-11T17:00:00+00:00,-82.63107213354849,sl_hit,"{""trend"": 0.0, ""mean_rev"": 0.0, ""breakout"": 0.7, ""confidence"": 0.7, ""strategy"": ""ifvg"", ""atr"": 4.310908627936751, ""slot"": ""BNB/USDT:USDT:ifvg"", ""entry_fee_rate"": 0.0, ""intended_entry"": 910.1, ""sl0"": 904.106727411619, ""max_hold"": 24}",2026-01-11 04:00:00+00:00,2026-01-11 17:00:00+00:00,,ifvg
ICP/USDT:USDT,long,3.6768185349999998,4.1179979212555455,3.4475010393722267,73662.612,2026-01-13T16:00:00+00:00,2026-01-14T16:00:00+00:00,32441.00729811756,tp_hit,"{""trend"": 0.0, ""mean_rev"": 0.0, ""breakout"": 0.8, ""confidence"": 0.8, ""strategy"": ""donchian"", ""atr"": 0.11174948031388644, ""slot"": ""ICP/USDT:USDT:donchian"", ""entry_fee_rate"": 0.0001, ""intended_entry"": 3.671, ""sl0"": 3.4475010393722267, ""max_hold"": 120}",2026-01-13 16:00:00+00:00,2026-01-14 16:00:00+00:00,1.923880186497701,donchian
ETH/USDT:USDT,long,3329.9896811999997,3282.70121328,3221.576659596008,158.647,2026-01-14T00:00:00+00:00,2026-01-19T00:00:00+00:00,-7607.081927337845,max_hold,"{""trend"": 0.0, ""mean_rev"": 0.0, ""breakout"": 0.8, ""confidence"": 0.8, ""strategy"": ""donchian"", ""atr"": 51.571670201995786, ""slot"": ""ETH/USDT:USDT:donchian"", ""entry_fee_rate"": 0.0001, ""intended_entry"": 3324.72, ""sl0"": 3221.576659596008, ""max_hold"": 120}",2026-01-14 00:00:00+00:00,2026-01-19 00:00:00+00:00,-0.4361880816562221,donchian
ICP/USDT:USDT,long,4.155576164999999,4.786820492121035,3.8300897539394825,55432.077,2026-01-14T16:00:00+00:00,2026-01-15T03:00:00+00:00,34941.614584780225,tp_hit,"{""trend"": 0.0, ""mean_rev"": 0.0, ""breakout"": 0.8, ""confidence"": 0.8, ""strategy"": ""donchian"", ""atr"": 0.1594551230302588, ""slot"": ""ICP/USDT:USDT:donchian"", ""entry_fee_rate"": 0.0001, ""intended_entry"": 4.149, ""sl0"": 3.8300897539394825, ""max_hold"": 120}",2026-01-14 16:00:00+00:00,2026-01-15 03:00:00+00:00,1.9393876538940054,donchian
XRP/USDT:USDT,short,2.0394623205,2.073604988974391,2.073555223649023,388800.462,2026-01-16T17:00:00+00:00,2026-01-16T22:00:00+00:00,-13434.601523771984,sl_hit,"{""trend"": 0.0, ""mean_rev"": 0.0, ""breakout"": -0.88, ""confidence"": 0.88, ""strategy"": ""squeeze"", ""atr"": 0.015427611824511613, ""slot"": ""XRP/USDT:USDT:squeeze"", ""entry_fee_rate"": 0.0001, ""intended_entry"": 2.0427, ""sl0"": 2.073555223649023}",2026-01-16 17:00:00+00:00,2026-01-16 22:00:00+00:00,-1.0014596974962848,squeeze
BNB/USDT:USDT,long,937.7,951.2442542495164,937.7,829.294,2026-01-17T00:00:00+00:00,2026-01-17T16:00:00+00:00,11153.282668340069,tp_hit,"{""trend"": 0.0, ""mean_rev"": 0.0, ""breakout"": 0.7, ""confidence"": 0.7, ""strategy"": ""ifvg"", ""atr"": 4.2404237491938614, ""slot"": ""BNB/USDT:USDT:ifvg"", ""entry_fee_rate"": 0.0, ""intended_entry"": 937.7, ""sl0"": 930.9278728752419, ""max_hold"": 24}",2026-01-17 00:00:00+00:00,2026-01-17 16:00:00+00:00,,ifvg
XRP/USDT:USDT,long,2.0787896674999997,2.053813761710393,2.053863054423699,385441.12,2026-01-17T19:00:00+00:00,2026-01-18T03:00:00+00:00,-9786.028629987615,sl_hit,"{""trend"": 0.0, ""mean_rev"": 0.0, ""breakout"": 0.84, ""confidence"": 0.84, ""strategy"": ""squeeze"", ""atr"": 0.010818472788150494, ""slot"": ""XRP/USDT:USDT:squeeze"", ""entry_fee_rate"": 0.0001, ""intended_entry"": 2.0755, ""sl0"": 2.053863054423699}",2026-01-17 19:00:00+00:00,2026-01-18 03:00:00+00:00,-1.0019775134774764,squeeze
LTC/USDT:USDT,short,75.36,72.5982091166818,77.01674318135464,10413.058,2026-01-18T09:00:00+00:00,2026-01-19T00:00:00+00:00,28683.09171564082,tp_hit,"{""trend"": 0.0, ""mean_rev"": -0.6225858211348886, ""breakout"": 0.0, ""confidence"": 0.6225858211348886, ""strategy"": ""mean_rev"", ""atr"": 0.5522477271182148, ""slot"": ""LTC/USDT:USDT"", ""entry_fee_rate"": 0.0, ""intended_entry"": 75.36, ""sl0"": 77.01674318135464}",2026-01-18 09:00:00+00:00,2026-01-19 00:00:00+00:00,1.6670000000000063,mean_rev
DOGE/USDT:USDT,short,0.1313714457,0.1258417096419613,0.1338753161432155,6048125.538,2026-01-19T00:00:00+00:00,2026-01-19T02:00:00+00:00,33288.972125669934,tp_hit,"{""trend"": 0.0, ""mean_rev"": 0.0, ""breakout"": -0.88, ""confidence"": 0.88, ""strategy"": ""squeeze"", ""atr"": 0.0011476580716077384, ""slot"": ""DOGE/USDT:USDT:squeeze"", ""entry_fee_rate"": 0.0001, ""intended_entry"": 0.13158, ""sl0"": 0.1338753161432155}",2026-01-19 00:00:00+00:00,2026-01-19 02:00:00+00:00,2.208475311900474,squeeze
XRP/USDT:USDT,short,1.987245216,1.9187497854273172,2.0190600858290733,529852.279,2026-01-19T00:00:00+00:00,2026-01-19T02:00:00+00:00,36085.49995469537,tp_hit,"{""trend"": 0.0, ""mean_rev"": 0.0, ""breakout"": -0.9199999999999999, ""confidence"": 0.9199999999999999, ""strategy"": ""squeeze"", ""atr"": 0.014330042914536555, ""slot"": ""XRP/USDT:USDT:squeeze"", ""entry_fee_rate"": 0.0001, ""intended_entry"": 1.9904, ""sl0"": 2.0190600858290733}",2026-01-19 00:00:00+00:00,2026-01-19 02:00:00+00:00,2.1529376339013018,squeeze
ADA/USDT:USDT,short,0.36492068250000004,0.361508676,0.38531466913912016,1088351.19,2026-01-19T04:00:00+00:00,2026-01-24T05:00:00+00:00,3634.4003088853638,max_hold,"{""trend"": 0.0, ""mean_rev"": 0.0, ""breakout"": -0.8, ""confidence"": 0.8, ""strategy"": ""donchian"", ""atr"": 0.00990733456956009, ""slot"": ""ADA/USDT:USDT:donchian"", ""entry_fee_rate"": 0.0001, ""intended_entry"": 0.3655, ""sl0"": 0.38531466913912016, ""max_hold"": 120}",2026-01-19 04:00:00+00:00,2026-01-24 05:00:00+00:00,0.1673045373804007,donchian
ETH/USDT:USDT,short,3026.2358016000003,2925.6002127200004,3127.851639930925,225.045,2026-01-20T16:00:00+00:00,2026-01-25T17:00:00+00:00,22513.593005915307,max_hold,"{""trend"": 0.0, ""mean_rev"": 0.0, ""breakout"": -0.8, ""confidence"": 0.8, ""strategy"": ""donchian"", ""atr"": 48.405819965462605, ""slot"": ""ETH/USDT:USDT:donchian"", ""entry_fee_rate"": 0.0001, ""intended_entry"": 3031.04, ""sl0"": 3127.851639930925, ""max_hold"": 120}",2026-01-20 16:00:00+00:00,2026-01-25 17:00:00+00:00,0.9903533792858883,donchian
DOGE/USDT:USDT,short,0.1227451401,0.12008027616860989,0.12408388953255603,7790964.145,2026-01-25T08:00:00+00:00,2026-01-25T18:00:00+00:00,20572.67492959972,tp_hit,"{""trend"": 0.0, ""mean_rev"": 0.0, ""breakout"": -1.0, ""confidence"": 1.0, ""strategy"": ""squeeze"", ""atr"": 0.0005719447662780199, ""slot"": ""DOGE/USDT:USDT:squeeze"", ""entry_fee_rate"": 0.0001, ""intended_entry"": 0.12294, ""sl0"": 0.12408388953255603}",2026-01-25 08:00:00+00:00,2026-01-25 18:00:00+00:00,1.990562137010333,squeeze
LTC/USDT:USDT,short,69.13,66.95724593449825,70.43339176094885,13827.546,2026-01-25T10:00:00+00:00,2026-01-25T20:00:00+00:00,29951.27134759319,tp_hit,"{""trend"": 0.0, ""mean_rev"": -0.6401658292830884, ""breakout"": 0.0, ""confidence"": 0.6401658292830884, ""strategy"": ""mean_rev"", ""atr"": 0.43446392031628694, ""slot"": ""LTC/USDT:USDT"", ""entry_fee_rate"": 0.0, ""intended_entry"": 69.13, ""sl0"": 70.43339176094885}",2026-01-25 10:00:00+00:00,2026-01-25 20:00:00+00:00,1.6670000000000056,mean_rev
ADA/USDT:USDT,short,0.3337701345,0.34813585754870563,0.3481275024886459,1753667.132,2026-01-25T20:00:00+00:00,2026-01-26T03:00:00+00:00,-25312.2799504669,sl_hit,"{""trend"": 0.0, ""mean_rev"": 0.0, ""breakout"": -0.8, ""confidence"": 0.8, ""strategy"": ""donchian"", ""atr"": 0.006913751244322956, ""slot"": ""ADA/USDT:USDT:donchian"", ""entry_fee_rate"": 0.0001, ""intended_entry"": 0.3343, ""sl0"": 0.3481275024886459, ""max_hold"": 120}",2026-01-25 20:00:00+00:00,2026-01-26 03:00:00+00:00,-1.000581935356561,donchian
BNB/USDT:USDT,short,857.9380095,875.9342135883991,875.9131916717989,1209.398,2026-01-25T20:00:00+00:00,2026-01-26T03:00:00+00:00,-21974.2673919875,sl_hit,"{""trend"": 0.0, ""mean_rev"": 0.0, ""breakout"": -0.8, ""confidence"": 0.8, ""strategy"": ""donchian"", ""atr"": 8.306595835899467, ""slot"": ""BNB/USDT:USDT:donchian"", ""entry_fee_rate"": 0.0001, ""intended_entry"": 859.3, ""sl0"": 875.9131916717989, ""max_hold"": 120}",2026-01-25 20:00:00+00:00,2026-01-26 03:00:00+00:00,-1.001169496720491,donchian
ETH/USDT:USDT,short,2806.45470765,2900.184931658319,2900.1153288904256,271.831,2026-01-25T20:00:00+00:00,2026-01-26T09:00:00+00:00,-25633.90467838466,sl_hit,"{""trend"": 0.0, ""mean_rev"": 0.0, ""breakout"": -0.8, ""confidence"": 0.8, ""strategy"": ""donchian"", ""atr"": 44.602664445212845, ""slot"": ""ETH/USDT:USDT:donchian"", ""entry_fee_rate"": 0.0001, ""intended_entry"": 2810.91, ""sl0"": 2900.1153288904256, ""max_hold"": 120}",2026-01-25 20:00:00+00:00,2026-01-26 09:00:00+00:00,-1.0007431380122342,donchian
LTC/USDT:USDT,long,65.97,69.99220533618411,63.55715936641624,10049.912,2026-01-25T20:00:00+00:00,2026-01-27T01:00:00+00:00,40352.46812414931,tp_hit,"{""trend"": 0.0, ""mean_rev"": 0.6629715821464979, ""breakout"": 0.0, ""confidence"": 0.6629715821464979, ""strategy"": ""mean_rev"", ""atr"": 0.8042802111945843, ""slot"": ""LTC/USDT:USDT"", ""entry_fee_rate"": 0.0, ""intended_entry"": 65.97, ""sl0"": 63.55715936641624}",2026-01-25 20:00:00+00:00,2026-01-27 01:00:00+00:00,1.6669999999999978,mean_rev
NEAR/USDT:USDT,short,1.41575247,1.4825215261952784,1.4824859465325617,376032.886,2026-01-25T20:00:00+00:00,2026-01-26T17:00:00+00:00,-25216.345530127564,sl_hit,"{""trend"": 0.0, ""mean_rev"": 0.0, ""breakout"": -0.8, ""confidence"": 0.8, ""strategy"": ""donchian"", ""atr"": 0.03224297326628089, ""slot"": ""NEAR/USDT:USDT:donchian"", ""entry_fee_rate"": 0.0001, ""intended_entry"": 1.418, ""sl0"": 1.4824859465325617, ""max_hold"": 120}",2026-01-25 20:00:00+00:00,2026-01-26 17:00:00+00:00,-1.000533160634893,donchian
SOL/USDT:USDT,short,117.68317605000001,122.08818130537513,122.0852512593449,5752.643,2026-01-25T20:00:00+00:00,2026-01-26T03:00:00+00:00,-25478.354549345964,sl_hit,"{""trend"": 0.0, ""mean_rev"": 0.0, ""breakout"": -0.8, ""confidence"": 0.8, ""strategy"": ""donchian"", ""atr"": 2.107625629672447, ""slot"": ""SOL/USDT:USDT:donchian"", ""entry_fee_rate"": 0.0001, ""intended_entry"": 117.87, ""sl0"": 122.0852512593449, ""max_hold"": 120}",2026-01-25 20:00:00+00:00,2026-01-26 03:00:00+00:00,-1.0006656056270937,donchian
BNB/USDT:USDT,short,844.459407,792.6462797959266,872.3768601020366,802.752,2026-01-30T04:00:00+00:00,2026-01-31T18:00:00+00:00,41461.672502895686,tp_hit,"{""trend"": 0.0, ""mean_rev"": 0.0, ""breakout"": -0.8, ""confidence"": 0.8, ""strategy"": ""donchian"", ""atr"": 13.288430051018327, ""slot"": ""BNB/USDT:USDT:donchian"", ""entry_fee_rate"": 0.0001, ""intended_entry"": 845.8, ""sl0"": 872.3768601020366, ""max_hold"": 120}",2026-01-30 04:00:00+00:00,2026-01-31 18:00:00+00:00,1.8559403329057151,donchian
XLM/USDT:USDT,short,0.18582499980000003,0.17443569508920767,0.19079372196431693,4613257.386,2026-01-31T09:00:00+00:00,2026-01-31T19:00:00+00:00,52375.59654730913,tp_hit,"{""trend"": 0.0, ""mean_rev"": 0.0, ""breakout"": -1.0, ""confidence"": 1.0, ""strategy"": ""squeeze"", ""atr"": 0.0023368609821584683, ""slot"": ""XLM/USDT:USDT:squeeze"", ""entry_fee_rate"": 0.0001, ""intended_entry"": 0.18612, ""sl0"": 0.19079372196431693}",2026-01-31 09:00:00+00:00,2026-01-31 19:00:00+00:00,2.292199952854107,squeeze
XRP/USDT:USDT,short,1.6911153270000001,1.5819514162958968,1.7385394334816413,481925.69,2026-01-31T09:00:00+00:00,2026-01-31T19:00:00+00:00,52451.15549430551,tp_hit,"{""trend"": 0.0, ""mean_rev"": 0.0, ""breakout"": -1.0, ""confidence"": 1.0, ""strategy"": ""squeeze"", ""atr"": 0.022369716740820646, ""slot"": ""XRP/USDT:USDT:squeeze"", ""entry_fee_rate"": 0.0001, ""intended_entry"": 1.6938, ""sl0"": 1.7385394334816413}",2026-01-31 09:00:00+00:00,2026-01-31 19:00:00+00:00,2.3018654183049896,squeeze
BNB/USDT:USDT,short,769.8778065,695.445655005516,808.927172497242,699.358,2026-01-31T20:00:00+00:00,2026-02-05T00:00:00+00:00,51952.24203634023,tp_hit,"{""trend"": 0.0, ""mean_rev"": 0.0, ""breakout"": -0.8, ""confidence"": 0.8, ""strategy"": ""donchian"", ""atr"": 18.91358624862101, ""slot"": ""BNB/USDT:USDT:donchian"", ""entry_fee_rate"": 0.0001, ""intended_entry"": 771.1, ""sl0"": 808.927172497242, ""max_hold"": 120}",2026-01-31 20:00:00+00:00,2026-02-05 00:00:00+00:00,1.9061039684931385,donchian
ETH/USDT:USDT,short,2377.53562365,2026.293509144608,2558.818245427696,149.033,2026-01-31T20:00:00+00:00,2026-02-05T17:00:00+00:00,52281.03446436734,tp_hit,"{""trend"": 0.0, ""mean_rev"": 0.0, ""breakout"": -0.8, ""confidence"": 0.8, ""strategy"": ""donchian"", ""atr"": 88.75412271384803, ""slot"": ""ETH/USDT:USDT:donchian"", ""entry_fee_rate"": 0.0001, ""intended_entry"": 2381.31, ""sl0"": 2558.818245427696, ""max_hold"": 120}",2026-01-31 20:00:00+00:00,2026-02-05 17:00:00+00:00,1.9375388057665826,donchian
ICP/USDT:USDT,short,2.604864735,2.8270738100845785,2.827005961941492,121348.688,2026-01-31T20:00:00+00:00,2026-02-02T17:00:00+00:00,-27030.695584781344,sl_hit,"{""trend"": 0.0, ""mean_rev"": 0.0, ""breakout"": -0.8, ""confidence"": 0.8, ""strategy"": ""donchian"", ""atr"": 0.10900298097074602, ""slot"": ""ICP/USDT:USDT:donchian"", ""entry_fee_rate"": 0.0001, ""intended_entry"": 2.609, ""sl0"": 2.827005961941492, ""max_hold"": 120}",2026-01-31 20:00:00+00:00,2026-02-02 17:00:00+00:00,-1.0003054279658965,donchian
NEAR/USDT:USDT,short,1.17014238,1.017024408,1.2694190578306634,271556.08,2026-01-31T20:00:00+00:00,2026-02-05T21:00:00+00:00,41520.72240994422,max_hold,"{""trend"": 0.0, ""mean_rev"": 0.0, ""breakout"": -0.8, ""confidence"": 0.8, ""strategy"": ""donchian"", ""atr"": 0.04870952891533174, ""slot"": ""NEAR/USDT:USDT:donchian"", ""entry_fee_rate"": 0.0001, ""intended_entry"": 1.172, ""sl0"": 1.2694190578306634, ""max_hold"": 120}",2026-01-31 20:00:00+00:00,2026-02-05 21:00:00+00:00,1.5423357765977395,donchian
SOL/USDT:USDT,short,101.46891645,86.26681279431028,109.31159360284485,3443.912,2026-01-31T20:00:00+00:00,2026-02-05T17:00:00+00:00,52290.05267199634,tp_hit,"{""trend"": 0.0, ""mean_rev"": 0.0, ""breakout"": -0.8, ""confidence"": 0.8, ""strategy"": ""donchian"", ""atr"": 3.84079680142243, ""slot"": ""SOL/USDT:USDT:donchian"", ""entry_fee_rate"": 0.0001, ""intended_entry"": 101.63, ""sl0"": 109.31159360284485, ""max_hold"": 120}",2026-01-31 20:00:00+00:00,2026-02-05 17:00:00+00:00,1.9383819274232514,donchian
XRP/USDT:USDT,short,1.5549315209999999,1.6033682339390944,1.6033297540249978,597574.218,2026-02-03T18:00:00+00:00,2026-02-03T22:00:00+00:00,-29133.262707696653,sl_hit,"{""trend"": 0.0, ""mean_rev"": 0.0, ""breakout"": -0.8, ""confidence"": 0.8, ""strategy"": ""squeeze"", ""atr"": 0.022964877012498934, ""slot"": ""XRP/USDT:USDT:squeeze"", ""entry_fee_rate"": 0.0001, ""intended_entry"": 1.5574, ""sl0"": 1.6033297540249978}",2026-02-03 18:00:00+00:00,2026-02-03 22:00:00+00:00,-1.0007950685736149,squeeze
BNB/USDT:USDT,short,607.5355275000001,657.235225147155,657.2194518803099,644.928,2026-02-06T00:00:00+00:00,2026-02-06T18:00:00+00:00,-32134.295211380668,sl_hit,"{""trend"": 0.0, ""mean_rev"": 0.0, ""breakout"": -0.8, ""confidence"": 0.8, ""strategy"": ""donchian"", ""atr"": 24.359725940154952, ""slot"": ""BNB/USDT:USDT:donchian"", ""entry_fee_rate"": 0.0001, ""intended_entry"": 608.5, ""sl0"": 657.2194518803099, ""max_hold"": 120}",2026-02-06 00:00:00+00:00,2026-02-06 18:00:00+00:00,-1.0003174722416128,donchian
NEAR/USDT:USDT,short,0.97445304,1.0757316453461132,1.0757058284062315,315132.438,2026-02-06T00:00:00+00:00,2026-02-06T18:00:00+00:00,-31980.781789784833,sl_hit,"{""trend"": 0.0, ""mean_rev"": 0.0, ""breakout"": -0.8, ""confidence"": 0.8, ""strategy"": ""donchian"", ""atr"": 0.04985291420311576, ""slot"": ""NEAR/USDT:USDT:donchian"", ""entry_fee_rate"": 0.0001, ""intended_entry"": 0.976, ""sl0"": 1.0757058284062315, ""max_hold"": 120}",2026-02-06 00:00:00+00:00,2026-02-06 18:00:00+00:00,-1.0002549751003211,donchian
LTC/USDT:USDT,long,53.23,53.228722479999995,50.46097655486097,10536.751,2026-02-07T10:00:00+00:00,2026-02-09T11:00:00+00:00,-69.54668961952882,max_hold,"{""trend"": 0.0, ""mean_rev"": 0.6230330836195861, ""breakout"": 0.0, ""confidence"": 0.6230330836195861, ""strategy"": ""mean_rev"", ""atr"": 0.9230078150463412, ""slot"": ""LTC/USDT:USDT"", ""entry_fee_rate"": 0.0, ""intended_entry"": 53.23, ""sl0"": 50.46097655486097}",2026-02-07 10:00:00+00:00,2026-02-09 11:00:00+00:00,-0.0004613612074122398,mean_rev
BNB/USDT:USDT,short,639.7,623.7075979771893,639.7,1982.619,2026-02-09T03:00:00+00:00,2026-02-09T09:00:00+00:00,31583.18265264369,tp_hit,"{""trend"": 0.0, ""mean_rev"": 0.0, ""breakout"": -0.7, ""confidence"": 0.7, ""strategy"": ""ifvg"", ""atr"": 7.320670038018153, ""slot"": ""BNB/USDT:USDT:ifvg"", ""entry_fee_rate"": 0.0, ""intended_entry"": 639.7, ""sl0"": 647.6962010114055, ""max_hold"": 24}",2026-02-09 03:00:00+00:00,2026-02-09 09:00:00+00:00,,ifvg
XRP/USDT:USDT,short,1.357045668,1.3924680063241444,1.392434587894035,911083.672,2026-02-11T07:00:00+00:00,2026-02-11T16:00:00+00:00,-32523.217772649477,sl_hit,"{""trend"": 0.0, ""mean_rev"": 0.0, ""breakout"": -0.84, ""confidence"": 0.84, ""strategy"": ""squeeze"", ""atr"": 0.01661729394701753, ""slot"": ""XRP/USDT:USDT:squeeze"", ""entry_fee_rate"": 0.0001, ""intended_entry"": 1.3592, ""sl0"": 1.392434587894035}",2026-02-11 07:00:00+00:00,2026-02-11 16:00:00+00:00,-1.0009443190187626,squeeze
DOGE/USDT:USDT,short,0.09033658920000001,0.09245912236088442,0.09245690339520293,14342312.61,2026-02-11T08:00:00+00:00,2026-02-11T16:00:00+00:00,-30704.20544239303,sl_hit,"{""trend"": 0.0, ""mean_rev"": 0.0, ""breakout"": -0.88, ""confidence"": 0.88, ""strategy"": ""squeeze"", ""atr"": 0.0009884516976014605, ""slot"": ""DOGE/USDT:USDT:squeeze"", ""entry_fee_rate"": 0.0001, ""intended_entry"": 0.09048, ""sl0"": 0.09245690339520293}",2026-02-11 08:00:00+00:00,2026-02-11 16:00:00+00:00,-1.0010465268244262,squeeze
LTC/USDT:USDT,long,54.79,54.70868696,52.934484724305385,15126.003,2026-02-15T13:00:00+00:00,2026-02-17T13:00:00+00:00,-1312.6936632873876,max_hold,"{""trend"": 0.0, ""mean_rev"": 0.7372128306065374, ""breakout"": 0.0, ""confidence"": 0.7372128306065374, ""strategy"": ""mean_rev"", ""atr"": 0.6185050918982048, ""slot"": ""LTC/USDT:USDT"", ""entry_fee_rate"": 0.0, ""intended_entry"": 54.79, ""sl0"": 52.934484724305385}",2026-02-15 13:00:00+00:00,2026-02-17 13:00:00+00:00,-0.04382235008523878,mean_rev
BNB/USDT:USDT,short,622.5,611.5727877419215,622.5,1932.291,2026-02-15T14:00:00+00:00,2026-02-15T18:00:00+00:00,20996.380242014897,tp_hit,"{""trend"": 0.0, ""mean_rev"": 0.0, ""breakout"": -0.7, ""confidence"": 0.7, ""strategy"": ""ifvg"", ""atr"": 5.545353763464255, ""slot"": ""BNB/USDT:USDT:ifvg"", ""entry_fee_rate"": 0.0, ""intended_entry"": 622.5, ""sl0"": 627.9636061290392, ""max_hold"": 24}",2026-02-15 14:00:00+00:00,2026-02-15 18:00:00+00:00,,ifvg
DOGE/USDT:USDT,short,0.10010108790000001,0.10341808084160352,0.1034155988672307,8982799.266,2026-02-16T20:00:00+00:00,2026-02-17T18:00:00+00:00,-29978.69894512208,sl_hit,"{""trend"": 0.0, ""mean_rev"": 0.0, ""breakout"": -0.84, ""confidence"": 0.84, ""strategy"": ""squeeze"", ""atr"": 0.0015777994336153521, ""slot"": ""DOGE/USDT:USDT:squeeze"", ""entry_fee_rate"": 0.0001, ""intended_entry"": 0.10026, ""sl0"": 0.1034155988672307}",2026-02-16 20:00:00+00:00,2026-02-17 18:00:00+00:00,-1.0007488206849684,squeeze
BNB/USDT:USDT,long,628.8,622.6765999383554,622.6915445354242,1960.804,2026-02-17T04:00:00+00:00,2026-02-17T07:00:00+00:00,-12128.88201125951,sl_hit,"{""trend"": 0.0, ""mean_rev"": 0.0, ""breakout"": 0.7, ""confidence"": 0.7, ""strategy"": ""ifvg"", ""atr"": 5.361518215252458, ""slot"": ""BNB/USDT:USDT:ifvg"", ""entry_fee_rate"": 0.0, ""intended_entry"": 628.8, ""sl0"": 622.6915445354242, ""max_hold"": 24}",2026-02-17 04:00:00+00:00,2026-02-17 07:00:00+00:00,-1.0024465426907856,ifvg
XRP/USDT:USDT,short,1.4535923985,1.4861871246092941,1.4861514569743268,923028.667,2026-02-17T13:00:00+00:00,2026-02-17T18:00:00+00:00,-30357.21666934072,sl_hit,"{""trend"": 0.0, ""mean_rev"": 0.0, ""breakout"": -1.0, ""confidence"": 1.0, ""strategy"": ""squeeze"", ""atr"": 0.01512572848716348, ""slot"": ""XRP/USDT:USDT:squeeze"", ""entry_fee_rate"": 0.0001, ""intended_entry"": 1.4559, ""sl0"": 1.4861514569743268}",2026-02-17 13:00:00+00:00,2026-02-17 18:00:00+00:00,-1.0010954750118295,squeeze
ICP/USDT:USDT,short,2.1935177550000002,2.059049416,2.3041330050179343,244734.959,2026-02-19T12:00:00+00:00,2026-02-24T13:00:00+00:00,32805.02824673919,max_hold,"{""trend"": 0.0, ""mean_rev"": 0.0, ""breakout"": -0.8, ""confidence"": 0.8, ""strategy"": ""donchian"", ""atr"": 0.05356650250896717, ""slot"": ""ICP/USDT:USDT:donchian"", ""entry_fee_rate"": 0.0001, ""intended_entry"": 2.197, ""sl0"": 2.3041330050179343, ""max_hold"": 120}",2026-02-19 12:00:00+00:00,2026-02-24 13:00:00+00:00,1.215640148878195,donchian
LTC/USDT:USDT,short,55.65,53.660380350416716,56.84353308313334,19654.399,2026-02-21T16:00:00+00:00,2026-02-22T15:00:00+00:00,38999.31219856014,tp_hit,"{""trend"": 0.0, ""mean_rev"": -0.6468217677177996, ""breakout"": 0.0, ""confidence"": 0.6468217677177996, ""strategy"": ""mean_rev"", ""atr"": 0.3978443610444474, ""slot"": ""LTC/USDT:USDT"", ""entry_fee_rate"": 0.0, ""intended_entry"": 55.65, ""sl0"": 56.84353308313334}",2026-02-21 16:00:00+00:00,2026-02-22 15:00:00+00:00,1.6670000000000056,mean_rev
LTC/USDT:USDT,long,53.19,52.12505138004189,52.12630241129976,22815.799,2026-02-22T15:00:00+00:00,2026-02-23T03:00:00+00:00,-24416.581127806778,sl_hit,"{""trend"": 0.0, ""mean_rev"": 0.7744414749612506, ""breakout"": 0.0, ""confidence"": 0.7744414749612506, ""strategy"": ""mean_rev"", ""atr"": 0.3545658629000799, ""slot"": ""LTC/USDT:USDT"", ""entry_fee_rate"": 0.0, ""intended_entry"": 53.19, ""sl0"": 52.12630241129976}",2026-02-22 15:00:00+00:00,2026-02-23 03:00:00+00:00,-1.0011761155343046,mean_rev
ADA/USDT:USDT,short,0.26048647350000004,0.2723145455020244,0.27230801010978173,2450064.007,2026-02-23T04:00:00+00:00,2026-02-23T14:00:00+00:00,-29110.073144319267,sl_hit,"{""trend"": 0.0, ""mean_rev"": 0.0, ""breakout"": -0.8, ""confidence"": 0.8, ""strategy"": ""donchian"", ""atr"": 0.005704005054890845, ""slot"": ""ADA/USDT:USDT:donchian"", ""entry_fee_rate"": 0.0001, ""intended_entry"": 0.2609, ""sl0"": 0.27230801010978173, ""max_hold"": 120}",2026-02-23 04:00:00+00:00,2026-02-23 14:00:00+00:00,-1.0005528377958284,donchian
BNB/USDT:USDT,short,599.1,581.3450067607209,599.1,1929.019,2026-02-23T19:00:00+00:00,2026-02-24T15:00:00+00:00,34137.57674708125,tp_hit,"{""trend"": 0.0, ""mean_rev"": 0.0, ""breakout"": -0.7, ""confidence"": 0.7, ""strategy"": ""ifvg"", ""atr"": 5.591655398798701, ""slot"": ""BNB/USDT:USDT:ifvg"", ""entry_fee_rate"": 0.0, ""intended_entry"": 599.1, ""sl0"": 607.9774966196395, ""max_hold"": 24}",2026-02-23 19:00:00+00:00,2026-02-24 15:00:00+00:00,,ifvg
NEAR/USDT:USDT,long,1.198897245,1.12762695120561,1.1276540149019678,404547.225,2026-02-25T20:00:00+00:00,2026-02-26T09:00:00+00:00,-28926.318470202175,sl_hit,"{""trend"": 0.0, ""mean_rev"": 0.0, ""breakout"": 0.8, ""confidence"": 0.8, ""strategy"": ""donchian"", ""atr"": 0.034672992549016124, ""slot"": ""NEAR/USDT:USDT:donchian"", ""entry_fee_rate"": 0.0001, ""intended_entry"": 1.197, ""sl0"": 1.1276540149019678, ""max_hold"": 120}",2026-02-25 20:00:00+00:00,2026-02-26 09:00:00+00:00,-1.0003798774468886,donchian
BNB/USDT:USDT,long,610.2,631.8822283357554,610.2,1899.234,2026-02-28T20:00:00+00:00,2026-03-01T05:00:00+00:00,41059.61602982483,tp_hit,"{""trend"": 0.0, ""mean_rev"": 0.0, ""breakout"": 0.7, ""confidence"": 0.7, ""strategy"": ""ifvg"", ""atr"": 5.803713892925453, ""slot"": ""BNB/USDT:USDT:ifvg"", ""entry_fee_rate"": 0.0, ""intended_entry"": 610.2, ""sl0"": 599.3588858321224, ""max_hold"": 24}",2026-02-28 20:00:00+00:00,2026-03-01 05:00:00+00:00,,ifvg
BNB/USDT:USDT,long,624.3,617.3890989104164,617.4039166044149,1954.993,2026-03-01T07:00:00+00:00,2026-03-01T21:00:00+00:00,-13631.462390492936,sl_hit,"{""trend"": 0.0, ""mean_rev"": 0.0, ""breakout"": 0.7, ""confidence"": 0.7, ""strategy"": ""ifvg"", ""atr"": 5.653611318617123, ""slot"": ""BNB/USDT:USDT:ifvg"", ""entry_fee_rate"": 0.0, ""intended_entry"": 624.3, ""sl0"": 617.4039166044149, ""max_hold"": 24}",2026-03-01 07:00:00+00:00,2026-03-01 21:00:00+00:00,-1.0021487115437224,ifvg
LTC/USDT:USDT,long,52.62,54.63868864,50.66363014262518,16094.177,2026-03-01T21:00:00+00:00,2026-03-03T22:00:00+00:00,32401.195807447282,max_hold,"{""trend"": 0.0, ""mean_rev"": 0.629923824841624, ""breakout"": 0.0, ""confidence"": 0.629923824841624, ""strategy"": ""mean_rev"", ""atr"": 0.6521232857916064, ""slot"": ""LTC/USDT:USDT"", ""entry_fee_rate"": 0.0, ""intended_entry"": 52.62, ""sl0"": 50.66363014262518}",2026-03-01 21:00:00+00:00,2026-03-03 22:00:00+00:00,1.03185429503029,mean_rev
NEAR/USDT:USDT,long,1.30807001,1.2199707199999998,1.2060898079574656,293570.34,2026-03-02T16:00:00+00:00,2026-03-07T17:00:00+00:00,-25937.554296722643,max_hold,"{""trend"": 0.0, ""mean_rev"": 0.0, ""breakout"": 0.8, ""confidence"": 0.8, ""strategy"": ""donchian"", ""atr"": 0.0499550960212672, ""slot"": ""NEAR/USDT:USDT:donchian"", ""entry_fee_rate"": 0.0001, ""intended_entry"": 1.306, ""sl0"": 1.2060898079574656, ""max_hold"": 120}",2026-03-02 16:00:00+00:00,2026-03-07 17:00:00+00:00,-0.8638862076705364,donchian
BNB/USDT:USDT,long,632.7,648.179506404849,632.7,2024.71,2026-03-03T18:00:00+00:00,2026-03-04T09:00:00+00:00,31210.273860120447,tp_hit,"{""trend"": 0.0, ""mean_rev"": 0.0, ""breakout"": 0.7, ""confidence"": 0.7, ""strategy"": ""ifvg"", ""atr"": 6.1325106747479365, ""slot"": ""BNB/USDT:USDT:ifvg"", ""entry_fee_rate"": 0.0, ""intended_entry"": 632.7, ""sl0"": 624.9602467975756, ""max_hold"": 24}",2026-03-03 18:00:00+00:00,2026-03-04 09:00:00+00:00,,ifvg
XRP/USDT:USDT,short,1.3523531175,1.3486323664,1.3833321977177104,935266.561,2026-03-06T15:00:00+00:00,2026-03-08T16:00:00+00:00,3227.2799451502915,max_hold,"{""trend"": 0.0, ""mean_rev"": 0.0, ""breakout"": -0.84, ""confidence"": 0.84, ""strategy"": ""squeeze"", ""atr"": 0.01441609885885516, ""slot"": ""XRP/USDT:USDT:squeeze"", ""entry_fee_rate"": 0.0001, ""intended_entry"": 1.3545, ""sl0"": 1.3833321977177104}",2026-03-06 15:00:00+00:00,2026-03-08 16:00:00+00:00,0.1201052798808738,squeeze
LTC/USDT:USDT,long,53.33,52.30512162289445,52.30637697594187,23463.522,2026-03-07T20:00:00+00:00,2026-03-08T18:00:00+00:00,-24169.982585731548,sl_hit,"{""trend"": 0.0, ""mean_rev"": 0.6802573310563429, ""breakout"": 0.0, ""confidence"": 0.6802573310563429, ""strategy"": ""mean_rev"", ""atr"": 0.34120767468604235, ""slot"": ""LTC/USDT:USDT"", ""entry_fee_rate"": 0.0, ""intended_entry"": 53.33, ""sl0"": 52.30637697594187}",2026-03-07 20:00:00+00:00,2026-03-08 18:00:00+00:00,-1.0012263821914142,mean_rev
XLM/USDT:USDT,short,0.14867397764999998,0.15103641882916896,0.15103279404211195,8347823.905,2026-03-08T03:00:00+00:00,2026-03-08T12:00:00+00:00,-19971.43591085377,sl_hit,"{""trend"": 0.0, ""mean_rev"": 0.0, ""breakout"": -1.0, ""confidence"": 1.0, ""strategy"": ""squeeze"", ""atr"": 0.0010613970210559818, ""slot"": ""XLM/USDT:USDT:squeeze"", ""entry_fee_rate"": 0.0001, ""intended_entry"": 0.14891, ""sl0"": 0.15103279404211195}",2026-03-08 03:00:00+00:00,2026-03-08 12:00:00+00:00,-1.0015366974170317,squeeze
XRP/USDT:USDT,short,1.3405718205000001,1.3606095064837327,1.3605768526392694,890142.962,2026-03-08T18:00:00+00:00,2026-03-08T22:00:00+00:00,-18076.84890791563,sl_hit,"{""trend"": 0.0, ""mean_rev"": 0.0, ""breakout"": -0.84, ""confidence"": 0.84, ""strategy"": ""squeeze"", ""atr"": 0.008938426319634757, ""slot"": ""XRP/USDT:USDT:squeeze"", ""entry_fee_rate"": 0.0001, ""intended_entry"": 1.3427, ""sl0"": 1.3605768526392694}",2026-03-08 18:00:00+00:00,2026-03-08 22:00:00+00:00,-1.0016322815297642,squeeze
DOGE/USDT:USDT,short,0.08829982260000001,0.08994022491109818,0.08993806639750464,13514189.913,2026-03-08T19:00:00+00:00,2026-03-08T22:00:00+00:00,-22409.585351121546,sl_hit,"{""trend"": 0.0, ""mean_rev"": 0.0, ""breakout"": -1.0, ""confidence"": 1.0, ""strategy"": ""squeeze"", ""atr"": 0.0007490331987523134, ""slot"": ""DOGE/USDT:USDT:squeeze"", ""entry_fee_rate"": 0.0001, ""intended_entry"": 0.08844, ""sl0"": 0.08993806639750464}",2026-03-08 19:00:00+00:00,2026-03-08 22:00:00+00:00,-1.001317577760302,squeeze
BNB/USDT:USDT,short,614.0,618.0764736451893,618.0616401658252,1847.663,2026-03-09T01:00:00+00:00,2026-03-09T03:00:00+00:00,-7646.14922784378,sl_hit,"{""trend"": 0.0, ""mean_rev"": 0.0, ""breakout"": -0.7, ""confidence"": 0.7, ""strategy"": ""ifvg"", ""atr"": 4.205467219417589, ""slot"": ""BNB/USDT:USDT:ifvg"", ""entry_fee_rate"": 0.0, ""intended_entry"": 614.0, ""sl0"": 618.0616401658252, ""max_hold"": 24}",2026-03-09 01:00:00+00:00,2026-03-09 03:00:00+00:00,-1.0036520909677913,ifvg
DOGE/USDT:USDT,long,0.0953108286,0.09287778718340653,0.09288001630379782,11492732.131,2026-03-10T10:00:00+00:00,2026-03-11T04:00:00+00:00,-28178.573399667705,sl_hit,"{""trend"": 0.0, ""mean_rev"": 0.0, ""breakout"": 1.0, ""confidence"": 1.0, ""strategy"": ""squeeze"", ""atr"": 0.00113999184810109, ""slot"": ""DOGE/USDT:USDT:squeeze"", ""entry_fee_rate"": 0.0001, ""intended_entry"": 0.09516, ""sl0"": 0.09288001630379782}",2026-03-10 10:00:00+00:00,2026-03-11 04:00:00+00:00,-1.0009170269521712,squeeze
NEAR/USDT:USDT,long,1.3881968099999997,1.3115619651560209,1.3115934433986625,338908.195,2026-03-13T04:00:00+00:00,2026-03-14T02:00:00+00:00,-26063.673977520288,sl_hit,"{""trend"": 0.0, ""mean_rev"": 0.0, ""breakout"": 0.8, ""confidence"": 0.8, ""strategy"": ""donchian"", ""atr"": 0.0372032783006687, ""slot"": ""NEAR/USDT:USDT:donchian"", ""entry_fee_rate"": 0.0001, ""intended_entry"": 1.386, ""sl0"": 1.3115934433986625, ""max_hold"": 120}",2026-03-13 04:00:00+00:00,2026-03-14 02:00:00+00:00,-1.0004109250551014,donchian
LTC/USDT:USDT,long,54.48,56.493676967719054,53.2720354122861,19119.543,2026-03-14T10:00:00+00:00,2026-03-16T05:00:00+00:00,38392.570043812884,tp_hit,"{""trend"": 0.0, ""mean_rev"": 0.6088898133123958, ""breakout"": 0.0, ""confidence"": 0.6088898133123958, ""strategy"": ""mean_rev"", ""atr"": 0.4026548625712975, ""slot"": ""LTC/USDT:USDT"", ""entry_fee_rate"": 0.0, ""intended_entry"": 54.48, ""sl0"": 53.2720354122861}",2026-03-14 10:00:00+00:00,2026-03-16 05:00:00+00:00,1.666999999999994,mean_rev
XLM/USDT:USDT,long,0.16594260279999998,0.1724522854058485,0.1629710858376606,6332021.556,2026-03-15T01:00:00+00:00,2026-03-16T07:00:00+00:00,41005.17821029516,tp_hit,"{""trend"": 0.0, ""mean_rev"": 0.0, ""breakout"": 1.0, ""confidence"": 1.0, ""strategy"": ""squeeze"", ""atr"": 0.0013544570811697017, ""slot"": ""XLM/USDT:USDT:squeeze"", ""entry_fee_rate"": 0.0001, ""intended_entry"": 0.16568, ""sl0"": 0.1629710858376606}",2026-03-15 01:00:00+00:00,2026-03-16 07:00:00+00:00,2.19069340284824,squeeze
ADA/USDT:USDT,long,0.29035949149999996,0.27737789649619876,0.2773845537254882,2164020.668,2026-03-16T08:00:00+00:00,2026-03-18T14:00:00+00:00,-28215.299435993336,sl_hit,"{""trend"": 0.0, ""mean_rev"": 0.0, ""breakout"": 0.8, ""confidence"": 0.8, ""strategy"": ""donchian"", ""atr"": 0.006257723137255905, ""slot"": ""ADA/USDT:USDT:donchian"", ""entry_fee_rate"": 0.0001, ""intended_entry"": 0.2899, ""sl0"": 0.2773845537254882, ""max_hold"": 120}",2026-03-16 08:00:00+00:00,2026-03-18 14:00:00+00:00,-1.0005130837160945,donchian
XRP/USDT:USDT,short,1.4866399350000001,1.4487347688,1.5196499662801535,755426.379,2026-03-18T12:00:00+00:00,2026-03-20T13:00:00+00:00,28412.816499509252,max_hold,"{""trend"": 0.0, ""mean_rev"": 0.0, ""breakout"": -1.0, ""confidence"": 1.0, ""strategy"": ""squeeze"", ""atr"": 0.015324983140076721, ""slot"": ""XRP/USDT:USDT:squeeze"", ""entry_fee_rate"": 0.0001, ""intended_entry"": 1.489, ""sl0"": 1.5196499662801535}",2026-03-18 12:00:00+00:00,2026-03-20 13:00:00+00:00,1.1482923441756878,squeeze
XRP/USDT:USDT,short,1.4324260005000002,1.3842332208,1.4593895895763471,809246.258,2026-03-20T20:00:00+00:00,2026-03-22T21:00:00+00:00,38771.889541353645,max_hold,"{""trend"": 0.0, ""mean_rev"": 0.0, ""breakout"": -0.9199999999999999, ""confidence"": 0.9199999999999999, ""strategy"": ""squeeze"", ""atr"": 0.012344794788173545, ""slot"": ""XRP/USDT:USDT:squeeze"", ""entry_fee_rate"": 0.0001, ""intended_entry"": 1.4347, ""sl0"": 1.4593895895763471}",2026-03-20 20:00:00+00:00,2026-03-22 21:00:00+00:00,1.7873280728149061,squeeze
LTC/USDT:USDT,long,55.58,54.65041117113692,54.65172281248442,20739.141,2026-03-21T15:00:00+00:00,2026-03-22T01:00:00+00:00,-19392.2140521148,sl_hit,"{""trend"": 0.0, ""mean_rev"": 0.6078802628305033, ""breakout"": 0.0, ""confidence"": 0.6078802628305033, ""strategy"": ""mean_rev"", ""atr"": 0.3094257291718597, ""slot"": ""LTC/USDT:USDT"", ""entry_fee_rate"": 0.0, ""intended_entry"": 55.58, ""sl0"": 54.65172281248442}",2026-03-21 15:00:00+00:00,2026-03-22 01:00:00+00:00,-1.0014129845752318,mean_rev
ICP/USDT:USDT,short,2.35026891,2.228053472,2.449723731993491,289151.62,2026-03-22T20:00:00+00:00,2026-03-27T21:00:00+00:00,35206.40895334581,max_hold,"{""trend"": 0.0, ""mean_rev"": 0.0, ""breakout"": -0.8, ""confidence"": 0.8, ""strategy"": ""donchian"", ""atr"": 0.04786186599674525, ""slot"": ""ICP/USDT:USDT:donchian"", ""entry_fee_rate"": 0.0001, ""intended_entry"": 2.354, ""sl0"": 2.449723731993491, ""max_hold"": 120}",2026-03-22 20:00:00+00:00,2026-03-27 21:00:00+00:00,1.2288538207629482,donchian
XRP/USDT:USDT,short,1.3664307690000002,1.392632511829592,1.392599089451445,871557.883,2026-03-23T10:00:00+00:00,2026-03-23T13:00:00+00:00,-23076.803846679708,sl_hit,"{""trend"": 0.0, ""mean_rev"": 0.0, ""breakout"": -0.88, ""confidence"": 0.88, ""strategy"": ""squeeze"", ""atr"": 0.01199954472572247, ""slot"": ""XRP/USDT:USDT:squeeze"", ""entry_fee_rate"": 0.0001, ""intended_entry"": 1.3686, ""sl0"": 1.392599089451445}",2026-03-23 10:00:00+00:00,2026-03-23 13:00:00+00:00,-1.00127720761479,squeeze
BNB/USDT:USDT,short,631.1,635.8626443355049,635.8473839982889,1811.152,2026-03-24T16:00:00+00:00,2026-03-24T22:00:00+00:00,-8741.037203539701,sl_hit,"{""trend"": 0.0, ""mean_rev"": 0.0, ""breakout"": -0.7, ""confidence"": 0.7, ""strategy"": ""ifvg"", ""atr"": 4.491279994296442, ""slot"": ""BNB/USDT:USDT:ifvg"", ""entry_fee_rate"": 0.0, ""intended_entry"": 631.1, ""sl0"": 635.8473839982889, ""max_hold"": 24}",2026-03-24 16:00:00+00:00,2026-03-24 22:00:00+00:00,-1.0032144729015975,ifvg
BNB/USDT:USDT,long,644.4,637.8933923726178,637.9087021814702,1760.828,2026-03-25T08:00:00+00:00,2026-03-26T07:00:00+00:00,-11569.33894993863,sl_hit,"{""trend"": 0.0, ""mean_rev"": 0.0, ""breakout"": 0.7, ""confidence"": 0.7, ""strategy"": ""ifvg"", ""atr"": 3.6376593950992846, ""slot"": ""BNB/USDT:USDT:ifvg"", ""entry_fee_rate"": 0.0, ""intended_entry"": 644.4, ""sl0"": 637.9087021814702, ""max_hold"": 24}",2026-03-25 08:00:00+00:00,2026-03-26 07:00:00+00:00,-1.0023585127782466,ifvg
ADA/USDT:USDT,short,0.246808188,0.248005952,0.2578275350048024,2585511.447,2026-03-27T12:00:00+00:00,2026-04-01T13:00:00+00:00,-3224.7672951152285,max_hold,"{""trend"": 0.0, ""mean_rev"": 0.0, ""breakout"": -0.8, ""confidence"": 0.8, ""strategy"": ""donchian"", ""atr"": 0.00531376750240118, ""slot"": ""ADA/USDT:USDT:donchian"", ""entry_fee_rate"": 0.0001, ""intended_entry"": 0.2472, ""sl0"": 0.2578275350048024, ""max_hold"": 120}",2026-03-27 12:00:00+00:00,2026-04-01 13:00:00+00:00,-0.10869645900777876,donchian
BNB/USDT:USDT,short,609.831882,615.9147816,627.8790938188062,1608.844,2026-03-27T12:00:00+00:00,2026-04-01T13:00:00+00:00,-9983.640040587718,max_hold,"{""trend"": 0.0, ""mean_rev"": 0.0, ""breakout"": -0.8, ""confidence"": 0.8, ""strategy"": ""donchian"", ""atr"": 8.539546909403073, ""slot"": ""BNB/USDT:USDT:donchian"", ""entry_fee_rate"": 0.0001, ""intended_entry"": 610.8, ""sl0"": 627.8790938188062, ""max_hold"": 120}",2026-03-27 12:00:00+00:00,2026-04-01 13:00:00+00:00,-0.33705481273629745,donchian
LTC/USDT:USDT,short,54.59,52.8961559899517,55.60610318539191,21082.544,2026-03-28T14:00:00+00:00,2026-03-30T00:00:00+00:00,35599.02231737087,tp_hit,"{""trend"": 0.0, ""mean_rev"": -0.7239894309576419, ""breakout"": 0.0, ""confidence"": 0.7239894309576419, ""strategy"": ""mean_rev"", ""atr"": 0.3387010617973012, ""slot"": ""LTC/USDT:USDT"", ""entry_fee_rate"": 0.0, ""intended_entry"": 54.59, ""sl0"": 55.60610318539191}",2026-03-28 14:00:00+00:00,2026-03-30 00:00:00+00:00,1.6669999999999956,mean_rev
BNB/USDT:USDT,short,573.3897345,591.9514587034715,591.9372522094185,1602.643,2026-04-02T16:00:00+00:00,2026-04-04T08:00:00+00:00,-29934.57995321409,sl_hit,"{""trend"": 0.0, ""mean_rev"": 0.0, ""breakout"": -0.8, ""confidence"": 0.8, ""strategy"": ""donchian"", ""atr"": 8.818626104709264, ""slot"": ""BNB/USDT:USDT:donchian"", ""entry_fee_rate"": 0.0001, ""intended_entry"": 574.3, ""sl0"": 591.9372522094185, ""max_hold"": 120}",2026-04-02 16:00:00+00:00,2026-04-04 08:00:00+00:00,-1.0007659512326994,donchian
NEAR/USDT:USDT,long,1.26600344,1.357393492471527,1.2173032537642365,582878.307,2026-04-04T16:00:00+00:00,2026-04-08T10:00:00+00:00,53116.36694498602,tp_hit,"{""trend"": 0.0, ""mean_rev"": 0.0, ""breakout"": 0.8, ""confidence"": 0.8, ""strategy"": ""donchian"", ""atr"": 0.02334837311788176, ""slot"": ""NEAR/USDT:USDT:donchian"", ""entry_fee_rate"": 0.0001, ""intended_entry"": 1.264, ""sl0"": 1.2173032537642365, ""max_hold"": 120}",2026-04-04 16:00:00+00:00,2026-04-08 10:00:00+00:00,1.8765852768836813,donchian
BCH/USDT:USDT,short,420.4125882,431.0127515708995,431.0024075131192,2702.009,2026-04-05T16:00:00+00:00,2026-04-06T02:00:00+00:00,-28871.79272272971,sl_hit,"{""trend"": 0.0, ""mean_rev"": 0.0, ""breakout"": -0.8, ""confidence"": 0.8, ""strategy"": ""donchian"", ""atr"": 4.961203756559598, ""slot"": ""BCH/USDT:USDT:donchian"", ""entry_fee_rate"": 0.0001, ""intended_entry"": 421.08, ""sl0"": 431.0024075131192, ""max_hold"": 120}",2026-04-05 16:00:00+00:00,2026-04-06 02:00:00+00:00,-1.000976792660431,donchian
ICP/USDT:USDT,long,2.368748525,2.2954863237749894,2.295541416768992,385835.093,2026-04-06T12:00:00+00:00,2026-04-07T01:00:00+00:00,-28447.09077170177,sl_hit,"{""trend"": 0.0, ""mean_rev"": 0.0, ""breakout"": 0.8, ""confidence"": 0.8, ""strategy"": ""donchian"", ""atr"": 0.034729291615504254, ""slot"": ""ICP/USDT:USDT:donchian"", ""entry_fee_rate"": 0.0001, ""intended_entry"": 2.365, ""sl0"": 2.295541416768992, ""max_hold"": 120}",2026-04-06 12:00:00+00:00,2026-04-07 01:00:00+00:00,-1.000752563450923,donchian
BNB/USDT:USDT,short,597.8,602.652704721463,602.6382414036693,1762.166,2026-04-07T03:00:00+00:00,2026-04-07T10:00:00+00:00,-8657.468678808487,sl_hit,"{""trend"": 0.0, ""mean_rev"": 0.0, ""breakout"": -0.7, ""confidence"": 0.7, ""strategy"": ""ifvg"", ""atr"": 3.1274713455643584, ""slot"": ""BNB/USDT:USDT:ifvg"", ""entry_fee_rate"": 0.0, ""intended_entry"": 597.8, ""sl0"": 602.6382414036693, ""max_hold"": 24}",2026-04-07 03:00:00+00:00,2026-04-07 10:00:00+00:00,-1.0029893749788332,ifvg
BNB/USDT:USDT,long,605.2,615.4430858304249,605.2,1723.495,2026-04-07T17:00:00+00:00,2026-04-08T00:00:00+00:00,17547.83590518681,tp_hit,"{""trend"": 0.0, ""mean_rev"": 0.0, ""breakout"": 0.7, ""confidence"": 0.7, ""strategy"": ""ifvg"", ""atr"": 3.7384763840414417, ""slot"": ""BNB/USDT:USDT:ifvg"", ""entry_fee_rate"": 0.0, ""intended_entry"": 605.2, ""sl0"": 600.0784570847876, ""max_hold"": 24}",2026-04-07 17:00:00+00:00,2026-04-08 00:00:00+00:00,,ifvg
ADA/USDT:USDT,long,0.2631163795,0.25146586861646564,0.25147190394216024,2391278.107,2026-04-08T00:00:00+00:00,2026-04-08T22:00:00+00:00,-27982.662537578115,sl_hit,"{""trend"": 0.0, ""mean_rev"": 0.0, ""breakout"": 0.8, ""confidence"": 0.8, ""strategy"": ""donchian"", ""atr"": 0.0056140480289198855, ""slot"": ""ADA/USDT:USDT:donchian"", ""entry_fee_rate"": 0.0001, ""intended_entry"": 0.2627, ""sl0"": 0.25147190394216024, ""max_hold"": 120}",2026-04-08 00:00:00+00:00,2026-04-08 22:00:00+00:00,-1.000518299485848,donchian
ICP/USDT:USDT,long,2.45989276,2.4119421119999997,2.3629785462746966,288637.719,2026-04-08T00:00:00+00:00,2026-04-13T01:00:00+00:00,-13980.985193771796,max_hold,"{""trend"": 0.0, ""mean_rev"": 0.0, ""breakout"": 0.8, ""confidence"": 0.8, ""strategy"": ""donchian"", ""atr"": 0.04651072686265158, ""slot"": ""ICP/USDT:USDT:donchian"", ""entry_fee_rate"": 0.0001, ""intended_entry"": 2.456, ""sl0"": 2.3629785462746966, ""max_hold"": 120}",2026-04-08 00:00:00+00:00,2026-04-13 01:00:00+00:00,-0.4947741529009659,donchian
NEAR/USDT:USDT,long,1.36015243,1.3779669279999998,1.2940997722705414,436751.938,2026-04-08T12:00:00+00:00,2026-04-13T13:00:00+00:00,7660.928632388803,max_hold,"{""trend"": 0.0, ""mean_rev"": 0.0, ""breakout"": 0.8, ""confidence"": 0.8, ""strategy"": ""donchian"", ""atr"": 0.031950113864729325, ""slot"": ""NEAR/USDT:USDT:donchian"", ""entry_fee_rate"": 0.0001, ""intended_entry"": 1.358, ""sl0"": 1.2940997722705414, ""max_hold"": 120}",2026-04-08 12:00:00+00:00,2026-04-13 13:00:00+00:00,0.26970145657068134,donchian
BNB/USDT:USDT,long,602.5,601.2855688,597.1696827428963,1986.088,2026-04-08T15:00:00+00:00,2026-04-09T16:00:00+00:00,-2531.387838422356,max_hold,"{""trend"": 0.0, ""mean_rev"": 0.0, ""breakout"": 0.7, ""confidence"": 0.7, ""strategy"": ""ifvg"", ""atr"": 4.101057523678927, ""slot"": ""BNB/USDT:USDT:ifvg"", ""entry_fee_rate"": 0.0, ""intended_entry"": 602.5, ""sl0"": 597.1696827428963, ""max_hold"": 24}",2026-04-08 15:00:00+00:00,2026-04-09 16:00:00+00:00,-0.2278346937757897,ifvg
LTC/USDT:USDT,short,55.42,54.08799263657535,56.219044609132965,21583.582,2026-04-11T19:00:00+00:00,2026-04-12T03:00:00+00:00,28632.748890651066,tp_hit,"{""trend"": 0.0, ""mean_rev"": -0.7219176793055583, ""breakout"": 0.0, ""confidence"": 0.7219176793055583, ""strategy"": ""mean_rev"", ""atr"": 0.26634820304432183, ""slot"": ""LTC/USDT:USDT"", ""entry_fee_rate"": 0.0, ""intended_entry"": 55.42, ""sl0"": 56.219044609132965}",2026-04-11 19:00:00+00:00,2026-04-12 03:00:00+00:00,1.6670000000000023,mean_rev
ADA/USDT:USDT,short,0.2355260985,0.24477803377978663,0.24477215924796467,2998903.163,2026-04-13T00:00:00+00:00,2026-04-13T23:00:00+00:00,-27889.69653257299,sl_hit,"{""trend"": 0.0, ""mean_rev"": 0.0, ""breakout"": -0.8, ""confidence"": 0.8, ""strategy"": ""donchian"", ""atr"": 0.004436079623982334, ""slot"": ""ADA/USDT:USDT:donchian"", ""entry_fee_rate"": 0.0001, ""intended_entry"": 0.2359, ""sl0"": 0.24477215924796467, ""max_hold"": 120}",2026-04-13 00:00:00+00:00,2026-04-13 23:00:00+00:00,-1.0006353550968456,donchian
BNB/USDT:USDT,long,606.4,625.0841844958583,606.4,1895.876,2026-04-13T18:00:00+00:00,2026-04-14T17:00:00+00:00,35304.3887549333,tp_hit,"{""trend"": 0.0, ""mean_rev"": 0.0, ""breakout"": 0.7, ""confidence"": 0.7, ""strategy"": ""ifvg"", ""atr"": 3.1403074930972203, ""slot"": ""BNB/USDT:USDT:ifvg"", ""entry_fee_rate"": 0.0, ""intended_entry"": 606.4, ""sl0"": 597.0579077520708, ""max_hold"": 24}",2026-04-13 18:00:00+00:00,2026-04-14 17:00:00+00:00,,ifvg
XRP/USDT:USDT,long,1.3746754125,1.4168545785795759,1.3547581685681698,854178.356,2026-04-15T16:00:00+00:00,2026-04-16T11:00:00+00:00,35790.08428945255,tp_hit,"{""trend"": 0.0, ""mean_rev"": 0.0, ""breakout"": 0.8, ""confidence"": 0.8, ""strategy"": ""squeeze"", ""atr"": 0.008870915715915159, ""slot"": ""XRP/USDT:USDT:squeeze"", ""entry_fee_rate"": 0.0001, ""intended_entry"": 1.3725, ""sl0"": 1.3547581685681698}",2026-04-15 16:00:00+00:00,2026-04-16 11:00:00+00:00,2.117721017222079,squeeze
DOGE/USDT:USDT,long,0.09490017875,0.09859667295143328,0.09321133081942669,12420852.07,2026-04-15T18:00:00+00:00,2026-04-16T20:00:00+00:00,45673.26807651614,tp_hit,"{""trend"": 0.0, ""mean_rev"": 0.0, ""breakout"": 0.8, ""confidence"": 0.8, ""strategy"": ""squeeze"", ""atr"": 0.0007693345902866536, ""slot"": ""DOGE/USDT:USDT:squeeze"", ""entry_fee_rate"": 0.0001, ""intended_entry"": 0.09475, ""sl0"": 0.09321133081942669}",2026-04-15 18:00:00+00:00,2026-04-16 20:00:00+00:00,2.1887667530719876,squeeze
XLM/USDT:USDT,long,0.1580901764,0.16396011690190493,0.15539195323923805,7560900.337,2026-04-16T01:00:00+00:00,2026-04-16T17:00:00+00:00,44138.536101907164,tp_hit,"{""trend"": 0.0, ""mean_rev"": 0.0, ""breakout"": 0.9199999999999999, ""confidence"": 0.9199999999999999, ""strategy"": ""squeeze"", ""atr"": 0.001224023380380983, ""slot"": ""XLM/USDT:USDT:squeeze"", ""entry_fee_rate"": 0.0001, ""intended_entry"": 0.15784, ""sl0"": 0.15539195323923805}",2026-04-16 01:00:00+00:00,2026-04-16 17:00:00+00:00,2.175483698778753,squeeze
BCH/USDT:USDT,long,458.8461202,444.6643239711106,444.67499617101873,2361.555,2026-04-17T16:00:00+00:00,2026-04-18T13:00:00+00:00,-33704.46075401328,sl_hit,"{""trend"": 0.0, ""mean_rev"": 0.0, ""breakout"": 0.8, ""confidence"": 0.8, ""strategy"": ""donchian"", ""atr"": 6.722501914490634, ""slot"": ""BCH/USDT:USDT:donchian"", ""entry_fee_rate"": 0.0001, ""intended_entry"": 458.12, ""sl0"": 444.67499617101873, ""max_hold"": 120}",2026-04-17 16:00:00+00:00,2026-04-18 13:00:00+00:00,-1.0007530948064742,donchian
ETH/USDT:USDT,long,2444.57852535,2353.3378184397243,2353.394299902922,363.635,2026-04-17T16:00:00+00:00,2026-04-18T12:00:00+00:00,-33352.783488285444,sl_hit,"{""trend"": 0.0, ""mean_rev"": 0.0, ""breakout"": 0.8, ""confidence"": 0.8, ""strategy"": ""donchian"", ""atr"": 43.65785004853921, ""slot"": ""ETH/USDT:USDT:donchian"", ""entry_fee_rate"": 0.0001, ""intended_entry"": 2440.71, ""sl0"": 2353.394299902922, ""max_hold"": 120}",2026-04-17 16:00:00+00:00,2026-04-18 12:00:00+00:00,-1.0006194214286583,donchian
LTC/USDT:USDT,long,55.21,54.037341066528704,54.03863799384056,22825.154,2026-04-18T19:00:00+00:00,2026-04-20T00:00:00+00:00,-26889.46180911751,sl_hit,"{""trend"": 0.0, ""mean_rev"": 0.68254422358759, ""breakout"": 0.0, ""confidence"": 0.68254422358759, ""strategy"": ""mean_rev"", ""atr"": 0.3904540020531463, ""slot"": ""LTC/USDT:USDT"", ""entry_fee_rate"": 0.0, ""intended_entry"": 55.21, ""sl0"": 54.03863799384056}",2026-04-18 19:00:00+00:00,2026-04-20 00:00:00+00:00,-1.0011071959864124,mean_rev
XLM/USDT:USDT,long,0.17043971944999997,0.16708764886412733,0.16709165906394488,7415458.935,2026-04-19T13:00:00+00:00,2026-04-20T00:00:00+00:00,-25107.433810677157,sl_hit,"{""trend"": 0.0, ""mean_rev"": 0.0, ""breakout"": 0.96, ""confidence"": 0.96, ""strategy"": ""squeeze"", ""atr"": 0.0015391704680275547, ""slot"": ""XLM/USDT:USDT:squeeze"", ""entry_fee_rate"": 0.0001, ""intended_entry"": 0.17017, ""sl0"": 0.16709165906394488}",2026-04-19 13:00:00+00:00,2026-04-20 00:00:00+00:00,-1.0011977680672226,squeeze
XRP/USDT:USDT,short,1.4064672105000002,1.429913265644884,1.4298789485501189,865730.625,2026-04-19T22:00:00+00:00,2026-04-20T09:00:00+00:00,-20543.52211859983,sl_hit,"{""trend"": 0.0, ""mean_rev"": 0.0, ""breakout"": -1.0, ""confidence"": 1.0, ""strategy"": ""squeeze"", ""atr"": 0.01058947427505945, ""slot"": ""XRP/USDT:USDT:squeeze"", ""entry_fee_rate"": 0.0001, ""intended_entry"": 1.4087, ""sl0"": 1.4298789485501189}",2026-04-19 22:00:00+00:00,2026-04-20 09:00:00+00:00,-1.001465807224211,squeeze
DOGE/USDT:USDT,short,0.09282264255,0.09465790245225728,0.09465563071712006,12827015.211,2026-04-20T00:00:00+00:00,2026-04-20T09:00:00+00:00,-23781.388262643486,sl_hit,"{""trend"": 0.0, ""mean_rev"": 0.0, ""breakout"": -1.0, ""confidence"": 1.0, ""strategy"": ""squeeze"", ""atr"": 0.0008428153585600326, ""slot"": ""DOGE/USDT:USDT:squeeze"", ""entry_fee_rate"": 0.0001, ""intended_entry"": 0.09297, ""sl0"": 0.09465563071712006}",2026-04-20 00:00:00+00:00,2026-04-20 09:00:00+00:00,-1.0012393615943427,squeeze
XRP/USDT:USDT,long,1.4413809735,1.4209324338763878,1.4209665370732776,775272.08,2026-04-21T12:00:00+00:00,2026-04-21T19:00:00+00:00,-16075.089013855151,sl_hit,"{""trend"": 0.0, ""mean_rev"": 0.0, ""breakout"": 1.0, ""confidence"": 1.0, ""strategy"": ""squeeze"", ""atr"": 0.009066731463361287, ""slot"": ""XRP/USDT:USDT:squeeze"", ""entry_fee_rate"": 0.0001, ""intended_entry"": 1.4391, ""sl0"": 1.4209665370732776}",2026-04-21 12:00:00+00:00,2026-04-21 19:00:00+00:00,-1.0016705431478456,squeeze
LTC/USDT:USDT,long,56.15,55.40191703544869,55.40324671336981,19440.452,2026-04-25T18:00:00+00:00,2026-04-27T07:00:00+00:00,-14650.774795260973,sl_hit,"{""trend"": 0.0, ""mean_rev"": 0.6076184630663531, ""breakout"": 0.0, ""confidence"": 0.6076184630663531, ""strategy"": ""mean_rev"", ""atr"": 0.24891776221006198, ""slot"": ""LTC/USDT:USDT"", ""entry_fee_rate"": 0.0, ""intended_entry"": 56.15, ""sl0"": 55.40324671336981}",2026-04-25 18:00:00+00:00,2026-04-27 07:00:00+00:00,-1.0017806120775452,mean_rev
XLM/USDT:USDT,short,0.1703495673,0.17276559622685797,0.1727614499520591,6397734.251,2026-04-25T18:00:00+00:00,2026-04-27T03:00:00+00:00,-15676.626980139306,sl_hit,"{""trend"": 0.0, ""mean_rev"": 0.0, ""breakout"": -1.0, ""confidence"": 1.0, ""strategy"": ""squeeze"", ""atr"": 0.0010707249760295548, ""slot"": ""XLM/USDT:USDT:squeeze"", ""entry_fee_rate"": 0.0001, ""intended_entry"": 0.17062, ""sl0"": 0.1727614499520591}",2026-04-25 18:00:00+00:00,2026-04-27 03:00:00+00:00,-1.001719103039827,squeeze
BNB/USDT:USDT,long,637.8,634.7103827798446,634.7256161946333,1693.718,2026-04-27T02:00:00+00:00,2026-04-27T07:00:00+00:00,-5340.442338897161,sl_hit,"{""trend"": 0.0, ""mean_rev"": 0.0, ""breakout"": 0.7, ""confidence"": 0.7, ""strategy"": ""ifvg"", ""atr"": 2.581279351222295, ""slot"": ""BNB/USDT:USDT:ifvg"", ""entry_fee_rate"": 0.0, ""intended_entry"": 637.8, ""sl0"": 634.7256161946333, ""max_hold"": 24}",2026-04-27 02:00:00+00:00,2026-04-27 07:00:00+00:00,-1.0049549489436147,ifvg
NEAR/USDT:USDT,short,1.32988878,1.3730289295557363,1.3729959776522727,590835.002,2026-04-28T16:00:00+00:00,2026-04-29T06:00:00+00:00,-25648.408188076814,sl_hit,"{""trend"": 0.0, ""mean_rev"": 0.0, ""breakout"": -0.8, ""confidence"": 0.8, ""strategy"": ""donchian"", ""atr"": 0.020497988826136283, ""slot"": ""NEAR/USDT:USDT:donchian"", ""entry_fee_rate"": 0.0001, ""intended_entry"": 1.332, ""sl0"": 1.3729959776522727, ""max_hold"": 120}",2026-04-28 16:00:00+00:00,2026-04-29 06:00:00+00:00,-1.0007644176670785,donchian
BNB/USDT:USDT,short,615.7225305000001,626.9538471597327,626.9388006285176,1620.896,2026-04-29T16:00:00+00:00,2026-05-04T05:00:00+00:00,-18406.221165478357,sl_hit,"{""trend"": 0.0, ""mean_rev"": 0.0, ""breakout"": -0.8, ""confidence"": 0.8, ""strategy"": ""donchian"", ""atr"": 5.119400314258788, ""slot"": ""BNB/USDT:USDT:donchian"", ""entry_fee_rate"": 0.0001, ""intended_entry"": 616.7, ""sl0"": 626.9388006285176, ""max_hold"": 120}",2026-04-29 16:00:00+00:00,2026-05-04 05:00:00+00:00,-1.0013414915156948,donchian
NEAR/USDT:USDT,short,1.3179078000000002,1.268030432,1.3615753942303497,561008.853,2026-04-29T16:00:00+00:00,2026-05-04T17:00:00+00:00,27836.5715881927,max_hold,"{""trend"": 0.0, ""mean_rev"": 0.0, ""breakout"": -0.8, ""confidence"": 0.8, ""strategy"": ""donchian"", ""atr"": 0.020787697115174857, ""slot"": ""NEAR/USDT:USDT:donchian"", ""entry_fee_rate"": 0.0001, ""intended_entry"": 1.32, ""sl0"": 1.3615753942303497, ""max_hold"": 120}",2026-04-29 16:00:00+00:00,2026-05-04 17:00:00+00:00,1.1422055388921526,donchian
DOGE/USDT:USDT,long,0.10896243215,0.10785741135999999,0.1061885204636641,8998563.836,2026-05-01T05:00:00+00:00,2026-05-03T06:00:00+00:00,-10138.70683919585,max_hold,"{""trend"": 0.0, ""mean_rev"": 0.0, ""breakout"": 1.0, ""confidence"": 1.0, ""strategy"": ""squeeze"", ""atr"": 0.0013007397681679509, ""slot"": ""DOGE/USDT:USDT:squeeze"", ""entry_fee_rate"": 0.0001, ""intended_entry"": 0.10879, ""sl0"": 0.1061885204636641}",2026-05-01 05:00:00+00:00,2026-05-03 06:00:00+00:00,-0.3983619217018578,squeeze
XRP/USDT:USDT,long,1.3963096484999997,1.385100275852911,1.3851335190573684,722052.592,2026-05-02T20:00:00+00:00,2026-05-03T03:00:00+00:00,-8294.5889990537,sl_hit,"{""trend"": 0.0, ""mean_rev"": 0.0, ""breakout"": 0.88, ""confidence"": 0.88, ""strategy"": ""squeeze"", ""atr"": 0.00448324047131575, ""slot"": ""XRP/USDT:USDT:squeeze"", ""entry_fee_rate"": 0.0001, ""intended_entry"": 1.3941, ""sl0"": 1.3851335190573684}",2026-05-02 20:00:00+00:00,2026-05-03 03:00:00+00:00,-1.002974482769554,squeeze
BNB/USDT:USDT,long,628.1,623.7791297525993,623.7941008110188,1569.977,2026-05-04T19:00:00+00:00,2026-05-04T22:00:00+00:00,-6881.598797082666,sl_hit,"{""trend"": 0.0, ""mean_rev"": 0.0, ""breakout"": 0.7, ""confidence"": 0.7, ""strategy"": ""ifvg"", ""atr"": 3.6863306299373435, ""slot"": ""BNB/USDT:USDT:ifvg"", ""entry_fee_rate"": 0.0, ""intended_entry"": 628.1, ""sl0"": 623.7941008110188, ""max_hold"": 24}",2026-05-04 19:00:00+00:00,2026-05-04 22:00:00+00:00,-1.003476871557474,ifvg
ADA/USDT:USDT,long,0.2589097225,0.272186073624926,0.25165696318753705,3327207.763,2026-05-05T12:00:00+00:00,2026-05-06T10:00:00+00:00,43996.47192159115,tp_hit,"{""trend"": 0.0, ""mean_rev"": 0.0, ""breakout"": 0.8, ""confidence"": 0.8, ""strategy"": ""donchian"", ""atr"": 0.003421518406231486, ""slot"": ""ADA/USDT:USDT:donchian"", ""entry_fee_rate"": 0.0001, ""intended_entry"": 0.2585, ""sl0"": 0.25165696318753705, ""max_hold"": 120}",2026-05-05 12:00:00+00:00,2026-05-06 10:00:00+00:00,1.830524156800883,donchian
ICP/USDT:USDT,long,2.52800054,2.7224969316283465,2.424751534185827,226813.359,2026-05-05T16:00:00+00:00,2026-05-05T22:00:00+00:00,43995.29160180868,tp_hit,"{""trend"": 0.0, ""mean_rev"": 0.0, ""breakout"": 0.8, ""confidence"": 0.8, ""strategy"": ""donchian"", ""atr"": 0.04962423290708665, ""slot"": ""ICP/USDT:USDT:donchian"", ""entry_fee_rate"": 0.0001, ""intended_entry"": 2.524, ""sl0"": 2.424751534185827, ""max_hold"": 120}",2026-05-05 16:00:00+00:00,2026-05-05 22:00:00+00:00,1.8837604303754756,donchian
ICP/USDT:USDT,long,2.65219708,2.9081121489657855,2.5179439255171077,189760.882,2026-05-06T00:00:00+00:00,2026-05-06T17:00:00+00:00,48457.156285690144,tp_hit,"{""trend"": 0.0, ""mean_rev"": 0.0, ""breakout"": 0.8, ""confidence"": 0.8, ""strategy"": ""donchian"", ""atr"": 0.06502803724144632, ""slot"": ""ICP/USDT:USDT:donchian"", ""entry_fee_rate"": 0.0001, ""intended_entry"": 2.648, ""sl0"": 2.5179439255171077, ""max_hold"": 120}",2026-05-06 00:00:00+00:00,2026-05-06 17:00:00+00:00,1.90621270652077,donchian
XRP/USDT:USDT,long,1.4326671839999998,1.4140637877806272,1.4140977261260543,765834.203,2026-05-06T08:00:00+00:00,2026-05-06T16:00:00+00:00,-14465.129511249308,sl_hit,"{""trend"": 0.0, ""mean_rev"": 0.0, ""breakout"": 1.0, ""confidence"": 1.0, ""strategy"": ""squeeze"", ""atr"": 0.008151136936972746, ""slot"": ""XRP/USDT:USDT:squeeze"", ""entry_fee_rate"": 0.0001, ""intended_entry"": 1.4304, ""sl0"": 1.4140977261260543}",2026-05-06 08:00:00+00:00,2026-05-06 16:00:00+00:00,-1.00182764330857,squeeze
NEAR/USDT:USDT,long,1.483347385,1.6071147151447747,1.417942642427613,436071.088,2026-05-06T12:00:00+00:00,2026-05-09T02:00:00+00:00,53836.58819804376,tp_hit,"{""trend"": 0.0, ""mean_rev"": 0.0, ""breakout"": 0.8, ""confidence"": 0.8, ""strategy"": ""donchian"", ""atr"": 0.031528678786193635, ""slot"": ""NEAR/USDT:USDT:donchian"", ""entry_fee_rate"": 0.0001, ""intended_entry"": 1.481, ""sl0"": 1.417942642427613, ""max_hold"": 120}",2026-05-06 12:00:00+00:00,2026-05-09 02:00:00+00:00,1.8923295968605676,donchian
XLM/USDT:USDT,short,0.15839853975,0.161330495904575,0.16132662406559742,7290049.554,2026-05-07T16:00:00+00:00,2026-05-08T17:00:00+00:00,-21607.189708384314,sl_hit,"{""trend"": 0.0, ""mean_rev"": 0.0, ""breakout"": -0.88, ""confidence"": 0.88, ""strategy"": ""squeeze"", ""atr"": 0.0013383120327986964, ""slot"": ""XLM/USDT:USDT:squeeze"", ""entry_fee_rate"": 0.0001, ""intended_entry"": 0.15865, ""sl0"": 0.16132662406559742}",2026-05-07 16:00:00+00:00,2026-05-08 17:00:00+00:00,-1.0013223112998986,squeeze
BNB/USDT:USDT,long,641.7,651.4187310644223,641.7,1861.505,2026-05-08T16:00:00+00:00,2026-05-09T00:00:00+00:00,17970.2045475804,tp_hit,"{""trend"": 0.0, ""mean_rev"": 0.0, ""breakout"": 0.7, ""confidence"": 0.7, ""strategy"": ""ifvg"", ""atr"": 3.197885107370195, ""slot"": ""BNB/USDT:USDT:ifvg"", ""entry_fee_rate"": 0.0, ""intended_entry"": 641.7, ""sl0"": 636.8406344677888, ""max_hold"": 24}",2026-05-08 16:00:00+00:00,2026-05-09 00:00:00+00:00,,ifvg
LTC/USDT:USDT,short,58.52,59.3837656890791,59.38234051290679,21087.753,2026-05-10T09:00:00+00:00,2026-05-10T18:00:00+00:00,-18340.104519480872,sl_hit,"{""trend"": 0.0, ""mean_rev"": -0.6683443573462535, ""breakout"": 0.0, ""confidence"": 0.6683443573462535, ""strategy"": ""mean_rev"", ""atr"": 0.2874468376355942, ""slot"": ""LTC/USDT:USDT"", ""entry_fee_rate"": 0.0, ""intended_entry"": 58.52, ""sl0"": 59.38234051290679}",2026-05-10 09:00:00+00:00,2026-05-10 18:00:00+00:00,-1.001652683772803,mean_rev
BNB/USDT:USDT,long,649.8,655.8799672351507,649.8,1905.459,2026-05-10T12:00:00+00:00,2026-05-10T16:00:00+00:00,11460.15304927437,tp_hit,"{""trend"": 0.0, ""mean_rev"": 0.0, ""breakout"": 0.7, ""confidence"": 0.7, ""strategy"": ""ifvg"", ""atr"": 2.1332787252514507, ""slot"": ""BNB/USDT:USDT:ifvg"", ""entry_fee_rate"": 0.0, ""intended_entry"": 649.8, ""sl0"": 646.7600163824245, ""max_hold"": 24}",2026-05-10 12:00:00+00:00,2026-05-10 16:00:00+00:00,,ifvg
ADA/USDT:USDT,long,0.2873547365,0.2772250785538089,0.27723173211537966,2953354.831,2026-05-10T20:00:00+00:00,2026-05-10T22:00:00+00:00,-30083.2146841884,sl_hit,"{""trend"": 0.0, ""mean_rev"": 0.0, ""breakout"": 0.8, ""confidence"": 0.8, ""strategy"": ""donchian"", ""atr"": 0.004834133942310178, ""slot"": ""ADA/USDT:USDT:donchian"", ""entry_fee_rate"": 0.0001, ""intended_entry"": 0.2869, ""sl0"": 0.27723173211537966, ""max_hold"": 120}",2026-05-10 20:00:00+00:00,2026-05-10 22:00:00+00:00,-1.0006572714302946,donchian
BNB/USDT:USDT,long,659.1,653.6330247512667,653.6487123203624,1788.212,2026-05-11T01:00:00+00:00,2026-05-11T05:00:00+00:00,-9892.994185333559,sl_hit,"{""trend"": 0.0, ""mean_rev"": 0.0, ""breakout"": 0.7, ""confidence"": 0.7, ""strategy"": ""ifvg"", ""atr"": 4.504292265458709, ""slot"": ""BNB/USDT:USDT:ifvg"", ""entry_fee_rate"": 0.0, ""intended_entry"": 659.1, ""sl0"": 653.6487123203624, ""max_hold"": 24}",2026-05-11 01:00:00+00:00,2026-05-11 05:00:00+00:00,-1.0028777731093312,ifvg
ETH/USDT:USDT,short,2231.84690685,2294.4128469935945,2294.3577824068166,460.499,2026-05-13T16:00:00+00:00,2026-05-14T17:00:00+00:00,-29019.9866792237,sl_hit,"{""trend"": 0.0, ""mean_rev"": 0.0, ""breakout"": -0.8, ""confidence"": 0.8, ""strategy"": ""donchian"", ""atr"": 29.483891203408454, ""slot"": ""ETH/USDT:USDT:donchian"", ""entry_fee_rate"": 0.0001, ""intended_entry"": 2235.39, ""sl0"": 2294.3577824068166, ""max_hold"": 120}",2026-05-13 16:00:00+00:00,2026-05-14 17:00:00+00:00,-1.0008808801074602,donchian
DOGE/USDT:USDT,long,0.1174859205,0.11392809536534201,0.11393082970525495,7758277.718,2026-05-14T19:00:00+00:00,2026-05-15T07:00:00+00:00,-27782.132887049454,sl_hit,"{""trend"": 0.0, ""mean_rev"": 0.0, ""breakout"": 0.88, ""confidence"": 0.88, ""strategy"": ""squeeze"", ""atr"": 0.0016845851473725288, ""slot"": ""DOGE/USDT:USDT:squeeze"", ""entry_fee_rate"": 0.0001, ""intended_entry"": 0.1173, ""sl0"": 0.11393082970525495}",2026-05-14 19:00:00+00:00,2026-05-15 07:00:00+00:00,-1.0007691336370304,squeeze
LTC/USDT:USDT,long,56.24,54.99342418958424,54.994744063441765,19177.949,2026-05-16T07:00:00+00:00,2026-05-18T01:00:00+00:00,-24012.233425231494,sl_hit,"{""trend"": 0.0, ""mean_rev"": 0.6222866854359359, ""breakout"": 0.0, ""confidence"": 0.6222866854359359, ""strategy"": ""mean_rev"", ""atr"": 0.4150853121860791, ""slot"": ""LTC/USDT:USDT"", ""entry_fee_rate"": 0.0, ""intended_entry"": 56.24, ""sl0"": 54.994744063441765}",2026-05-16 07:00:00+00:00,2026-05-18 01:00:00+00:00,-1.001059921754859,mean_rev
XLM/USDT:USDT,short,0.14927302665,0.1436017749324313,0.15187329002702749,6973109.11,2026-05-18T01:00:00+00:00,2026-05-19T16:00:00+00:00,39342.032222181166,tp_hit,"{""trend"": 0.0, ""mean_rev"": 0.0, ""breakout"": -1.0, ""confidence"": 1.0, ""strategy"": ""squeeze"", ""atr"": 0.001181645013513741, ""slot"": ""XLM/USDT:USDT:squeeze"", ""entry_fee_rate"": 0.0001, ""intended_entry"": 0.14951, ""sl0"": 0.15187329002702749}",2026-05-18 01:00:00+00:00,2026-05-19 16:00:00+00:00,2.1810297247857484,squeeze
XRP/USDT:USDT,short,1.3738190399999999,1.3611326664,1.3957892747308929,784447.105,2026-05-19T14:00:00+00:00,2026-05-21T15:00:00+00:00,9737.246548628244,max_hold,"{""trend"": 0.0, ""mean_rev"": 0.0, ""breakout"": -0.8, ""confidence"": 0.8, ""strategy"": ""squeeze"", ""atr"": 0.009894637365446546, ""slot"": ""XRP/USDT:USDT:squeeze"", ""entry_fee_rate"": 0.0001, ""intended_entry"": 1.376, ""sl0"": 1.3957892747308929}",2026-05-19 14:00:00+00:00,2026-05-21 15:00:00+00:00,0.5774345952781796,squeeze
DOGE/USDT:USDT,short,0.1027768401,0.1046640007494649,0.10466148887373193,10890982.399,2026-05-20T00:00:00+00:00,2026-05-20T16:00:00+00:00,-20778.956872060135,sl_hit,"{""trend"": 0.0, ""mean_rev"": 0.0, ""breakout"": -1.0, ""confidence"": 1.0, ""strategy"": ""squeeze"", ""atr"": 0.0008607444368659614, ""slot"": ""DOGE/USDT:USDT:squeeze"", ""entry_fee_rate"": 0.0001, ""intended_entry"": 0.10294, ""sl0"": 0.10466148887373193}",2026-05-20 00:00:00+00:00,2026-05-20 16:00:00+00:00,-1.0013328084086432,squeeze
NEAR/USDT:USDT,long,1.6896738949999999,1.88513130691293,1.587934346543535,286847.283,2026-05-20T16:00:00+00:00,2026-05-21T21:00:00+00:00,55963.88523349356,tp_hit,"{""trend"": 0.0, ""mean_rev"": 0.0, ""breakout"": 0.8, ""confidence"": 0.8, ""strategy"": ""donchian"", ""atr"": 0.04953282672823252, ""slot"": ""NEAR/USDT:USDT:donchian"", ""entry_fee_rate"": 0.0001, ""intended_entry"": 1.687, ""sl0"": 1.587934346543535, ""max_hold"": 120}",2026-05-20 16:00:00+00:00,2026-05-21 21:00:00+00:00,1.9211547021615474,donchian
BNB/USDT:USDT,short,649.9,653.6111037197842,653.5954174297658,1694.732,2026-05-21T12:00:00+00:00,2026-05-21T17:00:00+00:00,-6400.09579454025,sl_hit,"{""trend"": 0.0, ""mean_rev"": 0.0, ""breakout"": -0.7, ""confidence"": 0.7, ""strategy"": ""ifvg"", ""atr"": 2.9847247658859604, ""slot"": ""BNB/USDT:USDT:ifvg"", ""entry_fee_rate"": 0.0, ""intended_entry"": 649.9, ""sl0"": 653.5954174297658, ""max_hold"": 24}",2026-05-21 12:00:00+00:00,2026-05-21 17:00:00+00:00,-1.0042447951595481,ifvg
NEAR/USDT:USDT,long,2.12135703,2.415603581917951,1.9691982090410243,181794.854,2026-05-22T04:00:00+00:00,2026-05-23T19:00:00+00:00,53410.029336722604,tp_hit,"{""trend"": 0.0, ""mean_rev"": 0.0, ""breakout"": 0.8, ""confidence"": 0.8, ""strategy"": ""donchian"", ""atr"": 0.07440089547948779, ""slot"": ""NEAR/USDT:USDT:donchian"", ""entry_fee_rate"": 0.0001, ""intended_entry"": 2.118, ""sl0"": 1.9691982090410243, ""max_hold"": 120}",2026-05-22 04:00:00+00:00,2026-05-23 19:00:00+00:00,1.9338119871294508,donchian
BNB/USDT:USDT,short,658.2,650.9448649908256,658.2,1787.341,2026-05-22T19:00:00+00:00,2026-05-22T20:00:00+00:00,12851.054217839042,tp_hit,"{""trend"": 0.0, ""mean_rev"": 0.0, ""breakout"": -0.7, ""confidence"": 0.7, ""strategy"": ""ifvg"", ""atr"": 3.758558348624092, ""slot"": ""BNB/USDT:USDT:ifvg"", ""entry_fee_rate"": 0.0, ""intended_entry"": 658.2, ""sl0"": 661.8275675045873, ""max_hold"": 24}",2026-05-22 19:00:00+00:00,2026-05-22 20:00:00+00:00,,ifvg
ADA/USDT:USDT,short,0.243812943,0.2408057792,0.2524776809754845,3301539.687,2026-05-22T20:00:00+00:00,2026-05-27T21:00:00+00:00,9768.271836569136,max_hold,"{""trend"": 0.0, ""mean_rev"": 0.0, ""breakout"": -0.8, ""confidence"": 0.8, ""strategy"": ""donchian"", ""atr"": 0.004138840487742256, ""slot"": ""ADA/USDT:USDT:donchian"", ""entry_fee_rate"": 0.0001, ""intended_entry"": 0.2442, ""sl0"": 0.2524776809754845, ""max_hold"": 120}",2026-05-22 20:00:00+00:00,2026-05-27 21:00:00+00:00,0.3470576731239085,donchian
LTC/USDT:USDT,long,52.59,52.70873496,51.243455330065494,20397.853,2026-05-23T00:00:00+00:00,2026-05-25T01:00:00+00:00,2314.423757287827,max_hold,"{""trend"": 0.0, ""mean_rev"": 0.7653245284216743, ""breakout"": 0.0, ""confidence"": 0.7653245284216743, ""strategy"": ""mean_rev"", ""atr"": 0.44884822331150254, ""slot"": ""LTC/USDT:USDT"", ""entry_fee_rate"": 0.0, ""intended_entry"": 52.59, ""sl0"": 51.243455330065494}",2026-05-23 00:00:00+00:00,2026-05-25 01:00:00+00:00,0.08817751289734221,mean_rev
NEAR/USDT:USDT,long,2.3917849799999997,2.8240432122671812,2.1699783938664092,136906.935,2026-05-23T20:00:00+00:00,2026-05-26T12:00:00+00:00,59107.74140308893,tp_hit,"{""trend"": 0.0, ""mean_rev"": 0.0, ""breakout"": 0.8, ""confidence"": 0.8, ""strategy"": ""donchian"", ""atr"": 0.10901080306679539, ""slot"": ""NEAR/USDT:USDT:donchian"", ""entry_fee_rate"": 0.0001, ""intended_entry"": 2.388, ""sl0"": 2.1699783938664092, ""max_hold"": 120}",2026-05-23 20:00:00+00:00,2026-05-26 12:00:00+00:00,1.9488070205762034,donchian
BNB/USDT:USDT,long,659.6,653.1529380020821,653.1686140488193,1953.766,2026-05-23T22:00:00+00:00,2026-05-24T16:00:00+00:00,-12723.66133173092,sl_hit,"{""trend"": 0.0, ""mean_rev"": 0.0, ""breakout"": 0.7, ""confidence"": 0.7, ""strategy"": ""ifvg"", ""atr"": 4.104619837268954, ""slot"": ""BNB/USDT:USDT:ifvg"", ""entry_fee_rate"": 0.0, ""intended_entry"": 659.6, ""sl0"": 653.1686140488193, ""max_hold"": 24}",2026-05-23 22:00:00+00:00,2026-05-24 16:00:00+00:00,-1.0024374290170432,ifvg
ICP/USDT:USDT,long,3.0227835299999994,2.8066772175997015,2.806744579469609,149018.281,2026-05-27T08:00:00+00:00,2026-05-28T01:00:00+00:00,-32290.660809117813,sl_hit,"{""trend"": 0.0, ""mean_rev"": 0.0, ""breakout"": 0.8, ""confidence"": 0.8, ""strategy"": ""donchian"", ""atr"": 0.10562771026519545, ""slot"": ""ICP/USDT:USDT:donchian"", ""entry_fee_rate"": 0.0001, ""intended_entry"": 3.018, ""sl0"": 2.806744579469609, ""max_hold"": 120}",2026-05-27 08:00:00+00:00,2026-05-28 01:00:00+00:00,-1.0003118042822465,donchian
BCH/USDT:USDT,short,325.69295715,299.2836830589965,339.67315847050173,2249.598,2026-05-28T08:00:00+00:00,2026-05-28T13:00:00+00:00,59269.655556587226,tp_hit,"{""trend"": 0.0, ""mean_rev"": 0.0, ""breakout"": -0.8, ""confidence"": 0.8, ""strategy"": ""donchian"", ""atr"": 6.731579235250871, ""slot"": ""BCH/USDT:USDT:donchian"", ""entry_fee_rate"": 0.0001, ""intended_entry"": 326.21, ""sl0"": 339.67315847050173, ""max_hold"": 120}",2026-05-28 08:00:00+00:00,2026-05-28 13:00:00+00:00,1.8890481964858916,donchian
BNB/USDT:USDT,short,636.4,640.5390904851203,640.5237179158903,2179.299,2026-05-29T04:00:00+00:00,2026-05-29T08:00:00+00:00,-9159.90837506765,sl_hit,"{""trend"": 0.0, ""mean_rev"": 0.0, ""breakout"": -0.7, ""confidence"": 0.7, ""strategy"": ""ifvg"", ""atr"": 3.412393052967484, ""slot"": ""BNB/USDT:USDT:ifvg"", ""entry_fee_rate"": 0.0, ""intended_entry"": 636.4, ""sl0"": 640.5237179158903, ""max_hold"": 24}",2026-05-29 04:00:00+00:00,2026-05-29 08:00:00+00:00,-1.003727842093834,ifvg
BNB/USDT:USDT,long,696.2017334999999,733.931977298838,675.684011350581,1650.214,2026-05-30T16:00:00+00:00,2026-05-31T04:00:00+00:00,62026.9738731125,tp_hit,"{""trend"": 0.0, ""mean_rev"": 0.0, ""breakout"": 0.8, ""confidence"": 0.8, ""strategy"": ""donchian"", ""atr"": 9.707994324709478, ""slot"": ""BNB/USDT:USDT:donchian"", ""entry_fee_rate"": 0.0001, ""intended_entry"": 695.1, ""sl0"": 675.684011350581, ""max_hold"": 120}",2026-05-30 16:00:00+00:00,2026-05-31 04:00:00+00:00,1.8389099688586368,donchian
BNB/USDT:USDT,long,742.374802,714.9389172214039,714.9560761672319,1303.596,2026-05-31T04:00:00+00:00,2026-05-31T18:00:00+00:00,-35955.284487351,sl_hit,"{""trend"": 0.0, ""mean_rev"": 0.0, ""breakout"": 0.8, ""confidence"": 0.8, ""strategy"": ""donchian"", ""atr"": 13.121961916384045, ""slot"": ""BNB/USDT:USDT:donchian"", ""entry_fee_rate"": 0.0001, ""intended_entry"": 741.2, ""sl0"": 714.9560761672319, ""max_hold"": 120}",2026-05-31 04:00:00+00:00,2026-05-31 18:00:00+00:00,-1.0006258112040889,donchian
LTC/USDT:USDT,long,51.92,51.21517969198322,51.216408885796476,27442.247,2026-05-31T15:00:00+00:00,2026-06-01T08:00:00+00:00,-19482.398944338376,sl_hit,"{""trend"": 0.0, ""mean_rev"": 0.720916024146755, ""breakout"": 0.0, ""confidence"": 0.720916024146755, ""strategy"": ""mean_rev"", ""atr"": 0.23453037140117639, ""slot"": ""LTC/USDT:USDT"", ""entry_fee_rate"": 0.0, ""intended_entry"": 51.92, ""sl0"": 51.216408885796476}",2026-05-31 15:00:00+00:00,2026-06-01 08:00:00+00:00,-1.0017470286199543,mean_rev
XRP/USDT:USDT,short,1.3138142985,1.269851064331632,1.3343195742673473,1061976.479,2026-06-01T06:00:00+00:00,2026-06-02T04:00:00+00:00,46413.54144308253,tp_hit,"{""trend"": 0.0, ""mean_rev"": 0.0, ""breakout"": -0.8, ""confidence"": 0.8, ""strategy"": ""squeeze"", ""atr"": 0.00920978713367359, ""slot"": ""XRP/USDT:USDT:squeeze"", ""entry_fee_rate"": 0.0001, ""intended_entry"": 1.3159, ""sl0"": 1.3343195742673473}",2026-06-01 06:00:00+00:00,2026-06-02 04:00:00+00:00,2.143996241122274,squeeze
BCH/USDT:USDT,short,288.82149119999997,262.30558360579136,302.7672081971043,2393.59,2026-06-01T08:00:00+00:00,2026-06-03T03:00:00+00:00,63336.29403292336,tp_hit,"{""trend"": 0.0, ""mean_rev"": 0.0, ""breakout"": -0.8, ""confidence"": 0.8, ""strategy"": ""donchian"", ""atr"": 6.743604098552159, ""slot"": ""BCH/USDT:USDT:donchian"", ""entry_fee_rate"": 0.0001, ""intended_entry"": 289.28, ""sl0"": 302.7672081971043, ""max_hold"": 120}",2026-06-01 08:00:00+00:00,2026-06-03 03:00:00+00:00,1.901365673755915,donchian
ADA/USDT:USDT,short,0.2265403635,0.2110279691843806,0.23483601540780968,4259991.436,2026-06-01T16:00:00+00:00,2026-06-03T00:00:00+00:00,65896.26320140371,tp_hit,"{""trend"": 0.0, ""mean_rev"": 0.0, ""breakout"": -0.8, ""confidence"": 0.8, ""strategy"": ""donchian"", ""atr"": 0.00396800770390485, ""slot"": ""ADA/USDT:USDT:donchian"", ""entry_fee_rate"": 0.0001, ""intended_entry"": 0.2269, ""sl0"": 0.23483601540780968, ""max_hold"": 120}",2026-06-01 16:00:00+00:00,2026-06-03 00:00:00+00:00,1.869942770985335,donchian
ETH/USDT:USDT,short,1911.1160722500001,1783.7101620642695,1979.3699189678655,554.624,2026-06-02T16:00:00+00:00,2026-06-03T22:00:00+00:00,70457.45160031262,tp_hit,"{""trend"": 0.0, ""mean_rev"": 0.0, ""breakout"": -0.8, ""confidence"": 0.8, ""strategy"": ""donchian"", ""atr"": 32.609959483932656, ""slot"": ""ETH/USDT:USDT:donchian"", ""entry_fee_rate"": 0.0001, ""intended_entry"": 1914.15, ""sl0"": 1979.3699189678655, ""max_hold"": 120}",2026-06-02 16:00:00+00:00,2026-06-03 22:00:00+00:00,1.8666480544660968,donchian
SOL/USDT:USDT,short,76.20901695,70.19011956858714,79.39994021570644,11782.816,2026-06-02T16:00:00+00:00,2026-06-04T03:00:00+00:00,70747.06095925393,tp_hit,"{""trend"": 0.0, ""mean_rev"": 0.0, ""breakout"": -0.8, ""confidence"": 0.8, ""strategy"": ""donchian"", ""atr"": 1.5349701078532172, ""slot"": ""SOL/USDT:USDT:donchian"", ""entry_fee_rate"": 0.0001, ""intended_entry"": 76.33, ""sl0"": 79.39994021570644, ""max_hold"": 120}",2026-06-02 16:00:00+00:00,2026-06-04 03:00:00+00:00,1.8862557574164545,donchian
ADA/USDT:USDT,short,0.15804909450000001,0.17316999258595817,0.17316583660587961,2916817.983,2026-06-05T04:00:00+00:00,2026-06-08T23:00:00+00:00,-44201.51803518553,sl_hit,"{""trend"": 0.0, ""mean_rev"": 0.0, ""breakout"": -0.8, ""confidence"": 0.8, ""strategy"": ""donchian"", ""atr"": 0.007432918302939808, ""slot"": ""ADA/USDT:USDT:donchian"", ""entry_fee_rate"": 0.0001, ""intended_entry"": 0.1583, ""sl0"": 0.17316583660587961, ""max_hold"": 120}",2026-06-05 04:00:00+00:00,2026-06-08 23:00:00+00:00,-1.0002749256453172,donchian
LTC/USDT:USDT,short,42.69,42.981031519999995,44.60432890837414,22317.373,2026-06-07T23:00:00+00:00,2026-06-10T00:00:00+00:00,-6590.981357832555,max_hold,"{""trend"": 0.0, ""mean_rev"": -0.6142387326090761, ""breakout"": 0.0, ""confidence"": 0.6142387326090761, ""strategy"": ""mean_rev"", ""atr"": 0.6381096361247153, ""slot"": ""LTC/USDT:USDT"", ""entry_fee_rate"": 0.0, ""intended_entry"": 42.69, ""sl0"": 44.60432890837414}",2026-06-07 23:00:00+00:00,2026-06-10 00:00:00+00:00,-0.15202796067430885,mean_rev
BNB/USDT:USDT,short,597.2,606.2927262321151,606.2781755559017,3105.335,2026-06-08T07:00:00+00:00,2026-06-08T17:00:00+00:00,-28424.23521630645,sl_hit,"{""trend"": 0.0, ""mean_rev"": 0.0, ""breakout"": -0.7, ""confidence"": 0.7, ""strategy"": ""ifvg"", ""atr"": 5.593918519672331, ""slot"": ""BNB/USDT:USDT:ifvg"", ""entry_fee_rate"": 0.0, ""intended_entry"": 597.2, ""sl0"": 606.2781755559017, ""max_hold"": 24}",2026-06-08 07:00:00+00:00,2026-06-08 17:00:00+00:00,-1.001602819434785,ifvg
XRP/USDT:USDT,short,1.127609901,1.1500371206537046,1.1500095204252143,1540199.113,2026-06-12T22:00:00+00:00,2026-06-13T14:00:00+00:00,-34893.1868099397,sl_hit,"{""trend"": 0.0, ""mean_rev"": 0.0, ""breakout"": -0.96, ""confidence"": 0.96, ""strategy"": ""squeeze"", ""atr"": 0.010304760212607194, ""slot"": ""XRP/USDT:USDT:squeeze"", ""entry_fee_rate"": 0.0001, ""intended_entry"": 1.1294, ""sl0"": 1.1500095204252143}",2026-06-12 22:00:00+00:00,2026-06-13 14:00:00+00:00,-1.0012321739921695,squeeze
BNB/USDT:USDT,short,602.6,606.733696448647,606.7191351894024,2870.594,2026-06-13T07:00:00+00:00,2026-06-13T13:00:00+00:00,-12040.332834169762,sl_hit,"{""trend"": 0.0, ""mean_rev"": 0.0, ""breakout"": -0.7, ""confidence"": 0.7, ""strategy"": ""ifvg"", ""atr"": 3.0637839646747858, ""slot"": ""BNB/USDT:USDT:ifvg"", ""entry_fee_rate"": 0.0, ""intended_entry"": 602.6, ""sl0"": 606.7191351894024, ""max_hold"": 24}",2026-06-13 07:00:00+00:00,2026-06-13 13:00:00+00:00,-1.0035350282462359,ifvg
LTC/USDT:USDT,short,43.63,44.56876401556843,44.56769439090305,38981.256,2026-06-13T09:00:00+00:00,2026-06-14T03:00:00+00:00,-36767.93505443043,sl_hit,"{""trend"": 0.0, ""mean_rev"": -0.604299296157122, ""breakout"": 0.0, ""confidence"": 0.604299296157122, ""strategy"": ""mean_rev"", ""atr"": 0.3125647969676827, ""slot"": ""LTC/USDT:USDT"", ""entry_fee_rate"": 0.0, ""intended_entry"": 43.63, ""sl0"": 44.56769439090305}",2026-06-13 09:00:00+00:00,2026-06-14 03:00:00+00:00,-1.0011406964526615,mean_rev
ICP/USDT:USDT,long,2.5700671099999997,2.401756672010135,2.4018143155537084,236955.8,2026-06-13T20:00:00+00:00,2026-06-14T06:00:00+00:00,-39999.94473041132,sl_hit,"{""trend"": 0.0, ""mean_rev"": 0.0, ""breakout"": 0.8, ""confidence"": 0.8, ""strategy"": ""donchian"", ""atr"": 0.08209284222314568, ""slot"": ""ICP/USDT:USDT:donchian"", ""entry_fee_rate"": 0.0001, ""intended_entry"": 2.566, ""sl0"": 2.4018143155537084, ""max_hold"": 120}",2026-06-13 20:00:00+00:00,2026-06-14 06:00:00+00:00,-1.0003426008094738,donchian
LTC/USDT:USDT,short,44.82,45.68206307515275,45.68096673195118,34670.878,2026-06-14T22:00:00+00:00,2026-06-15T12:00:00+00:00,-30046.86743049242,sl_hit,"{""trend"": 0.0, ""mean_rev"": -0.8129889603497409, ""breakout"": 0.0, ""confidence"": 0.8129889603497409, ""strategy"": ""mean_rev"", ""atr"": 0.28698891065039317, ""slot"": ""LTC/USDT:USDT"", ""entry_fee_rate"": 0.0, ""intended_entry"": 44.82, ""sl0"": 45.68096673195118}",2026-06-14 22:00:00+00:00,2026-06-15 12:00:00+00:00,-1.001273386253941,mean_rev
BNB/USDT:USDT,long,631.8999765,615.5937252414634,615.6084998454597,2302.4,2026-06-15T16:00:00+00:00,2026-06-16T00:00:00+00:00,-37830.735847543576,sl_hit,"{""trend"": 0.0, ""mean_rev"": 0.0, ""breakout"": 0.8, ""confidence"": 0.8, ""strategy"": ""donchian"", ""atr"": 7.645750077270148, ""slot"": ""BNB/USDT:USDT:donchian"", ""entry_fee_rate"": 0.0001, ""intended_entry"": 630.9, ""sl0"": 615.6084998454597, ""max_hold"": 120}",2026-06-15 16:00:00+00:00,2026-06-16 00:00:00+00:00,-1.0009068916409252,donchian
BNB/USDT:USDT,short,605.8,601.8144431999999,613.4520274749027,2397.049,2026-06-17T00:00:00+00:00,2026-06-18T01:00:00+00:00,9409.317070957484,max_hold,"{""trend"": 0.0, ""mean_rev"": 0.0, ""breakout"": -0.7, ""confidence"": 0.7, ""strategy"": ""ifvg"", ""atr"": 3.8400915830090576, ""slot"": ""BNB/USDT:USDT:ifvg"", ""entry_fee_rate"": 0.0, ""intended_entry"": 605.8, ""sl0"": 613.4520274749027, ""max_hold"": 24}",2026-06-17 00:00:00+00:00,2026-06-18 01:00:00+00:00,0.5208497764902095,ifvg
XLM/USDT:USDT,long,0.2426640138,0.22923654663477386,0.22924204844393653,2624063.657,2026-06-18T02:00:00+00:00,2026-06-18T07:00:00+00:00,-35358.358304866204,sl_hit,"{""trend"": 0.0, ""mean_rev"": 0.0, ""breakout"": 1.0, ""confidence"": 1.0, ""strategy"": ""squeeze"", ""atr"": 0.006518975778031736, ""slot"": ""XLM/USDT:USDT:squeeze"", ""entry_fee_rate"": 0.0001, ""intended_entry"": 0.24228, ""sl0"": 0.22924204844393653}",2026-06-18 02:00:00+00:00,2026-06-18 07:00:00+00:00,-1.0004099108451496,squeeze
ICP/USDT:USDT,short,2.197511415,2.1500516,2.357247183803002,211042.986,2026-06-18T16:00:00+00:00,2026-06-23T17:00:00+00:00,9924.308804556777,max_hold,"{""trend"": 0.0, ""mean_rev"": 0.0, ""breakout"": -0.8, ""confidence"": 0.8, ""strategy"": ""donchian"", ""atr"": 0.07812359190150092, ""slot"": ""ICP/USDT:USDT:donchian"", ""entry_fee_rate"": 0.0001, ""intended_entry"": 2.201, ""sl0"": 2.357247183803002, ""max_hold"": 120}",2026-06-18 16:00:00+00:00,2026-06-23 17:00:00+00:00,0.29711451201973027,donchian
XLM/USDT:USDT,short,0.21135447135,0.21035504840000002,0.2189423778606299,4481085.75,2026-06-20T04:00:00+00:00,2026-06-22T05:00:00+00:00,4289.52828750871,max_hold,"{""trend"": 0.0, ""mean_rev"": 0.0, ""breakout"": -0.8, ""confidence"": 0.8, ""strategy"": ""squeeze"", ""atr"": 0.003626188930314949, ""slot"": ""XLM/USDT:USDT:squeeze"", ""entry_fee_rate"": 0.0001, ""intended_entry"": 0.21169, ""sl0"": 0.2189423778606299}",2026-06-20 04:00:00+00:00,2026-06-22 05:00:00+00:00,0.131712607238884,squeeze
LTC/USDT:USDT,short,44.48,45.283229536600054,45.28214276517369,30644.342,2026-06-20T23:00:00+00:00,2026-06-21T12:00:00+00:00,-24753.208101352066,sl_hit,"{""trend"": 0.0, ""mean_rev"": -0.6156703991868773, ""breakout"": 0.0, ""confidence"": 0.6156703991868773, ""strategy"": ""mean_rev"", ""atr"": 0.2673809217245642, ""slot"": ""LTC/USDT:USDT"", ""entry_fee_rate"": 0.0, ""intended_entry"": 44.48, ""sl0"": 45.28214276517369}",2026-06-20 23:00:00+00:00,2026-06-21 12:00:00+00:00,-1.0013548354152768,mean_rev
BNB/USDT:USDT,long,593.0,600.2143597511309,593.0,2303.901,2026-06-22T08:00:00+00:00,2026-06-22T14:00:00+00:00,16482.8871986258,tp_hit,"{""trend"": 0.0, ""mean_rev"": 0.0, ""breakout"": 0.7, ""confidence"": 0.7, ""strategy"": ""ifvg"", ""atr"": 3.3572662518848095, ""slot"": ""BNB/USDT:USDT:ifvg"", ""entry_fee_rate"": 0.0, ""intended_entry"": 593.0, ""sl0"": 589.3928201244345, ""max_hold"": 24}",2026-06-22 08:00:00+00:00,2026-06-22 14:00:00+00:00,,ifvg
BNB/USDT:USDT,short,594.9,584.7687772552291,594.9,2333.847,2026-06-22T20:00:00+00:00,2026-06-23T08:00:00+00:00,23508.247723566175,tp_hit,"{""trend"": 0.0, ""mean_rev"": 0.0, ""breakout"": -0.7, ""confidence"": 0.7, ""strategy"": ""ifvg"", ""atr"": 3.552037907951501, ""slot"": ""BNB/USDT:USDT:ifvg"", ""entry_fee_rate"": 0.0, ""intended_entry"": 594.9, ""sl0"": 599.9656113723854, ""max_hold"": 24}",2026-06-22 20:00:00+00:00,2026-06-23 08:00:00+00:00,,ifvg
XRP/USDT:USDT,short,1.0841788485000001,1.1005961495001915,1.1005697358265316,1342100.063,2026-06-24T11:00:00+00:00,2026-06-24T13:00:00+00:00,-22326.879372892454,sl_hit,"{""trend"": 0.0, ""mean_rev"": 0.0, ""breakout"": -0.84, ""confidence"": 0.84, ""strategy"": ""squeeze"", ""atr"": 0.007334867913265765, ""slot"": ""XRP/USDT:USDT:squeeze"", ""entry_fee_rate"": 0.0001, ""intended_entry"": 1.0859, ""sl0"": 1.1005697358265316}",2026-06-24 11:00:00+00:00,2026-06-24 13:00:00+00:00,-1.0016114852804276,squeeze
BNB/USDT:USDT,short,556.0173135,563.2135168000001,574.0844292791554,1933.392,2026-06-24T20:00:00+00:00,2026-06-29T20:00:00+00:00,-14129.473083939318,max_hold,"{""trend"": 0.0, ""mean_rev"": 0.0, ""breakout"": -0.8, ""confidence"": 0.8, ""strategy"": ""donchian"", ""atr"": 8.592214639577731, ""slot"": ""BNB/USDT:USDT:donchian"", ""entry_fee_rate"": 0.0001, ""intended_entry"": 556.9, ""sl0"": 574.0844292791554, ""max_hold"": 120}",2026-06-24 20:00:00+00:00,2026-06-29 20:00:00+00:00,-0.3983039345052835,donchian
ICP/USDT:USDT,short,2.11064931,2.2288341329794963,2.2287806422440823,289458.593,2026-06-24T20:00:00+00:00,2026-06-25T07:00:00+00:00,-34335.22265077426,sl_hit,"{""trend"": 0.0, ""mean_rev"": 0.0, ""breakout"": -0.8, ""confidence"": 0.8, ""strategy"": ""donchian"", ""atr"": 0.05739032112204123, ""slot"": ""ICP/USDT:USDT:donchian"", ""entry_fee_rate"": 0.0001, ""intended_entry"": 2.114, ""sl0"": 2.2287806422440823, ""max_hold"": 120}",2026-06-24 20:00:00+00:00,2026-06-25 07:00:00+00:00,-1.0004528073492256,donchian
LTC/USDT:USDT,short,43.02,42.59102216,44.117891553159026,28632.121,2026-06-27T14:00:00+00:00,2026-06-29T15:00:00+00:00,12160.598291198809,max_hold,"{""trend"": 0.0, ""mean_rev"": -0.6008228976818807, ""breakout"": 0.0, ""confidence"": 0.6008228976818807, ""strategy"": ""mean_rev"", ""atr"": 0.3659638510530089, ""slot"": ""LTC/USDT:USDT"", ""entry_fee_rate"": 0.0, ""intended_entry"": 43.02, ""sl0"": 44.117891553159026}",2026-06-27 14:00:00+00:00,2026-06-29 15:00:00+00:00,0.39072879171506547,mean_rev
XLM/USDT:USDT,long,0.17733062425,0.18820686558173588,0.17258725376730566,7894254.526,2026-06-29T20:00:00+00:00,2026-07-01T01:00:00+00:00,85571.25276057146,tp_hit,"{""trend"": 0.0, ""mean_rev"": 0.0, ""breakout"": 0.9199999999999999, ""confidence"": 0.9199999999999999, ""strategy"": ""squeeze"", ""atr"": 0.0022313731163471746, ""slot"": ""XLM/USDT:USDT:squeeze"", ""entry_fee_rate"": 0.0001, ""intended_entry"": 0.17705, ""sl0"": 0.17258725376730566}",2026-06-29 20:00:00+00:00,2026-07-01 01:00:00+00:00,2.2929352390703186,squeeze
DOGE/USDT:USDT,long,0.07547944559999999,0.07825288804313121,0.07420284478274751,19875223.899,2026-07-03T11:00:00+00:00,2026-07-03T23:00:00+00:00,54817.24307305541,tp_hit,"{""trend"": 0.0, ""mean_rev"": 0.0, ""breakout"": 0.84, ""confidence"": 0.84, ""strategy"": ""squeeze"", ""atr"": 0.0005785776086262443, ""slot"": ""DOGE/USDT:USDT:squeeze"", ""entry_fee_rate"": 0.0001, ""intended_entry"": 0.07536, ""sl0"": 0.07420284478274751}",2026-07-03 11:00:00+00:00,2026-07-03 23:00:00+00:00,2.1725212812414454,squeeze
XLM/USDT:USDT,long,0.20429329245,0.19831349157580105,0.1983182512138302,6322829.591,2026-07-03T14:00:00+00:00,2026-07-05T09:00:00+00:00,-38063.82332443031,sl_hit,"{""trend"": 0.0, ""mean_rev"": 0.0, ""breakout"": 1.0, ""confidence"": 1.0, ""strategy"": ""squeeze"", ""atr"": 0.0028258743930849027, ""slot"": ""XLM/USDT:USDT:squeeze"", ""entry_fee_rate"": 0.0001, ""intended_entry"": 0.20397, ""sl0"": 0.1983182512138302}",2026-07-03 14:00:00+00:00,2026-07-05 09:00:00+00:00,-1.0007965866411663,squeeze
NEAR/USDT:USDT,long,2.036222305,1.9155571145708274,1.9156030890449647,297769.375,2026-07-03T16:00:00+00:00,2026-07-08T04:00:00+00:00,-36048.07022714101,sl_hit,"{""trend"": 0.0, ""mean_rev"": 0.0, ""breakout"": 0.8, ""confidence"": 0.8, ""strategy"": ""donchian"", ""atr"": 0.05869845547751765, ""slot"": ""NEAR/USDT:USDT:donchian"", ""entry_fee_rate"": 0.0001, ""intended_entry"": 2.033, ""sl0"": 1.9156030890449647, ""max_hold"": 120}",2026-07-03 16:00:00+00:00,2026-07-08 04:00:00+00:00,-1.0003811538134553,donchian
ADA/USDT:USDT,long,0.18128688499999998,0.17152168223888503,0.17152579885805763,3732262.846,2026-07-03T20:00:00+00:00,2026-07-08T04:00:00+00:00,-36577.98087969156,sl_hit,"{""trend"": 0.0, ""mean_rev"": 0.0, ""breakout"": 0.8, ""confidence"": 0.8, ""strategy"": ""donchian"", ""atr"": 0.004737100570971186, ""slot"": ""ADA/USDT:USDT:donchian"", ""entry_fee_rate"": 0.0001, ""intended_entry"": 0.181, ""sl0"": 0.17152579885805763, ""max_hold"": 120}",2026-07-03 20:00:00+00:00,2026-07-08 04:00:00+00:00,-1.0004217378181832,donchian
LTC/USDT:USDT,short,45.34,45.13108312000001,46.4469694880129,36402.106,2026-07-04T17:00:00+00:00,2026-07-06T18:00:00+00:00,7440.727763786257,max_hold,"{""trend"": 0.0, ""mean_rev"": -0.6160098326123229, ""breakout"": 0.0, ""confidence"": 0.6160098326123229, ""strategy"": ""mean_rev"", ""atr"": 0.3689898293376307, ""slot"": ""LTC/USDT:USDT"", ""entry_fee_rate"": 0.0, ""intended_entry"": 45.34, ""sl0"": 46.4469694880129}",2026-07-04 17:00:00+00:00,2026-07-06 18:00:00+00:00,0.18872867071975102,mean_rev
DOGE/USDT:USDT,short,0.07291424745,0.0738017712,0.07456516831171767,20072980.77,2026-07-08T02:00:00+00:00,2026-07-10T03:00:00+00:00,-18109.749948769684,max_hold,"{""trend"": 0.0, ""mean_rev"": 0.0, ""breakout"": -0.8, ""confidence"": 0.8, ""strategy"": ""squeeze"", ""atr"": 0.0007675841558588361, ""slot"": ""DOGE/USDT:USDT:squeeze"", ""entry_fee_rate"": 0.0001, ""intended_entry"": 0.07303, ""sl0"": 0.07456516831171767}",2026-07-08 02:00:00+00:00,2026-07-10 03:00:00+00:00,-0.5375931521494012,squeeze
ICP/USDT:USDT,long,2.33369305,2.213917926930755,2.213971062236249,285956.079,2026-07-09T20:00:00+00:00,2026-07-13T01:00:00+00:00,-34380.466255001724,sl_hit,"{""trend"": 0.0, ""mean_rev"": 0.0, ""breakout"": 0.8, ""confidence"": 0.8, ""strategy"": ""donchian"", ""atr"": 0.058014468881875565, ""slot"": ""ICP/USDT:USDT:donchian"", ""entry_fee_rate"": 0.0001, ""intended_entry"": 2.33, ""sl0"": 2.213971062236249, ""max_hold"": 120}",2026-07-09 20:00:00+00:00,2026-07-13 01:00:00+00:00,-1.0004438224463716,donchian
XRP/USDT:USDT,long,1.1082538025,1.0920860208439762,1.0921122315375331,1261997.575,2026-07-10T04:00:00+00:00,2026-07-12T02:00:00+00:00,-20681.38359515503,sl_hit,"{""trend"": 0.0, ""mean_rev"": 0.0, ""breakout"": 1.0, ""confidence"": 1.0, ""strategy"": ""squeeze"", ""atr"": 0.007193884231233446, ""slot"": ""XRP/USDT:USDT:squeeze"", ""entry_fee_rate"": 0.0001, ""intended_entry"": 1.1065, ""sl0"": 1.0921122315375331}",2026-07-10 04:00:00+00:00,2026-07-12 02:00:00+00:00,-1.0016238006584273,squeeze
BNB/USDT:USDT,long,577.2,572.4471164179049,572.4608554784364,2412.795,2026-07-10T06:00:00+00:00,2026-07-10T16:00:00+00:00,-11605.85349648699,sl_hit,"{""trend"": 0.0, ""mean_rev"": 0.0, ""breakout"": 0.7, ""confidence"": 0.7, ""strategy"": ""ifvg"", ""atr"": 2.7971484052119084, ""slot"": ""BNB/USDT:USDT:ifvg"", ""entry_fee_rate"": 0.0, ""intended_entry"": 577.2, ""sl0"": 572.4608554784364, ""max_hold"": 24}",2026-07-10 06:00:00+00:00,2026-07-10 16:00:00+00:00,-1.002899059201298,ifvg
DOGE/USDT:USDT,long,0.07540933464999999,0.0744386984608033,0.07444048503244408,18118542.448,2026-07-11T16:00:00+00:00,2026-07-12T00:00:00+00:00,-17858.01579039205,sl_hit,"{""trend"": 0.0, ""mean_rev"": 0.0, ""breakout"": 1.0, ""confidence"": 1.0, ""strategy"": ""squeeze"", ""atr"": 0.00042475748377795894, ""slot"": ""DOGE/USDT:USDT:squeeze"", ""entry_fee_rate"": 0.0001, ""intended_entry"": 0.07529, ""sl0"": 0.07444048503244408}",2026-07-11 16:00:00+00:00,2026-07-12 00:00:00+00:00,-1.001844013362246,squeeze
LTC/USDT:USDT,long,44.63,43.90316923266276,43.90422293401318,32777.742,2026-07-12T00:00:00+00:00,2026-07-13T02:00:00+00:00,-23967.77604485115,sl_hit,"{""trend"": 0.0, ""mean_rev"": 0.6348104475155544, ""breakout"": 0.0, ""confidence"": 0.6348104475155544, ""strategy"": ""mean_rev"", ""atr"": 0.24192568866227526, ""slot"": ""LTC/USDT:USDT"", ""entry_fee_rate"": 0.0, ""intended_entry"": 44.63, ""sl0"": 43.90422293401318}",2026-07-12 00:00:00+00:00,2026-07-13 02:00:00+00:00,-1.0014518250848587,mean_rev
XLM/USDT:USDT,short,0.1860446511,0.18969804855148337,0.18969349590758158,7077303.688,2026-07-12T00:00:00+00:00,2026-07-12T17:00:00+00:00,-26122.12777651119,sl_hit,"{""trend"": 0.0, ""mean_rev"": 0.0, ""breakout"": -1.0, ""confidence"": 1.0, ""strategy"": ""squeeze"", ""atr"": 0.001676747953790793, ""slot"": ""XLM/USDT:USDT:squeeze"", ""entry_fee_rate"": 0.0001, ""intended_entry"": 0.18634, ""sl0"": 0.18969349590758158}",2026-07-12 00:00:00+00:00,2026-07-12 17:00:00+00:00,-1.001247694583317,squeeze
BNB/USDT:USDT,short,572.6,576.1325900044866,576.1187631541709,2258.847,2026-07-12T06:00:00+00:00,2026-07-12T13:00:00+00:00,-8109.719871117851,sl_hit,"{""trend"": 0.0, ""mean_rev"": 0.0, ""breakout"": -0.7, ""confidence"": 0.7, ""strategy"": ""ifvg"", ""atr"": 2.395877180569601, ""slot"": ""BNB/USDT:USDT:ifvg"", ""entry_fee_rate"": 0.0, ""intended_entry"": 572.6, ""sl0"": 576.1187631541709, ""max_hold"": 24}",2026-07-12 06:00:00+00:00,2026-07-12 13:00:00+00:00,-1.003929463197688,ifvg
BNB/USDT:USDT,short,575.0,563.3898756982944,575.0,2058.95,2026-07-13T02:00:00+00:00,2026-07-13T19:00:00+00:00,23788.666272539806,tp_hit,"{""trend"": 0.0, ""mean_rev"": 0.0, ""breakout"": -0.7, ""confidence"": 0.7, ""strategy"": ""ifvg"", ""atr"": 3.016873836176082, ""slot"": ""BNB/USDT:USDT:ifvg"", ""entry_fee_rate"": 0.0, ""intended_entry"": 575.0, ""sl0"": 580.8050621508528, ""max_hold"": 24}",2026-07-13 02:00:00+00:00,2026-07-13 19:00:00+00:00,,ifvg
ETH/USDT:USDT,long,1877.3408764499998,1814.6813046970449,1814.724858093639,477.102,2026-07-14T16:00:00+00:00,2026-07-17T15:00:00+00:00,-30071.154119145245,sl_hit,"{""trend"": 0.0, ""mean_rev"": 0.0, ""breakout"": 0.8, ""confidence"": 0.8, ""strategy"": ""donchian"", ""atr"": 29.82257095318037, ""slot"": ""ETH/USDT:USDT:donchian"", ""entry_fee_rate"": 0.0001, ""intended_entry"": 1874.37, ""sl0"": 1814.724858093639, ""max_hold"": 120}",2026-07-14 16:00:00+00:00,2026-07-17 15:00:00+00:00,-1.000695563175965,donchian
BNB/USDT:USDT,long,578.6,585.9702325249257,578.6,2105.298,2026-07-15T05:00:00+00:00,2026-07-15T13:00:00+00:00,15393.171598401505,tp_hit,"{""trend"": 0.0, ""mean_rev"": 0.0, ""breakout"": 0.7, ""confidence"": 0.7, ""strategy"": ""ifvg"", ""atr"": 2.617054208209442, ""slot"": ""BNB/USDT:USDT:ifvg"", ""entry_fee_rate"": 0.0, ""intended_entry"": 578.6, ""sl0"": 574.9148837375373, ""max_hold"": 24}",2026-07-15 05:00:00+00:00,2026-07-15 13:00:00+00:00,,ifvg
XLM/USDT:USDT,short,0.18471675915000002,0.18774450575999999,0.1899922614426409,5895106.78,2026-07-17T00:00:00+00:00,2026-07-19T01:00:00+00:00,-18068.45946153864,max_hold,"{""trend"": 0.0, ""mean_rev"": 0.0, ""breakout"": -1.0, ""confidence"": 1.0, ""strategy"": ""squeeze"", ""atr"": 0.002491130721320439, ""slot"": ""XLM/USDT:USDT:squeeze"", ""entry_fee_rate"": 0.0001, ""intended_entry"": 0.18501, ""sl0"": 0.1899922614426409}",2026-07-17 00:00:00+00:00,2026-07-19 01:00:00+00:00,-0.5739257500131425,squeeze
LTC/USDT:USDT,short,46.31,47.21709837293217,47.215965189767616,26568.665,2026-07-18T15:00:00+00:00,2026-07-18T19:00:00+00:00,-24225.842319374093,sl_hit,"{""trend"": 0.0, ""mean_rev"": -0.7955046245717732, ""breakout"": 0.0, ""confidence"": 0.7955046245717732, ""strategy"": ""mean_rev"", ""atr"": 0.30198839658920523, ""slot"": ""LTC/USDT:USDT"", ""entry_fee_rate"": 0.0, ""intended_entry"": 46.31, ""sl0"": 47.215965189767616}",2026-07-18 15:00:00+00:00,2026-07-18 19:00:00+00:00,-1.0012508021029434,mean_rev
