{
  "coins": {
    "BTC": {
      "balance": 10009.327410513046,
      "position": null,
      "n_trades": 1,
      "n_wins": 1,
      "total_pnl": 9.327410513046035
    },
    "ETH": {
      "balance": 9910.24230178467,
      "position": null,
      "n_trades": 1,
      "n_wins": 0,
      "total_pnl": -89.75769821533049
    },
    "SOL": {
      "balance": 9982.065999089667,
      "position": null,
      "n_trades": 1,
      "n_wins": 0,
      "total_pnl": -17.934000910332877
    },
    "BNB": {
      "balance": 9977.134679572764,
      "position": null,
      "n_trades": 1,
      "n_wins": 0,
      "total_pnl": -22.865320427236313
    },
    "XRP": {
      "balance": 9979.378333910634,
      "position": null,
      "n_trades": 1,
      "n_wins": 0,
      "total_pnl": -20.62166608936599
    }
  }
}