ts,open,high,low,close,volume
2026-02-19 20:00:00+00:00,0.999,1.002,0.994,1.0,477448.0
2026-02-19 21:00:00+00:00,1.0,1.003,0.997,0.998,496362.0
2026-02-19 22:00:00+00:00,0.998,1.004,0.995,1.002,1145479.0
2026-02-19 23:00:00+00:00,1.002,1.008,1.001,1.008,766051.0
2026-02-20 00:00:00+00:00,1.008,1.01,1.003,1.008,323185.0
2026-02-20 01:00:00+00:00,1.008,1.012,1.003,1.009,65118.0
2026-02-20 02:00:00+00:00,1.009,1.013,1.007,1.008,288047.0
2026-02-20 03:00:00+00:00,1.008,1.012,1.005,1.009,83171.0
2026-02-20 04:00:00+00:00,1.009,1.01,0.992,1.005,2629181.0
2026-02-20 05:00:00+00:00,1.005,1.021,1.0,1.011,2805693.0
2026-02-20 06:00:00+00:00,1.011,1.014,1.008,1.014,44644.0
2026-02-20 07:00:00+00:00,1.014,1.017,1.011,1.015,151861.0
2026-02-20 08:00:00+00:00,1.015,1.017,1.01,1.011,17124.0
2026-02-20 09:00:00+00:00,1.011,1.02,1.011,1.015,293912.0
2026-02-20 10:00:00+00:00,1.015,1.025,1.015,1.016,278078.0
2026-02-20 11:00:00+00:00,1.016,1.019,1.008,1.013,512923.0
2026-02-20 12:00:00+00:00,1.013,1.027,1.01,1.023,414595.0
2026-02-20 13:00:00+00:00,1.023,1.027,1.002,1.011,1231411.0
2026-02-20 14:00:00+00:00,1.011,1.032,1.009,1.026,1564208.0
2026-02-20 15:00:00+00:00,1.026,1.054,1.026,1.04,2057579.0
2026-02-20 16:00:00+00:00,1.04,1.045,1.03,1.043,501136.0
2026-02-20 17:00:00+00:00,1.043,1.046,1.017,1.045,1123238.0
2026-02-20 18:00:00+00:00,1.045,1.046,1.033,1.042,1323596.0
2026-02-20 19:00:00+00:00,1.042,1.045,1.035,1.039,508860.0
2026-02-20 20:00:00+00:00,1.039,1.044,1.037,1.043,119486.0
2026-02-20 21:00:00+00:00,1.043,1.05,1.041,1.049,367283.0
2026-02-20 22:00:00+00:00,1.049,1.054,1.045,1.053,232034.0
2026-02-20 23:00:00+00:00,1.053,1.054,1.046,1.053,85217.0
2026-02-21 00:00:00+00:00,1.053,1.057,1.042,1.043,417614.0
2026-02-21 01:00:00+00:00,1.043,1.05,1.041,1.05,109169.0
2026-02-21 02:00:00+00:00,1.05,1.059,1.047,1.055,132505.0
2026-02-21 03:00:00+00:00,1.055,1.066,1.051,1.058,873430.0
2026-02-21 04:00:00+00:00,1.058,1.069,1.055,1.066,312303.0
2026-02-21 05:00:00+00:00,1.066,1.073,1.066,1.069,128215.0
2026-02-21 06:00:00+00:00,1.069,1.073,1.062,1.066,257851.0
2026-02-21 07:00:00+00:00,1.066,1.073,1.064,1.065,114063.0
2026-02-21 08:00:00+00:00,1.065,1.09,1.065,1.087,457537.0
2026-02-21 09:00:00+00:00,1.087,1.099,1.084,1.089,492723.0
2026-02-21 10:00:00+00:00,1.089,1.105,1.088,1.098,595541.0
2026-02-21 11:00:00+00:00,1.098,1.108,1.085,1.091,1055179.0
2026-02-21 12:00:00+00:00,1.091,1.094,1.078,1.081,1253586.0
2026-02-21 13:00:00+00:00,1.081,1.081,1.07,1.078,388762.0
2026-02-21 14:00:00+00:00,1.078,1.081,1.067,1.067,328378.0
2026-02-21 15:00:00+00:00,1.067,1.069,1.059,1.059,415087.0
2026-02-21 16:00:00+00:00,1.059,1.06,1.048,1.05,645309.0
2026-02-21 17:00:00+00:00,1.05,1.054,1.048,1.053,114154.0
2026-02-21 18:00:00+00:00,1.053,1.056,1.05,1.055,206515.0
2026-02-21 19:00:00+00:00,1.055,1.056,1.05,1.054,71730.0
2026-02-21 20:00:00+00:00,1.054,1.063,1.053,1.054,334926.0
2026-02-21 21:00:00+00:00,1.054,1.058,1.052,1.057,120235.0
2026-02-21 22:00:00+00:00,1.057,1.059,1.049,1.05,143174.0
2026-02-21 23:00:00+00:00,1.05,1.061,1.049,1.057,402823.0
2026-02-22 00:00:00+00:00,1.057,1.057,1.033,1.04,224688.0
2026-02-22 01:00:00+00:00,1.04,1.044,1.037,1.038,218397.0
2026-02-22 02:00:00+00:00,1.038,1.043,1.029,1.031,267472.0
2026-02-22 03:00:00+00:00,1.031,1.033,1.026,1.031,256112.0
2026-02-22 04:00:00+00:00,1.031,1.035,1.03,1.03,40393.0
2026-02-22 05:00:00+00:00,1.03,1.034,1.024,1.027,158614.0
2026-02-22 06:00:00+00:00,1.027,1.034,1.025,1.031,90235.0
2026-02-22 07:00:00+00:00,1.031,1.036,1.03,1.031,37337.0
2026-02-22 08:00:00+00:00,1.031,1.033,1.023,1.024,177751.0
2026-02-22 09:00:00+00:00,1.024,1.029,1.023,1.029,169225.0
2026-02-22 10:00:00+00:00,1.029,1.033,1.027,1.031,121655.0
2026-02-22 11:00:00+00:00,1.031,1.033,1.027,1.028,150531.0
2026-02-22 12:00:00+00:00,1.028,1.029,1.017,1.019,424457.0
2026-02-22 13:00:00+00:00,1.019,1.022,1.014,1.016,597631.0
2026-02-22 14:00:00+00:00,1.016,1.017,1.006,1.009,313893.0
2026-02-22 15:00:00+00:00,1.009,1.018,1.005,1.014,594563.0
2026-02-22 16:00:00+00:00,1.014,1.02,1.01,1.018,90832.0
2026-02-22 17:00:00+00:00,1.018,1.021,1.011,1.013,174891.0
2026-02-22 18:00:00+00:00,1.013,1.014,1.011,1.012,39588.0
2026-02-22 19:00:00+00:00,1.012,1.014,1.008,1.01,454774.0
2026-02-22 20:00:00+00:00,1.01,1.014,1.004,1.005,501793.0
2026-02-22 21:00:00+00:00,1.005,1.011,1.004,1.009,48762.0
2026-02-22 22:00:00+00:00,1.009,1.016,1.008,1.015,96856.0
2026-02-22 23:00:00+00:00,1.015,1.022,1.012,1.022,249445.0
2026-02-23 00:00:00+00:00,1.022,1.028,1.009,1.01,467217.0
2026-02-23 01:00:00+00:00,1.01,1.011,0.973,0.975,3044876.0
2026-02-23 02:00:00+00:00,0.975,0.987,0.971,0.983,542604.0
2026-02-23 03:00:00+00:00,0.983,0.993,0.98,0.985,293726.0
2026-02-23 04:00:00+00:00,0.985,0.987,0.98,0.981,44671.0
2026-02-23 05:00:00+00:00,0.981,0.995,0.981,0.992,403810.0
2026-02-23 06:00:00+00:00,0.992,1.02,0.991,1.007,158321.0
2026-02-23 07:00:00+00:00,1.007,1.008,1.0,1.002,481318.0
2026-02-23 08:00:00+00:00,1.002,1.002,0.993,0.996,398338.0
2026-02-23 09:00:00+00:00,0.996,1.016,0.995,1.012,397776.0
2026-02-23 10:00:00+00:00,1.012,1.014,1.006,1.007,212820.0
2026-02-23 11:00:00+00:00,1.007,1.013,1.005,1.008,73727.0
2026-02-23 12:00:00+00:00,1.008,1.02,1.007,1.013,789921.0
2026-02-23 13:00:00+00:00,1.013,1.015,1.003,1.005,426265.0
2026-02-23 14:00:00+00:00,1.005,1.006,0.995,0.997,391644.0
2026-02-23 15:00:00+00:00,0.997,1.0,0.984,0.987,1166135.0
2026-02-23 16:00:00+00:00,0.987,0.991,0.978,0.98,642572.0
2026-02-23 17:00:00+00:00,0.98,0.984,0.967,0.98,2053894.0
2026-02-23 18:00:00+00:00,0.98,0.988,0.976,0.978,596049.0
2026-02-23 19:00:00+00:00,0.978,0.98,0.968,0.971,650641.0
2026-02-23 20:00:00+00:00,0.971,0.977,0.963,0.976,559800.0
2026-02-23 21:00:00+00:00,0.976,0.982,0.974,0.98,132175.0
2026-02-23 22:00:00+00:00,0.98,0.987,0.979,0.982,231043.0
2026-02-23 23:00:00+00:00,0.982,0.986,0.976,0.981,115647.0
2026-02-24 00:00:00+00:00,0.981,0.992,0.98,0.989,104908.0
2026-02-24 01:00:00+00:00,0.989,0.992,0.964,0.983,1063869.0
2026-02-24 02:00:00+00:00,0.983,0.986,0.977,0.981,172061.0
2026-02-24 03:00:00+00:00,0.981,0.981,0.972,0.977,101114.0
2026-02-24 04:00:00+00:00,0.977,0.978,0.967,0.974,378065.0
2026-02-24 05:00:00+00:00,0.974,0.979,0.965,0.972,896809.0
2026-02-24 06:00:00+00:00,0.972,0.974,0.967,0.969,64664.0
2026-02-24 07:00:00+00:00,0.969,0.976,0.967,0.973,75824.0
2026-02-24 08:00:00+00:00,0.973,0.978,0.968,0.976,147752.0
2026-02-24 09:00:00+00:00,0.976,0.977,0.968,0.975,128744.0
2026-02-24 10:00:00+00:00,0.975,0.975,0.97,0.973,155382.0
2026-02-24 11:00:00+00:00,0.973,0.975,0.969,0.971,94947.0
2026-02-24 12:00:00+00:00,0.971,0.975,0.967,0.97,227464.0
2026-02-24 13:00:00+00:00,0.97,0.976,0.962,0.964,839437.0
2026-02-24 14:00:00+00:00,0.964,0.974,0.953,0.969,1865663.0
2026-02-24 15:00:00+00:00,0.969,0.978,0.962,0.973,1292406.0
2026-02-24 16:00:00+00:00,0.973,0.99,0.971,0.985,1968264.0
2026-02-24 17:00:00+00:00,0.985,0.985,0.977,0.978,404689.0
2026-02-24 18:00:00+00:00,0.978,0.982,0.972,0.978,122497.0
2026-02-24 19:00:00+00:00,0.978,0.982,0.972,0.975,93431.0
2026-02-24 20:00:00+00:00,0.975,0.979,0.973,0.975,68204.0
2026-02-24 21:00:00+00:00,0.975,0.975,0.966,0.968,648656.0
2026-02-24 22:00:00+00:00,0.968,0.973,0.966,0.968,54235.0
2026-02-24 23:00:00+00:00,0.968,0.971,0.961,0.965,123465.0
2026-02-25 00:00:00+00:00,0.965,0.972,0.964,0.968,294197.0
2026-02-25 01:00:00+00:00,0.968,1.013,0.968,1.0,1473910.0
2026-02-25 02:00:00+00:00,1.0,1.009,0.998,0.999,91778.0
2026-02-25 03:00:00+00:00,0.999,1.001,0.985,0.986,552138.0
2026-02-25 04:00:00+00:00,0.986,0.991,0.979,0.987,253996.0
2026-02-25 05:00:00+00:00,0.987,0.99,0.975,0.984,281284.0
2026-02-25 06:00:00+00:00,0.984,0.991,0.983,0.987,31282.0
2026-02-25 07:00:00+00:00,0.987,0.993,0.984,0.993,388873.0
2026-02-25 08:00:00+00:00,0.993,1.007,0.99,1.006,320519.0
2026-02-25 09:00:00+00:00,1.006,1.014,1.004,1.014,519061.0
2026-02-25 10:00:00+00:00,1.014,1.019,1.011,1.015,503328.0
2026-02-25 11:00:00+00:00,1.015,1.03,1.009,1.029,1029381.0
2026-02-25 12:00:00+00:00,1.029,1.06,1.028,1.057,1173920.0
2026-02-25 13:00:00+00:00,1.057,1.092,1.054,1.072,2174990.0
2026-02-25 14:00:00+00:00,1.072,1.094,1.067,1.092,950438.0
2026-02-25 15:00:00+00:00,1.092,1.114,1.089,1.103,1557493.0
2026-02-25 16:00:00+00:00,1.103,1.144,1.103,1.14,1814027.0
2026-02-25 17:00:00+00:00,1.14,1.152,1.134,1.147,1080220.0
2026-02-25 18:00:00+00:00,1.147,1.175,1.146,1.165,2100961.0
2026-02-25 19:00:00+00:00,1.165,1.198,1.157,1.197,1407483.0
2026-02-25 20:00:00+00:00,1.197,1.247,1.192,1.232,2152807.0
2026-02-25 21:00:00+00:00,1.232,1.261,1.223,1.232,2493287.0
2026-02-25 22:00:00+00:00,1.232,1.238,1.188,1.198,2216769.0
2026-02-25 23:00:00+00:00,1.198,1.209,1.163,1.172,2000401.0
2026-02-26 00:00:00+00:00,1.172,1.184,1.155,1.168,1972941.0
2026-02-26 01:00:00+00:00,1.168,1.183,1.16,1.166,900982.0
2026-02-26 02:00:00+00:00,1.166,1.171,1.155,1.161,737325.0
2026-02-26 03:00:00+00:00,1.161,1.164,1.15,1.158,722550.0
2026-02-26 04:00:00+00:00,1.158,1.171,1.152,1.154,554662.0
2026-02-26 05:00:00+00:00,1.154,1.155,1.136,1.141,653195.0
2026-02-26 06:00:00+00:00,1.141,1.149,1.133,1.139,775199.0
2026-02-26 07:00:00+00:00,1.139,1.139,1.126,1.132,356673.0
2026-02-26 08:00:00+00:00,1.132,1.138,1.129,1.131,888562.0
2026-02-26 09:00:00+00:00,1.131,1.142,1.129,1.133,461971.0
2026-02-26 10:00:00+00:00,1.133,1.137,1.125,1.129,1891290.0
2026-02-26 11:00:00+00:00,1.129,1.133,1.119,1.12,1239492.0
2026-02-26 12:00:00+00:00,1.12,1.156,1.12,1.153,1130826.0
2026-02-26 13:00:00+00:00,1.153,1.158,1.129,1.132,820867.0
2026-02-26 14:00:00+00:00,1.132,1.135,1.116,1.124,2558225.0
2026-02-26 15:00:00+00:00,1.124,1.126,1.108,1.119,2972649.0
2026-02-26 16:00:00+00:00,1.119,1.121,1.084,1.085,3482329.0
2026-02-26 17:00:00+00:00,1.085,1.099,1.085,1.091,1114381.0
2026-02-26 18:00:00+00:00,1.091,1.11,1.087,1.11,762033.0
2026-02-26 19:00:00+00:00,1.11,1.121,1.108,1.117,415564.0
2026-02-26 20:00:00+00:00,1.117,1.121,1.104,1.106,513988.0
2026-02-26 21:00:00+00:00,1.106,1.118,1.106,1.116,421247.0
2026-02-26 22:00:00+00:00,1.116,1.128,1.112,1.124,311388.0
2026-02-26 23:00:00+00:00,1.124,1.133,1.121,1.126,473467.0
2026-02-27 00:00:00+00:00,1.126,1.13,1.124,1.127,270552.0
2026-02-27 01:00:00+00:00,1.127,1.128,1.108,1.121,364984.0
2026-02-27 02:00:00+00:00,1.121,1.128,1.117,1.121,152187.0
2026-02-27 03:00:00+00:00,1.121,1.129,1.117,1.128,233982.0
2026-02-27 04:00:00+00:00,1.128,1.144,1.127,1.135,789721.0
2026-02-27 05:00:00+00:00,1.135,1.141,1.134,1.138,284443.0
2026-02-27 06:00:00+00:00,1.138,1.146,1.134,1.14,690590.0
2026-02-27 07:00:00+00:00,1.14,1.142,1.132,1.141,913741.0
2026-02-27 08:00:00+00:00,1.141,1.143,1.127,1.138,1193527.0
2026-02-27 09:00:00+00:00,1.138,1.142,1.13,1.137,395862.0
2026-02-27 10:00:00+00:00,1.137,1.144,1.119,1.125,1042242.0
2026-02-27 11:00:00+00:00,1.125,1.141,1.119,1.123,878637.0
2026-02-27 12:00:00+00:00,1.123,1.123,1.105,1.111,460005.0
2026-02-27 13:00:00+00:00,1.111,1.119,1.099,1.112,629506.0
2026-02-27 14:00:00+00:00,1.112,1.114,1.098,1.101,1090222.0
2026-02-27 15:00:00+00:00,1.101,1.11,1.098,1.107,304878.0
2026-02-27 16:00:00+00:00,1.107,1.111,1.093,1.096,627489.0
2026-02-27 17:00:00+00:00,1.096,1.106,1.088,1.105,837008.0
2026-02-27 18:00:00+00:00,1.105,1.106,1.093,1.094,119149.0
2026-02-27 19:00:00+00:00,1.094,1.096,1.081,1.087,303538.0
2026-02-27 20:00:00+00:00,1.087,1.093,1.085,1.087,455761.0
2026-02-27 21:00:00+00:00,1.087,1.091,1.077,1.08,166799.0
2026-02-27 22:00:00+00:00,1.08,1.09,1.071,1.084,462414.0
2026-02-27 23:00:00+00:00,1.084,1.095,1.083,1.094,571278.0
2026-02-28 00:00:00+00:00,1.094,1.096,1.086,1.094,478878.0
2026-02-28 01:00:00+00:00,1.094,1.096,1.078,1.079,306634.0
2026-02-28 02:00:00+00:00,1.079,1.091,1.079,1.089,39748.0
2026-02-28 03:00:00+00:00,1.089,1.092,1.083,1.084,51683.0
2026-02-28 04:00:00+00:00,1.084,1.084,1.075,1.08,326772.0
2026-02-28 05:00:00+00:00,1.08,1.083,1.071,1.075,658226.0
2026-02-28 06:00:00+00:00,1.075,1.075,1.031,1.034,1528325.0
2026-02-28 07:00:00+00:00,1.034,1.069,1.028,1.057,1243555.0
2026-02-28 08:00:00+00:00,1.057,1.057,1.046,1.049,392501.0
2026-02-28 09:00:00+00:00,1.049,1.057,1.038,1.041,267846.0
2026-02-28 10:00:00+00:00,1.041,1.066,1.039,1.062,410218.0
2026-02-28 11:00:00+00:00,1.062,1.068,1.043,1.043,488533.0
2026-02-28 12:00:00+00:00,1.043,1.067,1.043,1.054,411717.0
2026-02-28 13:00:00+00:00,1.054,1.073,1.043,1.071,815078.0
2026-02-28 14:00:00+00:00,1.071,1.076,1.058,1.062,1004794.0
2026-02-28 15:00:00+00:00,1.062,1.069,1.053,1.065,285979.0
2026-02-28 16:00:00+00:00,1.065,1.074,1.065,1.073,219455.0
2026-02-28 17:00:00+00:00,1.073,1.079,1.063,1.078,149500.0
2026-02-28 18:00:00+00:00,1.078,1.111,1.067,1.109,1350487.0
2026-02-28 19:00:00+00:00,1.109,1.135,1.083,1.123,1875890.0
2026-02-28 20:00:00+00:00,1.123,1.157,1.123,1.146,2925595.0
2026-02-28 21:00:00+00:00,1.146,1.167,1.135,1.152,2173930.0
2026-02-28 22:00:00+00:00,1.152,1.172,1.152,1.162,826944.0
2026-02-28 23:00:00+00:00,1.162,1.172,1.149,1.171,1625318.0
2026-03-01 00:00:00+00:00,1.171,1.18,1.14,1.142,1004608.0
2026-03-01 01:00:00+00:00,1.142,1.174,1.128,1.165,729953.0
2026-03-01 02:00:00+00:00,1.165,1.194,1.165,1.177,1198077.0
2026-03-01 03:00:00+00:00,1.177,1.177,1.145,1.15,397750.0
2026-03-01 04:00:00+00:00,1.15,1.153,1.138,1.149,380337.0
2026-03-01 05:00:00+00:00,1.149,1.17,1.149,1.169,231058.0
2026-03-01 06:00:00+00:00,1.169,1.187,1.155,1.183,490293.0
2026-03-01 07:00:00+00:00,1.183,1.203,1.177,1.202,1970620.0
2026-03-01 08:00:00+00:00,1.202,1.211,1.17,1.172,873134.0
2026-03-01 09:00:00+00:00,1.172,1.183,1.16,1.162,862267.0
2026-03-01 10:00:00+00:00,1.162,1.164,1.147,1.15,626131.0
2026-03-01 11:00:00+00:00,1.15,1.153,1.144,1.147,153500.0
2026-03-01 12:00:00+00:00,1.147,1.154,1.137,1.139,309452.0
2026-03-01 13:00:00+00:00,1.139,1.172,1.136,1.165,924869.0
2026-03-01 14:00:00+00:00,1.165,1.18,1.152,1.154,1122470.0
2026-03-01 15:00:00+00:00,1.154,1.162,1.148,1.151,208821.0
2026-03-01 16:00:00+00:00,1.151,1.16,1.133,1.141,747278.0
2026-03-01 17:00:00+00:00,1.141,1.146,1.13,1.138,526004.0
2026-03-01 18:00:00+00:00,1.138,1.157,1.138,1.142,708774.0
2026-03-01 19:00:00+00:00,1.142,1.143,1.128,1.13,294389.0
2026-03-01 20:00:00+00:00,1.13,1.131,1.112,1.116,666244.0
2026-03-01 21:00:00+00:00,1.116,1.137,1.115,1.132,186652.0
2026-03-01 22:00:00+00:00,1.132,1.148,1.125,1.131,584832.0
2026-03-01 23:00:00+00:00,1.131,1.157,1.13,1.148,911461.0
2026-03-02 00:00:00+00:00,1.148,1.176,1.142,1.169,590830.0
2026-03-02 01:00:00+00:00,1.169,1.192,1.16,1.172,445829.0
2026-03-02 02:00:00+00:00,1.172,1.182,1.157,1.179,303608.0
2026-03-02 03:00:00+00:00,1.179,1.201,1.168,1.194,493985.0
2026-03-02 04:00:00+00:00,1.194,1.22,1.181,1.19,745748.0
2026-03-02 05:00:00+00:00,1.19,1.223,1.172,1.199,1163788.0
2026-03-02 06:00:00+00:00,1.199,1.224,1.189,1.217,1269239.0
2026-03-02 07:00:00+00:00,1.217,1.219,1.183,1.201,1925658.0
2026-03-02 08:00:00+00:00,1.201,1.214,1.17,1.19,1102045.0
2026-03-02 09:00:00+00:00,1.19,1.195,1.177,1.182,1284916.0
2026-03-02 10:00:00+00:00,1.182,1.187,1.176,1.187,887379.0
2026-03-02 11:00:00+00:00,1.187,1.206,1.184,1.2,2045825.0
2026-03-02 12:00:00+00:00,1.2,1.22,1.198,1.217,1999844.0
2026-03-02 13:00:00+00:00,1.217,1.237,1.212,1.22,2010282.0
2026-03-02 14:00:00+00:00,1.22,1.301,1.214,1.299,3375553.0
2026-03-02 15:00:00+00:00,1.299,1.323,1.27,1.306,3541373.0
2026-03-02 16:00:00+00:00,1.306,1.341,1.278,1.321,1743751.0
2026-03-02 17:00:00+00:00,1.321,1.337,1.297,1.314,1592641.0
2026-03-02 18:00:00+00:00,1.314,1.336,1.302,1.325,1321340.0
2026-03-02 19:00:00+00:00,1.325,1.331,1.306,1.328,721668.0
2026-03-02 20:00:00+00:00,1.328,1.344,1.311,1.324,1044332.0
2026-03-02 21:00:00+00:00,1.324,1.387,1.313,1.371,4615588.0
2026-03-02 22:00:00+00:00,1.371,1.413,1.368,1.374,6153172.0
2026-03-02 23:00:00+00:00,1.374,1.379,1.335,1.358,2775933.0
2026-03-03 00:00:00+00:00,1.358,1.378,1.344,1.369,1943334.0
2026-03-03 01:00:00+00:00,1.369,1.404,1.365,1.394,1469626.0
2026-03-03 02:00:00+00:00,1.394,1.407,1.373,1.38,745863.0
2026-03-03 03:00:00+00:00,1.38,1.422,1.375,1.421,1175940.0
2026-03-03 04:00:00+00:00,1.421,1.428,1.392,1.41,2077609.0
2026-03-03 05:00:00+00:00,1.41,1.453,1.363,1.365,2164316.0
2026-03-03 06:00:00+00:00,1.365,1.375,1.346,1.359,1788454.0
2026-03-03 07:00:00+00:00,1.359,1.359,1.336,1.344,1021633.0
2026-03-03 08:00:00+00:00,1.344,1.365,1.334,1.356,1850430.0
2026-03-03 09:00:00+00:00,1.356,1.411,1.342,1.344,2478634.0
2026-03-03 10:00:00+00:00,1.344,1.35,1.327,1.335,1041941.0
2026-03-03 11:00:00+00:00,1.335,1.352,1.319,1.332,1508236.0
2026-03-03 12:00:00+00:00,1.332,1.37,1.33,1.347,1376873.0
2026-03-03 13:00:00+00:00,1.347,1.353,1.337,1.341,1792482.0
2026-03-03 14:00:00+00:00,1.341,1.366,1.316,1.326,1601249.0
2026-03-03 15:00:00+00:00,1.326,1.397,1.324,1.389,2489443.0
2026-03-03 16:00:00+00:00,1.389,1.402,1.348,1.373,1713630.0
2026-03-03 17:00:00+00:00,1.373,1.396,1.364,1.387,1024727.0
2026-03-03 18:00:00+00:00,1.387,1.411,1.382,1.385,974344.0
2026-03-03 19:00:00+00:00,1.385,1.389,1.357,1.364,778916.0
2026-03-03 20:00:00+00:00,1.364,1.373,1.36,1.369,299982.0
2026-03-03 21:00:00+00:00,1.369,1.372,1.341,1.345,371374.0
2026-03-03 22:00:00+00:00,1.345,1.36,1.342,1.347,744628.0
2026-03-03 23:00:00+00:00,1.347,1.359,1.345,1.356,861367.0
2026-03-04 00:00:00+00:00,1.356,1.379,1.346,1.361,1281745.0
2026-03-04 01:00:00+00:00,1.361,1.389,1.361,1.381,1355695.0
2026-03-04 02:00:00+00:00,1.381,1.405,1.372,1.398,1017218.0
2026-03-04 03:00:00+00:00,1.398,1.413,1.377,1.395,1647207.0
2026-03-04 04:00:00+00:00,1.395,1.395,1.364,1.38,450303.0
2026-03-04 05:00:00+00:00,1.38,1.383,1.366,1.376,378148.0
2026-03-04 06:00:00+00:00,1.376,1.38,1.349,1.356,333771.0
2026-03-04 07:00:00+00:00,1.356,1.367,1.337,1.367,1100104.0
2026-03-04 08:00:00+00:00,1.367,1.411,1.356,1.398,2666237.0
2026-03-04 09:00:00+00:00,1.398,1.41,1.384,1.391,1225534.0
2026-03-04 10:00:00+00:00,1.391,1.392,1.352,1.355,558339.0
2026-03-04 11:00:00+00:00,1.355,1.36,1.333,1.338,1922302.0
2026-03-04 12:00:00+00:00,1.338,1.345,1.326,1.332,653120.0
2026-03-04 13:00:00+00:00,1.332,1.341,1.328,1.339,548168.0
2026-03-04 14:00:00+00:00,1.339,1.374,1.337,1.338,1092136.0
2026-03-04 15:00:00+00:00,1.338,1.359,1.326,1.356,748405.0
2026-03-04 16:00:00+00:00,1.356,1.357,1.328,1.344,1460814.0
2026-03-04 17:00:00+00:00,1.344,1.349,1.318,1.321,848401.0
2026-03-04 18:00:00+00:00,1.321,1.323,1.303,1.312,866773.0
2026-03-04 19:00:00+00:00,1.312,1.331,1.305,1.326,885471.0
2026-03-04 20:00:00+00:00,1.326,1.329,1.306,1.311,436829.0
2026-03-04 21:00:00+00:00,1.311,1.319,1.307,1.316,304225.0
2026-03-04 22:00:00+00:00,1.316,1.323,1.306,1.311,388963.0
2026-03-04 23:00:00+00:00,1.311,1.317,1.302,1.31,616201.0
2026-03-05 00:00:00+00:00,1.31,1.311,1.271,1.277,1062066.0
2026-03-05 01:00:00+00:00,1.277,1.279,1.244,1.245,1270273.0
2026-03-05 02:00:00+00:00,1.245,1.274,1.245,1.268,1117956.0
2026-03-05 03:00:00+00:00,1.268,1.281,1.264,1.278,284800.0
2026-03-05 04:00:00+00:00,1.278,1.29,1.266,1.287,1066471.0
2026-03-05 05:00:00+00:00,1.287,1.293,1.274,1.285,873180.0
2026-03-05 06:00:00+00:00,1.285,1.293,1.277,1.288,1029367.0
2026-03-05 07:00:00+00:00,1.288,1.296,1.282,1.294,970078.0
2026-03-05 08:00:00+00:00,1.294,1.327,1.282,1.314,1451279.0
2026-03-05 09:00:00+00:00,1.314,1.323,1.29,1.295,1333873.0
2026-03-05 10:00:00+00:00,1.295,1.308,1.289,1.303,868640.0
2026-03-05 11:00:00+00:00,1.303,1.304,1.278,1.291,797079.0
2026-03-05 12:00:00+00:00,1.291,1.3,1.283,1.296,676580.0
2026-03-05 13:00:00+00:00,1.296,1.296,1.282,1.285,847089.0
2026-03-05 14:00:00+00:00,1.285,1.304,1.283,1.298,1227179.0
2026-03-05 15:00:00+00:00,1.298,1.299,1.264,1.27,1894424.0
2026-03-05 16:00:00+00:00,1.27,1.285,1.253,1.277,1174597.0
2026-03-05 17:00:00+00:00,1.277,1.285,1.249,1.253,710435.0
2026-03-05 18:00:00+00:00,1.253,1.265,1.252,1.265,301538.0
2026-03-05 19:00:00+00:00,1.265,1.283,1.261,1.263,424316.0
2026-03-05 20:00:00+00:00,1.263,1.281,1.259,1.275,456604.0
2026-03-05 21:00:00+00:00,1.275,1.287,1.271,1.279,1127014.0
2026-03-05 22:00:00+00:00,1.279,1.286,1.276,1.279,162872.0
2026-03-05 23:00:00+00:00,1.279,1.285,1.27,1.272,908388.0
2026-03-06 00:00:00+00:00,1.272,1.278,1.266,1.27,199291.0
2026-03-06 01:00:00+00:00,1.27,1.298,1.26,1.288,613808.0
2026-03-06 02:00:00+00:00,1.288,1.291,1.263,1.281,317965.0
2026-03-06 03:00:00+00:00,1.281,1.283,1.274,1.281,224360.0
2026-03-06 04:00:00+00:00,1.281,1.282,1.263,1.273,212623.0
2026-03-06 05:00:00+00:00,1.273,1.278,1.265,1.267,185761.0
2026-03-06 06:00:00+00:00,1.267,1.27,1.257,1.265,321003.0
2026-03-06 07:00:00+00:00,1.265,1.273,1.259,1.269,318555.0
2026-03-06 08:00:00+00:00,1.269,1.269,1.262,1.269,94846.0
2026-03-06 09:00:00+00:00,1.269,1.271,1.255,1.261,607049.0
2026-03-06 10:00:00+00:00,1.261,1.266,1.255,1.258,271420.0
2026-03-06 11:00:00+00:00,1.258,1.262,1.246,1.251,390632.0
2026-03-06 12:00:00+00:00,1.251,1.26,1.247,1.253,473569.0
2026-03-06 13:00:00+00:00,1.253,1.27,1.235,1.24,1299397.0
2026-03-06 14:00:00+00:00,1.24,1.254,1.228,1.243,1313822.0
2026-03-06 15:00:00+00:00,1.243,1.248,1.224,1.229,866097.0
2026-03-06 16:00:00+00:00,1.229,1.239,1.226,1.234,481593.0
2026-03-06 17:00:00+00:00,1.234,1.237,1.215,1.217,662173.0
2026-03-06 18:00:00+00:00,1.217,1.244,1.216,1.236,625039.0
2026-03-06 19:00:00+00:00,1.236,1.241,1.227,1.231,307496.0
2026-03-06 20:00:00+00:00,1.231,1.239,1.231,1.238,323346.0
2026-03-06 21:00:00+00:00,1.238,1.242,1.231,1.236,312424.0
2026-03-06 22:00:00+00:00,1.236,1.244,1.233,1.237,67511.0
2026-03-06 23:00:00+00:00,1.237,1.238,1.224,1.225,192065.0
2026-03-07 00:00:00+00:00,1.225,1.246,1.225,1.24,443492.0
2026-03-07 01:00:00+00:00,1.24,1.245,1.225,1.237,699885.0
2026-03-07 02:00:00+00:00,1.237,1.241,1.235,1.238,114674.0
2026-03-07 03:00:00+00:00,1.238,1.243,1.232,1.234,120176.0
2026-03-07 04:00:00+00:00,1.234,1.235,1.225,1.229,147314.0
2026-03-07 05:00:00+00:00,1.229,1.231,1.218,1.22,272773.0
2026-03-07 06:00:00+00:00,1.22,1.221,1.209,1.211,357503.0
2026-03-07 07:00:00+00:00,1.211,1.215,1.208,1.213,469539.0
2026-03-07 08:00:00+00:00,1.213,1.221,1.213,1.218,216433.0
2026-03-07 09:00:00+00:00,1.218,1.221,1.213,1.217,206157.0
2026-03-07 10:00:00+00:00,1.217,1.22,1.215,1.219,51001.0
2026-03-07 11:00:00+00:00,1.219,1.229,1.217,1.22,261974.0
2026-03-07 12:00:00+00:00,1.22,1.228,1.218,1.225,85337.0
2026-03-07 13:00:00+00:00,1.225,1.234,1.224,1.228,222213.0
2026-03-07 14:00:00+00:00,1.228,1.229,1.214,1.226,228512.0
2026-03-07 15:00:00+00:00,1.226,1.237,1.217,1.22,454486.0
2026-03-07 16:00:00+00:00,1.22,1.227,1.218,1.227,57467.0
2026-03-07 17:00:00+00:00,1.227,1.233,1.225,1.23,67872.0
2026-03-07 18:00:00+00:00,1.23,1.231,1.215,1.216,474259.0
2026-03-07 19:00:00+00:00,1.216,1.217,1.203,1.208,565820.0
2026-03-07 20:00:00+00:00,1.208,1.216,1.206,1.216,148569.0
2026-03-07 21:00:00+00:00,1.216,1.219,1.21,1.214,148496.0
2026-03-07 22:00:00+00:00,1.214,1.218,1.207,1.208,204234.0
2026-03-07 23:00:00+00:00,1.208,1.215,1.208,1.213,98757.0
2026-03-08 00:00:00+00:00,1.213,1.218,1.21,1.212,275485.0
2026-03-08 01:00:00+00:00,1.212,1.215,1.208,1.212,338567.0
2026-03-08 02:00:00+00:00,1.212,1.212,1.2,1.201,530030.0
2026-03-08 03:00:00+00:00,1.201,1.216,1.2,1.215,542361.0
2026-03-08 04:00:00+00:00,1.215,1.217,1.2,1.204,362204.0
2026-03-08 05:00:00+00:00,1.204,1.215,1.203,1.211,78939.0
2026-03-08 06:00:00+00:00,1.211,1.211,1.193,1.201,356414.0
2026-03-08 07:00:00+00:00,1.201,1.209,1.2,1.2,163979.0
2026-03-08 08:00:00+00:00,1.2,1.217,1.197,1.212,216309.0
2026-03-08 09:00:00+00:00,1.212,1.234,1.212,1.231,601846.0
2026-03-08 10:00:00+00:00,1.231,1.253,1.224,1.25,1220168.0
2026-03-08 11:00:00+00:00,1.25,1.251,1.231,1.243,942033.0
2026-03-08 12:00:00+00:00,1.243,1.255,1.224,1.243,1148614.0
2026-03-08 13:00:00+00:00,1.243,1.244,1.219,1.237,652525.0
2026-03-08 14:00:00+00:00,1.237,1.244,1.224,1.228,425665.0
2026-03-08 15:00:00+00:00,1.228,1.228,1.209,1.213,488425.0
2026-03-08 16:00:00+00:00,1.213,1.214,1.202,1.211,450809.0
2026-03-08 17:00:00+00:00,1.211,1.222,1.21,1.221,529154.0
2026-03-08 18:00:00+00:00,1.221,1.224,1.211,1.217,445482.0
2026-03-08 19:00:00+00:00,1.217,1.239,1.215,1.23,405584.0
2026-03-08 20:00:00+00:00,1.23,1.238,1.224,1.228,265493.0
2026-03-08 21:00:00+00:00,1.228,1.229,1.213,1.22,200780.0
2026-03-08 22:00:00+00:00,1.22,1.221,1.188,1.217,1621179.0
2026-03-08 23:00:00+00:00,1.217,1.224,1.205,1.21,496629.0
2026-03-09 00:00:00+00:00,1.21,1.229,1.203,1.219,558959.0
2026-03-09 01:00:00+00:00,1.219,1.232,1.212,1.223,438080.0
2026-03-09 02:00:00+00:00,1.223,1.236,1.212,1.233,295520.0
2026-03-09 03:00:00+00:00,1.233,1.267,1.233,1.238,778624.0
2026-03-09 04:00:00+00:00,1.238,1.249,1.23,1.232,772083.0
2026-03-09 05:00:00+00:00,1.232,1.256,1.226,1.249,1129172.0
2026-03-09 06:00:00+00:00,1.249,1.249,1.226,1.228,479260.0
2026-03-09 07:00:00+00:00,1.228,1.246,1.217,1.24,587164.0
2026-03-09 08:00:00+00:00,1.24,1.246,1.236,1.238,279325.0
2026-03-09 09:00:00+00:00,1.238,1.258,1.233,1.247,332669.0
2026-03-09 10:00:00+00:00,1.247,1.25,1.234,1.235,284352.0
2026-03-09 11:00:00+00:00,1.235,1.236,1.218,1.23,383337.0
2026-03-09 12:00:00+00:00,1.23,1.245,1.225,1.244,888636.0
2026-03-09 13:00:00+00:00,1.244,1.266,1.238,1.262,658899.0
2026-03-09 14:00:00+00:00,1.262,1.267,1.249,1.262,735800.0
2026-03-09 15:00:00+00:00,1.262,1.264,1.244,1.252,897175.0
2026-03-09 16:00:00+00:00,1.252,1.256,1.234,1.238,583907.0
2026-03-09 17:00:00+00:00,1.238,1.248,1.237,1.246,172451.0
2026-03-09 18:00:00+00:00,1.246,1.261,1.24,1.253,387913.0
2026-03-09 19:00:00+00:00,1.253,1.281,1.248,1.253,1100500.0
2026-03-09 20:00:00+00:00,1.253,1.257,1.242,1.248,380864.0
2026-03-09 21:00:00+00:00,1.248,1.253,1.243,1.248,313569.0
2026-03-09 22:00:00+00:00,1.248,1.249,1.219,1.226,463336.0
2026-03-09 23:00:00+00:00,1.226,1.234,1.221,1.234,424365.0
2026-03-10 00:00:00+00:00,1.234,1.245,1.223,1.24,167321.0
2026-03-10 01:00:00+00:00,1.24,1.244,1.228,1.239,388118.0
2026-03-10 02:00:00+00:00,1.239,1.262,1.234,1.256,444947.0
2026-03-10 03:00:00+00:00,1.256,1.256,1.242,1.243,233985.0
2026-03-10 04:00:00+00:00,1.243,1.273,1.243,1.263,399626.0
2026-03-10 05:00:00+00:00,1.263,1.269,1.26,1.261,573860.0
2026-03-10 06:00:00+00:00,1.261,1.279,1.256,1.272,483661.0
2026-03-10 07:00:00+00:00,1.272,1.288,1.271,1.28,621834.0
2026-03-10 08:00:00+00:00,1.28,1.297,1.279,1.292,479904.0
2026-03-10 09:00:00+00:00,1.292,1.316,1.292,1.311,557410.0
2026-03-10 10:00:00+00:00,1.311,1.314,1.298,1.3,398324.0
2026-03-10 11:00:00+00:00,1.3,1.307,1.297,1.306,113587.0
2026-03-10 12:00:00+00:00,1.306,1.308,1.298,1.302,212026.0
2026-03-10 13:00:00+00:00,1.302,1.312,1.293,1.301,559174.0
2026-03-10 14:00:00+00:00,1.301,1.332,1.28,1.327,1543634.0
2026-03-10 15:00:00+00:00,1.327,1.328,1.297,1.303,1059005.0
2026-03-10 16:00:00+00:00,1.303,1.314,1.291,1.312,738700.0
2026-03-10 17:00:00+00:00,1.312,1.318,1.299,1.302,695212.0
2026-03-10 18:00:00+00:00,1.302,1.305,1.276,1.285,783247.0
2026-03-10 19:00:00+00:00,1.285,1.29,1.276,1.279,328949.0
2026-03-10 20:00:00+00:00,1.279,1.293,1.278,1.287,121772.0
2026-03-10 21:00:00+00:00,1.287,1.289,1.272,1.277,257871.0
2026-03-10 22:00:00+00:00,1.277,1.282,1.265,1.279,266193.0
2026-03-10 23:00:00+00:00,1.279,1.285,1.278,1.284,211030.0
2026-03-11 00:00:00+00:00,1.284,1.295,1.281,1.291,445708.0
2026-03-11 01:00:00+00:00,1.291,1.303,1.277,1.279,317294.0
2026-03-11 02:00:00+00:00,1.279,1.288,1.271,1.287,264055.0
2026-03-11 03:00:00+00:00,1.287,1.297,1.282,1.282,138685.0
2026-03-11 04:00:00+00:00,1.282,1.284,1.275,1.281,435372.0
2026-03-11 05:00:00+00:00,1.281,1.285,1.266,1.273,370299.0
2026-03-11 06:00:00+00:00,1.273,1.289,1.272,1.287,89886.0
2026-03-11 07:00:00+00:00,1.287,1.291,1.275,1.275,342687.0
2026-03-11 08:00:00+00:00,1.275,1.278,1.269,1.277,579025.0
2026-03-11 09:00:00+00:00,1.277,1.278,1.268,1.27,346912.0
2026-03-11 10:00:00+00:00,1.27,1.288,1.27,1.279,213937.0
2026-03-11 11:00:00+00:00,1.279,1.287,1.275,1.285,118397.0
2026-03-11 12:00:00+00:00,1.285,1.306,1.282,1.295,513336.0
2026-03-11 13:00:00+00:00,1.295,1.323,1.294,1.303,1179093.0
2026-03-11 14:00:00+00:00,1.303,1.315,1.3,1.306,530938.0
2026-03-11 15:00:00+00:00,1.306,1.307,1.283,1.294,1025524.0
2026-03-11 16:00:00+00:00,1.294,1.299,1.286,1.298,509523.0
2026-03-11 17:00:00+00:00,1.298,1.305,1.285,1.292,421372.0
2026-03-11 18:00:00+00:00,1.292,1.298,1.289,1.294,512278.0
2026-03-11 19:00:00+00:00,1.294,1.297,1.287,1.295,127720.0
2026-03-11 20:00:00+00:00,1.295,1.297,1.288,1.293,264425.0
2026-03-11 21:00:00+00:00,1.293,1.301,1.291,1.301,122264.0
2026-03-11 22:00:00+00:00,1.301,1.303,1.293,1.3,441293.0
2026-03-11 23:00:00+00:00,1.3,1.303,1.292,1.298,71960.0
2026-03-12 00:00:00+00:00,1.298,1.305,1.293,1.301,139647.0
2026-03-12 01:00:00+00:00,1.301,1.303,1.286,1.292,310763.0
2026-03-12 02:00:00+00:00,1.292,1.297,1.282,1.284,217875.0
2026-03-12 03:00:00+00:00,1.284,1.294,1.282,1.285,309826.0
2026-03-12 04:00:00+00:00,1.285,1.293,1.284,1.289,313410.0
2026-03-12 05:00:00+00:00,1.289,1.289,1.277,1.289,511774.0
2026-03-12 06:00:00+00:00,1.289,1.308,1.286,1.305,595486.0
2026-03-12 07:00:00+00:00,1.305,1.324,1.298,1.322,3635803.0
2026-03-12 08:00:00+00:00,1.322,1.329,1.311,1.315,1445951.0
2026-03-12 09:00:00+00:00,1.315,1.337,1.31,1.33,1373829.0
2026-03-12 10:00:00+00:00,1.33,1.336,1.324,1.333,557484.0
2026-03-12 11:00:00+00:00,1.333,1.341,1.32,1.322,882800.0
2026-03-12 12:00:00+00:00,1.322,1.324,1.315,1.318,151045.0
2026-03-12 13:00:00+00:00,1.318,1.328,1.306,1.32,694054.0
2026-03-12 14:00:00+00:00,1.32,1.327,1.303,1.316,1624315.0
2026-03-12 15:00:00+00:00,1.316,1.333,1.314,1.321,953895.0
2026-03-12 16:00:00+00:00,1.321,1.325,1.312,1.319,845675.0
2026-03-12 17:00:00+00:00,1.319,1.345,1.319,1.339,549872.0
2026-03-12 18:00:00+00:00,1.339,1.35,1.329,1.333,669053.0
2026-03-12 19:00:00+00:00,1.333,1.352,1.329,1.338,420350.0
2026-03-12 20:00:00+00:00,1.338,1.34,1.323,1.333,497753.0
2026-03-12 21:00:00+00:00,1.333,1.356,1.331,1.354,595548.0
2026-03-12 22:00:00+00:00,1.354,1.363,1.351,1.361,1484018.0
2026-03-12 23:00:00+00:00,1.361,1.37,1.347,1.366,821344.0
2026-03-13 00:00:00+00:00,1.366,1.404,1.362,1.382,6845938.0
2026-03-13 01:00:00+00:00,1.382,1.422,1.382,1.413,640024.0
2026-03-13 02:00:00+00:00,1.413,1.42,1.375,1.388,1199786.0
2026-03-13 03:00:00+00:00,1.388,1.392,1.377,1.386,154326.0
2026-03-13 04:00:00+00:00,1.386,1.388,1.366,1.369,276474.0
2026-03-13 05:00:00+00:00,1.369,1.385,1.364,1.375,260884.0
2026-03-13 06:00:00+00:00,1.375,1.378,1.356,1.357,352756.0
2026-03-13 07:00:00+00:00,1.357,1.358,1.343,1.344,660411.0
2026-03-13 08:00:00+00:00,1.344,1.351,1.322,1.329,5579780.0
2026-03-13 09:00:00+00:00,1.329,1.342,1.326,1.336,378139.0
2026-03-13 10:00:00+00:00,1.336,1.355,1.336,1.347,6354040.0
2026-03-13 11:00:00+00:00,1.347,1.352,1.341,1.349,860160.0
2026-03-13 12:00:00+00:00,1.349,1.356,1.347,1.35,330761.0
2026-03-13 13:00:00+00:00,1.35,1.365,1.345,1.356,1049283.0
2026-03-13 14:00:00+00:00,1.356,1.367,1.348,1.349,589974.0
2026-03-13 15:00:00+00:00,1.349,1.361,1.34,1.351,560611.0
2026-03-13 16:00:00+00:00,1.351,1.371,1.348,1.367,414739.0
2026-03-13 17:00:00+00:00,1.367,1.375,1.342,1.346,639696.0
2026-03-13 18:00:00+00:00,1.346,1.352,1.339,1.344,373281.0
2026-03-13 19:00:00+00:00,1.344,1.35,1.341,1.344,251269.0
2026-03-13 20:00:00+00:00,1.344,1.349,1.34,1.348,346504.0
2026-03-13 21:00:00+00:00,1.348,1.356,1.338,1.34,330602.0
2026-03-13 22:00:00+00:00,1.34,1.341,1.326,1.332,270541.0
2026-03-13 23:00:00+00:00,1.332,1.341,1.331,1.335,453865.0
2026-03-14 00:00:00+00:00,1.335,1.335,1.311,1.318,503073.0
2026-03-14 01:00:00+00:00,1.318,1.339,1.318,1.334,245195.0
2026-03-14 02:00:00+00:00,1.334,1.335,1.322,1.328,255938.0
2026-03-14 03:00:00+00:00,1.328,1.34,1.328,1.331,292236.0
2026-03-14 04:00:00+00:00,1.331,1.334,1.323,1.325,120094.0
2026-03-14 05:00:00+00:00,1.325,1.328,1.313,1.316,515933.0
2026-03-14 06:00:00+00:00,1.316,1.32,1.31,1.315,165895.0
2026-03-14 07:00:00+00:00,1.315,1.319,1.313,1.317,146973.0
2026-03-14 08:00:00+00:00,1.317,1.319,1.312,1.313,163303.0
2026-03-14 09:00:00+00:00,1.313,1.317,1.305,1.31,332979.0
2026-03-14 10:00:00+00:00,1.31,1.311,1.303,1.305,121591.0
2026-03-14 11:00:00+00:00,1.305,1.308,1.302,1.305,203322.0
2026-03-14 12:00:00+00:00,1.305,1.312,1.303,1.311,353962.0
2026-03-14 13:00:00+00:00,1.311,1.312,1.302,1.305,280777.0
2026-03-14 14:00:00+00:00,1.305,1.313,1.305,1.307,145352.0
2026-03-14 15:00:00+00:00,1.307,1.311,1.304,1.309,135531.0
2026-03-14 16:00:00+00:00,1.309,1.316,1.306,1.311,1190895.0
2026-03-14 17:00:00+00:00,1.311,1.312,1.304,1.305,105564.0
2026-03-14 18:00:00+00:00,1.305,1.307,1.302,1.306,63293.0
2026-03-14 19:00:00+00:00,1.306,1.308,1.303,1.305,108913.0
2026-03-14 20:00:00+00:00,1.305,1.308,1.303,1.306,74932.0
2026-03-14 21:00:00+00:00,1.306,1.31,1.302,1.31,113189.0
2026-03-14 22:00:00+00:00,1.31,1.315,1.307,1.314,131287.0
2026-03-14 23:00:00+00:00,1.314,1.326,1.313,1.323,313713.0
2026-03-15 00:00:00+00:00,1.323,1.326,1.316,1.319,252288.0
2026-03-15 01:00:00+00:00,1.319,1.346,1.316,1.344,573138.0
2026-03-15 02:00:00+00:00,1.344,1.362,1.34,1.36,1006091.0
2026-03-15 03:00:00+00:00,1.36,1.376,1.353,1.355,945891.0
2026-03-15 04:00:00+00:00,1.355,1.365,1.339,1.343,218197.0
2026-03-15 05:00:00+00:00,1.343,1.354,1.34,1.343,541562.0
2026-03-15 06:00:00+00:00,1.343,1.345,1.33,1.336,283511.0
2026-03-15 07:00:00+00:00,1.336,1.343,1.33,1.336,364267.0
2026-03-15 08:00:00+00:00,1.336,1.346,1.335,1.346,471069.0
2026-03-15 09:00:00+00:00,1.346,1.358,1.342,1.348,504150.0
2026-03-15 10:00:00+00:00,1.348,1.352,1.343,1.35,494927.0
2026-03-15 11:00:00+00:00,1.35,1.354,1.346,1.35,155179.0
2026-03-15 12:00:00+00:00,1.35,1.364,1.344,1.354,492813.0
2026-03-15 13:00:00+00:00,1.354,1.355,1.338,1.347,475964.0
2026-03-15 14:00:00+00:00,1.347,1.349,1.324,1.335,771349.0
2026-03-15 15:00:00+00:00,1.335,1.339,1.331,1.336,153054.0
2026-03-15 16:00:00+00:00,1.336,1.344,1.333,1.334,152625.0
2026-03-15 17:00:00+00:00,1.334,1.352,1.334,1.346,462876.0
2026-03-15 18:00:00+00:00,1.346,1.347,1.332,1.334,476066.0
2026-03-15 19:00:00+00:00,1.334,1.343,1.333,1.341,325710.0
2026-03-15 20:00:00+00:00,1.341,1.349,1.336,1.343,413488.0
2026-03-15 21:00:00+00:00,1.343,1.363,1.342,1.354,220142.0
2026-03-15 22:00:00+00:00,1.354,1.36,1.34,1.353,641429.0
2026-03-15 23:00:00+00:00,1.353,1.355,1.337,1.349,612340.0
2026-03-16 00:00:00+00:00,1.349,1.355,1.338,1.353,282377.0
2026-03-16 01:00:00+00:00,1.353,1.369,1.351,1.366,272608.0
2026-03-16 02:00:00+00:00,1.366,1.374,1.354,1.371,258017.0
2026-03-16 03:00:00+00:00,1.371,1.406,1.365,1.389,1361556.0
2026-03-16 04:00:00+00:00,1.389,1.409,1.388,1.401,526253.0
2026-03-16 05:00:00+00:00,1.401,1.418,1.398,1.414,451170.0
2026-03-16 06:00:00+00:00,1.414,1.415,1.391,1.402,865979.0
2026-03-16 07:00:00+00:00,1.402,1.409,1.392,1.392,300284.0
2026-03-16 08:00:00+00:00,1.392,1.406,1.37,1.373,399807.0
2026-03-16 09:00:00+00:00,1.373,1.382,1.372,1.377,175757.0
2026-03-16 10:00:00+00:00,1.377,1.386,1.372,1.386,352632.0
2026-03-16 11:00:00+00:00,1.386,1.395,1.381,1.392,270301.0
2026-03-16 12:00:00+00:00,1.392,1.401,1.388,1.397,156061.0
2026-03-16 13:00:00+00:00,1.397,1.436,1.394,1.429,1048672.0
2026-03-16 14:00:00+00:00,1.429,1.437,1.397,1.415,679229.0
2026-03-16 15:00:00+00:00,1.415,1.418,1.4,1.414,581263.0
2026-03-16 16:00:00+00:00,1.414,1.448,1.412,1.438,494132.0
2026-03-16 17:00:00+00:00,1.438,1.447,1.432,1.436,262275.0
2026-03-16 18:00:00+00:00,1.436,1.448,1.43,1.433,497004.0
2026-03-16 19:00:00+00:00,1.433,1.446,1.43,1.445,636163.0
2026-03-16 20:00:00+00:00,1.445,1.464,1.441,1.464,344496.0
2026-03-16 21:00:00+00:00,1.464,1.491,1.461,1.475,849548.0
2026-03-16 22:00:00+00:00,1.475,1.508,1.474,1.507,635242.0
2026-03-16 23:00:00+00:00,1.507,1.509,1.487,1.491,293735.0
2026-03-17 00:00:00+00:00,1.491,1.51,1.483,1.492,883361.0
2026-03-17 01:00:00+00:00,1.492,1.492,1.465,1.473,758145.0
2026-03-17 02:00:00+00:00,1.473,1.476,1.457,1.457,752723.0
2026-03-17 03:00:00+00:00,1.457,1.459,1.447,1.457,630307.0
2026-03-17 04:00:00+00:00,1.457,1.458,1.435,1.44,1638488.0
2026-03-17 05:00:00+00:00,1.44,1.447,1.423,1.433,322021.0
2026-03-17 06:00:00+00:00,1.433,1.453,1.428,1.448,614765.0
2026-03-17 07:00:00+00:00,1.448,1.467,1.446,1.461,268674.0
2026-03-17 08:00:00+00:00,1.461,1.475,1.458,1.464,580411.0
2026-03-17 09:00:00+00:00,1.464,1.469,1.449,1.452,226394.0
2026-03-17 10:00:00+00:00,1.452,1.456,1.446,1.452,337813.0
2026-03-17 11:00:00+00:00,1.452,1.459,1.439,1.444,754134.0
2026-03-17 12:00:00+00:00,1.444,1.451,1.439,1.444,501805.0
2026-03-17 13:00:00+00:00,1.444,1.449,1.429,1.439,607197.0
2026-03-17 14:00:00+00:00,1.439,1.455,1.433,1.453,690748.0
2026-03-17 15:00:00+00:00,1.453,1.461,1.443,1.46,1002664.0
2026-03-17 16:00:00+00:00,1.46,1.464,1.453,1.461,495147.0
2026-03-17 17:00:00+00:00,1.461,1.465,1.458,1.464,189700.0
2026-03-17 18:00:00+00:00,1.464,1.465,1.455,1.457,96438.0
2026-03-17 19:00:00+00:00,1.457,1.458,1.451,1.452,212296.0
2026-03-17 20:00:00+00:00,1.452,1.46,1.45,1.458,108564.0
2026-03-17 21:00:00+00:00,1.458,1.467,1.456,1.459,149101.0
2026-03-17 22:00:00+00:00,1.459,1.462,1.45,1.459,204146.0
2026-03-17 23:00:00+00:00,1.459,1.461,1.45,1.451,234559.0
2026-03-18 00:00:00+00:00,1.451,1.46,1.448,1.458,994397.0
2026-03-18 01:00:00+00:00,1.458,1.461,1.448,1.448,338732.0
2026-03-18 02:00:00+00:00,1.448,1.469,1.447,1.457,187603.0
2026-03-18 03:00:00+00:00,1.457,1.466,1.456,1.456,242739.0
2026-03-18 04:00:00+00:00,1.456,1.457,1.445,1.455,134086.0
2026-03-18 05:00:00+00:00,1.455,1.468,1.447,1.448,330171.0
2026-03-18 06:00:00+00:00,1.448,1.453,1.438,1.438,252094.0
2026-03-18 07:00:00+00:00,1.438,1.44,1.431,1.438,364870.0
2026-03-18 08:00:00+00:00,1.438,1.445,1.435,1.441,362316.0
2026-03-18 09:00:00+00:00,1.441,1.458,1.437,1.456,551534.0
2026-03-18 10:00:00+00:00,1.456,1.458,1.448,1.457,349764.0
2026-03-18 11:00:00+00:00,1.457,1.458,1.421,1.433,1559497.0
2026-03-18 12:00:00+00:00,1.433,1.436,1.404,1.415,1134824.0
2026-03-18 13:00:00+00:00,1.415,1.419,1.403,1.408,903057.0
2026-03-18 14:00:00+00:00,1.408,1.409,1.382,1.385,1045108.0
2026-03-18 15:00:00+00:00,1.385,1.394,1.377,1.384,774999.0
2026-03-18 16:00:00+00:00,1.384,1.389,1.372,1.377,706836.0
2026-03-18 17:00:00+00:00,1.377,1.399,1.372,1.391,464300.0
2026-03-18 18:00:00+00:00,1.391,1.405,1.378,1.384,623902.0
2026-03-18 19:00:00+00:00,1.384,1.395,1.383,1.39,169792.0
2026-03-18 20:00:00+00:00,1.39,1.4,1.379,1.398,426685.0
2026-03-18 21:00:00+00:00,1.398,1.404,1.392,1.393,276341.0
2026-03-18 22:00:00+00:00,1.393,1.393,1.382,1.386,73833.0
2026-03-18 23:00:00+00:00,1.386,1.388,1.379,1.386,337059.0
2026-03-19 00:00:00+00:00,1.386,1.388,1.376,1.377,261965.0
2026-03-19 01:00:00+00:00,1.377,1.38,1.369,1.377,180455.0
2026-03-19 02:00:00+00:00,1.377,1.384,1.372,1.38,95272.0
2026-03-19 03:00:00+00:00,1.38,1.396,1.377,1.385,150791.0
2026-03-19 04:00:00+00:00,1.385,1.385,1.373,1.373,101002.0
2026-03-19 05:00:00+00:00,1.373,1.377,1.356,1.364,305158.0
2026-03-19 06:00:00+00:00,1.364,1.373,1.361,1.362,187195.0
2026-03-19 07:00:00+00:00,1.362,1.364,1.342,1.352,397968.0
2026-03-19 08:00:00+00:00,1.352,1.355,1.346,1.348,129411.0
2026-03-19 09:00:00+00:00,1.348,1.362,1.347,1.361,192394.0
2026-03-19 10:00:00+00:00,1.361,1.362,1.353,1.355,43508.0
2026-03-19 11:00:00+00:00,1.355,1.358,1.353,1.354,146293.0
2026-03-19 12:00:00+00:00,1.354,1.355,1.334,1.334,801331.0
2026-03-19 13:00:00+00:00,1.334,1.34,1.324,1.337,722237.0
2026-03-19 14:00:00+00:00,1.337,1.342,1.325,1.338,312644.0
2026-03-19 15:00:00+00:00,1.338,1.341,1.32,1.335,690957.0
2026-03-19 16:00:00+00:00,1.335,1.335,1.322,1.324,222560.0
2026-03-19 17:00:00+00:00,1.324,1.336,1.321,1.334,490158.0
2026-03-19 18:00:00+00:00,1.334,1.336,1.328,1.333,215888.0
2026-03-19 19:00:00+00:00,1.333,1.349,1.332,1.343,343484.0
2026-03-19 20:00:00+00:00,1.343,1.345,1.334,1.335,120315.0
2026-03-19 21:00:00+00:00,1.335,1.339,1.327,1.332,152754.0
2026-03-19 22:00:00+00:00,1.332,1.332,1.322,1.328,237716.0
2026-03-19 23:00:00+00:00,1.328,1.34,1.327,1.333,353920.0
2026-03-20 00:00:00+00:00,1.333,1.345,1.332,1.345,145879.0
2026-03-20 01:00:00+00:00,1.345,1.358,1.342,1.355,170343.0
2026-03-20 02:00:00+00:00,1.355,1.357,1.346,1.351,290964.0
2026-03-20 03:00:00+00:00,1.351,1.353,1.344,1.344,136001.0
2026-03-20 04:00:00+00:00,1.344,1.355,1.343,1.354,457317.0
2026-03-20 05:00:00+00:00,1.354,1.364,1.351,1.36,299638.0
2026-03-20 06:00:00+00:00,1.36,1.361,1.352,1.353,60329.0
2026-03-20 07:00:00+00:00,1.353,1.356,1.338,1.349,167753.0
2026-03-20 08:00:00+00:00,1.349,1.359,1.345,1.346,188038.0
2026-03-20 09:00:00+00:00,1.346,1.348,1.334,1.343,86306.0
2026-03-20 10:00:00+00:00,1.343,1.345,1.335,1.342,184086.0
2026-03-20 11:00:00+00:00,1.342,1.349,1.331,1.333,222136.0
2026-03-20 12:00:00+00:00,1.333,1.341,1.33,1.333,142146.0
2026-03-20 13:00:00+00:00,1.333,1.341,1.328,1.331,523007.0
2026-03-20 14:00:00+00:00,1.331,1.344,1.323,1.325,775133.0
2026-03-20 15:00:00+00:00,1.325,1.332,1.315,1.332,642175.0
2026-03-20 16:00:00+00:00,1.332,1.338,1.325,1.333,448119.0
2026-03-20 17:00:00+00:00,1.333,1.339,1.325,1.336,517176.0
2026-03-20 18:00:00+00:00,1.336,1.337,1.312,1.314,698328.0
2026-03-20 19:00:00+00:00,1.314,1.323,1.309,1.321,563034.0
2026-03-20 20:00:00+00:00,1.321,1.323,1.311,1.319,317329.0
2026-03-20 21:00:00+00:00,1.319,1.33,1.314,1.325,465135.0
2026-03-20 22:00:00+00:00,1.325,1.336,1.32,1.322,435055.0
2026-03-20 23:00:00+00:00,1.322,1.323,1.313,1.314,248872.0
2026-03-21 00:00:00+00:00,1.314,1.319,1.311,1.314,82611.0
2026-03-21 01:00:00+00:00,1.314,1.319,1.311,1.312,44357.0
2026-03-21 02:00:00+00:00,1.312,1.322,1.311,1.319,193803.0
2026-03-21 03:00:00+00:00,1.319,1.32,1.312,1.315,132233.0
2026-03-21 04:00:00+00:00,1.315,1.319,1.312,1.314,127707.0
2026-03-21 05:00:00+00:00,1.314,1.319,1.312,1.314,225522.0
2026-03-21 06:00:00+00:00,1.314,1.32,1.313,1.318,136950.0
2026-03-21 07:00:00+00:00,1.318,1.32,1.314,1.316,29127.0
2026-03-21 08:00:00+00:00,1.316,1.32,1.314,1.319,73845.0
2026-03-21 09:00:00+00:00,1.319,1.322,1.311,1.312,35281.0
2026-03-21 10:00:00+00:00,1.312,1.314,1.31,1.312,72073.0
2026-03-21 11:00:00+00:00,1.312,1.314,1.31,1.312,79201.0
2026-03-21 12:00:00+00:00,1.312,1.313,1.304,1.306,248138.0
2026-03-21 13:00:00+00:00,1.306,1.311,1.305,1.309,451785.0
2026-03-21 14:00:00+00:00,1.309,1.32,1.309,1.313,405060.0
2026-03-21 15:00:00+00:00,1.313,1.329,1.313,1.329,179854.0
2026-03-21 16:00:00+00:00,1.329,1.332,1.319,1.32,565235.0
2026-03-21 17:00:00+00:00,1.32,1.326,1.316,1.323,337187.0
2026-03-21 18:00:00+00:00,1.323,1.329,1.321,1.324,576740.0
2026-03-21 19:00:00+00:00,1.324,1.324,1.317,1.319,350227.0
2026-03-21 20:00:00+00:00,1.319,1.323,1.317,1.322,169847.0
2026-03-21 21:00:00+00:00,1.322,1.325,1.319,1.32,336455.0
2026-03-21 22:00:00+00:00,1.32,1.32,1.313,1.314,411341.0
2026-03-21 23:00:00+00:00,1.314,1.315,1.27,1.28,3038218.0
2026-03-22 00:00:00+00:00,1.28,1.296,1.259,1.29,585266.0
2026-03-22 01:00:00+00:00,1.29,1.297,1.283,1.291,166791.0
2026-03-22 02:00:00+00:00,1.291,1.303,1.288,1.297,154900.0
2026-03-22 03:00:00+00:00,1.297,1.306,1.293,1.296,152804.0
2026-03-22 04:00:00+00:00,1.296,1.304,1.294,1.299,222584.0
2026-03-22 05:00:00+00:00,1.299,1.304,1.295,1.302,169953.0
2026-03-22 06:00:00+00:00,1.302,1.303,1.292,1.298,235684.0
2026-03-22 07:00:00+00:00,1.298,1.301,1.29,1.29,58534.0
2026-03-22 08:00:00+00:00,1.29,1.296,1.282,1.294,136277.0
2026-03-22 09:00:00+00:00,1.294,1.3,1.29,1.295,202286.0
2026-03-22 10:00:00+00:00,1.295,1.295,1.283,1.285,130940.0
2026-03-22 11:00:00+00:00,1.285,1.285,1.276,1.276,257047.0
2026-03-22 12:00:00+00:00,1.276,1.287,1.274,1.278,222200.0
2026-03-22 13:00:00+00:00,1.278,1.284,1.276,1.277,109268.0
2026-03-22 14:00:00+00:00,1.277,1.283,1.272,1.281,112535.0
2026-03-22 15:00:00+00:00,1.281,1.296,1.281,1.286,174472.0
2026-03-22 16:00:00+00:00,1.286,1.289,1.283,1.288,94486.0
2026-03-22 17:00:00+00:00,1.288,1.294,1.284,1.288,173411.0
2026-03-22 18:00:00+00:00,1.288,1.289,1.274,1.279,439330.0
2026-03-22 19:00:00+00:00,1.279,1.28,1.27,1.276,152787.0
2026-03-22 20:00:00+00:00,1.276,1.283,1.274,1.276,113551.0
2026-03-22 21:00:00+00:00,1.276,1.283,1.263,1.278,289297.0
2026-03-22 22:00:00+00:00,1.278,1.285,1.269,1.281,240774.0
2026-03-22 23:00:00+00:00,1.281,1.285,1.271,1.273,266443.0
2026-03-23 00:00:00+00:00,1.273,1.281,1.264,1.278,345970.0
2026-03-23 01:00:00+00:00,1.278,1.284,1.273,1.277,326249.0
2026-03-23 02:00:00+00:00,1.277,1.288,1.277,1.283,117995.0
2026-03-23 03:00:00+00:00,1.283,1.292,1.281,1.282,154780.0
2026-03-23 04:00:00+00:00,1.282,1.292,1.282,1.291,43756.0
2026-03-23 05:00:00+00:00,1.291,1.293,1.278,1.284,56564.0
2026-03-23 06:00:00+00:00,1.284,1.284,1.262,1.266,452482.0
2026-03-23 07:00:00+00:00,1.266,1.27,1.255,1.263,765419.0
2026-03-23 08:00:00+00:00,1.263,1.27,1.259,1.26,166144.0
2026-03-23 09:00:00+00:00,1.26,1.264,1.251,1.263,51989.0
2026-03-23 10:00:00+00:00,1.263,1.27,1.257,1.262,64453.0
2026-03-23 11:00:00+00:00,1.262,1.331,1.262,1.301,1625301.0
2026-03-23 12:00:00+00:00,1.301,1.312,1.29,1.309,430602.0
2026-03-23 13:00:00+00:00,1.309,1.314,1.293,1.311,469618.0
2026-03-23 14:00:00+00:00,1.311,1.319,1.307,1.318,762314.0
2026-03-23 15:00:00+00:00,1.318,1.325,1.289,1.293,629177.0
2026-03-23 16:00:00+00:00,1.293,1.305,1.289,1.304,238211.0
2026-03-23 17:00:00+00:00,1.304,1.308,1.292,1.304,2380129.0
2026-03-23 18:00:00+00:00,1.304,1.318,1.299,1.318,498601.0
2026-03-23 19:00:00+00:00,1.318,1.319,1.303,1.305,139603.0
2026-03-23 20:00:00+00:00,1.305,1.325,1.301,1.321,374658.0
2026-03-23 21:00:00+00:00,1.321,1.326,1.317,1.323,247579.0
2026-03-23 22:00:00+00:00,1.323,1.326,1.309,1.312,305602.0
2026-03-23 23:00:00+00:00,1.312,1.318,1.303,1.309,264975.0
2026-03-24 00:00:00+00:00,1.309,1.317,1.302,1.31,141066.0
2026-03-24 01:00:00+00:00,1.31,1.314,1.296,1.301,146358.0
2026-03-24 02:00:00+00:00,1.301,1.312,1.295,1.296,58777.0
2026-03-24 03:00:00+00:00,1.296,1.311,1.295,1.308,118238.0
2026-03-24 04:00:00+00:00,1.308,1.309,1.302,1.304,473739.0
2026-03-24 05:00:00+00:00,1.304,1.311,1.296,1.305,162809.0
2026-03-24 06:00:00+00:00,1.305,1.311,1.299,1.309,217399.0
2026-03-24 07:00:00+00:00,1.309,1.321,1.304,1.318,335094.0
2026-03-24 08:00:00+00:00,1.318,1.328,1.317,1.321,544735.0
2026-03-24 09:00:00+00:00,1.321,1.328,1.316,1.327,415260.0
2026-03-24 10:00:00+00:00,1.327,1.328,1.31,1.313,1229161.0
2026-03-24 11:00:00+00:00,1.313,1.313,1.295,1.299,749807.0
2026-03-24 12:00:00+00:00,1.299,1.301,1.293,1.295,246382.0
2026-03-24 13:00:00+00:00,1.295,1.301,1.29,1.292,464827.0
2026-03-24 14:00:00+00:00,1.292,1.297,1.28,1.291,568353.0
2026-03-24 15:00:00+00:00,1.291,1.293,1.281,1.282,176040.0
2026-03-24 16:00:00+00:00,1.282,1.291,1.281,1.29,461120.0
2026-03-24 17:00:00+00:00,1.29,1.291,1.273,1.279,425588.0
2026-03-24 18:00:00+00:00,1.279,1.293,1.277,1.287,490966.0
2026-03-24 19:00:00+00:00,1.287,1.298,1.287,1.292,1076041.0
2026-03-24 20:00:00+00:00,1.292,1.303,1.292,1.299,751902.0
2026-03-24 21:00:00+00:00,1.299,1.303,1.288,1.295,474613.0
2026-03-24 22:00:00+00:00,1.295,1.298,1.283,1.289,175024.0
2026-03-24 23:00:00+00:00,1.289,1.293,1.285,1.291,191001.0
2026-03-25 00:00:00+00:00,1.291,1.301,1.287,1.296,271191.0
2026-03-25 01:00:00+00:00,1.296,1.299,1.29,1.295,96635.0
2026-03-25 02:00:00+00:00,1.295,1.299,1.291,1.293,41681.0
2026-03-25 03:00:00+00:00,1.293,1.295,1.285,1.292,39112.0
2026-03-25 04:00:00+00:00,1.292,1.295,1.287,1.294,143795.0
2026-03-25 05:00:00+00:00,1.294,1.302,1.281,1.283,232447.0
2026-03-25 06:00:00+00:00,1.283,1.283,1.266,1.275,321578.0
2026-03-25 07:00:00+00:00,1.275,1.282,1.27,1.275,159709.0
2026-03-25 08:00:00+00:00,1.275,1.3,1.275,1.297,1367977.0
2026-03-25 09:00:00+00:00,1.297,1.297,1.281,1.291,384759.0
2026-03-25 10:00:00+00:00,1.291,1.302,1.29,1.301,238128.0
2026-03-25 11:00:00+00:00,1.301,1.306,1.296,1.306,327302.0
2026-03-25 12:00:00+00:00,1.306,1.311,1.295,1.302,865396.0
2026-03-25 13:00:00+00:00,1.302,1.306,1.292,1.293,297975.0
2026-03-25 14:00:00+00:00,1.293,1.305,1.291,1.298,477267.0
2026-03-25 15:00:00+00:00,1.298,1.301,1.278,1.281,572847.0
2026-03-25 16:00:00+00:00,1.281,1.297,1.276,1.29,288825.0
2026-03-25 17:00:00+00:00,1.29,1.295,1.272,1.278,240780.0
2026-03-25 18:00:00+00:00,1.278,1.284,1.274,1.276,392786.0
2026-03-25 19:00:00+00:00,1.276,1.283,1.273,1.279,167082.0
2026-03-25 20:00:00+00:00,1.279,1.284,1.27,1.274,155099.0
2026-03-25 21:00:00+00:00,1.274,1.278,1.268,1.275,328673.0
2026-03-25 22:00:00+00:00,1.275,1.285,1.273,1.281,175952.0
2026-03-25 23:00:00+00:00,1.281,1.284,1.275,1.278,112049.0
2026-03-26 00:00:00+00:00,1.278,1.28,1.268,1.273,323179.0
2026-03-26 01:00:00+00:00,1.273,1.276,1.269,1.271,48827.0
2026-03-26 02:00:00+00:00,1.271,1.271,1.253,1.262,506998.0
2026-03-26 03:00:00+00:00,1.262,1.262,1.252,1.254,203383.0
2026-03-26 04:00:00+00:00,1.254,1.255,1.246,1.249,306052.0
2026-03-26 05:00:00+00:00,1.249,1.249,1.232,1.236,392613.0
2026-03-26 06:00:00+00:00,1.236,1.239,1.229,1.232,238786.0
2026-03-26 07:00:00+00:00,1.232,1.235,1.229,1.234,330970.0
2026-03-26 08:00:00+00:00,1.234,1.235,1.226,1.232,367911.0
2026-03-26 09:00:00+00:00,1.232,1.234,1.217,1.221,285432.0
2026-03-26 10:00:00+00:00,1.221,1.223,1.218,1.219,152849.0
2026-03-26 11:00:00+00:00,1.219,1.227,1.219,1.225,174171.0
2026-03-26 12:00:00+00:00,1.225,1.229,1.221,1.224,192438.0
2026-03-26 13:00:00+00:00,1.224,1.238,1.22,1.234,296642.0
2026-03-26 14:00:00+00:00,1.234,1.238,1.231,1.234,215756.0
2026-03-26 15:00:00+00:00,1.234,1.234,1.217,1.219,620438.0
2026-03-26 16:00:00+00:00,1.219,1.226,1.212,1.213,322593.0
2026-03-26 17:00:00+00:00,1.213,1.221,1.206,1.211,240066.0
2026-03-26 18:00:00+00:00,1.211,1.213,1.205,1.211,186701.0
2026-03-26 19:00:00+00:00,1.211,1.211,1.202,1.207,222670.0
2026-03-26 20:00:00+00:00,1.207,1.231,1.203,1.222,802887.0
2026-03-26 21:00:00+00:00,1.222,1.232,1.219,1.223,396863.0
2026-03-26 22:00:00+00:00,1.223,1.225,1.218,1.225,114674.0
2026-03-26 23:00:00+00:00,1.225,1.227,1.217,1.223,54223.0
2026-03-27 00:00:00+00:00,1.223,1.234,1.223,1.228,69790.0
2026-03-27 01:00:00+00:00,1.228,1.24,1.225,1.238,66571.0
2026-03-27 02:00:00+00:00,1.238,1.239,1.232,1.234,196377.0
2026-03-27 03:00:00+00:00,1.234,1.236,1.227,1.227,83957.0
2026-03-27 04:00:00+00:00,1.227,1.229,1.22,1.227,151766.0
2026-03-27 05:00:00+00:00,1.227,1.23,1.221,1.227,133088.0
2026-03-27 06:00:00+00:00,1.227,1.232,1.225,1.232,91337.0
2026-03-27 07:00:00+00:00,1.232,1.237,1.23,1.235,175659.0
2026-03-27 08:00:00+00:00,1.235,1.238,1.22,1.23,600343.0
2026-03-27 09:00:00+00:00,1.23,1.23,1.212,1.214,371428.0
2026-03-27 10:00:00+00:00,1.214,1.214,1.188,1.191,933473.0
2026-03-27 11:00:00+00:00,1.191,1.196,1.183,1.187,345123.0
2026-03-27 12:00:00+00:00,1.187,1.187,1.177,1.181,244483.0
2026-03-27 13:00:00+00:00,1.181,1.19,1.178,1.182,542179.0
2026-03-27 14:00:00+00:00,1.182,1.186,1.175,1.186,509804.0
2026-03-27 15:00:00+00:00,1.186,1.191,1.179,1.181,933720.0
2026-03-27 16:00:00+00:00,1.181,1.183,1.174,1.177,231785.0
2026-03-27 17:00:00+00:00,1.177,1.19,1.177,1.184,660438.0
2026-03-27 18:00:00+00:00,1.184,1.186,1.177,1.178,107763.0
2026-03-27 19:00:00+00:00,1.178,1.184,1.174,1.18,226551.0
2026-03-27 20:00:00+00:00,1.18,1.182,1.168,1.175,410977.0
2026-03-27 21:00:00+00:00,1.175,1.184,1.174,1.177,286662.0
2026-03-27 22:00:00+00:00,1.177,1.178,1.171,1.177,99905.0
2026-03-27 23:00:00+00:00,1.177,1.181,1.173,1.179,122233.0
2026-03-28 00:00:00+00:00,1.179,1.181,1.174,1.175,153097.0
2026-03-28 01:00:00+00:00,1.175,1.175,1.163,1.172,353345.0
2026-03-28 02:00:00+00:00,1.172,1.177,1.161,1.165,92854.0
2026-03-28 03:00:00+00:00,1.165,1.166,1.162,1.164,20471.0
2026-03-28 04:00:00+00:00,1.164,1.167,1.161,1.167,195201.0
2026-03-28 05:00:00+00:00,1.167,1.173,1.163,1.171,888103.0
2026-03-28 06:00:00+00:00,1.171,1.177,1.168,1.172,554929.0
2026-03-28 07:00:00+00:00,1.172,1.177,1.171,1.174,57414.0
2026-03-28 08:00:00+00:00,1.174,1.178,1.172,1.173,204113.0
2026-03-28 09:00:00+00:00,1.173,1.173,1.161,1.162,248836.0
2026-03-28 10:00:00+00:00,1.162,1.168,1.16,1.165,287833.0
2026-03-28 11:00:00+00:00,1.165,1.171,1.163,1.169,290601.0
2026-03-28 12:00:00+00:00,1.169,1.17,1.163,1.164,249344.0
2026-03-28 13:00:00+00:00,1.164,1.186,1.161,1.179,433411.0
2026-03-28 14:00:00+00:00,1.179,1.183,1.172,1.177,156079.0
2026-03-28 15:00:00+00:00,1.177,1.187,1.174,1.183,320823.0
2026-03-28 16:00:00+00:00,1.183,1.188,1.18,1.186,397210.0
2026-03-28 17:00:00+00:00,1.186,1.187,1.178,1.185,322591.0
2026-03-28 18:00:00+00:00,1.185,1.189,1.183,1.187,96550.0
2026-03-28 19:00:00+00:00,1.187,1.188,1.182,1.188,75760.0
2026-03-28 20:00:00+00:00,1.188,1.191,1.186,1.186,257840.0
2026-03-28 21:00:00+00:00,1.186,1.19,1.179,1.18,100842.0
2026-03-28 22:00:00+00:00,1.18,1.181,1.173,1.178,366015.0
2026-03-28 23:00:00+00:00,1.178,1.179,1.164,1.173,354736.0
2026-03-29 00:00:00+00:00,1.173,1.174,1.161,1.164,127965.0
2026-03-29 01:00:00+00:00,1.164,1.174,1.163,1.168,92076.0
2026-03-29 02:00:00+00:00,1.168,1.172,1.166,1.169,23241.0
2026-03-29 03:00:00+00:00,1.169,1.177,1.168,1.17,264947.0
2026-03-29 04:00:00+00:00,1.17,1.173,1.168,1.169,37669.0
2026-03-29 05:00:00+00:00,1.169,1.171,1.166,1.17,105725.0
2026-03-29 06:00:00+00:00,1.17,1.172,1.169,1.169,248596.0
2026-03-29 07:00:00+00:00,1.169,1.169,1.162,1.163,181533.0
2026-03-29 08:00:00+00:00,1.163,1.166,1.16,1.163,187285.0
2026-03-29 09:00:00+00:00,1.163,1.166,1.161,1.163,6474567.0
2026-03-29 10:00:00+00:00,1.163,1.164,1.154,1.159,408800.0
2026-03-29 11:00:00+00:00,1.159,1.167,1.158,1.164,3543131.0
2026-03-29 12:00:00+00:00,1.164,1.164,1.155,1.159,3461099.0
2026-03-29 13:00:00+00:00,1.159,1.162,1.151,1.157,6776326.0
2026-03-29 14:00:00+00:00,1.157,1.164,1.156,1.158,6346074.0
2026-03-29 15:00:00+00:00,1.158,1.161,1.154,1.159,356754.0
2026-03-29 16:00:00+00:00,1.159,1.162,1.151,1.152,192904.0
2026-03-29 17:00:00+00:00,1.152,1.157,1.149,1.155,473819.0
2026-03-29 18:00:00+00:00,1.155,1.157,1.149,1.155,252632.0
2026-03-29 19:00:00+00:00,1.155,1.159,1.154,1.157,219312.0
2026-03-29 20:00:00+00:00,1.157,1.171,1.156,1.168,932454.0
2026-03-29 21:00:00+00:00,1.168,1.176,1.166,1.174,228468.0
2026-03-29 22:00:00+00:00,1.174,1.174,1.129,1.156,1660435.0
2026-03-29 23:00:00+00:00,1.156,1.167,1.156,1.164,405968.0
2026-03-30 00:00:00+00:00,1.164,1.188,1.163,1.169,676947.0
2026-03-30 01:00:00+00:00,1.169,1.177,1.168,1.174,420542.0
2026-03-30 02:00:00+00:00,1.174,1.197,1.174,1.186,359365.0
2026-03-30 03:00:00+00:00,1.186,1.191,1.183,1.19,102250.0
2026-03-30 04:00:00+00:00,1.19,1.203,1.186,1.201,544572.0
2026-03-30 05:00:00+00:00,1.201,1.206,1.194,1.199,113588.0
2026-03-30 06:00:00+00:00,1.199,1.203,1.194,1.196,52828.0
2026-03-30 07:00:00+00:00,1.196,1.205,1.189,1.203,333566.0
2026-03-30 08:00:00+00:00,1.203,1.224,1.202,1.218,512388.0
2026-03-30 09:00:00+00:00,1.218,1.22,1.2,1.202,203306.0
2026-03-30 10:00:00+00:00,1.202,1.202,1.193,1.198,107171.0
2026-03-30 11:00:00+00:00,1.198,1.207,1.196,1.2,1349599.0
2026-03-30 12:00:00+00:00,1.2,1.206,1.198,1.204,78174.0
2026-03-30 13:00:00+00:00,1.204,1.207,1.191,1.194,777032.0
2026-03-30 14:00:00+00:00,1.194,1.195,1.177,1.187,394288.0
2026-03-30 15:00:00+00:00,1.187,1.188,1.176,1.18,280951.0
2026-03-30 16:00:00+00:00,1.18,1.181,1.169,1.172,371048.0
2026-03-30 17:00:00+00:00,1.172,1.174,1.157,1.164,659000.0
2026-03-30 18:00:00+00:00,1.164,1.168,1.154,1.159,657660.0
2026-03-30 19:00:00+00:00,1.159,1.161,1.148,1.154,332622.0
2026-03-30 20:00:00+00:00,1.154,1.159,1.148,1.156,200098.0
2026-03-30 21:00:00+00:00,1.156,1.173,1.155,1.166,414753.0
2026-03-30 22:00:00+00:00,1.166,1.17,1.162,1.164,257311.0
2026-03-30 23:00:00+00:00,1.164,1.164,1.154,1.161,67722.0
2026-03-31 00:00:00+00:00,1.161,1.171,1.159,1.17,468345.0
2026-03-31 01:00:00+00:00,1.17,1.202,1.17,1.19,522683.0
2026-03-31 02:00:00+00:00,1.19,1.19,1.18,1.185,216530.0
2026-03-31 03:00:00+00:00,1.185,1.185,1.175,1.178,196557.0
2026-03-31 04:00:00+00:00,1.178,1.183,1.175,1.175,94098.0
2026-03-31 05:00:00+00:00,1.175,1.179,1.172,1.178,381829.0
2026-03-31 06:00:00+00:00,1.178,1.186,1.174,1.183,312252.0
2026-03-31 07:00:00+00:00,1.183,1.186,1.178,1.185,459951.0
2026-03-31 08:00:00+00:00,1.185,1.187,1.174,1.176,1096188.0
2026-03-31 09:00:00+00:00,1.176,1.179,1.161,1.166,273686.0
2026-03-31 10:00:00+00:00,1.166,1.173,1.165,1.165,191181.0
2026-03-31 11:00:00+00:00,1.165,1.176,1.163,1.175,451797.0
2026-03-31 12:00:00+00:00,1.175,1.183,1.171,1.172,635321.0
2026-03-31 13:00:00+00:00,1.172,1.194,1.172,1.19,263086.0
2026-03-31 14:00:00+00:00,1.19,1.199,1.171,1.174,861967.0
2026-03-31 15:00:00+00:00,1.174,1.192,1.171,1.173,490082.0
2026-03-31 16:00:00+00:00,1.173,1.198,1.171,1.194,693939.0
2026-03-31 17:00:00+00:00,1.194,1.203,1.182,1.183,1205153.0
2026-03-31 18:00:00+00:00,1.183,1.19,1.182,1.188,177663.0
2026-03-31 19:00:00+00:00,1.188,1.191,1.18,1.186,7934817.0
2026-03-31 20:00:00+00:00,1.186,1.189,1.182,1.184,514564.0
2026-03-31 21:00:00+00:00,1.184,1.188,1.176,1.183,227149.0
2026-03-31 22:00:00+00:00,1.183,1.184,1.174,1.18,212875.0
2026-03-31 23:00:00+00:00,1.18,1.189,1.178,1.187,85001.0
2026-04-01 00:00:00+00:00,1.187,1.191,1.182,1.188,184453.0
2026-04-01 01:00:00+00:00,1.188,1.191,1.18,1.181,181271.0
2026-04-01 02:00:00+00:00,1.181,1.185,1.177,1.18,12581.0
2026-04-01 03:00:00+00:00,1.18,1.193,1.18,1.192,273416.0
2026-04-01 04:00:00+00:00,1.192,1.197,1.187,1.194,191867.0
2026-04-01 05:00:00+00:00,1.194,1.21,1.19,1.206,334484.0
2026-04-01 06:00:00+00:00,1.206,1.224,1.205,1.22,257556.0
2026-04-01 07:00:00+00:00,1.22,1.227,1.213,1.217,230064.0
2026-04-01 08:00:00+00:00,1.217,1.222,1.209,1.213,241586.0
2026-04-01 09:00:00+00:00,1.213,1.214,1.205,1.21,228816.0
2026-04-01 10:00:00+00:00,1.21,1.211,1.199,1.203,218847.0
2026-04-01 11:00:00+00:00,1.203,1.211,1.201,1.211,261521.0
2026-04-01 12:00:00+00:00,1.211,1.228,1.209,1.216,657941.0
2026-04-01 13:00:00+00:00,1.216,1.217,1.201,1.206,647669.0
2026-04-01 14:00:00+00:00,1.206,1.214,1.204,1.212,372280.0
2026-04-01 15:00:00+00:00,1.212,1.214,1.201,1.206,182829.0
2026-04-01 16:00:00+00:00,1.206,1.208,1.198,1.204,472750.0
2026-04-01 17:00:00+00:00,1.204,1.215,1.201,1.204,524069.0
2026-04-01 18:00:00+00:00,1.204,1.205,1.195,1.197,216688.0
2026-04-01 19:00:00+00:00,1.197,1.205,1.196,1.2,211068.0
2026-04-01 20:00:00+00:00,1.2,1.202,1.194,1.197,536843.0
2026-04-01 21:00:00+00:00,1.197,1.205,1.195,1.199,116375.0
2026-04-01 22:00:00+00:00,1.199,1.201,1.188,1.19,113158.0
2026-04-01 23:00:00+00:00,1.19,1.192,1.186,1.191,573540.0
2026-04-02 00:00:00+00:00,1.191,1.204,1.188,1.201,207845.0
2026-04-02 01:00:00+00:00,1.201,1.201,1.162,1.171,1258173.0
2026-04-02 02:00:00+00:00,1.171,1.171,1.157,1.163,679207.0
2026-04-02 03:00:00+00:00,1.163,1.166,1.152,1.157,579835.0
2026-04-02 04:00:00+00:00,1.157,1.16,1.152,1.153,584403.0
2026-04-02 05:00:00+00:00,1.153,1.154,1.145,1.154,261155.0
2026-04-02 06:00:00+00:00,1.154,1.161,1.152,1.155,422425.0
2026-04-02 07:00:00+00:00,1.155,1.166,1.153,1.165,219123.0
2026-04-02 08:00:00+00:00,1.165,1.166,1.154,1.154,56171.0
2026-04-02 09:00:00+00:00,1.154,1.157,1.152,1.155,100312.0
2026-04-02 10:00:00+00:00,1.155,1.157,1.148,1.151,621848.0
2026-04-02 11:00:00+00:00,1.151,1.155,1.145,1.153,41327.0
2026-04-02 12:00:00+00:00,1.153,1.156,1.15,1.151,173754.0
2026-04-02 13:00:00+00:00,1.151,1.152,1.138,1.147,275658.0
2026-04-02 14:00:00+00:00,1.147,1.17,1.146,1.164,351341.0
2026-04-02 15:00:00+00:00,1.164,1.165,1.152,1.156,306698.0
2026-04-02 16:00:00+00:00,1.156,1.164,1.15,1.158,346940.0
2026-04-02 17:00:00+00:00,1.158,1.166,1.148,1.149,121352.0
2026-04-02 18:00:00+00:00,1.149,1.156,1.147,1.154,1965520.0
2026-04-02 19:00:00+00:00,1.154,1.158,1.15,1.158,1959523.0
2026-04-02 20:00:00+00:00,1.158,1.163,1.153,1.159,5337096.0
2026-04-02 21:00:00+00:00,1.159,1.16,1.153,1.158,67216.0
2026-04-02 22:00:00+00:00,1.158,1.163,1.156,1.16,202143.0
2026-04-02 23:00:00+00:00,1.16,1.162,1.157,1.161,3544325.0
2026-04-03 00:00:00+00:00,1.161,1.164,1.157,1.159,191242.0
2026-04-03 01:00:00+00:00,1.159,1.165,1.158,1.161,101017.0
2026-04-03 02:00:00+00:00,1.161,1.17,1.158,1.167,91902.0
2026-04-03 03:00:00+00:00,1.167,1.179,1.165,1.176,60348.0
2026-04-03 04:00:00+00:00,1.176,1.181,1.173,1.18,87523.0
2026-04-03 05:00:00+00:00,1.18,1.188,1.175,1.186,223252.0
2026-04-03 06:00:00+00:00,1.186,1.205,1.182,1.198,193022.0
2026-04-03 07:00:00+00:00,1.198,1.209,1.195,1.203,287703.0
2026-04-03 08:00:00+00:00,1.203,1.221,1.203,1.213,257958.0
2026-04-03 09:00:00+00:00,1.213,1.223,1.207,1.218,207083.0
2026-04-03 10:00:00+00:00,1.218,1.225,1.215,1.221,244158.0
2026-04-03 11:00:00+00:00,1.221,1.227,1.218,1.223,261736.0
2026-04-03 12:00:00+00:00,1.223,1.227,1.212,1.215,576532.0
2026-04-03 13:00:00+00:00,1.215,1.216,1.209,1.213,96945.0
2026-04-03 14:00:00+00:00,1.213,1.216,1.208,1.212,200422.0
2026-04-03 15:00:00+00:00,1.212,1.214,1.2,1.203,303321.0
2026-04-03 16:00:00+00:00,1.203,1.212,1.202,1.212,104713.0
2026-04-03 17:00:00+00:00,1.212,1.212,1.203,1.205,150792.0
2026-04-03 18:00:00+00:00,1.205,1.207,1.2,1.201,61976.0
2026-04-03 19:00:00+00:00,1.201,1.208,1.196,1.206,166104.0
2026-04-03 20:00:00+00:00,1.206,1.215,1.205,1.214,319849.0
2026-04-03 21:00:00+00:00,1.214,1.22,1.208,1.209,495370.0
2026-04-03 22:00:00+00:00,1.209,1.21,1.204,1.206,1204812.0
2026-04-03 23:00:00+00:00,1.206,1.209,1.204,1.209,53193.0
2026-04-04 00:00:00+00:00,1.209,1.212,1.207,1.209,43500.0
2026-04-04 01:00:00+00:00,1.209,1.211,1.205,1.21,63963.0
2026-04-04 02:00:00+00:00,1.21,1.213,1.208,1.209,117010.0
2026-04-04 03:00:00+00:00,1.209,1.224,1.209,1.222,113353.0
2026-04-04 04:00:00+00:00,1.222,1.226,1.217,1.226,316745.0
2026-04-04 05:00:00+00:00,1.226,1.228,1.217,1.219,148064.0
2026-04-04 06:00:00+00:00,1.219,1.225,1.217,1.225,149758.0
2026-04-04 07:00:00+00:00,1.225,1.233,1.224,1.231,354600.0
2026-04-04 08:00:00+00:00,1.231,1.231,1.223,1.225,146333.0
2026-04-04 09:00:00+00:00,1.225,1.228,1.223,1.227,114704.0
2026-04-04 10:00:00+00:00,1.227,1.235,1.224,1.232,261063.0
2026-04-04 11:00:00+00:00,1.232,1.236,1.23,1.231,194523.0
2026-04-04 12:00:00+00:00,1.231,1.248,1.23,1.247,2192210.0
2026-04-04 13:00:00+00:00,1.247,1.257,1.242,1.243,959233.0
2026-04-04 14:00:00+00:00,1.243,1.25,1.24,1.248,296566.0
2026-04-04 15:00:00+00:00,1.248,1.266,1.247,1.264,873756.0
2026-04-04 16:00:00+00:00,1.264,1.273,1.255,1.255,991657.0
2026-04-04 17:00:00+00:00,1.255,1.281,1.252,1.277,908006.0
2026-04-04 18:00:00+00:00,1.277,1.285,1.272,1.278,750225.0
2026-04-04 19:00:00+00:00,1.278,1.29,1.269,1.27,1874085.0
2026-04-04 20:00:00+00:00,1.27,1.271,1.262,1.263,211201.0
2026-04-04 21:00:00+00:00,1.263,1.27,1.259,1.261,246457.0
2026-04-04 22:00:00+00:00,1.261,1.261,1.252,1.254,120760.0
2026-04-04 23:00:00+00:00,1.254,1.257,1.252,1.254,73258.0
2026-04-05 00:00:00+00:00,1.254,1.259,1.252,1.258,38234.0
2026-04-05 01:00:00+00:00,1.258,1.263,1.256,1.258,73536.0
2026-04-05 02:00:00+00:00,1.258,1.258,1.251,1.258,152200.0
2026-04-05 03:00:00+00:00,1.258,1.26,1.255,1.26,89183.0
2026-04-05 04:00:00+00:00,1.26,1.27,1.256,1.263,216012.0
2026-04-05 05:00:00+00:00,1.263,1.267,1.25,1.251,230847.0
2026-04-05 06:00:00+00:00,1.251,1.252,1.24,1.246,282918.0
2026-04-05 07:00:00+00:00,1.246,1.247,1.237,1.24,294142.0
2026-04-05 08:00:00+00:00,1.24,1.244,1.238,1.243,53619.0
2026-04-05 09:00:00+00:00,1.243,1.251,1.241,1.247,930200.0
2026-04-05 10:00:00+00:00,1.247,1.25,1.241,1.242,140652.0
2026-04-05 11:00:00+00:00,1.242,1.247,1.241,1.246,183271.0
2026-04-05 12:00:00+00:00,1.246,1.248,1.234,1.243,293701.0
2026-04-05 13:00:00+00:00,1.243,1.246,1.237,1.245,166997.0
2026-04-05 14:00:00+00:00,1.245,1.25,1.244,1.246,84062.0
2026-04-05 15:00:00+00:00,1.246,1.262,1.241,1.247,346186.0
2026-04-05 16:00:00+00:00,1.247,1.25,1.243,1.244,290678.0
2026-04-05 17:00:00+00:00,1.244,1.245,1.239,1.24,84697.0
2026-04-05 18:00:00+00:00,1.24,1.241,1.227,1.231,297281.0
2026-04-05 19:00:00+00:00,1.231,1.236,1.227,1.232,134093.0
2026-04-05 20:00:00+00:00,1.232,1.236,1.23,1.232,65847.0
2026-04-05 21:00:00+00:00,1.232,1.232,1.224,1.228,73588.0
2026-04-05 22:00:00+00:00,1.228,1.242,1.224,1.24,616646.0
2026-04-05 23:00:00+00:00,1.24,1.251,1.237,1.247,320566.0
2026-04-06 00:00:00+00:00,1.247,1.263,1.247,1.259,592522.0
2026-04-06 01:00:00+00:00,1.259,1.263,1.254,1.26,103184.0
2026-04-06 02:00:00+00:00,1.26,1.274,1.26,1.267,126725.0
2026-04-06 03:00:00+00:00,1.267,1.276,1.265,1.273,200960.0
2026-04-06 04:00:00+00:00,1.273,1.28,1.266,1.275,149853.0
2026-04-06 05:00:00+00:00,1.275,1.277,1.272,1.273,49703.0
2026-04-06 06:00:00+00:00,1.273,1.277,1.267,1.274,289001.0
2026-04-06 07:00:00+00:00,1.274,1.274,1.262,1.267,259987.0
2026-04-06 08:00:00+00:00,1.267,1.279,1.267,1.277,374413.0
2026-04-06 09:00:00+00:00,1.277,1.287,1.275,1.281,594103.0
2026-04-06 10:00:00+00:00,1.281,1.296,1.281,1.295,784364.0
2026-04-06 11:00:00+00:00,1.295,1.302,1.29,1.294,2104508.0
2026-04-06 12:00:00+00:00,1.294,1.301,1.291,1.293,415942.0
2026-04-06 13:00:00+00:00,1.293,1.294,1.282,1.283,401570.0
2026-04-06 14:00:00+00:00,1.283,1.285,1.27,1.28,578867.0
2026-04-06 15:00:00+00:00,1.28,1.283,1.274,1.279,137959.0
2026-04-06 16:00:00+00:00,1.279,1.285,1.276,1.28,136834.0
2026-04-06 17:00:00+00:00,1.28,1.28,1.269,1.276,389429.0
2026-04-06 18:00:00+00:00,1.276,1.277,1.271,1.274,235463.0
2026-04-06 19:00:00+00:00,1.274,1.276,1.266,1.272,91765.0
2026-04-06 20:00:00+00:00,1.272,1.279,1.269,1.277,126498.0
2026-04-06 21:00:00+00:00,1.277,1.279,1.254,1.255,213532.0
2026-04-06 22:00:00+00:00,1.255,1.262,1.246,1.246,342328.0
2026-04-06 23:00:00+00:00,1.246,1.252,1.236,1.249,781730.0
2026-04-07 00:00:00+00:00,1.249,1.25,1.237,1.241,193565.0
2026-04-07 01:00:00+00:00,1.241,1.243,1.231,1.235,285708.0
2026-04-07 02:00:00+00:00,1.235,1.238,1.229,1.235,62491.0
2026-04-07 03:00:00+00:00,1.235,1.24,1.233,1.238,37502.0
2026-04-07 04:00:00+00:00,1.238,1.241,1.233,1.239,74728.0
2026-04-07 05:00:00+00:00,1.239,1.239,1.226,1.23,121173.0
2026-04-07 06:00:00+00:00,1.23,1.235,1.225,1.235,63313.0
2026-04-07 07:00:00+00:00,1.235,1.241,1.233,1.236,242028.0
2026-04-07 08:00:00+00:00,1.236,1.247,1.235,1.244,497507.0
2026-04-07 09:00:00+00:00,1.244,1.255,1.244,1.248,223913.0
2026-04-07 10:00:00+00:00,1.248,1.256,1.234,1.237,559580.0
2026-04-07 11:00:00+00:00,1.237,1.24,1.233,1.235,864012.0
2026-04-07 12:00:00+00:00,1.235,1.246,1.226,1.243,390163.0
2026-04-07 13:00:00+00:00,1.243,1.248,1.234,1.235,321584.0
2026-04-07 14:00:00+00:00,1.235,1.237,1.227,1.228,466499.0
2026-04-07 15:00:00+00:00,1.228,1.238,1.219,1.238,454569.0
2026-04-07 16:00:00+00:00,1.238,1.246,1.235,1.238,305804.0
2026-04-07 17:00:00+00:00,1.238,1.248,1.233,1.245,147345.0
2026-04-07 18:00:00+00:00,1.245,1.25,1.242,1.246,162293.0
2026-04-07 19:00:00+00:00,1.246,1.265,1.24,1.261,933735.0
2026-04-07 20:00:00+00:00,1.261,1.271,1.261,1.267,751869.0
2026-04-07 21:00:00+00:00,1.267,1.313,1.265,1.305,4119164.0
2026-04-07 22:00:00+00:00,1.305,1.332,1.296,1.331,8417817.0
2026-04-07 23:00:00+00:00,1.331,1.341,1.308,1.308,2908395.0
2026-04-08 00:00:00+00:00,1.308,1.312,1.288,1.289,226676.0
2026-04-08 01:00:00+00:00,1.289,1.299,1.284,1.293,211685.0
2026-04-08 02:00:00+00:00,1.293,1.302,1.289,1.295,476290.0
2026-04-08 03:00:00+00:00,1.295,1.301,1.291,1.298,217293.0
2026-04-08 04:00:00+00:00,1.298,1.309,1.296,1.303,491343.0
2026-04-08 05:00:00+00:00,1.303,1.33,1.303,1.32,5356834.0
2026-04-08 06:00:00+00:00,1.32,1.34,1.32,1.336,4064251.0
2026-04-08 07:00:00+00:00,1.336,1.351,1.33,1.348,45317546.0
2026-04-08 08:00:00+00:00,1.348,1.369,1.337,1.364,4448043.0
2026-04-08 09:00:00+00:00,1.364,1.38,1.36,1.37,5340923.0
2026-04-08 10:00:00+00:00,1.37,1.38,1.358,1.359,4849167.0
2026-04-08 11:00:00+00:00,1.359,1.366,1.347,1.358,554706.0
2026-04-08 12:00:00+00:00,1.358,1.379,1.358,1.377,2424041.0
2026-04-08 13:00:00+00:00,1.377,1.391,1.368,1.376,388516.0
2026-04-08 14:00:00+00:00,1.376,1.38,1.351,1.356,560728.0
2026-04-08 15:00:00+00:00,1.356,1.356,1.344,1.35,331878.0
2026-04-08 16:00:00+00:00,1.35,1.355,1.34,1.352,359896.0
2026-04-08 17:00:00+00:00,1.352,1.367,1.352,1.363,273223.0
2026-04-08 18:00:00+00:00,1.363,1.363,1.339,1.34,608328.0
2026-04-08 19:00:00+00:00,1.34,1.345,1.338,1.343,188799.0
2026-04-08 20:00:00+00:00,1.343,1.353,1.338,1.342,222121.0
2026-04-08 21:00:00+00:00,1.342,1.353,1.34,1.35,262738.0
2026-04-08 22:00:00+00:00,1.35,1.35,1.332,1.333,218847.0
2026-04-08 23:00:00+00:00,1.333,1.341,1.326,1.329,331676.0
2026-04-09 00:00:00+00:00,1.329,1.335,1.325,1.331,310369.0
2026-04-09 01:00:00+00:00,1.331,1.335,1.319,1.327,167903.0
2026-04-09 02:00:00+00:00,1.327,1.337,1.325,1.33,78342.0
2026-04-09 03:00:00+00:00,1.33,1.342,1.324,1.329,163933.0
2026-04-09 04:00:00+00:00,1.329,1.344,1.327,1.338,67214.0
2026-04-09 05:00:00+00:00,1.338,1.35,1.333,1.335,258986.0
2026-04-09 06:00:00+00:00,1.335,1.344,1.335,1.343,89274.0
2026-04-09 07:00:00+00:00,1.343,1.354,1.343,1.348,239167.0
2026-04-09 08:00:00+00:00,1.348,1.349,1.341,1.343,171499.0
2026-04-09 09:00:00+00:00,1.343,1.344,1.326,1.332,253015.0
2026-04-09 10:00:00+00:00,1.332,1.334,1.326,1.328,545294.0
2026-04-09 11:00:00+00:00,1.328,1.331,1.326,1.329,133790.0
2026-04-09 12:00:00+00:00,1.329,1.341,1.327,1.34,148039.0
2026-04-09 13:00:00+00:00,1.34,1.344,1.323,1.326,759374.0
2026-04-09 14:00:00+00:00,1.326,1.352,1.322,1.345,3694715.0
2026-04-09 15:00:00+00:00,1.345,1.39,1.34,1.379,3890512.0
2026-04-09 16:00:00+00:00,1.379,1.389,1.355,1.362,618037.0
2026-04-09 17:00:00+00:00,1.362,1.367,1.35,1.359,198624.0
2026-04-09 18:00:00+00:00,1.359,1.365,1.347,1.36,228988.0
2026-04-09 19:00:00+00:00,1.36,1.369,1.358,1.361,112429.0
2026-04-09 20:00:00+00:00,1.361,1.369,1.358,1.366,120199.0
2026-04-09 21:00:00+00:00,1.366,1.371,1.35,1.356,122516.0
2026-04-09 22:00:00+00:00,1.356,1.387,1.356,1.37,709494.0
2026-04-09 23:00:00+00:00,1.37,1.372,1.356,1.366,208023.0
2026-04-10 00:00:00+00:00,1.366,1.371,1.354,1.366,125855.0
2026-04-10 01:00:00+00:00,1.366,1.377,1.359,1.363,188007.0
2026-04-10 02:00:00+00:00,1.363,1.369,1.359,1.36,78162.0
2026-04-10 03:00:00+00:00,1.36,1.361,1.349,1.356,18829079.0
2026-04-10 04:00:00+00:00,1.356,1.374,1.355,1.371,158351.0
2026-04-10 05:00:00+00:00,1.371,1.376,1.364,1.365,199325.0
2026-04-10 06:00:00+00:00,1.365,1.374,1.347,1.353,219295.0
2026-04-10 07:00:00+00:00,1.353,1.359,1.35,1.355,221209.0
2026-04-10 08:00:00+00:00,1.355,1.36,1.343,1.354,278499.0
2026-04-10 09:00:00+00:00,1.354,1.383,1.354,1.375,622691.0
2026-04-10 10:00:00+00:00,1.375,1.379,1.367,1.368,262485.0
2026-04-10 11:00:00+00:00,1.368,1.37,1.358,1.365,302161.0
2026-04-10 12:00:00+00:00,1.365,1.369,1.353,1.362,147409.0
2026-04-10 13:00:00+00:00,1.362,1.372,1.36,1.367,124319.0
2026-04-10 14:00:00+00:00,1.367,1.385,1.364,1.384,7257932.0
2026-04-10 15:00:00+00:00,1.384,1.394,1.368,1.375,553607.0
2026-04-10 16:00:00+00:00,1.375,1.379,1.367,1.373,147472.0
2026-04-10 17:00:00+00:00,1.373,1.373,1.358,1.364,279618.0
2026-04-10 18:00:00+00:00,1.364,1.375,1.362,1.375,93835.0
2026-04-10 19:00:00+00:00,1.375,1.378,1.369,1.377,294282.0
2026-04-10 20:00:00+00:00,1.377,1.379,1.353,1.363,392870.0
2026-04-10 21:00:00+00:00,1.363,1.363,1.345,1.355,149255.0
2026-04-10 22:00:00+00:00,1.355,1.36,1.352,1.359,70580.0
2026-04-10 23:00:00+00:00,1.359,1.362,1.353,1.359,102729.0
2026-04-11 00:00:00+00:00,1.359,1.364,1.353,1.356,50019.0
2026-04-11 01:00:00+00:00,1.356,1.358,1.338,1.348,150522.0
2026-04-11 02:00:00+00:00,1.348,1.355,1.347,1.352,53909.0
2026-04-11 03:00:00+00:00,1.352,1.361,1.347,1.353,185637.0
2026-04-11 04:00:00+00:00,1.353,1.354,1.342,1.347,74146.0
2026-04-11 05:00:00+00:00,1.347,1.349,1.338,1.339,109297.0
2026-04-11 06:00:00+00:00,1.339,1.34,1.329,1.334,133006.0
2026-04-11 07:00:00+00:00,1.334,1.34,1.331,1.339,99665.0
2026-04-11 08:00:00+00:00,1.339,1.35,1.338,1.344,110394.0
2026-04-11 09:00:00+00:00,1.344,1.347,1.34,1.345,80970.0
2026-04-11 10:00:00+00:00,1.345,1.347,1.34,1.347,106189.0
2026-04-11 11:00:00+00:00,1.347,1.352,1.344,1.35,132557.0
2026-04-11 12:00:00+00:00,1.35,1.36,1.348,1.352,5015565.0
2026-04-11 13:00:00+00:00,1.352,1.358,1.346,1.357,163068.0
2026-04-11 14:00:00+00:00,1.357,1.358,1.349,1.35,150886.0
2026-04-11 15:00:00+00:00,1.35,1.368,1.35,1.366,188884.0
2026-04-11 16:00:00+00:00,1.366,1.395,1.366,1.383,1033318.0
2026-04-11 17:00:00+00:00,1.383,1.417,1.38,1.405,2041794.0
2026-04-11 18:00:00+00:00,1.405,1.42,1.4,1.402,901964.0
2026-04-11 19:00:00+00:00,1.402,1.416,1.4,1.407,807342.0
2026-04-11 20:00:00+00:00,1.407,1.408,1.392,1.401,273643.0
2026-04-11 21:00:00+00:00,1.401,1.414,1.395,1.404,16005000.0
2026-04-11 22:00:00+00:00,1.404,1.424,1.4,1.405,321813.0
2026-04-11 23:00:00+00:00,1.405,1.409,1.394,1.402,326115.0
2026-04-12 00:00:00+00:00,1.402,1.406,1.388,1.393,225194.0
2026-04-12 01:00:00+00:00,1.393,1.395,1.344,1.347,626696.0
2026-04-12 02:00:00+00:00,1.347,1.351,1.334,1.35,209868.0
2026-04-12 03:00:00+00:00,1.35,1.353,1.343,1.343,49066.0
2026-04-12 04:00:00+00:00,1.343,1.345,1.334,1.338,88561.0
2026-04-12 05:00:00+00:00,1.338,1.343,1.336,1.341,195269.0
2026-04-12 06:00:00+00:00,1.341,1.344,1.332,1.335,117754.0
2026-04-12 07:00:00+00:00,1.335,1.34,1.331,1.335,65423.0
2026-04-12 08:00:00+00:00,1.335,1.341,1.333,1.334,52425.0
2026-04-12 09:00:00+00:00,1.334,1.337,1.327,1.327,98679.0
2026-04-12 10:00:00+00:00,1.327,1.33,1.323,1.326,302261.0
2026-04-12 11:00:00+00:00,1.326,1.333,1.323,1.331,101015.0
2026-04-12 12:00:00+00:00,1.331,1.341,1.328,1.332,297649.0
2026-04-12 13:00:00+00:00,1.332,1.343,1.331,1.333,242501.0
2026-04-12 14:00:00+00:00,1.333,1.352,1.332,1.338,578295.0
2026-04-12 15:00:00+00:00,1.338,1.34,1.332,1.334,160273.0
2026-04-12 16:00:00+00:00,1.334,1.348,1.333,1.346,207208.0
2026-04-12 17:00:00+00:00,1.346,1.358,1.344,1.355,191014.0
2026-04-12 18:00:00+00:00,1.355,1.366,1.352,1.353,174237.0
2026-04-12 19:00:00+00:00,1.353,1.357,1.35,1.356,278804.0
2026-04-12 20:00:00+00:00,1.356,1.366,1.353,1.361,114750.0
2026-04-12 21:00:00+00:00,1.361,1.369,1.355,1.363,233754.0
2026-04-12 22:00:00+00:00,1.363,1.363,1.344,1.348,499637.0
2026-04-12 23:00:00+00:00,1.348,1.352,1.341,1.344,160313.0
2026-04-13 00:00:00+00:00,1.344,1.372,1.344,1.363,105204.0
2026-04-13 01:00:00+00:00,1.363,1.387,1.362,1.383,214033.0
2026-04-13 02:00:00+00:00,1.383,1.386,1.354,1.361,310398.0
2026-04-13 03:00:00+00:00,1.361,1.371,1.352,1.367,159496.0
2026-04-13 04:00:00+00:00,1.367,1.372,1.354,1.356,100856.0
2026-04-13 05:00:00+00:00,1.356,1.365,1.349,1.365,163958.0
2026-04-13 06:00:00+00:00,1.365,1.391,1.364,1.388,219416.0
2026-04-13 07:00:00+00:00,1.388,1.393,1.373,1.386,402198.0
2026-04-13 08:00:00+00:00,1.386,1.393,1.374,1.375,464907.0
2026-04-13 09:00:00+00:00,1.375,1.394,1.374,1.389,217936.0
2026-04-13 10:00:00+00:00,1.389,1.389,1.369,1.369,243468.0
2026-04-13 11:00:00+00:00,1.369,1.379,1.369,1.378,145298.0
2026-04-13 12:00:00+00:00,1.378,1.384,1.362,1.377,424977.0
2026-04-13 13:00:00+00:00,1.377,1.408,1.372,1.397,614563.0
2026-04-13 14:00:00+00:00,1.397,1.404,1.386,1.394,495912.0
2026-04-13 15:00:00+00:00,1.394,1.395,1.367,1.374,423446.0
2026-04-13 16:00:00+00:00,1.374,1.392,1.372,1.388,231409.0
2026-04-13 17:00:00+00:00,1.388,1.408,1.386,1.394,404007.0
2026-04-13 18:00:00+00:00,1.394,1.403,1.39,1.399,210857.0
2026-04-13 19:00:00+00:00,1.399,1.413,1.397,1.406,360089.0
2026-04-13 20:00:00+00:00,1.406,1.407,1.385,1.39,214107.0
2026-04-13 21:00:00+00:00,1.39,1.4,1.385,1.398,356981.0
2026-04-13 22:00:00+00:00,1.398,1.415,1.395,1.406,572463.0
2026-04-13 23:00:00+00:00,1.406,1.419,1.395,1.417,329431.0
2026-04-14 00:00:00+00:00,1.417,1.42,1.402,1.412,406092.0
2026-04-14 01:00:00+00:00,1.412,1.423,1.404,1.413,165753.0
2026-04-14 02:00:00+00:00,1.413,1.417,1.409,1.412,39236.0
2026-04-14 03:00:00+00:00,1.412,1.413,1.404,1.409,22941.0
2026-04-14 04:00:00+00:00,1.409,1.414,1.404,1.406,33862.0
2026-04-14 05:00:00+00:00,1.406,1.407,1.398,1.404,90668.0
2026-04-14 06:00:00+00:00,1.404,1.426,1.404,1.423,230036.0
2026-04-14 07:00:00+00:00,1.423,1.431,1.416,1.431,358737.0
2026-04-14 08:00:00+00:00,1.431,1.438,1.421,1.427,529782.0
2026-04-14 09:00:00+00:00,1.427,1.427,1.411,1.414,435216.0
2026-04-14 10:00:00+00:00,1.414,1.423,1.403,1.406,610414.0
2026-04-14 11:00:00+00:00,1.406,1.409,1.4,1.404,239261.0
2026-04-14 12:00:00+00:00,1.404,1.414,1.403,1.407,217821.0
2026-04-14 13:00:00+00:00,1.407,1.411,1.393,1.395,578583.0
2026-04-14 14:00:00+00:00,1.395,1.396,1.371,1.385,979109.0
2026-04-14 15:00:00+00:00,1.385,1.396,1.375,1.384,372773.0
2026-04-14 16:00:00+00:00,1.384,1.389,1.365,1.369,500814.0
2026-04-14 17:00:00+00:00,1.369,1.372,1.363,1.37,208336.0
2026-04-14 18:00:00+00:00,1.37,1.375,1.356,1.361,336550.0
2026-04-14 19:00:00+00:00,1.361,1.37,1.36,1.369,56245.0
2026-04-14 20:00:00+00:00,1.369,1.373,1.361,1.363,104795.0
2026-04-14 21:00:00+00:00,1.363,1.367,1.359,1.363,88920.0
2026-04-14 22:00:00+00:00,1.363,1.363,1.354,1.357,70216.0
2026-04-14 23:00:00+00:00,1.357,1.361,1.351,1.358,112898.0
2026-04-15 00:00:00+00:00,1.358,1.367,1.357,1.361,65808.0
2026-04-15 01:00:00+00:00,1.361,1.369,1.359,1.369,98656.0
2026-04-15 02:00:00+00:00,1.369,1.37,1.358,1.363,57255.0
2026-04-15 03:00:00+00:00,1.363,1.368,1.359,1.366,76252.0
2026-04-15 04:00:00+00:00,1.366,1.371,1.363,1.37,53452.0
2026-04-15 05:00:00+00:00,1.37,1.372,1.35,1.355,135290.0
2026-04-15 06:00:00+00:00,1.355,1.355,1.346,1.347,58897.0
2026-04-15 07:00:00+00:00,1.347,1.35,1.341,1.344,255105.0
2026-04-15 08:00:00+00:00,1.344,1.354,1.342,1.348,122812.0
2026-04-15 09:00:00+00:00,1.348,1.35,1.342,1.348,761758.0
2026-04-15 10:00:00+00:00,1.348,1.368,1.348,1.364,162412.0
2026-04-15 11:00:00+00:00,1.364,1.384,1.361,1.38,211890.0
2026-04-15 12:00:00+00:00,1.38,1.401,1.377,1.392,367642.0
2026-04-15 13:00:00+00:00,1.392,1.397,1.381,1.384,105736.0
2026-04-15 14:00:00+00:00,1.384,1.398,1.378,1.397,127432.0
2026-04-15 15:00:00+00:00,1.397,1.4,1.387,1.398,139036.0
2026-04-15 16:00:00+00:00,1.398,1.404,1.39,1.4,205292.0
2026-04-15 17:00:00+00:00,1.4,1.407,1.396,1.404,186076.0
2026-04-15 18:00:00+00:00,1.404,1.41,1.396,1.406,321123.0
2026-04-15 19:00:00+00:00,1.406,1.415,1.4,1.412,208803.0
2026-04-15 20:00:00+00:00,1.412,1.413,1.402,1.411,393421.0
2026-04-15 21:00:00+00:00,1.411,1.416,1.403,1.412,236761.0
2026-04-15 22:00:00+00:00,1.412,1.42,1.41,1.414,207626.0
2026-04-15 23:00:00+00:00,1.414,1.414,1.4,1.409,111603.0
2026-04-16 00:00:00+00:00,1.409,1.412,1.402,1.405,55591.0
2026-04-16 01:00:00+00:00,1.405,1.411,1.4,1.407,88762.0
2026-04-16 02:00:00+00:00,1.407,1.42,1.406,1.416,217663.0
2026-04-16 03:00:00+00:00,1.416,1.43,1.416,1.429,138457.0
2026-04-16 04:00:00+00:00,1.429,1.435,1.423,1.426,197351.0
2026-04-16 05:00:00+00:00,1.426,1.441,1.42,1.435,162769.0
2026-04-16 06:00:00+00:00,1.435,1.438,1.427,1.436,131884.0
2026-04-16 07:00:00+00:00,1.436,1.442,1.427,1.431,483320.0
2026-04-16 08:00:00+00:00,1.431,1.431,1.412,1.418,173065.0
2026-04-16 09:00:00+00:00,1.418,1.43,1.402,1.405,273315.0
2026-04-16 10:00:00+00:00,1.405,1.411,1.399,1.405,216512.0
2026-04-16 11:00:00+00:00,1.405,1.408,1.4,1.404,131468.0
2026-04-16 12:00:00+00:00,1.404,1.408,1.392,1.394,176708.0
2026-04-16 13:00:00+00:00,1.394,1.405,1.369,1.381,992353.0
2026-04-16 14:00:00+00:00,1.381,1.386,1.366,1.382,366947.0
2026-04-16 15:00:00+00:00,1.382,1.416,1.381,1.414,385749.0
2026-04-16 16:00:00+00:00,1.414,1.42,1.387,1.389,473988.0
2026-04-16 17:00:00+00:00,1.389,1.403,1.383,1.397,364735.0
2026-04-16 18:00:00+00:00,1.397,1.421,1.395,1.42,286970.0
2026-04-16 19:00:00+00:00,1.42,1.434,1.414,1.431,431548.0
2026-04-16 20:00:00+00:00,1.431,1.435,1.421,1.426,548600.0
2026-04-16 21:00:00+00:00,1.426,1.43,1.417,1.428,190078.0
2026-04-16 22:00:00+00:00,1.428,1.436,1.423,1.433,557268.0
2026-04-16 23:00:00+00:00,1.433,1.439,1.427,1.43,149405.0
2026-04-17 00:00:00+00:00,1.43,1.433,1.423,1.433,47074.0
2026-04-17 01:00:00+00:00,1.433,1.433,1.416,1.421,121627.0
2026-04-17 02:00:00+00:00,1.421,1.422,1.404,1.41,199431.0
2026-04-17 03:00:00+00:00,1.41,1.413,1.403,1.407,75398.0
2026-04-17 04:00:00+00:00,1.407,1.415,1.394,1.401,376428.0
2026-04-17 05:00:00+00:00,1.401,1.403,1.392,1.396,97387.0
2026-04-17 06:00:00+00:00,1.396,1.425,1.395,1.416,161209.0
2026-04-17 07:00:00+00:00,1.416,1.425,1.412,1.424,124331.0
2026-04-17 08:00:00+00:00,1.424,1.431,1.417,1.425,190643.0
2026-04-17 09:00:00+00:00,1.425,1.428,1.414,1.425,423729.0
2026-04-17 10:00:00+00:00,1.425,1.432,1.368,1.385,1429678.0
2026-04-17 11:00:00+00:00,1.385,1.4,1.383,1.394,294660.0
2026-04-17 12:00:00+00:00,1.394,1.407,1.388,1.405,264982.0
2026-04-17 13:00:00+00:00,1.405,1.429,1.397,1.425,1458232.0
2026-04-17 14:00:00+00:00,1.425,1.441,1.42,1.427,468606.0
2026-04-17 15:00:00+00:00,1.427,1.429,1.407,1.41,985666.0
2026-04-17 16:00:00+00:00,1.41,1.428,1.408,1.427,247915.0
2026-04-17 17:00:00+00:00,1.427,1.43,1.415,1.424,798306.0
2026-04-17 18:00:00+00:00,1.424,1.43,1.412,1.422,358029.0
2026-04-17 19:00:00+00:00,1.422,1.431,1.415,1.424,156165.0
2026-04-17 20:00:00+00:00,1.424,1.426,1.412,1.422,183065.0
2026-04-17 21:00:00+00:00,1.422,1.427,1.415,1.419,219761.0
2026-04-17 22:00:00+00:00,1.419,1.422,1.414,1.417,52706.0
2026-04-17 23:00:00+00:00,1.417,1.42,1.401,1.408,313482.0
2026-04-18 00:00:00+00:00,1.408,1.409,1.389,1.399,547307.0
2026-04-18 01:00:00+00:00,1.399,1.407,1.392,1.396,136115.0
2026-04-18 02:00:00+00:00,1.396,1.402,1.393,1.4,80337.0
2026-04-18 03:00:00+00:00,1.4,1.404,1.395,1.397,41107.0
2026-04-18 04:00:00+00:00,1.397,1.406,1.396,1.403,52416.0
2026-04-18 05:00:00+00:00,1.403,1.409,1.398,1.403,98701.0
2026-04-18 06:00:00+00:00,1.403,1.42,1.401,1.416,186445.0
2026-04-18 07:00:00+00:00,1.416,1.42,1.413,1.417,129379.0
2026-04-18 08:00:00+00:00,1.417,1.419,1.394,1.407,280484.0
2026-04-18 09:00:00+00:00,1.407,1.414,1.395,1.409,295478.0
2026-04-18 10:00:00+00:00,1.409,1.41,1.392,1.392,321386.0
2026-04-18 11:00:00+00:00,1.392,1.396,1.384,1.39,248723.0
2026-04-18 12:00:00+00:00,1.39,1.393,1.379,1.384,334835.0
2026-04-18 13:00:00+00:00,1.384,1.385,1.368,1.381,370316.0
2026-04-18 14:00:00+00:00,1.381,1.389,1.377,1.382,190391.0
2026-04-18 15:00:00+00:00,1.382,1.387,1.374,1.375,584857.0
2026-04-18 16:00:00+00:00,1.375,1.384,1.369,1.372,546106.0
2026-04-18 17:00:00+00:00,1.372,1.374,1.356,1.357,626576.0
2026-04-18 18:00:00+00:00,1.357,1.361,1.35,1.352,433634.0
2026-04-18 19:00:00+00:00,1.352,1.36,1.351,1.356,213069.0
2026-04-18 20:00:00+00:00,1.356,1.36,1.351,1.353,129928.0
2026-04-18 21:00:00+00:00,1.353,1.356,1.348,1.354,190264.0
2026-04-18 22:00:00+00:00,1.354,1.355,1.344,1.345,134702.0
2026-04-18 23:00:00+00:00,1.345,1.348,1.342,1.342,99799.0
2026-04-19 00:00:00+00:00,1.342,1.345,1.331,1.34,213672.0
2026-04-19 01:00:00+00:00,1.34,1.345,1.333,1.338,42229.0
2026-04-19 02:00:00+00:00,1.338,1.34,1.329,1.338,298988.0
2026-04-19 03:00:00+00:00,1.338,1.347,1.335,1.343,186730.0
2026-04-19 04:00:00+00:00,1.343,1.356,1.341,1.352,207490.0
2026-04-19 05:00:00+00:00,1.352,1.355,1.335,1.336,528204.0
2026-04-19 06:00:00+00:00,1.336,1.343,1.329,1.337,1308276.0
2026-04-19 07:00:00+00:00,1.337,1.337,1.322,1.334,1890893.0
2026-04-19 08:00:00+00:00,1.334,1.336,1.33,1.333,152744.0
2026-04-19 09:00:00+00:00,1.333,1.338,1.331,1.332,152809.0
2026-04-19 10:00:00+00:00,1.332,1.341,1.329,1.34,209310.0
2026-04-19 11:00:00+00:00,1.34,1.359,1.34,1.359,290092.0
2026-04-19 12:00:00+00:00,1.359,1.363,1.349,1.362,155772.0
2026-04-19 13:00:00+00:00,1.362,1.383,1.361,1.377,304463.0
2026-04-19 14:00:00+00:00,1.377,1.387,1.368,1.375,305755.0
2026-04-19 15:00:00+00:00,1.375,1.375,1.357,1.366,537995.0
2026-04-19 16:00:00+00:00,1.366,1.368,1.358,1.359,225291.0
2026-04-19 17:00:00+00:00,1.359,1.359,1.347,1.349,272972.0
2026-04-19 18:00:00+00:00,1.349,1.356,1.344,1.353,443019.0
2026-04-19 19:00:00+00:00,1.353,1.364,1.352,1.358,266663.0
2026-04-19 20:00:00+00:00,1.358,1.358,1.342,1.346,583404.0
2026-04-19 21:00:00+00:00,1.346,1.356,1.342,1.349,181546.0
2026-04-19 22:00:00+00:00,1.349,1.349,1.321,1.331,422971.0
2026-04-19 23:00:00+00:00,1.331,1.331,1.323,1.326,48069.0
2026-04-20 00:00:00+00:00,1.326,1.346,1.325,1.343,241533.0
2026-04-20 01:00:00+00:00,1.343,1.355,1.342,1.348,108107.0
2026-04-20 02:00:00+00:00,1.348,1.352,1.342,1.347,66909.0
2026-04-20 03:00:00+00:00,1.347,1.359,1.346,1.357,48882.0
2026-04-20 04:00:00+00:00,1.357,1.362,1.346,1.351,101290.0
2026-04-20 05:00:00+00:00,1.351,1.351,1.338,1.348,82909.0
2026-04-20 06:00:00+00:00,1.348,1.353,1.338,1.348,79089.0
2026-04-20 07:00:00+00:00,1.348,1.363,1.34,1.347,88776.0
2026-04-20 08:00:00+00:00,1.347,1.351,1.338,1.342,68389.0
2026-04-20 09:00:00+00:00,1.342,1.354,1.338,1.35,51668.0
2026-04-20 10:00:00+00:00,1.35,1.359,1.349,1.351,156331.0
2026-04-20 11:00:00+00:00,1.351,1.355,1.346,1.348,105756.0
2026-04-20 12:00:00+00:00,1.348,1.362,1.344,1.356,346076.0
2026-04-20 13:00:00+00:00,1.356,1.362,1.347,1.357,206923.0
2026-04-20 14:00:00+00:00,1.357,1.363,1.339,1.342,205125.0
2026-04-20 15:00:00+00:00,1.342,1.354,1.333,1.352,216136.0
2026-04-20 16:00:00+00:00,1.352,1.353,1.344,1.348,51339.0
2026-04-20 17:00:00+00:00,1.348,1.361,1.347,1.36,76043.0
2026-04-20 18:00:00+00:00,1.36,1.369,1.36,1.364,98480.0
2026-04-20 19:00:00+00:00,1.364,1.364,1.355,1.359,42696.0
2026-04-20 20:00:00+00:00,1.359,1.367,1.353,1.363,41807.0
2026-04-20 21:00:00+00:00,1.363,1.37,1.36,1.369,69673.0
2026-04-20 22:00:00+00:00,1.369,1.372,1.362,1.363,46753.0
2026-04-20 23:00:00+00:00,1.363,1.363,1.357,1.361,35302.0
2026-04-21 00:00:00+00:00,1.361,1.371,1.361,1.366,50149.0
2026-04-21 01:00:00+00:00,1.366,1.371,1.357,1.357,105978.0
2026-04-21 02:00:00+00:00,1.357,1.359,1.352,1.355,19371.0
2026-04-21 03:00:00+00:00,1.355,1.357,1.348,1.355,110380.0
2026-04-21 04:00:00+00:00,1.355,1.361,1.352,1.361,51006.0
2026-04-21 05:00:00+00:00,1.361,1.369,1.36,1.365,50934.0
2026-04-21 06:00:00+00:00,1.365,1.375,1.361,1.37,40148.0
2026-04-21 07:00:00+00:00,1.37,1.381,1.367,1.377,75906.0
2026-04-21 08:00:00+00:00,1.377,1.387,1.375,1.376,70156.0
2026-04-21 09:00:00+00:00,1.376,1.388,1.375,1.387,110668.0
2026-04-21 10:00:00+00:00,1.387,1.396,1.385,1.391,97329.0
2026-04-21 11:00:00+00:00,1.391,1.398,1.384,1.393,130658.0
2026-04-21 12:00:00+00:00,1.393,1.395,1.366,1.371,298601.0
2026-04-21 13:00:00+00:00,1.371,1.372,1.366,1.367,99052.0
2026-04-21 14:00:00+00:00,1.367,1.38,1.363,1.368,145562.0
2026-04-21 15:00:00+00:00,1.368,1.379,1.366,1.375,154831.0
2026-04-21 16:00:00+00:00,1.375,1.381,1.369,1.369,53264.0
2026-04-21 17:00:00+00:00,1.369,1.372,1.355,1.367,236974.0
2026-04-21 18:00:00+00:00,1.367,1.369,1.355,1.363,112383.0
2026-04-21 19:00:00+00:00,1.363,1.369,1.35,1.355,261704.0
2026-04-21 20:00:00+00:00,1.355,1.373,1.353,1.37,560205.0
2026-04-21 21:00:00+00:00,1.37,1.373,1.365,1.37,153433.0
2026-04-21 22:00:00+00:00,1.37,1.374,1.365,1.369,51632.0
2026-04-21 23:00:00+00:00,1.369,1.387,1.368,1.385,164917.0
2026-04-22 00:00:00+00:00,1.385,1.387,1.379,1.381,59827.0
2026-04-22 01:00:00+00:00,1.381,1.386,1.376,1.384,40624.0
2026-04-22 02:00:00+00:00,1.384,1.401,1.382,1.399,361563.0
2026-04-22 03:00:00+00:00,1.399,1.404,1.395,1.403,101850.0
2026-04-22 04:00:00+00:00,1.403,1.409,1.397,1.406,76375.0
2026-04-22 05:00:00+00:00,1.406,1.414,1.405,1.407,205945.0
2026-04-22 06:00:00+00:00,1.407,1.408,1.402,1.406,64310.0
2026-04-22 07:00:00+00:00,1.406,1.415,1.402,1.414,51582.0
2026-04-22 08:00:00+00:00,1.414,1.417,1.412,1.413,78890.0
2026-04-22 09:00:00+00:00,1.413,1.421,1.412,1.417,226518.0
2026-04-22 10:00:00+00:00,1.417,1.425,1.416,1.422,81641.0
2026-04-22 11:00:00+00:00,1.422,1.426,1.418,1.423,197985.0
2026-04-22 12:00:00+00:00,1.423,1.427,1.411,1.412,114716.0
2026-04-22 13:00:00+00:00,1.412,1.422,1.409,1.418,270779.0
2026-04-22 14:00:00+00:00,1.418,1.425,1.415,1.424,163745.0
2026-04-22 15:00:00+00:00,1.424,1.43,1.42,1.422,162409.0
2026-04-22 16:00:00+00:00,1.422,1.423,1.41,1.416,259474.0
2026-04-22 17:00:00+00:00,1.416,1.422,1.412,1.418,99082.0
2026-04-22 18:00:00+00:00,1.418,1.423,1.416,1.418,101789.0
2026-04-22 19:00:00+00:00,1.418,1.419,1.404,1.416,148439.0
2026-04-22 20:00:00+00:00,1.416,1.417,1.406,1.409,195842.0
2026-04-22 21:00:00+00:00,1.409,1.415,1.406,1.413,85160.0
2026-04-22 22:00:00+00:00,1.413,1.414,1.406,1.409,57048.0
2026-04-22 23:00:00+00:00,1.409,1.409,1.398,1.4,235749.0
2026-04-23 00:00:00+00:00,1.4,1.408,1.393,1.405,138292.0
2026-04-23 01:00:00+00:00,1.405,1.405,1.394,1.399,30952.0
2026-04-23 02:00:00+00:00,1.399,1.4,1.385,1.39,172783.0
2026-04-23 03:00:00+00:00,1.39,1.394,1.375,1.38,92155.0
2026-04-23 04:00:00+00:00,1.38,1.385,1.376,1.382,116103.0
2026-04-23 05:00:00+00:00,1.382,1.387,1.378,1.385,48885.0
2026-04-23 06:00:00+00:00,1.385,1.393,1.385,1.39,112997.0
2026-04-23 07:00:00+00:00,1.39,1.391,1.382,1.384,108506.0
2026-04-23 08:00:00+00:00,1.384,1.388,1.38,1.385,61178.0
2026-04-23 09:00:00+00:00,1.385,1.385,1.372,1.376,82675.0
2026-04-23 10:00:00+00:00,1.376,1.378,1.369,1.372,100237.0
2026-04-23 11:00:00+00:00,1.372,1.39,1.37,1.388,332809.0
2026-04-23 12:00:00+00:00,1.388,1.395,1.382,1.387,185317.0
2026-04-23 13:00:00+00:00,1.387,1.39,1.384,1.388,30908.0
2026-04-23 14:00:00+00:00,1.388,1.403,1.385,1.398,99893.0
2026-04-23 15:00:00+00:00,1.398,1.411,1.396,1.409,135647.0
2026-04-23 16:00:00+00:00,1.409,1.414,1.402,1.403,90982.0
2026-04-23 17:00:00+00:00,1.403,1.405,1.377,1.388,446221.0
2026-04-23 18:00:00+00:00,1.388,1.395,1.385,1.387,155202.0
2026-04-23 19:00:00+00:00,1.387,1.395,1.385,1.392,68582.0
2026-04-23 20:00:00+00:00,1.392,1.403,1.39,1.397,97656.0
2026-04-23 21:00:00+00:00,1.397,1.405,1.394,1.395,86530.0
2026-04-23 22:00:00+00:00,1.395,1.407,1.395,1.406,42768.0
2026-04-23 23:00:00+00:00,1.406,1.406,1.4,1.405,27384.0
2026-04-24 00:00:00+00:00,1.405,1.409,1.402,1.407,53718.0
2026-04-24 01:00:00+00:00,1.407,1.411,1.4,1.41,40216.0
2026-04-24 02:00:00+00:00,1.41,1.41,1.4,1.403,19446.0
2026-04-24 03:00:00+00:00,1.403,1.405,1.396,1.404,37944.0
2026-04-24 04:00:00+00:00,1.404,1.409,1.403,1.403,52393.0
2026-04-24 05:00:00+00:00,1.403,1.412,1.402,1.409,52683.0
2026-04-24 06:00:00+00:00,1.409,1.416,1.408,1.412,273207.0
2026-04-24 07:00:00+00:00,1.412,1.414,1.405,1.408,41798.0
2026-04-24 08:00:00+00:00,1.408,1.414,1.405,1.413,43327.0
2026-04-24 09:00:00+00:00,1.413,1.415,1.405,1.408,55521.0
2026-04-24 10:00:00+00:00,1.408,1.415,1.403,1.414,53233.0
2026-04-24 11:00:00+00:00,1.414,1.424,1.413,1.419,264007.0
2026-04-24 12:00:00+00:00,1.419,1.423,1.41,1.411,55072.0
2026-04-24 13:00:00+00:00,1.411,1.421,1.411,1.417,102864.0
2026-04-24 14:00:00+00:00,1.417,1.417,1.408,1.412,127204.0
2026-04-24 15:00:00+00:00,1.412,1.429,1.405,1.428,447873.0
2026-04-24 16:00:00+00:00,1.428,1.432,1.413,1.418,2917102.0
2026-04-24 17:00:00+00:00,1.418,1.42,1.41,1.413,71773.0
2026-04-24 18:00:00+00:00,1.413,1.417,1.408,1.41,76475.0
2026-04-24 19:00:00+00:00,1.41,1.414,1.408,1.412,59976.0
2026-04-24 20:00:00+00:00,1.412,1.416,1.408,1.414,47545.0
2026-04-24 21:00:00+00:00,1.414,1.418,1.407,1.408,57100.0
2026-04-24 22:00:00+00:00,1.408,1.408,1.399,1.403,62007.0
2026-04-24 23:00:00+00:00,1.403,1.408,1.401,1.407,19869.0
2026-04-25 00:00:00+00:00,1.407,1.41,1.401,1.408,31386.0
2026-04-25 01:00:00+00:00,1.408,1.411,1.401,1.408,22945.0
2026-04-25 02:00:00+00:00,1.408,1.411,1.403,1.409,18699.0
2026-04-25 03:00:00+00:00,1.409,1.417,1.408,1.415,18451.0
2026-04-25 04:00:00+00:00,1.415,1.417,1.412,1.414,40302.0
2026-04-25 05:00:00+00:00,1.414,1.414,1.41,1.414,26659.0
2026-04-25 06:00:00+00:00,1.414,1.42,1.413,1.413,66399.0
2026-04-25 07:00:00+00:00,1.413,1.416,1.41,1.414,59287.0
2026-04-25 08:00:00+00:00,1.414,1.416,1.411,1.413,32591.0
2026-04-25 09:00:00+00:00,1.413,1.417,1.41,1.413,29508.0
2026-04-25 10:00:00+00:00,1.413,1.415,1.41,1.412,19832.0
2026-04-25 11:00:00+00:00,1.412,1.412,1.401,1.403,112085.0
2026-04-25 12:00:00+00:00,1.403,1.405,1.4,1.403,32532.0
2026-04-25 13:00:00+00:00,1.403,1.408,1.402,1.404,55624.0
2026-04-25 14:00:00+00:00,1.404,1.406,1.401,1.402,42298.0
2026-04-25 15:00:00+00:00,1.402,1.405,1.399,1.401,93643.0
2026-04-25 16:00:00+00:00,1.401,1.404,1.393,1.396,149697.0
2026-04-25 17:00:00+00:00,1.396,1.397,1.387,1.391,78238.0
2026-04-25 18:00:00+00:00,1.391,1.395,1.389,1.392,66826.0
2026-04-25 19:00:00+00:00,1.392,1.393,1.387,1.39,44765.0
2026-04-25 20:00:00+00:00,1.39,1.399,1.389,1.398,18384.0
2026-04-25 21:00:00+00:00,1.398,1.403,1.393,1.394,73654.0
2026-04-25 22:00:00+00:00,1.394,1.401,1.393,1.398,33583.0
2026-04-25 23:00:00+00:00,1.398,1.403,1.398,1.401,32349.0
2026-04-26 00:00:00+00:00,1.401,1.401,1.393,1.394,86722.0
2026-04-26 01:00:00+00:00,1.394,1.395,1.39,1.39,25986.0
2026-04-26 02:00:00+00:00,1.39,1.395,1.39,1.391,51861.0
2026-04-26 03:00:00+00:00,1.391,1.395,1.386,1.393,67320.0
2026-04-26 04:00:00+00:00,1.393,1.401,1.392,1.399,44279.0
2026-04-26 05:00:00+00:00,1.399,1.408,1.396,1.404,135180.0
2026-04-26 06:00:00+00:00,1.404,1.407,1.402,1.405,48557.0
2026-04-26 07:00:00+00:00,1.405,1.411,1.403,1.407,41960.0
2026-04-26 08:00:00+00:00,1.407,1.408,1.404,1.406,69651.0
2026-04-26 09:00:00+00:00,1.406,1.412,1.404,1.409,57575.0
2026-04-26 10:00:00+00:00,1.409,1.411,1.403,1.404,52965.0
2026-04-26 11:00:00+00:00,1.404,1.409,1.402,1.402,52189.0
2026-04-26 12:00:00+00:00,1.402,1.404,1.391,1.394,108429.0
2026-04-26 13:00:00+00:00,1.394,1.396,1.388,1.39,98566.0
2026-04-26 14:00:00+00:00,1.39,1.396,1.387,1.392,79048.0
2026-04-26 15:00:00+00:00,1.392,1.395,1.383,1.39,108603.0
2026-04-26 16:00:00+00:00,1.39,1.392,1.386,1.388,61524.0
2026-04-26 17:00:00+00:00,1.388,1.389,1.383,1.386,68268.0
2026-04-26 18:00:00+00:00,1.386,1.391,1.383,1.39,46994.0
2026-04-26 19:00:00+00:00,1.39,1.397,1.388,1.391,108355.0
2026-04-26 20:00:00+00:00,1.391,1.393,1.386,1.386,64624.0
2026-04-26 21:00:00+00:00,1.386,1.395,1.379,1.394,111092.0
2026-04-26 22:00:00+00:00,1.394,1.398,1.386,1.391,103772.0
2026-04-26 23:00:00+00:00,1.391,1.397,1.39,1.394,47249.0
2026-04-27 00:00:00+00:00,1.394,1.404,1.391,1.404,87402.0
2026-04-27 01:00:00+00:00,1.404,1.412,1.398,1.409,235226.0
2026-04-27 02:00:00+00:00,1.409,1.41,1.4,1.407,23134.0
2026-04-27 03:00:00+00:00,1.407,1.41,1.403,1.403,64614.0
2026-04-27 04:00:00+00:00,1.403,1.405,1.394,1.396,81399.0
2026-04-27 05:00:00+00:00,1.396,1.398,1.371,1.376,183495.0
2026-04-27 06:00:00+00:00,1.376,1.382,1.368,1.372,134040.0
2026-04-27 07:00:00+00:00,1.372,1.373,1.366,1.369,104437.0
2026-04-27 08:00:00+00:00,1.369,1.373,1.366,1.37,52559.0
2026-04-27 09:00:00+00:00,1.37,1.38,1.37,1.377,59700.0
2026-04-27 10:00:00+00:00,1.377,1.381,1.375,1.376,51396.0
2026-04-27 11:00:00+00:00,1.376,1.379,1.372,1.378,33145.0
2026-04-27 12:00:00+00:00,1.378,1.379,1.364,1.368,75089.0
2026-04-27 13:00:00+00:00,1.368,1.372,1.364,1.37,63642.0
2026-04-27 14:00:00+00:00,1.37,1.377,1.367,1.369,58051.0
2026-04-27 15:00:00+00:00,1.369,1.37,1.346,1.347,245951.0
2026-04-27 16:00:00+00:00,1.347,1.354,1.343,1.352,79166.0
2026-04-27 17:00:00+00:00,1.352,1.357,1.35,1.352,49394.0
2026-04-27 18:00:00+00:00,1.352,1.356,1.349,1.354,25381.0
2026-04-27 19:00:00+00:00,1.354,1.354,1.339,1.344,128010.0
2026-04-27 20:00:00+00:00,1.344,1.351,1.344,1.35,42428.0
2026-04-27 21:00:00+00:00,1.35,1.359,1.348,1.352,48985.0
2026-04-27 22:00:00+00:00,1.352,1.359,1.352,1.357,74867.0
2026-04-27 23:00:00+00:00,1.357,1.365,1.355,1.364,200602.0
2026-04-28 00:00:00+00:00,1.364,1.364,1.356,1.359,51906.0
2026-04-28 01:00:00+00:00,1.359,1.363,1.356,1.359,40274.0
2026-04-28 02:00:00+00:00,1.359,1.361,1.351,1.355,42626.0
2026-04-28 03:00:00+00:00,1.355,1.36,1.353,1.359,32377.0
2026-04-28 04:00:00+00:00,1.359,1.364,1.355,1.358,51775.0
2026-04-28 05:00:00+00:00,1.358,1.365,1.358,1.36,96228.0
2026-04-28 06:00:00+00:00,1.36,1.362,1.35,1.353,68929.0
2026-04-28 07:00:00+00:00,1.353,1.354,1.344,1.35,127946.0
2026-04-28 08:00:00+00:00,1.35,1.354,1.347,1.348,77588.0
2026-04-28 09:00:00+00:00,1.348,1.351,1.346,1.349,63218.0
2026-04-28 10:00:00+00:00,1.349,1.353,1.348,1.349,60342.0
2026-04-28 11:00:00+00:00,1.349,1.351,1.341,1.346,97513.0
2026-04-28 12:00:00+00:00,1.346,1.352,1.344,1.351,49574.0
2026-04-28 13:00:00+00:00,1.351,1.36,1.345,1.355,133298.0
2026-04-28 14:00:00+00:00,1.355,1.355,1.344,1.353,83612.0
2026-04-28 15:00:00+00:00,1.353,1.358,1.329,1.332,1008851.0
2026-04-28 16:00:00+00:00,1.332,1.34,1.33,1.339,174687.0
2026-04-28 17:00:00+00:00,1.339,1.345,1.333,1.339,65586.0
2026-04-28 18:00:00+00:00,1.339,1.348,1.339,1.347,82975.0
2026-04-28 19:00:00+00:00,1.347,1.353,1.345,1.35,129439.0
2026-04-28 20:00:00+00:00,1.35,1.353,1.346,1.346,65745.0
2026-04-28 21:00:00+00:00,1.346,1.351,1.346,1.347,104252.0
2026-04-28 22:00:00+00:00,1.347,1.351,1.343,1.344,63866.0
2026-04-28 23:00:00+00:00,1.344,1.347,1.342,1.347,45962.0
2026-04-29 00:00:00+00:00,1.347,1.352,1.345,1.35,47016.0
2026-04-29 01:00:00+00:00,1.35,1.352,1.344,1.35,97442.0
2026-04-29 02:00:00+00:00,1.35,1.353,1.348,1.352,158734.0
2026-04-29 03:00:00+00:00,1.352,1.364,1.351,1.363,223220.0
2026-04-29 04:00:00+00:00,1.363,1.373,1.361,1.369,134086.0
2026-04-29 05:00:00+00:00,1.369,1.371,1.367,1.369,41878.0
2026-04-29 06:00:00+00:00,1.369,1.371,1.361,1.363,25464.0
2026-04-29 07:00:00+00:00,1.363,1.365,1.36,1.361,29648.0
2026-04-29 08:00:00+00:00,1.361,1.362,1.355,1.356,87806.0
2026-04-29 09:00:00+00:00,1.356,1.37,1.355,1.368,143875.0
2026-04-29 10:00:00+00:00,1.368,1.371,1.357,1.36,219387.0
2026-04-29 11:00:00+00:00,1.36,1.361,1.354,1.356,66435.0
2026-04-29 12:00:00+00:00,1.356,1.356,1.345,1.352,349544.0
2026-04-29 13:00:00+00:00,1.352,1.354,1.34,1.345,159805.0
2026-04-29 14:00:00+00:00,1.345,1.35,1.34,1.34,102696.0
2026-04-29 15:00:00+00:00,1.34,1.342,1.316,1.32,579155.0
2026-04-29 16:00:00+00:00,1.32,1.326,1.318,1.32,140747.0
2026-04-29 17:00:00+00:00,1.32,1.325,1.318,1.325,994823.0
2026-04-29 18:00:00+00:00,1.325,1.327,1.29,1.315,2221973.0
2026-04-29 19:00:00+00:00,1.315,1.316,1.306,1.311,95429.0
2026-04-29 20:00:00+00:00,1.311,1.324,1.311,1.319,160338.0
2026-04-29 21:00:00+00:00,1.319,1.327,1.317,1.323,113010.0
2026-04-29 22:00:00+00:00,1.323,1.328,1.321,1.321,43574.0
2026-04-29 23:00:00+00:00,1.321,1.327,1.32,1.326,220233.0
2026-04-30 00:00:00+00:00,1.326,1.339,1.326,1.337,267013.0
2026-04-30 01:00:00+00:00,1.337,1.341,1.333,1.337,85565.0
2026-04-30 02:00:00+00:00,1.337,1.341,1.32,1.324,108001.0
2026-04-30 03:00:00+00:00,1.324,1.33,1.322,1.328,13855.0
2026-04-30 04:00:00+00:00,1.328,1.329,1.316,1.318,62343.0
2026-04-30 05:00:00+00:00,1.318,1.323,1.314,1.319,65549.0
2026-04-30 06:00:00+00:00,1.319,1.323,1.317,1.321,43576.0
2026-04-30 07:00:00+00:00,1.321,1.329,1.32,1.327,42745.0
2026-04-30 08:00:00+00:00,1.327,1.33,1.322,1.323,44343.0
2026-04-30 09:00:00+00:00,1.323,1.33,1.321,1.325,156169.0
2026-04-30 10:00:00+00:00,1.325,1.327,1.32,1.32,154309.0
2026-04-30 11:00:00+00:00,1.32,1.325,1.317,1.324,1834252.0
2026-04-30 12:00:00+00:00,1.324,1.328,1.319,1.32,63670.0
2026-04-30 13:00:00+00:00,1.32,1.324,1.317,1.318,193898.0
2026-04-30 14:00:00+00:00,1.318,1.321,1.309,1.31,153785.0
2026-04-30 15:00:00+00:00,1.31,1.313,1.305,1.312,93838.0
2026-04-30 16:00:00+00:00,1.312,1.312,1.308,1.309,120919.0
2026-04-30 17:00:00+00:00,1.309,1.311,1.305,1.307,101481.0
2026-04-30 18:00:00+00:00,1.307,1.31,1.302,1.302,58679.0
2026-04-30 19:00:00+00:00,1.302,1.307,1.301,1.302,52921.0
2026-04-30 20:00:00+00:00,1.302,1.303,1.299,1.3,79741.0
2026-04-30 21:00:00+00:00,1.3,1.305,1.298,1.3,40471.0
2026-04-30 22:00:00+00:00,1.3,1.302,1.291,1.294,109997.0
2026-04-30 23:00:00+00:00,1.294,1.298,1.29,1.297,984673.0
2026-05-01 00:00:00+00:00,1.297,1.302,1.295,1.299,65578.0
2026-05-01 01:00:00+00:00,1.299,1.301,1.293,1.297,284830.0
2026-05-01 02:00:00+00:00,1.297,1.302,1.296,1.299,48893.0
2026-05-01 03:00:00+00:00,1.299,1.319,1.299,1.309,742583.0
2026-05-01 04:00:00+00:00,1.309,1.312,1.301,1.303,327674.0
2026-05-01 05:00:00+00:00,1.303,1.307,1.299,1.299,150869.0
2026-05-01 06:00:00+00:00,1.299,1.301,1.294,1.298,76514.0
2026-05-01 07:00:00+00:00,1.298,1.298,1.294,1.296,271749.0
2026-05-01 08:00:00+00:00,1.296,1.301,1.296,1.3,76725.0
2026-05-01 09:00:00+00:00,1.3,1.301,1.296,1.297,32603.0
2026-05-01 10:00:00+00:00,1.297,1.3,1.292,1.299,86526.0
2026-05-01 11:00:00+00:00,1.299,1.302,1.294,1.297,542276.0
2026-05-01 12:00:00+00:00,1.297,1.312,1.296,1.303,1497026.0
2026-05-01 13:00:00+00:00,1.303,1.31,1.3,1.31,294583.0
2026-05-01 14:00:00+00:00,1.31,1.31,1.296,1.301,253497.0
2026-05-01 15:00:00+00:00,1.301,1.304,1.287,1.295,561001.0
2026-05-01 16:00:00+00:00,1.295,1.297,1.284,1.289,300238.0
2026-05-01 17:00:00+00:00,1.289,1.29,1.284,1.288,78879.0
2026-05-01 18:00:00+00:00,1.288,1.293,1.284,1.292,49060.0
2026-05-01 19:00:00+00:00,1.292,1.296,1.29,1.292,103990.0
2026-05-01 20:00:00+00:00,1.292,1.293,1.286,1.289,25165.0
2026-05-01 21:00:00+00:00,1.289,1.29,1.285,1.287,49531.0
2026-05-01 22:00:00+00:00,1.287,1.29,1.284,1.287,31418.0
2026-05-01 23:00:00+00:00,1.287,1.289,1.277,1.288,550730.0
2026-05-02 00:00:00+00:00,1.288,1.292,1.287,1.292,31695.0
2026-05-02 01:00:00+00:00,1.292,1.296,1.29,1.295,70015.0
2026-05-02 02:00:00+00:00,1.295,1.298,1.293,1.295,129512.0
2026-05-02 03:00:00+00:00,1.295,1.298,1.292,1.297,21832.0
2026-05-02 04:00:00+00:00,1.297,1.298,1.289,1.291,45808.0
2026-05-02 05:00:00+00:00,1.291,1.294,1.284,1.286,206361.0
2026-05-02 06:00:00+00:00,1.286,1.292,1.286,1.29,14983.0
2026-05-02 07:00:00+00:00,1.29,1.291,1.288,1.288,17304.0
2026-05-02 08:00:00+00:00,1.288,1.295,1.286,1.292,15983.0
2026-05-02 09:00:00+00:00,1.292,1.296,1.288,1.29,69373.0
2026-05-02 10:00:00+00:00,1.29,1.292,1.288,1.288,23052.0
2026-05-02 11:00:00+00:00,1.288,1.29,1.277,1.28,276664.0
2026-05-02 12:00:00+00:00,1.28,1.283,1.279,1.28,29613.0
2026-05-02 13:00:00+00:00,1.28,1.283,1.276,1.279,78528.0
2026-05-02 14:00:00+00:00,1.279,1.284,1.279,1.283,286360.0
2026-05-02 15:00:00+00:00,1.283,1.287,1.28,1.287,158547.0
2026-05-02 16:00:00+00:00,1.287,1.291,1.285,1.29,238496.0
2026-05-02 17:00:00+00:00,1.29,1.292,1.287,1.29,149747.0
2026-05-02 18:00:00+00:00,1.29,1.298,1.288,1.296,234123.0
2026-05-02 19:00:00+00:00,1.296,1.3,1.289,1.29,164683.0
2026-05-02 20:00:00+00:00,1.29,1.297,1.289,1.293,91724.0
2026-05-02 21:00:00+00:00,1.293,1.302,1.29,1.298,156301.0
2026-05-02 22:00:00+00:00,1.298,1.303,1.296,1.298,127498.0
2026-05-02 23:00:00+00:00,1.298,1.299,1.293,1.298,315583.0
2026-05-03 00:00:00+00:00,1.298,1.302,1.294,1.299,244100.0
2026-05-03 01:00:00+00:00,1.299,1.299,1.289,1.289,221957.0
2026-05-03 02:00:00+00:00,1.289,1.291,1.279,1.283,133874.0
2026-05-03 03:00:00+00:00,1.283,1.286,1.277,1.283,795316.0
2026-05-03 04:00:00+00:00,1.283,1.286,1.28,1.282,35519.0
2026-05-03 05:00:00+00:00,1.282,1.284,1.273,1.276,97979.0
2026-05-03 06:00:00+00:00,1.276,1.283,1.274,1.279,41341.0
2026-05-03 07:00:00+00:00,1.279,1.285,1.278,1.278,56367.0
2026-05-03 08:00:00+00:00,1.278,1.283,1.274,1.275,67959.0
2026-05-03 09:00:00+00:00,1.275,1.277,1.269,1.274,1068395.0
2026-05-03 10:00:00+00:00,1.274,1.277,1.274,1.275,55740.0
2026-05-03 11:00:00+00:00,1.275,1.282,1.268,1.275,69748.0
2026-05-03 12:00:00+00:00,1.275,1.282,1.275,1.279,529231.0
2026-05-03 13:00:00+00:00,1.279,1.279,1.269,1.269,455933.0
2026-05-03 14:00:00+00:00,1.269,1.273,1.268,1.272,595825.0
2026-05-03 15:00:00+00:00,1.272,1.277,1.27,1.273,68695.0
2026-05-03 16:00:00+00:00,1.273,1.275,1.27,1.273,82639.0
2026-05-03 17:00:00+00:00,1.273,1.274,1.266,1.271,772419.0
2026-05-03 18:00:00+00:00,1.271,1.278,1.27,1.274,58601.0
2026-05-03 19:00:00+00:00,1.274,1.278,1.273,1.276,91869.0
2026-05-03 20:00:00+00:00,1.276,1.285,1.276,1.279,80179.0
2026-05-03 21:00:00+00:00,1.279,1.286,1.268,1.273,174191.0
2026-05-03 22:00:00+00:00,1.273,1.283,1.272,1.277,147075.0
2026-05-03 23:00:00+00:00,1.277,1.279,1.271,1.274,126841.0
2026-05-04 00:00:00+00:00,1.274,1.275,1.26,1.271,811388.0
2026-05-04 01:00:00+00:00,1.271,1.284,1.264,1.284,69417.0
2026-05-04 02:00:00+00:00,1.284,1.298,1.28,1.296,253115.0
2026-05-04 03:00:00+00:00,1.296,1.3,1.289,1.297,280692.0
2026-05-04 04:00:00+00:00,1.297,1.311,1.295,1.305,705354.0
2026-05-04 05:00:00+00:00,1.305,1.306,1.293,1.296,282929.0
2026-05-04 06:00:00+00:00,1.296,1.298,1.28,1.288,300194.0
2026-05-04 07:00:00+00:00,1.288,1.291,1.282,1.283,134096.0
2026-05-04 08:00:00+00:00,1.283,1.284,1.272,1.272,147682.0
2026-05-04 09:00:00+00:00,1.272,1.285,1.272,1.282,119164.0
2026-05-04 10:00:00+00:00,1.282,1.284,1.245,1.253,972104.0
2026-05-04 11:00:00+00:00,1.253,1.257,1.248,1.252,569259.0
2026-05-04 12:00:00+00:00,1.252,1.26,1.252,1.252,1054402.0
2026-05-04 13:00:00+00:00,1.252,1.256,1.248,1.251,135295.0
2026-05-04 14:00:00+00:00,1.251,1.282,1.245,1.28,1029067.0
2026-05-04 15:00:00+00:00,1.28,1.281,1.262,1.268,281494.0
2026-05-04 16:00:00+00:00,1.268,1.273,1.261,1.265,244304.0
2026-05-04 17:00:00+00:00,1.265,1.282,1.264,1.277,73938.0
2026-05-04 18:00:00+00:00,1.277,1.282,1.273,1.28,45675.0
2026-05-04 19:00:00+00:00,1.28,1.28,1.273,1.275,30060.0
2026-05-04 20:00:00+00:00,1.275,1.275,1.268,1.269,65161.0
2026-05-04 21:00:00+00:00,1.269,1.285,1.269,1.279,48714.0
2026-05-04 22:00:00+00:00,1.279,1.286,1.256,1.262,225008.0
2026-05-04 23:00:00+00:00,1.262,1.264,1.257,1.261,39808.0
2026-05-05 00:00:00+00:00,1.261,1.267,1.258,1.261,77757.0
2026-05-05 01:00:00+00:00,1.261,1.269,1.258,1.26,61953.0
2026-05-05 02:00:00+00:00,1.26,1.268,1.258,1.265,40782.0
2026-05-05 03:00:00+00:00,1.265,1.275,1.262,1.268,145266.0
2026-05-05 04:00:00+00:00,1.268,1.279,1.268,1.272,99330.0
2026-05-05 05:00:00+00:00,1.272,1.278,1.27,1.275,34113.0
2026-05-05 06:00:00+00:00,1.275,1.278,1.27,1.274,81238.0
2026-05-05 07:00:00+00:00,1.274,1.28,1.271,1.272,131033.0
2026-05-05 08:00:00+00:00,1.272,1.277,1.27,1.272,80340.0
2026-05-05 09:00:00+00:00,1.272,1.274,1.269,1.274,118799.0
2026-05-05 10:00:00+00:00,1.274,1.281,1.271,1.277,152119.0
2026-05-05 11:00:00+00:00,1.277,1.28,1.272,1.279,156171.0
2026-05-05 12:00:00+00:00,1.279,1.29,1.275,1.288,301669.0
2026-05-05 13:00:00+00:00,1.288,1.295,1.286,1.287,399512.0
2026-05-05 14:00:00+00:00,1.287,1.29,1.275,1.28,418959.0
2026-05-05 15:00:00+00:00,1.28,1.284,1.273,1.274,261612.0
2026-05-05 16:00:00+00:00,1.274,1.279,1.266,1.269,512378.0
2026-05-05 17:00:00+00:00,1.269,1.271,1.263,1.268,144536.0
2026-05-05 18:00:00+00:00,1.268,1.276,1.267,1.273,365472.0
2026-05-05 19:00:00+00:00,1.273,1.289,1.272,1.289,235670.0
2026-05-05 20:00:00+00:00,1.289,1.305,1.288,1.305,458514.0
2026-05-05 21:00:00+00:00,1.305,1.316,1.303,1.308,305701.0
2026-05-05 22:00:00+00:00,1.308,1.314,1.293,1.301,280020.0
2026-05-05 23:00:00+00:00,1.301,1.304,1.287,1.295,202800.0
2026-05-06 00:00:00+00:00,1.295,1.299,1.289,1.294,72581.0
2026-05-06 01:00:00+00:00,1.294,1.316,1.292,1.31,1286564.0
2026-05-06 02:00:00+00:00,1.31,1.311,1.295,1.305,113489.0
2026-05-06 03:00:00+00:00,1.305,1.32,1.305,1.317,107664.0
2026-05-06 04:00:00+00:00,1.317,1.321,1.307,1.311,175628.0
2026-05-06 05:00:00+00:00,1.311,1.325,1.307,1.323,177956.0
2026-05-06 06:00:00+00:00,1.323,1.325,1.31,1.32,273506.0
2026-05-06 07:00:00+00:00,1.32,1.358,1.318,1.358,1421744.0
2026-05-06 08:00:00+00:00,1.358,1.427,1.357,1.423,2280342.0
2026-05-06 09:00:00+00:00,1.423,1.43,1.399,1.408,1220534.0
2026-05-06 10:00:00+00:00,1.408,1.454,1.404,1.442,1102684.0
2026-05-06 11:00:00+00:00,1.442,1.481,1.442,1.481,1934782.0
2026-05-06 12:00:00+00:00,1.481,1.5,1.469,1.498,1171717.0
2026-05-06 13:00:00+00:00,1.498,1.498,1.451,1.463,1131752.0
2026-05-06 14:00:00+00:00,1.463,1.476,1.431,1.468,1703054.0
2026-05-06 15:00:00+00:00,1.468,1.516,1.452,1.509,1656392.0
2026-05-06 16:00:00+00:00,1.509,1.522,1.492,1.518,1268292.0
2026-05-06 17:00:00+00:00,1.518,1.525,1.499,1.507,640005.0
2026-05-06 18:00:00+00:00,1.507,1.518,1.494,1.498,503524.0
2026-05-06 19:00:00+00:00,1.498,1.509,1.493,1.503,433942.0
2026-05-06 20:00:00+00:00,1.503,1.523,1.498,1.516,487571.0
2026-05-06 21:00:00+00:00,1.516,1.546,1.505,1.525,1125868.0
2026-05-06 22:00:00+00:00,1.525,1.527,1.485,1.487,649099.0
2026-05-06 23:00:00+00:00,1.487,1.495,1.476,1.487,423795.0
2026-05-07 00:00:00+00:00,1.487,1.501,1.476,1.491,458768.0
2026-05-07 01:00:00+00:00,1.491,1.492,1.463,1.47,777954.0
2026-05-07 02:00:00+00:00,1.47,1.487,1.463,1.484,266342.0
2026-05-07 03:00:00+00:00,1.484,1.497,1.478,1.487,244780.0
2026-05-07 04:00:00+00:00,1.487,1.496,1.48,1.488,2791898.0
2026-05-07 05:00:00+00:00,1.488,1.512,1.488,1.501,318876.0
2026-05-07 06:00:00+00:00,1.501,1.527,1.485,1.525,609791.0
2026-05-07 07:00:00+00:00,1.525,1.526,1.494,1.503,576671.0
2026-05-07 08:00:00+00:00,1.503,1.504,1.473,1.473,526940.0
2026-05-07 09:00:00+00:00,1.473,1.481,1.468,1.474,459649.0
2026-05-07 10:00:00+00:00,1.474,1.481,1.464,1.476,1042133.0
2026-05-07 11:00:00+00:00,1.476,1.48,1.47,1.473,359955.0
2026-05-07 12:00:00+00:00,1.473,1.497,1.472,1.496,489082.0
2026-05-07 13:00:00+00:00,1.496,1.504,1.489,1.497,375221.0
2026-05-07 14:00:00+00:00,1.497,1.5,1.472,1.478,979647.0
2026-05-07 15:00:00+00:00,1.478,1.488,1.466,1.48,652439.0
2026-05-07 16:00:00+00:00,1.48,1.485,1.469,1.477,658228.0
2026-05-07 17:00:00+00:00,1.477,1.489,1.474,1.485,1123807.0
2026-05-07 18:00:00+00:00,1.485,1.493,1.459,1.468,1107943.0
2026-05-07 19:00:00+00:00,1.468,1.471,1.454,1.459,503822.0
2026-05-07 20:00:00+00:00,1.459,1.471,1.456,1.456,282525.0
2026-05-07 21:00:00+00:00,1.456,1.472,1.453,1.458,902030.0
2026-05-07 22:00:00+00:00,1.458,1.467,1.451,1.46,875708.0
2026-05-07 23:00:00+00:00,1.46,1.47,1.458,1.469,184082.0
2026-05-08 00:00:00+00:00,1.469,1.476,1.464,1.47,87425.0
2026-05-08 01:00:00+00:00,1.47,1.475,1.464,1.468,43868.0
2026-05-08 02:00:00+00:00,1.468,1.481,1.454,1.476,276668.0
2026-05-08 03:00:00+00:00,1.476,1.486,1.465,1.481,3584343.0
2026-05-08 04:00:00+00:00,1.481,1.491,1.477,1.478,194197.0
2026-05-08 05:00:00+00:00,1.478,1.494,1.477,1.485,219767.0
2026-05-08 06:00:00+00:00,1.485,1.491,1.479,1.491,527497.0
2026-05-08 07:00:00+00:00,1.491,1.536,1.481,1.533,1755816.0
2026-05-08 08:00:00+00:00,1.533,1.547,1.509,1.544,875311.0
2026-05-08 09:00:00+00:00,1.544,1.573,1.533,1.554,1414678.0
2026-05-08 10:00:00+00:00,1.554,1.58,1.547,1.555,1331113.0
2026-05-08 11:00:00+00:00,1.555,1.569,1.544,1.55,1585335.0
2026-05-08 12:00:00+00:00,1.55,1.563,1.534,1.543,4231969.0
2026-05-08 13:00:00+00:00,1.543,1.544,1.522,1.539,1685471.0
2026-05-08 14:00:00+00:00,1.539,1.574,1.535,1.573,766573.0
2026-05-08 15:00:00+00:00,1.573,1.588,1.561,1.581,782157.0
2026-05-08 16:00:00+00:00,1.581,1.581,1.56,1.568,772279.0
2026-05-08 17:00:00+00:00,1.568,1.574,1.536,1.543,621742.0
2026-05-08 18:00:00+00:00,1.543,1.567,1.543,1.564,249324.0
2026-05-08 19:00:00+00:00,1.564,1.572,1.561,1.568,149002.0
2026-05-08 20:00:00+00:00,1.568,1.583,1.567,1.575,154117.0
2026-05-08 21:00:00+00:00,1.575,1.603,1.572,1.575,626986.0
2026-05-08 22:00:00+00:00,1.575,1.591,1.566,1.589,477131.0
2026-05-08 23:00:00+00:00,1.589,1.597,1.581,1.596,546967.0
2026-05-09 00:00:00+00:00,1.596,1.613,1.584,1.592,535080.0
2026-05-09 01:00:00+00:00,1.592,1.615,1.578,1.603,252453.0
2026-05-09 02:00:00+00:00,1.603,1.616,1.588,1.593,184768.0
2026-05-09 03:00:00+00:00,1.593,1.607,1.584,1.598,2466665.0
2026-05-09 04:00:00+00:00,1.598,1.603,1.573,1.574,525413.0
2026-05-09 05:00:00+00:00,1.574,1.595,1.571,1.593,443637.0
2026-05-09 06:00:00+00:00,1.593,1.602,1.573,1.577,318472.0
2026-05-09 07:00:00+00:00,1.577,1.579,1.566,1.574,367614.0
2026-05-09 08:00:00+00:00,1.574,1.59,1.571,1.585,338301.0
2026-05-09 09:00:00+00:00,1.585,1.587,1.563,1.568,297104.0
2026-05-09 10:00:00+00:00,1.568,1.58,1.563,1.579,369328.0
2026-05-09 11:00:00+00:00,1.579,1.589,1.578,1.587,666494.0
2026-05-09 12:00:00+00:00,1.587,1.592,1.571,1.573,505014.0
2026-05-09 13:00:00+00:00,1.573,1.577,1.557,1.565,965011.0
2026-05-09 14:00:00+00:00,1.565,1.565,1.555,1.556,604380.0
2026-05-09 15:00:00+00:00,1.556,1.561,1.55,1.556,503827.0
2026-05-09 16:00:00+00:00,1.556,1.56,1.55,1.554,196706.0
2026-05-09 17:00:00+00:00,1.554,1.568,1.551,1.564,568158.0
2026-05-09 18:00:00+00:00,1.564,1.576,1.556,1.558,220328.0
2026-05-09 19:00:00+00:00,1.558,1.562,1.549,1.559,164837.0
2026-05-09 20:00:00+00:00,1.559,1.563,1.555,1.556,38352.0
2026-05-09 21:00:00+00:00,1.556,1.565,1.555,1.563,113144.0
2026-05-09 22:00:00+00:00,1.563,1.572,1.561,1.563,164035.0
2026-05-09 23:00:00+00:00,1.563,1.569,1.561,1.566,462088.0
2026-05-10 00:00:00+00:00,1.566,1.567,1.55,1.554,632217.0
2026-05-10 01:00:00+00:00,1.554,1.556,1.545,1.549,160759.0
2026-05-10 02:00:00+00:00,1.549,1.56,1.545,1.553,35765.0
2026-05-10 03:00:00+00:00,1.553,1.564,1.553,1.555,63758.0
2026-05-10 04:00:00+00:00,1.555,1.558,1.552,1.554,26993.0
2026-05-10 05:00:00+00:00,1.554,1.556,1.548,1.553,171208.0
2026-05-10 06:00:00+00:00,1.553,1.56,1.55,1.554,138028.0
2026-05-10 07:00:00+00:00,1.554,1.573,1.553,1.562,122378.0
2026-05-10 08:00:00+00:00,1.562,1.58,1.562,1.575,169566.0
2026-05-10 09:00:00+00:00,1.575,1.579,1.565,1.567,150685.0
2026-05-10 10:00:00+00:00,1.567,1.573,1.563,1.566,85468.0
2026-05-10 11:00:00+00:00,1.566,1.572,1.561,1.562,126140.0
2026-05-10 12:00:00+00:00,1.562,1.574,1.561,1.571,291455.0
2026-05-10 13:00:00+00:00,1.571,1.582,1.566,1.58,292513.0
2026-05-10 14:00:00+00:00,1.58,1.584,1.567,1.569,207433.0
2026-05-10 15:00:00+00:00,1.569,1.579,1.568,1.579,103232.0
2026-05-10 16:00:00+00:00,1.579,1.585,1.575,1.583,184253.0
2026-05-10 17:00:00+00:00,1.583,1.599,1.578,1.598,453602.0
2026-05-10 18:00:00+00:00,1.598,1.606,1.59,1.603,674985.0
2026-05-10 19:00:00+00:00,1.603,1.625,1.598,1.622,554293.0
2026-05-10 20:00:00+00:00,1.622,1.629,1.534,1.547,1577506.0
2026-05-10 21:00:00+00:00,1.547,1.56,1.537,1.543,426525.0
2026-05-10 22:00:00+00:00,1.543,1.588,1.538,1.581,266551.0
2026-05-10 23:00:00+00:00,1.581,1.583,1.561,1.563,141696.0
2026-05-11 00:00:00+00:00,1.563,1.57,1.546,1.551,183827.0
2026-05-11 01:00:00+00:00,1.551,1.556,1.543,1.55,242088.0
2026-05-11 02:00:00+00:00,1.55,1.552,1.526,1.532,322771.0
2026-05-11 03:00:00+00:00,1.532,1.533,1.519,1.528,437892.0
2026-05-11 04:00:00+00:00,1.528,1.53,1.517,1.527,231868.0
2026-05-11 05:00:00+00:00,1.527,1.543,1.527,1.541,177325.0
2026-05-11 06:00:00+00:00,1.541,1.548,1.537,1.539,151853.0
2026-05-11 07:00:00+00:00,1.539,1.561,1.533,1.559,304852.0
2026-05-11 08:00:00+00:00,1.559,1.56,1.545,1.549,256884.0
2026-05-11 09:00:00+00:00,1.549,1.556,1.544,1.551,231203.0
2026-05-11 10:00:00+00:00,1.551,1.573,1.551,1.559,607160.0
2026-05-11 11:00:00+00:00,1.559,1.561,1.539,1.544,287261.0
2026-05-11 12:00:00+00:00,1.544,1.551,1.537,1.54,199741.0
2026-05-11 13:00:00+00:00,1.54,1.542,1.518,1.523,1209480.0
2026-05-11 14:00:00+00:00,1.523,1.539,1.511,1.515,686829.0
2026-05-11 15:00:00+00:00,1.515,1.528,1.511,1.521,236678.0
2026-05-11 16:00:00+00:00,1.521,1.53,1.517,1.522,283278.0
2026-05-11 17:00:00+00:00,1.522,1.532,1.518,1.528,180839.0
2026-05-11 18:00:00+00:00,1.528,1.542,1.525,1.541,946227.0
2026-05-11 19:00:00+00:00,1.541,1.552,1.536,1.55,263347.0
2026-05-11 20:00:00+00:00,1.55,1.56,1.544,1.555,320995.0
2026-05-11 21:00:00+00:00,1.555,1.558,1.545,1.547,234041.0
2026-05-11 22:00:00+00:00,1.547,1.554,1.545,1.549,73178.0
2026-05-11 23:00:00+00:00,1.549,1.55,1.535,1.546,249219.0
2026-05-12 00:00:00+00:00,1.546,1.547,1.534,1.538,71938.0
2026-05-12 01:00:00+00:00,1.538,1.541,1.502,1.513,684537.0
2026-05-12 02:00:00+00:00,1.513,1.527,1.511,1.526,177924.0
2026-05-12 03:00:00+00:00,1.526,1.528,1.518,1.521,1680732.0
2026-05-12 04:00:00+00:00,1.521,1.543,1.518,1.533,182204.0
2026-05-12 05:00:00+00:00,1.533,1.546,1.533,1.539,155547.0
2026-05-12 06:00:00+00:00,1.539,1.557,1.538,1.552,325657.0
2026-05-12 07:00:00+00:00,1.552,1.584,1.54,1.577,1124889.0
2026-05-12 08:00:00+00:00,1.577,1.579,1.535,1.565,2988402.0
2026-05-12 09:00:00+00:00,1.565,1.592,1.563,1.584,459548.0
2026-05-12 10:00:00+00:00,1.584,1.605,1.555,1.576,921445.0
2026-05-12 11:00:00+00:00,1.576,1.576,1.538,1.552,788611.0
2026-05-12 12:00:00+00:00,1.552,1.567,1.528,1.553,1194805.0
2026-05-12 13:00:00+00:00,1.553,1.561,1.528,1.528,479707.0
2026-05-12 14:00:00+00:00,1.528,1.551,1.513,1.544,902597.0
2026-05-12 15:00:00+00:00,1.544,1.576,1.542,1.55,1392520.0
2026-05-12 16:00:00+00:00,1.55,1.562,1.525,1.535,761190.0
2026-05-12 17:00:00+00:00,1.535,1.591,1.534,1.58,1168014.0
2026-05-12 18:00:00+00:00,1.58,1.63,1.569,1.62,1143760.0
2026-05-12 19:00:00+00:00,1.62,1.64,1.578,1.6,1929974.0
2026-05-12 20:00:00+00:00,1.6,1.635,1.6,1.633,1353855.0
2026-05-12 21:00:00+00:00,1.633,1.649,1.606,1.609,1046931.0
2026-05-12 22:00:00+00:00,1.609,1.624,1.599,1.614,612592.0
2026-05-12 23:00:00+00:00,1.614,1.623,1.592,1.607,395160.0
2026-05-13 00:00:00+00:00,1.607,1.634,1.6,1.625,355374.0
2026-05-13 01:00:00+00:00,1.625,1.684,1.625,1.667,1263051.0
2026-05-13 02:00:00+00:00,1.667,1.68,1.65,1.676,536494.0
2026-05-13 03:00:00+00:00,1.676,1.69,1.658,1.685,666786.0
2026-05-13 04:00:00+00:00,1.685,1.686,1.652,1.656,523957.0
2026-05-13 05:00:00+00:00,1.656,1.66,1.633,1.638,514328.0
2026-05-13 06:00:00+00:00,1.638,1.649,1.619,1.63,1030979.0
2026-05-13 07:00:00+00:00,1.63,1.647,1.607,1.618,764112.0
2026-05-13 08:00:00+00:00,1.618,1.632,1.603,1.621,298226.0
2026-05-13 09:00:00+00:00,1.621,1.623,1.593,1.622,480493.0
2026-05-13 10:00:00+00:00,1.622,1.628,1.612,1.615,484627.0
2026-05-13 11:00:00+00:00,1.615,1.63,1.582,1.591,472607.0
2026-05-13 12:00:00+00:00,1.591,1.595,1.565,1.588,969851.0
2026-05-13 13:00:00+00:00,1.588,1.599,1.573,1.58,614010.0
2026-05-13 14:00:00+00:00,1.58,1.597,1.574,1.582,412475.0
2026-05-13 15:00:00+00:00,1.582,1.585,1.55,1.553,1214613.0
2026-05-13 16:00:00+00:00,1.553,1.586,1.552,1.586,831054.0
2026-05-13 17:00:00+00:00,1.586,1.609,1.578,1.58,368160.0
2026-05-13 18:00:00+00:00,1.58,1.613,1.579,1.599,353313.0
2026-05-13 19:00:00+00:00,1.599,1.603,1.58,1.584,554462.0
2026-05-13 20:00:00+00:00,1.584,1.593,1.583,1.583,318117.0
2026-05-13 21:00:00+00:00,1.583,1.584,1.556,1.566,756187.0
2026-05-13 22:00:00+00:00,1.566,1.576,1.561,1.574,172436.0
2026-05-13 23:00:00+00:00,1.574,1.579,1.569,1.578,63893.0
2026-05-14 00:00:00+00:00,1.578,1.59,1.577,1.587,133373.0
2026-05-14 01:00:00+00:00,1.587,1.609,1.585,1.605,157399.0
2026-05-14 02:00:00+00:00,1.605,1.62,1.56,1.562,625735.0
2026-05-14 03:00:00+00:00,1.562,1.565,1.536,1.551,821243.0
2026-05-14 04:00:00+00:00,1.551,1.555,1.545,1.551,195279.0
2026-05-14 05:00:00+00:00,1.551,1.569,1.55,1.561,342509.0
2026-05-14 06:00:00+00:00,1.561,1.582,1.556,1.575,3857299.0
2026-05-14 07:00:00+00:00,1.575,1.579,1.563,1.574,239321.0
2026-05-14 08:00:00+00:00,1.574,1.591,1.568,1.58,432872.0
2026-05-14 09:00:00+00:00,1.58,1.586,1.554,1.559,416925.0
2026-05-14 10:00:00+00:00,1.559,1.576,1.551,1.565,350841.0
2026-05-14 11:00:00+00:00,1.565,1.569,1.555,1.561,135219.0
2026-05-14 12:00:00+00:00,1.561,1.572,1.554,1.57,333726.0
2026-05-14 13:00:00+00:00,1.57,1.575,1.561,1.568,310898.0
2026-05-14 14:00:00+00:00,1.568,1.604,1.563,1.6,576666.0
2026-05-14 15:00:00+00:00,1.6,1.617,1.595,1.613,413418.0
2026-05-14 16:00:00+00:00,1.613,1.633,1.592,1.613,715330.0
2026-05-14 17:00:00+00:00,1.613,1.615,1.587,1.599,420808.0
2026-05-14 18:00:00+00:00,1.599,1.6,1.584,1.594,564873.0
2026-05-14 19:00:00+00:00,1.594,1.601,1.58,1.58,607175.0
2026-05-14 20:00:00+00:00,1.58,1.587,1.564,1.578,2468414.0
2026-05-14 21:00:00+00:00,1.578,1.589,1.575,1.582,93418.0
2026-05-14 22:00:00+00:00,1.582,1.591,1.579,1.586,143299.0
2026-05-14 23:00:00+00:00,1.586,1.588,1.568,1.57,277893.0
2026-05-15 00:00:00+00:00,1.57,1.579,1.565,1.574,331399.0
2026-05-15 01:00:00+00:00,1.574,1.575,1.556,1.562,212304.0
2026-05-15 02:00:00+00:00,1.562,1.569,1.551,1.565,283895.0
2026-05-15 03:00:00+00:00,1.565,1.575,1.564,1.573,53159.0
2026-05-15 04:00:00+00:00,1.573,1.579,1.565,1.566,196462.0
2026-05-15 05:00:00+00:00,1.566,1.57,1.538,1.545,865615.0
2026-05-15 06:00:00+00:00,1.545,1.567,1.544,1.562,138010.0
2026-05-15 07:00:00+00:00,1.562,1.591,1.562,1.579,417014.0
2026-05-15 08:00:00+00:00,1.579,1.582,1.544,1.549,4499904.0
2026-05-15 09:00:00+00:00,1.549,1.552,1.535,1.542,328310.0
2026-05-15 10:00:00+00:00,1.542,1.558,1.538,1.556,219227.0
2026-05-15 11:00:00+00:00,1.556,1.56,1.549,1.553,87407.0
2026-05-15 12:00:00+00:00,1.553,1.557,1.539,1.542,275211.0
2026-05-15 13:00:00+00:00,1.542,1.542,1.51,1.521,1215108.0
2026-05-15 14:00:00+00:00,1.521,1.537,1.515,1.53,849327.0
2026-05-15 15:00:00+00:00,1.53,1.535,1.519,1.523,365515.0
2026-05-15 16:00:00+00:00,1.523,1.558,1.522,1.558,522853.0
2026-05-15 17:00:00+00:00,1.558,1.575,1.556,1.575,575396.0
2026-05-15 18:00:00+00:00,1.575,1.575,1.553,1.559,380034.0
2026-05-15 19:00:00+00:00,1.559,1.559,1.544,1.545,2281883.0
2026-05-15 20:00:00+00:00,1.545,1.547,1.535,1.537,351437.0
2026-05-15 21:00:00+00:00,1.537,1.541,1.53,1.533,272515.0
2026-05-15 22:00:00+00:00,1.533,1.544,1.532,1.538,209041.0
2026-05-15 23:00:00+00:00,1.538,1.546,1.536,1.544,49694.0
2026-05-16 00:00:00+00:00,1.544,1.547,1.536,1.539,109004.0
2026-05-16 01:00:00+00:00,1.539,1.547,1.535,1.541,143352.0
2026-05-16 02:00:00+00:00,1.541,1.547,1.536,1.54,60530.0
2026-05-16 03:00:00+00:00,1.54,1.553,1.539,1.551,113119.0
2026-05-16 04:00:00+00:00,1.551,1.554,1.523,1.526,311764.0
2026-05-16 05:00:00+00:00,1.526,1.534,1.519,1.522,294010.0
2026-05-16 06:00:00+00:00,1.522,1.523,1.504,1.507,873451.0
2026-05-16 07:00:00+00:00,1.507,1.508,1.486,1.501,761062.0
2026-05-16 08:00:00+00:00,1.501,1.515,1.495,1.496,2041295.0
2026-05-16 09:00:00+00:00,1.496,1.506,1.48,1.504,361873.0
2026-05-16 10:00:00+00:00,1.504,1.511,1.491,1.494,2022111.0
2026-05-16 11:00:00+00:00,1.494,1.505,1.489,1.495,277696.0
2026-05-16 12:00:00+00:00,1.495,1.501,1.491,1.493,168176.0
2026-05-16 13:00:00+00:00,1.493,1.494,1.478,1.486,330757.0
2026-05-16 14:00:00+00:00,1.486,1.492,1.48,1.488,212479.0
2026-05-16 15:00:00+00:00,1.488,1.496,1.487,1.491,96048.0
2026-05-16 16:00:00+00:00,1.491,1.498,1.49,1.491,91886.0
2026-05-16 17:00:00+00:00,1.491,1.502,1.491,1.501,113298.0
2026-05-16 18:00:00+00:00,1.501,1.504,1.496,1.5,71490.0
2026-05-16 19:00:00+00:00,1.5,1.5,1.494,1.499,2109900.0
2026-05-16 20:00:00+00:00,1.499,1.5,1.491,1.495,49224.0
2026-05-16 21:00:00+00:00,1.495,1.497,1.492,1.494,49702.0
2026-05-16 22:00:00+00:00,1.494,1.495,1.489,1.494,43511.0
2026-05-16 23:00:00+00:00,1.494,1.499,1.492,1.497,24107.0
2026-05-17 00:00:00+00:00,1.497,1.5,1.485,1.487,105349.0
2026-05-17 01:00:00+00:00,1.487,1.49,1.477,1.481,152359.0
2026-05-17 02:00:00+00:00,1.481,1.49,1.481,1.488,99006.0
2026-05-17 03:00:00+00:00,1.488,1.507,1.487,1.503,90294.0
2026-05-17 04:00:00+00:00,1.503,1.523,1.502,1.522,277947.0
2026-05-17 05:00:00+00:00,1.522,1.533,1.516,1.521,429494.0
2026-05-17 06:00:00+00:00,1.521,1.529,1.519,1.528,209931.0
2026-05-17 07:00:00+00:00,1.528,1.537,1.526,1.53,209910.0
2026-05-17 08:00:00+00:00,1.53,1.535,1.524,1.535,186941.0
2026-05-17 09:00:00+00:00,1.535,1.55,1.53,1.548,381409.0
2026-05-17 10:00:00+00:00,1.548,1.557,1.546,1.552,822605.0
2026-05-17 11:00:00+00:00,1.552,1.554,1.542,1.552,210431.0
2026-05-17 12:00:00+00:00,1.552,1.555,1.547,1.55,156136.0
2026-05-17 13:00:00+00:00,1.55,1.551,1.535,1.538,298264.0
2026-05-17 14:00:00+00:00,1.538,1.539,1.519,1.528,317303.0
2026-05-17 15:00:00+00:00,1.528,1.532,1.521,1.525,172145.0
2026-05-17 16:00:00+00:00,1.525,1.533,1.517,1.517,244722.0
2026-05-17 17:00:00+00:00,1.517,1.521,1.512,1.518,218538.0
2026-05-17 18:00:00+00:00,1.518,1.524,1.512,1.524,131868.0
2026-05-17 19:00:00+00:00,1.524,1.532,1.52,1.525,2217669.0
2026-05-17 20:00:00+00:00,1.525,1.534,1.52,1.534,89469.0
2026-05-17 21:00:00+00:00,1.534,1.548,1.529,1.529,237851.0
2026-05-17 22:00:00+00:00,1.529,1.53,1.504,1.514,433406.0
2026-05-17 23:00:00+00:00,1.514,1.516,1.465,1.507,657854.0
2026-05-18 00:00:00+00:00,1.507,1.513,1.49,1.511,262692.0
2026-05-18 01:00:00+00:00,1.511,1.516,1.492,1.501,195323.0
2026-05-18 02:00:00+00:00,1.501,1.521,1.499,1.51,103614.0
2026-05-18 03:00:00+00:00,1.51,1.514,1.496,1.502,78869.0
2026-05-18 04:00:00+00:00,1.502,1.513,1.497,1.511,132835.0
2026-05-18 05:00:00+00:00,1.511,1.514,1.501,1.501,97187.0
2026-05-18 06:00:00+00:00,1.501,1.504,1.486,1.496,216661.0
2026-05-18 07:00:00+00:00,1.496,1.5,1.48,1.483,120540.0
2026-05-18 08:00:00+00:00,1.483,1.49,1.481,1.489,59123.0
2026-05-18 09:00:00+00:00,1.489,1.492,1.483,1.483,138981.0
2026-05-18 10:00:00+00:00,1.483,1.514,1.478,1.507,192779.0
2026-05-18 11:00:00+00:00,1.507,1.527,1.5,1.518,324662.0
2026-05-18 12:00:00+00:00,1.518,1.534,1.514,1.519,448686.0
2026-05-18 13:00:00+00:00,1.519,1.519,1.498,1.515,241357.0
2026-05-18 14:00:00+00:00,1.515,1.517,1.487,1.494,543378.0
2026-05-18 15:00:00+00:00,1.494,1.52,1.485,1.514,399873.0
2026-05-18 16:00:00+00:00,1.514,1.529,1.509,1.524,372796.0
2026-05-18 17:00:00+00:00,1.524,1.553,1.52,1.545,658904.0
2026-05-18 18:00:00+00:00,1.545,1.545,1.518,1.519,344740.0
2026-05-18 19:00:00+00:00,1.519,1.584,1.519,1.573,859368.0
2026-05-18 20:00:00+00:00,1.573,1.589,1.573,1.586,546695.0
2026-05-18 21:00:00+00:00,1.586,1.61,1.584,1.598,618468.0
2026-05-18 22:00:00+00:00,1.598,1.616,1.598,1.615,376941.0
2026-05-18 23:00:00+00:00,1.615,1.627,1.61,1.623,337100.0
2026-05-19 00:00:00+00:00,1.623,1.638,1.616,1.63,315183.0
2026-05-19 01:00:00+00:00,1.63,1.635,1.612,1.613,394682.0
2026-05-19 02:00:00+00:00,1.613,1.624,1.601,1.606,282194.0
2026-05-19 03:00:00+00:00,1.606,1.621,1.601,1.609,2016695.0
2026-05-19 04:00:00+00:00,1.609,1.62,1.594,1.604,150491.0
2026-05-19 05:00:00+00:00,1.604,1.614,1.592,1.597,75198.0
2026-05-19 06:00:00+00:00,1.597,1.641,1.597,1.64,284301.0
2026-05-19 07:00:00+00:00,1.64,1.665,1.637,1.654,1073071.0
2026-05-19 08:00:00+00:00,1.654,1.657,1.635,1.639,500201.0
2026-05-19 09:00:00+00:00,1.639,1.647,1.625,1.636,2801877.0
2026-05-19 10:00:00+00:00,1.636,1.637,1.604,1.608,649602.0
2026-05-19 11:00:00+00:00,1.608,1.611,1.58,1.596,784029.0
2026-05-19 12:00:00+00:00,1.596,1.618,1.593,1.612,337662.0
2026-05-19 13:00:00+00:00,1.612,1.635,1.612,1.618,582077.0
2026-05-19 14:00:00+00:00,1.618,1.628,1.599,1.613,1251567.0
2026-05-19 15:00:00+00:00,1.613,1.624,1.606,1.621,425430.0
2026-05-19 16:00:00+00:00,1.621,1.662,1.617,1.658,555761.0
2026-05-19 17:00:00+00:00,1.658,1.681,1.644,1.676,1729737.0
2026-05-19 18:00:00+00:00,1.676,1.686,1.643,1.644,1612207.0
2026-05-19 19:00:00+00:00,1.644,1.654,1.624,1.626,448928.0
2026-05-19 20:00:00+00:00,1.626,1.634,1.626,1.634,203895.0
2026-05-19 21:00:00+00:00,1.634,1.634,1.614,1.617,237535.0
2026-05-19 22:00:00+00:00,1.617,1.62,1.609,1.611,234651.0
2026-05-19 23:00:00+00:00,1.611,1.613,1.599,1.602,173709.0
2026-05-20 00:00:00+00:00,1.602,1.607,1.591,1.6,139233.0
2026-05-20 01:00:00+00:00,1.6,1.601,1.585,1.588,152029.0
2026-05-20 02:00:00+00:00,1.588,1.592,1.582,1.583,278233.0
2026-05-20 03:00:00+00:00,1.583,1.599,1.579,1.594,186120.0
2026-05-20 04:00:00+00:00,1.594,1.601,1.594,1.598,201947.0
2026-05-20 05:00:00+00:00,1.598,1.67,1.596,1.66,1870611.0
2026-05-20 06:00:00+00:00,1.66,1.669,1.645,1.655,713445.0
2026-05-20 07:00:00+00:00,1.655,1.663,1.644,1.65,1218856.0
2026-05-20 08:00:00+00:00,1.65,1.659,1.645,1.655,602898.0
2026-05-20 09:00:00+00:00,1.655,1.657,1.636,1.645,355348.0
2026-05-20 10:00:00+00:00,1.645,1.655,1.635,1.652,2000281.0
2026-05-20 11:00:00+00:00,1.652,1.653,1.634,1.64,574153.0
2026-05-20 12:00:00+00:00,1.64,1.652,1.627,1.643,494648.0
2026-05-20 13:00:00+00:00,1.643,1.669,1.636,1.652,1140013.0
2026-05-20 14:00:00+00:00,1.652,1.693,1.65,1.688,1990703.0
2026-05-20 15:00:00+00:00,1.688,1.71,1.678,1.687,1622540.0
2026-05-20 16:00:00+00:00,1.687,1.688,1.663,1.682,922053.0
2026-05-20 17:00:00+00:00,1.682,1.694,1.668,1.692,506606.0
2026-05-20 18:00:00+00:00,1.692,1.7,1.659,1.668,795382.0
2026-05-20 19:00:00+00:00,1.668,1.701,1.661,1.688,466292.0
2026-05-20 20:00:00+00:00,1.688,1.697,1.672,1.695,615461.0
2026-05-20 21:00:00+00:00,1.695,1.728,1.688,1.718,1049880.0
2026-05-20 22:00:00+00:00,1.718,1.72,1.682,1.693,900553.0
2026-05-20 23:00:00+00:00,1.693,1.704,1.682,1.703,226001.0
2026-05-21 00:00:00+00:00,1.703,1.727,1.694,1.722,428623.0
2026-05-21 01:00:00+00:00,1.722,1.748,1.707,1.713,581903.0
2026-05-21 02:00:00+00:00,1.713,1.738,1.704,1.728,320847.0
2026-05-21 03:00:00+00:00,1.728,1.757,1.726,1.737,273054.0
2026-05-21 04:00:00+00:00,1.737,1.779,1.731,1.776,464580.0
2026-05-21 05:00:00+00:00,1.776,1.78,1.738,1.745,698573.0
2026-05-21 06:00:00+00:00,1.745,1.745,1.701,1.71,635616.0
2026-05-21 07:00:00+00:00,1.71,1.73,1.705,1.722,507781.0
2026-05-21 08:00:00+00:00,1.722,1.776,1.721,1.768,836490.0
2026-05-21 09:00:00+00:00,1.768,1.784,1.745,1.753,836296.0
2026-05-21 10:00:00+00:00,1.753,1.774,1.734,1.739,1002914.0
2026-05-21 11:00:00+00:00,1.739,1.749,1.733,1.739,519236.0
2026-05-21 12:00:00+00:00,1.739,1.769,1.737,1.751,1016450.0
2026-05-21 13:00:00+00:00,1.751,1.755,1.723,1.742,1572235.0
2026-05-21 14:00:00+00:00,1.742,1.756,1.724,1.754,1985766.0
2026-05-21 15:00:00+00:00,1.754,1.83,1.752,1.806,4666302.0
2026-05-21 16:00:00+00:00,1.806,1.818,1.764,1.781,1545431.0
2026-05-21 17:00:00+00:00,1.781,1.872,1.781,1.855,2474402.0
2026-05-21 18:00:00+00:00,1.855,1.862,1.822,1.836,1466648.0
2026-05-21 19:00:00+00:00,1.836,1.93,1.835,1.923,4315745.0
2026-05-21 20:00:00+00:00,1.923,1.954,1.913,1.943,3658431.0
2026-05-21 21:00:00+00:00,1.943,1.961,1.922,1.925,3726817.0
2026-05-21 22:00:00+00:00,1.925,1.961,1.916,1.932,935033.0
2026-05-21 23:00:00+00:00,1.932,1.954,1.919,1.925,619827.0
2026-05-22 00:00:00+00:00,1.925,1.989,1.917,1.978,2187570.0
2026-05-22 01:00:00+00:00,1.978,2.047,1.972,2.018,3137805.0
2026-05-22 02:00:00+00:00,2.018,2.113,2.018,2.061,4138895.0
2026-05-22 03:00:00+00:00,2.061,2.131,2.061,2.118,3067912.0
2026-05-22 04:00:00+00:00,2.118,2.178,2.102,2.172,3056262.0
2026-05-22 05:00:00+00:00,2.172,2.212,2.151,2.195,5509997.0
2026-05-22 06:00:00+00:00,2.195,2.212,2.145,2.199,4567592.0
2026-05-22 07:00:00+00:00,2.199,2.253,2.163,2.241,4875722.0
2026-05-22 08:00:00+00:00,2.241,2.285,2.227,2.263,6935571.0
2026-05-22 09:00:00+00:00,2.263,2.305,2.241,2.249,11073262.0
2026-05-22 10:00:00+00:00,2.249,2.271,2.197,2.26,8113455.0
2026-05-22 11:00:00+00:00,2.26,2.276,2.203,2.23,7672297.0
2026-05-22 12:00:00+00:00,2.23,2.319,2.207,2.314,7156214.0
2026-05-22 13:00:00+00:00,2.314,2.335,2.278,2.283,11776281.0
2026-05-22 14:00:00+00:00,2.283,2.294,2.228,2.242,9414340.0
2026-05-22 15:00:00+00:00,2.242,2.249,2.184,2.199,13578691.0
2026-05-22 16:00:00+00:00,2.199,2.235,2.156,2.173,10223805.0
2026-05-22 17:00:00+00:00,2.173,2.202,2.156,2.184,2399483.0
2026-05-22 18:00:00+00:00,2.184,2.195,2.134,2.165,2209420.0
2026-05-22 19:00:00+00:00,2.165,2.17,2.097,2.118,4514850.0
2026-05-22 20:00:00+00:00,2.118,2.138,2.056,2.112,3441129.0
2026-05-22 21:00:00+00:00,2.112,2.131,2.077,2.077,3093668.0
2026-05-22 22:00:00+00:00,2.077,2.102,2.052,2.083,2292292.0
2026-05-22 23:00:00+00:00,2.083,2.115,2.08,2.102,1300558.0
2026-05-23 00:00:00+00:00,2.102,2.124,2.066,2.109,2656264.0
2026-05-23 01:00:00+00:00,2.109,2.13,2.073,2.085,1535513.0
2026-05-23 02:00:00+00:00,2.085,2.121,2.08,2.095,1103570.0
2026-05-23 03:00:00+00:00,2.095,2.115,2.079,2.113,1117571.0
2026-05-23 04:00:00+00:00,2.113,2.117,2.065,2.065,1454121.0
2026-05-23 05:00:00+00:00,2.065,2.086,2.057,2.082,1645734.0
2026-05-23 06:00:00+00:00,2.082,2.085,2.044,2.059,1088834.0
2026-05-23 07:00:00+00:00,2.059,2.073,2.018,2.027,2004126.0
2026-05-23 08:00:00+00:00,2.027,2.085,2.01,2.067,3237963.0
2026-05-23 09:00:00+00:00,2.067,2.095,2.056,2.07,1582451.0
2026-05-23 10:00:00+00:00,2.07,2.091,2.065,2.072,1677150.0
2026-05-23 11:00:00+00:00,2.072,2.099,2.068,2.078,2890505.0
2026-05-23 12:00:00+00:00,2.078,2.105,2.038,2.099,4606303.0
2026-05-23 13:00:00+00:00,2.099,2.126,2.079,2.101,2707398.0
2026-05-23 14:00:00+00:00,2.101,2.188,2.101,2.184,4524606.0
2026-05-23 15:00:00+00:00,2.184,2.273,2.167,2.258,6685073.0
2026-05-23 16:00:00+00:00,2.258,2.404,2.239,2.401,16132428.0
2026-05-23 17:00:00+00:00,2.401,2.441,2.325,2.35,16442358.0
2026-05-23 18:00:00+00:00,2.35,2.472,2.318,2.389,9835162.0
2026-05-23 19:00:00+00:00,2.389,2.442,2.365,2.388,3785313.0
2026-05-23 20:00:00+00:00,2.388,2.429,2.365,2.402,9328493.0
2026-05-23 21:00:00+00:00,2.402,2.455,2.38,2.412,4149825.0
2026-05-23 22:00:00+00:00,2.412,2.426,2.339,2.415,4006237.0
2026-05-23 23:00:00+00:00,2.415,2.47,2.407,2.451,5436715.0
2026-05-24 00:00:00+00:00,2.451,2.462,2.39,2.399,2514858.0
2026-05-24 01:00:00+00:00,2.399,2.4,2.36,2.39,1800771.0
2026-05-24 02:00:00+00:00,2.39,2.42,2.358,2.407,2618856.0
2026-05-24 03:00:00+00:00,2.407,2.436,2.373,2.388,1933925.0
2026-05-24 04:00:00+00:00,2.388,2.415,2.347,2.392,2045200.0
2026-05-24 05:00:00+00:00,2.392,2.394,2.334,2.349,2012705.0
2026-05-24 06:00:00+00:00,2.349,2.396,2.329,2.394,3555893.0
2026-05-24 07:00:00+00:00,2.394,2.43,2.363,2.387,2304719.0
2026-05-24 08:00:00+00:00,2.387,2.39,2.367,2.379,1571067.0
2026-05-24 09:00:00+00:00,2.379,2.396,2.362,2.362,1166455.0
2026-05-24 10:00:00+00:00,2.362,2.372,2.34,2.357,1240985.0
2026-05-24 11:00:00+00:00,2.357,2.403,2.344,2.396,1941776.0
2026-05-24 12:00:00+00:00,2.396,2.399,2.354,2.384,1915389.0
2026-05-24 13:00:00+00:00,2.384,2.423,2.383,2.402,4064424.0
2026-05-24 14:00:00+00:00,2.402,2.509,2.37,2.49,8953907.0
2026-05-24 15:00:00+00:00,2.49,2.507,2.4,2.439,4631577.0
2026-05-24 16:00:00+00:00,2.439,2.446,2.39,2.424,1909984.0
2026-05-24 17:00:00+00:00,2.424,2.469,2.401,2.435,2609788.0
2026-05-24 18:00:00+00:00,2.435,2.468,2.41,2.443,5087753.0
2026-05-24 19:00:00+00:00,2.443,2.451,2.391,2.425,1998336.0
2026-05-24 20:00:00+00:00,2.425,2.465,2.416,2.446,1933692.0
2026-05-24 21:00:00+00:00,2.446,2.501,2.368,2.393,6287690.0
2026-05-24 22:00:00+00:00,2.393,2.445,2.388,2.406,2114681.0
2026-05-24 23:00:00+00:00,2.406,2.429,2.385,2.394,1678773.0
2026-05-25 00:00:00+00:00,2.394,2.423,2.375,2.38,1195153.0
2026-05-25 01:00:00+00:00,2.38,2.397,2.353,2.362,841110.0
2026-05-25 02:00:00+00:00,2.362,2.414,2.337,2.363,1320685.0
2026-05-25 03:00:00+00:00,2.363,2.367,2.337,2.348,651634.0
2026-05-25 04:00:00+00:00,2.348,2.391,2.341,2.386,1180908.0
2026-05-25 05:00:00+00:00,2.386,2.404,2.357,2.366,1307156.0
2026-05-25 06:00:00+00:00,2.366,2.413,2.366,2.373,1386492.0
2026-05-25 07:00:00+00:00,2.373,2.392,2.359,2.38,1318416.0
2026-05-25 08:00:00+00:00,2.38,2.417,2.366,2.414,3423249.0
2026-05-25 09:00:00+00:00,2.414,2.433,2.379,2.416,2027270.0
2026-05-25 10:00:00+00:00,2.416,2.465,2.414,2.458,2237231.0
2026-05-25 11:00:00+00:00,2.458,2.473,2.425,2.441,3012270.0
2026-05-25 12:00:00+00:00,2.441,2.576,2.431,2.481,5630748.0
2026-05-25 13:00:00+00:00,2.481,2.63,2.48,2.617,5590434.0
2026-05-25 14:00:00+00:00,2.617,2.686,2.617,2.675,11437492.0
2026-05-25 15:00:00+00:00,2.675,2.716,2.629,2.71,5210450.0
2026-05-25 16:00:00+00:00,2.71,2.819,2.667,2.78,6188673.0
2026-05-25 17:00:00+00:00,2.78,2.809,2.708,2.736,3678625.0
2026-05-25 18:00:00+00:00,2.736,2.767,2.703,2.72,2625474.0
2026-05-25 19:00:00+00:00,2.72,2.772,2.706,2.755,7358836.0
2026-05-25 20:00:00+00:00,2.755,2.785,2.716,2.752,5101831.0
2026-05-25 21:00:00+00:00,2.752,2.789,2.748,2.784,3733213.0
2026-05-25 22:00:00+00:00,2.784,2.794,2.726,2.765,2543233.0
2026-05-25 23:00:00+00:00,2.765,2.805,2.748,2.77,2138206.0
2026-05-26 00:00:00+00:00,2.77,2.771,2.707,2.719,3059870.0
2026-05-26 01:00:00+00:00,2.719,2.727,2.667,2.683,2300802.0
2026-05-26 02:00:00+00:00,2.683,2.761,2.665,2.729,2523863.0
2026-05-26 03:00:00+00:00,2.729,2.755,2.699,2.721,1640844.0
2026-05-26 04:00:00+00:00,2.721,2.799,2.721,2.782,1855522.0
2026-05-26 05:00:00+00:00,2.782,2.795,2.737,2.745,1558458.0
2026-05-26 06:00:00+00:00,2.745,2.779,2.714,2.735,2028163.0
2026-05-26 07:00:00+00:00,2.735,2.739,2.705,2.717,1911960.0
2026-05-26 08:00:00+00:00,2.717,2.754,2.677,2.733,2545572.0
2026-05-26 09:00:00+00:00,2.733,2.766,2.696,2.712,1178793.0
2026-05-26 10:00:00+00:00,2.712,2.901,2.705,2.892,7384359.0
2026-05-26 11:00:00+00:00,2.892,2.976,2.85,2.85,12872295.0
2026-05-26 12:00:00+00:00,2.85,2.866,2.751,2.78,8435744.0
2026-05-26 13:00:00+00:00,2.78,2.88,2.733,2.821,11741343.0
2026-05-26 14:00:00+00:00,2.821,2.913,2.816,2.836,7448476.0
2026-05-26 15:00:00+00:00,2.836,2.843,2.746,2.764,3753559.0
2026-05-26 16:00:00+00:00,2.764,2.764,2.705,2.739,2993860.0
2026-05-26 17:00:00+00:00,2.739,2.744,2.675,2.693,2097977.0
2026-05-26 18:00:00+00:00,2.693,2.698,2.588,2.623,6926168.0
2026-05-26 19:00:00+00:00,2.623,2.66,2.594,2.651,2838683.0
2026-05-26 20:00:00+00:00,2.651,2.675,2.628,2.653,2930150.0
2026-05-26 21:00:00+00:00,2.653,2.66,2.595,2.608,1811489.0
2026-05-26 22:00:00+00:00,2.608,2.641,2.597,2.636,4033384.0
2026-05-26 23:00:00+00:00,2.636,2.646,2.524,2.55,2855565.0
2026-05-27 00:00:00+00:00,2.55,2.602,2.53,2.573,5567977.0
2026-05-27 01:00:00+00:00,2.573,2.573,2.517,2.527,1105108.0
2026-05-27 02:00:00+00:00,2.527,2.529,2.463,2.51,1814380.0
2026-05-27 03:00:00+00:00,2.51,2.527,2.483,2.492,840481.0
2026-05-27 04:00:00+00:00,2.492,2.519,2.473,2.512,1028546.0
2026-05-27 05:00:00+00:00,2.512,2.55,2.508,2.532,4580144.0
2026-05-27 06:00:00+00:00,2.532,2.558,2.519,2.542,3820768.0
2026-05-27 07:00:00+00:00,2.542,2.542,2.494,2.521,4281503.0
2026-05-27 08:00:00+00:00,2.521,2.579,2.508,2.523,5425440.0
2026-05-27 09:00:00+00:00,2.523,2.53,2.473,2.477,4452558.0
2026-05-27 10:00:00+00:00,2.477,2.496,2.456,2.496,2822681.0
2026-05-27 11:00:00+00:00,2.496,2.544,2.491,2.519,1882356.0
2026-05-27 12:00:00+00:00,2.519,2.552,2.5,2.519,2539133.0
2026-05-27 13:00:00+00:00,2.519,2.566,2.5,2.539,3025180.0
2026-05-27 14:00:00+00:00,2.539,2.562,2.509,2.543,5706972.0
2026-05-27 15:00:00+00:00,2.543,2.623,2.522,2.578,5146710.0
2026-05-27 16:00:00+00:00,2.578,2.58,2.524,2.562,3463455.0
2026-05-27 17:00:00+00:00,2.562,2.574,2.512,2.527,2399136.0
2026-05-27 18:00:00+00:00,2.527,2.619,2.524,2.618,3126945.0
2026-05-27 19:00:00+00:00,2.618,2.735,2.612,2.671,7894142.0
2026-05-27 20:00:00+00:00,2.671,2.672,2.586,2.618,3738307.0
2026-05-27 21:00:00+00:00,2.618,2.63,2.521,2.567,2374500.0
2026-05-27 22:00:00+00:00,2.567,2.584,2.521,2.527,1706659.0
2026-05-27 23:00:00+00:00,2.527,2.54,2.472,2.488,2175783.0
2026-05-28 00:00:00+00:00,2.488,2.507,2.444,2.451,1947694.0
2026-05-28 01:00:00+00:00,2.451,2.462,2.419,2.448,1616096.0
2026-05-28 02:00:00+00:00,2.448,2.45,2.389,2.416,1060622.0
2026-05-28 03:00:00+00:00,2.416,2.43,2.365,2.384,4396007.0
2026-05-28 04:00:00+00:00,2.384,2.433,2.377,2.417,2229086.0
2026-05-28 05:00:00+00:00,2.417,2.425,2.381,2.42,1842061.0
2026-05-28 06:00:00+00:00,2.42,2.42,2.364,2.376,4114660.0
2026-05-28 07:00:00+00:00,2.376,2.419,2.369,2.416,2170282.0
2026-05-28 08:00:00+00:00,2.416,2.417,2.38,2.387,2119573.0
2026-05-28 09:00:00+00:00,2.387,2.423,2.377,2.419,2350697.0
2026-05-28 10:00:00+00:00,2.419,2.425,2.375,2.376,2876562.0
2026-05-28 11:00:00+00:00,2.376,2.39,2.366,2.385,2395769.0
2026-05-28 12:00:00+00:00,2.385,2.387,2.329,2.348,3238850.0
2026-05-28 13:00:00+00:00,2.348,2.358,2.306,2.315,3032803.0
2026-05-28 14:00:00+00:00,2.315,2.366,2.269,2.297,4517462.0
2026-05-28 15:00:00+00:00,2.297,2.338,2.293,2.303,2060485.0
2026-05-28 16:00:00+00:00,2.303,2.362,2.29,2.346,4680012.0
2026-05-28 17:00:00+00:00,2.346,2.364,2.333,2.356,4279925.0
2026-05-28 18:00:00+00:00,2.356,2.425,2.353,2.416,10364945.0
2026-05-28 19:00:00+00:00,2.416,2.434,2.388,2.388,2864570.0
2026-05-28 20:00:00+00:00,2.388,2.448,2.355,2.422,2310305.0
2026-05-28 21:00:00+00:00,2.422,2.471,2.413,2.447,1974176.0
2026-05-28 22:00:00+00:00,2.447,2.466,2.416,2.434,1354772.0
2026-05-28 23:00:00+00:00,2.434,2.451,2.415,2.419,729128.0
2026-05-29 00:00:00+00:00,2.419,2.532,2.417,2.511,2509045.0
2026-05-29 01:00:00+00:00,2.511,2.556,2.491,2.548,1707361.0
2026-05-29 02:00:00+00:00,2.548,2.558,2.466,2.476,1029963.0
2026-05-29 03:00:00+00:00,2.476,2.525,2.446,2.457,2778577.0
2026-05-29 04:00:00+00:00,2.457,2.495,2.443,2.489,2680656.0
2026-05-29 05:00:00+00:00,2.489,2.514,2.465,2.496,1013972.0
2026-05-29 06:00:00+00:00,2.496,2.517,2.474,2.508,856450.0
2026-05-29 07:00:00+00:00,2.508,2.575,2.474,2.496,3137823.0
2026-05-29 08:00:00+00:00,2.496,2.515,2.48,2.487,1517773.0
2026-05-29 09:00:00+00:00,2.487,2.549,2.48,2.5,1476974.0
2026-05-29 10:00:00+00:00,2.5,2.524,2.481,2.501,2060615.0
2026-05-29 11:00:00+00:00,2.501,2.516,2.475,2.485,4603923.0
2026-05-29 12:00:00+00:00,2.485,2.486,2.408,2.432,2333379.0
2026-05-29 13:00:00+00:00,2.432,2.468,2.408,2.457,1615905.0
2026-05-29 14:00:00+00:00,2.457,2.479,2.416,2.444,2184230.0
2026-05-29 15:00:00+00:00,2.444,2.6,2.443,2.555,3372117.0
2026-05-29 16:00:00+00:00,2.555,2.628,2.533,2.592,4851004.0
2026-05-29 17:00:00+00:00,2.592,2.629,2.571,2.584,1732058.0
2026-05-29 18:00:00+00:00,2.584,2.61,2.55,2.554,1448688.0
2026-05-29 19:00:00+00:00,2.554,2.576,2.518,2.538,2588573.0
2026-05-29 20:00:00+00:00,2.538,2.556,2.487,2.499,1866954.0
2026-05-29 21:00:00+00:00,2.499,2.509,2.36,2.362,2702369.0
2026-05-29 22:00:00+00:00,2.362,2.412,2.362,2.407,1710835.0
2026-05-29 23:00:00+00:00,2.407,2.418,2.371,2.379,1215635.0
2026-05-30 00:00:00+00:00,2.379,2.401,2.357,2.363,1244358.0
2026-05-30 01:00:00+00:00,2.363,2.392,2.355,2.38,1152623.0
2026-05-30 02:00:00+00:00,2.38,2.399,2.365,2.393,707051.0
2026-05-30 03:00:00+00:00,2.393,2.395,2.353,2.354,804685.0
2026-05-30 04:00:00+00:00,2.354,2.364,2.245,2.309,3729476.0
2026-05-30 05:00:00+00:00,2.309,2.362,2.307,2.357,845623.0
2026-05-30 06:00:00+00:00,2.357,2.387,2.35,2.384,624469.0
2026-05-30 07:00:00+00:00,2.384,2.399,2.373,2.397,1007091.0
2026-05-30 08:00:00+00:00,2.397,2.407,2.383,2.396,1880109.0
2026-05-30 09:00:00+00:00,2.396,2.437,2.396,2.415,2183488.0
2026-05-30 10:00:00+00:00,2.415,2.442,2.398,2.399,1566120.0
2026-05-30 11:00:00+00:00,2.399,2.418,2.385,2.414,1191736.0
2026-05-30 12:00:00+00:00,2.414,2.43,2.395,2.402,1104857.0
2026-05-30 13:00:00+00:00,2.402,2.41,2.384,2.403,1184158.0
2026-05-30 14:00:00+00:00,2.403,2.414,2.385,2.402,1405853.0
2026-05-30 15:00:00+00:00,2.402,2.406,2.329,2.341,1737690.0
2026-05-30 16:00:00+00:00,2.341,2.361,2.338,2.347,1086649.0
2026-05-30 17:00:00+00:00,2.347,2.357,2.274,2.312,3596773.0
2026-05-30 18:00:00+00:00,2.312,2.329,2.3,2.328,1968224.0
2026-05-30 19:00:00+00:00,2.328,2.339,2.293,2.302,940080.0
2026-05-30 20:00:00+00:00,2.302,2.323,2.302,2.313,389631.0
2026-05-30 21:00:00+00:00,2.313,2.318,2.295,2.295,350005.0
2026-05-30 22:00:00+00:00,2.295,2.299,2.247,2.269,1172830.0
2026-05-30 23:00:00+00:00,2.269,2.283,2.224,2.248,1627194.0
2026-05-31 00:00:00+00:00,2.248,2.259,2.232,2.246,1016271.0
2026-05-31 01:00:00+00:00,2.246,2.265,2.238,2.243,577360.0
2026-05-31 02:00:00+00:00,2.243,2.273,2.243,2.258,609327.0
2026-05-31 03:00:00+00:00,2.258,2.281,2.251,2.276,315412.0
2026-05-31 04:00:00+00:00,2.276,2.328,2.27,2.328,821134.0
2026-05-31 05:00:00+00:00,2.328,2.334,2.309,2.315,521950.0
2026-05-31 06:00:00+00:00,2.315,2.336,2.309,2.322,522095.0
2026-05-31 07:00:00+00:00,2.322,2.346,2.29,2.301,3860981.0
2026-05-31 08:00:00+00:00,2.301,2.313,2.264,2.276,1236975.0
2026-05-31 09:00:00+00:00,2.276,2.287,2.251,2.261,2783659.0
2026-05-31 10:00:00+00:00,2.261,2.269,2.24,2.265,1390295.0
2026-05-31 11:00:00+00:00,2.265,2.276,2.261,2.272,3145357.0
2026-05-31 12:00:00+00:00,2.272,2.328,2.266,2.317,3222026.0
2026-05-31 13:00:00+00:00,2.317,2.335,2.315,2.322,3848922.0
2026-05-31 14:00:00+00:00,2.322,2.329,2.277,2.288,2940551.0
2026-05-31 15:00:00+00:00,2.288,2.352,2.282,2.316,3531301.0
2026-05-31 16:00:00+00:00,2.316,2.32,2.247,2.254,2150158.0
2026-05-31 17:00:00+00:00,2.254,2.277,2.243,2.272,1825477.0
2026-05-31 18:00:00+00:00,2.272,2.273,2.222,2.233,1369085.0
2026-05-31 19:00:00+00:00,2.233,2.251,2.214,2.245,1939870.0
2026-05-31 20:00:00+00:00,2.245,2.259,2.24,2.255,2492226.0
2026-05-31 21:00:00+00:00,2.255,2.339,2.252,2.321,2189543.0
2026-05-31 22:00:00+00:00,2.321,2.353,2.287,2.344,2514898.0
2026-05-31 23:00:00+00:00,2.344,2.357,2.29,2.319,2190289.0
2026-06-01 00:00:00+00:00,2.319,2.366,2.304,2.305,981321.0
2026-06-01 01:00:00+00:00,2.305,2.316,2.259,2.265,971091.0
2026-06-01 02:00:00+00:00,2.265,2.379,2.263,2.366,1241627.0
2026-06-01 03:00:00+00:00,2.366,2.418,2.365,2.378,820371.0
2026-06-01 04:00:00+00:00,2.378,2.396,2.316,2.341,1538933.0
2026-06-01 05:00:00+00:00,2.341,2.362,2.314,2.348,736815.0
2026-06-01 06:00:00+00:00,2.348,2.356,2.289,2.321,2751638.0
2026-06-01 07:00:00+00:00,2.321,2.348,2.298,2.307,2179311.0
2026-06-01 08:00:00+00:00,2.307,2.345,2.299,2.313,2043383.0
2026-06-01 09:00:00+00:00,2.313,2.332,2.284,2.331,2473251.0
2026-06-01 10:00:00+00:00,2.331,2.357,2.313,2.331,4604591.0
2026-06-01 11:00:00+00:00,2.331,2.369,2.302,2.318,2363083.0
2026-06-01 12:00:00+00:00,2.318,2.402,2.296,2.364,3230858.0
2026-06-01 13:00:00+00:00,2.364,2.398,2.332,2.377,4236620.0
2026-06-01 14:00:00+00:00,2.377,2.414,2.348,2.39,3794297.0
2026-06-01 15:00:00+00:00,2.39,2.448,2.366,2.405,3784074.0
2026-06-01 16:00:00+00:00,2.405,2.463,2.38,2.448,2660731.0
2026-06-01 17:00:00+00:00,2.448,2.555,2.442,2.531,8295069.0
2026-06-01 18:00:00+00:00,2.531,2.58,2.493,2.575,2657770.0
2026-06-01 19:00:00+00:00,2.575,2.651,2.568,2.614,7223382.0
2026-06-01 20:00:00+00:00,2.614,2.697,2.567,2.683,5410606.0
2026-06-01 21:00:00+00:00,2.683,2.692,2.61,2.624,3168343.0
2026-06-01 22:00:00+00:00,2.624,2.71,2.607,2.693,3067304.0
2026-06-01 23:00:00+00:00,2.693,2.693,2.608,2.637,1469605.0
2026-06-02 00:00:00+00:00,2.637,2.654,2.574,2.592,1532159.0
2026-06-02 01:00:00+00:00,2.592,2.678,2.578,2.587,1144008.0
2026-06-02 02:00:00+00:00,2.587,2.666,2.563,2.66,1126005.0
2026-06-02 03:00:00+00:00,2.66,2.752,2.644,2.73,1825427.0
2026-06-02 04:00:00+00:00,2.73,2.759,2.65,2.654,1969296.0
2026-06-02 05:00:00+00:00,2.654,2.655,2.574,2.595,2571208.0
2026-06-02 06:00:00+00:00,2.595,2.623,2.566,2.603,1975525.0
2026-06-02 07:00:00+00:00,2.603,2.634,2.571,2.6,2181002.0
2026-06-02 08:00:00+00:00,2.6,2.663,2.591,2.655,4602384.0
2026-06-02 09:00:00+00:00,2.655,2.664,2.601,2.625,2689626.0
2026-06-02 10:00:00+00:00,2.625,2.695,2.618,2.681,2984556.0
2026-06-02 11:00:00+00:00,2.681,2.716,2.667,2.671,2442978.0
2026-06-02 12:00:00+00:00,2.671,2.732,2.664,2.705,4458501.0
2026-06-02 13:00:00+00:00,2.705,2.737,2.654,2.686,4877309.0
2026-06-02 14:00:00+00:00,2.686,2.722,2.597,2.617,6076839.0
2026-06-02 15:00:00+00:00,2.617,2.623,2.457,2.483,8673485.0
2026-06-02 16:00:00+00:00,2.483,2.561,2.454,2.526,4169705.0
2026-06-02 17:00:00+00:00,2.526,2.646,2.526,2.636,8282702.0
2026-06-02 18:00:00+00:00,2.636,2.656,2.546,2.569,10096736.0
2026-06-02 19:00:00+00:00,2.569,2.644,2.488,2.625,6210860.0
2026-06-02 20:00:00+00:00,2.625,2.732,2.577,2.714,4087326.0
2026-06-02 21:00:00+00:00,2.714,2.794,2.639,2.67,4565447.0
2026-06-02 22:00:00+00:00,2.67,2.695,2.591,2.625,3064181.0
2026-06-02 23:00:00+00:00,2.625,2.633,2.536,2.625,2323993.0
2026-06-03 00:00:00+00:00,2.625,2.77,2.625,2.723,2353277.0
2026-06-03 01:00:00+00:00,2.723,2.741,2.672,2.725,2363545.0
2026-06-03 02:00:00+00:00,2.725,2.727,2.675,2.716,1315347.0
2026-06-03 03:00:00+00:00,2.716,2.758,2.629,2.678,2920202.0
2026-06-03 04:00:00+00:00,2.678,2.828,2.678,2.816,4573085.0
2026-06-03 05:00:00+00:00,2.816,2.894,2.805,2.863,4986089.0
2026-06-03 06:00:00+00:00,2.863,2.878,2.788,2.81,2193509.0
2026-06-03 07:00:00+00:00,2.81,2.867,2.794,2.855,1641360.0
2026-06-03 08:00:00+00:00,2.855,2.913,2.82,2.868,2380926.0
2026-06-03 09:00:00+00:00,2.868,2.882,2.82,2.829,1902899.0
2026-06-03 10:00:00+00:00,2.829,2.975,2.813,2.957,4058869.0
2026-06-03 11:00:00+00:00,2.957,2.971,2.843,2.948,7760398.0
2026-06-03 12:00:00+00:00,2.948,2.996,2.9,2.973,6095854.0
2026-06-03 13:00:00+00:00,2.973,3.062,2.938,3.051,5665040.0
2026-06-03 14:00:00+00:00,3.051,3.076,2.963,3.007,4839348.0
2026-06-03 15:00:00+00:00,3.007,3.086,2.907,2.942,8865221.0
2026-06-03 16:00:00+00:00,2.942,2.951,2.794,2.852,6402363.0
2026-06-03 17:00:00+00:00,2.852,2.857,2.769,2.803,2923984.0
2026-06-03 18:00:00+00:00,2.803,2.877,2.776,2.876,2181950.0
2026-06-03 19:00:00+00:00,2.876,2.923,2.835,2.851,5161335.0
2026-06-03 20:00:00+00:00,2.851,2.874,2.773,2.799,2429665.0
2026-06-03 21:00:00+00:00,2.799,2.928,2.796,2.914,3259982.0
2026-06-03 22:00:00+00:00,2.914,2.936,2.822,2.831,2984413.0
2026-06-03 23:00:00+00:00,2.831,2.858,2.791,2.815,1741511.0
2026-06-04 00:00:00+00:00,2.815,2.852,2.765,2.787,2516658.0
2026-06-04 01:00:00+00:00,2.787,2.808,2.678,2.697,2418490.0
2026-06-04 02:00:00+00:00,2.697,2.798,2.632,2.706,2725829.0
2026-06-04 03:00:00+00:00,2.706,2.831,2.698,2.727,4869902.0
2026-06-04 04:00:00+00:00,2.727,2.753,2.613,2.631,1938715.0
2026-06-04 05:00:00+00:00,2.631,2.634,2.507,2.535,4788226.0
2026-06-04 06:00:00+00:00,2.535,2.573,2.459,2.462,2733893.0
2026-06-04 07:00:00+00:00,2.462,2.475,2.378,2.403,7445432.0
2026-06-04 08:00:00+00:00,2.403,2.414,2.303,2.33,5007285.0
2026-06-04 09:00:00+00:00,2.33,2.367,2.293,2.346,4338123.0
2026-06-04 10:00:00+00:00,2.346,2.416,2.329,2.409,3865904.0
2026-06-04 11:00:00+00:00,2.409,2.446,2.346,2.445,3994235.0
2026-06-04 12:00:00+00:00,2.445,2.487,2.393,2.426,3043978.0
2026-06-04 13:00:00+00:00,2.426,2.426,2.344,2.368,2519757.0
2026-06-04 14:00:00+00:00,2.368,2.403,2.349,2.369,2244791.0
2026-06-04 15:00:00+00:00,2.369,2.444,2.357,2.39,4509698.0
2026-06-04 16:00:00+00:00,2.39,2.484,2.382,2.431,3900414.0
2026-06-04 17:00:00+00:00,2.431,2.462,2.375,2.391,1873615.0
2026-06-04 18:00:00+00:00,2.391,2.412,2.359,2.38,3404270.0
2026-06-04 19:00:00+00:00,2.38,2.389,2.327,2.346,4085688.0
2026-06-04 20:00:00+00:00,2.346,2.35,2.291,2.301,3695942.0
2026-06-04 21:00:00+00:00,2.301,2.313,2.215,2.237,3202711.0
2026-06-04 22:00:00+00:00,2.237,2.272,2.181,2.219,1675113.0
2026-06-04 23:00:00+00:00,2.219,2.241,2.17,2.198,1976778.0
2026-06-05 00:00:00+00:00,2.198,2.282,2.195,2.241,1810339.0
2026-06-05 01:00:00+00:00,2.241,2.301,2.215,2.246,1332828.0
2026-06-05 02:00:00+00:00,2.246,2.249,2.116,2.122,1574175.0
2026-06-05 03:00:00+00:00,2.122,2.164,2.092,2.128,2326423.0
2026-06-05 04:00:00+00:00,2.128,2.203,2.113,2.199,1707444.0
2026-06-05 05:00:00+00:00,2.199,2.233,2.159,2.177,7814926.0
2026-06-05 06:00:00+00:00,2.177,2.192,2.063,2.083,8499405.0
2026-06-05 07:00:00+00:00,2.083,2.101,1.987,2.1,3604346.0
2026-06-05 08:00:00+00:00,2.1,2.112,2.012,2.073,2024677.0
2026-06-05 09:00:00+00:00,2.073,2.102,2.037,2.083,1514323.0
2026-06-05 10:00:00+00:00,2.083,2.088,2.017,2.035,2727673.0
2026-06-05 11:00:00+00:00,2.035,2.063,1.996,2.018,1547085.0
2026-06-05 12:00:00+00:00,2.018,2.054,1.996,2.038,1788999.0
2026-06-05 13:00:00+00:00,2.038,2.082,1.999,2.001,2111765.0
2026-06-05 14:00:00+00:00,2.001,2.065,1.977,1.987,2525573.0
2026-06-05 15:00:00+00:00,1.987,1.989,1.906,1.919,3125322.0
2026-06-05 16:00:00+00:00,1.919,1.986,1.84,1.978,6196296.0
2026-06-05 17:00:00+00:00,1.978,2.003,1.924,1.977,5685926.0
2026-06-05 18:00:00+00:00,1.977,1.98,1.888,1.893,2001788.0
2026-06-05 19:00:00+00:00,1.893,1.984,1.854,1.974,3944013.0
2026-06-05 20:00:00+00:00,1.974,2.031,1.935,2.015,4173608.0
2026-06-05 21:00:00+00:00,2.015,2.044,1.989,1.992,2766915.0
2026-06-05 22:00:00+00:00,1.992,2.009,1.963,1.986,2266227.0
2026-06-05 23:00:00+00:00,1.986,1.999,1.934,1.966,1394288.0
2026-06-06 00:00:00+00:00,1.966,1.991,1.958,1.982,3059392.0
2026-06-06 01:00:00+00:00,1.982,2.006,1.954,1.99,825608.0
2026-06-06 02:00:00+00:00,1.99,1.992,1.959,1.966,969586.0
2026-06-06 03:00:00+00:00,1.966,1.977,1.938,1.946,639317.0
2026-06-06 04:00:00+00:00,1.946,1.946,1.829,1.868,2130758.0
2026-06-06 05:00:00+00:00,1.868,1.956,1.849,1.936,2712123.0
2026-06-06 06:00:00+00:00,1.936,1.971,1.929,1.93,2380602.0
2026-06-06 07:00:00+00:00,1.93,1.954,1.921,1.935,2088845.0
2026-06-06 08:00:00+00:00,1.935,1.946,1.915,1.934,1233645.0
2026-06-06 09:00:00+00:00,1.934,1.95,1.885,1.905,1365370.0
2026-06-06 10:00:00+00:00,1.905,1.905,1.855,1.875,1278077.0
2026-06-06 11:00:00+00:00,1.875,1.926,1.872,1.919,1024628.0
2026-06-06 12:00:00+00:00,1.919,1.92,1.888,1.904,948694.0
2026-06-06 13:00:00+00:00,1.904,1.914,1.87,1.876,788373.0
2026-06-06 14:00:00+00:00,1.876,1.89,1.841,1.85,2863181.0
2026-06-06 15:00:00+00:00,1.85,1.896,1.825,1.885,1911728.0
2026-06-06 16:00:00+00:00,1.885,1.915,1.858,1.89,1564468.0
2026-06-06 17:00:00+00:00,1.89,1.896,1.851,1.857,1112464.0
2026-06-06 18:00:00+00:00,1.857,1.902,1.848,1.868,739171.0
2026-06-06 19:00:00+00:00,1.868,1.881,1.857,1.859,804651.0
2026-06-06 20:00:00+00:00,1.859,1.879,1.854,1.871,788763.0
2026-06-06 21:00:00+00:00,1.871,1.893,1.867,1.878,827754.0
2026-06-06 22:00:00+00:00,1.878,1.885,1.844,1.853,1724933.0
2026-06-06 23:00:00+00:00,1.853,1.873,1.847,1.858,558017.0
2026-06-07 00:00:00+00:00,1.858,1.886,1.85,1.878,774667.0
2026-06-07 01:00:00+00:00,1.878,1.952,1.872,1.943,2545374.0
2026-06-07 02:00:00+00:00,1.943,1.953,1.877,1.891,1237191.0
2026-06-07 03:00:00+00:00,1.891,1.892,1.814,1.848,2304170.0
2026-06-07 04:00:00+00:00,1.848,1.883,1.838,1.875,840511.0
2026-06-07 05:00:00+00:00,1.875,1.904,1.865,1.901,775290.0
2026-06-07 06:00:00+00:00,1.901,1.944,1.89,1.932,994440.0
2026-06-07 07:00:00+00:00,1.932,1.947,1.902,1.908,1106019.0
2026-06-07 08:00:00+00:00,1.908,1.937,1.898,1.933,798264.0
2026-06-07 09:00:00+00:00,1.933,1.958,1.902,1.911,1380916.0
2026-06-07 10:00:00+00:00,1.911,1.915,1.884,1.891,1172976.0
2026-06-07 11:00:00+00:00,1.891,1.937,1.884,1.918,919745.0
2026-06-07 12:00:00+00:00,1.918,1.927,1.856,1.884,1744994.0
2026-06-07 13:00:00+00:00,1.884,1.918,1.88,1.908,1259332.0
2026-06-07 14:00:00+00:00,1.908,1.988,1.908,1.985,2288195.0
2026-06-07 15:00:00+00:00,1.985,2.063,1.969,2.021,4747164.0
2026-06-07 16:00:00+00:00,2.021,2.097,2.001,2.035,2298650.0
2026-06-07 17:00:00+00:00,2.035,2.076,2.01,2.035,1291709.0
2026-06-07 18:00:00+00:00,2.035,2.06,2.02,2.02,1123079.0
2026-06-07 19:00:00+00:00,2.02,2.021,1.96,1.967,2627630.0
2026-06-07 20:00:00+00:00,1.967,2.017,1.954,2.006,1397564.0
2026-06-07 21:00:00+00:00,2.006,2.013,1.971,1.988,1167659.0
2026-06-07 22:00:00+00:00,1.988,2.1,1.987,2.03,1305431.0
2026-06-07 23:00:00+00:00,2.03,2.058,2.017,2.057,455889.0
2026-06-08 00:00:00+00:00,2.057,2.092,2.022,2.084,651650.0
2026-06-08 01:00:00+00:00,2.084,2.087,2.014,2.042,802795.0
2026-06-08 02:00:00+00:00,2.042,2.109,2.034,2.077,1053430.0
2026-06-08 03:00:00+00:00,2.077,2.108,2.056,2.071,598643.0
2026-06-08 04:00:00+00:00,2.071,2.079,2.034,2.042,892237.0
2026-06-08 05:00:00+00:00,2.042,2.074,2.017,2.073,1091979.0
2026-06-08 06:00:00+00:00,2.073,2.159,2.073,2.156,1391550.0
2026-06-08 07:00:00+00:00,2.156,2.194,2.131,2.138,1743325.0
2026-06-08 08:00:00+00:00,2.138,2.157,2.115,2.127,3574429.0
2026-06-08 09:00:00+00:00,2.127,2.179,2.126,2.179,918615.0
2026-06-08 10:00:00+00:00,2.179,2.182,2.115,2.115,838503.0
2026-06-08 11:00:00+00:00,2.115,2.161,2.103,2.121,1419137.0
2026-06-08 12:00:00+00:00,2.121,2.198,2.094,2.192,2270517.0
2026-06-08 13:00:00+00:00,2.192,2.197,2.133,2.149,1374451.0
2026-06-08 14:00:00+00:00,2.149,2.167,2.119,2.165,1452600.0
2026-06-08 15:00:00+00:00,2.165,2.23,2.154,2.212,1486111.0
2026-06-08 16:00:00+00:00,2.212,2.263,2.207,2.207,3133110.0
2026-06-08 17:00:00+00:00,2.207,2.224,2.166,2.193,1934792.0
2026-06-08 18:00:00+00:00,2.193,2.204,2.171,2.198,1533938.0
2026-06-08 19:00:00+00:00,2.198,2.219,2.174,2.188,1605260.0
2026-06-08 20:00:00+00:00,2.188,2.204,2.133,2.195,1159561.0
2026-06-08 21:00:00+00:00,2.195,2.206,2.141,2.148,1285165.0
2026-06-08 22:00:00+00:00,2.148,2.155,2.123,2.131,918812.0
2026-06-08 23:00:00+00:00,2.131,2.142,2.117,2.128,1082057.0
2026-06-09 00:00:00+00:00,2.128,2.137,2.04,2.079,2077112.0
2026-06-09 01:00:00+00:00,2.079,2.092,2.06,2.086,453943.0
2026-06-09 02:00:00+00:00,2.086,2.093,2.046,2.065,369240.0
2026-06-09 03:00:00+00:00,2.065,2.073,2.042,2.05,246539.0
2026-06-09 04:00:00+00:00,2.05,2.103,2.045,2.093,547633.0
2026-06-09 05:00:00+00:00,2.093,2.19,2.086,2.179,1126862.0
2026-06-09 06:00:00+00:00,2.179,2.184,2.152,2.169,1002827.0
2026-06-09 07:00:00+00:00,2.169,2.201,2.165,2.181,1174503.0
2026-06-09 08:00:00+00:00,2.181,2.201,2.142,2.169,1180591.0
2026-06-09 09:00:00+00:00,2.169,2.183,2.126,2.136,1086241.0
2026-06-09 10:00:00+00:00,2.136,2.181,2.129,2.181,1482000.0
2026-06-09 11:00:00+00:00,2.181,2.181,2.142,2.157,993786.0
2026-06-09 12:00:00+00:00,2.157,2.182,2.151,2.163,808359.0
2026-06-09 13:00:00+00:00,2.163,2.189,2.133,2.175,1207031.0
2026-06-09 14:00:00+00:00,2.175,2.175,2.076,2.111,1959251.0
2026-06-09 15:00:00+00:00,2.111,2.141,2.047,2.078,1896843.0
2026-06-09 16:00:00+00:00,2.078,2.113,2.033,2.075,2273558.0
2026-06-09 17:00:00+00:00,2.075,2.133,2.07,2.117,1242146.0
2026-06-09 18:00:00+00:00,2.117,2.168,2.098,2.159,986188.0
2026-06-09 19:00:00+00:00,2.159,2.218,2.145,2.217,2716322.0
2026-06-09 20:00:00+00:00,2.217,2.249,2.186,2.232,1873174.0
2026-06-09 21:00:00+00:00,2.232,2.258,2.172,2.187,2103202.0
2026-06-09 22:00:00+00:00,2.187,2.202,2.151,2.154,922164.0
2026-06-09 23:00:00+00:00,2.154,2.181,2.142,2.151,723766.0
2026-06-10 00:00:00+00:00,2.151,2.171,2.113,2.14,623329.0
2026-06-10 01:00:00+00:00,2.14,2.203,2.127,2.177,2274651.0
2026-06-10 02:00:00+00:00,2.177,2.186,2.127,2.141,2285529.0
2026-06-10 03:00:00+00:00,2.141,2.177,2.127,2.133,930402.0
2026-06-10 04:00:00+00:00,2.133,2.149,2.091,2.097,1091146.0
2026-06-10 05:00:00+00:00,2.097,2.105,2.041,2.045,1988283.0
2026-06-10 06:00:00+00:00,2.045,2.084,1.997,2.062,1954199.0
2026-06-10 07:00:00+00:00,2.062,2.098,2.048,2.08,1469598.0
2026-06-10 08:00:00+00:00,2.08,2.098,2.056,2.076,1872965.0
2026-06-10 09:00:00+00:00,2.076,2.098,2.055,2.081,1159404.0
2026-06-10 10:00:00+00:00,2.081,2.082,2.052,2.066,1224082.0
2026-06-10 11:00:00+00:00,2.066,2.072,2.03,2.037,775280.0
2026-06-10 12:00:00+00:00,2.037,2.129,2.023,2.115,2252980.0
2026-06-10 13:00:00+00:00,2.115,2.173,2.083,2.134,2319757.0
2026-06-10 14:00:00+00:00,2.134,2.141,2.09,2.107,1750548.0
2026-06-10 15:00:00+00:00,2.107,2.131,2.064,2.092,1499017.0
2026-06-10 16:00:00+00:00,2.092,2.112,2.037,2.05,1302926.0
2026-06-10 17:00:00+00:00,2.05,2.077,2.027,2.063,1228403.0
2026-06-10 18:00:00+00:00,2.063,2.063,2.005,2.032,1026091.0
2026-06-10 19:00:00+00:00,2.032,2.042,2.008,2.008,1047072.0
2026-06-10 20:00:00+00:00,2.008,2.024,1.97,1.978,1223748.0
2026-06-10 21:00:00+00:00,1.978,1.985,1.927,1.963,1427284.0
2026-06-10 22:00:00+00:00,1.963,1.985,1.94,1.959,1234907.0
2026-06-10 23:00:00+00:00,1.959,1.982,1.947,1.968,544564.0
2026-06-11 00:00:00+00:00,1.968,2.005,1.966,1.975,1009708.0
2026-06-11 01:00:00+00:00,1.975,2.012,1.97,2.01,325214.0
2026-06-11 02:00:00+00:00,2.01,2.011,1.947,1.966,772483.0
2026-06-11 03:00:00+00:00,1.966,2.049,1.952,2.028,945499.0
2026-06-11 04:00:00+00:00,2.028,2.064,2.007,2.055,527950.0
2026-06-11 05:00:00+00:00,2.055,2.077,2.037,2.041,362368.0
2026-06-11 06:00:00+00:00,2.041,2.081,2.04,2.044,593993.0
2026-06-11 07:00:00+00:00,2.044,2.054,2.018,2.038,674870.0
2026-06-11 08:00:00+00:00,2.038,2.063,2.029,2.031,389142.0
2026-06-11 09:00:00+00:00,2.031,2.033,1.986,1.997,1409744.0
2026-06-11 10:00:00+00:00,1.997,2.05,1.991,2.02,1218056.0
2026-06-11 11:00:00+00:00,2.02,2.077,2.009,2.063,1182687.0
2026-06-11 12:00:00+00:00,2.063,2.069,2.006,2.013,1614734.0
2026-06-11 13:00:00+00:00,2.013,2.038,2.004,2.017,646198.0
2026-06-11 14:00:00+00:00,2.017,2.028,1.994,1.997,591201.0
2026-06-11 15:00:00+00:00,1.997,2.042,1.982,2.011,903200.0
2026-06-11 16:00:00+00:00,2.011,2.029,1.978,1.982,703889.0
2026-06-11 17:00:00+00:00,1.982,2.075,1.958,2.068,2437880.0
2026-06-11 18:00:00+00:00,2.068,2.079,2.031,2.038,1591780.0
2026-06-11 19:00:00+00:00,2.038,2.07,2.02,2.037,943451.0
2026-06-11 20:00:00+00:00,2.037,2.053,2.013,2.043,786330.0
2026-06-11 21:00:00+00:00,2.043,2.117,2.043,2.092,1316733.0
2026-06-11 22:00:00+00:00,2.092,2.093,2.053,2.062,734256.0
2026-06-11 23:00:00+00:00,2.062,2.08,2.031,2.064,1638572.0
2026-06-12 00:00:00+00:00,2.064,2.075,2.05,2.058,470485.0
2026-06-12 01:00:00+00:00,2.058,2.063,2.032,2.063,588042.0
2026-06-12 02:00:00+00:00,2.063,2.106,2.063,2.096,390961.0
2026-06-12 03:00:00+00:00,2.096,2.102,2.075,2.08,149989.0
2026-06-12 04:00:00+00:00,2.08,2.101,2.074,2.094,203481.0
2026-06-12 05:00:00+00:00,2.094,2.097,2.042,2.042,499405.0
2026-06-12 06:00:00+00:00,2.042,2.07,2.019,2.049,584150.0
2026-06-12 07:00:00+00:00,2.049,2.131,2.049,2.088,1105400.0
2026-06-12 08:00:00+00:00,2.088,2.145,2.085,2.142,1091031.0
2026-06-12 09:00:00+00:00,2.142,2.144,2.109,2.123,955391.0
2026-06-12 10:00:00+00:00,2.123,2.153,2.078,2.098,1152012.0
2026-06-12 11:00:00+00:00,2.098,2.113,2.082,2.09,583901.0
2026-06-12 12:00:00+00:00,2.09,2.12,2.086,2.099,701632.0
2026-06-12 13:00:00+00:00,2.099,2.102,2.048,2.061,1256621.0
2026-06-12 14:00:00+00:00,2.061,2.093,2.049,2.082,754798.0
2026-06-12 15:00:00+00:00,2.082,2.127,2.035,2.038,1247023.0
2026-06-12 16:00:00+00:00,2.038,2.055,2.017,2.052,954977.0
2026-06-12 17:00:00+00:00,2.052,2.071,2.052,2.055,474494.0
2026-06-12 18:00:00+00:00,2.055,2.06,2.02,2.02,509654.0
2026-06-12 19:00:00+00:00,2.02,2.039,2.004,2.006,728985.0
2026-06-12 20:00:00+00:00,2.006,2.02,1.973,1.997,694885.0
2026-06-12 21:00:00+00:00,1.997,2.015,1.978,1.993,356883.0
2026-06-12 22:00:00+00:00,1.993,2.01,1.991,2.004,488324.0
2026-06-12 23:00:00+00:00,2.004,2.012,1.992,2.009,497202.0
2026-06-13 00:00:00+00:00,2.009,2.009,1.995,2.005,166188.0
2026-06-13 01:00:00+00:00,2.005,2.018,2.002,2.012,1474147.0
2026-06-13 02:00:00+00:00,2.012,2.022,2.006,2.02,427211.0
2026-06-13 03:00:00+00:00,2.02,2.034,2.009,2.012,373099.0
2026-06-13 04:00:00+00:00,2.012,2.018,1.995,1.997,331170.0
2026-06-13 05:00:00+00:00,1.997,2.003,1.988,1.999,300723.0
2026-06-13 06:00:00+00:00,1.999,2.03,1.988,2.026,453010.0
2026-06-13 07:00:00+00:00,2.026,2.056,2.005,2.026,441103.0
2026-06-13 08:00:00+00:00,2.026,2.045,2.015,2.023,444558.0
2026-06-13 09:00:00+00:00,2.023,2.033,2.013,2.026,330799.0
2026-06-13 10:00:00+00:00,2.026,2.039,2.013,2.023,317830.0
2026-06-13 11:00:00+00:00,2.023,2.046,2.018,2.041,524761.0
2026-06-13 12:00:00+00:00,2.041,2.063,2.036,2.052,804171.0
2026-06-13 13:00:00+00:00,2.052,2.073,2.045,2.055,859349.0
2026-06-13 14:00:00+00:00,2.055,2.074,2.051,2.071,624908.0
2026-06-13 15:00:00+00:00,2.071,2.183,2.068,2.178,2202476.0
2026-06-13 16:00:00+00:00,2.178,2.186,2.09,2.149,4114156.0
2026-06-13 17:00:00+00:00,2.149,2.151,2.103,2.118,773122.0
2026-06-13 18:00:00+00:00,2.118,2.129,2.104,2.119,605643.0
2026-06-13 19:00:00+00:00,2.119,2.132,2.1,2.102,564227.0
2026-06-13 20:00:00+00:00,2.102,2.109,2.089,2.099,683127.0
2026-06-13 21:00:00+00:00,2.099,2.141,2.079,2.13,901783.0
2026-06-13 22:00:00+00:00,2.13,2.135,2.111,2.114,602431.0
2026-06-13 23:00:00+00:00,2.114,2.135,2.11,2.126,589835.0
2026-06-14 00:00:00+00:00,2.126,2.13,2.11,2.113,606302.0
2026-06-14 01:00:00+00:00,2.113,2.172,2.11,2.159,586913.0
2026-06-14 02:00:00+00:00,2.159,2.169,2.128,2.135,359597.0
2026-06-14 03:00:00+00:00,2.135,2.145,2.121,2.14,294682.0
2026-06-14 04:00:00+00:00,2.14,2.141,2.106,2.118,405227.0
2026-06-14 05:00:00+00:00,2.118,2.122,2.097,2.119,422500.0
2026-06-14 06:00:00+00:00,2.119,2.141,2.097,2.106,863729.0
2026-06-14 07:00:00+00:00,2.106,2.11,2.086,2.101,887346.0
2026-06-14 08:00:00+00:00,2.101,2.127,2.098,2.111,812745.0
2026-06-14 09:00:00+00:00,2.111,2.122,2.085,2.119,505698.0
2026-06-14 10:00:00+00:00,2.119,2.13,2.101,2.102,436149.0
2026-06-14 11:00:00+00:00,2.102,2.117,2.092,2.109,390990.0
2026-06-14 12:00:00+00:00,2.109,2.113,2.084,2.089,674045.0
2026-06-14 13:00:00+00:00,2.089,2.112,2.077,2.098,832212.0
2026-06-14 14:00:00+00:00,2.098,2.1,2.061,2.072,1133630.0
2026-06-14 15:00:00+00:00,2.072,2.085,2.065,2.07,616007.0
2026-06-14 16:00:00+00:00,2.07,2.092,2.066,2.072,558216.0
2026-06-14 17:00:00+00:00,2.072,2.098,2.072,2.087,686620.0
2026-06-14 18:00:00+00:00,2.087,2.104,2.082,2.096,1210787.0
2026-06-14 19:00:00+00:00,2.096,2.11,2.09,2.101,791848.0
2026-06-14 20:00:00+00:00,2.101,2.13,2.1,2.111,1046343.0
2026-06-14 21:00:00+00:00,2.111,2.209,2.099,2.187,1879713.0
2026-06-14 22:00:00+00:00,2.187,2.232,2.169,2.214,1869115.0
2026-06-14 23:00:00+00:00,2.214,2.234,2.205,2.217,1943552.0
2026-06-15 00:00:00+00:00,2.217,2.258,2.209,2.249,1374755.0
2026-06-15 01:00:00+00:00,2.249,2.251,2.223,2.243,594517.0
2026-06-15 02:00:00+00:00,2.243,2.279,2.235,2.276,843846.0
2026-06-15 03:00:00+00:00,2.276,2.317,2.257,2.315,1144642.0
2026-06-15 04:00:00+00:00,2.315,2.382,2.314,2.36,1918882.0
2026-06-15 05:00:00+00:00,2.36,2.383,2.336,2.364,751701.0
2026-06-15 06:00:00+00:00,2.364,2.4,2.352,2.378,1422593.0
2026-06-15 07:00:00+00:00,2.378,2.409,2.367,2.373,1182790.0
2026-06-15 08:00:00+00:00,2.373,2.416,2.365,2.369,1101625.0
2026-06-15 09:00:00+00:00,2.369,2.394,2.347,2.39,1666558.0
2026-06-15 10:00:00+00:00,2.39,2.45,2.375,2.418,1656060.0
2026-06-15 11:00:00+00:00,2.418,2.494,2.416,2.493,3086590.0
2026-06-15 12:00:00+00:00,2.493,2.499,2.44,2.477,1415660.0
2026-06-15 13:00:00+00:00,2.477,2.5,2.46,2.468,2545166.0
2026-06-15 14:00:00+00:00,2.468,2.537,2.458,2.532,1880870.0
2026-06-15 15:00:00+00:00,2.532,2.542,2.465,2.486,4322892.0
2026-06-15 16:00:00+00:00,2.486,2.496,2.468,2.479,975007.0
2026-06-15 17:00:00+00:00,2.479,2.506,2.467,2.488,1444547.0
2026-06-15 18:00:00+00:00,2.488,2.509,2.471,2.501,911652.0
2026-06-15 19:00:00+00:00,2.501,2.531,2.46,2.465,1143245.0
2026-06-15 20:00:00+00:00,2.465,2.49,2.458,2.473,732420.0
2026-06-15 21:00:00+00:00,2.473,2.474,2.425,2.442,852306.0
2026-06-15 22:00:00+00:00,2.442,2.465,2.393,2.399,739406.0
2026-06-15 23:00:00+00:00,2.399,2.403,2.366,2.391,799525.0
2026-06-16 00:00:00+00:00,2.391,2.416,2.384,2.408,464594.0
2026-06-16 01:00:00+00:00,2.408,2.427,2.395,2.401,284018.0
2026-06-16 02:00:00+00:00,2.401,2.401,2.339,2.383,1671962.0
2026-06-16 03:00:00+00:00,2.383,2.4,2.368,2.396,360067.0
2026-06-16 04:00:00+00:00,2.396,2.417,2.366,2.387,417408.0
2026-06-16 05:00:00+00:00,2.387,2.434,2.386,2.427,980661.0
2026-06-16 06:00:00+00:00,2.427,2.446,2.423,2.427,822199.0
2026-06-16 07:00:00+00:00,2.427,2.462,2.411,2.452,1044040.0
2026-06-16 08:00:00+00:00,2.452,2.502,2.447,2.492,2637450.0
2026-06-16 09:00:00+00:00,2.492,2.521,2.478,2.502,960306.0
2026-06-16 10:00:00+00:00,2.502,2.562,2.466,2.469,1715353.0
2026-06-16 11:00:00+00:00,2.469,2.487,2.424,2.437,1579310.0
2026-06-16 12:00:00+00:00,2.437,2.454,2.417,2.449,1478136.0
2026-06-16 13:00:00+00:00,2.449,2.451,2.375,2.382,1615427.0
2026-06-16 14:00:00+00:00,2.382,2.398,2.305,2.324,2723398.0
2026-06-16 15:00:00+00:00,2.324,2.346,2.309,2.338,679436.0
2026-06-16 16:00:00+00:00,2.338,2.348,2.313,2.318,1549244.0
2026-06-16 17:00:00+00:00,2.318,2.342,2.318,2.334,541143.0
2026-06-16 18:00:00+00:00,2.334,2.359,2.323,2.33,984176.0
2026-06-16 19:00:00+00:00,2.33,2.33,2.286,2.302,2058544.0
2026-06-16 20:00:00+00:00,2.302,2.384,2.296,2.367,2346149.0
2026-06-16 21:00:00+00:00,2.367,2.372,2.329,2.334,589558.0
2026-06-16 22:00:00+00:00,2.334,2.345,2.317,2.324,486095.0
2026-06-16 23:00:00+00:00,2.324,2.328,2.306,2.307,253784.0
2026-06-17 00:00:00+00:00,2.307,2.326,2.302,2.309,203196.0
2026-06-17 01:00:00+00:00,2.309,2.349,2.304,2.346,450912.0
2026-06-17 02:00:00+00:00,2.346,2.358,2.33,2.348,431458.0
2026-06-17 03:00:00+00:00,2.348,2.348,2.31,2.315,380804.0
2026-06-17 04:00:00+00:00,2.315,2.347,2.312,2.332,469875.0
2026-06-17 05:00:00+00:00,2.332,2.343,2.308,2.331,1952321.0
2026-06-17 06:00:00+00:00,2.331,2.339,2.302,2.316,1023737.0
2026-06-17 07:00:00+00:00,2.316,2.318,2.262,2.314,2031008.0
2026-06-17 08:00:00+00:00,2.314,2.319,2.271,2.28,1609761.0
2026-06-17 09:00:00+00:00,2.28,2.29,2.267,2.284,1282899.0
2026-06-17 10:00:00+00:00,2.284,2.286,2.269,2.271,1083461.0
2026-06-17 11:00:00+00:00,2.271,2.294,2.257,2.284,1309606.0
2026-06-17 12:00:00+00:00,2.284,2.324,2.271,2.317,2137364.0
2026-06-17 13:00:00+00:00,2.317,2.326,2.297,2.305,1917061.0
2026-06-17 14:00:00+00:00,2.305,2.32,2.284,2.303,848247.0
2026-06-17 15:00:00+00:00,2.303,2.383,2.292,2.381,1801394.0
2026-06-17 16:00:00+00:00,2.381,2.386,2.335,2.338,1199025.0
2026-06-17 17:00:00+00:00,2.338,2.356,2.316,2.342,801789.0
2026-06-17 18:00:00+00:00,2.342,2.344,2.273,2.309,2480764.0
2026-06-17 19:00:00+00:00,2.309,2.325,2.23,2.235,3711267.0
2026-06-17 20:00:00+00:00,2.235,2.262,2.228,2.262,1432469.0
2026-06-17 21:00:00+00:00,2.262,2.272,2.217,2.225,685712.0
2026-06-17 22:00:00+00:00,2.225,2.24,2.2,2.224,1129720.0
2026-06-17 23:00:00+00:00,2.224,2.24,2.172,2.181,1190690.0
2026-06-18 00:00:00+00:00,2.181,2.205,2.174,2.195,517861.0
2026-06-18 01:00:00+00:00,2.195,2.231,2.194,2.223,301457.0
2026-06-18 02:00:00+00:00,2.223,2.244,2.223,2.235,188067.0
2026-06-18 03:00:00+00:00,2.235,2.237,2.2,2.204,320531.0
2026-06-18 04:00:00+00:00,2.204,2.206,2.164,2.169,1044271.0
2026-06-18 05:00:00+00:00,2.169,2.169,2.148,2.163,903155.0
2026-06-18 06:00:00+00:00,2.163,2.205,2.154,2.203,854599.0
2026-06-18 07:00:00+00:00,2.203,2.221,2.19,2.216,353312.0
2026-06-18 08:00:00+00:00,2.216,2.235,2.208,2.214,432905.0
2026-06-18 09:00:00+00:00,2.214,2.237,2.206,2.234,676378.0
2026-06-18 10:00:00+00:00,2.234,2.236,2.21,2.22,643197.0
2026-06-18 11:00:00+00:00,2.22,2.229,2.186,2.203,1180965.0
2026-06-18 12:00:00+00:00,2.203,2.271,2.199,2.261,1165574.0
2026-06-18 13:00:00+00:00,2.261,2.299,2.237,2.27,2602386.0
2026-06-18 14:00:00+00:00,2.27,2.29,2.242,2.267,1777255.0
2026-06-18 15:00:00+00:00,2.267,2.279,2.166,2.18,2200409.0
2026-06-18 16:00:00+00:00,2.18,2.228,2.176,2.223,1291683.0
2026-06-18 17:00:00+00:00,2.223,2.228,2.127,2.171,2011533.0
2026-06-18 18:00:00+00:00,2.171,2.19,2.16,2.174,739923.0
2026-06-18 19:00:00+00:00,2.174,2.211,2.159,2.195,828695.0
2026-06-18 20:00:00+00:00,2.195,2.231,2.195,2.21,942545.0
2026-06-18 21:00:00+00:00,2.21,2.216,2.187,2.196,442963.0
2026-06-18 22:00:00+00:00,2.196,2.215,2.191,2.213,390548.0
2026-06-18 23:00:00+00:00,2.213,2.239,2.182,2.237,698672.0
2026-06-19 00:00:00+00:00,2.237,2.254,2.224,2.239,1098062.0
2026-06-19 01:00:00+00:00,2.239,2.246,2.206,2.222,582216.0
2026-06-19 02:00:00+00:00,2.222,2.234,2.189,2.207,317975.0
2026-06-19 03:00:00+00:00,2.207,2.213,2.104,2.133,1126641.0
2026-06-19 04:00:00+00:00,2.133,2.149,2.094,2.102,919645.0
2026-06-19 05:00:00+00:00,2.102,2.139,2.1,2.133,327512.0
2026-06-19 06:00:00+00:00,2.133,2.153,2.122,2.15,316042.0
2026-06-19 07:00:00+00:00,2.15,2.15,2.106,2.118,531937.0
2026-06-19 08:00:00+00:00,2.118,2.148,2.114,2.133,252004.0
2026-06-19 09:00:00+00:00,2.133,2.14,2.108,2.112,424337.0
2026-06-19 10:00:00+00:00,2.112,2.118,2.097,2.11,622245.0
2026-06-19 11:00:00+00:00,2.11,2.118,2.097,2.099,384622.0
2026-06-19 12:00:00+00:00,2.099,2.135,2.083,2.13,914711.0
2026-06-19 13:00:00+00:00,2.13,2.177,2.123,2.161,495547.0
2026-06-19 14:00:00+00:00,2.161,2.173,2.144,2.15,494921.0
2026-06-19 15:00:00+00:00,2.15,2.167,2.145,2.16,902970.0
2026-06-19 16:00:00+00:00,2.16,2.182,2.131,2.14,714480.0
2026-06-19 17:00:00+00:00,2.14,2.163,2.134,2.158,242762.0
2026-06-19 18:00:00+00:00,2.158,2.16,2.135,2.143,363019.0
2026-06-19 19:00:00+00:00,2.143,2.146,2.117,2.122,1090828.0
2026-06-19 20:00:00+00:00,2.122,2.149,2.12,2.147,390287.0
2026-06-19 21:00:00+00:00,2.147,2.156,2.124,2.129,264921.0
2026-06-19 22:00:00+00:00,2.129,2.159,2.128,2.157,362950.0
2026-06-19 23:00:00+00:00,2.157,2.191,2.152,2.185,288909.0
2026-06-20 00:00:00+00:00,2.185,2.191,2.155,2.156,932534.0
2026-06-20 01:00:00+00:00,2.156,2.177,2.15,2.168,243738.0
2026-06-20 02:00:00+00:00,2.168,2.176,2.151,2.165,378788.0
2026-06-20 03:00:00+00:00,2.165,2.172,2.156,2.159,231018.0
2026-06-20 04:00:00+00:00,2.159,2.175,2.155,2.172,157615.0
2026-06-20 05:00:00+00:00,2.172,2.19,2.166,2.177,212852.0
2026-06-20 06:00:00+00:00,2.177,2.18,2.154,2.159,268809.0
2026-06-20 07:00:00+00:00,2.159,2.16,2.137,2.139,344900.0
2026-06-20 08:00:00+00:00,2.139,2.148,2.132,2.141,659698.0
2026-06-20 09:00:00+00:00,2.141,2.153,2.136,2.15,575211.0
2026-06-20 10:00:00+00:00,2.15,2.158,2.133,2.141,307837.0
2026-06-20 11:00:00+00:00,2.141,2.142,2.121,2.133,1050381.0
2026-06-20 12:00:00+00:00,2.133,2.151,2.13,2.143,374776.0
2026-06-20 13:00:00+00:00,2.143,2.156,2.123,2.137,475261.0
2026-06-20 14:00:00+00:00,2.137,2.162,2.098,2.149,1254855.0
2026-06-20 15:00:00+00:00,2.149,2.178,2.141,2.162,551451.0
2026-06-20 16:00:00+00:00,2.162,2.195,2.15,2.191,727693.0
2026-06-20 17:00:00+00:00,2.191,2.193,2.134,2.148,712038.0
2026-06-20 18:00:00+00:00,2.148,2.153,2.134,2.137,240435.0
2026-06-20 19:00:00+00:00,2.137,2.156,2.134,2.153,211903.0
2026-06-20 20:00:00+00:00,2.153,2.163,2.145,2.159,294753.0
2026-06-20 21:00:00+00:00,2.159,2.176,2.155,2.164,191808.0
2026-06-20 22:00:00+00:00,2.164,2.203,2.156,2.191,570241.0
2026-06-20 23:00:00+00:00,2.191,2.197,2.183,2.193,317104.0
2026-06-21 00:00:00+00:00,2.193,2.226,2.186,2.209,605833.0
2026-06-21 01:00:00+00:00,2.209,2.211,2.19,2.192,368723.0
2026-06-21 02:00:00+00:00,2.192,2.196,2.169,2.176,218102.0
2026-06-21 03:00:00+00:00,2.176,2.211,2.166,2.207,406549.0
2026-06-21 04:00:00+00:00,2.207,2.221,2.196,2.2,521816.0
2026-06-21 05:00:00+00:00,2.2,2.212,2.185,2.21,329637.0
2026-06-21 06:00:00+00:00,2.21,2.232,2.208,2.229,481613.0
2026-06-21 07:00:00+00:00,2.229,2.248,2.207,2.215,757413.0
2026-06-21 08:00:00+00:00,2.215,2.259,2.198,2.255,600259.0
2026-06-21 09:00:00+00:00,2.255,2.279,2.236,2.269,816983.0
2026-06-21 10:00:00+00:00,2.269,2.271,2.251,2.257,633902.0
2026-06-21 11:00:00+00:00,2.257,2.27,2.229,2.233,569808.0
2026-06-21 12:00:00+00:00,2.233,2.235,2.158,2.178,1299549.0
2026-06-21 13:00:00+00:00,2.178,2.191,2.173,2.183,451092.0
2026-06-21 14:00:00+00:00,2.183,2.189,2.169,2.181,319586.0
2026-06-21 15:00:00+00:00,2.181,2.21,2.18,2.202,313155.0
2026-06-21 16:00:00+00:00,2.202,2.204,2.144,2.163,875949.0
2026-06-21 17:00:00+00:00,2.163,2.177,2.148,2.155,732796.0
2026-06-21 18:00:00+00:00,2.155,2.189,2.147,2.185,564214.0
2026-06-21 19:00:00+00:00,2.185,2.197,2.178,2.179,211522.0
2026-06-21 20:00:00+00:00,2.179,2.18,2.117,2.118,791162.0
2026-06-21 21:00:00+00:00,2.118,2.132,2.1,2.121,854856.0
2026-06-21 22:00:00+00:00,2.121,2.134,2.095,2.115,757209.0
2026-06-21 23:00:00+00:00,2.115,2.115,2.088,2.1,346497.0
2026-06-22 00:00:00+00:00,2.1,2.134,2.095,2.132,597468.0
2026-06-22 01:00:00+00:00,2.132,2.185,2.127,2.167,564443.0
2026-06-22 02:00:00+00:00,2.167,2.182,2.159,2.164,154754.0
2026-06-22 03:00:00+00:00,2.164,2.172,2.136,2.14,262796.0
2026-06-22 04:00:00+00:00,2.14,2.147,2.129,2.145,165641.0
2026-06-22 05:00:00+00:00,2.145,2.165,2.14,2.152,210699.0
2026-06-22 06:00:00+00:00,2.152,2.161,2.137,2.149,327966.0
2026-06-22 07:00:00+00:00,2.149,2.197,2.147,2.17,562359.0
2026-06-22 08:00:00+00:00,2.17,2.17,2.147,2.159,496545.0
2026-06-22 09:00:00+00:00,2.159,2.16,2.139,2.142,546264.0
2026-06-22 10:00:00+00:00,2.142,2.149,2.133,2.136,239588.0
2026-06-22 11:00:00+00:00,2.136,2.171,2.132,2.164,422110.0
2026-06-22 12:00:00+00:00,2.164,2.185,2.157,2.177,391160.0
2026-06-22 13:00:00+00:00,2.177,2.188,2.165,2.185,623247.0
2026-06-22 14:00:00+00:00,2.185,2.191,2.118,2.131,2193611.0
2026-06-22 15:00:00+00:00,2.131,2.146,2.113,2.12,964914.0
2026-06-22 16:00:00+00:00,2.12,2.131,2.111,2.127,643610.0
2026-06-22 17:00:00+00:00,2.127,2.13,2.113,2.127,457019.0
2026-06-22 18:00:00+00:00,2.127,2.138,2.104,2.107,526412.0
2026-06-22 19:00:00+00:00,2.107,2.124,2.101,2.114,954878.0
2026-06-22 20:00:00+00:00,2.114,2.143,2.094,2.14,890648.0
2026-06-22 21:00:00+00:00,2.14,2.143,2.104,2.111,1056818.0
2026-06-22 22:00:00+00:00,2.111,2.119,2.055,2.068,1682306.0
2026-06-22 23:00:00+00:00,2.068,2.078,2.059,2.067,404337.0
2026-06-23 00:00:00+00:00,2.067,2.069,2.045,2.06,557994.0
2026-06-23 01:00:00+00:00,2.06,2.063,2.019,2.041,1226781.0
2026-06-23 02:00:00+00:00,2.041,2.049,2.031,2.041,129484.0
2026-06-23 03:00:00+00:00,2.041,2.067,2.034,2.061,1116520.0
2026-06-23 04:00:00+00:00,2.061,2.069,2.022,2.027,570726.0
2026-06-23 05:00:00+00:00,2.027,2.037,2.02,2.027,381954.0
2026-06-23 06:00:00+00:00,2.027,2.033,2.002,2.022,970544.0
2026-06-23 07:00:00+00:00,2.022,2.032,2.011,2.017,443801.0
2026-06-23 08:00:00+00:00,2.017,2.022,1.956,1.982,2538800.0
2026-06-23 09:00:00+00:00,1.982,1.995,1.98,1.991,295658.0
2026-06-23 10:00:00+00:00,1.991,2.002,1.978,1.986,395800.0
2026-06-23 11:00:00+00:00,1.986,2.014,1.986,2.01,522728.0
2026-06-23 12:00:00+00:00,2.01,2.012,1.992,2.003,436829.0
2026-06-23 13:00:00+00:00,2.003,2.006,1.981,1.994,1390744.0
2026-06-23 14:00:00+00:00,1.994,2.007,1.987,1.989,484955.0
2026-06-23 15:00:00+00:00,1.989,1.992,1.969,1.977,430756.0
2026-06-23 16:00:00+00:00,1.977,2.005,1.97,1.974,367493.0
2026-06-23 17:00:00+00:00,1.974,1.978,1.964,1.97,547814.0
2026-06-23 18:00:00+00:00,1.97,1.979,1.961,1.977,587430.0
2026-06-23 19:00:00+00:00,1.977,1.989,1.975,1.981,769957.0
2026-06-23 20:00:00+00:00,1.981,1.996,1.98,1.994,316094.0
2026-06-23 21:00:00+00:00,1.994,2.001,1.987,1.99,536421.0
2026-06-23 22:00:00+00:00,1.99,2.0,1.979,1.981,786888.0
2026-06-23 23:00:00+00:00,1.981,1.984,1.971,1.981,282726.0
2026-06-24 00:00:00+00:00,1.981,1.996,1.98,1.99,469377.0
2026-06-24 01:00:00+00:00,1.99,2.004,1.976,1.993,232174.0
2026-06-24 02:00:00+00:00,1.993,1.994,1.966,1.969,151008.0
2026-06-24 03:00:00+00:00,1.969,1.975,1.955,1.968,209558.0
2026-06-24 04:00:00+00:00,1.968,1.972,1.948,1.967,315438.0
2026-06-24 05:00:00+00:00,1.967,1.99,1.964,1.985,329368.0
2026-06-24 06:00:00+00:00,1.985,1.985,1.973,1.977,573219.0
2026-06-24 07:00:00+00:00,1.977,1.977,1.95,1.953,440987.0
2026-06-24 08:00:00+00:00,1.953,1.962,1.949,1.956,357604.0
2026-06-24 09:00:00+00:00,1.956,1.957,1.944,1.952,374031.0
2026-06-24 10:00:00+00:00,1.952,1.962,1.949,1.952,215525.0
2026-06-24 11:00:00+00:00,1.952,1.983,1.936,1.973,686633.0
2026-06-24 12:00:00+00:00,1.973,1.98,1.96,1.962,506032.0
2026-06-24 13:00:00+00:00,1.962,1.963,1.914,1.938,1943857.0
2026-06-24 14:00:00+00:00,1.938,1.95,1.926,1.936,343774.0
2026-06-24 15:00:00+00:00,1.936,1.936,1.894,1.913,1025519.0
2026-06-24 16:00:00+00:00,1.913,1.93,1.869,1.886,1372904.0
2026-06-24 17:00:00+00:00,1.886,1.898,1.86,1.87,1023073.0
2026-06-24 18:00:00+00:00,1.87,1.92,1.858,1.902,750030.0
2026-06-24 19:00:00+00:00,1.902,1.906,1.884,1.906,493912.0
2026-06-24 20:00:00+00:00,1.906,1.954,1.901,1.947,786097.0
2026-06-24 21:00:00+00:00,1.947,1.968,1.936,1.967,403442.0
2026-06-24 22:00:00+00:00,1.967,1.979,1.949,1.954,479850.0
2026-06-24 23:00:00+00:00,1.954,1.966,1.953,1.963,204108.0
2026-06-25 00:00:00+00:00,1.963,1.971,1.954,1.957,137506.0
2026-06-25 01:00:00+00:00,1.957,1.963,1.948,1.949,53842.0
2026-06-25 02:00:00+00:00,1.949,1.951,1.939,1.941,115835.0
2026-06-25 03:00:00+00:00,1.941,1.945,1.933,1.941,137844.0
2026-06-25 04:00:00+00:00,1.941,1.951,1.927,1.95,332191.0
2026-06-25 05:00:00+00:00,1.95,1.971,1.949,1.968,341560.0
2026-06-25 06:00:00+00:00,1.968,1.976,1.965,1.972,669557.0
2026-06-25 07:00:00+00:00,1.972,1.973,1.957,1.969,305678.0
2026-06-25 08:00:00+00:00,1.969,1.971,1.95,1.951,335036.0
2026-06-25 09:00:00+00:00,1.951,1.953,1.937,1.95,710627.0
2026-06-25 10:00:00+00:00,1.95,1.951,1.932,1.933,474319.0
2026-06-25 11:00:00+00:00,1.933,1.945,1.9,1.904,517800.0
2026-06-25 12:00:00+00:00,1.904,1.933,1.894,1.916,539792.0
2026-06-25 13:00:00+00:00,1.916,1.949,1.804,1.81,2225491.0
2026-06-25 14:00:00+00:00,1.81,1.892,1.81,1.86,1844412.0
2026-06-25 15:00:00+00:00,1.86,1.866,1.838,1.85,550665.0
2026-06-25 16:00:00+00:00,1.85,1.876,1.836,1.836,310732.0
2026-06-25 17:00:00+00:00,1.836,1.872,1.827,1.865,734919.0
2026-06-25 18:00:00+00:00,1.865,1.877,1.843,1.853,341525.0
2026-06-25 19:00:00+00:00,1.853,1.855,1.821,1.833,303047.0
2026-06-25 20:00:00+00:00,1.833,1.838,1.808,1.811,1362586.0
2026-06-25 21:00:00+00:00,1.811,1.842,1.804,1.834,795738.0
2026-06-25 22:00:00+00:00,1.834,1.835,1.775,1.802,2310237.0
2026-06-25 23:00:00+00:00,1.802,1.858,1.801,1.833,545259.0
2026-06-26 00:00:00+00:00,1.833,1.842,1.809,1.812,420933.0
2026-06-26 01:00:00+00:00,1.812,1.817,1.802,1.807,525649.0
2026-06-26 02:00:00+00:00,1.807,1.811,1.756,1.762,901485.0
2026-06-26 03:00:00+00:00,1.762,1.834,1.758,1.824,490768.0
2026-06-26 04:00:00+00:00,1.824,1.826,1.801,1.804,266182.0
2026-06-26 05:00:00+00:00,1.804,1.82,1.796,1.812,244734.0
2026-06-26 06:00:00+00:00,1.812,1.863,1.801,1.85,578996.0
2026-06-26 07:00:00+00:00,1.85,1.861,1.835,1.848,950072.0
2026-06-26 08:00:00+00:00,1.848,1.851,1.814,1.818,561129.0
2026-06-26 09:00:00+00:00,1.818,1.822,1.802,1.803,312140.0
2026-06-26 10:00:00+00:00,1.803,1.81,1.794,1.797,369051.0
2026-06-26 11:00:00+00:00,1.797,1.819,1.772,1.788,1173724.0
2026-06-26 12:00:00+00:00,1.788,1.804,1.773,1.779,404211.0
2026-06-26 13:00:00+00:00,1.779,1.807,1.751,1.805,1237882.0
2026-06-26 14:00:00+00:00,1.805,1.809,1.775,1.787,1625635.0
2026-06-26 15:00:00+00:00,1.787,1.816,1.781,1.802,1476366.0
2026-06-26 16:00:00+00:00,1.802,1.828,1.788,1.803,1140424.0
2026-06-26 17:00:00+00:00,1.803,1.824,1.8,1.81,522753.0
2026-06-26 18:00:00+00:00,1.81,1.824,1.794,1.798,1139326.0
2026-06-26 19:00:00+00:00,1.798,1.837,1.792,1.807,1047937.0
2026-06-26 20:00:00+00:00,1.807,1.828,1.8,1.81,634341.0
2026-06-26 21:00:00+00:00,1.81,1.81,1.784,1.794,564840.0
2026-06-26 22:00:00+00:00,1.794,1.796,1.779,1.793,547478.0
2026-06-26 23:00:00+00:00,1.793,1.818,1.792,1.802,146551.0
2026-06-27 00:00:00+00:00,1.802,1.812,1.789,1.805,78561.0
2026-06-27 01:00:00+00:00,1.805,1.808,1.793,1.796,84062.0
2026-06-27 02:00:00+00:00,1.796,1.836,1.794,1.825,718339.0
2026-06-27 03:00:00+00:00,1.825,1.825,1.804,1.808,377639.0
2026-06-27 04:00:00+00:00,1.808,1.82,1.802,1.803,395038.0
2026-06-27 05:00:00+00:00,1.803,1.812,1.798,1.81,257731.0
2026-06-27 06:00:00+00:00,1.81,1.813,1.796,1.802,515533.0
2026-06-27 07:00:00+00:00,1.802,1.814,1.801,1.812,345436.0
2026-06-27 08:00:00+00:00,1.812,1.812,1.793,1.797,605037.0
2026-06-27 09:00:00+00:00,1.797,1.804,1.791,1.803,403938.0
2026-06-27 10:00:00+00:00,1.803,1.808,1.797,1.807,168628.0
2026-06-27 11:00:00+00:00,1.807,1.823,1.8,1.822,724653.0
2026-06-27 12:00:00+00:00,1.822,1.822,1.81,1.817,538057.0
2026-06-27 13:00:00+00:00,1.817,1.849,1.815,1.848,921832.0
2026-06-27 14:00:00+00:00,1.848,1.88,1.839,1.88,1011043.0
2026-06-27 15:00:00+00:00,1.88,1.901,1.869,1.892,1354914.0
2026-06-27 16:00:00+00:00,1.892,1.923,1.884,1.922,1542459.0
2026-06-27 17:00:00+00:00,1.922,1.928,1.879,1.907,1223702.0
2026-06-27 18:00:00+00:00,1.907,1.909,1.865,1.877,616590.0
2026-06-27 19:00:00+00:00,1.877,1.885,1.833,1.86,787184.0
2026-06-27 20:00:00+00:00,1.86,1.892,1.856,1.888,6838793.0
2026-06-27 21:00:00+00:00,1.888,1.913,1.865,1.872,1202318.0
2026-06-27 22:00:00+00:00,1.872,1.88,1.854,1.863,896696.0
2026-06-27 23:00:00+00:00,1.863,1.88,1.856,1.867,251920.0
2026-06-28 00:00:00+00:00,1.867,1.95,1.867,1.905,571266.0
2026-06-28 01:00:00+00:00,1.905,1.907,1.884,1.897,292264.0
2026-06-28 02:00:00+00:00,1.897,1.911,1.889,1.907,299302.0
2026-06-28 03:00:00+00:00,1.907,1.919,1.894,1.908,192022.0
2026-06-28 04:00:00+00:00,1.908,1.909,1.884,1.885,147595.0
2026-06-28 05:00:00+00:00,1.885,1.887,1.868,1.884,297972.0
2026-06-28 06:00:00+00:00,1.884,1.887,1.841,1.853,431465.0
2026-06-28 07:00:00+00:00,1.853,1.877,1.851,1.873,296705.0
2026-06-28 08:00:00+00:00,1.873,1.891,1.865,1.879,331615.0
2026-06-28 09:00:00+00:00,1.879,1.89,1.87,1.871,335453.0
2026-06-28 10:00:00+00:00,1.871,1.883,1.847,1.856,470244.0
2026-06-28 11:00:00+00:00,1.856,1.875,1.856,1.868,398308.0
2026-06-28 12:00:00+00:00,1.868,1.874,1.853,1.861,165398.0
2026-06-28 13:00:00+00:00,1.861,1.872,1.847,1.861,467425.0
2026-06-28 14:00:00+00:00,1.861,1.885,1.856,1.873,572509.0
2026-06-28 15:00:00+00:00,1.873,1.88,1.857,1.865,344989.0
2026-06-28 16:00:00+00:00,1.865,1.871,1.848,1.852,713235.0
2026-06-28 17:00:00+00:00,1.852,1.856,1.815,1.822,977273.0
2026-06-28 18:00:00+00:00,1.822,1.835,1.816,1.832,389908.0
2026-06-28 19:00:00+00:00,1.832,1.834,1.812,1.826,493134.0
2026-06-28 20:00:00+00:00,1.826,1.849,1.824,1.845,181655.0
2026-06-28 21:00:00+00:00,1.845,1.845,1.803,1.813,431061.0
2026-06-28 22:00:00+00:00,1.813,1.846,1.806,1.813,813179.0
2026-06-28 23:00:00+00:00,1.813,1.853,1.809,1.833,464297.0
2026-06-29 00:00:00+00:00,1.833,1.843,1.805,1.84,496251.0
2026-06-29 01:00:00+00:00,1.84,1.852,1.817,1.842,209088.0
2026-06-29 02:00:00+00:00,1.842,1.862,1.818,1.856,389687.0
2026-06-29 03:00:00+00:00,1.856,1.881,1.856,1.865,314950.0
2026-06-29 04:00:00+00:00,1.865,1.867,1.84,1.844,244680.0
2026-06-29 05:00:00+00:00,1.844,1.855,1.821,1.855,456026.0
2026-06-29 06:00:00+00:00,1.855,1.87,1.851,1.861,467990.0
2026-06-29 07:00:00+00:00,1.861,1.876,1.853,1.867,331448.0
2026-06-29 08:00:00+00:00,1.867,1.873,1.833,1.841,285983.0
2026-06-29 09:00:00+00:00,1.841,1.85,1.835,1.85,269875.0
2026-06-29 10:00:00+00:00,1.85,1.864,1.849,1.853,256666.0
2026-06-29 11:00:00+00:00,1.853,1.856,1.83,1.84,448284.0
2026-06-29 12:00:00+00:00,1.84,1.875,1.827,1.846,945662.0
2026-06-29 13:00:00+00:00,1.846,1.868,1.827,1.847,820365.0
2026-06-29 14:00:00+00:00,1.847,1.849,1.816,1.845,730643.0
2026-06-29 15:00:00+00:00,1.845,1.849,1.817,1.845,637564.0
2026-06-29 16:00:00+00:00,1.845,1.863,1.839,1.855,446538.0
2026-06-29 17:00:00+00:00,1.855,1.913,1.854,1.901,623574.0
2026-06-29 18:00:00+00:00,1.901,1.915,1.886,1.892,397000.0
2026-06-29 19:00:00+00:00,1.892,1.908,1.881,1.894,245477.0
2026-06-29 20:00:00+00:00,1.894,1.899,1.864,1.867,365948.0
2026-06-29 21:00:00+00:00,1.867,1.887,1.856,1.859,8691129.0
2026-06-29 22:00:00+00:00,1.859,1.872,1.854,1.855,12878344.0
2026-06-29 23:00:00+00:00,1.855,1.869,1.853,1.865,130584.0
2026-06-30 00:00:00+00:00,1.865,1.866,1.831,1.835,765667.0
2026-06-30 01:00:00+00:00,1.835,1.841,1.827,1.837,139449.0
2026-06-30 02:00:00+00:00,1.837,1.843,1.827,1.838,237639.0
2026-06-30 03:00:00+00:00,1.838,1.855,1.837,1.851,244686.0
2026-06-30 04:00:00+00:00,1.851,1.864,1.84,1.861,168771.0
2026-06-30 05:00:00+00:00,1.861,1.874,1.859,1.874,308962.0
2026-06-30 06:00:00+00:00,1.874,1.875,1.857,1.857,257133.0
2026-06-30 07:00:00+00:00,1.857,1.863,1.846,1.857,155609.0
2026-06-30 08:00:00+00:00,1.857,1.857,1.835,1.847,187938.0
2026-06-30 09:00:00+00:00,1.847,1.848,1.832,1.843,146833.0
2026-06-30 10:00:00+00:00,1.843,1.861,1.835,1.858,153362.0
2026-06-30 11:00:00+00:00,1.858,1.858,1.833,1.845,457004.0
2026-06-30 12:00:00+00:00,1.845,1.845,1.774,1.777,1321052.0
2026-06-30 13:00:00+00:00,1.777,1.799,1.76,1.792,1196042.0
2026-06-30 14:00:00+00:00,1.792,1.814,1.783,1.784,757789.0
2026-06-30 15:00:00+00:00,1.784,1.798,1.776,1.787,587652.0
2026-06-30 16:00:00+00:00,1.787,1.804,1.774,1.798,335548.0
2026-06-30 17:00:00+00:00,1.798,1.807,1.793,1.796,398207.0
2026-06-30 18:00:00+00:00,1.796,1.811,1.794,1.804,234428.0
2026-06-30 19:00:00+00:00,1.804,1.808,1.795,1.797,138727.0
2026-06-30 20:00:00+00:00,1.797,1.801,1.786,1.789,228503.0
2026-06-30 21:00:00+00:00,1.789,1.794,1.777,1.792,449109.0
2026-06-30 22:00:00+00:00,1.792,1.801,1.784,1.785,223940.0
2026-06-30 23:00:00+00:00,1.785,1.789,1.78,1.783,193010.0
2026-07-01 00:00:00+00:00,1.783,1.786,1.774,1.775,177490.0
2026-07-01 01:00:00+00:00,1.775,1.789,1.722,1.773,1938263.0
2026-07-01 02:00:00+00:00,1.773,1.811,1.764,1.811,275010.0
2026-07-01 03:00:00+00:00,1.811,1.843,1.801,1.84,371878.0
2026-07-01 04:00:00+00:00,1.84,1.854,1.836,1.842,266989.0
2026-07-01 05:00:00+00:00,1.842,1.845,1.825,1.827,342205.0
2026-07-01 06:00:00+00:00,1.827,1.828,1.795,1.805,283894.0
2026-07-01 07:00:00+00:00,1.805,1.806,1.787,1.794,499813.0
2026-07-01 08:00:00+00:00,1.794,1.798,1.774,1.796,574727.0
2026-07-01 09:00:00+00:00,1.796,1.798,1.788,1.793,362473.0
2026-07-01 10:00:00+00:00,1.793,1.795,1.777,1.78,346388.0
2026-07-01 11:00:00+00:00,1.78,1.801,1.778,1.788,461183.0
2026-07-01 12:00:00+00:00,1.788,1.798,1.776,1.784,435668.0
2026-07-01 13:00:00+00:00,1.784,1.816,1.767,1.816,1153857.0
2026-07-01 14:00:00+00:00,1.816,1.845,1.804,1.842,1486078.0
2026-07-01 15:00:00+00:00,1.842,1.865,1.834,1.84,1919958.0
2026-07-01 16:00:00+00:00,1.84,1.844,1.822,1.823,876701.0
2026-07-01 17:00:00+00:00,1.823,1.838,1.814,1.835,684435.0
2026-07-01 18:00:00+00:00,1.835,1.847,1.819,1.837,728170.0
2026-07-01 19:00:00+00:00,1.837,1.845,1.823,1.828,415209.0
2026-07-01 20:00:00+00:00,1.828,1.839,1.819,1.836,419827.0
2026-07-01 21:00:00+00:00,1.836,1.875,1.835,1.87,703618.0
2026-07-01 22:00:00+00:00,1.87,1.877,1.84,1.846,1000841.0
2026-07-01 23:00:00+00:00,1.846,1.846,1.801,1.805,634125.0
2026-07-02 00:00:00+00:00,1.805,1.827,1.8,1.821,846809.0
2026-07-02 01:00:00+00:00,1.821,1.91,1.821,1.883,871946.0
2026-07-02 02:00:00+00:00,1.883,1.896,1.88,1.888,691041.0
2026-07-02 03:00:00+00:00,1.888,1.927,1.871,1.921,672281.0
2026-07-02 04:00:00+00:00,1.921,1.925,1.909,1.921,487701.0
2026-07-02 05:00:00+00:00,1.921,1.922,1.9,1.901,222878.0
2026-07-02 06:00:00+00:00,1.901,1.923,1.891,1.909,623069.0
2026-07-02 07:00:00+00:00,1.909,1.92,1.903,1.915,479139.0
2026-07-02 08:00:00+00:00,1.915,1.938,1.914,1.93,819895.0
2026-07-02 09:00:00+00:00,1.93,1.948,1.91,1.943,1038210.0
2026-07-02 10:00:00+00:00,1.943,1.952,1.933,1.937,540754.0
2026-07-02 11:00:00+00:00,1.937,1.951,1.929,1.945,426452.0
2026-07-02 12:00:00+00:00,1.945,1.953,1.93,1.933,1110007.0
2026-07-02 13:00:00+00:00,1.933,1.951,1.928,1.939,687158.0
2026-07-02 14:00:00+00:00,1.939,1.952,1.905,1.911,808759.0
2026-07-02 15:00:00+00:00,1.911,1.916,1.899,1.913,443689.0
2026-07-02 16:00:00+00:00,1.913,1.931,1.904,1.923,583308.0
2026-07-02 17:00:00+00:00,1.923,1.947,1.919,1.94,576469.0
2026-07-02 18:00:00+00:00,1.94,1.949,1.936,1.945,643265.0
2026-07-02 19:00:00+00:00,1.945,1.949,1.933,1.938,422098.0
2026-07-02 20:00:00+00:00,1.938,1.941,1.926,1.933,323290.0
2026-07-02 21:00:00+00:00,1.933,1.934,1.917,1.926,341426.0
2026-07-02 22:00:00+00:00,1.926,1.936,1.92,1.93,4916194.0
2026-07-02 23:00:00+00:00,1.93,1.948,1.922,1.943,9991298.0
2026-07-03 00:00:00+00:00,1.943,1.947,1.92,1.926,556354.0
2026-07-03 01:00:00+00:00,1.926,1.967,1.924,1.955,716017.0
2026-07-03 02:00:00+00:00,1.955,1.964,1.94,1.956,529125.0
2026-07-03 03:00:00+00:00,1.956,1.963,1.939,1.957,585956.0
2026-07-03 04:00:00+00:00,1.957,1.961,1.94,1.942,610056.0
2026-07-03 05:00:00+00:00,1.942,1.96,1.933,1.948,781447.0
2026-07-03 06:00:00+00:00,1.948,1.966,1.945,1.955,1158347.0
2026-07-03 07:00:00+00:00,1.955,1.964,1.948,1.956,248506.0
2026-07-03 08:00:00+00:00,1.956,1.973,1.949,1.956,459604.0
2026-07-03 09:00:00+00:00,1.956,1.97,1.953,1.97,443886.0
2026-07-03 10:00:00+00:00,1.97,2.003,1.969,1.993,1808022.0
2026-07-03 11:00:00+00:00,1.993,2.018,1.989,2.014,613401.0
2026-07-03 12:00:00+00:00,2.014,2.047,2.013,2.039,1210023.0
2026-07-03 13:00:00+00:00,2.039,2.093,2.039,2.091,1949520.0
2026-07-03 14:00:00+00:00,2.091,2.113,2.067,2.077,3361960.0
2026-07-03 15:00:00+00:00,2.077,2.084,2.028,2.033,1871955.0
2026-07-03 16:00:00+00:00,2.033,2.041,2.016,2.023,838253.0
2026-07-03 17:00:00+00:00,2.023,2.031,2.009,2.02,714614.0
2026-07-03 18:00:00+00:00,2.02,2.02,2.008,2.01,387679.0
2026-07-03 19:00:00+00:00,2.01,2.021,1.995,2.007,944275.0
2026-07-03 20:00:00+00:00,2.007,2.042,2.001,2.03,1169622.0
2026-07-03 21:00:00+00:00,2.03,2.059,2.029,2.055,721925.0
2026-07-03 22:00:00+00:00,2.055,2.055,2.028,2.04,290963.0
2026-07-03 23:00:00+00:00,2.04,2.046,2.029,2.046,258413.0
2026-07-04 00:00:00+00:00,2.046,2.055,2.035,2.052,320862.0
2026-07-04 01:00:00+00:00,2.052,2.053,2.009,2.018,441606.0
2026-07-04 02:00:00+00:00,2.018,2.025,2.004,2.007,228089.0
2026-07-04 03:00:00+00:00,2.007,2.018,2.003,2.009,315725.0
2026-07-04 04:00:00+00:00,2.009,2.016,1.989,2.009,543119.0
2026-07-04 05:00:00+00:00,2.009,2.011,1.988,1.998,369653.0
2026-07-04 06:00:00+00:00,1.998,2.01,1.991,1.991,727644.0
2026-07-04 07:00:00+00:00,1.991,1.993,1.968,1.979,928934.0
2026-07-04 08:00:00+00:00,1.979,1.982,1.971,1.975,335130.0
2026-07-04 09:00:00+00:00,1.975,1.979,1.957,1.963,642522.0
2026-07-04 10:00:00+00:00,1.963,1.968,1.957,1.963,260995.0
2026-07-04 11:00:00+00:00,1.963,1.979,1.958,1.967,459352.0
2026-07-04 12:00:00+00:00,1.967,1.979,1.965,1.978,293033.0
2026-07-04 13:00:00+00:00,1.978,1.988,1.965,1.971,345657.0
2026-07-04 14:00:00+00:00,1.971,2.032,1.971,2.022,1066375.0
2026-07-04 15:00:00+00:00,2.022,2.046,2.012,2.037,944320.0
2026-07-04 16:00:00+00:00,2.037,2.039,2.013,2.016,581642.0
2026-07-04 17:00:00+00:00,2.016,2.04,2.006,2.029,575002.0
2026-07-04 18:00:00+00:00,2.029,2.032,1.996,2.002,616010.0
2026-07-04 19:00:00+00:00,2.002,2.011,1.99,2.005,512402.0
2026-07-04 20:00:00+00:00,2.005,2.012,1.985,1.993,448995.0
2026-07-04 21:00:00+00:00,1.993,2.006,1.991,2.0,1682885.0
2026-07-04 22:00:00+00:00,2.0,2.004,1.988,2.004,3676347.0
2026-07-04 23:00:00+00:00,2.004,2.005,1.979,1.997,439040.0
2026-07-05 00:00:00+00:00,1.997,1.999,1.98,1.986,338143.0
2026-07-05 01:00:00+00:00,1.986,1.993,1.968,1.981,406221.0
2026-07-05 02:00:00+00:00,1.981,1.984,1.959,1.971,221777.0
2026-07-05 03:00:00+00:00,1.971,1.988,1.962,1.965,366103.0
2026-07-05 04:00:00+00:00,1.965,1.978,1.96,1.97,240748.0
2026-07-05 05:00:00+00:00,1.97,1.972,1.943,1.955,618549.0
2026-07-05 06:00:00+00:00,1.955,1.958,1.945,1.95,387799.0
2026-07-05 07:00:00+00:00,1.95,1.961,1.937,1.957,675861.0
2026-07-05 08:00:00+00:00,1.957,1.964,1.949,1.954,562563.0
2026-07-05 09:00:00+00:00,1.954,1.957,1.924,1.93,820237.0
2026-07-05 10:00:00+00:00,1.93,1.946,1.92,1.945,377687.0
2026-07-05 11:00:00+00:00,1.945,1.954,1.934,1.947,412414.0
2026-07-05 12:00:00+00:00,1.947,1.972,1.938,1.965,643807.0
2026-07-05 13:00:00+00:00,1.965,1.981,1.961,1.977,625395.0
2026-07-05 14:00:00+00:00,1.977,1.979,1.966,1.977,360522.0
2026-07-05 15:00:00+00:00,1.977,1.994,1.971,1.979,569659.0
2026-07-05 16:00:00+00:00,1.979,1.981,1.964,1.974,352079.0
2026-07-05 17:00:00+00:00,1.974,1.987,1.969,1.975,457769.0
2026-07-05 18:00:00+00:00,1.975,1.994,1.972,1.985,1172892.0
2026-07-05 19:00:00+00:00,1.985,2.005,1.981,1.998,770119.0
2026-07-05 20:00:00+00:00,1.998,2.01,1.997,2.008,448149.0
2026-07-05 21:00:00+00:00,2.008,2.04,2.0,2.023,880859.0
2026-07-05 22:00:00+00:00,2.023,2.058,2.014,2.027,1083209.0
2026-07-05 23:00:00+00:00,2.027,2.032,2.007,2.017,578657.0
2026-07-06 00:00:00+00:00,2.017,2.03,1.989,2.019,785818.0
2026-07-06 01:00:00+00:00,2.019,2.037,1.999,2.003,699057.0
2026-07-06 02:00:00+00:00,2.003,2.022,1.993,2.006,509575.0
2026-07-06 03:00:00+00:00,2.006,2.008,1.974,1.996,461850.0
2026-07-06 04:00:00+00:00,1.996,1.997,1.98,1.988,164840.0
2026-07-06 05:00:00+00:00,1.988,1.992,1.968,1.981,427777.0
2026-07-06 06:00:00+00:00,1.981,1.983,1.971,1.983,521060.0
2026-07-06 07:00:00+00:00,1.983,1.997,1.975,1.989,409141.0
2026-07-06 08:00:00+00:00,1.989,1.999,1.969,1.981,390237.0
2026-07-06 09:00:00+00:00,1.981,1.985,1.967,1.976,313033.0
2026-07-06 10:00:00+00:00,1.976,2.019,1.974,2.019,746678.0
2026-07-06 11:00:00+00:00,2.019,2.035,1.992,1.995,1468377.0
2026-07-06 12:00:00+00:00,1.995,2.014,1.959,1.974,2245945.0
2026-07-06 13:00:00+00:00,1.974,2.006,1.952,1.999,1619426.0
2026-07-06 14:00:00+00:00,1.999,2.036,1.993,2.006,2286586.0
2026-07-06 15:00:00+00:00,2.006,2.094,2.003,2.075,3366336.0
2026-07-06 16:00:00+00:00,2.075,2.108,2.046,2.063,3177577.0
2026-07-06 17:00:00+00:00,2.063,2.085,2.053,2.069,1623726.0
2026-07-06 18:00:00+00:00,2.069,2.079,2.059,2.071,413180.0
2026-07-06 19:00:00+00:00,2.071,2.087,2.067,2.069,468151.0
2026-07-06 20:00:00+00:00,2.069,2.071,2.06,2.064,424896.0
2026-07-06 21:00:00+00:00,2.064,2.095,2.06,2.082,1549885.0
2026-07-06 22:00:00+00:00,2.082,2.085,2.066,2.073,269962.0
2026-07-06 23:00:00+00:00,2.073,2.076,2.046,2.052,484853.0
2026-07-07 00:00:00+00:00,2.052,2.081,2.05,2.075,575425.0
2026-07-07 01:00:00+00:00,2.075,2.077,2.045,2.066,523766.0
2026-07-07 02:00:00+00:00,2.066,2.071,2.033,2.033,539179.0
2026-07-07 03:00:00+00:00,2.033,2.038,2.015,2.02,485869.0
2026-07-07 04:00:00+00:00,2.02,2.024,1.997,2.009,742695.0
2026-07-07 05:00:00+00:00,2.009,2.011,1.981,2.003,960949.0
2026-07-07 06:00:00+00:00,2.003,2.023,1.996,2.019,385718.0
2026-07-07 07:00:00+00:00,2.019,2.039,2.016,2.022,692403.0
2026-07-07 08:00:00+00:00,2.022,2.033,2.006,2.018,1013953.0
2026-07-07 09:00:00+00:00,2.018,2.026,2.003,2.006,470014.0
2026-07-07 10:00:00+00:00,2.006,2.026,2.006,2.011,635763.0
2026-07-07 11:00:00+00:00,2.011,2.029,1.998,2.028,1146993.0
2026-07-07 12:00:00+00:00,2.028,2.036,2.009,2.012,716852.0
2026-07-07 13:00:00+00:00,2.012,2.032,2.001,2.003,1888873.0
2026-07-07 14:00:00+00:00,2.003,2.032,1.978,2.03,2014412.0
2026-07-07 15:00:00+00:00,2.03,2.066,2.018,2.063,2649827.0
2026-07-07 16:00:00+00:00,2.063,2.072,2.045,2.053,747812.0
2026-07-07 17:00:00+00:00,2.053,2.076,2.049,2.075,318035.0
2026-07-07 18:00:00+00:00,2.075,2.076,2.016,2.017,830154.0
2026-07-07 19:00:00+00:00,2.017,2.023,1.996,2.016,751015.0
2026-07-07 20:00:00+00:00,2.016,2.024,1.996,2.0,313423.0
2026-07-07 21:00:00+00:00,2.0,2.012,1.983,1.986,347705.0
2026-07-07 22:00:00+00:00,1.986,1.996,1.967,1.987,3674098.0
2026-07-07 23:00:00+00:00,1.987,1.994,1.973,1.977,222340.0
2026-07-08 00:00:00+00:00,1.977,1.995,1.973,1.99,571971.0
2026-07-08 01:00:00+00:00,1.99,1.992,1.917,1.919,1466468.0
2026-07-08 02:00:00+00:00,1.919,1.923,1.885,1.921,1432864.0
2026-07-08 03:00:00+00:00,1.921,1.935,1.914,1.927,240255.0
2026-07-08 04:00:00+00:00,1.927,1.936,1.915,1.924,291296.0
2026-07-08 05:00:00+00:00,1.924,1.929,1.916,1.921,294460.0
2026-07-08 06:00:00+00:00,1.921,1.921,1.893,1.908,598355.0
2026-07-08 07:00:00+00:00,1.908,1.912,1.892,1.903,328437.0
2026-07-08 08:00:00+00:00,1.903,1.918,1.875,1.876,1694918.0
2026-07-08 09:00:00+00:00,1.876,1.88,1.86,1.863,1042416.0
2026-07-08 10:00:00+00:00,1.863,1.88,1.86,1.872,376460.0
2026-07-08 11:00:00+00:00,1.872,1.89,1.866,1.88,586685.0
2026-07-08 12:00:00+00:00,1.88,1.885,1.868,1.868,431824.0
2026-07-08 13:00:00+00:00,1.868,1.883,1.852,1.876,1432809.0
2026-07-08 14:00:00+00:00,1.876,1.882,1.861,1.87,785854.0
2026-07-08 15:00:00+00:00,1.87,1.873,1.841,1.854,837588.0
2026-07-08 16:00:00+00:00,1.854,1.879,1.852,1.876,835372.0
2026-07-08 17:00:00+00:00,1.876,1.887,1.869,1.872,1338572.0
2026-07-08 18:00:00+00:00,1.872,1.886,1.869,1.881,547681.0
2026-07-08 19:00:00+00:00,1.881,1.885,1.874,1.88,293377.0
2026-07-08 20:00:00+00:00,1.88,1.882,1.862,1.863,822199.0
2026-07-08 21:00:00+00:00,1.863,1.879,1.858,1.877,307662.0
2026-07-08 22:00:00+00:00,1.877,1.897,1.875,1.891,653386.0
2026-07-08 23:00:00+00:00,1.891,1.894,1.885,1.89,159648.0
2026-07-09 00:00:00+00:00,1.89,1.894,1.884,1.891,260656.0
2026-07-09 01:00:00+00:00,1.891,1.92,1.88,1.883,958775.0
2026-07-09 02:00:00+00:00,1.883,1.905,1.873,1.878,760648.0
2026-07-09 03:00:00+00:00,1.878,1.899,1.876,1.899,935124.0
2026-07-09 04:00:00+00:00,1.899,1.932,1.892,1.931,398981.0
2026-07-09 05:00:00+00:00,1.931,1.933,1.905,1.929,609078.0
2026-07-09 06:00:00+00:00,1.929,1.939,1.922,1.929,502688.0
2026-07-09 07:00:00+00:00,1.929,1.934,1.911,1.916,358109.0
2026-07-09 08:00:00+00:00,1.916,1.929,1.913,1.918,581254.0
2026-07-09 09:00:00+00:00,1.918,1.918,1.903,1.913,269872.0
2026-07-09 10:00:00+00:00,1.913,1.916,1.891,1.9,287184.0
2026-07-09 11:00:00+00:00,1.9,1.905,1.891,1.901,143579.0
2026-07-09 12:00:00+00:00,1.901,1.927,1.896,1.916,767827.0
2026-07-09 13:00:00+00:00,1.916,1.943,1.911,1.937,759685.0
2026-07-09 14:00:00+00:00,1.937,1.946,1.916,1.923,627697.0
2026-07-09 15:00:00+00:00,1.923,1.934,1.908,1.914,776313.0
2026-07-09 16:00:00+00:00,1.914,1.921,1.903,1.909,580378.0
2026-07-09 17:00:00+00:00,1.909,1.931,1.904,1.93,2134853.0
2026-07-09 18:00:00+00:00,1.93,1.941,1.925,1.929,790868.0
2026-07-09 19:00:00+00:00,1.929,1.929,1.917,1.92,442743.0
2026-07-09 20:00:00+00:00,1.92,1.927,1.915,1.923,383696.0
2026-07-09 21:00:00+00:00,1.923,1.929,1.92,1.923,135793.0
2026-07-09 22:00:00+00:00,1.923,1.928,1.92,1.921,200129.0
2026-07-09 23:00:00+00:00,1.921,1.927,1.911,1.918,640303.0
2026-07-10 00:00:00+00:00,1.918,1.92,1.901,1.918,435300.0
2026-07-10 01:00:00+00:00,1.918,1.966,1.91,1.948,821689.0
2026-07-10 02:00:00+00:00,1.948,1.955,1.938,1.951,286185.0
2026-07-10 03:00:00+00:00,1.951,1.951,1.941,1.942,183005.0
2026-07-10 04:00:00+00:00,1.942,1.945,1.934,1.938,269401.0
2026-07-10 05:00:00+00:00,1.938,1.945,1.935,1.94,232608.0
2026-07-10 06:00:00+00:00,1.94,1.943,1.926,1.929,206890.0
2026-07-10 07:00:00+00:00,1.929,1.938,1.925,1.931,281989.0
2026-07-10 08:00:00+00:00,1.931,1.951,1.93,1.943,463198.0
2026-07-10 09:00:00+00:00,1.943,1.952,1.928,1.945,641248.0
2026-07-10 10:00:00+00:00,1.945,1.95,1.937,1.946,259310.0
2026-07-10 11:00:00+00:00,1.946,1.948,1.932,1.934,197849.0
2026-07-10 12:00:00+00:00,1.934,1.937,1.918,1.918,592387.0
2026-07-10 13:00:00+00:00,1.918,1.931,1.913,1.919,794532.0
2026-07-10 14:00:00+00:00,1.919,1.923,1.877,1.892,1379171.0
2026-07-10 15:00:00+00:00,1.892,1.899,1.887,1.898,498830.0
2026-07-10 16:00:00+00:00,1.898,1.907,1.887,1.9,409894.0
2026-07-10 17:00:00+00:00,1.9,1.906,1.893,1.897,402970.0
2026-07-10 18:00:00+00:00,1.897,1.906,1.857,1.862,1539616.0
2026-07-10 19:00:00+00:00,1.862,1.881,1.86,1.874,434789.0
2026-07-10 20:00:00+00:00,1.874,1.877,1.864,1.87,237985.0
2026-07-10 21:00:00+00:00,1.87,1.886,1.869,1.881,166995.0
2026-07-10 22:00:00+00:00,1.881,1.898,1.881,1.895,571644.0
2026-07-10 23:00:00+00:00,1.895,1.898,1.888,1.892,212712.0
2026-07-11 00:00:00+00:00,1.892,1.901,1.885,1.895,379809.0
2026-07-11 01:00:00+00:00,1.895,1.905,1.893,1.898,195106.0
2026-07-11 02:00:00+00:00,1.898,1.911,1.895,1.91,217417.0
2026-07-11 03:00:00+00:00,1.91,1.917,1.905,1.91,281292.0
2026-07-11 04:00:00+00:00,1.91,1.911,1.896,1.898,241389.0
2026-07-11 05:00:00+00:00,1.898,1.914,1.895,1.904,366175.0
2026-07-11 06:00:00+00:00,1.904,1.913,1.885,1.886,392742.0
2026-07-11 07:00:00+00:00,1.886,1.887,1.877,1.881,607325.0
2026-07-11 08:00:00+00:00,1.881,1.89,1.874,1.888,450122.0
2026-07-11 09:00:00+00:00,1.888,1.899,1.884,1.89,1057704.0
2026-07-11 10:00:00+00:00,1.89,1.9,1.886,1.89,248636.0
2026-07-11 11:00:00+00:00,1.89,1.903,1.889,1.902,148113.0
2026-07-11 12:00:00+00:00,1.902,1.906,1.894,1.9,177699.0
2026-07-11 13:00:00+00:00,1.9,1.912,1.897,1.907,204016.0
2026-07-11 14:00:00+00:00,1.907,1.923,1.905,1.908,391918.0
2026-07-11 15:00:00+00:00,1.908,1.921,1.89,1.903,644009.0
2026-07-11 16:00:00+00:00,1.903,1.905,1.891,1.899,2070191.0
2026-07-11 17:00:00+00:00,1.899,1.908,1.897,1.903,2067783.0
2026-07-11 18:00:00+00:00,1.903,1.912,1.893,1.897,525074.0
2026-07-11 19:00:00+00:00,1.897,1.906,1.895,1.902,569694.0
2026-07-11 20:00:00+00:00,1.902,1.909,1.9,1.903,277028.0
2026-07-11 21:00:00+00:00,1.903,1.918,1.903,1.911,269649.0
2026-07-11 22:00:00+00:00,1.911,1.914,1.894,1.896,307485.0
2026-07-11 23:00:00+00:00,1.896,1.901,1.863,1.868,866017.0
2026-07-12 00:00:00+00:00,1.868,1.878,1.856,1.868,758161.0
2026-07-12 01:00:00+00:00,1.868,1.89,1.867,1.89,193076.0
2026-07-12 02:00:00+00:00,1.89,1.89,1.876,1.882,172062.0
2026-07-12 03:00:00+00:00,1.882,1.889,1.874,1.887,365540.0
2026-07-12 04:00:00+00:00,1.887,1.894,1.884,1.886,330825.0
2026-07-12 05:00:00+00:00,1.886,1.893,1.879,1.889,331908.0
2026-07-12 06:00:00+00:00,1.889,1.889,1.859,1.872,536136.0
2026-07-12 07:00:00+00:00,1.872,1.885,1.87,1.874,391091.0
2026-07-12 08:00:00+00:00,1.874,1.89,1.874,1.884,479197.0
2026-07-12 09:00:00+00:00,1.884,1.893,1.867,1.891,957211.0
2026-07-12 10:00:00+00:00,1.891,1.892,1.877,1.877,263359.0
2026-07-12 11:00:00+00:00,1.877,1.895,1.872,1.889,293095.0
2026-07-12 12:00:00+00:00,1.889,1.901,1.883,1.885,319037.0
2026-07-12 13:00:00+00:00,1.885,1.894,1.879,1.88,228403.0
2026-07-12 14:00:00+00:00,1.88,1.9,1.878,1.898,442809.0
2026-07-12 15:00:00+00:00,1.898,1.909,1.895,1.898,274338.0
2026-07-12 16:00:00+00:00,1.898,1.91,1.891,1.899,479332.0
2026-07-12 17:00:00+00:00,1.899,1.91,1.892,1.895,626250.0
2026-07-12 18:00:00+00:00,1.895,1.911,1.892,1.908,281893.0
2026-07-12 19:00:00+00:00,1.908,1.937,1.907,1.933,774125.0
2026-07-12 20:00:00+00:00,1.933,1.938,1.909,1.915,316185.0
2026-07-12 21:00:00+00:00,1.915,1.921,1.903,1.904,355323.0
2026-07-12 22:00:00+00:00,1.904,1.904,1.886,1.899,618300.0
2026-07-12 23:00:00+00:00,1.899,1.899,1.882,1.888,2594055.0
2026-07-13 00:00:00+00:00,1.888,1.934,1.882,1.913,1234371.0
2026-07-13 01:00:00+00:00,1.913,1.914,1.876,1.879,681298.0
2026-07-13 02:00:00+00:00,1.879,1.901,1.87,1.892,927268.0
2026-07-13 03:00:00+00:00,1.892,1.894,1.858,1.865,1013603.0
2026-07-13 04:00:00+00:00,1.865,1.874,1.86,1.865,422236.0
2026-07-13 05:00:00+00:00,1.865,1.897,1.856,1.894,515392.0
2026-07-13 06:00:00+00:00,1.894,1.901,1.885,1.893,425988.0
2026-07-13 07:00:00+00:00,1.893,1.921,1.888,1.908,348053.0
2026-07-13 08:00:00+00:00,1.908,1.931,1.908,1.922,471823.0
2026-07-13 09:00:00+00:00,1.922,1.928,1.908,1.914,190000.0
2026-07-13 10:00:00+00:00,1.914,1.928,1.908,1.919,340780.0
2026-07-13 11:00:00+00:00,1.919,1.927,1.911,1.914,321796.0
2026-07-13 12:00:00+00:00,1.914,1.917,1.893,1.898,513754.0
2026-07-13 13:00:00+00:00,1.898,1.916,1.888,1.912,1095666.0
2026-07-13 14:00:00+00:00,1.912,1.975,1.908,1.965,4166515.0
2026-07-13 15:00:00+00:00,1.965,1.969,1.933,1.937,1541857.0
2026-07-13 16:00:00+00:00,1.937,1.962,1.919,1.946,1034241.0
2026-07-13 17:00:00+00:00,1.946,1.955,1.914,1.918,1167555.0
2026-07-13 18:00:00+00:00,1.918,1.933,1.892,1.896,802394.0
2026-07-13 19:00:00+00:00,1.896,1.92,1.886,1.915,1007678.0
2026-07-13 20:00:00+00:00,1.915,1.92,1.895,1.898,621623.0
2026-07-13 21:00:00+00:00,1.898,1.909,1.878,1.88,672417.0
2026-07-13 22:00:00+00:00,1.88,1.901,1.875,1.892,302679.0
2026-07-13 23:00:00+00:00,1.892,1.922,1.885,1.92,457653.0
2026-07-14 00:00:00+00:00,1.92,1.947,1.913,1.945,745416.0
2026-07-14 01:00:00+00:00,1.945,1.964,1.934,1.962,531873.0
2026-07-14 02:00:00+00:00,1.962,1.969,1.942,1.957,447870.0
2026-07-14 03:00:00+00:00,1.957,1.964,1.936,1.961,842101.0
2026-07-14 04:00:00+00:00,1.961,1.975,1.953,1.968,598329.0
2026-07-14 05:00:00+00:00,1.968,2.002,1.964,1.993,1840841.0
2026-07-14 06:00:00+00:00,1.993,2.009,1.988,1.999,2007441.0
2026-07-14 07:00:00+00:00,1.999,2.012,1.986,1.99,687897.0
2026-07-14 08:00:00+00:00,1.99,2.008,1.982,1.988,1634051.0
2026-07-14 09:00:00+00:00,1.988,1.989,1.973,1.985,690423.0
2026-07-14 10:00:00+00:00,1.985,1.996,1.971,1.972,700545.0
2026-07-14 11:00:00+00:00,1.972,1.992,1.967,1.987,666309.0
2026-07-14 12:00:00+00:00,1.987,2.038,1.974,2.029,1939858.0
2026-07-14 13:00:00+00:00,2.029,2.033,2.015,2.026,548571.0
2026-07-14 14:00:00+00:00,2.026,2.044,2.019,2.04,515074.0
2026-07-14 15:00:00+00:00,2.04,2.064,2.036,2.044,1381700.0
2026-07-14 16:00:00+00:00,2.044,2.046,2.026,2.037,714241.0
2026-07-14 17:00:00+00:00,2.037,2.046,2.019,2.04,733170.0
2026-07-14 18:00:00+00:00,2.04,2.044,2.021,2.027,443214.0
2026-07-14 19:00:00+00:00,2.027,2.03,2.017,2.022,233839.0
2026-07-14 20:00:00+00:00,2.022,2.028,2.016,2.019,249576.0
2026-07-14 21:00:00+00:00,2.019,2.027,2.014,2.015,1367536.0
2026-07-14 22:00:00+00:00,2.015,2.026,2.009,2.011,928018.0
2026-07-14 23:00:00+00:00,2.011,2.015,2.001,2.013,662972.0
2026-07-15 00:00:00+00:00,2.013,2.016,2.0,2.007,266922.0
2026-07-15 01:00:00+00:00,2.007,2.015,2.0,2.014,430346.0
2026-07-15 02:00:00+00:00,2.014,2.026,2.008,2.02,352729.0
2026-07-15 03:00:00+00:00,2.02,2.023,2.007,2.02,225119.0
2026-07-15 04:00:00+00:00,2.02,2.025,2.007,2.021,225597.0
2026-07-15 05:00:00+00:00,2.021,2.029,2.007,2.028,167191.0
2026-07-15 06:00:00+00:00,2.028,2.041,2.022,2.023,540260.0
2026-07-15 07:00:00+00:00,2.023,2.023,2.001,2.006,1253095.0
2026-07-15 08:00:00+00:00,2.006,2.027,1.997,2.021,961027.0
2026-07-15 09:00:00+00:00,2.021,2.041,2.02,2.032,650609.0
2026-07-15 10:00:00+00:00,2.032,2.061,2.032,2.051,1070688.0
2026-07-15 11:00:00+00:00,2.051,2.092,2.05,2.078,2453467.0
2026-07-15 12:00:00+00:00,2.078,2.098,2.065,2.088,2631647.0
2026-07-15 13:00:00+00:00,2.088,2.106,2.069,2.083,1459189.0
2026-07-15 14:00:00+00:00,2.083,2.088,2.061,2.078,692492.0
2026-07-15 15:00:00+00:00,2.078,2.078,2.062,2.075,194935.0
2026-07-15 16:00:00+00:00,2.075,2.08,2.046,2.064,648319.0
2026-07-15 17:00:00+00:00,2.064,2.079,2.062,2.072,267098.0
2026-07-15 18:00:00+00:00,2.072,2.074,2.033,2.037,522118.0
2026-07-15 19:00:00+00:00,2.037,2.044,2.031,2.036,358826.0
2026-07-15 20:00:00+00:00,2.036,2.057,2.034,2.053,297523.0
2026-07-15 21:00:00+00:00,2.053,2.066,2.053,2.061,192829.0
2026-07-15 22:00:00+00:00,2.061,2.085,2.057,2.065,473329.0
2026-07-15 23:00:00+00:00,2.065,2.078,2.06,2.067,342126.0
2026-07-16 00:00:00+00:00,2.067,2.081,2.057,2.064,374630.0
2026-07-16 01:00:00+00:00,2.064,2.07,2.051,2.066,317599.0
2026-07-16 02:00:00+00:00,2.066,2.068,2.054,2.067,120891.0
2026-07-16 03:00:00+00:00,2.067,2.071,2.056,2.064,188135.0
2026-07-16 04:00:00+00:00,2.064,2.064,2.05,2.053,102452.0
2026-07-16 05:00:00+00:00,2.053,2.059,2.047,2.053,161055.0
2026-07-16 06:00:00+00:00,2.053,2.06,2.043,2.054,137816.0
2026-07-16 07:00:00+00:00,2.054,2.055,2.042,2.05,249556.0
2026-07-16 08:00:00+00:00,2.05,2.052,2.019,2.026,793942.0
2026-07-16 09:00:00+00:00,2.026,2.03,2.007,2.011,813724.0
2026-07-16 10:00:00+00:00,2.011,2.032,2.007,2.032,345826.0
2026-07-16 11:00:00+00:00,2.032,2.034,2.023,2.031,343285.0
2026-07-16 12:00:00+00:00,2.031,2.043,2.019,2.026,381791.0
2026-07-16 13:00:00+00:00,2.026,2.084,2.025,2.071,1411860.0
2026-07-16 14:00:00+00:00,2.071,2.08,2.062,2.075,929750.0
2026-07-16 15:00:00+00:00,2.075,2.084,2.054,2.065,861792.0
2026-07-16 16:00:00+00:00,2.065,2.069,2.051,2.063,785299.0
2026-07-16 17:00:00+00:00,2.063,2.082,2.043,2.049,1304779.0
2026-07-16 18:00:00+00:00,2.049,2.049,2.026,2.026,637353.0
2026-07-16 19:00:00+00:00,2.026,2.033,2.016,2.027,255450.0
2026-07-16 20:00:00+00:00,2.027,2.035,2.019,2.029,297729.0
2026-07-16 21:00:00+00:00,2.029,2.046,2.028,2.033,118926.0
2026-07-16 22:00:00+00:00,2.033,2.045,1.987,1.99,1540234.0
2026-07-16 23:00:00+00:00,1.99,1.99,1.958,1.963,1627321.0
2026-07-17 00:00:00+00:00,1.963,1.984,1.954,1.983,1475234.0
2026-07-17 01:00:00+00:00,1.983,1.991,1.967,1.971,856405.0
2026-07-17 02:00:00+00:00,1.971,1.979,1.96,1.97,573882.0
2026-07-17 03:00:00+00:00,1.97,2.006,1.969,1.989,729700.0
2026-07-17 04:00:00+00:00,1.989,1.997,1.979,1.992,205423.0
2026-07-17 05:00:00+00:00,1.992,1.992,1.96,1.962,451854.0
2026-07-17 06:00:00+00:00,1.962,1.964,1.941,1.944,840301.0
2026-07-17 07:00:00+00:00,1.944,1.948,1.933,1.94,496146.0
2026-07-17 08:00:00+00:00,1.94,1.941,1.879,1.896,1683431.0
2026-07-17 09:00:00+00:00,1.896,1.912,1.896,1.904,646305.0
2026-07-17 10:00:00+00:00,1.904,1.917,1.904,1.915,294236.0
2026-07-17 11:00:00+00:00,1.915,1.927,1.913,1.914,994357.0
2026-07-17 12:00:00+00:00,1.914,1.924,1.907,1.908,1041436.0
2026-07-17 13:00:00+00:00,1.908,1.937,1.895,1.936,1218052.0
2026-07-17 14:00:00+00:00,1.936,1.948,1.907,1.915,1590434.0
2026-07-17 15:00:00+00:00,1.915,1.92,1.893,1.919,1475643.0
2026-07-17 16:00:00+00:00,1.919,1.931,1.911,1.924,342300.0
2026-07-17 17:00:00+00:00,1.924,1.947,1.918,1.919,1576534.0
2026-07-17 18:00:00+00:00,1.919,1.933,1.913,1.926,593871.0
2026-07-17 19:00:00+00:00,1.926,1.932,1.912,1.925,404950.0
2026-07-17 20:00:00+00:00,1.925,1.925,1.916,1.92,182155.0
2026-07-17 21:00:00+00:00,1.92,1.936,1.915,1.917,311180.0
2026-07-17 22:00:00+00:00,1.917,1.922,1.913,1.917,193548.0
2026-07-17 23:00:00+00:00,1.917,1.93,1.914,1.925,483960.0
2026-07-18 00:00:00+00:00,1.925,1.933,1.921,1.923,138045.0
2026-07-18 01:00:00+00:00,1.923,1.932,1.919,1.931,127235.0
2026-07-18 02:00:00+00:00,1.931,1.937,1.926,1.933,527259.0
2026-07-18 03:00:00+00:00,1.933,1.944,1.927,1.935,539934.0
2026-07-18 04:00:00+00:00,1.935,1.937,1.921,1.929,252239.0
2026-07-18 05:00:00+00:00,1.929,1.929,1.915,1.919,262206.0
2026-07-18 06:00:00+00:00,1.919,1.919,1.913,1.913,175577.0
2026-07-18 07:00:00+00:00,1.913,1.915,1.904,1.908,237441.0
2026-07-18 08:00:00+00:00,1.908,1.925,1.904,1.911,1469095.0
2026-07-18 09:00:00+00:00,1.911,1.911,1.895,1.901,249823.0
2026-07-18 10:00:00+00:00,1.901,1.905,1.892,1.896,1353191.0
2026-07-18 11:00:00+00:00,1.896,1.906,1.894,1.905,6057899.0
2026-07-18 12:00:00+00:00,1.905,1.919,1.903,1.914,5761421.0
2026-07-18 13:00:00+00:00,1.914,1.914,1.902,1.907,312385.0
2026-07-18 14:00:00+00:00,1.907,1.92,1.905,1.917,263656.0
2026-07-18 15:00:00+00:00,1.917,1.931,1.909,1.915,247679.0
2026-07-18 16:00:00+00:00,1.915,1.922,1.911,1.921,188731.0
2026-07-18 17:00:00+00:00,1.921,1.929,1.913,1.928,204317.0
2026-07-18 18:00:00+00:00,1.928,1.946,1.927,1.93,371325.0
2026-07-18 19:00:00+00:00,1.93,1.937,1.928,1.932,118571.0
2026-07-18 20:00:00+00:00,1.932,1.937,1.927,1.933,103800.0
2026-07-18 21:00:00+00:00,1.933,1.941,1.923,1.925,96064.0
2026-07-18 22:00:00+00:00,1.925,1.935,1.924,1.929,62473.0
2026-07-18 23:00:00+00:00,1.929,1.936,1.927,1.93,60822.0
2026-07-19 00:00:00+00:00,1.93,1.936,1.926,1.928,71124.0
2026-07-19 01:00:00+00:00,1.928,1.928,1.914,1.917,89960.0
2026-07-19 02:00:00+00:00,1.917,1.934,1.917,1.926,101283.0
2026-07-19 03:00:00+00:00,1.926,1.928,1.915,1.916,117736.0
2026-07-19 04:00:00+00:00,1.916,1.923,1.913,1.922,38226.0
2026-07-19 05:00:00+00:00,1.922,1.927,1.92,1.925,59328.0
2026-07-19 06:00:00+00:00,1.925,1.935,1.923,1.935,178122.0
2026-07-19 07:00:00+00:00,1.935,1.941,1.93,1.934,166793.0
2026-07-19 08:00:00+00:00,1.934,1.943,1.931,1.938,331243.0
2026-07-19 09:00:00+00:00,1.938,1.94,1.924,1.931,268760.0
2026-07-19 10:00:00+00:00,1.931,1.934,1.923,1.925,380531.0
2026-07-19 11:00:00+00:00,1.925,1.929,1.918,1.92,171306.0
2026-07-19 12:00:00+00:00,1.92,1.925,1.909,1.922,291978.0
2026-07-19 13:00:00+00:00,1.922,1.925,1.917,1.922,259501.0
2026-07-19 14:00:00+00:00,1.922,1.935,1.917,1.929,434698.0
2026-07-19 15:00:00+00:00,1.929,1.931,1.911,1.918,1193467.0
2026-07-19 16:00:00+00:00,1.918,1.92,1.902,1.909,1153809.0
2026-07-19 17:00:00+00:00,1.909,1.919,1.895,1.911,697025.0
2026-07-19 18:00:00+00:00,1.911,1.914,1.899,1.913,182890.0
2026-07-19 19:00:00+00:00,1.913,1.918,1.91,1.917,98226.0
2026-07-19 20:00:00+00:00,1.917,1.92,1.913,1.917,1538214.0
2026-07-19 21:00:00+00:00,1.917,1.918,1.902,1.904,4856950.0
2026-07-19 22:00:00+00:00,1.904,1.929,1.902,1.915,613895.0
2026-07-19 23:00:00+00:00,1.915,1.92,1.906,1.917,147447.0
2026-07-20 00:00:00+00:00,1.917,1.939,1.911,1.916,578873.0
2026-07-20 01:00:00+00:00,1.916,1.937,1.901,1.908,556205.0
2026-07-20 02:00:00+00:00,1.908,1.929,1.906,1.928,256666.0
2026-07-20 03:00:00+00:00,1.928,1.93,1.916,1.924,169773.0
2026-07-20 04:00:00+00:00,1.924,1.925,1.911,1.914,67666.0
2026-07-20 05:00:00+00:00,1.914,1.916,1.901,1.905,261118.0
2026-07-20 06:00:00+00:00,1.905,1.911,1.897,1.904,308905.0
2026-07-20 07:00:00+00:00,1.904,1.928,1.904,1.925,208226.0
2026-07-20 08:00:00+00:00,1.925,1.934,1.916,1.923,310458.0
2026-07-20 09:00:00+00:00,1.923,1.936,1.919,1.934,240603.0
2026-07-20 10:00:00+00:00,1.934,1.951,1.932,1.945,531017.0
2026-07-20 11:00:00+00:00,1.945,1.965,1.931,1.959,799356.0
2026-07-20 12:00:00+00:00,1.959,1.986,1.945,1.973,987517.0
2026-07-20 13:00:00+00:00,1.973,1.985,1.953,1.963,1153459.0
2026-07-20 14:00:00+00:00,1.963,1.981,1.951,1.968,598536.0
2026-07-20 15:00:00+00:00,1.968,1.987,1.959,1.981,1123531.0
2026-07-20 16:00:00+00:00,1.981,1.989,1.972,1.983,846178.0
2026-07-20 17:00:00+00:00,1.983,1.984,1.968,1.976,327545.0
2026-07-20 18:00:00+00:00,1.976,1.986,1.966,1.969,588992.0
2026-07-20 19:00:00+00:00,1.969,1.972,1.956,1.968,8558012.0
2026-07-20 20:00:00+00:00,1.968,1.981,1.967,1.973,383126.0
2026-07-20 21:00:00+00:00,1.973,1.98,1.965,1.966,237592.0
2026-07-20 22:00:00+00:00,1.966,1.971,1.956,1.961,437972.0
2026-07-20 23:00:00+00:00,1.961,1.983,1.959,1.979,386141.0
2026-07-21 00:00:00+00:00,1.979,2.006,1.97,1.996,995935.0
2026-07-21 01:00:00+00:00,1.996,2.001,1.984,1.991,242991.0
2026-07-21 02:00:00+00:00,1.991,2.01,1.981,2.004,281931.0
2026-07-21 03:00:00+00:00,2.004,2.027,2.003,2.024,285458.0
2026-07-21 04:00:00+00:00,2.024,2.04,2.024,2.035,267408.0
2026-07-21 05:00:00+00:00,2.035,2.046,2.025,2.041,305075.0
2026-07-21 06:00:00+00:00,2.041,2.062,2.034,2.035,568560.0
2026-07-21 07:00:00+00:00,2.035,2.038,2.014,2.016,373248.0
2026-07-21 08:00:00+00:00,2.016,2.021,1.998,2.002,575737.0
2026-07-21 09:00:00+00:00,2.002,2.021,1.996,2.004,306960.0
2026-07-21 10:00:00+00:00,2.004,2.01,1.987,1.993,397254.0
2026-07-21 11:00:00+00:00,1.993,2.001,1.988,1.998,489377.0
2026-07-21 12:00:00+00:00,1.998,2.0,1.974,1.985,1618231.0
2026-07-21 13:00:00+00:00,1.985,1.993,1.977,1.986,1354285.0
2026-07-21 14:00:00+00:00,1.986,1.988,1.963,1.97,876161.0
2026-07-21 15:00:00+00:00,1.97,1.97,1.944,1.953,881531.0
2026-07-21 16:00:00+00:00,1.953,1.957,1.929,1.938,1344146.0
2026-07-21 17:00:00+00:00,1.938,1.939,1.918,1.936,2360211.0
2026-07-21 18:00:00+00:00,1.936,1.942,1.93,1.931,3576912.0
2026-07-21 19:00:00+00:00,1.931,1.945,1.915,1.933,1248752.0
2026-07-21 20:00:00+00:00,1.933,1.936,1.929,1.936,868995.0
2026-07-21 21:00:00+00:00,1.936,1.936,1.924,1.926,18442493.0
2026-07-21 22:00:00+00:00,1.926,1.937,1.922,1.935,1123238.0
2026-07-21 23:00:00+00:00,1.935,1.937,1.928,1.935,919370.0
2026-07-22 00:00:00+00:00,1.935,1.952,1.931,1.95,951977.0
2026-07-22 01:00:00+00:00,1.95,1.95,1.937,1.941,387666.0
2026-07-22 02:00:00+00:00,1.941,1.948,1.929,1.93,806221.0
2026-07-22 03:00:00+00:00,1.93,1.932,1.907,1.911,1288446.0
2026-07-22 04:00:00+00:00,1.911,1.924,1.906,1.921,725517.0
2026-07-22 05:00:00+00:00,1.921,1.922,1.904,1.907,819296.0
2026-07-22 06:00:00+00:00,1.907,1.91,1.896,1.902,525368.0
2026-07-22 07:00:00+00:00,1.902,1.905,1.865,1.879,1497324.0
2026-07-22 08:00:00+00:00,1.879,1.886,1.867,1.882,759906.0
2026-07-22 09:00:00+00:00,1.882,1.885,1.871,1.878,256300.0
2026-07-22 10:00:00+00:00,1.878,1.89,1.877,1.887,358240.0
2026-07-22 11:00:00+00:00,1.887,1.891,1.879,1.887,621627.0
2026-07-22 12:00:00+00:00,1.887,1.889,1.873,1.883,310451.0
2026-07-22 13:00:00+00:00,1.883,1.889,1.869,1.887,720511.0
2026-07-22 14:00:00+00:00,1.887,1.894,1.874,1.887,1084900.0
2026-07-22 15:00:00+00:00,1.887,1.901,1.885,1.888,815277.0
2026-07-22 16:00:00+00:00,1.888,1.898,1.878,1.889,699885.0
2026-07-22 17:00:00+00:00,1.889,1.892,1.876,1.878,1984762.0
2026-07-22 18:00:00+00:00,1.878,1.882,1.849,1.864,2060124.0
2026-07-22 19:00:00+00:00,1.864,1.866,1.851,1.859,576219.0
2026-07-22 20:00:00+00:00,1.859,1.871,1.853,1.871,795500.0
2026-07-22 21:00:00+00:00,1.871,1.871,1.861,1.865,388126.0
2026-07-22 22:00:00+00:00,1.865,1.868,1.855,1.864,7032788.0
2026-07-22 23:00:00+00:00,1.864,1.868,1.852,1.867,429222.0
2026-07-23 00:00:00+00:00,1.867,1.873,1.861,1.871,494529.0
2026-07-23 01:00:00+00:00,1.871,1.879,1.869,1.874,274314.0
2026-07-23 02:00:00+00:00,1.874,1.874,1.858,1.87,297644.0
2026-07-23 03:00:00+00:00,1.87,1.871,1.863,1.864,140151.0
2026-07-23 04:00:00+00:00,1.864,1.872,1.86,1.861,112121.0
2026-07-23 05:00:00+00:00,1.861,1.872,1.853,1.87,297997.0
2026-07-23 06:00:00+00:00,1.87,1.876,1.865,1.874,262679.0
2026-07-23 07:00:00+00:00,1.874,1.874,1.856,1.861,944413.0
2026-07-23 08:00:00+00:00,1.861,1.869,1.857,1.867,228088.0
2026-07-23 09:00:00+00:00,1.867,1.876,1.864,1.869,472198.0
2026-07-23 10:00:00+00:00,1.869,1.904,1.867,1.885,653809.0
2026-07-23 11:00:00+00:00,1.885,1.894,1.88,1.887,617606.0
2026-07-23 12:00:00+00:00,1.887,1.897,1.87,1.878,950902.0
2026-07-23 13:00:00+00:00,1.878,1.893,1.872,1.881,1358489.0
2026-07-23 14:00:00+00:00,1.881,1.894,1.876,1.883,581558.0
2026-07-23 15:00:00+00:00,1.883,1.883,1.868,1.88,620376.0
2026-07-23 16:00:00+00:00,1.88,1.884,1.868,1.879,251362.0
2026-07-23 17:00:00+00:00,1.879,1.894,1.87,1.875,693742.0
2026-07-23 18:00:00+00:00,1.875,1.885,1.871,1.882,692361.0
2026-07-23 19:00:00+00:00,1.882,1.889,1.868,1.877,229019.0
2026-07-23 20:00:00+00:00,1.877,1.89,1.877,1.886,294937.0
2026-07-23 21:00:00+00:00,1.886,1.895,1.882,1.89,623522.0
2026-07-23 22:00:00+00:00,1.89,1.893,1.876,1.886,302294.0
2026-07-23 23:00:00+00:00,1.886,1.889,1.88,1.882,262269.0
2026-07-24 00:00:00+00:00,1.882,1.893,1.877,1.893,255394.0
2026-07-24 01:00:00+00:00,1.893,1.904,1.89,1.892,328352.0
2026-07-24 02:00:00+00:00,1.892,1.899,1.874,1.876,201644.0
2026-07-24 03:00:00+00:00,1.876,1.903,1.875,1.901,531356.0
2026-07-24 04:00:00+00:00,1.901,1.907,1.889,1.895,207766.0
2026-07-24 05:00:00+00:00,1.895,1.904,1.891,1.9,232376.0
2026-07-24 06:00:00+00:00,1.9,1.913,1.896,1.908,222717.0
2026-07-24 07:00:00+00:00,1.908,1.917,1.891,1.901,475531.0
2026-07-24 08:00:00+00:00,1.901,1.912,1.892,1.91,350361.0
2026-07-24 09:00:00+00:00,1.91,1.917,1.893,1.895,358518.0
2026-07-24 10:00:00+00:00,1.895,1.896,1.882,1.887,321599.0
2026-07-24 11:00:00+00:00,1.887,1.889,1.877,1.885,404833.0
2026-07-24 12:00:00+00:00,1.885,1.885,1.854,1.86,672468.0
2026-07-24 13:00:00+00:00,1.86,1.863,1.825,1.845,2597237.0
2026-07-24 14:00:00+00:00,1.845,1.849,1.79,1.807,2159674.0
2026-07-24 15:00:00+00:00,1.807,1.827,1.793,1.819,983546.0
2026-07-24 16:00:00+00:00,1.819,1.822,1.803,1.806,641022.0
2026-07-24 17:00:00+00:00,1.806,1.82,1.797,1.816,600073.0
2026-07-24 18:00:00+00:00,1.816,1.818,1.807,1.81,171682.0
2026-07-24 19:00:00+00:00,1.81,1.815,1.803,1.807,327958.0
2026-07-24 20:00:00+00:00,1.807,1.817,1.807,1.811,189787.0
2026-07-24 21:00:00+00:00,1.811,1.815,1.8,1.803,329750.0
2026-07-24 22:00:00+00:00,1.803,1.819,1.802,1.808,3204116.0
2026-07-24 23:00:00+00:00,1.808,1.812,1.805,1.805,119347.0
2026-07-25 00:00:00+00:00,1.805,1.811,1.799,1.803,223217.0
2026-07-25 01:00:00+00:00,1.803,1.809,1.794,1.795,196978.0
2026-07-25 02:00:00+00:00,1.795,1.801,1.787,1.8,211199.0
2026-07-25 03:00:00+00:00,1.8,1.815,1.8,1.814,138233.0
2026-07-25 04:00:00+00:00,1.814,1.816,1.802,1.803,164104.0
2026-07-25 05:00:00+00:00,1.803,1.81,1.797,1.797,202726.0
2026-07-25 06:00:00+00:00,1.797,1.799,1.79,1.797,361035.0
2026-07-25 07:00:00+00:00,1.797,1.797,1.777,1.782,834588.0
2026-07-25 08:00:00+00:00,1.782,1.788,1.777,1.783,188752.0
2026-07-25 09:00:00+00:00,1.783,1.791,1.782,1.79,237111.0
2026-07-25 10:00:00+00:00,1.79,1.794,1.786,1.786,24926.0
2026-07-25 11:00:00+00:00,1.786,1.79,1.784,1.79,103544.0
2026-07-25 12:00:00+00:00,1.79,1.796,1.785,1.796,54501.0
2026-07-25 13:00:00+00:00,1.796,1.798,1.788,1.79,149840.0
2026-07-25 14:00:00+00:00,1.79,1.798,1.785,1.797,230564.0
2026-07-25 15:00:00+00:00,1.797,1.8,1.796,1.796,453466.0
2026-07-25 16:00:00+00:00,1.796,1.798,1.786,1.789,203555.0
2026-07-25 17:00:00+00:00,1.789,1.799,1.788,1.795,107074.0
2026-07-25 18:00:00+00:00,1.795,1.802,1.795,1.801,198367.0
2026-07-25 19:00:00+00:00,1.801,1.801,1.793,1.795,122215.0
2026-07-25 20:00:00+00:00,1.795,1.799,1.791,1.793,354962.0
2026-07-25 21:00:00+00:00,1.793,1.799,1.788,1.798,40553.0
2026-07-25 22:00:00+00:00,1.798,1.801,1.795,1.798,347033.0
2026-07-25 23:00:00+00:00,1.798,1.799,1.79,1.791,82447.0
2026-07-26 00:00:00+00:00,1.791,1.794,1.789,1.791,92636.0
2026-07-26 01:00:00+00:00,1.791,1.795,1.79,1.793,143661.0
2026-07-26 02:00:00+00:00,1.793,1.797,1.785,1.796,196510.0
2026-07-26 03:00:00+00:00,1.796,1.798,1.792,1.795,96312.0
2026-07-26 04:00:00+00:00,1.795,1.804,1.793,1.797,240368.0
2026-07-26 05:00:00+00:00,1.797,1.798,1.786,1.793,191241.0
2026-07-26 06:00:00+00:00,1.793,1.797,1.788,1.796,320396.0
2026-07-26 07:00:00+00:00,1.796,1.81,1.794,1.802,159404.0
2026-07-26 08:00:00+00:00,1.802,1.803,1.797,1.803,462297.0
2026-07-26 09:00:00+00:00,1.803,1.808,1.8,1.8,180547.0
2026-07-26 10:00:00+00:00,1.8,1.803,1.795,1.797,271496.0
2026-07-26 11:00:00+00:00,1.797,1.802,1.797,1.797,152079.0
2026-07-26 12:00:00+00:00,1.797,1.799,1.788,1.789,320020.0
2026-07-26 13:00:00+00:00,1.789,1.794,1.786,1.79,280852.0
2026-07-26 14:00:00+00:00,1.79,1.8,1.788,1.795,184290.0
2026-07-26 15:00:00+00:00,1.795,1.802,1.793,1.802,182841.0
2026-07-26 16:00:00+00:00,1.802,1.803,1.796,1.799,299727.0
2026-07-26 17:00:00+00:00,1.799,1.8,1.789,1.792,227851.0
2026-07-26 18:00:00+00:00,1.792,1.793,1.79,1.792,105884.0
2026-07-26 19:00:00+00:00,1.792,1.794,1.789,1.793,120607.0
2026-07-26 20:00:00+00:00,1.793,1.795,1.791,1.792,104944.0
2026-07-26 21:00:00+00:00,1.792,1.801,1.791,1.8,111593.0
2026-07-26 22:00:00+00:00,1.8,1.825,1.8,1.824,596144.0
2026-07-26 23:00:00+00:00,1.824,1.842,1.82,1.836,471704.0
2026-07-27 00:00:00+00:00,1.836,1.845,1.829,1.841,251234.0
2026-07-27 01:00:00+00:00,1.841,1.849,1.821,1.836,528686.0
2026-07-27 02:00:00+00:00,1.836,1.852,1.83,1.85,57273.0
2026-07-27 03:00:00+00:00,1.85,1.858,1.841,1.856,94393.0
2026-07-27 04:00:00+00:00,1.856,1.858,1.84,1.843,162320.0
2026-07-27 05:00:00+00:00,1.843,1.855,1.841,1.854,131825.0
2026-07-27 06:00:00+00:00,1.854,1.857,1.851,1.853,205299.0
2026-07-27 07:00:00+00:00,1.853,1.853,1.836,1.839,231355.0
2026-07-27 08:00:00+00:00,1.839,1.848,1.835,1.838,195758.0
2026-07-27 09:00:00+00:00,1.838,1.848,1.834,1.843,163287.0
2026-07-27 10:00:00+00:00,1.843,1.849,1.84,1.843,61647.0
2026-07-27 11:00:00+00:00,1.843,1.843,1.824,1.827,313454.0
2026-07-27 12:00:00+00:00,1.827,1.834,1.813,1.833,707793.0
2026-07-27 13:00:00+00:00,1.833,1.835,1.811,1.817,820421.0
2026-07-27 14:00:00+00:00,1.817,1.82,1.771,1.78,1710015.0
2026-07-27 15:00:00+00:00,1.78,1.788,1.77,1.772,843094.0
2026-07-27 16:00:00+00:00,1.772,1.785,1.761,1.776,1035106.0
2026-07-27 17:00:00+00:00,1.776,1.78,1.766,1.77,210904.0
2026-07-27 18:00:00+00:00,1.77,1.773,1.73,1.737,1444697.0
2026-07-27 19:00:00+00:00,1.737,1.745,1.728,1.741,737217.0
2026-07-27 20:00:00+00:00,1.741,1.748,1.734,1.74,299779.0
2026-07-27 21:00:00+00:00,1.74,1.744,1.727,1.736,316627.0
2026-07-27 22:00:00+00:00,1.736,1.736,1.695,1.7,1344507.0
2026-07-27 23:00:00+00:00,1.7,1.711,1.678,1.688,1247398.0
2026-07-28 00:00:00+00:00,1.688,1.695,1.681,1.69,282251.0
2026-07-28 01:00:00+00:00,1.69,1.693,1.667,1.671,522307.0
2026-07-28 02:00:00+00:00,1.671,1.681,1.667,1.676,198778.0
2026-07-28 03:00:00+00:00,1.676,1.684,1.671,1.681,130284.0
2026-07-28 04:00:00+00:00,1.681,1.681,1.675,1.676,68337.0
2026-07-28 05:00:00+00:00,1.676,1.68,1.656,1.657,430396.0
2026-07-28 06:00:00+00:00,1.657,1.674,1.655,1.673,341970.0
2026-07-28 07:00:00+00:00,1.673,1.677,1.667,1.676,246354.0
2026-07-28 08:00:00+00:00,1.676,1.683,1.673,1.678,111265.0
2026-07-28 09:00:00+00:00,1.678,1.684,1.675,1.676,73794.0
2026-07-28 10:00:00+00:00,1.676,1.676,1.669,1.675,236563.0
2026-07-28 11:00:00+00:00,1.675,1.68,1.657,1.661,378960.0
2026-07-28 12:00:00+00:00,1.661,1.67,1.647,1.662,502414.0
2026-07-28 13:00:00+00:00,1.662,1.663,1.62,1.63,1288960.0
2026-07-28 14:00:00+00:00,1.63,1.65,1.629,1.645,690608.0
2026-07-28 15:00:00+00:00,1.645,1.674,1.635,1.664,1139729.0
2026-07-28 16:00:00+00:00,1.664,1.664,1.653,1.657,225575.0
2026-07-28 17:00:00+00:00,1.657,1.658,1.635,1.643,431594.0
2026-07-28 18:00:00+00:00,1.643,1.647,1.635,1.637,401391.0
2026-07-28 19:00:00+00:00,1.637,1.647,1.636,1.64,231181.0
2026-07-28 20:00:00+00:00,1.64,1.65,1.64,1.65,294654.0
2026-07-28 21:00:00+00:00,1.65,1.662,1.648,1.653,431099.0
2026-07-28 22:00:00+00:00,1.653,1.66,1.641,1.643,188690.0
2026-07-28 23:00:00+00:00,1.643,1.653,1.64,1.653,159758.0
2026-07-29 00:00:00+00:00,1.653,1.667,1.651,1.661,258158.0
2026-07-29 01:00:00+00:00,1.661,1.662,1.624,1.629,324992.0
2026-07-29 02:00:00+00:00,1.629,1.642,1.627,1.629,116257.0
2026-07-29 03:00:00+00:00,1.629,1.634,1.605,1.608,521753.0
2026-07-29 04:00:00+00:00,1.608,1.621,1.589,1.621,555401.0
2026-07-29 05:00:00+00:00,1.621,1.627,1.609,1.611,220521.0
2026-07-29 06:00:00+00:00,1.611,1.619,1.605,1.612,364494.0
2026-07-29 07:00:00+00:00,1.612,1.613,1.592,1.607,2356470.0
2026-07-29 08:00:00+00:00,1.607,1.608,1.575,1.592,1072997.0
2026-07-29 09:00:00+00:00,1.592,1.605,1.59,1.595,227199.0
2026-07-29 10:00:00+00:00,1.595,1.597,1.575,1.577,155436.0
2026-07-29 11:00:00+00:00,1.577,1.59,1.57,1.589,444303.0
2026-07-29 12:00:00+00:00,1.589,1.59,1.581,1.584,282095.0
2026-07-29 13:00:00+00:00,1.584,1.594,1.577,1.591,307934.0
2026-07-29 14:00:00+00:00,1.591,1.597,1.579,1.581,227144.0
2026-07-29 15:00:00+00:00,1.581,1.584,1.572,1.58,214657.0
2026-07-29 16:00:00+00:00,1.58,1.59,1.575,1.588,181753.0
2026-07-29 17:00:00+00:00,1.588,1.602,1.585,1.602,299168.0
2026-07-29 18:00:00+00:00,1.602,1.638,1.598,1.631,975442.0
2026-07-29 19:00:00+00:00,1.631,1.637,1.596,1.598,558175.0
2026-07-29 20:00:00+00:00,1.598,1.599,1.577,1.58,521227.0
2026-07-29 21:00:00+00:00,1.58,1.593,1.571,1.592,241193.0
2026-07-29 22:00:00+00:00,1.592,1.608,1.592,1.606,222965.0
2026-07-29 23:00:00+00:00,1.606,1.624,1.604,1.62,116487.0
2026-07-30 00:00:00+00:00,1.62,1.623,1.606,1.609,145463.0
2026-07-30 01:00:00+00:00,1.609,1.62,1.609,1.617,137393.0
2026-07-30 02:00:00+00:00,1.617,1.626,1.615,1.621,139049.0
2026-07-30 03:00:00+00:00,1.621,1.632,1.621,1.627,192417.0
2026-07-30 04:00:00+00:00,1.627,1.633,1.621,1.621,144087.0
2026-07-30 05:00:00+00:00,1.621,1.638,1.617,1.635,209273.0
2026-07-30 06:00:00+00:00,1.635,1.64,1.629,1.629,124638.0
2026-07-30 07:00:00+00:00,1.629,1.637,1.624,1.625,157881.0
2026-07-30 08:00:00+00:00,1.625,1.63,1.621,1.626,204296.0
2026-07-30 09:00:00+00:00,1.626,1.661,1.624,1.661,397647.0
2026-07-30 10:00:00+00:00,1.661,1.67,1.651,1.655,443539.0
2026-07-30 11:00:00+00:00,1.655,1.659,1.647,1.655,436280.0
2026-07-30 12:00:00+00:00,1.655,1.659,1.642,1.645,333212.0
2026-07-30 13:00:00+00:00,1.645,1.665,1.645,1.656,442538.0
2026-07-30 14:00:00+00:00,1.656,1.66,1.647,1.649,513528.0
2026-07-30 15:00:00+00:00,1.649,1.667,1.644,1.665,505151.0
2026-07-30 16:00:00+00:00,1.665,1.682,1.656,1.674,318018.0
2026-07-30 17:00:00+00:00,1.674,1.675,1.663,1.671,115608.0
2026-07-30 18:00:00+00:00,1.671,1.684,1.668,1.676,233722.0
2026-07-30 19:00:00+00:00,1.676,1.692,1.675,1.688,255306.0
2026-07-30 20:00:00+00:00,1.688,1.696,1.685,1.687,393785.0
2026-07-30 21:00:00+00:00,1.687,1.69,1.682,1.686,478199.0
2026-07-30 22:00:00+00:00,1.686,1.691,1.677,1.682,131817.0
2026-07-30 23:00:00+00:00,1.682,1.683,1.671,1.676,155614.0
2026-07-31 00:00:00+00:00,1.676,1.683,1.666,1.668,591945.0
2026-07-31 01:00:00+00:00,1.668,1.683,1.668,1.669,137194.0
2026-07-31 02:00:00+00:00,1.669,1.67,1.635,1.643,278862.0
2026-07-31 03:00:00+00:00,1.643,1.652,1.636,1.651,475644.0
2026-07-31 04:00:00+00:00,1.651,1.653,1.64,1.641,72559.0
2026-07-31 05:00:00+00:00,1.641,1.657,1.64,1.656,95598.0
2026-07-31 06:00:00+00:00,1.656,1.665,1.652,1.657,67491.0
2026-07-31 07:00:00+00:00,1.657,1.658,1.642,1.655,157062.0
2026-07-31 08:00:00+00:00,1.655,1.658,1.645,1.649,57031.0
2026-07-31 09:00:00+00:00,1.649,1.652,1.638,1.639,227000.0
2026-07-31 10:00:00+00:00,1.639,1.65,1.634,1.646,285454.0
2026-07-31 11:00:00+00:00,1.646,1.65,1.641,1.642,141664.0
2026-07-31 12:00:00+00:00,1.642,1.662,1.637,1.661,172107.0
2026-07-31 13:00:00+00:00,1.661,1.672,1.656,1.665,541457.0
2026-07-31 14:00:00+00:00,1.665,1.69,1.648,1.661,1953011.0
2026-07-31 15:00:00+00:00,1.661,1.679,1.646,1.663,943680.0
2026-07-31 16:00:00+00:00,1.663,1.693,1.66,1.691,833744.0
2026-07-31 17:00:00+00:00,1.691,1.708,1.685,1.701,1292050.0
2026-07-31 18:00:00+00:00,1.701,1.708,1.688,1.7,301375.0
2026-07-31 19:00:00+00:00,1.7,1.705,1.685,1.688,489873.0
2026-07-31 20:00:00+00:00,1.688,1.691,1.669,1.674,644771.0
2026-07-31 21:00:00+00:00,1.674,1.68,1.662,1.664,690715.0
2026-07-31 22:00:00+00:00,1.664,1.668,1.657,1.658,236177.0
2026-07-31 23:00:00+00:00,1.658,1.669,1.658,1.661,200055.0
2026-08-01 00:00:00+00:00,1.661,1.668,1.658,1.659,231543.0
2026-08-01 01:00:00+00:00,1.659,1.683,1.659,1.683,154755.0
2026-08-01 02:00:00+00:00,1.683,1.684,1.671,1.671,251589.0
2026-08-01 03:00:00+00:00,1.671,1.675,1.664,1.672,168435.0
2026-08-01 04:00:00+00:00,1.672,1.679,1.67,1.674,88081.0
2026-08-01 05:00:00+00:00,1.674,1.679,1.665,1.67,143806.0
2026-08-01 06:00:00+00:00,1.67,1.673,1.661,1.666,117402.0
2026-08-01 07:00:00+00:00,1.666,1.669,1.66,1.662,72156.0
2026-08-01 08:00:00+00:00,1.662,1.666,1.65,1.656,202789.0
2026-08-01 09:00:00+00:00,1.656,1.657,1.644,1.649,219133.0
2026-08-01 10:00:00+00:00,1.649,1.657,1.644,1.656,232979.0
2026-08-01 11:00:00+00:00,1.656,1.662,1.653,1.661,146249.0
2026-08-01 12:00:00+00:00,1.661,1.671,1.66,1.67,327646.0
2026-08-01 13:00:00+00:00,1.67,1.675,1.664,1.669,167006.0
2026-08-01 14:00:00+00:00,1.669,1.681,1.665,1.671,182020.0
2026-08-01 15:00:00+00:00,1.671,1.674,1.655,1.668,955301.0
2026-08-01 16:00:00+00:00,1.668,1.686,1.667,1.68,471164.0
2026-08-01 17:00:00+00:00,1.68,1.683,1.652,1.659,583291.0
2026-08-01 18:00:00+00:00,1.659,1.669,1.646,1.659,260555.0
2026-08-01 19:00:00+00:00,1.659,1.666,1.654,1.657,145072.0
2026-08-01 20:00:00+00:00,1.657,1.664,1.653,1.659,106684.0
2026-08-01 21:00:00+00:00,1.659,1.673,1.658,1.672,181964.0
2026-08-01 22:00:00+00:00,1.672,1.677,1.669,1.669,213733.0
2026-08-01 23:00:00+00:00,1.669,1.678,1.668,1.674,110076.0
2026-08-02 00:00:00+00:00,1.674,1.693,1.671,1.693,211421.0
2026-08-02 01:00:00+00:00,1.693,1.706,1.686,1.703,614515.0
2026-08-02 02:00:00+00:00,1.703,1.71,1.7,1.703,204682.0
2026-08-02 03:00:00+00:00,1.703,1.71,1.699,1.708,42061.0
2026-08-02 04:00:00+00:00,1.708,1.72,1.708,1.711,184897.0
2026-08-02 05:00:00+00:00,1.711,1.733,1.706,1.716,645588.0
2026-08-02 06:00:00+00:00,1.716,1.727,1.715,1.726,235211.0
2026-08-02 07:00:00+00:00,1.726,1.729,1.715,1.717,122615.0
2026-08-02 08:00:00+00:00,1.717,1.721,1.712,1.712,193801.0
2026-08-02 09:00:00+00:00,1.712,1.724,1.707,1.721,135170.0
2026-08-02 10:00:00+00:00,1.721,1.722,1.708,1.711,125845.0
2026-08-02 11:00:00+00:00,1.711,1.711,1.696,1.698,334071.0
2026-08-02 12:00:00+00:00,1.698,1.703,1.696,1.699,167340.0
2026-08-02 13:00:00+00:00,1.699,1.704,1.697,1.697,205434.0
2026-08-02 14:00:00+00:00,1.697,1.702,1.692,1.695,215463.0
2026-08-02 15:00:00+00:00,1.695,1.701,1.695,1.695,98030.0
2026-08-02 16:00:00+00:00,1.695,1.702,1.69,1.697,225577.0
2026-08-02 17:00:00+00:00,1.697,1.701,1.692,1.701,751750.0
2026-08-02 18:00:00+00:00,1.701,1.719,1.7,1.708,1221144.0
2026-08-02 19:00:00+00:00,1.708,1.71,1.696,1.706,923451.0
2026-08-02 20:00:00+00:00,1.706,1.709,1.703,1.704,42012.0
2026-08-02 21:00:00+00:00,1.704,1.715,1.704,1.713,315303.0
2026-08-02 22:00:00+00:00,1.713,1.722,1.712,1.719,543417.0
2026-08-02 23:00:00+00:00,1.719,1.724,1.714,1.716,164170.0
2026-08-03 00:00:00+00:00,1.716,1.719,1.71,1.714,165136.0
2026-08-03 01:00:00+00:00,1.714,1.714,1.7,1.701,334065.0
2026-08-03 02:00:00+00:00,1.701,1.706,1.697,1.7,233701.0
2026-08-03 03:00:00+00:00,1.7,1.705,1.692,1.702,159376.0
2026-08-03 04:00:00+00:00,1.702,1.719,1.7,1.709,201716.0
2026-08-03 05:00:00+00:00,1.709,1.715,1.708,1.714,66616.0
2026-08-03 06:00:00+00:00,1.714,1.716,1.706,1.711,167529.0
2026-08-03 07:00:00+00:00,1.711,1.712,1.702,1.707,97851.0
2026-08-03 08:00:00+00:00,1.707,1.723,1.703,1.72,212272.0
2026-08-03 09:00:00+00:00,1.72,1.725,1.712,1.725,158303.0
2026-08-03 10:00:00+00:00,1.725,1.727,1.718,1.722,124107.0
2026-08-03 11:00:00+00:00,1.722,1.722,1.709,1.709,206344.0
2026-08-03 12:00:00+00:00,1.709,1.713,1.701,1.703,270793.0
2026-08-03 13:00:00+00:00,1.703,1.733,1.7,1.733,600388.0
2026-08-03 14:00:00+00:00,1.733,1.75,1.728,1.744,947964.0
2026-08-03 15:00:00+00:00,1.744,1.751,1.739,1.747,248057.0
2026-08-03 16:00:00+00:00,1.747,1.751,1.738,1.75,227823.0
2026-08-03 17:00:00+00:00,1.75,1.753,1.737,1.744,210702.0
2026-08-03 18:00:00+00:00,1.744,1.751,1.743,1.746,148930.0
2026-08-03 19:00:00+00:00,1.746,1.749,1.74,1.741,322775.0
2026-08-03 20:00:00+00:00,1.741,1.749,1.739,1.746,219170.0
2026-08-03 21:00:00+00:00,1.746,1.751,1.741,1.749,322976.0
2026-08-03 22:00:00+00:00,1.749,1.749,1.728,1.731,239156.0
2026-08-03 23:00:00+00:00,1.731,1.735,1.727,1.734,61468.0
2026-08-04 00:00:00+00:00,1.734,1.744,1.73,1.734,158951.0
2026-08-04 01:00:00+00:00,1.734,1.758,1.733,1.757,218662.0
2026-08-04 02:00:00+00:00,1.757,1.767,1.755,1.758,171830.0
2026-08-04 03:00:00+00:00,1.758,1.767,1.75,1.762,163558.0
2026-08-04 04:00:00+00:00,1.762,1.768,1.757,1.758,125629.0
2026-08-04 05:00:00+00:00,1.758,1.765,1.753,1.764,113783.0
2026-08-04 06:00:00+00:00,1.764,1.766,1.747,1.75,203443.0
2026-08-04 07:00:00+00:00,1.75,1.751,1.74,1.749,275043.0
2026-08-04 08:00:00+00:00,1.749,1.753,1.744,1.745,110880.0
2026-08-04 09:00:00+00:00,1.745,1.746,1.733,1.735,334989.0
2026-08-04 10:00:00+00:00,1.735,1.748,1.732,1.745,226863.0
2026-08-04 11:00:00+00:00,1.745,1.746,1.739,1.744,160134.0
2026-08-04 12:00:00+00:00,1.744,1.744,1.73,1.732,280427.0
2026-08-04 13:00:00+00:00,1.732,1.74,1.73,1.733,365312.0
2026-08-04 14:00:00+00:00,1.733,1.739,1.722,1.735,228516.0
2026-08-04 15:00:00+00:00,1.735,1.736,1.717,1.734,220538.0
2026-08-04 16:00:00+00:00,1.734,1.735,1.721,1.724,99481.0
2026-08-04 17:00:00+00:00,1.724,1.731,1.723,1.726,42052.0
2026-08-04 18:00:00+00:00,1.726,1.747,1.726,1.742,182395.0
2026-08-04 19:00:00+00:00,1.742,1.747,1.738,1.742,104889.0
2026-08-04 20:00:00+00:00,1.742,1.745,1.732,1.741,78549.0
2026-08-04 21:00:00+00:00,1.741,1.743,1.73,1.732,84853.0
2026-08-04 22:00:00+00:00,1.732,1.738,1.728,1.735,119419.0
2026-08-04 23:00:00+00:00,1.735,1.739,1.728,1.73,126708.0
2026-08-05 00:00:00+00:00,1.73,1.731,1.721,1.721,80488.0
2026-08-05 01:00:00+00:00,1.721,1.729,1.72,1.727,96149.0
2026-08-05 02:00:00+00:00,1.727,1.734,1.725,1.73,64169.0
2026-08-05 03:00:00+00:00,1.73,1.731,1.694,1.7,380401.0
2026-08-05 04:00:00+00:00,1.7,1.703,1.692,1.7,192772.0
2026-08-05 05:00:00+00:00,1.7,1.722,1.697,1.722,250543.0
2026-08-05 06:00:00+00:00,1.722,1.728,1.719,1.726,190167.0
2026-08-05 07:00:00+00:00,1.726,1.726,1.72,1.724,132790.0
2026-08-05 08:00:00+00:00,1.724,1.727,1.713,1.713,272484.0
2026-08-05 09:00:00+00:00,1.713,1.716,1.71,1.712,134084.0
2026-08-05 10:00:00+00:00,1.712,1.713,1.7,1.702,288167.0
2026-08-05 11:00:00+00:00,1.702,1.703,1.694,1.696,496731.0
2026-08-05 12:00:00+00:00,1.696,1.709,1.694,1.7,253764.0
2026-08-05 13:00:00+00:00,1.7,1.701,1.682,1.696,824079.0
2026-08-05 14:00:00+00:00,1.696,1.699,1.69,1.696,248729.0
2026-08-05 15:00:00+00:00,1.696,1.697,1.685,1.692,387880.0
2026-08-05 16:00:00+00:00,1.692,1.709,1.691,1.707,1132111.0
2026-08-05 17:00:00+00:00,1.707,1.721,1.707,1.718,264079.0
2026-08-05 18:00:00+00:00,1.718,1.718,1.703,1.71,235833.0
2026-08-05 19:00:00+00:00,1.71,1.713,1.705,1.705,105207.0
2026-08-05 20:00:00+00:00,1.705,1.71,1.7,1.703,108546.0
2026-08-05 21:00:00+00:00,1.703,1.704,1.692,1.694,154917.0
2026-08-05 22:00:00+00:00,1.694,1.699,1.692,1.693,90913.0
2026-08-05 23:00:00+00:00,1.693,1.699,1.691,1.698,57341.0
2026-08-06 00:00:00+00:00,1.698,1.712,1.696,1.709,117997.0
2026-08-06 01:00:00+00:00,1.709,1.715,1.702,1.713,197317.0
2026-08-06 02:00:00+00:00,1.713,1.716,1.693,1.704,158676.0
2026-08-06 03:00:00+00:00,1.704,1.718,1.698,1.715,135930.0
2026-08-06 04:00:00+00:00,1.715,1.73,1.714,1.728,254556.0
2026-08-06 05:00:00+00:00,1.728,1.729,1.72,1.725,175386.0
2026-08-06 06:00:00+00:00,1.725,1.727,1.715,1.72,163168.0
2026-08-06 07:00:00+00:00,1.72,1.72,1.712,1.713,220615.0
2026-08-06 08:00:00+00:00,1.713,1.713,1.704,1.709,150722.0
2026-08-06 09:00:00+00:00,1.709,1.71,1.673,1.684,611717.0
2026-08-06 10:00:00+00:00,1.684,1.695,1.68,1.682,409889.0
2026-08-06 11:00:00+00:00,1.682,1.693,1.675,1.689,222929.0
2026-08-06 12:00:00+00:00,1.689,1.699,1.683,1.694,648768.0
2026-08-06 13:00:00+00:00,1.694,1.702,1.688,1.698,279760.0
2026-08-06 14:00:00+00:00,1.698,1.698,1.669,1.683,731408.0
2026-08-06 15:00:00+00:00,1.683,1.69,1.672,1.674,256653.0
2026-08-06 16:00:00+00:00,1.674,1.676,1.662,1.669,562290.0
2026-08-06 17:00:00+00:00,1.669,1.676,1.654,1.664,560924.0
2026-08-06 18:00:00+00:00,1.664,1.676,1.651,1.657,311528.0
2026-08-06 19:00:00+00:00,1.657,1.667,1.656,1.657,139555.0
2026-08-06 20:00:00+00:00,1.657,1.661,1.652,1.652,145348.0
2026-08-06 21:00:00+00:00,1.652,1.663,1.652,1.661,62145.0
2026-08-06 22:00:00+00:00,1.661,1.667,1.658,1.661,93033.0
2026-08-06 23:00:00+00:00,1.661,1.666,1.653,1.657,89903.0
2026-08-07 00:00:00+00:00,1.657,1.663,1.653,1.662,35600.0
2026-08-07 01:00:00+00:00,1.662,1.668,1.656,1.662,33903.0
2026-08-07 02:00:00+00:00,1.662,1.668,1.65,1.65,267577.0
2026-08-07 03:00:00+00:00,1.65,1.655,1.642,1.642,208657.0
2026-08-07 04:00:00+00:00,1.642,1.643,1.629,1.641,241116.0
2026-08-07 05:00:00+00:00,1.641,1.644,1.62,1.63,493221.0
2026-08-07 06:00:00+00:00,1.63,1.643,1.629,1.64,417896.0
2026-08-07 07:00:00+00:00,1.64,1.649,1.635,1.644,156626.0
2026-08-07 08:00:00+00:00,1.644,1.655,1.643,1.648,180275.0
2026-08-07 09:00:00+00:00,1.648,1.657,1.642,1.651,236968.0
2026-08-07 10:00:00+00:00,1.651,1.666,1.647,1.657,342583.0
2026-08-07 11:00:00+00:00,1.657,1.662,1.646,1.649,144852.0
2026-08-07 12:00:00+00:00,1.649,1.655,1.636,1.643,426267.0
2026-08-07 13:00:00+00:00,1.643,1.645,1.637,1.639,257991.0
2026-08-07 14:00:00+00:00,1.639,1.642,1.626,1.626,613234.0
2026-08-07 15:00:00+00:00,1.626,1.628,1.61,1.612,1621604.0
2026-08-07 16:00:00+00:00,1.612,1.617,1.601,1.603,430112.0
2026-08-07 17:00:00+00:00,1.603,1.603,1.592,1.602,793579.0
2026-08-07 18:00:00+00:00,1.602,1.603,1.587,1.588,369687.0
2026-08-07 19:00:00+00:00,1.588,1.598,1.587,1.591,363874.0
2026-08-07 20:00:00+00:00,1.591,1.597,1.578,1.592,450589.0
2026-08-07 21:00:00+00:00,1.592,1.595,1.589,1.59,287153.0
2026-08-07 22:00:00+00:00,1.59,1.593,1.586,1.592,109801.0
2026-08-07 23:00:00+00:00,1.592,1.594,1.585,1.59,141474.0
2026-08-08 00:00:00+00:00,1.59,1.591,1.583,1.591,84660.0
2026-08-08 01:00:00+00:00,1.591,1.6,1.59,1.598,269274.0
2026-08-08 02:00:00+00:00,1.598,1.599,1.589,1.59,55094.0
2026-08-08 03:00:00+00:00,1.59,1.609,1.59,1.608,124328.0
2026-08-08 04:00:00+00:00,1.608,1.612,1.601,1.606,74389.0
2026-08-08 05:00:00+00:00,1.606,1.606,1.591,1.592,238508.0
2026-08-08 06:00:00+00:00,1.592,1.597,1.59,1.592,175689.0
2026-08-08 07:00:00+00:00,1.592,1.593,1.583,1.588,280122.0
2026-08-08 08:00:00+00:00,1.588,1.6,1.588,1.599,159496.0
2026-08-08 09:00:00+00:00,1.599,1.607,1.598,1.602,164750.0
2026-08-08 10:00:00+00:00,1.602,1.614,1.602,1.614,268831.0
2026-08-08 11:00:00+00:00,1.614,1.617,1.609,1.611,408013.0
2026-08-08 12:00:00+00:00,1.611,1.614,1.605,1.613,416203.0
2026-08-08 13:00:00+00:00,1.613,1.617,1.603,1.605,459962.0
2026-08-08 14:00:00+00:00,1.605,1.621,1.602,1.621,447202.0
2026-08-08 15:00:00+00:00,1.621,1.634,1.62,1.626,463333.0
2026-08-08 16:00:00+00:00,1.626,1.631,1.619,1.63,409339.0
2026-08-08 17:00:00+00:00,1.63,1.63,1.618,1.629,281420.0
2026-08-08 18:00:00+00:00,1.629,1.637,1.626,1.631,292870.0
2026-08-08 19:00:00+00:00,1.631,1.633,1.617,1.628,131316.0
2026-08-08 20:00:00+00:00,1.628,1.634,1.626,1.63,116978.0
2026-08-08 21:00:00+00:00,1.63,1.633,1.621,1.622,80192.0
2026-08-08 22:00:00+00:00,1.622,1.624,1.614,1.617,110497.0
2026-08-08 23:00:00+00:00,1.617,1.618,1.607,1.612,206872.0
2026-08-09 00:00:00+00:00,1.612,1.624,1.609,1.624,134046.0
2026-08-09 01:00:00+00:00,1.624,1.627,1.608,1.616,187028.0
2026-08-09 02:00:00+00:00,1.616,1.627,1.612,1.614,52444.0
2026-08-09 03:00:00+00:00,1.614,1.619,1.607,1.616,64679.0
2026-08-09 04:00:00+00:00,1.616,1.631,1.615,1.621,250964.0
2026-08-09 05:00:00+00:00,1.621,1.623,1.606,1.613,321580.0
2026-08-09 06:00:00+00:00,1.613,1.629,1.611,1.623,240153.0
2026-08-09 07:00:00+00:00,1.623,1.627,1.615,1.625,232876.0
2026-08-09 08:00:00+00:00,1.625,1.628,1.613,1.616,178377.0
2026-08-09 09:00:00+00:00,1.616,1.621,1.612,1.62,214417.0
2026-08-09 10:00:00+00:00,1.62,1.624,1.611,1.612,146330.0
2026-08-09 11:00:00+00:00,1.612,1.615,1.609,1.612,79422.0
2026-08-09 12:00:00+00:00,1.612,1.618,1.61,1.618,99202.0
2026-08-09 13:00:00+00:00,1.618,1.628,1.615,1.625,323943.0
2026-08-09 14:00:00+00:00,1.625,1.629,1.62,1.623,149303.0
2026-08-09 15:00:00+00:00,1.623,1.635,1.622,1.634,236468.0
2026-08-09 16:00:00+00:00,1.634,1.636,1.622,1.629,208084.0
2026-08-09 17:00:00+00:00,1.629,1.647,1.629,1.637,871946.0
2026-08-09 18:00:00+00:00,1.637,1.646,1.637,1.638,231034.0
2026-08-09 19:00:00+00:00,1.638,1.639,1.631,1.633,171012.0
2026-08-09 20:00:00+00:00,1.633,1.635,1.627,1.63,214602.0
2026-08-09 21:00:00+00:00,1.63,1.646,1.626,1.638,724849.0
2026-08-09 22:00:00+00:00,1.638,1.645,1.612,1.617,850412.0
2026-08-09 23:00:00+00:00,1.617,1.619,1.593,1.598,1172149.0
2026-08-10 00:00:00+00:00,1.598,1.62,1.595,1.615,787318.0
2026-08-10 01:00:00+00:00,1.615,1.624,1.604,1.615,572395.0
2026-08-10 02:00:00+00:00,1.615,1.624,1.602,1.624,642650.0
2026-08-10 03:00:00+00:00,1.624,1.628,1.609,1.612,316094.0
2026-08-10 04:00:00+00:00,1.612,1.628,1.609,1.625,458272.0
2026-08-10 05:00:00+00:00,1.625,1.655,1.624,1.647,364569.0
2026-08-10 06:00:00+00:00,1.647,1.659,1.646,1.655,216907.0
2026-08-10 07:00:00+00:00,1.655,1.661,1.651,1.653,282123.0
2026-08-10 08:00:00+00:00,1.653,1.664,1.649,1.657,294232.0
2026-08-10 09:00:00+00:00,1.657,1.66,1.648,1.649,181003.0
2026-08-10 10:00:00+00:00,1.649,1.656,1.642,1.654,158155.0
2026-08-10 11:00:00+00:00,1.654,1.66,1.651,1.656,132746.0
2026-08-10 12:00:00+00:00,1.656,1.664,1.647,1.647,307836.0
2026-08-10 13:00:00+00:00,1.647,1.661,1.647,1.652,315671.0
2026-08-10 14:00:00+00:00,1.652,1.657,1.643,1.647,247546.0
2026-08-10 15:00:00+00:00,1.647,1.648,1.617,1.618,649132.0
2026-08-10 16:00:00+00:00,1.618,1.625,1.601,1.603,794290.0
2026-08-10 17:00:00+00:00,1.603,1.619,1.594,1.607,613173.0
2026-08-10 18:00:00+00:00,1.607,1.61,1.594,1.6,411682.0
2026-08-10 19:00:00+00:00,1.6,1.617,1.599,1.603,231198.0
2026-08-10 20:00:00+00:00,1.603,1.612,1.602,1.608,175445.0
2026-08-10 21:00:00+00:00,1.608,1.608,1.599,1.599,90016.0
2026-08-10 22:00:00+00:00,1.599,1.606,1.588,1.592,271455.0
2026-08-10 23:00:00+00:00,1.592,1.605,1.591,1.599,100466.0
2026-08-11 00:00:00+00:00,1.599,1.611,1.596,1.611,213397.0
2026-08-11 01:00:00+00:00,1.611,1.613,1.601,1.609,53761.0
2026-08-11 02:00:00+00:00,1.609,1.611,1.603,1.607,37900.0
2026-08-11 03:00:00+00:00,1.607,1.609,1.596,1.6,204941.0
2026-08-11 04:00:00+00:00,1.6,1.604,1.593,1.597,73564.0
2026-08-11 05:00:00+00:00,1.597,1.607,1.593,1.606,385193.0
2026-08-11 06:00:00+00:00,1.606,1.615,1.6,1.602,327234.0
2026-08-11 07:00:00+00:00,1.602,1.604,1.597,1.6,87498.0
2026-08-11 08:00:00+00:00,1.6,1.607,1.597,1.604,194500.0
2026-08-11 09:00:00+00:00,1.604,1.61,1.6,1.604,277835.0
2026-08-11 10:00:00+00:00,1.604,1.606,1.589,1.594,634349.0
2026-08-11 11:00:00+00:00,1.594,1.6,1.592,1.593,170892.0
2026-08-11 12:00:00+00:00,1.593,1.596,1.581,1.581,491953.0
2026-08-11 13:00:00+00:00,1.581,1.597,1.58,1.587,682017.0
2026-08-11 14:00:00+00:00,1.587,1.589,1.536,1.543,2427102.0
2026-08-11 15:00:00+00:00,1.543,1.554,1.537,1.551,1412962.0
2026-08-11 16:00:00+00:00,1.551,1.558,1.546,1.547,192048.0
2026-08-11 17:00:00+00:00,1.547,1.562,1.546,1.558,100098.0
2026-08-11 18:00:00+00:00,1.558,1.568,1.553,1.563,290230.0
2026-08-11 19:00:00+00:00,1.563,1.575,1.557,1.574,152741.0
2026-08-11 20:00:00+00:00,1.574,1.582,1.573,1.581,234313.0
2026-08-11 21:00:00+00:00,1.581,1.594,1.581,1.592,220009.0
2026-08-11 22:00:00+00:00,1.592,1.604,1.59,1.6,187186.0
2026-08-11 23:00:00+00:00,1.6,1.62,1.597,1.619,312084.0
2026-08-12 00:00:00+00:00,1.619,1.631,1.614,1.624,570079.0
2026-08-12 01:00:00+00:00,1.624,1.656,1.624,1.64,575632.0
2026-08-12 02:00:00+00:00,1.64,1.663,1.639,1.657,251190.0
2026-08-12 03:00:00+00:00,1.657,1.667,1.648,1.662,535405.0
2026-08-12 04:00:00+00:00,1.662,1.669,1.645,1.658,610871.0
2026-08-12 05:00:00+00:00,1.658,1.683,1.655,1.677,582612.0
2026-08-12 06:00:00+00:00,1.677,1.678,1.641,1.645,873200.0
2026-08-12 07:00:00+00:00,1.645,1.65,1.635,1.647,806268.0
2026-08-12 08:00:00+00:00,1.647,1.652,1.638,1.641,130919.0
2026-08-12 09:00:00+00:00,1.641,1.665,1.632,1.657,391459.0
2026-08-12 10:00:00+00:00,1.657,1.658,1.649,1.652,258083.0
2026-08-12 11:00:00+00:00,1.652,1.654,1.64,1.647,415984.0
2026-08-12 12:00:00+00:00,1.647,1.661,1.643,1.655,429403.0
2026-08-12 13:00:00+00:00,1.655,1.658,1.641,1.641,240556.0
2026-08-12 14:00:00+00:00,1.641,1.642,1.612,1.618,639124.0
2026-08-12 15:00:00+00:00,1.618,1.64,1.616,1.629,272813.0
2026-08-12 16:00:00+00:00,1.629,1.639,1.627,1.638,141019.0
2026-08-12 17:00:00+00:00,1.638,1.655,1.638,1.648,302432.0
2026-08-12 18:00:00+00:00,1.648,1.655,1.642,1.646,316659.0
2026-08-12 19:00:00+00:00,1.646,1.647,1.631,1.633,363803.0
2026-08-12 20:00:00+00:00,1.633,1.645,1.628,1.632,223293.0
2026-08-12 21:00:00+00:00,1.632,1.634,1.615,1.617,254797.0
2026-08-12 22:00:00+00:00,1.617,1.627,1.614,1.627,105266.0
2026-08-12 23:00:00+00:00,1.627,1.645,1.623,1.642,182604.0
2026-08-13 00:00:00+00:00,1.642,1.653,1.641,1.644,268237.0
2026-08-13 01:00:00+00:00,1.644,1.647,1.639,1.644,79776.0
2026-08-13 02:00:00+00:00,1.644,1.645,1.633,1.643,279755.0
2026-08-13 03:00:00+00:00,1.643,1.659,1.642,1.655,269247.0
2026-08-13 04:00:00+00:00,1.655,1.667,1.655,1.666,184527.0
2026-08-13 05:00:00+00:00,1.666,1.673,1.662,1.666,220288.0
2026-08-13 06:00:00+00:00,1.666,1.675,1.662,1.674,358486.0
2026-08-13 07:00:00+00:00,1.674,1.679,1.665,1.677,438201.0
2026-08-13 08:00:00+00:00,1.677,1.68,1.662,1.667,192891.0
2026-08-13 09:00:00+00:00,1.667,1.669,1.654,1.665,486775.0
2026-08-13 10:00:00+00:00,1.665,1.666,1.654,1.663,360192.0
2026-08-13 11:00:00+00:00,1.663,1.666,1.647,1.648,384255.0
2026-08-13 12:00:00+00:00,1.648,1.659,1.648,1.659,163018.0
2026-08-13 13:00:00+00:00,1.659,1.661,1.65,1.657,214141.0
2026-08-13 14:00:00+00:00,1.657,1.673,1.652,1.655,284520.0
2026-08-13 15:00:00+00:00,1.655,1.658,1.639,1.639,523636.0
2026-08-13 16:00:00+00:00,1.639,1.643,1.626,1.636,454417.0
2026-08-13 17:00:00+00:00,1.636,1.639,1.629,1.633,265642.0
2026-08-13 18:00:00+00:00,1.633,1.641,1.63,1.635,134584.0
2026-08-13 19:00:00+00:00,1.635,1.641,1.624,1.625,123853.0
2026-08-13 20:00:00+00:00,1.625,1.631,1.625,1.629,148934.0
2026-08-13 21:00:00+00:00,1.629,1.63,1.621,1.626,118567.0
2026-08-13 22:00:00+00:00,1.626,1.638,1.624,1.638,301923.0
2026-08-13 23:00:00+00:00,1.638,1.643,1.635,1.639,185597.0
2026-08-14 00:00:00+00:00,1.639,1.642,1.617,1.621,184157.0
2026-08-14 01:00:00+00:00,1.621,1.631,1.617,1.621,115248.0
2026-08-14 02:00:00+00:00,1.621,1.623,1.612,1.612,184646.0
2026-08-14 03:00:00+00:00,1.612,1.616,1.606,1.608,196395.0
2026-08-14 04:00:00+00:00,1.608,1.613,1.603,1.606,185832.0
2026-08-14 05:00:00+00:00,1.606,1.62,1.606,1.62,182487.0
2026-08-14 06:00:00+00:00,1.62,1.621,1.611,1.611,119170.0
2026-08-14 07:00:00+00:00,1.611,1.612,1.598,1.602,249590.0
2026-08-14 08:00:00+00:00,1.602,1.609,1.598,1.607,106573.0
2026-08-14 09:00:00+00:00,1.607,1.611,1.6,1.603,102681.0
2026-08-14 10:00:00+00:00,1.603,1.607,1.601,1.602,114819.0
2026-08-14 11:00:00+00:00,1.602,1.608,1.599,1.599,62257.0
2026-08-14 12:00:00+00:00,1.599,1.602,1.589,1.592,170435.0
2026-08-14 13:00:00+00:00,1.592,1.596,1.585,1.59,274088.0
2026-08-14 14:00:00+00:00,1.59,1.59,1.582,1.583,145032.0
2026-08-14 15:00:00+00:00,1.583,1.594,1.581,1.591,241759.0
2026-08-14 16:00:00+00:00,1.591,1.603,1.59,1.602,160138.0
2026-08-14 17:00:00+00:00,1.602,1.608,1.593,1.594,148242.0
2026-08-14 18:00:00+00:00,1.594,1.602,1.592,1.596,70559.0
2026-08-14 19:00:00+00:00,1.596,1.606,1.588,1.606,236375.0
2026-08-14 20:00:00+00:00,1.606,1.632,1.605,1.625,334754.0
2026-08-14 21:00:00+00:00,1.625,1.629,1.609,1.614,556715.0
2026-08-14 22:00:00+00:00,1.614,1.625,1.611,1.621,158086.0
2026-08-14 23:00:00+00:00,1.621,1.64,1.621,1.638,83779.0
2026-08-15 00:00:00+00:00,1.638,1.65,1.638,1.646,259579.0
2026-08-15 01:00:00+00:00,1.646,1.652,1.637,1.638,206803.0
2026-08-15 02:00:00+00:00,1.638,1.662,1.637,1.662,330750.0
2026-08-15 03:00:00+00:00,1.662,1.669,1.645,1.645,345159.0
2026-08-15 04:00:00+00:00,1.645,1.649,1.638,1.639,309906.0
2026-08-15 05:00:00+00:00,1.639,1.641,1.631,1.64,142853.0
2026-08-15 06:00:00+00:00,1.64,1.644,1.635,1.64,171402.0
2026-08-15 07:00:00+00:00,1.64,1.642,1.631,1.635,139304.0
2026-08-15 08:00:00+00:00,1.635,1.64,1.628,1.63,131589.0
2026-08-15 09:00:00+00:00,1.63,1.636,1.63,1.636,50562.0
2026-08-15 10:00:00+00:00,1.636,1.645,1.634,1.644,159903.0
2026-08-15 11:00:00+00:00,1.644,1.644,1.636,1.636,186916.0
2026-08-15 12:00:00+00:00,1.636,1.638,1.634,1.636,40149.0
2026-08-15 13:00:00+00:00,1.636,1.638,1.632,1.632,138755.0
2026-08-15 14:00:00+00:00,1.632,1.638,1.63,1.638,153096.0
2026-08-15 15:00:00+00:00,1.638,1.64,1.633,1.636,86786.0
2026-08-15 16:00:00+00:00,1.636,1.647,1.635,1.642,156281.0
2026-08-15 17:00:00+00:00,1.642,1.644,1.634,1.636,128448.0
2026-08-15 18:00:00+00:00,1.636,1.637,1.632,1.633,156573.0
2026-08-15 19:00:00+00:00,1.633,1.64,1.633,1.639,26241.0
2026-08-15 20:00:00+00:00,1.639,1.641,1.634,1.635,66637.0
2026-08-15 21:00:00+00:00,1.635,1.64,1.634,1.635,83456.0
2026-08-15 22:00:00+00:00,1.635,1.638,1.634,1.634,37943.0
2026-08-15 23:00:00+00:00,1.634,1.635,1.616,1.619,229864.0
2026-08-16 00:00:00+00:00,1.619,1.619,1.611,1.612,124277.0
2026-08-16 01:00:00+00:00,1.612,1.616,1.604,1.609,191389.0
2026-08-16 02:00:00+00:00,1.609,1.615,1.605,1.611,62458.0
2026-08-16 03:00:00+00:00,1.611,1.614,1.609,1.611,46993.0
2026-08-16 04:00:00+00:00,1.611,1.614,1.61,1.612,39240.0
2026-08-16 05:00:00+00:00,1.612,1.615,1.609,1.61,34786.0
2026-08-16 06:00:00+00:00,1.61,1.614,1.607,1.607,60190.0
2026-08-16 07:00:00+00:00,1.607,1.613,1.605,1.613,62685.0
2026-08-16 08:00:00+00:00,1.613,1.619,1.61,1.617,146774.0
2026-08-16 09:00:00+00:00,1.617,1.62,1.613,1.615,66144.0
2026-08-16 10:00:00+00:00,1.615,1.619,1.613,1.616,77750.0
2026-08-16 11:00:00+00:00,1.616,1.626,1.616,1.626,286448.0
2026-08-16 12:00:00+00:00,1.626,1.628,1.623,1.626,81828.0
2026-08-16 13:00:00+00:00,1.626,1.628,1.622,1.623,31253.0
2026-08-16 14:00:00+00:00,1.623,1.624,1.617,1.618,283974.0
2026-08-16 15:00:00+00:00,1.618,1.626,1.618,1.623,34001.0
2026-08-16 16:00:00+00:00,1.623,1.627,1.623,1.624,51048.0
2026-08-16 17:00:00+00:00,1.624,1.625,1.609,1.61,261252.0
2026-08-16 18:00:00+00:00,1.61,1.61,1.605,1.607,156069.0
2026-08-16 19:00:00+00:00,1.607,1.612,1.606,1.61,99847.0
2026-08-16 20:00:00+00:00,1.61,1.612,1.6,1.604,168752.0
2026-08-16 21:00:00+00:00,1.604,1.605,1.585,1.586,252574.0
2026-08-16 22:00:00+00:00,1.586,1.596,1.583,1.594,219530.0
2026-08-16 23:00:00+00:00,1.594,1.602,1.593,1.601,106140.0
2026-08-17 00:00:00+00:00,1.601,1.607,1.599,1.605,38850.0
2026-08-17 01:00:00+00:00,1.605,1.617,1.604,1.61,181289.0
2026-08-17 02:00:00+00:00,1.61,1.62,1.607,1.615,429018.0
2026-08-17 03:00:00+00:00,1.615,1.623,1.612,1.621,102416.0
2026-08-17 04:00:00+00:00,1.621,1.637,1.62,1.636,144800.0
2026-08-17 05:00:00+00:00,1.636,1.645,1.634,1.634,233807.0
2026-08-17 06:00:00+00:00,1.634,1.655,1.63,1.644,414782.0
2026-08-17 07:00:00+00:00,1.644,1.648,1.636,1.643,255769.0
2026-08-17 08:00:00+00:00,1.643,1.646,1.626,1.631,211905.0
2026-08-17 09:00:00+00:00,1.631,1.636,1.628,1.636,94486.0
2026-08-17 10:00:00+00:00,1.636,1.644,1.63,1.644,191888.0
2026-08-17 11:00:00+00:00,1.644,1.649,1.636,1.64,148442.0
2026-08-17 12:00:00+00:00,1.64,1.648,1.637,1.644,269415.0
2026-08-17 13:00:00+00:00,1.644,1.651,1.641,1.649,161762.0
2026-08-17 14:00:00+00:00,1.649,1.65,1.625,1.641,303327.0
2026-08-17 15:00:00+00:00,1.641,1.643,1.63,1.64,166348.0
2026-08-17 16:00:00+00:00,1.64,1.641,1.63,1.632,83989.0
2026-08-17 17:00:00+00:00,1.632,1.632,1.609,1.611,368896.0
2026-08-17 18:00:00+00:00,1.611,1.618,1.607,1.616,285043.0
2026-08-17 19:00:00+00:00,1.616,1.621,1.611,1.617,405313.0
2026-08-17 20:00:00+00:00,1.617,1.627,1.611,1.624,273587.0
2026-08-17 21:00:00+00:00,1.624,1.64,1.623,1.637,153061.0
2026-08-17 22:00:00+00:00,1.637,1.64,1.629,1.631,362883.0
2026-08-17 23:00:00+00:00,1.631,1.64,1.629,1.637,104392.0
2026-08-18 00:00:00+00:00,1.637,1.646,1.636,1.643,189821.0
2026-08-18 01:00:00+00:00,1.643,1.649,1.63,1.633,173983.0
2026-08-18 02:00:00+00:00,1.633,1.639,1.621,1.625,282768.0
2026-08-18 03:00:00+00:00,1.625,1.635,1.62,1.634,170590.0
2026-08-18 04:00:00+00:00,1.634,1.647,1.632,1.645,236454.0
2026-08-18 05:00:00+00:00,1.645,1.649,1.643,1.648,192628.0
2026-08-18 06:00:00+00:00,1.648,1.666,1.639,1.65,785853.0
2026-08-18 07:00:00+00:00,1.65,1.655,1.628,1.631,781502.0
2026-08-18 08:00:00+00:00,1.631,1.631,1.61,1.615,550676.0
2026-08-18 09:00:00+00:00,1.615,1.622,1.611,1.612,173148.0
2026-08-18 10:00:00+00:00,1.612,1.618,1.611,1.616,109211.0
2026-08-18 11:00:00+00:00,1.616,1.626,1.615,1.624,202412.0
2026-08-18 12:00:00+00:00,1.624,1.629,1.615,1.617,143529.0
2026-08-18 13:00:00+00:00,1.617,1.617,1.607,1.614,286595.0
2026-08-18 14:00:00+00:00,1.614,1.641,1.613,1.629,795122.0
2026-08-18 15:00:00+00:00,1.629,1.646,1.625,1.635,502109.0
2026-08-18 16:00:00+00:00,1.635,1.635,1.611,1.614,315633.0
2026-08-18 17:00:00+00:00,1.614,1.615,1.596,1.61,603746.0
2026-08-18 18:00:00+00:00,1.61,1.617,1.609,1.615,109244.0
2026-08-18 19:00:00+00:00,1.615,1.616,1.608,1.608,123530.0
2026-08-18 20:00:00+00:00,1.608,1.608,1.596,1.597,328163.0
2026-08-18 21:00:00+00:00,1.597,1.601,1.586,1.591,417572.0
2026-08-18 22:00:00+00:00,1.591,1.597,1.587,1.589,272163.0
2026-08-18 23:00:00+00:00,1.589,1.593,1.586,1.59,151678.0
2026-08-19 00:00:00+00:00,1.59,1.59,1.563,1.576,708948.0
2026-08-19 01:00:00+00:00,1.576,1.589,1.572,1.585,146252.0
2026-08-19 02:00:00+00:00,1.585,1.593,1.581,1.587,170549.0
2026-08-19 03:00:00+00:00,1.587,1.599,1.587,1.598,79217.0
2026-08-19 04:00:00+00:00,1.598,1.598,1.586,1.589,103245.0
2026-08-19 05:00:00+00:00,1.589,1.603,1.587,1.601,231390.0
2026-08-19 06:00:00+00:00,1.601,1.622,1.598,1.62,421916.0
2026-08-19 07:00:00+00:00,1.62,1.622,1.61,1.612,190887.0
2026-08-19 08:00:00+00:00,1.612,1.619,1.606,1.609,202925.0
2026-08-19 09:00:00+00:00,1.609,1.611,1.602,1.603,158467.0
2026-08-19 10:00:00+00:00,1.603,1.612,1.598,1.612,244840.0
2026-08-19 11:00:00+00:00,1.612,1.626,1.611,1.618,365601.0
2026-08-19 12:00:00+00:00,1.618,1.627,1.613,1.622,257976.0
2026-08-19 13:00:00+00:00,1.622,1.623,1.614,1.619,357481.0
2026-08-19 14:00:00+00:00,1.619,1.64,1.619,1.638,504873.0
2026-08-19 15:00:00+00:00,1.638,1.695,1.635,1.661,1932281.0
2026-08-19 16:00:00+00:00,1.661,1.695,1.658,1.682,2098552.0
2026-08-19 17:00:00+00:00,1.682,1.705,1.673,1.7,1396453.0
2026-08-19 18:00:00+00:00,1.7,1.71,1.692,1.694,751736.0
2026-08-19 19:00:00+00:00,1.694,1.703,1.69,1.699,403537.0
2026-08-19 20:00:00+00:00,1.699,1.732,1.699,1.723,902029.0
2026-08-19 21:00:00+00:00,1.723,1.771,1.721,1.771,741050.0
2026-08-19 22:00:00+00:00,1.771,1.772,1.721,1.734,523560.0
2026-08-19 23:00:00+00:00,1.734,1.744,1.728,1.733,111655.0
2026-08-20 00:00:00+00:00,1.733,1.753,1.732,1.743,499876.0
2026-08-20 01:00:00+00:00,1.743,1.754,1.731,1.751,126638.0
2026-08-20 02:00:00+00:00,1.751,1.756,1.739,1.741,203131.0
2026-08-20 03:00:00+00:00,1.741,1.741,1.714,1.719,141652.0
2026-08-20 04:00:00+00:00,1.719,1.726,1.717,1.723,60798.0
2026-08-20 05:00:00+00:00,1.723,1.734,1.722,1.729,163765.0
2026-08-20 06:00:00+00:00,1.729,1.741,1.721,1.74,109662.0
2026-08-20 07:00:00+00:00,1.74,1.746,1.73,1.741,115030.0
2026-08-20 08:00:00+00:00,1.741,1.765,1.737,1.759,365743.0
2026-08-20 09:00:00+00:00,1.759,1.768,1.749,1.753,572576.0
2026-08-20 10:00:00+00:00,1.753,1.768,1.752,1.755,366337.0
2026-08-20 11:00:00+00:00,1.755,1.762,1.737,1.748,411928.0
2026-08-20 12:00:00+00:00,1.748,1.749,1.715,1.73,682617.0
2026-08-20 13:00:00+00:00,1.73,1.733,1.714,1.724,352698.0
2026-08-20 14:00:00+00:00,1.724,1.729,1.701,1.711,563478.0
2026-08-20 15:00:00+00:00,1.711,1.741,1.708,1.735,505353.0
2026-08-20 16:00:00+00:00,1.735,1.761,1.723,1.756,640940.0
2026-08-20 17:00:00+00:00,1.756,1.77,1.753,1.762,1012228.0
2026-08-20 18:00:00+00:00,1.762,1.766,1.72,1.721,915285.0
2026-08-20 19:00:00+00:00,1.721,1.727,1.713,1.724,397899.0
2026-08-20 20:00:00+00:00,1.724,1.739,1.721,1.738,263652.0
2026-08-20 21:00:00+00:00,1.738,1.747,1.736,1.746,138573.0
2026-08-20 22:00:00+00:00,1.746,1.779,1.746,1.773,803751.0
2026-08-20 23:00:00+00:00,1.773,1.779,1.763,1.765,556931.0
2026-08-21 00:00:00+00:00,1.765,1.783,1.761,1.77,974695.0
2026-08-21 01:00:00+00:00,1.77,1.785,1.758,1.776,626713.0
2026-08-21 02:00:00+00:00,1.776,1.799,1.769,1.789,549315.0
2026-08-21 03:00:00+00:00,1.789,1.816,1.771,1.803,1051282.0
2026-08-21 04:00:00+00:00,1.803,1.823,1.794,1.82,808225.0
2026-08-21 05:00:00+00:00,1.82,1.85,1.802,1.839,1033641.0
2026-08-21 06:00:00+00:00,1.839,1.849,1.816,1.846,647469.0
2026-08-21 07:00:00+00:00,1.846,1.927,1.841,1.916,1562165.0
2026-08-21 08:00:00+00:00,1.916,1.95,1.907,1.944,1599056.0
2026-08-21 09:00:00+00:00,1.944,1.947,1.863,1.9,1923742.0
2026-08-21 10:00:00+00:00,1.9,1.909,1.88,1.905,606695.0
2026-08-21 11:00:00+00:00,1.905,1.907,1.877,1.887,492611.0
2026-08-21 12:00:00+00:00,1.887,1.899,1.874,1.896,1114159.0
2026-08-21 13:00:00+00:00,1.896,1.9,1.853,1.896,1443818.0
2026-08-21 14:00:00+00:00,1.896,1.911,1.882,1.904,1177938.0
2026-08-21 15:00:00+00:00,1.904,1.931,1.895,1.898,617215.0
2026-08-21 16:00:00+00:00,1.898,1.912,1.88,1.904,506651.0
2026-08-21 17:00:00+00:00,1.904,1.91,1.878,1.896,446049.0
2026-08-21 18:00:00+00:00,1.896,1.908,1.872,1.885,299056.0
2026-08-21 19:00:00+00:00,1.885,1.889,1.862,1.872,452793.0
2026-08-21 20:00:00+00:00,1.872,1.926,1.867,1.92,494292.0
2026-08-21 21:00:00+00:00,1.92,1.972,1.919,1.963,692392.0
2026-08-21 22:00:00+00:00,1.963,1.988,1.957,1.984,600723.0
2026-08-21 23:00:00+00:00,1.984,1.986,1.95,1.966,580163.0
2026-08-22 00:00:00+00:00,1.966,1.992,1.945,1.991,891169.0
2026-08-22 01:00:00+00:00,1.991,2.024,1.97,2.01,760177.0
2026-08-22 02:00:00+00:00,2.01,2.089,2.0,2.079,1012858.0
2026-08-22 03:00:00+00:00,2.079,2.12,2.074,2.096,968316.0
2026-08-22 04:00:00+00:00,2.096,2.147,2.087,2.125,1715159.0
2026-08-22 05:00:00+00:00,2.125,2.135,1.651,1.965,3203384.0
2026-08-22 06:00:00+00:00,1.965,1.992,1.909,1.988,864984.0
2026-08-22 07:00:00+00:00,1.988,2.01,1.973,1.996,971682.0
2026-08-22 08:00:00+00:00,1.996,1.999,1.923,1.957,1944102.0
2026-08-22 09:00:00+00:00,1.957,1.959,1.919,1.927,550573.0
2026-08-22 10:00:00+00:00,1.927,1.928,1.864,1.889,1167387.0
2026-08-22 11:00:00+00:00,1.889,1.904,1.874,1.899,492559.0
2026-08-22 12:00:00+00:00,1.899,1.922,1.875,1.903,612624.0
2026-08-22 13:00:00+00:00,1.903,1.914,1.892,1.912,334022.0
2026-08-22 14:00:00+00:00,1.912,1.913,1.875,1.884,215514.0
2026-08-22 15:00:00+00:00,1.884,1.897,1.864,1.87,503125.0
2026-08-22 16:00:00+00:00,1.87,1.913,1.857,1.897,879524.0
2026-08-22 17:00:00+00:00,1.897,1.925,1.891,1.916,451461.0
2026-08-22 18:00:00+00:00,1.916,1.945,1.914,1.935,347506.0
2026-08-22 19:00:00+00:00,1.935,1.974,1.935,1.949,712433.0
2026-08-22 20:00:00+00:00,1.949,1.967,1.932,1.952,504369.0
2026-08-22 21:00:00+00:00,1.952,1.952,1.882,1.885,846902.0
2026-08-22 22:00:00+00:00,1.885,1.924,1.873,1.906,1022398.0
2026-08-22 23:00:00+00:00,1.906,1.907,1.876,1.877,1858677.0
2026-08-23 00:00:00+00:00,1.877,1.926,1.873,1.922,474663.0
2026-08-23 01:00:00+00:00,1.922,1.922,1.885,1.889,452757.0
2026-08-23 02:00:00+00:00,1.889,1.891,1.862,1.87,940720.0
2026-08-23 03:00:00+00:00,1.87,1.872,1.823,1.838,733294.0
2026-08-23 04:00:00+00:00,1.838,1.846,1.811,1.815,265065.0
2026-08-23 05:00:00+00:00,1.815,1.846,1.803,1.812,421008.0
2026-08-23 06:00:00+00:00,1.812,1.843,1.811,1.835,229034.0
2026-08-23 07:00:00+00:00,1.835,1.862,1.833,1.85,239786.0
2026-08-23 08:00:00+00:00,1.85,1.882,1.847,1.879,342958.0
2026-08-23 09:00:00+00:00,1.879,1.905,1.876,1.903,486096.0
2026-08-23 10:00:00+00:00,1.903,1.959,1.901,1.946,800814.0
2026-08-23 11:00:00+00:00,1.946,1.966,1.941,1.958,904947.0
2026-08-23 12:00:00+00:00,1.958,1.96,1.936,1.943,339726.0
2026-08-23 13:00:00+00:00,1.943,1.998,1.938,1.982,791843.0
2026-08-23 14:00:00+00:00,1.982,1.994,1.907,1.948,1487163.0
2026-08-23 15:00:00+00:00,1.948,1.966,1.933,1.951,268958.0
2026-08-23 16:00:00+00:00,1.951,1.967,1.941,1.964,172880.0
2026-08-23 17:00:00+00:00,1.964,1.987,1.949,1.967,472097.0
2026-08-23 18:00:00+00:00,1.967,1.974,1.954,1.965,243829.0
2026-08-23 19:00:00+00:00,1.965,1.983,1.954,1.963,260434.0
2026-08-23 20:00:00+00:00,1.963,2.005,1.948,1.999,1199046.0
2026-08-23 21:00:00+00:00,1.999,2.04,1.996,2.004,2348546.0
2026-08-23 22:00:00+00:00,2.004,2.035,1.989,2.023,1139743.0
2026-08-23 23:00:00+00:00,2.023,2.029,2.002,2.017,1899580.0
2026-08-24 00:00:00+00:00,2.017,2.074,2.003,2.04,2715052.0
2026-08-24 01:00:00+00:00,2.04,2.064,1.952,1.975,926045.0
2026-08-24 02:00:00+00:00,1.975,2.028,1.963,2.027,418187.0
2026-08-24 03:00:00+00:00,2.027,2.027,1.973,1.977,240536.0
2026-08-24 04:00:00+00:00,1.977,2.048,1.977,2.003,424972.0
2026-08-24 05:00:00+00:00,2.003,2.036,1.98,1.997,271810.0
2026-08-24 06:00:00+00:00,1.997,2.005,1.962,1.976,292746.0
2026-08-24 07:00:00+00:00,1.976,2.017,1.969,2.007,508371.0
2026-08-24 08:00:00+00:00,2.007,2.008,1.936,1.969,437326.0
2026-08-24 09:00:00+00:00,1.969,1.989,1.966,1.98,181300.0
2026-08-24 10:00:00+00:00,1.98,1.997,1.947,1.948,392684.0
2026-08-24 11:00:00+00:00,1.948,1.996,1.933,1.991,400645.0
2026-08-24 12:00:00+00:00,1.991,2.018,1.961,2.015,1526665.0
2026-08-24 13:00:00+00:00,2.015,2.018,1.941,1.959,1579457.0
2026-08-24 14:00:00+00:00,1.959,2.01,1.957,1.979,644837.0
2026-08-24 15:00:00+00:00,1.979,2.041,1.979,1.99,867049.0
2026-08-24 16:00:00+00:00,1.99,2.026,1.975,1.982,550689.0
2026-08-24 17:00:00+00:00,1.982,1.986,1.935,1.959,560442.0
2026-08-24 18:00:00+00:00,1.959,1.977,1.949,1.95,243010.0
2026-08-24 19:00:00+00:00,1.95,1.957,1.925,1.928,562805.0
2026-08-24 20:00:00+00:00,1.928,1.954,1.928,1.948,368682.0
2026-08-24 21:00:00+00:00,1.948,1.958,1.944,1.954,155151.0
2026-08-24 22:00:00+00:00,1.954,1.959,1.939,1.94,253132.0
2026-08-24 23:00:00+00:00,1.94,1.954,1.93,1.954,182593.0
2026-08-25 00:00:00+00:00,1.954,1.977,1.933,1.971,344640.0
2026-08-25 01:00:00+00:00,1.971,1.975,1.943,1.952,227881.0
2026-08-25 02:00:00+00:00,1.952,2.008,1.948,1.984,590004.0
2026-08-25 03:00:00+00:00,1.984,2.005,1.968,1.968,241118.0
2026-08-25 04:00:00+00:00,1.968,1.992,1.966,1.989,199545.0
2026-08-25 05:00:00+00:00,1.989,2.006,1.986,1.99,366471.0
2026-08-25 06:00:00+00:00,1.99,1.991,1.932,1.937,825586.0
2026-08-25 07:00:00+00:00,1.937,1.957,1.904,1.93,578909.0
2026-08-25 08:00:00+00:00,1.93,1.945,1.926,1.931,217532.0
2026-08-25 09:00:00+00:00,1.931,1.942,1.908,1.916,400601.0
2026-08-25 10:00:00+00:00,1.916,1.923,1.903,1.917,479233.0
2026-08-25 11:00:00+00:00,1.917,1.929,1.908,1.918,431387.0
2026-08-25 12:00:00+00:00,1.918,1.934,1.904,1.93,548282.0
2026-08-25 13:00:00+00:00,1.93,1.935,1.882,1.908,1976476.0
2026-08-25 14:00:00+00:00,1.908,1.933,1.903,1.919,326440.0
2026-08-25 15:00:00+00:00,1.919,1.92,1.899,1.915,514482.0
2026-08-25 16:00:00+00:00,1.915,1.916,1.892,1.898,306016.0
2026-08-25 17:00:00+00:00,1.898,1.9,1.877,1.896,437770.0
2026-08-25 18:00:00+00:00,1.896,1.905,1.88,1.883,314021.0
2026-08-25 19:00:00+00:00,1.883,1.886,1.863,1.863,423309.0
2026-08-25 20:00:00+00:00,1.863,1.876,1.846,1.849,606247.0
2026-08-25 21:00:00+00:00,1.849,1.873,1.828,1.871,327423.0
2026-08-25 22:00:00+00:00,1.871,1.888,1.869,1.882,204977.0
2026-08-25 23:00:00+00:00,1.882,1.888,1.856,1.86,130597.0
2026-08-26 00:00:00+00:00,1.86,1.883,1.854,1.874,319377.0
2026-08-26 01:00:00+00:00,1.874,1.896,1.873,1.89,299404.0
2026-08-26 02:00:00+00:00,1.89,1.903,1.881,1.895,123194.0
2026-08-26 03:00:00+00:00,1.895,1.899,1.878,1.878,83768.0
2026-08-26 04:00:00+00:00,1.878,1.883,1.865,1.865,104364.0
2026-08-26 05:00:00+00:00,1.865,1.875,1.857,1.873,117231.0
2026-08-26 06:00:00+00:00,1.873,1.879,1.86,1.866,108070.0
2026-08-26 07:00:00+00:00,1.866,1.874,1.855,1.857,140133.0
2026-08-26 08:00:00+00:00,1.857,1.867,1.848,1.853,330451.0
2026-08-26 09:00:00+00:00,1.853,1.858,1.839,1.848,237700.0
2026-08-26 10:00:00+00:00,1.848,1.873,1.839,1.867,218391.0
2026-08-26 11:00:00+00:00,1.867,1.87,1.842,1.848,324227.0
2026-08-26 12:00:00+00:00,1.848,1.865,1.836,1.847,449670.0
2026-08-26 13:00:00+00:00,1.847,1.853,1.826,1.834,629134.0
2026-08-26 14:00:00+00:00,1.834,1.848,1.816,1.819,817852.0
2026-08-26 15:00:00+00:00,1.819,1.835,1.807,1.825,462403.0
2026-08-26 16:00:00+00:00,1.825,1.834,1.811,1.822,146558.0
2026-08-26 17:00:00+00:00,1.822,1.841,1.821,1.834,102805.0
2026-08-26 18:00:00+00:00,1.834,1.838,1.821,1.831,108966.0
2026-08-26 19:00:00+00:00,1.831,1.843,1.826,1.835,140134.0
2026-08-26 20:00:00+00:00,1.835,1.838,1.816,1.836,170630.0
2026-08-26 21:00:00+00:00,1.836,1.874,1.836,1.867,480429.0
2026-08-26 22:00:00+00:00,1.867,1.886,1.866,1.874,196178.0
2026-08-26 23:00:00+00:00,1.874,1.907,1.873,1.9,410264.0
2026-08-27 00:00:00+00:00,1.9,1.9,1.873,1.877,193193.0
2026-08-27 01:00:00+00:00,1.877,1.89,1.867,1.881,213535.0
2026-08-27 02:00:00+00:00,1.881,1.884,1.862,1.862,108724.0
2026-08-27 03:00:00+00:00,1.862,1.872,1.856,1.859,119230.0
2026-08-27 04:00:00+00:00,1.859,1.871,1.849,1.853,179950.0
2026-08-27 05:00:00+00:00,1.853,1.867,1.844,1.86,165953.0
2026-08-27 06:00:00+00:00,1.86,1.873,1.848,1.872,107707.0
2026-08-27 07:00:00+00:00,1.872,1.884,1.865,1.883,329512.0
2026-08-27 08:00:00+00:00,1.883,1.946,1.878,1.932,1000967.0
2026-08-27 09:00:00+00:00,1.932,1.944,1.916,1.924,464383.0
2026-08-27 10:00:00+00:00,1.924,1.935,1.885,1.899,500637.0
2026-08-27 11:00:00+00:00,1.899,1.912,1.881,1.892,341742.0
2026-08-27 12:00:00+00:00,1.892,1.901,1.887,1.896,288473.0
2026-08-27 13:00:00+00:00,1.896,1.92,1.892,1.92,467048.0
2026-08-27 14:00:00+00:00,1.92,1.931,1.91,1.918,548524.0
2026-08-27 15:00:00+00:00,1.918,1.935,1.912,1.915,264701.0
2026-08-27 16:00:00+00:00,1.915,1.941,1.904,1.922,231078.0
2026-08-27 17:00:00+00:00,1.922,1.943,1.918,1.921,179955.0
2026-08-27 18:00:00+00:00,1.921,1.931,1.898,1.931,396542.0
2026-08-27 19:00:00+00:00,1.931,1.934,1.911,1.913,188773.0
2026-08-27 20:00:00+00:00,1.913,1.934,1.905,1.932,379335.0
2026-08-27 21:00:00+00:00,1.932,1.938,1.915,1.934,442232.0
2026-08-27 22:00:00+00:00,1.934,1.961,1.933,1.948,418343.0
2026-08-27 23:00:00+00:00,1.948,1.95,1.923,1.927,210195.0
2026-08-28 00:00:00+00:00,1.927,1.945,1.911,1.936,228745.0
2026-08-28 01:00:00+00:00,1.936,1.968,1.929,1.931,314063.0
2026-08-28 02:00:00+00:00,1.931,1.933,1.873,1.878,762791.0
2026-08-28 03:00:00+00:00,1.878,1.893,1.868,1.885,189109.0
2026-08-28 04:00:00+00:00,1.885,1.894,1.87,1.88,67660.0
2026-08-28 05:00:00+00:00,1.88,1.883,1.864,1.877,134926.0
2026-08-28 06:00:00+00:00,1.877,1.888,1.877,1.88,72199.0
2026-08-28 07:00:00+00:00,1.88,1.882,1.866,1.87,216551.0
2026-08-28 08:00:00+00:00,1.87,1.874,1.852,1.858,582876.0
2026-08-28 09:00:00+00:00,1.858,1.867,1.853,1.855,192387.0
2026-08-28 10:00:00+00:00,1.855,1.87,1.845,1.865,398467.0
2026-08-28 11:00:00+00:00,1.865,1.875,1.863,1.87,319223.0
2026-08-28 12:00:00+00:00,1.87,1.881,1.859,1.864,176762.0
2026-08-28 13:00:00+00:00,1.864,1.866,1.852,1.858,191620.0
2026-08-28 14:00:00+00:00,1.858,1.88,1.833,1.87,983694.0
2026-08-28 15:00:00+00:00,1.87,1.878,1.835,1.836,331821.0
2026-08-28 16:00:00+00:00,1.836,1.839,1.797,1.83,923153.0
2026-08-28 17:00:00+00:00,1.83,1.831,1.811,1.817,239553.0
2026-08-28 18:00:00+00:00,1.817,1.819,1.798,1.81,116125.0
2026-08-28 19:00:00+00:00,1.81,1.823,1.809,1.815,133964.0
2026-08-28 20:00:00+00:00,1.815,1.826,1.811,1.817,87296.0
2026-08-28 21:00:00+00:00,1.817,1.817,1.798,1.802,105427.0
2026-08-28 22:00:00+00:00,1.802,1.821,1.799,1.816,132896.0
2026-08-28 23:00:00+00:00,1.816,1.824,1.815,1.823,38123.0
2026-08-29 00:00:00+00:00,1.823,1.83,1.811,1.813,246497.0
2026-08-29 01:00:00+00:00,1.813,1.816,1.807,1.814,162336.0
2026-08-29 02:00:00+00:00,1.814,1.815,1.798,1.807,64719.0
2026-08-29 03:00:00+00:00,1.807,1.812,1.801,1.802,104087.0
2026-08-29 04:00:00+00:00,1.802,1.815,1.801,1.813,253590.0
2026-08-29 05:00:00+00:00,1.813,1.817,1.81,1.815,29245.0
2026-08-29 06:00:00+00:00,1.815,1.816,1.787,1.798,269089.0
2026-08-29 07:00:00+00:00,1.798,1.8,1.788,1.791,92365.0
2026-08-29 08:00:00+00:00,1.791,1.791,1.78,1.782,217096.0
2026-08-29 09:00:00+00:00,1.782,1.795,1.78,1.793,81504.0
2026-08-29 10:00:00+00:00,1.793,1.802,1.788,1.79,156851.0
2026-08-29 11:00:00+00:00,1.79,1.799,1.79,1.796,154897.0
2026-08-29 12:00:00+00:00,1.796,1.806,1.793,1.797,112202.0
2026-08-29 13:00:00+00:00,1.797,1.813,1.796,1.809,148626.0
2026-08-29 14:00:00+00:00,1.809,1.845,1.808,1.839,341639.0
2026-08-29 15:00:00+00:00,1.839,1.851,1.83,1.839,391435.0
2026-08-29 16:00:00+00:00,1.839,1.85,1.832,1.842,309415.0
2026-08-29 17:00:00+00:00,1.842,1.848,1.834,1.847,391662.0
2026-08-29 18:00:00+00:00,1.847,1.863,1.839,1.85,269215.0
2026-08-29 19:00:00+00:00,1.85,1.866,1.848,1.856,215917.0
2026-08-29 20:00:00+00:00,1.856,1.884,1.856,1.86,947116.0
2026-08-29 21:00:00+00:00,1.86,1.874,1.857,1.869,244071.0
2026-08-29 22:00:00+00:00,1.869,1.871,1.859,1.866,449350.0
2026-08-29 23:00:00+00:00,1.866,1.869,1.86,1.867,62087.0
2026-08-30 00:00:00+00:00,1.867,1.874,1.853,1.854,57922.0
2026-08-30 01:00:00+00:00,1.854,1.857,1.845,1.85,91037.0
2026-08-30 02:00:00+00:00,1.85,1.864,1.845,1.857,77023.0
2026-08-30 03:00:00+00:00,1.857,1.885,1.856,1.871,205313.0
2026-08-30 04:00:00+00:00,1.871,1.887,1.862,1.875,95120.0
2026-08-30 05:00:00+00:00,1.875,1.893,1.874,1.882,198968.0
2026-08-30 06:00:00+00:00,1.882,1.897,1.875,1.896,154202.0
2026-08-30 07:00:00+00:00,1.896,1.897,1.878,1.883,152854.0
2026-08-30 08:00:00+00:00,1.883,1.896,1.878,1.886,176461.0
2026-08-30 09:00:00+00:00,1.886,1.89,1.866,1.874,155462.0
2026-08-30 10:00:00+00:00,1.874,1.882,1.866,1.88,179686.0
2026-08-30 11:00:00+00:00,1.88,1.885,1.871,1.879,104813.0
2026-08-30 12:00:00+00:00,1.879,1.896,1.873,1.879,322533.0
2026-08-30 13:00:00+00:00,1.879,1.885,1.868,1.876,221054.0
2026-08-30 14:00:00+00:00,1.876,1.883,1.87,1.875,173050.0
2026-08-30 15:00:00+00:00,1.875,1.884,1.867,1.87,353406.0
2026-08-30 16:00:00+00:00,1.87,1.893,1.868,1.892,389934.0
2026-08-30 17:00:00+00:00,1.892,1.9,1.876,1.898,387429.0
2026-08-30 18:00:00+00:00,1.898,1.929,1.886,1.919,683175.0
2026-08-30 19:00:00+00:00,1.919,1.92,1.89,1.893,491203.0
2026-08-30 20:00:00+00:00,1.893,1.902,1.867,1.882,1050411.0
2026-08-30 21:00:00+00:00,1.882,1.912,1.857,1.911,651516.0
2026-08-30 22:00:00+00:00,1.911,1.917,1.861,1.872,617858.0
2026-08-30 23:00:00+00:00,1.872,1.872,1.79,1.819,1973868.0
2026-08-31 00:00:00+00:00,1.819,1.874,1.812,1.867,969801.0
2026-08-31 01:00:00+00:00,1.867,1.873,1.835,1.837,261431.0
2026-08-31 02:00:00+00:00,1.837,1.858,1.816,1.818,176040.0
2026-08-31 03:00:00+00:00,1.818,1.827,1.806,1.823,342524.0
2026-08-31 04:00:00+00:00,1.823,1.826,1.811,1.825,87393.0
2026-08-31 05:00:00+00:00,1.825,1.848,1.822,1.842,332343.0
2026-08-31 06:00:00+00:00,1.842,1.851,1.837,1.841,466537.0
2026-08-31 07:00:00+00:00,1.841,1.849,1.839,1.842,91983.0
2026-08-31 08:00:00+00:00,1.842,1.85,1.831,1.845,251752.0
2026-08-31 09:00:00+00:00,1.845,1.853,1.839,1.842,180083.0
2026-08-31 10:00:00+00:00,1.842,1.875,1.839,1.869,272010.0
2026-08-31 11:00:00+00:00,1.869,1.877,1.85,1.854,245473.0
2026-08-31 12:00:00+00:00,1.854,1.877,1.836,1.841,402509.0
2026-08-31 13:00:00+00:00,1.841,1.865,1.832,1.836,510271.0
2026-08-31 14:00:00+00:00,1.836,1.889,1.833,1.885,347918.0
2026-08-31 15:00:00+00:00,1.885,1.892,1.856,1.858,556131.0
2026-08-31 16:00:00+00:00,1.858,1.864,1.848,1.852,680734.0
2026-08-31 17:00:00+00:00,1.852,1.872,1.852,1.865,208126.0
2026-08-31 18:00:00+00:00,1.865,1.886,1.86,1.872,333607.0
2026-08-31 19:00:00+00:00,1.872,1.879,1.862,1.871,196915.0
2026-08-31 20:00:00+00:00,1.871,1.887,1.868,1.878,446948.0
2026-08-31 21:00:00+00:00,1.878,1.9,1.869,1.899,232688.0
2026-08-31 22:00:00+00:00,1.899,1.912,1.879,1.911,302821.0
2026-08-31 23:00:00+00:00,1.911,1.932,1.893,1.92,414075.0
2026-09-01 00:00:00+00:00,1.92,1.953,1.919,1.95,551743.0
2026-09-01 01:00:00+00:00,1.95,1.954,1.927,1.939,250049.0
2026-09-01 02:00:00+00:00,1.939,1.963,1.916,1.959,373898.0
2026-09-01 03:00:00+00:00,1.959,1.986,1.945,1.975,517256.0
2026-09-01 04:00:00+00:00,1.975,1.993,1.958,1.959,588203.0
2026-09-01 05:00:00+00:00,1.959,1.99,1.958,1.982,787360.0
2026-09-01 06:00:00+00:00,1.982,1.982,1.951,1.955,487633.0
2026-09-01 07:00:00+00:00,1.955,1.964,1.935,1.939,244189.0
2026-09-01 08:00:00+00:00,1.939,1.939,1.921,1.929,383265.0
2026-09-01 09:00:00+00:00,1.929,1.933,1.91,1.918,307735.0
2026-09-01 10:00:00+00:00,1.918,1.943,1.913,1.937,288041.0
2026-09-01 11:00:00+00:00,1.937,1.988,1.928,1.977,464488.0
2026-09-01 12:00:00+00:00,1.977,1.999,1.959,1.967,774958.0
2026-09-01 13:00:00+00:00,1.967,2.014,1.952,2.014,791730.0
2026-09-01 14:00:00+00:00,2.014,2.045,2.006,2.023,924459.0
2026-09-01 15:00:00+00:00,2.023,2.032,2.003,2.016,926748.0
2026-09-01 16:00:00+00:00,2.016,2.019,1.944,1.964,1270800.0
2026-09-01 17:00:00+00:00,1.964,1.966,1.938,1.948,868911.0
2026-09-01 18:00:00+00:00,1.948,1.953,1.886,1.919,1492792.0
2026-09-01 19:00:00+00:00,1.919,1.928,1.897,1.9,441681.0
2026-09-01 20:00:00+00:00,1.9,1.906,1.887,1.904,392634.0
2026-09-01 21:00:00+00:00,1.904,1.914,1.881,1.891,283909.0
2026-09-01 22:00:00+00:00,1.891,1.894,1.878,1.888,250863.0
2026-09-01 23:00:00+00:00,1.888,1.898,1.875,1.887,324311.0
2026-09-02 00:00:00+00:00,1.887,1.896,1.859,1.861,698316.0
2026-09-02 01:00:00+00:00,1.861,1.862,1.83,1.841,683587.0
2026-09-02 02:00:00+00:00,1.841,1.867,1.831,1.866,383204.0
2026-09-02 03:00:00+00:00,1.866,1.886,1.864,1.871,165518.0
2026-09-02 04:00:00+00:00,1.871,1.879,1.859,1.874,201034.0
2026-09-02 05:00:00+00:00,1.874,1.887,1.866,1.879,146615.0
2026-09-02 06:00:00+00:00,1.879,1.882,1.85,1.868,373260.0
2026-09-02 07:00:00+00:00,1.868,1.874,1.856,1.857,187070.0
2026-09-02 08:00:00+00:00,1.857,1.865,1.838,1.847,267498.0
2026-09-02 09:00:00+00:00,1.847,1.856,1.833,1.837,295001.0
2026-09-02 10:00:00+00:00,1.837,1.849,1.826,1.846,447458.0
2026-09-02 11:00:00+00:00,1.846,1.861,1.839,1.858,455597.0
2026-09-02 12:00:00+00:00,1.858,1.864,1.836,1.836,662524.0
2026-09-02 13:00:00+00:00,1.836,1.873,1.836,1.859,339438.0
2026-09-02 14:00:00+00:00,1.859,1.869,1.842,1.843,550741.0
2026-09-02 15:00:00+00:00,1.843,1.857,1.829,1.851,355246.0
2026-09-02 16:00:00+00:00,1.851,1.863,1.844,1.845,206643.0
2026-09-02 17:00:00+00:00,1.845,1.857,1.835,1.853,275488.0
2026-09-02 18:00:00+00:00,1.853,1.863,1.846,1.859,348295.0
2026-09-02 19:00:00+00:00,1.859,1.864,1.843,1.86,399456.0
2026-09-02 20:00:00+00:00,1.86,1.877,1.855,1.873,757465.0
2026-09-02 21:00:00+00:00,1.873,1.879,1.866,1.872,459614.0
2026-09-02 22:00:00+00:00,1.872,1.876,1.854,1.876,329660.0
2026-09-02 23:00:00+00:00,1.876,1.888,1.87,1.886,400811.0
2026-09-03 00:00:00+00:00,1.886,1.888,1.86,1.861,356538.0
2026-09-03 01:00:00+00:00,1.861,1.884,1.85,1.862,308732.0
2026-09-03 02:00:00+00:00,1.862,1.907,1.861,1.902,596396.0
2026-09-03 03:00:00+00:00,1.902,1.914,1.894,1.899,286533.0
2026-09-03 04:00:00+00:00,1.899,1.904,1.876,1.903,407104.0
2026-09-03 05:00:00+00:00,1.903,1.904,1.87,1.897,395883.0
2026-09-03 06:00:00+00:00,1.897,1.905,1.892,1.897,192458.0
2026-09-03 07:00:00+00:00,1.897,1.908,1.883,1.889,334260.0
2026-09-03 08:00:00+00:00,1.889,1.906,1.872,1.878,349911.0
2026-09-03 09:00:00+00:00,1.878,1.898,1.866,1.867,311679.0
2026-09-03 10:00:00+00:00,1.867,1.885,1.865,1.885,398820.0
2026-09-03 11:00:00+00:00,1.885,1.902,1.883,1.899,657498.0
2026-09-03 12:00:00+00:00,1.899,1.92,1.897,1.916,329600.0
2026-09-03 13:00:00+00:00,1.916,1.922,1.901,1.908,728987.0
2026-09-03 14:00:00+00:00,1.908,1.953,1.901,1.946,822184.0
2026-09-03 15:00:00+00:00,1.946,1.99,1.938,1.987,884325.0
2026-09-03 16:00:00+00:00,1.987,1.989,1.961,1.983,689360.0
2026-09-03 17:00:00+00:00,1.983,2.006,1.98,1.996,393606.0
2026-09-03 18:00:00+00:00,1.996,2.019,1.991,2.0,582194.0
2026-09-03 19:00:00+00:00,2.0,2.006,1.972,1.981,286242.0
2026-09-03 20:00:00+00:00,1.981,1.985,1.969,1.977,330844.0
2026-09-03 21:00:00+00:00,1.977,1.993,1.971,1.976,613938.0
2026-09-03 22:00:00+00:00,1.976,1.978,1.942,1.957,457432.0
2026-09-03 23:00:00+00:00,1.957,1.962,1.951,1.954,402446.0
2026-09-04 00:00:00+00:00,1.954,1.959,1.942,1.943,363899.0
2026-09-04 01:00:00+00:00,1.943,1.95,1.93,1.941,192978.0
2026-09-04 02:00:00+00:00,1.941,1.955,1.934,1.954,105684.0
2026-09-04 03:00:00+00:00,1.954,1.96,1.94,1.951,82334.0
2026-09-04 04:00:00+00:00,1.951,1.963,1.944,1.946,218017.0
2026-09-04 05:00:00+00:00,1.946,1.947,1.915,1.925,481123.0
2026-09-04 06:00:00+00:00,1.925,1.958,1.917,1.956,227345.0
2026-09-04 07:00:00+00:00,1.956,1.989,1.953,1.959,386944.0
2026-09-04 08:00:00+00:00,1.959,1.98,1.954,1.98,987290.0
2026-09-04 09:00:00+00:00,1.98,2.03,1.975,2.021,752097.0
2026-09-04 10:00:00+00:00,2.021,2.036,1.992,2.001,385926.0
2026-09-04 11:00:00+00:00,2.001,2.03,2.0,2.021,375954.0
2026-09-04 12:00:00+00:00,2.021,2.027,1.925,1.943,1755304.0
2026-09-04 13:00:00+00:00,1.943,1.988,1.937,1.975,573334.0
2026-09-04 14:00:00+00:00,1.975,1.979,1.906,1.921,949163.0
2026-09-04 15:00:00+00:00,1.921,1.944,1.914,1.942,242714.0
2026-09-04 16:00:00+00:00,1.942,1.988,1.939,1.974,366180.0
2026-09-04 17:00:00+00:00,1.974,2.01,1.966,1.976,373263.0
2026-09-04 18:00:00+00:00,1.976,2.037,1.976,2.022,576192.0
2026-09-04 19:00:00+00:00,2.022,2.187,2.013,2.164,3447263.0
2026-09-04 20:00:00+00:00,2.164,2.171,2.099,2.106,2144480.0
2026-09-04 21:00:00+00:00,2.106,2.136,2.084,2.091,1240647.0
2026-09-04 22:00:00+00:00,2.091,2.143,2.091,2.128,1122613.0
2026-09-04 23:00:00+00:00,2.128,2.197,2.125,2.172,1480906.0
2026-09-05 00:00:00+00:00,2.172,2.249,2.169,2.222,1762217.0
2026-09-05 01:00:00+00:00,2.222,2.272,2.211,2.212,838116.0
2026-09-05 02:00:00+00:00,2.212,2.224,2.174,2.214,557525.0
2026-09-05 03:00:00+00:00,2.214,2.25,2.214,2.226,1627346.0
2026-09-05 04:00:00+00:00,2.226,2.237,2.212,2.225,534100.0
2026-09-05 05:00:00+00:00,2.225,2.24,2.183,2.235,944179.0
2026-09-05 06:00:00+00:00,2.235,2.287,2.207,2.271,1032030.0
2026-09-05 07:00:00+00:00,2.271,2.283,2.222,2.225,1022570.0
2026-09-05 08:00:00+00:00,2.225,2.233,2.207,2.223,510953.0
2026-09-05 09:00:00+00:00,2.223,2.235,2.208,2.232,324885.0
2026-09-05 10:00:00+00:00,2.232,2.265,2.223,2.261,896625.0
2026-09-05 11:00:00+00:00,2.261,2.286,2.236,2.28,1224241.0
2026-09-05 12:00:00+00:00,2.28,2.289,2.22,2.231,964862.0
2026-09-05 13:00:00+00:00,2.231,2.235,2.191,2.199,870162.0
2026-09-05 14:00:00+00:00,2.199,2.205,2.188,2.195,832188.0
2026-09-05 15:00:00+00:00,2.195,2.199,2.158,2.175,891432.0
2026-09-05 16:00:00+00:00,2.175,2.211,2.172,2.205,1107865.0
2026-09-05 17:00:00+00:00,2.205,2.257,2.201,2.251,887718.0
2026-09-05 18:00:00+00:00,2.251,2.271,2.216,2.224,1401108.0
2026-09-05 19:00:00+00:00,2.224,2.238,2.187,2.188,894414.0
2026-09-05 20:00:00+00:00,2.188,2.196,2.166,2.168,683832.0
2026-09-05 21:00:00+00:00,2.168,2.184,2.162,2.178,977248.0
2026-09-05 22:00:00+00:00,2.178,2.192,2.175,2.183,285081.0
2026-09-05 23:00:00+00:00,2.183,2.199,2.177,2.191,609214.0
2026-09-06 00:00:00+00:00,2.191,2.201,2.169,2.174,1202003.0
2026-09-06 01:00:00+00:00,2.174,2.216,2.174,2.206,566521.0
2026-09-06 02:00:00+00:00,2.206,2.235,2.198,2.225,565557.0
2026-09-06 03:00:00+00:00,2.225,2.227,2.201,2.216,317858.0
2026-09-06 04:00:00+00:00,2.216,2.224,2.175,2.216,1148396.0
2026-09-06 05:00:00+00:00,2.216,2.235,2.191,2.211,997449.0
2026-09-06 06:00:00+00:00,2.211,2.269,2.203,2.259,1383661.0
2026-09-06 07:00:00+00:00,2.259,2.309,2.228,2.302,2123371.0
2026-09-06 08:00:00+00:00,2.302,2.364,2.264,2.321,3517170.0
2026-09-06 09:00:00+00:00,2.321,2.399,2.321,2.382,2970738.0
2026-09-06 10:00:00+00:00,2.382,2.41,2.355,2.397,1849924.0
2026-09-06 11:00:00+00:00,2.397,2.412,2.376,2.392,1006671.0
2026-09-06 12:00:00+00:00,2.392,2.398,2.333,2.348,735207.0
2026-09-06 13:00:00+00:00,2.348,2.471,2.34,2.468,2663017.0
2026-09-06 14:00:00+00:00,2.468,2.486,2.372,2.401,2692511.0
2026-09-06 15:00:00+00:00,2.401,2.404,2.34,2.387,1777278.0
2026-09-06 16:00:00+00:00,2.387,2.448,2.383,2.427,751627.0
2026-09-06 17:00:00+00:00,2.427,2.427,2.365,2.376,901570.0
2026-09-06 18:00:00+00:00,2.376,2.429,2.369,2.428,552638.0
2026-09-06 19:00:00+00:00,2.428,2.44,2.399,2.421,503042.0
2026-09-06 20:00:00+00:00,2.421,2.439,2.398,2.411,594320.0
2026-09-06 21:00:00+00:00,2.411,2.494,2.41,2.491,1497845.0
2026-09-06 22:00:00+00:00,2.491,2.496,2.419,2.443,1471487.0
2026-09-06 23:00:00+00:00,2.443,2.481,2.431,2.439,1184941.0
2026-09-07 00:00:00+00:00,2.439,2.443,2.403,2.41,1787085.0
2026-09-07 01:00:00+00:00,2.41,2.413,2.347,2.358,1260128.0
2026-09-07 02:00:00+00:00,2.358,2.419,2.358,2.4,1262934.0
2026-09-07 03:00:00+00:00,2.4,2.432,2.393,2.401,563724.0
2026-09-07 04:00:00+00:00,2.401,2.434,2.384,2.432,223691.0
2026-09-07 05:00:00+00:00,2.432,2.446,2.39,2.391,433095.0
2026-09-07 06:00:00+00:00,2.391,2.432,2.387,2.425,562015.0
2026-09-07 07:00:00+00:00,2.425,2.429,2.292,2.301,1804191.0
2026-09-07 08:00:00+00:00,2.301,2.352,2.3,2.342,1022222.0
2026-09-07 09:00:00+00:00,2.342,2.358,2.33,2.334,633972.0
2026-09-07 10:00:00+00:00,2.334,2.362,2.334,2.35,327569.0
2026-09-07 11:00:00+00:00,2.35,2.362,2.342,2.346,574776.0
2026-09-07 12:00:00+00:00,2.346,2.382,2.331,2.376,503308.0
2026-09-07 13:00:00+00:00,2.376,2.404,2.361,2.388,736670.0
2026-09-07 14:00:00+00:00,2.388,2.388,2.339,2.358,962253.0
2026-09-07 15:00:00+00:00,2.358,2.366,2.285,2.292,1014014.0
2026-09-07 16:00:00+00:00,2.292,2.321,2.292,2.311,1409123.0
2026-09-07 17:00:00+00:00,2.311,2.337,2.305,2.318,612624.0
2026-09-07 18:00:00+00:00,2.318,2.324,2.294,2.304,888394.0
