ts,open,high,low,close,volume
2026-02-19 20:00:00+00:00,81.91,82.32,81.63,82.06,8967789.0
2026-02-19 21:00:00+00:00,82.06,82.14,81.77,82.01,4344156.0
2026-02-19 22:00:00+00:00,82.01,82.5,81.86,82.28,6554814.0
2026-02-19 23:00:00+00:00,82.28,82.52,82.07,82.46,4571405.0
2026-02-20 00:00:00+00:00,82.46,83.64,82.23,82.84,11010117.0
2026-02-20 01:00:00+00:00,82.84,83.1,82.64,82.95,3944723.0
2026-02-20 02:00:00+00:00,82.95,83.3,82.75,82.86,4115577.0
2026-02-20 03:00:00+00:00,82.86,83.31,82.79,82.97,3456315.0
2026-02-20 04:00:00+00:00,82.97,83.05,82.33,82.62,3628772.0
2026-02-20 05:00:00+00:00,82.62,83.7,82.45,83.22,4738147.0
2026-02-20 06:00:00+00:00,83.22,83.68,83.1,83.67,4822438.0
2026-02-20 07:00:00+00:00,83.67,83.88,83.34,83.39,4359343.0
2026-02-20 08:00:00+00:00,83.39,83.75,83.24,83.6,4493554.0
2026-02-20 09:00:00+00:00,83.6,84.46,83.57,84.15,7892037.0
2026-02-20 10:00:00+00:00,84.15,84.83,83.99,84.06,10851398.0
2026-02-20 11:00:00+00:00,84.06,84.2,83.3,83.5,10097028.0
2026-02-20 12:00:00+00:00,83.5,83.99,83.31,83.67,6343803.0
2026-02-20 13:00:00+00:00,83.67,83.67,81.71,82.16,16075836.0
2026-02-20 14:00:00+00:00,82.16,83.34,82.07,83.01,16320470.0
2026-02-20 15:00:00+00:00,83.01,84.76,82.62,84.33,21535721.0
2026-02-20 16:00:00+00:00,84.33,84.92,83.68,84.44,14081615.0
2026-02-20 17:00:00+00:00,84.44,84.56,82.73,84.45,14959751.0
2026-02-20 18:00:00+00:00,84.45,85.45,83.92,85.19,15968349.0
2026-02-20 19:00:00+00:00,85.19,85.35,84.33,84.71,7677557.0
2026-02-20 20:00:00+00:00,84.71,85.19,84.36,84.58,7940082.0
2026-02-20 21:00:00+00:00,84.58,84.72,84.26,84.52,5691944.0
2026-02-20 22:00:00+00:00,84.52,84.74,84.06,84.56,4850867.0
2026-02-20 23:00:00+00:00,84.56,84.68,84.25,84.63,3647019.0
2026-02-21 00:00:00+00:00,84.63,84.71,84.29,84.39,2585925.0
2026-02-21 01:00:00+00:00,84.39,84.8,84.39,84.63,2762383.0
2026-02-21 02:00:00+00:00,84.63,84.98,84.48,84.76,3330313.0
2026-02-21 03:00:00+00:00,84.76,84.79,84.16,84.29,4494805.0
2026-02-21 04:00:00+00:00,84.29,84.46,84.08,84.35,2653240.0
2026-02-21 05:00:00+00:00,84.35,84.54,84.33,84.43,1899759.0
2026-02-21 06:00:00+00:00,84.43,84.74,83.97,84.08,3397220.0
2026-02-21 07:00:00+00:00,84.08,84.29,83.91,84.17,2424286.0
2026-02-21 08:00:00+00:00,84.17,84.71,84.14,84.66,3419928.0
2026-02-21 09:00:00+00:00,84.66,85.16,84.6,84.86,5738228.0
2026-02-21 10:00:00+00:00,84.86,85.24,84.84,85.11,3553459.0
2026-02-21 11:00:00+00:00,85.11,85.66,85.09,85.34,6570550.0
2026-02-21 12:00:00+00:00,85.34,85.5,84.96,85.26,5546524.0
2026-02-21 13:00:00+00:00,85.26,85.92,85.12,85.81,4807256.0
2026-02-21 14:00:00+00:00,85.81,86.61,85.58,86.26,12213952.0
2026-02-21 15:00:00+00:00,86.26,86.7,86.12,86.52,8846782.0
2026-02-21 16:00:00+00:00,86.52,86.62,85.81,86.09,10875104.0
2026-02-21 17:00:00+00:00,86.09,86.42,85.77,86.19,7901732.0
2026-02-21 18:00:00+00:00,86.19,86.67,86.13,86.52,5362266.0
2026-02-21 19:00:00+00:00,86.52,86.65,86.13,86.16,6361049.0
2026-02-21 20:00:00+00:00,86.16,86.18,85.22,85.41,9858390.0
2026-02-21 21:00:00+00:00,85.41,85.82,85.36,85.8,4473344.0
2026-02-21 22:00:00+00:00,85.8,85.85,85.32,85.41,4746826.0
2026-02-21 23:00:00+00:00,85.41,85.52,85.08,85.14,4831402.0
2026-02-22 00:00:00+00:00,85.14,85.18,84.69,85.02,7326093.0
2026-02-22 01:00:00+00:00,85.02,85.37,85.0,85.28,5278676.0
2026-02-22 02:00:00+00:00,85.28,85.56,84.8,84.91,4202259.0
2026-02-22 03:00:00+00:00,84.91,85.11,84.68,85.02,5052524.0
2026-02-22 04:00:00+00:00,85.02,85.3,84.91,85.1,2630131.0
2026-02-22 05:00:00+00:00,85.1,85.16,84.73,84.93,2067692.0
2026-02-22 06:00:00+00:00,84.93,85.28,84.86,85.24,3225727.0
2026-02-22 07:00:00+00:00,85.24,85.49,85.08,85.2,4111299.0
2026-02-22 08:00:00+00:00,85.2,85.21,84.81,84.94,4397069.0
2026-02-22 09:00:00+00:00,84.94,85.13,84.88,84.97,2848472.0
2026-02-22 10:00:00+00:00,84.97,85.26,84.93,85.17,4924733.0
2026-02-22 11:00:00+00:00,85.17,85.41,85.1,85.2,4166234.0
2026-02-22 12:00:00+00:00,85.2,85.27,84.26,84.41,11253051.0
2026-02-22 13:00:00+00:00,84.41,84.58,83.66,83.95,11564011.0
2026-02-22 14:00:00+00:00,83.95,84.02,83.34,83.6,10431249.0
2026-02-22 15:00:00+00:00,83.6,83.69,82.95,83.44,8125189.0
2026-02-22 16:00:00+00:00,83.44,83.57,83.13,83.53,5702589.0
2026-02-22 17:00:00+00:00,83.53,83.56,82.76,83.01,8546132.0
2026-02-22 18:00:00+00:00,83.01,83.24,82.91,83.16,5860612.0
2026-02-22 19:00:00+00:00,83.16,83.36,82.98,83.25,5870497.0
2026-02-22 20:00:00+00:00,83.25,83.33,82.9,82.98,6257806.0
2026-02-22 21:00:00+00:00,82.98,83.57,82.98,83.45,7045664.0
2026-02-22 22:00:00+00:00,83.45,83.66,83.03,83.51,7572738.0
2026-02-22 23:00:00+00:00,83.51,83.61,82.43,82.74,11959655.0
2026-02-23 00:00:00+00:00,82.74,82.81,81.24,81.34,16156737.0
2026-02-23 01:00:00+00:00,81.34,81.34,77.43,77.9,25741425.0
2026-02-23 02:00:00+00:00,77.9,78.37,77.46,77.79,11443417.0
2026-02-23 03:00:00+00:00,77.79,78.21,77.2,77.56,8927562.0
2026-02-23 04:00:00+00:00,77.56,77.66,77.07,77.3,5717185.0
2026-02-23 05:00:00+00:00,77.3,77.98,77.25,77.75,7075382.0
2026-02-23 06:00:00+00:00,77.75,79.1,77.56,79.0,9067524.0
2026-02-23 07:00:00+00:00,79.0,79.63,78.83,79.33,7642339.0
2026-02-23 08:00:00+00:00,79.33,79.33,78.44,78.68,7599643.0
2026-02-23 09:00:00+00:00,78.68,80.47,78.68,80.4,14958727.0
2026-02-23 10:00:00+00:00,80.4,80.63,80.03,80.2,10573035.0
2026-02-23 11:00:00+00:00,80.2,80.49,79.9,79.99,5668181.0
2026-02-23 12:00:00+00:00,79.99,80.93,79.81,80.65,9583323.0
2026-02-23 13:00:00+00:00,80.65,81.07,80.37,80.48,7956695.0
2026-02-23 14:00:00+00:00,80.48,80.74,79.37,80.08,16064911.0
2026-02-23 15:00:00+00:00,80.08,80.29,79.18,79.36,11358545.0
2026-02-23 16:00:00+00:00,79.36,79.76,78.61,78.92,17044264.0
2026-02-23 17:00:00+00:00,78.92,79.1,77.22,78.29,18840255.0
2026-02-23 18:00:00+00:00,78.29,79.25,78.0,78.58,14449634.0
2026-02-23 19:00:00+00:00,78.58,78.86,77.92,78.24,13661833.0
2026-02-23 20:00:00+00:00,78.24,78.49,77.8,78.25,10523023.0
2026-02-23 21:00:00+00:00,78.25,78.66,78.13,78.33,6717588.0
2026-02-23 22:00:00+00:00,78.33,78.87,78.2,78.22,6261548.0
2026-02-23 23:00:00+00:00,78.22,78.5,77.57,77.86,6604591.0
2026-02-24 00:00:00+00:00,77.86,78.47,77.85,78.4,4849061.0
2026-02-24 01:00:00+00:00,78.4,78.42,75.7,77.62,14671575.0
2026-02-24 02:00:00+00:00,77.62,78.37,77.45,77.6,6179938.0
2026-02-24 03:00:00+00:00,77.6,77.6,76.43,76.84,8984257.0
2026-02-24 04:00:00+00:00,76.84,77.03,76.04,76.8,7051399.0
2026-02-24 05:00:00+00:00,76.8,77.29,76.15,76.59,7118083.0
2026-02-24 06:00:00+00:00,76.59,76.89,76.32,76.55,6970150.0
2026-02-24 07:00:00+00:00,76.55,77.17,76.45,76.81,5687767.0
2026-02-24 08:00:00+00:00,76.81,77.15,76.43,76.99,5967041.0
2026-02-24 09:00:00+00:00,76.99,77.11,75.91,76.63,9884626.0
2026-02-24 10:00:00+00:00,76.63,76.79,76.32,76.71,5203773.0
2026-02-24 11:00:00+00:00,76.71,76.86,76.44,76.72,4935252.0
2026-02-24 12:00:00+00:00,76.72,77.02,76.44,76.55,8647728.0
2026-02-24 13:00:00+00:00,76.55,76.76,76.01,76.51,9585857.0
2026-02-24 14:00:00+00:00,76.51,77.38,75.59,76.83,20814916.0
2026-02-24 15:00:00+00:00,76.83,77.45,76.55,77.27,13418834.0
2026-02-24 16:00:00+00:00,77.27,78.2,77.17,78.09,15719238.0
2026-02-24 17:00:00+00:00,78.09,78.45,77.74,77.92,11687489.0
2026-02-24 18:00:00+00:00,77.92,78.28,77.51,78.13,9844906.0
2026-02-24 19:00:00+00:00,78.13,78.47,77.83,78.33,8858201.0
2026-02-24 20:00:00+00:00,78.33,78.84,78.28,78.61,10056998.0
2026-02-24 21:00:00+00:00,78.61,78.68,78.06,78.48,8946968.0
2026-02-24 22:00:00+00:00,78.48,79.33,78.39,79.0,8561091.0
2026-02-24 23:00:00+00:00,79.0,79.56,78.59,78.9,8240181.0
2026-02-25 00:00:00+00:00,78.9,79.36,78.66,79.13,5195882.0
2026-02-25 01:00:00+00:00,79.13,82.5,79.04,81.95,16885487.0
2026-02-25 02:00:00+00:00,81.95,82.87,81.95,82.42,8156542.0
2026-02-25 03:00:00+00:00,82.42,82.52,81.58,81.72,5303559.0
2026-02-25 04:00:00+00:00,81.72,82.44,81.26,81.93,6414056.0
2026-02-25 05:00:00+00:00,81.93,82.13,80.95,81.26,7902435.0
2026-02-25 06:00:00+00:00,81.26,81.86,81.12,81.54,7482786.0
2026-02-25 07:00:00+00:00,81.54,82.38,81.45,82.14,8026551.0
2026-02-25 08:00:00+00:00,82.14,82.53,81.88,82.45,7094551.0
2026-02-25 09:00:00+00:00,82.45,82.66,82.18,82.49,6167546.0
2026-02-25 10:00:00+00:00,82.49,82.91,82.41,82.5,9683046.0
2026-02-25 11:00:00+00:00,82.5,83.36,82.28,83.33,9287559.0
2026-02-25 12:00:00+00:00,83.33,84.05,82.85,83.64,12641194.0
2026-02-25 13:00:00+00:00,83.64,84.4,83.33,83.79,10984787.0
2026-02-25 14:00:00+00:00,83.79,85.75,83.75,85.6,22140575.0
2026-02-25 15:00:00+00:00,85.6,86.43,84.98,85.93,21133636.0
2026-02-25 16:00:00+00:00,85.93,87.66,85.92,87.49,24993058.0
2026-02-25 17:00:00+00:00,87.49,88.9,87.36,88.52,22325803.0
2026-02-25 18:00:00+00:00,88.52,89.14,87.95,88.9,19572235.0
2026-02-25 19:00:00+00:00,88.9,89.61,88.31,89.38,16469676.0
2026-02-25 20:00:00+00:00,89.38,90.08,88.92,89.34,14077322.0
2026-02-25 21:00:00+00:00,89.34,92.04,89.34,89.81,19588106.0
2026-02-25 22:00:00+00:00,89.81,90.49,88.33,89.08,16392374.0
2026-02-25 23:00:00+00:00,89.08,89.31,87.05,88.01,17057766.0
2026-02-26 00:00:00+00:00,88.01,89.23,87.79,88.58,13183908.0
2026-02-26 01:00:00+00:00,88.58,89.11,88.16,88.38,8710845.0
2026-02-26 02:00:00+00:00,88.38,88.44,87.46,88.15,9865013.0
2026-02-26 03:00:00+00:00,88.15,88.33,87.73,87.9,3160228.0
2026-02-26 04:00:00+00:00,87.9,88.99,87.8,88.69,4526551.0
2026-02-26 05:00:00+00:00,88.69,88.69,87.18,87.72,6324096.0
2026-02-26 06:00:00+00:00,87.72,87.96,87.32,87.59,4588595.0
2026-02-26 07:00:00+00:00,87.59,87.84,87.18,87.22,5289576.0
2026-02-26 08:00:00+00:00,87.22,87.82,87.2,87.24,6649349.0
2026-02-26 09:00:00+00:00,87.24,88.65,87.16,88.28,7778634.0
2026-02-26 10:00:00+00:00,88.28,88.54,87.21,87.4,8359915.0
2026-02-26 11:00:00+00:00,87.4,87.57,86.54,86.75,7346032.0
2026-02-26 12:00:00+00:00,86.75,87.74,86.66,87.63,7569630.0
2026-02-26 13:00:00+00:00,87.63,88.04,87.41,87.57,7542275.0
2026-02-26 14:00:00+00:00,87.57,88.19,86.24,86.99,16697772.0
2026-02-26 15:00:00+00:00,86.99,87.06,85.21,86.51,18997316.0
2026-02-26 16:00:00+00:00,86.51,86.71,84.3,84.51,16484047.0
2026-02-26 17:00:00+00:00,84.51,85.29,84.47,84.85,9797294.0
2026-02-26 18:00:00+00:00,84.85,85.66,84.41,85.33,9403470.0
2026-02-26 19:00:00+00:00,85.33,86.63,85.28,86.41,10790715.0
2026-02-26 20:00:00+00:00,86.41,86.82,85.82,85.98,8945913.0
2026-02-26 21:00:00+00:00,85.98,86.25,85.67,85.9,6365504.0
2026-02-26 22:00:00+00:00,85.9,86.21,85.74,86.09,3937927.0
2026-02-26 23:00:00+00:00,86.09,86.11,85.71,85.86,5114545.0
2026-02-27 00:00:00+00:00,85.86,85.99,85.14,85.8,8256524.0
2026-02-27 01:00:00+00:00,85.8,86.12,85.24,86.09,6430088.0
2026-02-27 02:00:00+00:00,86.09,86.75,85.88,86.52,6344896.0
2026-02-27 03:00:00+00:00,86.52,87.76,86.29,87.57,6523959.0
2026-02-27 04:00:00+00:00,87.57,88.26,87.38,87.48,5945641.0
2026-02-27 05:00:00+00:00,87.48,87.8,87.32,87.48,3908715.0
2026-02-27 06:00:00+00:00,87.48,87.57,86.8,87.28,5141041.0
2026-02-27 07:00:00+00:00,87.28,87.4,86.75,87.27,4698321.0
2026-02-27 08:00:00+00:00,87.27,87.88,87.18,87.52,5638246.0
2026-02-27 09:00:00+00:00,87.52,87.78,86.17,86.27,7911013.0
2026-02-27 10:00:00+00:00,86.27,86.45,84.48,84.65,12092624.0
2026-02-27 11:00:00+00:00,84.65,84.9,83.27,83.55,13950059.0
2026-02-27 12:00:00+00:00,83.55,83.71,82.58,83.06,13534825.0
2026-02-27 13:00:00+00:00,83.06,83.5,81.9,83.01,15894682.0
2026-02-27 14:00:00+00:00,83.01,83.31,82.03,82.32,14846528.0
2026-02-27 15:00:00+00:00,82.32,83.02,82.24,82.64,11515970.0
2026-02-27 16:00:00+00:00,82.64,82.64,81.24,81.3,12999820.0
2026-02-27 17:00:00+00:00,81.3,81.86,81.05,81.79,15730665.0
2026-02-27 18:00:00+00:00,81.79,81.99,81.35,81.46,11845497.0
2026-02-27 19:00:00+00:00,81.46,81.69,81.08,81.53,7521748.0
2026-02-27 20:00:00+00:00,81.53,81.85,81.17,81.42,7503669.0
2026-02-27 21:00:00+00:00,81.42,81.79,80.77,81.17,9506422.0
2026-02-27 22:00:00+00:00,81.17,81.55,80.26,81.39,14279762.0
2026-02-27 23:00:00+00:00,81.39,82.05,81.3,81.81,9411468.0
2026-02-28 00:00:00+00:00,81.81,82.12,81.53,82.04,9055043.0
2026-02-28 01:00:00+00:00,82.04,82.21,81.66,81.72,5727131.0
2026-02-28 02:00:00+00:00,81.72,82.15,81.65,82.07,2891570.0
2026-02-28 03:00:00+00:00,82.07,82.08,81.47,81.68,2476317.0
2026-02-28 04:00:00+00:00,81.68,81.85,81.15,81.59,3311422.0
2026-02-28 05:00:00+00:00,81.59,81.76,81.23,81.5,2436666.0
2026-02-28 06:00:00+00:00,81.5,81.5,77.05,77.48,20274135.0
2026-02-28 07:00:00+00:00,77.48,79.55,77.07,78.65,14726041.0
2026-02-28 08:00:00+00:00,78.65,78.66,77.78,77.95,9252887.0
2026-02-28 09:00:00+00:00,77.95,78.68,77.67,78.35,10619525.0
2026-02-28 10:00:00+00:00,78.35,79.13,77.9,79.05,10540386.0
2026-02-28 11:00:00+00:00,79.05,79.53,78.59,78.71,9955584.0
2026-02-28 12:00:00+00:00,78.71,79.17,78.56,78.84,8091965.0
2026-02-28 13:00:00+00:00,78.84,80.93,78.62,80.76,15766551.0
2026-02-28 14:00:00+00:00,80.76,81.46,79.98,80.19,17561524.0
2026-02-28 15:00:00+00:00,80.19,81.09,79.55,80.86,10757880.0
2026-02-28 16:00:00+00:00,80.86,81.26,80.43,81.01,8082514.0
2026-02-28 17:00:00+00:00,81.01,81.48,80.53,81.32,9631177.0
2026-02-28 18:00:00+00:00,81.32,82.87,81.03,82.29,15938736.0
2026-02-28 19:00:00+00:00,82.29,82.73,81.38,82.16,13075647.0
2026-02-28 20:00:00+00:00,82.16,84.98,81.9,84.82,22815336.0
2026-02-28 21:00:00+00:00,84.82,85.06,83.53,84.44,17648378.0
2026-02-28 22:00:00+00:00,84.44,85.62,84.2,84.25,15842218.0
2026-02-28 23:00:00+00:00,84.25,84.69,83.87,84.3,12315370.0
2026-03-01 00:00:00+00:00,84.3,84.97,84.27,84.83,10031365.0
2026-03-01 01:00:00+00:00,84.83,87.48,84.22,86.71,15613683.0
2026-03-01 02:00:00+00:00,86.71,88.88,86.69,87.95,19664424.0
2026-03-01 03:00:00+00:00,87.95,88.31,87.58,87.98,5392088.0
2026-03-01 04:00:00+00:00,87.98,88.23,86.86,87.51,10819452.0
2026-03-01 05:00:00+00:00,87.51,87.99,87.14,87.22,7793502.0
2026-03-01 06:00:00+00:00,87.22,87.35,86.11,86.62,7080667.0
2026-03-01 07:00:00+00:00,86.62,86.86,86.25,86.58,5173357.0
2026-03-01 08:00:00+00:00,86.58,86.78,85.04,85.19,6493903.0
2026-03-01 09:00:00+00:00,85.19,85.83,84.75,84.97,8300486.0
2026-03-01 10:00:00+00:00,84.97,85.62,84.66,85.19,7491235.0
2026-03-01 11:00:00+00:00,85.19,85.49,84.95,85.14,4667863.0
2026-03-01 12:00:00+00:00,85.14,85.36,84.72,84.83,6819280.0
2026-03-01 13:00:00+00:00,84.83,86.95,84.46,86.02,10386325.0
2026-03-01 14:00:00+00:00,86.02,86.86,85.37,85.8,11913238.0
2026-03-01 15:00:00+00:00,85.8,86.64,85.56,85.61,10881437.0
2026-03-01 16:00:00+00:00,85.61,86.05,83.66,83.98,12092992.0
2026-03-01 17:00:00+00:00,83.98,84.26,83.14,83.85,12671834.0
2026-03-01 18:00:00+00:00,83.85,84.98,83.8,83.9,9412547.0
2026-03-01 19:00:00+00:00,83.9,83.99,82.98,83.2,7596077.0
2026-03-01 20:00:00+00:00,83.2,83.23,81.64,81.94,14090421.0
2026-03-01 21:00:00+00:00,81.94,82.98,81.88,82.89,9213798.0
2026-03-01 22:00:00+00:00,82.89,84.28,82.32,82.66,13436530.0
2026-03-01 23:00:00+00:00,82.66,84.03,82.45,83.56,9081861.0
2026-03-02 00:00:00+00:00,83.56,85.19,83.41,84.94,10604537.0
2026-03-02 01:00:00+00:00,84.94,86.14,84.35,84.58,8984954.0
2026-03-02 02:00:00+00:00,84.58,84.75,83.41,84.1,6876695.0
2026-03-02 03:00:00+00:00,84.1,85.08,83.78,84.73,4336792.0
2026-03-02 04:00:00+00:00,84.73,84.78,84.04,84.24,3059495.0
2026-03-02 05:00:00+00:00,84.24,84.65,83.78,84.17,2892617.0
2026-03-02 06:00:00+00:00,84.17,84.2,82.82,83.18,5231994.0
2026-03-02 07:00:00+00:00,83.18,83.24,82.32,82.9,6185062.0
2026-03-02 08:00:00+00:00,82.9,83.59,82.3,83.36,7763544.0
2026-03-02 09:00:00+00:00,83.36,84.09,83.27,83.6,7062382.0
2026-03-02 10:00:00+00:00,83.6,84.07,83.31,83.84,4746616.0
2026-03-02 11:00:00+00:00,83.84,84.27,83.4,83.85,6069244.0
2026-03-02 12:00:00+00:00,83.85,84.13,83.52,83.65,4188865.0
2026-03-02 13:00:00+00:00,83.65,83.8,82.85,83.03,7903966.0
2026-03-02 14:00:00+00:00,83.03,85.9,82.72,85.6,18572073.0
2026-03-02 15:00:00+00:00,85.6,88.94,85.41,88.74,30059591.0
2026-03-02 16:00:00+00:00,88.74,90.32,88.42,88.82,21808475.0
2026-03-02 17:00:00+00:00,88.82,88.96,86.36,87.58,15517629.0
2026-03-02 18:00:00+00:00,87.58,87.82,86.66,87.27,10730595.0
2026-03-02 19:00:00+00:00,87.27,87.76,86.79,87.61,10431005.0
2026-03-02 20:00:00+00:00,87.61,88.03,86.8,87.5,10407317.0
2026-03-02 21:00:00+00:00,87.5,87.67,87.09,87.49,4792869.0
2026-03-02 22:00:00+00:00,87.49,88.22,87.22,87.99,5958905.0
2026-03-02 23:00:00+00:00,87.99,88.05,86.28,86.59,8713513.0
2026-03-03 00:00:00+00:00,86.59,87.27,86.04,86.85,9346742.0
2026-03-03 01:00:00+00:00,86.85,87.13,86.09,86.1,6807422.0
2026-03-03 02:00:00+00:00,86.1,86.32,85.16,86.16,8181160.0
2026-03-03 03:00:00+00:00,86.16,86.59,85.85,86.24,4205590.0
2026-03-03 04:00:00+00:00,86.24,86.41,85.59,85.8,3338786.0
2026-03-03 05:00:00+00:00,85.8,86.77,85.35,85.73,6599299.0
2026-03-03 06:00:00+00:00,85.73,85.93,85.33,85.79,5349276.0
2026-03-03 07:00:00+00:00,85.79,86.24,85.33,85.53,6831645.0
2026-03-03 08:00:00+00:00,85.53,85.73,83.88,84.19,11051849.0
2026-03-03 09:00:00+00:00,84.19,84.94,83.94,84.25,9647733.0
2026-03-03 10:00:00+00:00,84.25,84.52,83.64,83.86,9402633.0
2026-03-03 11:00:00+00:00,83.86,84.3,83.72,84.16,6046929.0
2026-03-03 12:00:00+00:00,84.16,85.32,84.08,84.37,12531482.0
2026-03-03 13:00:00+00:00,84.37,84.42,83.12,83.57,11459387.0
2026-03-03 14:00:00+00:00,83.57,84.41,82.42,83.18,18504935.0
2026-03-03 15:00:00+00:00,83.18,85.13,82.99,84.99,17808738.0
2026-03-03 16:00:00+00:00,84.99,87.3,84.27,85.34,26028817.0
2026-03-03 17:00:00+00:00,85.34,85.45,84.1,85.14,12100224.0
2026-03-03 18:00:00+00:00,85.14,85.98,84.47,85.33,12620217.0
2026-03-03 19:00:00+00:00,85.33,85.71,84.61,85.02,12967653.0
2026-03-03 20:00:00+00:00,85.02,85.42,84.61,84.82,8341844.0
2026-03-03 21:00:00+00:00,84.82,85.13,84.13,85.06,7222796.0
2026-03-03 22:00:00+00:00,85.06,86.61,85.06,86.24,9116387.0
2026-03-03 23:00:00+00:00,86.24,87.41,86.13,86.92,9408377.0
2026-03-04 00:00:00+00:00,86.92,87.36,86.24,86.56,7704775.0
2026-03-04 01:00:00+00:00,86.56,88.04,86.44,87.21,11700058.0
2026-03-04 02:00:00+00:00,87.21,87.44,86.5,87.02,3814512.0
2026-03-04 03:00:00+00:00,87.02,87.02,85.12,85.7,5655636.0
2026-03-04 04:00:00+00:00,85.7,85.87,84.77,85.36,4517885.0
2026-03-04 05:00:00+00:00,85.36,85.94,84.75,85.63,4534700.0
2026-03-04 06:00:00+00:00,85.63,86.0,84.92,85.57,5046295.0
2026-03-04 07:00:00+00:00,85.57,87.49,85.43,87.37,6532679.0
2026-03-04 08:00:00+00:00,87.37,89.96,86.93,89.7,14640980.0
2026-03-04 09:00:00+00:00,89.7,91.44,89.19,90.51,18337327.0
2026-03-04 10:00:00+00:00,90.51,91.02,89.84,90.13,9899567.0
2026-03-04 11:00:00+00:00,90.13,90.62,89.37,89.73,7683541.0
2026-03-04 12:00:00+00:00,89.73,89.85,88.66,89.39,9337166.0
2026-03-04 13:00:00+00:00,89.39,90.11,89.26,89.94,8105209.0
2026-03-04 14:00:00+00:00,89.94,91.69,89.41,90.13,20049329.0
2026-03-04 15:00:00+00:00,90.13,93.08,90.11,92.89,22151257.0
2026-03-04 16:00:00+00:00,92.89,93.1,90.88,91.48,15673933.0
2026-03-04 17:00:00+00:00,91.48,92.19,90.58,91.49,11632354.0
2026-03-04 18:00:00+00:00,91.49,92.45,91.07,92.33,10010221.0
2026-03-04 19:00:00+00:00,92.33,94.04,92.23,93.14,15081262.0
2026-03-04 20:00:00+00:00,93.14,93.73,92.73,92.79,9744423.0
2026-03-04 21:00:00+00:00,92.79,92.94,92.11,92.3,11456087.0
2026-03-04 22:00:00+00:00,92.3,92.83,91.12,91.28,13690066.0
2026-03-04 23:00:00+00:00,91.28,91.39,90.24,90.81,13592892.0
2026-03-05 00:00:00+00:00,90.81,91.33,90.67,90.73,7841760.0
2026-03-05 01:00:00+00:00,90.73,91.37,89.7,89.92,8803202.0
2026-03-05 02:00:00+00:00,89.92,90.63,89.9,90.14,5837750.0
2026-03-05 03:00:00+00:00,90.14,90.49,89.55,90.0,4054328.0
2026-03-05 04:00:00+00:00,90.0,90.69,89.84,90.36,4272725.0
2026-03-05 05:00:00+00:00,90.36,90.6,89.97,90.13,4907166.0
2026-03-05 06:00:00+00:00,90.13,90.96,89.63,90.81,4898740.0
2026-03-05 07:00:00+00:00,90.81,91.26,89.65,90.12,8032915.0
2026-03-05 08:00:00+00:00,90.12,90.67,89.61,90.59,7113586.0
2026-03-05 09:00:00+00:00,90.59,91.96,90.56,91.14,10130769.0
2026-03-05 10:00:00+00:00,91.14,92.9,90.91,92.58,13403751.0
2026-03-05 11:00:00+00:00,92.58,92.73,91.58,91.76,8518186.0
2026-03-05 12:00:00+00:00,91.76,92.15,91.24,91.93,9552644.0
2026-03-05 13:00:00+00:00,91.93,92.0,90.36,90.76,10855032.0
2026-03-05 14:00:00+00:00,90.76,91.44,89.78,90.95,14971640.0
2026-03-05 15:00:00+00:00,90.95,91.09,88.76,89.56,17147939.0
2026-03-05 16:00:00+00:00,89.56,89.58,87.85,88.9,13046934.0
2026-03-05 17:00:00+00:00,88.9,89.36,87.86,88.08,12984366.0
2026-03-05 18:00:00+00:00,88.08,88.86,87.96,88.77,9319391.0
2026-03-05 19:00:00+00:00,88.77,89.35,88.63,88.68,8622716.0
2026-03-05 20:00:00+00:00,88.68,89.54,88.51,89.17,7946698.0
2026-03-05 21:00:00+00:00,89.17,89.81,88.81,89.07,7652743.0
2026-03-05 22:00:00+00:00,89.07,89.37,88.81,89.05,4939281.0
2026-03-05 23:00:00+00:00,89.05,89.16,88.55,88.72,4061275.0
2026-03-06 00:00:00+00:00,88.72,88.99,88.54,88.83,3732606.0
2026-03-06 01:00:00+00:00,88.83,89.23,87.96,89.07,8034219.0
2026-03-06 02:00:00+00:00,89.07,89.25,88.15,88.32,5661440.0
2026-03-06 03:00:00+00:00,88.32,88.66,88.08,88.35,5206761.0
2026-03-06 04:00:00+00:00,88.35,88.55,87.58,88.11,3897960.0
2026-03-06 05:00:00+00:00,88.11,88.21,87.45,87.84,4123982.0
2026-03-06 06:00:00+00:00,87.84,88.39,87.62,88.04,3890900.0
2026-03-06 07:00:00+00:00,88.04,88.86,87.74,88.64,5797519.0
2026-03-06 08:00:00+00:00,88.64,88.64,88.14,88.29,5213067.0
2026-03-06 09:00:00+00:00,88.29,88.44,87.08,87.44,8691380.0
2026-03-06 10:00:00+00:00,87.44,87.9,87.34,87.64,6509092.0
2026-03-06 11:00:00+00:00,87.64,87.95,87.04,87.21,6319175.0
2026-03-06 12:00:00+00:00,87.21,87.23,85.84,86.43,13776503.0
2026-03-06 13:00:00+00:00,86.43,87.06,85.51,85.54,12109614.0
2026-03-06 14:00:00+00:00,85.54,85.69,83.89,84.27,22622810.0
2026-03-06 15:00:00+00:00,84.27,85.28,84.13,84.57,16398691.0
2026-03-06 16:00:00+00:00,84.57,84.96,84.01,84.28,11660294.0
2026-03-06 17:00:00+00:00,84.28,84.63,83.57,84.14,12405718.0
2026-03-06 18:00:00+00:00,84.14,85.54,84.11,85.2,10563912.0
2026-03-06 19:00:00+00:00,85.2,85.83,85.09,85.14,8536593.0
2026-03-06 20:00:00+00:00,85.14,85.42,84.51,84.98,11498188.0
2026-03-06 21:00:00+00:00,84.98,85.06,84.38,84.69,6788514.0
2026-03-06 22:00:00+00:00,84.69,85.03,84.5,84.91,4581601.0
2026-03-06 23:00:00+00:00,84.91,85.0,84.58,84.65,3080378.0
2026-03-07 00:00:00+00:00,84.65,85.04,84.46,84.69,5822989.0
2026-03-07 01:00:00+00:00,84.69,84.84,84.52,84.67,3520948.0
2026-03-07 02:00:00+00:00,84.67,84.69,84.26,84.61,3124303.0
2026-03-07 03:00:00+00:00,84.61,85.03,84.3,84.49,3100290.0
2026-03-07 04:00:00+00:00,84.49,84.5,83.94,84.21,3022736.0
2026-03-07 05:00:00+00:00,84.21,84.47,84.04,84.28,3180806.0
2026-03-07 06:00:00+00:00,84.28,84.3,83.81,83.99,3328555.0
2026-03-07 07:00:00+00:00,83.99,84.48,83.86,84.28,3244265.0
2026-03-07 08:00:00+00:00,84.28,84.61,84.07,84.31,3778502.0
2026-03-07 09:00:00+00:00,84.31,84.65,84.15,84.52,3512552.0
2026-03-07 10:00:00+00:00,84.52,84.7,84.33,84.43,3502592.0
2026-03-07 11:00:00+00:00,84.43,84.86,84.18,84.61,5667107.0
2026-03-07 12:00:00+00:00,84.61,84.74,84.22,84.24,3614283.0
2026-03-07 13:00:00+00:00,84.24,84.48,84.06,84.25,4074874.0
2026-03-07 14:00:00+00:00,84.25,84.36,83.6,84.17,9201545.0
2026-03-07 15:00:00+00:00,84.17,84.18,83.32,83.69,9554783.0
2026-03-07 16:00:00+00:00,83.69,83.75,83.32,83.53,8559006.0
2026-03-07 17:00:00+00:00,83.53,84.04,83.49,83.57,5314657.0
2026-03-07 18:00:00+00:00,83.57,83.58,82.9,83.32,8918094.0
2026-03-07 19:00:00+00:00,83.32,83.33,82.23,82.48,11545136.0
2026-03-07 20:00:00+00:00,82.48,83.07,82.46,82.98,5775438.0
2026-03-07 21:00:00+00:00,82.98,83.26,82.83,83.23,5165757.0
2026-03-07 22:00:00+00:00,83.23,83.28,82.61,82.92,5259347.0
2026-03-07 23:00:00+00:00,82.92,83.22,82.85,83.17,2977769.0
2026-03-08 00:00:00+00:00,83.17,83.46,82.85,83.02,6814420.0
2026-03-08 01:00:00+00:00,83.02,83.16,82.64,82.93,5057517.0
2026-03-08 02:00:00+00:00,82.93,83.04,82.04,82.32,7332143.0
2026-03-08 03:00:00+00:00,82.32,82.69,82.19,82.28,4509630.0
2026-03-08 04:00:00+00:00,82.28,82.49,81.67,81.89,5964855.0
2026-03-08 05:00:00+00:00,81.89,82.73,81.88,82.44,5400085.0
2026-03-08 06:00:00+00:00,82.44,82.57,82.21,82.4,4102263.0
2026-03-08 07:00:00+00:00,82.4,83.05,82.34,82.89,5353401.0
2026-03-08 08:00:00+00:00,82.89,83.06,82.44,83.04,4507540.0
2026-03-08 09:00:00+00:00,83.04,83.32,82.72,83.1,4067815.0
2026-03-08 10:00:00+00:00,83.1,84.07,83.09,83.6,7648313.0
2026-03-08 11:00:00+00:00,83.6,83.6,82.58,82.75,8164895.0
2026-03-08 12:00:00+00:00,82.75,82.95,81.54,82.26,11230840.0
2026-03-08 13:00:00+00:00,82.26,82.42,81.12,82.02,11683404.0
2026-03-08 14:00:00+00:00,82.02,82.33,81.89,82.26,7931264.0
2026-03-08 15:00:00+00:00,82.26,82.37,81.77,82.0,6572245.0
2026-03-08 16:00:00+00:00,82.0,82.11,81.29,81.46,7676565.0
2026-03-08 17:00:00+00:00,81.46,81.96,81.31,81.65,6804673.0
2026-03-08 18:00:00+00:00,81.65,81.76,81.23,81.54,5861365.0
2026-03-08 19:00:00+00:00,81.54,82.62,81.43,82.43,9171131.0
2026-03-08 20:00:00+00:00,82.43,82.94,82.05,82.26,8288394.0
2026-03-08 21:00:00+00:00,82.26,82.38,81.66,82.2,7512289.0
2026-03-08 22:00:00+00:00,82.2,82.46,80.18,81.94,19638666.0
2026-03-08 23:00:00+00:00,81.94,82.4,81.44,81.56,8376244.0
2026-03-09 00:00:00+00:00,81.56,83.25,81.5,82.31,12270803.0
2026-03-09 01:00:00+00:00,82.31,82.87,81.83,82.04,7244232.0
2026-03-09 02:00:00+00:00,82.04,82.9,81.6,82.62,7595027.0
2026-03-09 03:00:00+00:00,82.62,84.46,82.57,83.11,8332022.0
2026-03-09 04:00:00+00:00,83.11,83.83,83.02,83.15,3032915.0
2026-03-09 05:00:00+00:00,83.15,84.58,83.07,84.21,5566291.0
2026-03-09 06:00:00+00:00,84.21,84.26,83.04,83.07,4676480.0
2026-03-09 07:00:00+00:00,83.07,83.24,82.25,83.11,7168628.0
2026-03-09 08:00:00+00:00,83.11,83.83,82.87,83.66,6191425.0
2026-03-09 09:00:00+00:00,83.66,84.55,83.26,83.98,7843634.0
2026-03-09 10:00:00+00:00,83.98,84.19,83.42,83.69,7922422.0
2026-03-09 11:00:00+00:00,83.69,83.88,83.04,83.51,6483072.0
2026-03-09 12:00:00+00:00,83.51,84.16,83.34,83.96,7764664.0
2026-03-09 13:00:00+00:00,83.96,85.75,83.94,85.11,19308558.0
2026-03-09 14:00:00+00:00,85.11,85.69,84.51,85.25,14051583.0
2026-03-09 15:00:00+00:00,85.25,85.42,84.57,85.02,7707669.0
2026-03-09 16:00:00+00:00,85.02,85.6,84.66,85.09,8739524.0
2026-03-09 17:00:00+00:00,85.09,85.39,84.27,85.05,10104453.0
2026-03-09 18:00:00+00:00,85.05,85.55,84.43,85.14,9174122.0
2026-03-09 19:00:00+00:00,85.14,87.0,85.01,85.92,19637727.0
2026-03-09 20:00:00+00:00,85.92,86.14,85.23,85.78,11124604.0
2026-03-09 21:00:00+00:00,85.78,86.32,85.63,85.97,8635948.0
2026-03-09 22:00:00+00:00,85.97,86.26,85.52,85.67,7006284.0
2026-03-09 23:00:00+00:00,85.67,85.95,84.78,84.92,8245187.0
2026-03-10 00:00:00+00:00,84.92,85.93,84.8,85.52,7597597.0
2026-03-10 01:00:00+00:00,85.52,85.96,85.05,85.71,5933628.0
2026-03-10 02:00:00+00:00,85.71,86.87,85.41,86.58,8884898.0
2026-03-10 03:00:00+00:00,86.58,86.71,85.45,85.51,4944027.0
2026-03-10 04:00:00+00:00,85.51,86.62,85.33,86.51,5082977.0
2026-03-10 05:00:00+00:00,86.51,86.95,86.3,86.37,6046056.0
2026-03-10 06:00:00+00:00,86.37,86.65,85.94,86.34,3684775.0
2026-03-10 07:00:00+00:00,86.34,86.87,86.14,86.67,5462041.0
2026-03-10 08:00:00+00:00,86.67,87.42,86.54,86.65,8895245.0
2026-03-10 09:00:00+00:00,86.65,87.42,86.58,87.17,5813020.0
2026-03-10 10:00:00+00:00,87.17,87.64,86.75,87.04,6607523.0
2026-03-10 11:00:00+00:00,87.04,87.15,86.56,86.75,5244944.0
2026-03-10 12:00:00+00:00,86.75,86.79,86.23,86.62,7441970.0
2026-03-10 13:00:00+00:00,86.62,87.25,85.7,86.02,20781217.0
2026-03-10 14:00:00+00:00,86.02,88.21,84.81,88.07,25492854.0
2026-03-10 15:00:00+00:00,88.07,88.6,87.23,88.31,17806873.0
2026-03-10 16:00:00+00:00,88.31,88.72,87.61,88.36,13690979.0
2026-03-10 17:00:00+00:00,88.36,88.77,87.58,87.91,10836835.0
2026-03-10 18:00:00+00:00,87.91,87.96,86.03,86.18,16388054.0
2026-03-10 19:00:00+00:00,86.18,86.42,85.58,85.96,12496586.0
2026-03-10 20:00:00+00:00,85.96,86.36,85.89,86.19,5372166.0
2026-03-10 21:00:00+00:00,86.19,86.39,85.16,85.65,9002502.0
2026-03-10 22:00:00+00:00,85.65,85.81,84.96,85.48,8415691.0
2026-03-10 23:00:00+00:00,85.48,85.88,85.32,85.82,6545243.0
2026-03-11 00:00:00+00:00,85.82,86.19,85.54,85.96,7588100.0
2026-03-11 01:00:00+00:00,85.96,86.22,85.62,86.04,4585773.0
2026-03-11 02:00:00+00:00,86.04,86.15,85.43,85.87,4341864.0
2026-03-11 03:00:00+00:00,85.87,86.13,85.49,85.58,3464227.0
2026-03-11 04:00:00+00:00,85.58,86.81,85.43,86.66,5185431.0
2026-03-11 05:00:00+00:00,86.66,86.83,85.54,85.66,4688744.0
2026-03-11 06:00:00+00:00,85.66,86.12,85.6,85.98,4091864.0
2026-03-11 07:00:00+00:00,85.98,86.08,85.08,85.39,5901606.0
2026-03-11 08:00:00+00:00,85.39,85.56,85.03,85.45,7472676.0
2026-03-11 09:00:00+00:00,85.45,85.54,84.64,84.83,6455494.0
2026-03-11 10:00:00+00:00,84.83,85.5,84.79,85.22,5959715.0
2026-03-11 11:00:00+00:00,85.22,85.28,84.3,84.51,7236465.0
2026-03-11 12:00:00+00:00,84.51,85.66,84.31,85.14,11973562.0
2026-03-11 13:00:00+00:00,85.14,87.36,85.06,85.9,26270209.0
2026-03-11 14:00:00+00:00,85.9,87.14,85.67,86.5,17235065.0
2026-03-11 15:00:00+00:00,86.5,86.61,84.5,85.37,15166212.0
2026-03-11 16:00:00+00:00,85.37,86.56,85.23,86.38,10539508.0
2026-03-11 17:00:00+00:00,86.38,87.8,86.38,87.21,15342172.0
2026-03-11 18:00:00+00:00,87.21,88.06,87.1,87.75,13506332.0
2026-03-11 19:00:00+00:00,87.75,87.81,86.98,87.21,10465245.0
2026-03-11 20:00:00+00:00,87.21,87.41,86.97,87.25,5875304.0
2026-03-11 21:00:00+00:00,87.25,87.58,87.1,87.49,4713603.0
2026-03-11 22:00:00+00:00,87.49,87.91,86.78,87.01,7559353.0
2026-03-11 23:00:00+00:00,87.01,87.17,86.4,86.52,6329613.0
2026-03-12 00:00:00+00:00,86.52,86.73,86.32,86.61,6659711.0
2026-03-12 01:00:00+00:00,86.61,86.65,85.87,85.97,6551085.0
2026-03-12 02:00:00+00:00,85.97,86.1,85.1,85.14,6111827.0
2026-03-12 03:00:00+00:00,85.14,85.35,84.63,84.94,5526300.0
2026-03-12 04:00:00+00:00,84.94,85.35,84.82,85.04,3847039.0
2026-03-12 05:00:00+00:00,85.04,85.26,84.82,85.09,3842768.0
2026-03-12 06:00:00+00:00,85.09,85.38,84.91,85.33,3176613.0
2026-03-12 07:00:00+00:00,85.33,85.87,84.92,85.78,5985034.0
2026-03-12 08:00:00+00:00,85.78,86.13,85.34,85.9,6912427.0
2026-03-12 09:00:00+00:00,85.9,86.66,85.4,86.14,6418675.0
2026-03-12 10:00:00+00:00,86.14,87.01,85.98,86.72,9051954.0
2026-03-12 11:00:00+00:00,86.72,87.08,86.57,86.76,5700302.0
2026-03-12 12:00:00+00:00,86.76,87.46,86.51,87.19,9511947.0
2026-03-12 13:00:00+00:00,87.19,87.66,86.29,86.7,17664147.0
2026-03-12 14:00:00+00:00,86.7,87.62,85.12,85.48,21191599.0
2026-03-12 15:00:00+00:00,85.48,87.0,85.04,86.52,14029983.0
2026-03-12 16:00:00+00:00,86.52,87.05,85.73,86.76,13536083.0
2026-03-12 17:00:00+00:00,86.76,86.96,86.27,86.56,10884535.0
2026-03-12 18:00:00+00:00,86.56,86.78,85.74,85.82,10649105.0
2026-03-12 19:00:00+00:00,85.82,86.91,85.61,86.76,10233069.0
2026-03-12 20:00:00+00:00,86.76,86.92,86.36,86.4,6240507.0
2026-03-12 21:00:00+00:00,86.4,86.68,86.05,86.49,5714076.0
2026-03-12 22:00:00+00:00,86.49,86.58,85.82,86.25,5061197.0
2026-03-12 23:00:00+00:00,86.25,87.18,86.22,86.8,7681083.0
2026-03-13 00:00:00+00:00,86.8,91.15,86.66,89.76,20476908.0
2026-03-13 01:00:00+00:00,89.76,90.72,89.75,90.43,11259548.0
2026-03-13 02:00:00+00:00,90.43,90.57,88.89,89.05,5534404.0
2026-03-13 03:00:00+00:00,89.05,89.94,88.84,89.66,6644366.0
2026-03-13 04:00:00+00:00,89.66,89.71,89.15,89.3,3008833.0
2026-03-13 05:00:00+00:00,89.3,89.42,88.84,89.04,4606639.0
2026-03-13 06:00:00+00:00,89.04,89.19,88.22,88.37,6339509.0
2026-03-13 07:00:00+00:00,88.37,88.91,88.1,88.62,5902677.0
2026-03-13 08:00:00+00:00,88.62,89.62,88.27,89.1,6401107.0
2026-03-13 09:00:00+00:00,89.1,89.6,88.72,89.47,6447309.0
2026-03-13 10:00:00+00:00,89.47,90.26,89.4,90.14,8133807.0
2026-03-13 11:00:00+00:00,90.14,90.45,89.91,90.27,8455832.0
2026-03-13 12:00:00+00:00,90.27,91.36,90.09,90.96,13137964.0
2026-03-13 13:00:00+00:00,90.96,92.29,90.88,91.83,18070658.0
2026-03-13 14:00:00+00:00,91.83,93.07,90.45,90.63,24026343.0
2026-03-13 15:00:00+00:00,90.63,91.19,89.24,89.42,18337268.0
2026-03-13 16:00:00+00:00,89.42,89.93,88.76,89.55,13165847.0
2026-03-13 17:00:00+00:00,89.55,90.11,88.52,88.83,9393534.0
2026-03-13 18:00:00+00:00,88.83,89.08,88.29,88.76,7141773.0
2026-03-13 19:00:00+00:00,88.76,88.97,88.35,88.84,5440703.0
2026-03-13 20:00:00+00:00,88.84,89.06,88.48,88.85,4423017.0
2026-03-13 21:00:00+00:00,88.85,89.09,88.24,88.52,6198195.0
2026-03-13 22:00:00+00:00,88.52,88.62,87.68,87.96,11403894.0
2026-03-13 23:00:00+00:00,87.96,88.21,87.74,88.11,4296682.0
2026-03-14 00:00:00+00:00,88.11,88.36,87.77,87.88,5212695.0
2026-03-14 01:00:00+00:00,87.88,88.35,87.75,88.19,6256944.0
2026-03-14 02:00:00+00:00,88.19,88.27,87.92,88.18,3318368.0
2026-03-14 03:00:00+00:00,88.18,88.57,88.17,88.36,6345609.0
2026-03-14 04:00:00+00:00,88.36,88.66,88.16,88.2,3378408.0
2026-03-14 05:00:00+00:00,88.2,88.35,87.83,88.03,2591773.0
2026-03-14 06:00:00+00:00,88.03,88.05,86.87,87.19,5942763.0
2026-03-14 07:00:00+00:00,87.19,87.38,87.09,87.27,3101725.0
2026-03-14 08:00:00+00:00,87.27,87.49,87.02,87.09,4009954.0
2026-03-14 09:00:00+00:00,87.09,87.27,86.52,86.81,5028665.0
2026-03-14 10:00:00+00:00,86.81,86.88,86.44,86.61,5178999.0
2026-03-14 11:00:00+00:00,86.61,86.96,86.58,86.9,4088017.0
2026-03-14 12:00:00+00:00,86.9,87.07,86.74,87.04,4722304.0
2026-03-14 13:00:00+00:00,87.04,87.31,86.97,87.05,6169609.0
2026-03-14 14:00:00+00:00,87.05,87.2,86.56,86.66,7343881.0
2026-03-14 15:00:00+00:00,86.66,86.88,86.58,86.68,4544525.0
2026-03-14 16:00:00+00:00,86.68,87.07,86.53,87.02,4974623.0
2026-03-14 17:00:00+00:00,87.02,87.04,86.77,86.82,2428710.0
2026-03-14 18:00:00+00:00,86.82,87.13,86.73,86.97,3398671.0
2026-03-14 19:00:00+00:00,86.97,87.03,86.83,86.95,2749773.0
2026-03-14 20:00:00+00:00,86.95,87.1,86.81,87.03,4152828.0
2026-03-14 21:00:00+00:00,87.03,87.28,86.81,87.23,4461560.0
2026-03-14 22:00:00+00:00,87.23,87.5,87.15,87.26,4533943.0
2026-03-14 23:00:00+00:00,87.26,88.13,87.26,88.0,11564416.0
2026-03-15 00:00:00+00:00,88.0,88.17,87.62,87.7,5464221.0
2026-03-15 01:00:00+00:00,87.7,87.86,87.49,87.64,3447102.0
2026-03-15 02:00:00+00:00,87.64,88.6,87.62,88.24,5965685.0
2026-03-15 03:00:00+00:00,88.24,88.38,87.64,87.8,4176430.0
2026-03-15 04:00:00+00:00,87.8,88.3,87.79,88.27,3032613.0
2026-03-15 05:00:00+00:00,88.27,88.59,88.06,88.26,3598861.0
2026-03-15 06:00:00+00:00,88.26,88.54,88.08,88.31,3459140.0
2026-03-15 07:00:00+00:00,88.31,88.49,88.06,88.18,4218625.0
2026-03-15 08:00:00+00:00,88.18,88.48,88.09,88.44,4666896.0
2026-03-15 09:00:00+00:00,88.44,88.83,88.36,88.49,6123425.0
2026-03-15 10:00:00+00:00,88.49,88.68,88.33,88.43,3973959.0
2026-03-15 11:00:00+00:00,88.43,88.64,88.19,88.52,5286415.0
2026-03-15 12:00:00+00:00,88.52,88.52,88.12,88.22,4643476.0
2026-03-15 13:00:00+00:00,88.22,88.37,87.29,87.79,11944642.0
2026-03-15 14:00:00+00:00,87.79,87.98,87.51,87.93,5457112.0
2026-03-15 15:00:00+00:00,87.93,88.1,87.71,87.85,4927596.0
2026-03-15 16:00:00+00:00,87.85,88.0,87.41,87.51,6130886.0
2026-03-15 17:00:00+00:00,87.51,88.77,87.45,88.37,8686108.0
2026-03-15 18:00:00+00:00,88.37,88.64,87.78,87.85,9201900.0
2026-03-15 19:00:00+00:00,87.85,88.25,87.74,88.14,4782957.0
2026-03-15 20:00:00+00:00,88.14,88.98,87.92,88.71,7929721.0
2026-03-15 21:00:00+00:00,88.71,90.27,88.53,89.96,14237318.0
2026-03-15 22:00:00+00:00,89.96,92.93,89.8,92.63,24683113.0
2026-03-15 23:00:00+00:00,92.63,93.22,91.58,92.29,18467186.0
2026-03-16 00:00:00+00:00,92.29,93.04,91.84,91.98,11564315.0
2026-03-16 01:00:00+00:00,91.98,92.23,91.46,92.07,8419390.0
2026-03-16 02:00:00+00:00,92.07,92.26,91.15,91.46,5813880.0
2026-03-16 03:00:00+00:00,91.46,93.95,91.23,93.15,12861105.0
2026-03-16 04:00:00+00:00,93.15,94.26,92.91,93.63,9930354.0
2026-03-16 05:00:00+00:00,93.63,94.32,93.17,94.01,8003360.0
2026-03-16 06:00:00+00:00,94.01,94.01,93.13,93.38,5464344.0
2026-03-16 07:00:00+00:00,93.38,93.82,93.28,93.53,4344581.0
2026-03-16 08:00:00+00:00,93.53,94.01,92.54,92.83,8772643.0
2026-03-16 09:00:00+00:00,92.83,93.44,92.68,93.27,5184249.0
2026-03-16 10:00:00+00:00,93.27,93.92,93.22,93.86,6272801.0
2026-03-16 11:00:00+00:00,93.86,93.94,93.48,93.71,5337524.0
2026-03-16 12:00:00+00:00,93.71,94.17,93.34,93.73,8210676.0
2026-03-16 13:00:00+00:00,93.73,95.1,93.37,93.63,17894404.0
2026-03-16 14:00:00+00:00,93.63,94.5,92.32,93.57,19660861.0
2026-03-16 15:00:00+00:00,93.57,94.31,92.97,93.13,14358939.0
2026-03-16 16:00:00+00:00,93.13,94.02,93.06,93.76,8563263.0
2026-03-16 17:00:00+00:00,93.76,94.37,93.62,94.04,12345338.0
2026-03-16 18:00:00+00:00,94.04,95.08,94.01,94.34,12414496.0
2026-03-16 19:00:00+00:00,94.34,95.47,94.13,95.2,12271725.0
2026-03-16 20:00:00+00:00,95.2,95.96,95.02,95.73,12073013.0
2026-03-16 21:00:00+00:00,95.73,96.85,95.43,96.12,15664944.0
2026-03-16 22:00:00+00:00,96.12,97.65,96.09,96.32,14664301.0
2026-03-16 23:00:00+00:00,96.32,96.42,95.37,96.16,9039784.0
2026-03-17 00:00:00+00:00,96.16,96.91,95.09,95.47,11319604.0
2026-03-17 01:00:00+00:00,95.47,96.05,94.9,95.65,8068101.0
2026-03-17 02:00:00+00:00,95.65,95.73,94.81,95.09,4214003.0
2026-03-17 03:00:00+00:00,95.09,95.24,93.64,94.03,6883014.0
2026-03-17 04:00:00+00:00,94.03,94.22,93.14,93.75,6154602.0
2026-03-17 05:00:00+00:00,93.75,94.05,93.29,93.76,4482862.0
2026-03-17 06:00:00+00:00,93.76,94.26,93.42,93.84,3913447.0
2026-03-17 07:00:00+00:00,93.84,94.6,93.8,94.37,4272947.0
2026-03-17 08:00:00+00:00,94.37,94.91,94.21,94.36,5042610.0
2026-03-17 09:00:00+00:00,94.36,95.06,93.65,93.85,7069101.0
2026-03-17 10:00:00+00:00,93.85,94.01,93.21,93.52,6132845.0
2026-03-17 11:00:00+00:00,93.52,93.86,93.34,93.6,4555126.0
2026-03-17 12:00:00+00:00,93.6,94.04,93.08,93.37,6863758.0
2026-03-17 13:00:00+00:00,93.37,94.54,93.29,93.75,11162645.0
2026-03-17 14:00:00+00:00,93.75,94.63,93.42,94.45,10302508.0
2026-03-17 15:00:00+00:00,94.45,95.09,93.19,93.77,12908913.0
2026-03-17 16:00:00+00:00,93.77,94.77,93.66,94.34,9856795.0
2026-03-17 17:00:00+00:00,94.34,94.69,94.09,94.52,7400435.0
2026-03-17 18:00:00+00:00,94.52,95.56,94.38,95.28,16516615.0
2026-03-17 19:00:00+00:00,95.28,95.52,94.53,94.59,9155008.0
2026-03-17 20:00:00+00:00,94.59,94.98,94.36,94.84,5598389.0
2026-03-17 21:00:00+00:00,94.84,95.41,94.77,95.21,6230326.0
2026-03-17 22:00:00+00:00,95.21,95.59,94.51,95.26,8562229.0
2026-03-17 23:00:00+00:00,95.26,95.4,94.54,94.57,4756758.0
2026-03-18 00:00:00+00:00,94.57,94.9,94.02,94.49,9916324.0
2026-03-18 01:00:00+00:00,94.49,94.98,94.22,94.36,8324353.0
2026-03-18 02:00:00+00:00,94.36,95.25,94.33,94.87,5754783.0
2026-03-18 03:00:00+00:00,94.87,95.63,94.74,95.0,4912023.0
2026-03-18 04:00:00+00:00,95.0,95.06,93.94,94.08,5513810.0
2026-03-18 05:00:00+00:00,94.08,94.33,93.67,93.87,4799713.0
2026-03-18 06:00:00+00:00,93.87,94.61,93.85,94.19,4563579.0
2026-03-18 07:00:00+00:00,94.19,94.26,93.72,93.9,5929672.0
2026-03-18 08:00:00+00:00,93.9,94.21,93.89,93.98,3282105.0
2026-03-18 09:00:00+00:00,93.98,94.38,93.88,94.22,4799889.0
2026-03-18 10:00:00+00:00,94.22,94.38,93.4,93.79,5451352.0
2026-03-18 11:00:00+00:00,93.79,94.02,91.75,91.95,14633085.0
2026-03-18 12:00:00+00:00,91.95,92.01,90.26,90.36,17000640.0
2026-03-18 13:00:00+00:00,90.36,90.7,89.83,90.26,13141366.0
2026-03-18 14:00:00+00:00,90.26,90.34,88.78,88.91,18986629.0
2026-03-18 15:00:00+00:00,88.91,89.39,88.5,89.31,14369793.0
2026-03-18 16:00:00+00:00,89.31,89.31,88.58,88.93,11186532.0
2026-03-18 17:00:00+00:00,88.93,90.3,88.77,89.87,11201369.0
2026-03-18 18:00:00+00:00,89.87,90.8,89.31,89.53,13767805.0
2026-03-18 19:00:00+00:00,89.53,90.02,89.38,89.63,6840466.0
2026-03-18 20:00:00+00:00,89.63,90.08,88.92,89.94,9332961.0
2026-03-18 21:00:00+00:00,89.94,90.59,89.88,90.4,7388449.0
2026-03-18 22:00:00+00:00,90.4,90.42,89.86,89.98,5833675.0
2026-03-18 23:00:00+00:00,89.98,90.12,89.59,90.02,5654411.0
2026-03-19 00:00:00+00:00,90.02,90.26,89.76,90.06,5954480.0
2026-03-19 01:00:00+00:00,90.06,90.34,89.87,90.13,5264073.0
2026-03-19 02:00:00+00:00,90.13,90.36,89.72,89.93,4626019.0
2026-03-19 03:00:00+00:00,89.93,91.37,89.86,90.68,8281333.0
2026-03-19 04:00:00+00:00,90.68,90.69,89.69,89.86,4920015.0
2026-03-19 05:00:00+00:00,89.86,90.07,89.61,89.71,3891861.0
2026-03-19 06:00:00+00:00,89.71,90.09,89.47,89.81,6366982.0
2026-03-19 07:00:00+00:00,89.81,90.02,88.58,89.39,12083605.0
2026-03-19 08:00:00+00:00,89.39,89.59,89.04,89.31,5921294.0
2026-03-19 09:00:00+00:00,89.31,90.36,89.12,90.16,8116233.0
2026-03-19 10:00:00+00:00,90.16,90.46,89.76,89.77,7298237.0
2026-03-19 11:00:00+00:00,89.77,90.01,89.42,89.59,4603849.0
2026-03-19 12:00:00+00:00,89.59,89.59,87.99,88.06,9811831.0
2026-03-19 13:00:00+00:00,88.06,88.71,87.49,88.46,14671555.0
2026-03-19 14:00:00+00:00,88.46,88.87,87.36,88.16,12486188.0
2026-03-19 15:00:00+00:00,88.16,88.71,87.1,87.58,15143836.0
2026-03-19 16:00:00+00:00,87.58,87.77,86.92,87.62,11457887.0
2026-03-19 17:00:00+00:00,87.62,88.32,87.03,88.09,11351557.0
2026-03-19 18:00:00+00:00,88.09,88.29,87.61,88.09,8875577.0
2026-03-19 19:00:00+00:00,88.09,89.21,88.08,88.68,16238804.0
2026-03-19 20:00:00+00:00,88.68,89.17,88.61,88.93,5228946.0
2026-03-19 21:00:00+00:00,88.93,89.29,88.81,89.08,6963161.0
2026-03-19 22:00:00+00:00,89.08,89.13,88.33,88.72,6226004.0
2026-03-19 23:00:00+00:00,88.72,89.14,88.55,88.85,7781712.0
2026-03-20 00:00:00+00:00,88.85,89.39,88.78,89.36,8253492.0
2026-03-20 01:00:00+00:00,89.36,89.76,89.27,89.43,5390092.0
2026-03-20 02:00:00+00:00,89.43,89.58,88.83,89.26,4237332.0
2026-03-20 03:00:00+00:00,89.26,89.68,89.19,89.53,3362771.0
2026-03-20 04:00:00+00:00,89.53,89.72,88.69,89.24,3240595.0
2026-03-20 05:00:00+00:00,89.24,89.48,88.81,89.31,2861184.0
2026-03-20 06:00:00+00:00,89.31,89.32,88.86,89.04,2404407.0
2026-03-20 07:00:00+00:00,89.04,89.45,88.44,89.31,4047988.0
2026-03-20 08:00:00+00:00,89.31,90.42,89.25,89.73,7683164.0
2026-03-20 09:00:00+00:00,89.73,89.73,88.56,88.9,6041867.0
2026-03-20 10:00:00+00:00,88.9,89.44,88.54,89.26,4594440.0
2026-03-20 11:00:00+00:00,89.26,89.53,88.81,89.08,4951366.0
2026-03-20 12:00:00+00:00,89.08,89.47,88.95,89.08,5963177.0
2026-03-20 13:00:00+00:00,89.08,89.61,88.54,88.76,12420299.0
2026-03-20 14:00:00+00:00,88.76,89.7,88.46,88.89,13010547.0
2026-03-20 15:00:00+00:00,88.89,89.29,88.56,88.9,9871431.0
2026-03-20 16:00:00+00:00,88.9,89.18,88.57,88.86,7213367.0
2026-03-20 17:00:00+00:00,88.86,89.0,88.05,88.84,10804482.0
2026-03-20 18:00:00+00:00,88.84,88.98,88.11,88.51,9087701.0
2026-03-20 19:00:00+00:00,88.51,89.03,88.13,88.96,9520113.0
2026-03-20 20:00:00+00:00,88.96,89.32,88.58,88.96,10326705.0
2026-03-20 21:00:00+00:00,88.96,90.0,88.8,89.53,8285214.0
2026-03-20 22:00:00+00:00,89.53,90.21,89.53,90.05,6403854.0
2026-03-20 23:00:00+00:00,90.05,90.11,89.67,89.81,5512105.0
2026-03-21 00:00:00+00:00,89.81,90.23,89.78,89.98,4497337.0
2026-03-21 01:00:00+00:00,89.98,90.33,89.68,89.82,4895149.0
2026-03-21 02:00:00+00:00,89.82,90.69,89.71,90.41,4218808.0
2026-03-21 03:00:00+00:00,90.41,90.57,90.27,90.41,3875781.0
2026-03-21 04:00:00+00:00,90.41,90.78,90.1,90.23,4927329.0
2026-03-21 05:00:00+00:00,90.23,90.47,89.89,89.92,3132392.0
2026-03-21 06:00:00+00:00,89.92,90.27,89.88,90.12,2412265.0
2026-03-21 07:00:00+00:00,90.12,90.36,89.87,90.1,3543414.0
2026-03-21 08:00:00+00:00,90.1,90.1,89.77,89.96,3051856.0
2026-03-21 09:00:00+00:00,89.96,90.36,89.93,90.15,4111205.0
2026-03-21 10:00:00+00:00,90.15,90.21,89.83,89.93,4091893.0
2026-03-21 11:00:00+00:00,89.93,89.99,89.77,89.91,2534409.0
2026-03-21 12:00:00+00:00,89.91,90.15,89.82,90.12,3901390.0
2026-03-21 13:00:00+00:00,90.12,90.24,89.9,89.97,4684814.0
2026-03-21 14:00:00+00:00,89.97,90.36,89.57,89.61,8870795.0
2026-03-21 15:00:00+00:00,89.61,89.89,89.31,89.78,6615512.0
2026-03-21 16:00:00+00:00,89.78,89.95,89.5,89.63,3938218.0
2026-03-21 17:00:00+00:00,89.63,89.67,89.34,89.51,4403629.0
2026-03-21 18:00:00+00:00,89.51,89.89,89.5,89.73,4130717.0
2026-03-21 19:00:00+00:00,89.73,89.87,89.64,89.73,2412143.0
2026-03-21 20:00:00+00:00,89.73,90.36,89.72,90.11,4773711.0
2026-03-21 21:00:00+00:00,90.11,90.17,89.87,89.94,3274969.0
2026-03-21 22:00:00+00:00,89.94,90.02,89.73,89.83,3296313.0
2026-03-21 23:00:00+00:00,89.83,89.84,87.05,87.5,11949401.0
2026-03-22 00:00:00+00:00,87.5,87.72,86.19,87.26,13741460.0
2026-03-22 01:00:00+00:00,87.26,87.66,86.9,87.39,5572537.0
2026-03-22 02:00:00+00:00,87.39,88.43,87.36,88.11,8534268.0
2026-03-22 03:00:00+00:00,88.11,89.12,87.7,88.61,7402045.0
2026-03-22 04:00:00+00:00,88.61,89.14,88.51,88.96,7110193.0
2026-03-22 05:00:00+00:00,88.96,88.96,88.38,88.42,3849889.0
2026-03-22 06:00:00+00:00,88.42,88.42,88.07,88.15,4710250.0
2026-03-22 07:00:00+00:00,88.15,88.28,87.61,87.66,4025600.0
2026-03-22 08:00:00+00:00,87.66,87.69,86.79,87.31,8053191.0
2026-03-22 09:00:00+00:00,87.31,87.63,87.11,87.26,4183225.0
2026-03-22 10:00:00+00:00,87.26,87.45,87.15,87.27,3801797.0
2026-03-22 11:00:00+00:00,87.27,87.39,86.76,86.79,7886172.0
2026-03-22 12:00:00+00:00,86.79,87.42,86.74,87.21,7158181.0
2026-03-22 13:00:00+00:00,87.21,87.68,86.94,87.27,7289008.0
2026-03-22 14:00:00+00:00,87.27,87.55,86.98,87.15,6714743.0
2026-03-22 15:00:00+00:00,87.15,87.54,87.12,87.53,6183382.0
2026-03-22 16:00:00+00:00,87.53,87.67,87.19,87.43,5557724.0
2026-03-22 17:00:00+00:00,87.43,87.51,87.14,87.21,5154820.0
2026-03-22 18:00:00+00:00,87.21,87.3,86.42,86.95,7779304.0
2026-03-22 19:00:00+00:00,86.95,86.99,86.51,86.83,6196732.0
2026-03-22 20:00:00+00:00,86.83,87.16,86.48,86.55,4833412.0
2026-03-22 21:00:00+00:00,86.55,86.61,85.07,85.93,13982758.0
2026-03-22 22:00:00+00:00,85.93,86.74,85.44,86.7,11410257.0
2026-03-22 23:00:00+00:00,86.7,86.98,85.96,86.16,7371713.0
2026-03-23 00:00:00+00:00,86.16,86.58,85.41,85.84,8036055.0
2026-03-23 01:00:00+00:00,85.84,86.57,85.68,86.04,6292875.0
2026-03-23 02:00:00+00:00,86.04,86.97,86.0,86.65,7469753.0
2026-03-23 03:00:00+00:00,86.65,87.19,86.33,86.37,5629514.0
2026-03-23 04:00:00+00:00,86.37,86.88,86.27,86.88,4157422.0
2026-03-23 05:00:00+00:00,86.88,87.3,86.8,87.13,5230668.0
2026-03-23 06:00:00+00:00,87.13,87.13,85.38,85.67,7258683.0
2026-03-23 07:00:00+00:00,85.67,86.18,85.02,85.94,7717998.0
2026-03-23 08:00:00+00:00,85.94,86.43,85.79,85.9,4815123.0
2026-03-23 09:00:00+00:00,85.9,85.98,85.12,85.71,5536359.0
2026-03-23 10:00:00+00:00,85.71,86.29,85.61,86.01,4703804.0
2026-03-23 11:00:00+00:00,86.01,91.93,85.99,88.75,32298198.0
2026-03-23 12:00:00+00:00,88.75,90.47,88.28,90.17,14938965.0
2026-03-23 13:00:00+00:00,90.17,91.46,89.82,91.3,16860790.0
2026-03-23 14:00:00+00:00,91.3,91.69,91.02,91.48,11836641.0
2026-03-23 15:00:00+00:00,91.48,92.23,89.76,89.9,19043712.0
2026-03-23 16:00:00+00:00,89.9,90.41,89.35,90.3,11756752.0
2026-03-23 17:00:00+00:00,90.3,91.34,89.64,91.22,11775981.0
2026-03-23 18:00:00+00:00,91.22,91.79,90.87,91.59,6845591.0
2026-03-23 19:00:00+00:00,91.59,91.86,91.2,91.35,6209449.0
2026-03-23 20:00:00+00:00,91.35,92.01,91.18,91.75,6475847.0
2026-03-23 21:00:00+00:00,91.75,91.94,91.43,91.59,4201473.0
2026-03-23 22:00:00+00:00,91.59,91.93,91.13,91.47,6024882.0
2026-03-23 23:00:00+00:00,91.47,91.54,90.94,91.4,4373245.0
2026-03-24 00:00:00+00:00,91.4,91.64,90.56,90.94,5298696.0
2026-03-24 01:00:00+00:00,90.94,91.02,90.1,90.37,5090878.0
2026-03-24 02:00:00+00:00,90.37,90.73,90.05,90.1,3362118.0
2026-03-24 03:00:00+00:00,90.1,90.31,89.89,90.28,3326490.0
2026-03-24 04:00:00+00:00,90.28,90.79,90.08,90.29,5298344.0
2026-03-24 05:00:00+00:00,90.29,90.36,89.94,90.07,4221353.0
2026-03-24 06:00:00+00:00,90.07,90.5,90.0,90.41,4703290.0
2026-03-24 07:00:00+00:00,90.41,91.85,90.34,91.68,7392498.0
2026-03-24 08:00:00+00:00,91.68,92.0,91.23,91.54,8273448.0
2026-03-24 09:00:00+00:00,91.54,92.12,91.08,92.08,7933334.0
2026-03-24 10:00:00+00:00,92.08,92.18,91.64,91.79,5408536.0
2026-03-24 11:00:00+00:00,91.79,92.13,91.29,91.72,10783559.0
2026-03-24 12:00:00+00:00,91.72,91.8,91.31,91.54,6336519.0
2026-03-24 13:00:00+00:00,91.54,91.7,89.48,89.81,13945924.0
2026-03-24 14:00:00+00:00,89.81,90.17,88.62,89.51,22068748.0
2026-03-24 15:00:00+00:00,89.51,90.26,89.44,89.69,12770097.0
2026-03-24 16:00:00+00:00,89.69,89.92,89.01,89.22,8597576.0
2026-03-24 17:00:00+00:00,89.22,89.33,88.65,89.12,8589476.0
2026-03-24 18:00:00+00:00,89.12,89.65,88.81,88.84,9713337.0
2026-03-24 19:00:00+00:00,88.84,89.24,88.36,88.46,9633102.0
2026-03-24 20:00:00+00:00,88.46,90.19,88.44,89.98,16905886.0
2026-03-24 21:00:00+00:00,89.98,90.58,89.62,90.33,7996124.0
2026-03-24 22:00:00+00:00,90.33,90.73,90.02,90.26,4865642.0
2026-03-24 23:00:00+00:00,90.26,91.11,90.17,90.76,5746411.0
2026-03-25 00:00:00+00:00,90.76,91.59,90.67,91.27,6331821.0
2026-03-25 01:00:00+00:00,91.27,91.43,90.88,90.9,3771947.0
2026-03-25 02:00:00+00:00,90.9,91.47,90.77,91.08,3597222.0
2026-03-25 03:00:00+00:00,91.08,91.89,90.74,91.7,5555579.0
2026-03-25 04:00:00+00:00,91.7,92.09,91.54,92.01,4635442.0
2026-03-25 05:00:00+00:00,92.01,92.94,91.93,92.37,8576593.0
2026-03-25 06:00:00+00:00,92.37,92.87,92.23,92.33,5583359.0
2026-03-25 07:00:00+00:00,92.33,92.48,91.72,91.78,5652031.0
2026-03-25 08:00:00+00:00,91.78,92.76,91.75,92.3,10369359.0
2026-03-25 09:00:00+00:00,92.3,92.64,92.08,92.51,5989158.0
2026-03-25 10:00:00+00:00,92.51,92.68,92.34,92.6,4211933.0
2026-03-25 11:00:00+00:00,92.6,93.44,92.39,92.94,10382844.0
2026-03-25 12:00:00+00:00,92.94,93.43,92.28,92.99,15519229.0
2026-03-25 13:00:00+00:00,92.99,93.38,92.63,92.68,10280697.0
2026-03-25 14:00:00+00:00,92.68,92.87,91.86,91.91,15194723.0
2026-03-25 15:00:00+00:00,91.91,92.03,90.96,91.72,13747335.0
2026-03-25 16:00:00+00:00,91.72,92.69,91.54,92.18,13718838.0
2026-03-25 17:00:00+00:00,92.18,92.31,91.54,91.67,8790036.0
2026-03-25 18:00:00+00:00,91.67,92.16,91.42,91.65,6838548.0
2026-03-25 19:00:00+00:00,91.65,91.96,91.36,91.72,5603839.0
2026-03-25 20:00:00+00:00,91.72,91.75,91.07,91.44,7899255.0
2026-03-25 21:00:00+00:00,91.44,91.59,91.1,91.22,4405809.0
2026-03-25 22:00:00+00:00,91.22,91.9,90.96,91.69,6099141.0
2026-03-25 23:00:00+00:00,91.69,91.8,91.42,91.65,3080170.0
2026-03-26 00:00:00+00:00,91.65,91.92,91.44,91.63,4087132.0
2026-03-26 01:00:00+00:00,91.63,91.92,91.53,91.77,2817300.0
2026-03-26 02:00:00+00:00,91.77,91.79,90.6,90.89,6380012.0
2026-03-26 03:00:00+00:00,90.89,91.1,90.53,91.0,3664330.0
2026-03-26 04:00:00+00:00,91.0,91.02,90.6,90.76,3452800.0
2026-03-26 05:00:00+00:00,90.76,90.79,89.05,89.19,11820526.0
2026-03-26 06:00:00+00:00,89.19,89.24,88.8,89.0,6901602.0
2026-03-26 07:00:00+00:00,89.0,89.31,88.72,89.04,6216243.0
2026-03-26 08:00:00+00:00,89.04,89.04,88.57,88.82,6663539.0
2026-03-26 09:00:00+00:00,88.82,88.98,87.67,88.05,11137162.0
2026-03-26 10:00:00+00:00,88.05,88.28,87.7,87.88,6151182.0
2026-03-26 11:00:00+00:00,87.88,88.04,87.33,87.51,7426423.0
2026-03-26 12:00:00+00:00,87.51,87.74,87.31,87.51,7389149.0
2026-03-26 13:00:00+00:00,87.51,88.19,87.25,87.86,13985419.0
2026-03-26 14:00:00+00:00,87.86,88.12,87.07,87.48,12196832.0
2026-03-26 15:00:00+00:00,87.48,87.76,86.61,87.47,13271977.0
2026-03-26 16:00:00+00:00,87.47,87.68,87.06,87.15,6891011.0
2026-03-26 17:00:00+00:00,87.15,87.44,86.46,86.58,9293202.0
2026-03-26 18:00:00+00:00,86.58,86.79,85.65,85.98,14082391.0
2026-03-26 19:00:00+00:00,85.98,86.01,85.37,85.42,11446978.0
2026-03-26 20:00:00+00:00,85.42,87.11,85.37,86.28,12730069.0
2026-03-26 21:00:00+00:00,86.28,87.07,86.13,86.77,6764681.0
2026-03-26 22:00:00+00:00,86.77,86.83,86.15,86.78,6396707.0
2026-03-26 23:00:00+00:00,86.78,86.91,86.16,86.46,3728717.0
2026-03-27 00:00:00+00:00,86.46,86.74,86.12,86.5,3759133.0
2026-03-27 01:00:00+00:00,86.5,86.85,86.38,86.83,3834935.0
2026-03-27 02:00:00+00:00,86.83,86.99,86.47,86.64,4184329.0
2026-03-27 03:00:00+00:00,86.64,86.73,86.28,86.37,2511818.0
2026-03-27 04:00:00+00:00,86.37,86.37,85.68,86.1,3889315.0
2026-03-27 05:00:00+00:00,86.1,86.73,85.87,86.01,4350970.0
2026-03-27 06:00:00+00:00,86.01,86.33,85.86,86.0,3997962.0
2026-03-27 07:00:00+00:00,86.0,86.29,85.62,85.87,6256186.0
2026-03-27 08:00:00+00:00,85.87,86.1,84.3,85.05,11888482.0
2026-03-27 09:00:00+00:00,85.05,85.2,84.34,85.01,8439560.0
2026-03-27 10:00:00+00:00,85.01,85.1,82.55,82.94,14359788.0
2026-03-27 11:00:00+00:00,82.94,83.55,82.56,83.31,10812828.0
2026-03-27 12:00:00+00:00,83.31,83.37,82.96,83.03,9450421.0
2026-03-27 13:00:00+00:00,83.03,83.47,82.32,82.86,14817396.0
2026-03-27 14:00:00+00:00,82.86,83.28,82.51,83.1,12257166.0
2026-03-27 15:00:00+00:00,83.1,83.93,82.89,83.25,14932476.0
2026-03-27 16:00:00+00:00,83.25,83.27,82.54,82.95,12215139.0
2026-03-27 17:00:00+00:00,82.95,83.34,82.02,82.16,13749756.0
2026-03-27 18:00:00+00:00,82.16,82.46,81.77,82.33,11085065.0
2026-03-27 19:00:00+00:00,82.33,82.84,81.98,82.74,10376221.0
2026-03-27 20:00:00+00:00,82.74,82.91,82.26,82.73,8030828.0
2026-03-27 21:00:00+00:00,82.73,82.98,82.62,82.68,6815007.0
2026-03-27 22:00:00+00:00,82.68,82.8,82.46,82.66,4917706.0
2026-03-27 23:00:00+00:00,82.66,83.07,82.39,83.03,4782157.0
2026-03-28 00:00:00+00:00,83.03,83.03,82.67,82.78,5024044.0
2026-03-28 01:00:00+00:00,82.78,82.84,82.17,82.58,4449030.0
2026-03-28 02:00:00+00:00,82.58,82.85,82.31,82.52,2948442.0
2026-03-28 03:00:00+00:00,82.52,82.68,82.44,82.54,3103873.0
2026-03-28 04:00:00+00:00,82.54,82.73,82.34,82.5,3738152.0
2026-03-28 05:00:00+00:00,82.5,82.73,82.29,82.67,3156776.0
2026-03-28 06:00:00+00:00,82.67,83.23,82.59,83.1,4051461.0
2026-03-28 07:00:00+00:00,83.1,83.65,83.1,83.55,4459726.0
2026-03-28 08:00:00+00:00,83.55,83.63,83.3,83.33,5619577.0
2026-03-28 09:00:00+00:00,83.33,83.33,82.86,82.99,6675131.0
2026-03-28 10:00:00+00:00,82.99,83.29,82.64,82.97,7392446.0
2026-03-28 11:00:00+00:00,82.97,83.03,82.84,82.89,2414751.0
2026-03-28 12:00:00+00:00,82.89,83.19,82.53,82.63,6371161.0
2026-03-28 13:00:00+00:00,82.63,84.08,82.63,83.3,12192348.0
2026-03-28 14:00:00+00:00,83.3,83.47,82.9,83.17,9841361.0
2026-03-28 15:00:00+00:00,83.17,84.26,83.12,83.74,10408654.0
2026-03-28 16:00:00+00:00,83.74,83.88,83.41,83.48,5586957.0
2026-03-28 17:00:00+00:00,83.48,83.67,83.07,83.23,7778231.0
2026-03-28 18:00:00+00:00,83.23,83.47,83.23,83.29,5658222.0
2026-03-28 19:00:00+00:00,83.29,83.37,82.92,83.21,5559105.0
2026-03-28 20:00:00+00:00,83.21,83.45,83.21,83.33,3983625.0
2026-03-28 21:00:00+00:00,83.33,83.37,82.3,82.61,8316268.0
2026-03-28 22:00:00+00:00,82.61,82.85,82.37,82.74,4939647.0
2026-03-28 23:00:00+00:00,82.74,82.74,81.61,82.0,11103751.0
2026-03-29 00:00:00+00:00,82.0,82.22,81.77,82.15,5241039.0
2026-03-29 01:00:00+00:00,82.15,82.46,81.99,82.39,4648946.0
2026-03-29 02:00:00+00:00,82.39,82.8,82.33,82.7,4028211.0
2026-03-29 03:00:00+00:00,82.7,83.2,82.62,82.93,4808468.0
2026-03-29 04:00:00+00:00,82.93,82.97,82.64,82.72,2803756.0
2026-03-29 05:00:00+00:00,82.72,82.82,82.35,82.64,4262011.0
2026-03-29 06:00:00+00:00,82.64,82.77,82.24,82.43,4497965.0
2026-03-29 07:00:00+00:00,82.43,82.58,82.16,82.39,5727944.0
2026-03-29 08:00:00+00:00,82.39,82.56,82.27,82.4,3754728.0
2026-03-29 09:00:00+00:00,82.4,82.49,82.1,82.3,4936712.0
2026-03-29 10:00:00+00:00,82.3,82.3,81.9,82.07,6602023.0
2026-03-29 11:00:00+00:00,82.07,82.79,82.06,82.52,7359672.0
2026-03-29 12:00:00+00:00,82.52,82.59,82.16,82.39,4636405.0
2026-03-29 13:00:00+00:00,82.39,82.42,81.61,81.86,9150757.0
2026-03-29 14:00:00+00:00,81.86,82.38,81.64,81.88,7566897.0
2026-03-29 15:00:00+00:00,81.88,82.09,81.26,81.76,7425901.0
2026-03-29 16:00:00+00:00,81.76,82.08,81.54,81.63,5736948.0
2026-03-29 17:00:00+00:00,81.63,81.81,81.08,81.5,9397309.0
2026-03-29 18:00:00+00:00,81.5,81.88,81.31,81.74,4954293.0
2026-03-29 19:00:00+00:00,81.74,81.83,81.48,81.56,3629933.0
2026-03-29 20:00:00+00:00,81.56,82.2,81.54,81.88,6045961.0
2026-03-29 21:00:00+00:00,81.88,82.17,81.77,82.1,5593550.0
2026-03-29 22:00:00+00:00,82.1,82.1,78.78,80.86,24640553.0
2026-03-29 23:00:00+00:00,80.86,81.65,80.82,81.34,15149049.0
2026-03-30 00:00:00+00:00,81.34,82.96,81.06,81.82,15098652.0
2026-03-30 01:00:00+00:00,81.82,82.83,81.82,82.66,8154203.0
2026-03-30 02:00:00+00:00,82.66,83.91,82.4,83.3,8066086.0
2026-03-30 03:00:00+00:00,83.3,83.5,82.88,83.23,5403076.0
2026-03-30 04:00:00+00:00,83.23,83.82,83.21,83.72,6878480.0
2026-03-30 05:00:00+00:00,83.72,84.12,83.43,83.59,7510618.0
2026-03-30 06:00:00+00:00,83.59,83.84,83.36,83.43,4853999.0
2026-03-30 07:00:00+00:00,83.43,84.26,83.27,83.98,8667856.0
2026-03-30 08:00:00+00:00,83.98,84.87,83.95,84.48,9893992.0
2026-03-30 09:00:00+00:00,84.48,84.48,84.07,84.09,7472767.0
2026-03-30 10:00:00+00:00,84.09,84.18,83.54,83.87,5336019.0
2026-03-30 11:00:00+00:00,83.87,84.62,83.83,84.21,10090162.0
2026-03-30 12:00:00+00:00,84.21,84.57,84.06,84.46,8911863.0
2026-03-30 13:00:00+00:00,84.46,84.94,83.87,83.96,13176882.0
2026-03-30 14:00:00+00:00,83.96,84.61,83.59,84.33,16625718.0
2026-03-30 15:00:00+00:00,84.33,84.72,83.84,84.45,10830854.0
2026-03-30 16:00:00+00:00,84.45,84.49,83.86,84.17,8495431.0
2026-03-30 17:00:00+00:00,84.17,84.37,83.02,83.2,11522343.0
2026-03-30 18:00:00+00:00,83.2,83.38,82.37,82.65,15970676.0
2026-03-30 19:00:00+00:00,82.65,82.65,81.9,82.35,12839842.0
2026-03-30 20:00:00+00:00,82.35,82.85,82.3,82.73,9440227.0
2026-03-30 21:00:00+00:00,82.73,83.64,82.63,83.1,10607581.0
2026-03-30 22:00:00+00:00,83.1,83.48,82.58,82.76,7327148.0
2026-03-30 23:00:00+00:00,82.76,82.76,82.06,82.5,5977263.0
2026-03-31 00:00:00+00:00,82.5,82.91,82.08,82.69,8060295.0
2026-03-31 01:00:00+00:00,82.69,84.58,82.55,83.79,12473592.0
2026-03-31 02:00:00+00:00,83.79,84.05,83.53,83.78,6746135.0
2026-03-31 03:00:00+00:00,83.78,83.89,83.23,83.57,5425980.0
2026-03-31 04:00:00+00:00,83.57,83.88,83.22,83.28,5304517.0
2026-03-31 05:00:00+00:00,83.28,83.73,82.85,83.72,5933026.0
2026-03-31 06:00:00+00:00,83.72,83.79,83.01,83.36,5916156.0
2026-03-31 07:00:00+00:00,83.36,83.39,82.61,83.05,7854108.0
2026-03-31 08:00:00+00:00,83.05,83.31,82.17,82.19,11210014.0
2026-03-31 09:00:00+00:00,82.19,82.42,79.96,80.5,14642370.0
2026-03-31 10:00:00+00:00,80.5,80.9,80.26,80.39,10378646.0
2026-03-31 11:00:00+00:00,80.39,80.92,80.19,80.8,8915604.0
2026-03-31 12:00:00+00:00,80.8,81.05,80.33,80.73,8203004.0
2026-03-31 13:00:00+00:00,80.73,82.0,80.69,81.78,14859512.0
2026-03-31 14:00:00+00:00,81.78,82.55,80.33,80.57,22525363.0
2026-03-31 15:00:00+00:00,80.57,81.65,80.57,80.83,19431924.0
2026-03-31 16:00:00+00:00,80.83,82.89,80.81,82.35,16764243.0
2026-03-31 17:00:00+00:00,82.35,83.44,82.14,82.34,18514563.0
2026-03-31 18:00:00+00:00,82.34,83.06,82.34,82.84,9715738.0
2026-03-31 19:00:00+00:00,82.84,82.95,82.39,82.68,7516565.0
2026-03-31 20:00:00+00:00,82.68,83.39,82.55,83.13,11285214.0
2026-03-31 21:00:00+00:00,83.13,83.16,82.58,82.82,8942590.0
2026-03-31 22:00:00+00:00,82.82,82.87,82.27,82.72,6566945.0
2026-03-31 23:00:00+00:00,82.72,83.22,82.62,83.14,4522292.0
2026-04-01 00:00:00+00:00,83.14,83.55,82.8,83.36,6092251.0
2026-04-01 01:00:00+00:00,83.36,83.43,82.65,82.68,5440083.0
2026-04-01 02:00:00+00:00,82.68,82.88,82.41,82.59,3584816.0
2026-04-01 03:00:00+00:00,82.59,83.47,82.59,83.38,6487289.0
2026-04-01 04:00:00+00:00,83.38,83.82,83.21,83.7,5397534.0
2026-04-01 05:00:00+00:00,83.7,84.3,83.32,84.08,6454611.0
2026-04-01 06:00:00+00:00,84.08,84.68,83.98,84.39,8584256.0
2026-04-01 07:00:00+00:00,84.39,84.71,83.75,83.79,8967241.0
2026-04-01 08:00:00+00:00,83.79,84.02,83.36,83.58,6420745.0
2026-04-01 09:00:00+00:00,83.58,83.72,83.09,83.34,7258370.0
2026-04-01 10:00:00+00:00,83.34,83.46,82.98,83.33,6219473.0
2026-04-01 11:00:00+00:00,83.33,83.54,83.1,83.32,4252099.0
2026-04-01 12:00:00+00:00,83.32,83.75,82.73,82.98,12035834.0
2026-04-01 13:00:00+00:00,82.98,83.41,82.32,82.64,13489293.0
2026-04-01 14:00:00+00:00,82.64,83.54,82.47,83.35,11890890.0
2026-04-01 15:00:00+00:00,83.35,83.84,83.04,83.58,8795936.0
2026-04-01 16:00:00+00:00,83.58,85.27,82.98,85.18,22087575.0
2026-04-01 17:00:00+00:00,85.18,86.57,84.18,84.38,28736389.0
2026-04-01 18:00:00+00:00,84.38,84.43,83.48,83.59,14980444.0
2026-04-01 19:00:00+00:00,83.59,84.36,83.57,83.78,10071951.0
2026-04-01 20:00:00+00:00,83.78,83.85,82.24,82.55,15282896.0
2026-04-01 21:00:00+00:00,82.55,83.17,81.34,81.81,15371036.0
2026-04-01 22:00:00+00:00,81.81,81.91,80.72,81.11,14890172.0
2026-04-01 23:00:00+00:00,81.11,81.43,80.95,81.15,7223679.0
2026-04-02 00:00:00+00:00,81.15,81.72,80.86,81.57,8602368.0
2026-04-02 01:00:00+00:00,81.57,81.57,78.91,79.29,24251538.0
2026-04-02 02:00:00+00:00,79.29,79.29,78.23,78.81,14071976.0
2026-04-02 03:00:00+00:00,78.81,79.35,78.62,78.95,6836540.0
2026-04-02 04:00:00+00:00,78.95,79.14,78.68,78.78,5925367.0
2026-04-02 05:00:00+00:00,78.78,79.37,78.56,79.2,8707091.0
2026-04-02 06:00:00+00:00,79.2,79.38,78.88,79.07,4529000.0
2026-04-02 07:00:00+00:00,79.07,79.63,78.92,79.58,5169368.0
2026-04-02 08:00:00+00:00,79.58,79.58,78.98,79.06,4497824.0
2026-04-02 09:00:00+00:00,79.06,79.32,78.87,79.22,5185212.0
2026-04-02 10:00:00+00:00,79.22,79.28,78.72,78.83,5839494.0
2026-04-02 11:00:00+00:00,78.83,78.94,78.13,78.28,11447638.0
2026-04-02 12:00:00+00:00,78.28,78.55,77.84,77.94,12039109.0
2026-04-02 13:00:00+00:00,77.94,78.22,76.64,77.68,24210966.0
2026-04-02 14:00:00+00:00,77.68,79.67,77.46,79.04,28038468.0
2026-04-02 15:00:00+00:00,79.04,79.21,78.26,79.01,11772400.0
2026-04-02 16:00:00+00:00,79.01,79.87,78.66,79.41,10373734.0
2026-04-02 17:00:00+00:00,79.41,79.66,78.52,78.55,9475078.0
2026-04-02 18:00:00+00:00,78.55,79.27,78.38,79.09,8625945.0
2026-04-02 19:00:00+00:00,79.09,79.24,78.65,78.94,6236132.0
2026-04-02 20:00:00+00:00,78.94,79.34,78.72,79.13,7969121.0
2026-04-02 21:00:00+00:00,79.13,79.22,78.58,78.92,5702935.0
2026-04-02 22:00:00+00:00,78.92,79.12,78.68,78.94,4489342.0
2026-04-02 23:00:00+00:00,78.94,79.12,78.74,78.9,3569449.0
2026-04-03 00:00:00+00:00,78.9,79.35,78.81,79.17,4487171.0
2026-04-03 01:00:00+00:00,79.17,79.77,78.93,79.12,6760473.0
2026-04-03 02:00:00+00:00,79.12,79.56,78.79,79.32,5501380.0
2026-04-03 03:00:00+00:00,79.32,79.39,78.94,78.97,3313773.0
2026-04-03 04:00:00+00:00,78.97,79.5,78.95,79.26,5423172.0
2026-04-03 05:00:00+00:00,79.26,79.63,79.01,79.27,7184085.0
2026-04-03 06:00:00+00:00,79.27,79.67,79.14,79.6,7751165.0
2026-04-03 07:00:00+00:00,79.6,80.32,79.39,79.9,9497302.0
2026-04-03 08:00:00+00:00,79.9,80.1,79.57,79.72,8149331.0
2026-04-03 09:00:00+00:00,79.72,80.17,79.63,79.91,7179950.0
2026-04-03 10:00:00+00:00,79.91,80.15,79.64,80.11,9459141.0
2026-04-03 11:00:00+00:00,80.11,80.43,79.82,80.13,9393596.0
2026-04-03 12:00:00+00:00,80.13,80.9,79.17,79.29,12040453.0
2026-04-03 13:00:00+00:00,79.29,79.6,79.1,79.57,8808737.0
2026-04-03 14:00:00+00:00,79.57,80.29,79.39,80.2,13302475.0
2026-04-03 15:00:00+00:00,80.2,80.66,80.1,80.3,13204218.0
2026-04-03 16:00:00+00:00,80.3,80.64,80.19,80.51,7849775.0
2026-04-03 17:00:00+00:00,80.51,80.52,79.84,80.16,7640019.0
2026-04-03 18:00:00+00:00,80.16,80.41,80.04,80.08,6389735.0
2026-04-03 19:00:00+00:00,80.08,80.25,79.81,80.15,5993137.0
2026-04-03 20:00:00+00:00,80.15,80.28,80.09,80.14,3525933.0
2026-04-03 21:00:00+00:00,80.14,80.66,80.07,80.36,6562770.0
2026-04-03 22:00:00+00:00,80.36,80.46,79.9,80.11,5693953.0
2026-04-03 23:00:00+00:00,80.11,80.5,80.04,80.35,3764587.0
2026-04-04 00:00:00+00:00,80.35,80.35,80.09,80.18,3519933.0
2026-04-04 01:00:00+00:00,80.18,80.29,79.99,80.09,2673051.0
2026-04-04 02:00:00+00:00,80.09,80.24,80.01,80.13,1991127.0
2026-04-04 03:00:00+00:00,80.13,80.23,80.08,80.09,1404192.0
2026-04-04 04:00:00+00:00,80.09,80.28,80.09,80.2,982614.0
2026-04-04 05:00:00+00:00,80.2,80.23,80.06,80.14,1932022.0
2026-04-04 06:00:00+00:00,80.14,80.5,80.09,80.42,3244588.0
2026-04-04 07:00:00+00:00,80.42,80.43,80.15,80.27,2488799.0
2026-04-04 08:00:00+00:00,80.27,80.35,79.85,79.93,3843276.0
2026-04-04 09:00:00+00:00,79.93,80.07,79.84,79.99,3152746.0
2026-04-04 10:00:00+00:00,79.99,80.27,79.95,80.19,4489437.0
2026-04-04 11:00:00+00:00,80.19,80.26,79.98,80.15,3424370.0
2026-04-04 12:00:00+00:00,80.15,80.21,79.94,80.05,2852732.0
2026-04-04 13:00:00+00:00,80.05,80.18,79.84,79.98,4777666.0
2026-04-04 14:00:00+00:00,79.98,80.35,79.53,80.32,7188346.0
2026-04-04 15:00:00+00:00,80.32,81.62,80.23,81.06,17083702.0
2026-04-04 16:00:00+00:00,81.06,81.32,80.67,80.7,10227755.0
2026-04-04 17:00:00+00:00,80.7,81.0,80.56,80.88,5350544.0
2026-04-04 18:00:00+00:00,80.88,81.1,80.65,80.79,5787928.0
2026-04-04 19:00:00+00:00,80.79,81.27,80.66,80.79,8095875.0
2026-04-04 20:00:00+00:00,80.79,80.82,80.57,80.74,4843790.0
2026-04-04 21:00:00+00:00,80.74,80.99,80.7,80.89,4596060.0
2026-04-04 22:00:00+00:00,80.89,81.02,80.83,80.95,2341914.0
2026-04-04 23:00:00+00:00,80.95,80.95,80.65,80.79,2826118.0
2026-04-05 00:00:00+00:00,80.79,80.81,80.42,80.64,3163560.0
2026-04-05 01:00:00+00:00,80.64,80.75,80.43,80.46,3053202.0
2026-04-05 02:00:00+00:00,80.46,80.62,80.26,80.54,3304059.0
2026-04-05 03:00:00+00:00,80.54,80.57,80.34,80.51,1290615.0
2026-04-05 04:00:00+00:00,80.51,80.52,80.22,80.28,1836412.0
2026-04-05 05:00:00+00:00,80.28,80.37,80.04,80.25,3848851.0
2026-04-05 06:00:00+00:00,80.25,80.33,79.33,79.55,9081124.0
2026-04-05 07:00:00+00:00,79.55,79.84,79.47,79.56,3460713.0
2026-04-05 08:00:00+00:00,79.56,79.66,79.48,79.56,2723532.0
2026-04-05 09:00:00+00:00,79.56,79.82,79.56,79.79,3331450.0
2026-04-05 10:00:00+00:00,79.79,80.2,79.73,79.8,5059215.0
2026-04-05 11:00:00+00:00,79.8,79.88,79.7,79.87,3103252.0
2026-04-05 12:00:00+00:00,79.87,79.91,78.74,78.95,10281605.0
2026-04-05 13:00:00+00:00,78.95,79.2,78.44,79.15,10219531.0
2026-04-05 14:00:00+00:00,79.15,79.45,79.06,79.24,6544827.0
2026-04-05 15:00:00+00:00,79.24,80.3,78.93,79.56,14248341.0
2026-04-05 16:00:00+00:00,79.56,79.78,79.31,79.42,7508316.0
2026-04-05 17:00:00+00:00,79.42,79.88,79.29,79.85,6293327.0
2026-04-05 18:00:00+00:00,79.85,80.09,79.66,79.89,5405892.0
2026-04-05 19:00:00+00:00,79.89,80.19,79.47,79.77,6812345.0
2026-04-05 20:00:00+00:00,79.77,80.19,79.76,80.12,7303992.0
2026-04-05 21:00:00+00:00,80.12,80.17,79.45,79.7,5917691.0
2026-04-05 22:00:00+00:00,79.7,80.67,79.04,80.54,13282322.0
2026-04-05 23:00:00+00:00,80.54,82.11,80.42,81.86,16801053.0
2026-04-06 00:00:00+00:00,81.86,82.95,81.86,82.3,16362881.0
2026-04-06 01:00:00+00:00,82.3,82.4,81.62,81.66,5787854.0
2026-04-06 02:00:00+00:00,81.66,82.78,81.62,82.38,6147413.0
2026-04-06 03:00:00+00:00,82.38,82.46,81.9,82.07,2996069.0
2026-04-06 04:00:00+00:00,82.07,82.37,81.76,81.97,3896719.0
2026-04-06 05:00:00+00:00,81.97,82.05,81.8,81.87,3022488.0
2026-04-06 06:00:00+00:00,81.87,82.13,80.91,81.46,8044116.0
2026-04-06 07:00:00+00:00,81.46,81.96,81.3,81.77,5293213.0
2026-04-06 08:00:00+00:00,81.77,82.22,81.65,81.94,4797538.0
2026-04-06 09:00:00+00:00,81.94,83.2,81.84,82.42,12411459.0
2026-04-06 10:00:00+00:00,82.42,82.87,82.42,82.64,6051389.0
2026-04-06 11:00:00+00:00,82.64,82.66,82.27,82.39,6040997.0
2026-04-06 12:00:00+00:00,82.39,82.49,82.14,82.25,6310026.0
2026-04-06 13:00:00+00:00,82.25,82.64,82.11,82.43,8768668.0
2026-04-06 14:00:00+00:00,82.43,82.76,81.68,82.18,14942247.0
2026-04-06 15:00:00+00:00,82.18,82.42,81.95,82.25,5922057.0
2026-04-06 16:00:00+00:00,82.25,82.45,81.54,81.57,7582716.0
2026-04-06 17:00:00+00:00,81.57,81.75,81.12,81.61,9877938.0
2026-04-06 18:00:00+00:00,81.61,82.2,81.5,81.83,9660037.0
2026-04-06 19:00:00+00:00,81.83,81.98,81.48,81.85,7418581.0
2026-04-06 20:00:00+00:00,81.85,82.11,81.75,81.94,7083670.0
2026-04-06 21:00:00+00:00,81.94,81.94,81.31,81.42,7137302.0
2026-04-06 22:00:00+00:00,81.42,81.47,80.09,80.11,12708809.0
2026-04-06 23:00:00+00:00,80.11,80.21,79.51,79.97,15341006.0
2026-04-07 00:00:00+00:00,79.97,80.17,79.52,79.83,6992447.0
2026-04-07 01:00:00+00:00,79.83,80.08,79.3,79.46,6312070.0
2026-04-07 02:00:00+00:00,79.46,79.85,79.41,79.66,3876519.0
2026-04-07 03:00:00+00:00,79.66,79.85,79.62,79.74,1955178.0
2026-04-07 04:00:00+00:00,79.74,80.11,79.6,79.87,2973153.0
2026-04-07 05:00:00+00:00,79.87,79.91,79.38,79.55,4922368.0
2026-04-07 06:00:00+00:00,79.55,79.59,79.22,79.47,4147049.0
2026-04-07 07:00:00+00:00,79.47,79.9,79.39,79.82,3796481.0
2026-04-07 08:00:00+00:00,79.82,80.39,79.76,80.1,8112640.0
2026-04-07 09:00:00+00:00,80.1,80.55,80.09,80.34,7874061.0
2026-04-07 10:00:00+00:00,80.34,80.43,79.16,79.33,12289689.0
2026-04-07 11:00:00+00:00,79.33,79.5,78.86,79.17,9122734.0
2026-04-07 12:00:00+00:00,79.17,79.36,78.61,79.1,8161504.0
2026-04-07 13:00:00+00:00,79.1,79.2,78.77,78.83,6991000.0
2026-04-07 14:00:00+00:00,78.83,79.06,78.31,78.54,12750260.0
2026-04-07 15:00:00+00:00,78.54,78.95,78.32,78.83,9184244.0
2026-04-07 16:00:00+00:00,78.83,79.15,78.59,78.85,9403002.0
2026-04-07 17:00:00+00:00,78.85,80.98,78.78,80.04,15598319.0
2026-04-07 18:00:00+00:00,80.04,80.17,79.47,79.9,8918115.0
2026-04-07 19:00:00+00:00,79.9,81.82,79.85,81.57,23529611.0
2026-04-07 20:00:00+00:00,81.57,82.38,81.57,81.9,20359047.0
2026-04-07 21:00:00+00:00,81.9,83.27,81.84,82.88,18995087.0
2026-04-07 22:00:00+00:00,82.88,85.22,82.88,85.22,24130815.0
2026-04-07 23:00:00+00:00,85.22,87.06,85.07,85.53,22640453.0
2026-04-08 00:00:00+00:00,85.53,85.89,84.23,84.75,17304301.0
2026-04-08 01:00:00+00:00,84.75,84.97,84.42,84.67,5885455.0
2026-04-08 02:00:00+00:00,84.67,84.95,84.36,84.57,4031619.0
2026-04-08 03:00:00+00:00,84.57,84.66,84.34,84.53,2539405.0
2026-04-08 04:00:00+00:00,84.53,85.0,84.45,84.46,3701325.0
2026-04-08 05:00:00+00:00,84.46,84.74,84.13,84.2,3156563.0
2026-04-08 06:00:00+00:00,84.2,84.7,83.83,84.52,6170598.0
2026-04-08 07:00:00+00:00,84.52,84.7,84.18,84.47,4597883.0
2026-04-08 08:00:00+00:00,84.47,84.85,84.4,84.84,5276181.0
2026-04-08 09:00:00+00:00,84.84,84.95,84.5,84.63,5582334.0
2026-04-08 10:00:00+00:00,84.63,84.79,84.46,84.48,5174206.0
2026-04-08 11:00:00+00:00,84.48,84.83,84.11,84.43,9034351.0
2026-04-08 12:00:00+00:00,84.43,84.65,84.07,84.5,6405074.0
2026-04-08 13:00:00+00:00,84.5,84.96,83.86,84.02,13149911.0
2026-04-08 14:00:00+00:00,84.02,84.12,82.47,82.86,18295898.0
2026-04-08 15:00:00+00:00,82.86,83.47,82.75,83.29,9630493.0
2026-04-08 16:00:00+00:00,83.29,83.61,83.01,83.45,7250832.0
2026-04-08 17:00:00+00:00,83.45,84.16,83.27,83.94,10575922.0
2026-04-08 18:00:00+00:00,83.94,83.99,82.76,82.89,11547479.0
2026-04-08 19:00:00+00:00,82.89,83.19,82.73,83.16,8731464.0
2026-04-08 20:00:00+00:00,83.16,83.34,82.96,83.23,5449512.0
2026-04-08 21:00:00+00:00,83.23,83.58,83.12,83.37,6529455.0
2026-04-08 22:00:00+00:00,83.37,83.45,82.55,82.58,7780488.0
2026-04-08 23:00:00+00:00,82.58,82.98,82.19,82.52,8432276.0
2026-04-09 00:00:00+00:00,82.52,82.62,82.02,82.16,5977246.0
2026-04-09 01:00:00+00:00,82.16,82.28,81.65,82.18,5888688.0
2026-04-09 02:00:00+00:00,82.18,82.4,82.02,82.09,3463859.0
2026-04-09 03:00:00+00:00,82.09,82.14,81.84,81.98,3509415.0
2026-04-09 04:00:00+00:00,81.98,81.99,81.78,81.8,2777210.0
2026-04-09 05:00:00+00:00,81.8,82.3,81.69,82.12,3877566.0
2026-04-09 06:00:00+00:00,82.12,82.33,81.78,82.12,5014283.0
2026-04-09 07:00:00+00:00,82.12,82.44,82.12,82.23,3601558.0
2026-04-09 08:00:00+00:00,82.23,82.62,82.06,82.43,6448370.0
2026-04-09 09:00:00+00:00,82.43,82.63,82.08,82.56,5660819.0
2026-04-09 10:00:00+00:00,82.56,82.63,82.3,82.54,4803221.0
2026-04-09 11:00:00+00:00,82.54,82.69,81.98,82.14,7838488.0
2026-04-09 12:00:00+00:00,82.14,82.34,81.92,82.24,7520176.0
2026-04-09 13:00:00+00:00,82.24,82.39,81.51,81.82,8891247.0
2026-04-09 14:00:00+00:00,81.82,82.28,81.35,82.14,12587597.0
2026-04-09 15:00:00+00:00,82.14,83.89,81.85,83.7,18307840.0
2026-04-09 16:00:00+00:00,83.7,84.23,82.86,83.64,15988461.0
2026-04-09 17:00:00+00:00,83.64,84.65,83.63,84.61,14781891.0
2026-04-09 18:00:00+00:00,84.61,84.67,83.38,83.8,11621519.0
2026-04-09 19:00:00+00:00,83.8,84.28,83.37,84.11,10003669.0
2026-04-09 20:00:00+00:00,84.11,84.49,84.04,84.21,8688336.0
2026-04-09 21:00:00+00:00,84.21,84.72,84.1,84.23,9815983.0
2026-04-09 22:00:00+00:00,84.23,85.93,83.89,83.94,15903053.0
2026-04-09 23:00:00+00:00,83.94,84.03,83.1,83.28,8013714.0
2026-04-10 00:00:00+00:00,83.28,83.32,82.84,83.07,6154974.0
2026-04-10 01:00:00+00:00,83.07,83.74,82.76,83.14,6108034.0
2026-04-10 02:00:00+00:00,83.14,83.42,83.0,83.21,2457157.0
2026-04-10 03:00:00+00:00,83.21,83.22,82.65,82.85,3618205.0
2026-04-10 04:00:00+00:00,82.85,83.48,82.84,83.25,2072641.0
2026-04-10 05:00:00+00:00,83.25,83.55,83.05,83.36,3207481.0
2026-04-10 06:00:00+00:00,83.36,83.44,83.06,83.15,3531732.0
2026-04-10 07:00:00+00:00,83.15,83.23,82.82,82.92,4237443.0
2026-04-10 08:00:00+00:00,82.92,83.09,82.66,82.88,5862510.0
2026-04-10 09:00:00+00:00,82.88,83.55,82.87,83.49,6680518.0
2026-04-10 10:00:00+00:00,83.49,83.5,83.06,83.25,4634864.0
2026-04-10 11:00:00+00:00,83.25,83.73,83.25,83.49,8469433.0
2026-04-10 12:00:00+00:00,83.49,84.4,83.32,84.08,14926236.0
2026-04-10 13:00:00+00:00,84.08,84.35,83.53,84.22,10950376.0
2026-04-10 14:00:00+00:00,84.22,85.2,84.14,85.05,12122383.0
2026-04-10 15:00:00+00:00,85.05,85.57,84.02,84.19,12775276.0
2026-04-10 16:00:00+00:00,84.19,84.91,84.08,84.8,7967593.0
2026-04-10 17:00:00+00:00,84.8,84.86,84.41,84.82,6527408.0
2026-04-10 18:00:00+00:00,84.82,85.24,84.57,85.17,5694722.0
2026-04-10 19:00:00+00:00,85.17,85.45,85.06,85.41,6937367.0
2026-04-10 20:00:00+00:00,85.41,85.66,84.99,85.41,7663169.0
2026-04-10 21:00:00+00:00,85.41,85.41,84.9,85.19,5703017.0
2026-04-10 22:00:00+00:00,85.19,85.24,84.58,84.84,3614531.0
2026-04-10 23:00:00+00:00,84.84,84.93,84.69,84.78,2817365.0
2026-04-11 00:00:00+00:00,84.78,84.81,84.48,84.63,2767114.0
2026-04-11 01:00:00+00:00,84.63,84.69,84.34,84.61,2111954.0
2026-04-11 02:00:00+00:00,84.61,84.89,84.54,84.75,2200747.0
2026-04-11 03:00:00+00:00,84.75,84.85,84.27,84.36,2595127.0
2026-04-11 04:00:00+00:00,84.36,84.57,84.15,84.33,3160856.0
2026-04-11 05:00:00+00:00,84.33,84.36,84.03,84.04,2868863.0
2026-04-11 06:00:00+00:00,84.04,84.11,83.82,84.08,3282070.0
2026-04-11 07:00:00+00:00,84.08,84.3,84.01,84.22,2726738.0
2026-04-11 08:00:00+00:00,84.22,84.38,84.1,84.1,2764221.0
2026-04-11 09:00:00+00:00,84.1,84.76,84.1,84.45,5052656.0
2026-04-11 10:00:00+00:00,84.45,84.47,83.9,84.0,5077046.0
2026-04-11 11:00:00+00:00,84.0,84.23,83.75,84.19,4305533.0
2026-04-11 12:00:00+00:00,84.19,84.48,84.01,84.18,4714428.0
2026-04-11 13:00:00+00:00,84.18,84.27,83.78,84.05,5521478.0
2026-04-11 14:00:00+00:00,84.05,84.4,83.96,84.34,4050152.0
2026-04-11 15:00:00+00:00,84.34,84.84,84.2,84.62,7231300.0
2026-04-11 16:00:00+00:00,84.62,85.36,84.56,84.94,8953789.0
2026-04-11 17:00:00+00:00,84.94,84.98,84.63,84.76,5345837.0
2026-04-11 18:00:00+00:00,84.76,85.78,84.59,85.45,9582981.0
2026-04-11 19:00:00+00:00,85.45,86.24,85.37,85.98,11131881.0
2026-04-11 20:00:00+00:00,85.98,86.06,85.05,85.37,11703041.0
2026-04-11 21:00:00+00:00,85.37,85.51,85.14,85.29,4957240.0
2026-04-11 22:00:00+00:00,85.29,86.15,85.01,85.24,9121550.0
2026-04-11 23:00:00+00:00,85.24,85.24,84.44,84.88,6746822.0
2026-04-12 00:00:00+00:00,84.88,84.97,84.66,84.85,3476226.0
2026-04-12 01:00:00+00:00,84.85,84.93,81.98,82.24,12793678.0
2026-04-12 02:00:00+00:00,82.24,82.92,81.81,82.61,6907898.0
2026-04-12 03:00:00+00:00,82.61,82.74,82.27,82.28,3366741.0
2026-04-12 04:00:00+00:00,82.28,82.41,82.09,82.17,4673125.0
2026-04-12 05:00:00+00:00,82.17,82.42,82.01,82.35,4195775.0
2026-04-12 06:00:00+00:00,82.35,82.44,82.15,82.21,2727422.0
2026-04-12 07:00:00+00:00,82.21,82.39,82.17,82.24,2812919.0
2026-04-12 08:00:00+00:00,82.24,82.24,82.07,82.24,2937351.0
2026-04-12 09:00:00+00:00,82.24,82.38,82.07,82.15,3923571.0
2026-04-12 10:00:00+00:00,82.15,82.3,81.88,81.98,4285288.0
2026-04-12 11:00:00+00:00,81.98,82.33,81.89,82.16,4666944.0
2026-04-12 12:00:00+00:00,82.16,82.51,81.83,81.97,9261002.0
2026-04-12 13:00:00+00:00,81.97,82.18,81.69,81.84,8146057.0
2026-04-12 14:00:00+00:00,81.84,82.06,81.22,81.51,11250682.0
2026-04-12 15:00:00+00:00,81.51,81.78,81.26,81.55,6355808.0
2026-04-12 16:00:00+00:00,81.55,81.84,81.47,81.82,5262147.0
2026-04-12 17:00:00+00:00,81.82,82.27,81.69,82.12,8654765.0
2026-04-12 18:00:00+00:00,82.12,82.3,81.98,82.07,5245790.0
2026-04-12 19:00:00+00:00,82.07,82.27,81.86,81.93,5617830.0
2026-04-12 20:00:00+00:00,81.93,82.86,81.86,82.64,10209147.0
2026-04-12 21:00:00+00:00,82.64,82.86,82.36,82.76,8292481.0
2026-04-12 22:00:00+00:00,82.76,82.78,81.32,81.94,15872384.0
2026-04-12 23:00:00+00:00,81.94,81.94,81.25,81.49,7918776.0
2026-04-13 00:00:00+00:00,81.49,82.19,81.36,82.1,9364824.0
2026-04-13 01:00:00+00:00,82.1,82.3,81.91,82.27,5794262.0
2026-04-13 02:00:00+00:00,82.27,82.4,81.83,81.89,6574701.0
2026-04-13 03:00:00+00:00,81.89,82.02,81.68,81.87,4484139.0
2026-04-13 04:00:00+00:00,81.87,82.21,81.8,81.87,5698703.0
2026-04-13 05:00:00+00:00,81.87,81.95,81.48,81.8,5150506.0
2026-04-13 06:00:00+00:00,81.8,82.57,81.77,82.3,6761326.0
2026-04-13 07:00:00+00:00,82.3,82.36,81.79,82.13,5529840.0
2026-04-13 08:00:00+00:00,82.13,82.25,81.67,81.81,5812619.0
2026-04-13 09:00:00+00:00,81.81,82.17,81.75,81.81,5356729.0
2026-04-13 10:00:00+00:00,81.81,81.94,81.61,81.7,4118977.0
2026-04-13 11:00:00+00:00,81.7,82.01,81.65,81.82,5248665.0
2026-04-13 12:00:00+00:00,81.82,82.78,81.77,82.51,10457373.0
2026-04-13 13:00:00+00:00,82.51,83.68,82.25,83.59,18500941.0
2026-04-13 14:00:00+00:00,83.59,83.78,82.73,83.75,20011379.0
2026-04-13 15:00:00+00:00,83.75,83.85,82.3,82.62,18874362.0
2026-04-13 16:00:00+00:00,82.62,83.6,82.3,83.33,17484349.0
2026-04-13 17:00:00+00:00,83.33,83.82,82.98,83.02,10843313.0
2026-04-13 18:00:00+00:00,83.02,83.25,82.54,83.19,8999942.0
2026-04-13 19:00:00+00:00,83.19,84.24,83.06,84.07,16885218.0
2026-04-13 20:00:00+00:00,84.07,84.34,83.77,83.89,12363226.0
2026-04-13 21:00:00+00:00,83.89,84.14,83.81,83.92,6632002.0
2026-04-13 22:00:00+00:00,83.92,86.45,83.91,86.2,31097093.0
2026-04-13 23:00:00+00:00,86.2,86.8,85.87,86.5,18029811.0
2026-04-14 00:00:00+00:00,86.5,86.73,85.72,85.88,9622061.0
2026-04-14 01:00:00+00:00,85.88,86.11,85.65,85.94,3336434.0
2026-04-14 02:00:00+00:00,85.94,86.39,85.85,86.19,3234696.0
2026-04-14 03:00:00+00:00,86.19,86.27,85.93,86.02,2622638.0
2026-04-14 04:00:00+00:00,86.02,86.04,85.54,85.89,3379851.0
2026-04-14 05:00:00+00:00,85.89,85.9,85.41,85.49,3563049.0
2026-04-14 06:00:00+00:00,85.49,86.06,85.48,85.93,4583140.0
2026-04-14 07:00:00+00:00,85.93,86.17,85.75,85.87,6140499.0
2026-04-14 08:00:00+00:00,85.87,86.35,85.65,86.09,6784670.0
2026-04-14 09:00:00+00:00,86.09,86.23,85.93,86.06,5465566.0
2026-04-14 10:00:00+00:00,86.06,86.52,85.96,85.98,10037373.0
2026-04-14 11:00:00+00:00,85.98,86.09,85.56,85.75,7300747.0
2026-04-14 12:00:00+00:00,85.75,85.96,85.53,85.92,5965093.0
2026-04-14 13:00:00+00:00,85.92,87.39,85.87,87.27,22067334.0
2026-04-14 14:00:00+00:00,87.27,87.64,85.92,85.92,25597204.0
2026-04-14 15:00:00+00:00,85.92,86.26,85.2,85.93,20108504.0
2026-04-14 16:00:00+00:00,85.93,86.13,84.72,85.0,13931775.0
2026-04-14 17:00:00+00:00,85.0,85.44,84.66,85.21,12311000.0
2026-04-14 18:00:00+00:00,85.21,85.39,83.84,84.04,13460429.0
2026-04-14 19:00:00+00:00,84.04,84.29,83.66,83.86,12203819.0
2026-04-14 20:00:00+00:00,83.86,84.13,83.35,83.57,10923116.0
2026-04-14 21:00:00+00:00,83.57,83.94,83.5,83.77,6715648.0
2026-04-14 22:00:00+00:00,83.77,83.89,83.25,83.46,7357952.0
2026-04-14 23:00:00+00:00,83.46,84.01,83.41,83.66,4810551.0
2026-04-15 00:00:00+00:00,83.66,84.01,83.5,83.73,6625297.0
2026-04-15 01:00:00+00:00,83.73,83.98,83.51,83.86,3705742.0
2026-04-15 02:00:00+00:00,83.86,83.95,83.06,83.34,6214474.0
2026-04-15 03:00:00+00:00,83.34,83.47,83.23,83.42,2546531.0
2026-04-15 04:00:00+00:00,83.42,83.62,83.29,83.54,3334154.0
2026-04-15 05:00:00+00:00,83.54,83.74,82.89,83.08,6616214.0
2026-04-15 06:00:00+00:00,83.08,83.09,82.73,82.95,5721638.0
2026-04-15 07:00:00+00:00,82.95,83.17,82.59,82.88,6904026.0
2026-04-15 08:00:00+00:00,82.88,83.24,82.68,83.08,5982901.0
2026-04-15 09:00:00+00:00,83.08,83.19,82.81,83.12,6166429.0
2026-04-15 10:00:00+00:00,83.12,83.61,82.85,83.1,7930199.0
2026-04-15 11:00:00+00:00,83.1,83.64,83.0,83.55,5920400.0
2026-04-15 12:00:00+00:00,83.55,83.84,83.33,83.66,6355080.0
2026-04-15 13:00:00+00:00,83.66,83.78,83.15,83.59,12085284.0
2026-04-15 14:00:00+00:00,83.59,84.47,83.34,84.26,19932230.0
2026-04-15 15:00:00+00:00,84.26,84.45,83.44,83.95,17234685.0
2026-04-15 16:00:00+00:00,83.95,84.68,83.84,84.5,17784111.0
2026-04-15 17:00:00+00:00,84.5,85.13,84.37,84.67,15454414.0
2026-04-15 18:00:00+00:00,84.67,85.03,84.49,84.99,9179215.0
2026-04-15 19:00:00+00:00,84.99,85.81,84.9,85.47,14722968.0
2026-04-15 20:00:00+00:00,85.47,85.55,84.56,84.76,9095902.0
2026-04-15 21:00:00+00:00,84.76,84.86,84.15,84.75,6526584.0
2026-04-15 22:00:00+00:00,84.75,85.59,84.69,84.99,8166765.0
2026-04-15 23:00:00+00:00,84.99,84.99,84.59,84.82,5852168.0
2026-04-16 00:00:00+00:00,84.82,85.03,84.44,84.89,3774970.0
2026-04-16 01:00:00+00:00,84.89,84.9,84.43,84.82,2509447.0
2026-04-16 02:00:00+00:00,84.82,85.55,84.67,85.07,5260992.0
2026-04-16 03:00:00+00:00,85.07,85.47,85.04,85.26,3643385.0
2026-04-16 04:00:00+00:00,85.26,85.53,84.92,85.19,2915634.0
2026-04-16 05:00:00+00:00,85.19,85.5,84.99,85.37,2975924.0
2026-04-16 06:00:00+00:00,85.37,85.5,85.13,85.43,2698475.0
2026-04-16 07:00:00+00:00,85.43,85.61,85.06,85.16,5562685.0
2026-04-16 08:00:00+00:00,85.16,85.27,84.84,84.99,8242129.0
2026-04-16 09:00:00+00:00,84.99,85.47,84.91,85.15,5023100.0
2026-04-16 10:00:00+00:00,85.15,85.2,84.56,85.0,9649376.0
2026-04-16 11:00:00+00:00,85.0,85.14,84.89,85.03,3824095.0
2026-04-16 12:00:00+00:00,85.03,85.48,85.0,85.33,6285724.0
2026-04-16 13:00:00+00:00,85.33,86.25,83.75,84.74,25290217.0
2026-04-16 14:00:00+00:00,84.74,85.66,83.99,85.35,21412239.0
2026-04-16 15:00:00+00:00,85.35,87.11,85.26,86.58,24183950.0
2026-04-16 16:00:00+00:00,86.58,87.07,85.58,85.89,17093192.0
2026-04-16 17:00:00+00:00,85.89,86.76,85.66,86.61,10834012.0
2026-04-16 18:00:00+00:00,86.61,89.06,86.46,88.96,30096650.0
2026-04-16 19:00:00+00:00,88.96,90.11,88.59,90.07,25385513.0
2026-04-16 20:00:00+00:00,90.07,90.44,89.22,89.55,20904343.0
2026-04-16 21:00:00+00:00,89.55,89.74,88.68,88.9,13169611.0
2026-04-16 22:00:00+00:00,88.9,89.45,88.82,88.97,11064801.0
2026-04-16 23:00:00+00:00,88.97,89.19,88.78,89.03,4970976.0
2026-04-17 00:00:00+00:00,89.03,89.15,88.54,88.77,4309435.0
2026-04-17 01:00:00+00:00,88.77,88.98,87.86,88.2,6999323.0
2026-04-17 02:00:00+00:00,88.2,88.33,87.47,87.83,6825185.0
2026-04-17 03:00:00+00:00,87.83,87.94,87.43,87.66,3403114.0
2026-04-17 04:00:00+00:00,87.66,88.25,87.64,87.94,4269238.0
2026-04-17 05:00:00+00:00,87.94,87.95,87.24,87.34,6981528.0
2026-04-17 06:00:00+00:00,87.34,88.05,87.3,87.96,6947220.0
2026-04-17 07:00:00+00:00,87.96,88.44,87.93,88.1,7773101.0
2026-04-17 08:00:00+00:00,88.1,89.03,88.07,88.91,11122862.0
2026-04-17 09:00:00+00:00,88.91,89.48,88.18,88.65,14310151.0
2026-04-17 10:00:00+00:00,88.65,88.69,87.26,87.62,13898186.0
2026-04-17 11:00:00+00:00,87.62,88.28,87.57,88.16,6890923.0
2026-04-17 12:00:00+00:00,88.16,88.87,87.85,88.84,11429045.0
2026-04-17 13:00:00+00:00,88.84,90.5,88.52,90.09,35140894.0
2026-04-17 14:00:00+00:00,90.09,90.72,89.57,89.98,18080667.0
2026-04-17 15:00:00+00:00,89.98,90.14,89.43,89.9,12061157.0
2026-04-17 16:00:00+00:00,89.9,90.56,89.85,90.38,13204598.0
2026-04-17 17:00:00+00:00,90.38,90.39,89.03,89.69,13868903.0
2026-04-17 18:00:00+00:00,89.69,89.8,88.82,89.11,10880557.0
2026-04-17 19:00:00+00:00,89.11,89.47,88.87,89.17,8302067.0
2026-04-17 20:00:00+00:00,89.17,89.34,88.44,88.95,9677290.0
2026-04-17 21:00:00+00:00,88.95,89.25,88.72,89.07,4729304.0
2026-04-17 22:00:00+00:00,89.07,89.42,88.89,89.18,4301765.0
2026-04-17 23:00:00+00:00,89.18,89.18,88.42,88.72,5477561.0
2026-04-18 00:00:00+00:00,88.72,89.09,88.61,88.9,3367610.0
2026-04-18 01:00:00+00:00,88.9,89.13,88.64,88.81,3773044.0
2026-04-18 02:00:00+00:00,88.81,89.05,88.61,88.86,2346515.0
2026-04-18 03:00:00+00:00,88.86,88.86,88.17,88.25,2256533.0
2026-04-18 04:00:00+00:00,88.25,88.5,88.18,88.3,2573873.0
2026-04-18 05:00:00+00:00,88.3,88.6,88.1,88.35,3697813.0
2026-04-18 06:00:00+00:00,88.35,88.56,88.25,88.46,2506301.0
2026-04-18 07:00:00+00:00,88.46,88.5,88.24,88.39,2923648.0
2026-04-18 08:00:00+00:00,88.39,88.45,87.05,87.49,13276645.0
2026-04-18 09:00:00+00:00,87.49,87.63,87.08,87.56,6478549.0
2026-04-18 10:00:00+00:00,87.56,87.59,86.67,86.91,9226515.0
2026-04-18 11:00:00+00:00,86.91,86.92,86.22,86.49,11886518.0
2026-04-18 12:00:00+00:00,86.49,86.92,86.44,86.84,6519039.0
2026-04-18 13:00:00+00:00,86.84,86.94,86.25,86.69,6839617.0
2026-04-18 14:00:00+00:00,86.69,86.82,86.38,86.78,4183309.0
2026-04-18 15:00:00+00:00,86.78,86.92,86.51,86.71,4014253.0
2026-04-18 16:00:00+00:00,86.71,86.97,86.4,86.65,4930056.0
2026-04-18 17:00:00+00:00,86.65,86.79,86.46,86.7,3725569.0
2026-04-18 18:00:00+00:00,86.7,86.7,85.72,85.91,11694625.0
2026-04-18 19:00:00+00:00,85.91,86.24,85.88,86.09,3971629.0
2026-04-18 20:00:00+00:00,86.09,86.27,85.95,86.13,3081199.0
2026-04-18 21:00:00+00:00,86.13,86.22,85.99,86.17,3795710.0
2026-04-18 22:00:00+00:00,86.17,86.35,85.86,86.25,4576644.0
2026-04-18 23:00:00+00:00,86.25,86.43,86.08,86.09,3529915.0
2026-04-19 00:00:00+00:00,86.09,86.33,85.81,85.97,4611077.0
2026-04-19 01:00:00+00:00,85.97,86.18,85.54,85.71,5095121.0
2026-04-19 02:00:00+00:00,85.71,85.82,85.19,85.48,5058293.0
2026-04-19 03:00:00+00:00,85.48,85.75,85.25,85.55,2829468.0
2026-04-19 04:00:00+00:00,85.55,85.93,85.08,85.52,3959133.0
2026-04-19 05:00:00+00:00,85.52,85.74,85.34,85.43,3543803.0
2026-04-19 06:00:00+00:00,85.43,85.61,85.05,85.39,4538650.0
2026-04-19 07:00:00+00:00,85.39,85.4,84.36,84.82,11698492.0
2026-04-19 08:00:00+00:00,84.82,85.09,84.56,84.75,7439005.0
2026-04-19 09:00:00+00:00,84.75,84.99,84.5,84.55,5253285.0
2026-04-19 10:00:00+00:00,84.55,84.86,84.39,84.73,4384967.0
2026-04-19 11:00:00+00:00,84.73,85.68,84.71,85.55,11300283.0
2026-04-19 12:00:00+00:00,85.55,85.88,85.49,85.74,7597978.0
2026-04-19 13:00:00+00:00,85.74,86.89,85.7,86.28,16288172.0
2026-04-19 14:00:00+00:00,86.28,87.08,85.92,86.48,15821517.0
2026-04-19 15:00:00+00:00,86.48,86.63,85.52,86.31,13963308.0
2026-04-19 16:00:00+00:00,86.31,86.46,85.68,85.82,9493685.0
2026-04-19 17:00:00+00:00,85.82,85.95,84.95,85.08,14479456.0
2026-04-19 18:00:00+00:00,85.08,85.25,84.82,85.05,8086765.0
2026-04-19 19:00:00+00:00,85.05,85.53,85.05,85.28,6562259.0
2026-04-19 20:00:00+00:00,85.28,85.32,84.68,84.91,9590433.0
2026-04-19 21:00:00+00:00,84.91,85.2,84.55,84.65,6509831.0
2026-04-19 22:00:00+00:00,84.65,84.65,82.84,83.72,15777086.0
2026-04-19 23:00:00+00:00,83.72,83.72,83.28,83.41,6146964.0
2026-04-20 00:00:00+00:00,83.41,84.14,83.27,83.95,7807812.0
2026-04-20 01:00:00+00:00,83.95,84.51,83.88,84.29,4464149.0
2026-04-20 02:00:00+00:00,84.29,84.35,83.66,84.15,5163174.0
2026-04-20 03:00:00+00:00,84.15,84.58,84.07,84.53,4030851.0
2026-04-20 04:00:00+00:00,84.53,84.58,84.2,84.53,3011222.0
2026-04-20 05:00:00+00:00,84.53,84.55,83.67,83.82,7083045.0
2026-04-20 06:00:00+00:00,83.82,84.74,83.74,84.41,6145982.0
2026-04-20 07:00:00+00:00,84.41,85.74,84.4,84.7,9894889.0
2026-04-20 08:00:00+00:00,84.7,85.09,84.52,84.62,6149318.0
2026-04-20 09:00:00+00:00,84.62,85.2,84.57,85.03,7118378.0
2026-04-20 10:00:00+00:00,85.03,85.39,84.77,84.8,5350172.0
2026-04-20 11:00:00+00:00,84.8,85.34,84.71,85.0,6007621.0
2026-04-20 12:00:00+00:00,85.0,85.51,84.8,85.27,7332111.0
2026-04-20 13:00:00+00:00,85.27,85.49,84.81,85.26,15468098.0
2026-04-20 14:00:00+00:00,85.26,85.79,84.47,84.74,20698102.0
2026-04-20 15:00:00+00:00,84.74,85.86,84.36,85.83,15382094.0
2026-04-20 16:00:00+00:00,85.83,85.85,85.22,85.27,9623051.0
2026-04-20 17:00:00+00:00,85.27,86.1,85.21,85.66,14487355.0
2026-04-20 18:00:00+00:00,85.66,86.18,85.66,86.02,9883943.0
2026-04-20 19:00:00+00:00,86.02,86.06,85.7,85.77,3907409.0
2026-04-20 20:00:00+00:00,85.77,86.15,85.61,85.9,5707010.0
2026-04-20 21:00:00+00:00,85.9,86.18,85.45,85.75,6692167.0
2026-04-20 22:00:00+00:00,85.75,86.03,85.56,85.65,3735085.0
2026-04-20 23:00:00+00:00,85.65,85.65,85.17,85.24,3723991.0
2026-04-21 00:00:00+00:00,85.24,85.74,85.21,85.63,2973464.0
2026-04-21 01:00:00+00:00,85.63,85.81,85.3,85.39,3924644.0
2026-04-21 02:00:00+00:00,85.39,85.42,85.13,85.23,2446082.0
2026-04-21 03:00:00+00:00,85.23,85.47,84.96,85.14,5306382.0
2026-04-21 04:00:00+00:00,85.14,85.43,84.97,85.4,3655097.0
2026-04-21 05:00:00+00:00,85.4,85.81,85.37,85.63,4388996.0
2026-04-21 06:00:00+00:00,85.63,85.91,85.13,85.63,7576050.0
2026-04-21 07:00:00+00:00,85.63,85.92,85.35,85.65,7469074.0
2026-04-21 08:00:00+00:00,85.65,86.33,85.57,85.76,6299849.0
2026-04-21 09:00:00+00:00,85.76,85.84,85.46,85.83,7075668.0
2026-04-21 10:00:00+00:00,85.83,86.29,85.79,86.1,5563697.0
2026-04-21 11:00:00+00:00,86.1,86.13,85.66,85.8,7382792.0
2026-04-21 12:00:00+00:00,85.8,85.99,85.12,85.47,9729305.0
2026-04-21 13:00:00+00:00,85.47,85.83,85.24,85.78,11084701.0
2026-04-21 14:00:00+00:00,85.78,86.86,85.55,85.73,19645756.0
2026-04-21 15:00:00+00:00,85.73,86.25,85.34,85.99,14032880.0
2026-04-21 16:00:00+00:00,85.99,86.25,85.6,85.64,10277354.0
2026-04-21 17:00:00+00:00,85.64,85.76,84.65,85.28,15852412.0
2026-04-21 18:00:00+00:00,85.28,85.36,84.68,85.21,8663472.0
2026-04-21 19:00:00+00:00,85.21,85.69,84.26,84.53,13347640.0
2026-04-21 20:00:00+00:00,84.53,85.74,84.4,85.36,14061247.0
2026-04-21 21:00:00+00:00,85.36,85.53,84.96,85.1,6864720.0
2026-04-21 22:00:00+00:00,85.1,85.39,84.94,85.32,7821784.0
2026-04-21 23:00:00+00:00,85.32,86.1,85.28,86.01,6648089.0
2026-04-22 00:00:00+00:00,86.01,86.49,85.97,86.47,10626567.0
2026-04-22 01:00:00+00:00,86.47,86.51,86.05,86.22,4115928.0
2026-04-22 02:00:00+00:00,86.22,87.57,86.17,87.39,13027705.0
2026-04-22 03:00:00+00:00,87.39,87.85,87.09,87.23,8564007.0
2026-04-22 04:00:00+00:00,87.23,87.31,86.93,87.0,4077043.0
2026-04-22 05:00:00+00:00,87.0,88.33,86.96,88.0,10265751.0
2026-04-22 06:00:00+00:00,88.0,88.18,87.77,87.92,5609816.0
2026-04-22 07:00:00+00:00,87.92,88.26,87.67,88.03,6290532.0
2026-04-22 08:00:00+00:00,88.03,88.31,87.57,87.96,7253297.0
2026-04-22 09:00:00+00:00,87.96,88.87,87.81,88.27,7883299.0
2026-04-22 10:00:00+00:00,88.27,88.39,88.1,88.31,4529129.0
2026-04-22 11:00:00+00:00,88.31,88.48,88.13,88.29,6962090.0
2026-04-22 12:00:00+00:00,88.29,88.67,88.18,88.55,6079021.0
2026-04-22 13:00:00+00:00,88.55,89.16,88.41,89.08,11347985.0
2026-04-22 14:00:00+00:00,89.08,89.29,88.45,88.69,15132765.0
2026-04-22 15:00:00+00:00,88.69,88.75,88.0,88.13,11228963.0
2026-04-22 16:00:00+00:00,88.13,88.42,87.45,87.61,9866510.0
2026-04-22 17:00:00+00:00,87.61,87.98,87.59,87.8,6763775.0
2026-04-22 18:00:00+00:00,87.8,88.34,87.75,87.78,6276015.0
2026-04-22 19:00:00+00:00,87.78,87.81,87.06,87.34,10435811.0
2026-04-22 20:00:00+00:00,87.34,87.46,87.01,87.11,5604015.0
2026-04-22 21:00:00+00:00,87.11,87.61,87.07,87.55,5356087.0
2026-04-22 22:00:00+00:00,87.55,87.7,87.24,87.39,3692293.0
2026-04-22 23:00:00+00:00,87.39,87.43,86.75,86.83,5281603.0
2026-04-23 00:00:00+00:00,86.83,87.11,85.91,86.8,11667505.0
2026-04-23 01:00:00+00:00,86.8,86.84,86.08,86.39,5994774.0
2026-04-23 02:00:00+00:00,86.39,86.39,85.67,85.89,9400511.0
2026-04-23 03:00:00+00:00,85.89,86.04,85.42,85.73,8691237.0
2026-04-23 04:00:00+00:00,85.73,85.96,85.6,85.91,4263905.0
2026-04-23 05:00:00+00:00,85.91,86.09,85.47,85.83,8329837.0
2026-04-23 06:00:00+00:00,85.83,86.18,85.78,86.15,5151339.0
2026-04-23 07:00:00+00:00,86.15,86.17,85.8,85.85,5607823.0
2026-04-23 08:00:00+00:00,85.85,85.89,85.5,85.66,8122571.0
2026-04-23 09:00:00+00:00,85.66,85.66,85.21,85.47,8968619.0
2026-04-23 10:00:00+00:00,85.47,85.57,85.14,85.39,9310807.0
2026-04-23 11:00:00+00:00,85.39,85.87,85.32,85.76,7223895.0
2026-04-23 12:00:00+00:00,85.76,86.05,85.66,85.93,12207164.0
2026-04-23 13:00:00+00:00,85.93,86.0,85.52,85.72,9542352.0
2026-04-23 14:00:00+00:00,85.72,86.16,85.5,86.0,11195658.0
2026-04-23 15:00:00+00:00,86.0,86.61,85.75,86.31,14911292.0
2026-04-23 16:00:00+00:00,86.31,86.38,85.72,85.76,8056485.0
2026-04-23 17:00:00+00:00,85.76,85.82,84.42,85.3,24237527.0
2026-04-23 18:00:00+00:00,85.3,85.63,85.18,85.22,10336120.0
2026-04-23 19:00:00+00:00,85.22,85.52,85.08,85.24,5659695.0
2026-04-23 20:00:00+00:00,85.24,85.8,85.22,85.54,5493965.0
2026-04-23 21:00:00+00:00,85.54,85.95,85.45,85.74,6034570.0
2026-04-23 22:00:00+00:00,85.74,86.2,85.74,85.9,5608234.0
2026-04-23 23:00:00+00:00,85.9,86.15,85.55,86.07,8706019.0
2026-04-24 00:00:00+00:00,86.07,86.32,85.99,86.15,5467110.0
2026-04-24 01:00:00+00:00,86.15,86.28,85.76,86.24,3288856.0
2026-04-24 02:00:00+00:00,86.24,86.34,85.71,85.82,3631168.0
2026-04-24 03:00:00+00:00,85.82,85.89,85.32,85.64,9002205.0
2026-04-24 04:00:00+00:00,85.64,85.66,85.13,85.26,3737630.0
2026-04-24 05:00:00+00:00,85.26,85.78,85.09,85.65,4362148.0
2026-04-24 06:00:00+00:00,85.65,85.69,85.29,85.38,3133514.0
2026-04-24 07:00:00+00:00,85.38,85.57,85.29,85.45,3885835.0
2026-04-24 08:00:00+00:00,85.45,85.7,85.24,85.31,5770189.0
2026-04-24 09:00:00+00:00,85.31,85.44,84.89,85.42,6357484.0
2026-04-24 10:00:00+00:00,85.42,85.7,85.13,85.66,6202331.0
2026-04-24 11:00:00+00:00,85.66,86.25,85.65,86.14,11373860.0
2026-04-24 12:00:00+00:00,86.14,86.75,86.02,86.3,18178971.0
2026-04-24 13:00:00+00:00,86.3,86.55,85.78,86.03,13541522.0
2026-04-24 14:00:00+00:00,86.03,86.18,85.6,85.98,12465001.0
2026-04-24 15:00:00+00:00,85.98,86.53,85.45,86.44,11857823.0
2026-04-24 16:00:00+00:00,86.44,86.56,86.04,86.29,8354667.0
2026-04-24 17:00:00+00:00,86.29,86.5,86.07,86.44,10196256.0
2026-04-24 18:00:00+00:00,86.44,86.5,85.9,86.31,9352715.0
2026-04-24 19:00:00+00:00,86.31,86.49,86.18,86.3,5803413.0
2026-04-24 20:00:00+00:00,86.3,86.89,86.18,86.82,12012688.0
2026-04-24 21:00:00+00:00,86.82,86.93,86.33,86.41,7319124.0
2026-04-24 22:00:00+00:00,86.41,86.41,86.03,86.13,4232111.0
2026-04-24 23:00:00+00:00,86.13,86.26,86.09,86.13,2157487.0
2026-04-25 00:00:00+00:00,86.13,86.23,85.98,86.2,3297024.0
2026-04-25 01:00:00+00:00,86.2,86.32,86.08,86.23,3047008.0
2026-04-25 02:00:00+00:00,86.23,86.37,86.12,86.22,3029815.0
2026-04-25 03:00:00+00:00,86.22,86.46,86.22,86.42,2372831.0
2026-04-25 04:00:00+00:00,86.42,86.48,86.24,86.28,2347598.0
2026-04-25 05:00:00+00:00,86.28,86.28,86.08,86.16,2708655.0
2026-04-25 06:00:00+00:00,86.16,86.64,86.16,86.4,5415824.0
2026-04-25 07:00:00+00:00,86.4,86.47,86.2,86.32,4577279.0
2026-04-25 08:00:00+00:00,86.32,86.77,86.25,86.58,4346241.0
2026-04-25 09:00:00+00:00,86.58,86.75,86.5,86.53,2756199.0
2026-04-25 10:00:00+00:00,86.53,86.69,86.51,86.57,2872589.0
2026-04-25 11:00:00+00:00,86.57,86.58,86.15,86.31,6678286.0
2026-04-25 12:00:00+00:00,86.31,86.38,86.18,86.33,3572486.0
2026-04-25 13:00:00+00:00,86.33,86.63,86.33,86.56,4655030.0
2026-04-25 14:00:00+00:00,86.56,86.61,86.37,86.39,3918769.0
2026-04-25 15:00:00+00:00,86.39,86.58,86.08,86.18,6735515.0
2026-04-25 16:00:00+00:00,86.18,86.27,85.54,85.84,10467644.0
2026-04-25 17:00:00+00:00,85.84,85.84,85.5,85.5,6414991.0
2026-04-25 18:00:00+00:00,85.5,85.78,85.42,85.64,6384579.0
2026-04-25 19:00:00+00:00,85.64,85.71,85.51,85.62,4246303.0
2026-04-25 20:00:00+00:00,85.62,85.88,85.55,85.87,3197303.0
2026-04-25 21:00:00+00:00,85.87,86.06,85.69,85.85,5178514.0
2026-04-25 22:00:00+00:00,85.85,86.16,85.81,86.06,3787109.0
2026-04-25 23:00:00+00:00,86.06,86.13,85.97,86.12,2028852.0
2026-04-26 00:00:00+00:00,86.12,86.16,85.87,85.96,2901777.0
2026-04-26 01:00:00+00:00,85.96,86.07,85.92,85.93,3290420.0
2026-04-26 02:00:00+00:00,85.93,86.35,85.91,86.35,3806314.0
2026-04-26 03:00:00+00:00,86.35,86.43,85.78,85.94,6266784.0
2026-04-26 04:00:00+00:00,85.94,86.7,85.89,86.4,6564079.0
2026-04-26 05:00:00+00:00,86.4,86.67,86.11,86.41,8431542.0
2026-04-26 06:00:00+00:00,86.41,86.56,86.33,86.47,3419954.0
2026-04-26 07:00:00+00:00,86.47,86.6,86.39,86.59,3305257.0
2026-04-26 08:00:00+00:00,86.59,86.73,86.45,86.53,8116121.0
2026-04-26 09:00:00+00:00,86.53,86.56,86.41,86.5,2352231.0
2026-04-26 10:00:00+00:00,86.5,86.58,86.38,86.44,2890625.0
2026-04-26 11:00:00+00:00,86.44,86.62,86.42,86.46,3896785.0
2026-04-26 12:00:00+00:00,86.46,86.46,85.84,86.04,9596560.0
2026-04-26 13:00:00+00:00,86.04,86.21,85.92,86.07,7864151.0
2026-04-26 14:00:00+00:00,86.07,86.46,86.0,86.35,5874970.0
2026-04-26 15:00:00+00:00,86.35,86.54,86.3,86.49,5765361.0
2026-04-26 16:00:00+00:00,86.49,86.56,86.32,86.38,25842369.0
2026-04-26 17:00:00+00:00,86.38,86.54,86.22,86.48,5061828.0
2026-04-26 18:00:00+00:00,86.48,86.96,86.37,86.76,9660342.0
2026-04-26 19:00:00+00:00,86.76,87.2,86.62,86.83,12361183.0
2026-04-26 20:00:00+00:00,86.83,86.89,86.54,86.67,6057301.0
2026-04-26 21:00:00+00:00,86.67,87.08,86.05,86.78,12266286.0
2026-04-26 22:00:00+00:00,86.78,87.3,86.26,86.68,10352759.0
2026-04-26 23:00:00+00:00,86.68,87.15,86.47,86.87,5573384.0
2026-04-27 00:00:00+00:00,86.87,87.39,86.5,87.3,6670180.0
2026-04-27 01:00:00+00:00,87.3,87.85,87.21,87.78,9495625.0
2026-04-27 02:00:00+00:00,87.78,88.06,87.32,87.78,7059243.0
2026-04-27 03:00:00+00:00,87.78,88.03,87.64,87.69,4719160.0
2026-04-27 04:00:00+00:00,87.69,87.8,87.35,87.48,4680072.0
2026-04-27 05:00:00+00:00,87.48,87.5,85.73,85.89,21760107.0
2026-04-27 06:00:00+00:00,85.89,85.99,85.36,85.66,11226283.0
2026-04-27 07:00:00+00:00,85.66,85.73,85.19,85.2,8691394.0
2026-04-27 08:00:00+00:00,85.2,85.46,84.99,85.45,7738300.0
2026-04-27 09:00:00+00:00,85.45,85.58,85.08,85.41,7859984.0
2026-04-27 10:00:00+00:00,85.41,85.52,85.08,85.13,5820042.0
2026-04-27 11:00:00+00:00,85.13,85.23,85.0,85.2,5900054.0
2026-04-27 12:00:00+00:00,85.2,85.21,84.84,85.05,7160184.0
2026-04-27 13:00:00+00:00,85.05,85.34,84.65,85.08,11534340.0
2026-04-27 14:00:00+00:00,85.08,85.81,84.94,85.18,15332901.0
2026-04-27 15:00:00+00:00,85.18,85.2,83.57,84.1,26808996.0
2026-04-27 16:00:00+00:00,84.1,84.34,83.96,84.22,7467851.0
2026-04-27 17:00:00+00:00,84.22,84.63,84.21,84.41,7567821.0
2026-04-27 18:00:00+00:00,84.41,84.66,84.34,84.51,4673932.0
2026-04-27 19:00:00+00:00,84.51,84.6,83.74,84.11,9625016.0
2026-04-27 20:00:00+00:00,84.11,84.3,84.08,84.22,3409464.0
2026-04-27 21:00:00+00:00,84.22,84.43,84.03,84.2,4040374.0
2026-04-27 22:00:00+00:00,84.2,84.58,84.13,84.49,3881365.0
2026-04-27 23:00:00+00:00,84.49,84.89,84.4,84.78,3666932.0
2026-04-28 00:00:00+00:00,84.78,84.89,84.54,84.76,4662844.0
2026-04-28 01:00:00+00:00,84.76,84.82,84.34,84.36,4649951.0
2026-04-28 02:00:00+00:00,84.36,84.6,83.85,84.13,6990968.0
2026-04-28 03:00:00+00:00,84.13,84.15,83.96,84.11,1773771.0
2026-04-28 04:00:00+00:00,84.11,84.39,83.77,84.02,4193022.0
2026-04-28 05:00:00+00:00,84.02,84.42,84.01,84.16,3986440.0
2026-04-28 06:00:00+00:00,84.16,84.27,83.62,83.89,7602882.0
2026-04-28 07:00:00+00:00,83.89,84.01,83.57,83.97,6600018.0
2026-04-28 08:00:00+00:00,83.97,84.15,83.69,83.9,8917011.0
2026-04-28 09:00:00+00:00,83.9,83.92,83.27,83.59,8621813.0
2026-04-28 10:00:00+00:00,83.59,83.76,83.57,83.75,3771707.0
2026-04-28 11:00:00+00:00,83.75,83.81,83.17,83.36,8631706.0
2026-04-28 12:00:00+00:00,83.36,83.71,83.19,83.65,7007084.0
2026-04-28 13:00:00+00:00,83.65,83.98,83.13,83.5,14078065.0
2026-04-28 14:00:00+00:00,83.5,83.5,82.91,83.36,13573925.0
2026-04-28 15:00:00+00:00,83.36,83.48,83.15,83.42,6795235.0
2026-04-28 16:00:00+00:00,83.42,83.69,83.27,83.55,7303708.0
2026-04-28 17:00:00+00:00,83.55,83.79,83.32,83.56,4752820.0
2026-04-28 18:00:00+00:00,83.56,83.83,83.54,83.77,4357665.0
2026-04-28 19:00:00+00:00,83.77,83.99,83.64,83.85,4286673.0
2026-04-28 20:00:00+00:00,83.85,83.98,83.71,83.72,3618765.0
2026-04-28 21:00:00+00:00,83.72,83.92,83.57,83.69,4128662.0
2026-04-28 22:00:00+00:00,83.69,83.88,83.53,83.68,2422576.0
2026-04-28 23:00:00+00:00,83.68,84.12,83.59,84.01,3358491.0
2026-04-29 00:00:00+00:00,84.01,84.13,83.76,84.0,4490268.0
2026-04-29 01:00:00+00:00,84.0,84.16,83.75,84.03,5112832.0
2026-04-29 02:00:00+00:00,84.03,84.18,83.88,83.99,3012093.0
2026-04-29 03:00:00+00:00,83.99,84.7,83.99,84.54,7279994.0
2026-04-29 04:00:00+00:00,84.54,85.04,84.39,84.91,7409339.0
2026-04-29 05:00:00+00:00,84.91,84.95,84.65,84.81,5184510.0
2026-04-29 06:00:00+00:00,84.81,84.98,84.5,84.59,4697445.0
2026-04-29 07:00:00+00:00,84.59,84.82,84.57,84.67,3004457.0
2026-04-29 08:00:00+00:00,84.67,84.72,84.3,84.48,4651340.0
2026-04-29 09:00:00+00:00,84.48,85.5,84.43,85.25,9187593.0
2026-04-29 10:00:00+00:00,85.25,85.53,85.09,85.11,9596477.0
2026-04-29 11:00:00+00:00,85.11,85.14,84.75,84.87,5641355.0
2026-04-29 12:00:00+00:00,84.87,84.88,83.87,84.21,12551012.0
2026-04-29 13:00:00+00:00,84.21,84.24,83.58,83.95,11309046.0
2026-04-29 14:00:00+00:00,83.95,84.01,83.58,83.79,9101084.0
2026-04-29 15:00:00+00:00,83.79,83.88,82.92,83.19,16327058.0
2026-04-29 16:00:00+00:00,83.19,83.59,82.9,83.07,10633108.0
2026-04-29 17:00:00+00:00,83.07,83.4,82.68,83.31,10946397.0
2026-04-29 18:00:00+00:00,83.31,83.4,81.32,82.24,23812017.0
2026-04-29 19:00:00+00:00,82.24,82.31,81.91,82.13,11061005.0
2026-04-29 20:00:00+00:00,82.13,82.77,82.1,82.58,7620848.0
2026-04-29 21:00:00+00:00,82.58,83.19,82.47,82.86,6288479.0
2026-04-29 22:00:00+00:00,82.86,83.09,82.76,83.02,3672677.0
2026-04-29 23:00:00+00:00,83.02,83.07,82.78,83.02,4129975.0
2026-04-30 00:00:00+00:00,83.02,83.99,83.01,83.78,13195102.0
2026-04-30 01:00:00+00:00,83.78,83.98,83.62,83.72,5195519.0
2026-04-30 02:00:00+00:00,83.72,83.94,82.64,82.94,8700328.0
2026-04-30 03:00:00+00:00,82.94,83.2,82.81,83.02,3714186.0
2026-04-30 04:00:00+00:00,83.02,83.05,82.31,82.37,6245117.0
2026-04-30 05:00:00+00:00,82.37,82.75,82.09,82.53,7382220.0
2026-04-30 06:00:00+00:00,82.53,83.02,82.5,82.89,5070956.0
2026-04-30 07:00:00+00:00,82.89,83.36,82.82,83.32,5223986.0
2026-04-30 08:00:00+00:00,83.32,83.4,83.08,83.08,9635674.0
2026-04-30 09:00:00+00:00,83.08,83.53,83.01,83.1,6543334.0
2026-04-30 10:00:00+00:00,83.1,83.19,82.88,82.96,4035298.0
2026-04-30 11:00:00+00:00,82.96,83.35,82.75,82.98,6258266.0
2026-04-30 12:00:00+00:00,82.98,83.45,82.95,83.17,4604215.0
2026-04-30 13:00:00+00:00,83.17,83.53,82.83,83.16,8947247.0
2026-04-30 14:00:00+00:00,83.16,83.4,82.62,83.18,10258710.0
2026-04-30 15:00:00+00:00,83.18,83.8,82.98,83.3,9946137.0
2026-04-30 16:00:00+00:00,83.3,83.4,82.89,82.97,6162685.0
2026-04-30 17:00:00+00:00,82.97,83.1,82.81,83.0,4012326.0
2026-04-30 18:00:00+00:00,83.0,83.27,82.94,83.02,6102557.0
2026-04-30 19:00:00+00:00,83.02,83.26,82.96,82.99,6490420.0
2026-04-30 20:00:00+00:00,82.99,83.18,82.94,83.06,3382724.0
2026-04-30 21:00:00+00:00,83.06,83.11,82.78,82.82,3808901.0
2026-04-30 22:00:00+00:00,82.82,83.0,82.74,82.8,3790762.0
2026-04-30 23:00:00+00:00,82.8,83.05,82.8,83.04,2860694.0
2026-05-01 00:00:00+00:00,83.04,83.4,83.03,83.15,7559884.0
2026-05-01 01:00:00+00:00,83.15,83.65,83.14,83.57,4995016.0
2026-05-01 02:00:00+00:00,83.57,83.79,83.4,83.58,4258419.0
2026-05-01 03:00:00+00:00,83.58,84.37,83.52,83.85,10191083.0
2026-05-01 04:00:00+00:00,83.85,84.03,83.63,83.77,3051036.0
2026-05-01 05:00:00+00:00,83.77,84.2,83.71,84.01,4257018.0
2026-05-01 06:00:00+00:00,84.01,84.14,83.64,83.8,4072187.0
2026-05-01 07:00:00+00:00,83.8,83.94,83.61,83.9,3724901.0
2026-05-01 08:00:00+00:00,83.9,84.27,83.86,84.13,4779193.0
2026-05-01 09:00:00+00:00,84.13,84.15,83.87,83.92,3645356.0
2026-05-01 10:00:00+00:00,83.92,84.05,83.68,83.9,5170900.0
2026-05-01 11:00:00+00:00,83.9,84.19,83.82,83.97,4320420.0
2026-05-01 12:00:00+00:00,83.97,84.57,83.87,84.23,13012076.0
2026-05-01 13:00:00+00:00,84.23,84.82,84.19,84.57,12943509.0
2026-05-01 14:00:00+00:00,84.57,84.7,83.85,84.17,14223345.0
2026-05-01 15:00:00+00:00,84.17,84.59,83.97,84.42,8051365.0
2026-05-01 16:00:00+00:00,84.42,84.59,83.94,83.97,8187526.0
2026-05-01 17:00:00+00:00,83.97,84.25,83.88,84.2,5712282.0
2026-05-01 18:00:00+00:00,84.2,84.28,83.94,83.96,3311945.0
2026-05-01 19:00:00+00:00,83.96,84.04,83.75,83.86,4872859.0
2026-05-01 20:00:00+00:00,83.86,83.89,83.28,83.45,8539218.0
2026-05-01 21:00:00+00:00,83.45,83.77,83.39,83.68,13717161.0
2026-05-01 22:00:00+00:00,83.68,83.85,83.52,83.71,9685693.0
2026-05-01 23:00:00+00:00,83.71,83.83,83.52,83.7,2010769.0
2026-05-02 00:00:00+00:00,83.7,83.83,83.4,83.79,2692489.0
2026-05-02 01:00:00+00:00,83.79,84.0,83.72,84.0,2030340.0
2026-05-02 02:00:00+00:00,84.0,84.14,83.82,83.89,2606601.0
2026-05-02 03:00:00+00:00,83.89,83.93,83.65,83.77,2857547.0
2026-05-02 04:00:00+00:00,83.77,83.79,83.49,83.58,3289083.0
2026-05-02 05:00:00+00:00,83.58,83.69,83.47,83.65,2169979.0
2026-05-02 06:00:00+00:00,83.65,83.81,83.52,83.77,2336742.0
2026-05-02 07:00:00+00:00,83.77,83.81,83.65,83.67,2388923.0
2026-05-02 08:00:00+00:00,83.67,83.85,83.58,83.79,2494758.0
2026-05-02 09:00:00+00:00,83.79,84.11,83.77,83.95,4421607.0
2026-05-02 10:00:00+00:00,83.95,83.97,83.81,83.89,3046310.0
2026-05-02 11:00:00+00:00,83.89,83.9,83.46,83.65,6688258.0
2026-05-02 12:00:00+00:00,83.65,84.05,83.62,83.81,5272441.0
2026-05-02 13:00:00+00:00,83.81,84.03,83.81,83.9,4446434.0
2026-05-02 14:00:00+00:00,83.9,84.05,83.86,83.93,3561447.0
2026-05-02 15:00:00+00:00,83.93,84.02,83.88,84.0,4389064.0
2026-05-02 16:00:00+00:00,84.0,84.24,83.97,84.15,4916236.0
2026-05-02 17:00:00+00:00,84.15,84.15,83.93,84.0,4589238.0
2026-05-02 18:00:00+00:00,84.0,84.18,83.89,84.14,4705709.0
2026-05-02 19:00:00+00:00,84.14,84.28,84.11,84.16,3096154.0
2026-05-02 20:00:00+00:00,84.16,84.19,84.04,84.16,2060880.0
2026-05-02 21:00:00+00:00,84.16,85.0,84.11,84.5,22177872.0
2026-05-02 22:00:00+00:00,84.5,84.61,84.02,84.41,11893252.0
2026-05-02 23:00:00+00:00,84.41,84.47,84.17,84.22,2451875.0
2026-05-03 00:00:00+00:00,84.22,84.27,83.76,84.05,4677742.0
2026-05-03 01:00:00+00:00,84.05,84.05,83.69,83.72,3965323.0
2026-05-03 02:00:00+00:00,83.72,83.79,83.55,83.63,3053968.0
2026-05-03 03:00:00+00:00,83.63,83.72,83.53,83.62,1442712.0
2026-05-03 04:00:00+00:00,83.62,83.69,83.52,83.64,8483205.0
2026-05-03 05:00:00+00:00,83.64,83.8,83.61,83.71,1413882.0
2026-05-03 06:00:00+00:00,83.71,83.83,83.53,83.69,2066911.0
2026-05-03 07:00:00+00:00,83.69,83.97,83.69,83.83,3522271.0
2026-05-03 08:00:00+00:00,83.83,83.97,83.75,83.83,4118884.0
2026-05-03 09:00:00+00:00,83.83,84.08,83.81,84.01,3343954.0
2026-05-03 10:00:00+00:00,84.01,84.01,83.76,83.76,2929891.0
2026-05-03 11:00:00+00:00,83.76,84.15,83.68,83.91,6150549.0
2026-05-03 12:00:00+00:00,83.91,84.2,83.9,84.05,4707877.0
2026-05-03 13:00:00+00:00,84.05,84.18,83.93,84.05,5341630.0
2026-05-03 14:00:00+00:00,84.05,84.41,84.04,84.32,7601214.0
2026-05-03 15:00:00+00:00,84.32,84.39,84.06,84.12,4536882.0
2026-05-03 16:00:00+00:00,84.12,84.27,83.95,84.1,6417610.0
2026-05-03 17:00:00+00:00,84.1,84.29,83.94,84.15,4486770.0
2026-05-03 18:00:00+00:00,84.15,84.29,84.06,84.23,3216123.0
2026-05-03 19:00:00+00:00,84.23,84.47,84.2,84.33,3458254.0
2026-05-03 20:00:00+00:00,84.33,84.7,84.21,84.3,9700863.0
2026-05-03 21:00:00+00:00,84.3,84.43,83.79,84.1,4928513.0
2026-05-03 22:00:00+00:00,84.1,84.95,84.1,84.64,14052909.0
2026-05-03 23:00:00+00:00,84.64,84.75,83.81,83.87,6940178.0
2026-05-04 00:00:00+00:00,83.87,83.87,83.3,83.74,7526626.0
2026-05-04 01:00:00+00:00,83.74,84.9,83.36,84.73,7884441.0
2026-05-04 02:00:00+00:00,84.73,85.61,84.7,85.22,12506837.0
2026-05-04 03:00:00+00:00,85.22,85.56,85.06,85.37,4812664.0
2026-05-04 04:00:00+00:00,85.37,85.88,85.35,85.73,6595469.0
2026-05-04 05:00:00+00:00,85.73,85.77,85.32,85.35,4674938.0
2026-05-04 06:00:00+00:00,85.35,85.39,84.46,84.83,8352300.0
2026-05-04 07:00:00+00:00,84.83,84.98,84.63,84.83,4225816.0
2026-05-04 08:00:00+00:00,84.83,84.86,84.58,84.73,5293427.0
2026-05-04 09:00:00+00:00,84.73,85.16,84.61,85.0,4802441.0
2026-05-04 10:00:00+00:00,85.0,85.04,83.2,83.99,26719475.0
2026-05-04 11:00:00+00:00,83.99,84.11,83.74,83.91,6140578.0
2026-05-04 12:00:00+00:00,83.91,84.11,83.8,83.84,3932544.0
2026-05-04 13:00:00+00:00,83.84,84.3,83.53,83.96,10403576.0
2026-05-04 14:00:00+00:00,83.96,85.3,83.73,84.95,22200409.0
2026-05-04 15:00:00+00:00,84.95,85.15,83.94,84.45,16470389.0
2026-05-04 16:00:00+00:00,84.45,84.76,83.93,84.44,8425055.0
2026-05-04 17:00:00+00:00,84.44,85.17,84.44,84.89,9101269.0
2026-05-04 18:00:00+00:00,84.89,85.01,84.54,84.71,5462022.0
2026-05-04 19:00:00+00:00,84.71,84.74,84.32,84.41,8639596.0
2026-05-04 20:00:00+00:00,84.41,84.43,84.01,84.05,7422681.0
2026-05-04 21:00:00+00:00,84.05,84.48,84.04,84.39,4256135.0
2026-05-04 22:00:00+00:00,84.39,84.52,84.12,84.16,3209087.0
2026-05-04 23:00:00+00:00,84.16,84.18,83.96,84.05,2778051.0
2026-05-05 00:00:00+00:00,84.05,84.31,83.97,84.26,1985055.0
2026-05-05 01:00:00+00:00,84.26,84.43,84.09,84.37,3886015.0
2026-05-05 02:00:00+00:00,84.37,84.8,84.29,84.47,4290022.0
2026-05-05 03:00:00+00:00,84.47,84.94,84.36,84.74,4118318.0
2026-05-05 04:00:00+00:00,84.74,84.86,84.54,84.73,3148464.0
2026-05-05 05:00:00+00:00,84.73,85.1,84.68,84.9,4377620.0
2026-05-05 06:00:00+00:00,84.9,84.97,84.52,84.96,4606064.0
2026-05-05 07:00:00+00:00,84.96,85.04,84.74,84.83,3899915.0
2026-05-05 08:00:00+00:00,84.83,84.87,84.65,84.74,2373517.0
2026-05-05 09:00:00+00:00,84.74,84.76,84.4,84.51,6220273.0
2026-05-05 10:00:00+00:00,84.51,84.92,84.37,84.88,6022540.0
2026-05-05 11:00:00+00:00,84.88,84.97,84.65,84.94,4554092.0
2026-05-05 12:00:00+00:00,84.94,85.33,84.86,85.28,8953136.0
2026-05-05 13:00:00+00:00,85.28,86.09,85.28,85.59,21176342.0
2026-05-05 14:00:00+00:00,85.59,85.72,85.11,85.45,10040265.0
2026-05-05 15:00:00+00:00,85.45,85.86,85.31,85.45,6776340.0
2026-05-05 16:00:00+00:00,85.45,85.66,85.02,85.28,8363175.0
2026-05-05 17:00:00+00:00,85.28,85.5,85.04,85.42,6636678.0
2026-05-05 18:00:00+00:00,85.42,85.85,85.39,85.83,7623705.0
2026-05-05 19:00:00+00:00,85.83,86.53,85.77,86.47,14867402.0
2026-05-05 20:00:00+00:00,86.47,86.89,86.38,86.61,14297821.0
2026-05-05 21:00:00+00:00,86.61,86.93,86.24,86.68,7418248.0
2026-05-05 22:00:00+00:00,86.68,86.96,86.16,86.54,8207837.0
2026-05-05 23:00:00+00:00,86.54,86.65,86.13,86.25,4175502.0
2026-05-06 00:00:00+00:00,86.25,86.52,86.06,86.34,3324420.0
2026-05-06 01:00:00+00:00,86.34,87.0,86.27,86.81,4458503.0
2026-05-06 02:00:00+00:00,86.81,86.9,86.34,86.86,4263408.0
2026-05-06 03:00:00+00:00,86.86,87.44,86.84,87.28,5712623.0
2026-05-06 04:00:00+00:00,87.28,87.39,86.61,86.76,5070846.0
2026-05-06 05:00:00+00:00,86.76,87.42,86.7,87.36,4527206.0
2026-05-06 06:00:00+00:00,87.36,87.5,87.11,87.44,6243013.0
2026-05-06 07:00:00+00:00,87.44,87.87,87.4,87.66,10440592.0
2026-05-06 08:00:00+00:00,87.66,89.18,87.6,89.0,20824537.0
2026-05-06 09:00:00+00:00,89.0,89.51,88.55,89.45,14441877.0
2026-05-06 10:00:00+00:00,89.45,89.7,89.17,89.34,12760059.0
2026-05-06 11:00:00+00:00,89.34,89.99,89.28,89.84,13121271.0
2026-05-06 12:00:00+00:00,89.84,89.96,89.46,89.63,7737832.0
2026-05-06 13:00:00+00:00,89.63,89.63,88.02,88.3,20678945.0
2026-05-06 14:00:00+00:00,88.3,88.83,87.42,88.36,20085501.0
2026-05-06 15:00:00+00:00,88.36,89.04,88.27,88.91,15648005.0
2026-05-06 16:00:00+00:00,88.91,89.49,88.48,89.13,15828445.0
2026-05-06 17:00:00+00:00,89.13,89.4,88.51,88.78,11401197.0
2026-05-06 18:00:00+00:00,88.78,89.11,88.45,88.93,8875709.0
2026-05-06 19:00:00+00:00,88.93,89.27,88.84,89.21,7655625.0
2026-05-06 20:00:00+00:00,89.21,89.61,88.85,89.15,13388329.0
2026-05-06 21:00:00+00:00,89.15,89.56,89.0,89.44,8503998.0
2026-05-06 22:00:00+00:00,89.44,89.53,88.98,89.04,5229813.0
2026-05-06 23:00:00+00:00,89.04,89.14,88.61,89.1,4442606.0
2026-05-07 00:00:00+00:00,89.1,89.24,88.14,88.3,7429030.0
2026-05-07 01:00:00+00:00,88.3,88.5,87.84,88.26,8479080.0
2026-05-07 02:00:00+00:00,88.26,88.35,87.77,88.11,6268395.0
2026-05-07 03:00:00+00:00,88.11,88.11,87.58,87.72,5685402.0
2026-05-07 04:00:00+00:00,87.72,88.33,87.65,88.33,3719812.0
2026-05-07 05:00:00+00:00,88.33,88.9,88.29,88.63,4648991.0
2026-05-07 06:00:00+00:00,88.63,89.26,88.17,89.22,5805544.0
2026-05-07 07:00:00+00:00,89.22,90.43,89.09,90.12,15148332.0
2026-05-07 08:00:00+00:00,90.12,90.23,89.42,89.54,8724415.0
2026-05-07 09:00:00+00:00,89.54,89.55,89.13,89.4,8174547.0
2026-05-07 10:00:00+00:00,89.4,89.48,88.68,89.09,7388819.0
2026-05-07 11:00:00+00:00,89.09,89.65,89.09,89.51,7212310.0
2026-05-07 12:00:00+00:00,89.51,90.06,89.46,89.71,7975087.0
2026-05-07 13:00:00+00:00,89.71,89.71,88.3,88.62,15520072.0
2026-05-07 14:00:00+00:00,88.62,88.87,87.78,88.11,15372575.0
2026-05-07 15:00:00+00:00,88.11,88.54,87.72,88.26,11629373.0
2026-05-07 16:00:00+00:00,88.26,88.75,88.03,88.39,10379814.0
2026-05-07 17:00:00+00:00,88.39,88.82,87.91,88.76,8703801.0
2026-05-07 18:00:00+00:00,88.76,89.02,88.18,88.53,7801199.0
2026-05-07 19:00:00+00:00,88.53,88.69,88.17,88.4,5496804.0
2026-05-07 20:00:00+00:00,88.4,88.82,87.98,88.02,6065055.0
2026-05-07 21:00:00+00:00,88.02,88.19,87.6,87.91,7466614.0
2026-05-07 22:00:00+00:00,87.91,88.2,87.64,88.05,5874734.0
2026-05-07 23:00:00+00:00,88.05,88.45,88.02,88.38,4445374.0
2026-05-08 00:00:00+00:00,88.38,88.61,88.07,88.24,4218985.0
2026-05-08 01:00:00+00:00,88.24,88.33,87.88,88.1,5321454.0
2026-05-08 02:00:00+00:00,88.1,88.32,87.57,88.02,5701208.0
2026-05-08 03:00:00+00:00,88.02,88.35,87.57,88.17,4798921.0
2026-05-08 04:00:00+00:00,88.17,88.34,87.96,88.14,2628482.0
2026-05-08 05:00:00+00:00,88.14,88.39,88.0,88.0,2891148.0
2026-05-08 06:00:00+00:00,88.0,88.25,87.75,88.0,4357449.0
2026-05-08 07:00:00+00:00,88.0,88.2,87.6,88.2,5221366.0
2026-05-08 08:00:00+00:00,88.2,88.6,87.96,88.33,6522311.0
2026-05-08 09:00:00+00:00,88.33,88.7,88.18,88.37,8683306.0
2026-05-08 10:00:00+00:00,88.37,88.7,88.22,88.57,5280394.0
2026-05-08 11:00:00+00:00,88.57,88.68,88.42,88.6,4253274.0
2026-05-08 12:00:00+00:00,88.6,88.82,88.28,88.4,7760930.0
2026-05-08 13:00:00+00:00,88.4,88.5,87.95,88.29,8546755.0
2026-05-08 14:00:00+00:00,88.29,89.33,88.29,89.11,17080084.0
2026-05-08 15:00:00+00:00,89.11,89.56,88.36,89.55,14045601.0
2026-05-08 16:00:00+00:00,89.55,89.74,89.27,89.54,12000147.0
2026-05-08 17:00:00+00:00,89.54,91.93,89.52,91.6,28734059.0
2026-05-08 18:00:00+00:00,91.6,92.59,91.6,92.28,20979705.0
2026-05-08 19:00:00+00:00,92.28,92.78,92.02,92.57,17344751.0
2026-05-08 20:00:00+00:00,92.57,92.64,91.97,92.08,10592350.0
2026-05-08 21:00:00+00:00,92.08,92.36,91.7,92.26,10639680.0
2026-05-08 22:00:00+00:00,92.26,92.78,92.2,92.26,13195221.0
2026-05-08 23:00:00+00:00,92.26,92.26,91.71,91.96,5602867.0
2026-05-09 00:00:00+00:00,91.96,92.58,91.8,92.42,8591730.0
2026-05-09 01:00:00+00:00,92.42,93.81,92.39,93.46,12899620.0
2026-05-09 02:00:00+00:00,93.46,93.75,93.23,93.45,5753155.0
2026-05-09 03:00:00+00:00,93.45,93.73,93.36,93.6,5413847.0
2026-05-09 04:00:00+00:00,93.6,94.15,93.08,93.19,9311239.0
2026-05-09 05:00:00+00:00,93.19,93.76,92.77,93.69,7330018.0
2026-05-09 06:00:00+00:00,93.69,94.09,93.14,93.48,9617780.0
2026-05-09 07:00:00+00:00,93.48,93.96,93.29,93.7,6432123.0
2026-05-09 08:00:00+00:00,93.7,93.91,93.59,93.66,3581433.0
2026-05-09 09:00:00+00:00,93.66,93.67,93.0,93.25,6010406.0
2026-05-09 10:00:00+00:00,93.25,93.55,93.06,93.33,6027251.0
2026-05-09 11:00:00+00:00,93.33,93.64,93.27,93.56,3757159.0
2026-05-09 12:00:00+00:00,93.56,93.7,93.22,93.39,9104339.0
2026-05-09 13:00:00+00:00,93.39,93.42,92.96,93.41,6013222.0
2026-05-09 14:00:00+00:00,93.41,93.42,92.71,92.84,7234176.0
2026-05-09 15:00:00+00:00,92.84,92.96,92.33,92.94,10681810.0
2026-05-09 16:00:00+00:00,92.94,93.26,92.61,92.72,11287672.0
2026-05-09 17:00:00+00:00,92.72,93.5,92.71,93.15,14673096.0
2026-05-09 18:00:00+00:00,93.15,93.62,93.1,93.31,6889146.0
2026-05-09 19:00:00+00:00,93.31,93.56,93.16,93.46,3665814.0
2026-05-09 20:00:00+00:00,93.46,93.47,93.08,93.21,3956329.0
2026-05-09 21:00:00+00:00,93.21,93.5,93.19,93.43,2199085.0
2026-05-09 22:00:00+00:00,93.43,93.46,93.14,93.28,2661194.0
2026-05-09 23:00:00+00:00,93.28,93.44,92.99,93.06,5701093.0
2026-05-10 00:00:00+00:00,93.06,93.3,92.86,92.97,4087284.0
2026-05-10 01:00:00+00:00,92.97,92.99,92.53,92.9,7129041.0
2026-05-10 02:00:00+00:00,92.9,93.08,92.75,92.97,5169567.0
2026-05-10 03:00:00+00:00,92.97,93.46,92.94,93.36,5925292.0
2026-05-10 04:00:00+00:00,93.36,93.45,93.19,93.3,3129823.0
2026-05-10 05:00:00+00:00,93.3,93.46,93.18,93.28,2681036.0
2026-05-10 06:00:00+00:00,93.28,93.42,93.19,93.37,2005985.0
2026-05-10 07:00:00+00:00,93.37,93.59,93.31,93.4,3793902.0
2026-05-10 08:00:00+00:00,93.4,94.06,93.36,94.02,6675295.0
2026-05-10 09:00:00+00:00,94.02,94.79,94.01,94.25,9667886.0
2026-05-10 10:00:00+00:00,94.25,94.34,93.56,93.81,8194565.0
2026-05-10 11:00:00+00:00,93.81,93.96,92.83,93.5,9202871.0
2026-05-10 12:00:00+00:00,93.5,93.57,93.14,93.27,4427423.0
2026-05-10 13:00:00+00:00,93.27,93.9,93.17,93.71,6706946.0
2026-05-10 14:00:00+00:00,93.71,94.12,93.62,93.82,7709153.0
2026-05-10 15:00:00+00:00,93.82,94.7,93.82,94.49,12075503.0
2026-05-10 16:00:00+00:00,94.49,94.95,94.12,94.77,14591848.0
2026-05-10 17:00:00+00:00,94.77,96.57,94.77,96.47,27195927.0
2026-05-10 18:00:00+00:00,96.47,96.87,96.09,96.39,17639156.0
2026-05-10 19:00:00+00:00,96.39,96.87,95.7,96.45,15727271.0
2026-05-10 20:00:00+00:00,96.45,96.57,93.32,94.47,23027102.0
2026-05-10 21:00:00+00:00,94.47,95.57,94.41,95.03,17379988.0
2026-05-10 22:00:00+00:00,95.03,96.34,94.82,96.18,15259698.0
2026-05-10 23:00:00+00:00,96.18,96.83,95.91,96.43,11177499.0
2026-05-11 00:00:00+00:00,96.43,96.64,95.29,95.76,9227633.0
2026-05-11 01:00:00+00:00,95.76,96.36,95.28,96.0,5959627.0
2026-05-11 02:00:00+00:00,96.0,96.1,95.14,95.28,4089264.0
2026-05-11 03:00:00+00:00,95.28,95.31,94.43,94.73,6051840.0
2026-05-11 04:00:00+00:00,94.73,95.17,94.36,94.92,3766283.0
2026-05-11 05:00:00+00:00,94.92,95.84,94.88,95.66,5224963.0
2026-05-11 06:00:00+00:00,95.66,96.12,95.37,95.44,5122693.0
2026-05-11 07:00:00+00:00,95.44,95.54,95.11,95.29,5815972.0
2026-05-11 08:00:00+00:00,95.29,95.33,94.53,94.77,5861467.0
2026-05-11 09:00:00+00:00,94.77,95.33,94.71,95.25,4390077.0
2026-05-11 10:00:00+00:00,95.25,95.54,94.99,95.02,5591454.0
2026-05-11 11:00:00+00:00,95.02,95.47,94.85,95.22,4579931.0
2026-05-11 12:00:00+00:00,95.22,95.35,94.6,94.74,7379148.0
2026-05-11 13:00:00+00:00,94.74,95.44,94.5,95.19,12770754.0
2026-05-11 14:00:00+00:00,95.19,95.86,94.24,95.11,17683242.0
2026-05-11 15:00:00+00:00,95.11,96.79,94.83,96.76,16272813.0
2026-05-11 16:00:00+00:00,96.76,97.98,96.46,97.29,24496296.0
2026-05-11 17:00:00+00:00,97.29,97.91,96.84,97.73,12255817.0
2026-05-11 18:00:00+00:00,97.73,98.08,97.19,97.24,10356461.0
2026-05-11 19:00:00+00:00,97.24,98.34,96.98,98.13,12203618.0
2026-05-11 20:00:00+00:00,98.13,98.34,97.55,97.6,9536901.0
2026-05-11 21:00:00+00:00,97.6,97.81,97.25,97.36,7427782.0
2026-05-11 22:00:00+00:00,97.36,97.82,97.31,97.6,5011456.0
2026-05-11 23:00:00+00:00,97.6,97.6,97.03,97.31,4393021.0
2026-05-12 00:00:00+00:00,97.31,97.64,97.12,97.45,3050490.0
2026-05-12 01:00:00+00:00,97.45,97.61,95.47,96.22,9697979.0
2026-05-12 02:00:00+00:00,96.22,96.66,96.08,96.51,3662217.0
2026-05-12 03:00:00+00:00,96.51,96.6,95.99,96.1,2680405.0
2026-05-12 04:00:00+00:00,96.1,96.45,96.01,96.31,2674148.0
2026-05-12 05:00:00+00:00,96.31,96.72,96.17,96.5,3845891.0
2026-05-12 06:00:00+00:00,96.5,96.95,96.08,96.14,4678087.0
2026-05-12 07:00:00+00:00,96.14,96.27,95.7,95.98,7599328.0
2026-05-12 08:00:00+00:00,95.98,96.09,95.34,95.61,9253996.0
2026-05-12 09:00:00+00:00,95.61,96.02,95.28,95.75,7671312.0
2026-05-12 10:00:00+00:00,95.75,95.94,94.88,94.97,11446960.0
2026-05-12 11:00:00+00:00,94.97,95.01,94.53,94.92,8500139.0
2026-05-12 12:00:00+00:00,94.92,95.52,94.31,95.16,16637421.0
2026-05-12 13:00:00+00:00,95.16,95.35,94.49,94.65,13700573.0
2026-05-12 14:00:00+00:00,94.65,95.21,94.33,94.53,12462475.0
2026-05-12 15:00:00+00:00,94.53,94.75,93.55,93.81,20055962.0
2026-05-12 16:00:00+00:00,93.81,94.29,93.55,93.82,11169006.0
2026-05-12 17:00:00+00:00,93.82,94.67,93.8,94.49,10996419.0
2026-05-12 18:00:00+00:00,94.49,94.75,94.25,94.52,5815838.0
2026-05-12 19:00:00+00:00,94.52,94.97,94.51,94.89,7948013.0
2026-05-12 20:00:00+00:00,94.89,94.94,94.57,94.71,5504751.0
2026-05-12 21:00:00+00:00,94.71,94.82,94.46,94.62,4403690.0
2026-05-12 22:00:00+00:00,94.62,95.01,94.58,94.63,4725389.0
2026-05-12 23:00:00+00:00,94.63,94.72,94.18,94.26,4830270.0
2026-05-13 00:00:00+00:00,94.26,94.61,94.0,94.44,5078752.0
2026-05-13 01:00:00+00:00,94.44,95.4,94.41,95.13,6447644.0
2026-05-13 02:00:00+00:00,95.13,95.54,94.95,95.2,3635006.0
2026-05-13 03:00:00+00:00,95.2,95.54,95.02,95.5,2738262.0
2026-05-13 04:00:00+00:00,95.5,95.98,95.37,95.44,4782248.0
2026-05-13 05:00:00+00:00,95.44,95.47,95.04,95.2,4402876.0
2026-05-13 06:00:00+00:00,95.2,95.65,95.06,95.08,4932443.0
2026-05-13 07:00:00+00:00,95.08,95.26,94.82,95.08,4927202.0
2026-05-13 08:00:00+00:00,95.08,95.72,94.95,95.52,7020277.0
2026-05-13 09:00:00+00:00,95.52,95.85,95.49,95.67,6392341.0
2026-05-13 10:00:00+00:00,95.67,95.73,94.66,94.73,9160520.0
2026-05-13 11:00:00+00:00,94.73,94.78,94.17,94.27,9621905.0
2026-05-13 12:00:00+00:00,94.27,94.58,91.75,93.1,24693721.0
2026-05-13 13:00:00+00:00,93.1,93.39,91.87,92.24,17344745.0
2026-05-13 14:00:00+00:00,92.24,92.28,90.9,91.71,15691147.0
2026-05-13 15:00:00+00:00,91.71,91.88,90.18,90.38,23006835.0
2026-05-13 16:00:00+00:00,90.38,91.22,90.35,90.8,12424859.0
2026-05-13 17:00:00+00:00,90.8,91.07,90.62,90.83,9719051.0
2026-05-13 18:00:00+00:00,90.83,91.36,90.69,90.87,9562895.0
2026-05-13 19:00:00+00:00,90.87,90.96,90.43,90.9,7604331.0
2026-05-13 20:00:00+00:00,90.9,91.29,90.85,91.18,5308776.0
2026-05-13 21:00:00+00:00,91.18,91.22,90.66,90.83,5812329.0
2026-05-13 22:00:00+00:00,90.83,91.19,90.58,91.12,5698679.0
2026-05-13 23:00:00+00:00,91.12,91.28,90.97,91.11,6168110.0
2026-05-14 00:00:00+00:00,91.11,91.42,91.01,91.15,4901282.0
2026-05-14 01:00:00+00:00,91.15,91.31,90.94,91.1,3474603.0
2026-05-14 02:00:00+00:00,91.1,91.22,90.4,90.52,4675614.0
2026-05-14 03:00:00+00:00,90.52,90.74,89.73,89.88,12476105.0
2026-05-14 04:00:00+00:00,89.88,90.58,89.81,90.43,4775476.0
2026-05-14 05:00:00+00:00,90.43,91.43,90.36,91.23,6265346.0
2026-05-14 06:00:00+00:00,91.23,91.42,91.09,91.35,4403712.0
2026-05-14 07:00:00+00:00,91.35,91.62,90.64,90.83,8879021.0
2026-05-14 08:00:00+00:00,90.83,91.26,90.61,91.01,6103940.0
2026-05-14 09:00:00+00:00,91.01,91.1,90.52,90.8,6892371.0
2026-05-14 10:00:00+00:00,90.8,91.09,90.6,90.99,9589031.0
2026-05-14 11:00:00+00:00,90.99,91.05,90.55,90.58,6577470.0
2026-05-14 12:00:00+00:00,90.58,91.25,90.46,91.16,8434141.0
2026-05-14 13:00:00+00:00,91.16,91.43,90.67,90.74,10729047.0
2026-05-14 14:00:00+00:00,90.74,92.26,90.57,92.21,18429567.0
2026-05-14 15:00:00+00:00,92.21,93.22,91.87,93.11,23465281.0
2026-05-14 16:00:00+00:00,93.11,93.64,92.26,93.27,20231593.0
2026-05-14 17:00:00+00:00,93.27,93.54,92.23,92.98,17120329.0
2026-05-14 18:00:00+00:00,92.98,93.62,92.64,93.39,11485664.0
2026-05-14 19:00:00+00:00,93.39,93.59,92.72,92.83,6975238.0
2026-05-14 20:00:00+00:00,92.83,92.98,92.3,92.68,7257391.0
2026-05-14 21:00:00+00:00,92.68,92.89,92.49,92.64,5396721.0
2026-05-14 22:00:00+00:00,92.64,92.87,92.55,92.6,3399245.0
2026-05-14 23:00:00+00:00,92.6,92.61,92.06,92.11,4709080.0
2026-05-15 00:00:00+00:00,92.11,92.64,92.04,92.37,5129740.0
2026-05-15 01:00:00+00:00,92.37,92.5,91.61,91.69,5419537.0
2026-05-15 02:00:00+00:00,91.69,92.43,91.43,92.31,6929964.0
2026-05-15 03:00:00+00:00,92.31,92.44,91.82,92.01,3022360.0
2026-05-15 04:00:00+00:00,92.01,92.01,91.2,91.24,5022890.0
2026-05-15 05:00:00+00:00,91.24,91.5,90.19,90.55,8297902.0
2026-05-15 06:00:00+00:00,90.55,91.05,90.4,90.97,5733710.0
2026-05-15 07:00:00+00:00,90.97,91.69,90.85,91.56,6886296.0
2026-05-15 08:00:00+00:00,91.56,91.61,90.92,91.23,6451992.0
2026-05-15 09:00:00+00:00,91.23,91.28,90.87,91.13,4465279.0
2026-05-15 10:00:00+00:00,91.13,91.54,90.96,91.44,4914296.0
2026-05-15 11:00:00+00:00,91.44,91.5,91.11,91.21,3760406.0
2026-05-15 12:00:00+00:00,91.21,91.23,90.48,90.63,9862468.0
2026-05-15 13:00:00+00:00,90.63,90.63,88.63,88.86,22021620.0
2026-05-15 14:00:00+00:00,88.86,89.51,88.47,89.01,14818566.0
2026-05-15 15:00:00+00:00,89.01,89.25,88.65,89.01,11241641.0
2026-05-15 16:00:00+00:00,89.01,89.67,88.75,89.48,8682339.0
2026-05-15 17:00:00+00:00,89.48,89.87,89.44,89.79,8112442.0
2026-05-15 18:00:00+00:00,89.79,90.07,89.42,89.76,8746790.0
2026-05-15 19:00:00+00:00,89.76,89.77,89.3,89.37,5743232.0
2026-05-15 20:00:00+00:00,89.37,89.48,89.03,89.25,5936282.0
2026-05-15 21:00:00+00:00,89.25,89.4,88.94,89.02,4632067.0
2026-05-15 22:00:00+00:00,89.02,89.32,89.01,89.29,3210055.0
2026-05-15 23:00:00+00:00,89.29,89.36,89.16,89.2,2440158.0
2026-05-16 00:00:00+00:00,89.2,89.42,89.09,89.18,5091604.0
2026-05-16 01:00:00+00:00,89.18,89.31,88.91,89.26,2689253.0
2026-05-16 02:00:00+00:00,89.26,89.36,88.94,89.16,1854269.0
2026-05-16 03:00:00+00:00,89.16,89.23,88.95,89.0,1076689.0
2026-05-16 04:00:00+00:00,89.0,89.05,88.13,88.82,4750607.0
2026-05-16 05:00:00+00:00,88.82,88.88,88.23,88.52,3725445.0
2026-05-16 06:00:00+00:00,88.52,88.61,87.74,87.96,6352453.0
2026-05-16 07:00:00+00:00,87.96,87.98,86.65,87.41,10820605.0
2026-05-16 08:00:00+00:00,87.41,87.58,87.31,87.44,5680782.0
2026-05-16 09:00:00+00:00,87.44,87.47,85.7,85.98,12025627.0
2026-05-16 10:00:00+00:00,85.98,86.1,85.44,85.94,8024582.0
2026-05-16 11:00:00+00:00,85.94,86.28,85.94,86.05,4551004.0
2026-05-16 12:00:00+00:00,86.05,86.38,85.94,86.18,5514140.0
2026-05-16 13:00:00+00:00,86.18,86.29,86.02,86.2,4924002.0
2026-05-16 14:00:00+00:00,86.2,86.66,86.01,86.33,7546297.0
2026-05-16 15:00:00+00:00,86.33,86.63,86.19,86.43,7466986.0
2026-05-16 16:00:00+00:00,86.43,86.73,86.3,86.57,8128427.0
2026-05-16 17:00:00+00:00,86.57,86.91,86.56,86.75,5771002.0
2026-05-16 18:00:00+00:00,86.75,86.93,86.55,86.75,4749671.0
2026-05-16 19:00:00+00:00,86.75,86.8,86.6,86.65,2733633.0
2026-05-16 20:00:00+00:00,86.65,86.85,86.61,86.61,2756526.0
2026-05-16 21:00:00+00:00,86.61,86.75,86.42,86.53,2752330.0
2026-05-16 22:00:00+00:00,86.53,86.65,86.38,86.48,4559679.0
2026-05-16 23:00:00+00:00,86.48,86.66,86.42,86.48,2785627.0
2026-05-17 00:00:00+00:00,86.48,86.67,85.91,86.08,4678167.0
2026-05-17 01:00:00+00:00,86.08,86.3,85.52,85.7,8311153.0
2026-05-17 02:00:00+00:00,85.7,86.21,85.7,85.95,6701566.0
2026-05-17 03:00:00+00:00,85.95,86.59,85.93,86.47,3324139.0
2026-05-17 04:00:00+00:00,86.47,86.93,86.41,86.81,3864305.0
2026-05-17 05:00:00+00:00,86.81,87.24,86.8,86.86,4168141.0
2026-05-17 06:00:00+00:00,86.86,86.97,86.67,86.8,3437639.0
2026-05-17 07:00:00+00:00,86.8,87.06,86.72,86.92,3170020.0
2026-05-17 08:00:00+00:00,86.92,86.97,86.51,86.77,4223417.0
2026-05-17 09:00:00+00:00,86.77,86.95,86.63,86.82,4243937.0
2026-05-17 10:00:00+00:00,86.82,87.22,86.75,86.93,6593448.0
2026-05-17 11:00:00+00:00,86.93,86.96,86.72,86.84,4038112.0
2026-05-17 12:00:00+00:00,86.84,86.97,86.66,86.71,3513028.0
2026-05-17 13:00:00+00:00,86.71,86.73,86.23,86.34,10436069.0
2026-05-17 14:00:00+00:00,86.34,86.42,85.89,86.26,8884220.0
2026-05-17 15:00:00+00:00,86.26,86.46,86.11,86.39,5073066.0
2026-05-17 16:00:00+00:00,86.39,86.68,86.06,86.25,6727647.0
2026-05-17 17:00:00+00:00,86.25,86.31,85.92,86.21,7092841.0
2026-05-17 18:00:00+00:00,86.21,86.4,85.96,86.37,5697095.0
2026-05-17 19:00:00+00:00,86.37,86.89,86.36,86.75,6384251.0
2026-05-17 20:00:00+00:00,86.75,86.82,86.51,86.63,4017100.0
2026-05-17 21:00:00+00:00,86.63,86.92,86.54,86.87,6011281.0
2026-05-17 22:00:00+00:00,86.87,86.87,85.93,86.17,10999612.0
2026-05-17 23:00:00+00:00,86.17,86.18,83.33,85.17,19604291.0
2026-05-18 00:00:00+00:00,85.17,85.31,84.31,85.29,11045530.0
2026-05-18 01:00:00+00:00,85.29,85.43,84.47,84.93,6012892.0
2026-05-18 02:00:00+00:00,84.93,85.33,84.65,84.83,4061745.0
2026-05-18 03:00:00+00:00,84.83,85.21,84.67,84.8,4256281.0
2026-05-18 04:00:00+00:00,84.8,85.28,84.54,85.22,5315020.0
2026-05-18 05:00:00+00:00,85.22,85.33,84.6,84.81,3436282.0
2026-05-18 06:00:00+00:00,84.81,84.94,84.21,84.7,6224420.0
2026-05-18 07:00:00+00:00,84.7,84.97,84.35,84.71,6816358.0
2026-05-18 08:00:00+00:00,84.71,84.96,84.56,84.86,5186331.0
2026-05-18 09:00:00+00:00,84.86,84.88,84.41,84.45,7336911.0
2026-05-18 10:00:00+00:00,84.45,84.47,84.16,84.23,6787292.0
2026-05-18 11:00:00+00:00,84.23,85.28,84.03,84.93,9992564.0
2026-05-18 12:00:00+00:00,84.93,85.75,84.93,85.52,9966692.0
2026-05-18 13:00:00+00:00,85.52,85.52,84.26,84.65,14965052.0
2026-05-18 14:00:00+00:00,84.65,84.65,83.66,83.94,18225151.0
2026-05-18 15:00:00+00:00,83.94,84.37,83.56,84.18,12498114.0
2026-05-18 16:00:00+00:00,84.18,84.46,83.92,84.26,7668908.0
2026-05-18 17:00:00+00:00,84.26,84.67,84.12,84.37,6296943.0
2026-05-18 18:00:00+00:00,84.37,84.41,83.42,83.48,8609007.0
2026-05-18 19:00:00+00:00,83.48,85.2,83.43,84.95,11272955.0
2026-05-18 20:00:00+00:00,84.95,85.38,84.78,84.87,7792207.0
2026-05-18 21:00:00+00:00,84.87,85.66,84.73,85.52,6515452.0
2026-05-18 22:00:00+00:00,85.52,85.74,85.22,85.41,5286747.0
2026-05-18 23:00:00+00:00,85.41,85.61,85.21,85.33,4731214.0
2026-05-19 00:00:00+00:00,85.33,85.93,85.27,85.54,4405000.0
2026-05-19 01:00:00+00:00,85.54,85.56,84.85,84.85,5133116.0
2026-05-19 02:00:00+00:00,84.85,85.26,84.56,84.81,4280067.0
2026-05-19 03:00:00+00:00,84.81,85.2,84.67,85.02,2979849.0
2026-05-19 04:00:00+00:00,85.02,85.27,84.75,85.1,3211111.0
2026-05-19 05:00:00+00:00,85.1,85.24,84.4,85.14,6892237.0
2026-05-19 06:00:00+00:00,85.14,85.54,85.07,85.22,4791539.0
2026-05-19 07:00:00+00:00,85.22,85.59,85.08,85.43,4904968.0
2026-05-19 08:00:00+00:00,85.43,85.54,84.98,85.18,5632734.0
2026-05-19 09:00:00+00:00,85.18,85.26,84.41,84.71,6391516.0
2026-05-19 10:00:00+00:00,84.71,84.83,84.25,84.65,5289660.0
2026-05-19 11:00:00+00:00,84.65,84.78,84.21,84.33,6857804.0
2026-05-19 12:00:00+00:00,84.33,84.75,84.23,84.72,5979262.0
2026-05-19 13:00:00+00:00,84.72,85.07,84.31,84.75,13686359.0
2026-05-19 14:00:00+00:00,84.75,84.91,83.62,84.05,15403882.0
2026-05-19 15:00:00+00:00,84.05,84.53,83.95,84.32,8284215.0
2026-05-19 16:00:00+00:00,84.32,84.86,84.09,84.79,7241769.0
2026-05-19 17:00:00+00:00,84.79,85.0,84.39,84.63,6705761.0
2026-05-19 18:00:00+00:00,84.63,84.76,84.19,84.33,5194173.0
2026-05-19 19:00:00+00:00,84.33,84.71,84.17,84.3,6404865.0
2026-05-19 20:00:00+00:00,84.3,84.55,84.25,84.49,3643774.0
2026-05-19 21:00:00+00:00,84.49,84.65,84.35,84.4,4078150.0
2026-05-19 22:00:00+00:00,84.4,84.4,83.94,84.05,5626455.0
2026-05-19 23:00:00+00:00,84.05,84.56,83.98,84.25,6250634.0
2026-05-20 00:00:00+00:00,84.25,84.36,83.86,84.17,4593921.0
2026-05-20 01:00:00+00:00,84.17,84.5,83.78,84.32,5465938.0
2026-05-20 02:00:00+00:00,84.32,84.46,83.87,83.94,3869476.0
2026-05-20 03:00:00+00:00,83.94,84.23,83.81,84.05,2963759.0
2026-05-20 04:00:00+00:00,84.05,84.18,83.83,84.17,3189649.0
2026-05-20 05:00:00+00:00,84.17,84.92,84.17,84.72,6068512.0
2026-05-20 06:00:00+00:00,84.72,84.98,84.67,84.94,4148222.0
2026-05-20 07:00:00+00:00,84.94,85.09,84.63,84.7,4484248.0
2026-05-20 08:00:00+00:00,84.7,85.18,84.66,84.95,4967197.0
2026-05-20 09:00:00+00:00,84.95,85.04,84.78,84.84,4078764.0
2026-05-20 10:00:00+00:00,84.84,85.16,84.81,84.91,4144141.0
2026-05-20 11:00:00+00:00,84.91,84.99,84.52,84.66,5935871.0
2026-05-20 12:00:00+00:00,84.66,85.37,84.56,85.06,11134469.0
2026-05-20 13:00:00+00:00,85.06,85.12,84.03,84.63,16124983.0
2026-05-20 14:00:00+00:00,84.63,86.21,84.27,85.81,20983036.0
2026-05-20 15:00:00+00:00,85.81,86.26,85.35,85.88,14052539.0
2026-05-20 16:00:00+00:00,85.88,86.78,85.48,86.44,18360554.0
2026-05-20 17:00:00+00:00,86.44,87.06,86.26,86.47,11332838.0
2026-05-20 18:00:00+00:00,86.47,86.54,85.64,85.78,9870173.0
2026-05-20 19:00:00+00:00,85.78,86.26,85.57,86.12,6211990.0
2026-05-20 20:00:00+00:00,86.12,86.2,85.5,86.14,6352784.0
2026-05-20 21:00:00+00:00,86.14,86.3,85.92,85.94,3001951.0
2026-05-20 22:00:00+00:00,85.94,86.17,85.55,85.99,4224219.0
2026-05-20 23:00:00+00:00,85.99,86.12,85.81,86.11,1837839.0
2026-05-21 00:00:00+00:00,86.11,86.79,86.04,86.58,10277274.0
2026-05-21 01:00:00+00:00,86.58,87.01,86.38,86.49,8092627.0
2026-05-21 02:00:00+00:00,86.49,86.86,86.39,86.57,1782055.0
2026-05-21 03:00:00+00:00,86.57,86.89,86.49,86.81,2068683.0
2026-05-21 04:00:00+00:00,86.81,87.18,86.71,86.95,4024209.0
2026-05-21 05:00:00+00:00,86.95,87.07,86.3,86.45,3983389.0
2026-05-21 06:00:00+00:00,86.45,86.55,86.15,86.26,3729362.0
2026-05-21 07:00:00+00:00,86.26,86.69,86.21,86.59,5361566.0
2026-05-21 08:00:00+00:00,86.59,87.18,86.58,86.79,9042120.0
2026-05-21 09:00:00+00:00,86.79,87.01,86.39,86.45,6072636.0
2026-05-21 10:00:00+00:00,86.45,86.62,85.65,85.71,8952354.0
2026-05-21 11:00:00+00:00,85.71,85.91,85.52,85.54,5640253.0
2026-05-21 12:00:00+00:00,85.54,85.82,85.37,85.7,8671332.0
2026-05-21 13:00:00+00:00,85.7,86.09,85.28,86.02,13543496.0
2026-05-21 14:00:00+00:00,86.02,86.44,85.56,85.95,15384123.0
2026-05-21 15:00:00+00:00,85.95,86.86,85.85,86.41,13859743.0
2026-05-21 16:00:00+00:00,86.41,86.56,86.0,86.22,8777525.0
2026-05-21 17:00:00+00:00,86.22,88.02,86.14,87.58,19417582.0
2026-05-21 18:00:00+00:00,87.58,87.76,86.73,87.04,6828727.0
2026-05-21 19:00:00+00:00,87.04,87.85,87.03,87.81,6923861.0
2026-05-21 20:00:00+00:00,87.81,87.91,87.46,87.53,5505363.0
2026-05-21 21:00:00+00:00,87.53,87.68,87.26,87.32,5307215.0
2026-05-21 22:00:00+00:00,87.32,87.46,87.08,87.14,6715403.0
2026-05-21 23:00:00+00:00,87.14,87.34,86.96,87.32,6019424.0
2026-05-22 00:00:00+00:00,87.32,87.32,86.78,86.81,4157380.0
2026-05-22 01:00:00+00:00,86.81,87.06,86.53,87.02,3680092.0
2026-05-22 02:00:00+00:00,87.02,87.2,86.92,87.12,3403567.0
2026-05-22 03:00:00+00:00,87.12,87.27,86.87,86.99,2025968.0
2026-05-22 04:00:00+00:00,86.99,87.35,86.87,86.93,2512733.0
2026-05-22 05:00:00+00:00,86.93,87.1,86.65,86.76,3204795.0
2026-05-22 06:00:00+00:00,86.76,86.8,86.44,86.67,5625960.0
2026-05-22 07:00:00+00:00,86.67,87.11,86.47,86.94,6841352.0
2026-05-22 08:00:00+00:00,86.94,87.48,86.81,87.1,10267278.0
2026-05-22 09:00:00+00:00,87.1,87.36,87.0,87.22,5182699.0
2026-05-22 10:00:00+00:00,87.22,87.23,86.82,86.95,6489677.0
2026-05-22 11:00:00+00:00,86.95,87.3,86.67,87.28,5582557.0
2026-05-22 12:00:00+00:00,87.28,87.75,87.2,87.73,7043513.0
2026-05-22 13:00:00+00:00,87.73,87.89,87.04,87.35,11633039.0
2026-05-22 14:00:00+00:00,87.35,87.35,86.29,86.58,13494931.0
2026-05-22 15:00:00+00:00,86.58,86.94,86.21,86.71,9878171.0
2026-05-22 16:00:00+00:00,86.71,86.99,86.61,86.89,4657839.0
2026-05-22 17:00:00+00:00,86.89,87.16,86.45,86.6,7649724.0
2026-05-22 18:00:00+00:00,86.6,86.65,84.54,85.42,19089249.0
2026-05-22 19:00:00+00:00,85.42,85.59,83.93,84.52,18057286.0
2026-05-22 20:00:00+00:00,84.52,85.03,84.51,84.95,7089113.0
2026-05-22 21:00:00+00:00,84.95,85.26,84.87,85.13,6230151.0
2026-05-22 22:00:00+00:00,85.13,85.18,84.72,84.92,4978952.0
2026-05-22 23:00:00+00:00,84.92,85.11,83.93,84.32,6053704.0
2026-05-23 00:00:00+00:00,84.32,84.51,84.01,84.39,7620545.0
2026-05-23 01:00:00+00:00,84.39,84.61,84.23,84.47,4687162.0
2026-05-23 02:00:00+00:00,84.47,84.54,84.14,84.49,2576239.0
2026-05-23 03:00:00+00:00,84.49,84.69,84.43,84.63,1150393.0
2026-05-23 04:00:00+00:00,84.63,84.66,84.28,84.36,1654959.0
2026-05-23 05:00:00+00:00,84.36,84.43,84.11,84.4,4013362.0
2026-05-23 06:00:00+00:00,84.4,84.45,84.12,84.2,3395050.0
2026-05-23 07:00:00+00:00,84.2,84.27,81.37,82.18,17278636.0
2026-05-23 08:00:00+00:00,82.18,82.3,81.61,82.07,12790792.0
2026-05-23 09:00:00+00:00,82.07,82.2,81.9,81.93,3669747.0
2026-05-23 10:00:00+00:00,81.93,82.3,81.93,82.17,3373486.0
2026-05-23 11:00:00+00:00,82.17,82.4,82.14,82.21,3280242.0
2026-05-23 12:00:00+00:00,82.21,82.48,82.07,82.4,3905206.0
2026-05-23 13:00:00+00:00,82.4,83.36,82.4,83.16,13656817.0
2026-05-23 14:00:00+00:00,83.16,84.42,83.02,84.06,17985896.0
2026-05-23 15:00:00+00:00,84.06,84.48,83.58,84.04,10179728.0
2026-05-23 16:00:00+00:00,84.04,84.27,83.86,84.05,6910184.0
2026-05-23 17:00:00+00:00,84.05,84.31,83.94,84.16,4457178.0
2026-05-23 18:00:00+00:00,84.16,85.16,84.12,84.66,13923513.0
2026-05-23 19:00:00+00:00,84.66,85.07,84.56,84.91,6928094.0
2026-05-23 20:00:00+00:00,84.91,87.05,84.72,87.04,13938176.0
2026-05-23 21:00:00+00:00,87.04,87.51,85.91,86.23,16112575.0
2026-05-23 22:00:00+00:00,86.23,86.57,85.46,85.76,8777830.0
2026-05-23 23:00:00+00:00,85.76,85.9,85.58,85.69,3029222.0
2026-05-24 00:00:00+00:00,85.69,85.98,85.56,85.83,2813208.0
2026-05-24 01:00:00+00:00,85.83,86.21,85.82,85.96,1769394.0
2026-05-24 02:00:00+00:00,85.96,86.07,85.68,85.92,1942175.0
2026-05-24 03:00:00+00:00,85.92,86.1,85.57,85.73,1886898.0
2026-05-24 04:00:00+00:00,85.73,86.06,85.73,85.87,1437807.0
2026-05-24 05:00:00+00:00,85.87,86.15,85.53,86.13,2376002.0
2026-05-24 06:00:00+00:00,86.13,86.45,85.89,86.42,3011624.0
2026-05-24 07:00:00+00:00,86.42,86.68,85.97,86.03,3337548.0
2026-05-24 08:00:00+00:00,86.03,86.5,85.96,86.46,4590312.0
2026-05-24 09:00:00+00:00,86.46,87.05,86.33,86.51,6698745.0
2026-05-24 10:00:00+00:00,86.51,86.7,86.2,86.45,5918984.0
2026-05-24 11:00:00+00:00,86.45,86.86,86.39,86.61,6013248.0
2026-05-24 12:00:00+00:00,86.61,86.64,86.13,86.3,4464041.0
2026-05-24 13:00:00+00:00,86.3,86.4,85.67,85.87,7685971.0
2026-05-24 14:00:00+00:00,85.87,85.98,84.4,85.21,12955888.0
2026-05-24 15:00:00+00:00,85.21,85.43,85.09,85.26,4146966.0
2026-05-24 16:00:00+00:00,85.26,85.82,85.15,85.6,7999617.0
2026-05-24 17:00:00+00:00,85.6,85.76,85.44,85.61,4147404.0
2026-05-24 18:00:00+00:00,85.61,85.64,85.21,85.35,3353764.0
2026-05-24 19:00:00+00:00,85.35,85.47,85.16,85.31,3107111.0
2026-05-24 20:00:00+00:00,85.31,85.38,84.54,84.72,5010015.0
2026-05-24 21:00:00+00:00,84.72,84.94,83.61,83.89,9997434.0
2026-05-24 22:00:00+00:00,83.89,85.29,83.89,84.93,10582530.0
2026-05-24 23:00:00+00:00,84.93,85.47,84.93,85.22,4021354.0
2026-05-25 00:00:00+00:00,85.22,85.61,85.19,85.46,2916262.0
2026-05-25 01:00:00+00:00,85.46,85.55,84.76,84.79,2787151.0
2026-05-25 02:00:00+00:00,84.79,85.73,84.79,85.02,4259502.0
2026-05-25 03:00:00+00:00,85.02,85.12,84.71,84.89,6940167.0
2026-05-25 04:00:00+00:00,84.89,85.91,84.86,85.79,2805353.0
2026-05-25 05:00:00+00:00,85.79,86.15,85.7,85.94,2950554.0
2026-05-25 06:00:00+00:00,85.94,86.14,85.59,85.93,3419334.0
2026-05-25 07:00:00+00:00,85.93,86.12,85.54,85.91,3597616.0
2026-05-25 08:00:00+00:00,85.91,86.05,85.7,85.97,2599607.0
2026-05-25 09:00:00+00:00,85.97,86.21,85.86,85.88,4597490.0
2026-05-25 10:00:00+00:00,85.88,86.07,85.85,86.02,3414348.0
2026-05-25 11:00:00+00:00,86.02,86.11,85.65,85.74,4706667.0
2026-05-25 12:00:00+00:00,85.74,86.04,85.61,85.83,5617555.0
2026-05-25 13:00:00+00:00,85.83,86.0,85.72,85.98,4844339.0
2026-05-25 14:00:00+00:00,85.98,86.42,85.9,86.29,12280422.0
2026-05-25 15:00:00+00:00,86.29,86.48,86.0,86.2,7687179.0
2026-05-25 16:00:00+00:00,86.2,86.41,85.92,86.22,6033548.0
2026-05-25 17:00:00+00:00,86.22,86.36,86.03,86.1,4540530.0
2026-05-25 18:00:00+00:00,86.1,86.29,85.85,85.87,3785467.0
2026-05-25 19:00:00+00:00,85.87,85.91,85.47,85.61,5320358.0
2026-05-25 20:00:00+00:00,85.61,85.85,85.24,85.36,6585972.0
2026-05-25 21:00:00+00:00,85.36,85.52,85.2,85.34,4385556.0
2026-05-25 22:00:00+00:00,85.34,85.51,84.64,84.76,8238842.0
2026-05-25 23:00:00+00:00,84.76,85.17,84.67,85.0,4670794.0
2026-05-26 00:00:00+00:00,85.0,85.02,83.84,84.33,9478020.0
2026-05-26 01:00:00+00:00,84.33,84.49,83.79,84.04,5984361.0
2026-05-26 02:00:00+00:00,84.04,84.17,83.84,83.96,2355735.0
2026-05-26 03:00:00+00:00,83.96,84.23,83.78,84.16,3088060.0
2026-05-26 04:00:00+00:00,84.16,84.46,83.94,84.32,3884718.0
2026-05-26 05:00:00+00:00,84.32,84.93,84.22,84.6,5945876.0
2026-05-26 06:00:00+00:00,84.6,84.79,84.35,84.56,2569466.0
2026-05-26 07:00:00+00:00,84.56,84.6,84.05,84.31,7841498.0
2026-05-26 08:00:00+00:00,84.31,84.53,84.28,84.39,3765261.0
2026-05-26 09:00:00+00:00,84.39,84.67,84.23,84.43,5003743.0
2026-05-26 10:00:00+00:00,84.43,85.79,84.31,85.52,14665380.0
2026-05-26 11:00:00+00:00,85.52,85.62,85.16,85.19,7824351.0
2026-05-26 12:00:00+00:00,85.19,85.38,84.76,85.28,8033125.0
2026-05-26 13:00:00+00:00,85.28,85.73,84.64,85.48,13134569.0
2026-05-26 14:00:00+00:00,85.48,86.1,84.71,85.2,21272460.0
2026-05-26 15:00:00+00:00,85.2,85.32,83.96,84.44,15167677.0
2026-05-26 16:00:00+00:00,84.44,84.53,83.85,84.17,9716416.0
2026-05-26 17:00:00+00:00,84.17,84.35,83.07,83.52,11414760.0
2026-05-26 18:00:00+00:00,83.52,84.03,83.42,83.55,5232828.0
2026-05-26 19:00:00+00:00,83.55,83.96,83.29,83.71,5760716.0
2026-05-26 20:00:00+00:00,83.71,83.91,83.67,83.88,3182696.0
2026-05-26 21:00:00+00:00,83.88,83.93,83.51,83.63,4288690.0
2026-05-26 22:00:00+00:00,83.63,83.83,83.45,83.6,4917098.0
2026-05-26 23:00:00+00:00,83.6,83.81,83.55,83.65,3902910.0
2026-05-27 00:00:00+00:00,83.65,84.2,83.65,84.09,5123679.0
2026-05-27 01:00:00+00:00,84.09,84.15,83.74,83.82,3608402.0
2026-05-27 02:00:00+00:00,83.82,83.92,83.51,83.9,6031462.0
2026-05-27 03:00:00+00:00,83.9,84.03,83.42,83.58,3428899.0
2026-05-27 04:00:00+00:00,83.58,83.65,82.78,83.59,5382262.0
2026-05-27 05:00:00+00:00,83.59,83.89,83.51,83.83,3221759.0
2026-05-27 06:00:00+00:00,83.83,84.01,83.69,84.0,2194649.0
2026-05-27 07:00:00+00:00,84.0,84.17,83.83,84.16,3989309.0
2026-05-27 08:00:00+00:00,84.16,84.38,83.83,83.89,6520363.0
2026-05-27 09:00:00+00:00,83.89,83.92,83.56,83.73,8101374.0
2026-05-27 10:00:00+00:00,83.73,84.05,83.59,83.9,6397070.0
2026-05-27 11:00:00+00:00,83.9,84.18,83.84,83.89,4525801.0
2026-05-27 12:00:00+00:00,83.89,84.66,83.49,83.88,13657337.0
2026-05-27 13:00:00+00:00,83.88,84.02,82.92,83.58,14550529.0
2026-05-27 14:00:00+00:00,83.58,84.1,83.18,83.86,17116132.0
2026-05-27 15:00:00+00:00,83.86,84.82,83.85,84.4,13765105.0
2026-05-27 16:00:00+00:00,84.4,84.72,83.81,84.14,9775048.0
2026-05-27 17:00:00+00:00,84.14,84.17,83.11,83.37,12042975.0
2026-05-27 18:00:00+00:00,83.37,83.96,83.15,83.91,5563115.0
2026-05-27 19:00:00+00:00,83.91,84.13,83.83,83.89,6682511.0
2026-05-27 20:00:00+00:00,83.89,84.1,83.71,83.78,4147989.0
2026-05-27 21:00:00+00:00,83.78,83.78,82.03,82.42,10485656.0
2026-05-27 22:00:00+00:00,82.42,82.96,82.18,82.41,6247094.0
2026-05-27 23:00:00+00:00,82.41,82.64,82.13,82.37,6021499.0
2026-05-28 00:00:00+00:00,82.37,82.71,82.31,82.67,5385525.0
2026-05-28 01:00:00+00:00,82.67,82.72,81.85,82.23,6953345.0
2026-05-28 02:00:00+00:00,82.23,82.4,81.96,82.07,3765279.0
2026-05-28 03:00:00+00:00,82.07,82.21,80.45,80.67,11558520.0
2026-05-28 04:00:00+00:00,80.67,80.89,79.94,80.84,10098285.0
2026-05-28 05:00:00+00:00,80.84,80.94,80.36,80.65,5413790.0
2026-05-28 06:00:00+00:00,80.65,81.06,80.46,80.9,6345572.0
2026-05-28 07:00:00+00:00,80.9,81.24,80.78,81.2,8360650.0
2026-05-28 08:00:00+00:00,81.2,81.23,80.75,80.92,6219993.0
2026-05-28 09:00:00+00:00,80.92,81.26,80.77,81.17,6410000.0
2026-05-28 10:00:00+00:00,81.17,81.27,80.68,80.69,8120805.0
2026-05-28 11:00:00+00:00,80.69,80.9,80.53,80.83,10203909.0
2026-05-28 12:00:00+00:00,80.83,81.2,80.52,81.1,8740854.0
2026-05-28 13:00:00+00:00,81.1,81.33,80.49,80.74,15127675.0
2026-05-28 14:00:00+00:00,80.74,81.63,79.96,81.15,18944230.0
2026-05-28 15:00:00+00:00,81.15,81.35,80.51,81.11,8654259.0
2026-05-28 16:00:00+00:00,81.11,82.19,80.88,82.03,13489800.0
2026-05-28 17:00:00+00:00,82.03,82.61,81.79,82.25,10436307.0
2026-05-28 18:00:00+00:00,82.25,82.99,82.21,82.86,8416601.0
2026-05-28 19:00:00+00:00,82.86,82.88,82.11,82.14,7372142.0
2026-05-28 20:00:00+00:00,82.14,82.59,81.73,82.26,10324099.0
2026-05-28 21:00:00+00:00,82.26,82.66,82.18,82.38,5064825.0
2026-05-28 22:00:00+00:00,82.38,82.59,81.86,82.0,5887078.0
2026-05-28 23:00:00+00:00,82.0,82.24,81.94,82.07,2478578.0
2026-05-29 00:00:00+00:00,82.07,82.44,82.07,82.29,4258600.0
2026-05-29 01:00:00+00:00,82.29,82.46,82.01,82.17,4352549.0
2026-05-29 02:00:00+00:00,82.17,82.29,81.42,81.52,4103752.0
2026-05-29 03:00:00+00:00,81.52,81.92,81.48,81.58,2576487.0
2026-05-29 04:00:00+00:00,81.58,81.9,81.32,81.88,2184097.0
2026-05-29 05:00:00+00:00,81.88,82.15,81.78,82.02,3514279.0
2026-05-29 06:00:00+00:00,82.02,82.45,81.97,82.26,4120604.0
2026-05-29 07:00:00+00:00,82.26,82.42,81.86,82.2,5486768.0
2026-05-29 08:00:00+00:00,82.2,82.46,82.12,82.16,5284436.0
2026-05-29 09:00:00+00:00,82.16,82.6,82.15,82.4,6014063.0
2026-05-29 10:00:00+00:00,82.4,82.4,82.05,82.09,5004663.0
2026-05-29 11:00:00+00:00,82.09,82.18,81.47,81.73,9258516.0
2026-05-29 12:00:00+00:00,81.73,81.75,81.25,81.46,10462849.0
2026-05-29 13:00:00+00:00,81.46,81.66,81.03,81.4,14707742.0
2026-05-29 14:00:00+00:00,81.4,81.58,80.29,81.29,26470557.0
2026-05-29 15:00:00+00:00,81.29,83.24,81.17,82.53,26542686.0
2026-05-29 16:00:00+00:00,82.53,83.09,82.15,82.89,12598453.0
2026-05-29 17:00:00+00:00,82.89,83.19,82.62,82.75,9278352.0
2026-05-29 18:00:00+00:00,82.75,82.96,81.77,82.02,8453418.0
2026-05-29 19:00:00+00:00,82.02,82.36,81.53,82.02,8204523.0
2026-05-29 20:00:00+00:00,82.02,82.33,81.97,82.17,4717922.0
2026-05-29 21:00:00+00:00,82.17,82.37,81.64,81.66,3519793.0
2026-05-29 22:00:00+00:00,81.66,81.98,81.58,81.94,3402500.0
2026-05-29 23:00:00+00:00,81.94,82.06,81.72,81.99,1935477.0
2026-05-30 00:00:00+00:00,81.99,82.3,81.89,82.24,2128437.0
2026-05-30 01:00:00+00:00,82.24,82.93,82.16,82.77,2541960.0
2026-05-30 02:00:00+00:00,82.77,82.99,82.73,82.94,1904291.0
2026-05-30 03:00:00+00:00,82.94,83.07,82.58,82.64,2257384.0
2026-05-30 04:00:00+00:00,82.64,82.77,81.8,82.28,4137064.0
2026-05-30 05:00:00+00:00,82.28,82.69,82.17,82.55,3052727.0
2026-05-30 06:00:00+00:00,82.55,82.7,82.35,82.44,3671064.0
2026-05-30 07:00:00+00:00,82.44,82.48,82.21,82.33,2882465.0
2026-05-30 08:00:00+00:00,82.33,82.37,82.13,82.19,2192125.0
2026-05-30 09:00:00+00:00,82.19,82.35,82.15,82.29,4882634.0
2026-05-30 10:00:00+00:00,82.29,82.47,82.25,82.33,2860013.0
2026-05-30 11:00:00+00:00,82.33,82.52,82.16,82.29,4726186.0
2026-05-30 12:00:00+00:00,82.29,82.4,82.2,82.38,4584580.0
2026-05-30 13:00:00+00:00,82.38,82.54,82.19,82.43,6136159.0
2026-05-30 14:00:00+00:00,82.43,82.73,82.39,82.59,6655023.0
2026-05-30 15:00:00+00:00,82.59,82.89,82.44,82.64,8191937.0
2026-05-30 16:00:00+00:00,82.64,82.91,82.58,82.85,4726472.0
2026-05-30 17:00:00+00:00,82.85,83.02,82.59,83.0,6002675.0
2026-05-30 18:00:00+00:00,83.0,83.13,82.83,82.97,5068885.0
2026-05-30 19:00:00+00:00,82.97,83.0,82.73,82.95,4085607.0
2026-05-30 20:00:00+00:00,82.95,83.04,82.81,82.91,3052876.0
2026-05-30 21:00:00+00:00,82.91,83.13,82.86,82.96,2338852.0
2026-05-30 22:00:00+00:00,82.96,82.97,82.4,82.61,5298896.0
2026-05-30 23:00:00+00:00,82.61,82.86,82.46,82.68,4394942.0
2026-05-31 00:00:00+00:00,82.68,82.92,82.57,82.9,3826606.0
2026-05-31 01:00:00+00:00,82.9,83.21,82.87,82.97,4225428.0
2026-05-31 02:00:00+00:00,82.97,83.38,82.83,83.11,4386965.0
2026-05-31 03:00:00+00:00,83.11,83.31,83.05,83.19,2000829.0
2026-05-31 04:00:00+00:00,83.19,83.27,83.05,83.17,1617818.0
2026-05-31 05:00:00+00:00,83.17,83.18,82.94,83.0,2239334.0
2026-05-31 06:00:00+00:00,83.0,83.0,82.79,82.93,3299415.0
2026-05-31 07:00:00+00:00,82.93,82.93,82.46,82.62,6094275.0
2026-05-31 08:00:00+00:00,82.62,82.83,82.54,82.76,4015052.0
2026-05-31 09:00:00+00:00,82.76,83.02,82.59,82.71,4679489.0
2026-05-31 10:00:00+00:00,82.71,82.71,82.43,82.66,5575269.0
2026-05-31 11:00:00+00:00,82.66,82.82,82.63,82.71,4284779.0
2026-05-31 12:00:00+00:00,82.71,82.91,82.51,82.79,5741495.0
2026-05-31 13:00:00+00:00,82.79,83.09,82.62,82.74,5147473.0
2026-05-31 14:00:00+00:00,82.74,82.74,81.73,81.91,10968201.0
2026-05-31 15:00:00+00:00,81.91,82.24,81.77,81.83,8639227.0
2026-05-31 16:00:00+00:00,81.83,81.99,81.37,81.54,13326925.0
2026-05-31 17:00:00+00:00,81.54,81.86,81.41,81.8,4387637.0
2026-05-31 18:00:00+00:00,81.8,81.82,81.56,81.7,3614431.0
2026-05-31 19:00:00+00:00,81.7,81.76,81.27,81.55,6002228.0
2026-05-31 20:00:00+00:00,81.55,81.98,81.54,81.92,4956731.0
2026-05-31 21:00:00+00:00,81.92,82.34,81.83,82.27,5188913.0
2026-05-31 22:00:00+00:00,82.27,82.67,81.98,82.49,7690163.0
2026-05-31 23:00:00+00:00,82.49,82.89,81.9,82.4,8993765.0
2026-06-01 00:00:00+00:00,82.4,83.08,82.32,82.78,5395834.0
2026-06-01 01:00:00+00:00,82.78,82.84,81.7,81.72,5414984.0
2026-06-01 02:00:00+00:00,81.72,82.87,81.57,82.64,4421022.0
2026-06-01 03:00:00+00:00,82.64,82.96,82.51,82.59,3364176.0
2026-06-01 04:00:00+00:00,82.59,82.74,81.72,81.98,5449293.0
2026-06-01 05:00:00+00:00,81.98,82.07,81.56,81.77,3560858.0
2026-06-01 06:00:00+00:00,81.77,81.83,81.05,81.4,7687557.0
2026-06-01 07:00:00+00:00,81.4,81.52,80.57,80.68,7105791.0
2026-06-01 08:00:00+00:00,80.68,81.0,80.39,80.93,7122166.0
2026-06-01 09:00:00+00:00,80.93,81.24,80.93,81.02,5437731.0
2026-06-01 10:00:00+00:00,81.02,81.16,80.77,81.04,7511935.0
2026-06-01 11:00:00+00:00,81.04,81.19,80.57,80.78,5159303.0
2026-06-01 12:00:00+00:00,80.78,81.05,80.17,80.79,10077892.0
2026-06-01 13:00:00+00:00,80.79,80.83,79.23,79.79,18346037.0
2026-06-01 14:00:00+00:00,79.79,80.06,79.37,79.66,12390631.0
2026-06-01 15:00:00+00:00,79.66,80.02,79.15,79.56,15393515.0
2026-06-01 16:00:00+00:00,79.56,80.42,79.06,80.37,15825115.0
2026-06-01 17:00:00+00:00,80.37,81.18,80.25,80.9,11547168.0
2026-06-01 18:00:00+00:00,80.9,81.2,80.55,80.82,6892379.0
2026-06-01 19:00:00+00:00,80.82,81.3,80.56,81.16,6078113.0
2026-06-01 20:00:00+00:00,81.16,81.21,80.93,81.1,4559737.0
2026-06-01 21:00:00+00:00,81.1,81.11,80.46,80.64,6429752.0
2026-06-01 22:00:00+00:00,80.64,81.46,80.28,81.37,7519575.0
2026-06-01 23:00:00+00:00,81.37,81.62,81.05,81.24,5679029.0
2026-06-02 00:00:00+00:00,81.24,81.27,80.84,80.87,3672208.0
2026-06-02 01:00:00+00:00,80.87,80.99,80.01,80.09,5430013.0
2026-06-02 02:00:00+00:00,80.09,80.76,79.35,80.76,7903557.0
2026-06-02 03:00:00+00:00,80.76,81.03,80.61,80.88,3208094.0
2026-06-02 04:00:00+00:00,80.88,80.99,80.33,80.4,5036557.0
2026-06-02 05:00:00+00:00,80.4,80.58,79.5,79.59,7049502.0
2026-06-02 06:00:00+00:00,79.59,79.77,79.27,79.54,6534345.0
2026-06-02 07:00:00+00:00,79.54,79.89,79.08,79.63,7609719.0
2026-06-02 08:00:00+00:00,79.63,79.77,79.4,79.58,5296753.0
2026-06-02 09:00:00+00:00,79.58,79.62,78.72,79.07,10717634.0
2026-06-02 10:00:00+00:00,79.07,79.45,78.92,79.41,6533601.0
2026-06-02 11:00:00+00:00,79.41,79.41,78.79,78.9,8720439.0
2026-06-02 12:00:00+00:00,78.9,79.12,78.57,78.93,13636741.0
2026-06-02 13:00:00+00:00,78.93,79.19,78.75,78.91,7255972.0
2026-06-02 14:00:00+00:00,78.91,78.97,76.66,77.39,34134594.0
2026-06-02 15:00:00+00:00,77.39,77.46,75.44,76.33,25080222.0
2026-06-02 16:00:00+00:00,76.33,77.62,76.09,76.66,17423025.0
2026-06-02 17:00:00+00:00,76.66,77.15,76.42,76.78,7815357.0
2026-06-02 18:00:00+00:00,76.78,77.03,75.76,76.1,9894818.0
2026-06-02 19:00:00+00:00,76.1,76.22,74.37,75.46,19469079.0
2026-06-02 20:00:00+00:00,75.46,75.88,74.71,75.38,11241420.0
2026-06-02 21:00:00+00:00,75.38,76.03,75.26,75.61,7903426.0
2026-06-02 22:00:00+00:00,75.61,75.61,73.28,73.62,17976358.0
2026-06-02 23:00:00+00:00,73.62,74.27,72.66,74.17,17348214.0
2026-06-03 00:00:00+00:00,74.17,75.08,73.93,74.78,8148392.0
2026-06-03 01:00:00+00:00,74.78,75.0,74.08,74.7,6105891.0
2026-06-03 02:00:00+00:00,74.7,74.75,74.16,74.36,5686394.0
2026-06-03 03:00:00+00:00,74.36,74.5,72.21,72.67,10600303.0
2026-06-03 04:00:00+00:00,72.67,74.08,72.65,74.03,5771085.0
2026-06-03 05:00:00+00:00,74.03,74.9,74.01,74.69,6041440.0
2026-06-03 06:00:00+00:00,74.69,75.3,74.61,74.82,5377482.0
2026-06-03 07:00:00+00:00,74.82,75.39,74.69,75.21,4795586.0
2026-06-03 08:00:00+00:00,75.21,75.29,74.81,74.95,5310322.0
2026-06-03 09:00:00+00:00,74.95,75.37,74.66,74.95,5817649.0
2026-06-03 10:00:00+00:00,74.95,75.57,74.92,75.5,7165763.0
2026-06-03 11:00:00+00:00,75.5,75.68,74.94,75.09,7280228.0
2026-06-03 12:00:00+00:00,75.09,75.23,74.63,75.15,6986190.0
2026-06-03 13:00:00+00:00,75.15,75.34,74.33,74.52,11223033.0
2026-06-03 14:00:00+00:00,74.52,74.56,73.79,74.42,12057524.0
2026-06-03 15:00:00+00:00,74.42,74.45,73.18,73.25,14931922.0
2026-06-03 16:00:00+00:00,73.25,73.43,71.98,72.95,22154318.0
2026-06-03 17:00:00+00:00,72.95,74.07,72.33,73.13,14733423.0
2026-06-03 18:00:00+00:00,73.13,73.44,72.38,73.05,11573470.0
2026-06-03 19:00:00+00:00,73.05,73.13,71.63,71.95,16865644.0
2026-06-03 20:00:00+00:00,71.95,72.41,70.83,71.2,21121530.0
2026-06-03 21:00:00+00:00,71.2,72.84,70.97,72.77,16653675.0
2026-06-03 22:00:00+00:00,72.77,73.15,71.89,72.16,13552267.0
2026-06-03 23:00:00+00:00,72.16,72.24,71.52,71.58,11986026.0
2026-06-04 00:00:00+00:00,71.58,72.06,70.26,70.69,11456398.0
2026-06-04 01:00:00+00:00,70.69,70.92,68.31,68.56,20756083.0
2026-06-04 02:00:00+00:00,68.56,70.43,66.63,70.0,20713790.0
2026-06-04 03:00:00+00:00,70.0,71.59,69.98,71.41,12346214.0
2026-06-04 04:00:00+00:00,71.41,71.74,70.74,70.85,7068516.0
2026-06-04 05:00:00+00:00,70.85,70.85,69.85,70.29,13757727.0
2026-06-04 06:00:00+00:00,70.29,71.19,70.2,70.3,5992109.0
2026-06-04 07:00:00+00:00,70.3,70.37,69.07,69.1,9424740.0
2026-06-04 08:00:00+00:00,69.1,69.41,68.27,69.2,11085677.0
2026-06-04 09:00:00+00:00,69.2,69.23,67.68,68.82,13452549.0
2026-06-04 10:00:00+00:00,68.82,68.89,67.47,67.83,10880168.0
2026-06-04 11:00:00+00:00,67.83,68.66,67.35,68.63,9066488.0
2026-06-04 12:00:00+00:00,68.63,70.34,68.27,70.05,14815671.0
2026-06-04 13:00:00+00:00,70.05,70.55,68.95,70.33,13524464.0
2026-06-04 14:00:00+00:00,70.33,70.61,69.51,69.73,11068598.0
2026-06-04 15:00:00+00:00,69.73,70.49,69.35,69.6,10947947.0
2026-06-04 16:00:00+00:00,69.6,69.64,68.93,69.37,8794178.0
2026-06-04 17:00:00+00:00,69.37,69.75,68.45,69.2,12597023.0
2026-06-04 18:00:00+00:00,69.2,69.86,68.58,69.45,8674655.0
2026-06-04 19:00:00+00:00,69.45,69.7,68.97,69.04,9154076.0
2026-06-04 20:00:00+00:00,69.04,69.11,68.38,68.76,10977076.0
2026-06-04 21:00:00+00:00,68.76,69.0,67.55,67.76,12121844.0
2026-06-04 22:00:00+00:00,67.76,68.52,67.52,68.43,12398409.0
2026-06-04 23:00:00+00:00,68.43,68.88,67.94,68.81,7886611.0
2026-06-05 00:00:00+00:00,68.81,69.06,68.2,68.25,8415655.0
2026-06-05 01:00:00+00:00,68.25,68.78,67.5,68.45,7821417.0
2026-06-05 02:00:00+00:00,68.45,68.57,67.14,67.27,8677040.0
2026-06-05 03:00:00+00:00,67.27,67.82,66.87,67.04,8583111.0
2026-06-05 04:00:00+00:00,67.04,67.98,66.42,67.91,15372710.0
2026-06-05 05:00:00+00:00,67.91,68.06,66.03,66.18,8830988.0
2026-06-05 06:00:00+00:00,66.18,66.5,63.74,65.0,26882866.0
2026-06-05 07:00:00+00:00,65.0,66.26,63.85,66.15,15896831.0
2026-06-05 08:00:00+00:00,66.15,66.15,65.02,65.25,9067739.0
2026-06-05 09:00:00+00:00,65.25,66.56,65.25,66.5,10005441.0
2026-06-05 10:00:00+00:00,66.5,66.7,66.11,66.38,10596692.0
2026-06-05 11:00:00+00:00,66.38,66.75,65.77,66.04,12571161.0
2026-06-05 12:00:00+00:00,66.04,66.32,65.17,65.79,15494213.0
2026-06-05 13:00:00+00:00,65.79,66.79,64.25,64.28,21132982.0
2026-06-05 14:00:00+00:00,64.28,65.84,63.89,65.23,18804518.0
2026-06-05 15:00:00+00:00,65.23,65.31,63.73,64.22,17303068.0
2026-06-05 16:00:00+00:00,64.22,65.96,63.13,65.83,25726187.0
2026-06-05 17:00:00+00:00,65.83,66.03,64.76,65.05,10834161.0
2026-06-05 18:00:00+00:00,65.05,65.35,62.56,62.86,17982170.0
2026-06-05 19:00:00+00:00,62.86,63.8,61.4,63.39,16956031.0
2026-06-05 20:00:00+00:00,63.39,64.78,62.62,64.63,13493006.0
2026-06-05 21:00:00+00:00,64.63,65.37,64.49,64.84,8790120.0
2026-06-05 22:00:00+00:00,64.84,64.86,63.74,64.38,9612591.0
2026-06-05 23:00:00+00:00,64.38,64.76,62.59,63.6,8154151.0
2026-06-06 00:00:00+00:00,63.6,64.8,63.59,64.62,5465186.0
2026-06-06 01:00:00+00:00,64.62,64.8,63.74,63.8,6228884.0
2026-06-06 02:00:00+00:00,63.8,63.9,63.22,63.48,6676027.0
2026-06-06 03:00:00+00:00,63.48,63.5,62.52,62.79,7348878.0
2026-06-06 04:00:00+00:00,62.79,63.09,60.25,60.79,20669414.0
2026-06-06 05:00:00+00:00,60.79,62.69,60.03,62.57,14355634.0
2026-06-06 06:00:00+00:00,62.57,63.31,62.04,62.18,8980953.0
2026-06-06 07:00:00+00:00,62.18,63.14,62.02,62.76,5900393.0
2026-06-06 08:00:00+00:00,62.76,63.57,62.5,63.12,6887272.0
2026-06-06 09:00:00+00:00,63.12,63.53,62.44,62.67,6221983.0
2026-06-06 10:00:00+00:00,62.67,62.67,61.12,61.79,9817400.0
2026-06-06 11:00:00+00:00,61.79,62.63,61.7,62.39,5240676.0
2026-06-06 12:00:00+00:00,62.39,63.06,61.98,62.87,6970864.0
2026-06-06 13:00:00+00:00,62.87,63.02,62.12,62.38,7272735.0
2026-06-06 14:00:00+00:00,62.38,62.89,62.28,62.29,6633300.0
2026-06-06 15:00:00+00:00,62.29,62.46,61.26,62.02,14412183.0
2026-06-06 16:00:00+00:00,62.02,62.39,61.33,62.08,11165802.0
2026-06-06 17:00:00+00:00,62.08,62.23,61.42,61.57,10106454.0
2026-06-06 18:00:00+00:00,61.57,62.1,61.37,61.7,6250971.0
2026-06-06 19:00:00+00:00,61.7,62.16,61.59,61.6,6344755.0
2026-06-06 20:00:00+00:00,61.6,61.91,61.3,61.82,5805028.0
2026-06-06 21:00:00+00:00,61.82,62.37,61.79,61.87,8418418.0
2026-06-06 22:00:00+00:00,61.87,61.95,61.42,61.67,11720344.0
2026-06-06 23:00:00+00:00,61.67,62.28,61.64,62.16,8574551.0
2026-06-07 00:00:00+00:00,62.16,62.6,61.91,62.05,4325605.0
2026-06-07 01:00:00+00:00,62.05,63.82,61.99,63.62,7997916.0
2026-06-07 02:00:00+00:00,63.62,63.75,63.02,63.52,5647551.0
2026-06-07 03:00:00+00:00,63.52,64.09,63.36,63.77,3713192.0
2026-06-07 04:00:00+00:00,63.77,64.08,63.25,64.04,3828820.0
2026-06-07 05:00:00+00:00,64.04,64.45,63.85,64.2,8663801.0
2026-06-07 06:00:00+00:00,64.2,64.95,63.96,64.8,7948534.0
2026-06-07 07:00:00+00:00,64.8,64.97,64.55,64.87,4344034.0
2026-06-07 08:00:00+00:00,64.87,65.93,64.44,65.91,14363502.0
2026-06-07 09:00:00+00:00,65.91,66.07,64.79,64.94,12893266.0
2026-06-07 10:00:00+00:00,64.94,65.02,64.37,64.59,9380870.0
2026-06-07 11:00:00+00:00,64.59,65.17,64.46,64.97,7414121.0
2026-06-07 12:00:00+00:00,64.97,65.03,63.58,64.25,14142461.0
2026-06-07 13:00:00+00:00,64.25,64.4,64.02,64.27,6004570.0
2026-06-07 14:00:00+00:00,64.27,65.32,64.26,64.87,15751571.0
2026-06-07 15:00:00+00:00,64.87,65.19,64.57,64.94,9903371.0
2026-06-07 16:00:00+00:00,64.94,65.27,64.69,65.09,9130038.0
2026-06-07 17:00:00+00:00,65.09,65.58,65.02,65.26,7146298.0
2026-06-07 18:00:00+00:00,65.26,65.53,64.83,64.87,6276923.0
2026-06-07 19:00:00+00:00,64.87,64.92,63.57,63.89,13844825.0
2026-06-07 20:00:00+00:00,63.89,64.75,63.67,64.63,8038517.0
2026-06-07 21:00:00+00:00,64.63,64.86,64.24,64.56,6799513.0
2026-06-07 22:00:00+00:00,64.56,67.89,64.46,65.76,19031040.0
2026-06-07 23:00:00+00:00,65.76,66.6,65.7,66.45,9147817.0
2026-06-08 00:00:00+00:00,66.45,67.06,65.96,66.66,5215630.0
2026-06-08 01:00:00+00:00,66.66,66.76,65.34,66.12,10037115.0
2026-06-08 02:00:00+00:00,66.12,66.59,66.0,66.4,5105587.0
2026-06-08 03:00:00+00:00,66.4,66.72,66.12,66.31,3199152.0
2026-06-08 04:00:00+00:00,66.31,66.37,65.31,65.38,5784256.0
2026-06-08 05:00:00+00:00,65.38,65.61,64.9,65.28,9563581.0
2026-06-08 06:00:00+00:00,65.28,65.84,65.22,65.62,4206410.0
2026-06-08 07:00:00+00:00,65.62,66.18,65.32,66.07,7346855.0
2026-06-08 08:00:00+00:00,66.07,66.07,65.39,65.58,5957272.0
2026-06-08 09:00:00+00:00,65.58,66.34,65.55,66.32,7902825.0
2026-06-08 10:00:00+00:00,66.32,66.41,65.75,66.16,6386214.0
2026-06-08 11:00:00+00:00,66.16,67.03,65.99,66.65,9855640.0
2026-06-08 12:00:00+00:00,66.65,67.3,65.95,67.22,11865647.0
2026-06-08 13:00:00+00:00,67.22,67.25,66.36,66.74,8883286.0
2026-06-08 14:00:00+00:00,66.74,67.3,66.39,67.24,7784664.0
2026-06-08 15:00:00+00:00,67.24,67.78,67.01,67.15,11859328.0
2026-06-08 16:00:00+00:00,67.15,67.72,66.84,66.9,7814712.0
2026-06-08 17:00:00+00:00,66.9,67.35,66.51,67.33,8742519.0
2026-06-08 18:00:00+00:00,67.33,67.58,67.11,67.39,6468463.0
2026-06-08 19:00:00+00:00,67.39,67.81,67.24,67.41,5903944.0
2026-06-08 20:00:00+00:00,67.41,67.51,66.89,67.45,5390888.0
2026-06-08 21:00:00+00:00,67.45,68.16,67.39,67.43,6159173.0
2026-06-08 22:00:00+00:00,67.43,67.44,66.8,67.14,6041773.0
2026-06-08 23:00:00+00:00,67.14,67.38,66.6,66.78,9330107.0
2026-06-09 00:00:00+00:00,66.78,66.85,65.23,65.38,8868471.0
2026-06-09 01:00:00+00:00,65.38,66.03,65.34,65.97,6228991.0
2026-06-09 02:00:00+00:00,65.97,66.03,65.48,65.88,4168652.0
2026-06-09 03:00:00+00:00,65.88,66.06,65.63,65.98,4225052.0
2026-06-09 04:00:00+00:00,65.98,67.44,65.79,66.97,9750957.0
2026-06-09 05:00:00+00:00,66.97,67.35,66.67,67.15,5621489.0
2026-06-09 06:00:00+00:00,67.15,67.44,66.95,67.03,4610564.0
2026-06-09 07:00:00+00:00,67.03,67.32,66.58,66.86,5261021.0
2026-06-09 08:00:00+00:00,66.86,66.91,66.35,66.56,5564917.0
2026-06-09 09:00:00+00:00,66.56,66.79,66.02,66.12,7208953.0
2026-06-09 10:00:00+00:00,66.12,66.45,65.93,66.37,7173282.0
2026-06-09 11:00:00+00:00,66.37,66.44,65.84,66.08,7426083.0
2026-06-09 12:00:00+00:00,66.08,66.5,65.9,66.18,8191868.0
2026-06-09 13:00:00+00:00,66.18,66.34,65.55,65.81,11641350.0
2026-06-09 14:00:00+00:00,65.81,65.96,64.34,65.05,21727855.0
2026-06-09 15:00:00+00:00,65.05,65.29,64.22,64.29,18498678.0
2026-06-09 16:00:00+00:00,64.29,64.46,63.51,64.11,21851331.0
2026-06-09 17:00:00+00:00,64.11,65.14,64.06,64.76,15125655.0
2026-06-09 18:00:00+00:00,64.76,65.52,64.63,65.24,10548585.0
2026-06-09 19:00:00+00:00,65.24,65.63,65.01,65.39,11309358.0
2026-06-09 20:00:00+00:00,65.39,65.67,65.25,65.58,9299416.0
2026-06-09 21:00:00+00:00,65.58,65.63,64.84,64.98,8617304.0
2026-06-09 22:00:00+00:00,64.98,65.32,64.78,64.84,6910979.0
2026-06-09 23:00:00+00:00,64.84,65.14,64.64,64.93,5319175.0
2026-06-10 00:00:00+00:00,64.93,65.19,64.44,65.14,5573927.0
2026-06-10 01:00:00+00:00,65.14,65.26,64.76,65.07,5969492.0
2026-06-10 02:00:00+00:00,65.07,65.21,64.19,64.27,5423672.0
2026-06-10 03:00:00+00:00,64.27,64.82,64.23,64.48,3854137.0
2026-06-10 04:00:00+00:00,64.48,64.62,64.07,64.25,4568817.0
2026-06-10 05:00:00+00:00,64.25,64.35,63.87,64.08,4232329.0
2026-06-10 06:00:00+00:00,64.08,64.33,63.78,64.15,6206359.0
2026-06-10 07:00:00+00:00,64.15,64.74,64.1,64.45,5404382.0
2026-06-10 08:00:00+00:00,64.45,64.48,63.37,63.58,12705795.0
2026-06-10 09:00:00+00:00,63.58,63.72,63.01,63.59,9359759.0
2026-06-10 10:00:00+00:00,63.59,63.76,63.23,63.64,6840936.0
2026-06-10 11:00:00+00:00,63.64,63.74,62.9,63.47,10387966.0
2026-06-10 12:00:00+00:00,63.47,64.65,63.27,64.09,13353899.0
2026-06-10 13:00:00+00:00,64.09,65.52,63.97,65.04,16549991.0
2026-06-10 14:00:00+00:00,65.04,65.25,64.53,65.01,12988591.0
2026-06-10 15:00:00+00:00,65.01,65.74,64.5,65.41,15659481.0
2026-06-10 16:00:00+00:00,65.41,65.44,64.19,64.57,15620908.0
2026-06-10 17:00:00+00:00,64.57,64.93,63.58,63.99,17128448.0
2026-06-10 18:00:00+00:00,63.99,64.18,63.31,63.8,12750784.0
2026-06-10 19:00:00+00:00,63.8,63.92,63.33,63.53,11161719.0
2026-06-10 20:00:00+00:00,63.53,63.62,63.13,63.3,9963323.0
2026-06-10 21:00:00+00:00,63.3,63.3,62.28,62.55,11717516.0
2026-06-10 22:00:00+00:00,62.55,63.03,62.31,62.74,9697033.0
2026-06-10 23:00:00+00:00,62.74,63.28,62.41,63.15,7094251.0
2026-06-11 00:00:00+00:00,63.15,63.73,63.15,63.61,3855652.0
2026-06-11 01:00:00+00:00,63.61,65.12,63.61,64.88,10875780.0
2026-06-11 02:00:00+00:00,64.88,64.96,64.33,64.49,8215024.0
2026-06-11 03:00:00+00:00,64.49,65.49,64.29,65.23,7460855.0
2026-06-11 04:00:00+00:00,65.23,65.31,64.93,65.16,2967674.0
2026-06-11 05:00:00+00:00,65.16,65.2,64.91,64.94,3289633.0
2026-06-11 06:00:00+00:00,64.94,65.41,64.78,65.07,5886017.0
2026-06-11 07:00:00+00:00,65.07,65.15,64.73,65.01,5331502.0
2026-06-11 08:00:00+00:00,65.01,65.51,65.0,65.27,7088007.0
2026-06-11 09:00:00+00:00,65.27,65.53,64.98,65.36,6240271.0
2026-06-11 10:00:00+00:00,65.36,65.62,65.24,65.47,5891374.0
2026-06-11 11:00:00+00:00,65.47,66.17,65.3,65.85,8443471.0
2026-06-11 12:00:00+00:00,65.85,65.89,64.85,65.23,13155000.0
2026-06-11 13:00:00+00:00,65.23,65.71,65.02,65.5,10846156.0
2026-06-11 14:00:00+00:00,65.5,65.74,64.94,65.3,12963806.0
2026-06-11 15:00:00+00:00,65.3,65.83,64.95,65.51,13249570.0
2026-06-11 16:00:00+00:00,65.51,65.77,65.25,65.34,12715415.0
2026-06-11 17:00:00+00:00,65.34,67.16,64.99,67.12,32955280.0
2026-06-11 18:00:00+00:00,67.12,67.29,66.61,66.77,16047338.0
2026-06-11 19:00:00+00:00,66.77,67.35,66.54,66.89,10497184.0
2026-06-11 20:00:00+00:00,66.89,67.0,66.31,66.55,5781013.0
2026-06-11 21:00:00+00:00,66.55,67.07,66.52,66.87,6526946.0
2026-06-11 22:00:00+00:00,66.87,67.11,66.82,66.85,4463148.0
2026-06-11 23:00:00+00:00,66.85,67.07,66.65,66.88,4481108.0
2026-06-12 00:00:00+00:00,66.88,67.07,66.69,66.83,3238870.0
2026-06-12 01:00:00+00:00,66.83,66.83,66.28,66.64,6171871.0
2026-06-12 02:00:00+00:00,66.64,67.26,66.64,67.08,4709640.0
2026-06-12 03:00:00+00:00,67.08,67.12,66.63,66.98,3768980.0
2026-06-12 04:00:00+00:00,66.98,67.21,66.8,67.03,3579412.0
2026-06-12 05:00:00+00:00,67.03,67.05,66.58,66.69,3673884.0
2026-06-12 06:00:00+00:00,66.69,66.78,65.89,66.08,9817912.0
2026-06-12 07:00:00+00:00,66.08,66.44,66.07,66.29,6147084.0
2026-06-12 08:00:00+00:00,66.29,67.04,66.28,66.86,7639941.0
2026-06-12 09:00:00+00:00,66.86,67.49,66.79,67.15,6986981.0
2026-06-12 10:00:00+00:00,67.15,67.33,66.54,66.76,7056220.0
2026-06-12 11:00:00+00:00,66.76,67.08,66.74,66.9,6360756.0
2026-06-12 12:00:00+00:00,66.9,66.97,66.59,66.73,6129340.0
2026-06-12 13:00:00+00:00,66.73,66.98,66.32,66.69,11157493.0
2026-06-12 14:00:00+00:00,66.69,67.98,66.64,67.88,18640494.0
2026-06-12 15:00:00+00:00,67.88,68.8,67.12,67.2,29141026.0
2026-06-12 16:00:00+00:00,67.2,67.98,67.03,67.97,11848406.0
2026-06-12 17:00:00+00:00,67.97,68.18,67.21,67.36,10764061.0
2026-06-12 18:00:00+00:00,67.36,67.45,66.95,67.04,6321694.0
2026-06-12 19:00:00+00:00,67.04,67.37,66.65,66.76,6338858.0
2026-06-12 20:00:00+00:00,66.76,66.81,66.48,66.63,4829748.0
2026-06-12 21:00:00+00:00,66.63,66.91,66.42,66.53,3443519.0
2026-06-12 22:00:00+00:00,66.53,66.73,66.41,66.6,3669205.0
2026-06-12 23:00:00+00:00,66.6,66.79,66.44,66.79,2811748.0
2026-06-13 00:00:00+00:00,66.79,67.06,66.73,66.94,3775189.0
2026-06-13 01:00:00+00:00,66.94,67.48,66.94,67.41,4302387.0
2026-06-13 02:00:00+00:00,67.41,67.47,66.83,66.92,4065961.0
2026-06-13 03:00:00+00:00,66.92,67.02,66.66,66.83,3072182.0
2026-06-13 04:00:00+00:00,66.83,66.93,66.6,66.62,2998884.0
2026-06-13 05:00:00+00:00,66.62,66.83,66.56,66.75,3885397.0
2026-06-13 06:00:00+00:00,66.75,67.2,66.63,67.14,3036211.0
2026-06-13 07:00:00+00:00,67.14,67.44,66.92,67.34,5991164.0
2026-06-13 08:00:00+00:00,67.34,67.52,67.22,67.29,4381123.0
2026-06-13 09:00:00+00:00,67.29,67.5,67.25,67.33,3116410.0
2026-06-13 10:00:00+00:00,67.33,67.6,67.3,67.39,4250329.0
2026-06-13 11:00:00+00:00,67.39,67.94,67.34,67.87,6138149.0
2026-06-13 12:00:00+00:00,67.87,68.04,67.75,67.93,5016225.0
2026-06-13 13:00:00+00:00,67.93,68.27,67.79,67.98,7109266.0
2026-06-13 14:00:00+00:00,67.98,68.42,67.94,68.24,7182627.0
2026-06-13 15:00:00+00:00,68.24,68.68,68.13,68.55,9756412.0
2026-06-13 16:00:00+00:00,68.55,68.59,67.77,68.05,10348906.0
2026-06-13 17:00:00+00:00,68.05,68.26,67.79,67.95,6198997.0
2026-06-13 18:00:00+00:00,67.95,68.34,67.91,68.07,4636248.0
2026-06-13 19:00:00+00:00,68.07,68.36,67.97,68.19,3714245.0
2026-06-13 20:00:00+00:00,68.19,68.23,68.0,68.23,2824614.0
2026-06-13 21:00:00+00:00,68.23,69.54,68.17,69.21,9334366.0
2026-06-13 22:00:00+00:00,69.21,69.22,68.83,68.85,3746019.0
2026-06-13 23:00:00+00:00,68.85,69.14,68.72,68.88,2551547.0
2026-06-14 00:00:00+00:00,68.88,68.88,68.6,68.71,2844281.0
2026-06-14 01:00:00+00:00,68.71,69.06,68.58,68.8,3585753.0
2026-06-14 02:00:00+00:00,68.8,69.03,68.66,68.78,1964811.0
2026-06-14 03:00:00+00:00,68.78,68.99,68.7,68.93,1324705.0
2026-06-14 04:00:00+00:00,68.93,68.98,68.38,68.46,2446857.0
2026-06-14 05:00:00+00:00,68.46,68.54,67.98,68.22,3873169.0
2026-06-14 06:00:00+00:00,68.22,68.46,68.07,68.16,2428119.0
2026-06-14 07:00:00+00:00,68.16,68.22,68.0,68.18,2429552.0
2026-06-14 08:00:00+00:00,68.18,68.32,68.07,68.21,2067248.0
2026-06-14 09:00:00+00:00,68.21,68.46,67.86,68.45,4304101.0
2026-06-14 10:00:00+00:00,68.45,68.49,68.1,68.1,4647187.0
2026-06-14 11:00:00+00:00,68.1,68.3,67.89,68.06,6239519.0
2026-06-14 12:00:00+00:00,68.06,68.13,67.66,67.73,6697743.0
2026-06-14 13:00:00+00:00,67.73,67.83,67.44,67.72,6441886.0
2026-06-14 14:00:00+00:00,67.72,67.79,66.88,67.23,11446851.0
2026-06-14 15:00:00+00:00,67.23,67.62,67.22,67.39,10664404.0
2026-06-14 16:00:00+00:00,67.39,67.73,67.32,67.45,5707313.0
2026-06-14 17:00:00+00:00,67.45,67.69,67.25,67.3,6127457.0
2026-06-14 18:00:00+00:00,67.3,67.46,67.14,67.38,4141959.0
2026-06-14 19:00:00+00:00,67.38,67.72,67.29,67.53,3224143.0
2026-06-14 20:00:00+00:00,67.53,68.06,67.4,67.75,5956642.0
2026-06-14 21:00:00+00:00,67.75,70.5,67.75,70.1,24902472.0
2026-06-14 22:00:00+00:00,70.1,70.7,69.66,70.4,14979266.0
2026-06-14 23:00:00+00:00,70.4,71.25,70.11,71.23,15389227.0
2026-06-15 00:00:00+00:00,71.23,71.68,70.9,71.08,8415032.0
2026-06-15 01:00:00+00:00,71.08,71.38,70.63,70.98,9084957.0
2026-06-15 02:00:00+00:00,70.98,71.55,70.86,70.94,3409316.0
2026-06-15 03:00:00+00:00,70.94,71.34,70.87,71.2,2561896.0
2026-06-15 04:00:00+00:00,71.2,71.24,70.84,70.88,2527897.0
2026-06-15 05:00:00+00:00,70.88,71.28,70.76,71.19,4728785.0
2026-06-15 06:00:00+00:00,71.19,71.48,71.07,71.31,4363136.0
2026-06-15 07:00:00+00:00,71.31,71.49,71.06,71.23,4942149.0
2026-06-15 08:00:00+00:00,71.23,71.57,71.12,71.24,4452926.0
2026-06-15 09:00:00+00:00,71.24,71.42,70.75,71.17,6101226.0
2026-06-15 10:00:00+00:00,71.17,72.12,71.14,71.85,6195712.0
2026-06-15 11:00:00+00:00,71.85,72.81,71.61,72.56,13040250.0
2026-06-15 12:00:00+00:00,72.56,72.97,72.26,72.81,8008867.0
2026-06-15 13:00:00+00:00,72.81,74.24,72.67,73.6,23449505.0
2026-06-15 14:00:00+00:00,73.6,73.95,73.16,73.79,8786847.0
2026-06-15 15:00:00+00:00,73.79,75.23,73.73,75.22,20100071.0
2026-06-15 16:00:00+00:00,75.22,76.06,74.92,75.44,21910565.0
2026-06-15 17:00:00+00:00,75.44,75.45,74.62,75.25,10598384.0
2026-06-15 18:00:00+00:00,75.25,75.65,75.06,75.25,6750783.0
2026-06-15 19:00:00+00:00,75.25,75.76,74.53,75.24,10556000.0
2026-06-15 20:00:00+00:00,75.24,75.41,74.72,74.91,5787293.0
2026-06-15 21:00:00+00:00,74.91,74.99,74.35,74.42,4671992.0
2026-06-15 22:00:00+00:00,74.42,74.56,73.6,73.73,6567014.0
2026-06-15 23:00:00+00:00,73.73,74.03,73.58,73.93,4280846.0
2026-06-16 00:00:00+00:00,73.93,74.36,73.81,73.99,3376095.0
2026-06-16 01:00:00+00:00,73.99,74.32,73.81,73.83,2687695.0
2026-06-16 02:00:00+00:00,73.83,73.85,72.74,72.98,6076968.0
2026-06-16 03:00:00+00:00,72.98,73.77,72.82,73.7,3442744.0
2026-06-16 04:00:00+00:00,73.7,73.91,73.15,73.34,3308938.0
2026-06-16 05:00:00+00:00,73.34,73.8,73.31,73.61,3711663.0
2026-06-16 06:00:00+00:00,73.61,74.26,73.61,74.13,4051257.0
2026-06-16 07:00:00+00:00,74.13,74.5,74.07,74.42,4432911.0
2026-06-16 08:00:00+00:00,74.42,75.62,74.3,75.34,9473754.0
2026-06-16 09:00:00+00:00,75.34,75.42,74.77,74.82,6279962.0
2026-06-16 10:00:00+00:00,74.82,75.09,74.62,74.65,4499280.0
2026-06-16 11:00:00+00:00,74.65,74.85,74.33,74.63,4957933.0
2026-06-16 12:00:00+00:00,74.63,75.51,74.45,74.9,9017475.0
2026-06-16 13:00:00+00:00,74.9,74.94,73.81,73.94,12046978.0
2026-06-16 14:00:00+00:00,73.94,74.26,72.28,72.93,17560366.0
2026-06-16 15:00:00+00:00,72.93,73.63,72.84,73.25,10096617.0
2026-06-16 16:00:00+00:00,73.25,73.45,72.96,73.06,6429794.0
2026-06-16 17:00:00+00:00,73.06,73.8,73.01,73.64,6918048.0
2026-06-16 18:00:00+00:00,73.64,74.31,73.54,73.97,9239175.0
2026-06-16 19:00:00+00:00,73.97,74.19,73.46,73.81,8261099.0
2026-06-16 20:00:00+00:00,73.81,74.24,73.63,74.1,5716227.0
2026-06-16 21:00:00+00:00,74.1,74.17,73.7,73.9,6178784.0
2026-06-16 22:00:00+00:00,73.9,74.07,73.57,73.79,5679708.0
2026-06-16 23:00:00+00:00,73.79,73.93,73.37,73.5,4192725.0
2026-06-17 00:00:00+00:00,73.5,73.75,73.28,73.33,5654619.0
2026-06-17 01:00:00+00:00,73.33,73.98,73.12,73.88,5980970.0
2026-06-17 02:00:00+00:00,73.88,74.43,73.64,74.01,3893591.0
2026-06-17 03:00:00+00:00,74.01,74.02,73.47,73.64,2832844.0
2026-06-17 04:00:00+00:00,73.64,74.08,73.55,73.77,1757179.0
2026-06-17 05:00:00+00:00,73.77,73.96,73.39,73.59,2554128.0
2026-06-17 06:00:00+00:00,73.59,73.79,73.13,73.38,4273987.0
2026-06-17 07:00:00+00:00,73.38,73.57,72.93,73.22,4677303.0
2026-06-17 08:00:00+00:00,73.22,73.26,72.11,72.31,10002541.0
2026-06-17 09:00:00+00:00,72.31,72.64,72.27,72.49,5311534.0
2026-06-17 10:00:00+00:00,72.49,72.65,72.06,72.11,7399215.0
2026-06-17 11:00:00+00:00,72.11,72.21,71.66,71.99,8247939.0
2026-06-17 12:00:00+00:00,71.99,72.3,71.54,72.29,9143565.0
2026-06-17 13:00:00+00:00,72.29,72.73,72.11,72.38,11181267.0
2026-06-17 14:00:00+00:00,72.38,72.64,71.78,72.34,10943536.0
2026-06-17 15:00:00+00:00,72.34,73.84,72.31,73.76,16696484.0
2026-06-17 16:00:00+00:00,73.76,74.66,73.66,73.73,16160266.0
2026-06-17 17:00:00+00:00,73.73,74.32,73.42,74.14,9542077.0
2026-06-17 18:00:00+00:00,74.14,74.36,72.12,73.46,23111711.0
2026-06-17 19:00:00+00:00,73.46,73.67,71.36,71.61,22012792.0
2026-06-17 20:00:00+00:00,71.61,72.21,71.49,72.15,8597412.0
2026-06-17 21:00:00+00:00,72.15,72.19,71.31,71.58,5515941.0
2026-06-17 22:00:00+00:00,71.58,71.89,70.76,71.65,8009277.0
2026-06-17 23:00:00+00:00,71.65,72.1,71.65,72.0,2647981.0
2026-06-18 00:00:00+00:00,72.0,72.46,71.98,72.17,2904718.0
2026-06-18 01:00:00+00:00,72.17,72.59,72.04,72.18,2675095.0
2026-06-18 02:00:00+00:00,72.18,72.64,72.08,72.49,2404995.0
2026-06-18 03:00:00+00:00,72.49,72.49,71.49,71.62,4618087.0
2026-06-18 04:00:00+00:00,71.62,71.68,70.86,71.02,8725021.0
2026-06-18 05:00:00+00:00,71.02,71.09,70.59,71.09,5048526.0
2026-06-18 06:00:00+00:00,71.09,71.38,70.95,71.3,5249045.0
2026-06-18 07:00:00+00:00,71.3,71.8,71.11,71.74,5797511.0
2026-06-18 08:00:00+00:00,71.74,72.04,71.58,71.82,4401073.0
2026-06-18 09:00:00+00:00,71.82,72.12,71.7,71.8,4625813.0
2026-06-18 10:00:00+00:00,71.8,71.82,71.05,71.37,7969438.0
2026-06-18 11:00:00+00:00,71.37,71.53,70.67,70.9,8157874.0
2026-06-18 12:00:00+00:00,70.9,71.58,70.83,71.52,6929664.0
2026-06-18 13:00:00+00:00,71.52,71.76,70.69,71.01,14160032.0
2026-06-18 14:00:00+00:00,71.01,71.68,70.66,71.03,17798783.0
2026-06-18 15:00:00+00:00,71.03,71.07,68.28,68.41,32075320.0
2026-06-18 16:00:00+00:00,68.41,69.1,68.35,69.02,18770723.0
2026-06-18 17:00:00+00:00,69.02,69.13,68.46,68.62,15038791.0
2026-06-18 18:00:00+00:00,68.62,68.97,68.2,68.63,20292124.0
2026-06-18 19:00:00+00:00,68.63,69.5,68.53,69.33,16040157.0
2026-06-18 20:00:00+00:00,69.33,69.94,69.33,69.78,12248688.0
2026-06-18 21:00:00+00:00,69.78,69.89,69.36,69.53,17622524.0
2026-06-18 22:00:00+00:00,69.53,69.66,69.21,69.5,18384312.0
2026-06-18 23:00:00+00:00,69.5,69.76,69.24,69.69,9431466.0
2026-06-19 00:00:00+00:00,69.69,69.86,69.52,69.77,6399908.0
2026-06-19 01:00:00+00:00,69.77,69.99,69.49,69.9,9851090.0
2026-06-19 02:00:00+00:00,69.9,70.06,69.38,69.62,7725466.0
2026-06-19 03:00:00+00:00,69.62,69.71,68.59,69.02,8318650.0
2026-06-19 04:00:00+00:00,69.02,69.24,68.17,68.29,6029020.0
2026-06-19 05:00:00+00:00,68.29,68.72,68.28,68.65,7885208.0
2026-06-19 06:00:00+00:00,68.65,68.82,68.43,68.71,6337052.0
2026-06-19 07:00:00+00:00,68.71,68.74,67.93,68.34,8526742.0
2026-06-19 08:00:00+00:00,68.34,68.72,68.21,68.64,7274782.0
2026-06-19 09:00:00+00:00,68.64,68.71,68.17,68.29,6597087.0
2026-06-19 10:00:00+00:00,68.29,68.42,68.02,68.27,7042264.0
2026-06-19 11:00:00+00:00,68.27,68.46,68.06,68.2,5236222.0
2026-06-19 12:00:00+00:00,68.2,68.71,67.87,68.57,13808416.0
2026-06-19 13:00:00+00:00,68.57,69.54,68.35,69.24,15938426.0
2026-06-19 14:00:00+00:00,69.24,69.44,68.78,69.1,15555573.0
2026-06-19 15:00:00+00:00,69.1,69.5,68.88,69.28,12474273.0
2026-06-19 16:00:00+00:00,69.28,69.54,68.64,68.66,13442374.0
2026-06-19 17:00:00+00:00,68.66,69.48,68.57,69.29,16494073.0
2026-06-19 18:00:00+00:00,69.29,69.36,68.77,69.02,7358700.0
2026-06-19 19:00:00+00:00,69.02,69.12,68.74,68.93,5543632.0
2026-06-19 20:00:00+00:00,68.93,69.27,68.68,69.22,4693864.0
2026-06-19 21:00:00+00:00,69.22,69.26,68.86,68.97,3807774.0
2026-06-19 22:00:00+00:00,68.97,69.41,68.94,69.38,3878383.0
2026-06-19 23:00:00+00:00,69.38,69.84,69.19,69.69,5008091.0
2026-06-20 00:00:00+00:00,69.69,70.1,69.57,69.59,5868983.0
2026-06-20 01:00:00+00:00,69.59,69.91,69.51,69.77,3263564.0
2026-06-20 02:00:00+00:00,69.77,69.83,69.44,69.61,4021450.0
2026-06-20 03:00:00+00:00,69.61,70.07,69.58,69.96,3536608.0
2026-06-20 04:00:00+00:00,69.96,71.05,69.85,70.83,7874203.0
2026-06-20 05:00:00+00:00,70.83,72.47,70.67,71.74,10094316.0
2026-06-20 06:00:00+00:00,71.74,72.35,71.67,72.05,6512821.0
2026-06-20 07:00:00+00:00,72.05,72.1,71.41,71.53,5349726.0
2026-06-20 08:00:00+00:00,71.53,71.62,71.23,71.3,3938481.0
2026-06-20 09:00:00+00:00,71.3,71.59,71.16,71.52,3877561.0
2026-06-20 10:00:00+00:00,71.52,71.67,71.36,71.64,3472463.0
2026-06-20 11:00:00+00:00,71.64,72.06,71.39,71.73,5084132.0
2026-06-20 12:00:00+00:00,71.73,71.89,71.32,71.51,5043167.0
2026-06-20 13:00:00+00:00,71.51,71.55,70.71,71.16,8252426.0
2026-06-20 14:00:00+00:00,71.16,72.15,70.42,71.9,15945297.0
2026-06-20 15:00:00+00:00,71.9,72.6,71.59,72.0,12275573.0
2026-06-20 16:00:00+00:00,72.0,72.03,71.28,71.62,8457177.0
2026-06-20 17:00:00+00:00,71.62,71.64,71.04,71.52,6667753.0
2026-06-20 18:00:00+00:00,71.52,71.94,71.48,71.73,4070412.0
2026-06-20 19:00:00+00:00,71.73,71.88,71.55,71.81,3005689.0
2026-06-20 20:00:00+00:00,71.81,72.02,71.66,71.97,3450223.0
2026-06-20 21:00:00+00:00,71.97,72.42,71.92,72.35,5847784.0
2026-06-20 22:00:00+00:00,72.35,74.27,72.31,73.52,16393459.0
2026-06-20 23:00:00+00:00,73.52,73.61,73.17,73.19,4029248.0
2026-06-21 00:00:00+00:00,73.19,73.25,72.97,73.14,3256126.0
2026-06-21 01:00:00+00:00,73.14,73.3,72.84,73.16,3291270.0
2026-06-21 02:00:00+00:00,73.16,73.35,73.04,73.29,1598865.0
2026-06-21 03:00:00+00:00,73.29,73.82,73.08,73.57,3487021.0
2026-06-21 04:00:00+00:00,73.57,73.82,73.33,73.39,4112677.0
2026-06-21 05:00:00+00:00,73.39,73.47,72.88,73.06,8349628.0
2026-06-21 06:00:00+00:00,73.06,73.33,73.01,73.2,3435744.0
2026-06-21 07:00:00+00:00,73.2,73.42,73.08,73.18,5133329.0
2026-06-21 08:00:00+00:00,73.18,73.23,72.71,73.13,5086831.0
2026-06-21 09:00:00+00:00,73.13,74.08,73.05,74.01,8905020.0
2026-06-21 10:00:00+00:00,74.01,74.38,73.82,73.86,9381444.0
2026-06-21 11:00:00+00:00,73.86,73.98,73.05,73.16,11918212.0
2026-06-21 12:00:00+00:00,73.16,73.65,72.87,73.59,8619293.0
2026-06-21 13:00:00+00:00,73.59,73.9,73.42,73.88,10949443.0
2026-06-21 14:00:00+00:00,73.88,74.12,73.6,74.07,9780533.0
2026-06-21 15:00:00+00:00,74.07,74.26,73.87,74.12,8414839.0
2026-06-21 16:00:00+00:00,74.12,74.65,73.74,74.3,10944616.0
2026-06-21 17:00:00+00:00,74.3,74.62,74.01,74.21,14521260.0
2026-06-21 18:00:00+00:00,74.21,74.43,73.82,74.18,9640821.0
2026-06-21 19:00:00+00:00,74.18,74.45,74.06,74.39,11624268.0
2026-06-21 20:00:00+00:00,74.39,74.53,73.32,73.4,13813871.0
2026-06-21 21:00:00+00:00,73.4,73.43,72.38,73.11,19476765.0
2026-06-21 22:00:00+00:00,73.11,73.23,72.59,73.02,10724193.0
2026-06-21 23:00:00+00:00,73.02,73.05,72.26,72.42,14095316.0
2026-06-22 00:00:00+00:00,72.42,73.55,72.42,73.31,12448020.0
2026-06-22 01:00:00+00:00,73.31,74.97,73.22,74.33,12457532.0
2026-06-22 02:00:00+00:00,74.33,74.41,73.71,73.79,4894319.0
2026-06-22 03:00:00+00:00,73.79,74.02,73.23,73.48,5682000.0
2026-06-22 04:00:00+00:00,73.48,73.87,73.3,73.82,3885255.0
2026-06-22 05:00:00+00:00,73.82,74.11,73.73,73.91,4790455.0
2026-06-22 06:00:00+00:00,73.91,74.17,73.51,73.66,5031651.0
2026-06-22 07:00:00+00:00,73.66,74.45,73.63,74.07,7198973.0
2026-06-22 08:00:00+00:00,74.07,74.3,73.67,73.86,5763310.0
2026-06-22 09:00:00+00:00,73.86,73.98,73.51,73.75,7537377.0
2026-06-22 10:00:00+00:00,73.75,73.98,73.55,73.74,5263837.0
2026-06-22 11:00:00+00:00,73.74,74.42,73.61,74.15,13338692.0
2026-06-22 12:00:00+00:00,74.15,74.54,73.99,74.37,11065512.0
2026-06-22 13:00:00+00:00,74.37,74.95,74.2,74.94,13768038.0
2026-06-22 14:00:00+00:00,74.94,74.97,73.12,73.39,21624168.0
2026-06-22 15:00:00+00:00,73.39,73.75,72.93,73.1,15517406.0
2026-06-22 16:00:00+00:00,73.1,73.17,72.51,72.9,17987822.0
2026-06-22 17:00:00+00:00,72.9,73.29,72.59,73.24,11278458.0
2026-06-22 18:00:00+00:00,73.24,73.53,72.52,72.59,15147260.0
2026-06-22 19:00:00+00:00,72.59,72.78,72.4,72.63,11399394.0
2026-06-22 20:00:00+00:00,72.63,72.93,72.44,72.78,8282580.0
2026-06-22 21:00:00+00:00,72.78,72.84,72.21,72.7,10023786.0
2026-06-22 22:00:00+00:00,72.7,72.92,71.31,72.07,14133491.0
2026-06-22 23:00:00+00:00,72.07,72.13,71.78,71.91,4643136.0
2026-06-23 00:00:00+00:00,71.91,71.99,71.42,71.84,6016155.0
2026-06-23 01:00:00+00:00,71.84,72.0,71.25,71.66,5386076.0
2026-06-23 02:00:00+00:00,71.66,72.01,71.49,71.95,2333453.0
2026-06-23 03:00:00+00:00,71.95,71.96,71.67,71.95,2630059.0
2026-06-23 04:00:00+00:00,71.95,71.98,71.33,71.4,3680570.0
2026-06-23 05:00:00+00:00,71.4,71.56,70.88,71.0,6378222.0
2026-06-23 06:00:00+00:00,71.0,71.04,69.63,70.28,12204234.0
2026-06-23 07:00:00+00:00,70.28,70.52,69.92,69.95,6014500.0
2026-06-23 08:00:00+00:00,69.95,70.08,68.08,68.65,15942823.0
2026-06-23 09:00:00+00:00,68.65,68.99,68.63,68.87,6373914.0
2026-06-23 10:00:00+00:00,68.87,69.17,68.54,68.75,7518706.0
2026-06-23 11:00:00+00:00,68.75,69.29,68.75,69.25,7192741.0
2026-06-23 12:00:00+00:00,69.25,69.32,68.8,68.91,6931691.0
2026-06-23 13:00:00+00:00,68.91,69.32,68.56,69.14,14367630.0
2026-06-23 14:00:00+00:00,69.14,69.63,69.01,69.15,13891953.0
2026-06-23 15:00:00+00:00,69.15,69.15,68.33,68.89,14128383.0
2026-06-23 16:00:00+00:00,68.89,69.36,68.76,68.84,9332613.0
2026-06-23 17:00:00+00:00,68.84,69.15,68.59,68.72,7534713.0
2026-06-23 18:00:00+00:00,68.72,69.0,68.63,68.86,6291011.0
2026-06-23 19:00:00+00:00,68.86,69.08,68.69,68.79,5861776.0
2026-06-23 20:00:00+00:00,68.79,69.03,68.79,68.97,4320626.0
2026-06-23 21:00:00+00:00,68.97,69.28,68.93,69.22,6550382.0
2026-06-23 22:00:00+00:00,69.22,69.82,69.2,69.52,10785212.0
2026-06-23 23:00:00+00:00,69.52,69.77,69.25,69.65,5349218.0
2026-06-24 00:00:00+00:00,69.65,70.11,69.54,69.94,8089121.0
2026-06-24 01:00:00+00:00,69.94,70.38,69.62,70.04,6688249.0
2026-06-24 02:00:00+00:00,70.04,70.1,69.37,69.42,4722782.0
2026-06-24 03:00:00+00:00,69.42,69.73,69.06,69.53,3612127.0
2026-06-24 04:00:00+00:00,69.53,69.64,68.94,69.56,4602062.0
2026-06-24 05:00:00+00:00,69.56,70.17,69.48,69.88,3738774.0
2026-06-24 06:00:00+00:00,69.88,70.0,69.64,69.69,3213595.0
2026-06-24 07:00:00+00:00,69.69,69.74,69.24,69.33,4064766.0
2026-06-24 08:00:00+00:00,69.33,69.59,69.18,69.42,4277274.0
2026-06-24 09:00:00+00:00,69.42,69.51,69.15,69.28,4673420.0
2026-06-24 10:00:00+00:00,69.28,69.31,68.92,69.01,7603584.0
2026-06-24 11:00:00+00:00,69.01,70.4,68.73,69.78,11668999.0
2026-06-24 12:00:00+00:00,69.78,69.89,69.37,69.42,8809362.0
2026-06-24 13:00:00+00:00,69.42,69.46,68.32,68.84,21929709.0
2026-06-24 14:00:00+00:00,68.84,69.4,68.55,68.82,14725070.0
2026-06-24 15:00:00+00:00,68.82,68.86,67.21,67.29,22839323.0
2026-06-24 16:00:00+00:00,67.29,68.0,66.25,66.49,21297024.0
2026-06-24 17:00:00+00:00,66.49,66.9,64.66,64.94,21866614.0
2026-06-24 18:00:00+00:00,64.94,66.45,64.76,65.99,17634686.0
2026-06-24 19:00:00+00:00,65.99,66.34,65.49,66.1,9597808.0
2026-06-24 20:00:00+00:00,66.1,67.97,65.93,67.64,13643518.0
2026-06-24 21:00:00+00:00,67.64,68.08,67.16,68.02,6931114.0
2026-06-24 22:00:00+00:00,68.02,68.5,67.64,67.79,6512966.0
2026-06-24 23:00:00+00:00,67.79,68.15,67.71,68.07,5445498.0
2026-06-25 00:00:00+00:00,68.07,68.28,67.54,67.66,5535628.0
2026-06-25 01:00:00+00:00,67.66,67.97,67.34,67.84,6696387.0
2026-06-25 02:00:00+00:00,67.84,67.9,67.55,67.69,3453340.0
2026-06-25 03:00:00+00:00,67.69,67.82,67.42,67.65,3655952.0
2026-06-25 04:00:00+00:00,67.65,68.48,67.44,68.43,6539552.0
2026-06-25 05:00:00+00:00,68.43,69.28,68.31,68.99,8642703.0
2026-06-25 06:00:00+00:00,68.99,69.64,68.97,69.43,6450503.0
2026-06-25 07:00:00+00:00,69.43,69.55,69.18,69.4,4954462.0
2026-06-25 08:00:00+00:00,69.4,69.4,68.96,69.02,4188885.0
2026-06-25 09:00:00+00:00,69.02,69.16,68.76,68.79,3315968.0
2026-06-25 10:00:00+00:00,68.79,68.85,68.09,68.26,5056787.0
2026-06-25 11:00:00+00:00,68.26,68.41,67.96,68.13,6334486.0
2026-06-25 12:00:00+00:00,68.13,68.88,67.75,68.25,9283540.0
2026-06-25 13:00:00+00:00,68.25,68.42,64.0,64.2,28332972.0
2026-06-25 14:00:00+00:00,64.2,67.13,64.19,66.33,29431170.0
2026-06-25 15:00:00+00:00,66.33,66.35,65.19,65.74,10964934.0
2026-06-25 16:00:00+00:00,65.74,66.37,65.61,65.93,9074499.0
2026-06-25 17:00:00+00:00,65.93,67.34,65.78,67.1,14083403.0
2026-06-25 18:00:00+00:00,67.1,67.12,65.87,66.13,14409711.0
2026-06-25 19:00:00+00:00,66.13,66.19,65.63,66.16,6292111.0
2026-06-25 20:00:00+00:00,66.16,66.77,66.04,66.24,7879119.0
2026-06-25 21:00:00+00:00,66.24,67.28,66.23,67.25,8234276.0
2026-06-25 22:00:00+00:00,67.25,67.33,66.91,67.11,5287790.0
2026-06-25 23:00:00+00:00,67.11,68.8,66.95,67.66,14246171.0
2026-06-26 00:00:00+00:00,67.66,68.07,67.59,67.73,5692176.0
2026-06-26 01:00:00+00:00,67.73,67.88,67.1,67.28,6449943.0
2026-06-26 02:00:00+00:00,67.28,67.32,65.87,66.16,10143869.0
2026-06-26 03:00:00+00:00,66.16,68.48,65.89,68.17,10650746.0
2026-06-26 04:00:00+00:00,68.17,68.35,67.92,68.03,5530071.0
2026-06-26 05:00:00+00:00,68.03,68.43,67.95,68.34,4552179.0
2026-06-26 06:00:00+00:00,68.34,69.98,67.97,69.98,12689681.0
2026-06-26 07:00:00+00:00,69.98,70.97,69.89,70.73,11803223.0
2026-06-26 08:00:00+00:00,70.73,70.85,69.68,69.91,9860314.0
2026-06-26 09:00:00+00:00,69.91,69.91,68.81,68.98,8014021.0
2026-06-26 10:00:00+00:00,68.98,69.22,68.6,68.73,8102427.0
2026-06-26 11:00:00+00:00,68.73,69.07,68.36,68.57,9881318.0
2026-06-26 12:00:00+00:00,68.57,69.71,68.32,68.82,16492004.0
2026-06-26 13:00:00+00:00,68.82,70.92,68.15,70.68,23278806.0
2026-06-26 14:00:00+00:00,70.68,71.93,70.2,70.44,24377573.0
2026-06-26 15:00:00+00:00,70.44,72.27,70.27,72.04,16691736.0
2026-06-26 16:00:00+00:00,72.04,73.5,71.95,72.46,18837223.0
2026-06-26 17:00:00+00:00,72.46,72.86,72.15,72.54,9955571.0
2026-06-26 18:00:00+00:00,72.54,73.08,72.34,72.57,10215699.0
2026-06-26 19:00:00+00:00,72.57,73.91,72.45,73.05,14121766.0
2026-06-26 20:00:00+00:00,73.05,73.66,72.02,72.15,14456208.0
2026-06-26 21:00:00+00:00,72.15,72.37,71.79,71.95,8887516.0
2026-06-26 22:00:00+00:00,71.95,72.06,71.42,71.79,5083142.0
2026-06-26 23:00:00+00:00,71.79,71.99,71.65,71.89,6244589.0
2026-06-27 00:00:00+00:00,71.89,72.48,71.55,71.78,7219093.0
2026-06-27 01:00:00+00:00,71.78,71.79,71.25,71.4,5465477.0
2026-06-27 02:00:00+00:00,71.4,72.25,71.34,72.08,4431099.0
2026-06-27 03:00:00+00:00,72.08,72.38,71.8,72.22,2897965.0
2026-06-27 04:00:00+00:00,72.22,72.57,71.85,71.9,3033633.0
2026-06-27 05:00:00+00:00,71.9,71.99,71.48,71.76,2419736.0
2026-06-27 06:00:00+00:00,71.76,72.29,71.58,72.08,3361246.0
2026-06-27 07:00:00+00:00,72.08,72.33,71.97,72.27,2881735.0
2026-06-27 08:00:00+00:00,72.27,72.29,71.84,71.99,3276431.0
2026-06-27 09:00:00+00:00,71.99,72.08,71.67,71.83,3725364.0
2026-06-27 10:00:00+00:00,71.83,72.02,71.78,72.0,3412883.0
2026-06-27 11:00:00+00:00,72.0,72.05,71.49,71.76,4448352.0
2026-06-27 12:00:00+00:00,71.76,72.17,71.59,72.12,3786931.0
2026-06-27 13:00:00+00:00,72.12,72.6,72.08,72.31,6649726.0
2026-06-27 14:00:00+00:00,72.31,72.88,72.17,72.68,7594754.0
2026-06-27 15:00:00+00:00,72.68,73.16,72.58,72.8,7842231.0
2026-06-27 16:00:00+00:00,72.8,72.98,72.59,72.61,4236565.0
2026-06-27 17:00:00+00:00,72.61,72.62,71.85,72.01,7187420.0
2026-06-27 18:00:00+00:00,72.01,72.14,71.71,71.86,5173908.0
2026-06-27 19:00:00+00:00,71.86,71.96,70.91,71.06,9171266.0
2026-06-27 20:00:00+00:00,71.06,71.31,71.03,71.27,3622042.0
2026-06-27 21:00:00+00:00,71.27,71.6,70.77,70.94,9913240.0
2026-06-27 22:00:00+00:00,70.94,71.06,70.21,71.04,8095019.0
2026-06-27 23:00:00+00:00,71.04,71.12,70.39,70.46,6493483.0
2026-06-28 00:00:00+00:00,70.46,70.78,70.41,70.68,2788797.0
2026-06-28 01:00:00+00:00,70.68,70.89,70.41,70.8,4486629.0
2026-06-28 02:00:00+00:00,70.8,70.97,70.45,70.68,4164937.0
2026-06-28 03:00:00+00:00,70.68,70.95,70.68,70.82,2342499.0
2026-06-28 04:00:00+00:00,70.82,70.96,70.51,70.74,2656967.0
2026-06-28 05:00:00+00:00,70.74,70.74,70.1,70.5,4862947.0
2026-06-28 06:00:00+00:00,70.5,70.54,70.14,70.41,4978822.0
2026-06-28 07:00:00+00:00,70.41,71.07,70.4,71.04,3714140.0
2026-06-28 08:00:00+00:00,71.04,72.17,71.02,71.87,8682875.0
2026-06-28 09:00:00+00:00,71.87,72.02,71.44,71.49,6413886.0
2026-06-28 10:00:00+00:00,71.49,71.57,71.05,71.42,7989418.0
2026-06-28 11:00:00+00:00,71.42,72.0,71.36,71.87,8779140.0
2026-06-28 12:00:00+00:00,71.87,72.38,71.6,71.85,8601521.0
2026-06-28 13:00:00+00:00,71.85,72.07,71.27,71.71,10514550.0
2026-06-28 14:00:00+00:00,71.71,72.16,71.6,71.6,8266251.0
2026-06-28 15:00:00+00:00,71.6,72.1,71.4,72.05,9921870.0
2026-06-28 16:00:00+00:00,72.05,72.09,71.09,71.54,9597584.0
2026-06-28 17:00:00+00:00,71.54,71.95,70.92,71.53,9073326.0
2026-06-28 18:00:00+00:00,71.53,71.72,70.95,71.13,7889505.0
2026-06-28 19:00:00+00:00,71.13,71.28,70.2,70.69,12300930.0
2026-06-28 20:00:00+00:00,70.69,71.26,70.61,70.89,5622713.0
2026-06-28 21:00:00+00:00,70.89,71.03,70.21,70.42,5213979.0
2026-06-28 22:00:00+00:00,70.42,71.5,69.67,70.21,14619263.0
2026-06-28 23:00:00+00:00,70.21,71.74,70.1,71.36,7309768.0
2026-06-29 00:00:00+00:00,71.36,71.68,70.32,71.64,7692111.0
2026-06-29 01:00:00+00:00,71.64,71.68,70.92,71.44,4926143.0
2026-06-29 02:00:00+00:00,71.44,72.18,70.47,72.15,6327632.0
2026-06-29 03:00:00+00:00,72.15,73.3,72.13,72.65,7046490.0
2026-06-29 04:00:00+00:00,72.65,72.66,71.59,71.65,6713715.0
2026-06-29 05:00:00+00:00,71.65,72.33,70.97,72.29,8218116.0
2026-06-29 06:00:00+00:00,72.29,73.1,72.17,72.35,7462820.0
2026-06-29 07:00:00+00:00,72.35,72.9,72.04,72.67,6479305.0
2026-06-29 08:00:00+00:00,72.67,72.99,72.35,72.68,9819995.0
2026-06-29 09:00:00+00:00,72.68,73.15,72.55,72.89,7229485.0
2026-06-29 10:00:00+00:00,72.89,73.65,72.89,73.19,8561959.0
2026-06-29 11:00:00+00:00,73.19,73.23,72.2,72.5,11093195.0
2026-06-29 12:00:00+00:00,72.5,74.5,72.07,73.47,16676589.0
2026-06-29 13:00:00+00:00,73.47,74.3,72.73,73.69,16501193.0
2026-06-29 14:00:00+00:00,73.69,73.9,72.27,73.7,19530244.0
2026-06-29 15:00:00+00:00,73.7,74.4,72.75,73.86,15708111.0
2026-06-29 16:00:00+00:00,73.86,74.13,72.84,74.0,13089198.0
2026-06-29 17:00:00+00:00,74.0,76.48,73.97,75.26,22894512.0
2026-06-29 18:00:00+00:00,75.26,75.82,75.11,75.57,9473325.0
2026-06-29 19:00:00+00:00,75.57,76.21,75.39,75.97,9778029.0
2026-06-29 20:00:00+00:00,75.97,75.98,75.23,75.34,7200408.0
2026-06-29 21:00:00+00:00,75.34,75.78,75.19,75.5,5788187.0
2026-06-29 22:00:00+00:00,75.5,75.63,75.04,75.25,8494779.0
2026-06-29 23:00:00+00:00,75.25,75.41,74.86,75.12,4302306.0
2026-06-30 00:00:00+00:00,75.12,75.18,74.14,74.36,9602652.0
2026-06-30 01:00:00+00:00,74.36,74.64,74.02,74.38,3789763.0
2026-06-30 02:00:00+00:00,74.38,74.81,74.01,74.56,3960264.0
2026-06-30 03:00:00+00:00,74.56,74.87,74.09,74.17,3787239.0
2026-06-30 04:00:00+00:00,74.17,74.23,73.64,73.99,9337816.0
2026-06-30 05:00:00+00:00,73.99,74.21,73.79,74.19,7320953.0
2026-06-30 06:00:00+00:00,74.19,74.23,73.86,74.13,4817465.0
2026-06-30 07:00:00+00:00,74.13,74.21,73.8,74.14,5647962.0
2026-06-30 08:00:00+00:00,74.14,74.2,73.21,73.58,11507940.0
2026-06-30 09:00:00+00:00,73.58,73.84,73.51,73.76,5017086.0
2026-06-30 10:00:00+00:00,73.76,73.86,73.43,73.64,7326296.0
2026-06-30 11:00:00+00:00,73.64,73.75,73.3,73.36,7462235.0
2026-06-30 12:00:00+00:00,73.36,73.38,72.03,72.06,18625933.0
2026-06-30 13:00:00+00:00,72.06,72.91,71.87,72.85,18608547.0
2026-06-30 14:00:00+00:00,72.85,73.88,72.67,72.93,19433177.0
2026-06-30 15:00:00+00:00,72.93,74.07,72.57,73.1,13834754.0
2026-06-30 16:00:00+00:00,73.1,73.7,72.7,73.49,11643259.0
2026-06-30 17:00:00+00:00,73.49,73.9,73.13,73.16,10090949.0
2026-06-30 18:00:00+00:00,73.16,73.79,72.93,73.57,8562317.0
2026-06-30 19:00:00+00:00,73.57,73.95,73.32,73.75,7888433.0
2026-06-30 20:00:00+00:00,73.75,73.92,73.49,73.68,6304363.0
2026-06-30 21:00:00+00:00,73.68,73.77,73.15,73.46,4999474.0
2026-06-30 22:00:00+00:00,73.46,73.73,73.23,73.41,4225576.0
2026-06-30 23:00:00+00:00,73.41,73.7,73.28,73.62,3354974.0
2026-07-01 00:00:00+00:00,73.62,73.85,73.34,73.61,4327000.0
2026-07-01 01:00:00+00:00,73.61,74.35,72.22,73.92,15777868.0
2026-07-01 02:00:00+00:00,73.92,75.01,73.73,74.76,10613131.0
2026-07-01 03:00:00+00:00,74.76,75.67,74.29,75.45,9059120.0
2026-07-01 04:00:00+00:00,75.45,75.84,75.21,75.53,5922775.0
2026-07-01 05:00:00+00:00,75.53,75.76,75.11,75.22,5231713.0
2026-07-01 06:00:00+00:00,75.22,75.25,73.91,74.28,9352184.0
2026-07-01 07:00:00+00:00,74.28,74.93,74.04,74.83,6944629.0
2026-07-01 08:00:00+00:00,74.83,75.48,74.42,75.42,10176340.0
2026-07-01 09:00:00+00:00,75.42,75.54,75.02,75.42,10824766.0
2026-07-01 10:00:00+00:00,75.42,75.54,74.93,74.96,7903312.0
2026-07-01 11:00:00+00:00,74.96,75.3,74.61,74.81,8397200.0
2026-07-01 12:00:00+00:00,74.81,74.93,74.23,74.57,12034047.0
2026-07-01 13:00:00+00:00,74.57,76.1,74.57,75.99,21634080.0
2026-07-01 14:00:00+00:00,75.99,77.25,75.58,76.95,22173830.0
2026-07-01 15:00:00+00:00,76.95,77.78,76.78,77.4,15908987.0
2026-07-01 16:00:00+00:00,77.4,78.21,76.86,77.13,15540798.0
2026-07-01 17:00:00+00:00,77.13,77.92,76.81,77.72,12850741.0
2026-07-01 18:00:00+00:00,77.72,77.87,77.24,77.37,8211677.0
2026-07-01 19:00:00+00:00,77.37,77.64,76.76,76.98,7358225.0
2026-07-01 20:00:00+00:00,76.98,77.49,76.55,77.39,8783999.0
2026-07-01 21:00:00+00:00,77.39,78.66,77.38,78.41,10909961.0
2026-07-01 22:00:00+00:00,78.41,78.93,77.72,77.82,10353869.0
2026-07-01 23:00:00+00:00,77.82,77.83,77.22,77.42,4340756.0
2026-07-02 00:00:00+00:00,77.42,77.43,76.86,77.23,4383267.0
2026-07-02 01:00:00+00:00,77.23,78.68,77.19,78.15,6291246.0
2026-07-02 02:00:00+00:00,78.15,78.56,77.76,78.38,4559393.0
2026-07-02 03:00:00+00:00,78.38,78.97,77.91,78.67,5020952.0
2026-07-02 04:00:00+00:00,78.67,78.68,78.02,78.25,3951389.0
2026-07-02 05:00:00+00:00,78.25,78.32,77.74,78.06,4648228.0
2026-07-02 06:00:00+00:00,78.06,78.59,77.66,77.85,6644723.0
2026-07-02 07:00:00+00:00,77.85,78.16,77.53,77.96,7003924.0
2026-07-02 08:00:00+00:00,77.96,78.47,77.9,78.43,5608477.0
2026-07-02 09:00:00+00:00,78.43,79.75,78.24,79.43,11410373.0
2026-07-02 10:00:00+00:00,79.43,82.19,79.38,82.07,23190123.0
2026-07-02 11:00:00+00:00,82.07,82.8,81.49,82.36,18406068.0
2026-07-02 12:00:00+00:00,82.36,82.44,81.07,81.35,14073208.0
2026-07-02 13:00:00+00:00,81.35,81.97,80.67,81.47,12693806.0
2026-07-02 14:00:00+00:00,81.47,81.48,80.06,80.49,14120272.0
2026-07-02 15:00:00+00:00,80.49,80.87,80.03,80.8,8188642.0
2026-07-02 16:00:00+00:00,80.8,81.07,80.09,80.49,12521018.0
2026-07-02 17:00:00+00:00,80.49,81.19,80.46,80.6,8021310.0
2026-07-02 18:00:00+00:00,80.6,81.22,80.6,80.98,8359824.0
2026-07-02 19:00:00+00:00,80.98,81.28,80.75,80.8,6263160.0
2026-07-02 20:00:00+00:00,80.8,81.07,80.55,80.98,5106197.0
2026-07-02 21:00:00+00:00,80.98,81.13,80.43,80.75,4517083.0
2026-07-02 22:00:00+00:00,80.75,80.85,80.37,80.62,4518958.0
2026-07-02 23:00:00+00:00,80.62,80.74,80.45,80.68,3848331.0
2026-07-03 00:00:00+00:00,80.68,80.88,80.47,80.71,3625285.0
2026-07-03 01:00:00+00:00,80.71,81.65,80.66,81.45,7112871.0
2026-07-03 02:00:00+00:00,81.45,81.66,80.63,80.77,5496247.0
2026-07-03 03:00:00+00:00,80.77,80.94,80.27,80.68,6727470.0
2026-07-03 04:00:00+00:00,80.68,80.78,80.43,80.48,3150550.0
2026-07-03 05:00:00+00:00,80.48,81.24,80.43,81.12,5207455.0
2026-07-03 06:00:00+00:00,81.12,81.35,80.69,80.92,6304955.0
2026-07-03 07:00:00+00:00,80.92,81.47,80.77,81.19,6361596.0
2026-07-03 08:00:00+00:00,81.19,81.49,80.79,80.88,6103005.0
2026-07-03 09:00:00+00:00,80.88,81.26,80.63,80.99,5354494.0
2026-07-03 10:00:00+00:00,80.99,81.85,80.83,81.52,7942759.0
2026-07-03 11:00:00+00:00,81.52,81.67,81.19,81.52,6524580.0
2026-07-03 12:00:00+00:00,81.52,81.74,81.16,81.5,6005904.0
2026-07-03 13:00:00+00:00,81.5,81.8,81.38,81.55,7209014.0
2026-07-03 14:00:00+00:00,81.55,81.78,80.88,81.64,12491290.0
2026-07-03 15:00:00+00:00,81.64,82.02,81.09,81.17,10656214.0
2026-07-03 16:00:00+00:00,81.17,81.52,81.01,81.49,6539329.0
2026-07-03 17:00:00+00:00,81.49,81.94,81.41,81.74,6060745.0
2026-07-03 18:00:00+00:00,81.74,82.33,81.59,82.08,6904539.0
2026-07-03 19:00:00+00:00,82.08,83.23,82.03,82.44,12112256.0
2026-07-03 20:00:00+00:00,82.44,83.0,82.18,82.68,9903067.0
2026-07-03 21:00:00+00:00,82.68,83.04,82.11,82.61,6933354.0
2026-07-03 22:00:00+00:00,82.61,82.65,82.21,82.31,3315742.0
2026-07-03 23:00:00+00:00,82.31,82.46,82.11,82.33,3247486.0
2026-07-04 00:00:00+00:00,82.33,82.73,82.21,82.36,5436621.0
2026-07-04 01:00:00+00:00,82.36,82.36,81.76,81.91,4959531.0
2026-07-04 02:00:00+00:00,81.91,82.36,81.84,82.14,3422201.0
2026-07-04 03:00:00+00:00,82.14,82.83,82.0,82.67,4290615.0
2026-07-04 04:00:00+00:00,82.67,83.96,82.62,83.45,8648766.0
2026-07-04 05:00:00+00:00,83.45,83.46,82.85,83.33,5266840.0
2026-07-04 06:00:00+00:00,83.33,83.57,82.44,82.52,5875389.0
2026-07-04 07:00:00+00:00,82.52,82.81,82.22,82.67,3555943.0
2026-07-04 08:00:00+00:00,82.67,82.75,82.18,82.27,4103196.0
2026-07-04 09:00:00+00:00,82.27,82.29,81.56,81.69,8246619.0
2026-07-04 10:00:00+00:00,81.69,81.9,81.34,81.59,6336276.0
2026-07-04 11:00:00+00:00,81.59,81.88,81.5,81.79,3960037.0
2026-07-04 12:00:00+00:00,81.79,81.97,81.34,81.56,5796769.0
2026-07-04 13:00:00+00:00,81.56,81.88,81.34,81.62,4752229.0
2026-07-04 14:00:00+00:00,81.62,81.83,81.5,81.78,4855873.0
2026-07-04 15:00:00+00:00,81.78,82.38,81.68,82.19,7462209.0
2026-07-04 16:00:00+00:00,82.19,82.36,81.94,82.18,4680036.0
2026-07-04 17:00:00+00:00,82.18,82.78,81.84,82.48,7768934.0
2026-07-04 18:00:00+00:00,82.48,82.58,82.05,82.22,5777458.0
2026-07-04 19:00:00+00:00,82.22,82.3,81.66,81.84,4905491.0
2026-07-04 20:00:00+00:00,81.84,82.12,81.52,81.93,4270975.0
2026-07-04 21:00:00+00:00,81.93,82.21,81.79,81.96,3551617.0
2026-07-04 22:00:00+00:00,81.96,82.0,81.74,81.89,2572238.0
2026-07-04 23:00:00+00:00,81.89,81.9,81.39,81.74,2830839.0
2026-07-05 00:00:00+00:00,81.74,81.75,81.06,81.26,3625499.0
2026-07-05 01:00:00+00:00,81.26,81.42,80.51,80.82,4904916.0
2026-07-05 02:00:00+00:00,80.82,80.85,80.15,80.34,6926166.0
2026-07-05 03:00:00+00:00,80.34,80.57,80.31,80.51,2533975.0
2026-07-05 04:00:00+00:00,80.51,80.83,80.37,80.54,3235237.0
2026-07-05 05:00:00+00:00,80.54,80.54,80.19,80.46,3902019.0
2026-07-05 06:00:00+00:00,80.46,80.62,80.3,80.55,3530774.0
2026-07-05 07:00:00+00:00,80.55,80.72,80.33,80.67,3327212.0
2026-07-05 08:00:00+00:00,80.67,80.82,80.4,80.46,3418523.0
2026-07-05 09:00:00+00:00,80.46,80.51,79.62,79.86,8820228.0
2026-07-05 10:00:00+00:00,79.86,80.43,79.7,80.41,5356946.0
2026-07-05 11:00:00+00:00,80.41,80.62,80.31,80.53,5991500.0
2026-07-05 12:00:00+00:00,80.53,81.27,80.32,80.72,7839445.0
2026-07-05 13:00:00+00:00,80.72,81.21,80.63,81.19,4833761.0
2026-07-05 14:00:00+00:00,81.19,81.58,80.98,81.4,5791612.0
2026-07-05 15:00:00+00:00,81.4,81.72,81.07,81.31,6521401.0
2026-07-05 16:00:00+00:00,81.31,81.49,80.86,81.05,4948100.0
2026-07-05 17:00:00+00:00,81.05,81.34,80.97,81.1,4777803.0
2026-07-05 18:00:00+00:00,81.1,81.24,80.94,80.98,3389544.0
2026-07-05 19:00:00+00:00,80.98,81.09,80.76,81.01,4589883.0
2026-07-05 20:00:00+00:00,81.01,81.15,80.9,81.03,2683091.0
2026-07-05 21:00:00+00:00,81.03,82.21,80.71,81.74,9670458.0
2026-07-05 22:00:00+00:00,81.74,82.4,81.6,81.79,10513606.0
2026-07-05 23:00:00+00:00,81.79,82.04,81.4,81.54,5336889.0
2026-07-06 00:00:00+00:00,81.54,82.21,81.06,82.17,6581420.0
2026-07-06 01:00:00+00:00,82.17,82.31,81.44,81.52,5830758.0
2026-07-06 02:00:00+00:00,81.52,81.67,80.8,80.98,5812065.0
2026-07-06 03:00:00+00:00,80.98,81.03,80.42,80.79,4392071.0
2026-07-06 04:00:00+00:00,80.79,80.97,80.67,80.78,3045720.0
2026-07-06 05:00:00+00:00,80.78,80.8,80.09,80.38,4884007.0
2026-07-06 06:00:00+00:00,80.38,80.49,80.21,80.31,3207373.0
2026-07-06 07:00:00+00:00,80.31,80.96,80.22,80.78,4602817.0
2026-07-06 08:00:00+00:00,80.78,81.05,80.25,80.46,4983447.0
2026-07-06 09:00:00+00:00,80.46,80.46,80.02,80.04,6231437.0
2026-07-06 10:00:00+00:00,80.04,80.69,80.02,80.64,5628242.0
2026-07-06 11:00:00+00:00,80.64,80.97,80.34,80.36,7494721.0
2026-07-06 12:00:00+00:00,80.36,80.6,79.25,79.42,18405721.0
2026-07-06 13:00:00+00:00,79.42,80.9,79.19,80.13,18312819.0
2026-07-06 14:00:00+00:00,80.13,80.77,79.82,80.24,11913910.0
2026-07-06 15:00:00+00:00,80.24,81.5,80.24,81.45,12326826.0
2026-07-06 16:00:00+00:00,81.45,82.38,81.23,82.07,11987009.0
2026-07-06 17:00:00+00:00,82.07,82.14,81.4,81.61,7537172.0
2026-07-06 18:00:00+00:00,81.61,82.27,81.26,81.96,7024512.0
2026-07-06 19:00:00+00:00,81.96,82.14,81.76,82.03,4111811.0
2026-07-06 20:00:00+00:00,82.03,82.21,81.63,82.05,5142485.0
2026-07-06 21:00:00+00:00,82.05,83.73,82.01,82.78,12613745.0
2026-07-06 22:00:00+00:00,82.78,82.84,82.2,82.27,5198284.0
2026-07-06 23:00:00+00:00,82.27,82.39,81.87,81.92,5220477.0
2026-07-07 00:00:00+00:00,81.92,82.46,81.78,82.33,6924173.0
2026-07-07 01:00:00+00:00,82.33,82.33,81.77,81.88,5711967.0
2026-07-07 02:00:00+00:00,81.88,81.96,81.24,81.32,5723685.0
2026-07-07 03:00:00+00:00,81.32,81.44,80.93,81.03,3992225.0
2026-07-07 04:00:00+00:00,81.03,81.07,80.6,80.88,4132187.0
2026-07-07 05:00:00+00:00,80.88,81.2,80.4,81.06,6236569.0
2026-07-07 06:00:00+00:00,81.06,81.59,80.77,81.5,6861976.0
2026-07-07 07:00:00+00:00,81.5,81.71,81.29,81.45,5255704.0
2026-07-07 08:00:00+00:00,81.45,81.55,81.16,81.22,6674138.0
2026-07-07 09:00:00+00:00,81.22,81.44,81.08,81.27,5052136.0
2026-07-07 10:00:00+00:00,81.27,81.54,80.88,80.95,7280419.0
2026-07-07 11:00:00+00:00,80.95,81.36,80.71,81.28,7528897.0
2026-07-07 12:00:00+00:00,81.28,81.96,81.24,81.4,11231660.0
2026-07-07 13:00:00+00:00,81.4,81.58,80.61,80.8,16445664.0
2026-07-07 14:00:00+00:00,80.8,81.89,80.45,81.76,15565304.0
2026-07-07 15:00:00+00:00,81.76,82.34,81.44,82.08,11282673.0
2026-07-07 16:00:00+00:00,82.08,82.53,81.78,82.18,11240724.0
2026-07-07 17:00:00+00:00,82.18,82.77,82.04,82.67,8336058.0
2026-07-07 18:00:00+00:00,82.67,82.67,81.2,81.25,9676001.0
2026-07-07 19:00:00+00:00,81.25,81.55,80.72,81.33,11445137.0
2026-07-07 20:00:00+00:00,81.33,81.45,80.96,81.12,5708679.0
2026-07-07 21:00:00+00:00,81.12,81.39,80.5,80.78,8794726.0
2026-07-07 22:00:00+00:00,80.78,81.04,80.29,80.83,8401232.0
2026-07-07 23:00:00+00:00,80.83,81.11,80.47,80.53,4279425.0
2026-07-08 00:00:00+00:00,80.53,80.74,80.29,80.33,6550819.0
2026-07-08 01:00:00+00:00,80.33,80.38,78.76,79.05,12014124.0
2026-07-08 02:00:00+00:00,79.05,79.14,78.16,79.02,10280600.0
2026-07-08 03:00:00+00:00,79.02,79.3,78.55,78.68,4572309.0
2026-07-08 04:00:00+00:00,78.68,78.89,78.34,78.6,4217034.0
2026-07-08 05:00:00+00:00,78.6,78.78,78.28,78.38,5617384.0
2026-07-08 06:00:00+00:00,78.38,78.41,77.89,78.17,6468077.0
2026-07-08 07:00:00+00:00,78.17,78.31,77.74,78.25,5269142.0
2026-07-08 08:00:00+00:00,78.25,78.39,76.86,77.22,13910333.0
2026-07-08 09:00:00+00:00,77.22,77.46,76.97,77.14,4932101.0
2026-07-08 10:00:00+00:00,77.14,77.46,76.91,77.27,4576685.0
2026-07-08 11:00:00+00:00,77.27,77.66,77.04,77.51,5249273.0
2026-07-08 12:00:00+00:00,77.51,77.61,76.98,76.98,6159217.0
2026-07-08 13:00:00+00:00,76.98,77.43,76.58,77.26,11509342.0
2026-07-08 14:00:00+00:00,77.26,77.39,76.68,77.06,7342907.0
2026-07-08 15:00:00+00:00,77.06,77.11,76.24,76.72,9605973.0
2026-07-08 16:00:00+00:00,76.72,77.32,76.71,77.24,7174440.0
2026-07-08 17:00:00+00:00,77.24,77.63,76.97,77.09,7930726.0
2026-07-08 18:00:00+00:00,77.09,77.32,76.76,77.1,5700985.0
2026-07-08 19:00:00+00:00,77.1,77.47,76.92,77.39,5569429.0
2026-07-08 20:00:00+00:00,77.39,77.54,77.01,77.14,4240864.0
2026-07-08 21:00:00+00:00,77.14,77.3,76.88,77.2,3585205.0
2026-07-08 22:00:00+00:00,77.2,77.54,77.12,77.5,3462444.0
2026-07-08 23:00:00+00:00,77.5,77.94,77.39,77.79,5702840.0
2026-07-09 00:00:00+00:00,77.79,77.87,77.48,77.68,5535307.0
2026-07-09 01:00:00+00:00,77.68,78.78,77.23,77.32,8496934.0
2026-07-09 02:00:00+00:00,77.32,77.8,76.92,77.02,4367159.0
2026-07-09 03:00:00+00:00,77.02,77.36,76.67,77.34,3663031.0
2026-07-09 04:00:00+00:00,77.34,78.0,77.18,77.94,4145712.0
2026-07-09 05:00:00+00:00,77.94,78.37,77.69,78.36,5399330.0
2026-07-09 06:00:00+00:00,78.36,78.6,78.07,78.45,6746184.0
2026-07-09 07:00:00+00:00,78.45,78.81,78.09,78.17,8301144.0
2026-07-09 08:00:00+00:00,78.17,78.38,77.91,78.08,4212515.0
2026-07-09 09:00:00+00:00,78.08,78.15,77.81,78.1,3730558.0
2026-07-09 10:00:00+00:00,78.1,78.2,77.48,77.65,5477403.0
2026-07-09 11:00:00+00:00,77.65,77.74,77.27,77.58,4786386.0
2026-07-09 12:00:00+00:00,77.58,78.2,77.39,77.59,8410237.0
2026-07-09 13:00:00+00:00,77.59,78.49,77.3,78.19,10853213.0
2026-07-09 14:00:00+00:00,78.19,78.32,77.53,77.83,9341824.0
2026-07-09 15:00:00+00:00,77.83,78.16,77.46,77.56,8059652.0
2026-07-09 16:00:00+00:00,77.56,77.76,77.21,77.64,5887032.0
2026-07-09 17:00:00+00:00,77.64,78.13,77.57,78.03,5333857.0
2026-07-09 18:00:00+00:00,78.03,78.4,77.97,78.16,6295810.0
2026-07-09 19:00:00+00:00,78.16,78.3,77.86,78.12,6168142.0
2026-07-09 20:00:00+00:00,78.12,78.27,77.94,78.12,3566713.0
2026-07-09 21:00:00+00:00,78.12,78.24,77.87,78.01,2919065.0
2026-07-09 22:00:00+00:00,78.01,78.24,77.94,78.06,3399725.0
2026-07-09 23:00:00+00:00,78.06,78.17,77.74,78.0,4162362.0
2026-07-10 00:00:00+00:00,78.0,78.11,77.75,78.07,2917747.0
2026-07-10 01:00:00+00:00,78.07,79.43,77.89,79.02,9592304.0
2026-07-10 02:00:00+00:00,79.02,79.12,78.8,78.99,3300002.0
2026-07-10 03:00:00+00:00,78.99,79.1,78.7,79.01,2246410.0
2026-07-10 04:00:00+00:00,79.01,79.07,78.8,78.92,2229967.0
2026-07-10 05:00:00+00:00,78.92,79.34,78.83,79.14,3613107.0
2026-07-10 06:00:00+00:00,79.14,79.2,78.82,78.87,3592321.0
2026-07-10 07:00:00+00:00,78.87,79.04,78.69,78.81,4075643.0
2026-07-10 08:00:00+00:00,78.81,79.38,78.76,79.16,6021366.0
2026-07-10 09:00:00+00:00,79.16,79.34,78.89,79.19,6949940.0
2026-07-10 10:00:00+00:00,79.19,79.65,79.1,79.36,5671927.0
2026-07-10 11:00:00+00:00,79.36,79.48,79.12,79.31,3936635.0
2026-07-10 12:00:00+00:00,79.31,79.53,78.86,78.87,6390334.0
2026-07-10 13:00:00+00:00,78.87,79.31,78.72,78.94,7259462.0
2026-07-10 14:00:00+00:00,78.94,78.95,77.03,77.89,22450924.0
2026-07-10 15:00:00+00:00,77.89,78.34,77.75,78.12,7126772.0
2026-07-10 16:00:00+00:00,78.12,78.24,77.62,78.11,6954517.0
2026-07-10 17:00:00+00:00,78.11,78.15,77.54,77.55,4953855.0
2026-07-10 18:00:00+00:00,77.55,77.88,77.29,77.49,5255091.0
2026-07-10 19:00:00+00:00,77.49,78.03,77.41,77.85,4511214.0
2026-07-10 20:00:00+00:00,77.85,77.97,77.67,77.72,2884833.0
2026-07-10 21:00:00+00:00,77.72,78.08,77.69,77.97,2018821.0
2026-07-10 22:00:00+00:00,77.97,78.19,77.89,78.11,1745984.0
2026-07-10 23:00:00+00:00,78.11,78.13,77.88,78.08,1766528.0
2026-07-11 00:00:00+00:00,78.08,78.08,77.73,77.83,2094720.0
2026-07-11 01:00:00+00:00,77.83,78.04,77.42,77.5,3289430.0
2026-07-11 02:00:00+00:00,77.5,77.79,77.45,77.73,2173044.0
2026-07-11 03:00:00+00:00,77.73,77.83,77.56,77.75,1991022.0
2026-07-11 04:00:00+00:00,77.75,77.81,77.6,77.69,2078973.0
2026-07-11 05:00:00+00:00,77.69,77.93,77.55,77.84,2653761.0
2026-07-11 06:00:00+00:00,77.84,78.09,77.74,78.0,3597513.0
2026-07-11 07:00:00+00:00,78.0,78.06,77.89,77.94,2379121.0
2026-07-11 08:00:00+00:00,77.94,78.15,77.9,78.12,2499321.0
2026-07-11 09:00:00+00:00,78.12,78.33,77.78,77.79,4593172.0
2026-07-11 10:00:00+00:00,77.79,78.06,77.7,78.03,3532210.0
2026-07-11 11:00:00+00:00,78.03,78.1,77.95,78.07,1941374.0
2026-07-11 12:00:00+00:00,78.07,78.18,77.91,78.06,2469994.0
2026-07-11 13:00:00+00:00,78.06,78.42,78.0,78.13,3720807.0
2026-07-11 14:00:00+00:00,78.13,78.72,78.13,78.45,6889665.0
2026-07-11 15:00:00+00:00,78.45,78.83,77.92,78.34,9353665.0
2026-07-11 16:00:00+00:00,78.34,78.37,77.63,77.91,6894779.0
2026-07-11 17:00:00+00:00,77.91,78.2,77.78,78.05,4669130.0
2026-07-11 18:00:00+00:00,78.05,78.29,77.97,78.05,2730292.0
2026-07-11 19:00:00+00:00,78.05,78.1,77.85,78.09,2706164.0
2026-07-11 20:00:00+00:00,78.09,78.25,78.06,78.13,1944226.0
2026-07-11 21:00:00+00:00,78.13,78.28,78.1,78.19,2807759.0
2026-07-11 22:00:00+00:00,78.19,78.23,77.69,77.85,4466747.0
2026-07-11 23:00:00+00:00,77.85,77.88,76.73,76.74,9984465.0
2026-07-12 00:00:00+00:00,76.74,76.84,75.6,76.06,10510974.0
2026-07-12 01:00:00+00:00,76.06,76.86,75.99,76.79,4907864.0
2026-07-12 02:00:00+00:00,76.79,76.87,76.59,76.82,3054146.0
2026-07-12 03:00:00+00:00,76.82,77.05,76.7,77.01,2039845.0
2026-07-12 04:00:00+00:00,77.01,77.02,76.56,76.66,2325692.0
2026-07-12 05:00:00+00:00,76.66,76.77,76.34,76.39,2459312.0
2026-07-12 06:00:00+00:00,76.39,76.39,75.8,76.31,4802355.0
2026-07-12 07:00:00+00:00,76.31,76.67,76.26,76.46,3241362.0
2026-07-12 08:00:00+00:00,76.46,76.82,76.42,76.65,3606665.0
2026-07-12 09:00:00+00:00,76.65,76.86,76.33,76.71,4535410.0
2026-07-12 10:00:00+00:00,76.71,76.81,76.59,76.66,2490776.0
2026-07-12 11:00:00+00:00,76.66,77.24,76.49,76.9,4803949.0
2026-07-12 12:00:00+00:00,76.9,77.2,76.74,77.15,3883450.0
2026-07-12 13:00:00+00:00,77.15,77.47,77.08,77.12,4098430.0
2026-07-12 14:00:00+00:00,77.12,77.69,76.94,77.51,5179964.0
2026-07-12 15:00:00+00:00,77.51,77.59,77.25,77.44,5618169.0
2026-07-12 16:00:00+00:00,77.44,77.63,77.35,77.5,4728457.0
2026-07-12 17:00:00+00:00,77.5,77.58,77.21,77.33,3749995.0
2026-07-12 18:00:00+00:00,77.33,77.62,77.2,77.55,3919972.0
2026-07-12 19:00:00+00:00,77.55,77.76,77.39,77.64,4290147.0
2026-07-12 20:00:00+00:00,77.64,77.71,77.41,77.42,1878061.0
2026-07-12 21:00:00+00:00,77.42,77.66,76.92,77.07,5725575.0
2026-07-12 22:00:00+00:00,77.07,77.07,76.43,76.73,7533998.0
2026-07-12 23:00:00+00:00,76.73,76.91,76.61,76.86,5172146.0
2026-07-13 00:00:00+00:00,76.86,78.19,76.78,77.47,10557634.0
2026-07-13 01:00:00+00:00,77.47,77.63,76.23,76.26,6489347.0
2026-07-13 02:00:00+00:00,76.26,76.62,76.08,76.43,4708662.0
2026-07-13 03:00:00+00:00,76.43,76.45,75.38,75.81,8408780.0
2026-07-13 04:00:00+00:00,75.81,76.09,75.66,75.86,2936813.0
2026-07-13 05:00:00+00:00,75.86,76.44,75.66,76.34,4531579.0
2026-07-13 06:00:00+00:00,76.34,76.55,76.23,76.3,3551830.0
2026-07-13 07:00:00+00:00,76.3,76.66,76.18,76.41,4364787.0
2026-07-13 08:00:00+00:00,76.41,76.87,76.31,76.68,7578142.0
2026-07-13 09:00:00+00:00,76.68,76.7,76.55,76.58,1962655.0
2026-07-13 10:00:00+00:00,76.58,76.59,76.05,76.24,5107951.0
2026-07-13 11:00:00+00:00,76.24,76.55,76.24,76.3,3754808.0
2026-07-13 12:00:00+00:00,76.3,76.38,75.69,75.82,7124108.0
2026-07-13 13:00:00+00:00,75.82,75.92,75.07,75.37,11642188.0
2026-07-13 14:00:00+00:00,75.37,76.14,75.3,76.11,11894939.0
2026-07-13 15:00:00+00:00,76.11,76.28,75.69,75.78,5638263.0
2026-07-13 16:00:00+00:00,75.78,76.01,75.14,75.25,8660081.0
2026-07-13 17:00:00+00:00,75.25,75.43,74.5,74.55,9197887.0
2026-07-13 18:00:00+00:00,74.55,75.01,74.53,74.83,6496516.0
2026-07-13 19:00:00+00:00,74.83,75.22,74.7,75.17,5141616.0
2026-07-13 20:00:00+00:00,75.17,75.31,74.55,74.75,4664396.0
2026-07-13 21:00:00+00:00,74.75,74.76,74.06,74.36,7574459.0
2026-07-13 22:00:00+00:00,74.36,74.69,74.34,74.48,5154457.0
2026-07-13 23:00:00+00:00,74.48,74.97,74.37,74.97,7021274.0
2026-07-14 00:00:00+00:00,74.97,75.46,74.8,75.4,5998373.0
2026-07-14 01:00:00+00:00,75.4,75.52,75.17,75.25,3926015.0
2026-07-14 02:00:00+00:00,75.25,75.3,74.82,75.03,3065890.0
2026-07-14 03:00:00+00:00,75.03,75.13,74.51,75.13,5109634.0
2026-07-14 04:00:00+00:00,75.13,75.32,74.99,75.11,3843835.0
2026-07-14 05:00:00+00:00,75.11,75.45,75.06,75.38,2765235.0
2026-07-14 06:00:00+00:00,75.38,75.4,75.06,75.11,2634195.0
2026-07-14 07:00:00+00:00,75.11,75.23,74.86,74.91,3751808.0
2026-07-14 08:00:00+00:00,74.91,75.35,74.8,75.12,4341536.0
2026-07-14 09:00:00+00:00,75.12,75.29,74.82,75.04,5914624.0
2026-07-14 10:00:00+00:00,75.04,75.57,74.92,75.43,4809871.0
2026-07-14 11:00:00+00:00,75.43,75.57,75.29,75.37,4566801.0
2026-07-14 12:00:00+00:00,75.37,76.94,75.14,76.81,20058135.0
2026-07-14 13:00:00+00:00,76.81,77.71,76.47,76.91,20936861.0
2026-07-14 14:00:00+00:00,76.91,77.47,76.63,77.32,11603503.0
2026-07-14 15:00:00+00:00,77.32,77.87,77.15,77.35,9842163.0
2026-07-14 16:00:00+00:00,77.35,77.63,77.07,77.25,6335965.0
2026-07-14 17:00:00+00:00,77.25,77.27,76.77,77.15,6284281.0
2026-07-14 18:00:00+00:00,77.15,77.32,76.94,77.25,5414820.0
2026-07-14 19:00:00+00:00,77.25,77.5,77.06,77.13,4059100.0
2026-07-14 20:00:00+00:00,77.13,77.19,76.88,77.14,4347556.0
2026-07-14 21:00:00+00:00,77.14,77.38,77.09,77.17,3452306.0
2026-07-14 22:00:00+00:00,77.17,77.93,77.08,77.59,6325504.0
2026-07-14 23:00:00+00:00,77.59,77.89,77.5,77.83,3326135.0
2026-07-15 00:00:00+00:00,77.83,77.88,77.42,77.64,2847447.0
2026-07-15 01:00:00+00:00,77.64,77.79,77.23,77.4,3553321.0
2026-07-15 02:00:00+00:00,77.4,77.55,76.97,77.27,4628622.0
2026-07-15 03:00:00+00:00,77.27,77.86,77.17,77.73,3746036.0
2026-07-15 04:00:00+00:00,77.73,78.15,77.49,77.96,4361959.0
2026-07-15 05:00:00+00:00,77.96,78.29,77.6,78.23,5839132.0
2026-07-15 06:00:00+00:00,78.23,78.67,77.9,77.91,8222776.0
2026-07-15 07:00:00+00:00,77.91,77.97,77.36,77.36,3876088.0
2026-07-15 08:00:00+00:00,77.36,77.58,77.18,77.54,6451972.0
2026-07-15 09:00:00+00:00,77.54,77.87,77.38,77.46,4762433.0
2026-07-15 10:00:00+00:00,77.46,77.68,77.16,77.34,4732842.0
2026-07-15 11:00:00+00:00,77.34,77.48,77.29,77.48,2081412.0
2026-07-15 12:00:00+00:00,77.48,78.28,77.19,78.25,9742753.0
2026-07-15 13:00:00+00:00,78.25,79.01,77.64,78.06,17766735.0
2026-07-15 14:00:00+00:00,78.06,78.35,77.73,78.18,9453218.0
2026-07-15 15:00:00+00:00,78.18,78.22,77.7,78.03,7515929.0
2026-07-15 16:00:00+00:00,78.03,78.09,77.02,77.58,13679402.0
2026-07-15 17:00:00+00:00,77.58,78.01,77.45,77.79,5308725.0
2026-07-15 18:00:00+00:00,77.79,78.04,77.45,77.54,4038178.0
2026-07-15 19:00:00+00:00,77.54,77.66,76.86,77.14,7108183.0
2026-07-15 20:00:00+00:00,77.14,77.49,77.06,77.35,3896627.0
2026-07-15 21:00:00+00:00,77.35,77.49,77.17,77.39,2608563.0
2026-07-15 22:00:00+00:00,77.39,77.7,77.26,77.47,2769674.0
2026-07-15 23:00:00+00:00,77.47,77.58,77.16,77.23,2478860.0
2026-07-16 00:00:00+00:00,77.23,77.44,76.64,76.89,4860446.0
2026-07-16 01:00:00+00:00,76.89,77.12,76.66,77.05,3919895.0
2026-07-16 02:00:00+00:00,77.05,77.11,76.8,77.09,1924956.0
2026-07-16 03:00:00+00:00,77.09,77.23,76.75,76.89,2842561.0
2026-07-16 04:00:00+00:00,76.89,76.97,76.5,76.77,5450061.0
2026-07-16 05:00:00+00:00,76.77,77.47,76.69,77.43,5570228.0
2026-07-16 06:00:00+00:00,77.43,77.6,77.06,77.31,3537494.0
2026-07-16 07:00:00+00:00,77.31,77.31,76.13,76.38,6769159.0
2026-07-16 08:00:00+00:00,76.38,76.45,75.58,76.11,11195993.0
2026-07-16 09:00:00+00:00,76.11,76.21,75.93,75.97,3044985.0
2026-07-16 10:00:00+00:00,75.97,76.3,75.95,76.16,3382870.0
2026-07-16 11:00:00+00:00,76.16,76.24,75.97,76.23,4216400.0
2026-07-16 12:00:00+00:00,76.23,76.24,75.64,75.87,6384897.0
2026-07-16 13:00:00+00:00,75.87,76.6,75.86,76.33,10484867.0
2026-07-16 14:00:00+00:00,76.33,76.75,76.13,76.46,7950917.0
2026-07-16 15:00:00+00:00,76.46,76.84,75.95,76.59,9681158.0
2026-07-16 16:00:00+00:00,76.59,76.6,76.05,76.23,9158784.0
2026-07-16 17:00:00+00:00,76.23,76.24,75.34,75.57,9204449.0
2026-07-16 18:00:00+00:00,75.57,75.9,75.37,75.7,6309178.0
2026-07-16 19:00:00+00:00,75.7,75.9,75.57,75.77,3910638.0
2026-07-16 20:00:00+00:00,75.77,75.86,75.67,75.78,2726310.0
2026-07-16 21:00:00+00:00,75.78,76.04,75.73,75.91,2632322.0
2026-07-16 22:00:00+00:00,75.91,76.0,75.19,75.28,5633841.0
2026-07-16 23:00:00+00:00,75.28,75.38,74.96,75.28,5844453.0
2026-07-17 00:00:00+00:00,75.28,75.52,74.87,75.52,5383426.0
2026-07-17 01:00:00+00:00,75.52,75.72,74.93,75.06,5663157.0
2026-07-17 02:00:00+00:00,75.06,75.24,74.68,74.96,5114278.0
2026-07-17 03:00:00+00:00,74.96,75.43,74.95,75.19,3113467.0
2026-07-17 04:00:00+00:00,75.19,75.3,74.7,75.19,6143237.0
2026-07-17 05:00:00+00:00,75.19,75.19,74.21,74.35,9210473.0
2026-07-17 06:00:00+00:00,74.35,74.73,74.26,74.55,4000756.0
2026-07-17 07:00:00+00:00,74.55,74.73,74.36,74.58,3791562.0
2026-07-17 08:00:00+00:00,74.58,74.66,74.13,74.48,6266330.0
2026-07-17 09:00:00+00:00,74.48,74.76,74.42,74.61,5637389.0
2026-07-17 10:00:00+00:00,74.61,74.89,74.57,74.73,4963158.0
2026-07-17 11:00:00+00:00,74.73,74.97,74.59,74.81,4029999.0
2026-07-17 12:00:00+00:00,74.81,74.83,74.32,74.34,5048359.0
2026-07-17 13:00:00+00:00,74.34,74.35,73.32,74.28,17478037.0
2026-07-17 14:00:00+00:00,74.28,74.78,74.05,74.28,10473331.0
2026-07-17 15:00:00+00:00,74.28,74.75,73.76,74.74,8953346.0
2026-07-17 16:00:00+00:00,74.74,75.09,74.57,74.9,6483038.0
2026-07-17 17:00:00+00:00,74.9,75.58,74.9,75.2,7125902.0
2026-07-17 18:00:00+00:00,75.2,75.37,74.93,75.29,4850357.0
2026-07-17 19:00:00+00:00,75.29,75.34,74.82,75.16,4241212.0
2026-07-17 20:00:00+00:00,75.16,75.17,74.84,75.05,3527057.0
2026-07-17 21:00:00+00:00,75.05,75.2,74.91,74.98,1810340.0
2026-07-17 22:00:00+00:00,74.98,75.09,74.8,74.99,2249840.0
2026-07-17 23:00:00+00:00,74.99,75.1,74.82,74.99,2966801.0
2026-07-18 00:00:00+00:00,74.99,75.23,74.94,75.05,1952609.0
2026-07-18 01:00:00+00:00,75.05,75.2,75.0,75.17,2064457.0
2026-07-18 02:00:00+00:00,75.17,75.41,75.1,75.18,2193715.0
2026-07-18 03:00:00+00:00,75.18,75.34,75.11,75.34,1589536.0
2026-07-18 04:00:00+00:00,75.34,75.35,75.01,75.07,2254277.0
2026-07-18 05:00:00+00:00,75.07,75.07,74.83,74.9,2579007.0
2026-07-18 06:00:00+00:00,74.9,75.06,74.88,74.93,1594414.0
2026-07-18 07:00:00+00:00,74.93,75.02,74.86,74.93,1927246.0
2026-07-18 08:00:00+00:00,74.93,74.99,74.74,74.93,2542632.0
2026-07-18 09:00:00+00:00,74.93,74.97,74.62,74.8,2929474.0
2026-07-18 10:00:00+00:00,74.8,74.91,74.75,74.86,2101437.0
2026-07-18 11:00:00+00:00,74.86,75.0,74.84,74.91,2556410.0
2026-07-18 12:00:00+00:00,74.91,75.16,74.66,74.95,6409083.0
2026-07-18 13:00:00+00:00,74.95,74.96,74.46,74.7,4906355.0
2026-07-18 14:00:00+00:00,74.7,74.97,74.61,74.96,3720099.0
2026-07-18 15:00:00+00:00,74.96,75.01,74.75,74.92,3165106.0
2026-07-18 16:00:00+00:00,74.92,75.25,74.8,75.13,4123158.0
2026-07-18 17:00:00+00:00,75.13,75.36,75.01,75.3,4474915.0
2026-07-18 18:00:00+00:00,75.3,75.6,75.15,75.25,4450806.0
2026-07-18 19:00:00+00:00,75.25,75.41,75.18,75.4,3273260.0
2026-07-18 20:00:00+00:00,75.4,75.54,75.29,75.42,3431456.0
2026-07-18 21:00:00+00:00,75.42,75.59,75.3,75.43,5708115.0
2026-07-18 22:00:00+00:00,75.43,75.58,75.33,75.53,3059490.0
2026-07-18 23:00:00+00:00,75.53,75.54,75.36,75.47,1720471.0
2026-07-19 00:00:00+00:00,75.47,75.64,75.4,75.59,1592203.0
2026-07-19 01:00:00+00:00,75.59,75.7,75.48,75.63,1985593.0
2026-07-19 02:00:00+00:00,75.63,76.55,75.63,76.17,5222414.0
2026-07-19 03:00:00+00:00,76.17,76.42,75.76,75.93,2904557.0
2026-07-19 04:00:00+00:00,75.93,76.05,75.68,75.93,2280682.0
2026-07-19 05:00:00+00:00,75.93,76.07,75.84,75.94,1248483.0
2026-07-19 06:00:00+00:00,75.94,76.11,75.9,76.07,1332433.0
2026-07-19 07:00:00+00:00,76.07,76.3,75.96,76.09,2603327.0
2026-07-19 08:00:00+00:00,76.09,76.34,76.03,76.24,3071147.0
2026-07-19 09:00:00+00:00,76.24,76.26,75.88,75.96,3118726.0
2026-07-19 10:00:00+00:00,75.96,76.49,75.86,76.23,4008374.0
2026-07-19 11:00:00+00:00,76.23,76.37,76.01,76.03,3456071.0
2026-07-19 12:00:00+00:00,76.03,76.14,75.7,75.98,5108918.0
2026-07-19 13:00:00+00:00,75.98,76.12,75.84,76.07,1992392.0
2026-07-19 14:00:00+00:00,76.07,76.67,76.01,76.37,6438538.0
2026-07-19 15:00:00+00:00,76.37,76.45,76.06,76.17,5149425.0
2026-07-19 16:00:00+00:00,76.17,76.26,75.83,75.88,4385896.0
2026-07-19 17:00:00+00:00,75.88,76.19,75.52,75.93,6111393.0
2026-07-19 18:00:00+00:00,75.93,75.94,75.31,75.73,6491631.0
2026-07-19 19:00:00+00:00,75.73,75.86,75.59,75.85,2338918.0
2026-07-19 20:00:00+00:00,75.85,76.11,75.82,76.11,2773138.0
2026-07-19 21:00:00+00:00,76.11,76.21,75.65,75.73,3817729.0
2026-07-19 22:00:00+00:00,75.73,76.38,75.58,76.06,6338601.0
2026-07-19 23:00:00+00:00,76.06,76.54,75.84,76.33,3720335.0
2026-07-20 00:00:00+00:00,76.33,77.1,76.09,76.53,7301028.0
2026-07-20 01:00:00+00:00,76.53,77.38,76.23,76.34,6260971.0
2026-07-20 02:00:00+00:00,76.34,77.17,76.32,76.94,3755780.0
2026-07-20 03:00:00+00:00,76.94,77.06,76.5,76.7,2999884.0
2026-07-20 04:00:00+00:00,76.7,76.9,76.25,76.42,3224495.0
2026-07-20 05:00:00+00:00,76.42,76.46,75.73,75.88,5518945.0
2026-07-20 06:00:00+00:00,75.88,76.0,75.46,75.6,4462554.0
2026-07-20 07:00:00+00:00,75.6,76.21,75.48,76.18,4805372.0
2026-07-20 08:00:00+00:00,76.18,76.4,75.85,76.1,7236929.0
2026-07-20 09:00:00+00:00,76.1,76.7,76.02,76.42,5341518.0
2026-07-20 10:00:00+00:00,76.42,76.66,76.29,76.31,4620132.0
2026-07-20 11:00:00+00:00,76.31,77.2,76.25,77.1,9471608.0
2026-07-20 12:00:00+00:00,77.1,77.11,76.61,76.7,6178640.0
2026-07-20 13:00:00+00:00,76.7,77.1,76.07,76.24,9978945.0
2026-07-20 14:00:00+00:00,76.24,76.42,75.74,76.11,10265930.0
2026-07-20 15:00:00+00:00,76.11,77.91,76.06,77.73,14721271.0
2026-07-20 16:00:00+00:00,77.73,77.86,77.43,77.63,6918883.0
2026-07-20 17:00:00+00:00,77.63,77.87,77.34,77.7,6123985.0
2026-07-20 18:00:00+00:00,77.7,78.37,77.56,77.63,9007733.0
2026-07-20 19:00:00+00:00,77.63,77.7,77.25,77.6,7546399.0
2026-07-20 20:00:00+00:00,77.6,78.03,77.51,77.86,7850760.0
2026-07-20 21:00:00+00:00,77.86,78.01,77.69,77.7,6070742.0
2026-07-20 22:00:00+00:00,77.7,77.81,77.4,77.42,4419154.0
2026-07-20 23:00:00+00:00,77.42,77.87,77.4,77.81,2848302.0
2026-07-21 00:00:00+00:00,77.81,78.26,77.71,78.09,6342476.0
2026-07-21 01:00:00+00:00,78.09,78.2,77.77,77.81,9089091.0
2026-07-21 02:00:00+00:00,77.81,78.24,77.63,77.99,8111193.0
2026-07-21 03:00:00+00:00,77.99,78.53,77.99,78.16,4708794.0
2026-07-21 04:00:00+00:00,78.16,78.37,77.84,78.08,5236195.0
2026-07-21 05:00:00+00:00,78.08,78.64,78.07,78.41,5349807.0
2026-07-21 06:00:00+00:00,78.41,78.87,78.23,78.63,6298633.0
2026-07-21 07:00:00+00:00,78.63,78.73,78.43,78.53,3810618.0
2026-07-21 08:00:00+00:00,78.53,78.72,78.29,78.31,5751121.0
2026-07-21 09:00:00+00:00,78.31,78.46,78.1,78.38,6747126.0
2026-07-21 10:00:00+00:00,78.38,78.44,78.02,78.16,3311418.0
2026-07-21 11:00:00+00:00,78.16,78.39,78.05,78.32,3981711.0
2026-07-21 12:00:00+00:00,78.32,78.51,78.23,78.49,6385680.0
2026-07-21 13:00:00+00:00,78.49,78.62,78.11,78.55,9694763.0
2026-07-21 14:00:00+00:00,78.55,78.61,77.87,77.97,12823698.0
2026-07-21 15:00:00+00:00,77.97,78.13,77.74,78.1,7509643.0
2026-07-21 16:00:00+00:00,78.1,78.22,77.92,78.15,5093576.0
2026-07-21 17:00:00+00:00,78.15,78.2,77.4,77.68,9081531.0
2026-07-21 18:00:00+00:00,77.68,77.96,77.57,77.81,3983366.0
2026-07-21 19:00:00+00:00,77.81,77.98,77.67,77.82,2201343.0
2026-07-21 20:00:00+00:00,77.82,78.09,77.76,77.86,2064494.0
2026-07-21 21:00:00+00:00,77.86,78.11,77.75,77.99,2640034.0
2026-07-21 22:00:00+00:00,77.99,78.02,77.81,77.95,3636875.0
2026-07-21 23:00:00+00:00,77.95,78.15,77.77,78.1,2489437.0
2026-07-22 00:00:00+00:00,78.1,78.56,78.07,78.44,5329402.0
2026-07-22 01:00:00+00:00,78.44,78.49,78.08,78.31,4155773.0
2026-07-22 02:00:00+00:00,78.31,78.47,78.04,78.07,2543822.0
2026-07-22 03:00:00+00:00,78.07,78.19,77.76,77.83,2648275.0
2026-07-22 04:00:00+00:00,77.83,78.19,77.78,78.03,2387461.0
2026-07-22 05:00:00+00:00,78.03,78.04,77.34,77.39,5571096.0
2026-07-22 06:00:00+00:00,77.39,77.47,76.96,77.24,6189827.0
2026-07-22 07:00:00+00:00,77.24,77.29,76.93,77.07,3963533.0
2026-07-22 08:00:00+00:00,77.07,77.48,77.01,77.39,3883857.0
2026-07-22 09:00:00+00:00,77.39,77.54,77.24,77.5,2953181.0
2026-07-22 10:00:00+00:00,77.5,77.71,77.4,77.64,3146659.0
2026-07-22 11:00:00+00:00,77.64,77.78,77.44,77.53,4167082.0
2026-07-22 12:00:00+00:00,77.53,77.53,76.98,77.19,6003863.0
2026-07-22 13:00:00+00:00,77.19,77.95,77.09,77.84,8027506.0
2026-07-22 14:00:00+00:00,77.84,78.41,77.35,77.85,9863982.0
2026-07-22 15:00:00+00:00,77.85,78.84,77.85,78.43,8951461.0
2026-07-22 16:00:00+00:00,78.43,78.78,78.06,78.55,7259239.0
2026-07-22 17:00:00+00:00,78.55,78.62,78.1,78.17,4565190.0
2026-07-22 18:00:00+00:00,78.17,78.26,77.41,77.7,9493137.0
2026-07-22 19:00:00+00:00,77.7,77.77,77.26,77.62,4457844.0
2026-07-22 20:00:00+00:00,77.62,77.91,77.52,77.76,3421785.0
2026-07-22 21:00:00+00:00,77.76,78.02,77.63,77.99,3215514.0
2026-07-22 22:00:00+00:00,77.99,78.08,77.66,77.96,5619321.0
2026-07-22 23:00:00+00:00,77.96,77.98,77.43,77.94,4577597.0
2026-07-23 00:00:00+00:00,77.94,78.5,77.94,78.22,6558903.0
2026-07-23 01:00:00+00:00,78.22,78.37,77.82,77.85,4065874.0
2026-07-23 02:00:00+00:00,77.85,77.86,77.35,77.7,4091412.0
2026-07-23 03:00:00+00:00,77.7,77.74,77.42,77.56,2609652.0
2026-07-23 04:00:00+00:00,77.56,77.78,77.39,77.48,2512829.0
2026-07-23 05:00:00+00:00,77.48,77.67,77.35,77.49,2239726.0
2026-07-23 06:00:00+00:00,77.49,77.54,77.31,77.53,3172095.0
2026-07-23 07:00:00+00:00,77.53,77.53,76.98,77.12,4594562.0
2026-07-23 08:00:00+00:00,77.12,77.45,77.06,77.42,3440615.0
2026-07-23 09:00:00+00:00,77.42,77.61,77.35,77.45,3485522.0
2026-07-23 10:00:00+00:00,77.45,77.77,77.38,77.7,3624685.0
2026-07-23 11:00:00+00:00,77.7,77.83,77.56,77.63,4552340.0
2026-07-23 12:00:00+00:00,77.63,77.71,76.45,76.9,11476404.0
2026-07-23 13:00:00+00:00,76.9,77.0,76.51,76.66,7812675.0
2026-07-23 14:00:00+00:00,76.66,76.84,76.26,76.39,7967205.0
2026-07-23 15:00:00+00:00,76.39,76.41,75.8,76.34,11308547.0
2026-07-23 16:00:00+00:00,76.34,76.34,75.8,75.96,7637241.0
2026-07-23 17:00:00+00:00,75.96,76.14,75.45,75.62,7343869.0
2026-07-23 18:00:00+00:00,75.62,75.81,75.53,75.76,4110978.0
2026-07-23 19:00:00+00:00,75.76,75.81,75.38,75.7,9686684.0
2026-07-23 20:00:00+00:00,75.7,76.15,75.65,76.1,7242952.0
2026-07-23 21:00:00+00:00,76.1,76.24,75.86,76.02,4722080.0
2026-07-23 22:00:00+00:00,76.02,76.21,75.81,76.15,4268786.0
2026-07-23 23:00:00+00:00,76.15,76.21,75.81,75.83,2322437.0
2026-07-24 00:00:00+00:00,75.83,75.86,75.47,75.79,4225846.0
2026-07-24 01:00:00+00:00,75.79,76.09,75.63,75.65,4784600.0
2026-07-24 02:00:00+00:00,75.65,75.89,75.25,75.5,6445653.0
2026-07-24 03:00:00+00:00,75.5,75.94,75.44,75.79,3316190.0
2026-07-24 04:00:00+00:00,75.79,75.82,75.57,75.63,2142160.0
2026-07-24 05:00:00+00:00,75.63,75.88,75.55,75.75,2194101.0
2026-07-24 06:00:00+00:00,75.75,75.98,75.7,75.81,2498899.0
2026-07-24 07:00:00+00:00,75.81,76.42,75.73,76.03,7882446.0
2026-07-24 08:00:00+00:00,76.03,76.04,75.66,75.74,3993322.0
2026-07-24 09:00:00+00:00,75.74,75.79,75.32,75.57,6400813.0
2026-07-24 10:00:00+00:00,75.57,75.61,75.32,75.43,5474072.0
2026-07-24 11:00:00+00:00,75.43,75.47,74.93,75.15,10597579.0
2026-07-24 12:00:00+00:00,75.15,75.26,74.75,74.81,8014755.0
2026-07-24 13:00:00+00:00,74.81,74.88,73.93,74.16,16083722.0
2026-07-24 14:00:00+00:00,74.16,74.22,73.55,73.99,15002661.0
2026-07-24 15:00:00+00:00,73.99,74.25,73.63,73.99,11922723.0
2026-07-24 16:00:00+00:00,73.99,74.16,73.66,73.86,8003207.0
2026-07-24 17:00:00+00:00,73.86,74.11,73.8,74.0,6226407.0
2026-07-24 18:00:00+00:00,74.0,74.03,73.84,73.93,3245551.0
2026-07-24 19:00:00+00:00,73.93,74.01,73.73,73.92,7098183.0
2026-07-24 20:00:00+00:00,73.92,73.98,73.68,73.73,5236856.0
2026-07-24 21:00:00+00:00,73.73,73.79,73.38,73.6,8754593.0
2026-07-24 22:00:00+00:00,73.6,73.94,73.6,73.89,3821471.0
2026-07-24 23:00:00+00:00,73.89,74.0,73.81,73.92,2214939.0
2026-07-25 00:00:00+00:00,73.92,74.11,73.9,74.08,2641556.0
2026-07-25 01:00:00+00:00,74.08,74.22,73.97,74.08,2699097.0
2026-07-25 02:00:00+00:00,74.08,74.18,74.0,74.08,2098347.0
2026-07-25 03:00:00+00:00,74.08,74.29,74.01,74.1,2303979.0
2026-07-25 04:00:00+00:00,74.1,74.34,74.09,74.26,2054876.0
2026-07-25 05:00:00+00:00,74.26,74.32,73.86,73.95,3838563.0
2026-07-25 06:00:00+00:00,73.95,74.0,73.72,74.0,2557642.0
2026-07-25 07:00:00+00:00,74.0,74.02,73.74,73.74,2975677.0
2026-07-25 08:00:00+00:00,73.74,73.83,73.49,73.76,4398394.0
2026-07-25 09:00:00+00:00,73.76,74.0,73.71,73.95,3033134.0
2026-07-25 10:00:00+00:00,73.95,74.0,73.86,73.94,2065332.0
2026-07-25 11:00:00+00:00,73.94,74.0,73.81,73.88,1950689.0
2026-07-25 12:00:00+00:00,73.88,73.95,73.81,73.94,1832972.0
2026-07-25 13:00:00+00:00,73.94,74.16,73.9,73.94,4085535.0
2026-07-25 14:00:00+00:00,73.94,74.04,73.73,74.0,4905878.0
2026-07-25 15:00:00+00:00,74.0,74.28,73.95,74.13,5309567.0
2026-07-25 16:00:00+00:00,74.13,74.39,74.04,74.28,4963634.0
2026-07-25 17:00:00+00:00,74.28,74.64,74.25,74.43,6755636.0
2026-07-25 18:00:00+00:00,74.43,74.67,74.43,74.6,5655721.0
2026-07-25 19:00:00+00:00,74.6,74.69,74.49,74.52,3057516.0
2026-07-25 20:00:00+00:00,74.52,74.54,74.35,74.39,3126971.0
2026-07-25 21:00:00+00:00,74.39,74.56,74.23,74.42,2708769.0
2026-07-25 22:00:00+00:00,74.42,74.5,74.26,74.46,1400576.0
2026-07-25 23:00:00+00:00,74.46,74.5,74.37,74.49,1497761.0
2026-07-26 00:00:00+00:00,74.49,74.93,74.44,74.74,3860623.0
2026-07-26 01:00:00+00:00,74.74,74.87,74.63,74.79,1288423.0
2026-07-26 02:00:00+00:00,74.79,74.9,74.68,74.85,1287290.0
2026-07-26 03:00:00+00:00,74.85,75.03,74.77,74.99,3191841.0
2026-07-26 04:00:00+00:00,74.99,75.2,74.9,75.04,4091739.0
2026-07-26 05:00:00+00:00,75.04,75.14,74.91,74.97,1583390.0
2026-07-26 06:00:00+00:00,74.97,75.12,74.69,75.08,3074661.0
2026-07-26 07:00:00+00:00,75.08,75.12,74.82,74.84,2332079.0
2026-07-26 08:00:00+00:00,74.84,75.02,74.8,74.95,2029406.0
2026-07-26 09:00:00+00:00,74.95,75.25,74.95,75.03,3254135.0
2026-07-26 10:00:00+00:00,75.03,75.22,74.99,75.09,3649774.0
2026-07-26 11:00:00+00:00,75.09,75.14,74.86,74.91,2722764.0
2026-07-26 12:00:00+00:00,74.91,75.11,74.77,74.84,5409214.0
2026-07-26 13:00:00+00:00,74.84,74.94,74.73,74.9,4382241.0
2026-07-26 14:00:00+00:00,74.9,75.2,74.83,75.0,4786954.0
2026-07-26 15:00:00+00:00,75.0,75.47,74.92,75.46,7948487.0
2026-07-26 16:00:00+00:00,75.46,75.96,75.25,75.49,13015543.0
2026-07-26 17:00:00+00:00,75.49,75.56,75.25,75.34,4751906.0
2026-07-26 18:00:00+00:00,75.34,75.41,75.24,75.35,2389803.0
2026-07-26 19:00:00+00:00,75.35,75.41,75.2,75.3,1721250.0
2026-07-26 20:00:00+00:00,75.3,75.37,75.27,75.31,1177715.0
2026-07-26 21:00:00+00:00,75.31,75.74,75.28,75.61,4164878.0
2026-07-26 22:00:00+00:00,75.61,76.8,75.61,76.68,8886586.0
2026-07-26 23:00:00+00:00,76.68,77.07,76.49,76.74,6669273.0
2026-07-27 00:00:00+00:00,76.74,76.77,76.16,76.32,3929403.0
2026-07-27 01:00:00+00:00,76.32,76.5,75.95,76.48,3175744.0
2026-07-27 02:00:00+00:00,76.48,76.64,76.32,76.39,4552383.0
2026-07-27 03:00:00+00:00,76.39,76.51,76.29,76.37,1444342.0
2026-07-27 04:00:00+00:00,76.37,76.61,76.23,76.27,2036546.0
2026-07-27 05:00:00+00:00,76.27,76.6,76.22,76.52,1909655.0
2026-07-27 06:00:00+00:00,76.52,76.96,76.5,76.69,4358059.0
2026-07-27 07:00:00+00:00,76.69,76.73,76.36,76.43,3260799.0
2026-07-27 08:00:00+00:00,76.43,76.48,76.19,76.28,3867616.0
2026-07-27 09:00:00+00:00,76.28,76.53,76.09,76.44,3520739.0
2026-07-27 10:00:00+00:00,76.44,76.65,76.37,76.59,2470041.0
2026-07-27 11:00:00+00:00,76.59,76.65,76.45,76.49,2811078.0
2026-07-27 12:00:00+00:00,76.49,77.05,76.2,76.82,10192293.0
2026-07-27 13:00:00+00:00,76.82,77.48,76.42,76.87,16088990.0
2026-07-27 14:00:00+00:00,76.87,76.97,74.98,75.44,20636534.0
2026-07-27 15:00:00+00:00,75.44,75.58,75.03,75.23,8417411.0
2026-07-27 16:00:00+00:00,75.23,75.94,75.1,75.9,9100632.0
2026-07-27 17:00:00+00:00,75.9,76.21,75.77,75.85,7956230.0
2026-07-27 18:00:00+00:00,75.85,75.96,75.21,75.58,10052263.0
2026-07-27 19:00:00+00:00,75.58,76.01,75.46,75.94,6754090.0
2026-07-27 20:00:00+00:00,75.94,76.1,75.76,75.94,11014422.0
2026-07-27 21:00:00+00:00,75.94,75.97,75.47,75.57,4496161.0
2026-07-27 22:00:00+00:00,75.57,75.59,73.96,74.0,16597698.0
2026-07-27 23:00:00+00:00,74.0,74.37,73.69,74.16,14753561.0
2026-07-28 00:00:00+00:00,74.16,74.26,73.62,73.67,12462826.0
2026-07-28 01:00:00+00:00,73.67,73.7,72.8,73.15,11015851.0
2026-07-28 02:00:00+00:00,73.15,73.41,73.01,73.33,2534395.0
2026-07-28 03:00:00+00:00,73.33,73.37,73.12,73.25,2412388.0
2026-07-28 04:00:00+00:00,73.25,73.25,72.93,73.16,3315846.0
2026-07-28 05:00:00+00:00,73.16,73.57,73.14,73.23,8251698.0
2026-07-28 06:00:00+00:00,73.23,73.44,73.07,73.39,4570332.0
2026-07-28 07:00:00+00:00,73.39,73.45,73.09,73.25,6462977.0
2026-07-28 08:00:00+00:00,73.25,73.4,73.09,73.32,2794279.0
2026-07-28 09:00:00+00:00,73.32,73.48,73.15,73.21,4599671.0
2026-07-28 10:00:00+00:00,73.21,73.3,73.08,73.1,7280159.0
2026-07-28 11:00:00+00:00,73.1,73.31,72.74,73.14,11777598.0
2026-07-28 12:00:00+00:00,73.14,73.41,73.08,73.32,4991391.0
2026-07-28 13:00:00+00:00,73.32,73.41,72.31,72.68,14477812.0
2026-07-28 14:00:00+00:00,72.68,73.45,72.5,73.38,13420390.0
2026-07-28 15:00:00+00:00,73.38,74.55,73.25,74.32,18322498.0
2026-07-28 16:00:00+00:00,74.32,74.56,73.99,74.38,8344156.0
2026-07-28 17:00:00+00:00,74.38,74.4,73.51,73.78,8955034.0
2026-07-28 18:00:00+00:00,73.78,74.03,73.76,73.85,4325419.0
2026-07-28 19:00:00+00:00,73.85,74.36,73.78,74.28,6258697.0
2026-07-28 20:00:00+00:00,74.28,74.33,73.97,74.0,4554488.0
2026-07-28 21:00:00+00:00,74.0,74.38,73.96,74.1,8003734.0
2026-07-28 22:00:00+00:00,74.1,74.22,73.38,73.4,7160642.0
2026-07-28 23:00:00+00:00,73.4,73.8,73.13,73.77,10381692.0
2026-07-29 00:00:00+00:00,73.77,74.15,73.71,73.74,7798391.0
2026-07-29 01:00:00+00:00,73.74,73.84,73.18,73.23,15813994.0
2026-07-29 02:00:00+00:00,73.23,73.95,73.03,73.65,15465847.0
2026-07-29 03:00:00+00:00,73.65,73.73,72.97,73.04,10073463.0
2026-07-29 04:00:00+00:00,73.04,73.46,72.68,73.41,12227348.0
2026-07-29 05:00:00+00:00,73.41,73.76,73.3,73.64,9313138.0
2026-07-29 06:00:00+00:00,73.64,74.06,73.48,74.03,8780712.0
2026-07-29 07:00:00+00:00,74.03,74.26,73.94,74.21,5565724.0
2026-07-29 08:00:00+00:00,74.21,74.3,73.66,73.91,6805184.0
2026-07-29 09:00:00+00:00,73.91,74.3,73.87,74.09,3757449.0
2026-07-29 10:00:00+00:00,74.09,74.1,73.76,73.87,5027970.0
2026-07-29 11:00:00+00:00,73.87,74.06,73.79,73.92,4437759.0
2026-07-29 12:00:00+00:00,73.92,73.92,73.41,73.49,7423855.0
2026-07-29 13:00:00+00:00,73.49,73.75,73.29,73.68,10157228.0
2026-07-29 14:00:00+00:00,73.68,73.9,73.04,73.23,11348523.0
2026-07-29 15:00:00+00:00,73.23,73.42,72.93,73.1,5955461.0
2026-07-29 16:00:00+00:00,73.1,73.32,72.89,73.24,7391655.0
2026-07-29 17:00:00+00:00,73.24,73.92,73.13,73.92,7855010.0
2026-07-29 18:00:00+00:00,73.92,74.51,73.4,74.21,14412270.0
2026-07-29 19:00:00+00:00,74.21,74.35,72.68,72.72,12453776.0
2026-07-29 20:00:00+00:00,72.72,73.17,72.39,72.6,12191767.0
2026-07-29 21:00:00+00:00,72.6,73.14,72.26,73.14,11697773.0
2026-07-29 22:00:00+00:00,73.14,73.78,73.14,73.61,13239482.0
2026-07-29 23:00:00+00:00,73.61,73.72,73.36,73.65,11019457.0
2026-07-30 00:00:00+00:00,73.65,73.84,73.1,73.26,8178442.0
2026-07-30 01:00:00+00:00,73.26,74.18,73.23,73.99,10575855.0
2026-07-30 02:00:00+00:00,73.99,74.12,73.78,73.83,8420077.0
2026-07-30 03:00:00+00:00,73.83,73.98,73.63,73.67,3452140.0
2026-07-30 04:00:00+00:00,73.67,73.71,73.46,73.48,2625796.0
2026-07-30 05:00:00+00:00,73.48,73.84,73.38,73.67,3146423.0
2026-07-30 06:00:00+00:00,73.67,73.73,73.44,73.5,2785008.0
2026-07-30 07:00:00+00:00,73.5,73.78,73.34,73.37,7371395.0
2026-07-30 08:00:00+00:00,73.37,73.81,73.26,73.79,5299107.0
2026-07-30 09:00:00+00:00,73.79,74.19,73.76,74.02,6466016.0
2026-07-30 10:00:00+00:00,74.02,74.17,73.79,73.86,3834173.0
2026-07-30 11:00:00+00:00,73.86,74.3,73.86,74.19,4028823.0
2026-07-30 12:00:00+00:00,74.19,74.47,74.04,74.37,7869291.0
2026-07-30 13:00:00+00:00,74.37,74.88,74.06,74.64,10801049.0
2026-07-30 14:00:00+00:00,74.64,74.75,74.25,74.6,8607210.0
2026-07-30 15:00:00+00:00,74.6,74.83,74.43,74.61,5862483.0
2026-07-30 16:00:00+00:00,74.61,74.81,74.42,74.54,4660575.0
2026-07-30 17:00:00+00:00,74.54,74.86,74.38,74.72,4697592.0
2026-07-30 18:00:00+00:00,74.72,74.94,74.45,74.49,5881316.0
2026-07-30 19:00:00+00:00,74.49,74.8,74.48,74.74,5975487.0
2026-07-30 20:00:00+00:00,74.74,74.9,74.4,74.46,5792929.0
2026-07-30 21:00:00+00:00,74.46,74.58,74.39,74.46,4191032.0
2026-07-30 22:00:00+00:00,74.46,74.87,74.35,74.73,6472395.0
2026-07-30 23:00:00+00:00,74.73,74.96,74.43,74.46,6675419.0
2026-07-31 00:00:00+00:00,74.46,74.62,74.38,74.46,3121886.0
2026-07-31 01:00:00+00:00,74.46,75.27,74.23,74.36,14515728.0
2026-07-31 02:00:00+00:00,74.36,74.53,74.04,74.12,5238576.0
2026-07-31 03:00:00+00:00,74.12,74.32,73.83,74.11,7785529.0
2026-07-31 04:00:00+00:00,74.11,74.12,73.68,73.8,4122004.0
2026-07-31 05:00:00+00:00,73.8,74.29,73.79,74.21,3910412.0
2026-07-31 06:00:00+00:00,74.21,74.51,73.95,74.06,4951123.0
2026-07-31 07:00:00+00:00,74.06,74.06,73.46,73.64,7886915.0
2026-07-31 08:00:00+00:00,73.64,73.77,73.49,73.62,3873278.0
2026-07-31 09:00:00+00:00,73.62,73.67,73.35,73.45,3248147.0
2026-07-31 10:00:00+00:00,73.45,73.62,73.25,73.53,4242076.0
2026-07-31 11:00:00+00:00,73.53,73.69,73.43,73.52,2964028.0
2026-07-31 12:00:00+00:00,73.52,73.62,73.35,73.59,3783407.0
2026-07-31 13:00:00+00:00,73.59,73.78,73.12,73.26,11576029.0
2026-07-31 14:00:00+00:00,73.26,73.68,72.75,73.0,15850208.0
2026-07-31 15:00:00+00:00,73.0,73.19,72.83,73.06,7261464.0
2026-07-31 16:00:00+00:00,73.06,73.32,72.95,73.27,7260605.0
2026-07-31 17:00:00+00:00,73.27,73.43,73.14,73.34,5803586.0
2026-07-31 18:00:00+00:00,73.34,73.47,72.89,73.07,8697479.0
2026-07-31 19:00:00+00:00,73.07,73.26,72.87,73.04,6058579.0
2026-07-31 20:00:00+00:00,73.04,73.21,72.9,72.92,3802667.0
2026-07-31 21:00:00+00:00,72.92,73.07,72.51,72.7,5035364.0
2026-07-31 22:00:00+00:00,72.7,72.92,72.63,72.82,4296336.0
2026-07-31 23:00:00+00:00,72.82,72.93,72.77,72.84,1972326.0
2026-08-01 00:00:00+00:00,72.84,73.12,72.83,72.99,2055696.0
2026-08-01 01:00:00+00:00,72.99,73.11,72.95,73.01,2680517.0
2026-08-01 02:00:00+00:00,73.01,73.13,72.97,73.05,1731671.0
2026-08-01 03:00:00+00:00,73.05,73.07,72.83,73.0,1384781.0
2026-08-01 04:00:00+00:00,73.0,73.18,73.0,73.13,1682131.0
2026-08-01 05:00:00+00:00,73.13,73.17,72.81,72.92,2404649.0
2026-08-01 06:00:00+00:00,72.92,73.0,72.85,72.95,1337691.0
2026-08-01 07:00:00+00:00,72.95,73.08,72.87,72.94,1967215.0
2026-08-01 08:00:00+00:00,72.94,73.04,72.91,72.99,1475395.0
2026-08-01 09:00:00+00:00,72.99,73.06,72.79,72.81,2795731.0
2026-08-01 10:00:00+00:00,72.81,72.86,72.61,72.8,5065344.0
2026-08-01 11:00:00+00:00,72.8,72.88,72.74,72.85,1915003.0
2026-08-01 12:00:00+00:00,72.85,72.91,72.83,72.88,2108902.0
2026-08-01 13:00:00+00:00,72.88,72.96,72.86,72.94,1728864.0
2026-08-01 14:00:00+00:00,72.94,73.03,72.83,72.99,2596897.0
2026-08-01 15:00:00+00:00,72.99,73.0,72.69,72.75,2813343.0
2026-08-01 16:00:00+00:00,72.75,72.9,72.39,72.67,9300458.0
2026-08-01 17:00:00+00:00,72.67,72.75,71.57,71.89,21876830.0
2026-08-01 18:00:00+00:00,71.89,71.94,70.51,71.05,24658120.0
2026-08-01 19:00:00+00:00,71.05,71.33,71.0,71.21,6638973.0
2026-08-01 20:00:00+00:00,71.21,71.53,71.13,71.52,4453733.0
2026-08-01 21:00:00+00:00,71.52,71.81,71.5,71.8,6661594.0
2026-08-01 22:00:00+00:00,71.8,71.98,71.8,71.88,7662350.0
2026-08-01 23:00:00+00:00,71.88,72.08,71.79,71.91,8069218.0
2026-08-02 00:00:00+00:00,71.91,72.12,71.89,72.07,4013102.0
2026-08-02 01:00:00+00:00,72.07,72.74,72.07,72.61,6976358.0
2026-08-02 02:00:00+00:00,72.61,73.38,72.53,73.11,19198716.0
2026-08-02 03:00:00+00:00,73.11,73.22,73.02,73.17,5479029.0
2026-08-02 04:00:00+00:00,73.17,73.54,73.17,73.49,4154802.0
2026-08-02 05:00:00+00:00,73.49,73.64,73.42,73.56,3810315.0
2026-08-02 06:00:00+00:00,73.56,73.62,73.4,73.42,1490390.0
2026-08-02 07:00:00+00:00,73.42,73.49,73.37,73.44,2255680.0
2026-08-02 08:00:00+00:00,73.44,73.5,73.13,73.16,2757193.0
2026-08-02 09:00:00+00:00,73.16,73.39,72.92,73.36,3925877.0
2026-08-02 10:00:00+00:00,73.36,73.39,73.11,73.24,3419292.0
2026-08-02 11:00:00+00:00,73.24,73.28,72.9,72.97,4622913.0
2026-08-02 12:00:00+00:00,72.97,73.2,72.86,72.86,4576393.0
2026-08-02 13:00:00+00:00,72.86,72.98,72.65,72.93,4838002.0
2026-08-02 14:00:00+00:00,72.93,73.2,72.9,73.06,5493125.0
2026-08-02 15:00:00+00:00,73.06,73.18,72.97,72.98,3808040.0
2026-08-02 16:00:00+00:00,72.98,73.27,72.87,73.11,5318325.0
2026-08-02 17:00:00+00:00,73.11,73.36,73.06,73.28,3973756.0
2026-08-02 18:00:00+00:00,73.28,73.82,73.2,73.53,7788742.0
2026-08-02 19:00:00+00:00,73.53,73.76,73.49,73.69,3403420.0
2026-08-02 20:00:00+00:00,73.69,73.7,73.52,73.65,2719287.0
2026-08-02 21:00:00+00:00,73.65,74.32,73.64,73.95,7550027.0
2026-08-02 22:00:00+00:00,73.95,74.18,73.61,73.61,5841593.0
2026-08-02 23:00:00+00:00,73.61,73.63,73.41,73.61,3964365.0
2026-08-03 00:00:00+00:00,73.61,73.64,73.14,73.2,4567420.0
2026-08-03 01:00:00+00:00,73.2,73.23,72.9,72.97,3203919.0
2026-08-03 02:00:00+00:00,72.97,73.12,72.85,73.0,2802067.0
2026-08-03 03:00:00+00:00,73.0,73.08,72.62,72.86,3012159.0
2026-08-03 04:00:00+00:00,72.86,73.03,72.79,72.82,2828009.0
2026-08-03 05:00:00+00:00,72.82,73.02,72.79,72.88,2885037.0
2026-08-03 06:00:00+00:00,72.88,72.94,72.48,72.57,4275916.0
2026-08-03 07:00:00+00:00,72.57,72.66,72.4,72.48,4214639.0
2026-08-03 08:00:00+00:00,72.48,72.53,71.9,72.33,10804209.0
2026-08-03 09:00:00+00:00,72.33,72.77,72.29,72.7,4554841.0
2026-08-03 10:00:00+00:00,72.7,72.77,72.49,72.57,5016475.0
2026-08-03 11:00:00+00:00,72.57,72.62,72.34,72.41,5982097.0
2026-08-03 12:00:00+00:00,72.41,72.53,72.29,72.39,3749219.0
2026-08-03 13:00:00+00:00,72.39,73.25,72.28,73.22,12214209.0
2026-08-03 14:00:00+00:00,73.22,73.79,72.98,73.76,17487246.0
2026-08-03 15:00:00+00:00,73.76,73.79,73.43,73.58,6715071.0
2026-08-03 16:00:00+00:00,73.58,73.78,73.2,73.39,7710683.0
2026-08-03 17:00:00+00:00,73.39,73.84,73.27,73.67,7101814.0
2026-08-03 18:00:00+00:00,73.67,74.27,73.66,73.94,10943673.0
2026-08-03 19:00:00+00:00,73.94,74.15,73.93,73.99,5181910.0
2026-08-03 20:00:00+00:00,73.99,74.14,73.75,73.82,3985835.0
2026-08-03 21:00:00+00:00,73.82,73.85,73.63,73.69,4660188.0
2026-08-03 22:00:00+00:00,73.69,73.71,73.33,73.51,5106183.0
2026-08-03 23:00:00+00:00,73.51,73.54,73.35,73.52,1884835.0
2026-08-04 00:00:00+00:00,73.52,73.6,73.02,73.04,4408543.0
2026-08-04 01:00:00+00:00,73.04,73.77,73.02,73.74,4998318.0
2026-08-04 02:00:00+00:00,73.74,74.1,73.64,73.85,3492546.0
2026-08-04 03:00:00+00:00,73.85,73.87,73.44,73.66,3217902.0
2026-08-04 04:00:00+00:00,73.66,74.08,73.55,73.8,2953627.0
2026-08-04 05:00:00+00:00,73.8,73.86,73.67,73.72,1996980.0
2026-08-04 06:00:00+00:00,73.72,73.89,73.37,73.41,3314236.0
2026-08-04 07:00:00+00:00,73.41,73.71,73.17,73.66,5299811.0
2026-08-04 08:00:00+00:00,73.66,73.73,73.26,73.33,4182735.0
2026-08-04 09:00:00+00:00,73.33,73.33,73.13,73.27,3266709.0
2026-08-04 10:00:00+00:00,73.27,73.69,73.06,73.58,5872828.0
2026-08-04 11:00:00+00:00,73.58,73.95,73.51,73.92,5183009.0
2026-08-04 12:00:00+00:00,73.92,74.06,73.72,73.77,4661307.0
2026-08-04 13:00:00+00:00,73.77,74.02,73.55,73.61,7441270.0
2026-08-04 14:00:00+00:00,73.61,73.9,73.28,73.81,10573440.0
2026-08-04 15:00:00+00:00,73.81,74.18,73.37,73.95,9917729.0
2026-08-04 16:00:00+00:00,73.95,73.98,73.55,73.7,6134806.0
2026-08-04 17:00:00+00:00,73.7,74.22,73.68,73.73,8917039.0
2026-08-04 18:00:00+00:00,73.73,74.37,73.73,74.13,9192815.0
2026-08-04 19:00:00+00:00,74.13,74.37,74.08,74.15,4874023.0
2026-08-04 20:00:00+00:00,74.15,74.44,73.85,74.24,6469579.0
2026-08-04 21:00:00+00:00,74.24,74.25,73.98,74.09,2616868.0
2026-08-04 22:00:00+00:00,74.09,74.19,73.94,74.06,2819086.0
2026-08-04 23:00:00+00:00,74.06,74.26,73.68,73.71,5525974.0
2026-08-05 00:00:00+00:00,73.71,73.76,73.42,73.48,4821065.0
2026-08-05 01:00:00+00:00,73.48,74.08,73.35,74.07,7754861.0
2026-08-05 02:00:00+00:00,74.07,74.48,74.04,74.19,6078709.0
2026-08-05 03:00:00+00:00,74.19,74.28,73.67,73.74,3628035.0
2026-08-05 04:00:00+00:00,73.74,73.83,73.58,73.75,2566223.0
2026-08-05 05:00:00+00:00,73.75,74.28,73.71,74.11,3923105.0
2026-08-05 06:00:00+00:00,74.11,74.22,73.93,73.97,2541210.0
2026-08-05 07:00:00+00:00,73.97,74.01,73.64,73.94,4634608.0
2026-08-05 08:00:00+00:00,73.94,74.13,73.91,74.03,4395285.0
2026-08-05 09:00:00+00:00,74.03,74.17,73.95,73.97,2533604.0
2026-08-05 10:00:00+00:00,73.97,74.09,73.76,73.82,4058593.0
2026-08-05 11:00:00+00:00,73.82,73.97,73.69,73.74,4027568.0
2026-08-05 12:00:00+00:00,73.74,74.36,73.67,74.03,8341438.0
2026-08-05 13:00:00+00:00,74.03,74.08,73.21,73.94,11865676.0
2026-08-05 14:00:00+00:00,73.94,74.12,73.57,73.92,8367648.0
2026-08-05 15:00:00+00:00,73.92,74.28,73.81,73.91,8249303.0
2026-08-05 16:00:00+00:00,73.91,74.41,73.9,74.24,8585577.0
2026-08-05 17:00:00+00:00,74.24,74.64,74.09,74.51,8404173.0
2026-08-05 18:00:00+00:00,74.51,74.81,74.36,74.5,9893460.0
2026-08-05 19:00:00+00:00,74.5,74.66,74.38,74.43,3993900.0
2026-08-05 20:00:00+00:00,74.43,74.56,74.26,74.35,3683349.0
2026-08-05 21:00:00+00:00,74.35,74.36,74.02,74.08,4551581.0
2026-08-05 22:00:00+00:00,74.08,74.17,73.95,73.97,3059557.0
2026-08-05 23:00:00+00:00,73.97,74.07,73.8,73.99,2815587.0
2026-08-06 00:00:00+00:00,73.99,74.24,73.99,74.04,3759821.0
2026-08-06 01:00:00+00:00,74.04,74.08,73.68,73.71,3381536.0
2026-08-06 02:00:00+00:00,73.71,73.74,73.32,73.49,4565987.0
2026-08-06 03:00:00+00:00,73.49,73.55,73.39,73.45,2250204.0
2026-08-06 04:00:00+00:00,73.45,73.83,73.35,73.82,2947608.0
2026-08-06 05:00:00+00:00,73.82,74.34,73.81,74.2,5080725.0
2026-08-06 06:00:00+00:00,74.2,74.21,73.91,74.01,2030672.0
2026-08-06 07:00:00+00:00,74.01,74.09,73.83,73.84,2476324.0
2026-08-06 08:00:00+00:00,73.84,74.07,73.66,73.96,3523164.0
2026-08-06 09:00:00+00:00,73.96,73.96,73.14,73.25,6704302.0
2026-08-06 10:00:00+00:00,73.25,73.4,73.12,73.25,3485413.0
2026-08-06 11:00:00+00:00,73.25,73.52,73.13,73.41,3395433.0
2026-08-06 12:00:00+00:00,73.41,73.43,73.08,73.1,4306604.0
2026-08-06 13:00:00+00:00,73.1,73.29,72.79,73.2,8069590.0
2026-08-06 14:00:00+00:00,73.2,73.56,73.05,73.43,6151052.0
2026-08-06 15:00:00+00:00,73.43,73.59,73.26,73.26,5303603.0
2026-08-06 16:00:00+00:00,73.26,73.46,73.03,73.41,4791714.0
2026-08-06 17:00:00+00:00,73.41,73.51,73.02,73.15,3920173.0
2026-08-06 18:00:00+00:00,73.15,73.19,72.65,72.78,7364218.0
2026-08-06 19:00:00+00:00,72.78,72.92,72.51,72.76,5801923.0
2026-08-06 20:00:00+00:00,72.76,72.96,72.75,72.8,5594602.0
2026-08-06 21:00:00+00:00,72.8,72.95,72.75,72.82,4406959.0
2026-08-06 22:00:00+00:00,72.82,72.85,72.61,72.66,3210835.0
2026-08-06 23:00:00+00:00,72.66,72.71,72.29,72.65,5920527.0
2026-08-07 00:00:00+00:00,72.65,72.77,72.52,72.62,2591860.0
2026-08-07 01:00:00+00:00,72.62,72.84,72.54,72.71,4459278.0
2026-08-07 02:00:00+00:00,72.71,72.9,72.44,72.67,4056796.0
2026-08-07 03:00:00+00:00,72.67,72.73,72.5,72.58,1556070.0
2026-08-07 04:00:00+00:00,72.58,72.76,72.45,72.64,2316321.0
2026-08-07 05:00:00+00:00,72.64,72.92,72.39,72.84,4130339.0
2026-08-07 06:00:00+00:00,72.84,73.05,72.77,72.8,3941545.0
2026-08-07 07:00:00+00:00,72.8,73.0,72.71,72.89,2907852.0
2026-08-07 08:00:00+00:00,72.89,73.31,72.88,73.16,4355008.0
2026-08-07 09:00:00+00:00,73.16,73.71,73.16,73.6,7241563.0
2026-08-07 10:00:00+00:00,73.6,73.74,73.46,73.52,4298873.0
2026-08-07 11:00:00+00:00,73.52,73.75,73.5,73.61,6083206.0
2026-08-07 12:00:00+00:00,73.61,74.29,73.6,73.87,13575733.0
2026-08-07 13:00:00+00:00,73.87,74.35,73.76,74.1,10478629.0
2026-08-07 14:00:00+00:00,74.1,74.2,73.53,73.68,12787546.0
2026-08-07 15:00:00+00:00,73.68,73.95,73.66,73.84,4031754.0
2026-08-07 16:00:00+00:00,73.84,74.1,73.54,73.54,5003697.0
2026-08-07 17:00:00+00:00,73.54,73.55,73.15,73.38,9712227.0
2026-08-07 18:00:00+00:00,73.38,73.55,73.23,73.38,4546873.0
2026-08-07 19:00:00+00:00,73.38,74.01,73.37,73.99,7938582.0
2026-08-07 20:00:00+00:00,73.99,74.07,73.75,73.79,6401765.0
2026-08-07 21:00:00+00:00,73.79,73.86,73.57,73.63,5055776.0
2026-08-07 22:00:00+00:00,73.63,73.7,73.56,73.62,2147958.0
2026-08-07 23:00:00+00:00,73.62,73.76,73.58,73.62,2307488.0
2026-08-08 00:00:00+00:00,73.62,73.71,73.53,73.68,2036131.0
2026-08-08 01:00:00+00:00,73.68,73.94,73.64,73.85,2063332.0
2026-08-08 02:00:00+00:00,73.85,73.94,73.82,73.83,1509846.0
2026-08-08 03:00:00+00:00,73.83,75.0,73.83,74.82,8166402.0
2026-08-08 04:00:00+00:00,74.82,75.12,74.55,74.6,6300399.0
2026-08-08 05:00:00+00:00,74.6,74.73,74.46,74.64,3434569.0
2026-08-08 06:00:00+00:00,74.64,74.79,74.54,74.67,2480783.0
2026-08-08 07:00:00+00:00,74.67,74.82,74.63,74.78,2807699.0
2026-08-08 08:00:00+00:00,74.78,74.9,74.66,74.79,3763920.0
2026-08-08 09:00:00+00:00,74.79,75.01,74.78,74.84,4315237.0
2026-08-08 10:00:00+00:00,74.84,75.17,74.84,75.05,3162134.0
2026-08-08 11:00:00+00:00,75.05,75.7,75.03,75.58,11646533.0
2026-08-08 12:00:00+00:00,75.58,75.66,75.33,75.41,7598660.0
2026-08-08 13:00:00+00:00,75.41,75.54,75.4,75.51,3624822.0
2026-08-08 14:00:00+00:00,75.51,76.63,75.51,76.48,18064048.0
2026-08-08 15:00:00+00:00,76.48,76.81,76.22,76.36,14861374.0
2026-08-08 16:00:00+00:00,76.36,76.5,76.12,76.34,5216986.0
2026-08-08 17:00:00+00:00,76.34,76.47,76.24,76.36,4650710.0
2026-08-08 18:00:00+00:00,76.36,76.36,76.04,76.11,4683773.0
2026-08-08 19:00:00+00:00,76.11,76.26,75.95,76.13,4893571.0
2026-08-08 20:00:00+00:00,76.13,76.26,76.11,76.24,2596921.0
2026-08-08 21:00:00+00:00,76.24,76.37,76.12,76.2,3534744.0
2026-08-08 22:00:00+00:00,76.2,76.27,75.84,75.9,4133265.0
2026-08-08 23:00:00+00:00,75.9,76.09,75.77,75.99,4128261.0
2026-08-09 00:00:00+00:00,75.99,76.05,75.83,75.99,3646222.0
2026-08-09 01:00:00+00:00,75.99,76.08,75.7,75.85,4070701.0
2026-08-09 02:00:00+00:00,75.85,75.99,75.77,75.86,2325965.0
2026-08-09 03:00:00+00:00,75.86,76.03,75.74,75.96,2834894.0
2026-08-09 04:00:00+00:00,75.96,76.11,75.93,75.96,2193858.0
2026-08-09 05:00:00+00:00,75.96,76.01,75.86,75.99,2379159.0
2026-08-09 06:00:00+00:00,75.99,76.48,75.94,76.41,5234535.0
2026-08-09 07:00:00+00:00,76.41,76.47,76.22,76.33,6396011.0
2026-08-09 08:00:00+00:00,76.33,76.58,76.09,76.31,8291478.0
2026-08-09 09:00:00+00:00,76.31,76.51,76.23,76.43,6793413.0
2026-08-09 10:00:00+00:00,76.43,76.65,76.35,76.36,7464908.0
2026-08-09 11:00:00+00:00,76.36,76.51,76.33,76.48,2719159.0
2026-08-09 12:00:00+00:00,76.48,76.6,76.27,76.34,9128195.0
2026-08-09 13:00:00+00:00,76.34,76.87,76.32,76.54,10200432.0
2026-08-09 14:00:00+00:00,76.54,77.08,76.54,76.99,9967129.0
2026-08-09 15:00:00+00:00,76.99,77.46,76.83,77.42,14248749.0
2026-08-09 16:00:00+00:00,77.42,77.58,77.07,77.31,12320667.0
2026-08-09 17:00:00+00:00,77.31,77.33,77.11,77.15,5660258.0
2026-08-09 18:00:00+00:00,77.15,77.24,77.06,77.19,3300659.0
2026-08-09 19:00:00+00:00,77.19,77.35,77.12,77.21,4260698.0
2026-08-09 20:00:00+00:00,77.21,77.28,77.03,77.25,6182367.0
2026-08-09 21:00:00+00:00,77.25,77.49,77.13,77.33,6062123.0
2026-08-09 22:00:00+00:00,77.33,77.83,76.64,76.79,18657038.0
2026-08-09 23:00:00+00:00,76.79,76.88,76.16,76.22,12569325.0
2026-08-10 00:00:00+00:00,76.22,77.01,76.17,76.51,13400336.0
2026-08-10 01:00:00+00:00,76.51,77.14,76.37,76.88,8044879.0
2026-08-10 02:00:00+00:00,76.88,76.9,76.4,76.79,7887252.0
2026-08-10 03:00:00+00:00,76.79,76.92,76.34,76.61,7026998.0
2026-08-10 04:00:00+00:00,76.61,76.72,76.39,76.51,2919598.0
2026-08-10 05:00:00+00:00,76.51,76.94,76.5,76.85,3170237.0
2026-08-10 06:00:00+00:00,76.85,77.05,76.75,76.96,4883213.0
2026-08-10 07:00:00+00:00,76.96,77.09,76.79,76.95,4519396.0
2026-08-10 08:00:00+00:00,76.95,77.12,76.63,76.91,6310011.0
2026-08-10 09:00:00+00:00,76.91,77.01,76.53,76.53,6941176.0
2026-08-10 10:00:00+00:00,76.53,76.84,76.5,76.79,4775272.0
2026-08-10 11:00:00+00:00,76.79,77.03,76.63,77.02,5258658.0
2026-08-10 12:00:00+00:00,77.02,77.09,76.57,76.62,7451193.0
2026-08-10 13:00:00+00:00,76.62,76.75,76.1,76.29,11024281.0
2026-08-10 14:00:00+00:00,76.29,76.68,76.21,76.24,12961787.0
2026-08-10 15:00:00+00:00,76.24,76.41,75.78,75.94,13825396.0
2026-08-10 16:00:00+00:00,75.94,76.08,75.56,75.68,11488337.0
2026-08-10 17:00:00+00:00,75.68,76.11,75.57,75.96,8506472.0
2026-08-10 18:00:00+00:00,75.96,76.05,75.68,75.79,5558401.0
2026-08-10 19:00:00+00:00,75.79,76.26,75.77,76.17,5421569.0
2026-08-10 20:00:00+00:00,76.17,76.47,76.15,76.41,4897355.0
2026-08-10 21:00:00+00:00,76.41,76.47,76.27,76.27,3259996.0
2026-08-10 22:00:00+00:00,76.27,76.35,76.01,76.19,4157045.0
2026-08-10 23:00:00+00:00,76.19,76.19,75.94,75.95,3681138.0
2026-08-11 00:00:00+00:00,75.95,76.02,75.71,75.85,3325040.0
2026-08-11 01:00:00+00:00,75.85,76.07,75.66,76.07,3605066.0
2026-08-11 02:00:00+00:00,76.07,76.11,75.94,76.01,2020975.0
2026-08-11 03:00:00+00:00,76.01,76.22,76.0,76.05,2546695.0
2026-08-11 04:00:00+00:00,76.05,76.18,76.03,76.04,1736049.0
2026-08-11 05:00:00+00:00,76.04,76.05,75.74,75.77,3301030.0
2026-08-11 06:00:00+00:00,75.77,76.0,75.62,75.78,5165404.0
2026-08-11 07:00:00+00:00,75.78,75.83,75.37,75.66,6675696.0
2026-08-11 08:00:00+00:00,75.66,75.95,75.58,75.9,3159076.0
2026-08-11 09:00:00+00:00,75.9,75.91,75.63,75.84,4822135.0
2026-08-11 10:00:00+00:00,75.84,76.03,75.72,75.9,6171424.0
2026-08-11 11:00:00+00:00,75.9,76.35,75.9,76.17,7569319.0
2026-08-11 12:00:00+00:00,76.17,76.22,75.73,75.82,7705292.0
2026-08-11 13:00:00+00:00,75.82,76.07,75.68,75.98,10874417.0
2026-08-11 14:00:00+00:00,75.98,76.13,75.03,75.15,16167398.0
2026-08-11 15:00:00+00:00,75.15,75.38,74.58,74.88,13555933.0
2026-08-11 16:00:00+00:00,74.88,75.03,74.74,74.89,4859843.0
2026-08-11 17:00:00+00:00,74.89,75.17,74.88,75.12,4699699.0
2026-08-11 18:00:00+00:00,75.12,75.32,75.05,75.23,6423726.0
2026-08-11 19:00:00+00:00,75.23,75.68,75.0,75.62,7656178.0
2026-08-11 20:00:00+00:00,75.62,76.3,75.61,76.01,12340080.0
2026-08-11 21:00:00+00:00,76.01,76.41,75.97,76.4,6294926.0
2026-08-11 22:00:00+00:00,76.4,76.65,76.21,76.38,5975644.0
2026-08-11 23:00:00+00:00,76.38,76.38,76.16,76.27,2920819.0
2026-08-12 00:00:00+00:00,76.27,76.36,76.19,76.33,2128191.0
2026-08-12 01:00:00+00:00,76.33,76.56,76.26,76.4,3888934.0
2026-08-12 02:00:00+00:00,76.4,76.57,76.39,76.41,4372702.0
2026-08-12 03:00:00+00:00,76.41,76.5,76.22,76.37,2611515.0
2026-08-12 04:00:00+00:00,76.37,76.54,76.24,76.26,2362645.0
2026-08-12 05:00:00+00:00,76.26,76.34,76.15,76.3,2279890.0
2026-08-12 06:00:00+00:00,76.3,76.33,75.93,76.01,3962406.0
2026-08-12 07:00:00+00:00,76.01,76.25,75.91,76.25,3976564.0
2026-08-12 08:00:00+00:00,76.25,76.44,76.12,76.15,5252475.0
2026-08-12 09:00:00+00:00,76.15,76.89,76.09,76.71,10561553.0
2026-08-12 10:00:00+00:00,76.71,76.84,76.62,76.72,4208952.0
2026-08-12 11:00:00+00:00,76.72,76.83,76.65,76.8,3089072.0
2026-08-12 12:00:00+00:00,76.8,77.32,76.33,76.6,15350475.0
2026-08-12 13:00:00+00:00,76.6,76.63,76.01,76.18,10140333.0
2026-08-12 14:00:00+00:00,76.18,76.22,75.36,75.44,14125864.0
2026-08-12 15:00:00+00:00,75.44,75.84,75.33,75.72,6269784.0
2026-08-12 16:00:00+00:00,75.72,75.81,75.52,75.66,4287663.0
2026-08-12 17:00:00+00:00,75.66,76.02,75.63,75.87,4034777.0
2026-08-12 18:00:00+00:00,75.87,76.06,75.79,75.83,2787221.0
2026-08-12 19:00:00+00:00,75.83,75.97,75.55,75.72,3827500.0
2026-08-12 20:00:00+00:00,75.72,75.98,75.7,75.9,2945908.0
2026-08-12 21:00:00+00:00,75.9,75.97,75.39,75.44,5565119.0
2026-08-12 22:00:00+00:00,75.44,75.63,75.27,75.49,4164069.0
2026-08-12 23:00:00+00:00,75.49,75.6,75.32,75.59,3706232.0
2026-08-13 00:00:00+00:00,75.59,75.84,75.52,75.57,3077087.0
2026-08-13 01:00:00+00:00,75.57,75.76,75.43,75.59,3646255.0
2026-08-13 02:00:00+00:00,75.59,75.94,75.48,75.94,1749660.0
2026-08-13 03:00:00+00:00,75.94,76.29,75.92,76.21,4039966.0
2026-08-13 04:00:00+00:00,76.21,76.24,75.99,76.1,2032320.0
2026-08-13 05:00:00+00:00,76.1,76.59,76.05,76.47,4516311.0
2026-08-13 06:00:00+00:00,76.47,76.51,76.29,76.49,3118617.0
2026-08-13 07:00:00+00:00,76.49,76.51,76.35,76.41,1988688.0
2026-08-13 08:00:00+00:00,76.41,76.45,76.13,76.18,2904108.0
2026-08-13 09:00:00+00:00,76.18,76.18,75.84,76.12,5050888.0
2026-08-13 10:00:00+00:00,76.12,76.15,75.64,75.71,4972329.0
2026-08-13 11:00:00+00:00,75.71,75.71,75.51,75.61,4526890.0
2026-08-13 12:00:00+00:00,75.61,76.11,75.59,76.09,7319090.0
2026-08-13 13:00:00+00:00,76.09,76.33,76.0,76.16,8000605.0
2026-08-13 14:00:00+00:00,76.16,76.56,76.09,76.43,9633057.0
2026-08-13 15:00:00+00:00,76.43,76.51,75.59,75.6,11137168.0
2026-08-13 16:00:00+00:00,75.6,75.85,75.04,75.55,14613601.0
2026-08-13 17:00:00+00:00,75.55,75.91,75.51,75.73,7790127.0
2026-08-13 18:00:00+00:00,75.73,76.07,75.63,75.98,7161301.0
2026-08-13 19:00:00+00:00,75.98,76.25,75.94,76.17,5352886.0
2026-08-13 20:00:00+00:00,76.17,76.31,76.1,76.18,3909818.0
2026-08-13 21:00:00+00:00,76.18,76.27,76.08,76.17,1946660.0
2026-08-13 22:00:00+00:00,76.17,76.41,76.17,76.21,3547062.0
2026-08-13 23:00:00+00:00,76.21,76.27,76.1,76.23,3144575.0
2026-08-14 00:00:00+00:00,76.23,76.29,75.95,76.05,4100536.0
2026-08-14 01:00:00+00:00,76.05,76.15,75.88,76.05,4085125.0
2026-08-14 02:00:00+00:00,76.05,76.17,75.96,76.0,5995016.0
2026-08-14 03:00:00+00:00,76.0,76.03,75.71,75.73,6848793.0
2026-08-14 04:00:00+00:00,75.73,76.0,75.69,75.81,4315621.0
2026-08-14 05:00:00+00:00,75.81,75.96,75.75,75.88,4546314.0
2026-08-14 06:00:00+00:00,75.88,75.89,75.47,75.51,6051285.0
2026-08-14 07:00:00+00:00,75.51,75.69,75.45,75.55,7801889.0
2026-08-14 08:00:00+00:00,75.55,75.84,75.52,75.82,3575711.0
2026-08-14 09:00:00+00:00,75.82,75.84,75.37,75.44,4624777.0
2026-08-14 10:00:00+00:00,75.44,75.61,75.29,75.35,4634689.0
2026-08-14 11:00:00+00:00,75.35,75.56,75.35,75.49,5097507.0
2026-08-14 12:00:00+00:00,75.49,75.56,75.29,75.43,5321702.0
2026-08-14 13:00:00+00:00,75.43,75.44,75.19,75.32,6453080.0
2026-08-14 14:00:00+00:00,75.32,75.39,75.01,75.22,11555184.0
2026-08-14 15:00:00+00:00,75.22,75.74,75.15,75.61,12041981.0
2026-08-14 16:00:00+00:00,75.61,75.67,75.39,75.41,9000394.0
2026-08-14 17:00:00+00:00,75.41,75.63,75.11,75.23,5344543.0
2026-08-14 18:00:00+00:00,75.23,75.25,74.86,74.92,9395610.0
2026-08-14 19:00:00+00:00,74.92,75.05,74.61,74.96,7445038.0
2026-08-14 20:00:00+00:00,74.96,75.2,74.9,75.1,4463891.0
2026-08-14 21:00:00+00:00,75.1,75.2,75.04,75.15,2336756.0
2026-08-14 22:00:00+00:00,75.15,75.32,74.92,75.16,10071260.0
2026-08-14 23:00:00+00:00,75.16,75.42,75.11,75.36,4866070.0
2026-08-15 00:00:00+00:00,75.36,75.4,75.29,75.32,2632722.0
2026-08-15 01:00:00+00:00,75.32,75.43,75.25,75.38,1311406.0
2026-08-15 02:00:00+00:00,75.38,75.67,75.36,75.63,3628851.0
2026-08-15 03:00:00+00:00,75.63,75.68,75.37,75.39,2080513.0
2026-08-15 04:00:00+00:00,75.39,75.57,75.33,75.5,1878178.0
2026-08-15 05:00:00+00:00,75.5,75.57,75.28,75.31,2264288.0
2026-08-15 06:00:00+00:00,75.31,75.46,75.23,75.39,1617543.0
2026-08-15 07:00:00+00:00,75.39,75.39,75.16,75.2,2170171.0
2026-08-15 08:00:00+00:00,75.2,75.26,75.02,75.05,4037336.0
2026-08-15 09:00:00+00:00,75.05,75.21,75.0,75.19,2167301.0
2026-08-15 10:00:00+00:00,75.19,75.31,75.16,75.25,2664740.0
2026-08-15 11:00:00+00:00,75.25,75.27,75.17,75.2,1741740.0
2026-08-15 12:00:00+00:00,75.2,75.39,75.16,75.38,2732496.0
2026-08-15 13:00:00+00:00,75.38,75.53,75.35,75.51,3622220.0
2026-08-15 14:00:00+00:00,75.51,75.54,75.4,75.4,2805489.0
2026-08-15 15:00:00+00:00,75.4,75.49,75.32,75.49,2077191.0
2026-08-15 16:00:00+00:00,75.49,75.49,75.37,75.45,1356502.0
2026-08-15 17:00:00+00:00,75.45,75.64,75.44,75.61,3252252.0
2026-08-15 18:00:00+00:00,75.61,75.64,75.46,75.51,1547225.0
2026-08-15 19:00:00+00:00,75.51,75.53,75.48,75.52,740559.0
2026-08-15 20:00:00+00:00,75.52,75.53,75.37,75.48,1628707.0
2026-08-15 21:00:00+00:00,75.48,75.69,75.46,75.58,2330608.0
2026-08-15 22:00:00+00:00,75.58,75.65,75.51,75.54,1211890.0
2026-08-15 23:00:00+00:00,75.54,75.54,75.27,75.3,2490728.0
2026-08-16 00:00:00+00:00,75.3,75.46,75.23,75.44,5214388.0
2026-08-16 01:00:00+00:00,75.44,75.45,75.26,75.4,3346584.0
2026-08-16 02:00:00+00:00,75.4,75.62,75.23,75.53,4224069.0
2026-08-16 03:00:00+00:00,75.53,75.62,75.52,75.53,835448.0
2026-08-16 04:00:00+00:00,75.53,75.57,75.38,75.41,3011111.0
2026-08-16 05:00:00+00:00,75.41,75.48,75.3,75.32,1666807.0
2026-08-16 06:00:00+00:00,75.32,75.48,75.22,75.34,4468791.0
2026-08-16 07:00:00+00:00,75.34,75.44,75.29,75.44,989473.0
2026-08-16 08:00:00+00:00,75.44,75.45,75.36,75.43,886318.0
2026-08-16 09:00:00+00:00,75.43,75.44,75.2,75.28,2295297.0
2026-08-16 10:00:00+00:00,75.28,75.28,75.1,75.23,4639033.0
2026-08-16 11:00:00+00:00,75.23,75.28,75.18,75.25,1925179.0
2026-08-16 12:00:00+00:00,75.25,75.25,75.16,75.18,1267593.0
2026-08-16 13:00:00+00:00,75.18,75.37,75.18,75.26,3085830.0
2026-08-16 14:00:00+00:00,75.26,75.37,75.21,75.35,2572654.0
2026-08-16 15:00:00+00:00,75.35,75.61,75.34,75.53,4027223.0
2026-08-16 16:00:00+00:00,75.53,75.7,75.45,75.52,3896713.0
2026-08-16 17:00:00+00:00,75.52,75.57,75.23,75.24,3885860.0
2026-08-16 18:00:00+00:00,75.24,75.26,74.99,75.15,5178216.0
2026-08-16 19:00:00+00:00,75.15,75.33,75.14,75.2,2988301.0
2026-08-16 20:00:00+00:00,75.2,75.3,74.91,74.99,3222782.0
2026-08-16 21:00:00+00:00,74.99,75.05,73.98,74.3,11185198.0
2026-08-16 22:00:00+00:00,74.3,74.5,74.11,74.46,6019771.0
2026-08-16 23:00:00+00:00,74.46,74.62,74.41,74.58,3950955.0
2026-08-17 00:00:00+00:00,74.58,74.7,74.38,74.58,2712221.0
2026-08-17 01:00:00+00:00,74.58,75.32,74.53,75.06,7077400.0
2026-08-17 02:00:00+00:00,75.06,75.55,75.01,75.44,5235442.0
2026-08-17 03:00:00+00:00,75.44,75.55,75.42,75.48,1436568.0
2026-08-17 04:00:00+00:00,75.48,75.59,75.45,75.51,2766364.0
2026-08-17 05:00:00+00:00,75.51,75.58,75.36,75.38,1988134.0
2026-08-17 06:00:00+00:00,75.38,75.99,75.32,75.81,4700557.0
2026-08-17 07:00:00+00:00,75.81,75.94,75.7,75.74,3014683.0
2026-08-17 08:00:00+00:00,75.74,75.77,75.13,75.21,6648246.0
2026-08-17 09:00:00+00:00,75.21,75.39,75.18,75.31,2852842.0
2026-08-17 10:00:00+00:00,75.31,75.77,75.26,75.73,4936726.0
2026-08-17 11:00:00+00:00,75.73,75.89,75.63,75.66,4185528.0
2026-08-17 12:00:00+00:00,75.66,75.67,75.3,75.4,5817749.0
2026-08-17 13:00:00+00:00,75.4,75.75,75.25,75.59,10501841.0
2026-08-17 14:00:00+00:00,75.59,76.0,75.45,75.94,8184022.0
2026-08-17 15:00:00+00:00,75.94,76.18,75.75,76.06,11586672.0
2026-08-17 16:00:00+00:00,76.06,76.09,75.88,75.96,6033696.0
2026-08-17 17:00:00+00:00,75.96,76.08,75.65,75.87,13470595.0
2026-08-17 18:00:00+00:00,75.87,76.13,75.81,75.87,5660128.0
2026-08-17 19:00:00+00:00,75.87,75.92,75.71,75.78,4567507.0
2026-08-17 20:00:00+00:00,75.78,76.07,75.59,75.96,4103961.0
2026-08-17 21:00:00+00:00,75.96,76.02,75.84,75.92,2230533.0
2026-08-17 22:00:00+00:00,75.92,76.0,75.68,75.7,1724806.0
2026-08-17 23:00:00+00:00,75.7,76.09,75.67,75.99,4405674.0
2026-08-18 00:00:00+00:00,75.99,76.05,75.82,76.0,5338155.0
2026-08-18 01:00:00+00:00,76.0,76.02,75.51,75.58,3640011.0
2026-08-18 02:00:00+00:00,75.58,75.62,75.17,75.25,5261738.0
2026-08-18 03:00:00+00:00,75.25,75.5,75.22,75.46,2276789.0
2026-08-18 04:00:00+00:00,75.46,75.8,75.36,75.79,2891259.0
2026-08-18 05:00:00+00:00,75.79,75.93,75.53,75.68,7430186.0
2026-08-18 06:00:00+00:00,75.68,76.01,75.6,75.98,6493820.0
2026-08-18 07:00:00+00:00,75.98,76.23,75.9,76.06,5788091.0
2026-08-18 08:00:00+00:00,76.06,76.15,75.8,76.12,4471064.0
2026-08-18 09:00:00+00:00,76.12,76.12,75.84,75.91,6003359.0
2026-08-18 10:00:00+00:00,75.91,75.95,75.77,75.81,1946407.0
2026-08-18 11:00:00+00:00,75.81,76.44,75.78,76.28,7782703.0
2026-08-18 12:00:00+00:00,76.28,76.5,76.2,76.21,5391515.0
2026-08-18 13:00:00+00:00,76.21,76.26,76.01,76.18,6295606.0
2026-08-18 14:00:00+00:00,76.18,77.32,76.09,76.77,21790910.0
2026-08-18 15:00:00+00:00,76.77,77.23,76.76,77.16,6900788.0
2026-08-18 16:00:00+00:00,77.16,77.3,76.82,77.05,6665762.0
2026-08-18 17:00:00+00:00,77.05,77.06,76.85,76.87,5609716.0
2026-08-18 18:00:00+00:00,76.87,77.28,76.84,77.24,8088301.0
2026-08-18 19:00:00+00:00,77.24,77.38,77.03,77.15,6486007.0
2026-08-18 20:00:00+00:00,77.15,77.2,76.71,76.85,7293685.0
2026-08-18 21:00:00+00:00,76.85,77.09,76.84,76.97,4106116.0
2026-08-18 22:00:00+00:00,76.97,77.18,76.85,76.93,3821350.0
2026-08-18 23:00:00+00:00,76.93,77.2,76.91,77.03,2273963.0
2026-08-19 00:00:00+00:00,77.03,77.07,76.78,76.88,3331098.0
2026-08-19 01:00:00+00:00,76.88,77.03,76.67,76.77,3537654.0
2026-08-19 02:00:00+00:00,76.77,76.89,76.66,76.77,2242243.0
2026-08-19 03:00:00+00:00,76.77,77.08,76.68,76.95,2384770.0
2026-08-19 04:00:00+00:00,76.95,77.11,76.74,76.83,4590085.0
2026-08-19 05:00:00+00:00,76.83,77.03,76.73,76.77,4027159.0
2026-08-19 06:00:00+00:00,76.77,77.15,76.59,77.04,5265074.0
2026-08-19 07:00:00+00:00,77.04,77.07,76.91,76.92,2594926.0
2026-08-19 08:00:00+00:00,76.92,77.63,76.88,77.35,6316063.0
2026-08-19 09:00:00+00:00,77.35,77.46,77.17,77.27,3484689.0
2026-08-19 10:00:00+00:00,77.27,77.35,77.19,77.35,1789449.0
2026-08-19 11:00:00+00:00,77.35,77.58,77.33,77.51,4022212.0
2026-08-19 12:00:00+00:00,77.51,78.76,77.39,78.37,13654416.0
2026-08-19 13:00:00+00:00,78.37,78.65,78.13,78.37,11259425.0
2026-08-19 14:00:00+00:00,78.37,80.97,78.31,80.84,28492803.0
2026-08-19 15:00:00+00:00,80.84,82.9,80.63,81.81,33032300.0
2026-08-19 16:00:00+00:00,81.81,82.35,81.52,81.56,9576976.0
2026-08-19 17:00:00+00:00,81.56,81.72,80.99,81.63,9905232.0
2026-08-19 18:00:00+00:00,81.63,82.28,81.24,82.25,8905359.0
2026-08-19 19:00:00+00:00,82.25,82.5,81.98,82.32,9210974.0
2026-08-19 20:00:00+00:00,82.32,84.36,82.25,83.69,14831175.0
2026-08-19 21:00:00+00:00,83.69,87.28,83.69,86.62,22109243.0
2026-08-19 22:00:00+00:00,86.62,86.84,84.76,85.48,13980472.0
2026-08-19 23:00:00+00:00,85.48,85.76,85.03,85.37,4502726.0
2026-08-20 00:00:00+00:00,85.37,85.78,84.9,84.99,8238554.0
2026-08-20 01:00:00+00:00,84.99,85.4,84.63,85.36,4740214.0
2026-08-20 02:00:00+00:00,85.36,85.44,84.68,84.76,3079618.0
2026-08-20 03:00:00+00:00,84.76,84.78,83.95,84.47,6424306.0
2026-08-20 04:00:00+00:00,84.47,84.97,84.41,84.82,4789956.0
2026-08-20 05:00:00+00:00,84.82,85.07,84.79,84.93,2609497.0
2026-08-20 06:00:00+00:00,84.93,85.93,84.67,85.9,5459128.0
2026-08-20 07:00:00+00:00,85.9,86.19,85.77,86.16,6079072.0
2026-08-20 08:00:00+00:00,86.16,87.99,86.03,87.52,19692472.0
2026-08-20 09:00:00+00:00,87.52,87.82,87.07,87.34,9273600.0
2026-08-20 10:00:00+00:00,87.34,87.8,86.97,87.47,9209692.0
2026-08-20 11:00:00+00:00,87.47,88.12,87.07,87.19,8411615.0
2026-08-20 12:00:00+00:00,87.19,87.39,86.51,87.06,12633938.0
2026-08-20 13:00:00+00:00,87.06,87.48,86.19,86.55,13992999.0
2026-08-20 14:00:00+00:00,86.55,86.86,86.13,86.6,7961844.0
2026-08-20 15:00:00+00:00,86.6,87.47,86.54,87.34,11346723.0
2026-08-20 16:00:00+00:00,87.34,87.86,86.84,87.73,9416167.0
2026-08-20 17:00:00+00:00,87.73,87.93,87.26,87.48,10178154.0
2026-08-20 18:00:00+00:00,87.48,87.63,86.61,86.83,9743244.0
2026-08-20 19:00:00+00:00,86.83,87.51,86.81,87.28,7864632.0
2026-08-20 20:00:00+00:00,87.28,87.67,87.22,87.58,4617867.0
2026-08-20 21:00:00+00:00,87.58,87.88,87.39,87.48,3812660.0
2026-08-20 22:00:00+00:00,87.48,87.59,87.16,87.21,3999818.0
2026-08-20 23:00:00+00:00,87.21,87.99,87.21,87.63,5267280.0
2026-08-21 00:00:00+00:00,87.63,88.8,87.55,88.23,10717006.0
2026-08-21 01:00:00+00:00,88.23,89.48,88.1,89.0,10008116.0
2026-08-21 02:00:00+00:00,89.0,90.2,88.48,89.24,11874352.0
2026-08-21 03:00:00+00:00,89.24,89.54,88.73,89.1,4558822.0
2026-08-21 04:00:00+00:00,89.1,89.48,88.86,89.46,4612038.0
2026-08-21 05:00:00+00:00,89.46,90.73,89.17,90.41,9990308.0
2026-08-21 06:00:00+00:00,90.41,91.33,89.73,90.22,12156211.0
2026-08-21 07:00:00+00:00,90.22,91.19,89.93,90.4,10163878.0
2026-08-21 08:00:00+00:00,90.4,93.41,90.36,93.28,17339006.0
2026-08-21 09:00:00+00:00,93.28,93.34,90.29,91.67,19804758.0
2026-08-21 10:00:00+00:00,91.67,91.75,90.84,91.48,9094660.0
2026-08-21 11:00:00+00:00,91.48,91.64,89.86,90.31,12285881.0
2026-08-21 12:00:00+00:00,90.31,91.16,90.03,90.88,9826513.0
2026-08-21 13:00:00+00:00,90.88,91.37,89.76,91.05,12660792.0
2026-08-21 14:00:00+00:00,91.05,91.97,90.54,91.9,11383809.0
2026-08-21 15:00:00+00:00,91.9,92.17,91.22,91.34,9924415.0
2026-08-21 16:00:00+00:00,91.34,91.93,90.75,91.61,8285909.0
2026-08-21 17:00:00+00:00,91.61,92.0,91.17,91.76,7367038.0
2026-08-21 18:00:00+00:00,91.76,92.08,91.07,91.57,7334536.0
2026-08-21 19:00:00+00:00,91.57,91.63,90.75,90.97,7731810.0
2026-08-21 20:00:00+00:00,90.97,91.98,90.57,91.86,9084129.0
2026-08-21 21:00:00+00:00,91.86,93.9,91.65,93.75,12163498.0
2026-08-21 22:00:00+00:00,93.75,94.64,93.29,94.29,10633962.0
2026-08-21 23:00:00+00:00,94.29,95.05,93.37,93.72,7389521.0
2026-08-22 00:00:00+00:00,93.72,94.44,92.84,93.89,6289108.0
2026-08-22 01:00:00+00:00,93.89,94.44,93.46,93.68,3906866.0
2026-08-22 02:00:00+00:00,93.68,95.83,93.68,95.66,6820393.0
2026-08-22 03:00:00+00:00,95.66,97.62,95.5,96.82,9222304.0
2026-08-22 04:00:00+00:00,96.82,102.83,96.19,99.15,20492976.0
2026-08-22 05:00:00+00:00,99.15,100.0,87.65,94.21,22172695.0
2026-08-22 06:00:00+00:00,94.21,95.15,93.07,94.31,9767424.0
2026-08-22 07:00:00+00:00,94.31,95.53,94.06,94.45,9343619.0
2026-08-22 08:00:00+00:00,94.45,95.02,93.01,94.1,14818885.0
2026-08-22 09:00:00+00:00,94.1,94.57,92.99,93.91,9211438.0
2026-08-22 10:00:00+00:00,93.91,94.0,91.31,92.9,12148665.0
2026-08-22 11:00:00+00:00,92.9,93.57,92.6,93.34,6171100.0
2026-08-22 12:00:00+00:00,93.34,94.38,93.18,93.84,8715215.0
2026-08-22 13:00:00+00:00,93.84,94.26,93.56,94.14,6745268.0
2026-08-22 14:00:00+00:00,94.14,94.32,92.9,93.26,4971343.0
2026-08-22 15:00:00+00:00,93.26,93.61,92.83,93.09,4647544.0
2026-08-22 16:00:00+00:00,93.09,94.69,93.09,94.32,7520061.0
2026-08-22 17:00:00+00:00,94.32,94.59,93.78,94.29,3958017.0
2026-08-22 18:00:00+00:00,94.29,94.56,94.03,94.47,3455974.0
2026-08-22 19:00:00+00:00,94.47,94.84,94.28,94.5,4591118.0
2026-08-22 20:00:00+00:00,94.5,94.79,94.3,94.39,4538570.0
2026-08-22 21:00:00+00:00,94.39,94.4,92.72,92.82,9516452.0
2026-08-22 22:00:00+00:00,92.82,94.02,92.59,93.62,8769436.0
2026-08-22 23:00:00+00:00,93.62,94.02,93.35,93.83,4873543.0
2026-08-23 00:00:00+00:00,93.83,99.05,93.57,96.38,9180597.0
2026-08-23 01:00:00+00:00,96.38,96.62,95.67,96.02,6166713.0
2026-08-23 02:00:00+00:00,96.02,97.19,93.93,94.92,9910059.0
2026-08-23 03:00:00+00:00,94.92,95.06,93.45,93.74,4217568.0
2026-08-23 04:00:00+00:00,93.74,94.13,92.24,92.56,7238862.0
2026-08-23 05:00:00+00:00,92.56,93.32,91.58,92.31,8115509.0
2026-08-23 06:00:00+00:00,92.31,92.8,91.79,92.25,5934563.0
2026-08-23 07:00:00+00:00,92.25,92.98,92.14,92.48,3763624.0
2026-08-23 08:00:00+00:00,92.48,93.54,92.31,93.21,4600194.0
2026-08-23 09:00:00+00:00,93.21,93.56,92.9,93.33,4332070.0
2026-08-23 10:00:00+00:00,93.33,94.13,93.29,93.64,5684310.0
2026-08-23 11:00:00+00:00,93.64,94.81,93.55,94.63,7825503.0
2026-08-23 12:00:00+00:00,94.63,94.81,94.09,94.58,4852685.0
2026-08-23 13:00:00+00:00,94.58,95.84,94.57,95.39,7482878.0
2026-08-23 14:00:00+00:00,95.39,95.7,93.39,95.06,8338376.0
2026-08-23 15:00:00+00:00,95.06,95.91,94.64,95.35,8058203.0
2026-08-23 16:00:00+00:00,95.35,95.73,95.14,95.41,4770004.0
2026-08-23 17:00:00+00:00,95.41,95.52,94.8,95.12,5045017.0
2026-08-23 18:00:00+00:00,95.12,95.47,94.93,95.3,3332238.0
2026-08-23 19:00:00+00:00,95.3,95.47,94.81,95.07,2870825.0
2026-08-23 20:00:00+00:00,95.07,95.4,94.73,95.06,2385614.0
2026-08-23 21:00:00+00:00,95.06,96.26,95.06,95.35,7059574.0
2026-08-23 22:00:00+00:00,95.35,95.77,94.77,95.6,5744869.0
2026-08-23 23:00:00+00:00,95.6,95.89,95.01,95.43,4417962.0
2026-08-24 00:00:00+00:00,95.43,95.56,93.78,95.54,9168259.0
2026-08-24 01:00:00+00:00,95.54,95.56,93.73,93.84,6627989.0
2026-08-24 02:00:00+00:00,93.84,95.06,93.65,94.58,7440307.0
2026-08-24 03:00:00+00:00,94.58,94.65,93.44,93.65,4600759.0
2026-08-24 04:00:00+00:00,93.65,94.34,93.64,94.2,2992802.0
2026-08-24 05:00:00+00:00,94.2,94.65,93.42,94.27,5830395.0
2026-08-24 06:00:00+00:00,94.27,94.63,93.79,94.55,6771608.0
2026-08-24 07:00:00+00:00,94.55,95.46,93.94,94.1,9224386.0
2026-08-24 08:00:00+00:00,94.1,94.35,93.21,93.92,11482303.0
2026-08-24 09:00:00+00:00,93.92,94.9,93.86,94.66,5317370.0
2026-08-24 10:00:00+00:00,94.66,95.12,94.56,94.71,6401110.0
2026-08-24 11:00:00+00:00,94.71,96.33,94.23,95.84,11685913.0
2026-08-24 12:00:00+00:00,95.84,96.64,93.76,96.26,12801437.0
2026-08-24 13:00:00+00:00,96.26,96.52,94.26,95.0,12983575.0
2026-08-24 14:00:00+00:00,95.0,96.73,94.79,96.08,13570817.0
2026-08-24 15:00:00+00:00,96.08,97.57,95.96,96.41,10812710.0
2026-08-24 16:00:00+00:00,96.41,97.56,95.75,96.03,9397557.0
2026-08-24 17:00:00+00:00,96.03,96.17,94.76,95.35,9669608.0
2026-08-24 18:00:00+00:00,95.35,96.41,95.34,95.89,6914738.0
2026-08-24 19:00:00+00:00,95.89,96.62,95.37,96.46,7267957.0
2026-08-24 20:00:00+00:00,96.46,96.74,95.69,96.5,5319617.0
2026-08-24 21:00:00+00:00,96.5,97.54,96.5,97.44,4835008.0
2026-08-24 22:00:00+00:00,97.44,98.7,97.1,97.42,9935240.0
2026-08-24 23:00:00+00:00,97.42,98.97,97.25,98.95,9032242.0
2026-08-25 00:00:00+00:00,98.95,102.79,98.53,101.77,14695072.0
2026-08-25 01:00:00+00:00,101.77,102.55,100.07,100.48,8923593.0
2026-08-25 02:00:00+00:00,100.48,102.34,100.21,100.89,6633321.0
2026-08-25 03:00:00+00:00,100.89,102.06,100.84,101.6,5658510.0
2026-08-25 04:00:00+00:00,101.6,101.72,100.81,101.32,4858210.0
2026-08-25 05:00:00+00:00,101.32,103.13,101.23,101.89,8597270.0
2026-08-25 06:00:00+00:00,101.89,102.07,100.4,100.76,6747576.0
2026-08-25 07:00:00+00:00,100.76,101.95,99.47,100.22,10237586.0
2026-08-25 08:00:00+00:00,100.22,101.12,99.71,100.37,7590714.0
2026-08-25 09:00:00+00:00,100.37,100.64,99.27,99.79,7155070.0
2026-08-25 10:00:00+00:00,99.79,99.88,99.09,99.6,5865014.0
2026-08-25 11:00:00+00:00,99.6,99.68,98.46,98.6,10256268.0
2026-08-25 12:00:00+00:00,98.6,98.82,97.43,98.56,11160887.0
2026-08-25 13:00:00+00:00,98.56,98.78,96.17,97.12,17224317.0
2026-08-25 14:00:00+00:00,97.12,98.39,96.87,98.15,10736855.0
2026-08-25 15:00:00+00:00,98.15,98.47,97.56,98.33,6941743.0
2026-08-25 16:00:00+00:00,98.33,98.62,97.72,98.16,7812289.0
2026-08-25 17:00:00+00:00,98.16,98.18,97.39,98.16,9357019.0
2026-08-25 18:00:00+00:00,98.16,98.8,98.02,98.44,7664658.0
2026-08-25 19:00:00+00:00,98.44,98.59,97.42,97.91,6928709.0
2026-08-25 20:00:00+00:00,97.91,98.01,96.59,96.63,10539234.0
2026-08-25 21:00:00+00:00,96.63,97.29,95.26,97.15,13145467.0
2026-08-25 22:00:00+00:00,97.15,97.73,97.12,97.17,6012288.0
2026-08-25 23:00:00+00:00,97.17,97.36,96.34,96.56,6197498.0
2026-08-26 00:00:00+00:00,96.56,96.9,95.94,96.61,10840295.0
2026-08-26 01:00:00+00:00,96.61,97.23,96.57,96.98,6344537.0
2026-08-26 02:00:00+00:00,96.98,97.5,96.73,97.23,3390342.0
2026-08-26 03:00:00+00:00,97.23,97.32,96.76,97.01,3572565.0
2026-08-26 04:00:00+00:00,97.01,97.28,96.51,96.57,3622483.0
2026-08-26 05:00:00+00:00,96.57,97.17,96.18,97.03,4245148.0
2026-08-26 06:00:00+00:00,97.03,97.33,96.46,96.76,4926668.0
2026-08-26 07:00:00+00:00,96.76,97.12,96.63,96.88,5947617.0
2026-08-26 08:00:00+00:00,96.88,97.36,96.64,96.76,5343901.0
2026-08-26 09:00:00+00:00,96.76,96.97,95.74,96.13,10095107.0
2026-08-26 10:00:00+00:00,96.13,97.84,95.93,97.43,14819335.0
2026-08-26 11:00:00+00:00,97.43,97.6,96.62,96.99,6682292.0
2026-08-26 12:00:00+00:00,96.99,97.52,96.03,96.97,10292193.0
2026-08-26 13:00:00+00:00,96.97,97.18,95.79,96.51,16145360.0
2026-08-26 14:00:00+00:00,96.51,96.94,95.32,95.42,14765476.0
2026-08-26 15:00:00+00:00,95.42,96.31,94.89,95.89,11446722.0
2026-08-26 16:00:00+00:00,95.89,96.15,95.43,95.91,8217103.0
2026-08-26 17:00:00+00:00,95.91,97.27,95.82,96.94,16428987.0
2026-08-26 18:00:00+00:00,96.94,97.12,96.59,96.81,8572963.0
2026-08-26 19:00:00+00:00,96.81,96.89,96.3,96.76,9350308.0
2026-08-26 20:00:00+00:00,96.76,96.99,96.22,96.88,7510925.0
2026-08-26 21:00:00+00:00,96.88,98.31,96.85,98.2,10923126.0
2026-08-26 22:00:00+00:00,98.2,100.91,98.01,99.65,16772911.0
2026-08-26 23:00:00+00:00,99.65,102.42,99.46,102.04,11074673.0
2026-08-27 00:00:00+00:00,102.04,102.11,100.57,100.57,6478217.0
2026-08-27 01:00:00+00:00,100.57,101.92,100.48,101.43,5212308.0
2026-08-27 02:00:00+00:00,101.43,101.93,100.85,101.13,3625186.0
2026-08-27 03:00:00+00:00,101.13,101.79,100.86,101.07,3431590.0
2026-08-27 04:00:00+00:00,101.07,101.51,100.65,101.05,4909788.0
2026-08-27 05:00:00+00:00,101.05,102.25,100.74,102.02,6021630.0
2026-08-27 06:00:00+00:00,102.02,102.02,100.85,101.25,4683550.0
2026-08-27 07:00:00+00:00,101.25,102.08,101.01,101.77,8408350.0
2026-08-27 08:00:00+00:00,101.77,105.09,101.7,104.66,20114825.0
2026-08-27 09:00:00+00:00,104.66,105.8,104.05,104.39,16345636.0
2026-08-27 10:00:00+00:00,104.39,105.02,103.09,104.09,10769448.0
2026-08-27 11:00:00+00:00,104.09,104.91,103.37,103.91,12834807.0
2026-08-27 12:00:00+00:00,103.91,104.75,103.9,104.39,10549234.0
2026-08-27 13:00:00+00:00,104.39,106.27,104.12,105.99,19257978.0
2026-08-27 14:00:00+00:00,105.99,107.89,105.13,106.73,27237034.0
2026-08-27 15:00:00+00:00,106.73,107.92,106.45,107.14,13981572.0
2026-08-27 16:00:00+00:00,107.14,109.45,106.81,108.87,20229465.0
2026-08-27 17:00:00+00:00,108.87,109.59,107.67,108.12,20861509.0
2026-08-27 18:00:00+00:00,108.12,108.34,106.63,108.34,13663688.0
2026-08-27 19:00:00+00:00,108.34,109.88,108.21,109.32,19923167.0
2026-08-27 20:00:00+00:00,109.32,109.72,108.38,108.96,8821917.0
2026-08-27 21:00:00+00:00,108.96,109.09,108.13,108.68,7613024.0
2026-08-27 22:00:00+00:00,108.68,110.57,108.68,109.12,11032165.0
2026-08-27 23:00:00+00:00,109.12,110.01,108.77,109.08,8804295.0
2026-08-28 00:00:00+00:00,109.08,110.04,108.63,109.05,10172637.0
2026-08-28 01:00:00+00:00,109.05,109.7,107.67,107.8,9476029.0
2026-08-28 02:00:00+00:00,107.8,107.95,106.1,106.48,10291340.0
2026-08-28 03:00:00+00:00,106.48,107.3,105.8,106.78,7915336.0
2026-08-28 04:00:00+00:00,106.78,107.57,106.19,106.74,8119482.0
2026-08-28 05:00:00+00:00,106.74,107.43,106.57,107.14,5494183.0
2026-08-28 06:00:00+00:00,107.14,107.77,107.11,107.47,5036493.0
2026-08-28 07:00:00+00:00,107.47,107.49,106.26,106.3,7067070.0
2026-08-28 08:00:00+00:00,106.3,106.84,105.74,106.01,6244695.0
2026-08-28 09:00:00+00:00,106.01,106.56,105.47,105.88,7917204.0
2026-08-28 10:00:00+00:00,105.88,106.18,104.46,106.13,11330328.0
2026-08-28 11:00:00+00:00,106.13,106.78,105.49,105.76,9134596.0
2026-08-28 12:00:00+00:00,105.76,105.95,104.44,104.81,10669992.0
2026-08-28 13:00:00+00:00,104.81,105.56,104.58,105.19,11063048.0
2026-08-28 14:00:00+00:00,105.19,106.63,103.56,106.21,25225171.0
2026-08-28 15:00:00+00:00,106.21,107.89,105.14,105.19,23822209.0
2026-08-28 16:00:00+00:00,105.19,105.68,102.94,105.1,25440547.0
2026-08-28 17:00:00+00:00,105.1,105.2,104.23,104.61,9392589.0
2026-08-28 18:00:00+00:00,104.61,104.68,102.25,103.07,14361171.0
2026-08-28 19:00:00+00:00,103.07,103.84,102.95,103.35,5824149.0
2026-08-28 20:00:00+00:00,103.35,104.28,102.78,103.82,5434568.0
2026-08-28 21:00:00+00:00,103.82,103.97,103.22,103.4,5030172.0
2026-08-28 22:00:00+00:00,103.4,104.18,103.36,104.08,4807802.0
2026-08-28 23:00:00+00:00,104.08,104.33,103.93,104.1,3977716.0
2026-08-29 00:00:00+00:00,104.1,104.51,103.81,103.86,5008986.0
2026-08-29 01:00:00+00:00,103.86,104.31,103.74,104.1,4685031.0
2026-08-29 02:00:00+00:00,104.1,104.34,103.6,103.9,4074152.0
2026-08-29 03:00:00+00:00,103.9,104.19,103.77,103.82,2783891.0
2026-08-29 04:00:00+00:00,103.82,104.01,103.42,103.82,3595518.0
2026-08-29 05:00:00+00:00,103.82,104.16,103.77,103.97,2324940.0
2026-08-29 06:00:00+00:00,103.97,103.98,103.26,103.53,4005393.0
2026-08-29 07:00:00+00:00,103.53,103.94,103.53,103.67,2962185.0
2026-08-29 08:00:00+00:00,103.67,103.67,103.05,103.41,4698451.0
2026-08-29 09:00:00+00:00,103.41,103.57,103.23,103.25,3097876.0
2026-08-29 10:00:00+00:00,103.25,103.55,102.95,103.4,3565650.0
2026-08-29 11:00:00+00:00,103.4,103.69,103.35,103.45,2264767.0
2026-08-29 12:00:00+00:00,103.45,103.97,103.32,103.56,5028454.0
2026-08-29 13:00:00+00:00,103.56,103.92,103.46,103.75,3166740.0
2026-08-29 14:00:00+00:00,103.75,105.45,103.72,105.31,13736602.0
2026-08-29 15:00:00+00:00,105.31,105.45,104.58,104.96,9372414.0
2026-08-29 16:00:00+00:00,104.96,105.32,104.76,104.79,7388965.0
2026-08-29 17:00:00+00:00,104.79,105.1,104.29,104.78,5610393.0
2026-08-29 18:00:00+00:00,104.78,105.22,104.68,105.05,5586004.0
2026-08-29 19:00:00+00:00,105.05,105.81,105.04,105.28,8031305.0
2026-08-29 20:00:00+00:00,105.28,105.45,104.98,105.15,4407102.0
2026-08-29 21:00:00+00:00,105.15,105.34,104.74,104.98,4785278.0
2026-08-29 22:00:00+00:00,104.98,105.5,104.84,105.44,3512582.0
2026-08-29 23:00:00+00:00,105.44,105.72,105.38,105.56,4964968.0
2026-08-30 00:00:00+00:00,105.56,105.65,105.16,105.21,5510070.0
2026-08-30 01:00:00+00:00,105.21,105.31,104.97,105.19,3291132.0
2026-08-30 02:00:00+00:00,105.19,105.43,105.1,105.17,2237025.0
2026-08-30 03:00:00+00:00,105.17,105.29,104.87,105.02,2569879.0
2026-08-30 04:00:00+00:00,105.02,105.07,104.6,105.06,2317558.0
2026-08-30 05:00:00+00:00,105.06,105.21,104.84,105.01,2423751.0
2026-08-30 06:00:00+00:00,105.01,105.39,104.86,105.36,2805699.0
2026-08-30 07:00:00+00:00,105.36,105.43,104.66,104.78,3696617.0
2026-08-30 08:00:00+00:00,104.78,105.02,104.42,104.71,4098924.0
2026-08-30 09:00:00+00:00,104.71,104.91,104.42,104.55,4142509.0
2026-08-30 10:00:00+00:00,104.55,105.19,104.45,105.06,5230951.0
2026-08-30 11:00:00+00:00,105.06,105.28,104.88,105.06,5247914.0
2026-08-30 12:00:00+00:00,105.06,106.14,105.01,106.04,11003502.0
2026-08-30 13:00:00+00:00,106.04,107.43,105.82,107.06,13326356.0
2026-08-30 14:00:00+00:00,107.06,107.19,106.56,106.67,7298384.0
2026-08-30 15:00:00+00:00,106.67,106.77,105.91,106.21,8227807.0
2026-08-30 16:00:00+00:00,106.21,107.09,106.07,106.83,8140776.0
2026-08-30 17:00:00+00:00,106.83,106.83,105.13,106.33,7678139.0
2026-08-30 18:00:00+00:00,106.33,106.8,105.95,106.62,6444585.0
2026-08-30 19:00:00+00:00,106.62,106.75,105.38,105.75,6922796.0
2026-08-30 20:00:00+00:00,105.75,105.95,104.34,104.69,9685129.0
2026-08-30 21:00:00+00:00,104.69,104.72,103.23,104.39,8821772.0
2026-08-30 22:00:00+00:00,104.39,104.7,103.18,103.73,13141551.0
2026-08-30 23:00:00+00:00,103.73,103.74,100.3,101.68,27398768.0
2026-08-31 00:00:00+00:00,101.68,102.55,101.01,102.07,11613054.0
2026-08-31 01:00:00+00:00,102.07,102.18,101.33,101.44,7553657.0
2026-08-31 02:00:00+00:00,101.44,102.31,101.15,101.4,7792112.0
2026-08-31 03:00:00+00:00,101.4,102.15,101.22,101.89,6545223.0
2026-08-31 04:00:00+00:00,101.89,101.92,100.82,101.41,9627170.0
2026-08-31 05:00:00+00:00,101.41,102.98,101.21,102.59,7485571.0
2026-08-31 06:00:00+00:00,102.59,102.84,102.3,102.66,4467032.0
2026-08-31 07:00:00+00:00,102.66,103.12,102.58,102.92,6663107.0
2026-08-31 08:00:00+00:00,102.92,103.43,102.4,103.16,8167290.0
2026-08-31 09:00:00+00:00,103.16,103.47,102.93,103.02,7933444.0
2026-08-31 10:00:00+00:00,103.02,104.04,102.57,103.62,11478579.0
2026-08-31 11:00:00+00:00,103.62,104.12,103.21,103.35,8765898.0
2026-08-31 12:00:00+00:00,103.35,103.7,102.41,102.72,12674611.0
2026-08-31 13:00:00+00:00,102.72,103.04,102.1,102.31,12019121.0
2026-08-31 14:00:00+00:00,102.31,103.89,102.14,103.45,17771641.0
2026-08-31 15:00:00+00:00,103.45,103.63,102.67,102.81,17699972.0
2026-08-31 16:00:00+00:00,102.81,103.29,102.38,102.77,11867461.0
2026-08-31 17:00:00+00:00,102.77,103.77,102.58,103.57,10889464.0
2026-08-31 18:00:00+00:00,103.57,104.97,103.33,104.43,13357411.0
2026-08-31 19:00:00+00:00,104.43,104.72,103.49,103.56,8526979.0
2026-08-31 20:00:00+00:00,103.56,104.25,103.47,103.7,10230500.0
2026-08-31 21:00:00+00:00,103.7,103.93,103.17,103.61,6795308.0
2026-08-31 22:00:00+00:00,103.61,103.74,103.06,103.15,5338438.0
2026-08-31 23:00:00+00:00,103.15,103.17,102.83,102.99,5995796.0
2026-09-01 00:00:00+00:00,102.99,103.51,102.88,103.14,8541423.0
2026-09-01 01:00:00+00:00,103.14,103.5,102.67,103.18,9085040.0
2026-09-01 02:00:00+00:00,103.18,103.42,102.75,103.34,3575394.0
2026-09-01 03:00:00+00:00,103.34,104.15,103.21,103.59,6747478.0
2026-09-01 04:00:00+00:00,103.59,104.03,103.46,103.56,3080612.0
2026-09-01 05:00:00+00:00,103.56,104.32,103.53,104.25,5599885.0
2026-09-01 06:00:00+00:00,104.25,104.25,103.32,103.33,4440945.0
2026-09-01 07:00:00+00:00,103.33,103.51,102.75,103.09,5566804.0
2026-09-01 08:00:00+00:00,103.09,103.16,101.74,102.03,9508965.0
2026-09-01 09:00:00+00:00,102.03,102.21,101.79,101.91,3986900.0
2026-09-01 10:00:00+00:00,101.91,102.68,101.86,102.31,5711650.0
2026-09-01 11:00:00+00:00,102.31,102.57,102.01,102.23,5599481.0
2026-09-01 12:00:00+00:00,102.23,102.42,101.39,101.87,9076883.0
2026-09-01 13:00:00+00:00,101.87,102.44,101.26,101.9,14414389.0
2026-09-01 14:00:00+00:00,101.9,102.53,101.8,101.96,10914687.0
2026-09-01 15:00:00+00:00,101.96,102.3,100.92,101.97,10708346.0
2026-09-01 16:00:00+00:00,101.97,102.01,100.52,100.87,12475454.0
2026-09-01 17:00:00+00:00,100.87,101.18,100.37,100.54,9144318.0
2026-09-01 18:00:00+00:00,100.54,100.66,98.28,99.56,26828577.0
2026-09-01 19:00:00+00:00,99.56,100.3,99.47,100.03,8455905.0
2026-09-01 20:00:00+00:00,100.03,100.29,99.59,100.04,8893889.0
2026-09-01 21:00:00+00:00,100.04,100.17,98.86,99.54,8651220.0
2026-09-01 22:00:00+00:00,99.54,99.91,99.29,99.61,6784850.0
2026-09-01 23:00:00+00:00,99.61,100.2,99.55,99.92,5687117.0
2026-09-02 00:00:00+00:00,99.92,100.19,99.53,99.61,3382858.0
2026-09-02 01:00:00+00:00,99.61,99.9,98.47,99.04,5531178.0
2026-09-02 02:00:00+00:00,99.04,99.88,98.71,99.87,6329534.0
2026-09-02 03:00:00+00:00,99.87,100.67,99.79,100.23,6896916.0
2026-09-02 04:00:00+00:00,100.23,100.26,99.68,100.03,3863000.0
2026-09-02 05:00:00+00:00,100.03,100.35,99.69,100.22,4511653.0
2026-09-02 06:00:00+00:00,100.22,100.34,99.62,100.02,4253957.0
2026-09-02 07:00:00+00:00,100.02,100.38,99.76,99.79,4571876.0
2026-09-02 08:00:00+00:00,99.79,99.96,98.72,98.95,9493939.0
2026-09-02 09:00:00+00:00,98.95,99.29,98.16,98.58,10352725.0
2026-09-02 10:00:00+00:00,98.58,98.63,97.4,98.19,13411428.0
2026-09-02 11:00:00+00:00,98.19,98.24,97.35,98.06,8264182.0
2026-09-02 12:00:00+00:00,98.06,98.43,97.6,97.66,7233768.0
2026-09-02 13:00:00+00:00,97.66,99.64,97.65,99.17,13014690.0
2026-09-02 14:00:00+00:00,99.17,99.76,98.84,98.86,11500781.0
2026-09-02 15:00:00+00:00,98.86,99.47,98.39,99.28,10428821.0
2026-09-02 16:00:00+00:00,99.28,99.77,98.73,98.75,10425015.0
2026-09-02 17:00:00+00:00,98.75,99.3,98.13,99.28,10679316.0
2026-09-02 18:00:00+00:00,99.28,99.63,99.11,99.47,7787251.0
2026-09-02 19:00:00+00:00,99.47,99.59,99.02,99.38,6040392.0
2026-09-02 20:00:00+00:00,99.38,99.99,99.29,99.66,10872030.0
2026-09-02 21:00:00+00:00,99.66,99.82,99.38,99.6,4295651.0
2026-09-02 22:00:00+00:00,99.6,99.72,99.15,99.49,3989806.0
2026-09-02 23:00:00+00:00,99.49,100.49,99.36,100.38,5549141.0
2026-09-03 00:00:00+00:00,100.38,100.4,99.41,99.48,5759805.0
2026-09-03 01:00:00+00:00,99.48,100.57,99.17,100.11,8547219.0
2026-09-03 02:00:00+00:00,100.11,101.3,99.89,101.06,5874978.0
2026-09-03 03:00:00+00:00,101.06,101.16,100.16,100.46,5844483.0
2026-09-03 04:00:00+00:00,100.46,100.95,100.02,100.93,4850647.0
2026-09-03 05:00:00+00:00,100.93,101.01,99.66,100.82,10855960.0
2026-09-03 06:00:00+00:00,100.82,100.96,100.53,100.84,4339934.0
2026-09-03 07:00:00+00:00,100.84,101.31,100.22,100.35,8296162.0
2026-09-03 08:00:00+00:00,100.35,101.1,100.35,100.59,8910528.0
2026-09-03 09:00:00+00:00,100.59,100.75,100.07,100.12,4738421.0
2026-09-03 10:00:00+00:00,100.12,100.44,99.87,100.39,5583211.0
2026-09-03 11:00:00+00:00,100.39,100.97,100.28,100.77,7027927.0
2026-09-03 12:00:00+00:00,100.77,101.81,100.59,101.62,9397868.0
2026-09-03 13:00:00+00:00,101.62,101.98,101.06,101.43,11140510.0
2026-09-03 14:00:00+00:00,101.43,104.81,101.18,104.76,24016780.0
2026-09-03 15:00:00+00:00,104.76,105.62,103.74,105.14,17625589.0
2026-09-03 16:00:00+00:00,105.14,105.16,103.8,104.53,8153645.0
2026-09-03 17:00:00+00:00,104.53,105.18,104.36,105.08,6009964.0
2026-09-03 18:00:00+00:00,105.08,105.26,104.58,105.18,6744612.0
2026-09-03 19:00:00+00:00,105.18,105.87,105.0,105.26,7780218.0
2026-09-03 20:00:00+00:00,105.26,105.43,104.69,104.88,6873850.0
2026-09-03 21:00:00+00:00,104.88,105.69,104.73,105.15,7131211.0
2026-09-03 22:00:00+00:00,105.15,105.26,103.62,104.11,9937161.0
2026-09-03 23:00:00+00:00,104.11,104.19,103.76,103.86,4658232.0
2026-09-04 00:00:00+00:00,103.86,104.26,103.36,103.43,6399809.0
2026-09-04 01:00:00+00:00,103.43,103.83,103.2,103.74,4243493.0
2026-09-04 02:00:00+00:00,103.74,103.76,103.29,103.73,2315891.0
2026-09-04 03:00:00+00:00,103.73,104.09,103.63,103.63,2727615.0
2026-09-04 04:00:00+00:00,103.63,104.32,103.53,103.85,3652858.0
2026-09-04 05:00:00+00:00,103.85,104.01,103.39,103.64,2935375.0
2026-09-04 06:00:00+00:00,103.64,104.01,103.29,103.56,5108826.0
2026-09-04 07:00:00+00:00,103.56,104.04,103.47,103.56,8417355.0
2026-09-04 08:00:00+00:00,103.56,104.47,103.16,104.33,6563722.0
2026-09-04 09:00:00+00:00,104.33,104.72,103.9,104.0,5862974.0
2026-09-04 10:00:00+00:00,104.0,104.1,103.5,104.06,7498665.0
2026-09-04 11:00:00+00:00,104.06,104.47,103.91,104.04,4177316.0
2026-09-04 12:00:00+00:00,104.04,104.4,100.12,101.55,19457139.0
2026-09-04 13:00:00+00:00,101.55,102.22,100.98,101.6,13934387.0
2026-09-04 14:00:00+00:00,101.6,101.76,100.25,100.73,12417202.0
2026-09-04 15:00:00+00:00,100.73,101.62,100.6,101.39,7489717.0
2026-09-04 16:00:00+00:00,101.39,102.04,101.29,101.75,7208053.0
2026-09-04 17:00:00+00:00,101.75,101.82,101.01,101.18,6342154.0
2026-09-04 18:00:00+00:00,101.18,101.64,101.17,101.6,4510707.0
2026-09-04 19:00:00+00:00,101.6,101.91,101.56,101.64,4231869.0
2026-09-04 20:00:00+00:00,101.64,101.82,101.53,101.7,2640892.0
2026-09-04 21:00:00+00:00,101.7,101.88,101.39,101.52,3258696.0
2026-09-04 22:00:00+00:00,101.52,101.83,101.51,101.69,1622228.0
2026-09-04 23:00:00+00:00,101.69,101.92,101.6,101.85,1165636.0
2026-09-05 00:00:00+00:00,101.85,101.96,101.68,101.77,1642559.0
2026-09-05 01:00:00+00:00,101.77,102.12,101.69,101.79,2355737.0
2026-09-05 02:00:00+00:00,101.79,101.93,101.63,101.91,1421605.0
2026-09-05 03:00:00+00:00,101.91,101.97,101.71,101.84,1093680.0
2026-09-05 04:00:00+00:00,101.84,101.89,101.64,101.71,1354598.0
2026-09-05 05:00:00+00:00,101.71,101.9,101.55,101.83,2306721.0
2026-09-05 06:00:00+00:00,101.83,102.34,101.74,102.24,3166789.0
2026-09-05 07:00:00+00:00,102.24,102.56,102.09,102.16,3734682.0
2026-09-05 08:00:00+00:00,102.16,102.54,102.04,102.54,3086321.0
2026-09-05 09:00:00+00:00,102.54,102.77,102.46,102.49,2929364.0
2026-09-05 10:00:00+00:00,102.49,102.66,102.33,102.46,2809399.0
2026-09-05 11:00:00+00:00,102.46,102.53,102.16,102.3,3520785.0
2026-09-05 12:00:00+00:00,102.3,103.22,102.25,103.18,5003989.0
2026-09-05 13:00:00+00:00,103.18,103.41,102.54,102.62,7495511.0
2026-09-05 14:00:00+00:00,102.62,102.92,102.62,102.81,2916194.0
2026-09-05 15:00:00+00:00,102.81,102.93,102.57,102.87,3276417.0
2026-09-05 16:00:00+00:00,102.87,103.48,102.75,103.36,5356106.0
2026-09-05 17:00:00+00:00,103.36,104.29,103.24,104.18,8321179.0
2026-09-05 18:00:00+00:00,104.18,104.36,103.69,103.86,4280780.0
2026-09-05 19:00:00+00:00,103.86,103.92,103.18,103.36,4897745.0
2026-09-05 20:00:00+00:00,103.36,103.57,103.04,103.2,5860904.0
2026-09-05 21:00:00+00:00,103.2,103.93,103.14,103.68,4659420.0
2026-09-05 22:00:00+00:00,103.68,103.81,103.09,103.32,6291839.0
2026-09-05 23:00:00+00:00,103.32,103.36,102.94,103.12,2859031.0
2026-09-06 00:00:00+00:00,103.12,103.46,103.11,103.25,2775239.0
2026-09-06 01:00:00+00:00,103.25,104.17,103.21,104.0,5237025.0
2026-09-06 02:00:00+00:00,104.0,104.7,103.81,104.32,4169281.0
2026-09-06 03:00:00+00:00,104.32,107.0,104.3,105.92,9333859.0
2026-09-06 04:00:00+00:00,105.92,106.31,105.53,105.69,4825113.0
2026-09-06 05:00:00+00:00,105.69,106.79,105.43,106.38,4689250.0
2026-09-06 06:00:00+00:00,106.38,106.41,105.27,105.33,4910439.0
2026-09-06 07:00:00+00:00,105.33,105.52,104.63,105.18,5323475.0
2026-09-06 08:00:00+00:00,105.18,105.34,104.95,105.13,2669847.0
2026-09-06 09:00:00+00:00,105.13,107.28,105.12,106.46,10634757.0
2026-09-06 10:00:00+00:00,106.46,106.89,106.31,106.61,5618688.0
2026-09-06 11:00:00+00:00,106.61,106.7,106.19,106.42,5939934.0
2026-09-06 12:00:00+00:00,106.42,107.31,106.35,106.76,7122572.0
2026-09-06 13:00:00+00:00,106.76,107.12,105.85,107.02,9448602.0
2026-09-06 14:00:00+00:00,107.02,107.09,105.08,105.67,11531994.0
2026-09-06 15:00:00+00:00,105.67,105.95,104.86,105.7,8977978.0
2026-09-06 16:00:00+00:00,105.7,106.33,105.43,106.03,7969083.0
2026-09-06 17:00:00+00:00,106.03,106.48,105.49,106.12,7594281.0
2026-09-06 18:00:00+00:00,106.12,106.52,105.78,105.92,6053673.0
2026-09-06 19:00:00+00:00,105.92,105.93,105.3,105.45,4085604.0
2026-09-06 20:00:00+00:00,105.45,105.84,105.3,105.7,3852361.0
2026-09-06 21:00:00+00:00,105.7,106.22,105.7,105.87,4034589.0
2026-09-06 22:00:00+00:00,105.87,106.0,104.9,105.8,7394891.0
2026-09-06 23:00:00+00:00,105.8,106.73,105.75,106.51,6397903.0
2026-09-07 00:00:00+00:00,106.51,106.6,105.82,106.09,5940785.0
2026-09-07 01:00:00+00:00,106.09,106.3,104.97,105.25,4932970.0
2026-09-07 02:00:00+00:00,105.25,107.05,104.83,105.73,6544210.0
2026-09-07 03:00:00+00:00,105.73,105.84,104.85,104.88,4639263.0
2026-09-07 04:00:00+00:00,104.88,105.23,104.65,105.03,3780242.0
2026-09-07 05:00:00+00:00,105.03,105.78,104.97,105.08,3168768.0
2026-09-07 06:00:00+00:00,105.08,105.37,104.78,105.03,2916651.0
2026-09-07 07:00:00+00:00,105.03,105.5,103.7,104.41,8674525.0
2026-09-07 08:00:00+00:00,104.41,104.85,104.38,104.66,3683395.0
2026-09-07 09:00:00+00:00,104.66,105.13,104.55,104.61,5322759.0
2026-09-07 10:00:00+00:00,104.61,105.11,104.6,104.96,2937446.0
2026-09-07 11:00:00+00:00,104.96,105.09,104.69,104.88,2616101.0
2026-09-07 12:00:00+00:00,104.88,105.89,104.86,105.68,4626298.0
2026-09-07 13:00:00+00:00,105.68,105.76,104.77,105.03,5706241.0
2026-09-07 14:00:00+00:00,105.03,105.13,103.94,104.6,12266098.0
2026-09-07 15:00:00+00:00,104.6,104.6,102.81,103.19,13317545.0
2026-09-07 16:00:00+00:00,103.19,103.81,103.16,103.81,6818987.0
2026-09-07 17:00:00+00:00,103.81,104.2,103.73,103.95,5048715.0
2026-09-07 18:00:00+00:00,103.95,104.04,103.51,103.87,5316669.0
