pair_id,A,B,direction_A,direction_B,signal_day,signal_time,z,rolling_mu,rolling_sd,entry_time_A,entry_time_B,entry_A,entry_B,exit_signal_day,exit_time_A,exit_time_B,exit_A,exit_B,notional,gross_pair_return,fees,slippage,net_pair_return,pnl,exit_reason,hold_days,mae_A,mae_B
ETC/ETH,ETC,ETH,long,short,2023-06-07,2023-06-08 00:00:00+00:00,-2.12431419678907,-4.5879390092701104,0.046052560136942255,2023-06-08 01:00:00+00:00,2023-06-08 01:00:00+00:00,16.956834049999998,1832.0316201,2023-06-23,2023-06-24 01:00:00+00:00,2023-06-24 01:00:00+00:00,18.46868067,1884.0214483999998,1.0,0.033653385292104036,0.0002058768390281653,0.0032632324434721804,0.030184276009603692,0.030184276009603692,z_out,16,0.25646497672718555,0.058180425889255004
XLM/XRP,XLM,XRP,long,short,2023-06-05,2023-06-06 00:00:00+00:00,-2.443733848190472,-1.6233595171584165,0.055002665380283304,2023-06-06 01:00:00+00:00,2023-06-06 01:00:00+00:00,0.0883598287,0.508991967,2023-06-23,2023-06-24 01:00:00+00:00,2023-06-24 01:00:00+00:00,0.08896876065,0.49167807649999995,1.0,0.023602333578747803,0.00019864377316764466,0.0031485630990794947,0.020255126706500662,0.020255126706500662,z_out,18,0.1502926034984494,0.11141243217302078
ALGO/DOT,ALGO,DOT,long,short,2023-06-05,2023-06-06 00:00:00+00:00,-2.0298591252830898,-3.474557684347778,0.06450701883503673,2023-06-06 01:00:00+00:00,2023-06-06 01:00:00+00:00,0.137617779,5.05597356,2023-06-25,2023-06-26 01:00:00+00:00,2023-06-26 01:00:00+00:00,0.13378761,5.1461437299999995,1.0,-0.019671131295174685,0.00019950012243986583,0.0031620275223640526,-0.023032658939978603,-0.023032658939978603,max_hold,20,0.34092818050783974,0.041540256788842864
ADA/DOT,ADA,DOT,long,short,2023-06-09,2023-06-10 00:00:00+00:00,-3.804419163705902,-2.6957702369817715,0.034500988000729364,2023-06-10 01:00:00+00:00,2023-06-10 01:00:00+00:00,0.2877553705,4.935165345,2023-06-29,2023-06-30 01:00:00+00:00,2023-06-30 01:00:00+00:00,0.2744642835,4.95183624,1.0,-0.021647392917632714,0.00019785945701190083,0.0031360180105168313,-0.024981270385161448,-0.024981270385161448,max_hold,20,0.2424120543043001,0.062375753086343785
ADA/ATOM,ADA,ATOM,long,short,2023-06-09,2023-06-10 00:00:00+00:00,-3.3206856055986966,-3.3556456232025904,0.024720513187357556,2023-06-10 01:00:00+00:00,2023-06-10 01:00:00+00:00,0.2877553705,9.09755748,2023-06-29,2023-06-30 01:00:00+00:00,2023-06-30 01:00:00+00:00,0.2744642835,8.947158804999999,1.0,-0.011708273800893416,0.0001968639697498469,0.0031202645067167686,-0.015025402277360031,-0.015025402277360031,max_hold,20,0.2424120543043001,0.07039719412687885
BTC/ETH,BTC,ETH,short,long,2023-06-20,2023-06-21 00:00:00+00:00,2.3248281705120286,2.702229504835803,0.02465684749702161,2023-06-21 01:00:00+00:00,2023-06-21 01:00:00+00:00,28354.786317000002,1801.50086025,2023-07-10,2023-07-11 01:00:00+00:00,2023-07-11 01:00:00+00:00,30455.195095,1875.05332245,1.0,-0.013362747338617524,0.000205745221131424,0.0032610281847050317,-0.016829520744453978,-0.016829520744453978,max_hold,20,0.11280683434677423,0.0016491028761361297
ATOM/DOT,ATOM,DOT,long,short,2023-06-23,2023-06-24 00:00:00+00:00,-2.041236554576164,0.6683052692002895,0.03259384931114026,2023-06-24 01:00:00+00:00,2023-06-24 01:00:00+00:00,9.287697705,5.095910160000001,2023-07-13,2023-07-14 01:00:00+00:00,2023-07-14 01:00:00+00:00,10.021091355000001,5.632914039999999,1.0,-0.009891631363351479,0.00020921716866231606,0.0033160672732939697,-0.013416915805307765,-0.013416915805307765,max_hold,20,0.06263099031386916,0.1263934841425853
ADA/DOT,ADA,DOT,long,short,2023-07-02,2023-07-03 00:00:00+00:00,-2.0839970026535313,-2.748167401115942,0.09038666477242059,2023-07-03 01:00:00+00:00,2023-07-03 01:00:00+00:00,0.291260918,5.506258725,2023-07-13,2023-07-14 01:00:00+00:00,2023-07-14 01:00:00+00:00,0.36581925600000004,5.632914039999999,1.0,0.11988271500557834,0.00021394933807170912,0.003391398180790095,0.11627736748671653,0.11627736748671653,z_out,11,0.05445604617643896,0.042450107536492455
XLM/XRP,XLM,XRP,short,long,2023-06-30,2023-07-01 00:00:00+00:00,2.3575381893562204,-1.6831564193807482,0.09771776989129444,2023-07-01 01:00:00+00:00,2023-07-01 01:00:00+00:00,0.11031487335000001,0.467940512,2023-07-13,2023-07-14 01:00:00+00:00,2023-07-14 01:00:00+00:00,0.1482746434,0.7822581525,1.0,0.16777567162720622,0.0002507904048813894,0.003975449407606524,0.16354943181471832,0.16354943181471832,z_out,13,0.7850720761399487,0.024021241400872726
ETC/ETH,ETC,ETH,short,long,2023-06-30,2023-07-01 00:00:00+00:00,2.076186686133432,-4.642065824702788,0.05574204979730008,2023-07-01 01:00:00+00:00,2023-07-01 01:00:00+00:00,22.2846228,1936.8049778999998,2023-07-14,2023-07-15 01:00:00+00:00,2023-07-15 01:00:00+00:00,19.065170475,1928.9377800000002,1.0,0.07325633955393518,0.00019257341868240838,0.0030524727225236525,0.07001129341272912,0.07001129341272912,z_out,14,0.04587814697047497,0.05826863271611575
ALGO/DOT,ALGO,DOT,long,short,2023-07-02,2023-07-03 00:00:00+00:00,-2.122253647903721,-3.589976580929351,0.09621974620770835,2023-07-03 01:00:00+00:00,2023-07-03 01:00:00+00:00,0.1222935285,5.506258725,2023-07-22,2023-07-23 01:00:00+00:00,2023-07-23 01:00:00+00:00,0.11381931,5.300387819999999,1.0,-0.012867358512267082,0.00019466586924242878,0.003085421701792622,-0.016147446083302132,-0.016147446083302132,max_hold,20,0.1610349193579773,0.042450107536492455
ADA/ALGO,ADA,ALGO,short,long,2023-07-11,2023-07-12 00:00:00+00:00,2.232714182777905,0.8611498960987125,0.05847797205741673,2023-07-12 01:00:00+00:00,2023-07-12 01:00:00+00:00,0.29323448550000003,0.10897244799999999,2023-07-31,2023-08-01 01:00:00+00:00,2023-08-01 01:00:00+00:00,0.3083880215,0.10972580850000001,1.0,-0.019165557351730055,0.00020292952538833654,0.0032163848292126943,-0.022584871706331087,-0.022584871706331087,max_hold,20,0.29350406843604343,0.058477607110377014
ETC/ETH,ETC,ETH,long,short,2023-08-17,2023-08-18 00:00:00+00:00,-2.2650392380862066,-4.6254857201220165,0.0434812598296135,2023-08-18 01:00:00+00:00,2023-08-18 01:00:00+00:00,15.156985804999998,1691.7143760000001,2023-08-23,2023-08-24 01:00:00+00:00,2023-08-24 01:00:00+00:00,16.077476745000002,1683.6443533,1.0,0.035964837141416,0.00020279800761358114,0.003214438772438148,0.032547600361364275,0.032547600361364275,z_out,6,0.019264107571023602,0.0064228478247558484
ATOM/DOT,ATOM,DOT,long,short,2023-08-24,2023-08-25 00:00:00+00:00,-2.075509022173783,0.5545401326178419,0.03188722481721945,2023-08-25 01:00:00+00:00,2023-08-25 01:00:00+00:00,7.156324825,4.39502283,2023-09-13,2023-09-14 01:00:00+00:00,2023-09-14 01:00:00+00:00,6.60551364,4.06843827,1.0,0.0017198053816054673,0.0001924361868715877,0.0030501178824526368,-0.0015227486877187571,-0.0015227486877187571,max_hold,20,0.12217511730960307,0.0930546178755572
ADA/ATOM,ADA,ATOM,short,long,2023-09-01,2023-09-02 00:00:00+00:00,2.112174676637542,-3.374752725365784,0.052978305191769756,2023-09-02 01:00:00+00:00,2023-09-02 01:00:00+00:00,0.2542963005,6.680571949999999,2023-09-15,2023-09-16 01:00:00+00:00,2023-09-16 01:00:00+00:00,0.250596567,6.9489684,1.0,0.030552674696505237,0.00020128133806571335,0.003190385963534645,0.02716100739490488,0.02716100739490488,z_out,14,0.027934733954181154,0.05966135130091656
ADA/DOT,ADA,DOT,short,long,2023-09-12,2023-09-13 00:00:00+00:00,2.3758656084793626,-2.826384693363718,0.016341423431151914,2023-09-13 01:00:00+00:00,2023-09-13 01:00:00+00:00,0.2459096145,4.007341585,2023-09-16,2023-09-17 01:00:00+00:00,2023-09-17 01:00:00+00:00,0.24899403099999998,4.136433345,1.0,0.013040966404547612,0.00020223783509284776,0.003205502448063259,0.009633226121391504,0.009633226121391504,z_out,4,0.03696636879563728,0.015307301286620827
XLM/XRP,XLM,XRP,short,long,2023-09-10,2023-09-11 00:00:00+00:00,2.1574050444071933,-1.5126135001642167,0.09295791597981953,2023-09-11 01:00:00+00:00,2023-09-11 01:00:00+00:00,0.13167097020000001,0.49438235599999997,2023-09-17,2023-09-18 01:00:00+00:00,2023-09-18 01:00:00+00:00,0.115582909,0.488025252,1.0,0.057725690862640136,0.00019324787540209756,0.0030631238450468667,0.05446931914219117,0.05446931914219117,z_out,7,0.021637493789804136,0.07541198739705825
BTC/ETH,BTC,ETH,short,long,2023-09-11,2023-09-12 00:00:00+00:00,3.126599375957221,2.761587042968465,0.007793621352208914,2023-09-12 01:00:00+00:00,2023-09-12 01:00:00+00:00,25152.669729,1559.1273061,2023-09-29,2023-09-30 01:00:00+00:00,2023-09-30 01:00:00+00:00,26964.67137,1667.42293905,1.0,0.0019916444511525397,0.00020707496330237297,0.003282143171801491,-0.0014975736839513243,-0.0014975736839513243,z_out,18,0.09245262216912391,0.005161416946849286
ADA/ALGO,ADA,ALGO,long,short,2023-09-20,2023-09-21 00:00:00+00:00,-2.3602057603980184,0.9932328927960496,0.03154512576172203,2023-09-21 01:00:00+00:00,2023-09-21 01:00:00+00:00,0.25239942,0.0995819121,2023-10-04,2023-10-05 01:00:00+00:00,2023-10-05 01:00:00+00:00,0.258789168,0.0999782147,1.0,0.013861427887851281,0.00020146478407329812,0.0031932516505872865,0.010466711453190697,0.010466711453190697,z_out,14,0.04912618261959554,0.08162213125449715
ATOM/DOT,ATOM,DOT,short,long,2023-09-18,2023-09-19 00:00:00+00:00,2.255096621374841,0.512126768555,0.03310608354950192,2023-09-19 01:00:00+00:00,2023-09-19 01:00:00+00:00,7.3273676850000005,4.08446363,2023-10-05,2023-10-06 01:00:00+00:00,2023-10-06 01:00:00+00:00,6.863862005,4.032598185,1.0,0.02838915325853592,0.00019620224970490097,0.0031098769777631145,0.025083074031067902,0.025083074031067902,z_out,17,0.04566883079786373,0.03390007661789363
ALGO/DOT,ALGO,DOT,short,long,2023-09-15,2023-09-16 00:00:00+00:00,2.2009419147040914,-3.8228202977798773,0.028912436252255366,2023-09-16 01:00:00+00:00,2023-09-16 01:00:00+00:00,0.0970060014,4.16258726,2023-10-05,2023-10-06 01:00:00+00:00,2023-10-06 01:00:00+00:00,0.1004790072,4.032598185,1.0,-0.030341411515089754,0.00020022870082349873,0.0031735486835997515,-0.033715188899513006,-0.033715188899513006,max_hold,20,0.11034367405643833,0.05203188461207163
ADA/DOT,ADA,DOT,short,long,2023-10-02,2023-10-03 00:00:00+00:00,2.2624973429628223,-2.8153788338500774,0.021631273508403322,2023-10-03 01:00:00+00:00,2023-10-03 01:00:00+00:00,0.258589485,4.1285333699999995,2023-10-22,2023-10-23 01:00:00+00:00,2023-10-23 01:00:00+00:00,0.265420025,3.978683775,1.0,-0.028193248252712712,0.00019950592621117852,0.0031620981026640217,-0.031554852281587914,-0.031554852281587914,max_hold,20,0.03252458235105734,0.13940383143857202
BTC/ETH,BTC,ETH,short,long,2023-10-04,2023-10-05 00:00:00+00:00,2.333396974437271,2.7775010781680027,0.020586932612399474,2023-10-05 01:00:00+00:00,2023-10-05 01:00:00+00:00,27749.646985500003,1652.14450505,2023-10-24,2023-10-25 01:00:00+00:00,2023-10-25 01:00:00+00:00,34081.6339045,1789.26950565,1.0,-0.06917577466995807,0.0002155590399890624,0.003416436998716077,-0.0728077707086632,-0.0728077707086632,max_hold,20,0.2954903541217878,0.0819144479410439
ETC/ETH,ETC,ETH,long,short,2023-10-24,2023-10-25 00:00:00+00:00,-2.9863647743626234,-4.653909902681407,0.010681892844595385,2023-10-25 01:00:00+00:00,2023-10-25 01:00:00+00:00,16.630317339999998,1789.26950565,2023-10-27,2023-10-28 01:00:00+00:00,2023-10-28 01:00:00+00:00,16.0545132,1783.1217754999998,1.0,-0.012454130125210584,0.00019809701751403633,0.0031398064400203086,-0.01579203358274493,-0.01579203358274493,z_stop,3,0.05245343923184564,0.04372202963442377
ADA/ATOM,ADA,ATOM,short,long,2023-10-19,2023-10-20 00:00:00+00:00,2.0580532478690343,-3.3088855530108243,0.03681816964410706,2023-10-20 01:00:00+00:00,2023-10-20 01:00:00+00:00,0.245410407,6.2639125899999994,2023-10-30,2023-10-31 01:00:00+00:00,2023-10-31 01:00:00+00:00,0.304081206,8.004293055,1.0,0.02296482316852902,0.00022584572825488496,0.0035797124856427887,0.019159264954631345,0.019159264954631345,z_out,11,0.24322356060474642,0.003178938038150318
ADA/ALGO,ADA,ALGO,short,long,2023-10-23,2023-10-24 00:00:00+00:00,2.036327979699045,0.9687319132548006,0.03942220622079159,2023-10-24 01:00:00+00:00,2023-10-24 01:00:00+00:00,0.281153664,0.09906677235,2023-10-31,2023-11-01 01:00:00+00:00,2023-11-01 01:00:00+00:00,0.29286345399999997,0.10967588775,1.0,0.03600870550909473,0.00020743698137555257,0.0032879666167726362,0.032513301910946535,0.032513301910946535,z_out,8,0.08517170169263721,0.0294424889477082
ETC/ETH,ETC,ETH,long,short,2023-10-28,2023-10-29 00:00:00+00:00,-2.62898063356568,-4.65770493505073,0.014353097954969663,2023-10-29 01:00:00+00:00,2023-10-29 01:00:00+00:00,16.232688095,1775.0221236,2023-11-03,2023-11-04 01:00:00+00:00,2023-11-04 01:00:00+00:00,17.19869679,1831.04761775,1.0,0.01721563018423481,0.0002045536676573847,0.0032422188819060116,0.013768857634671415,0.013768857634671415,z_out,6,0.014642559113374075,0.056888235395738264
BTC/ETH,BTC,ETH,short,long,2023-10-25,2023-10-26 00:00:00+00:00,2.681735422232494,2.818260812268001,0.05293810322689721,2023-10-26 01:00:00+00:00,2023-10-26 01:00:00+00:00,34597.7754705,1794.8403199999998,2023-11-09,2023-11-10 01:00:00+00:00,2023-11-10 01:00:00+00:00,36571.1735805,2098.468647,1.0,0.05941392997402625,0.0002113102807369226,0.0033494172108403525,0.055853202482448974,0.055853202482448974,z_out,15,0.10412590059646235,0.03146258715649975
ADA/DOT,ADA,DOT,short,long,2023-10-27,2023-10-28 00:00:00+00:00,2.363816366104749,-2.7669235823825167,0.045283269022205135,2023-10-28 01:00:00+00:00,2023-10-28 01:00:00+00:00,0.28854193499999997,4.145560315,2023-11-12,2023-11-13 01:00:00+00:00,2023-11-13 01:00:00+00:00,0.38440832299999994,5.723913195,1.0,0.027979651190565613,0.00023564887588299653,0.0037351049739246245,0.024008897340757993,0.024008897340757993,z_out,16,0.3713777860400085,0.005924486229553159
ADA/ALGO,ADA,ALGO,short,long,2023-11-02,2023-11-03 00:00:00+00:00,2.108865006832692,0.9722279820779564,0.04480272454621829,2023-11-03 01:00:00+00:00,2023-11-03 01:00:00+00:00,0.321090264,0.10907260649999999,2023-11-12,2023-11-13 01:00:00+00:00,2023-11-13 01:00:00+00:00,0.38440832299999994,0.1454690655,1.0,0.07183747001847343,0.00022654436305626993,0.0035909086263298945,0.06802001702908726,0.06802001702908726,z_out,10,0.23236374429590298,0.019093763015555945
ADA/ATOM,ADA,ATOM,short,long,2023-11-02,2023-11-03 00:00:00+00:00,2.051799137203663,-3.2909804805416485,0.050361972170476804,2023-11-03 01:00:00+00:00,2023-11-03 01:00:00+00:00,0.321090264,7.668134759999999,2023-11-13,2023-11-14 01:00:00+00:00,2023-11-14 01:00:00+00:00,0.351155701,9.11353212,1.0,0.050822979314974696,0.00021410647316009765,0.003393715278346629,0.04721515756346797,0.04721515756346797,z_out,11,0.23236374429590298,0.020231094634544384
ETC/ETH,ETC,ETH,short,long,2023-11-10,2023-11-11 00:00:00+00:00,2.7847380681553924,-4.6541290753870594,0.017028020251033477,2023-11-11 01:00:00+00:00,2023-11-11 01:00:00+00:00,20.46151701,2081.46389945,2023-11-20,2023-11-21 01:00:00+00:00,2023-11-21 01:00:00+00:00,19.543928105,2021.16137355,1.0,0.01104823293434861,0.00019630920866618744,0.003111528713005929,0.007740395012676494,0.007740395012676494,z_out,10,0.034820633761015456,0.08523515565025147
XLM/XRP,XLM,XRP,long,short,2023-11-06,2023-11-07 00:00:00+00:00,-2.2211341347047813,-1.5217007739187371,0.07849800891283693,2023-11-07 01:00:00+00:00,2023-11-07 01:00:00+00:00,0.1289440529,0.6891060330000001,2023-11-26,2023-11-27 01:00:00+00:00,2023-11-27 01:00:00+00:00,0.11975987925,0.6156742995,1.0,0.020696569725958652,0.00019111065509570688,0.00302915587770676,0.017476303193156184,0.017476303193156184,max_hold,20,0.15932532317665346,0.09301031181075135
ADA/ATOM,ADA,ATOM,short,long,2023-11-21,2023-11-22 00:00:00+00:00,2.003171573301404,-3.254097233008522,0.05917717742727377,2023-11-22 01:00:00+00:00,2023-11-22 01:00:00+00:00,0.3615260715,8.368242675,2023-11-26,2023-11-27 01:00:00+00:00,2023-11-27 01:00:00+00:00,0.391820052,9.761503455,1.0,0.044718015111911424,0.00021251442817133573,0.003368466028231057,0.04113703465550903,0.04113703465550903,z_out,5,0.10088879164002432,0.0032554833861818074
ALGO/DOT,ALGO,DOT,short,long,2023-11-20,2023-11-21 00:00:00+00:00,2.5677615357525916,-3.698099774420997,0.02855050221864919,2023-11-21 01:00:00+00:00,2023-11-21 01:00:00+00:00,0.14051692710000002,5.309402084999999,2023-11-28,2023-11-29 01:00:00+00:00,2023-11-29 01:00:00+00:00,0.13345118539999998,5.29359633,1.0,0.026781348815219742,0.00019733695723346485,0.0031278580529242282,0.02345615380506205,0.02345615380506205,z_out,8,0.014824355634517589,0.09330656768294078
ADA/DOT,ADA,DOT,short,long,2023-11-23,2023-11-24 00:00:00+00:00,2.1671636927617013,-2.7001875457492686,0.05313977997478873,2023-11-24 01:00:00+00:00,2023-11-24 01:00:00+00:00,0.385587873,5.167177014999999,2023-11-30,2023-12-01 01:00:00+00:00,2023-12-01 01:00:00+00:00,0.37519374099999997,5.432376015,1.0,0.04232959402916333,0.00020121835924030306,0.0031894173354230088,0.03893895833450002,0.03893895833450002,z_out,7,0.03219013840717961,0.025386592063558245
ATOM/DOT,ATOM,DOT,short,long,2023-11-26,2023-11-27 00:00:00+00:00,2.9849011097111444,0.5474034899186715,0.024608364187363663,2023-11-27 01:00:00+00:00,2023-11-27 01:00:00+00:00,9.761503455,5.35447341,2023-12-01,2023-12-02 01:00:00+00:00,2023-12-02 01:00:00+00:00,9.49101946,5.46732054,1.0,0.02755708933348056,0.00019966830218399719,0.0031648118192250073,0.024192609212071555,0.024192609212071555,z_out,5,0.0032266079856650056,0.05947800756750797
ALGO/DOT,ALGO,DOT,short,long,2023-12-02,2023-12-03 00:00:00+00:00,2.089682063717679,-3.6907866540198215,0.030914665619185416,2023-12-03 01:00:00+00:00,2023-12-03 01:00:00+00:00,0.1482646275,5.605871245,2023-12-06,2023-12-07 01:00:00+00:00,2023-12-07 01:00:00+00:00,0.15774963749999998,6.0793489350000005,1.0,0.013531426487802204,0.00020742172773493325,0.0032876683785865134,0.010036336381480757,0.010036336381480757,z_out,4,0.08050047203605602,0.03208622480589994
ETC/ETH,ETC,ETH,long,short,2023-12-04,2023-12-05 00:00:00+00:00,-2.2689136494518993,-4.6603963020318,0.0262395108943068,2023-12-05 01:00:00+00:00,2023-12-05 01:00:00+00:00,20.09980778,2248.5803422500003,2023-12-07,2023-12-08 01:00:00+00:00,2023-12-08 01:00:00+00:00,21.93917121,2365.7237382999997,1.0,0.022991312751032902,0.00020718040479735742,0.0032838671753885884,0.019500265170846957,0.019500265170846957,z_out,3,0.03556291621411702,0.061411929631930755
ATOM/DOT,ATOM,DOT,long,short,2023-12-06,2023-12-07 00:00:00+00:00,-2.569754780763083,0.5463787371113772,0.0270832209884897,2023-12-07 01:00:00+00:00,2023-12-07 01:00:00+00:00,9.836566285,6.0793489350000005,2023-12-08,2023-12-09 01:00:00+00:00,2023-12-09 01:00:00+00:00,10.662073785,7.440774965,1.0,-0.06659639009266836,0.00021539325295605007,0.0034138157542372843,-0.0702255990998617,-0.0702255990998617,z_stop,2,0.029946047885550355,0.22661161248182232
ADA/ATOM,ADA,ATOM,short,long,2023-12-06,2023-12-07 00:00:00+00:00,2.5096757605140136,-3.215346796521255,0.04955458332167563,2023-12-07 01:00:00+00:00,2023-12-07 01:00:00+00:00,0.4523818365,9.836566285,2023-12-08,2023-12-09 01:00:00+00:00,2023-12-09 01:00:00+00:00,0.560086332,10.662073785,1.0,-0.0736554120039244,0.00021610027400214857,0.0034250043039665973,-0.07729651658189315,-0.07729651658189315,z_stop,2,0.26486068589095535,0.029946047885550355
ATOM/DOT,ATOM,DOT,long,short,2023-12-09,2023-12-10 00:00:00+00:00,-3.9235646121417527,0.5396132919445965,0.03872324592763176,2023-12-10 01:00:00+00:00,2023-12-10 01:00:00+00:00,10.612794659999999,7.235513505,2023-12-10,2023-12-11 01:00:00+00:00,2023-12-11 01:00:00+00:00,10.526289345,7.20339932,1.0,0.0013037117345187027,0.00019937052742859996,0.003160026134960373,-0.00205568492787027,-0.00205568492787027,z_stop,1,0.04765895093649154,0.017895964800635124
ADA/ATOM,ADA,ATOM,short,long,2023-12-09,2023-12-10 00:00:00+00:00,4.247154649763631,-3.199244185894499,0.07152593390734772,2023-12-10 01:00:00+00:00,2023-12-10 01:00:00+00:00,0.60104583,10.612794659999999,2023-12-10,2023-12-11 01:00:00+00:00,2023-12-11 01:00:00+00:00,0.59093515,10.526289345,1.0,0.007485613799864772,0.00019875135739058798,0.0031502278201868085,0.004136634622287375,0.004136634622287375,z_stop,1,0.02371561250162896,0.04765895093649154
ALGO/DOT,ALGO,DOT,short,long,2023-12-09,2023-12-10 00:00:00+00:00,2.7603551347515873,-3.6824119517908285,0.03947632098188942,2023-12-10 01:00:00+00:00,2023-12-10 01:00:00+00:00,0.20347697700000003,7.258486495,2023-12-11,2023-12-12 01:00:00+00:00,2023-12-12 01:00:00+00:00,0.210933801,6.740299665000001,1.0,-0.050876409588682725,0.00019826282682630682,0.0031423379922087408,-0.05421701040771777,-0.05421701040771777,z_stop,2,0.039429635324295,0.14872060390876285
ATOM/DOT,ATOM,DOT,long,short,2023-12-11,2023-12-12 00:00:00+00:00,-3.1134641118976343,0.53282561046908,0.04743721269794098,2023-12-12 01:00:00+00:00,2023-12-12 01:00:00+00:00,9.96376758,6.740299665000001,2023-12-16,2023-12-17 01:00:00+00:00,2023-12-17 01:00:00+00:00,11.786289075000001,7.10524399,1.0,0.06774366877493525,0.00021185292647249088,0.003358039071927138,0.06417377677653562,0.06417377677653562,z_out,5,0.00439267371991437,0.15365790639517488
ADA/DOT,ADA,DOT,short,long,2023-12-08,2023-12-09 00:00:00+00:00,2.9753934928184305,-2.6633023674255605,0.04525371376018302,2023-12-09 01:00:00+00:00,2023-12-09 01:00:00+00:00,0.558313668,7.440774965,2023-12-21,2023-12-22 01:00:00+00:00,2023-12-22 01:00:00+00:00,0.6459221665,8.393674905000001,1.0,-0.011030010834389592,0.00021424904399355184,0.003395819637428729,-0.014640079515811873,-0.014640079515811873,z_out,13,0.2202817861159723,0.16957574593172767
ADA/ALGO,ADA,ALGO,short,long,2023-12-13,2023-12-14 00:00:00+00:00,4.024873878475805,1.031613210144437,0.042253778548694734,2023-12-14 01:00:00+00:00,2023-12-14 01:00:00+00:00,0.6612502545000001,0.1978130375,2023-12-21,2023-12-22 01:00:00+00:00,2023-12-22 01:00:00+00:00,0.6459221665,0.228836718,1.0,0.09328305933326922,0.00020668264406524962,0.0032761542564678503,0.08980022243273612,0.08980022243273612,z_out,8,0.027901305707550228,0.10471017361532604
BTC/ETH,BTC,ETH,short,long,2023-12-20,2023-12-21 00:00:00+00:00,2.4039494646808945,2.925433383593325,0.02573469432844898,2023-12-21 01:00:00+00:00,2023-12-21 01:00:00+00:00,43553.258496,2197.7779655,2023-12-22,2023-12-23 01:00:00+00:00,2023-12-23 01:00:00+00:00,43914.494325,2306.96765145,1.0,0.023909874883174163,0.0002028987986026016,0.003216006024836581,0.02049097005973498,0.02049097005973498,z_out,2,0.02105563477148841,0.005777638004988912
ALGO/DOT,ALGO,DOT,short,long,2023-12-14,2023-12-15 00:00:00+00:00,2.4494849850536813,-3.6740967967841933,0.05188905130917665,2023-12-15 01:00:00+00:00,2023-12-15 01:00:00+00:00,0.210665565,7.50788116,2023-12-24,2023-12-25 01:00:00+00:00,2023-12-25 01:00:00+00:00,0.23146629349999998,8.665243785000001,1.0,0.031077933208557208,0.00021264455905019509,0.0033704943357061867,0.027494794313800825,0.027494794313800825,z_out,10,0.20237970548247897,0.1506258737851413
ADA/ATOM,ADA,ATOM,short,long,2023-12-11,2023-12-12 00:00:00+00:00,3.38478203374888,-3.18571895577082,0.08921091257586644,2023-12-12 01:00:00+00:00,2023-12-12 01:00:00+00:00,0.5533215930000001,9.96376758,2023-12-31,2024-01-01 01:00:00+00:00,2024-01-01 01:00:00+00:00,0.599348464,10.692026235,1.0,-0.0017522407842783666,0.00020781367739295062,0.003293842384655063,-0.005253896846326381,-0.005253896846326381,max_hold,20,0.23129118512459707,0.00439267371991437
ATOM/DOT,ATOM,DOT,long,short,2023-12-21,2023-12-22 00:00:00+00:00,-3.4912535414930495,0.5151484948665358,0.060840349547149626,2023-12-22 01:00:00+00:00,2023-12-22 01:00:00+00:00,11.703520725,8.393674905000001,2024-01-10,2024-01-11 01:00:00+00:00,2024-01-11 01:00:00+00:00,10.379522340000001,8.04673389,1.0,-0.032849787270238955,0.00019227690807737543,0.0030475064669694962,-0.036089570645285826,-0.036089570645285826,max_hold,20,0.251250952093307,0.14264611252536927
XLM/XRP,XLM,XRP,short,long,2023-12-30,2023-12-31 00:00:00+00:00,2.5210526965706994,-1.628810050667144,0.033272005925015474,2023-12-31 01:00:00+00:00,2023-12-31 01:00:00+00:00,0.1329689097,0.6240876135,2024-01-10,2024-01-11 01:00:00+00:00,2024-01-11 01:00:00+00:00,0.12176268844999999,0.5972518529999999,1.0,0.023707699736740282,0.0001936361503830802,0.003069192542647741,0.02044487104370946,0.02044487104370946,z_out,11,0.0034676549656629577,0.22847371172829725
ETC/ETH,ETC,ETH,long,short,2024-01-07,2024-01-08 00:00:00+00:00,-2.219123319533354,-4.675415856208692,0.03284325332685585,2024-01-08 01:00:00+00:00,2024-01-08 01:00:00+00:00,19.00407379,2190.33281115,2024-01-11,2024-01-12 01:00:00+00:00,2024-01-12 01:00:00+00:00,29.423290050000002,2604.5416657,1.0,0.18333208898317072,0.00023686849875423604,0.0037548262767117813,0.1793403942077047,0.1793403942077047,z_stop,4,0.036574989009238036,0.22864890043219224
BTC/ETH,BTC,ETH,short,long,2024-01-07,2024-01-08 00:00:00+00:00,2.0345666753857263,2.9264870041765714,0.028431058162487866,2024-01-08 01:00:00+00:00,2024-01-08 01:00:00+00:00,43552.5596055,2197.28718885,2024-01-25,2024-01-26 01:00:00+00:00,2024-01-26 01:00:00+00:00,39953.22565,2212.31790945,1.0,0.047852063838516555,0.00019620985634196186,0.003110046438171102,0.044545807544003495,0.044545807544003495,z_out,18,0.12530699559184608,0.014266313938873917
ETC/ETH,ETC,ETH,short,long,2024-01-12,2024-01-13 00:00:00+00:00,4.183203028731143,-4.673024390700509,0.049596380600161284,2024-01-13 01:00:00+00:00,2024-01-13 01:00:00+00:00,28.416887730000003,2522.60199685,2024-02-01,2024-02-02 01:00:00+00:00,2024-02-02 01:00:00+00:00,24.612949790000002,2306.24879265,1.0,0.027044006843707842,0.00018901861165576998,0.002996012935373965,0.023858975296678107,0.023858975296678107,max_hold,20,0.0585606800368633,0.1407681422964937
XLM/XRP,XLM,XRP,short,long,2024-01-23,2024-01-24 00:00:00+00:00,2.1029815000495002,-1.594920016442605,0.028722703487365144,2024-01-24 01:00:00+00:00,2024-01-24 01:00:00+00:00,0.1114830189,0.5183202374999999,2024-02-11,2024-02-12 01:00:00+00:00,2024-02-12 01:00:00+00:00,0.11180693354999999,0.5271631200000001,1.0,0.01026342291156549,0.0002009983080569934,0.003185848966730814,0.006876575636777682,0.006876575636777682,z_out,19,0.050204785941619395,0.06428504057783373
ALGO/DOT,ALGO,DOT,long,short,2024-02-01,2024-02-02 00:00:00+00:00,-2.072424899136149,-3.637699969615683,0.05740794541447976,2024-02-02 01:00:00+00:00,2024-02-02 01:00:00+00:00,0.1591518565,6.79720932,2024-02-11,2024-02-12 01:00:00+00:00,2024-02-12 01:00:00+00:00,0.180713115,7.158327995,1.0,0.044493839689477,0.00020943017503463146,0.0033195800528351416,0.040964829461607226,0.040964829461607226,z_out,10,0.020432413240495145,0.08014916921816956
ADA/DOT,ADA,DOT,short,long,2024-02-17,2024-02-18 00:00:00+00:00,2.0313370256804473,-2.6090213554096957,0.03558015754558157,2024-02-18 01:00:00+00:00,2024-02-18 01:00:00+00:00,0.6191171415,7.80835666,2024-02-25,2024-02-26 01:00:00+00:00,2024-02-26 01:00:00+00:00,0.590534516,7.8675102,1.0,0.030010701753656378,0.0001980704461069025,0.0031394919644295825,0.026673139343119892,0.026673139343119892,z_out,8,0.03744502767898249,0.07406893475585678
ADA/ATOM,ADA,ATOM,short,long,2024-02-15,2024-02-16 00:00:00+00:00,2.644871032044775,-2.9204483569848603,0.03371711036298826,2024-02-16 01:00:00+00:00,2024-02-16 01:00:00+00:00,0.6038413920000001,10.408471319999999,2024-02-26,2024-02-27 01:00:00+00:00,2024-02-27 01:00:00+00:00,0.623186187,11.18424483,1.0,0.02450285612279174,0.00020532845574177682,0.0032545175801947067,0.021043010086855257,0.021043010086855257,z_out,11,0.06368991677205177,0.0696040079015176
ADA/DOT,ADA,DOT,short,long,2024-03-01,2024-03-02 00:00:00+00:00,2.9895651147887734,-2.5957758907043966,0.036166024652340895,2024-03-02 01:00:00+00:00,2024-03-02 01:00:00+00:00,0.7477129935000001,8.764870335,2024-03-03,2024-03-04 01:00:00+00:00,2024-03-04 01:00:00+00:00,0.7384686205,9.787462245000002,1.0,0.06776928384455196,0.00020521529199128672,0.0032528326297508736,0.0643112359228098,0.0643112359228098,z_out,2,0.023119842306177498,0.024743131011760646
ATOM/DOT,ATOM,DOT,long,short,2024-03-03,2024-03-04 00:00:00+00:00,-2.834657633314867,0.30714009948348914,0.031366248625688826,2024-03-04 01:00:00+00:00,2024-03-04 01:00:00+00:00,12.37157792,9.787462245000002,2024-03-06,2024-03-07 01:00:00+00:00,2024-03-07 01:00:00+00:00,14.130567495000001,10.919279669999998,1.0,0.016644548742043443,0.00021289097039195354,0.0033743636955637576,0.013057294076087732,0.013057294076087732,z_out,3,0.14036834518842042,0.12470421080025292
ADA/ATOM,ADA,ATOM,short,long,2024-03-01,2024-03-02 00:00:00+00:00,2.431623354204187,-2.9038379618443804,0.049456682109347144,2024-03-02 01:00:00+00:00,2024-03-02 01:00:00+00:00,0.7477129935000001,11.841739454999999,2024-03-08,2024-03-09 01:00:00+00:00,2024-03-09 01:00:00+00:00,0.7296546725,13.357794285,1.0,0.07934140517290009,0.00020519374777134926,0.003252520225637351,0.07588369119949138,0.07588369119949138,z_out,7,0.06966176454441922,0.10190559077792169
XLM/XRP,XLM,XRP,short,long,2024-03-04,2024-03-05 00:00:00+00:00,2.7046655218005915,-1.5517180411252811,0.022194575058491737,2024-03-05 01:00:00+00:00,2024-03-05 01:00:00+00:00,0.14776542,0.6565389675,2024-03-12,2024-03-13 01:00:00+00:00,2024-03-13 01:00:00+00:00,0.14956668804999998,0.6846131655000001,1.0,0.018499020112685914,0.0002027475476307913,0.0032135951036486796,0.015082677461406443,0.015082677461406443,z_out,8,0.10276139031716623,0.19563037970019648
ALGO/DOT,ALGO,DOT,short,long,2024-03-07,2024-03-08 00:00:00+00:00,2.403750121457098,-3.691064368292376,0.031853251573396316,2024-03-08 01:00:00+00:00,2024-03-08 01:00:00+00:00,0.27416475900000004,10.629821604999998,2024-03-12,2024-03-13 01:00:00+00:00,2024-03-13 01:00:00+00:00,0.3117934105,10.704007215,1.0,-0.061850509266760396,0.0002072113662036824,0.0032841447719325137,-0.06534186540489659,-0.06534186540489659,z_stop,5,0.16827560612923242,0.0801350800279962
ADA/ALGO,ADA,ALGO,long,short,2024-03-07,2024-03-08 00:00:00+00:00,-2.638630047370811,1.0977581086905195,0.04636403510359463,2024-03-08 01:00:00+00:00,2024-03-08 01:00:00+00:00,0.7499868479999999,0.27416475900000004,2024-03-12,2024-03-13 01:00:00+00:00,2024-03-13 01:00:00+00:00,0.7464150540000001,0.3117934105,1.0,-0.06773057092093306,0.00020662429202803734,0.003274824874210658,-0.07121202008717176,-0.07121202008717176,z_stop,5,0.08825067823056008,0.16827560612923242
ALGO/DOT,ALGO,DOT,short,long,2024-03-13,2024-03-14 00:00:00+00:00,2.6664173814044,-3.685158554236039,0.0415631954084787,2024-03-14 01:00:00+00:00,2024-03-14 01:00:00+00:00,0.3142012005,11.29587563,2024-03-18,2024-03-19 01:00:00+00:00,2024-03-19 01:00:00+00:00,0.244987691,9.60075864,1.0,0.03798605063851075,0.00018148254179368162,0.002876593716935799,0.03492797437978127,0.03492797437978127,z_out,5,0.024502769205682968,0.18580902435095245
ATOM/DOT,ATOM,DOT,long,short,2024-03-08,2024-03-09 00:00:00+00:00,-2.1197094394088687,0.30379388755511033,0.034190988349372335,2024-03-09 01:00:00+00:00,2024-03-09 01:00:00+00:00,13.400205714999998,10.67305635,2024-03-27,2024-03-28 01:00:00+00:00,2024-03-28 01:00:00+00:00,12.636938655000002,9.508046405,1.0,0.02913589883556974,0.00019169431753674626,0.0030384281288907654,0.025905776389142227,0.025905776389142227,z_out,19,0.2057584617461224,0.11533187960728798
ADA/DOT,ADA,DOT,long,short,2024-03-08,2024-03-09 00:00:00+00:00,-2.4157233259159963,-2.5943562785352343,0.03915043403075623,2024-03-09 01:00:00+00:00,2024-03-09 01:00:00+00:00,0.7296546725,10.67305635,2024-03-28,2024-03-29 01:00:00+00:00,2024-03-29 01:00:00+00:00,0.648370701,9.5150575,1.0,0.00154413186814812,0.0001890050998470749,0.0029957347117827438,-0.0016406079434816987,-0.0016406079434816987,max_hold,20,0.2197678964359678,0.11533187960728798
ADA/ALGO,ADA,ALGO,long,short,2024-03-13,2024-03-14 00:00:00+00:00,-3.2550751555567703,1.0881870345729021,0.06579144927669081,2024-03-14 01:00:00+00:00,2024-03-14 01:00:00+00:00,0.758800796,0.3142012005,2024-04-02,2024-04-03 01:00:00+00:00,2024-04-03 01:00:00+00:00,0.5747875155000001,0.2326681955,1.0,0.011265989891825687,0.0001749000817957586,0.0027721945991641683,0.00831889521086576,0.00831889521086576,max_hold,20,0.25896229555352235,0.024502769205682968
BTC/ETH,BTC,ETH,short,long,2024-03-19,2024-03-20 00:00:00+00:00,2.094155261588277,2.8984254385614827,0.03691899536476841,2024-03-20 01:00:00+00:00,2024-03-20 01:00:00+00:00,63183.295494000005,3242.28088275,2024-04-08,2024-04-09 01:00:00+00:00,2024-04-09 01:00:00+00:00,71583.17979149999,3690.8207622,1.0,0.0060830816866074,0.00021356427731320277,0.0033850090774840136,0.002484508331810184,0.002484508331810184,max_hold,20,0.1535469846918838,0.05775590996643421
ALGO/DOT,ALGO,DOT,short,long,2024-03-26,2024-03-27 00:00:00+00:00,2.2897381924610967,-3.669628708887498,0.05477037675735898,2024-03-27 01:00:00+00:00,2024-03-27 01:00:00+00:00,0.2844484335,9.788490204999999,2024-04-09,2024-04-10 01:00:00+00:00,2024-04-10 01:00:00+00:00,0.23246787849999997,8.651265975,1.0,0.036214114655245856,0.00018505393429189837,0.0029331958365306707,0.03309586488442329,0.03309586488442329,z_out,14,0.02232941282835371,0.17433640625479874
ADA/ATOM,ADA,ATOM,long,short,2024-03-27,2024-03-28 00:00:00+00:00,-2.01614650223572,-2.883008017275321,0.04301192368829603,2024-03-28 01:00:00+00:00,2024-03-28 01:00:00+00:00,0.65103025,12.636938655000002,2024-04-09,2024-04-10 01:00:00+00:00,2024-04-10 01:00:00+00:00,0.590861997,10.884224195,1.0,0.026125731442176725,0.00018844411160743923,0.0029869048026935005,0.022950382527875787,0.022950382527875787,z_out,13,0.14074653213118749,0.017018468702853628
BTC/ETH,BTC,ETH,short,long,2024-04-13,2024-04-14 00:00:00+00:00,2.160821678897091,2.930728074206172,0.058652614132056656,2024-04-14 01:00:00+00:00,2024-04-14 01:00:00+00:00,63581.862762000004,2971.15182325,2024-04-27,2024-04-28 01:00:00+00:00,2024-04-28 01:00:00+00:00,63684.179689,3247.97378895,1.0,0.0490255857967093,0.0002047389565796255,0.003245235625089278,0.0455756112150404,0.0455756112150404,z_out,14,0.057204005670839636,0.03669345416712699
ALGO/DOT,ALGO,DOT,short,long,2024-04-24,2024-04-25 00:00:00+00:00,3.0113166992715343,-3.620291254193195,0.042731674842771815,2024-04-25 01:00:00+00:00,2024-04-25 01:00:00+00:00,0.20767032,6.976039524999999,2024-05-03,2024-05-04 01:00:00+00:00,2024-05-04 01:00:00+00:00,0.19240447849999998,7.191583245,1.0,0.055340220135752904,0.00019786938692543168,0.003136368809852519,0.05200598193897495,0.05200598193897495,z_out,9,0.029516398876835163,0.13690282596270115
ADA/ATOM,ADA,ATOM,long,short,2024-05-05,2024-05-06 00:00:00+00:00,-3.167007611932168,-2.9084002000719544,0.03355500593968457,2024-05-06 01:00:00+00:00,2024-05-06 01:00:00+00:00,0.4612298925,9.37911051,2024-05-15,2024-05-16 01:00:00+00:00,2024-05-16 01:00:00+00:00,0.45268136100000006,8.47140593,1.0,0.04220130945314588,0.00019423432009425256,0.003078719992678454,0.038928355140373176,0.038928355140373176,z_out,10,0.07920105156670866,0.013209087350864344
ADA/DOT,ADA,DOT,long,short,2024-05-02,2024-05-03 00:00:00+00:00,-3.076444939450483,-2.6786333527420236,0.02833070143139668,2024-05-03 01:00:00+00:00,2024-05-03 01:00:00+00:00,0.4576241865,7.235513505,2024-05-17,2024-05-18 01:00:00+00:00,2024-05-18 01:00:00+00:00,0.47844046800000006,7.18537079,1.0,0.029409533414743626,0.00020192788187933203,0.003200630811152426,0.02600697472171187,0.02600697472171187,z_out,15,0.07194590555147581,0.032407719899625785
XLM/XRP,XLM,XRP,long,short,2024-05-06,2024-05-07 00:00:00+00:00,-2.630147960929627,-1.5292625564304068,0.024612255158463475,2024-05-07 01:00:00+00:00,2024-05-07 01:00:00+00:00,0.10996401715,0.5396433075,2024-05-26,2024-05-27 01:00:00+00:00,2024-05-27 01:00:00+00:00,0.10873737765000001,0.5311405255,1.0,0.005449378121563384,0.00019865443912858678,0.003148686550252032,0.0021020371321827653,0.0021020371321827653,max_hold,20,0.08224524152899229,0.03290449868128867
ALGO/DOT,ALGO,DOT,long,short,2024-05-16,2024-05-17 00:00:00+00:00,-2.190522757204146,-3.60853654215087,0.04079113741217981,2024-05-17 01:00:00+00:00,2024-05-17 01:00:00+00:00,0.174676424,7.050806730000001,2024-05-28,2024-05-29 01:00:00+00:00,2024-05-29 01:00:00+00:00,0.192095046,7.35964658,1.0,0.031242472151127975,0.000207176071159686,0.003283819216000572,0.027751476863967717,0.027751476863967717,z_out,12,0.018757104851196176,0.10370349067843466
ATOM/DOT,ATOM,DOT,long,short,2024-05-21,2024-05-22 00:00:00+00:00,-2.391555345191507,0.22210355210911867,0.03296448233673098,2024-05-22 01:00:00+00:00,2024-05-22 01:00:00+00:00,8.779894109999999,7.62190011,2024-05-30,2024-05-31 01:00:00+00:00,2024-05-31 01:00:00+00:00,8.5064958,7.000077565,1.0,0.028303003153554093,0.0001943638599900387,0.0030807382843541405,0.025027901009209916,0.025027901009209916,z_out,9,0.08803000358736666,0.021005246420108186
ADA/DOT,ADA,DOT,long,short,2024-05-25,2024-05-26 00:00:00+00:00,-2.392909785627223,-2.7012822922312676,0.03138924872830706,2024-05-26 01:00:00+00:00,2024-05-26 01:00:00+00:00,0.46163052649999997,7.46415054,2024-06-03,2024-06-04 01:00:00+00:00,2024-06-04 01:00:00+00:00,0.4581726435,7.000077565,1.0,0.03045636578848677,0.00019651679162163336,0.003114867660446389,0.02714498133641875,0.02714498133641875,z_out,9,0.04534042984265251,0.04258347393942026
BTC/ETH,BTC,ETH,short,long,2024-05-15,2024-05-16 00:00:00+00:00,2.3806141259159657,3.004543943243356,0.033178174903159836,2024-05-16 01:00:00+00:00,2024-05-16 01:00:00+00:00,65951.6007645,3024.67652565,2024-06-04,2024-06-05 01:00:00+00:00,2024-06-05 01:00:00+00:00,70932.450017,3816.4014009,1.0,0.09655374864789949,0.00021686390086795738,0.0034375353934982394,0.09289934935353329,0.09289934935353329,max_hold,20,0.09345488455251638,0.03421077420097443
ETC/ETH,ETC,ETH,long,short,2024-05-22,2024-05-23 00:00:00+00:00,-2.019604089982509,-4.715467800131901,0.04802921456036689,2024-05-23 01:00:00+00:00,2024-05-23 01:00:00+00:00,30.785718144999997,3757.6945989,2024-06-11,2024-06-12 01:00:00+00:00,2024-06-12 01:00:00+00:00,25.585382790000004,3499.337673,1.0,-0.04710161566980796,0.0001881162755520371,0.002981524637643229,-0.05027125658300322,-0.05027125658300322,max_hold,20,0.1883898929264363,0.05916005019808581
XLM/XRP,XLM,XRP,long,short,2024-06-17,2024-06-18 00:00:00+00:00,-2.7246071956991935,-1.5712706516692296,0.02938222555490666,2024-06-18 01:00:00+00:00,2024-06-18 01:00:00+00:00,0.09600192225,0.5036005259999999,2024-07-04,2024-07-05 01:00:00+00:00,2024-07-05 01:00:00+00:00,0.08402660640000001,0.4291791725,1.0,0.014473150264025542,0.0001863740539143944,0.002954065114352984,0.011332711095758162,0.011332711095758162,z_out,17,0.14480879053439985,0.011516020537278047
ADA/ALGO,ADA,ALGO,short,long,2024-06-18,2024-06-19 00:00:00+00:00,2.4982270399143696,0.9192333720306236,0.05403640074402619,2024-06-19 01:00:00+00:00,2024-06-19 01:00:00+00:00,0.383191677,0.134613024,2024-07-05,2024-07-06 01:00:00+00:00,2024-07-06 01:00:00+00:00,0.3526580785,0.132190146,1.0,0.03393440964090048,0.00019511594253858724,0.00309267294010878,0.03064662075825311,0.03064662075825311,z_out,17,0.10519101906276523,0.14941365554643504
ETC/ETH,ETC,ETH,long,short,2024-06-16,2024-06-17 00:00:00+00:00,-2.127933919009955,-4.791143689608821,0.07869583868639517,2024-06-17 01:00:00+00:00,2024-06-17 01:00:00+00:00,25.42623681,3610.7478792,2024-07-06,2024-07-07 01:00:00+00:00,2024-07-07 01:00:00+00:00,20.989678545,3051.47894025,1.0,-0.0068897274048684565,0.0001835311266173026,0.0029089510483387843,-0.009982209579824543,-0.009982209579824543,max_hold,20,0.2857377937714566,0.004393029181398946
ALGO/DOT,ALGO,DOT,long,short,2024-06-18,2024-06-19 00:00:00+00:00,-2.3532336888238086,-3.6416476433850677,0.0524424708493281,2024-06-19 01:00:00+00:00,2024-06-19 01:00:00+00:00,0.134613024,5.787811755,2024-07-08,2024-07-09 01:00:00+00:00,2024-07-09 01:00:00+00:00,0.13278919500000003,5.899335649999999,1.0,-0.013234215650402219,0.00020028600339672326,0.003174499906510562,-0.016609001560309505,-0.016609001560309505,max_hold,20,0.14941365554643504,0.14084567354765323
ADA/DOT,ADA,DOT,long,short,2024-07-06,2024-07-07 00:00:00+00:00,-2.9135526882294807,-2.7324094411350908,0.03113786886582878,2024-07-07 01:00:00+00:00,2024-07-07 01:00:00+00:00,0.3674815365,6.179190435000001,2024-07-10,2024-07-11 01:00:00+00:00,2024-07-11 01:00:00+00:00,0.39038026500000006,6.0996526499999995,1.0,0.04080152120869891,0.00020247203590047352,0.0032092842716239522,0.03738976490117449,0.03738976490117449,z_out,4,0.10199569985742662,0.020522035424208347
ATOM/DOT,ATOM,DOT,long,short,2024-06-27,2024-06-28 00:00:00+00:00,-2.0231782224611243,0.18305454376667546,0.03998522854993377,2024-06-28 01:00:00+00:00,2024-06-28 01:00:00+00:00,6.885896874999999,6.247082655,2024-07-17,2024-07-18 01:00:00+00:00,2024-07-18 01:00:00+00:00,6.540616665000001,6.365072675,1.0,-0.03137000833001515,0.00019843720600488864,0.0031451509066581992,-0.03471359644267824,-0.03471359644267824,max_hold,20,0.26516471392842345,0.056973368955688955
ADA/ATOM,ADA,ATOM,short,long,2024-07-02,2024-07-03 00:00:00+00:00,2.379239615481202,-2.9029287654614095,0.04738537160309632,2024-07-03 01:00:00+00:00,2024-07-03 01:00:00+00:00,0.42163065450000003,6.853846154999999,2024-07-22,2024-07-23 01:00:00+00:00,2024-07-23 01:00:00+00:00,0.42817758749999996,6.281028765,1.0,-0.04643589481658114,0.00019659757996473264,0.0031159549850250517,-0.04974844738157093,-0.04974844738157093,max_hold,20,0.08198963982112444,0.26172839518601654
BTC/ETH,BTC,ETH,short,long,2024-07-22,2024-07-23 00:00:00+00:00,2.4438286472591417,2.9192104920231348,0.023730009862079633,2024-07-23 01:00:00+00:00,2024-07-23 01:00:00+00:00,67351.17891150001,3473.3866056499996,2024-07-25,2024-07-26 01:00:00+00:00,2024-07-26 01:00:00+00:00,66463.57806399999,3186.7210287000003,1.0,-0.03158258591192216,0.0001952144646156365,0.0030940699215957837,-0.03487187029813358,-0.03487187029813358,z_stop,3,0.005000967970324199,0.11165374019095826
ADA/ALGO,ADA,ALGO,short,long,2024-07-12,2024-07-13 00:00:00+00:00,2.20656843272737,0.9711120407962338,0.06029290833416398,2024-07-13 01:00:00+00:00,2024-07-13 01:00:00+00:00,0.41304428550000005,0.138619364,2024-08-01,2024-08-02 01:00:00+00:00,2024-08-02 01:00:00+00:00,0.39141941799999996,0.13418697599999999,1.0,0.013292999780410352,0.0001957834957929311,0.0031032018033242802,0.009994014481293141,0.009994014481293141,max_hold,20,0.10448205196147166,0.0975286829335042
ADA/DOT,ADA,DOT,short,long,2024-07-13,2024-07-14 00:00:00+00:00,2.341791473592916,-2.7347767962166816,0.03750257248330217,2024-07-14 01:00:00+00:00,2024-07-14 01:00:00+00:00,0.4378049775,6.240876135,2024-08-02,2024-08-03 01:00:00+00:00,2024-08-03 01:00:00+00:00,0.3610713925,5.082930765,1.0,-0.002252570366964371,0.0001819594505002063,0.0028840516314646014,-0.005318581448929179,-0.005318581448929179,max_hold,20,0.042016476388736276,0.1999520753186683
XLM/XRP,XLM,XRP,long,short,2024-07-16,2024-07-17 00:00:00+00:00,-2.226607205392595,-1.6152646793179095,0.03413350705164908,2024-07-17 01:00:00+00:00,2024-07-17 01:00:00+00:00,0.10717961084999998,0.580079115,2024-08-05,2024-08-06 01:00:00+00:00,2024-08-06 01:00:00+00:00,0.09062612955,0.5131119955,1.0,-0.01654461757866272,0.00018650545089946526,0.0029560698329545512,-0.019687192862516734,-0.019687192862516734,max_hold,20,0.293802250262602,0.1348452012446613
ETC/ETH,ETC,ETH,short,long,2024-08-06,2024-08-07 00:00:00+00:00,2.2962661938866398,-4.975587935450577,0.028265888095427304,2024-08-07 01:00:00+00:00,2024-08-07 01:00:00+00:00,18.088284555,2461.8158032,2024-08-07,2024-08-08 01:00:00+00:00,2024-08-08 01:00:00+00:00,18.172758239999997,2348.4917313,1.0,-0.022214233142201445,0.00019793186797416703,0.0031371643002385888,-0.0255493293104142,-0.0255493293104142,z_stop,1,0.02508338718469482,0.06288683458720276
BTC/ETH,BTC,ETH,short,long,2024-07-26,2024-07-27 00:00:00+00:00,3.4258390804015058,2.925643826831313,0.031083901842398405,2024-07-27 01:00:00+00:00,2024-07-27 01:00:00+00:00,67749.446655,3263.3842786999994,2024-08-15,2024-08-16 01:00:00+00:00,2024-08-16 01:00:00+00:00,57529.239547,2567.75364945,1.0,-0.028273224438118208,0.00018179923312289519,0.0028814468162964985,-0.0313364704875376,-0.0313364704875376,max_hold,20,0.03437007178608657,0.35004283318881935
ETC/ETH,ETC,ETH,short,long,2024-08-08,2024-08-09 00:00:00+00:00,2.1452638190891955,-4.974261280018937,0.031790656532643416,2024-08-09 01:00:00+00:00,2024-08-09 01:00:00+00:00,19.71669942,2668.823391,2024-08-28,2024-08-29 01:00:00+00:00,2024-08-29 01:00:00+00:00,18.660530135,2529.1050048,1.0,0.003693664169988859,0.0001947040350094988,0.0030860682342159183,0.00041289190076344195,0.00041289190076344195,max_hold,20,0.06361615366148331,0.10502882728968105
ALGO/DOT,ALGO,DOT,short,long,2024-08-13,2024-08-14 00:00:00+00:00,2.3433490620375137,-3.726778373081347,0.04354970394050341,2024-08-14 01:00:00+00:00,2024-08-14 01:00:00+00:00,0.1205086905,4.549199069999999,2024-09-02,2024-09-03 01:00:00+00:00,2024-09-03 01:00:00+00:00,0.12579907599999998,4.2133113,1.0,-0.055721329150751356,0.00019850329815510084,0.003146137291242121,-0.05906596974014858,-0.05906596974014858,max_hold,20,0.23144645738225827,0.11456941364405929
ATOM/DOT,ATOM,DOT,long,short,2024-09-05,2024-09-06 00:00:00+00:00,-2.157368436430079,0.04547345112717918,0.03453508301376876,2024-09-06 01:00:00+00:00,2024-09-06 01:00:00+00:00,3.90417833,4.01562513,2024-09-07,2024-09-08 01:00:00+00:00,2024-09-08 01:00:00+00:00,3.6631846350000004,4.08045729,1.0,-0.03580226175702003,0.00019772089252136814,0.003133786203126647,-0.03913376885266805,-0.03913376885266805,z_stop,2,0.074837342278881,0.028731484206046924
ADA/ATOM,ADA,ATOM,short,long,2024-08-21,2024-08-22 00:00:00+00:00,2.2045079575070217,-2.7228738493210427,0.07618478005819095,2024-08-22 01:00:00+00:00,2024-08-22 01:00:00+00:00,0.368614818,4.730485955,2024-09-10,2024-09-11 01:00:00+00:00,2024-09-11 01:00:00+00:00,0.3432431795,4.11746346,1.0,-0.02736735342408239,0.00019007902867020334,0.0030126838514731927,-0.03057011630422579,-0.03057011630422579,max_hold,20,0.08839900190881635,0.23644208346455173
ADA/DOT,ADA,DOT,short,long,2024-08-29,2024-08-30 00:00:00+00:00,2.0413996554046268,-2.638597931358424,0.08012837374098097,2024-08-30 01:00:00+00:00,2024-08-30 01:00:00+00:00,0.35823130200000003,4.257737835,2024-09-15,2024-09-16 01:00:00+00:00,2024-09-16 01:00:00+00:00,0.3362320845,4.3580814750000005,1.0,0.045629129331783924,0.00019810783544100207,0.003140123822379222,0.0422908976739637,0.0422908976739637,z_out,17,0.018336471333819913,0.10398428746846514
ATOM/DOT,ATOM,DOT,long,short,2024-09-08,2024-09-09 00:00:00+00:00,-3.0496095361697924,0.04217219944311929,0.04308542256389194,2024-09-09 01:00:00+00:00,2024-09-09 01:00:00+00:00,3.835068965,4.153406400000001,2024-09-18,2024-09-19 01:00:00+00:00,2024-09-19 01:00:00+00:00,4.401013320000001,4.24872357,1.0,0.06561614494094624,0.0002085259998662271,0.0033053019403993383,0.062102317000680675,0.062102317000680675,z_out,10,0.0018432432544274219,0.0964494107776209
ETC/ETH,ETC,ETH,short,long,2024-09-06,2024-09-07 00:00:00+00:00,2.292931116341913,-4.94723170580571,0.03931540785112271,2024-09-07 01:00:00+00:00,2024-09-07 01:00:00+00:00,17.299536705,2235.7380369999996,2024-09-20,2024-09-21 01:00:00+00:00,2024-09-21 01:00:00+00:00,19.0701784,2562.7416061500003,1.0,0.025322115962643103,0.00021243069976730584,0.0033670902061644914,0.021742595056711306,0.021742595056711306,z_out,14,0.11413388281255706,0.00669937029836354
XLM/XRP,XLM,XRP,long,short,2024-10-01,2024-10-02 00:00:00+00:00,-2.1340707559413548,-1.7906537322742833,0.028154334159942517,2024-10-02 01:00:00+00:00,2024-10-02 01:00:00+00:00,0.09388857789999999,0.6009459885,2024-10-02,2024-10-03 01:00:00+00:00,2024-10-03 01:00:00+00:00,0.09073595520000001,0.53284322,1.0,0.042927485174117166,0.00019265478598646437,0.0030536862013867128,0.03968114418674399,0.03968114418674399,z_out,1,0.0423755262779413,0.00890930566549563
ADA/ALGO,ADA,ALGO,short,long,2024-10-11,2024-10-12 00:00:00+00:00,2.0338618654369993,1.0128064958246528,0.02473734212517851,2024-10-12 01:00:00+00:00,2024-10-12 01:00:00+00:00,0.3517416045,0.121792736,2024-10-20,2024-10-21 01:00:00+00:00,2024-10-21 01:00:00+00:00,0.367782012,0.1294944255,1.0,0.012072893969913942,0.0002054419424370407,0.003256285117453059,0.008611166910023843,0.008611166910023843,z_out,9,0.054751542762124315,0.03688837403242175
ALGO/DOT,ALGO,DOT,long,short,2024-10-19,2024-10-20 00:00:00+00:00,-2.8815483202823557,-3.5201028630859406,0.021318951811615743,2024-10-20 01:00:00+00:00,2024-10-20 01:00:00+00:00,0.122994638,4.393026000000001,2024-10-29,2024-10-30 01:00:00+00:00,2024-10-30 01:00:00+00:00,0.1229048865,4.186625299999999,1.0,0.02625925326556952,0.0001976143281001106,0.0031322530695391745,0.022929385867930235,0.022929385867930235,z_out,10,0.10646511273117455,0.05030109086538506
ADA/ATOM,ADA,ATOM,long,short,2024-10-24,2024-10-25 00:00:00+00:00,-2.413651886509224,-2.5328882538704263,0.043713353875010436,2024-10-25 01:00:00+00:00,2024-10-25 01:00:00+00:00,0.34544666649999994,4.79438883,2024-10-29,2024-10-30 01:00:00+00:00,2024-10-30 01:00:00+00:00,0.357831936,4.526162615,1.0,0.049053587300972396,0.000198995352590762,0.0031541995722117536,0.04570039237616988,0.04570039237616988,z_out,5,0.09363722286780254,0.006176213705220048
ATOM/DOT,ATOM,DOT,short,long,2024-10-24,2024-10-25 00:00:00+00:00,2.0762086055142115,0.03189949650246458,0.05275754626430146,2024-10-25 01:00:00+00:00,2024-10-25 01:00:00+00:00,4.79438883,4.199645905,2024-11-02,2024-11-03 01:00:00+00:00,2024-11-03 01:00:00+00:00,4.09848582,3.900807405,1.0,0.03999440156087702,0.0001891846252199947,0.002998676784672333,0.03680654015098469,0.03680654015098469,z_out,9,0.006176213705220048,0.09016138826113711
BTC/ETH,BTC,ETH,short,long,2024-10-24,2024-10-25 00:00:00+00:00,2.191331580451745,3.212439235429029,0.03617533461871757,2024-10-25 01:00:00+00:00,2024-10-25 01:00:00+00:00,67854.479913,2528.5313800500003,2024-11-07,2024-11-08 01:00:00+00:00,2024-11-08 01:00:00+00:00,76126.5696685,2902.7019136500003,1.0,0.016418991109381963,0.0002134944327841422,0.0033839280078284684,0.012821568668769353,0.012821568668769353,z_out,14,0.13271518842302263,0.06815473258891994
ADA/DOT,ADA,DOT,short,long,2024-11-01,2024-11-02 00:00:00+00:00,3.755003336294356,-2.4956404110248136,0.02776946698119403,2024-11-02 01:00:00+00:00,2024-11-02 01:00:00+00:00,0.3599286075,3.917198935,2024-11-07,2024-11-08 01:00:00+00:00,2024-11-08 01:00:00+00:00,0.413053654,4.178366775,1.0,-0.03712366069362534,0.00021071354671608358,0.003339716452461415,-0.04067409069280284,-0.04067409069280284,z_stop,6,0.16078575388037197,0.06438246797899734
XLM/XRP,XLM,XRP,short,long,2024-10-18,2024-10-19 00:00:00+00:00,2.1855054846619675,-1.789240037171786,0.02571717142861793,2024-10-19 01:00:00+00:00,2024-10-19 01:00:00+00:00,0.09695608065000001,0.5465649345,2024-11-07,2024-11-08 01:00:00+00:00,2024-11-08 01:00:00+00:00,0.10266246249999998,0.5544198495,1.0,-0.019013968462056892,0.0002036613374299976,0.0032279844308984625,-0.022445614230385352,-0.022445614230385352,max_hold,20,0.06594655339958799,0.11117605734364941
ADA/ALGO,ADA,ALGO,short,long,2024-10-22,2024-10-23 00:00:00+00:00,2.0070754876606642,1.0185770474626072,0.02865237875011868,2024-10-23 01:00:00+00:00,2024-10-23 01:00:00+00:00,0.3625244865,0.1234954305,2024-11-07,2024-11-08 01:00:00+00:00,2024-11-08 01:00:00+00:00,0.413053654,0.1225055205,1.0,-0.07042464666003755,0.00020656828148287387,0.0032739303389455188,-0.07390514528046593,-0.07390514528046593,z_stop,16,0.15247387571984047,0.14490763283747574
ADA/ATOM,ADA,ATOM,short,long,2024-11-07,2024-11-08 00:00:00+00:00,2.8357919806738985,-2.52866512034667,0.04193755629269708,2024-11-08 01:00:00+00:00,2024-11-08 01:00:00+00:00,0.411746346,4.5542069949999995,2024-11-08,2024-11-09 01:00:00+00:00,2024-11-09 01:00:00+00:00,0.4385940715,4.7324871,1.0,-0.00977646704791868,0.00020521753859555094,0.00325267342605454,-0.01323435801256877,-0.01323435801256877,z_stop,1,0.11427825518577887,0.021783593742866186
ADA/DOT,ADA,DOT,short,long,2024-11-08,2024-11-09 00:00:00+00:00,4.546752209792651,-2.480063260432017,0.04509994248242887,2024-11-09 01:00:00+00:00,2024-11-09 01:00:00+00:00,0.4372059285,4.327848785,2024-11-09,2024-11-10 01:00:00+00:00,2024-11-10 01:00:00+00:00,0.5117097765,4.6236598650000005,1.0,-0.047670126777553244,0.00021193798283997554,0.003359097269929362,-0.051241162030322585,-0.051241162030322585,z_stop,1,0.18731235365670482,0.014984069042513853
ADA/ALGO,ADA,ALGO,short,long,2024-11-08,2024-11-09 00:00:00+00:00,3.641561537142184,1.045527108572411,0.048368602808930135,2024-11-09 01:00:00+00:00,2024-11-09 01:00:00+00:00,0.4372059285,0.13080700099999998,2024-11-09,2024-11-10 01:00:00+00:00,2024-11-10 01:00:00+00:00,0.5117097765,0.13418697599999999,1.0,-0.06895947035251584,0.00020981242284343594,0.003325353660363059,-0.07249463643572233,-0.07249463643572233,z_stop,1,0.18731235365670482,0.020694618631306953
ADA/ATOM,ADA,ATOM,short,long,2024-11-09,2024-11-10 00:00:00+00:00,4.4623144893342275,-2.523031008561349,0.057389684313866846,2024-11-10 01:00:00+00:00,2024-11-10 01:00:00+00:00,0.5100902235,4.744508145,2024-11-10,2024-11-11 01:00:00+00:00,2024-11-11 01:00:00+00:00,0.5937395879999999,5.31955512,1.0,-0.01799737928324649,0.00021425960018688772,0.00339596944949596,-0.021607608332929337,-0.021607608332929337,z_stop,1,0.2933006154743524,0.007062511850741037
ALGO/DOT,ALGO,DOT,long,short,2024-11-10,2024-11-11 00:00:00+00:00,-2.206721149366961,-3.5279410946141514,0.025220292796205832,2024-11-11 01:00:00+00:00,2024-11-11 01:00:00+00:00,0.146832361,5.244673995,2024-11-12,2024-11-13 01:00:00+00:00,2024-11-13 01:00:00+00:00,0.152557812,5.303392574999999,1.0,0.017108450082278882,0.0002025094481710336,0.0032098177337867816,0.013696122900321068,0.013696122900321068,z_out,2,0.03631597941818839,0.11427326189794948
XLM/XRP,XLM,XRP,short,long,2024-11-12,2024-11-13 00:00:00+00:00,2.020708314359996,-1.7534515300771467,0.04790607917438486,2024-11-13 01:00:00+00:00,2024-11-13 01:00:00+00:00,0.13182073245,0.708521229,2024-11-14,2024-11-15 01:00:00+00:00,2024-11-15 01:00:00+00:00,0.13229936265,0.7982327925,1.0,0.06476694216461586,0.00020651244746304576,0.00327338500142052,0.06128704471573229,0.06128704471573229,z_out,2,0.06690349375311776,0.0951576695805681
ETC/ETH,ETC,ETH,long,short,2024-11-07,2024-11-08 00:00:00+00:00,-2.700460226607008,-4.891984804231815,0.026034065628235372,2024-11-08 01:00:00+00:00,2024-11-08 01:00:00+00:00,20.245037605,2902.7019136500003,2024-11-15,2024-11-16 01:00:00+00:00,2024-11-16 01:00:00+00:00,23.060391255000003,3091.56237195,1.0,0.04033197836187333,0.00021020637824486303,0.0033318724181852916,0.03678989956544317,0.03678989956544317,z_out,8,0.022229526750241795,0.18819985744353265
ADA/DOT,ADA,DOT,short,long,2024-11-10,2024-11-11 00:00:00+00:00,4.30311968449227,-2.47050235778111,0.06665960238516262,2024-11-11 01:00:00+00:00,2024-11-11 01:00:00+00:00,0.5918604120000001,5.261326005,2024-11-15,2024-11-16 01:00:00+00:00,2024-11-16 01:00:00+00:00,0.7116261425,5.148826155,1.0,-0.10855540436656211,0.00020904861383375778,0.0033131478136642356,-0.1120776007940601,-0.1120776007940601,z_stop,5,0.2644873433433826,0.10858973659055737
ADA/ATOM,ADA,ATOM,short,long,2024-11-11,2024-11-12 00:00:00+00:00,3.6361627734018382,-2.5145360072603586,0.08073240181934982,2024-11-12 01:00:00+00:00,2024-11-12 01:00:00+00:00,0.596453121,5.63491721,2024-11-15,2024-11-16 01:00:00+00:00,2024-11-16 01:00:00+00:00,0.7116261425,5.270632785,1.0,-0.1256006283271703,0.0002064224410666859,0.003271480153868439,-0.12907853092210544,-0.12907853092210544,z_stop,4,0.2547507484666174,0.14373187392401812
ALGO/DOT,ALGO,DOT,short,long,2024-11-15,2024-11-16 00:00:00+00:00,5.4077818220687055,-3.5260630491578273,0.036919237093483374,2024-11-16 01:00:00+00:00,2024-11-16 01:00:00+00:00,0.187502337,5.165173845,2024-11-18,2024-11-19 01:00:00+00:00,2024-11-19 01:00:00+00:00,0.21413887299999998,5.949554985,1.0,0.008302865480046856,0.00021469596682477588,0.003402951932838877,0.0046852175803832035,0.0046852175803832035,z_stop,3,0.23625125803098665,0.0019697004022136136
XLM/XRP,XLM,XRP,short,long,2024-11-16,2024-11-17 00:00:00+00:00,2.520946140410337,-1.748061736422126,0.04894834023889614,2024-11-17 01:00:00+00:00,2024-11-17 01:00:00+00:00,0.21785415300000002,1.1264826495,2024-11-20,2024-11-21 01:00:00+00:00,2024-11-21 01:00:00+00:00,0.2437657573,1.1124339930000002,1.0,-0.0624514815654317,0.0002053234442602935,0.003254219699352197,-0.06591102470904418,-0.06591102470904418,z_stop,4,0.23876454170694636,0.10784245061734535
XLM/XRP,XLM,XRP,short,long,2024-11-21,2024-11-22 00:00:00+00:00,2.5012176470271523,-1.7284174682878113,0.06777633723126347,2024-11-22 01:00:00+00:00,2024-11-22 01:00:00+00:00,0.27401499675,1.2853340305,2024-11-23,2024-11-24 01:00:00+00:00,2024-11-24 01:00:00+00:00,0.5135927563,1.471863393,1.0,-0.36062410487478297,0.00025097224222176095,0.003977004070322976,-0.3648520811873277,-0.3648520811873277,z_stop,2,0.9987227213687161,0.0026717027780429705
BTC/ETH,BTC,ETH,short,long,2024-11-14,2024-11-15 00:00:00+00:00,2.031960044195483,3.2564696993496947,0.04678819920320227,2024-11-15 01:00:00+00:00,2024-11-15 01:00:00+00:00,87780.74664150001,3068.1152671,2024-11-25,2024-11-26 01:00:00+00:00,2024-11-26 01:00:00+00:00,94048.7313415,3423.39530445,1.0,0.025514662738932666,0.00020936012462023757,0.0033184220738043183,0.02198688054050811,0.02198688054050811,z_out,11,0.13532413214726569,0.016937195175563843
XLM/XRP,XLM,XRP,short,long,2024-11-24,2024-11-25 00:00:00+00:00,4.808700375330026,-1.6961862338823295,0.14815839962665825,2024-11-25 01:00:00+00:00,2024-11-25 01:00:00+00:00,0.51830717895,1.402819951,2024-11-25,2024-11-26 01:00:00+00:00,2024-11-26 01:00:00+00:00,0.49643560524999997,1.4192469225,1.0,0.030099941600625152,0.00019847559364440028,0.0031459137770894485,0.026755552229891302,0.026755552229891302,z_stop,1,0.07721834208640375,0.03294788541255917
ADA/ALGO,ADA,ALGO,short,long,2024-11-10,2024-11-11 00:00:00+00:00,4.650164728138837,1.0574387368330416,0.07365296085494065,2024-11-11 01:00:00+00:00,2024-11-11 01:00:00+00:00,0.5918604120000001,0.146832361,2024-11-26,2024-11-27 01:00:00+00:00,2024-11-27 01:00:00+00:00,0.9385853035,0.29233591200000003,1.0,0.2069841550237384,0.0002788386112691411,0.004420111979384578,0.20228520443308468,0.20228520443308468,z_out,16,0.9509667762675095,0.05061800375191133
ALGO/DOT,ALGO,DOT,short,long,2024-11-19,2024-11-20 00:00:00+00:00,4.214254539945495,-3.5158445528549245,0.06136525923451158,2024-11-20 01:00:00+00:00,2024-11-20 01:00:00+00:00,0.2201505075,5.810194585,2024-11-29,2024-11-30 01:00:00+00:00,2024-11-30 01:00:00+00:00,0.429079014,8.72015661,1.0,-0.21977578664244202,0.0002724931526300167,0.004318464342960071,-0.2243667441380321,-0.2243667441380321,z_stop,10,1.1458047286127648,0.057518656236192074
ALGO/DOT,ALGO,DOT,short,long,2024-11-30,2024-12-01 00:00:00+00:00,3.7313309099752825,-3.4742216999302618,0.12637258870989795,2024-12-01 01:00:00+00:00,2024-12-01 01:00:00+00:00,0.43660687950000004,8.88606212,2024-12-01,2024-12-02 01:00:00+00:00,2024-12-02 01:00:00+00:00,0.49177823499999995,9.218365695000001,1.0,-0.04118425993443287,0.00020818799807995975,0.0032996763054398484,-0.04469212423795268,-0.04469212423795268,z_stop,1,0.20108047908118207,0.020713575655264507
XLM/XRP,XLM,XRP,short,long,2024-11-26,2024-11-27 00:00:00+00:00,2.851962923250138,-1.6738836395022352,0.18039601952175185,2024-11-27 01:00:00+00:00,2024-11-27 01:00:00+00:00,0.4203127467,1.3740744614999998,2024-12-02,2024-12-03 01:00:00+00:00,2024-12-03 01:00:00+00:00,0.5295780528999999,2.694123036,1.0,0.3544982838172751,0.0002610321947163961,0.004138250865705739,0.35009900075685296,0.35009900075685296,z_out,6,0.4430445061731933,0.015482757373116194
ETC/ETH,ETC,ETH,short,long,2024-11-16,2024-11-17 00:00:00+00:00,4.0193641528003905,-4.902075810771099,0.03418967157608771,2024-11-17 01:00:00+00:00,2024-11-17 01:00:00+00:00,29.175683130000003,3155.9342398999997,2024-12-06,2024-12-07 01:00:00+00:00,2024-12-07 01:00:00+00:00,38.079260115,4009.6745766000004,1.0,-0.013699852888182262,0.00022878451043111713,0.0036262000732201205,-0.0175548374718335,-0.0175548374718335,max_hold,20,0.3710732948997448,0.03971383126917474
ADA/DOT,ADA,DOT,short,long,2024-11-16,2024-11-17 00:00:00+00:00,3.0731573183694487,-2.431024696802614,0.12274526855997728,2024-11-17 01:00:00+00:00,2024-11-17 01:00:00+00:00,0.7527050685000001,6.07561461,2024-12-06,2024-12-07 01:00:00+00:00,2024-12-07 01:00:00+00:00,1.230347014,10.59118632,1.0,0.058592848237092376,0.0002688897994735965,0.004262050520074612,0.054061907917544165,0.054061907917544165,max_hold,20,0.7636389809961799,0.12519138536998142
ADA/ATOM,ADA,ATOM,short,long,2024-11-16,2024-11-17 00:00:00+00:00,2.7797182090277697,-2.485043923675531,0.13511974652762582,2024-11-17 01:00:00+00:00,2024-11-17 01:00:00+00:00,0.7527050685000001,6.4702391,2024-12-06,2024-12-07 01:00:00+00:00,2024-12-07 01:00:00+00:00,1.230347014,10.421455770000001,1.0,-0.007788999889345893,0.00026226213618388077,0.004156835290794081,-0.012208097316323855,-0.012208097316323855,max_hold,20,0.7636389809961799,0.13882626068640952
ATOM/DOT,ATOM,DOT,short,long,2024-11-22,2024-11-23 00:00:00+00:00,2.176665006323542,0.05711871642431176,0.033282540789735256,2024-11-23 01:00:00+00:00,2024-11-23 01:00:00+00:00,7.636876335,6.845833474999999,2024-12-12,2024-12-13 01:00:00+00:00,2024-12-13 01:00:00+00:00,8.995234884999999,9.054625635,1.0,0.07595650818431116,0.00022502580028176992,0.003566849754304671,0.07216463262972471,0.07216463262972471,max_hold,20,0.3988703668068496,0.0018746402533548314
ADA/ALGO,ADA,ALGO,long,short,2024-11-29,2024-11-30 00:00:00+00:00,-2.011743535902553,1.143431819522058,0.12643846142436502,2024-11-30 01:00:00+00:00,2024-11-30 01:00:00+00:00,1.0608788319999998,0.427720986,2024-12-19,2024-12-20 01:00:00+00:00,2024-12-20 01:00:00+00:00,0.8849950560000001,0.3416406435,1.0,0.020610597981079518,0.00018164779355856497,0.0028791693063626167,0.017549780881158335,0.017549780881158335,max_hold,20,0.20132255028348023,0.4376194297840695
ALGO/DOT,ALGO,DOT,short,long,2024-12-02,2024-12-03 00:00:00+00:00,3.0048278982857886,-3.4557969796855703,0.15552453000714836,2024-12-03 01:00:00+00:00,2024-12-03 01:00:00+00:00,0.538744734,9.957758069999999,2024-12-22,2024-12-23 01:00:00+00:00,2024-12-23 01:00:00+00:00,0.3408393755,6.754277475,1.0,0.02544314560075972,0.00016554738323342207,0.0026239899431560465,0.02265360827437025,0.02265360827437025,max_hold,20,0.14135686382412047,0.39303606720382994
ADA/DOT,ADA,DOT,short,long,2025-01-11,2025-01-12 00:00:00+00:00,2.185467618292423,-2.068130759066586,0.07129135936577241,2025-01-12 01:00:00+00:00,2025-01-12 01:00:00+00:00,1.013590908,6.76871143,2025-01-31,2025-02-01 01:00:00+00:00,2025-02-01 01:00:00+00:00,0.9498030555,6.392851245,1.0,0.006777877123711921,0.00019407691988060748,0.003076136207659924,0.003507663996171389,0.003507663996171389,max_hold,20,0.15066146587810533,0.18935826165069644
ADA/ATOM,ADA,ATOM,short,long,2025-01-11,2025-01-12 00:00:00+00:00,2.0050293200334415,-2.046996951265944,0.0763566175549343,2025-01-12 01:00:00+00:00,2025-01-12 01:00:00+00:00,1.013590908,6.6294911149999995,2025-01-31,2025-02-01 01:00:00+00:00,2025-02-01 01:00:00+00:00,0.9498030555,6.26804937,1.0,0.007283065485807896,0.00019412735864446167,0.0030769369312138584,0.004012001195949575,0.004012001195949575,max_hold,20,0.15066146587810533,0.1666026993385599
BTC/ETH,BTC,ETH,short,long,2025-01-18,2025-01-19 00:00:00+00:00,2.4306011423745044,3.3222557335890035,0.053982968951427956,2025-01-19 01:00:00+00:00,2025-01-19 01:00:00+00:00,103925.7162405,3320.9353527999997,2025-02-07,2025-02-08 01:00:00+00:00,2025-02-08 01:00:00+00:00,96766.13160499999,2641.4865972,1.0,-0.06489901724715363,0.00018632565174326723,0.002953098539197105,-0.06803844143809401,-0.06803844143809401,max_hold,20,0.05832515741794648,0.37166497437516754
ETC/ETH,ETC,ETH,long,short,2025-02-06,2025-02-07 00:00:00+00:00,-2.088077966564466,-4.831646466923193,0.040495906351359266,2025-02-07 01:00:00+00:00,2025-02-07 01:00:00+00:00,19.724213405,2681.9523571500004,2025-02-10,2025-02-11 01:00:00+00:00,2025-02-11 01:00:00+00:00,20.803973355,2708.6664422999997,1.0,0.025612431393457556,0.0002032351775430574,0.003221341908247754,0.022187854307666746,0.022187854307666746,z_out,4,0.02378870048531608,0.04252411216252676
XLM/XRP,XLM,XRP,long,short,2025-01-29,2025-01-30 00:00:00+00:00,-2.025925627870276,-1.7872721551305613,0.13267422667587972,2025-01-30 01:00:00+00:00,2025-01-30 01:00:00+00:00,0.3951252825,3.073920102,2025-02-18,2025-02-19 01:00:00+00:00,2025-02-19 01:00:00+00:00,0.32259787065,2.5407206695,1.0,-0.0021611277561815467,0.0001821492705834621,0.002887060509508682,-0.005230337536273691,-0.005230337536273691,max_hold,20,0.33671670326486897,0.025888733395582567
BTC/ETH,BTC,ETH,short,long,2025-02-08,2025-02-09 00:00:00+00:00,2.259674059994624,3.393862412356683,0.09178503415789002,2025-02-09 01:00:00+00:00,2025-02-09 01:00:00+00:00,96367.11564150002,2640.1179649,2025-02-28,2025-03-01 01:00:00+00:00,2025-03-01 01:00:00+00:00,83949.849945,2211.39936765,1.0,-0.013827035766719717,0.00018543800413563214,0.0029391576289247573,-0.016951631399780107,-0.016951631399780107,max_hold,20,0.031799066913032345,0.21577746618665872
ADA/ALGO,ADA,ALGO,short,long,2025-02-17,2025-02-18 00:00:00+00:00,3.087385484942283,0.9409624736471558,0.050582000849978596,2025-02-18 01:00:00+00:00,2025-02-18 01:00:00+00:00,0.7898461065000001,0.2685249385,2025-02-28,2025-03-01 01:00:00+00:00,2025-03-01 01:00:00+00:00,0.6302974404999999,0.23442784200000003,1.0,0.04041960180801685,0.0001835510529444353,0.0029093857323033018,0.03732666502276911,0.03732666502276911,z_out,11,0.03589799742843949,0.22130137644552508
ADA/DOT,ADA,DOT,long,short,2025-02-27,2025-02-28 00:00:00+00:00,-2.1839591333856267,-1.8983802386624902,0.0622396884537626,2025-02-28 01:00:00+00:00,2025-02-28 01:00:00+00:00,0.6390112299999999,4.838319090000001,2025-03-02,2025-03-03 01:00:00+00:00,2025-03-03 01:00:00+00:00,1.0841788485000001,5.204235659999999,1.0,0.31429373808193023,0.0002386139779622318,0.003782821127287339,0.3102723029766807,0.3102723029766807,z_stop,3,0.09281719509060889,0.08446753973806205
ALGO/DOT,ALGO,DOT,long,short,2025-02-27,2025-02-28 00:00:00+00:00,-2.053073599503395,-2.860378280893549,0.08465956557118008,2025-02-28 01:00:00+00:00,2025-02-28 01:00:00+00:00,0.236173743,4.838319090000001,2025-03-02,2025-03-03 01:00:00+00:00,2025-03-03 01:00:00+00:00,0.292934961,5.204235659999999,1.0,0.08577453681865554,0.0002157982781293045,0.0034206181932850827,0.08213812034724116,0.08213812034724116,z_out,3,0.10108550890011513,0.08446753973806205
ADA/ATOM,ADA,ATOM,long,short,2025-02-28,2025-03-01 00:00:00+00:00,-2.2762706175150846,-1.8632034804093442,0.055937219827389556,2025-03-01 01:00:00+00:00,2025-03-01 01:00:00+00:00,0.6302974404999999,4.585720095,2025-03-02,2025-03-03 01:00:00+00:00,2025-03-03 01:00:00+00:00,1.0841788485000001,4.905763329999999,1.0,0.3289545334207755,0.00023949489841173195,0.003796820547628532,0.32491821797473525,0.32491821797473525,z_stop,2,0.008404667637231057,0.0792198166207525
ADA/DOT,ADA,DOT,short,long,2025-03-03,2025-03-04 00:00:00+00:00,2.99572641879216,-1.881406612300588,0.07667617505051272,2025-03-04 01:00:00+00:00,2025-03-04 01:00:00+00:00,0.8235925335000001,4.4570532499999995,2025-03-04,2025-03-05 01:00:00+00:00,2025-03-05 01:00:00+00:00,0.9298715139999999,4.30117182,1.0,-0.07876427702407197,0.0002047034527995796,0.003244351853287225,-0.08221333233015878,-0.08221333233015878,z_stop,1,0.1803166741554729,0.09985369818051872
ADA/ALGO,ADA,ALGO,short,long,2025-03-02,2025-03-03 00:00:00+00:00,4.656588726121455,0.9704905203517994,0.08364842533374119,2025-03-03 01:00:00+00:00,2025-03-03 01:00:00+00:00,1.0841788485000001,0.293865039,2025-03-04,2025-03-05 01:00:00+00:00,2025-03-05 01:00:00+00:00,0.9298715139999999,0.2361251475,1.0,-0.02417753228840311,0.00018305945788234373,0.002901431668034013,-0.027262023414319464,-0.027262023414319464,z_stop,2,0.020957014178459014,0.26360753651951085
ADA/ATOM,ADA,ATOM,short,long,2025-03-03,2025-03-04 00:00:00+00:00,3.190364407186273,-1.8479666480993366,0.07955647922078887,2025-03-04 01:00:00+00:00,2025-03-04 01:00:00+00:00,0.8235925335000001,4.186625299999999,2025-03-04,2025-03-05 01:00:00+00:00,2025-03-05 01:00:00+00:00,0.9298715139999999,4.12944444,1.0,-0.06808929857986751,0.00020576925865991666,0.0032612716941213676,-0.0715563395326488,-0.0715563395326488,z_stop,1,0.1803166741554729,0.0725226831261922
ADA/ATOM,ADA,ATOM,short,long,2025-03-05,2025-03-06 00:00:00+00:00,3.375238485979243,-1.8336422485733583,0.10164216180393816,2025-03-06 01:00:00+00:00,2025-03-06 01:00:00+00:00,0.9487937745000001,4.2907901399999995,2025-03-14,2025-03-15 01:00:00+00:00,2025-03-15 01:00:00+00:00,0.7444781304999999,4.270220955,1.0,0.10827017538481434,0.00018899318396925531,0.0029958139649539223,0.10508536823589117,0.10508536823589117,z_out,9,0.04111138431589685,0.21156712642208123
ATOM/DOT,ATOM,DOT,short,long,2025-03-14,2025-03-15 00:00:00+00:00,2.436651043884372,-0.033954295619617825,0.023630507920822642,2025-03-15 01:00:00+00:00,2025-03-15 01:00:00+00:00,4.270220955,4.221680774999999,2025-03-15,2025-03-16 01:00:00+00:00,2025-03-16 01:00:00+00:00,4.628324285000001,4.33112427,1.0,-0.025711288580903116,0.00020548923806232763,0.003256939830745896,-0.02917371764971134,-0.02917371764971134,z_stop,1,0.10462668084583916,0.008214921224118163
ADA/DOT,ADA,DOT,short,long,2025-03-05,2025-03-06 00:00:00+00:00,3.3843523412644516,-1.8668977602227985,0.09789379601553713,2025-03-06 01:00:00+00:00,2025-03-06 01:00:00+00:00,0.9487937745000001,4.4871008,2025-03-16,2025-03-17 01:00:00+00:00,2025-03-17 01:00:00+00:00,0.715532324,4.3800466049999995,1.0,0.11395270093658261,0.0001865145630756842,0.0029565420995736336,0.11080964427393329,0.11080964427393329,z_out,11,0.04111138431589685,0.1861114419359601
ETC/ETH,ETC,ETH,short,long,2025-02-28,2025-03-01 00:00:00+00:00,3.000377956993604,-4.848994698379569,0.03654845521773684,2025-03-01 01:00:00+00:00,2025-03-01 01:00:00+00:00,19.384227225,2218.42063235,2025-03-20,2025-03-21 01:00:00+00:00,2025-03-21 01:00:00+00:00,17.977449165,1987.3250892,1.0,-0.012769034344323658,0.00019116277305175934,0.003029897874182959,-0.015990094991558377,-0.015990094991558377,max_hold,20,0.10357765371273393,0.20974409702325086
ADA/ALGO,ADA,ALGO,short,long,2025-03-05,2025-03-06 00:00:00+00:00,3.183823489002562,0.9904993059898767,0.11587878606791525,2025-03-06 01:00:00+00:00,2025-03-06 01:00:00+00:00,0.9487937745000001,0.24709101949999998,2025-03-25,2025-03-26 01:00:00+00:00,2025-03-26 01:00:00+00:00,0.7500870064999999,0.21276223650000003,1.0,0.03814362088140562,0.00018258186667480356,0.0028940184121534346,0.03506702060257738,0.03506702060257738,max_hold,20,0.04111138431589685,0.29782959999483105
BTC/ETH,BTC,ETH,short,long,2025-03-10,2025-03-11 00:00:00+00:00,2.010063920914919,3.542332314152081,0.09895452269029985,2025-03-11 01:00:00+00:00,2025-03-11 01:00:00+00:00,77507.6553405,1815.9837793499998,2025-03-30,2025-03-31 01:00:00+00:00,2025-03-31 01:00:00+00:00,81737.148363,1782.4103946,1.0,-0.033329702086966624,0.00020180405007467903,0.003198510461972781,-0.036730016599014086,-0.036730016599014086,max_hold,20,0.14495658022607286,0.027397700307548088
ALGO/DOT,ALGO,DOT,long,short,2025-03-10,2025-03-11 00:00:00+00:00,-2.1865215313975814,-2.859902307540329,0.08566751863716139,2025-03-11 01:00:00+00:00,2025-03-11 01:00:00+00:00,0.177881496,3.7260847800000003,2025-03-30,2025-03-31 01:00:00+00:00,2025-03-31 01:00:00+00:00,0.1762202475,4.00033049,1.0,-0.038249492903236704,0.00020321312505875932,0.0032208319408488575,-0.041673537969144324,-0.041673537969144324,max_hold,20,0.017323308322075216,0.28070086478279216
ATOM/DOT,ATOM,DOT,short,long,2025-03-16,2025-03-17 00:00:00+00:00,3.4042288742166056,-0.0294550143845804,0.0292426940162777,2025-03-17 01:00:00+00:00,2025-03-17 01:00:00+00:00,4.629650355,4.393953395,2025-04-04,2025-04-05 01:00:00+00:00,2025-04-05 01:00:00+00:00,4.99790915,4.026607695000001,1.0,-0.07840645959398759,0.0001997970497770723,0.0031665862642985265,-0.08177284290806319,-0.08177284290806319,z_stop,19,0.0994350781809742,0.12538899379928442
ATOM/DOT,ATOM,DOT,short,long,2025-04-05,2025-04-06 00:00:00+00:00,3.045762254019646,0.0057946026650355425,0.06199034305746194,2025-04-06 01:00:00+00:00,2025-04-06 01:00:00+00:00,4.781409435,3.965275015,2025-04-19,2025-04-20 01:00:00+00:00,2025-04-20 01:00:00+00:00,4.22067919,3.8678597100000003,1.0,0.0494106679126128,0.00019290799486481374,0.003057715849322462,0.046160044068425526,0.046160044068425526,z_out,14,0.009953250322307976,0.1813934751761474
BTC/ETH,BTC,ETH,short,long,2025-04-06,2025-04-07 00:00:00+00:00,2.1749997492371507,3.6925130536279824,0.09736487306121397,2025-04-07 01:00:00+00:00,2025-04-07 01:00:00+00:00,78171.701157,1574.5517151,2025-04-26,2025-04-27 01:00:00+00:00,2025-04-27 01:00:00+00:00,94975.59810049999,1838.2417614,1.0,-0.020272706412785668,0.00021912156500888017,0.0034730258757908056,-0.023964853853585353,-0.023964853853585353,max_hold,20,0.22495735135252706,0.12101331018390755
XLM/XRP,XLM,XRP,short,long,2025-04-26,2025-04-27 00:00:00+00:00,2.0544625367617413,-2.117954665219709,0.04750769934050397,2025-04-27 01:00:00+00:00,2025-04-27 01:00:00+00:00,0.29232592785,2.2028860489999995,2025-05-05,2025-05-06 01:00:00+00:00,2025-05-06 01:00:00+00:00,0.2578680741,2.1237285465,1.0,0.04401883438212276,0.00019230958392302627,0.003048217490396035,0.04077830730780369,0.04077830730780369,z_out,9,0.0059319820268894695,0.04429918154155025
ETC/ETH,ETC,ETH,long,short,2025-05-08,2025-05-09 00:00:00+00:00,-2.541136876934208,-4.686033767687371,0.034692865578128784,2025-05-09 01:00:00+00:00,2025-05-09 01:00:00+00:00,18.618463565,2196.68273055,2025-05-28,2025-05-29 01:00:00+00:00,2025-05-29 01:00:00+00:00,18.74224638,2725.52311785,1.0,-0.11368253187643886,0.0002123696695974166,0.0033657736670202887,-0.11726067521305657,-0.11726067521305657,max_hold,20,0.06769965526959412,0.24668891047107241
BTC/ETH,BTC,ETH,long,short,2025-05-13,2025-05-14 00:00:00+00:00,-2.131151413306354,3.8732828803086448,0.10013057019735351,2025-05-14 01:00:00+00:00,2025-05-14 01:00:00+00:00,104026.220636,2690.5686786,2025-06-02,2025-06-03 01:00:00+00:00,2025-06-03 01:00:00+00:00,106063.5224385,2624.9339363,1.0,0.025155690424073368,0.00019975950636830664,0.0031662513726919035,0.02178967954501316,0.02178967954501316,max_hold,20,0.026110922990313895,0.036539235062810184
ETC/ETH,ETC,ETH,long,short,2025-05-30,2025-05-31 00:00:00+00:00,-2.0503275778981878,-4.7627339012300824,0.1191222187942721,2025-05-31 01:00:00+00:00,2025-05-31 01:00:00+00:00,16.746501199999997,2514.59803485,2025-06-19,2025-06-20 01:00:00+00:00,2025-06-20 01:00:00+00:00,16.685511480000002,2528.5814593,1.0,-0.0014299010952951773,0.0002000959480224719,0.0031715171839227785,-0.004801514227240428,-0.004801514227240428,max_hold,20,0.0471442476593258,0.1448350631403103
ADA/ALGO,ADA,ALGO,short,long,2025-06-12,2025-06-13 00:00:00+00:00,2.2725982496998487,1.211678695208094,0.038237527036090097,2025-06-13 01:00:00+00:00,2025-06-13 01:00:00+00:00,0.631996695,0.1723727785,2025-06-20,2025-06-21 01:00:00+00:00,2025-06-21 01:00:00+00:00,0.580518666,0.1664357805,1.0,0.026583330210279324,0.00019420521073523628,0.0030782193734602004,0.023310905626083886,0.023310905626083886,z_out,8,0.03987885569559823,0.06713808642354739
ATOM/DOT,ATOM,DOT,short,long,2025-06-18,2025-06-19 00:00:00+00:00,2.4766963605736305,0.0542599459863075,0.019605107452273937,2025-06-19 01:00:00+00:00,2025-06-19 01:00:00+00:00,4.0136283,3.6327487949999995,2025-06-22,2025-06-23 01:00:00+00:00,2025-06-23 01:00:00+00:00,3.7258962,3.14101359,1.0,-0.02883064296348673,0.00018964747410373976,0.0030058400354821893,-0.03202613047307266,-0.03202613047307266,z_stop,4,0.016785734742801345,0.17004996212516793
XLM/XRP,XLM,XRP,long,short,2025-06-18,2025-06-19 00:00:00+00:00,-2.040145726632559,-2.0992681307124594,0.025783873476512002,2025-06-19 01:00:00+00:00,2025-06-19 01:00:00+00:00,0.25222915055,2.1716524665000003,2025-07-08,2025-07-09 01:00:00+00:00,2025-07-09 01:00:00+00:00,0.25904875590000004,2.3069507305,1.0,-0.014391558202149874,0.0002044669663657168,0.0032407652620642154,-0.017836790430579806,-0.017836790430579806,max_hold,20,0.14133636208291156,0.08350670114001865
ADA/ATOM,ADA,ATOM,long,short,2025-06-19,2025-06-20 00:00:00+00:00,-2.1894541636972478,-1.8515236211375443,0.023323134152503307,2025-06-20 01:00:00+00:00,2025-06-20 01:00:00+00:00,0.6034549625,4.02760611,2025-07-09,2025-07-10 01:00:00+00:00,2025-07-10 01:00:00+00:00,0.6168207870000001,4.309820255,1.0,-0.02071752436834779,0.00020461093908808972,0.0032430313374634534,-0.024165166644899334,-0.024165166644899334,max_hold,20,0.155860782236918,0.08277718349175908
ATOM/DOT,ATOM,DOT,short,long,2025-06-23,2025-06-24 00:00:00+00:00,3.4999194578960275,0.06072045777598088,0.032868732749475535,2025-06-24 01:00:00+00:00,2025-06-24 01:00:00+00:00,4.055561730000001,3.4184096049999995,2025-07-13,2025-07-14 01:00:00+00:00,2025-07-14 01:00:00+00:00,4.70143999,3.9946584150000004,1.0,0.008087217359295434,0.00021639148027667316,0.0034298252792947653,0.004441000599723996,0.004441000599723996,max_hold,20,0.18158724216977923,0.051898287654150034
XLM/XRP,XLM,XRP,short,long,2025-07-11,2025-07-12 00:00:00+00:00,2.111008150070243,-2.139160148209101,0.053117102807640613,2025-07-12 01:00:00+00:00,2025-07-12 01:00:00+00:00,0.35485665930000004,2.726114053,2025-07-13,2025-07-14 01:00:00+00:00,2025-07-14 01:00:00+00:00,0.50012143805,2.8415889315,1.0,-0.17997399643540524,0.0002225860317699647,0.00352753646838061,-0.18372411893555582,-0.18372411893555582,z_stop,2,0.4114431471795122,0.02311497309903631
ALGO/DOT,ALGO,DOT,short,long,2025-06-30,2025-07-01 00:00:00+00:00,2.768167865767347,-3.021332097467831,0.040999754592876414,2025-07-01 01:00:00+00:00,2025-07-01 01:00:00+00:00,0.187502337,3.404387415,2025-07-13,2025-07-14 01:00:00+00:00,2025-07-14 01:00:00+00:00,0.2667220855,3.9946584150000004,1.0,-0.12091540502863246,0.00022979427188213336,0.003641935442628391,-0.12478713474314299,-0.12478713474314299,z_stop,13,0.4549151992702896,0.04799319086896574
ADA/ALGO,ADA,ALGO,long,short,2025-06-29,2025-06-30 00:00:00+00:00,-2.6904948858342053,1.2258237350265382,0.034436896864589096,2025-06-30 01:00:00+00:00,2025-06-30 01:00:00+00:00,0.5781148620000001,0.18490645800000002,2025-07-13,2025-07-14 01:00:00+00:00,2025-07-14 01:00:00+00:00,0.740224881,0.2667220855,1.0,-0.07728677326319056,0.00023614408995735548,0.003742689664060078,-0.08126560701720799,-0.08126560701720799,z_stop,14,0.07267563033174546,0.4753405746380148
ALGO/DOT,ALGO,DOT,short,long,2025-07-14,2025-07-15 00:00:00+00:00,4.415704333879032,-2.9960618972511037,0.07891323347532193,2025-07-15 01:00:00+00:00,2025-07-15 01:00:00+00:00,0.28065445650000004,3.917198935,2025-07-15,2025-07-16 01:00:00+00:00,2025-07-16 01:00:00+00:00,0.28635315149999996,4.10548248,1.0,0.017104646942580102,0.0002034185442353471,0.0032242268968518378,0.013677001501492918,0.013677001501492918,z_stop,1,0.0507583014275063,0.029663781934016045
ADA/ALGO,ADA,ALGO,long,short,2025-07-14,2025-07-15 00:00:00+00:00,-4.280681388127449,1.2117464351095255,0.057320783232057214,2025-07-15 01:00:00+00:00,2025-07-15 01:00:00+00:00,0.7291538799999999,0.28065445650000004,2025-07-15,2025-07-16 01:00:00+00:00,2025-07-16 01:00:00+00:00,0.7484118840000001,0.28635315149999996,1.0,0.006260247402358593,0.00020233582311865212,0.0032070385235804712,0.0028508730556594695,0.0028508730556594695,z_stop,1,0.025720057884077763,0.0507583014275063
BTC/ETH,BTC,ETH,long,short,2025-07-15,2025-07-16 00:00:00+00:00,-2.90137164715176,3.732945151395782,0.037245794722543434,2025-07-16 01:00:00+00:00,2025-07-16 01:00:00+00:00,118301.71148249999,3137.3494069500002,2025-07-16,2025-07-17 01:00:00+00:00,2025-07-17 01:00:00+00:00,118672.90483950001,3381.04046865,1.0,-0.03403429327358771,0.00020404059349225868,0.003233957905049746,-0.03747229177212971,-0.03747229177212971,z_stop,1,0.010840176920768288,0.09118225480919759
ADA/DOT,ADA,DOT,short,long,2025-07-10,2025-07-11 00:00:00+00:00,2.068943629954545,-1.79341617820623,0.022761179990640912,2025-07-11 01:00:00+00:00,2025-07-11 01:00:00+00:00,0.672132978,3.84808957,2025-07-17,2025-07-18 01:00:00+00:00,2025-07-18 01:00:00+00:00,0.8574569184999999,4.3441036650000004,1.0,-0.06992267138590587,0.00022023119516270163,0.003490488781845588,-0.07363339136291416,-0.07363339136291416,z_stop,7,0.2737062873293503,0.01353647545163564
ALGO/DOT,ALGO,DOT,short,long,2025-07-16,2025-07-17 00:00:00+00:00,3.1085209108520506,-2.98315925254083,0.09716721110600265,2025-07-17 01:00:00+00:00,2025-07-17 01:00:00+00:00,0.28315049400000003,4.17059994,2025-07-17,2025-07-18 01:00:00+00:00,2025-07-18 01:00:00+00:00,0.33533065799999995,4.3441036650000004,1.0,-0.06799244802065774,0.00021129429143949114,0.0033488437069880694,-0.07155258601908529,-0.07155258601908529,z_stop,1,0.18488226970919566,0.024600762834135603
ETC/ETH,ETC,ETH,long,short,2025-07-15,2025-07-16 00:00:00+00:00,-2.0808628189989826,-5.003649104296849,0.048256316944452544,2025-07-16 01:00:00+00:00,2025-07-16 01:00:00+00:00,19.3506222,3137.3494069500002,2025-07-18,2025-07-19 01:00:00+00:00,2025-07-19 01:00:00+00:00,22.565177415,3527.21178355,1.0,0.024328519165809026,0.00021451932160518217,0.00340019236615606,0.020713807478047783,0.020713807478047783,z_out,3,0.016310700335000077,0.17118290741231384
BTC/ETH,BTC,ETH,long,short,2025-07-17,2025-07-18 00:00:00+00:00,-3.832272405418154,3.726500638294548,0.050092022212459536,2025-07-18 01:00:00+00:00,2025-07-18 01:00:00+00:00,119922.67664649998,3531.7532844,2025-07-18,2025-07-19 01:00:00+00:00,2025-07-19 01:00:00+00:00,117526.624578,3527.21178355,1.0,-0.006193903484590529,0.00019893670598209145,0.0031531312293368438,-0.009545971419909463,-0.009545971419909463,z_stop,1,0.02613164360680111,0.04039260506392796
BTC/ETH,BTC,ETH,long,short,2025-07-19,2025-07-20 00:00:00+00:00,-3.507626478930115,3.7184501932297214,0.06496061567691247,2025-07-20 01:00:00+00:00,2025-07-20 01:00:00+00:00,118099.3913125,3584.5993903500002,2025-07-20,2025-07-21 01:00:00+00:00,2025-07-21 01:00:00+00:00,117137.5422525,3752.0576002,1.0,-0.024229703492431802,0.00020192858074311772,0.003200507134311477,-0.027632139207486396,-0.027632139207486396,z_stop,1,0.01439034777074353,0.06679982435265101
XLM/XRP,XLM,XRP,short,long,2025-07-14,2025-07-15 00:00:00+00:00,3.350230474086152,-2.1268161931238834,0.08157260229165939,2025-07-15 01:00:00+00:00,2025-07-15 01:00:00+00:00,0.4525216146,2.9131099725,2025-08-01,2025-08-02 01:00:00+00:00,2025-08-02 01:00:00+00:00,0.38649161979999996,2.9732798700000003,1.0,0.08635621623386826,0.00019373695979971206,0.003070947759070658,0.08309153151499789,0.08309153151499789,z_out,18,0.1508179569727893,0.037351824519903196
ADA/ALGO,ADA,ALGO,long,short,2025-07-16,2025-07-17 00:00:00+00:00,-3.0285784115994785,1.2033254453300308,0.07116851042039662,2025-07-17 01:00:00+00:00,2025-07-17 01:00:00+00:00,0.7647101474999999,0.28315049400000003,2025-08-02,2025-08-03 01:00:00+00:00,2025-08-03 01:00:00+00:00,0.7017859035,0.22946312349999998,1.0,0.05661571888584788,0.00018640538578091446,0.002954667596051723,0.05347464590401524,0.05347464590401524,z_out,17,0.10567421887127494,0.18700128420047882
ADA/ATOM,ADA,ATOM,short,long,2025-07-17,2025-07-18 00:00:00+00:00,2.322248684967025,-1.8877773188164468,0.047788353644570944,2025-07-18 01:00:00+00:00,2025-07-18 01:00:00+00:00,0.8547430815,4.934809294999999,2025-08-06,2025-08-07 01:00:00+00:00,2025-08-07 01:00:00+00:00,0.7412730584999999,4.300173405000001,1.0,0.005037603970986071,0.00018693213487948343,0.002962886993434319,0.0018877848426722688,0.0018877848426722688,max_hold,20,0.09272601348338617,0.18862112786062582
ADA/DOT,ADA,DOT,short,long,2025-07-18,2025-07-19 00:00:00+00:00,3.15192213353334,-1.773603401649217,0.040665459735770175,2025-07-19 01:00:00+00:00,2025-07-19 01:00:00+00:00,0.8064197955,4.17059994,2025-08-07,2025-08-08 01:00:00+00:00,2025-08-08 01:00:00+00:00,0.7899500894999999,3.8598723900000005,1.0,-0.02394581012943268,0.00019525362388792257,0.0030947097813606404,-0.027235773534681245,-0.027235773534681245,max_hold,20,0.15820569536105847,0.17877522436256496
ALGO/DOT,ALGO,DOT,short,long,2025-07-18,2025-07-19 00:00:00+00:00,2.6120898547566256,-2.96950276496008,0.11587702110483862,2025-07-19 01:00:00+00:00,2025-07-19 01:00:00+00:00,0.28824241050000005,4.17059994,2025-08-07,2025-08-08 01:00:00+00:00,2025-08-08 01:00:00+00:00,0.2645185985,3.8598723900000005,1.0,0.006946140916637589,0.00019215953240907471,0.0030457460389525653,0.0037082353452759487,0.0037082353452759487,max_hold,20,0.08068760408871181,0.17877522436256496
BTC/ETH,BTC,ETH,long,short,2025-07-21,2025-07-22 00:00:00+00:00,-3.2736606237585546,3.7081910403295413,0.08182596614344533,2025-07-22 01:00:00+00:00,2025-07-22 01:00:00+00:00,117258.76102199999,3735.51980175,2025-08-10,2025-08-11 01:00:00+00:00,2025-08-11 01:00:00+00:00,118904.23759500001,4267.353051,1.0,-0.06087574516768775,0.00020782024098404568,0.0032937978860280576,-0.06437736329469985,-0.06437736329469985,max_hold,20,0.04608577623454593,0.15967528748490847
ETC/ETH,ETC,ETH,long,short,2025-07-24,2025-07-25 00:00:00+00:00,-2.221559965915089,-5.026675981385243,0.0396645206097602,2025-07-25 01:00:00+00:00,2025-07-25 01:00:00+00:00,22.093963515,3652.7212458000004,2025-08-13,2025-08-14 01:00:00+00:00,2025-08-14 01:00:00+00:00,24.032847465000003,4722.26294215,1.0,-0.0990539253718951,0.00021902815483205502,0.0034713474083402085,-0.10274430093506737,-0.10274430093506737,max_hold,20,0.1436574977977643,0.30962361431232077
ADA/ATOM,ADA,ATOM,short,long,2025-08-14,2025-08-15 00:00:00+00:00,2.6824971577838954,-1.8384931921027061,0.09415493101982918,2025-08-15 01:00:00+00:00,2025-08-15 01:00:00+00:00,0.9232343505,4.52115469,2025-08-28,2025-08-29 01:00:00+00:00,2025-08-29 01:00:00+00:00,0.8560546995,4.780411020000001,1.0,0.06821219471288663,0.00019922887004083427,0.00315794895452802,0.06485501688831777,0.06485501688831777,z_out,14,0.06928430410475714,0.05709928274982346
BTC/ETH,BTC,ETH,long,short,2025-08-12,2025-08-13 00:00:00+00:00,-2.0727286818622823,3.6002597550356077,0.16201972254117428,2025-08-13 01:00:00+00:00,2025-08-13 01:00:00+00:00,119854.9695005,4605.5286486,2025-09-01,2025-09-02 01:00:00+00:00,2025-09-02 01:00:00+00:00,108812.55829950001,4309.3194625,1.0,-0.01086173241033761,0.00019217762782735415,0.003045988113947705,-0.01409989815211267,-0.01409989815211267,max_hold,20,0.10548389902554067,0.07604585230545986
ETC/ETH,ETC,ETH,long,short,2025-08-14,2025-08-15 00:00:00+00:00,-2.682521783345635,-5.09236808522755,0.08597868440293534,2025-08-15 01:00:00+00:00,2025-08-15 01:00:00+00:00,22.206141034999998,4553.6110686,2025-09-03,2025-09-04 01:00:00+00:00,2025-09-04 01:00:00+00:00,20.841913125,4473.5593708,1.0,-0.018820109171336995,0.00019604927294764493,0.0031073336958713574,-0.022123492140155996,-0.022123492140155996,max_hold,20,0.09664628499014663,0.0883142906457402
ADA/DOT,ADA,DOT,short,long,2025-08-14,2025-08-15 00:00:00+00:00,2.6581247910428196,-1.6889136778908977,0.08616033952141006,2025-08-15 01:00:00+00:00,2025-08-15 01:00:00+00:00,0.9232343505,3.9833035449999996,2025-09-03,2025-09-04 01:00:00+00:00,2025-09-04 01:00:00+00:00,0.8408306074999999,3.8638660500000004,1.0,0.03271106784304365,0.00019403799840093616,0.0030755844522171068,0.02944144539242561,0.02944144539242561,max_hold,20,0.06928430410475714,0.09371707196871429
ADA/ALGO,ADA,ALGO,short,long,2025-08-14,2025-08-15 00:00:00+00:00,2.0953180782221836,1.1358180069377644,0.07574984030249964,2025-08-15 01:00:00+00:00,2025-08-15 01:00:00+00:00,0.9232343505,0.25360132199999996,2025-09-03,2025-09-04 01:00:00+00:00,2025-09-04 01:00:00+00:00,0.8408306074999999,0.233030061,1.0,0.007104479237987495,0.00019148139818472444,0.003034998009278096,0.003877999830524674,0.003877999830524674,max_hold,20,0.06928430410475714,0.12658184013725277
ATOM/DOT,ATOM,DOT,long,short,2025-09-07,2025-09-08 00:00:00+00:00,-2.064791878956922,0.14755338695762424,0.015281579008088369,2025-09-08 01:00:00+00:00,2025-09-08 01:00:00+00:00,4.4911071399999996,3.990664755,2025-09-27,2025-09-28 01:00:00+00:00,2025-09-28 01:00:00+00:00,4.086512595,3.865116515,1.0,-0.026240116551294133,0.00019392257936580787,0.003073606961871138,-0.02950764609253108,-0.02950764609253108,max_hold,20,0.1236014022145995,0.22260332539509436
ALGO/DOT,ALGO,DOT,long,short,2025-09-07,2025-09-08 00:00:00+00:00,-2.031864976210148,-2.7389407979714693,0.05532957796960393,2025-09-08 01:00:00+00:00,2025-09-08 01:00:00+00:00,0.23106565949999996,3.990664755,2025-09-27,2025-09-28 01:00:00+00:00,2025-09-28 01:00:00+00:00,0.2041758675,3.865116515,1.0,-0.0394034896185784,0.00019260832845371058,0.0030527430155595087,-0.04264884096259162,-0.04264884096259162,max_hold,20,0.13617626941228786,0.22260332539509436
ATOM/DOT,ATOM,DOT,long,short,2025-10-01,2025-10-02 00:00:00+00:00,-2.149527627232459,0.11203662315730635,0.05076912852081027,2025-10-02 01:00:00+00:00,2025-10-02 01:00:00+00:00,4.14255556,4.096496745,2025-10-12,2025-10-13 01:00:00+00:00,2025-10-13 01:00:00+00:00,3.45850956,3.21709102,1.0,0.027642106834099317,0.00018101003994869637,0.0028690785763786225,0.024592018217772,0.024592018217772,z_out,11,0.6461121694647832,0.08336470800735377
ETC/ETH,ETC,ETH,long,short,2025-10-10,2025-10-11 00:00:00+00:00,-3.850758159660545,-5.3684290918232715,0.056762314614781095,2025-10-11 01:00:00+00:00,2025-10-11 01:00:00+00:00,14.4628874,3827.63356965,2025-10-30,2025-10-31 01:00:00+00:00,2025-10-31 01:00:00+00:00,15.430503825,3835.5096624,1.0,0.0356475979015645,0.00020344805491400716,0.003224741225173605,0.03221940862147689,0.03221940862147689,max_hold,20,0.042653128862774635,0.12105820003882199
BTC/ETH,BTC,ETH,short,long,2025-10-10,2025-10-11 00:00:00+00:00,2.8451950483724655,3.262231223796313,0.04305150504752716,2025-10-11 01:00:00+00:00,2025-10-11 01:00:00+00:00,112285.145511,3839.78643035,2025-10-30,2025-10-31 01:00:00+00:00,2025-10-31 01:00:00+00:00,109441.991048,3823.3703376000003,1.0,0.013669369616206012,0.0001985201947880416,0.003146579427922477,0.010324269993495493,0.010324269993495493,max_hold,20,0.0366357853505833,0.051887372895330346
ADA/ATOM,ADA,ATOM,short,long,2025-10-10,2025-10-11 00:00:00+00:00,2.693407053381988,-1.6391379214311395,0.04160347739249423,2025-10-11 01:00:00+00:00,2025-10-11 01:00:00+00:00,0.64297926,2.937648805,2025-10-30,2025-10-31 01:00:00+00:00,2025-10-31 01:00:00+00:00,0.607962095,2.95930206,1.0,0.03404864065095205,0.00019764550736394343,0.0031327668295646934,0.03071822831402341,0.03071822831402341,max_hold,20,0.14404934305346018,0.03528291224723159
ADA/ATOM,ADA,ATOM,short,long,2025-11-03,2025-11-04 00:00:00+00:00,2.9441790779655848,-1.6137948213660895,0.03505953583016963,2025-11-04 01:00:00+00:00,2025-11-04 01:00:00+00:00,0.554320008,2.51998786,2025-11-06,2025-11-07 01:00:00+00:00,2025-11-07 01:00:00+00:00,0.5383519375,2.7126935550000004,1.0,0.055846651564576744,0.00020238321449688829,0.003207914249129862,0.052436354100949996,0.052436354100949996,z_out,3,0.015658810569218914,0.07142409805101213
ADA/DOT,ADA,DOT,long,short,2025-11-07,2025-11-08 00:00:00+00:00,-4.686396656434383,-1.5736282668532608,0.03348892393658819,2025-11-08 01:00:00+00:00,2025-11-08 01:00:00+00:00,0.57490979,3.18893751,2025-11-08,2025-11-09 01:00:00+00:00,2025-11-09 01:00:00+00:00,0.5595117660000001,3.25515125,1.0,-0.020608296536924278,0.00019969900999366796,0.0031651775357217915,-0.023973173082639736,-0.023973173082639736,z_stop,1,0.03689237923744525,0.10538384303429005
ATOM/DOT,ATOM,DOT,long,short,2025-11-07,2025-11-08 00:00:00+00:00,-2.722462545997934,0.0356626218773258,0.03701623506536728,2025-11-08 01:00:00+00:00,2025-11-08 01:00:00+00:00,3.02879304,3.18893751,2025-11-13,2025-11-14 01:00:00+00:00,2025-11-14 01:00:00+00:00,2.8584621450000003,2.843499815,1.0,0.029082928384034874,0.0001917719511929375,0.003039658489267738,0.0258514979435742,0.0258514979435742,z_out,6,0.08742526693075083,0.10538384303429005
XLM/XRP,XLM,XRP,long,short,2025-10-27,2025-10-28 00:00:00+00:00,-2.3095755242751097,-2.039900825332784,0.02579488011095411,2025-10-28 01:00:00+00:00,2025-10-28 01:00:00+00:00,0.32344184405,2.6333195625,2025-11-16,2025-11-17 01:00:00+00:00,2025-11-17 01:00:00+00:00,0.2555742717,2.2438508754999997,1.0,-0.028078078583400168,0.00018211352178082294,0.0028864287817749745,-0.031146620886955967,-0.031146620886955967,max_hold,20,0.23077361641081082,0.020612932160982308
ADA/ATOM,ADA,ATOM,long,short,2025-11-13,2025-11-14 00:00:00+00:00,-2.3674702822840916,-1.6096648274826335,0.03310560480650486,2025-11-14 01:00:00+00:00,2025-11-14 01:00:00+00:00,0.526232759,2.8584621450000003,2025-11-20,2025-11-21 01:00:00+00:00,2025-11-21 01:00:00+00:00,0.43530894000000003,2.7874110549999997,1.0,-0.07094986201936564,0.00019011805410283278,0.0030131929155126774,-0.07415317298898115,-0.07415317298898115,z_stop,7,0.18572154114031506,0.09534422398306747
BTC/ETH,BTC,ETH,short,long,2025-11-03,2025-11-04 00:00:00+00:00,2.0086264768681406,3.3007477012264768,0.042948235246806875,2025-11-04 01:00:00+00:00,2025-11-04 01:00:00+00:00,106262.40670650001,3621.76140755,2025-11-23,2025-11-24 01:00:00+00:00,2025-11-24 01:00:00+00:00,86839.222353,2782.582605,1.0,-0.02161829208738196,0.00017927551479724393,0.0028414625995224346,-0.024639030201701637,-0.024639030201701637,max_hold,20,0.011544941729848305,0.2765039699916165
ETC/ETH,ETC,ETH,short,long,2025-11-07,2025-11-08 00:00:00+00:00,2.973025781524784,-5.446200761967473,0.06381726096558965,2025-11-08 01:00:00+00:00,2025-11-08 01:00:00+00:00,17.88360948,3428.4254549999996,2025-11-27,2025-11-28 01:00:00+00:00,2025-11-28 01:00:00+00:00,13.880966514999999,3008.7236025,1.0,0.05359475811057512,0.00018268827333177198,0.00289574377439962,0.050516326062843724,0.050516326062843724,max_hold,20,0.021438095057307132,0.23570454297656585
ADA/ALGO,ADA,ALGO,long,short,2025-11-07,2025-11-08 00:00:00+00:00,-2.7282098521282436,1.2888980872177476,0.04799495014322303,2025-11-08 01:00:00+00:00,2025-11-08 01:00:00+00:00,0.57490979,0.17911565100000001,2025-11-27,2025-11-28 01:00:00+00:00,2025-11-28 01:00:00+00:00,0.42961797450000005,0.1447290325,1.0,-0.027553039912007443,0.00017776494782156392,0.002817505203536047,-0.030548310063365055,-0.030548310063365055,max_hold,20,0.3259812117654145,0.07249142622383109
ADA/DOT,ADA,DOT,long,short,2025-11-09,2025-11-10 00:00:00+00:00,-3.198737677464142,-1.5792399882527148,0.043996029468412086,2025-11-10 01:00:00+00:00,2025-11-10 01:00:00+00:00,0.5878302365,3.22887411,2025-11-29,2025-11-30 01:00:00+00:00,2025-11-30 01:00:00+00:00,0.41354349300000004,2.2585741749999997,1.0,0.004704679146272928,0.00017015005836211065,0.002696890244251987,0.0018376388436588298,0.0018376388436588298,max_hold,20,0.3407960735275991,0.047733632451839376
ADA/ATOM,ADA,ATOM,long,short,2025-11-21,2025-11-22 00:00:00+00:00,-2.845998561957066,-1.6292527874589728,0.06558768094389297,2025-11-22 01:00:00+00:00,2025-11-22 01:00:00+00:00,0.40914747249999994,2.489048595,2025-12-02,2025-12-03 01:00:00+00:00,2025-12-03 01:00:00+00:00,0.4338113175,2.370751695,1.0,0.057084260456436275,0.00020063770546442688,0.003180251040117342,0.05370337171085451,0.05370337171085451,z_out,11,0.09396971772812301,0.03091599141719448
XLM/XRP,XLM,XRP,long,short,2025-11-17,2025-11-18 00:00:00+00:00,-2.06332973992183,-2.0628975385909873,0.05177689939122524,2025-11-18 01:00:00+00:00,2025-11-18 01:00:00+00:00,0.2474315584,2.1479900310000004,2025-12-04,2025-12-05 01:00:00+00:00,2025-12-05 01:00:00+00:00,0.25206983505,2.1066337305,1.0,0.022169245066581404,0.00019997461036984492,0.003169653268493687,0.018799617187717874,0.018799617187717874,z_out,17,0.12395976729215796,0.06369208749833333
ALGO/DOT,ALGO,DOT,short,long,2025-12-25,2025-12-26 00:00:00+00:00,2.733181994750481,-2.804332506148197,0.042970836359820304,2025-12-26 01:00:00+00:00,2025-12-26 01:00:00+00:00,0.11431851750000001,1.6606279299999998,2025-12-31,2026-01-01 01:00:00+00:00,2026-01-01 01:00:00+00:00,0.11067514249999999,1.776180285,1.0,0.05392698040878312,0.00020188565737091802,0.0032000231460373035,0.050525071605374894,0.050525071605374894,z_out,6,0.06719368539746842,0.0021846736011478045
ATOM/DOT,ATOM,DOT,short,long,2025-12-24,2025-12-25 00:00:00+00:00,2.0729202119136088,0.034809429258396224,0.04689457976297184,2025-12-25 01:00:00+00:00,2025-12-25 01:00:00+00:00,1.9848490200000002,1.73474522,2026-01-01,2026-01-02 01:00:00+00:00,2026-01-02 01:00:00+00:00,2.06927461,1.99083951,1.0,0.05586656233393787,0.00020950807376235458,0.003320843318507835,0.05233621094166768,0.05233621094166768,z_out,8,0.06305314849589903,0.04885168094021326
XLM/XRP,XLM,XRP,long,short,2025-12-31,2026-01-01 00:00:00+00:00,-2.723509563286872,-2.1455344140377077,0.025892778112594474,2026-01-01 01:00:00+00:00,2026-01-01 01:00:00+00:00,0.20255053455,1.8411771015000002,2026-01-20,2026-01-21 01:00:00+00:00,2026-01-21 01:00:00+00:00,0.21123466155,1.9155313125,1.0,0.004480901192596028,0.00020416289704410808,0.003235993175181036,0.0010407451203708843,0.0010407451203708843,max_hold,20,0.002520529265125047,0.31242127551519494
ATOM/DOT,ATOM,DOT,short,long,2026-01-08,2026-01-09 00:00:00+00:00,2.0443939517976464,0.06037255786777938,0.04514174271888243,2026-01-09 01:00:00+00:00,2026-01-09 01:00:00+00:00,2.427146865,2.10733484,2026-01-28,2026-01-29 01:00:00+00:00,2026-01-29 01:00:00+00:00,2.2265234549999997,1.8540566550000002,1.0,-0.01575616618045024,0.00018985765042151345,0.0030092041761463142,-0.018955228007018068,-0.018955228007018068,max_hold,20,0.10994519484917936,0.1553311954924069
ADA/ATOM,ADA,ATOM,long,short,2026-01-09,2026-01-10 00:00:00+00:00,-2.7296579920239563,-1.7213462230642391,0.061904615440929976,2026-01-10 01:00:00+00:00,2026-01-10 01:00:00+00:00,0.390017199,2.5639297200000004,2026-01-29,2026-01-30 01:00:00+00:00,2026-01-30 01:00:00+00:00,0.33347061000000006,2.12135703,1.0,0.016733406623065827,0.0001841200077524065,0.0029183441609579447,0.013630942454355477,0.013630942454355477,max_hold,20,0.16183183501094772,0.050730828924592956
BTC/ETH,BTC,ETH,short,long,2026-01-30,2026-01-31 00:00:00+00:00,2.539345963792333,3.382185595057755,0.0219737029148841,2026-01-31 01:00:00+00:00,2026-01-31 01:00:00+00:00,83894.81562000001,2709.287425,2026-01-31,2026-02-01 01:00:00+00:00,2026-02-01 01:00:00+00:00,78987.6973795,2446.9154820000003,1.0,-0.016128322979960474,0.00019223335021110302,0.0030468580828696863,-0.019367414413041264,-0.019367414413041264,z_stop,1,0.003839145215585917,0.17825994412534507
BTC/ETH,BTC,ETH,short,long,2026-02-01,2026-02-02 00:00:00+00:00,4.553951886071876,3.3854960829620446,0.03031001469262719,2026-02-02 01:00:00+00:00,2026-02-02 01:00:00+00:00,77515.4429775,2295.0619165499998,2026-02-02,2026-02-03 01:00:00+00:00,2026-02-03 01:00:00+00:00,79156.26413499999,2348.9110656,1.0,0.004353071054687494,0.00020223153582202752,0.0032053807786729845,0.0009454587401924821,0.0009454587401924821,z_stop,1,0.023158701718586243,0.06029986186953693
XLM/XRP,XLM,XRP,short,long,2026-02-05,2026-02-06 00:00:00+00:00,2.18980440902495,-2.1871940871732365,0.03433540890376484,2026-02-06 01:00:00+00:00,2026-02-06 01:00:00+00:00,0.1506208869,1.2184281524999998,2026-02-06,2026-02-07 01:00:00+00:00,2026-02-07 01:00:00+00:00,0.16266741985,1.4550900210000002,1.0,0.06051557941028442,0.00021371072785677985,0.0033874670652812994,0.05691440161714634,0.05691440161714634,z_out,1,0.13530071107289446,0.005439920676816287
ETC/ETH,ETC,ETH,short,long,2026-02-04,2026-02-05 00:00:00+00:00,2.072556910324744,-5.511782536137963,0.035462617959672246,2026-02-05 01:00:00+00:00,2026-02-05 01:00:00+00:00,9.31321512,2152.3761174499996,2026-02-08,2026-02-09 01:00:00+00:00,2026-02-09 01:00:00+00:00,8.576572355,2079.9780012,1.0,0.02581079221731933,0.00019436335633170847,0.0030807240403749082,0.02253570482061271,0.02253570482061271,z_out,4,0.012647069619068193,0.19120083804756294
ADA/ALGO,ADA,ALGO,long,short,2026-02-03,2026-02-04 00:00:00+00:00,-2.132727635036831,1.1216046836778362,0.05246276404778496,2026-02-04 01:00:00+00:00,2026-02-04 01:00:00+00:00,0.29456614849999996,0.1053327825,2026-02-14,2026-02-15 01:00:00+00:00,2026-02-15 01:00:00+00:00,0.2960300475,0.09945739049999999,1.0,0.03350432151269153,0.00019745951743221923,0.003129817521694684,0.03017704447356463,0.03017704447356463,z_out,11,0.2514414805542395,0.04241051450435191
ALGO/DOT,ALGO,DOT,short,long,2026-01-28,2026-01-29 00:00:00+00:00,2.3945259955885887,-2.7743085899137827,0.03200538380026372,2026-01-29 01:00:00+00:00,2026-01-29 01:00:00+00:00,0.1237036185,1.8599433449999998,2026-02-17,2026-02-18 01:00:00+00:00,2026-02-18 01:00:00+00:00,0.09314740499999999,1.3358792700000002,1.0,-0.01462508317271137,0.00017356125308361846,0.002750909119875633,-0.017549553545670622,-0.017549553545670622,max_hold,20,0.008862970326126662,0.40804648541593075
ATOM/DOT,ATOM,DOT,short,long,2026-02-03,2026-02-04 00:00:00+00:00,2.4783768625996228,0.12978359641477855,0.0705827760704164,2026-02-04 01:00:00+00:00,2026-02-04 01:00:00+00:00,2.053739655,1.5083870099999999,2026-02-23,2026-02-24 01:00:00+00:00,2026-02-24 01:00:00+00:00,2.132374465,1.272979125,1.0,-0.09410085951775207,0.00019411113124578384,0.0030764250277136723,-0.09737139567671153,-0.09737139567671153,max_hold,20,0.22167383479772154,0.2700812240487273
BTC/ETH,BTC,ETH,short,long,2026-02-03,2026-02-04 00:00:00+00:00,3.465406305363598,3.3900005480951068,0.03872332014057443,2026-02-04 01:00:00+00:00,2026-02-04 01:00:00+00:00,75750.8443065,2243.2899878999997,2026-02-23,2026-02-24 01:00:00+00:00,2026-02-24 01:00:00+00:00,65012.9825085,1864.040805,1.0,-0.010729842629730674,0.0001844594131465278,0.00292365474259354,-0.01383795678547074,-0.01383795678547074,max_hold,20,0.015761615654989465,0.2239790622746709
ADA/ATOM,ADA,ATOM,long,short,2026-02-05,2026-02-06 00:00:00+00:00,-2.169117029400994,-1.7837987157165252,0.10092888025092096,2026-02-06 01:00:00+00:00,2026-02-06 01:00:00+00:00,0.24388594749999998,1.8011406600000002,2026-02-25,2026-02-26 01:00:00+00:00,2026-02-26 01:00:00+00:00,0.29523131550000004,1.948082825,1.0,0.06787537352874588,0.00021460565404611665,0.003401670134841092,0.06425909773985868,0.06425909773985868,z_out,20,0.004862713543591841,0.393006140897402
XLM/XRP,XLM,XRP,short,long,2026-02-27,2026-02-28 00:00:00+00:00,2.0968412030997254,-2.195972159119482,0.02436732399771539,2026-02-28 01:00:00+00:00,2026-02-28 01:00:00+00:00,0.15894766800000001,1.363357502,2026-03-02,2026-03-03 01:00:00+00:00,2026-03-03 01:00:00+00:00,0.15461467645,1.3876970085,1.0,0.02571916575244438,0.00019952960653919365,0.003162608875977281,0.022357027269927904,0.022357027269927904,z_out,3,0.03512056559395382,0.06891626140771392
ETC/ETH,ETC,ETH,short,long,2026-02-15,2026-02-16 00:00:00+00:00,2.487501636812923,-5.510773173492249,0.03780976884526437,2026-02-16 01:00:00+00:00,2026-02-16 01:00:00+00:00,8.713167705,1971.4297713499998,2026-03-04,2026-03-05 01:00:00+00:00,2026-03-05 01:00:00+00:00,8.837986039999999,2123.4889269,1.0,0.03464564414272769,0.00020457283310669556,0.003242566442394415,0.031198504867226577,0.031198504867226577,z_out,17,0.12266862422338742,0.08868171409944751
ADA/ALGO,ADA,ALGO,short,long,2026-02-25,2026-02-26 00:00:00+00:00,2.5109424166225454,1.0886141494212433,0.03767315646278655,2026-02-26 01:00:00+00:00,2026-02-26 01:00:00+00:00,0.29523131550000004,0.0908437595,2026-03-08,2026-03-09 01:00:00+00:00,2026-03-09 01:00:00+00:00,0.251798469,0.0821695545,1.0,0.02879269111638761,0.00018787002463321919,0.0029778122241548785,0.025627008867599513,0.025627008867599513,z_out,11,0.016152366804055896,0.10946001744896959
ALGO/DOT,ALGO,DOT,long,short,2026-02-25,2026-02-26 00:00:00+00:00,-2.66750328557339,-2.730353556242556,0.06521530743550516,2026-02-26 01:00:00+00:00,2026-02-26 01:00:00+00:00,0.0908437595,1.62741645,2026-03-13,2026-03-14 01:00:00+00:00,2026-03-14 01:00:00+00:00,0.09285259500000001,1.4502950799999998,1.0,0.06857594646804617,0.00019566385799261906,0.003101444427390007,0.06527883818266354,0.06527883818266354,z_out,16,0.10946001744896959,0.040913651819114924
ADA/DOT,ADA,DOT,long,short,2026-02-27,2026-02-28 00:00:00+00:00,-2.049503901281039,-1.6453820568182167,0.051861891098899236,2026-02-28 01:00:00+00:00,2026-02-28 01:00:00+00:00,0.2781401545,1.594468755,2026-03-14,2026-03-15 01:00:00+00:00,2026-03-15 01:00:00+00:00,0.2616845715,1.4082285099999998,1.0,0.031851141380602015,0.00019120165674468034,0.0030306262766367636,0.02862931344722057,0.02862931344722057,z_out,15,0.11699193364761003,0.05301530352032516
XLM/XRP,XLM,XRP,short,long,2026-03-14,2026-03-15 00:00:00+00:00,2.2750827302575636,-2.1862847731806854,0.023243264348339072,2026-03-15 01:00:00+00:00,2026-03-15 01:00:00+00:00,0.1654173972,1.406826291,2026-03-22,2026-03-23 01:00:00+00:00,2026-03-23 01:00:00+00:00,0.15679813174999999,1.3760155530000002,1.0,0.018214033932010418,0.0001962996478244124,0.003111395175768186,0.01490633910841782,0.01490633910841782,z_out,8,0.09885660805210623,0.025608201403736767
XLM/XRP,XLM,XRP,short,long,2026-03-24,2026-03-25 00:00:00+00:00,3.286922263053325,-2.1776845699188665,0.024531856046065635,2026-03-25 01:00:00+00:00,2026-03-25 01:00:00+00:00,0.17545146795,1.4217499075,2026-03-25,2026-03-26 01:00:00+00:00,2026-03-26 01:00:00+00:00,0.17801170205,1.4104608705000001,1.0,-0.008091001018419721,0.0002003326011354785,0.003175251401582275,-0.011466585021137475,-0.011466585021137475,z_stop,1,0.038691793971963845,0.014594625531916866
ADA/ALGO,ADA,ALGO,long,short,2026-03-31,2026-04-01 00:00:00+00:00,-3.137711682172686,1.093703500577369,0.046903949051878155,2026-04-01 01:00:00+00:00,2026-04-01 01:00:00+00:00,0.244787374,0.096646572,2026-04-01,2026-04-02 01:00:00+00:00,2026-04-02 01:00:00+00:00,0.249404067,0.103163255,1.0,-0.021045652611374872,0.0002043143995744953,0.003238330361841079,-0.024488297372790447,-0.024488297372790447,z_stop,1,0.01302099020842469,0.1392023299077799
ALGO/DOT,ALGO,DOT,short,long,2026-04-01,2026-04-02 00:00:00+00:00,2.46574845931928,-2.752928427702611,0.100933048516272,2026-04-02 01:00:00+00:00,2026-04-02 01:00:00+00:00,0.102836745,1.2670050249999998,2026-04-03,2026-04-04 01:00:00+00:00,2026-04-04 01:00:00+00:00,0.1224938455,1.2370361850000002,1.0,-0.10409847078429363,0.00020837476571614616,0.0033024785178200483,-0.10760932406782982,-0.10760932406782982,z_stop,2,0.22913264125580812,0.05130605144995367
ADA/ALGO,ADA,ALGO,long,short,2026-04-02,2026-04-03 00:00:00+00:00,-4.288615622541302,1.08726725819221,0.06453244229461391,2026-04-03 01:00:00+00:00,2026-04-03 01:00:00+00:00,0.23977944899999998,0.11032485750000001,2026-04-03,2026-04-04 01:00:00+00:00,2026-04-04 01:00:00+00:00,0.245011041,0.1224938455,1.0,-0.04096693087038143,0.0002066059883112655,0.0032746019965855314,-0.04444813885527823,-0.04444813885527823,z_stop,1,0.004501841189901068,0.14570734886287978
XLM/XRP,XLM,XRP,short,long,2026-03-26,2026-03-27 00:00:00+00:00,3.6632062797958924,-2.1731933022363257,0.03128186156328377,2026-03-27 01:00:00+00:00,2026-03-27 01:00:00+00:00,0.17291549385000002,1.3630570265,2026-04-06,2026-04-07 01:00:00+00:00,2026-04-07 01:00:00+00:00,0.1558866894,1.3182073245,1.0,0.03585433823441188,0.00019343078692742554,0.00306596804696449,0.03259493940051996,0.03259493940051996,z_out,11,0.014194830638654071,0.06284185095318157
BTC/ETH,BTC,ETH,long,short,2026-04-01,2026-04-02 00:00:00+00:00,-2.509858939875397,3.5169761631685295,0.02249061689282112,2026-04-02 01:00:00+00:00,2026-04-02 01:00:00+00:00,68673.875842,2151.1649907,2026-04-20,2026-04-21 01:00:00+00:00,2026-04-21 01:00:00+00:00,75926.3656635,2324.4784680000002,1.0,0.01583779967426828,0.00020930874800381707,0.00331758344397675,0.012310907482287713,0.012310907482287713,z_out,19,0.043537310299463644,0.14533288271778125
ALGO/DOT,ALGO,DOT,short,long,2026-04-04,2026-04-05 00:00:00+00:00,2.9964402563389676,-2.7374027564760626,0.131798501111193,2026-04-05 01:00:00+00:00,2026-04-05 01:00:00+00:00,0.11891122650000001,1.25198125,2026-04-24,2026-04-25 01:00:00+00:00,2026-04-25 01:00:00+00:00,0.11007419149999999,1.253010825,1.0,0.04068115554194557,0.00019632530593221407,0.0031118582992414393,0.037372971936771915,0.037372971936771915,max_hold,20,0.06550074142915344,0.08944323247652482
ADA/ALGO,ADA,ALGO,long,short,2026-04-04,2026-04-05 00:00:00+00:00,-3.7808715787951606,1.076525352053604,0.09392716494914058,2026-04-05 01:00:00+00:00,2026-04-05 01:00:00+00:00,0.24849323849999996,0.11891122650000001,2026-04-24,2026-04-25 01:00:00+00:00,2026-04-25 01:00:00+00:00,0.24960375,0.11007419149999999,1.0,0.04250736217331843,0.00019650763714160028,0.003114752836752138,0.03919610169942469,0.03919610169942469,max_hold,20,0.053495373074305894,0.06550074142915344
ADA/ATOM,ADA,ATOM,long,short,2026-04-23,2026-04-24 00:00:00+00:00,-2.272422800896989,-1.9410846306826521,0.04086677214893721,2026-04-24 01:00:00+00:00,2026-04-24 01:00:00+00:00,0.251798469,1.91895363,2026-04-25,2026-04-26 01:00:00+00:00,2026-04-26 01:00:00+00:00,0.248605335,2.01719219,1.0,-0.028737113400177264,0.00020192562541278787,0.0032004489686979463,-0.032139487994288,-0.032139487994288,z_stop,2,0.019056783859952804,0.07089612165354932
ETC/ETH,ETC,ETH,long,short,2026-04-13,2026-04-14 00:00:00+00:00,-2.05954786087155,-5.500273452807895,0.05706403725141549,2026-04-14 01:00:00+00:00,2026-04-14 01:00:00+00:00,8.544521635,2356.8484648500003,2026-05-03,2026-05-04 01:00:00+00:00,2026-05-04 01:00:00+00:00,8.47055286,2321.6940617,1.0,0.006280827679679989,0.00019882136411684652,0.0031513344001043346,0.0029306719154588074,0.0029306719154588074,max_hold,20,0.04956645358181016,0.045379046105455394
ADA/ATOM,ADA,ATOM,long,short,2026-04-26,2026-04-27 00:00:00+00:00,-2.807129401797995,-1.9449872094951675,0.044880737387137895,2026-04-27 01:00:00+00:00,2026-04-27 01:00:00+00:00,0.2549033825,2.0088109800000002,2026-05-05,2026-05-06 01:00:00+00:00,2026-05-06 01:00:00+00:00,0.2602867905,1.9070178399999997,1.0,0.039043044127711694,0.00019852230383718403,0.0031466766007308064,0.035697845223143704,0.035697845223143704,z_out,9,0.06592059444326907,0.00706339229587439
ATOM/DOT,ATOM,DOT,short,long,2026-04-24,2026-04-25 00:00:00+00:00,2.2864119579275783,0.26785944556268604,0.08551954944857829,2026-04-25 01:00:00+00:00,2026-04-25 01:00:00+00:00,2.001822075,1.2569891749999997,2026-05-07,2026-05-08 01:00:00+00:00,2026-05-08 01:00:00+00:00,1.86094493,1.300934745,1.0,0.05580979303186581,0.00019822932592800942,0.003142075022716101,0.0524694886832217,0.0524694886832217,z_out,13,0.026564761006544476,0.06363553210392581
BTC/ETH,BTC,ETH,short,long,2026-05-06,2026-05-07 00:00:00+00:00,2.0025758841578836,3.496856832181946,0.02402575983667869,2026-05-07 01:00:00+00:00,2026-05-07 01:00:00+00:00,80838.5674635,2331.5696898,2026-05-26,2026-05-27 01:00:00+00:00,2026-05-27 01:00:00+00:00,76179.85399049999,2079.10938015,1.0,-0.022286179310768865,0.0001917045522440375,0.0030384611651709977,-0.0255163450281839,-0.0255163450281839,max_hold,20,0.019879527642861872,0.13905640102390054
ETC/ETH,ETC,ETH,short,long,2026-05-08,2026-05-09 00:00:00+00:00,2.2266365418036345,-5.564791650385412,0.0453940493687911,2026-05-09 01:00:00+00:00,2026-05-09 01:00:00+00:00,9.737541495,2311.3376728,2026-05-28,2026-05-29 01:00:00+00:00,2026-05-29 01:00:00+00:00,8.26908576,2008.5114555000002,1.0,0.012839593775732863,0.00018590893641938833,0.0029466888981956735,0.009706995941117801,0.009706995941117801,max_hold,20,0.033833848633062984,0.14954442912760357
XLM/XRP,XLM,XRP,long,short,2026-05-15,2026-05-16 00:00:00+00:00,-2.140945460920135,-2.139864534145639,0.04070789504533937,2026-05-16 01:00:00+00:00,2026-05-16 01:00:00+00:00,0.15531578595,1.4310282195000001,2026-05-28,2026-05-29 01:00:00+00:00,2026-05-29 01:00:00+00:00,0.19713704175,1.3165834825,1.0,0.17794033656407815,0.00020946460947789523,0.003320461086386589,0.17441041086821366,0.17441041086821366,z_stop,13,0.10343949168935068,0.00536102670475671
ADA/DOT,ADA,DOT,long,short,2026-05-23,2026-05-24 00:00:00+00:00,-2.016414433561276,-1.615389657847853,0.02240554681561839,2026-05-24 01:00:00+00:00,2026-05-24 01:00:00+00:00,0.246590227,1.28995218,2026-05-30,2026-05-31 01:00:00+00:00,2026-05-31 01:00:00+00:00,0.2361251475,1.194890905,1.0,0.018705258351544293,0.00019419336039385755,0.003078011754060292,0.015433053237090143,0.015433053237090143,z_out,7,0.07579467859446029,0.01399107678549762
XLM/XRP,XLM,XRP,short,long,2026-05-29,2026-05-30 00:00:00+00:00,5.649126041374746,-2.1465709756196008,0.09069263993689716,2026-05-30 01:00:00+00:00,2026-05-30 01:00:00+00:00,0.26766507735,1.3496357874999998,2026-05-30,2026-05-31 01:00:00+00:00,2026-05-31 01:00:00+00:00,0.22573722729999998,1.337476734,1.0,0.07685582545448587,0.00019171739514931252,0.0030389137922425813,0.07362519426709398,0.07362519426709398,z_stop,1,0.11254707916419189,0.010992437839456602
ADA/DOT,ADA,DOT,long,short,2026-06-03,2026-06-04 00:00:00+00:00,-3.6938947918598757,-1.61605952164757,0.024451247549821177,2026-06-04 01:00:00+00:00,2026-06-04 01:00:00+00:00,0.1980133545,1.09426284,2026-06-04,2026-06-05 01:00:00+00:00,2026-06-05 01:00:00+00:00,0.1742234175,1.03363572,1.0,-0.029338476283412095,0.0001912226187403495,0.0030308048021808823,-0.032560503704333325,-0.032560503704333325,z_stop,1,0.12076637235091124,0.006156802327309139
ADA/DOT,ADA,DOT,long,short,2026-06-05,2026-06-06 00:00:00+00:00,-4.643422295214138,-1.6215559795724277,0.03779845239873258,2026-06-06 01:00:00+00:00,2026-06-06 01:00:00+00:00,0.1615556605,0.95648157,2026-06-06,2026-06-07 01:00:00+00:00,2026-06-07 01:00:00+00:00,0.1570506795,0.9414898999999999,1.0,-0.0029701482637753945,0.00019782206117629293,0.003135472207963428,-0.006303442532915115,-0.006303442532915115,z_stop,1,0.08081215142566923,0.004724011566683885
ADA/ATOM,ADA,ATOM,long,short,2026-05-18,2026-05-19 00:00:00+00:00,-2.2378294826517364,-1.9820805556707983,0.05706906829538601,2026-05-19 01:00:00+00:00,2026-05-19 01:00:00+00:00,0.2529002125,2.06871588,2026-06-07,2026-06-08 01:00:00+00:00,2026-06-08 01:00:00+00:00,0.1650379995,1.7307388799999999,1.0,-0.08925664806014609,0.00017446031176986574,0.002764971708769659,-0.09219608008068561,-0.09219608008068561,max_hold,20,0.41281188128697205,0.11131742267091789
ALGO/DOT,ALGO,DOT,short,long,2026-05-29,2026-05-30 00:00:00+00:00,2.351486023134284,-2.4148801862903637,0.06039788430259632,2026-05-30 01:00:00+00:00,2026-05-30 01:00:00+00:00,0.1270982295,1.200900415,2026-06-11,2026-06-12 01:00:00+00:00,2026-06-12 01:00:00+00:00,0.088740431,0.949492665,1.0,0.04898859390427415,0.00017444270721725752,0.0027650399797638225,0.04604911121729307,0.04604911121729307,z_out,13,0.09678947179984126,0.2638856736509663
ATOM/DOT,ATOM,DOT,short,long,2026-05-26,2026-05-27 00:00:00+00:00,2.361331067643032,0.3959898830241981,0.07492354280759646,2026-05-27 01:00:00+00:00,2026-05-27 01:00:00+00:00,2.243438505,1.26400027,2026-06-15,2026-06-16 01:00:00+00:00,2026-06-16 01:00:00+00:00,1.952089165,1.00839915,1.0,-0.03326761739614659,0.00018339583250110623,0.0029067403694024024,-0.036357753598050095,-0.036357753598050095,max_hold,20,0.008273681207945636,0.30063306078249485
ADA/ALGO,ADA,ALGO,long,short,2026-05-29,2026-05-30 00:00:00+00:00,-2.9749920986647287,0.7994018263645504,0.053981026420653715,2026-05-30 01:00:00+00:00,2026-05-30 01:00:00+00:00,0.23537247499999997,0.1270982295,2026-06-18,2026-06-19 01:00:00+00:00,2026-06-19 01:00:00+00:00,0.1636402185,0.0970535865,1.0,-0.03144466253052275,0.0001729425123223537,0.0027410598242419426,-0.034358664867087045,-0.034358664867087045,max_hold,20,0.3690851064891933,0.09678947179984126
XLM/XRP,XLM,XRP,short,long,2026-05-31,2026-06-01 00:00:00+00:00,4.093579050138894,-2.133979365433181,0.12163584240907666,2026-06-01 01:00:00+00:00,2026-06-01 01:00:00+00:00,0.2584497069,1.3394196205,2026-06-20,2026-06-21 01:00:00+00:00,2026-06-21 01:00:00+00:00,0.2149601727,1.1465797860000002,1.0,0.015071634968056274,0.0001843878268388784,0.002922584918734261,0.011964662222483135,0.011964662222483135,max_hold,20,0.060902731478392584,0.21667565269176978
BTC/ETH,BTC,ETH,short,long,2026-06-05,2026-06-06 00:00:00+00:00,2.217949611314154,3.5394863726825068,0.05087372547324737,2026-06-06 01:00:00+00:00,2026-06-06 01:00:00+00:00,61141.4369775,1594.6334943499999,2026-06-25,2026-06-26 01:00:00+00:00,2026-06-26 01:00:00+00:00,59734.5294,1561.4511709500002,1.0,0.004236263275676123,0.00019780902744185008,0.0031352837273997524,0.0009031705208345206,0.0009031705208345206,max_hold,20,0.10000522272235947,0.05674877310092278
ADA/DOT,ADA,DOT,long,short,2026-06-07,2026-06-08 00:00:00+00:00,-3.0775136295742995,-1.627112204082573,0.047675021084356665,2026-06-08 01:00:00+00:00,2026-06-08 01:00:00+00:00,0.1655620005,0.97445304,2026-06-27,2026-06-28 01:00:00+00:00,2026-06-28 01:00:00+00:00,0.145169541,0.81128385,1.0,0.025077655985525804,0.00018546909572697733,0.0029397481679868387,0.021952438721811986,0.021952438721811986,max_hold,20,0.16587139812918605,0.07342268643340684
ADA/ATOM,ADA,ATOM,long,short,2026-06-08,2026-06-09 00:00:00+00:00,-2.416023183916748,-2.075411468268336,0.10835952577097148,2026-06-09 01:00:00+00:00,2026-06-09 01:00:00+00:00,0.16706437799999999,1.7372421,2026-06-28,2026-06-29 01:00:00+00:00,2026-06-29 01:00:00+00:00,0.14377176,1.5825043,1.0,-0.022187167084562337,0.00018857530225470205,0.002988862801581116,-0.025364605188398157,-0.025364605188398157,max_hold,20,0.17337255462082998,0.17082126895266916
ETC/ETH,ETC,ETH,short,long,2026-06-26,2026-06-27 00:00:00+00:00,2.0943932665010982,-5.489017190457105,0.050506275351808516,2026-06-27 01:00:00+00:00,2026-06-27 01:00:00+00:00,7.247494485000001,1578.4178332,2026-07-02,2026-07-03 01:00:00+00:00,2026-07-03 01:00:00+00:00,7.045148889999999,1693.31184,1.0,0.053560696065292575,0.00020224356152048737,0.003205695006619262,0.050152757497152825,0.050152757497152825,z_out,6,0.0117979413681471,0.019594199045064296
ADA/ALGO,ADA,ALGO,long,short,2026-06-23,2026-06-24 00:00:00+00:00,-2.203387417987739,0.7034952211470564,0.10614932013371442,2026-06-24 01:00:00+00:00,2026-06-24 01:00:00+00:00,0.153042188,0.09584784,2026-07-02,2026-07-03 01:00:00+00:00,2026-07-03 01:00:00+00:00,0.1612440225,0.0874383705,1.0,0.07380796941273647,0.0001982927139587019,0.003143124938471395,0.07046655176030638,0.07046655176030638,z_out,9,0.09763443789760766,0.001587516213197902
ADA/DOT,ADA,DOT,short,long,2026-07-04,2026-07-05 00:00:00+00:00,2.0609518070444626,-1.6826382991982283,0.0757889174318407,2026-07-05 01:00:00+00:00,2026-07-05 01:00:00+00:00,0.192494412,0.8813947999999999,2026-07-10,2026-07-11 01:00:00+00:00,2026-07-11 01:00:00+00:00,0.16686406099999998,0.88060203,1.0,0.06918848891041254,0.0001932976002497854,0.0030639407810105213,0.06593125052915223,0.06593125052915223,z_out,6,0.01249692380680633,0.07532923951899873
ALGO/DOT,ALGO,DOT,short,long,2026-06-28,2026-06-29 00:00:00+00:00,2.2469501027420353,-2.358753971637496,0.058841986064200706,2026-06-29 01:00:00+00:00,2026-06-29 01:00:00+00:00,0.088459569,0.8192965299999999,2026-07-10,2026-07-11 01:00:00+00:00,2026-07-11 01:00:00+00:00,0.0860361515,0.88060203,1.0,0.05431910696604894,0.0002023715616978491,0.0032077257147293536,0.05090900968962174,0.05090900968962174,z_out,12,0.04567545428578786,0.023552559169266674
