open_time,open,high,low,close,volume
1602806400000,44.55,45.04,37.51,39.39,282456.7
1602892800000,39.415,43.329,38.46,41.393,385497.7
1602979200000,41.379,41.4,39.455,40.795,370900.1
1603065600000,40.746,41.009,35.828,36.075,398700.9
1603152000000,36.083,36.474,31.889,32.135,640193.9
1603238400000,32.095,37.099,31.716,35.107,542288.7
1603324800000,35.087,39.748,33.509,37.948,614126.9
1603411200000,37.892,42.698,37.043,41.428,797946.0
1603497600000,41.441,42.389,38.618,39.397,617193.9
1603584000000,39.42,40.953,37.243,37.866,592037.6
1603670400000,37.859,39.212,35.018,35.958,524933.2
1603756800000,35.96,39.0,34.356,34.933,603617.2
1603843200000,34.924,35.811,31.963,32.43,568749.4
1603929600000,32.451,33.263,28.101,29.236,686524.2
1604016000000,29.222,31.99,27.73,31.055,809945.4
1604102400000,31.06,32.9,29.524,29.696,584511.2
1604188800000,29.691,30.99,28.47,30.727,440488.4
1604275200000,30.732,34.175,29.117,29.672,1107448.8
1604361600000,29.672,30.085,27.323,28.105,634308.2
1604448000000,28.11,28.504,25.97,27.689,627055.8
1604534400000,27.694,32.275,25.887,30.895,814585.5
1604620800000,30.875,40.95,30.746,38.546,1813531.6
1604707200000,38.554,52.18,38.327,44.476,2263347.2
1604793600000,44.435,54.794,42.511,53.852,2223200.6
1604880000000,53.86,59.08,49.303,55.204,2787646.4
1604966400000,55.237,71.0,52.88,66.989,2987176.4
1605052800000,66.942,69.1,53.458,54.523,2794269.3
1605139200000,54.598,59.95,50.5,51.854,2076670.8
1605225600000,51.936,66.333,51.176,63.551,2553132.5
1605312000000,63.536,68.98,57.818,66.796,1702080.7
1605398400000,66.849,71.25,59.35,64.244,1659104.6
1605484800000,64.262,74.637,60.9,73.052,1697466.0
1605571200000,73.045,80.32,68.75,79.463,1326453.1
1605657600000,79.493,80.562,67.2,75.395,1381302.9
1605744000000,75.398,81.739,70.32,76.429,1277425.2
1605830400000,76.425,83.016,74.5,75.134,960583.7
1605916800000,75.187,77.45,68.015,70.838,907105.2
1606003200000,70.84,75.14,63.0,68.899,965137.5
1606089600000,68.879,74.442,65.733,72.671,764335.7
1606176000000,72.737,75.88,66.23,66.843,776510.8
1606262400000,66.896,68.033,59.208,61.67,619501.1
1606348800000,61.712,65.326,47.343,64.339,1906559.6
1606435200000,64.393,69.31,56.153,60.843,830538.4
1606521600000,60.897,66.406,58.786,63.795,407067.1
1606608000000,63.827,69.9,61.646,68.978,471829.4
1606694400000,68.991,80.0,68.984,76.146,1213232.6
1606780800000,76.197,79.236,69.0,74.215,913118.6
1606867200000,74.126,91.041,71.752,86.714,1193600.8
1606953600000,86.674,94.49,83.0,91.64,1002878.7
1607040000000,91.656,92.954,79.21,80.843,794550.2
1607126400000,80.774,92.9,79.5,92.77,581951.5
1607212800000,92.715,93.154,84.65,87.92,431619.5
1607299200000,87.956,95.619,86.778,90.815,773110.6
1607385600000,90.833,91.311,77.995,80.198,895814.4
1607472000000,80.186,86.5,75.03,82.56,802766.7
1607558400000,82.561,83.09,75.766,76.542,527906.1
1607644800000,76.612,79.0,70.724,74.792,749903.5
1607731200000,74.814,80.3,74.628,77.859,492617.8
1607817600000,77.856,85.0,76.648,83.96,454933.9
1607904000000,83.908,91.974,79.828,86.423,753021.6
1607990400000,86.511,89.105,84.3,87.15,596280.8
1608076800000,87.188,89.94,80.159,87.618,779265.5
1608163200000,87.589,90.627,82.869,85.077,693440.8
1608249600000,85.093,90.557,81.807,90.435,430320.3
1608336000000,90.484,96.463,88.017,89.093,740578.4
1608422400000,89.043,90.285,83.766,85.767,573747.9
1608508800000,85.782,88.101,77.523,80.842,436955.5
1608595200000,80.86,86.321,75.628,84.345,469667.7
1608681600000,84.348,84.538,62.748,75.431,647771.9
1608768000000,75.428,80.579,71.02,80.562,519317.6
1608854400000,80.558,82.0,75.964,79.742,300530.6
1608940800000,79.743,80.064,73.808,75.212,260191.6
1609027200000,75.18,82.1,72.73,76.919,435249.2
1609113600000,76.944,86.148,76.16,81.887,368776.9
1609200000000,81.931,83.2,75.007,78.169,246245.7
1609286400000,78.217,85.67,77.322,81.117,375468.0
1609372800000,81.135,88.801,78.341,88.503,371053.0
1609459200000,88.581,91.0,84.652,90.909,368132.6
1609545600000,90.94,92.2,82.573,85.888,350675.1
1609632000000,85.911,95.68,81.338,94.185,490412.4
1609718400000,94.183,115.59,85.932,114.322,1108493.1
1609804800000,114.344,124.279,98.653,119.8,843809.1
1609891200000,119.866,121.023,107.856,115.719,485974.6
1609977600000,115.816,131.0,107.0,115.235,726395.4
1610064000000,115.339,120.04,100.24,110.686,523636.3
1610150400000,110.795,119.548,106.062,117.674,346692.4
1610236800000,117.802,137.0,111.072,126.987,684657.4
1610323200000,126.98,127.609,94.0,114.329,901316.6
1610409600000,114.368,136.146,109.109,127.74,639823.6
1610496000000,127.747,147.989,120.128,146.778,703756.9
1610582400000,146.781,154.911,139.321,147.766,388745.4
1610668800000,147.935,168.685,139.9,166.525,516672.7
1610755200000,166.534,203.94,166.368,181.145,759378.8
1610841600000,181.324,199.322,174.475,186.482,502759.5
1610928000000,186.591,201.313,180.52,200.944,360441.3
1611014400000,200.934,210.0,184.845,186.0,507893.3
1611100800000,186.093,200.0,171.71,197.316,506746.4
1611187200000,197.368,199.894,155.27,160.343,784069.4
1611273600000,160.169,199.278,147.608,189.581,498901.1
1611360000000,189.649,220.423,185.568,213.996,432515.4
1611446400000,213.697,289.434,212.514,264.705,941421.4
1611532800000,264.752,283.229,237.001,247.947,693947.9
1611619200000,247.821,288.145,240.691,277.765,744209.4
1611705600000,277.821,299.423,255.0,286.32,943300.9
1611792000000,286.32,310.057,274.97,298.549,582892.7
1611878400000,298.3,308.971,271.901,288.649,499039.2
1611964800000,288.355,323.798,282.559,315.496,458268.3
1612051200000,315.445,320.596,293.0,300.369,284945.1
1612137600000,300.021,307.127,284.0,295.759,332425.7
1612224000000,295.422,310.38,286.0,303.288,360107.3
1612310400000,303.339,388.514,301.492,384.168,624205.5
1612396800000,384.209,522.9,383.998,466.853,2134631.9
1612483200000,467.003,549.99,465.203,507.413,929623.6
1612569600000,507.801,513.341,433.165,475.062,876430.1
1612656000000,474.977,482.68,392.496,473.334,783237.5
1612742400000,473.364,532.332,462.183,491.504,853659.8
1612828800000,491.504,514.448,471.144,490.233,521960.4
1612915200000,490.135,584.832,460.0,523.833,881712.1
1613001600000,523.72,544.624,507.053,517.458,377826.3
1613088000000,517.922,548.7,500.0,529.0,397569.2
1613174400000,528.999,546.331,485.0,496.585,422300.8
1613260800000,496.862,512.199,460.846,469.441,378473.9
1613347200000,469.794,498.5,360.0,456.364,807962.0
1613433600000,456.997,480.384,420.261,433.691,464198.5
1613520000000,433.777,474.521,399.376,451.677,624599.9
1613606400000,452.108,480.919,435.055,442.217,411254.2
1613692800000,442.463,449.542,406.0,420.365,518975.7
1613779200000,420.444,504.411,405.461,441.261,1154939.1
1613865600000,441.297,457.0,420.0,437.748,474950.0
1613952000000,437.927,452.589,331.66,401.031,836659.3
1614038400000,400.824,404.829,280.0,364.411,1089692.9
1614124800000,364.398,406.4,341.608,366.993,603890.1
1614211200000,367.131,389.237,335.151,339.285,422997.1
1614297600000,339.321,354.762,304.0,323.417,512070.6
1614384000000,323.271,350.0,323.267,333.032,313408.2
1614470400000,332.955,366.476,300.023,354.498,469786.8
1614556800000,354.543,389.563,350.703,385.591,522257.1
1614643200000,385.707,419.159,374.711,391.383,580928.3
1614729600000,391.509,420.14,383.989,396.551,397737.7
1614816000000,396.758,411.432,365.816,374.408,410546.4
1614902400000,374.695,377.287,340.0,367.408,325566.5
1614988800000,367.292,391.221,352.115,388.119,247320.7
1615075200000,388.165,419.99,384.15,414.765,452360.0
1615161600000,414.771,438.5,391.493,437.608,526709.3
1615248000000,437.608,453.431,417.487,445.133,422337.5
1615334400000,445.241,460.425,398.179,406.952,523975.2
1615420800000,406.594,416.243,387.577,406.192,414972.5
1615507200000,406.176,409.685,359.686,374.439,486347.1
1615593600000,374.474,429.628,359.925,414.966,539312.0
1615680000000,415.178,419.9,377.41,380.762,442738.8
1615766400000,380.703,391.537,352.814,367.811,396717.7
1615852800000,367.725,382.055,350.174,370.749,370292.1
1615939200000,370.948,384.861,358.0,383.201,332884.7
1616025600000,383.319,385.197,361.131,363.497,278084.0
1616112000000,363.497,380.147,353.629,369.684,298767.7
1616198400000,369.429,397.712,367.975,370.832,343700.7
1616284800000,370.57,376.575,360.0,367.842,224673.0
1616371200000,367.875,372.656,330.774,336.257,349148.1
1616457600000,336.218,345.752,325.75,330.828,293362.3
1616544000000,330.842,349.379,292.555,308.382,379565.8
1616630400000,308.23,333.431,298.091,326.127,432026.3
1616716800000,325.924,361.0,325.694,358.378,386741.8
1616803200000,358.442,362.361,340.012,351.839,249778.0
1616889600000,351.838,357.579,330.0,347.697,287376.4
1616976000000,347.697,368.593,344.742,361.282,321156.0
1617062400000,361.216,383.875,354.0,378.034,355297.7
1617148800000,377.949,394.729,356.0,383.345,574997.4
1617235200000,383.146,395.028,370.067,382.953,342675.2
1617321600000,383.036,424.483,378.093,421.565,395749.0
1617408000000,421.629,427.253,376.7,379.916,407572.6
1617494400000,379.665,412.354,370.0,403.704,283679.5
1617580800000,403.686,409.5,383.696,399.006,283617.4
1617667200000,399.256,415.95,379.381,384.046,535094.9
1617753600000,384.076,388.487,340.0,349.609,559197.8
1617840000000,349.406,371.56,347.313,371.178,328446.5
1617926400000,371.151,375.0,357.0,359.59,224638.8
1618012800000,359.584,376.919,356.7,367.812,288324.3
1618099200000,367.875,374.476,361.0,372.519,214583.6
1618185600000,372.665,418.799,365.0,398.331,778515.5
1618272000000,398.346,422.27,386.043,399.946,674307.0
1618358400000,400.078,432.165,385.234,428.919,868180.9
1618444800000,429.087,493.331,423.755,466.361,1060768.8
1618531200000,466.416,471.69,420.0,441.706,667271.6
1618617600000,441.704,464.106,419.122,425.825,427034.4
1618704000000,425.824,429.982,227.699,382.106,1918019.7
1618790400000,382.002,399.002,340.819,344.495,1165642.8
1618876800000,344.538,372.348,310.96,360.51,717439.2
1618963200000,360.548,385.113,341.424,351.373,426342.4
1619049600000,351.16,414.919,343.086,360.042,757035.8
1619136000000,359.952,372.516,303.0,344.026,814670.4
1619222400000,344.075,344.574,313.851,317.323,385029.4
1619308800000,317.342,354.093,313.1,348.845,426656.0
1619395200000,348.864,409.502,345.851,405.812,637979.7
1619481600000,405.949,450.688,394.149,441.081,629976.9
1619568000000,441.111,487.868,422.7,461.005,814654.5
1619654400000,460.855,463.5,423.515,439.447,454699.6
1619740800000,439.579,457.52,429.257,445.169,398309.4
1619827200000,444.98,513.676,436.422,505.889,638776.6
1619913600000,505.888,510.0,474.001,483.153,445470.7
1620000000000,483.007,536.739,481.843,519.246,582248.4
1620086400000,519.193,521.104,440.0,448.418,859375.4
1620172800000,448.328,486.39,440.006,481.675,448727.1
1620259200000,481.622,483.27,440.107,453.478,488506.6
1620345600000,453.466,468.361,431.932,445.998,387924.5
1620432000000,445.899,476.987,440.881,466.888,356918.4
1620518400000,466.904,469.666,440.958,459.835,302621.5
1620604800000,459.86,484.225,400.0,433.354,501423.4
1620691200000,433.659,459.4,417.448,457.5,342948.6
1620777600000,457.45,599.8,455.94,515.2,2376284.6
1620864000000,514.56,622.1,450.0,509.23,2157163.1
1620950400000,509.0,635.95,506.09,595.41,1067785.6
1621036800000,595.56,611.49,506.77,517.53,787783.8
1621123200000,517.35,563.62,479.0,528.24,721944.4
1621209600000,528.11,594.69,470.34,573.03,1308749.4
1621296000000,573.09,666.8,562.42,627.87,1457028.8
1621382400000,627.99,649.41,253.56,411.69,4467262.6
1621468800000,411.61,509.27,350.05,467.13,5080061.8
1621555200000,467.22,494.96,307.72,372.65,1121823.7
1621641600000,372.49,382.23,309.05,334.13,922886.9
1621728000000,334.19,350.5,207.15,292.82,1603327.2
1621814400000,292.77,397.44,287.15,387.41,972045.5
1621900800000,387.4,404.97,320.78,370.56,833453.6
1621987200000,370.61,418.9,357.07,415.06,600471.2
1622073600000,415.07,415.59,364.54,371.88,545711.7
1622160000000,371.91,377.13,303.57,320.05,623804.4
1622246400000,320.16,335.75,280.25,297.77,477882.2
1622332800000,297.85,339.47,281.1,324.11,456347.8
1622419200000,324.18,385.43,303.97,381.95,613534.2
1622505600000,381.91,393.88,360.35,373.28,624092.1
1622592000000,373.27,401.99,361.31,384.07,437252.9
1622678400000,384.14,409.56,375.88,398.57,387609.9
1622764800000,398.58,399.06,346.14,373.01,468020.6
1622851200000,373.05,391.6,347.0,356.28,389413.5
1622937600000,356.22,368.32,354.32,365.79,285285.5
1623024000000,365.84,387.7,331.01,334.5,438207.3
1623110400000,334.48,339.48,296.16,329.41,629246.3
1623196800000,329.37,342.78,305.36,338.95,517191.5
1623283200000,338.95,340.07,303.24,310.25,402432.2
1623369600000,310.25,315.3,280.05,285.2,434349.8
1623456000000,285.19,289.15,265.22,278.29,482172.1
1623542400000,278.3,317.97,266.29,316.02,638145.1
1623628800000,316.0,337.0,308.34,318.27,630626.3
1623715200000,318.23,327.47,305.32,311.75,365763.1
1623801600000,311.78,314.05,287.0,290.55,308942.6
1623888000000,290.52,305.62,285.15,293.4,269303.5
1623974400000,293.42,293.87,252.56,264.91,460837.9
1624060800000,264.86,270.19,254.06,254.22,350592.8
1624147200000,254.3,277.17,242.0,272.77,558967.1
1624233600000,272.81,275.82,205.99,212.46,1046256.5
1624320000000,212.53,223.96,169.29,206.15,1526155.1
1624406400000,206.11,229.33,196.98,207.42,823277.7
1624492800000,207.36,218.27,192.88,211.21,683352.7
1624579200000,211.2,214.89,184.75,186.51,896820.4
1624665600000,186.58,193.31,175.98,187.13,724551.3
1624752000000,187.25,203.12,182.62,202.81,739015.4
1624838400000,202.82,232.91,200.51,227.28,858972.6
1624924800000,227.34,253.43,225.96,238.01,979036.3
1625011200000,238.0,252.83,219.53,250.9,794768.0
1625097600000,250.92,252.27,227.06,230.13,821204.6
1625184000000,230.14,234.97,215.44,233.82,669676.1
1625270400000,233.91,267.43,227.54,259.4,994618.2
1625356800000,259.49,289.26,247.51,276.66,1000827.1
1625443200000,276.63,318.66,260.34,307.82,1644876.2
1625529600000,307.98,348.03,307.69,316.25,2110420.5
1625616000000,316.21,331.37,310.22,314.86,997543.2
1625702400000,314.83,315.71,275.36,291.16,1732500.2
1625788800000,291.05,314.37,275.86,302.74,1445047.4
1625875200000,302.84,311.59,287.49,294.66,822367.2
1625961600000,294.66,310.45,285.82,304.96,781888.2
1626048000000,304.98,322.0,290.53,296.24,1042194.7
1626134400000,296.23,297.36,267.31,271.21,1043595.1
1626220800000,271.2,285.62,251.56,279.24,1356118.0
1626307200000,279.24,288.42,264.89,272.34,984204.0
1626393600000,272.34,279.66,252.6,253.14,855519.5
1626480000000,253.11,258.69,245.87,253.13,823117.6
1626566400000,253.15,267.89,250.49,253.81,642494.8
1626652800000,253.79,255.75,232.84,238.26,720263.2
1626739200000,238.3,242.31,212.09,222.95,905100.1
1626825600000,222.95,264.24,216.44,259.54,1063103.6
1626912000000,259.56,280.0,256.57,278.47,855530.3
1626998400000,278.5,292.5,268.1,289.99,919983.6
1627084800000,289.97,299.18,280.4,287.76,646309.8
1627171200000,287.82,292.76,271.95,287.9,507968.0
1627257600000,287.9,335.59,285.58,302.59,1457817.5
1627344000000,302.53,312.64,283.56,299.75,923434.4
1627430400000,299.77,309.3,291.88,298.0,702491.8
1627516800000,298.07,315.92,292.48,312.05,560142.4
1627603200000,312.1,323.72,299.49,320.43,663181.7
1627689600000,320.44,333.4,312.49,331.37,483548.5
1627776000000,331.41,339.71,313.12,316.47,653515.1
1627862400000,316.54,328.99,308.85,320.38,612021.3
1627948800000,320.31,324.17,302.09,308.44,583100.5
1628035200000,308.56,343.28,300.06,339.28,687418.4
1628121600000,339.14,384.5,337.22,372.81,1793341.7
1628208000000,372.83,379.54,357.65,369.84,678803.0
1628294400000,369.84,399.11,365.0,385.05,737190.6
1628380800000,385.12,389.74,352.1,360.98,560069.1
1628467200000,360.95,385.41,347.23,374.41,577361.7
1628553600000,374.32,400.94,368.25,384.5,588249.2
1628640000000,384.52,420.96,383.05,403.08,748951.1
1628726400000,403.21,418.8,376.21,392.55,646428.8
1628812800000,392.52,428.5,388.06,427.71,684584.0
1628899200000,427.8,428.99,404.6,414.58,439160.7
1628985600000,414.58,416.89,391.34,410.61,460020.4
1629072000000,410.6,447.84,408.48,412.6,901759.9
1629158400000,412.45,448.99,379.17,381.45,948190.6
1629244800000,381.64,397.71,358.44,380.33,763715.8
1629331200000,380.28,405.69,370.49,405.62,557082.2
1629417600000,405.65,421.47,403.54,409.67,459179.6
1629504000000,409.77,416.4,392.74,400.28,509046.7
1629590400000,400.25,409.7,383.58,401.48,380438.2
1629676800000,401.59,416.19,399.55,408.84,520702.3
1629763200000,408.77,415.97,368.18,378.06,558469.4
1629849600000,378.06,386.6,363.56,384.34,439956.1
1629936000000,384.29,389.89,338.42,350.57,567971.3
1630022400000,350.65,375.61,343.78,373.18,434065.3
1630108800000,373.22,376.33,362.05,367.59,281408.9
1630195200000,367.61,378.33,355.5,364.28,361816.6
1630281600000,364.29,377.5,346.21,358.06,493520.2
1630368000000,358.07,397.79,350.52,392.13,773766.8
1630454400000,392.12,414.64,382.0,413.7,763396.9
1630540800000,413.61,415.68,399.54,400.25,416907.2
1630627200000,400.22,408.72,388.45,395.39,459883.5
1630713600000,395.41,407.55,391.22,398.57,385075.8
1630800000000,398.66,426.3,395.1,417.33,715606.7
1630886400000,417.27,426.5,392.95,409.14,632291.6
1630972800000,409.24,410.0,271.72,346.99,1336564.8
1631059200000,347.11,353.64,312.11,330.75,701454.2
1631145600000,330.74,350.94,324.52,330.93,634112.1
1631232000000,330.94,340.62,304.26,312.59,613866.4
1631318400000,312.61,340.75,310.69,329.02,494575.3
1631404800000,328.98,348.86,321.73,333.35,529370.2
1631491200000,333.47,337.53,302.98,331.23,598800.6
1631577600000,331.17,390.96,327.82,384.83,1152839.3
1631664000000,384.79,418.42,376.62,414.7,891826.2
1631750400000,414.68,414.91,370.2,384.14,741905.7
1631836800000,384.11,390.44,350.0,354.29,578039.7
1631923200000,354.28,369.35,346.87,355.56,380285.8
1632009600000,355.57,358.26,335.05,340.4,405680.7
1632096000000,340.36,341.24,287.55,292.1,808229.1
1632182400000,292.1,307.0,259.77,271.54,716152.3
1632268800000,271.54,303.45,265.85,301.86,585067.2
1632355200000,301.77,309.76,294.26,308.89,445949.7
1632441600000,308.92,311.62,261.69,280.76,731541.5
1632528000000,280.76,284.09,267.81,274.21,359644.5
1632614400000,274.2,300.55,251.84,293.36,789666.7
1632700800000,293.37,310.02,272.87,273.27,536328.9
1632787200000,273.28,277.73,259.48,260.81,497761.1
1632873600000,260.78,277.61,259.1,265.12,450440.2
1632960000000,265.12,281.46,263.63,276.37,412720.3
1633046400000,276.45,304.43,271.81,302.58,569776.3
1633132800000,302.73,323.91,296.88,313.9,531720.4
1633219200000,313.87,324.12,308.54,310.47,453879.7
1633305600000,310.6,311.75,290.52,301.23,599085.1
1633392000000,301.18,310.32,296.25,307.73,537335.3
1633478400000,307.79,318.45,284.3,311.79,688421.2
1633564800000,311.84,314.0,299.19,306.15,559384.2
1633651200000,306.13,325.39,303.26,307.79,576139.2
1633737600000,307.83,313.59,304.24,307.44,296179.0
1633824000000,307.52,308.35,286.91,287.95,367793.3
1633910400000,287.96,302.26,283.04,290.81,393070.2
1633996800000,290.84,290.84,270.94,284.22,461801.4
1634083200000,284.16,303.27,282.14,297.72,585801.6
1634169600000,297.72,311.68,293.6,303.79,560945.2
1634256000000,303.79,305.53,292.24,301.69,480899.7
1634342400000,301.64,316.99,299.62,305.16,418135.8
1634428800000,305.09,321.16,292.58,304.81,466695.5
1634515200000,304.83,308.72,290.19,294.34,375423.6
1634601600000,294.36,304.64,292.72,303.55,291566.0
1634688000000,303.54,318.01,296.64,317.07,399066.1
1634774400000,316.98,338.57,310.4,315.12,735467.0
1634860800000,315.09,327.44,306.16,310.57,415436.5
1634947200000,310.56,324.64,307.58,324.27,283324.9
1635033600000,324.27,325.78,300.22,307.82,334277.1
1635120000000,307.84,317.7,306.63,313.4,281159.5
1635206400000,313.41,346.07,312.67,329.71,791891.4
1635292800000,329.69,460.0,322.55,324.77,4325161.2
1635379200000,324.81,350.0,317.1,339.31,1320452.0
1635465600000,339.27,348.15,325.21,328.46,624518.3
1635552000000,328.55,329.09,312.3,319.31,489517.9
1635638400000,319.42,323.44,300.0,314.49,423931.1
1635724800000,314.51,324.82,302.3,324.54,472683.9
1635811200000,324.64,328.72,318.04,325.22,312726.6
1635897600000,325.23,326.61,311.2,325.55,488173.5
1635984000000,325.55,336.32,313.27,333.05,521636.0
1636070400000,333.0,346.95,324.0,326.65,606841.3
1636156800000,326.65,327.79,307.15,318.56,434801.1
1636243200000,318.55,324.35,316.23,320.31,350037.8
1636329600000,320.32,335.97,318.91,332.64,493595.7
1636416000000,332.62,350.92,325.83,336.84,808676.5
1636502400000,336.85,346.62,289.9,312.55,852485.9
1636588800000,312.65,319.41,307.21,311.99,371540.7
1636675200000,311.98,314.27,296.23,308.88,425403.0
1636761600000,308.79,314.58,303.03,312.82,267386.4
1636848000000,312.84,317.79,309.84,315.48,255267.8
1636934400000,315.53,317.57,299.34,301.97,318519.0
1637020800000,301.98,302.03,260.23,278.21,724781.3
1637107200000,278.17,287.93,267.49,284.53,516905.6
1637193600000,284.42,288.26,255.1,262.53,575894.7
1637280000000,262.54,280.71,257.62,279.22,419315.4
1637366400000,279.32,281.02,267.29,274.39,277925.3
1637452800000,274.37,274.7,264.21,266.69,288424.6
1637539200000,266.72,269.06,256.38,263.85,484069.4
1637625600000,263.84,277.73,261.48,269.95,598510.4
1637712000000,269.98,272.45,251.09,254.51,461058.5
1637798400000,254.5,264.37,252.37,263.51,439176.9
1637884800000,263.52,264.18,223.54,232.88,767298.4
1637971200000,232.83,243.25,230.0,232.9,308439.2
1638057600000,232.93,239.09,218.13,238.74,429355.9
1638144000000,238.73,251.55,233.1,249.8,365405.2
1638230400000,249.8,264.27,244.66,256.9,703179.4
1638316800000,256.94,269.18,249.35,250.88,504110.8
1638403200000,250.88,251.16,240.71,244.8,365509.5
1638489600000,244.74,246.47,217.0,225.57,444307.6
1638576000000,225.51,226.28,157.03,202.62,1282493.7
1638662400000,202.54,206.06,186.55,191.57,563831.8
1638748800000,191.62,191.83,168.07,184.46,899043.3
1638835200000,184.38,197.09,180.5,186.87,727969.6
1638921600000,186.83,203.46,179.12,203.45,788438.1
1639008000000,203.45,203.7,176.38,176.51,727391.8
1639094400000,176.57,181.41,166.19,166.7,734128.5
1639180800000,166.7,181.02,162.52,181.01,497816.5
1639267200000,181.01,182.43,175.42,179.59,338560.5
1639353600000,179.61,180.75,157.4,162.16,628640.6
1639440000000,162.14,170.11,158.27,169.22,500210.1
1639526400000,169.18,175.73,158.77,172.78,637023.2
1639612800000,172.78,181.0,172.15,174.17,450912.4
1639699200000,174.16,188.89,161.8,187.12,589275.0
1639785600000,187.12,202.15,182.58,193.04,1876794.6
1639872000000,193.06,193.25,182.27,183.22,539414.5
1639958400000,183.2,186.41,167.24,180.92,567838.2
1640044800000,180.86,186.64,178.76,185.91,474036.0
1640131200000,185.91,216.24,185.64,206.6,1170735.3
1640217600000,206.6,248.54,203.73,247.24,1997521.5
1640304000000,247.22,279.76,243.09,270.27,1484352.1
1640390400000,270.36,281.05,257.6,263.75,885850.4
1640476800000,263.76,277.65,250.04,268.1,768550.3
1640563200000,268.1,293.5,265.63,277.44,1074827.0
1640649600000,277.44,296.86,252.11,252.56,1766391.0
1640736000000,252.56,259.4,234.58,236.46,1009232.1
1640822400000,236.46,265.68,230.83,262.69,886623.5
1640908800000,262.79,274.96,249.05,253.88,1102528.3
1640995200000,253.95,266.77,250.72,266.26,497379.9
1641081600000,266.35,269.14,252.99,265.28,519284.6
1641168000000,265.29,286.28,262.58,267.31,1389298.0
1641254400000,267.31,269.49,249.7,251.94,782066.1
1641340800000,251.93,259.49,214.39,230.32,914996.7
1641427200000,230.26,232.89,215.61,220.88,829826.1
1641513600000,220.86,222.11,199.39,211.71,1013338.6
1641600000000,211.75,230.88,200.5,212.14,1280553.8
1641686400000,212.15,219.08,207.46,209.45,606772.4
1641772800000,209.49,213.62,187.21,199.71,892450.1
1641859200000,199.7,216.8,196.63,213.21,627178.7
1641945600000,213.21,222.46,210.47,218.56,542294.9
1642032000000,218.56,222.0,207.03,209.23,672753.6
1642118400000,209.21,226.99,204.2,223.79,647555.0
1642204800000,223.82,243.46,222.24,238.51,1056055.7
1642291200000,238.35,245.63,230.31,242.4,700909.8
1642377600000,242.52,244.31,220.68,226.56,810593.2
1642464000000,226.59,240.55,222.6,232.3,1411183.7
1642550400000,232.37,236.88,209.64,210.06,953003.4
1642636800000,210.06,221.16,196.91,198.27,739839.9
1642723200000,198.26,200.63,162.99,170.81,1312218.4
1642809600000,170.8,175.3,134.9,146.89,1387360.0
1642896000000,146.96,163.0,145.28,158.28,868689.2
1642982400000,158.28,158.33,130.95,152.3,1143906.4
1643068800000,152.24,156.18,145.75,151.82,826963.8
1643155200000,151.81,164.01,142.57,146.4,935256.4
1643241600000,146.41,151.4,137.35,144.4,707635.5
1643328000000,144.39,150.66,139.2,148.86,653875.0
1643414400000,148.83,156.94,147.62,153.84,428415.9
1643500800000,153.9,155.45,145.74,148.76,360726.6
1643587200000,148.73,158.59,141.5,157.49,525705.0
1643673600000,157.49,168.24,157.23,163.73,777471.5
1643760000000,163.71,164.44,149.1,151.16,570671.4
1643846400000,151.18,153.68,145.19,152.96,486614.6
1643932800000,152.94,167.09,151.17,166.71,591308.9
1644019200000,166.71,173.42,164.1,166.09,446709.7
1644105600000,166.05,174.24,165.13,173.5,382845.9
1644192000000,173.47,184.4,169.68,181.98,482225.8
1644278400000,182.03,192.59,173.39,183.85,748686.5
1644364800000,183.85,190.56,176.05,187.91,453527.2
1644451200000,187.86,188.77,174.33,175.25,646245.5
1644537600000,175.21,181.04,159.95,163.44,474508.6
1644624000000,163.45,168.46,159.4,162.3,305558.0
1644710400000,162.3,165.31,155.57,158.03,262226.6
1644796800000,158.02,161.37,152.66,160.83,386820.2
1644883200000,160.83,172.88,160.35,172.21,399308.2
1644969600000,172.21,174.35,162.71,170.32,408715.6
1645056000000,170.28,173.84,150.23,152.81,481596.7
1645142400000,152.85,155.32,143.65,145.32,540434.4
1645228800000,145.32,148.8,140.68,146.05,315991.2
1645315200000,146.02,146.36,135.1,137.43,382798.7
1645401600000,137.4,144.63,127.54,128.55,719513.4
1645488000000,128.53,136.98,125.6,134.62,644154.8
1645574400000,134.62,142.93,130.0,130.58,581196.6
1645660800000,130.57,131.72,112.27,125.23,1199433.2
1645747200000,125.28,143.15,121.66,139.47,1074751.5
1645833600000,139.46,144.67,134.69,136.53,620735.7
1645920000000,136.52,144.69,129.25,131.63,1043283.9
1646006400000,131.64,147.16,127.86,145.69,869370.3
1646092800000,145.7,150.77,139.36,143.19,832771.6
1646179200000,143.19,146.27,135.91,137.54,744039.2
1646265600000,137.54,137.76,126.15,129.77,736872.5
1646352000000,129.78,131.92,121.78,124.1,702659.0
1646438400000,124.09,126.42,121.82,124.53,402772.3
1646524800000,124.49,125.65,116.11,116.6,529447.7
1646611200000,116.61,123.99,113.15,116.69,835133.4
1646697600000,116.66,125.35,115.62,121.61,849547.3
1646784000000,121.62,130.44,121.19,127.41,498442.7
1646870400000,127.4,128.33,115.75,119.15,578776.6
1646956800000,119.15,121.12,114.53,116.5,485593.5
1647043200000,116.52,121.55,116.25,120.29,497611.0
1647129600000,120.34,120.81,114.87,115.6,480559.1
1647216000000,115.53,121.3,113.26,118.29,679204.5
1647302400000,118.26,122.98,113.8,121.95,539785.8
1647388800000,121.95,142.0,120.95,141.5,1705801.2
1647475200000,141.54,156.8,136.7,155.5,2264835.8
1647561600000,155.5,164.29,147.19,160.19,2243358.1
1647648000000,160.18,165.6,154.89,157.09,971906.8
1647734400000,157.1,159.3,146.14,152.64,1087787.3
1647820800000,152.65,162.77,146.66,153.75,1203727.8
1647907200000,153.77,161.84,151.49,152.76,719078.8
1647993600000,152.77,157.16,149.17,155.9,769150.9
1648080000000,155.9,172.5,153.21,167.9,1712285.6
1648166400000,167.92,174.27,160.0,162.46,1440532.2
1648252800000,162.45,166.88,160.75,163.26,602981.0
1648339200000,163.24,169.32,158.16,169.06,657139.1
1648425600000,169.05,178.9,165.77,167.49,938981.4
1648512000000,167.53,224.2,166.83,222.73,4884446.7
1648598400000,222.72,242.52,210.35,223.5,4072076.6
1648684800000,223.48,228.0,203.73,207.13,1606913.9
1648771200000,207.17,261.43,206.27,244.68,3850320.7
1648857600000,244.65,257.5,235.31,238.15,1704396.1
1648944000000,238.13,253.0,231.24,242.93,1287672.6
1649030400000,242.89,243.03,224.52,237.87,983929.8
1649116800000,237.89,238.4,219.64,221.04,701989.9
1649203200000,221.04,221.13,190.29,191.11,1481142.8
1649289600000,191.07,207.3,189.54,201.97,1426922.2
1649376000000,201.98,201.98,181.04,183.24,1097423.1
1649462400000,183.32,185.55,176.65,184.7,704602.2
1649548800000,184.71,188.78,175.14,176.2,722026.1
1649635200000,176.2,178.19,155.42,157.74,1142370.7
1649721600000,157.74,171.16,156.84,164.47,1076071.7
1649808000000,164.53,179.72,162.42,178.14,1154995.1
1649894400000,178.14,180.3,166.31,171.9,943333.6
1649980800000,171.9,176.8,168.61,175.86,667071.2
1650067200000,175.87,176.26,169.58,172.15,442900.1
1650153600000,172.16,177.61,165.79,166.62,634535.0
1650240000000,166.61,169.93,157.22,168.97,939929.1
1650326400000,168.99,184.1,166.18,182.85,953857.5
1650412800000,182.86,198.71,178.5,186.26,1489996.8
1650499200000,186.25,196.39,169.23,173.58,1217123.7
1650585600000,173.57,180.61,171.08,176.79,926344.8
1650672000000,176.8,179.2,172.09,173.41,476028.6
1650758400000,173.4,174.81,165.33,166.26,497400.9
1650844800000,166.25,170.58,153.43,168.8,1345447.2
1650931200000,168.81,178.8,154.2,157.84,2291142.1
1651017600000,157.83,175.5,156.01,168.43,2662738.8
1651104000000,168.45,175.99,163.84,166.02,1447633.6
1651190400000,166.03,168.26,151.12,157.19,1101149.8
1651276800000,157.2,162.72,137.66,142.16,1172939.5
1651363200000,142.14,148.69,138.71,146.4,842017.5
1651449600000,146.39,148.87,138.81,144.16,874702.5
1651536000000,144.16,146.59,138.86,141.1,731711.9
1651622400000,141.1,159.99,140.59,159.44,1058543.5
1651708800000,159.48,162.17,136.05,141.3,1437407.5
1651795200000,141.29,142.74,132.62,138.32,1052753.4
1651881600000,138.33,138.81,128.37,132.04,688693.5
1651968000000,132.05,133.31,125.05,125.82,828310.1
1652054400000,125.84,128.79,98.36,99.1,2062601.2
1652140800000,99.17,118.31,96.35,105.19,2824294.0
1652227200000,105.2,108.58,76.21,82.39,3788215.2
1652313600000,82.43,88.86,64.47,77.1,3714509.8
1652400000000,77.13,92.83,75.63,82.47,1774295.3
1652486400000,82.46,87.45,77.53,86.58,796997.1
1652572800000,86.61,92.46,82.06,92.03,852028.6
1652659200000,92.01,92.11,80.72,83.85,1128366.7
1652745600000,83.86,94.0,83.62,92.58,1122910.0
1652832000000,92.6,97.34,81.22,81.77,1708289.9
1652918400000,81.78,91.99,79.11,91.76,1352950.7
1653004800000,91.76,98.4,84.41,90.11,2068437.1
1653091200000,90.11,93.13,88.32,91.22,956138.0
1653177600000,91.22,96.89,90.42,94.06,950162.7
1653264000000,94.05,109.8,91.87,99.23,2619663.4
1653350400000,99.28,108.25,93.0,106.48,1997662.4
1653436800000,106.46,107.96,98.1,101.98,1639707.9
1653523200000,101.98,106.25,92.14,100.94,2732694.4
1653609600000,100.9,101.92,89.33,92.38,2651952.9
1653696000000,92.39,96.97,90.36,95.41,1185090.2
1653782400000,95.4,97.14,91.59,95.39,1076361.9
1653868800000,95.38,123.13,94.3,117.31,2611260.6
1653955200000,117.29,124.03,112.05,112.9,2475035.8
1654041600000,112.9,120.98,100.67,106.3,2513139.4
1654128000000,106.33,111.96,102.99,110.83,1391410.6
1654214400000,110.84,113.32,103.57,106.96,1315086.1
1654300800000,106.94,107.88,102.49,106.87,784194.5
1654387200000,106.82,107.43,103.12,103.58,713326.0
1654473600000,103.57,111.94,103.37,105.85,1354557.4
1654560000000,105.86,106.25,95.74,99.18,1719351.9
1654646400000,99.16,101.78,95.33,96.36,1031478.5
1654732800000,96.38,99.67,94.3,95.8,732568.6
1654819200000,95.81,96.91,85.35,88.02,1284741.0
1654905600000,88.01,89.12,75.44,77.18,1596837.6
1654992000000,77.18,77.69,69.14,70.25,2568935.8
1655078400000,70.25,71.05,55.12,59.84,5532224.8
1655164800000,59.85,64.25,53.3,62.15,3829075.5
1655251200000,62.15,67.03,52.65,66.61,3975374.4
1655337600000,66.61,69.0,55.1,56.64,2475929.8
1655424000000,56.63,59.78,55.53,57.39,1619592.2
1655510400000,57.39,58.6,45.58,49.59,3130716.4
1655596800000,49.59,55.47,45.93,54.06,3237676.7
1655683200000,54.05,63.22,50.34,61.54,3874259.6
1655769600000,61.55,77.67,59.84,66.34,3984272.0
1655856000000,66.34,67.82,61.25,61.82,2514708.7
1655942400000,61.88,69.85,61.67,68.0,2256088.9
1656028800000,67.97,72.95,65.34,71.06,2027258.2
1656115200000,71.09,75.7,66.45,69.91,1690342.2
1656201600000,69.92,73.18,65.01,65.36,1178154.5
1656288000000,65.35,68.19,62.62,65.52,1091541.2
1656374400000,65.51,69.4,59.41,60.05,1768800.0
1656460800000,60.05,62.28,57.79,59.88,1598723.0
1656547200000,59.88,60.25,52.96,57.01,1761046.5
1656633600000,57.01,59.22,54.77,56.31,1652064.1
1656720000000,56.32,58.46,54.69,57.89,1264138.4
1656806400000,57.88,58.55,54.69,57.59,1220678.0
1656892800000,57.6,63.34,56.05,63.05,1484180.2
1656979200000,63.04,64.31,57.9,60.58,1212576.6
1657065600000,60.58,63.94,59.59,62.94,1135262.5
1657152000000,62.92,72.4,62.05,71.13,2534483.1
1657238400000,71.1,75.93,67.79,71.62,3220694.4
1657324800000,71.61,83.18,71.06,81.8,2453768.4
1657411200000,81.8,82.17,74.72,77.78,4555488.2
1657497600000,77.79,78.24,69.4,69.86,2850724.0
1657584000000,69.86,71.9,65.63,68.32,2590971.7
1657670400000,68.32,80.66,67.26,79.67,5365287.5
1657756800000,79.67,92.8,77.36,91.13,4970076.2
1657843200000,91.13,95.64,86.78,90.38,4046267.8
1657929600000,90.37,95.92,87.3,92.73,2606662.2
1658016000000,92.74,93.63,86.18,88.24,1973105.4
1658102400000,88.26,99.46,87.65,96.1,2445027.8
1658188800000,96.09,102.46,92.1,95.58,2505261.4
1658275200000,95.55,100.99,89.25,90.75,2000448.9
1658361600000,90.77,97.6,87.83,95.31,1643524.3
1658448000000,95.31,96.46,88.26,89.47,1354372.0
1658534400000,89.47,93.06,85.25,89.31,1113434.9
1658620800000,89.3,93.55,88.08,90.53,998728.5
1658707200000,90.53,91.36,81.09,81.27,1367487.8
1658793600000,81.27,82.78,76.38,81.05,1273308.3
1658880000000,81.04,95.69,78.93,94.65,1828297.5
1658966400000,94.67,103.55,89.56,100.43,2235613.5
1659052800000,100.45,102.31,93.69,95.42,1347676.1
1659139200000,95.49,100.79,93.51,95.19,987276.6
1659225600000,95.21,109.4,93.6,97.44,2307208.3
1659312000000,97.44,100.38,94.01,96.48,1080081.6
1659398400000,96.48,99.47,88.24,93.34,1504091.0
1659484800000,93.36,101.09,91.45,94.84,1204026.1
1659571200000,94.84,99.6,93.2,96.27,1064760.0
1659657600000,96.27,103.72,96.24,102.78,1138131.5
1659744000000,102.76,103.41,98.66,99.0,531744.4
1659830400000,99.01,104.63,96.87,101.22,629901.6
1659916800000,101.22,106.87,100.95,102.41,766994.6
1660003200000,102.39,103.42,95.2,97.78,756238.3
1660089600000,97.78,113.04,95.25,111.04,1982260.8
1660176000000,111.03,113.97,106.22,107.51,1386266.0
1660262400000,107.52,115.94,105.36,114.59,1128296.2
1660348800000,114.58,115.71,109.4,110.52,889173.9
1660435200000,110.52,113.18,105.76,107.37,735124.8
1660521600000,107.38,112.41,103.71,107.03,1281115.9
1660608000000,107.01,110.42,105.43,109.77,1098309.2
1660694400000,109.78,112.31,99.17,100.17,1253051.3
1660780800000,100.18,101.62,93.84,94.79,981945.1
1660867200000,94.79,95.26,82.67,83.31,1825503.5
1660953600000,83.31,86.77,79.78,82.7,1207408.8
1661040000000,82.7,87.01,81.52,85.88,895270.7
1661126400000,85.88,88.56,81.8,88.36,1481145.5
1661212800000,88.37,91.14,85.0,89.35,1175796.0
1661299200000,89.38,91.9,86.81,88.38,923107.3
1661385600000,88.38,95.77,87.57,93.21,1475169.4
1661472000000,93.22,94.06,81.66,82.65,1774694.4
1661558400000,82.64,83.43,80.33,82.06,1003072.2
1661644800000,82.06,83.42,78.13,78.58,923195.5
1661731200000,78.57,86.23,77.82,85.66,1025776.7
1661817600000,85.66,88.03,81.35,84.35,1244217.0
1661904000000,84.34,88.84,84.19,84.75,914828.8
1661990400000,84.74,86.97,81.95,86.4,855235.6
1662076800000,86.4,92.13,84.75,88.34,1186021.7
1662163200000,88.33,88.77,85.64,87.09,621712.0
1662249600000,87.09,88.98,85.7,88.8,482916.9
1662336000000,88.79,91.72,86.66,91.13,600663.3
1662422400000,91.1,93.74,82.88,83.42,1093700.5
1662508800000,83.42,89.24,81.89,87.46,780247.7
1662595200000,87.47,89.99,85.46,88.19,751885.7
1662681600000,88.21,94.2,88.14,91.08,684103.9
1662768000000,91.1,93.92,89.68,92.65,602365.4
1662854400000,92.66,94.43,89.03,91.45,575655.5
1662940800000,91.47,96.97,89.29,90.88,898144.1
1663027200000,90.89,93.45,82.24,82.91,1180591.3
1663113600000,82.9,85.95,81.06,83.58,686989.8
1663200000000,83.56,84.12,77.65,78.46,989641.0
1663286400000,78.46,80.49,77.02,79.3,729916.0
1663372800000,79.3,81.71,79.02,81.34,323579.6
1663459200000,81.33,81.93,70.2,72.98,659523.4
1663545600000,72.99,76.99,70.67,76.27,817357.3
1663632000000,76.27,77.13,73.67,74.03,695839.1
1663718400000,74.04,79.58,70.34,71.52,1049039.5
1663804800000,71.52,77.65,71.39,76.65,782792.9
1663891200000,76.65,78.79,72.82,77.0,780875.5
1663977600000,77.0,77.4,74.53,74.85,353009.1
1664064000000,74.85,77.6,72.63,73.56,471694.6
1664150400000,73.54,76.56,72.58,76.23,775776.4
1664236800000,76.24,80.87,74.51,76.55,902064.8
1664323200000,76.55,78.11,72.87,76.79,869367.8
1664409600000,76.79,77.47,74.28,76.88,609087.0
1664496000000,76.9,78.02,73.69,74.57,700154.2
1664582400000,74.57,75.69,73.88,74.5,463065.0
1664668800000,74.5,75.75,72.18,72.58,559561.2
1664755200000,72.6,76.21,71.74,75.54,587427.4
1664841600000,75.54,79.79,75.5,78.82,561713.0
1664928000000,78.83,79.13,75.71,78.67,463106.5
1665014400000,78.65,80.44,77.15,77.45,600762.4
1665100800000,77.45,78.21,74.97,75.77,487211.6
1665187200000,75.78,76.17,73.88,74.66,276888.8
1665273600000,74.65,76.02,74.2,75.47,250412.3
1665360000000,75.46,76.5,73.21,73.55,407727.7
1665446400000,73.55,73.55,71.05,71.43,504155.5
1665532800000,71.42,72.75,70.98,71.5,299269.0
1665619200000,71.48,72.05,64.71,70.91,1091510.5
1665705600000,70.9,74.68,70.81,72.8,707734.8
1665792000000,72.81,73.31,71.37,71.86,356284.7
1665878400000,71.86,76.24,71.76,75.85,550041.3
1665964800000,75.84,79.65,74.66,78.88,1104008.6
1666051200000,78.88,83.69,77.86,82.35,1571899.4
1666137600000,82.33,85.72,81.11,82.79,1916359.3
1666224000000,82.79,83.93,79.82,80.66,1417318.9
1666310400000,80.67,83.3,78.27,82.07,1582582.6
1666396800000,82.08,84.5,81.25,82.06,803941.4
1666483200000,82.06,90.09,81.46,88.77,1118876.7
1666569600000,88.77,89.92,84.65,85.12,1363528.4
1666656000000,85.13,86.38,81.29,81.89,1754315.4
1666742400000,81.89,85.31,80.85,83.36,1402053.3
1666828800000,83.37,87.09,80.5,81.33,1084198.9
1666915200000,81.33,84.9,80.45,84.1,722610.4
1667001600000,84.11,87.45,83.74,85.34,677220.4
1667088000000,85.35,86.91,82.7,83.83,434168.7
1667174400000,83.84,87.16,82.2,83.73,702308.0
1667260800000,83.75,86.27,83.49,84.12,633855.2
1667347200000,84.12,85.7,79.08,80.37,853232.5
1667433600000,80.37,86.65,79.74,83.65,791459.8
1667520000000,83.66,97.6,83.14,94.62,1719698.0
1667606400000,94.64,98.2,93.39,96.29,967814.1
1667692800000,96.29,96.37,86.2,86.23,851177.6
1667779200000,86.25,90.37,83.77,87.19,956543.0
1667865600000,87.17,88.28,65.0,72.14,2292729.8
1667952000000,72.14,73.03,56.7,57.98,1901179.9
1668038400000,57.98,70.78,56.92,67.99,1633427.3
1668124800000,67.99,68.87,60.52,64.02,964776.4
1668211200000,64.01,64.13,56.71,58.03,1693832.9
1668297600000,58.06,60.97,55.55,56.6,1214404.9
1668384000000,56.6,59.73,53.32,59.05,1188924.0
1668470400000,59.06,63.2,58.34,60.98,1143892.0
1668556800000,61.01,62.13,57.0,58.25,826729.3
1668643200000,58.25,59.6,56.73,58.53,670670.5
1668729600000,58.55,61.38,57.37,58.29,672218.1
1668816000000,58.29,59.16,56.78,58.72,352919.2
1668902400000,58.72,61.48,55.46,55.98,891630.5
1668988800000,55.98,58.42,53.88,55.85,1030207.0
1669075200000,55.85,57.84,50.0,57.42,4361506.9
1669161600000,57.43,59.34,56.43,58.38,1261090.4
1669248000000,58.39,60.13,57.24,58.09,717229.1
1669334400000,58.09,60.45,56.7,59.12,904604.7
1669420800000,59.12,62.5,59.05,61.69,931944.2
1669507200000,61.69,63.39,60.06,61.53,1088896.9
1669593600000,61.55,62.59,58.43,60.17,975734.6
1669680000000,60.17,62.48,59.52,61.57,546934.8
1669766400000,61.58,65.99,61.57,65.28,933396.6
1669852800000,65.29,65.5,63.0,63.67,516725.7
1669939200000,63.67,65.82,62.23,65.67,591625.7
1670025600000,65.67,66.37,62.51,62.71,436049.0
1670112000000,62.71,64.64,62.62,64.31,325834.1
1670198400000,64.31,67.3,63.75,64.35,644590.8
1670284800000,64.35,65.54,62.72,63.92,439966.5
1670371200000,63.91,64.04,59.97,61.3,651688.3
1670457600000,61.31,63.47,60.32,62.82,482982.8
1670544000000,62.82,63.35,61.01,61.49,390533.3
1670630400000,61.49,62.12,61.1,61.35,204318.4
1670716800000,61.35,61.53,59.1,59.63,298325.1
1670803200000,59.61,60.85,58.0,60.06,550374.0
1670889600000,60.07,63.9,58.12,62.02,724246.0
1670976000000,62.03,63.53,61.03,62.52,488254.9
1671062400000,62.52,63.1,60.5,60.97,442519.8
1671148800000,60.97,61.22,53.62,54.69,756742.6
1671235200000,54.67,55.92,53.0,55.51,560033.6
1671321600000,55.51,56.54,54.8,55.8,231208.2
1671408000000,55.79,56.54,52.93,53.7,480494.5
1671494400000,53.69,56.27,53.1,55.63,467004.8
1671580800000,55.63,56.41,54.6,55.97,445723.8
1671667200000,55.97,56.11,53.55,55.62,466745.8
1671753600000,55.62,56.14,54.21,54.54,289263.1
1671840000000,54.53,54.73,54.04,54.34,157692.7
1671926400000,54.35,55.46,53.7,54.35,440612.2
1672012800000,54.36,56.05,54.13,55.91,334316.2
1672099200000,55.91,58.19,55.4,57.43,646008.2
1672185600000,57.43,57.81,53.15,53.71,775344.8
1672272000000,53.71,54.95,53.47,54.41,484424.6
1672358400000,54.41,54.72,51.44,52.39,715469.8
1672444800000,52.39,53.38,51.64,51.93,412238.3
1672531200000,51.92,52.41,51.05,52.09,307265.3
1672617600000,52.1,54.1,51.25,52.93,535052.2
1672704000000,52.93,53.51,52.02,53.02,403312.0
1672790400000,53.02,57.64,52.59,56.73,1093355.5
1672876800000,56.74,56.94,54.83,55.42,551165.0
1672963200000,55.42,56.8,53.97,56.39,609927.4
1673049600000,56.4,56.89,55.7,56.03,369805.0
1673136000000,56.01,59.7,55.27,59.32,1041152.1
1673222400000,59.32,63.12,59.03,61.13,1058679.8
1673308800000,61.15,62.89,59.56,61.86,706112.0
1673395200000,61.86,64.69,59.9,64.16,674054.9
1673481600000,64.16,68.62,63.43,67.77,1902602.7
1673568000000,67.77,73.6,66.61,71.15,1065926.4
1673654400000,71.14,81.54,71.12,76.01,1933964.7
1673740800000,76.01,83.15,72.89,79.31,1755856.6
1673827200000,79.3,82.76,76.07,80.64,1207773.8
1673913600000,80.64,91.35,78.45,85.7,2436651.4
1674000000000,85.71,90.0,76.89,81.94,2445917.4
1674086400000,81.94,83.78,77.7,81.26,1147840.7
1674172800000,81.25,88.68,79.73,87.62,1111691.3
1674259200000,87.6,89.29,83.98,84.5,909930.1
1674345600000,84.5,90.33,83.52,85.41,1036916.6
1674432000000,85.38,90.26,84.5,86.66,941983.3
1674518400000,86.67,88.61,78.72,79.86,1035210.5
1674604800000,79.85,87.51,78.01,85.69,1065795.7
1674691200000,85.71,90.68,85.06,88.79,1106820.4
1674777600000,88.81,89.73,84.7,87.36,831012.5
1674864000000,87.37,88.32,83.11,84.21,631267.0
1674950400000,84.22,88.67,83.31,87.7,605248.4
1675036800000,87.71,88.39,78.98,81.13,764282.7
1675123200000,81.14,83.6,80.19,82.95,520369.1
1675209600000,82.95,88.58,80.25,88.42,760353.6
1675296000000,88.41,93.46,87.5,88.33,1164642.9
1675382400000,88.32,94.42,87.24,91.14,1230310.5
1675468800000,91.14,92.08,88.11,88.96,421817.2
1675555200000,88.95,89.19,83.13,85.65,543245.7
1675641600000,85.65,87.83,83.26,84.1,511617.7
1675728000000,84.1,89.27,83.79,88.7,538022.8
1675814400000,88.7,90.18,84.5,87.08,594581.2
1675900800000,87.08,90.15,75.83,77.78,1959599.4
1675987200000,77.79,80.41,76.58,78.58,749880.0
1676073600000,78.58,79.47,77.7,79.31,326674.2
1676160000000,79.32,80.47,76.07,77.29,341791.5
1676246400000,77.29,84.0,73.41,82.38,2537589.9
1676332800000,82.38,83.82,78.5,83.04,1644716.1
1676419200000,83.04,89.59,82.11,89.47,962674.6
1676505600000,89.47,90.68,83.67,84.0,979474.0
1676592000000,84.0,88.4,83.34,86.41,825158.4
1676678400000,86.41,91.48,86.4,91.06,590879.5
1676764800000,91.05,95.51,89.19,90.15,1032797.8
1676851200000,90.16,93.12,86.8,92.17,768740.4
1676937600000,92.16,92.84,85.6,87.76,697046.8
1677024000000,87.77,87.88,82.06,85.1,652094.5
1677110400000,85.09,87.62,83.73,85.66,567686.4
1677196800000,85.67,86.8,78.34,81.53,744528.0
1677283200000,81.52,83.59,77.09,79.93,466625.9
1677369600000,79.92,82.37,79.6,82.2,278785.8
1677456000000,82.2,83.57,79.41,80.16,454288.2
1677542400000,80.18,80.25,76.67,77.64,470944.0
1677628800000,77.64,83.18,76.87,82.83,665535.6
1677715200000,82.83,83.1,78.37,79.97,492205.1
1677801600000,79.97,79.98,72.85,76.85,753306.4
1677888000000,76.84,77.48,73.7,75.28,374249.7
1677974400000,75.28,77.19,74.58,74.99,372132.9
1678060800000,75.0,77.46,74.15,76.6,486291.7
1678147200000,76.6,77.77,73.54,75.21,657551.7
1678233600000,75.21,75.46,71.0,71.58,617656.6
1678320000000,71.58,73.99,66.71,68.68,921163.1
1678406400000,68.67,68.69,64.54,68.26,930546.5
1678492800000,68.25,70.76,63.74,66.83,1158908.5
1678579200000,66.82,72.95,65.66,72.84,808912.7
1678665600000,72.84,77.05,70.86,76.01,916614.1
1678752000000,76.01,81.49,74.14,79.08,1102312.2
1678838400000,79.08,80.62,71.46,73.8,925225.7
1678924800000,73.81,75.63,72.95,74.77,565919.4
1679011200000,74.77,80.67,73.62,80.58,633441.0
1679097600000,80.56,81.9,77.12,77.77,613059.2
1679184000000,77.75,81.64,77.42,79.4,518189.1
1679270400000,79.42,80.12,75.54,75.97,660851.2
1679356800000,75.96,79.61,74.12,78.92,619724.5
1679443200000,78.92,79.32,72.5,75.07,773134.2
1679529600000,75.07,80.49,74.31,77.05,706851.3
1679616000000,77.05,77.37,72.07,72.98,742082.5
1679702400000,72.98,73.5,70.05,71.26,334500.4
1679788800000,71.25,73.3,70.76,72.79,330721.6
1679875200000,72.79,73.57,68.0,69.7,618253.6
1679961600000,69.7,71.59,68.7,70.57,513791.1
1680048000000,70.57,73.49,70.48,72.83,429935.5
1680134400000,72.84,74.34,70.08,71.28,649158.6
1680220800000,71.27,74.48,70.63,74.13,633585.2
1680307200000,74.14,74.83,73.4,74.13,277712.8
1680393600000,74.12,74.76,71.54,72.94,291882.4
1680480000000,72.95,75.07,70.66,73.76,604640.9
1680566400000,73.77,76.91,72.93,76.38,412139.8
1680652800000,76.38,79.4,75.82,78.19,488436.9
1680739200000,78.2,81.41,77.43,80.55,696409.3
1680825600000,80.56,80.96,77.45,78.25,481310.0
1680912000000,78.24,78.88,75.66,76.28,252355.6
1680998400000,76.28,77.51,74.72,76.2,292455.8
1681084800000,76.21,78.7,75.07,78.46,355555.9
1681171200000,78.47,80.5,77.96,79.01,448374.8
1681257600000,79.03,79.65,75.42,78.92,513340.6
1681344000000,78.94,81.78,76.68,81.22,879583.2
1681430400000,81.23,83.89,80.11,82.63,707723.6
1681516800000,82.64,84.41,80.93,82.58,469612.1
1681603200000,82.57,83.79,80.66,83.4,477450.9
1681689600000,83.39,84.62,80.14,81.07,720958.7
1681776000000,81.08,84.31,79.5,82.02,624422.4
1681862400000,82.01,82.15,71.03,73.97,871015.3
1681948800000,73.96,75.36,71.52,72.35,616761.3
1682035200000,72.35,73.35,68.04,69.07,599575.3
1682121600000,69.07,70.92,68.6,70.77,255472.9
1682208000000,70.78,71.09,68.2,70.31,329265.6
1682294400000,70.31,71.48,68.0,69.8,368547.9
1682380800000,69.8,71.36,68.31,71.22,438546.1
1682467200000,71.22,74.61,65.95,69.4,839027.4
1682553600000,69.41,72.1,68.77,71.41,689218.8
1682640000000,71.42,72.29,70.0,72.09,402223.9
1682726400000,72.1,72.72,71.21,71.78,242790.4
1682812800000,71.77,72.57,70.11,70.22,295483.5
1682899200000,70.22,70.74,67.55,68.88,368676.6
1682985600000,68.88,69.54,67.93,69.07,289295.5
1683072000000,69.07,71.84,67.5,71.7,524835.4
1683158400000,71.71,71.99,70.22,70.84,412963.8
1683244800000,70.84,74.28,70.03,73.42,554420.8
1683331200000,73.43,74.11,68.41,69.74,590896.7
1683417600000,69.74,70.18,68.11,68.74,295593.5
1683504000000,68.74,69.16,62.17,64.44,844278.3
1683590400000,64.45,64.84,63.54,64.36,342922.2
1683676800000,64.37,65.79,61.17,64.6,692423.9
1683763200000,64.61,64.74,60.64,62.22,610876.6
1683849600000,62.21,63.28,60.05,63.17,592819.5
1683936000000,63.16,63.2,61.8,62.15,203478.4
1684022400000,62.14,63.37,61.47,62.19,247734.2
1684108800000,62.18,64.5,61.34,62.73,518634.7
1684195200000,62.74,63.25,61.84,62.87,385261.5
1684281600000,62.86,64.98,61.7,64.95,543950.3
1684368000000,64.96,67.37,64.45,64.91,837876.4
1684454400000,64.92,65.67,63.89,65.33,372996.8
1684540800000,65.34,65.36,64.48,65.16,178070.1
1684627200000,65.17,65.46,63.36,63.9,238064.2
1684713600000,63.9,64.8,62.82,64.28,335107.0
1684800000000,64.28,66.27,64.02,65.42,376964.2
1684886400000,65.41,65.49,62.22,63.89,478955.0
1684972800000,63.9,64.24,62.23,63.46,452250.1
1685059200000,63.47,65.69,62.81,64.59,450428.3
1685145600000,64.59,65.77,64.39,65.69,221298.3
1685232000000,65.69,69.53,65.4,69.03,392396.3
1685318400000,69.03,69.43,66.77,67.33,363059.3
1685404800000,67.34,67.91,66.18,66.63,302331.0
1685491200000,66.63,66.95,63.16,63.81,553892.0
1685577600000,63.82,64.23,62.28,62.63,389466.3
1685664000000,62.64,64.55,62.02,63.63,442661.2
1685750400000,63.64,64.34,62.67,63.58,219964.9
1685836800000,63.58,64.71,62.45,62.76,344093.4
1685923200000,62.77,62.89,56.22,59.84,853893.7
1686009600000,59.84,62.82,59.36,61.75,642104.3
1686096000000,61.76,61.98,58.51,59.14,570279.6
1686182400000,59.14,60.55,58.27,59.82,432932.0
1686268800000,59.83,60.7,59.03,60.02,329276.6
1686355200000,60.01,60.05,46.36,52.59,1814002.0
1686441600000,52.59,53.41,51.63,52.18,467138.4
1686528000000,52.18,54.01,50.51,53.72,573634.3
1686614400000,53.73,56.05,53.12,55.02,599292.3
1686700800000,55.02,56.13,51.3,51.99,741821.9
1686787200000,51.99,52.53,48.97,50.12,1269999.6
1686873600000,50.13,51.24,49.02,50.67,699860.9
1686960000000,50.68,52.3,50.24,51.04,537640.4
1687046400000,51.05,51.95,50.52,50.89,359880.6
1687132800000,50.89,52.18,50.43,51.94,417558.7
1687219200000,51.95,53.18,49.94,53.08,569749.4
1687305600000,53.09,55.53,52.81,54.95,805103.4
1687392000000,54.96,57.27,54.8,55.55,685563.6
1687478400000,55.55,57.85,55.13,57.08,463224.4
1687564800000,57.08,58.3,55.92,57.0,504380.0
1687651200000,57.04,78.0,56.87,68.7,11434886.2
1687737600000,68.71,69.38,62.3,63.14,3522674.3
1687824000000,63.15,66.66,62.53,64.92,2057375.5
1687910400000,64.92,65.38,57.18,59.35,1416962.4
1687996800000,59.36,67.14,58.92,62.97,2641002.0
1688083200000,62.97,71.68,60.9,70.5,3660778.6
1688169600000,70.49,70.7,66.38,68.11,960923.4
1688256000000,68.12,73.41,67.21,70.65,1940817.3
1688342400000,70.63,74.71,68.63,72.94,1760160.9
1688428800000,72.94,81.63,71.53,77.03,4370658.4
1688515200000,77.04,80.63,71.67,74.59,3562470.0
1688601600000,74.6,78.12,70.22,70.23,2066710.0
1688688000000,70.23,74.96,69.2,74.71,1401961.4
1688774400000,74.72,77.28,72.67,73.57,1355081.2
1688860800000,73.56,74.5,71.38,71.8,1352574.5
1688947200000,71.8,71.91,68.69,69.27,1494286.7
1689033600000,69.27,74.43,68.86,73.3,1818192.9
1689120000000,73.3,77.35,73.14,75.61,2110847.2
1689206400000,75.61,79.36,74.51,79.16,2072707.7
1689292800000,79.16,88.13,77.74,81.08,3207624.0
1689379200000,81.09,82.77,77.8,78.97,1486004.7
1689465600000,78.97,79.7,76.14,76.82,1378257.4
1689552000000,76.81,79.4,73.37,75.14,1546849.7
1689638400000,75.14,75.72,70.69,72.04,1214234.5
1689724800000,72.05,73.65,71.01,71.65,859976.2
1689811200000,71.65,75.28,71.2,72.48,1160406.6
1689897600000,72.49,75.68,71.65,74.32,1092410.8
1689984000000,74.33,74.99,70.73,71.68,562620.1
1690070400000,71.68,73.35,71.25,72.22,461368.0
1690156800000,72.22,72.68,67.48,70.24,891896.4
1690243200000,70.25,71.64,69.67,70.06,617226.3
1690329600000,70.07,73.63,69.03,71.98,933794.9
1690416000000,71.98,75.11,71.51,72.44,1026893.0
1690502400000,72.44,73.93,72.24,72.78,518081.5
1690588800000,72.76,75.0,72.05,74.34,555018.8
1690675200000,74.35,75.09,69.2,70.82,1196055.3
1690761600000,70.82,72.28,63.88,65.32,2133129.0
1690848000000,65.32,65.6,61.42,65.56,3330036.1
1690934400000,65.57,67.21,62.37,64.42,2501835.5
1691020800000,64.41,65.01,62.83,62.94,1420076.0
1691107200000,62.95,66.98,62.68,64.16,1555350.0
1691193600000,64.15,65.95,63.06,64.45,970641.6
1691280000000,64.45,66.18,64.09,65.93,678226.4
1691366400000,65.93,67.14,62.8,64.92,990015.1
1691452800000,64.92,67.05,64.54,66.24,715042.7
1691539200000,66.24,67.98,65.82,67.3,701461.6
1691625600000,67.3,69.55,66.77,67.04,759277.5
1691712000000,67.05,67.1,65.29,65.95,577129.3
1691798400000,65.95,66.63,65.72,66.16,289162.6
1691884800000,66.16,66.41,65.17,65.59,359341.2
1691971200000,65.59,66.63,65.26,65.49,347536.6
1692057600000,65.49,65.83,61.53,63.5,644969.9
1692144000000,63.51,63.68,57.95,60.34,1110537.7
1692230400000,60.34,60.58,49.41,55.38,1530073.3
1692316800000,55.39,56.78,54.69,55.8,813830.4
1692403200000,55.8,57.14,55.51,56.55,295514.9
1692489600000,56.54,57.42,56.17,57.07,233771.2
1692576000000,57.07,57.58,54.98,55.51,519842.8
1692662400000,55.51,55.61,52.54,54.88,753678.7
1692748800000,54.88,57.69,54.79,57.11,478963.8
1692835200000,57.11,58.95,56.16,57.43,679664.8
1692921600000,57.43,58.46,55.65,56.93,586377.4
1693008000000,56.93,57.36,56.24,56.67,200375.9
1693094400000,56.66,58.33,56.57,58.33,233082.9
1693180800000,58.33,58.48,56.07,58.23,478742.2
1693267200000,58.23,60.71,56.56,59.52,801829.6
1693353600000,59.51,59.63,57.27,57.74,343985.3
1693440000000,57.73,57.94,54.04,55.53,504308.3
1693526400000,55.53,55.83,53.51,54.49,346281.8
1693612800000,54.49,55.32,53.84,55.19,296224.5
1693699200000,55.19,55.2,54.02,54.74,213365.6
1693785600000,54.74,55.55,54.04,54.67,276340.5
1693872000000,54.67,55.87,54.08,55.5,268355.4
1693958400000,55.51,55.88,53.89,55.1,317291.6
1694044800000,55.1,56.46,54.71,56.28,290137.9
1694131200000,56.29,57.36,55.6,56.45,336858.5
1694217600000,56.45,56.6,55.88,56.18,150733.8
1694304000000,56.18,56.19,53.47,53.93,412576.5
1694390400000,53.93,54.15,51.3,52.07,510092.2
1694476800000,52.07,54.37,52.0,53.01,492365.9
1694563200000,52.99,54.62,52.8,53.55,490974.2
1694649600000,53.55,55.06,53.3,54.32,363310.9
1694736000000,54.32,56.1,53.86,55.84,330403.9
1694822400000,55.84,62.9,55.75,59.14,1489829.3
1694908800000,59.13,61.6,57.53,59.33,1209050.3
1694995200000,59.34,62.48,58.07,60.48,918846.2
1695081600000,60.48,64.47,60.45,61.8,801779.8
1695168000000,61.81,65.92,61.2,65.42,1168751.1
1695254400000,65.42,66.1,62.0,62.46,583042.5
1695340800000,62.47,64.53,61.66,64.36,540880.7
1695427200000,64.36,64.92,62.25,62.94,396742.0
1695513600000,62.93,63.19,61.36,61.68,378236.9
1695600000000,61.69,62.95,61.0,62.22,505355.0
1695686400000,62.21,62.31,60.22,61.11,407564.0
1695772800000,61.1,63.08,59.82,60.68,616689.8
1695859200000,60.68,66.86,60.45,65.66,1313301.3
1695945600000,65.67,67.89,64.92,66.04,837813.3
1696032000000,66.05,68.64,65.98,67.53,608970.0
1696118400000,67.53,72.4,67.3,72.22,774271.6
1696204800000,72.23,72.37,67.87,69.15,677128.7
1696291200000,69.14,70.25,64.44,65.04,995551.9
1696377600000,65.04,66.78,62.95,66.64,902269.2
1696464000000,66.64,72.86,66.13,66.85,2490568.2
1696550400000,66.86,69.74,66.84,68.85,875556.3
1696636800000,68.85,69.2,65.82,66.67,803347.2
1696723200000,66.68,67.36,65.06,65.98,384387.3
1696809600000,65.99,66.08,61.87,63.24,706916.8
1696896000000,63.25,64.98,63.0,64.07,604150.5
1696982400000,64.07,64.49,62.5,63.24,481746.8
1697068800000,63.25,64.16,61.68,62.92,415201.9
1697155200000,62.92,64.67,62.88,63.67,343011.5
1697241600000,63.67,65.02,63.53,64.22,283069.7
1697328000000,64.23,64.75,63.72,63.91,250651.2
1697414400000,63.92,67.12,63.41,64.74,751484.0
1697500800000,64.75,64.8,61.0,62.56,585887.6
1697587200000,62.56,63.56,61.8,62.0,356975.7
1697673600000,61.99,65.46,61.0,63.87,931857.7
1697760000000,63.87,69.96,63.31,65.86,1827189.7
1697846400000,65.87,70.92,65.15,70.03,1093763.5
1697932800000,70.03,80.25,68.88,79.27,3240053.1
1698019200000,79.28,88.0,78.28,84.9,3501116.6
1698105600000,84.92,90.95,80.65,83.5,2112390.7
1698192000000,83.5,86.53,81.25,86.15,1362172.4
1698278400000,86.14,89.04,76.69,80.73,1422218.0
1698364800000,80.73,80.77,75.42,78.38,798455.7
1698451200000,78.38,81.68,78.22,80.02,472476.3
1698537600000,80.03,85.97,79.2,84.57,829646.9
1698624000000,84.57,87.55,81.14,83.67,931230.0
1698710400000,83.68,84.85,78.87,81.46,775296.4
1698796800000,81.45,91.9,80.76,89.26,1645466.1
1698883200000,89.25,102.75,87.63,92.03,3456474.7
1698969600000,92.03,93.25,87.74,90.22,1009402.5
1699056000000,90.23,92.96,88.09,90.13,842437.6
1699142400000,90.13,92.4,86.02,89.15,1018765.0
1699228800000,89.15,100.99,87.56,100.33,1847404.1
1699315200000,100.34,104.87,95.51,97.49,1825898.1
1699401600000,97.5,101.49,95.14,100.38,767245.4
1699488000000,100.39,110.0,92.0,100.84,2486404.5
1699574400000,100.83,100.99,95.36,100.37,893679.3
1699660800000,100.38,100.68,94.0,96.95,958810.1
1699747200000,96.96,99.88,93.0,99.76,728669.1
1699833600000,99.77,104.82,92.05,92.94,1129288.8
1699920000000,92.91,95.52,85.06,90.8,579202.6
1700006400000,90.8,95.86,90.08,95.49,620636.5
1700092800000,95.49,98.29,90.03,91.1,1234441.2
1700179200000,91.11,93.61,84.93,88.71,734278.1
1700265600000,88.71,88.96,82.7,88.14,555820.6
1700352000000,88.13,91.77,86.0,91.51,372202.9
1700438400000,91.51,93.21,88.6,90.28,568262.0
1700524800000,90.28,92.65,83.36,84.47,853687.6
1700611200000,84.46,96.2,84.22,95.43,881705.6
1700697600000,95.43,101.1,95.04,96.05,695225.1
1700784000000,96.05,100.09,95.66,99.23,569785.1
1700870400000,99.24,101.94,97.19,99.65,456688.5
1700956800000,99.64,103.31,96.08,97.96,604358.1
1701043200000,97.97,99.17,93.32,96.28,384212.2
1701129600000,96.29,99.2,92.88,96.96,911349.3
1701216000000,96.96,98.91,95.37,96.53,487209.4
1701302400000,96.54,98.42,95.0,98.35,306898.6
1701388800000,98.35,101.83,98.04,100.18,378641.6
1701475200000,100.18,104.92,99.76,104.27,401249.1
1701561600000,104.28,106.16,101.27,102.83,314042.3
1701648000000,102.84,105.08,97.1,100.05,917043.3
1701734400000,100.05,100.79,95.3,98.79,764472.1
1701820800000,98.76,100.52,95.29,96.28,583513.5
1701907200000,96.28,99.77,94.42,98.72,648878.2
1701993600000,98.72,100.95,95.72,99.47,984810.6
1702080000000,99.49,105.08,97.35,98.65,1249073.3
1702166400000,98.66,99.98,95.3,97.97,575491.9
1702252800000,97.97,98.45,86.0,91.57,1322875.5
1702339200000,91.55,93.81,90.43,92.66,670396.4
1702425600000,92.67,95.3,88.15,94.78,848756.6
1702512000000,94.79,107.72,91.91,107.21,1225014.4
1702598400000,107.2,118.8,103.91,108.25,3022643.0
1702684800000,108.26,109.2,103.59,104.84,1105933.6
1702771200000,104.83,105.59,99.7,100.17,700484.2
1702857600000,100.17,101.05,93.18,99.38,900508.8
1702944000000,99.38,108.0,98.65,101.43,1203682.6
1703030400000,101.41,105.91,99.26,100.18,744467.8
1703116800000,100.17,102.24,98.6,101.79,648493.9
1703203200000,101.8,102.73,98.25,100.16,668034.3
1703289600000,100.16,102.25,94.92,99.44,961537.1
1703376000000,99.42,103.86,97.34,99.65,994924.1
1703462400000,99.64,105.25,98.32,102.81,953160.0
1703548800000,102.81,111.19,97.0,102.97,1765376.5
1703635200000,102.98,113.46,99.02,112.08,1462104.5
1703721600000,112.09,129.99,112.09,119.03,3000825.3
1703808000000,119.03,122.45,108.0,112.53,1617822.3
1703894400000,112.52,117.64,110.89,111.12,1089928.3
1703980800000,111.11,119.05,106.0,108.78,1195155.8
1704067200000,108.77,116.35,107.73,116.32,539862.3
1704153600000,116.32,120.07,108.17,110.4,832060.6
1704240000000,110.39,113.21,88.87,102.54,1381187.3
1704326400000,102.53,105.53,101.08,103.81,518354.7
1704412800000,103.82,108.61,98.98,102.94,790570.1
1704499200000,102.94,103.29,96.83,99.38,410797.1
1704585600000,99.38,100.54,93.55,94.86,452616.7
1704672000000,94.87,100.34,88.33,99.01,774825.9
1704758400000,99.02,99.26,91.82,96.43,665545.2
1704844800000,96.43,110.21,96.0,106.99,1245590.1
1704931200000,106.99,118.1,106.16,109.58,1362681.8
1705017600000,109.57,113.91,99.21,102.99,912967.6
1705104000000,102.98,107.69,100.62,105.97,370135.7
1705190400000,105.96,106.1,99.05,99.36,327691.8
1705276800000,99.36,103.31,99.24,101.82,356724.7
1705363200000,101.82,114.94,101.72,103.51,1096871.4
1705449600000,103.51,104.12,99.79,101.28,463712.7
1705536000000,101.29,101.67,95.21,96.84,417440.9
1705622400000,96.84,97.85,91.32,97.0,482591.3
1705708800000,96.99,98.56,95.94,97.36,258091.0
1705795200000,97.36,98.58,96.29,96.42,223354.2
1705881600000,96.42,97.21,90.21,91.72,457987.2
1705968000000,91.74,93.54,84.22,89.57,582583.8
1706054400000,89.59,90.71,88.27,89.95,282821.1
1706140800000,89.95,89.96,86.83,88.79,237447.5
1706227200000,88.79,91.65,87.44,91.27,259740.3
1706313600000,91.27,92.15,90.23,91.53,176515.8
1706400000000,91.53,93.45,89.96,91.14,258732.3
1706486400000,91.14,93.85,90.2,93.58,252474.5
1706572800000,93.58,95.35,92.14,92.98,331225.9
1706659200000,92.97,93.34,85.03,85.82,1136438.6
1706745600000,85.82,86.07,82.74,83.84,815530.0
1706832000000,83.84,86.5,82.25,85.84,1246213.1
1706918400000,85.83,86.82,84.81,85.62,391054.1
1707004800000,85.61,85.76,82.54,83.2,366558.3
1707091200000,83.21,85.93,81.36,84.16,494407.9
1707177600000,84.16,85.37,82.46,84.46,375007.2
1707264000000,84.46,84.99,82.22,84.18,458779.5
1707350400000,84.19,86.71,84.01,85.16,594235.9
1707436800000,85.16,89.88,85.12,87.61,739821.7
1707523200000,87.61,89.26,86.03,88.38,399495.6
1707609600000,88.38,89.88,86.61,87.24,402603.9
1707696000000,87.24,91.07,85.02,90.86,634503.9
1707782400000,90.87,91.44,87.8,89.63,641425.8
1707868800000,89.64,92.83,89.05,91.12,599250.7
1707955200000,91.12,93.71,90.05,92.37,746843.6
1708041600000,92.37,95.08,90.2,94.63,784396.0
1708128000000,94.63,94.91,91.1,93.99,635665.1
1708214400000,94.0,95.6,92.68,94.73,572654.4
1708300800000,94.73,98.13,94.3,96.3,657690.3
1708387200000,96.29,97.22,90.0,93.93,1029340.4
1708473600000,93.94,94.31,88.02,91.79,695053.6
1708560000000,91.8,94.0,90.13,92.01,500384.2
1708646400000,92.01,102.0,89.51,94.71,1760697.1
1708732800000,94.7,104.14,93.77,101.22,1675602.8
1708819200000,101.2,101.83,97.49,100.47,626457.3
1708905600000,100.47,104.08,97.94,102.92,854976.3
1708992000000,102.91,106.11,101.06,104.9,755047.6
1709078400000,104.89,108.94,96.0,104.53,1221170.2
1709164800000,104.53,115.05,103.11,105.88,1140895.9
1709251200000,105.88,110.72,105.86,110.64,546984.0
1709337600000,110.65,118.78,109.86,116.27,757880.9
1709424000000,116.29,119.29,104.0,112.72,783000.2
1709510400000,112.71,115.6,105.06,114.35,989813.1
1709596800000,114.36,119.98,88.47,105.75,1710611.9
1709683200000,105.76,128.25,102.07,127.71,1764353.0
1709769600000,127.72,134.26,120.71,134.11,1135248.5
1709856000000,134.1,138.29,126.7,132.75,1078095.2
1709942400000,132.76,135.34,128.73,131.48,527029.4
1710028800000,131.48,133.8,122.6,126.97,612387.5
1710115200000,126.99,138.83,120.0,136.97,1026855.6
1710201600000,136.98,138.95,123.08,135.49,995841.7
1710288000000,135.51,154.05,134.02,142.81,1311998.8
1710374400000,142.84,146.1,132.02,139.55,903375.6
1710460800000,139.57,141.78,122.0,129.25,1126566.5
1710547200000,129.28,130.5,116.13,118.83,729750.7
1710633600000,118.83,129.67,113.34,127.0,742138.1
1710720000000,126.99,129.58,118.92,123.55,687106.1
1710806400000,123.52,124.8,107.18,109.41,1074451.8
1710892800000,109.39,120.99,105.0,120.25,966158.0
1710979200000,120.23,124.97,116.27,123.45,662340.4
1711065600000,123.45,125.24,114.59,119.05,613190.9
1711152000000,119.05,124.78,118.11,121.48,417520.3
1711238400000,121.47,125.76,120.07,124.95,371652.3
1711324800000,124.99,130.42,123.89,127.13,408319.5
1711411200000,127.13,132.12,125.53,130.96,444795.2
1711497600000,130.94,132.35,123.91,125.09,508231.5
1711584000000,125.1,128.55,122.61,127.99,312344.9
1711670400000,128.0,130.63,124.56,127.63,404650.9
1711756800000,127.64,129.24,123.3,124.04,262394.0
1711843200000,124.04,128.58,123.55,128.49,262893.7
1711929600000,128.47,131.85,121.12,129.5,1008568.7
1712016000000,129.5,129.99,112.87,115.54,953084.9
1712102400000,115.55,119.1,111.48,114.59,581456.1
1712188800000,114.59,119.74,112.14,116.44,376110.6
1712275200000,116.46,116.77,109.45,113.76,423524.6
1712361600000,113.76,121.57,113.13,118.65,937426.6
1712448000000,118.65,123.13,118.35,122.91,340242.2
1712534400000,122.91,129.97,121.36,129.23,446088.7
1712620800000,129.22,134.08,125.29,126.59,880180.9
1712707200000,126.57,129.6,122.14,128.55,1062044.4
1712793600000,128.58,132.94,115.52,117.69,917891.5
1712880000000,117.69,120.15,86.53,99.81,1269814.0
1712966400000,99.8,99.97,67.07,82.45,2252292.5
1713052800000,82.44,89.17,79.67,87.86,1278678.5
1713139200000,87.86,91.55,80.84,84.82,1079284.5
1713225600000,84.83,89.35,80.78,86.65,735240.9
1713312000000,86.65,87.49,80.99,83.61,620829.7
1713398400000,83.61,86.67,81.89,85.39,499199.2
1713484800000,85.39,88.87,78.57,85.72,705050.5
1713571200000,85.71,92.32,84.68,91.75,475848.0
1713657600000,91.76,93.2,89.01,91.03,397846.3
1713744000000,91.02,97.39,90.38,96.31,428687.9
1713830400000,96.31,97.4,93.55,94.57,313188.6
1713916800000,94.56,97.1,89.7,90.69,442256.2
1714003200000,90.69,91.9,87.9,91.46,377177.3
1714089600000,91.45,91.6,88.06,89.52,283248.6
1714176000000,89.52,93.05,86.0,91.7,347228.9
1714262400000,91.71,93.23,89.8,90.2,217934.0
1714348800000,90.21,91.81,86.64,89.33,324370.3
1714435200000,89.34,90.35,80.66,83.3,517433.7
1714521600000,83.29,84.44,78.45,83.59,615961.4
1714608000000,83.62,85.96,80.93,84.84,356244.3
1714694400000,84.84,89.2,83.52,88.72,296530.3
1714780800000,88.71,89.92,87.62,88.94,196338.4
1714867200000,88.95,90.34,87.26,89.94,223173.4
1714953600000,89.95,92.82,87.7,87.83,312488.5
1715040000000,87.84,91.41,86.02,87.86,358282.4
1715126400000,87.86,89.17,85.45,86.1,418087.4
1715212800000,86.09,90.61,84.93,89.87,347778.3
1715299200000,89.87,90.7,83.63,83.73,343258.8
1715385600000,83.72,84.56,82.01,82.21,273041.9
1715472000000,82.22,84.31,82.14,82.95,178384.3
1715558400000,82.96,85.93,80.09,82.76,417318.4
1715644800000,82.76,82.89,80.0,80.38,267418.5
1715731200000,80.39,86.75,79.86,86.02,314735.5
1715817600000,86.02,86.82,83.87,85.88,238179.7
1715904000000,85.88,89.35,84.83,88.17,233010.4
1715990400000,88.18,90.02,87.6,88.17,270101.8
1716076800000,88.17,88.73,84.39,85.26,241618.4
1716163200000,85.26,98.09,84.08,98.05,627873.1
1716249600000,98.07,100.04,95.43,97.13,553092.7
1716336000000,97.13,97.93,92.95,94.44,359569.5
1716422400000,94.44,99.96,91.13,97.96,753476.7
1716508800000,97.95,105.03,95.09,99.43,885977.3
1716595200000,99.43,108.57,99.22,105.23,812613.6
1716681600000,105.23,112.94,103.63,109.65,857670.3
1716768000000,109.64,114.73,107.3,108.64,649060.8
1716854400000,108.65,109.11,103.69,106.45,558342.0
1716940800000,106.44,107.78,102.59,103.83,458740.3
1717027200000,103.81,107.41,102.13,102.93,366886.0
1717113600000,102.93,104.81,100.09,103.82,394226.9
1717200000000,103.82,105.5,103.61,104.14,194552.4
1717286400000,104.12,105.39,102.06,103.2,214174.2
1717372800000,103.18,105.62,100.75,101.13,229504.0
1717459200000,101.13,104.37,99.76,103.1,320198.1
1717545600000,103.1,105.59,102.21,104.45,246233.2
1717632000000,104.47,104.55,101.05,102.49,207813.3
1717718400000,102.48,104.97,87.91,97.47,709682.5
1717804800000,97.46,98.14,92.08,92.85,263231.3
1717891200000,92.84,94.21,91.87,93.44,144279.9
1717977600000,93.43,93.93,90.38,90.83,333054.2
1718064000000,90.82,91.12,84.57,87.7,454071.0
1718150400000,87.71,93.7,86.67,89.98,436049.3
1718236800000,89.99,90.06,83.04,83.73,450478.2
1718323200000,83.73,86.18,80.33,83.63,436452.5
1718409600000,83.63,87.12,83.36,85.88,227128.1
1718496000000,85.88,86.82,84.18,85.74,265336.1
1718582400000,85.74,87.94,81.31,84.92,908863.4
1718668800000,84.91,85.56,73.0,81.96,842474.3
1718755200000,81.96,88.87,81.39,87.3,648150.2
1718841600000,87.29,90.1,84.58,84.78,506507.5
1718928000000,84.77,86.68,81.69,81.94,502268.9
1719014400000,81.95,82.35,79.58,81.6,263343.3
1719100800000,81.6,82.81,80.04,80.7,291805.4
1719187200000,80.7,90.49,76.18,86.24,1194531.6
1719273600000,86.23,95.3,86.14,92.01,1190265.1
1719360000000,92.0,95.62,90.0,94.45,617576.5
1719446400000,94.46,96.48,90.94,93.42,814005.2
1719532800000,93.42,96.95,92.82,93.53,580323.2
1719619200000,93.53,97.45,93.51,96.53,404123.4
1719705600000,96.53,98.12,94.4,97.41,431016.1
1719792000000,97.42,99.94,96.28,98.28,442139.3
1719878400000,98.27,99.6,88.36,91.45,1049282.8
1719964800000,91.46,92.35,83.8,84.22,958766.6
1720051200000,84.23,85.87,78.69,79.53,849391.9
1720137600000,79.53,80.37,70.74,79.83,1279588.6
1720224000000,79.83,83.57,78.38,83.1,391186.7
1720310400000,83.1,83.32,77.87,78.23,431129.6
1720396800000,78.23,84.15,75.39,81.98,622243.8
1720483200000,81.97,86.17,81.21,85.23,463623.8
1720569600000,85.23,91.16,83.75,91.08,403401.4
1720656000000,91.08,95.9,88.45,92.74,760947.7
1720742400000,92.73,98.36,91.86,97.4,736101.8
1720828800000,97.39,101.7,95.52,99.23,534210.8
1720915200000,99.22,104.99,99.05,104.35,521928.8
1721001600000,104.34,106.62,101.2,103.94,709707.6
1721088000000,103.95,106.75,99.24,100.6,805767.9
1721174400000,100.58,103.6,97.3,98.01,615766.1
1721260800000,98.0,100.42,95.33,98.5,465052.0
1721347200000,98.5,101.29,95.62,100.7,304538.7
1721433600000,100.7,100.78,98.43,98.92,215936.2
1721520000000,98.91,100.15,94.14,98.27,350831.1
1721606400000,98.27,99.56,93.42,94.1,381519.5
1721692800000,94.08,96.25,91.52,94.42,488148.0
1721779200000,94.4,94.75,89.2,89.85,263981.5
1721865600000,89.85,97.16,85.61,92.71,1843544.6
1721952000000,92.71,103.18,92.58,97.67,1325423.5
1722038400000,97.66,102.92,97.02,101.08,607201.4
1722124800000,101.07,101.14,97.86,98.66,358424.1
1722211200000,98.67,106.34,98.66,104.92,675154.9
1722297600000,104.93,106.66,102.54,105.12,772972.4
1722384000000,105.13,112.32,103.98,107.44,1160314.0
1722470400000,107.44,117.35,103.55,116.67,2729225.6
1722556800000,116.69,118.0,106.8,110.3,2767169.4
1722643200000,110.3,116.78,102.98,105.48,2712795.4
1722729600000,105.47,112.05,96.76,97.09,2845746.2
1722816000000,97.1,98.9,76.16,95.57,4224311.0
1722902400000,95.58,107.88,95.25,103.52,2042679.2
1722988800000,103.54,106.39,96.5,98.32,1723869.0
1723075200000,98.31,103.86,95.14,101.38,1664270.1
1723161600000,101.38,101.46,93.56,96.29,1004509.5
1723248000000,96.29,97.1,92.44,93.25,547310.8
1723334400000,93.26,96.13,90.76,91.14,765850.0
1723420800000,91.13,97.07,90.16,95.57,1059553.4
1723507200000,95.58,98.77,93.61,97.7,1017005.4
1723593600000,97.69,106.72,96.15,105.94,1651597.5
1723680000000,105.94,112.0,104.12,107.74,3289059.7
1723766400000,107.75,114.82,105.65,112.59,2810451.3
1723852800000,112.6,116.66,109.4,110.84,1454740.4
1723939200000,110.84,113.33,109.26,111.31,1105105.2
1724025600000,111.3,122.49,107.5,118.03,2318653.6
1724112000000,118.04,132.2,117.51,128.8,2700008.3
1724198400000,128.79,143.65,127.66,140.08,3036748.9
1724284800000,140.07,141.89,133.17,135.73,1433632.3
1724371200000,135.73,148.89,132.01,143.25,1969653.0
1724457600000,143.25,143.37,135.18,136.99,1045296.9
1724544000000,136.99,139.82,133.5,135.41,784078.2
1724630400000,135.41,136.76,127.8,128.63,936687.6
1724716800000,128.63,131.66,117.05,119.9,1171823.4
1724803200000,119.9,128.9,118.21,125.45,1379376.3
1724889600000,125.44,128.23,121.56,123.18,874437.7
1724976000000,123.18,131.85,118.25,131.12,1191829.3
1725062400000,131.12,134.0,127.91,129.6,960737.4
1725148800000,129.59,130.0,120.09,120.57,1036182.7
1725235200000,120.56,135.26,117.68,134.82,1433770.6
1725321600000,134.84,135.25,118.6,118.72,2033200.6
1725408000000,118.74,138.83,116.0,135.14,3850580.7
1725494400000,135.13,137.19,127.34,128.81,1881422.7
1725580800000,128.82,130.66,119.47,126.78,2258603.0
1725667200000,126.77,130.74,124.0,125.05,1159012.9
1725753600000,125.05,127.4,123.09,125.84,857734.0
1725840000000,125.84,142.24,123.99,139.93,2259754.5
1725926400000,139.93,152.9,136.12,150.49,2147041.9
1726012800000,150.49,159.0,144.92,149.35,3686438.8
1726099200000,149.35,151.8,141.8,144.95,2328557.8
1726185600000,144.94,146.37,139.2,144.21,1700839.9
1726272000000,144.22,144.24,137.4,139.98,906304.5
1726358400000,139.99,149.84,139.77,143.29,1533776.3
1726444800000,143.29,143.73,137.56,140.21,1266287.1
1726531200000,140.2,147.44,136.64,140.48,1415411.6
1726617600000,140.49,141.89,134.03,141.65,1317887.9
1726704000000,141.66,153.12,141.0,150.25,1393332.5
1726790400000,150.26,158.09,147.51,153.34,1006450.1
1726876800000,153.33,154.67,149.75,154.51,502704.6
1726963200000,154.51,162.89,154.04,162.06,1669511.1
1727049600000,162.08,185.24,158.46,171.89,1909163.5
1727136000000,171.9,173.56,163.62,166.07,1153522.2
1727222400000,166.06,173.8,164.12,165.02,1035950.2
1727308800000,165.01,170.0,162.93,165.08,908173.7
1727395200000,165.09,174.0,163.41,170.28,1126656.8
1727481600000,170.28,171.1,161.64,163.82,630260.4
1727568000000,163.82,164.95,158.5,161.41,658708.9
1727654400000,161.43,161.64,154.6,156.61,879177.0
1727740800000,156.62,164.21,143.12,144.72,1451055.3
1727827200000,144.71,150.13,136.7,139.06,1262141.1
1727913600000,139.07,146.84,134.56,143.6,1822593.2
1728000000000,143.6,152.78,141.42,151.23,1512159.6
1728086400000,151.22,151.77,145.92,148.39,495936.9
1728172800000,148.4,150.5,146.1,150.06,508739.8
1728259200000,150.06,154.79,145.38,146.62,1097161.0
1728345600000,146.61,147.65,141.66,143.05,777299.7
1728432000000,143.05,144.13,138.39,139.37,938861.4
1728518400000,139.37,145.15,136.24,140.61,1234375.1
1728604800000,140.61,145.74,140.24,143.84,661503.4
1728691200000,143.84,157.02,143.19,154.69,828505.3
1728777600000,154.69,155.96,150.43,154.53,665182.3
1728864000000,154.53,165.36,152.93,162.85,1063113.1
1728950400000,162.86,165.93,152.71,156.7,1219194.7
1729036800000,156.68,159.87,153.41,155.7,617824.1
1729123200000,155.72,157.67,150.01,153.05,598221.0
1729209600000,153.06,159.06,151.94,158.97,500029.2
1729296000000,158.96,159.89,155.7,158.12,379853.1
1729382400000,158.12,160.54,155.9,158.87,394696.3
1729468800000,158.87,159.87,151.4,153.19,479054.5
1729555200000,153.2,155.35,149.95,152.64,379455.5
1729641600000,152.62,152.99,143.84,149.52,424845.1
1729728000000,149.53,153.07,145.84,147.4,414718.9
1729814400000,147.4,149.61,131.5,137.98,749984.1
1729900800000,137.99,143.8,136.51,142.59,383506.6
1729987200000,142.58,147.97,141.71,147.85,272547.1
1730073600000,147.86,154.27,146.27,151.54,692182.2
1730160000000,151.53,155.34,149.08,151.42,522268.0
1730246400000,151.42,158.32,148.57,156.18,609742.2
1730332800000,156.18,157.7,140.77,143.39,620196.4
1730419200000,143.39,147.0,139.87,141.34,525907.9
1730505600000,141.34,143.71,136.82,138.36,309653.7
1730592000000,138.36,138.6,128.5,132.78,626792.9
1730678400000,132.8,134.81,125.64,128.23,543512.0
1730764800000,128.23,136.81,127.81,135.73,773967.2
1730851200000,135.73,176.41,135.7,173.69,2457134.0
1730937600000,173.69,191.0,173.27,183.55,2215354.2
1731024000000,183.58,185.5,176.12,182.01,892560.5
1731110400000,182.02,199.65,181.04,195.3,1237913.9
1731196800000,195.29,198.86,181.5,190.19,1341957.1
1731283200000,190.21,195.4,183.29,193.66,1089676.4
1731369600000,193.67,197.0,172.7,179.43,1662441.8
1731456000000,179.44,188.01,167.31,173.4,1335065.1
1731542400000,173.4,177.05,155.74,158.3,1022358.9
1731628800000,158.33,166.54,150.63,164.54,1365304.3
1731715200000,164.54,175.91,163.1,169.07,866659.8
1731801600000,169.07,172.65,159.5,162.13,795794.5
1731888000000,162.13,172.98,161.31,170.89,962637.2
1731974400000,170.89,173.67,158.64,162.1,901834.1
1732060800000,162.08,168.32,153.29,156.83,917142.4
1732147200000,156.83,171.07,151.85,169.39,1113505.4
1732233600000,169.41,173.69,161.37,173.68,931148.7
1732320000000,173.68,184.45,170.02,174.52,1340774.3
1732406400000,174.51,183.8,160.0,171.29,1250312.1
1732492800000,171.27,190.09,166.0,181.54,1809834.8
1732579200000,181.55,184.46,165.55,181.75,1444783.9
1732665600000,181.75,211.0,180.72,210.66,2100853.4
1732752000000,210.66,211.52,197.7,200.3,882422.3
1732838400000,200.31,202.53,194.88,199.12,639961.5
1732924800000,199.12,212.99,197.71,211.99,1009386.5
1733011200000,212.0,214.93,202.74,209.41,791632.2
1733097600000,209.44,241.66,204.0,235.63,2430029.5
1733184000000,235.63,249.68,221.84,240.58,2000267.8
1733270400000,240.6,273.75,236.21,256.5,1800297.7
1733356800000,256.52,267.24,240.58,247.86,1374970.6
1733443200000,247.87,291.39,246.69,281.95,1425016.3
1733529600000,281.94,297.61,278.32,282.46,819977.9
1733616000000,282.45,285.4,274.01,282.99,616687.4
1733702400000,282.99,284.38,220.0,260.53,1698010.3
1733788800000,260.52,288.04,247.56,276.47,2441072.7
1733875200000,276.47,307.47,259.56,302.76,1368672.8
1733961600000,302.76,388.58,294.65,367.14,4157241.5
1734048000000,367.13,390.88,352.98,377.55,2721299.4
1734134400000,377.57,396.23,360.12,365.56,2006566.8
1734220800000,365.56,381.4,354.9,368.47,1622822.1
1734307200000,368.46,399.95,361.58,379.1,2801599.3
1734393600000,379.09,387.32,356.53,361.24,1460341.7
1734480000000,361.26,380.33,333.32,339.53,2254916.1
1734566400000,339.53,350.5,298.83,314.83,2598621.8
1734652800000,314.84,340.79,271.42,329.2,2591976.6
1734739200000,329.21,343.89,294.47,299.0,1419772.5
1734825600000,299.0,323.65,290.85,318.88,1331072.7
1734912000000,318.88,388.94,308.7,383.43,2551276.0
1734998400000,383.43,390.06,365.05,374.94,1429150.5
1735084800000,374.96,385.98,364.38,369.87,927768.2
1735171200000,369.87,371.76,330.31,337.56,961082.9
1735257600000,337.58,352.0,320.27,323.84,1138376.0
1735344000000,323.84,362.19,319.05,354.38,841469.1
1735430400000,354.39,355.74,326.32,332.53,679624.7
1735516800000,332.53,344.89,318.94,321.89,979769.6
1735603200000,321.89,328.2,305.74,308.7,942281.9
1735689600000,308.73,322.95,306.51,319.72,668566.7
1735776000000,319.7,339.9,318.65,333.48,837202.4
1735862400000,333.49,356.32,317.04,350.83,886647.0
1735948800000,350.83,361.35,339.0,351.57,788876.7
1736035200000,351.59,352.7,339.2,341.7,459221.2
1736121600000,341.72,355.29,335.63,341.37,736720.5
1736208000000,341.38,343.26,305.09,306.76,873811.7
1736294400000,306.76,312.4,275.6,293.1,1078691.7
1736380800000,293.1,299.72,273.07,281.01,900901.0
1736467200000,281.01,300.77,277.01,285.58,957672.6
1736553600000,285.61,293.7,279.93,287.12,379085.5
1736640000000,287.12,295.95,284.57,287.75,403098.3
1736726400000,287.76,296.81,256.24,289.42,1622167.0
1736812800000,289.42,301.4,285.33,295.33,831491.7
1736899200000,295.33,323.8,285.65,319.73,1049892.2
1736985600000,319.73,321.33,304.93,311.0,820235.3
1737072000000,310.99,336.45,310.7,334.95,805899.0
1737158400000,334.94,341.91,306.04,315.39,985225.7
1737244800000,315.4,348.19,292.47,309.27,1984077.0
1737331200000,309.28,365.46,296.33,337.37,3512110.8
1737417600000,337.38,378.63,326.82,370.74,2364292.8
1737504000000,370.73,372.41,345.35,346.53,972103.2
1737590400000,346.57,350.35,324.26,337.21,1212387.7
1737676800000,337.24,357.49,327.8,334.8,914767.4
1737763200000,334.8,338.31,325.74,326.25,525953.4
1737849600000,326.25,336.16,315.63,316.35,531439.4
1737936000000,316.31,320.26,287.48,304.88,1267482.0
1738022400000,304.9,307.62,280.0,283.95,852841.7
1738108800000,283.96,301.81,282.32,290.79,937161.6
1738195200000,290.79,322.26,286.67,315.36,772106.4
1738281600000,315.36,349.15,312.29,332.6,1608944.3
1738368000000,332.6,333.47,294.92,295.95,787309.7
1738454400000,295.96,304.54,245.16,258.22,1352832.0
1738540800000,258.26,285.0,191.99,276.29,3067124.0
1738627200000,276.3,278.19,248.9,271.99,1583378.4
1738713600000,272.0,283.13,255.85,259.57,959376.8
1738800000000,259.57,266.69,239.0,241.32,825840.2
1738886400000,241.32,262.01,230.89,237.93,1014828.4
1738972800000,237.93,241.77,230.91,238.66,599969.5
1739059200000,238.65,252.6,229.64,241.13,786087.3
1739145600000,241.13,258.07,234.28,252.48,823838.3
1739232000000,252.49,262.53,241.77,243.56,703109.1
1739318400000,243.57,260.97,231.57,252.69,806202.5
1739404800000,252.7,258.07,246.31,256.24,724888.1
1739491200000,256.24,269.96,252.9,262.47,570724.4
1739577600000,262.47,263.54,249.48,253.23,303424.2
1739664000000,253.23,258.92,249.8,253.72,414020.0
1739750400000,253.75,278.52,249.36,264.45,1151989.5
1739836800000,264.45,266.02,241.53,249.42,887074.6
1739923200000,249.44,258.27,246.57,252.88,622921.6
1740009600000,252.89,263.35,250.9,261.14,590844.4
1740096000000,261.14,268.99,238.3,242.6,918177.9
1740182400000,242.59,251.49,238.8,246.98,493308.0
1740268800000,246.97,254.16,242.83,247.49,376516.1
1740355200000,247.5,249.2,205.0,210.63,1014514.9
1740441600000,210.62,213.46,189.37,205.04,1735893.4
1740528000000,205.04,211.5,192.01,202.48,1280578.4
1740614400000,202.49,210.0,196.54,203.86,750689.7
1740700800000,203.86,204.42,178.1,192.13,1423059.4
1740787200000,192.14,196.96,183.33,194.94,724427.3
1740873600000,194.94,226.93,190.0,223.38,1295436.7
1740960000000,223.39,224.34,177.64,180.85,1377250.2
1741046400000,180.86,216.79,167.39,206.53,3188737.0
1741132800000,206.53,226.24,204.19,220.74,2084232.9
1741219200000,220.75,239.55,208.06,208.4,1939166.4
1741305600000,208.4,212.02,195.17,196.54,1632177.3
1741392000000,196.54,199.21,185.01,195.64,1106842.9
1741478400000,195.64,198.11,176.18,178.49,1402346.8
1741564800000,178.5,201.91,175.16,180.27,2164259.9
1741651200000,180.28,185.93,166.4,181.98,2174255.5
1741737600000,181.97,184.24,163.7,174.72,1870830.9
1741824000000,174.72,176.4,160.01,162.74,1617334.2
1741910400000,162.73,177.24,161.92,173.06,1166089.8
1741996800000,173.06,177.28,171.67,172.87,669638.2
1742083200000,172.87,173.97,163.15,164.59,881083.0
1742169600000,164.59,177.14,164.4,174.63,840573.8
1742256000000,174.63,175.24,164.57,170.0,785467.1
1742342400000,170.0,184.58,169.55,182.42,1216839.9
1742428800000,182.43,183.05,171.42,178.71,951491.7
1742515200000,178.71,183.12,173.89,178.19,706518.8
1742601600000,178.2,183.64,178.14,179.66,504431.5
1742688000000,179.66,186.46,179.3,185.01,629924.4
1742774400000,185.0,194.94,181.12,190.66,812639.0
1742860800000,190.66,192.54,185.17,186.56,644621.8
1742947200000,186.58,190.25,175.08,177.33,973658.4
1743033600000,177.33,186.07,176.94,184.65,740547.9
1743120000000,184.66,186.9,168.27,175.76,977915.6
1743206400000,175.75,180.61,165.66,168.02,1081408.9
1743292800000,168.02,169.5,161.2,163.53,842545.5
1743379200000,163.55,164.54,151.65,159.57,1257460.4
1743465600000,159.56,171.43,159.06,165.95,951562.9
1743552000000,165.96,168.92,149.42,150.16,1567656.7
1743638400000,150.13,157.2,146.22,151.06,996328.8
1743724800000,151.06,153.99,144.27,151.92,1223488.0
1743811200000,151.93,155.45,149.41,152.45,599108.2
1743897600000,152.45,152.55,126.26,128.96,1491834.9
1743984000000,128.95,136.18,114.02,131.97,2888033.1
1744070400000,131.96,136.09,123.45,125.26,1679045.2
1744156800000,125.27,145.06,119.77,143.06,1795164.2
1744243200000,143.09,143.31,128.12,131.84,1222500.2
1744329600000,131.84,139.36,131.25,136.37,1022514.4
1744416000000,136.38,150.14,133.67,148.0,857886.8
1744502400000,148.01,148.28,136.41,139.04,924329.8
1744588800000,139.05,147.19,136.73,137.56,984867.3
1744675200000,137.56,142.13,133.45,134.11,900374.1
1744761600000,134.11,137.4,129.64,133.91,1011338.4
1744848000000,133.91,141.51,133.74,138.85,675087.9
1744934400000,138.86,141.09,137.07,138.3,525354.6
1745020800000,138.3,142.9,137.83,141.9,507522.4
1745107200000,141.9,143.48,136.69,140.87,566245.4
1745193600000,140.87,145.98,138.96,142.79,824689.1
1745280000000,142.8,159.16,139.63,158.1,1195744.8
1745366400000,158.11,168.77,157.68,168.0,1309097.1
1745452800000,168.0,170.67,158.27,167.83,1169726.0
1745539200000,167.83,170.56,162.79,166.39,1217224.3
1745625600000,166.4,173.25,164.32,172.87,906330.2
1745712000000,172.88,179.28,165.3,166.49,1055115.9
1745798400000,166.49,174.81,161.5,166.16,1343104.5
1745884800000,166.17,171.19,163.21,165.48,795605.7
1745971200000,165.48,166.91,155.34,164.1,748751.4
1746057600000,164.1,179.23,164.07,172.88,906009.3
1746144000000,172.89,179.1,171.79,174.53,629834.5
1746230400000,174.53,181.05,169.38,177.97,751631.6
1746316800000,177.98,178.92,170.75,170.99,890592.4
1746403200000,171.0,181.01,169.53,176.79,1092779.6
1746489600000,176.78,178.93,163.08,177.79,1288986.9
1746576000000,177.81,179.96,167.33,171.94,984284.6
1746662400000,171.95,208.6,171.9,206.18,1872963.3
1746748800000,206.18,220.56,202.46,211.18,1430210.5
1746835200000,211.18,230.21,208.75,228.45,1213593.7
1746921600000,228.44,230.41,213.76,221.05,953275.6
1747008000000,221.05,229.56,211.91,221.81,1293194.5
1747094400000,221.81,238.27,210.28,236.27,1044180.7
1747180800000,236.27,239.14,223.78,229.42,788440.4
1747267200000,229.43,235.27,216.58,223.74,1340616.9
1747353600000,223.76,245.08,221.35,230.83,1277071.3
1747440000000,230.81,231.95,219.62,222.05,860841.5
1747526400000,222.06,244.0,218.32,231.97,1284522.8
1747612800000,231.97,249.85,211.8,247.68,1590030.0
1747699200000,247.69,270.49,246.31,259.3,3114753.6
1747785600000,259.31,261.96,243.08,247.42,1798551.4
1747872000000,247.44,259.9,246.38,256.77,1217062.7
1747958400000,256.77,264.09,239.1,256.03,1908942.3
1748044800000,256.05,276.86,250.34,261.68,1849474.5
1748131200000,261.68,270.6,256.23,269.14,1547608.7
1748217600000,269.15,276.16,259.08,267.36,1321798.4
1748304000000,267.39,282.84,262.84,271.47,1284577.8
1748390400000,271.46,274.54,260.18,264.88,993960.3
1748476800000,264.88,274.27,248.82,249.97,1309084.0
1748563200000,249.96,256.24,239.8,250.79,1330790.5
1748649600000,250.79,254.33,242.0,246.94,1172996.1
1748736000000,246.93,254.44,237.43,245.97,1101726.0
1748822400000,245.99,258.02,239.04,257.66,1052405.5
1748908800000,257.64,272.95,254.1,266.33,1108736.7
1748995200000,266.3,275.82,262.68,263.97,1155985.3
1749081600000,263.98,266.82,240.0,241.55,1462811.9
1749168000000,241.55,254.96,239.64,250.79,1011432.3
1749254400000,250.79,260.44,249.2,257.36,621168.7
1749340800000,257.36,257.46,252.04,253.68,541034.1
1749427200000,253.68,285.61,250.18,283.24,1178423.8
1749513600000,283.25,317.84,282.69,308.17,2719343.2
1749600000000,308.16,325.43,300.19,303.65,1593809.3
1749686400000,303.66,309.08,288.14,293.8,1589219.7
1749772800000,293.81,294.1,262.51,290.99,2861044.2
1749859200000,290.98,291.05,268.0,275.04,1285877.0
1749945600000,275.05,278.82,266.29,274.82,868266.0
1750032000000,274.82,293.72,271.65,275.05,1646172.9
1750118400000,275.04,283.62,261.99,266.46,1648887.6
1750204800000,266.47,269.93,255.0,258.9,1289568.1
1750291200000,258.9,266.31,248.67,255.46,1293792.7
1750377600000,255.5,264.34,241.88,247.22,1514293.6
1750464000000,247.22,249.93,226.77,234.55,1122760.8
1750550400000,234.58,238.82,212.82,227.78,1960840.4
1750636800000,227.78,258.18,221.61,256.89,1941329.4
1750723200000,256.86,269.5,252.87,263.95,1458965.9
1750809600000,263.95,270.87,254.19,255.81,1050824.8
1750896000000,255.81,265.4,248.93,250.19,1194356.7
1750982400000,250.19,266.56,248.53,259.12,1238882.7
1751068800000,259.12,261.8,252.98,259.76,579815.7
1751155200000,259.77,280.69,256.26,278.42,1114771.0
1751241600000,278.4,284.82,268.35,274.3,1159254.2
1751328000000,274.32,277.31,259.36,259.76,864220.1
1751414400000,259.76,283.41,257.02,276.05,1297562.0
1751500800000,276.04,285.54,272.72,279.27,1216777.4
1751587200000,279.25,282.85,258.38,265.84,1072079.2
1751673600000,265.84,276.58,264.86,273.37,706140.2
1751760000000,273.38,291.71,269.69,287.18,770311.4
1751846400000,287.18,290.67,277.41,283.06,1048530.8
1751932800000,283.06,295.0,277.31,292.85,938543.3
1752019200000,292.85,306.59,289.99,301.47,1269144.8
1752105600000,301.48,315.95,292.15,308.68,1470955.4
1752192000000,308.69,318.09,294.13,297.37,1742599.6
1752278400000,297.37,306.79,292.51,302.15,1008118.9
1752364800000,302.15,317.7,299.84,305.59,1043697.1
1752451200000,305.6,331.73,305.07,315.05,1589003.9
1752537600000,315.07,331.64,305.52,327.5,1818830.6
1752624000000,327.5,335.14,321.07,323.15,1339880.7
1752710400000,323.18,331.85,312.26,321.69,1607975.3
1752796800000,321.68,338.15,311.25,324.35,2440646.8
1752883200000,324.4,325.83,311.66,319.14,747535.9
1752969600000,319.15,335.42,317.15,324.32,1080807.4
1753056000000,324.32,334.89,318.02,322.14,1328260.1
1753142400000,322.15,324.48,300.04,310.55,1657013.6
1753228800000,310.55,311.78,282.0,290.22,1562746.1
1753315200000,290.24,295.4,276.03,286.0,1361413.6
1753401600000,286.0,295.18,279.95,293.99,1172371.2
1753488000000,294.0,299.65,292.18,294.84,525491.9
1753574400000,294.84,305.58,293.85,304.76,672715.1
1753660800000,304.77,308.92,285.59,288.82,1003586.4
1753747200000,288.82,295.5,279.04,282.22,854811.6
1753833600000,282.22,284.63,263.58,274.51,936952.3
1753920000000,274.52,280.14,259.65,260.88,878040.9
1754006400000,260.88,262.72,248.97,255.29,1082974.2
1754092800000,255.29,257.95,244.81,249.33,586706.2
1754179200000,249.33,260.88,246.42,259.89,412805.0
1754265600000,259.89,271.03,259.41,267.73,594335.1
1754352000000,267.73,268.25,250.35,255.25,670075.3
1754438400000,255.24,264.43,251.06,263.42,526823.7
1754524800000,263.42,286.37,262.33,284.98,802837.7
1754611200000,284.98,294.99,279.16,290.82,1003319.8
1754697600000,290.83,311.43,289.89,307.69,843644.1
1754784000000,307.69,311.45,297.87,306.17,742991.9
1754870400000,306.17,312.79,290.9,293.04,949219.2
1754956800000,293.04,324.25,292.17,322.19,1209360.3
1755043200000,322.15,335.73,316.78,332.2,1194006.7
1755129600000,332.2,340.48,303.51,312.4,1571236.9
1755216000000,312.4,317.61,293.54,299.79,868613.5
1755302400000,299.78,303.46,290.04,295.47,413838.6
1755388800000,295.47,310.59,293.86,303.01,633382.8
1755475200000,303.03,304.29,284.1,288.47,878203.2
1755561600000,288.47,292.66,275.67,277.25,758936.5
1755648000000,277.23,299.45,276.65,299.2,852122.3
1755734400000,299.21,304.99,293.65,299.94,863743.0
1755820800000,299.93,346.85,294.0,345.8,1706917.6
1755907200000,345.81,386.24,339.78,357.77,2846141.6
1755993600000,357.77,360.67,343.23,348.66,1236897.0
1756080000000,348.67,350.6,310.14,318.35,1133003.5
1756166400000,318.36,338.91,314.15,335.59,1207256.0
1756252800000,335.61,336.3,319.25,320.46,918919.1
1756339200000,320.45,328.74,312.65,317.37,750349.6
1756425600000,317.37,321.42,303.92,318.99,884210.1
1756512000000,319.0,319.6,310.34,319.18,478989.4
1756598400000,319.18,324.98,315.06,315.57,487276.3
1756684800000,315.57,319.4,298.94,304.68,767646.3
1756771200000,304.68,318.14,303.66,315.54,732055.9
1756857600000,315.54,328.8,312.66,327.78,554153.6
1756944000000,327.79,331.66,305.83,306.29,838221.0
1757030400000,306.29,313.57,298.11,302.18,847242.4
1757116800000,302.18,304.54,297.21,298.21,339121.8
1757203200000,298.21,304.0,297.76,301.36,414427.9
1757289600000,301.36,307.97,298.3,302.81,745723.3
1757376000000,302.8,309.94,294.65,297.85,903307.4
1757462400000,297.85,306.44,295.65,300.07,738326.4
1757548800000,300.07,310.2,299.29,309.45,662929.5
1757635200000,309.47,321.61,307.94,321.34,772298.9
1757721600000,321.34,321.49,309.41,314.86,664655.5
1757808000000,314.86,315.34,302.0,306.0,546667.1
1757894400000,306.0,310.09,295.03,299.19,623801.1
1757980800000,299.18,301.75,289.35,298.74,710190.2
1758067200000,298.74,308.48,290.5,305.96,785134.0
1758153600000,305.98,312.81,302.6,309.15,585548.0
1758240000000,309.16,312.05,296.35,298.43,613790.8
1758326400000,298.44,300.86,294.54,296.7,344538.0
1758412800000,296.7,299.02,292.6,293.88,298625.9
1758499200000,293.87,295.48,241.76,270.12,1444722.1
1758585600000,270.13,280.27,262.97,274.41,688905.2
1758672000000,274.42,281.17,268.16,278.04,661323.6
1758758400000,278.04,279.35,255.6,260.12,1162183.0
1758844800000,260.13,272.58,256.17,270.6,751114.0
1758931200000,270.6,272.13,265.38,266.32,274466.2
1759017600000,266.33,277.0,260.86,274.93,410949.6
1759104000000,274.93,280.28,268.32,276.86,517940.4
1759190400000,276.86,279.06,266.02,274.27,515569.4
1759276800000,274.28,287.94,269.64,286.65,574773.4
1759363200000,286.62,294.24,278.53,288.77,630706.3
1759449600000,288.76,299.59,283.68,290.44,661094.0
1759536000000,290.44,291.86,279.79,283.05,355799.5
1759622400000,283.05,296.1,280.93,285.52,524432.3
1759708800000,285.52,301.75,282.69,297.13,504654.0
1759795200000,297.14,298.23,275.3,275.99,704649.8
1759881600000,276.0,287.19,274.4,285.4,450079.0
1759968000000,285.4,286.63,268.41,273.52,586322.5
1760054400000,273.52,279.52,80.01,223.93,2431381.6
1760140800000,223.94,244.28,216.65,234.14,1555655.4
1760227200000,234.15,256.14,225.04,250.86,1070031.9
1760313600000,250.85,262.84,243.92,260.97,922626.9
1760400000000,260.97,263.36,237.96,255.2,1128194.7
1760486400000,255.19,262.53,236.34,242.12,755671.7
1760572800000,242.12,246.21,222.43,223.09,933390.6
1760659200000,223.09,227.39,200.03,206.47,1802640.7
1760745600000,206.48,216.85,205.28,214.73,560341.0
1760832000000,214.72,226.36,211.47,222.33,703530.1
1760918400000,222.33,235.76,217.72,228.79,696901.3
1761004800000,228.8,236.69,217.91,218.63,896155.0
1761091200000,218.62,225.59,207.89,216.36,1249768.6
1761177600000,216.36,228.28,215.83,224.44,550303.5
1761264000000,224.45,237.08,223.14,228.82,527170.1
1761350400000,228.82,229.01,224.52,226.14,311647.9
1761436800000,226.14,242.5,223.33,240.62,475364.2
1761523200000,240.62,248.93,233.02,234.99,607275.1
1761609600000,234.99,239.06,224.32,228.25,611086.6
1761696000000,228.25,235.3,221.66,227.52,661024.6
1761782400000,227.53,231.14,207.27,215.02,858142.8
1761868800000,215.03,235.66,212.2,228.39,890437.0
1761955200000,228.38,229.27,221.25,222.84,394582.5
1762041600000,222.84,237.08,218.16,231.24,714648.0
1762128000000,231.24,232.91,194.57,199.57,1361488.4
1762214400000,199.57,205.99,176.46,188.02,1667717.8
1762300800000,188.03,205.37,180.58,201.9,1061981.8
1762387200000,201.89,205.89,192.65,197.16,709964.6
1762473600000,197.16,212.64,189.76,207.99,965518.1
1762560000000,207.99,211.07,198.35,202.69,977990.4
1762646400000,202.7,214.96,196.52,212.17,565407.2
1762732800000,212.17,229.29,210.55,228.23,806699.3
1762819200000,228.23,232.15,206.83,207.6,902838.4
1762905600000,207.61,219.41,202.76,205.01,730693.7
1762992000000,205.01,216.71,190.51,198.64,947419.1
1763078400000,198.64,199.8,172.73,173.81,1580669.1
1763164800000,173.79,182.71,173.7,178.42,592612.3
1763251200000,178.42,182.11,167.67,172.78,804954.9
1763337600000,172.78,182.57,164.74,169.04,1086909.7
1763424000000,169.05,179.79,165.08,178.19,909661.9
1763510400000,178.19,179.0,163.4,174.41,938913.1
1763596800000,174.4,179.61,159.27,164.55,1005494.3
1763683200000,164.56,167.93,145.0,157.72,1387296.5
1763769600000,157.73,163.48,155.06,161.05,609560.3
1763856000000,161.05,171.45,160.23,167.35,617738.6
1763942400000,167.36,180.08,165.42,178.41,786853.6
1764028800000,178.41,181.33,173.95,178.89,674196.7
1764115200000,178.9,188.7,174.63,185.67,626487.0
1764201600000,185.66,187.9,181.84,185.85,411449.1
1764288000000,185.85,189.42,182.12,185.18,531740.8
1764374400000,185.18,186.56,180.78,181.98,323893.3
1764460800000,181.97,190.81,176.6,177.32,737886.5
1764547200000,177.32,178.01,162.19,171.28,1011386.8
1764633600000,171.27,190.73,167.13,189.78,769313.0
1764720000000,189.78,200.51,189.28,197.74,731967.7
1764806400000,197.74,199.3,187.29,190.42,509922.0
1764892800000,190.42,193.48,181.19,183.37,545621.6
1764979200000,183.38,191.42,182.02,187.31,312512.5
1765065600000,187.3,194.94,181.77,187.39,596910.3
1765152000000,187.4,199.98,185.69,191.42,670417.0
1765238400000,191.42,206.28,187.09,202.29,838688.8
1765324800000,202.29,207.05,196.09,196.81,736022.3
1765411200000,196.82,203.23,186.85,202.33,743012.8
1765497600000,202.34,206.8,189.16,191.25,929845.0
1765584000000,191.25,202.61,191.14,197.41,474558.6
1765670400000,197.4,198.03,184.95,188.49,429168.8
1765756800000,188.49,196.65,179.06,192.8,953538.0
1765843200000,192.8,193.18,183.21,186.11,824667.1
1765929600000,186.11,192.69,176.67,179.9,901344.6
1766016000000,179.89,185.17,169.36,173.46,859871.4
1766102400000,173.47,187.47,171.63,181.53,707389.6
1766188800000,181.53,183.2,179.64,179.8,311608.1
1766275200000,179.8,180.03,156.12,165.08,1021788.9
1766361600000,165.08,166.54,148.06,150.5,1892355.2
1766448000000,150.51,155.47,147.56,150.71,1135948.9
1766534400000,150.71,151.73,146.33,148.64,644681.8
1766620800000,148.64,154.49,147.96,148.99,564963.5
1766707200000,148.99,157.27,148.46,154.23,670639.0
1766793600000,154.24,157.61,153.78,157.01,319045.9
1766880000000,157.01,157.28,152.52,153.54,335651.0
1766966400000,153.55,159.16,148.53,149.38,803095.0
1767052800000,149.38,152.54,148.82,149.41,428381.5
1767139200000,149.42,150.87,142.57,145.93,550411.0
1767225600000,145.94,149.48,144.96,148.83,335364.1
1767312000000,148.84,165.9,147.83,165.12,1085107.9
1767398400000,165.13,167.8,157.74,163.03,705182.1
1767484800000,163.04,166.11,160.61,164.1,595056.3
1767571200000,164.09,175.21,161.51,170.77,973212.6
1767657600000,170.77,176.87,167.59,176.15,820666.2
1767744000000,176.15,176.17,165.7,167.74,529271.5
1767830400000,167.74,169.16,161.06,164.22,599802.1
1767916800000,164.23,170.35,162.55,165.61,496801.3
1768003200000,165.6,167.21,163.29,164.82,214846.8
1768089600000,164.82,171.63,164.54,167.82,353361.2
1768176000000,167.82,171.48,160.73,164.89,619843.6
1768262400000,164.9,180.1,164.64,177.67,698899.2
1768348800000,177.67,180.38,174.0,178.33,592011.8
1768435200000,178.33,178.43,168.93,171.62,597127.7
1768521600000,171.63,176.4,168.22,175.26,384163.8
1768608000000,175.25,177.32,173.29,173.72,315197.0
1768694400000,173.72,177.23,168.45,168.67,395731.6
1768780800000,168.67,168.67,156.51,163.84,578004.6
1768867200000,163.84,164.42,151.38,153.2,531084.9
1768953600000,153.2,163.43,151.82,159.38,604839.8
1769040000000,159.38,161.83,155.03,157.15,312409.3
1769126400000,157.16,161.34,154.69,156.96,337957.6
1769212800000,156.96,158.04,155.24,156.12,147841.2
1769299200000,156.12,156.68,145.4,147.83,388157.8
1769385600000,147.83,155.2,147.5,154.13,434541.6
1769472000000,154.13,159.77,152.79,158.94,483897.1
1769558400000,158.94,163.82,156.42,160.11,575282.0
1769644800000,160.11,160.25,143.0,147.13,701068.2
1769731200000,147.13,147.72,135.36,137.92,844391.9
1769817600000,137.93,138.49,115.55,129.03,1268057.6
1769904000000,129.03,130.4,121.41,124.16,746397.8
1769990400000,124.17,130.94,120.32,128.28,875548.9
1770076800000,128.28,130.96,120.79,125.2,921392.5
1770163200000,125.2,128.68,119.42,123.66,725239.7
1770249600000,123.66,125.42,98.53,100.93,2674738.9
1770336000000,100.92,115.32,91.85,113.95,2685438.1
1770422400000,113.94,116.34,110.07,113.89,809649.2
1770508800000,113.9,115.18,110.9,112.42,416501.1
1770595200000,112.42,115.09,108.85,112.65,634647.2
1770681600000,112.66,113.18,107.79,109.38,593604.9
1770768000000,109.38,113.9,104.61,107.45,943097.4
1770854400000,107.46,115.53,105.53,114.87,1089373.4
1770940800000,114.88,120.54,109.64,118.81,805844.6
1771027200000,118.81,130.88,118.33,128.18,663467.6
1771113600000,128.18,131.88,122.48,125.68,606015.1
1771200000000,125.67,129.18,123.09,126.92,428987.6
1771286400000,126.92,130.75,123.6,126.53,573070.2
1771372800000,126.54,129.42,120.66,122.88,735864.7
1771459200000,122.88,125.17,119.88,124.76,427594.9
1771545600000,124.75,126.85,114.35,115.81,1066514.1
1771632000000,115.82,124.87,114.54,121.38,715291.4
1771718400000,121.37,121.52,117.01,117.88,361525.4
1771804800000,117.88,119.75,111.2,114.52,729014.8
1771891200000,114.52,116.43,111.43,114.31,551236.5
1771977600000,114.31,124.26,113.8,119.04,852137.1
1772064000000,119.03,120.5,110.65,114.49,1014529.6
1772150400000,114.49,121.53,110.09,112.89,892631.5
1772236800000,112.89,113.59,104.64,111.84,799070.5
1772323200000,111.83,118.67,110.53,113.54,729506.0
1772409600000,113.54,126.96,112.13,122.13,936232.1
1772496000000,122.13,122.92,107.79,111.06,1352112.1
1772582400000,111.06,118.89,109.2,115.81,1081700.1
1772668800000,115.81,119.86,113.87,116.75,785492.9
1772755200000,116.75,118.55,109.22,110.92,637193.9
1772841600000,110.93,111.4,108.12,108.73,249180.3
1772928000000,108.73,109.52,103.61,105.47,502802.0
1773014400000,105.48,109.31,104.82,106.6,697325.4
1773100800000,106.6,114.75,106.35,111.66,781076.4
1773187200000,111.66,113.94,108.82,110.22,557436.8
1773273600000,110.22,112.87,106.89,111.58,695465.7
1773360000000,111.57,119.08,111.1,112.24,774926.6
1773446400000,112.23,113.36,109.75,111.1,401645.9
1773532800000,111.11,117.82,109.86,116.28,601813.2
1773619200000,116.27,124.82,115.84,122.22,803878.6
1773705600000,122.23,123.57,119.32,119.6,513713.5
1773792000000,119.61,122.1,112.5,115.23,607191.1
1773878400000,115.24,119.08,110.6,111.54,563764.4
1773964800000,111.53,113.3,108.38,111.17,424574.8
1774051200000,111.18,112.57,107.55,108.29,249626.6
1774137600000,108.28,110.14,104.89,106.25,429295.5
1774224000000,106.24,112.21,104.56,110.23,741290.3
1774310400000,110.23,112.44,107.87,112.24,442121.2
1774396800000,112.24,116.43,111.18,112.53,593473.3
1774483200000,112.54,112.74,103.91,105.13,596551.1
1774569600000,105.13,106.69,97.61,98.62,606843.2
1774656000000,98.63,98.68,96.13,96.78,536709.6
1774742400000,96.77,97.93,92.59,95.35,440487.7
1774828800000,95.36,99.93,95.17,96.82,725196.6
1774915200000,96.81,99.29,95.33,98.14,623234.0
1775001600000,98.14,101.11,96.9,98.04,524893.2
1775088000000,98.05,98.98,92.27,94.28,695727.1
1775174400000,94.29,96.14,93.87,94.75,327271.7
1775260800000,94.75,95.47,94.17,94.43,208000.6
1775347200000,94.43,94.7,90.56,94.11,510897.6
1775433600000,94.11,98.0,92.51,92.91,746101.4
1775520000000,92.91,97.09,85.67,95.76,1393475.5
1775606400000,95.75,96.43,91.34,91.89,798083.3
1775692800000,91.9,93.22,89.34,90.5,750264.4
1775779200000,90.5,95.42,89.11,93.56,634167.8
1775865600000,93.55,96.62,90.87,94.45,562107.4
1775952000000,94.46,94.67,88.63,89.76,608388.4
1776038400000,89.77,103.73,89.59,103.2,1357638.8
1776124800000,103.21,104.15,97.08,99.91,845618.0
1776211200000,99.92,108.8,98.91,105.45,1268502.0
1776297600000,105.45,117.5,102.99,115.41,1522037.7
1776384000000,115.41,118.79,111.47,114.78,1080326.1
1776470400000,114.78,115.99,98.76,101.09,2537812.8
1776556800000,101.09,101.23,88.61,90.21,3696530.2
1776643200000,90.22,94.98,86.35,90.58,2776103.9
1776729600000,90.58,95.61,89.89,91.82,1791833.6
1776816000000,91.83,96.21,91.45,93.92,1197254.8
1776902400000,93.93,95.33,90.83,94.24,1142232.8
1776988800000,94.24,96.77,92.33,94.25,1385868.8
1777075200000,94.24,96.3,93.35,94.09,650738.2
1777161600000,94.09,97.73,93.0,96.43,815902.6
1777248000000,96.44,100.81,95.12,97.59,1506157.1
1777334400000,97.59,98.43,95.53,96.42,737995.3
1777420800000,96.41,98.66,91.89,93.24,1314530.7
1777507200000,93.24,93.89,91.62,92.8,621709.3
1777593600000,92.81,94.45,91.3,91.98,694467.6
1777680000000,91.99,93.95,91.54,93.26,401235.8
1777766400000,93.27,93.55,91.75,92.39,570146.9
1777852800000,92.38,95.04,90.92,92.18,976562.6
1777939200000,92.19,94.26,92.06,93.4,564227.3
1778025600000,93.4,96.57,92.18,94.28,1004660.7
1778112000000,94.27,94.34,91.57,92.35,749403.3
1778198400000,92.35,96.51,91.85,95.78,764536.3
1778284800000,95.78,99.55,93.91,95.72,1035348.0
1778371200000,95.72,103.45,94.76,102.08,1576500.7
1778457600000,102.09,102.83,98.55,101.13,1170722.6
1778544000000,101.13,101.32,94.42,96.62,1025397.9
1778630400000,96.63,99.92,94.31,96.35,845514.9
1778716800000,96.36,101.25,95.34,98.3,871735.2
1778803200000,98.29,99.12,92.18,92.82,942514.8
1778889600000,92.83,93.39,87.77,89.97,814603.3
1778976000000,89.98,91.6,86.52,89.14,652894.1
1779062400000,89.14,89.9,87.03,89.43,790731.2
1779148800000,89.42,90.08,87.18,87.38,447675.6
1779235200000,87.37,89.18,86.57,88.0,588339.0
1779321600000,88.01,90.15,87.62,88.11,774413.2
1779408000000,88.1,89.57,84.68,86.12,1026051.8
1779494400000,86.13,89.1,82.46,86.62,891188.1
1779580800000,86.63,87.89,83.75,85.53,643086.0
1779667200000,85.54,87.35,85.12,86.32,450767.0
1779753600000,86.32,88.47,84.96,85.74,743438.8
1779840000000,85.75,86.99,82.67,83.21,702188.3
1779926400000,83.22,83.42,78.01,80.77,1025638.3
1780012800000,80.77,83.83,80.15,82.43,757623.6
1780099200000,82.43,83.95,81.97,82.74,326216.7
1780185600000,82.75,83.61,80.85,82.11,375985.1
1780272000000,82.11,83.0,78.31,80.24,845593.0
1780358400000,80.25,80.34,72.08,73.62,1419412.2
1780444800000,73.63,76.93,72.22,74.35,925753.3
1780531200000,74.34,74.96,68.09,71.26,1164926.9
1780617600000,71.26,71.72,59.21,62.21,3256760.0
1780704000000,62.22,63.25,57.73,60.9,1184102.0
1780790400000,60.91,65.43,60.6,63.68,1028289.4
1780876800000,63.68,65.06,61.76,63.42,676528.9
1780963200000,63.41,63.52,59.62,62.06,836616.1
1781049600000,62.06,63.88,60.05,61.26,814784.0
1781136000000,61.25,65.0,61.23,64.3,680282.1
1781222400000,64.3,65.53,63.02,64.18,538146.8
1781308800000,64.18,67.54,64.07,67.08,524958.4
1781395200000,67.08,68.33,65.21,68.28,474660.8
1781481600000,68.27,77.7,67.81,73.69,1323325.5
1781568000000,73.68,76.95,72.25,75.87,925348.5
1781654400000,75.87,77.94,72.5,73.84,960961.9
1781740800000,73.85,75.96,70.64,74.82,903554.1
1781827200000,74.82,76.41,71.76,73.6,780363.0
1781913600000,73.61,77.07,72.74,75.92,670573.1
1782000000000,75.93,76.74,73.28,73.92,481116.7
1782086400000,73.92,77.09,73.92,75.01,723300.3
1782172800000,75.0,76.03,70.57,72.42,899803.2
1782259200000,72.41,80.6,71.1,80.31,2449371.7
1782345600000,80.31,88.66,77.4,82.39,4184048.9
1782432000000,82.4,98.18,80.63,95.12,3874959.0
1782518400000,95.13,99.29,92.4,93.97,2227356.2
1782604800000,93.96,95.29,88.09,91.65,1698747.8
1782691200000,91.65,94.68,88.89,91.44,1616581.2
1782777600000,91.44,91.74,84.58,85.09,1143000.3
1782864000000,85.09,87.83,82.87,83.16,1185306.0
1782950400000,83.16,88.49,82.7,86.17,1018843.7
1783036800000,86.17,91.05,85.07,87.55,1152008.0
1783123200000,87.55,90.24,86.85,88.59,775173.8
1783209600000,88.59,90.17,86.95,89.04,612020.4
1783296000000,89.05,97.4,87.9,94.21,1667878.1
1783382400000,94.21,94.58,89.29,89.89,1250061.1
1783468800000,89.9,90.28,85.81,88.27,897481.6
1783555200000,88.26,93.1,86.76,91.28,841221.1
1783641600000,91.28,98.28,90.74,95.71,1086943.7
1783728000000,95.71,102.14,94.41,98.05,1145271.6
1783814400000,98.04,100.95,96.56,96.86,839446.1
1783900800000,96.87,97.93,93.21,94.47,917415.8
1783987200000,94.47,101.03,94.24,98.89,869435.8
1784073600000,98.9,100.1,95.52,95.72,791664.5
1784160000000,95.72,96.7,90.81,91.14,807496.8
1784246400000,91.14,91.8,89.24,89.95,720366.3
1784332800000,89.95,90.23,87.39,89.92,610514.6
1784419200000,89.91,90.96,88.55,89.52,403747.6
1784505600000,89.51,91.3,88.15,89.81,678867.0
1784592000000,89.8,96.58,89.61,95.62,921874.0
1784678400000,95.62,98.94,94.71,97.36,1153842.6
1784764800000,97.37,98.66,94.87,94.91,583166.5
1784851200000,94.91,96.77,92.55,93.08,491991.7
1784937600000,93.09,93.11,90.66,91.97,395425.6
1785024000000,91.96,101.8,91.8,101.42,881744.1
1785110400000,101.43,102.55,96.74,97.94,1031829.4
1785196800000,97.94,101.91,96.36,100.81,853572.1
1785283200000,100.8,102.08,94.34,96.01,1174399.5
1785369600000,96.02,100.46,94.05,99.45,790004.4
1785456000000,99.44,101.55,92.77,93.65,995179.4
1785542400000,93.66,94.04,88.91,90.59,1057069.6
1785628800000,90.58,93.46,90.42,92.09,608822.0
1785715200000,92.09,94.0,90.77,92.35,668316.0
1785801600000,92.34,93.15,89.41,90.43,713085.6
1785888000000,90.42,92.18,89.53,89.77,679337.4
1785974400000,89.76,90.46,87.26,89.7,750382.7
1786060800000,89.7,91.24,88.84,89.86,634286.8
1786147200000,89.85,92.13,89.15,91.2,353215.0
1786233600000,91.2,92.31,90.05,90.58,309663.4
1786320000000,90.57,92.84,88.88,89.27,440449.9
1786406400000,89.27,89.55,86.09,88.21,466298.2
1786492800000,88.23,90.35,87.52,87.94,507742.5
1786579200000,87.94,89.6,86.82,87.87,518021.8
1786665600000,87.87,88.52,85.04,86.43,439853.0
1786752000000,86.43,87.24,86.06,86.13,268722.5
1786838400000,86.13,87.27,85.25,85.98,308145.7
1786924800000,85.98,89.52,85.6,89.21,499912.5
1787011200000,89.21,89.97,86.7,87.48,487449.2
1787097600000,87.48,97.64,86.94,95.29,1023382.7
1787184000000,95.3,99.4,94.9,99.2,763891.7
1787270400000,99.19,123.19,98.48,122.78,2318947.4
1787356800000,122.79,129.18,110.93,126.55,2289156.9
1787443200000,126.54,145.35,120.96,141.61,2514271.6
1787529600000,141.61,144.68,130.31,132.29,2222258.7
1787616000000,132.29,136.39,124.25,126.53,1275055.8
1787702400000,126.53,129.28,121.31,126.97,790672.2
1787788800000,126.97,130.43,123.73,128.01,909003.9
1787875200000,128.01,131.67,119.51,122.15,946029.5
1787961600000,122.15,126.92,120.24,126.68,425639.9
1788048000000,126.68,130.43,120.74,122.32,684828.7
1788134400000,122.32,125.16,121.1,124.05,511956.3
1788220800000,124.05,128.98,123.9,127.86,773893.9
1788307200000,127.86,135.43,125.02,127.12,987886.8
1788393600000,127.11,135.45,125.89,132.65,952908.6
1788480000000,132.64,136.2,128.87,130.28,760825.4
1788566400000,130.28,135.86,128.36,134.37,583403.7
1788652800000,134.36,140.15,131.86,136.79,734935.2
1788739200000,136.79,136.91,130.17,132.07,667586.3
1788825600000,132.07,132.97,126.32,128.74,570571.7
1788912000000,128.73,131.12,124.07,125.73,658782.3
1788998400000,125.73,125.89,120.04,120.55,593584.8
1789084800000,120.56,130.15,120.5,125.0,702724.8
1789171200000,125.01,127.96,124.47,125.46,331126.6
1789257600000,125.47,128.1,123.47,124.28,470862.5
1789344000000,124.27,133.62,123.87,128.14,621879.0
1789430400000,128.14,129.19,120.43,122.13,711905.5
1789516800000,122.14,122.85,113.1,119.45,896354.5
1789603200000,119.45,129.88,119.22,128.55,913128.4
1789689600000,128.54,141.88,127.3,139.49,1147034.7
1789776000000,139.5,147.0,139.24,141.03,949415.7
1789862400000,141.03,141.92,133.15,137.46,936362.2
1789948800000,137.45,149.26,136.43,145.81,1310683.8
1790035200000,145.81,149.0,139.41,147.98,1000165.6
1790121600000,147.99,155.25,137.18,138.88,1398579.8
1790208000000,138.87,147.71,134.84,146.85,989178.2
1790294400000,146.85,156.15,142.81,153.52,1237210.8
1790380800000,153.53,156.67,151.88,155.57,812802.0
1790467200000,155.58,157.38,151.56,154.5,810174.4
1790553600000,154.5,156.28,143.9,149.38,934123.1
1790640000000,149.37,176.24,145.96,165.21,2515353.8
1790726400000,165.21,166.16,157.42,159.37,1353362.5
1790812800000,159.38,173.33,158.36,171.34,1479563.7
