open_time,open,high,low,close,volume
1578470400000,2.884,2.914,2.884,2.894,1034662.3
1578484800000,2.894,2.903,2.805,2.833,1289367.4
1578499200000,2.833,2.838,2.685,2.731,1053353.2
1578513600000,2.731,2.8,2.72,2.778,1047692.8
1578528000000,2.777,2.799,2.742,2.755,953422.8
1578542400000,2.755,2.768,2.735,2.751,893388.3
1578556800000,2.755,2.762,2.727,2.731,939096.7
1578571200000,2.732,2.753,2.715,2.734,854683.6
1578585600000,2.732,2.757,2.695,2.746,849255.7
1578600000000,2.744,2.768,2.713,2.745,889146.2
1578614400000,2.741,2.761,2.724,2.73,811099.8
1578628800000,2.73,2.734,2.7,2.733,846026.6
1578643200000,2.733,2.76,2.65,2.755,1073013.8
1578657600000,2.753,2.915,2.746,2.887,1879482.1
1578672000000,2.888,2.963,2.844,2.954,1468090.6
1578686400000,2.957,3.006,2.9,2.983,1177369.0
1578700800000,2.988,3.025,2.949,2.967,965554.6
1578715200000,2.967,3.047,2.941,3.005,1010424.2
1578729600000,3.005,3.051,2.965,2.982,1254108.3
1578744000000,2.982,3.046,2.968,3.043,831736.4
1578758400000,3.041,3.114,3.007,3.108,1542862.3
1578772800000,3.108,3.128,2.975,2.992,1392880.4
1578787200000,2.992,3.056,2.932,3.035,1127506.2
1578801600000,3.035,3.087,3.014,3.071,880734.0
1578816000000,3.071,3.083,3.026,3.038,942176.2
1578830400000,3.038,3.2,3.038,3.174,3257341.7
1578844800000,3.174,3.208,3.134,3.155,3001528.7
1578859200000,3.154,3.214,3.153,3.207,2054141.2
1578873600000,3.206,3.209,3.064,3.103,2812237.9
1578888000000,3.103,3.118,3.066,3.1,1736759.2
1578902400000,3.101,3.155,3.075,3.12,1940095.5
1578916800000,3.119,3.123,3.068,3.083,1493203.3
1578931200000,3.082,3.133,3.07,3.116,1961148.7
1578945600000,3.118,3.148,3.101,3.105,1352306.1
1578960000000,3.105,3.305,3.105,3.296,2590661.2
1578974400000,3.296,3.331,3.263,3.278,1803827.6
1578988800000,3.278,3.322,3.24,3.295,1640858.5
1579003200000,3.298,3.47,3.274,3.418,3653504.5
1579017600000,3.423,4.093,3.3,3.765,9848165.8
1579032000000,3.765,3.912,3.71,3.816,4133351.8
1579046400000,3.811,3.955,3.731,3.744,4033955.2
1579060800000,3.738,3.755,3.569,3.65,2493394.9
1579075200000,3.649,3.852,3.632,3.765,1906120.5
1579089600000,3.762,3.912,3.653,3.699,2873032.1
1579104000000,3.698,3.796,3.6,3.717,2162129.1
1579118400000,3.717,3.852,3.706,3.768,1720572.1
1579132800000,3.769,3.802,3.521,3.591,2317747.5
1579147200000,3.591,3.659,3.581,3.621,1164604.1
1579161600000,3.621,3.679,3.58,3.673,1210229.2
1579176000000,3.672,3.734,3.608,3.675,1487679.9
1579190400000,3.675,3.96,3.629,3.796,3729391.5
1579204800000,3.796,3.894,3.78,3.838,1845934.5
1579219200000,3.839,3.953,3.762,3.881,1625900.4
1579233600000,3.881,4.007,3.85,3.988,3327480.4
1579248000000,3.984,4.066,3.923,3.943,2142534.9
1579262400000,3.943,3.955,3.744,3.875,2155324.1
1579276800000,3.878,4.088,3.773,3.829,3194972.1
1579291200000,3.833,4.05,3.8,3.904,1554340.2
1579305600000,3.907,4.013,3.888,3.95,1136753.6
1579320000000,3.95,3.95,3.703,3.79,1657120.5
1579334400000,3.788,3.911,3.767,3.831,1293228.8
1579348800000,3.832,3.983,3.769,3.842,2399622.0
1579363200000,3.84,3.926,3.75,3.819,1722593.3
1579377600000,3.819,3.891,3.799,3.808,1317170.8
1579392000000,3.912,3.923,3.872,3.879,129220.8
1579406400000,3.868,3.91,3.833,3.873,1128918.6
1579420800000,3.87,3.925,3.5,3.624,3107225.8
1579435200000,3.62,3.622,3.504,3.59,1694015.4
1579449600000,3.589,3.639,3.426,3.532,1536469.4
1579464000000,3.533,3.621,3.488,3.613,1259044.9
1579478400000,3.613,3.636,3.565,3.591,848161.1
1579492800000,3.591,3.611,3.554,3.593,780152.7
1579507200000,3.596,3.607,3.508,3.529,689876.4
1579521600000,3.532,3.69,3.487,3.683,1407259.7
1579536000000,3.683,3.707,3.625,3.664,1182947.4
1579550400000,3.665,3.689,3.601,3.621,647575.4
1579564800000,3.623,3.671,3.596,3.663,613845.5
1579579200000,3.663,3.681,3.621,3.631,467353.5
1579593600000,3.63,3.695,3.616,3.654,853093.9
1579608000000,3.654,3.674,3.618,3.639,603376.0
1579622400000,3.64,3.657,3.553,3.566,803815.3
1579636800000,3.565,3.665,3.564,3.654,549500.5
1579651200000,3.656,3.676,3.587,3.622,548275.7
1579665600000,3.622,3.75,3.614,3.677,1065693.0
1579680000000,3.676,3.689,3.625,3.655,727378.0
1579694400000,3.653,3.668,3.625,3.64,479427.0
1579708800000,3.64,3.697,3.619,3.656,674768.5
1579723200000,3.656,3.661,3.631,3.655,305411.9
1579737600000,3.655,3.659,3.567,3.582,624113.0
1579752000000,3.582,3.594,3.534,3.571,703331.3
1579766400000,3.572,3.586,3.539,3.547,635721.3
1579780800000,3.546,3.597,3.489,3.559,1661003.5
1579795200000,3.56,3.578,3.51,3.525,1128089.3
1579809600000,3.525,3.585,3.509,3.572,459668.4
1579824000000,3.573,3.584,3.426,3.459,1129780.3
1579838400000,3.457,3.489,3.445,3.465,625881.1
1579852800000,3.461,3.52,3.353,3.505,1386323.5
1579867200000,3.508,3.669,3.494,3.653,1344491.4
1579881600000,3.656,3.707,3.6,3.686,1117105.4
1579896000000,3.687,3.704,3.615,3.635,701256.6
1579910400000,3.638,3.638,3.489,3.557,785127.7
1579924800000,3.554,3.584,3.542,3.553,362795.0
1579939200000,3.553,3.632,3.537,3.547,741674.3
1579953600000,3.549,3.594,3.52,3.557,563222.0
1579968000000,3.557,3.572,3.526,3.56,345818.0
1579982400000,3.56,3.59,3.496,3.501,434358.0
1579996800000,3.501,3.57,3.43,3.54,1250249.0
1580011200000,3.538,3.564,3.51,3.544,592431.6
1580025600000,3.541,3.613,3.539,3.598,705841.6
1580040000000,3.598,3.633,3.564,3.575,631292.6
1580054400000,3.575,3.66,3.568,3.645,1239093.2
1580068800000,3.645,3.67,3.629,3.649,546445.9
1580083200000,3.651,3.801,3.645,3.739,1251272.3
1580097600000,3.739,3.801,3.702,3.76,991288.6
1580112000000,3.76,3.908,3.713,3.873,1242436.6
1580126400000,3.874,4.002,3.866,3.975,1706106.6
1580140800000,3.978,4.065,3.946,4.004,2288988.7
1580155200000,4.005,4.043,3.937,3.965,1151473.0
1580169600000,3.967,4.138,3.966,4.068,1641454.2
1580184000000,4.068,4.079,3.985,4.021,973346.2
1580198400000,4.021,4.109,3.976,4.027,1398320.0
1580212800000,4.026,4.09,3.88,3.954,2258103.3
1580227200000,3.955,3.986,3.887,3.948,924735.8
1580241600000,3.948,4.07,3.944,4.045,1211470.6
1580256000000,4.042,4.105,4.011,4.035,1603147.0
1580270400000,4.037,4.126,4.006,4.088,1176120.1
1580284800000,4.088,4.115,3.976,4.049,1568782.2
1580299200000,4.049,4.075,3.986,3.991,957789.0
1580313600000,3.991,4.058,3.962,4.033,835970.2
1580328000000,4.033,4.046,3.961,3.969,715716.0
1580342400000,3.973,4.016,3.893,3.999,1431649.9
1580356800000,3.999,4.174,3.997,4.136,1385274.0
1580371200000,4.136,4.212,4.131,4.18,2330997.9
1580385600000,4.18,4.248,4.146,4.224,1969031.4
1580400000000,4.224,4.36,4.19,4.314,2758892.5
1580414400000,4.314,4.414,4.293,4.328,1340913.0
1580428800000,4.332,4.378,4.29,4.32,1174062.6
1580443200000,4.32,4.324,4.192,4.232,2000945.3
1580457600000,4.232,4.26,4.171,4.187,1054466.3
1580472000000,4.187,4.189,4.03,4.122,2174021.8
1580486400000,4.122,4.134,4.046,4.06,950184.8
1580500800000,4.06,4.17,4.057,4.151,920440.3
1580515200000,4.149,4.274,4.144,4.241,1271765.8
1580529600000,4.242,4.252,4.147,4.205,1155500.8
1580544000000,4.205,4.217,4.07,4.098,1405800.0
1580558400000,4.095,4.203,4.093,4.142,1572017.4
1580572800000,4.141,4.2,4.138,4.146,659026.0
1580587200000,4.146,4.174,4.109,4.157,567636.0
1580601600000,4.157,4.16,4.049,4.088,1173160.1
1580616000000,4.088,4.207,4.05,4.194,1140319.0
1580630400000,4.194,4.303,4.172,4.286,1284436.5
1580644800000,4.283,4.338,4.209,4.29,1347421.6
1580659200000,4.288,4.322,4.261,4.27,998740.0
1580673600000,4.27,4.31,4.192,4.217,1022992.7
1580688000000,4.217,4.381,4.188,4.283,1918505.1
1580702400000,4.283,4.297,4.231,4.257,662315.2
1580716800000,4.256,4.28,4.208,4.261,950636.6
1580731200000,4.261,4.277,4.14,4.155,1070275.6
1580745600000,4.154,4.213,4.14,4.211,627154.1
1580760000000,4.21,4.239,4.17,4.203,453506.1
1580774400000,4.208,4.262,4.161,4.165,566879.2
1580788800000,4.167,4.194,4.126,4.174,654491.6
1580803200000,4.176,4.18,4.064,4.11,1164705.2
1580817600000,4.11,4.167,4.073,4.158,887182.7
1580832000000,4.159,4.178,4.138,4.154,565530.2
1580846400000,4.158,4.277,4.14,4.231,1024641.7
1580860800000,4.234,4.256,4.175,4.212,635840.6
1580875200000,4.213,4.277,4.211,4.245,1282437.1
1580889600000,4.245,4.512,4.229,4.481,3217757.8
1580904000000,4.48,4.548,4.423,4.522,3079132.2
1580918400000,4.524,4.554,4.449,4.458,2348183.8
1580932800000,4.458,4.599,4.451,4.535,1303007.2
1580947200000,4.535,4.569,4.465,4.567,1265941.1
1580961600000,4.568,4.644,4.53,4.579,1564710.3
1580976000000,4.581,4.635,4.551,4.612,1941446.1
1580990400000,4.612,4.688,4.407,4.556,3894940.0
1581004800000,4.558,4.588,4.48,4.53,1497163.5
1581019200000,4.53,4.612,4.515,4.609,1663397.4
1581033600000,4.607,4.714,4.586,4.62,2382089.7
1581048000000,4.62,4.645,4.571,4.61,1453101.7
1581062400000,4.609,4.68,4.556,4.58,1893255.2
1581076800000,4.581,4.645,4.521,4.597,1815458.8
1581091200000,4.597,4.634,4.571,4.588,930330.9
1581105600000,4.588,4.616,4.547,4.598,592534.1
1581120000000,4.593,4.618,4.434,4.509,1486914.4
1581134400000,4.509,4.655,4.496,4.624,1652238.3
1581148800000,4.625,4.82,4.625,4.78,2892120.3
1581163200000,4.781,4.855,4.736,4.78,2194191.8
1581177600000,4.78,4.831,4.765,4.819,1109501.9
1581192000000,4.819,4.823,4.762,4.766,735771.9
1581206400000,4.766,4.962,4.766,4.954,2032093.1
1581220800000,4.952,5.049,4.908,5.018,1892653.5
1581235200000,5.017,5.033,4.937,4.974,2420229.5
1581249600000,4.977,5.026,4.84,4.945,2125335.9
1581264000000,4.945,5.0,4.924,4.957,1727595.8
1581278400000,4.957,5.028,4.897,5.02,1263004.7
1581292800000,5.019,5.069,4.858,4.885,2551661.6
1581307200000,4.885,4.934,4.802,4.879,2747366.9
1581321600000,4.879,4.887,4.741,4.794,3137088.6
1581336000000,4.798,4.96,4.775,4.91,2008811.4
1581350400000,4.909,4.972,4.851,4.874,2188416.7
1581364800000,4.873,4.941,4.869,4.901,855029.2
1581379200000,4.901,4.921,4.82,4.83,906558.8
1581393600000,4.83,4.887,4.8,4.83,854327.8
1581408000000,4.834,4.929,4.826,4.913,968390.4
1581422400000,4.915,5.216,4.905,5.186,3304268.3
1581436800000,5.189,5.36,5.16,5.28,2884128.6
1581451200000,5.276,5.307,5.203,5.252,1199543.1
1581465600000,5.246,5.368,5.246,5.353,2290981.6
1581480000000,5.352,5.482,5.346,5.419,2262887.8
1581494400000,5.422,5.425,5.301,5.351,1858853.4
1581508800000,5.351,5.385,5.25,5.289,2031158.0
1581523200000,5.289,5.427,5.27,5.378,1555453.2
1581537600000,5.38,5.482,5.309,5.341,1740309.1
1581552000000,5.344,5.517,5.341,5.408,1837916.0
1581566400000,5.408,5.46,5.326,5.358,1693338.8
1581580800000,5.356,5.385,5.179,5.256,3354692.4
1581595200000,5.256,5.443,5.22,5.326,3877155.0
1581609600000,5.327,5.359,5.24,5.285,1285970.8
1581624000000,5.285,5.378,5.237,5.368,706428.7
1581638400000,5.366,5.456,5.285,5.362,1973627.6
1581652800000,5.362,5.396,5.244,5.287,1857409.0
1581667200000,5.287,5.408,5.27,5.366,1278992.0
1581681600000,5.367,5.384,5.282,5.318,1326702.6
1581696000000,5.315,5.38,5.294,5.347,1466870.4
1581710400000,5.347,5.39,5.334,5.382,674805.6
1581724800000,5.384,5.406,5.246,5.281,1852849.5
1581739200000,5.28,5.296,5.18,5.229,1347905.6
1581753600000,5.229,5.305,5.212,5.25,985774.5
1581768000000,5.249,5.268,4.71,4.896,4991501.0
1581782400000,4.896,4.971,4.496,4.702,10489851.5
1581796800000,4.703,4.773,4.667,4.753,1294265.2
1581811200000,4.751,4.869,4.68,4.824,1924296.4
1581825600000,4.823,4.85,4.678,4.702,1694206.7
1581840000000,4.705,4.735,4.6,4.621,2735847.4
1581854400000,4.62,4.66,4.337,4.428,6415334.3
1581868800000,4.427,4.502,4.025,4.228,9657333.7
1581883200000,4.227,4.414,4.209,4.384,1940587.0
1581897600000,4.385,4.405,4.11,4.16,3672111.7
1581912000000,4.155,4.325,4.033,4.184,5716285.9
1581926400000,4.185,4.303,4.071,4.201,7571936.3
1581940800000,4.203,4.367,4.126,4.331,3628291.7
1581955200000,4.333,4.42,4.29,4.372,3120617.4
1581969600000,4.372,4.395,4.297,4.358,1622428.3
1581984000000,4.36,4.509,4.254,4.467,2416394.3
1581998400000,4.466,4.511,4.425,4.472,1439759.3
1582012800000,4.471,4.476,4.365,4.423,1966542.7
1582027200000,4.422,4.484,4.264,4.447,3029511.2
1582041600000,4.443,4.625,4.426,4.613,2720680.9
1582056000000,4.615,4.657,4.55,4.587,1672792.2
1582070400000,4.588,4.618,4.504,4.569,1244368.8
1582084800000,4.568,4.582,4.488,4.512,1257526.4
1582099200000,4.511,4.586,4.475,4.583,1660640.2
1582113600000,4.583,4.595,4.476,4.515,1036981.6
1582128000000,4.516,4.604,4.414,4.436,2687914.5
1582142400000,4.439,4.45,3.586,3.98,16819945.6
1582156800000,3.977,4.068,3.929,4.014,3423820.4
1582171200000,4.011,4.051,3.98,4.022,1359050.0
1582185600000,4.026,4.047,3.912,3.973,3010588.1
1582200000000,3.972,4.014,3.84,3.954,3499239.0
1582214400000,3.955,4.046,3.784,3.935,5470100.0
1582228800000,3.937,4.058,3.93,4.0,1282769.1
1582243200000,4.001,4.141,3.952,4.127,2044128.9
1582257600000,4.126,4.152,4.052,4.093,1360132.6
1582272000000,4.095,4.139,4.042,4.112,1535183.6
1582286400000,4.112,4.197,4.09,4.126,1721829.4
1582300800000,4.13,4.19,4.058,4.069,2024137.6
1582315200000,4.069,4.107,3.964,4.055,3135226.0
1582329600000,4.055,4.111,4.011,4.045,1392538.1
1582344000000,4.045,4.053,3.972,4.007,1189521.0
1582358400000,4.004,4.106,4.0,4.101,1406557.7
1582372800000,4.099,4.166,4.069,4.083,2203421.4
1582387200000,4.085,4.133,4.039,4.074,2295754.7
1582401600000,4.073,4.13,4.072,4.106,1078523.9
1582416000000,4.105,4.193,4.092,4.174,1510531.9
1582430400000,4.173,4.328,4.173,4.296,3667813.7
1582444800000,4.297,4.398,4.271,4.283,2900448.1
1582459200000,4.284,4.363,4.28,4.306,1926273.5
1582473600000,4.306,4.349,4.288,4.304,1730467.4
1582488000000,4.304,4.407,4.288,4.385,1661487.6
1582502400000,4.384,4.408,4.146,4.215,4860563.6
1582516800000,4.215,4.241,4.147,4.211,2047117.0
1582531200000,4.211,4.256,4.149,4.254,2259688.1
1582545600000,4.255,4.27,4.01,4.095,4355137.8
1582560000000,4.096,4.132,3.91,4.019,6498397.1
1582574400000,4.018,4.174,3.986,4.126,3638574.7
1582588800000,4.126,4.149,4.043,4.073,2415590.0
1582603200000,4.074,4.091,3.994,4.048,2617128.1
1582617600000,4.047,4.198,4.02,4.18,4220539.6
1582632000000,4.18,4.248,3.91,4.112,12440296.4
1582646400000,4.112,4.229,4.03,4.085,8762436.4
1582660800000,4.086,4.153,4.013,4.08,3672271.0
1582675200000,4.081,4.113,3.748,3.914,7567834.8
1582689600000,3.913,3.96,3.852,3.876,3153350.9
1582704000000,3.874,3.942,3.82,3.87,4320970.5
1582718400000,3.87,3.985,3.655,3.713,9973111.8
1582732800000,3.712,3.743,3.322,3.557,19212952.3
1582747200000,3.559,3.589,3.505,3.538,2715784.5
1582761600000,3.539,3.607,3.384,3.563,5891365.0
1582776000000,3.562,3.638,3.527,3.624,2684659.5
1582790400000,3.624,3.673,3.563,3.587,3197924.9
1582804800000,3.587,3.668,3.575,3.639,3775646.0
1582819200000,3.638,3.736,3.635,3.686,3651651.9
1582833600000,3.687,3.687,3.514,3.621,3828502.8
1582848000000,3.62,3.687,3.61,3.62,3058835.6
1582862400000,3.62,3.632,3.479,3.53,4119078.6
1582876800000,3.531,3.58,3.424,3.473,5247975.5
1582891200000,3.476,3.564,3.353,3.552,5424191.6
1582905600000,3.551,3.572,3.351,3.457,2980070.1
1582920000000,3.456,3.604,3.451,3.517,2126244.7
1582934400000,3.516,3.582,3.515,3.547,2778808.7
1582948800000,3.546,3.662,3.546,3.613,2925876.3
1582963200000,3.612,3.626,3.525,3.616,2801279.4
1582977600000,3.616,3.616,3.502,3.573,3690185.7
1582992000000,3.572,3.596,3.533,3.583,3136000.5
1583006400000,3.583,3.586,3.509,3.515,1579927.1
1583020800000,3.515,3.627,3.497,3.592,4407140.8
1583035200000,3.592,3.608,3.535,3.559,2423278.3
1583049600000,3.557,3.627,3.543,3.62,2109320.1
1583064000000,3.619,3.657,3.526,3.542,2710757.1
1583078400000,3.541,3.559,3.421,3.508,4097861.1
1583092800000,3.508,3.546,3.46,3.513,2187231.0
1583107200000,3.513,3.591,3.494,3.551,2439553.1
1583121600000,3.551,3.597,3.547,3.568,1954321.1
1583136000000,3.567,3.635,3.566,3.618,1892296.6
1583150400000,3.618,3.724,3.581,3.686,3200905.5
1583164800000,3.686,3.763,3.678,3.722,3032903.3
1583179200000,3.723,3.741,3.663,3.713,1678906.2
1583193600000,3.716,3.716,3.648,3.703,2127031.7
1583208000000,3.704,3.705,3.626,3.628,1803980.1
1583222400000,3.629,3.699,3.615,3.691,2131927.5
1583236800000,3.692,3.72,3.572,3.62,4518874.2
1583251200000,3.619,3.64,3.558,3.632,2585130.0
1583265600000,3.632,3.658,3.592,3.627,1087689.7
1583280000000,3.628,3.674,3.599,3.651,2218231.1
1583294400000,3.65,3.672,3.619,3.651,1418073.4
1583308800000,3.65,3.661,3.569,3.593,1553003.8
1583323200000,3.593,3.632,3.551,3.555,2194463.0
1583337600000,3.555,3.582,3.523,3.572,1648193.3
1583352000000,3.571,3.609,3.549,3.596,1016661.9
1583366400000,3.597,3.663,3.595,3.639,2501702.2
1583380800000,3.639,3.687,3.637,3.656,2132932.3
1583395200000,3.656,3.733,3.648,3.715,2303050.0
1583409600000,3.715,3.753,3.695,3.734,2158817.5
1583424000000,3.734,3.844,3.721,3.824,3142349.1
1583438400000,3.824,3.827,3.726,3.768,2139300.6
1583452800000,3.767,3.784,3.731,3.76,2275946.2
1583467200000,3.76,3.821,3.713,3.795,2594013.8
1583481600000,3.793,3.862,3.775,3.834,2387775.2
1583496000000,3.833,3.834,3.736,3.739,2590002.4
1583510400000,3.739,3.788,3.736,3.772,1485248.9
1583524800000,3.771,3.843,3.771,3.842,1313714.6
1583539200000,3.841,3.849,3.798,3.805,1415736.0
1583553600000,3.805,3.82,3.77,3.789,1491888.4
1583568000000,3.788,3.821,3.784,3.799,1085008.3
1583582400000,3.799,3.844,3.758,3.805,1782350.5
1583596800000,3.806,3.841,3.603,3.65,5334421.9
1583611200000,3.649,3.678,3.629,3.644,1200026.3
1583625600000,3.644,3.646,3.576,3.605,2494473.7
1583640000000,3.606,3.612,3.56,3.587,1402715.6
1583654400000,3.586,3.607,3.566,3.597,851994.3
1583668800000,3.597,3.598,3.05,3.199,10143978.2
1583683200000,3.2,3.241,2.971,3.175,10103910.7
1583697600000,3.176,3.185,2.993,3.044,3979870.2
1583712000000,3.045,3.131,3.002,3.074,5028534.4
1583726400000,3.074,3.148,3.0,3.108,5850967.7
1583740800000,3.109,3.169,3.049,3.077,2568898.1
1583755200000,3.078,3.139,2.848,2.955,8509413.8
1583769600000,2.955,3.064,2.899,3.017,6202366.1
1583784000000,3.017,3.074,2.985,3.061,2669284.3
1583798400000,3.061,3.096,3.04,3.077,1856029.3
1583812800000,3.078,3.082,3.013,3.036,1571699.6
1583827200000,3.035,3.143,3.016,3.11,2489343.4
1583841600000,3.111,3.155,3.012,3.02,4179581.2
1583856000000,3.023,3.095,2.995,3.092,2697637.2
1583870400000,3.093,3.111,3.068,3.074,1772427.4
1583884800000,3.074,3.119,3.066,3.104,974361.2
1583899200000,3.104,3.115,3.05,3.072,1544421.7
1583913600000,3.074,3.1,3.001,3.038,2660147.0
1583928000000,3.039,3.057,2.933,2.97,3642190.0
1583942400000,2.972,3.0,2.847,2.979,5495776.2
1583956800000,2.979,3.096,2.978,3.067,2602294.0
1583971200000,3.068,3.085,2.885,2.926,4843401.0
1583985600000,2.927,2.94,2.496,2.626,10917832.0
1584000000000,2.625,2.662,1.839,2.057,23734174.8
1584014400000,2.059,2.28,2.025,2.239,8594317.6
1584028800000,2.243,2.277,2.122,2.21,6886756.8
1584043200000,2.21,2.225,1.661,1.761,12283047.0
1584057600000,1.759,2.015,1.351,1.838,20477457.3
1584072000000,1.837,1.95,1.59,1.94,16293548.2
1584086400000,1.941,2.14,1.835,1.943,10937485.2
1584100800000,1.942,2.297,1.751,1.884,16819435.9
1584115200000,1.889,1.997,1.753,1.972,13555520.8
1584129600000,1.973,2.163,1.941,2.114,5436034.4
1584144000000,2.112,2.129,2.017,2.115,3715747.6
1584158400000,2.115,2.115,2.041,2.078,3528721.5
1584172800000,2.08,2.08,1.945,2.039,4400165.1
1584187200000,2.037,2.05,1.975,2.009,3643990.0
1584201600000,2.009,2.07,1.997,2.014,3733761.1
1584216000000,2.014,2.029,1.936,1.96,4293592.1
1584230400000,1.961,1.996,1.942,1.957,3251133.2
1584244800000,1.958,2.026,1.958,2.004,2130535.0
1584259200000,2.002,2.1,1.984,2.045,2646680.1
1584273600000,2.046,2.1,1.977,2.014,2623778.4
1584288000000,2.015,2.05,1.989,2.02,1456004.0
1584302400000,2.019,2.153,1.991,2.047,6854986.6
1584316800000,2.047,2.052,2.001,2.027,1797542.1
1584331200000,2.028,2.028,1.797,1.805,4685809.4
1584345600000,1.804,1.871,1.702,1.751,5860724.6
1584360000000,1.752,1.933,1.731,1.926,10199320.3
1584374400000,1.926,1.949,1.839,1.864,6162786.7
1584388800000,1.864,1.902,1.839,1.892,4285377.7
1584403200000,1.893,2.021,1.867,1.976,3488842.4
1584417600000,1.977,2.018,1.943,1.984,1723601.6
1584432000000,1.984,2.019,1.937,1.973,1996269.3
1584446400000,1.973,2.003,1.921,1.99,2796876.3
1584460800000,1.991,2.017,1.977,1.998,1763568.7
1584475200000,1.998,2.035,1.966,1.968,1254300.0
1584489600000,1.968,2.002,1.959,1.998,1097917.1
1584504000000,2.0,2.007,1.883,1.906,1608653.1
1584518400000,1.905,1.936,1.871,1.92,1670888.0
1584532800000,1.919,1.995,1.872,1.966,3473487.6
1584547200000,1.966,1.979,1.922,1.972,1658819.0
1584561600000,1.974,2.005,1.944,2.001,972413.0
1584576000000,2.001,2.034,1.971,1.984,1389060.6
1584590400000,1.985,2.024,1.978,2.013,676065.2
1584604800000,2.013,2.075,2.004,2.055,1519421.8
1584619200000,2.057,2.122,2.052,2.122,2179985.4
1584633600000,2.122,2.379,2.099,2.272,4995080.9
1584648000000,2.272,2.402,2.257,2.28,1839812.4
1584662400000,2.28,2.328,2.263,2.274,1313492.5
1584676800000,2.275,2.387,2.262,2.354,1319373.6
1584691200000,2.356,2.524,2.352,2.426,4994494.6
1584705600000,2.425,2.434,2.342,2.403,1952409.4
1584720000000,2.403,2.421,2.132,2.193,3444211.9
1584734400000,2.193,2.255,1.908,2.207,7233898.9
1584748800000,2.207,2.291,2.156,2.246,2076717.4
1584763200000,2.247,2.259,2.161,2.196,1569962.0
1584777600000,2.196,2.21,2.108,2.191,2838598.6
1584792000000,2.192,2.254,2.181,2.24,1769343.2
1584806400000,2.24,2.257,2.165,2.247,2176476.7
1584820800000,2.249,2.362,2.234,2.275,2320287.2
1584835200000,2.275,2.338,2.255,2.336,1581968.9
1584849600000,2.337,2.396,2.294,2.296,2264479.4
1584864000000,2.296,2.315,2.222,2.241,1781219.1
1584878400000,2.241,2.242,2.115,2.185,3230098.0
1584892800000,2.185,2.213,2.126,2.146,2455117.3
1584907200000,2.147,2.233,2.111,2.137,3426751.4
1584921600000,2.137,2.204,2.061,2.186,2240915.8
1584936000000,2.187,2.208,2.131,2.135,780346.8
1584950400000,2.134,2.192,2.113,2.163,1031637.2
1584964800000,2.163,2.341,2.162,2.24,3487099.4
1584979200000,2.241,2.284,2.231,2.25,915349.9
1584993600000,2.251,2.297,2.247,2.288,1153233.0
1585008000000,2.288,2.337,2.276,2.293,1718703.5
1585022400000,2.292,2.32,2.272,2.303,907957.1
1585036800000,2.302,2.379,2.301,2.353,2648000.3
1585051200000,2.354,2.354,2.276,2.311,2075726.5
1585065600000,2.312,2.362,2.289,2.349,892711.6
1585080000000,2.349,2.362,2.32,2.346,572447.8
1585094400000,2.346,2.349,2.27,2.283,1228143.3
1585108800000,2.282,2.331,2.272,2.321,846953.5
1585123200000,2.32,2.373,2.228,2.261,2363326.8
1585137600000,2.262,2.318,2.25,2.284,1416310.1
1585152000000,2.285,2.306,2.27,2.281,488013.5
1585166400000,2.282,2.304,2.257,2.298,403869.6
1585180800000,2.298,2.344,2.297,2.325,940342.7
1585195200000,2.325,2.342,2.28,2.293,747814.1
1585209600000,2.294,2.326,2.287,2.295,469008.4
1585224000000,2.295,2.32,2.267,2.295,885811.3
1585238400000,2.295,2.305,2.261,2.274,558688.8
1585252800000,2.273,2.33,2.262,2.324,921457.0
1585267200000,2.324,2.363,2.311,2.333,1177229.4
1585281600000,2.334,2.37,2.3,2.343,1541495.9
1585296000000,2.343,2.346,2.296,2.31,1701824.3
1585310400000,2.312,2.325,2.282,2.305,1088449.6
1585324800000,2.305,2.318,2.284,2.303,659201.9
1585339200000,2.305,2.321,2.126,2.193,2675955.6
1585353600000,2.192,2.204,2.123,2.15,1864771.2
1585368000000,2.15,2.17,2.119,2.161,1073232.2
1585382400000,2.161,2.198,2.153,2.163,1420554.3
1585396800000,2.164,2.183,2.141,2.165,863051.0
1585411200000,2.165,2.174,2.087,2.145,2212136.9
1585425600000,2.144,2.243,2.144,2.199,1639363.1
1585440000000,2.2,2.216,2.18,2.193,509669.1
1585454400000,2.193,2.199,2.175,2.188,513635.4
1585468800000,2.188,2.199,2.153,2.18,791105.4
1585483200000,2.18,2.191,2.158,2.181,479019.3
1585497600000,2.18,2.186,2.093,2.109,1683504.7
1585512000000,2.11,2.138,2.1,2.115,713961.9
1585526400000,2.115,2.145,2.107,2.139,481770.6
1585540800000,2.14,2.219,2.135,2.193,1577166.5
1585555200000,2.194,2.246,2.186,2.217,982270.0
1585569600000,2.219,2.233,2.195,2.205,643301.2
1585584000000,2.205,2.239,2.197,2.221,535247.7
1585598400000,2.22,2.284,2.22,2.228,839394.2
1585612800000,2.228,2.255,2.203,2.22,680702.5
1585627200000,2.22,2.22,2.194,2.214,795024.5
1585641600000,2.214,2.231,2.184,2.2,623935.0
1585656000000,2.202,2.227,2.188,2.213,806695.6
1585670400000,2.213,2.222,2.193,2.214,341879.5
1585684800000,2.214,2.247,2.21,2.21,632826.8
1585699200000,2.21,2.219,2.182,2.213,896304.0
1585713600000,2.211,2.215,2.195,2.208,330313.0
1585728000000,2.207,2.208,2.189,2.208,418413.7
1585742400000,2.209,2.227,2.174,2.184,1031008.7
1585756800000,2.184,2.184,2.121,2.166,1434783.3
1585771200000,2.164,2.3,2.159,2.255,2396101.2
1585785600000,2.253,2.3,2.253,2.271,1174913.2
1585800000000,2.271,2.283,2.255,2.274,405369.1
1585814400000,2.274,2.294,2.265,2.291,489600.2
1585828800000,2.291,2.32,2.266,2.315,1160444.7
1585843200000,2.315,2.503,2.31,2.334,4104400.1
1585857600000,2.333,2.333,2.25,2.29,2038062.6
1585872000000,2.291,2.325,2.282,2.31,629901.8
1585886400000,2.311,2.365,2.302,2.352,1147822.0
1585900800000,2.351,2.386,2.329,2.374,1254698.7
1585915200000,2.374,2.376,2.291,2.307,1920921.6
1585929600000,2.307,2.335,2.268,2.331,1268213.3
1585944000000,2.333,2.347,2.312,2.334,500417.3
1585958400000,2.333,2.347,2.293,2.306,1015471.2
1585972800000,2.305,2.327,2.299,2.319,637273.1
1585987200000,2.318,2.347,2.282,2.307,1183000.5
1586001600000,2.307,2.327,2.302,2.322,821349.8
1586016000000,2.322,2.358,2.316,2.343,788412.1
1586030400000,2.343,2.404,2.324,2.358,1421696.6
1586044800000,2.358,2.375,2.347,2.349,600154.6
1586059200000,2.349,2.356,2.33,2.338,520520.3
1586073600000,2.337,2.356,2.332,2.34,232803.8
1586088000000,2.339,2.356,2.334,2.345,376567.1
1586102400000,2.345,2.395,2.314,2.372,1853051.6
1586116800000,2.372,2.373,2.333,2.35,508676.8
1586131200000,2.351,2.382,2.35,2.366,431651.5
1586145600000,2.368,2.473,2.368,2.444,2974637.2
1586160000000,2.442,2.505,2.442,2.484,1470896.7
1586174400000,2.484,2.574,2.484,2.571,2023832.4
1586188800000,2.569,2.713,2.564,2.689,4322805.0
1586203200000,2.688,2.773,2.675,2.76,1914272.6
1586217600000,2.759,2.829,2.67,2.731,3200737.8
1586232000000,2.731,2.788,2.69,2.785,1619086.5
1586246400000,2.784,2.792,2.753,2.762,1572800.3
1586260800000,2.761,2.8,2.69,2.724,2654305.3
1586275200000,2.724,2.763,2.7,2.705,1164536.2
1586289600000,2.704,2.707,2.55,2.632,3547264.1
1586304000000,2.632,2.754,2.586,2.731,2598309.4
1586318400000,2.731,2.794,2.698,2.728,2477206.0
1586332800000,2.728,2.74,2.646,2.691,1823574.6
1586347200000,2.691,2.722,2.65,2.7,1133936.9
1586361600000,2.699,2.73,2.687,2.712,846983.8
1586376000000,2.713,2.767,2.712,2.75,826963.0
1586390400000,2.749,2.761,2.696,2.708,782103.1
1586404800000,2.707,2.743,2.684,2.738,614431.0
1586419200000,2.738,2.756,2.665,2.7,1446277.4
1586433600000,2.7,2.754,2.678,2.725,1329556.8
1586448000000,2.727,2.732,2.69,2.706,500588.5
1586462400000,2.707,2.748,2.701,2.724,404338.7
1586476800000,2.723,2.745,2.649,2.662,1057562.7
1586491200000,2.66,2.66,2.517,2.528,3760118.9
1586505600000,2.528,2.537,2.478,2.494,1533827.8
1586520000000,2.492,2.514,2.422,2.424,2292956.7
1586534400000,2.423,2.515,2.408,2.504,2060025.9
1586548800000,2.504,2.522,2.472,2.492,520968.9
1586563200000,2.492,2.525,2.482,2.522,523675.3
1586577600000,2.522,2.546,2.501,2.512,760403.1
1586592000000,2.512,2.527,2.499,2.519,667268.7
1586606400000,2.518,2.527,2.48,2.503,483026.4
1586620800000,2.503,2.519,2.447,2.455,1520400.8
1586635200000,2.456,2.52,2.421,2.508,1309928.0
1586649600000,2.507,2.519,2.463,2.463,803900.0
1586664000000,2.465,2.486,2.453,2.48,648936.8
1586678400000,2.48,2.514,2.48,2.496,533714.8
1586692800000,2.497,2.576,2.497,2.573,1493073.7
1586707200000,2.575,2.591,2.559,2.574,1201085.7
1586721600000,2.576,2.584,2.494,2.498,1016676.3
1586736000000,2.498,2.499,2.322,2.393,3851093.7
1586750400000,2.394,2.409,2.37,2.382,1021399.7
1586764800000,2.384,2.449,2.362,2.423,1335356.8
1586779200000,2.422,2.425,2.358,2.399,1406786.7
1586793600000,2.401,2.423,2.382,2.409,767371.2
1586808000000,2.409,2.477,2.409,2.441,1038695.2
1586822400000,2.441,2.471,2.439,2.467,638092.7
1586836800000,2.467,2.475,2.423,2.429,746715.8
1586851200000,2.428,2.455,2.411,2.436,634538.6
1586865600000,2.436,2.502,2.422,2.482,1669947.5
1586880000000,2.485,2.498,2.455,2.472,727393.6
1586894400000,2.472,2.485,2.451,2.465,542775.6
1586908800000,2.465,2.496,2.427,2.488,1408610.1
1586923200000,2.49,2.501,2.473,2.476,838623.1
1586937600000,2.476,2.482,2.423,2.443,1743623.7
1586952000000,2.443,2.444,2.386,2.414,1777409.7
1586966400000,2.415,2.467,2.409,2.447,604869.1
1586980800000,2.447,2.467,2.39,2.399,1146839.6
1586995200000,2.399,2.408,2.326,2.397,2140108.7
1587009600000,2.397,2.659,2.385,2.598,5954642.8
1587024000000,2.599,2.72,2.599,2.641,5172951.7
1587038400000,2.641,2.672,2.606,2.669,2299089.1
1587052800000,2.669,2.69,2.625,2.678,1856076.8
1587067200000,2.678,2.722,2.634,2.659,2113926.7
1587081600000,2.659,2.671,2.604,2.649,2083158.5
1587096000000,2.648,2.648,2.581,2.618,2114009.6
1587110400000,2.618,2.642,2.596,2.61,1737743.6
1587124800000,2.61,2.628,2.592,2.611,1019890.1
1587139200000,2.611,2.638,2.607,2.633,487340.7
1587153600000,2.633,2.674,2.613,2.614,1058478.0
1587168000000,2.614,2.676,2.613,2.648,1597711.9
1587182400000,2.65,2.663,2.636,2.645,965058.6
1587196800000,2.644,2.661,2.612,2.653,907505.7
1587211200000,2.655,2.745,2.638,2.737,2945836.5
1587225600000,2.735,2.745,2.694,2.704,1006519.0
1587240000000,2.703,2.766,2.701,2.728,1201769.6
1587254400000,2.73,2.737,2.64,2.714,3386442.0
1587268800000,2.714,2.721,2.646,2.666,1501414.4
1587283200000,2.666,2.689,2.653,2.67,1039164.1
1587297600000,2.67,2.672,2.537,2.587,4026091.9
1587312000000,2.589,2.634,2.576,2.615,1767713.2
1587326400000,2.615,2.658,2.588,2.599,1866958.3
1587340800000,2.597,2.659,2.584,2.635,2329540.0
1587355200000,2.635,2.669,2.621,2.637,1433765.0
1587369600000,2.637,2.639,2.563,2.582,2204533.3
1587384000000,2.581,2.707,2.559,2.651,5064323.1
1587398400000,2.65,2.67,2.43,2.447,6409004.6
1587412800000,2.447,2.529,2.435,2.507,2381655.6
1587427200000,2.507,2.541,2.498,2.518,1291050.7
1587441600000,2.518,2.556,2.503,2.538,1146016.1
1587456000000,2.538,2.543,2.473,2.499,1905599.8
1587470400000,2.498,2.569,2.49,2.531,2200600.8
1587484800000,2.531,2.568,2.507,2.527,2311081.7
1587499200000,2.527,2.545,2.515,2.518,840394.4
1587513600000,2.52,2.535,2.505,2.519,794528.6
1587528000000,2.521,2.559,2.511,2.547,1437548.1
1587542400000,2.547,2.556,2.534,2.55,750460.9
1587556800000,2.551,2.635,2.535,2.626,2682110.7
1587571200000,2.628,2.654,2.608,2.617,1402503.5
1587585600000,2.616,2.629,2.602,2.625,472263.0
1587600000000,2.625,2.649,2.604,2.608,1236101.5
1587614400000,2.608,2.621,2.575,2.588,1574292.7
1587628800000,2.59,2.628,2.58,2.619,1147088.2
1587643200000,2.621,2.765,2.611,2.706,3490147.6
1587657600000,2.705,2.728,2.66,2.713,1127638.9
1587672000000,2.713,2.738,2.652,2.682,1186341.7
1587686400000,2.682,2.719,2.673,2.701,1295591.8
1587700800000,2.701,2.736,2.696,2.727,1212885.5
1587715200000,2.727,2.744,2.685,2.698,2667691.0
1587729600000,2.699,2.715,2.656,2.697,1655652.4
1587744000000,2.696,2.732,2.687,2.715,1193649.6
1587758400000,2.715,2.726,2.682,2.708,726347.2
1587772800000,2.708,2.721,2.682,2.707,1371166.4
1587787200000,2.707,2.759,2.693,2.736,2710180.3
1587801600000,2.736,2.744,2.701,2.715,2143967.3
1587816000000,2.716,2.81,2.633,2.685,4963505.9
1587830400000,2.685,2.719,2.658,2.705,2800948.5
1587844800000,2.705,2.713,2.682,2.703,972552.7
1587859200000,2.705,2.728,2.693,2.718,1378172.6
1587873600000,2.717,2.718,2.691,2.705,1122380.9
1587888000000,2.706,2.746,2.696,2.736,2176336.4
1587902400000,2.737,2.786,2.685,2.687,4143925.2
1587916800000,2.688,2.728,2.665,2.723,1650437.1
1587931200000,2.724,2.748,2.697,2.737,1263410.0
1587945600000,2.739,2.82,2.731,2.789,3286445.7
1587960000000,2.788,2.792,2.706,2.755,2695407.7
1587974400000,2.755,2.767,2.72,2.748,1477651.6
1587988800000,2.748,2.75,2.68,2.704,2431578.2
1588003200000,2.702,2.713,2.693,2.709,646956.7
1588017600000,2.709,2.749,2.704,2.747,1726102.2
1588032000000,2.745,2.748,2.701,2.713,1225043.6
1588046400000,2.712,2.716,2.684,2.713,1283900.6
1588060800000,2.713,2.749,2.704,2.734,1753404.9
1588075200000,2.733,2.753,2.701,2.721,2650902.7
1588089600000,2.722,2.741,2.718,2.73,1158569.7
1588104000000,2.73,2.778,2.722,2.764,1913648.0
1588118400000,2.764,2.799,2.754,2.771,3487579.0
1588132800000,2.772,2.834,2.761,2.803,3762193.5
1588147200000,2.804,2.902,2.794,2.864,3974361.7
1588161600000,2.864,2.924,2.861,2.915,4383542.2
1588176000000,2.916,3.096,2.901,3.011,9913699.3
1588190400000,3.012,3.028,2.971,3.008,2911839.8
1588204800000,3.011,3.123,2.996,3.12,4380699.4
1588219200000,3.119,3.12,3.002,3.03,4742761.5
1588233600000,3.029,3.041,2.749,2.86,7688714.8
1588248000000,2.862,2.89,2.823,2.848,2282260.4
1588262400000,2.847,2.874,2.77,2.846,3472326.1
1588276800000,2.846,2.877,2.815,2.823,1399603.7
1588291200000,2.822,2.856,2.819,2.841,1490906.5
1588305600000,2.842,2.904,2.841,2.887,2382207.5
1588320000000,2.886,2.931,2.873,2.912,2090855.2
1588334400000,2.913,2.915,2.85,2.861,2485621.8
1588348800000,2.859,2.876,2.844,2.85,851523.2
1588363200000,2.851,2.887,2.832,2.876,1186594.8
1588377600000,2.874,2.894,2.853,2.879,1548955.8
1588392000000,2.877,2.889,2.859,2.864,641091.9
1588406400000,2.864,2.887,2.858,2.869,713518.8
1588420800000,2.868,2.897,2.867,2.884,1136266.6
1588435200000,2.884,2.943,2.88,2.917,3183037.8
1588449600000,2.916,2.953,2.906,2.944,1279991.5
1588464000000,2.944,3.017,2.943,2.99,2636427.7
1588478400000,2.99,2.996,2.895,2.928,2246723.8
1588492800000,2.928,2.961,2.919,2.925,1007430.8
1588507200000,2.924,2.931,2.756,2.817,4173044.2
1588521600000,2.818,2.84,2.79,2.823,1745893.1
1588536000000,2.823,2.852,2.79,2.838,1430292.1
1588550400000,2.838,2.848,2.681,2.731,3967261.8
1588564800000,2.73,2.735,2.626,2.703,3431350.4
1588579200000,2.701,2.728,2.68,2.709,1904759.8
1588593600000,2.709,2.783,2.708,2.778,2385652.5
1588608000000,2.779,2.794,2.721,2.751,1754956.5
1588622400000,2.751,2.8,2.75,2.771,1134312.0
1588636800000,2.772,2.796,2.749,2.763,1129703.4
1588651200000,2.762,2.83,2.761,2.791,2254031.0
1588665600000,2.793,2.81,2.715,2.739,2270452.3
1588680000000,2.738,2.776,2.724,2.75,1696600.5
1588694400000,2.75,2.77,2.738,2.749,695177.4
1588708800000,2.749,2.775,2.746,2.772,692443.4
1588723200000,2.772,2.788,2.735,2.763,1150980.9
1588737600000,2.764,2.806,2.755,2.781,2976877.9
1588752000000,2.781,2.823,2.77,2.815,1782695.1
1588766400000,2.815,2.824,2.766,2.78,1482052.8
1588780800000,2.78,2.792,2.747,2.759,709220.4
1588795200000,2.759,2.775,2.618,2.653,2851414.1
1588809600000,2.653,2.75,2.587,2.714,3456104.8
1588824000000,2.713,2.728,2.683,2.706,1263807.9
1588838400000,2.705,2.742,2.681,2.69,2125231.1
1588852800000,2.69,2.757,2.659,2.693,3800471.6
1588867200000,2.694,2.807,2.672,2.759,6684670.3
1588881600000,2.758,2.782,2.745,2.759,1792668.4
1588896000000,2.758,2.828,2.756,2.77,2323217.4
1588910400000,2.771,2.783,2.698,2.72,2811993.9
1588924800000,2.72,2.742,2.717,2.731,1079546.0
1588939200000,2.731,2.751,2.712,2.741,1332502.8
1588953600000,2.741,2.801,2.733,2.77,2418091.3
1588968000000,2.77,2.807,2.744,2.756,2124913.5
1588982400000,2.756,2.81,2.738,2.799,2546323.9
1588996800000,2.799,2.823,2.768,2.776,3524108.3
1589011200000,2.776,2.798,2.728,2.772,2532018.8
1589025600000,2.773,2.807,2.761,2.801,1551419.2
1589040000000,2.802,2.843,2.772,2.785,2606310.4
1589054400000,2.786,2.793,2.741,2.755,1603459.8
1589068800000,2.753,2.758,2.238,2.446,13705525.5
1589083200000,2.446,2.481,2.412,2.475,2216907.0
1589097600000,2.476,2.495,2.442,2.464,1507835.5
1589112000000,2.464,2.472,2.402,2.421,1646881.4
1589126400000,2.421,2.437,2.297,2.379,5212684.6
1589140800000,2.378,2.483,2.378,2.443,2893984.1
1589155200000,2.443,2.48,2.431,2.441,1392448.9
1589169600000,2.441,2.464,2.383,2.424,1383134.4
1589184000000,2.425,2.458,2.394,2.447,2800334.4
1589198400000,2.446,2.494,2.421,2.435,2735038.4
1589212800000,2.435,2.446,2.261,2.418,6518730.8
1589227200000,2.418,2.436,2.356,2.398,1956415.7
1589241600000,2.397,2.435,2.395,2.43,1061546.5
1589256000000,2.43,2.449,2.407,2.422,1062655.5
1589270400000,2.42,2.463,2.418,2.454,1541395.6
1589284800000,2.454,2.468,2.412,2.454,1870954.6
1589299200000,2.454,2.464,2.429,2.444,1171641.4
1589313600000,2.444,2.45,2.394,2.44,1992912.3
1589328000000,2.44,2.464,2.434,2.452,906658.1
1589342400000,2.452,2.455,2.429,2.431,633526.1
1589356800000,2.431,2.456,2.42,2.452,841285.8
1589371200000,2.453,2.516,2.448,2.503,2012384.0
1589385600000,2.504,2.545,2.498,2.512,1557669.5
1589400000000,2.512,2.558,2.508,2.524,1601728.2
1589414400000,2.524,2.537,2.498,2.516,878649.8
1589428800000,2.515,2.545,2.465,2.529,2524360.0
1589443200000,2.528,2.579,2.511,2.547,2830545.9
1589457600000,2.549,2.553,2.526,2.552,953474.7
1589472000000,2.55,2.652,2.523,2.633,2224048.1
1589486400000,2.633,2.651,2.618,2.622,1754404.8
1589500800000,2.622,2.631,2.531,2.586,3615514.5
1589515200000,2.586,2.628,2.571,2.622,2148196.5
1589529600000,2.622,2.666,2.586,2.644,2185739.3
1589544000000,2.642,2.651,2.577,2.596,3707537.8
1589558400000,2.593,2.634,2.565,2.576,2016320.3
1589572800000,2.577,2.617,2.535,2.583,1842677.8
1589587200000,2.583,2.651,2.569,2.636,1907681.0
1589601600000,2.636,2.684,2.623,2.633,2355020.6
1589616000000,2.635,2.657,2.629,2.638,1122644.0
1589630400000,2.638,2.667,2.604,2.624,2098358.6
1589644800000,2.624,2.639,2.588,2.624,1357135.6
1589659200000,2.624,2.654,2.617,2.635,1093929.5
1589673600000,2.634,2.649,2.62,2.631,964241.7
1589688000000,2.629,2.65,2.618,2.642,819208.7
1589702400000,2.64,2.646,2.622,2.628,589906.6
1589716800000,2.627,2.675,2.627,2.66,2678608.8
1589731200000,2.658,2.661,2.63,2.646,1285911.0
1589745600000,2.644,2.655,2.593,2.618,1618249.1
1589760000000,2.618,2.75,2.61,2.717,3132112.8
1589774400000,2.717,2.744,2.685,2.7,2090726.7
1589788800000,2.7,2.712,2.627,2.665,2313129.8
1589803200000,2.665,2.678,2.615,2.641,1547536.2
1589817600000,2.643,2.657,2.607,2.643,1600192.4
1589832000000,2.643,2.669,2.629,2.666,933450.8
1589846400000,2.666,2.666,2.57,2.595,2282841.3
1589860800000,2.593,2.632,2.581,2.611,1506138.1
1589875200000,2.611,2.669,2.61,2.639,2077608.2
1589889600000,2.637,2.64,2.604,2.632,1316542.1
1589904000000,2.634,2.647,2.625,2.626,686428.6
1589918400000,2.626,2.657,2.613,2.653,872170.4
1589932800000,2.655,2.679,2.611,2.639,4481320.0
1589947200000,2.641,2.662,2.625,2.646,2026659.2
1589961600000,2.646,2.655,2.632,2.636,849493.0
1589976000000,2.635,2.654,2.524,2.558,3386691.4
1589990400000,2.558,2.597,2.533,2.585,1443544.8
1590004800000,2.584,2.609,2.581,2.596,1026942.3
1590019200000,2.598,2.617,2.58,2.587,1115227.0
1590033600000,2.587,2.601,2.571,2.574,1077775.7
1590048000000,2.574,2.594,2.537,2.57,2076649.3
1590062400000,2.57,2.573,2.416,2.46,4351038.0
1590076800000,2.46,2.476,2.404,2.464,1998469.6
1590091200000,2.465,2.485,2.453,2.46,634468.3
1590105600000,2.461,2.478,2.44,2.449,844985.3
1590120000000,2.449,2.516,2.438,2.503,2259877.3
1590134400000,2.503,2.541,2.496,2.537,1434316.6
1590148800000,2.536,2.548,2.516,2.547,1214887.2
1590163200000,2.547,2.572,2.541,2.564,1517724.3
1590177600000,2.566,2.637,2.552,2.595,2644217.2
1590192000000,2.595,2.623,2.591,2.599,1223937.1
1590206400000,2.6,2.611,2.563,2.579,1789702.4
1590220800000,2.579,2.58,2.546,2.561,1384715.2
1590235200000,2.561,2.586,2.544,2.576,1376619.9
1590249600000,2.576,2.585,2.542,2.577,1340271.3
1590264000000,2.577,2.588,2.56,2.561,800185.9
1590278400000,2.561,2.616,2.553,2.581,5035788.4
1590292800000,2.581,2.607,2.579,2.587,1067718.8
1590307200000,2.587,2.599,2.557,2.56,1257899.1
1590321600000,2.559,2.572,2.522,2.538,1792252.1
1590336000000,2.538,2.563,2.503,2.554,1944740.3
1590350400000,2.554,2.566,2.483,2.487,1725970.6
1590364800000,2.486,2.52,2.443,2.51,1631527.7
1590379200000,2.51,2.541,2.499,2.53,930636.4
1590393600000,2.529,2.548,2.491,2.504,1569576.2
1590408000000,2.502,2.529,2.499,2.506,976931.1
1590422400000,2.505,2.538,2.501,2.526,1109627.5
1590436800000,2.525,2.538,2.513,2.53,655000.1
1590451200000,2.528,2.537,2.501,2.528,1108204.1
1590465600000,2.526,2.531,2.504,2.525,807261.6
1590480000000,2.523,2.53,2.503,2.513,812397.8
1590494400000,2.512,2.52,2.457,2.466,1973525.6
1590508800000,2.466,2.499,2.455,2.486,796385.2
1590523200000,2.486,2.521,2.485,2.504,783377.7
1590537600000,2.503,2.523,2.497,2.506,1367495.2
1590552000000,2.506,2.532,2.502,2.509,1158291.5
1590566400000,2.51,2.572,2.509,2.551,2347262.3
1590580800000,2.552,2.561,2.534,2.55,1125386.6
1590595200000,2.55,2.577,2.545,2.56,1269519.4
1590609600000,2.56,2.578,2.54,2.574,767998.4
1590624000000,2.573,2.577,2.543,2.551,1081840.2
1590638400000,2.551,2.555,2.516,2.531,1621968.2
1590652800000,2.531,2.549,2.518,2.546,1069308.7
1590667200000,2.546,2.599,2.542,2.591,2266181.5
1590681600000,2.592,2.6,2.574,2.587,899062.7
1590696000000,2.587,2.62,2.578,2.612,986644.8
1590710400000,2.613,2.671,2.611,2.648,2072785.6
1590724800000,2.647,2.66,2.632,2.647,1172129.4
1590739200000,2.647,2.663,2.595,2.618,2089016.8
1590753600000,2.618,2.627,2.587,2.616,1279803.8
1590768000000,2.618,2.634,2.604,2.609,1090192.6
1590782400000,2.609,2.621,2.599,2.614,490044.2
1590796800000,2.616,2.641,2.597,2.637,1357923.5
1590811200000,2.639,2.696,2.631,2.672,2401718.3
1590825600000,2.673,2.713,2.658,2.703,1534087.7
1590840000000,2.702,2.721,2.672,2.695,2028754.2
1590854400000,2.695,2.718,2.683,2.714,1497163.3
1590868800000,2.714,2.784,2.672,2.773,4223833.8
1590883200000,2.773,2.775,1.96,2.694,4469003.3
1590897600000,2.694,2.722,2.679,2.72,1853769.6
1590912000000,2.721,2.768,2.699,2.75,3360781.7
1590926400000,2.751,2.764,2.696,2.712,2664541.4
1590940800000,2.713,2.761,2.707,2.754,1603698.5
1590955200000,2.753,2.761,2.647,2.674,2970303.4
1590969600000,2.673,2.728,2.663,2.717,1982261.5
1590984000000,2.718,2.733,2.7,2.712,1264088.3
1590998400000,2.714,2.717,2.667,2.68,2045662.1
1591012800000,2.68,2.726,2.663,2.702,2382669.6
1591027200000,2.702,2.718,2.698,2.703,1131213.3
1591041600000,2.703,2.834,2.701,2.823,6076239.9
1591056000000,2.823,2.844,2.801,2.828,2082852.7
1591070400000,2.827,2.871,2.82,2.863,2548684.3
1591084800000,2.863,2.9,2.852,2.882,3105046.2
1591099200000,2.882,2.894,2.394,2.654,8916814.2
1591113600000,2.654,2.667,2.633,2.659,2106320.2
1591128000000,2.659,2.684,2.645,2.677,2136581.4
1591142400000,2.677,2.684,2.647,2.666,1388566.6
1591156800000,2.667,2.675,2.634,2.655,2441741.6
1591171200000,2.655,2.692,2.65,2.683,1860671.7
1591185600000,2.684,2.693,2.655,2.684,2117945.7
1591200000000,2.683,2.706,2.663,2.679,1846621.5
1591214400000,2.679,2.712,2.672,2.696,1472025.0
1591228800000,2.696,2.75,2.689,2.74,2065776.2
1591243200000,2.738,2.744,2.717,2.727,1549473.5
1591257600000,2.728,2.736,2.661,2.724,3132329.3
1591272000000,2.724,2.745,2.713,2.738,2128177.5
1591286400000,2.738,2.745,2.692,2.714,2261840.7
1591300800000,2.714,2.739,2.695,2.724,1436087.1
1591315200000,2.724,2.746,2.716,2.729,1626931.9
1591329600000,2.727,2.74,2.717,2.728,915985.3
1591344000000,2.726,2.769,2.711,2.735,4355369.6
1591358400000,2.735,2.777,2.707,2.768,3337667.6
1591372800000,2.769,2.871,2.762,2.852,7910925.7
1591387200000,2.851,2.859,2.808,2.818,3861331.8
1591401600000,2.818,2.842,2.797,2.832,3765625.5
1591416000000,2.83,2.841,2.807,2.824,2282985.6
1591430400000,2.823,2.848,2.808,2.836,3460876.3
1591444800000,2.837,2.845,2.802,2.824,3326345.1
1591459200000,2.824,2.831,2.771,2.796,2806490.6
1591473600000,2.796,2.817,2.793,2.799,1174503.9
1591488000000,2.801,2.829,2.785,2.807,2244487.4
1591502400000,2.807,2.818,2.799,2.805,1129420.1
1591516800000,2.806,2.821,2.787,2.797,2228990.3
1591531200000,2.797,2.802,2.737,2.761,4615027.4
1591545600000,2.761,2.816,2.732,2.795,3224487.8
1591560000000,2.796,2.831,2.782,2.809,2198494.9
1591574400000,2.809,2.819,2.792,2.799,1529225.6
1591588800000,2.8,2.806,2.786,2.791,1526164.9
1591603200000,2.791,2.799,2.766,2.779,3115528.6
1591617600000,2.78,2.783,2.754,2.775,1469066.3
1591632000000,2.775,2.778,2.755,2.762,1419016.4
1591646400000,2.762,2.798,2.761,2.79,1744398.9
1591660800000,2.79,2.804,2.679,2.745,4659462.8
1591675200000,2.747,2.756,2.74,2.747,813430.5
1591689600000,2.747,2.757,2.731,2.751,1524271.5
1591704000000,2.75,2.796,2.75,2.757,2325667.8
1591718400000,2.757,2.762,2.693,2.739,1912394.1
1591732800000,2.739,2.776,2.728,2.753,2406570.1
1591747200000,2.752,2.762,2.747,2.75,1153071.5
1591761600000,2.751,2.771,2.735,2.75,1606335.5
1591776000000,2.75,2.754,2.736,2.74,800750.7
1591790400000,2.739,2.755,2.737,2.745,757856.1
1591804800000,2.745,2.789,2.7,2.761,4621557.9
1591819200000,2.761,2.771,2.741,2.757,1212405.0
1591833600000,2.757,2.776,2.757,2.763,1986878.4
1591848000000,2.764,2.769,2.72,2.743,2361888.0
1591862400000,2.743,2.748,2.721,2.735,1156739.2
1591876800000,2.736,2.736,2.62,2.64,5147601.5
1591891200000,2.64,2.648,2.424,2.527,7896142.4
1591905600000,2.527,2.549,2.506,2.514,1906637.9
1591920000000,2.515,2.548,2.487,2.539,2133479.8
1591934400000,2.54,2.586,2.535,2.571,2279525.9
1591948800000,2.569,2.592,2.565,2.585,1821165.9
1591963200000,2.585,2.626,2.569,2.584,2655415.5
1591977600000,2.584,2.598,2.558,2.592,1405188.5
1591992000000,2.593,2.603,2.581,2.598,635222.9
1592006400000,2.598,2.6,2.568,2.573,996539.7
1592020800000,2.573,2.58,2.551,2.578,1174994.1
1592035200000,2.577,2.591,2.57,2.576,1355930.7
1592049600000,2.575,2.601,2.57,2.592,1569160.9
1592064000000,2.591,2.622,2.581,2.595,1841412.9
1592078400000,2.594,2.611,2.576,2.606,1599166.6
1592092800000,2.606,2.608,2.583,2.588,650407.9
1592107200000,2.589,2.592,2.562,2.568,1631072.7
1592121600000,2.568,2.589,2.56,2.58,904954.3
1592136000000,2.58,2.582,2.526,2.559,1703095.1
1592150400000,2.559,2.563,2.547,2.56,370952.4
1592164800000,2.559,2.579,2.527,2.568,1510064.8
1592179200000,2.568,2.57,2.497,2.513,2692672.7
1592193600000,2.511,2.53,2.42,2.483,5826838.2
1592208000000,2.484,2.488,2.463,2.481,1821070.8
1592222400000,2.481,2.501,2.457,2.499,2459441.7
1592236800000,2.497,2.548,2.494,2.528,2294932.8
1592251200000,2.528,2.55,2.523,2.531,1088949.7
1592265600000,2.532,2.566,2.521,2.558,1549148.9
1592280000000,2.557,2.561,2.541,2.546,980572.8
1592294400000,2.546,2.556,2.541,2.55,1159115.5
1592308800000,2.55,2.561,2.526,2.54,2236568.0
1592323200000,2.54,2.554,2.535,2.551,901234.6
1592337600000,2.552,2.558,2.544,2.554,517669.0
1592352000000,2.554,2.557,2.535,2.541,1035758.1
1592366400000,2.542,2.604,2.539,2.588,2872287.8
1592380800000,2.588,2.597,2.571,2.578,1035316.9
1592395200000,2.578,2.607,2.553,2.566,3404676.6
1592409600000,2.566,2.579,2.524,2.533,2906296.7
1592424000000,2.534,2.577,2.516,2.568,1626592.3
1592438400000,2.568,2.577,2.557,2.561,936673.2
1592452800000,2.561,2.57,2.548,2.563,827814.5
1592467200000,2.563,2.572,2.55,2.559,666214.7
1592481600000,2.559,2.567,2.537,2.544,1352191.5
1592496000000,2.544,2.55,2.496,2.533,1699730.5
1592510400000,2.532,2.548,2.494,2.537,1713707.1
1592524800000,2.537,2.539,2.501,2.51,1163331.5
1592539200000,2.51,2.528,2.506,2.515,799210.4
1592553600000,2.514,2.559,2.51,2.534,1704127.2
1592568000000,2.534,2.543,2.528,2.543,971862.6
1592582400000,2.543,2.548,2.514,2.522,745059.3
1592596800000,2.522,2.535,2.513,2.524,989005.4
1592611200000,2.524,2.54,2.52,2.53,720015.2
1592625600000,2.53,2.538,2.522,2.523,595405.9
1592640000000,2.523,2.523,2.446,2.506,2715139.5
1592654400000,2.506,2.514,2.465,2.478,1219235.1
1592668800000,2.479,2.504,2.472,2.493,791618.3
1592683200000,2.495,2.557,2.494,2.534,2585571.0
1592697600000,2.534,2.554,2.53,2.544,1286655.1
1592712000000,2.543,2.551,2.537,2.539,969974.0
1592726400000,2.539,2.543,2.525,2.541,1140641.9
1592740800000,2.54,2.543,2.51,2.538,1310756.1
1592755200000,2.537,2.539,2.515,2.521,751070.7
1592769600000,2.521,2.525,2.511,2.515,538730.0
1592784000000,2.515,2.546,2.509,2.541,1154053.7
1592798400000,2.541,2.57,2.537,2.55,2045578.0
1592812800000,2.55,2.561,2.546,2.555,816983.3
1592827200000,2.556,2.57,2.552,2.567,1173156.6
1592841600000,2.568,2.594,2.567,2.573,2006095.3
1592856000000,2.573,2.605,2.572,2.585,934682.5
1592870400000,2.585,2.597,2.562,2.577,1464335.4
1592884800000,2.577,2.578,2.554,2.572,1114693.2
1592899200000,2.572,2.573,2.558,2.568,790573.2
1592913600000,2.569,2.584,2.565,2.583,1131227.4
1592928000000,2.583,2.588,2.572,2.58,800945.7
1592942400000,2.58,2.587,2.563,2.572,815274.7
1592956800000,2.572,2.583,2.567,2.578,611620.1
1592971200000,2.578,2.602,2.515,2.527,4099570.2
1592985600000,2.527,2.539,2.46,2.488,3063711.5
1593000000000,2.487,2.512,2.456,2.469,1831750.6
1593014400000,2.471,2.5,2.464,2.49,1005800.7
1593028800000,2.491,2.506,2.487,2.502,610892.6
1593043200000,2.501,2.534,2.429,2.469,2300808.0
1593057600000,2.469,2.489,2.459,2.479,1032577.5
1593072000000,2.478,2.509,2.478,2.493,1146188.9
1593086400000,2.494,2.499,2.466,2.484,1108347.4
1593100800000,2.484,2.498,2.477,2.487,452735.1
1593115200000,2.487,2.492,2.47,2.479,802127.4
1593129600000,2.479,2.494,2.466,2.481,718112.3
1593144000000,2.48,2.487,2.388,2.409,3153905.2
1593158400000,2.407,2.476,2.402,2.474,2592675.9
1593172800000,2.474,2.518,2.441,2.469,3102028.4
1593187200000,2.47,2.491,2.461,2.481,996286.6
1593201600000,2.481,2.495,2.476,2.481,480473.4
1593216000000,2.481,2.483,2.464,2.477,581490.3
1593230400000,2.477,2.486,2.468,2.473,471612.1
1593244800000,2.473,2.485,2.43,2.461,1516491.4
1593259200000,2.461,2.465,2.432,2.446,1195034.2
1593273600000,2.448,2.457,2.19,2.253,6904839.5
1593288000000,2.252,2.343,2.23,2.331,3129930.0
1593302400000,2.331,2.331,2.301,2.322,1090258.6
1593316800000,2.322,2.348,2.307,2.34,1113710.3
1593331200000,2.341,2.368,2.329,2.353,1721930.0
1593345600000,2.352,2.387,2.339,2.381,2125803.6
1593360000000,2.383,2.402,2.358,2.359,1771931.9
1593374400000,2.359,2.387,2.353,2.366,1138350.3
1593388800000,2.367,2.378,2.349,2.353,1458279.4
1593403200000,2.352,2.367,2.324,2.341,1658140.1
1593417600000,2.34,2.357,2.324,2.343,1000274.3
1593432000000,2.344,2.379,2.33,2.351,1764163.0
1593446400000,2.352,2.365,2.343,2.357,598463.3
1593460800000,2.358,2.414,2.356,2.379,3372502.3
1593475200000,2.379,2.388,2.371,2.374,738317.1
1593489600000,2.375,2.377,2.358,2.366,854831.5
1593504000000,2.367,2.375,2.36,2.37,528983.2
1593518400000,2.371,2.382,2.342,2.367,1291842.5
1593532800000,2.367,2.373,2.344,2.354,750190.4
1593547200000,2.354,2.374,2.351,2.366,432638.0
1593561600000,2.367,2.386,2.353,2.374,1109869.6
1593576000000,2.373,2.382,2.355,2.365,1376348.6
1593590400000,2.364,2.383,2.363,2.376,643442.9
1593604800000,2.375,2.404,2.37,2.397,1311804.3
1593619200000,2.398,2.403,2.36,2.372,1255750.5
1593633600000,2.372,2.39,2.369,2.378,749836.8
1593648000000,2.376,2.384,2.37,2.38,564045.4
1593662400000,2.38,2.387,2.361,2.376,1344671.6
1593676800000,2.376,2.379,2.362,2.371,653395.3
1593691200000,2.371,2.386,2.306,2.324,2753706.9
1593705600000,2.323,2.349,2.299,2.336,2480657.4
1593720000000,2.336,2.382,2.33,2.358,1886801.2
1593734400000,2.358,2.373,2.349,2.354,857170.2
1593748800000,2.355,2.388,2.349,2.376,1322638.4
1593763200000,2.376,2.435,2.376,2.409,3083747.1
1593777600000,2.409,2.452,2.406,2.427,3090758.0
1593792000000,2.428,2.446,2.414,2.428,1452096.9
1593806400000,2.429,2.435,2.398,2.416,950783.3
1593820800000,2.416,2.505,2.409,2.475,4971942.6
1593835200000,2.475,2.476,2.456,2.463,1430448.8
1593849600000,2.463,2.473,2.44,2.454,1314490.9
1593864000000,2.454,2.47,2.425,2.445,2630144.7
1593878400000,2.444,2.484,2.44,2.463,2343704.9
1593892800000,2.464,2.471,2.444,2.459,604776.1
1593907200000,2.459,2.471,2.436,2.446,2547690.5
1593921600000,2.445,2.455,2.431,2.439,1415607.1
1593936000000,2.44,2.448,2.401,2.423,1813079.6
1593950400000,2.424,2.428,2.405,2.412,1327710.3
1593964800000,2.413,2.42,2.403,2.416,811678.8
1593979200000,2.415,2.419,2.317,2.407,4281342.0
1593993600000,2.408,2.44,2.4,2.424,1824728.0
1594008000000,2.425,2.503,2.421,2.476,3065412.1
1594022400000,2.476,2.509,2.471,2.505,1858985.3
1594036800000,2.504,2.599,2.494,2.595,5083279.5
1594051200000,2.594,2.607,2.557,2.569,2578917.1
1594065600000,2.569,2.641,2.557,2.611,3173663.0
1594080000000,2.61,2.629,2.56,2.572,2342122.6
1594094400000,2.572,2.578,2.524,2.551,2620937.6
1594108800000,2.552,2.558,2.522,2.553,1881581.0
1594123200000,2.554,2.568,2.532,2.556,2049074.7
1594137600000,2.556,2.573,2.547,2.55,1348749.6
1594152000000,2.551,2.567,2.532,2.56,1344935.2
1594166400000,2.56,2.64,2.54,2.635,3118936.4
1594180800000,2.636,2.641,2.587,2.62,3174605.7
1594195200000,2.618,2.68,2.608,2.674,3942707.3
1594209600000,2.674,2.712,2.631,2.67,5290707.9
1594224000000,2.669,2.685,2.656,2.681,1914540.1
1594238400000,2.683,2.703,2.666,2.68,1917374.1
1594252800000,2.68,2.682,2.624,2.646,2692821.8
1594267200000,2.646,2.728,2.644,2.713,3904955.6
1594281600000,2.712,2.715,2.668,2.696,2165113.2
1594296000000,2.696,2.721,2.603,2.616,6712764.2
1594310400000,2.616,2.636,2.579,2.607,2942250.8
1594324800000,2.606,2.656,2.595,2.65,1873737.7
1594339200000,2.65,2.652,2.611,2.621,1804883.3
1594353600000,2.621,2.621,2.573,2.599,3282754.5
1594368000000,2.599,2.632,2.596,2.598,1962463.5
1594382400000,2.598,2.63,2.597,2.626,1955642.5
1594396800000,2.626,2.629,2.599,2.609,1040735.0
1594411200000,2.61,2.633,2.602,2.624,1255260.3
1594425600000,2.624,2.643,2.614,2.623,2048654.7
1594440000000,2.623,2.638,2.617,2.631,1102069.1
1594454400000,2.633,2.634,2.591,2.602,1788258.5
1594468800000,2.603,2.625,2.59,2.616,1323191.1
1594483200000,2.616,2.628,2.602,2.606,1062107.7
1594497600000,2.606,2.628,2.606,2.622,908930.4
1594512000000,2.623,2.654,2.621,2.635,2009220.8
1594526400000,2.636,2.646,2.623,2.631,793541.4
1594540800000,2.631,2.636,2.613,2.619,817586.4
1594555200000,2.619,2.663,2.561,2.592,4626715.2
1594569600000,2.593,2.602,2.574,2.595,842511.5
1594584000000,2.595,2.628,2.589,2.62,1646272.7
1594598400000,2.62,2.625,2.609,2.619,1503688.5
1594612800000,2.619,2.63,2.613,2.623,1458646.8
1594627200000,2.623,2.648,2.622,2.641,2857967.9
1594641600000,2.641,2.651,2.616,2.624,3027319.6
1594656000000,2.623,2.634,2.436,2.522,6147757.7
1594670400000,2.521,2.56,2.503,2.554,2254504.3
1594684800000,2.554,2.555,2.527,2.531,946936.5
1594699200000,2.531,2.537,2.504,2.526,1150277.8
1594713600000,2.527,2.56,2.514,2.554,1839917.1
1594728000000,2.554,2.572,2.538,2.553,1589959.1
1594742400000,2.554,2.578,2.547,2.573,1417483.9
1594756800000,2.575,2.576,2.549,2.56,858931.5
1594771200000,2.56,2.569,2.541,2.547,1152163.1
1594785600000,2.547,2.559,2.526,2.543,1450227.4
1594800000000,2.544,2.553,2.52,2.536,1710100.2
1594814400000,2.535,2.547,2.518,2.52,1380681.6
1594828800000,2.52,2.538,2.508,2.518,1703305.9
1594843200000,2.518,2.543,2.518,2.537,800504.7
1594857600000,2.538,2.561,2.522,2.543,1433396.9
1594872000000,2.543,2.548,2.428,2.475,3831994.7
1594886400000,2.477,2.482,2.441,2.458,1927273.7
1594900800000,2.458,2.483,2.457,2.478,1100161.9
1594915200000,2.477,2.487,2.462,2.472,956440.7
1594929600000,2.472,2.515,2.46,2.502,1736224.3
1594944000000,2.502,2.509,2.484,2.493,828094.3
1594958400000,2.493,2.503,2.472,2.496,1062051.4
1594972800000,2.495,2.508,2.485,2.506,672935.3
1594987200000,2.506,2.525,2.499,2.505,1388861.2
1595001600000,2.503,2.508,2.487,2.494,536815.8
1595016000000,2.494,2.505,2.487,2.496,511964.1
1595030400000,2.496,2.508,2.48,2.493,869061.0
1595044800000,2.493,2.499,2.488,2.496,477836.5
1595059200000,2.495,2.522,2.491,2.505,1198523.8
1595073600000,2.507,2.521,2.5,2.507,837147.6
1595088000000,2.507,2.521,2.497,2.506,909800.4
1595102400000,2.507,2.514,2.501,2.502,479036.6
1595116800000,2.502,2.517,2.49,2.496,878983.0
1595131200000,2.496,2.511,2.483,2.502,1152995.1
1595145600000,2.502,2.504,2.466,2.486,1110654.2
1595160000000,2.486,2.49,2.477,2.48,546533.3
1595174400000,2.481,2.607,2.478,2.596,4948096.8
1595188800000,2.595,2.612,2.58,2.586,2817001.7
1595203200000,2.586,2.597,2.57,2.59,1923530.8
1595217600000,2.591,2.609,2.581,2.592,1862144.4
1595232000000,2.592,2.615,2.555,2.575,3979914.3
1595246400000,2.575,2.59,2.564,2.586,1790130.5
1595260800000,2.586,2.611,2.533,2.56,3771466.7
1595275200000,2.561,2.576,2.555,2.563,1280717.9
1595289600000,2.564,2.587,2.556,2.577,1639042.4
1595304000000,2.579,2.624,2.571,2.612,2278196.4
1595318400000,2.613,2.621,2.605,2.611,1836017.4
1595332800000,2.612,2.626,2.596,2.607,2533931.4
1595347200000,2.607,2.636,2.605,2.619,2240577.8
1595361600000,2.619,2.625,2.607,2.625,1016837.6
1595376000000,2.624,2.625,2.603,2.611,922741.2
1595390400000,2.612,2.615,2.578,2.586,2196594.0
1595404800000,2.585,2.602,2.58,2.598,1137298.0
1595419200000,2.598,2.611,2.586,2.605,931953.4
1595433600000,2.604,2.608,2.592,2.602,785850.8
1595448000000,2.602,2.673,2.598,2.663,4541078.5
1595462400000,2.662,2.688,2.651,2.663,2814663.7
1595476800000,2.662,2.667,2.646,2.65,1656835.6
1595491200000,2.65,2.661,2.646,2.651,1120833.2
1595505600000,2.651,2.678,2.626,2.657,3391241.0
1595520000000,2.656,2.694,2.643,2.656,3708937.8
1595534400000,2.656,2.668,2.64,2.657,1104950.8
1595548800000,2.656,2.659,2.629,2.639,1269239.8
1595563200000,2.639,2.641,2.558,2.589,3596736.2
1595577600000,2.59,2.609,2.584,2.603,1304524.2
1595592000000,2.605,2.62,2.591,2.609,1315401.2
1595606400000,2.61,2.633,2.586,2.616,2124800.4
1595620800000,2.616,2.63,2.588,2.596,1609625.7
1595635200000,2.598,2.675,2.595,2.655,3181742.8
1595649600000,2.657,2.667,2.643,2.644,1649371.8
1595664000000,2.645,2.664,2.64,2.651,1653877.0
1595678400000,2.651,2.668,2.634,2.649,1878490.2
1595692800000,2.65,2.716,2.644,2.708,4769034.2
1595707200000,2.707,2.752,2.706,2.731,4039304.4
1595721600000,2.732,2.739,2.704,2.736,3119049.7
1595736000000,2.736,2.79,2.719,2.789,3808842.3
1595750400000,2.79,2.814,2.68,2.733,8488785.9
1595764800000,2.733,2.742,2.678,2.727,3765583.3
1595779200000,2.727,2.742,2.693,2.696,2419515.0
1595793600000,2.695,2.725,2.69,2.716,1004136.2
1595808000000,2.715,2.777,2.715,2.759,4577947.0
1595822400000,2.76,2.808,2.742,2.743,5393764.6
1595836800000,2.744,2.799,2.737,2.789,4770072.9
1595851200000,2.789,2.802,2.635,2.685,10085414.9
1595865600000,2.685,2.891,2.684,2.848,10620992.0
1595880000000,2.85,2.936,2.748,2.851,14174467.2
1595894400000,2.851,2.919,2.827,2.84,6684509.2
1595908800000,2.84,2.86,2.818,2.823,3329901.5
1595923200000,2.825,2.846,2.78,2.841,5205435.2
1595937600000,2.841,3.028,2.806,3.008,12306520.5
1595952000000,3.009,3.084,2.941,3.024,15803417.6
1595966400000,3.024,3.085,2.982,3.0,4679451.2
1595980800000,3.001,3.071,2.955,3.047,7070342.0
1595995200000,3.047,3.158,3.013,3.127,10709687.5
1596009600000,3.127,3.155,3.057,3.098,8275821.0
1596024000000,3.099,3.146,3.04,3.082,7643890.5
1596038400000,3.081,3.109,3.017,3.078,4777849.8
1596052800000,3.08,3.11,3.004,3.029,4115211.5
1596067200000,3.028,3.035,2.97,2.988,4282902.7
1596081600000,2.989,3.017,2.957,3.0,4380243.9
1596096000000,2.998,3.027,2.984,2.989,2731999.5
1596110400000,2.991,3.048,2.96,3.022,4149731.1
1596124800000,3.022,3.07,2.993,3.063,4255311.8
1596139200000,3.063,3.108,3.048,3.051,3226482.3
1596153600000,3.05,3.076,3.016,3.019,2983963.4
1596168000000,3.02,3.066,3.015,3.047,2245144.6
1596182400000,3.047,3.083,3.038,3.074,2515130.4
1596196800000,3.074,3.115,3.04,3.09,4500233.4
1596211200000,3.09,3.151,3.058,3.108,5092996.0
1596225600000,3.108,3.117,3.068,3.096,2487182.1
1596240000000,3.098,3.207,3.074,3.187,5675350.9
1596254400000,3.187,3.235,3.169,3.194,6068427.1
1596268800000,3.194,3.234,3.17,3.195,4199951.7
1596283200000,3.195,3.199,3.117,3.179,5618699.3
1596297600000,3.18,3.33,3.167,3.274,10243937.4
1596312000000,3.275,3.332,3.25,3.305,4672395.1
1596326400000,3.307,3.5,3.277,3.482,9249999.5
1596340800000,3.48,3.504,2.51,3.07,26652455.8
1596355200000,3.07,3.074,2.857,2.944,9323805.2
1596369600000,2.944,2.988,2.881,2.94,5568732.4
1596384000000,2.94,3.029,2.932,2.986,4334917.6
1596398400000,2.987,2.995,2.921,2.947,2779830.0
1596412800000,2.948,3.005,2.902,2.975,5139267.3
1596427200000,2.975,3.033,2.974,3.005,2194135.8
1596441600000,3.005,3.028,2.959,3.025,3535034.8
1596456000000,3.025,3.069,2.996,3.038,6283650.2
1596470400000,3.038,3.129,3.029,3.093,5912552.4
1596484800000,3.094,3.102,3.014,3.051,5584804.4
1596499200000,3.05,3.108,3.031,3.057,4699136.8
1596513600000,3.056,3.079,3.037,3.068,2527921.9
1596528000000,3.069,3.083,2.964,3.007,6325216.9
1596542400000,3.007,3.061,2.963,3.058,4329545.6
1596556800000,3.058,3.068,3.013,3.028,2023728.4
1596571200000,3.029,3.064,3.028,3.042,1624261.8
1596585600000,3.042,3.048,3.006,3.034,2263315.1
1596600000000,3.035,3.05,3.013,3.034,2208762.3
1596614400000,3.034,3.084,3.027,3.068,3354147.6
1596628800000,3.069,3.088,3.046,3.06,5889266.5
1596643200000,3.06,3.107,3.052,3.069,3348900.7
1596657600000,3.069,3.09,2.979,3.057,4970880.7
1596672000000,3.057,3.075,3.03,3.037,2649950.5
1596686400000,3.037,3.037,3.004,3.014,2629705.3
1596700800000,3.013,3.043,3.01,3.021,2174196.6
1596715200000,3.023,3.125,3.022,3.101,5926445.4
1596729600000,3.101,3.158,3.079,3.157,5082372.4
1596744000000,3.157,3.188,3.058,3.094,5618457.9
1596758400000,3.093,3.169,3.085,3.13,4034344.7
1596772800000,3.13,3.15,3.118,3.138,3142149.2
1596787200000,3.138,3.257,3.12,3.189,8558315.2
1596801600000,3.188,3.212,3.066,3.137,8382142.1
1596816000000,3.139,3.154,2.755,2.974,14111708.1
1596830400000,2.974,3.039,2.957,3.012,2992331.9
1596844800000,3.013,3.028,2.976,2.99,2281518.4
1596859200000,2.99,3.018,2.981,3.005,1657565.0
1596873600000,3.005,3.068,2.985,3.063,2951424.2
1596888000000,3.063,3.094,3.04,3.071,2925590.0
1596902400000,3.07,3.081,2.986,3.033,3822728.5
1596916800000,3.034,3.073,3.015,3.068,1781262.6
1596931200000,3.068,3.088,3.052,3.061,1990611.1
1596945600000,3.061,3.065,3.034,3.058,1731189.3
1596960000000,3.058,3.066,3.0,3.055,2390962.7
1596974400000,3.056,3.056,2.931,2.995,4384206.1
1596988800000,2.995,3.028,2.962,3.014,2596707.6
1597003200000,3.015,3.036,3.003,3.031,1717465.0
1597017600000,3.031,3.084,3.031,3.071,3545883.1
1597032000000,3.071,3.084,3.047,3.061,2068522.7
1597046400000,3.063,3.132,2.963,3.073,8911789.2
1597060800000,3.073,3.235,3.062,3.23,9456745.3
1597075200000,3.229,3.3,3.184,3.212,9047263.7
1597089600000,3.213,3.28,3.193,3.242,4462535.1
1597104000000,3.242,3.303,3.187,3.217,6604934.2
1597118400000,3.217,3.229,3.1,3.157,6875213.3
1597132800000,3.157,3.176,3.06,3.154,6496094.9
1597147200000,3.154,3.154,2.96,3.04,11124367.7
1597161600000,3.04,3.082,2.981,3.04,5526370.5
1597176000000,3.04,3.042,2.867,3.009,8035234.9
1597190400000,3.009,3.027,2.939,2.986,3998414.4
1597204800000,2.986,3.011,2.89,3.001,4448446.6
1597219200000,3.001,3.049,2.992,3.022,3986731.1
1597233600000,3.022,3.054,3.007,3.032,3325321.0
1597248000000,3.032,3.05,2.983,3.001,3558018.0
1597262400000,3.0,3.039,2.998,3.03,2004450.6
1597276800000,3.029,3.067,3.016,3.041,3524517.4
1597291200000,3.04,3.057,2.992,3.008,2556219.7
1597305600000,3.008,3.046,2.92,3.039,6018606.6
1597320000000,3.041,3.053,2.99,3.039,3366393.6
1597334400000,3.04,3.058,3.001,3.043,4635215.0
1597348800000,3.043,3.153,3.028,3.14,8225292.7
1597363200000,3.142,3.177,3.088,3.11,4936339.9
1597377600000,3.111,3.13,3.091,3.112,2319328.5
1597392000000,3.112,3.152,3.108,3.143,3104997.0
1597406400000,3.143,3.173,3.096,3.158,4269163.4
1597420800000,3.158,3.3,3.141,3.277,12500202.2
1597435200000,3.278,3.296,3.218,3.266,6210441.4
1597449600000,3.268,3.439,3.267,3.382,14468038.2
1597464000000,3.383,3.399,3.332,3.371,5738984.3
1597478400000,3.371,3.458,3.321,3.404,9871787.4
1597492800000,3.404,3.714,3.331,3.655,21288637.4
1597507200000,3.655,3.785,3.6,3.747,19232086.8
1597521600000,3.747,3.857,3.672,3.729,16506662.5
1597536000000,3.728,3.87,3.636,3.764,14679525.7
1597550400000,3.764,3.828,3.732,3.806,6558022.2
1597564800000,3.806,3.821,3.622,3.655,13729086.7
1597579200000,3.656,3.956,3.5,3.899,24462039.6
1597593600000,3.9,3.928,3.821,3.86,9472104.6
1597608000000,3.861,3.916,3.765,3.885,8193329.4
1597622400000,3.885,3.901,3.794,3.85,8480185.3
1597636800000,3.851,3.86,3.737,3.811,7686837.3
1597651200000,3.811,3.928,3.808,3.858,10873350.2
1597665600000,3.858,3.869,3.666,3.811,14817868.3
1597680000000,3.81,3.911,3.79,3.825,9205971.5
1597694400000,3.826,3.887,3.748,3.78,5010465.5
1597708800000,3.781,3.827,3.746,3.762,5383620.0
1597723200000,3.762,3.778,3.683,3.743,6115779.9
1597737600000,3.743,3.768,3.61,3.635,7045815.2
1597752000000,3.634,3.726,3.511,3.586,16889844.8
1597766400000,3.586,3.685,3.553,3.647,6457717.9
1597780800000,3.648,3.675,3.571,3.582,3658802.8
1597795200000,3.581,3.636,3.4,3.446,8602565.1
1597809600000,3.444,3.467,3.312,3.445,12085138.7
1597824000000,3.446,3.475,3.384,3.435,6233951.7
1597838400000,3.435,3.461,3.367,3.393,7968070.9
1597852800000,3.393,3.415,3.231,3.279,10226983.8
1597867200000,3.279,3.376,3.215,3.351,6520017.8
1597881600000,3.352,3.453,3.35,3.379,6001485.7
1597896000000,3.38,3.442,3.352,3.385,4256728.5
1597910400000,3.384,3.436,3.37,3.434,4003123.5
1597924800000,3.435,3.463,3.398,3.442,5569987.8
1597939200000,3.442,3.454,3.374,3.405,3711791.5
1597953600000,3.405,3.449,3.401,3.448,2496874.2
1597968000000,3.447,3.583,3.377,3.561,7069458.6
1597982400000,3.558,3.631,3.533,3.553,10120917.1
1597996800000,3.552,3.562,3.408,3.436,7220594.1
1598011200000,3.435,3.442,3.312,3.376,8852723.0
1598025600000,3.376,3.433,3.303,3.357,6877841.2
1598040000000,3.357,3.392,3.22,3.254,4758158.5
1598054400000,3.256,3.263,3.168,3.249,4961483.9
1598068800000,3.249,3.305,3.201,3.296,3003328.0
1598083200000,3.295,3.323,3.251,3.278,3364140.5
1598097600000,3.278,3.346,3.276,3.284,2650812.2
1598112000000,3.286,3.315,3.266,3.3,1921547.1
1598126400000,3.3,3.383,3.286,3.365,2639327.7
1598140800000,3.364,3.392,3.29,3.3,2638205.6
1598155200000,3.299,3.325,3.271,3.322,1884781.9
1598169600000,3.321,3.322,3.229,3.248,3063981.3
1598184000000,3.248,3.348,3.247,3.343,3138818.3
1598198400000,3.343,3.377,3.32,3.366,2396116.7
1598212800000,3.367,3.372,3.314,3.324,1709962.5
1598227200000,3.325,3.369,3.287,3.365,3103310.3
1598241600000,3.366,3.406,3.328,3.389,3019176.0
1598256000000,3.389,3.427,3.383,3.409,3443791.7
1598270400000,3.409,3.424,3.357,3.38,3101605.5
1598284800000,3.381,3.404,3.34,3.373,2730598.1
1598299200000,3.373,3.401,3.36,3.389,1561654.2
1598313600000,3.388,3.398,3.317,3.337,3111791.6
1598328000000,3.337,3.355,3.27,3.302,3670682.0
1598342400000,3.302,3.331,3.271,3.317,3265400.3
1598356800000,3.317,3.319,3.201,3.239,5088755.5
1598371200000,3.238,3.251,2.95,3.114,12718938.5
1598385600000,3.115,3.148,3.077,3.123,2653609.6
1598400000000,3.122,3.159,3.092,3.131,2756153.1
1598414400000,3.132,3.15,3.065,3.094,2772663.3
1598428800000,3.094,3.142,3.081,3.105,3535918.4
1598443200000,3.106,3.164,3.062,3.157,5748408.3
1598457600000,3.158,3.17,3.126,3.132,2875521.9
1598472000000,3.132,3.142,3.113,3.12,1733458.7
1598486400000,3.121,3.152,3.085,3.093,3261323.9
1598500800000,3.094,3.114,3.064,3.108,3818258.0
1598515200000,3.107,3.117,3.028,3.037,3340467.6
1598529600000,3.037,3.125,2.953,2.998,9110453.7
1598544000000,2.998,3.033,2.851,2.939,9402802.8
1598558400000,2.939,2.987,2.928,2.982,2139259.2
1598572800000,2.983,3.043,2.94,3.02,3841056.1
1598587200000,3.02,3.049,3.004,3.012,2711898.5
1598601600000,3.012,3.066,3.003,3.06,2897865.0
1598616000000,3.061,3.174,3.027,3.171,7427654.6
1598630400000,3.17,3.177,3.102,3.124,4327740.7
1598644800000,3.124,3.129,3.075,3.12,1914310.2
1598659200000,3.12,3.128,3.086,3.109,2400221.7
1598673600000,3.109,3.148,3.106,3.136,2492436.6
1598688000000,3.137,3.21,3.122,3.134,4993676.4
1598702400000,3.134,3.184,3.117,3.172,3054596.1
1598716800000,3.172,3.18,3.156,3.161,1986823.3
1598731200000,3.162,3.186,3.129,3.129,1675206.8
1598745600000,3.129,3.22,3.129,3.203,3905284.2
1598760000000,3.203,3.205,3.175,3.186,1901113.5
1598774400000,3.185,3.196,3.155,3.182,2509462.1
1598788800000,3.183,3.251,3.16,3.222,5041384.2
1598803200000,3.223,3.253,3.205,3.238,2916896.4
1598817600000,3.239,3.278,3.183,3.265,3258334.7
1598832000000,3.266,3.298,3.249,3.275,2984110.6
1598846400000,3.275,3.283,3.206,3.222,2253885.0
1598860800000,3.222,3.268,3.195,3.259,2440721.6
1598875200000,3.259,3.278,3.213,3.256,3558060.9
1598889600000,3.256,3.266,3.229,3.254,2066397.5
1598904000000,3.253,3.258,3.202,3.211,1798380.5
1598918400000,3.213,3.24,3.154,3.228,3288746.7
1598932800000,3.229,3.347,3.224,3.336,5685021.6
1598947200000,3.335,3.363,3.291,3.315,3987314.7
1598961600000,3.315,3.365,3.278,3.362,4460704.6
1598976000000,3.362,3.458,3.343,3.432,5122370.5
1598990400000,3.432,3.56,3.418,3.475,6269329.2
1599004800000,3.475,3.506,3.417,3.432,4774134.1
1599019200000,3.431,3.482,3.382,3.39,4417147.5
1599033600000,3.39,3.433,2.873,3.103,15350501.0
1599048000000,3.102,3.138,3.013,3.051,7158876.5
1599062400000,3.05,3.091,2.998,3.09,3259854.1
1599076800000,3.09,3.126,3.055,3.105,1832432.7
1599091200000,3.106,3.162,3.062,3.063,3974478.0
1599105600000,3.065,3.09,2.923,3.059,6297681.3
1599120000000,3.059,3.079,2.93,2.968,5088502.8
1599134400000,2.968,2.976,2.801,2.89,12484094.9
1599148800000,2.89,2.923,2.832,2.894,4798881.3
1599163200000,2.895,2.944,2.477,2.612,11520789.2
1599177600000,2.612,2.707,2.577,2.674,7605628.2
1599192000000,2.675,2.718,2.639,2.712,4878303.4
1599206400000,2.713,3.245,2.712,3.043,33675502.1
1599220800000,3.043,3.122,2.646,2.943,28653202.2
1599235200000,2.942,3.086,2.888,3.022,10042801.5
1599249600000,3.021,3.068,2.973,2.995,5939642.5
1599264000000,2.994,3.152,2.99,3.131,9436222.3
1599278400000,3.132,3.142,3.013,3.062,11179792.8
1599292800000,3.061,3.062,2.925,3.018,14443041.7
1599307200000,3.017,3.123,2.771,3.066,21907689.2
1599321600000,3.066,3.12,2.777,2.862,21808938.0
1599336000000,2.863,2.949,2.832,2.94,5349560.9
1599350400000,2.94,2.97,2.851,2.879,4324134.1
1599364800000,2.88,2.935,2.807,2.914,6011106.5
1599379200000,2.914,3.035,2.895,2.966,5948906.2
1599393600000,2.966,2.991,2.847,2.89,4217826.7
1599408000000,2.888,2.937,2.838,2.912,3251711.3
1599422400000,2.91,2.944,2.866,2.902,2512731.4
1599436800000,2.903,2.941,2.861,2.882,2689354.7
1599451200000,2.884,2.898,2.817,2.84,3511278.4
1599465600000,2.841,2.867,2.727,2.76,6194719.2
1599480000000,2.76,2.81,2.655,2.797,8295764.9
1599494400000,2.798,2.841,2.785,2.799,3017324.4
1599508800000,2.8,2.866,2.785,2.854,2454275.3
1599523200000,2.854,2.862,2.811,2.818,2061836.5
1599537600000,2.818,2.836,2.774,2.804,3441097.4
1599552000000,2.804,2.837,2.691,2.716,4525253.1
1599566400000,2.714,2.79,2.694,2.76,4339924.5
1599580800000,2.761,2.772,2.676,2.703,2997067.7
1599595200000,2.704,2.765,2.667,2.762,3831062.2
1599609600000,2.761,2.777,2.696,2.711,2264936.5
1599624000000,2.712,2.764,2.7,2.76,1979414.8
1599638400000,2.76,2.785,2.738,2.766,2177000.2
1599652800000,2.765,2.816,2.748,2.79,2944678.3
1599667200000,2.79,2.806,2.769,2.79,1627469.3
1599681600000,2.791,2.797,2.74,2.75,1813431.9
1599696000000,2.75,2.842,2.748,2.802,2905267.5
1599710400000,2.8,2.814,2.754,2.762,2702079.7
1599724800000,2.762,2.778,2.737,2.764,2366044.5
1599739200000,2.765,2.81,2.76,2.785,3197480.3
1599753600000,2.786,2.794,2.746,2.758,2100480.8
1599768000000,2.758,2.784,2.756,2.776,964986.6
1599782400000,2.776,2.793,2.716,2.728,1864300.8
1599796800000,2.727,2.762,2.719,2.757,1792760.1
1599811200000,2.756,2.823,2.756,2.776,5024499.0
1599825600000,2.776,2.805,2.775,2.798,2008144.6
1599840000000,2.798,2.807,2.775,2.79,1257704.5
1599854400000,2.79,2.802,2.769,2.785,1241651.2
1599868800000,2.785,2.802,2.766,2.792,1821405.3
1599883200000,2.792,2.808,2.769,2.79,1287502.4
1599897600000,2.788,2.789,2.768,2.78,1042179.4
1599912000000,2.78,2.796,2.742,2.786,1771728.3
1599926400000,2.786,2.826,2.775,2.814,1809223.1
1599940800000,2.814,2.832,2.796,2.806,1502704.3
1599955200000,2.806,2.82,2.784,2.816,1518416.4
1599969600000,2.816,2.827,2.804,2.811,2171344.9
1599984000000,2.812,2.83,2.743,2.758,3166206.0
1599998400000,2.758,2.758,2.68,2.699,3542730.7
1600012800000,2.699,2.716,2.672,2.71,3301371.9
1600027200000,2.71,2.731,2.698,2.727,1245509.4
1600041600000,2.727,2.731,2.686,2.716,1508797.9
1600056000000,2.716,2.752,2.703,2.735,1971920.3
1600070400000,2.735,2.745,2.712,2.734,1945389.9
1600084800000,2.734,2.762,2.722,2.757,2699577.9
1600099200000,2.757,2.768,2.724,2.737,1830290.5
1600113600000,2.736,2.757,2.713,2.733,1505236.3
1600128000000,2.733,2.784,2.717,2.763,3153045.9
1600142400000,2.762,2.768,2.746,2.759,1877030.6
1600156800000,2.758,2.768,2.722,2.754,3086667.8
1600171200000,2.753,2.77,2.699,2.719,3453688.5
1600185600000,2.718,2.737,2.702,2.706,1401519.5
1600200000000,2.705,2.73,2.698,2.704,1722711.0
1600214400000,2.704,2.707,2.574,2.636,6335381.9
1600228800000,2.637,2.68,2.626,2.673,2497363.1
1600243200000,2.673,2.686,2.649,2.674,2172255.0
1600257600000,2.674,2.718,2.663,2.708,5083270.9
1600272000000,2.709,2.75,2.698,2.71,3151535.1
1600286400000,2.711,2.74,2.702,2.714,1513714.8
1600300800000,2.714,2.779,2.707,2.716,3740573.2
1600315200000,2.717,2.753,2.71,2.725,2236276.4
1600329600000,2.725,2.741,2.7,2.738,2542981.0
1600344000000,2.738,2.739,2.692,2.726,2151703.3
1600358400000,2.726,2.747,2.713,2.741,1265723.7
1600372800000,2.741,2.75,2.725,2.739,1139568.5
1600387200000,2.739,2.748,2.722,2.735,1029498.5
1600401600000,2.735,2.737,2.714,2.73,1479265.9
1600416000000,2.73,2.751,2.724,2.734,1790740.7
1600430400000,2.734,2.743,2.677,2.695,2364439.7
1600444800000,2.695,2.712,2.65,2.681,2371373.6
1600459200000,2.681,2.694,2.673,2.692,1253873.4
1600473600000,2.692,2.727,2.681,2.722,2067141.9
1600488000000,2.722,2.725,2.698,2.703,947766.3
1600502400000,2.703,2.736,2.7,2.732,1596664.7
1600516800000,2.732,2.739,2.713,2.718,1357414.8
1600531200000,2.718,2.729,2.686,2.699,1404465.2
1600545600000,2.699,2.709,2.681,2.704,814682.1
1600560000000,2.704,2.704,2.676,2.687,1411305.5
1600574400000,2.687,2.696,2.682,2.689,665253.0
1600588800000,2.689,2.702,2.682,2.693,748251.4
1600603200000,2.694,2.695,2.622,2.649,3408162.5
1600617600000,2.649,2.677,2.628,2.669,2213365.3
1600632000000,2.669,2.682,2.647,2.673,1417686.5
1600646400000,2.674,2.69,2.661,2.679,1796316.0
1600660800000,2.678,2.683,2.664,2.67,1136852.4
1600675200000,2.669,2.672,2.568,2.594,5500669.3
1600689600000,2.594,2.594,2.483,2.516,7559007.8
1600704000000,2.516,2.54,2.502,2.532,2133208.7
1600718400000,2.532,2.544,2.503,2.506,1212029.1
1600732800000,2.506,2.531,2.488,2.526,1972049.5
1600747200000,2.526,2.569,2.515,2.52,2309792.2
1600761600000,2.52,2.557,2.519,2.541,1848434.1
1600776000000,2.54,2.562,2.53,2.553,2212434.4
1600790400000,2.553,2.562,2.546,2.552,1172532.7
1600804800000,2.552,2.586,2.54,2.57,1596911.2
1600819200000,2.57,2.579,2.559,2.562,877774.6
1600833600000,2.562,2.563,2.52,2.54,2372735.6
1600848000000,2.54,2.563,2.534,2.555,1248159.9
1600862400000,2.555,2.576,2.54,2.544,1724533.6
1600876800000,2.545,2.554,2.473,2.493,2242475.6
1600891200000,2.493,2.497,2.389,2.442,5373782.9
1600905600000,2.442,2.466,2.423,2.458,1625489.3
1600920000000,2.458,2.467,2.446,2.464,1184832.5
1600934400000,2.464,2.511,2.443,2.493,1929441.2
1600948800000,2.495,2.528,2.468,2.525,1706580.8
1600963200000,2.525,2.562,2.514,2.524,2672065.7
1600977600000,2.525,2.545,2.516,2.534,1473050.3
1600992000000,2.534,2.543,2.516,2.518,952784.1
1601006400000,2.518,2.521,2.488,2.493,1728955.7
1601020800000,2.493,2.526,2.463,2.514,2621541.1
1601035200000,2.514,2.55,2.496,2.547,2990407.9
1601049600000,2.546,2.555,2.527,2.546,2674546.3
1601064000000,2.546,2.561,2.532,2.546,1457324.9
1601078400000,2.546,2.575,2.539,2.557,2020797.8
1601092800000,2.557,2.583,2.534,2.538,1797263.2
1601107200000,2.54,2.55,2.532,2.549,1175416.1
1601121600000,2.549,2.552,2.503,2.543,2196102.6
1601136000000,2.544,2.607,2.535,2.57,3435948.1
1601150400000,2.57,2.58,2.555,2.566,1115766.1
1601164800000,2.566,2.595,2.564,2.59,1374933.9
1601179200000,2.59,2.592,2.536,2.554,1635080.6
1601193600000,2.554,2.562,2.531,2.543,2005970.6
1601208000000,2.542,2.593,2.526,2.587,1608748.0
1601222400000,2.588,2.604,2.568,2.577,1157716.2
1601236800000,2.577,2.591,2.57,2.591,699666.5
1601251200000,2.591,2.616,2.585,2.598,2793642.8
1601265600000,2.598,2.608,2.578,2.594,1490350.6
1601280000000,2.594,2.611,2.582,2.601,1709276.6
1601294400000,2.601,2.635,2.595,2.615,2424777.7
1601308800000,2.616,2.631,2.591,2.599,1418535.5
1601323200000,2.599,2.603,2.551,2.562,1847068.3
1601337600000,2.562,2.584,2.554,2.571,1125140.1
1601352000000,2.571,2.586,2.561,2.579,881494.8
1601366400000,2.579,2.597,2.571,2.588,1226812.2
1601380800000,2.588,2.592,2.57,2.576,1041729.5
1601395200000,2.576,2.591,2.565,2.59,1519694.9
1601409600000,2.589,2.605,2.589,2.601,1002016.8
1601424000000,2.601,2.602,2.578,2.579,1122387.6
1601438400000,2.579,2.589,2.572,2.578,732032.8
1601452800000,2.579,2.584,2.56,2.561,1307129.0
1601467200000,2.561,2.584,2.557,2.578,1229321.1
1601481600000,2.578,2.587,2.559,2.564,1092777.0
1601496000000,2.564,2.588,2.562,2.579,1054145.1
1601510400000,2.579,2.598,2.577,2.585,950299.0
1601524800000,2.585,2.605,2.583,2.603,1468944.2
1601539200000,2.603,2.627,2.594,2.617,2093318.1
1601553600000,2.617,2.618,2.567,2.57,1777221.5
1601568000000,2.57,2.571,2.484,2.539,4902451.1
1601582400000,2.538,2.549,2.523,2.545,819522.5
1601596800000,2.545,2.551,2.533,2.55,1239872.3
1601611200000,2.55,2.558,2.47,2.494,3593115.6
1601625600000,2.494,2.511,2.412,2.454,4177429.3
1601640000000,2.454,2.483,2.439,2.457,2071781.3
1601654400000,2.457,2.481,2.448,2.459,1343352.1
1601668800000,2.459,2.485,2.449,2.479,1284011.0
1601683200000,2.479,2.486,2.468,2.483,789443.6
1601697600000,2.483,2.486,2.467,2.471,760737.9
1601712000000,2.471,2.5,2.467,2.492,980257.0
1601726400000,2.492,2.493,2.48,2.489,758960.9
1601740800000,2.489,2.503,2.484,2.499,621418.3
1601755200000,2.5,2.502,2.475,2.477,575921.2
1601769600000,2.477,2.487,2.464,2.473,863368.4
1601784000000,2.473,2.495,2.471,2.488,863849.6
1601798400000,2.488,2.496,2.48,2.486,539662.8
1601812800000,2.486,2.531,2.474,2.503,1950372.2
1601827200000,2.504,2.536,2.502,2.523,1540572.8
1601841600000,2.523,2.529,2.514,2.518,579624.7
1601856000000,2.517,2.539,2.516,2.519,1257238.9
1601870400000,2.519,2.52,2.497,2.51,1328321.7
1601884800000,2.51,2.514,2.501,2.503,635764.0
1601899200000,2.503,2.528,2.5,2.518,918769.2
1601913600000,2.519,2.526,2.491,2.502,1252127.6
1601928000000,2.502,2.531,2.501,2.526,1045312.9
1601942400000,2.527,2.536,2.52,2.528,831593.1
1601956800000,2.528,2.536,2.506,2.509,874993.2
1601971200000,2.508,2.525,2.485,2.502,1541417.5
1601985600000,2.501,2.873,2.486,2.845,29048420.5
1602000000000,2.847,2.973,2.649,2.69,59906470.0
1602014400000,2.69,2.709,2.616,2.696,14157791.8
1602028800000,2.696,2.699,2.588,2.646,13667390.0
1602043200000,2.645,2.692,2.638,2.66,6404534.8
1602057600000,2.66,2.662,2.619,2.639,6137058.4
1602072000000,2.639,2.718,2.635,2.666,9470480.3
1602086400000,2.665,2.672,2.611,2.643,6168578.8
1602100800000,2.644,2.66,2.633,2.643,1293046.2
1602115200000,2.643,2.654,2.621,2.634,2219043.1
1602129600000,2.634,2.646,2.485,2.559,7737284.1
1602144000000,2.558,2.585,2.532,2.565,2657140.4
1602158400000,2.564,2.65,2.553,2.625,5967925.2
1602172800000,2.625,2.643,2.609,2.619,2017630.2
1602187200000,2.619,2.634,2.594,2.607,1689467.3
1602201600000,2.606,2.619,2.58,2.61,1850829.0
1602216000000,2.61,2.612,2.588,2.603,1209233.9
1602230400000,2.603,2.656,2.595,2.642,4673266.2
1602244800000,2.643,2.656,2.618,2.653,2617306.5
1602259200000,2.653,2.657,2.621,2.626,1574303.7
1602273600000,2.626,2.649,2.626,2.642,1022002.2
1602288000000,2.641,2.721,2.64,2.699,3600283.7
1602302400000,2.699,2.705,2.676,2.691,1607077.3
1602316800000,2.691,2.7,2.647,2.669,2564155.4
1602331200000,2.669,2.712,2.661,2.675,2830285.1
1602345600000,2.675,2.69,2.662,2.677,1323085.7
1602360000000,2.677,2.677,2.634,2.643,1342691.4
1602374400000,2.643,2.664,2.634,2.648,988827.3
1602388800000,2.648,2.667,2.647,2.664,860323.2
1602403200000,2.663,2.688,2.654,2.671,1166665.9
1602417600000,2.671,2.685,2.654,2.678,1222960.2
1602432000000,2.678,2.689,2.651,2.652,1473220.3
1602446400000,2.652,2.664,2.614,2.658,2534786.3
1602460800000,2.659,2.663,2.647,2.656,1022073.7
1602475200000,2.655,2.665,2.637,2.656,1579556.4
1602489600000,2.655,2.66,2.607,2.617,3338507.5
1602504000000,2.617,2.68,2.614,2.668,4483265.5
1602518400000,2.668,2.682,2.66,2.669,2488007.0
1602532800000,2.669,2.685,2.629,2.646,2946264.8
1602547200000,2.646,2.661,2.631,2.645,2136390.1
1602561600000,2.644,2.66,2.631,2.644,1387153.9
1602576000000,2.644,2.668,2.621,2.655,2335276.8
1602590400000,2.655,2.656,2.611,2.641,4069205.1
1602604800000,2.641,2.642,2.619,2.635,1602590.8
1602619200000,2.635,2.652,2.633,2.641,826223.8
1602633600000,2.641,2.653,2.634,2.636,1197149.0
1602648000000,2.636,2.642,2.624,2.639,1585412.5
1602662400000,2.639,2.648,2.618,2.624,1857964.7
1602676800000,2.624,2.654,2.572,2.593,4425901.6
1602691200000,2.593,2.613,2.58,2.588,1922044.4
1602705600000,2.588,2.615,2.587,2.608,732553.7
1602720000000,2.608,2.611,2.597,2.604,913684.2
1602734400000,2.605,2.631,2.6,2.621,1441523.4
1602748800000,2.621,2.623,2.585,2.597,2232198.8
1602763200000,2.596,2.616,2.587,2.613,1538795.7
1602777600000,2.612,2.623,2.583,2.599,2321003.3
1602792000000,2.599,2.612,2.588,2.6,1396226.6
1602806400000,2.6,2.612,2.592,2.604,1495825.8
1602820800000,2.604,2.604,2.484,2.534,8018039.3
1602835200000,2.534,2.554,2.505,2.55,2975987.0
1602849600000,2.55,2.55,2.521,2.531,1552367.4
1602864000000,2.531,2.552,2.525,2.526,1325550.5
1602878400000,2.526,2.546,2.524,2.538,802507.8
1602892800000,2.539,2.544,2.526,2.54,956037.5
1602907200000,2.539,2.553,2.531,2.533,786034.9
1602921600000,2.533,2.539,2.529,2.534,702217.7
1602936000000,2.533,2.544,2.505,2.522,2280089.4
1602950400000,2.522,2.527,2.508,2.515,766878.4
1602964800000,2.516,2.528,2.511,2.523,503243.0
1602979200000,2.524,2.535,2.519,2.524,904323.3
1602993600000,2.524,2.551,2.523,2.537,962590.3
1603008000000,2.538,2.544,2.527,2.531,480072.3
1603022400000,2.531,2.561,2.528,2.548,1176178.8
1603036800000,2.549,2.551,2.538,2.539,514592.4
1603051200000,2.54,2.551,2.536,2.547,571530.7
1603065600000,2.547,2.556,2.525,2.528,1424780.9
1603080000000,2.528,2.542,2.525,2.537,1049303.1
1603094400000,2.537,2.555,2.535,2.542,1574280.8
1603108800000,2.542,2.577,2.54,2.577,3038149.2
1603123200000,2.577,2.614,2.57,2.589,2936469.6
1603137600000,2.589,2.591,2.575,2.584,1046529.2
1603152000000,2.583,2.589,2.57,2.582,1145340.5
1603166400000,2.583,2.587,2.551,2.559,2251909.9
1603180800000,2.559,2.571,2.513,2.531,3757693.5
1603195200000,2.531,2.555,2.526,2.548,2685846.4
1603209600000,2.548,2.557,2.502,2.509,2939938.3
1603224000000,2.508,2.531,2.504,2.528,1338074.3
1603238400000,2.528,2.579,2.522,2.564,2946884.3
1603252800000,2.565,2.573,2.543,2.553,2072246.6
1603267200000,2.553,2.576,2.548,2.563,1635650.3
1603281600000,2.564,2.644,2.555,2.636,5961509.0
1603296000000,2.636,2.652,2.614,2.614,3214383.5
1603310400000,2.615,2.659,2.603,2.608,3790244.9
1603324800000,2.608,2.684,2.607,2.639,4092770.3
1603339200000,2.639,2.653,2.628,2.65,1376701.7
1603353600000,2.65,2.698,2.61,2.688,6676472.3
1603368000000,2.688,2.707,2.659,2.686,3897474.9
1603382400000,2.685,2.705,2.674,2.679,2710770.9
1603396800000,2.68,2.708,2.653,2.673,3316031.7
1603411200000,2.673,2.684,2.647,2.672,2138147.7
1603425600000,2.671,2.688,2.658,2.669,2574229.1
1603440000000,2.669,2.684,2.659,2.668,2439591.6
1603454400000,2.668,2.674,2.626,2.637,3324092.1
1603468800000,2.637,2.644,2.6,2.643,3331007.0
1603483200000,2.643,2.651,2.637,2.643,731279.4
1603497600000,2.643,2.65,2.63,2.638,821525.4
1603512000000,2.638,2.646,2.632,2.632,798590.4
1603526400000,2.632,2.661,2.617,2.661,1523217.1
1603540800000,2.66,2.663,2.634,2.657,2670590.3
1603555200000,2.657,2.674,2.643,2.661,1727626.8
1603569600000,2.662,2.664,2.645,2.664,589401.0
1603584000000,2.664,2.667,2.646,2.664,1167384.8
1603598400000,2.665,2.665,2.625,2.64,2393847.5
1603612800000,2.64,2.642,2.62,2.633,1126581.6
1603627200000,2.633,2.647,2.627,2.634,1355664.8
1603641600000,2.634,2.697,2.621,2.696,2325741.9
1603656000000,2.696,2.741,2.688,2.711,4821663.1
1603670400000,2.711,2.754,2.697,2.724,4874524.6
1603684800000,2.725,2.734,2.7,2.705,2459495.2
1603699200000,2.704,2.715,2.688,2.704,3359011.6
1603713600000,2.705,2.707,2.625,2.641,6558672.8
1603728000000,2.641,2.656,2.589,2.639,6499478.7
1603742400000,2.64,2.644,2.627,2.632,1454597.0
1603756800000,2.631,2.652,2.629,2.636,1864769.3
1603771200000,2.637,2.657,2.635,2.651,1499676.3
1603785600000,2.651,2.678,2.632,2.669,3517478.0
1603800000000,2.669,2.672,2.653,2.671,2467091.5
1603814400000,2.671,2.699,2.658,2.662,3689113.3
1603828800000,2.662,2.678,2.646,2.675,1394819.3
1603843200000,2.674,2.691,2.658,2.668,2362522.0
1603857600000,2.668,2.672,2.628,2.64,2692190.7
1603872000000,2.639,2.758,2.622,2.648,14244115.1
1603886400000,2.647,2.668,2.621,2.66,4815879.4
1603900800000,2.66,2.708,2.641,2.653,5117575.6
1603915200000,2.653,2.667,2.63,2.656,1641969.0
1603929600000,2.656,2.675,2.645,2.666,2770079.5
1603944000000,2.666,2.683,2.658,2.658,1905087.3
1603958400000,2.658,2.668,2.633,2.635,2254299.3
1603972800000,2.635,2.663,2.601,2.656,4971489.0
1603987200000,2.656,2.658,2.63,2.63,1747374.4
1604001600000,2.629,2.64,2.622,2.64,1089515.8
1604016000000,2.64,2.649,2.608,2.613,2685363.3
1604030400000,2.613,2.624,2.568,2.582,4255112.0
1604044800000,2.583,2.597,2.4,2.517,11737321.6
1604059200000,2.516,2.521,2.481,2.507,3163662.2
1604073600000,2.507,2.528,2.498,2.519,1501476.4
1604088000000,2.519,2.521,2.489,2.505,1145811.3
1604102400000,2.505,2.519,2.494,2.507,1616850.2
1604116800000,2.507,2.521,2.5,2.509,1551715.2
1604131200000,2.509,2.566,2.509,2.541,4663872.2
1604145600000,2.542,2.555,2.532,2.541,1717097.5
1604160000000,2.541,2.55,2.513,2.52,1514274.8
1604174400000,2.52,2.538,2.518,2.528,1206714.8
1604188800000,2.528,2.54,2.501,2.51,2023644.8
1604203200000,2.509,2.523,2.5,2.522,827814.7
1604217600000,2.521,2.522,2.453,2.486,2470315.7
1604232000000,2.486,2.522,2.482,2.511,1284972.7
1604246400000,2.512,2.52,2.503,2.506,548133.5
1604260800000,2.506,2.529,2.505,2.519,1088964.0
1604275200000,2.518,2.553,2.488,2.506,3193106.1
1604289600000,2.506,2.517,2.491,2.512,1316961.8
1604304000000,2.512,2.517,2.462,2.475,4320798.2
1604318400000,2.474,2.474,2.408,2.436,5328153.9
1604332800000,2.436,2.443,2.418,2.442,1733865.4
1604347200000,2.442,2.45,2.418,2.432,1436217.5
1604361600000,2.432,2.444,2.21,2.289,10430254.4
1604376000000,2.289,2.33,2.274,2.312,3702153.9
1604390400000,2.313,2.357,2.301,2.332,3538145.7
1604404800000,2.331,2.372,2.316,2.33,3736764.0
1604419200000,2.33,2.357,2.322,2.355,1373193.1
1604433600000,2.355,2.378,2.343,2.364,1979557.7
1604448000000,2.364,2.368,2.323,2.352,2441437.2
1604462400000,2.352,2.362,2.289,2.309,2377017.0
1604476800000,2.309,2.336,2.29,2.319,2350309.5
1604491200000,2.319,2.332,2.305,2.323,1695040.8
1604505600000,2.323,2.376,2.314,2.357,3990764.6
1604520000000,2.357,2.366,2.335,2.35,1458353.2
1604534400000,2.351,2.398,2.35,2.379,2955572.3
1604548800000,2.379,2.421,2.378,2.397,3301901.2
1604563200000,2.397,2.398,2.352,2.381,3656001.4
1604577600000,2.38,2.452,2.357,2.445,7291565.5
1604592000000,2.445,2.491,2.418,2.429,4162252.2
1604606400000,2.429,2.463,2.42,2.449,2038132.3
1604620800000,2.449,2.521,2.439,2.47,7301047.7
1604635200000,2.469,2.508,2.469,2.498,2168684.8
1604649600000,2.498,2.533,2.46,2.523,6354769.7
1604664000000,2.523,2.539,2.491,2.498,5023637.0
1604678400000,2.497,2.531,2.497,2.509,2210495.8
1604692800000,2.51,2.549,2.479,2.537,3537958.4
1604707200000,2.537,2.612,2.535,2.579,5714440.2
1604721600000,2.579,2.6,2.57,2.574,1993440.5
1604736000000,2.574,2.633,2.563,2.615,3402849.6
1604750400000,2.615,2.63,2.512,2.546,8821600.9
1604764800000,2.546,2.568,2.451,2.473,7673527.5
1604779200000,2.472,2.516,2.446,2.499,2882287.4
1604793600000,2.499,2.524,2.484,2.505,1695007.1
1604808000000,2.504,2.519,2.494,2.498,998978.3
1604822400000,2.498,2.531,2.498,2.524,1627479.9
1604836800000,2.524,2.566,2.514,2.545,2318401.0
1604851200000,2.546,2.562,2.523,2.537,1817477.6
1604865600000,2.536,2.549,2.514,2.537,1187493.0
1604880000000,2.537,2.561,2.522,2.526,1657832.5
1604894400000,2.524,2.535,2.502,2.503,2029277.0
1604908800000,2.503,2.556,2.497,2.548,2496565.8
1604923200000,2.548,2.549,2.471,2.475,4087179.8
1604937600000,2.475,2.514,2.457,2.512,1886385.4
1604952000000,2.512,2.518,2.495,2.5,1027310.3
1604966400000,2.5,2.512,2.485,2.503,1207169.7
1604980800000,2.504,2.518,2.477,2.515,2967001.5
1604995200000,2.515,2.531,2.494,2.519,3163073.5
1605009600000,2.519,2.529,2.478,2.493,2065710.6
1605024000000,2.493,2.51,2.487,2.501,1206155.8
1605038400000,2.501,2.512,2.494,2.501,910661.8
1605052800000,2.501,2.535,2.499,2.512,2350102.8
1605067200000,2.513,2.518,2.5,2.506,1149157.3
1605081600000,2.506,2.519,2.493,2.509,1637612.1
1605096000000,2.51,2.519,2.505,2.516,1764812.8
1605110400000,2.515,2.542,2.51,2.514,2741042.9
1605124800000,2.514,2.518,2.494,2.501,1551271.9
1605139200000,2.5,2.502,2.444,2.486,3430638.0
1605153600000,2.486,2.502,2.477,2.498,1484609.4
1605168000000,2.497,2.506,2.457,2.474,3715565.9
1605182400000,2.474,2.489,2.464,2.483,1383810.9
1605196800000,2.484,2.485,2.433,2.449,2441601.5
1605211200000,2.449,2.475,2.438,2.465,1571210.4
1605225600000,2.465,2.494,2.458,2.483,1773064.2
1605240000000,2.483,2.496,2.456,2.466,2115868.3
1605254400000,2.466,2.507,2.463,2.491,2962876.8
1605268800000,2.491,2.599,2.491,2.558,7111728.4
1605283200000,2.558,2.644,2.547,2.598,6777135.2
1605297600000,2.598,2.615,2.588,2.602,1211084.9
1605312000000,2.602,2.614,2.565,2.571,2804366.5
1605326400000,2.572,2.58,2.551,2.567,2251294.0
1605340800000,2.567,2.569,2.52,2.533,3422912.4
1605355200000,2.532,2.547,2.513,2.527,2066832.1
1605369600000,2.527,2.545,2.495,2.529,2481116.8
1605384000000,2.529,2.549,2.523,2.537,1019853.0
1605398400000,2.538,2.55,2.52,2.529,1572853.3
1605412800000,2.529,2.549,2.523,2.541,1686863.2
1605427200000,2.542,2.55,2.508,2.513,1909948.7
1605441600000,2.512,2.531,2.5,2.519,2218546.3
1605456000000,2.519,2.527,2.47,2.479,2849448.5
1605470400000,2.479,2.504,2.47,2.499,1361687.2
1605484800000,2.499,2.529,2.487,2.519,2524054.6
1605499200000,2.52,2.537,2.515,2.531,2181702.8
1605513600000,2.531,2.547,2.517,2.526,1976521.4
1605528000000,2.527,2.609,2.523,2.587,6298974.2
1605542400000,2.587,2.599,2.564,2.582,3701117.1
1605556800000,2.582,2.597,2.567,2.584,2044832.3
1605571200000,2.584,2.706,2.577,2.667,7008992.6
1605585600000,2.667,2.701,2.662,2.673,4304813.5
1605600000000,2.673,2.695,2.623,2.668,6020001.8
1605614400000,2.669,2.757,2.66,2.718,8997000.5
1605628800000,2.719,2.75,2.683,2.717,5959878.1
1605643200000,2.716,2.723,2.681,2.72,2373864.3
1605657600000,2.72,2.737,2.656,2.696,3913962.2
1605672000000,2.697,2.725,2.44,2.606,21597115.4
1605686400000,2.607,2.628,2.583,2.623,4654605.4
1605700800000,2.623,2.624,2.539,2.583,5301894.7
1605715200000,2.583,2.608,2.562,2.592,2238224.8
1605729600000,2.593,2.65,2.586,2.639,2891892.3
1605744000000,2.639,2.647,2.608,2.615,2405622.1
1605758400000,2.615,2.617,2.581,2.589,2080473.8
1605772800000,2.589,2.64,2.559,2.628,4360803.7
1605787200000,2.629,2.703,2.618,2.671,6111838.7
1605801600000,2.671,2.694,2.628,2.648,3563318.4
1605816000000,2.648,2.663,2.611,2.639,2889282.2
1605830400000,2.639,2.701,2.636,2.68,4717653.4
1605844800000,2.681,2.695,2.646,2.679,5753843.8
1605859200000,2.679,2.728,2.659,2.715,6193557.6
1605873600000,2.715,2.832,2.692,2.798,13380245.7
1605888000000,2.799,2.834,2.771,2.806,5467151.0
1605902400000,2.806,2.814,2.757,2.784,4077678.1
1605916800000,2.784,2.861,2.765,2.782,8359232.5
1605931200000,2.782,2.902,2.684,2.895,10797160.8
1605945600000,2.894,2.948,2.834,2.886,12755477.8
1605960000000,2.885,3.12,2.844,3.114,23902334.7
1605974400000,3.114,3.25,3.052,3.155,22986805.9
1605988800000,3.155,3.269,3.105,3.24,11246319.8
1606003200000,3.241,3.324,3.044,3.156,21288056.5
1606017600000,3.156,3.17,2.985,3.093,11514635.2
1606032000000,3.093,3.186,2.898,2.983,19993271.3
1606046400000,2.981,3.05,2.964,3.018,11217690.2
1606060800000,3.017,3.151,2.99,3.148,12065769.8
1606075200000,3.147,3.168,3.051,3.069,9588330.5
1606089600000,3.069,3.101,2.998,3.082,8702731.5
1606104000000,3.081,3.17,3.078,3.131,9116960.7
1606118400000,3.132,3.294,3.131,3.207,17203050.2
1606132800000,3.205,3.332,3.08,3.186,27114603.8
1606147200000,3.185,3.343,3.175,3.339,14990567.1
1606161600000,3.336,3.406,3.301,3.384,15903041.7
1606176000000,3.383,3.524,3.333,3.503,17759890.3
1606190400000,3.503,3.798,3.392,3.599,36892100.2
1606204800000,3.599,3.755,3.336,3.478,30391041.0
1606219200000,3.476,3.541,3.352,3.541,16146923.5
1606233600000,3.54,3.646,3.493,3.622,14874089.1
1606248000000,3.621,3.674,3.519,3.606,10234455.6
1606262400000,3.607,3.661,3.407,3.43,13824794.2
1606276800000,3.43,3.552,3.373,3.524,9925209.6
1606291200000,3.524,3.634,3.482,3.589,8765301.6
1606305600000,3.589,3.733,3.484,3.727,16785772.2
1606320000000,3.728,3.891,3.597,3.626,25098184.7
1606334400000,3.625,3.659,3.3,3.429,25088470.3
1606348800000,3.429,3.539,2.871,3.178,31052864.8
1606363200000,3.178,3.207,2.965,3.011,19590572.0
1606377600000,3.011,3.124,2.85,3.056,21315404.8
1606392000000,3.057,3.095,2.839,2.901,15620735.2
1606406400000,2.899,2.938,2.704,2.812,19551849.9
1606420800000,2.811,2.954,2.81,2.951,10412231.3
1606435200000,2.952,3.028,2.891,2.942,10621484.0
1606449600000,2.943,3.0,2.905,2.912,6528633.8
1606464000000,2.911,2.923,2.77,2.797,12436502.7
1606478400000,2.797,2.888,2.77,2.774,7926752.9
1606492800000,2.773,2.868,2.75,2.839,4784262.8
1606507200000,2.839,2.874,2.821,2.873,4145819.0
1606521600000,2.873,2.943,2.84,2.869,5857899.4
1606536000000,2.87,2.877,2.832,2.859,2998819.1
1606550400000,2.86,2.911,2.822,2.902,5002845.7
1606564800000,2.902,3.044,2.884,3.038,11170297.1
1606579200000,3.037,3.072,2.982,3.036,9185255.9
1606593600000,3.037,3.04,2.955,2.998,5405432.2
1606608000000,2.997,3.006,2.903,2.977,6407270.8
1606622400000,2.977,2.997,2.931,2.99,3070506.9
1606636800000,2.991,3.101,2.984,3.016,8400208.1
1606651200000,3.016,3.03,2.949,2.965,5726114.3
1606665600000,2.965,3.043,2.911,2.962,6918861.7
1606680000000,2.962,3.052,2.962,3.032,5825115.7
1606694400000,3.033,3.141,3.033,3.11,7614413.9
1606708800000,3.109,3.111,3.064,3.07,4290791.8
1606723200000,3.071,3.081,2.996,3.07,5705913.5
1606737600000,3.07,3.246,3.032,3.159,16848031.0
1606752000000,3.159,3.29,3.157,3.205,10539004.3
1606766400000,3.205,3.282,3.17,3.263,5694882.5
1606780800000,3.263,3.345,3.243,3.253,7532969.2
1606795200000,3.252,3.303,3.226,3.285,6885678.4
1606809600000,3.287,3.33,3.091,3.204,13329229.4
1606824000000,3.204,3.207,2.909,3.116,21548770.4
1606838400000,3.117,3.132,2.996,3.076,9582366.6
1606852800000,3.075,3.097,2.985,2.995,4532719.4
1606867200000,2.995,3.063,2.958,2.99,5537680.4
1606881600000,2.99,3.079,2.976,3.078,4561170.6
1606896000000,3.075,3.088,3.033,3.056,4636187.1
1606910400000,3.056,3.07,2.991,3.018,4892652.0
1606924800000,3.019,3.061,2.982,3.04,3328541.9
1606939200000,3.04,3.076,3.027,3.058,2231286.4
1606953600000,3.057,3.107,3.035,3.056,3585986.3
1606968000000,3.055,3.066,3.012,3.052,2601507.3
1606982400000,3.052,3.126,3.043,3.101,4969258.7
1606996800000,3.101,3.122,3.072,3.114,3196004.3
1607011200000,3.115,3.14,3.061,3.083,4204372.3
1607025600000,3.083,3.087,3.063,3.084,2269211.4
1607040000000,3.084,3.097,3.025,3.031,3740909.3
1607054400000,3.03,3.062,3.011,3.024,2326284.1
1607068800000,3.025,3.153,2.964,2.991,12851947.2
1607083200000,2.991,3.046,2.969,3.001,4635801.1
1607097600000,3.001,3.018,2.95,3.008,3652727.9
1607112000000,3.008,3.009,2.796,2.846,7170294.0
1607126400000,2.845,2.906,2.82,2.885,3782692.0
1607140800000,2.886,2.931,2.886,2.911,2507621.3
1607155200000,2.91,2.955,2.909,2.933,3282190.5
1607169600000,2.934,2.952,2.902,2.936,2980295.9
1607184000000,2.936,2.95,2.913,2.946,2472112.6
1607198400000,2.946,3.015,2.933,3.01,2963237.3
1607212800000,3.011,3.039,2.984,2.993,4203882.5
1607227200000,2.993,3.001,2.968,2.992,1805200.0
1607241600000,2.992,3.0,2.924,2.964,3320795.2
1607256000000,2.963,2.964,2.91,2.954,3289758.6
1607270400000,2.954,2.979,2.933,2.972,2089013.1
1607284800000,2.972,3.004,2.948,3.0,2401372.3
1607299200000,3.0,3.008,2.96,2.974,1919588.5
1607313600000,2.974,3.005,2.965,2.993,1871153.9
1607328000000,2.994,2.996,2.953,2.956,1752348.1
1607342400000,2.955,3.007,2.953,2.993,3323590.8
1607356800000,2.993,3.013,2.909,2.923,4061169.2
1607371200000,2.923,2.956,2.914,2.952,1330364.4
1607385600000,2.953,2.961,2.941,2.951,1438213.8
1607400000000,2.951,2.964,2.928,2.928,1668029.6
1607414400000,2.928,2.934,2.84,2.859,5882848.4
1607428800000,2.859,2.888,2.821,2.861,3516056.5
1607443200000,2.861,2.881,2.834,2.848,2209978.7
1607457600000,2.848,2.848,2.744,2.803,5041331.2
1607472000000,2.804,2.812,2.744,2.791,3057425.0
1607486400000,2.791,2.792,2.71,2.716,2694984.3
1607500800000,2.716,2.787,2.662,2.776,5047933.7
1607515200000,2.776,2.806,2.751,2.774,2587804.6
1607529600000,2.776,2.827,2.752,2.767,3225255.0
1607544000000,2.766,2.84,2.764,2.81,2768666.3
1607558400000,2.811,2.817,2.772,2.793,2014054.6
1607572800000,2.794,2.807,2.765,2.782,1474349.0
1607587200000,2.781,2.799,2.755,2.773,2274095.7
1607601600000,2.773,2.787,2.702,2.743,4162160.7
1607616000000,2.744,2.758,2.73,2.757,1388511.8
1607630400000,2.758,2.769,2.737,2.741,1109772.2
1607644800000,2.742,2.753,2.653,2.689,3803318.2
1607659200000,2.69,2.727,2.676,2.692,2261364.7
1607673600000,2.691,2.72,2.648,2.664,3930114.9
1607688000000,2.664,2.717,2.657,2.714,2128243.9
1607702400000,2.714,2.715,2.685,2.704,1767432.5
1607716800000,2.704,2.738,2.692,2.696,1934409.9
1607731200000,2.696,2.77,2.679,2.757,2700301.0
1607745600000,2.756,2.771,2.751,2.766,1285537.2
1607760000000,2.767,2.776,2.746,2.769,1506507.7
1607774400000,2.768,2.771,2.72,2.738,2220132.7
1607788800000,2.738,2.787,2.733,2.783,1826237.8
1607803200000,2.784,2.788,2.764,2.769,1249136.7
1607817600000,2.769,2.782,2.753,2.756,957399.5
1607832000000,2.757,2.843,2.754,2.834,2631804.8
1607846400000,2.834,2.858,2.826,2.835,2829432.2
1607860800000,2.835,2.846,2.8,2.817,2169590.1
1607875200000,2.817,2.901,2.816,2.869,3832084.4
1607889600000,2.87,2.872,2.829,2.853,2003920.0
1607904000000,2.853,2.855,2.81,2.835,2492725.4
1607918400000,2.835,2.856,2.806,2.848,2784859.0
1607932800000,2.848,2.855,2.808,2.823,2529426.9
1607947200000,2.822,2.866,2.801,2.842,3201141.1
1607961600000,2.842,2.852,2.808,2.85,3068376.0
1607976000000,2.849,2.858,2.833,2.849,1429261.4
1607990400000,2.849,2.885,2.844,2.859,2364915.5
1608004800000,2.86,2.862,2.811,2.837,3221903.9
1608019200000,2.837,2.875,2.807,2.856,4028200.7
1608033600000,2.856,2.902,2.854,2.892,4183763.4
1608048000000,2.891,2.906,2.876,2.887,2280567.1
1608062400000,2.886,2.89,2.847,2.863,2130751.5
1608076800000,2.863,2.868,2.816,2.832,2697165.5
1608091200000,2.831,2.851,2.825,2.837,1213719.7
1608105600000,2.837,2.868,2.824,2.856,2735449.4
1608120000000,2.857,3.03,2.853,3.028,11872169.0
1608134400000,3.028,3.082,3.002,3.013,5743067.3
1608148800000,3.014,3.119,3.004,3.104,5227737.4
1608163200000,3.105,3.153,3.076,3.088,8461491.7
1608177600000,3.087,3.122,3.083,3.104,3144415.4
1608192000000,3.103,3.192,2.977,3.125,19952620.5
1608206400000,3.124,3.221,3.104,3.213,13427458.2
1608220800000,3.213,3.266,2.994,3.076,19836051.3
1608235200000,3.075,3.108,3.0,3.045,7667962.5
1608249600000,3.045,3.116,2.986,3.065,7370676.2
1608264000000,3.065,3.094,3.034,3.08,3967639.9
1608278400000,3.08,3.135,3.055,3.075,7035715.8
1608292800000,3.075,3.098,3.004,3.014,7735639.1
1608307200000,3.014,3.054,2.99,3.036,3274939.0
1608321600000,3.036,3.071,3.018,3.063,2537756.1
1608336000000,3.063,3.085,3.043,3.073,2664378.3
1608350400000,3.072,3.111,3.056,3.066,3267983.9
1608364800000,3.066,3.094,3.06,3.065,2634998.9
1608379200000,3.065,3.117,3.065,3.096,6154319.9
1608393600000,3.094,3.127,3.066,3.089,5739011.7
1608408000000,3.088,3.107,3.029,3.056,3261519.3
1608422400000,3.056,3.062,3.016,3.029,4047873.0
1608436800000,3.029,3.168,3.005,3.167,5268832.9
1608451200000,3.166,3.265,3.144,3.191,18232790.1
1608465600000,3.191,3.296,3.125,3.289,15712168.3
1608480000000,3.289,3.34,3.221,3.23,9455696.8
1608494400000,3.23,3.258,3.021,3.139,12495810.8
1608508800000,3.138,3.283,3.102,3.226,11931174.7
1608523200000,3.227,3.246,3.161,3.198,6224531.7
1608537600000,3.198,3.203,2.962,2.992,21835951.5
1608552000000,2.992,3.025,2.907,2.989,9649293.6
1608566400000,2.988,3.031,2.924,2.93,6252099.4
1608580800000,2.931,2.986,2.904,2.932,4091377.4
1608595200000,2.933,2.956,2.878,2.906,6489442.0
1608609600000,2.907,2.93,2.816,2.839,6885756.7
1608624000000,2.839,2.901,2.77,2.893,7901121.7
1608638400000,2.892,2.956,2.887,2.92,6247805.0
1608652800000,2.921,2.933,2.872,2.894,4340295.3
1608667200000,2.894,2.91,2.793,2.9,9004924.2
1608681600000,2.899,2.918,2.824,2.863,6000358.4
1608696000000,2.862,2.863,2.728,2.775,9956293.2
1608710400000,2.774,2.798,2.426,2.609,23919700.6
1608724800000,2.611,2.745,2.59,2.609,16052461.7
1608739200000,2.608,2.68,2.585,2.654,7896313.5
1608753600000,2.654,2.664,1.963,2.312,41257500.1
1608768000000,2.312,2.454,2.248,2.367,15575637.7
1608782400000,2.367,2.428,2.307,2.378,10722520.0
1608796800000,2.378,2.515,2.367,2.474,12761607.1
1608811200000,2.473,2.595,2.427,2.541,12347918.3
1608825600000,2.541,2.666,2.499,2.518,15277704.6
1608840000000,2.518,2.695,2.458,2.667,12868488.1
1608854400000,2.667,2.688,2.593,2.606,9037233.7
1608868800000,2.606,2.655,2.58,2.629,6790548.5
1608883200000,2.629,2.745,2.608,2.732,10375546.1
1608897600000,2.731,2.74,2.611,2.645,11863481.2
1608912000000,2.647,2.689,2.54,2.632,13613425.5
1608926400000,2.632,2.68,2.588,2.666,4691169.8
1608940800000,2.667,2.697,2.626,2.677,5015635.4
1608955200000,2.678,2.68,2.572,2.601,4480206.5
1608969600000,2.6,2.633,2.525,2.59,6392428.9
1608984000000,2.588,2.629,2.556,2.575,5669437.0
1608998400000,2.576,2.674,2.552,2.618,8542574.6
1609012800000,2.618,2.657,2.572,2.614,5650851.4
1609027200000,2.614,2.691,2.584,2.647,6728469.3
1609041600000,2.647,2.684,2.64,2.658,3923994.7
1609056000000,2.658,2.667,2.494,2.565,9204678.2
1609070400000,2.565,2.877,2.479,2.843,24822324.3
1609084800000,2.843,2.863,2.719,2.788,11701648.2
1609099200000,2.787,2.794,2.682,2.719,7647567.3
1609113600000,2.72,2.788,2.686,2.725,5425666.6
1609128000000,2.726,2.794,2.701,2.775,4770497.5
1609142400000,2.775,2.879,2.739,2.859,9867026.2
1609156800000,2.858,2.898,2.803,2.824,7555601.1
1609171200000,2.825,2.871,2.819,2.831,4917760.1
1609185600000,2.83,2.849,2.722,2.768,8556836.0
1609200000000,2.767,2.799,2.655,2.66,7541947.8
1609214400000,2.658,2.679,2.581,2.677,7750853.8
1609228800000,2.678,2.725,2.615,2.651,7168591.4
1609243200000,2.652,2.691,2.547,2.555,8444329.7
1609257600000,2.556,2.63,2.503,2.6,11675531.9
1609272000000,2.6,2.652,2.57,2.643,3965213.6
1609286400000,2.643,2.677,2.61,2.62,5164297.3
1609300800000,2.62,2.625,2.546,2.579,6824504.1
1609315200000,2.578,2.647,2.536,2.593,9177681.3
1609329600000,2.593,2.616,2.562,2.603,3423422.5
1609344000000,2.603,2.627,2.564,2.609,4212036.7
1609358400000,2.611,2.621,2.579,2.615,4452154.0
1609372800000,2.616,2.655,2.571,2.611,5053319.3
1609387200000,2.612,2.65,2.567,2.617,5686126.7
1609401600000,2.618,2.66,2.58,2.616,4870659.3
1609416000000,2.615,2.629,2.51,2.578,12598166.3
1609430400000,2.578,2.602,2.56,2.581,2961169.1
1609444800000,2.581,2.615,2.576,2.593,2092916.0
1609459200000,2.593,2.653,2.57,2.64,3449743.6
1609473600000,2.64,2.675,2.6,2.623,2753651.5
1609488000000,2.623,2.666,2.58,2.645,3362097.3
1609502400000,2.645,2.736,2.625,2.672,7550586.1
1609516800000,2.672,2.702,2.588,2.617,5301960.9
1609531200000,2.618,2.643,2.61,2.64,2024129.9
1609545600000,2.64,2.653,2.564,2.609,4622226.6
1609560000000,2.609,2.632,2.596,2.612,2200360.7
1609574400000,2.612,2.635,2.571,2.605,6642985.4
1609588800000,2.604,2.679,2.595,2.635,7163353.9
1609603200000,2.637,2.728,2.608,2.664,9750436.7
1609617600000,2.663,2.665,2.572,2.633,5922441.1
1609632000000,2.633,2.646,2.589,2.591,3030762.6
1609646400000,2.591,2.649,2.579,2.602,6429871.3
1609660800000,2.602,2.805,2.591,2.74,19412121.4
1609675200000,2.741,2.859,2.67,2.718,25397428.1
1609689600000,2.717,2.795,2.687,2.708,16643981.9
1609704000000,2.708,2.855,2.707,2.804,7830826.5
1609718400000,2.806,3.059,2.789,2.998,23617229.6
1609732800000,2.997,3.132,2.816,2.903,36585026.6
1609747200000,2.904,2.947,2.61,2.762,34094182.1
1609761600000,2.762,2.832,2.723,2.768,11811160.6
1609776000000,2.77,2.787,2.701,2.776,8778970.4
1609790400000,2.777,2.826,2.716,2.822,6015786.1
1609804800000,2.823,2.895,2.747,2.752,13583805.7
1609819200000,2.752,2.795,2.714,2.765,8209956.0
1609833600000,2.764,2.898,2.764,2.882,9170183.3
1609848000000,2.882,2.894,2.765,2.864,9589984.9
1609862400000,2.864,2.958,2.848,2.898,12616400.3
1609876800000,2.897,2.946,2.873,2.888,6439550.4
1609891200000,2.888,2.916,2.852,2.859,5236417.6
1609905600000,2.859,2.943,2.853,2.918,8422409.6
1609920000000,2.918,3.12,2.918,3.071,24071301.0
1609934400000,3.071,3.343,3.052,3.251,37150928.4
1609948800000,3.25,3.47,3.25,3.306,25093716.9
1609963200000,3.306,3.444,3.149,3.379,20283940.3
1609977600000,3.38,3.462,3.318,3.396,15565752.6
1609992000000,3.396,3.406,3.18,3.206,19751606.6
1610006400000,3.208,3.347,3.091,3.338,25629763.0
1610020800000,3.338,3.393,3.259,3.309,17378596.2
1610035200000,3.31,3.422,3.04,3.238,41201171.9
1610049600000,3.239,3.309,3.146,3.201,11631621.8
1610064000000,3.202,3.253,2.898,3.011,24006632.9
1610078400000,3.012,3.142,2.978,3.124,9612812.6
1610092800000,3.126,3.262,3.077,3.179,13628437.3
1610107200000,3.178,3.221,3.012,3.072,15255741.5
1610121600000,3.073,3.159,3.032,3.055,9705799.4
1610136000000,3.055,3.133,2.953,3.112,8791372.3
1610150400000,3.113,3.152,3.026,3.142,8703943.5
1610164800000,3.141,3.142,3.016,3.087,8080077.9
1610179200000,3.089,3.405,3.065,3.327,19635947.1
1610193600000,3.329,3.619,3.329,3.546,35558273.2
1610208000000,3.544,3.758,3.502,3.684,37209900.0
1610222400000,3.684,3.688,3.551,3.627,14462084.3
1610236800000,3.626,3.87,3.626,3.667,24285509.7
1610251200000,3.666,3.931,3.657,3.865,18518847.9
1610265600000,3.865,3.938,3.32,3.361,48648985.6
1610280000000,3.363,3.619,3.006,3.17,91204244.1
1610294400000,3.172,3.188,2.924,3.004,54416028.1
1610308800000,3.005,3.14,2.84,3.062,29127016.3
1610323200000,3.063,3.078,2.538,2.75,40763291.5
1610337600000,2.747,2.835,2.651,2.745,30004853.0
1610352000000,2.745,2.799,2.608,2.626,24977442.3
1610366400000,2.626,2.694,2.446,2.505,33698106.1
1610380800000,2.504,2.592,2.384,2.52,29297685.8
1610395200000,2.519,2.681,2.482,2.67,12137697.2
1610409600000,2.67,2.732,2.602,2.718,10520140.7
1610424000000,2.719,2.775,2.674,2.757,11360784.5
1610438400000,2.757,2.759,2.611,2.68,11218767.3
1610452800000,2.681,2.701,2.531,2.607,13657169.6
1610467200000,2.607,2.688,2.606,2.634,8246945.9
1610481600000,2.634,2.641,2.551,2.596,7175446.3
1610496000000,2.597,2.689,2.525,2.66,12702345.5
1610510400000,2.662,2.719,2.628,2.713,8615344.1
1610524800000,2.713,2.731,2.662,2.669,8184178.8
1610539200000,2.669,2.711,2.645,2.701,6722757.7
1610553600000,2.702,2.764,2.683,2.73,7787119.0
1610568000000,2.731,2.795,2.723,2.771,5533140.9
1610582400000,2.771,2.809,2.703,2.713,7186636.7
1610596800000,2.713,2.785,2.694,2.761,5318619.7
1610611200000,2.761,2.788,2.716,2.728,6882343.7
1610625600000,2.728,2.806,2.704,2.792,7878432.5
1610640000000,2.791,2.864,2.781,2.839,10438687.9
1610654400000,2.84,2.858,2.714,2.812,9196115.7
1610668800000,2.813,2.852,2.759,2.784,8837804.6
1610683200000,2.784,2.792,2.715,2.78,6874720.9
1610697600000,2.78,2.844,2.75,2.817,7299805.4
1610712000000,2.817,2.944,2.644,2.673,22933337.8
1610726400000,2.672,2.749,2.579,2.698,16037014.2
1610740800000,2.698,2.776,2.679,2.76,4599400.1
1610755200000,2.759,2.792,2.721,2.762,6188910.7
1610769600000,2.762,2.774,2.706,2.766,4570459.2
1610784000000,2.767,2.859,2.757,2.858,8685987.2
1610798400000,2.858,2.881,2.784,2.856,11908182.6
1610812800000,2.856,2.893,2.76,2.814,12435250.3
1610827200000,2.815,2.84,2.751,2.78,5435883.6
1610841600000,2.78,2.808,2.736,2.789,5290271.1
1610856000000,2.789,2.807,2.695,2.714,6111560.2
1610870400000,2.713,2.75,2.683,2.742,6203398.2
1610884800000,2.742,2.757,2.705,2.751,4810488.1
1610899200000,2.75,2.77,2.732,2.746,4155473.7
1610913600000,2.747,2.807,2.747,2.768,4175826.5
1610928000000,2.768,2.786,2.713,2.724,4285243.7
1610942400000,2.724,2.79,2.705,2.777,4764491.0
1610956800000,2.774,2.807,2.76,2.805,6996883.7
1610971200000,2.806,2.843,2.771,2.797,7574172.4
1610985600000,2.797,2.815,2.744,2.784,4629871.5
1611000000000,2.784,2.822,2.777,2.819,3435669.2
1611014400000,2.82,2.857,2.795,2.822,6717745.9
1611028800000,2.822,2.912,2.803,2.893,8922579.8
1611043200000,2.894,2.923,2.841,2.912,10629881.0
1611057600000,2.911,2.92,2.859,2.909,8820343.8
1611072000000,2.909,2.938,2.781,2.823,11743889.7
1611086400000,2.822,2.862,2.791,2.793,5327664.6
1611100800000,2.794,2.829,2.74,2.75,6872265.6
1611115200000,2.749,2.805,2.721,2.784,5352128.7
1611129600000,2.784,2.798,2.675,2.705,9224591.2
1611144000000,2.705,2.746,2.68,2.703,5640093.3
1611158400000,2.705,2.772,2.66,2.768,7246342.4
1611172800000,2.769,2.79,2.734,2.779,3249852.5
1611187200000,2.78,2.788,2.719,2.756,4453011.2
1611201600000,2.756,2.77,2.709,2.746,5375871.4
1611216000000,2.746,2.746,2.613,2.627,9537803.2
1611230400000,2.627,2.634,2.561,2.577,9207807.4
1611244800000,2.577,2.64,2.559,2.636,6284817.0
1611259200000,2.636,2.639,2.496,2.548,7333564.9
1611273600000,2.547,2.55,2.429,2.544,15391419.8
1611288000000,2.544,2.594,2.541,2.562,6198710.6
1611302400000,2.562,2.629,2.54,2.615,5452989.7
1611316800000,2.615,2.661,2.607,2.651,5854977.5
1611331200000,2.652,2.678,2.625,2.675,5960094.8
1611345600000,2.675,2.679,2.605,2.626,4614035.7
1611360000000,2.626,2.635,2.603,2.63,4111160.6
1611374400000,2.63,2.663,2.625,2.655,3500204.2
1611388800000,2.655,2.662,2.58,2.592,5362262.6
1611403200000,2.592,2.77,2.576,2.744,13901714.0
1611417600000,2.743,2.789,2.716,2.733,7169226.2
1611432000000,2.733,2.745,2.687,2.705,5000502.7
1611446400000,2.705,2.763,2.684,2.756,6896575.7
1611460800000,2.756,2.767,2.722,2.745,3535248.0
1611475200000,2.744,2.779,2.728,2.755,3458788.4
1611489600000,2.755,2.763,2.702,2.714,4512106.0
1611504000000,2.715,2.724,2.648,2.664,5508657.3
1611518400000,2.663,2.722,2.661,2.717,2821224.3
1611532800000,2.717,2.763,2.714,2.754,4798008.1
1611547200000,2.755,2.762,2.724,2.738,4496697.4
1611561600000,2.738,2.743,2.682,2.72,4031648.8
1611576000000,2.72,2.773,2.711,2.738,3987347.7
1611590400000,2.738,2.751,2.676,2.69,5832828.5
1611604800000,2.689,2.69,2.631,2.652,4776879.7
1611619200000,2.652,2.678,2.597,2.601,4831980.6
1611633600000,2.6,2.638,2.593,2.619,3422788.8
1611648000000,2.618,2.643,2.595,2.624,3476953.9
1611662400000,2.623,2.63,2.556,2.582,4790913.7
1611676800000,2.583,2.633,2.564,2.62,4385423.8
1611691200000,2.62,2.643,2.608,2.632,1942265.6
1611705600000,2.632,2.632,2.584,2.593,3811508.9
1611720000000,2.595,2.606,2.557,2.595,2981913.5
1611734400000,2.594,2.595,2.526,2.533,4208442.6
1611748800000,2.533,2.55,2.465,2.522,6567518.2
1611763200000,2.524,2.537,2.481,2.529,5170761.5
1611777600000,2.529,2.548,2.492,2.502,3612589.1
1611792000000,2.503,2.561,2.477,2.56,4927655.4
1611806400000,2.56,2.594,2.549,2.559,3341519.1
1611820800000,2.558,2.753,2.54,2.752,14644991.1
1611835200000,2.753,2.8,2.663,2.702,23484741.2
1611849600000,2.702,2.727,2.672,2.699,5109513.5
1611864000000,2.699,2.765,2.69,2.71,6414635.6
1611878400000,2.711,2.751,2.676,2.694,6946000.8
1611892800000,2.694,2.828,2.652,2.698,13424080.1
1611907200000,2.699,2.795,2.673,2.79,15217549.6
1611921600000,2.789,2.909,2.766,2.839,16278810.9
1611936000000,2.838,2.856,2.683,2.717,10949892.0
1611950400000,2.716,2.754,2.701,2.729,4165883.3
1611964800000,2.728,2.772,2.69,2.703,5489786.6
1611979200000,2.702,2.736,2.692,2.727,3122367.6
1611993600000,2.726,2.817,2.709,2.759,7156322.2
1612008000000,2.759,2.939,2.745,2.865,18700717.2
1612022400000,2.866,3.11,2.823,2.949,38745053.6
1612036800000,2.95,3.001,2.903,2.934,8413848.4
1612051200000,2.934,3.029,2.854,2.917,12762919.3
1612065600000,2.916,2.946,2.866,2.899,8719422.9
1612080000000,2.899,3.084,2.868,3.009,18910595.2
1612094400000,3.01,3.062,2.82,2.857,22461837.1
1612108800000,2.857,2.948,2.804,2.913,11413474.8
1612123200000,2.913,2.936,2.863,2.934,5180032.6
1612137600000,2.933,3.119,2.923,3.066,30747718.7
1612152000000,3.065,3.252,3.045,3.166,30714715.5
1612166400000,3.165,3.293,3.129,3.133,30887316.7
1612180800000,3.133,3.183,2.892,2.971,30290760.8
1612195200000,2.971,3.013,2.916,2.967,10532966.7
1612209600000,2.966,3.092,2.95,3.06,7134791.4
1612224000000,3.06,3.069,2.96,3.01,10616245.6
1612238400000,3.009,3.081,3.0,3.06,7082039.5
1612252800000,3.06,3.085,2.979,2.999,9336427.4
1612267200000,2.998,3.051,2.993,3.019,5712000.1
1612281600000,3.019,3.031,2.96,2.993,7244340.0
1612296000000,2.992,3.042,2.983,3.001,4972659.8
1612310400000,3.001,3.079,2.996,3.064,8473848.9
1612324800000,3.063,3.09,3.04,3.05,5725309.0
1612339200000,3.05,3.058,2.989,3.007,8299678.8
1612353600000,3.008,3.055,2.992,3.043,7234329.8
1612368000000,3.044,3.15,3.035,3.087,14680590.8
1612382400000,3.087,3.091,3.061,3.072,4365135.1
1612396800000,3.07,3.106,3.0,3.016,8836635.8
1612411200000,3.015,3.099,3.013,3.061,7553573.9
1612425600000,3.061,3.089,2.981,3.003,12123963.6
1612440000000,3.004,3.157,3.0,3.029,18245383.8
1612454400000,3.029,3.085,3.018,3.064,6511606.2
1612468800000,3.065,3.085,3.022,3.028,4369714.8
1612483200000,3.028,3.08,3.016,3.07,5570966.1
1612497600000,3.07,3.119,3.06,3.117,7100633.4
1612512000000,3.118,3.169,3.084,3.162,14322894.1
1612526400000,3.163,3.201,3.145,3.175,12467744.1
1612540800000,3.176,3.229,3.148,3.219,13063771.1
1612555200000,3.22,3.39,3.199,3.32,24298271.2
1612569600000,3.319,3.337,3.129,3.217,17971906.3
1612584000000,3.216,3.238,3.167,3.234,6105520.4
1612598400000,3.234,3.246,3.195,3.201,7102584.7
1612612800000,3.201,3.213,3.161,3.178,7816481.0
1612627200000,3.179,3.288,3.172,3.258,10533652.4
1612641600000,3.259,3.266,3.208,3.215,5019620.3
1612656000000,3.217,3.261,3.078,3.152,15727092.4
1612670400000,3.151,3.158,3.019,3.119,12505347.5
1612684800000,3.118,3.318,3.116,3.284,19423238.2
1612699200000,3.284,3.6,3.281,3.321,73201857.9
1612713600000,3.321,3.424,3.287,3.355,21918775.6
1612728000000,3.357,3.492,3.337,3.444,13060215.7
1612742400000,3.444,3.49,3.353,3.37,12682690.5
1612756800000,3.37,3.485,3.356,3.424,13294777.8
1612771200000,3.425,3.499,3.376,3.482,14206449.9
1612785600000,3.483,3.579,3.432,3.521,23039544.9
1612800000000,3.519,3.6,3.48,3.538,13576614.6
1612814400000,3.538,3.607,3.511,3.601,10007614.4
1612828800000,3.604,3.663,3.484,3.602,15259427.7
1612843200000,3.602,3.701,3.597,3.627,12825219.1
1612857600000,3.629,3.731,3.534,3.63,17075824.8
1612872000000,3.63,3.749,3.539,3.719,19272722.5
1612886400000,3.72,4.327,3.661,4.318,59615635.3
1612900800000,4.32,4.325,4.114,4.177,24870791.5
1612915200000,4.176,4.57,4.141,4.387,37340516.4
1612929600000,4.387,4.417,4.208,4.365,21774159.3
1612944000000,4.368,4.507,4.205,4.34,29798192.9
1612958400000,4.339,4.339,3.564,3.879,83048358.1
1612972800000,3.88,3.999,3.839,3.98,20959361.2
1612987200000,3.981,4.213,3.906,4.134,16740888.1
1613001600000,4.134,4.25,4.005,4.227,17984498.0
1613016000000,4.226,4.244,4.117,4.201,13972532.8
1613030400000,4.201,4.313,4.114,4.211,17427781.1
1613044800000,4.211,4.411,4.21,4.336,20031334.3
1613059200000,4.334,4.688,4.324,4.573,32488498.2
1613073600000,4.573,4.657,4.359,4.593,25361997.9
1613088000000,4.592,4.64,4.409,4.423,14693078.3
1613102400000,4.422,4.444,4.224,4.385,17090198.0
1613116800000,4.386,4.573,4.364,4.526,12835579.0
1613131200000,4.526,4.751,4.37,4.612,32049482.1
1613145600000,4.613,4.849,4.609,4.823,22611020.1
1613160000000,4.824,4.861,4.703,4.76,9587909.2
1613174400000,4.761,4.953,4.76,4.924,14840751.1
1613188800000,4.924,4.961,4.709,4.72,15742587.4
1613203200000,4.722,4.935,4.501,4.67,35550472.0
1613217600000,4.668,5.333,4.598,5.276,48437614.1
1613232000000,5.276,5.4,5.126,5.348,34630265.4
1613246400000,5.346,5.58,5.225,5.571,23020417.6
1613260800000,5.572,5.648,5.278,5.298,20641974.9
1613275200000,5.298,5.474,5.285,5.374,11492425.1
1613289600000,5.374,5.536,5.288,5.353,12886752.1
1613304000000,5.353,5.513,4.857,5.051,38284258.6
1613318400000,5.053,5.213,4.928,5.085,18582544.9
1613332800000,5.085,5.27,5.067,5.077,8965523.6
1613347200000,5.076,5.257,4.097,4.584,56845098.4
1613361600000,4.582,4.761,4.379,4.695,22933939.5
1613376000000,4.696,4.883,4.595,4.824,18467391.5
1613390400000,4.826,4.941,4.734,4.909,17710472.3
1613404800000,4.909,5.084,4.899,5.02,16818911.6
1613419200000,5.021,5.033,4.561,4.72,22662003.2
1613433600000,4.719,4.981,4.515,4.903,19489334.8
1613448000000,4.902,4.918,4.73,4.837,11973293.0
1613462400000,4.837,4.932,4.767,4.801,11878582.6
1613476800000,4.8,4.919,4.629,4.672,22880561.4
1613491200000,4.672,4.7,4.405,4.546,21730300.0
1613505600000,4.544,4.664,4.45,4.647,9195695.2
1613520000000,4.646,4.7,4.51,4.529,9416569.7
1613534400000,4.529,4.779,4.421,4.728,12669389.9
1613548800000,4.729,4.866,4.673,4.8,15210950.9
1613563200000,4.799,4.909,4.702,4.812,14611051.9
1613577600000,4.812,4.88,4.732,4.791,10160678.4
1613592000000,4.792,4.865,4.739,4.847,6641279.3
1613606400000,4.849,5.004,4.848,4.916,9352541.8
1613620800000,4.917,4.992,4.825,4.912,10134837.8
1613635200000,4.913,4.95,4.704,4.771,13085402.1
1613649600000,4.772,4.864,4.658,4.8,12694631.2
1613664000000,4.799,4.921,4.788,4.863,8262555.7
1613678400000,4.863,4.966,4.822,4.825,7483198.9
1613692800000,4.826,4.898,4.654,4.781,11729049.4
1613707200000,4.781,5.287,4.7,5.167,25987433.7
1613721600000,5.168,5.4,5.14,5.338,17242561.8
1613736000000,5.337,5.346,5.113,5.199,16030591.3
1613750400000,5.196,5.242,5.055,5.129,10720258.3
1613764800000,5.128,5.281,5.11,5.232,7531360.1
1613779200000,5.234,5.475,5.14,5.349,18648034.1
1613793600000,5.346,5.442,5.263,5.263,11382240.3
1613808000000,5.266,5.341,5.171,5.305,9568864.6
1613822400000,5.306,5.413,5.005,5.093,22350599.8
1613836800000,5.094,5.269,5.081,5.118,12618904.9
1613851200000,5.118,5.144,4.51,4.848,26603305.3
1613865600000,4.843,5.017,4.734,4.953,14962108.9
1613880000000,4.952,5.02,4.854,4.87,10264286.3
1613894400000,4.871,5.157,4.839,5.122,14896846.1
1613908800000,5.122,5.14,4.982,5.125,13147309.2
1613923200000,5.125,5.373,5.098,5.216,17428685.0
1613937600000,5.217,5.219,5.021,5.11,11091652.3
1613952000000,5.109,5.136,4.818,4.858,15328343.8
1613966400000,4.857,5.093,4.756,5.034,17412029.7
1613980800000,5.033,5.316,4.724,4.987,37763452.1
1613995200000,4.99,5.017,3.8,4.585,58251595.9
1614009600000,4.584,4.69,4.422,4.655,22789817.7
1614024000000,4.654,4.754,4.585,4.689,12358213.1
1614038400000,4.691,4.724,4.303,4.394,21976519.5
1614052800000,4.392,4.464,3.9,4.16,35584062.1
1614067200000,4.159,4.198,3.14,3.574,69761930.2
1614081600000,3.571,3.89,3.497,3.815,41303867.0
1614096000000,3.814,3.911,3.535,3.549,23745339.7
1614110400000,3.548,3.853,3.522,3.848,14572801.4
1614124800000,3.849,4.06,3.672,4.041,18469203.5
1614139200000,4.041,4.139,3.878,3.984,17560110.8
1614153600000,3.985,4.116,3.947,4.007,15549158.4
1614168000000,4.007,4.09,3.756,3.929,18516576.3
1614182400000,3.929,3.987,3.799,3.812,9505093.1
1614196800000,3.812,3.907,3.713,3.887,10373104.9
1614211200000,3.887,4.014,3.834,3.838,10701723.3
1614225600000,3.838,4.01,3.795,3.92,13792196.0
1614240000000,3.919,3.968,3.762,3.963,13241643.4
1614254400000,3.962,4.082,3.923,4.033,14810088.5
1614268800000,4.035,4.099,3.865,3.9,12071148.2
1614283200000,3.899,3.908,3.623,3.672,13702841.8
1614297600000,3.67,3.689,3.469,3.655,23473343.1
1614312000000,3.655,3.69,3.391,3.47,14890171.4
1614326400000,3.47,3.661,3.469,3.612,13268527.2
1614340800000,3.612,3.721,3.571,3.688,11224675.5
1614355200000,3.688,3.773,3.617,3.634,9849919.4
1614369600000,3.636,3.654,3.473,3.549,10396868.5
1614384000000,3.55,3.743,3.541,3.668,9748595.8
1614398400000,3.668,3.755,3.628,3.672,7138830.3
1614412800000,3.672,3.717,3.598,3.702,10571100.6
1614427200000,3.704,3.816,3.646,3.684,12869163.8
1614441600000,3.687,3.843,3.674,3.81,10044283.6
1614456000000,3.81,3.84,3.603,3.674,10474559.2
1614470400000,3.674,3.704,3.45,3.482,11891158.7
1614484800000,3.483,3.528,3.361,3.405,16094566.4
1614499200000,3.405,3.528,3.402,3.484,8488391.5
1614513600000,3.485,3.51,3.294,3.308,12971035.1
1614528000000,3.309,3.475,3.243,3.459,12118685.1
1614542400000,3.459,3.528,3.443,3.479,7036766.2
1614556800000,3.479,3.556,3.451,3.506,5873734.5
1614571200000,3.506,3.521,3.461,3.493,4690085.8
1614585600000,3.494,3.603,3.494,3.586,8763291.3
1614600000000,3.586,3.702,3.552,3.7,8818144.1
1614614400000,3.701,3.763,3.586,3.601,13239090.5
1614628800000,3.601,3.72,3.589,3.708,4522536.2
1614643200000,3.71,3.764,3.64,3.67,5964640.7
1614657600000,3.67,3.704,3.588,3.6,6245609.7
1614672000000,3.6,3.856,3.599,3.763,13784373.7
1614686400000,3.761,3.825,3.707,3.739,8820780.9
1614700800000,3.739,3.753,3.565,3.604,11600056.6
1614715200000,3.604,3.694,3.573,3.672,6429620.5
1614729600000,3.672,3.901,3.644,3.895,9592283.1
1614744000000,3.895,3.971,3.864,3.897,15999295.4
1614758400000,3.898,4.073,3.891,3.969,15626736.9
1614772800000,3.969,4.019,3.804,3.901,16071442.4
1614787200000,3.901,3.943,3.824,3.869,7242916.7
1614801600000,3.868,3.904,3.812,3.828,5292783.5
1614816000000,3.829,3.931,3.762,3.785,9602844.6
1614830400000,3.784,3.867,3.75,3.867,7049141.5
1614844800000,3.866,3.903,3.738,3.788,8426547.4
1614859200000,3.787,3.887,3.744,3.837,8850552.7
1614873600000,3.839,3.882,3.64,3.705,11742113.4
1614888000000,3.705,3.765,3.669,3.752,4907084.1
1614902400000,3.752,3.76,3.557,3.636,8267270.8
1614916800000,3.635,3.675,3.587,3.654,5250752.3
1614931200000,3.654,3.661,3.576,3.652,5073487.2
1614945600000,3.652,3.751,3.619,3.656,8900851.6
1614960000000,3.656,3.732,3.588,3.718,8235031.6
1614974400000,3.718,3.744,3.682,3.693,3476620.8
1614988800000,3.693,3.737,3.678,3.708,3577286.5
1615003200000,3.709,3.771,3.678,3.764,4182154.6
1615017600000,3.764,3.773,3.704,3.711,5377711.0
1615032000000,3.711,3.719,3.6,3.635,6824860.6
1615046400000,3.635,3.714,3.623,3.712,4305126.9
1615060800000,3.712,3.754,3.695,3.722,5449869.7
1615075200000,3.723,3.775,3.723,3.74,3759198.0
1615089600000,3.74,3.775,3.715,3.771,3566473.0
1615104000000,3.772,3.804,3.767,3.795,6141817.0
1615118400000,3.795,3.806,3.728,3.776,6085929.7
1615132800000,3.777,3.808,3.755,3.764,3943683.8
1615147200000,3.763,3.85,3.732,3.835,4183477.5
1615161600000,3.835,3.928,3.814,3.852,8486307.5
1615176000000,3.852,3.897,3.746,3.779,6351638.1
1615190400000,3.779,3.886,3.737,3.815,11582484.9
1615204800000,3.815,3.88,3.788,3.85,9717066.5
1615219200000,3.851,3.893,3.817,3.88,4955137.0
1615233600000,3.88,3.912,3.841,3.904,4909564.9
1615248000000,3.904,4.096,3.85,4.063,15270145.1
1615262400000,4.064,4.078,3.964,3.995,10605039.1
1615276800000,3.995,4.07,3.985,4.04,9225760.8
1615291200000,4.04,4.053,3.955,4.018,8757937.8
1615305600000,4.018,4.113,3.977,4.089,9232723.0
1615320000000,4.09,4.194,4.061,4.173,9922011.0
1615334400000,4.173,4.197,3.9,3.938,17729640.9
1615348800000,3.938,4.034,3.907,4.017,7536446.4
1615363200000,4.017,4.05,3.973,4.008,8872147.7
1615377600000,4.009,4.104,4.002,4.072,10373904.8
1615392000000,4.073,4.143,4.035,4.083,11671404.0
1615406400000,4.083,4.093,3.965,3.995,12346255.1
1615420800000,3.994,4.039,3.927,4.017,10244722.1
1615435200000,4.016,4.054,3.951,3.955,7779267.3
1615449600000,3.956,3.962,3.809,3.961,15382311.5
1615464000000,3.96,4.004,3.883,3.898,12543075.1
1615478400000,3.899,3.976,3.885,3.926,11142313.8
1615492800000,3.927,3.991,3.926,3.958,7492737.5
1615507200000,3.958,4.0,3.885,3.98,9659812.4
1615521600000,3.979,3.982,3.903,3.925,7095652.3
1615536000000,3.925,3.958,3.83,3.865,10051457.5
1615550400000,3.864,3.882,3.672,3.793,20651630.2
1615564800000,3.793,3.831,3.772,3.778,7249360.8
1615579200000,3.778,3.809,3.751,3.786,7124322.5
1615593600000,3.786,3.8,3.68,3.78,7517047.0
1615608000000,3.78,3.852,3.759,3.85,5682639.5
1615622400000,3.849,3.999,3.822,3.967,11872780.5
1615636800000,3.967,4.131,3.944,4.08,17599634.4
1615651200000,4.08,4.202,4.068,4.15,9799193.0
1615665600000,4.15,4.392,4.143,4.292,15301998.0
1615680000000,4.293,4.395,4.229,4.281,11235014.2
1615694400000,4.282,4.298,4.16,4.162,7988044.3
1615708800000,4.163,4.256,4.015,4.109,15325002.2
1615723200000,4.109,4.125,4.014,4.055,9586962.6
1615737600000,4.056,4.089,4.005,4.08,8155580.5
1615752000000,4.08,4.086,3.928,3.928,8828155.5
1615766400000,3.927,4.037,3.86,4.007,11019880.1
1615780800000,4.009,4.042,3.76,3.828,14513508.1
1615795200000,3.829,3.884,3.72,3.819,15478480.2
1615809600000,3.818,3.883,3.767,3.805,9088823.4
1615824000000,3.805,3.88,3.77,3.87,7445579.7
1615838400000,3.871,3.884,3.806,3.819,5655156.6
1615852800000,3.817,3.92,3.671,3.884,15702618.3
1615867200000,3.885,4.074,3.813,4.029,22578023.4
1615881600000,4.03,4.144,3.968,4.0,13620305.0
1615896000000,4.002,4.119,3.964,4.116,9944270.5
1615910400000,4.116,4.13,3.959,3.999,9172355.7
1615924800000,3.998,4.072,3.994,4.071,3853029.6
1615939200000,4.072,4.08,3.962,3.967,5281838.6
1615953600000,3.968,4.036,3.954,3.985,3966596.0
1615968000000,3.985,4.011,3.86,3.904,8400986.9
1615982400000,3.904,3.962,3.86,3.936,7657500.3
1615996800000,3.937,4.06,3.901,4.042,9898240.4
1616011200000,4.044,4.1,4.007,4.093,5649346.5
1616025600000,4.093,4.216,4.083,4.135,14831710.0
1616040000000,4.135,4.175,4.061,4.092,7012778.2
1616054400000,4.092,4.158,4.073,4.095,7159729.0
1616068800000,4.096,4.315,4.068,4.312,16519041.4
1616083200000,4.311,4.337,4.14,4.154,15566108.9
1616097600000,4.154,4.222,4.109,4.15,6617193.1
1616112000000,4.15,4.17,4.027,4.152,10582551.9
1616126400000,4.152,4.228,4.14,4.207,6512512.6
1616140800000,4.209,4.266,4.186,4.225,7503525.7
1616155200000,4.224,4.267,4.167,4.19,7916943.8
1616169600000,4.191,4.259,4.162,4.251,7084779.5
1616184000000,4.252,4.271,4.131,4.144,5085719.4
1616198400000,4.144,4.285,4.13,4.252,6778352.9
1616212800000,4.252,4.381,4.24,4.337,11963572.4
1616227200000,4.337,4.447,4.33,4.402,11683813.8
1616241600000,4.402,4.445,4.311,4.335,12181673.0
1616256000000,4.336,4.512,4.322,4.478,16566724.9
1616270400000,4.477,4.503,4.324,4.337,10164224.3
1616284800000,4.337,4.425,4.254,4.328,12571866.1
1616299200000,4.327,4.328,4.191,4.26,10055516.0
1616313600000,4.26,4.339,4.117,4.187,13516662.0
1616328000000,4.187,4.225,4.123,4.18,7562415.7
1616342400000,4.181,4.234,4.135,4.219,5252040.8
1616356800000,4.22,4.24,4.155,4.16,5564924.9
1616371200000,4.16,4.176,4.002,4.137,10557949.0
1616385600000,4.137,4.203,4.133,4.185,4393683.8
1616400000000,4.186,4.3,4.105,4.255,10535014.9
1616414400000,4.255,4.34,4.187,4.281,18104743.8
1616428800000,4.28,4.354,4.217,4.219,10426424.9
1616443200000,4.22,4.295,4.061,4.082,15592851.7
1616457600000,4.082,4.271,4.048,4.221,14576478.6
1616472000000,4.222,4.23,4.04,4.122,11947649.7
1616486400000,4.122,4.153,4.07,4.093,7467031.2
1616500800000,4.092,4.184,4.09,4.139,6386801.0
1616515200000,4.139,4.223,4.101,4.15,8529219.7
1616529600000,4.149,4.157,4.08,4.093,6418269.8
1616544000000,4.093,4.137,4.033,4.117,6558085.6
1616558400000,4.117,4.179,4.077,4.17,5877547.5
1616572800000,4.17,4.196,4.157,4.183,5100202.0
1616587200000,4.182,4.313,4.141,4.236,13747387.5
1616601600000,4.237,4.309,4.093,4.124,15550954.0
1616616000000,4.123,4.125,3.443,3.694,35274248.5
1616630400000,3.692,3.74,3.526,3.688,22180320.1
1616644800000,3.689,3.761,3.654,3.679,8736209.1
1616659200000,3.679,3.781,3.668,3.691,10182441.9
1616673600000,3.691,3.731,3.561,3.644,22509254.4
1616688000000,3.645,3.718,3.585,3.705,12055262.7
1616702400000,3.705,3.737,3.662,3.677,4719399.1
1616716800000,3.676,3.758,3.673,3.73,7384306.3
1616731200000,3.73,3.758,3.698,3.751,6979148.0
1616745600000,3.751,4.168,3.738,4.143,27464719.2
1616760000000,4.144,4.194,4.031,4.111,21467806.6
1616774400000,4.11,4.172,4.051,4.077,10470855.2
1616788800000,4.077,4.197,4.074,4.191,7258894.9
1616803200000,4.192,4.206,4.097,4.119,7529370.1
1616817600000,4.119,4.154,4.074,4.101,5135015.7
1616832000000,4.101,4.137,4.025,4.048,8237878.2
1616846400000,4.048,4.083,3.98,4.066,7398864.3
1616860800000,4.066,4.127,4.058,4.085,6346832.2
1616875200000,4.085,4.139,4.083,4.097,4499389.2
1616889600000,4.095,4.204,4.057,4.168,6802021.9
1616904000000,4.169,4.203,4.117,4.2,6407571.9
1616918400000,4.2,4.216,4.112,4.121,8005007.8
1616932800000,4.122,4.145,4.065,4.142,7928890.0
1616947200000,4.141,4.221,4.034,4.078,11537399.9
1616961600000,4.078,4.117,4.052,4.113,3460814.1
1616976000000,4.113,4.169,4.069,4.139,5799107.1
1616990400000,4.138,4.267,4.121,4.209,12296327.0
1617004800000,4.209,4.32,4.209,4.264,9654141.8
1617019200000,4.265,4.3,4.164,4.215,7603058.8
1617033600000,4.215,4.272,4.206,4.264,5876820.3
1617048000000,4.263,4.295,4.224,4.282,3958706.4
1617062400000,4.282,4.326,4.21,4.237,7923214.7
1617076800000,4.236,4.294,4.221,4.282,4153989.7
1617091200000,4.283,4.344,4.24,4.339,9361793.0
1617105600000,4.339,4.417,4.261,4.294,11791600.6
1617120000000,4.294,4.349,4.29,4.345,4579978.0
1617134400000,4.346,4.379,4.302,4.344,3944923.2
1617148800000,4.345,4.392,4.235,4.281,10837961.4
1617163200000,4.283,4.342,4.073,4.18,12956518.6
1617177600000,4.18,4.212,4.059,4.198,15649254.7
1617192000000,4.197,4.443,4.173,4.399,15743447.3
1617206400000,4.399,4.722,4.371,4.625,28370718.0
1617220800000,4.625,4.915,4.596,4.813,23632519.8
1617235200000,4.813,4.984,4.72,4.749,14998524.8
1617249600000,4.749,4.947,4.748,4.92,16619422.6
1617264000000,4.92,4.946,4.731,4.79,16169226.4
1617278400000,4.791,4.929,4.773,4.884,11872514.2
1617292800000,4.884,6.003,4.883,5.69,99562421.4
1617307200000,5.692,5.788,5.436,5.606,31793272.0
1617321600000,5.607,5.696,5.381,5.542,24000874.4
1617336000000,5.541,5.676,5.452,5.491,11327431.9
1617350400000,5.491,5.79,5.491,5.582,22885404.4
1617364800000,5.583,5.796,5.42,5.769,24051836.0
1617379200000,5.77,6.333,5.766,6.224,64428789.1
1617393600000,6.225,6.374,6.126,6.266,24554008.8
1617408000000,6.265,6.51,6.1,6.21,25234406.1
1617422400000,6.211,6.335,6.151,6.226,15437374.0
1617436800000,6.225,6.281,5.935,6.086,24831544.2
1617451200000,6.085,6.327,6.025,6.039,24076956.6
1617465600000,6.04,6.116,5.4,5.711,61628978.6
1617480000000,5.711,5.712,5.217,5.418,29383609.4
1617494400000,5.417,5.633,5.336,5.63,20651527.0
1617508800000,5.629,5.769,5.482,5.763,17206897.6
1617523200000,5.764,5.98,5.684,5.812,26658203.2
1617537600000,5.812,5.997,5.75,5.797,18936033.1
1617552000000,5.796,6.184,5.769,5.936,27166212.5
1617566400000,5.935,6.313,5.934,6.289,14310056.1
1617580800000,6.288,6.429,6.115,6.211,25122664.2
1617595200000,6.211,6.3,5.835,6.071,27665604.4
1617609600000,6.071,6.36,5.962,6.247,22400693.6
1617624000000,6.247,6.717,6.078,6.691,31660723.8
1617638400000,6.689,7.105,6.58,6.716,46718898.9
1617652800000,6.716,6.962,6.48,6.702,19650407.4
1617667200000,6.704,6.921,6.602,6.719,20851353.6
1617681600000,6.717,6.86,6.519,6.573,15642362.0
1617696000000,6.575,7.126,6.524,6.847,37630088.9
1617710400000,6.848,7.1,6.15,6.411,47989100.7
1617724800000,6.41,6.614,6.333,6.573,19714976.3
1617739200000,6.573,6.736,6.382,6.654,16316066.7
1617753600000,6.655,6.853,6.477,6.849,13134177.8
1617768000000,6.847,7.06,6.478,6.652,32040594.1
1617782400000,6.651,6.728,5.8,6.007,48235290.2
1617796800000,6.007,6.212,5.771,5.982,29323846.1
1617811200000,5.982,6.188,5.733,5.904,27590152.3
1617825600000,5.904,6.071,5.756,5.891,13376814.5
1617840000000,5.892,6.129,5.811,6.005,14237071.7
1617854400000,6.006,6.252,6.006,6.19,11024724.6
1617868800000,6.188,6.256,5.935,6.073,14357599.8
1617883200000,6.075,6.43,6.049,6.41,16434148.6
1617897600000,6.41,6.485,6.257,6.299,11670272.4
1617912000000,6.299,6.479,6.231,6.452,8485104.4
1617926400000,6.451,6.613,6.368,6.392,11923317.5
1617940800000,6.393,6.519,6.3,6.365,8450482.5
1617955200000,6.366,6.468,6.25,6.335,10568590.5
1617969600000,6.336,6.375,6.142,6.217,10162393.7
1617984000000,6.219,6.293,6.075,6.287,8151815.8
1617998400000,6.287,6.368,6.187,6.217,5347295.8
1618012800000,6.218,6.44,6.16,6.418,7821040.2
1618027200000,6.418,6.477,6.342,6.41,10197152.7
1618041600000,6.41,6.608,6.37,6.409,14266972.6
1618056000000,6.408,6.664,6.312,6.645,14200443.9
1618070400000,6.646,6.778,6.37,6.534,16605160.9
1618084800000,6.535,6.647,6.287,6.625,8574620.6
1618099200000,6.626,6.985,6.566,6.909,16225308.9
1618113600000,6.91,7.092,6.683,6.852,21881177.7
1618128000000,6.855,6.955,6.727,6.875,12354580.2
1618142400000,6.88,6.937,6.599,6.744,11928744.7
1618156800000,6.745,6.797,6.586,6.735,8050203.7
1618171200000,6.736,6.816,6.627,6.738,5198394.2
1618185600000,6.738,6.888,6.605,6.814,10714047.8
1618200000000,6.814,6.873,6.739,6.769,9380003.4
1618214400000,6.769,6.847,6.424,6.599,15315952.8
1618228800000,6.6,6.652,6.292,6.425,14022508.7
1618243200000,6.425,6.498,6.338,6.495,7727772.9
1618257600000,6.495,6.553,6.457,6.485,4441625.8
1618272000000,6.486,6.575,6.432,6.453,8692826.5
1618286400000,6.453,6.739,6.43,6.689,12630391.6
1618300800000,6.69,6.995,6.665,6.986,17785793.2
1618315200000,6.986,7.449,6.95,7.383,45776301.9
1618329600000,7.383,7.57,7.229,7.404,25857056.1
1618344000000,7.405,7.479,7.165,7.394,10799029.9
1618358400000,7.394,8.112,7.392,7.98,30473194.2
1618372800000,7.98,8.089,7.68,7.894,22463402.8
1618387200000,7.892,7.993,7.327,7.735,35406509.4
1618401600000,7.732,7.75,7.02,7.429,42322462.0
1618416000000,7.43,7.692,7.191,7.446,33387509.6
1618430400000,7.449,7.79,7.409,7.68,14323910.0
1618444800000,7.681,7.8,7.378,7.627,14648225.2
1618459200000,7.627,7.703,7.507,7.575,11016254.4
1618473600000,7.575,7.675,7.287,7.427,16529746.4
1618488000000,7.428,7.842,7.419,7.795,20129836.1
1618502400000,7.795,7.941,7.64,7.783,14921856.9
1618516800000,7.783,7.944,7.715,7.899,11136182.6
1618531200000,7.9,8.37,7.899,8.267,29829626.9
1618545600000,8.27,8.274,7.536,7.716,36356575.1
1618560000000,7.714,7.904,7.05,7.472,33915983.9
1618574400000,7.473,8.197,7.1,8.136,32013795.5
1618588800000,8.134,8.541,7.957,8.32,42629386.6
1618603200000,8.321,8.774,8.116,8.516,19960491.3
1618617600000,8.517,8.796,8.25,8.458,21035132.4
1618632000000,8.458,8.8,8.271,8.762,15762940.0
1618646400000,8.76,8.878,7.9,8.105,33156068.2
1618660800000,8.106,8.364,7.7,7.785,31206846.8
1618675200000,7.785,8.02,7.6,7.918,18199948.7
1618689600000,7.918,8.12,7.764,7.795,9424391.6
1618704000000,7.794,7.956,5.629,6.516,60251603.0
1618718400000,6.521,6.867,6.271,6.799,56166498.5
1618732800000,6.798,6.875,6.166,6.243,33481365.3
1618747200000,6.242,6.917,6.184,6.857,22839571.3
1618761600000,6.858,7.048,6.675,6.916,18571344.2
1618776000000,6.917,7.3,6.853,7.292,15663557.5
1618790400000,7.29,7.502,7.036,7.378,17797440.3
1618804800000,7.378,7.388,7.142,7.338,14350317.1
1618819200000,7.339,7.352,6.776,7.113,22779671.5
1618833600000,7.112,7.129,6.491,6.575,29384930.2
1618848000000,6.574,6.835,6.482,6.81,17003356.4
1618862400000,6.811,6.957,6.587,6.606,9814489.1
1618876800000,6.606,6.66,6.071,6.367,24714143.8
1618891200000,6.368,6.544,6.054,6.328,17437188.9
1618905600000,6.328,6.73,6.276,6.678,16399330.7
1618920000000,6.677,6.797,6.371,6.593,16705892.5
1618934400000,6.593,6.83,6.459,6.816,12913951.1
1618948800000,6.818,6.86,6.583,6.702,8443167.5
1618963200000,6.699,6.861,6.58,6.602,12299970.9
1618977600000,6.603,6.72,6.529,6.544,9593534.0
1618992000000,6.546,6.59,6.227,6.332,15830446.5
1619006400000,6.331,6.776,6.253,6.761,13587421.7
1619020800000,6.761,6.809,6.58,6.673,8708167.0
1619035200000,6.673,6.675,6.282,6.323,11349912.1
1619049600000,6.323,6.502,6.145,6.221,17228538.6
1619064000000,6.221,6.504,6.21,6.378,10411321.4
1619078400000,6.379,6.744,6.167,6.694,18084548.1
1619092800000,6.697,6.781,6.53,6.699,13971273.3
1619107200000,6.698,6.833,6.289,6.377,18787976.4
1619121600000,6.377,6.378,5.587,5.864,24552560.0
1619136000000,5.862,6.008,4.441,5.196,70423567.8
1619150400000,5.196,5.25,4.855,4.968,40092954.2
1619164800000,4.967,5.495,4.91,5.407,21942793.1
1619179200000,5.409,5.45,5.088,5.337,19849818.0
1619193600000,5.336,5.46,5.251,5.438,13961167.3
1619208000000,5.439,5.594,5.29,5.574,9806640.2
1619222400000,5.573,5.596,5.213,5.375,12704706.3
1619236800000,5.375,5.481,5.281,5.34,10448927.1
1619251200000,5.341,5.413,5.027,5.125,15031200.2
1619265600000,5.124,5.3,5.079,5.275,13551092.9
1619280000000,5.275,5.3,5.122,5.23,8472661.6
1619294400000,5.229,5.284,5.062,5.088,7841383.6
1619308800000,5.089,5.224,5.038,5.088,9342017.9
1619323200000,5.086,5.164,5.064,5.128,5546357.2
1619337600000,5.129,5.275,5.1,5.239,10040695.0
1619352000000,5.24,5.438,5.218,5.409,10808754.2
1619366400000,5.409,5.469,5.138,5.145,9367847.6
1619380800000,5.145,5.203,4.61,5.001,24452210.7
1619395200000,5.002,5.439,4.924,5.414,19058275.9
1619409600000,5.414,5.601,5.344,5.508,13308806.2
1619424000000,5.507,5.614,5.374,5.573,15330640.5
1619438400000,5.573,5.731,5.5,5.668,18135692.1
1619452800000,5.669,5.789,5.512,5.752,17703737.9
1619467200000,5.753,5.908,5.518,5.868,13162668.5
1619481600000,5.867,5.987,5.751,5.872,14122699.4
1619496000000,5.871,6.05,5.818,5.972,10402425.2
1619510400000,5.973,6.113,5.925,6.083,11593474.0
1619524800000,6.083,6.085,5.783,6.01,17677206.2
1619539200000,6.008,6.107,5.894,5.935,12563482.4
1619553600000,5.936,6.075,5.936,6.066,6910746.1
1619568000000,6.066,6.231,5.938,5.95,13292230.1
1619582400000,5.95,6.027,5.685,5.837,16278577.3
1619596800000,5.837,6.005,5.73,5.949,12099263.9
1619611200000,5.949,6.023,5.766,5.839,12767590.5
1619625600000,5.84,5.948,5.763,5.944,8076156.2
1619640000000,5.944,6.015,5.767,5.959,10408059.5
1619654400000,5.96,5.985,5.813,5.885,8892449.7
1619668800000,5.885,5.933,5.763,5.909,8443222.4
1619683200000,5.91,6.006,5.831,5.965,10748115.1
1619697600000,5.966,6.064,5.863,5.916,12554170.3
1619712000000,5.915,5.948,5.613,5.737,13873375.0
1619726400000,5.737,5.902,5.669,5.899,6714450.1
1619740800000,5.899,6.207,5.784,6.111,18437307.6
1619755200000,6.11,6.29,6.109,6.251,11424511.3
1619769600000,6.251,6.278,6.12,6.16,9197855.1
1619784000000,6.159,6.344,6.152,6.319,14955834.3
1619798400000,6.321,6.45,6.289,6.385,10213613.1
1619812800000,6.384,6.465,6.284,6.457,6213258.3
1619827200000,6.457,6.606,6.373,6.593,10934260.9
1619841600000,6.593,6.609,6.438,6.458,6690786.5
1619856000000,6.461,6.524,6.297,6.512,9045522.8
1619870400000,6.512,6.514,6.317,6.408,7345333.1
1619884800000,6.409,6.487,6.364,6.454,6809127.6
1619899200000,6.454,6.668,6.452,6.62,8323205.9
1619913600000,6.621,6.707,6.28,6.333,13795079.3
1619928000000,6.332,6.465,6.171,6.346,11461158.0
1619942400000,6.345,6.495,6.275,6.491,8773059.4
1619956800000,6.489,6.54,6.402,6.434,7909370.2
1619971200000,6.435,6.658,6.403,6.639,9929781.2
1619985600000,6.639,6.697,6.468,6.535,7639537.0
1620000000000,6.535,6.742,6.528,6.689,9466140.2
1620014400000,6.69,6.754,6.6,6.736,8326194.7
1620028800000,6.736,6.908,6.65,6.834,12798858.8
1620043200000,6.835,6.894,6.555,6.678,14697289.0
1620057600000,6.68,6.893,6.603,6.822,12848837.3
1620072000000,6.823,6.893,6.696,6.817,9232741.0
1620086400000,6.819,6.889,6.139,6.332,36619000.8
1620100800000,6.33,6.496,6.293,6.401,8945268.4
1620115200000,6.402,7.032,6.338,6.886,31062085.4
1620129600000,6.887,7.099,6.34,6.42,41108398.7
1620144000000,6.426,6.615,6.3,6.607,15269240.3
1620158400000,6.607,6.718,6.292,6.342,13661773.1
1620172800000,6.342,7.387,6.2,7.23,42623337.5
1620187200000,7.231,7.482,7.055,7.419,26570096.6
1620201600000,7.419,7.722,7.177,7.494,26611447.1
1620216000000,7.495,7.878,7.351,7.845,28029281.7
1620230400000,7.843,8.519,7.712,8.406,52944021.3
1620244800000,8.407,8.853,8.211,8.732,29635453.4
1620259200000,8.732,9.5,8.6,9.229,60648903.9
1620273600000,9.226,9.491,8.409,8.956,44965104.0
1620288000000,8.957,9.618,8.863,9.46,46387498.3
1620302400000,9.462,10.677,9.309,10.659,82490740.3
1620316800000,10.659,12.885,10.21,12.345,231652109.3
1620331200000,12.347,12.52,11.148,11.489,75631621.0
1620345600000,11.49,13.306,11.132,11.646,106008993.6
1620360000000,11.645,12.22,11.18,11.605,50891367.2
1620374400000,11.603,12.426,11.463,11.716,40607455.8
1620388800000,11.715,11.776,10.516,10.663,58121101.2
1620403200000,10.663,10.881,9.836,10.39,54977158.3
1620417600000,10.388,10.538,9.566,10.378,41591643.8
1620432000000,10.379,11.2,10.019,11.149,45655643.0
1620446400000,11.15,11.222,10.259,10.596,32388118.0
1620460800000,10.593,10.771,10.104,10.131,21776574.3
1620475200000,10.132,10.394,9.718,9.759,33394520.6
1620489600000,9.76,10.574,9.611,10.232,33042103.0
1620504000000,10.233,10.53,9.84,10.354,20876504.1
1620518400000,10.355,11.122,10.133,10.289,35561706.9
1620532800000,10.289,10.368,9.656,10.003,29389248.9
1620547200000,10.005,10.184,9.804,9.866,20806117.9
1620561600000,9.866,10.129,9.098,9.98,43201937.5
1620576000000,9.98,10.32,9.732,9.837,24146261.7
1620590400000,9.842,10.575,9.816,10.54,19700505.5
1620604800000,10.539,10.865,10.222,10.756,24493415.7
1620619200000,10.756,11.019,10.529,10.542,24190430.9
1620633600000,10.54,10.699,9.93,10.199,31113225.1
1620648000000,10.198,10.462,9.87,10.451,26511125.9
1620662400000,10.451,10.777,9.125,9.267,45571658.8
1620676800000,9.272,9.688,8.058,9.271,61960177.9
1620691200000,9.271,9.529,8.774,9.014,33524895.3
1620705600000,9.013,9.327,8.937,9.223,20652878.8
1620720000000,9.224,9.464,9.056,9.134,17891304.9
1620734400000,9.133,13.061,8.993,12.999,250454307.1
1620748800000,13.0,14.126,12.5,12.806,169182508.2
1620763200000,12.803,14.558,12.38,14.527,80160534.4
1620777600000,14.523,14.927,13.625,13.646,83041727.6
1620792000000,13.646,13.989,12.953,13.341,48909392.1
1620806400000,13.342,14.0,12.7,13.106,65762944.5
1620820800000,13.104,13.161,11.812,11.977,87029460.5
1620835200000,11.98,12.45,11.294,12.08,87292531.7
1620849600000,12.082,12.228,10.15,10.377,70866253.3
1620864000000,10.366,11.125,9.3,10.974,88863601.8
1620878400000,10.977,11.646,10.746,11.11,44270291.1
1620892800000,11.109,11.169,9.882,10.588,80701506.0
1620907200000,10.587,11.056,10.307,10.451,43925379.8
1620921600000,10.451,10.76,9.418,9.839,67047958.0
1620936000000,9.839,10.779,9.757,10.615,30225230.1
1620950400000,10.614,11.49,10.516,10.706,39882526.5
1620964800000,10.706,10.993,10.53,10.94,24239844.5
1620979200000,10.939,11.6,10.871,11.36,31439530.5
1620993600000,11.361,11.588,11.006,11.502,25128332.5
1621008000000,11.502,11.671,11.077,11.128,24765593.3
1621022400000,11.129,11.372,10.732,11.161,18467375.2
1621036800000,11.16,11.695,10.953,11.172,26222331.0
1621051200000,11.173,11.323,10.48,10.564,24144329.9
1621065600000,10.568,10.773,10.232,10.625,27729383.0
1621080000000,10.628,11.941,10.464,11.189,56349601.2
1621094400000,11.191,11.221,10.111,10.444,54227050.2
1621108800000,10.444,10.74,10.117,10.236,18445562.5
1621123200000,10.237,10.782,10.151,10.676,18480181.0
1621137600000,10.676,10.932,10.57,10.862,13896181.0
1621152000000,10.863,11.236,10.68,10.805,21539889.5
1621166400000,10.806,10.863,10.26,10.281,21951557.0
1621180800000,10.281,10.37,9.615,9.843,41158407.8
1621195200000,9.844,10.149,9.425,10.113,29288667.1
1621209600000,10.112,10.134,8.67,8.765,46611538.6
1621224000000,8.765,9.656,8.595,9.628,48224194.4
1621238400000,9.629,9.832,9.362,9.729,28725000.1
1621252800000,9.731,9.771,8.924,8.986,31295944.3
1621267200000,8.986,9.321,8.8,9.303,36195396.1
1621281600000,9.302,9.496,8.851,9.145,22114395.7
1621296000000,9.146,9.586,8.981,9.446,22130730.9
1621310400000,9.447,9.72,9.401,9.486,16326033.0
1621324800000,9.486,10.031,9.378,9.934,23518411.4
1621339200000,9.934,9.957,8.95,9.176,44478241.9
1621353600000,9.175,9.461,9.042,9.262,23346533.4
1621368000000,9.262,9.514,9.118,9.33,15457745.7
1621382400000,9.329,9.489,8.22,8.426,43196600.0
1621396800000,8.425,8.51,7.323,8.183,65806037.8
1621411200000,8.184,8.311,6.481,7.292,59446957.6
1621425600000,7.293,7.437,3.992,6.32,88304327.0
1621440000000,6.318,6.85,5.86,6.24,69327621.3
1621454400000,6.242,6.4,5.67,5.684,41800030.0
1621468800000,5.683,6.101,5.095,5.946,65566902.2
1621483200000,5.943,6.572,5.922,6.395,36402696.1
1621497600000,6.394,6.509,6.043,6.484,30981324.6
1621512000000,6.483,7.011,6.335,6.677,40726045.0
1621526400000,6.676,6.697,6.101,6.541,42736254.6
1621540800000,6.542,6.783,6.407,6.643,24038310.1
1621555200000,6.645,6.926,6.497,6.539,20169670.7
1621569600000,6.538,6.541,6.2,6.304,25829531.2
1621584000000,6.304,6.515,6.125,6.393,22742759.9
1621598400000,6.393,6.468,5.325,5.532,49461591.8
1621612800000,5.533,5.757,5.31,5.404,33516153.8
1621627200000,5.404,5.571,4.836,5.554,31597238.2
1621641600000,5.554,5.667,5.277,5.382,25034637.0
1621656000000,5.382,5.446,4.896,5.199,33737614.7
1621670400000,5.198,5.541,5.191,5.448,26713746.2
1621684800000,5.447,5.607,5.18,5.336,28047239.7
1621699200000,5.337,5.387,5.046,5.066,19529533.0
1621713600000,5.067,5.289,5.065,5.102,15001281.4
1621728000000,5.102,5.324,4.977,5.149,18700927.1
1621742400000,5.148,5.169,4.683,4.83,23409113.6
1621756800000,4.831,4.832,4.397,4.546,44426633.4
1621771200000,4.544,4.585,4.014,4.11,57710061.6
1621785600000,4.111,4.155,3.566,4.0,58464774.7
1621800000000,4.001,4.396,3.995,4.286,26253298.3
1621814400000,4.288,4.516,4.164,4.388,26303595.5
1621828800000,4.389,4.842,4.273,4.821,35144211.4
1621843200000,4.82,4.903,4.635,4.865,38477726.1
1621857600000,4.865,5.075,4.809,5.011,38306984.2
1621872000000,5.012,5.377,4.81,5.327,30095977.2
1621886400000,5.327,5.643,5.2,5.64,28134037.8
1621900800000,5.641,6.0,5.358,5.596,41417717.9
1621915200000,5.594,5.813,5.395,5.79,27966604.8
1621929600000,5.791,5.811,5.062,5.075,38554223.0
1621944000000,5.076,5.514,5.053,5.493,34804245.3
1621958400000,5.494,5.505,5.159,5.203,19635346.1
1621972800000,5.203,5.708,5.19,5.691,18987283.3
1621987200000,5.691,6.185,5.534,6.137,25249055.6
1622001600000,6.138,6.479,6.01,6.413,28115869.2
1622016000000,6.414,6.511,6.172,6.338,26056191.7
1622030400000,6.339,6.484,5.963,6.106,30602508.4
1622044800000,6.104,6.28,6.001,6.193,22013656.5
1622059200000,6.193,6.467,6.143,6.433,12947664.0
1622073600000,6.433,6.769,6.049,6.269,49257182.0
1622088000000,6.268,6.632,6.139,6.532,25800393.4
1622102400000,6.534,7.191,6.394,7.155,41975144.7
1622116800000,7.155,7.671,7.01,7.381,80507239.9
1622131200000,7.379,7.443,7.0,7.165,42772749.6
1622145600000,7.166,7.281,6.893,7.022,26785122.8
1622160000000,7.023,7.075,6.619,6.818,32340494.1
1622174400000,6.818,6.818,6.122,6.402,50784557.8
1622188800000,6.4,6.43,5.826,5.937,52154642.2
1622203200000,5.938,6.463,5.88,6.276,41544503.5
1622217600000,6.277,6.3,5.967,6.223,34478328.1
1622232000000,6.222,6.317,5.843,6.114,23212223.3
1622246400000,6.114,6.814,6.098,6.695,42104919.5
1622260800000,6.694,6.741,6.387,6.425,32554532.8
1622275200000,6.426,6.465,6.089,6.312,40975495.1
1622289600000,6.313,6.317,5.978,6.152,37354146.1
1622304000000,6.152,6.266,5.745,5.911,35083724.9
1622318400000,5.91,6.077,5.787,6.023,21117832.8
1622332800000,6.023,6.028,5.528,5.88,35248980.6
1622347200000,5.88,6.36,5.843,6.29,32683398.8
1622361600000,6.291,6.36,6.123,6.343,27054788.2
1622376000000,6.342,6.378,5.908,6.025,30517576.3
1622390400000,6.025,6.249,5.942,6.195,21518666.8
1622404800000,6.195,6.24,5.99,6.034,14743037.1
1622419200000,6.034,6.157,5.736,5.828,27684791.5
1622433600000,5.829,6.19,5.773,6.109,24351231.6
1622448000000,6.109,6.397,6.031,6.278,30001359.5
1622462400000,6.277,6.371,6.093,6.31,30700323.3
1622476800000,6.31,6.398,6.162,6.23,15965615.2
1622491200000,6.231,6.684,6.226,6.625,19002976.6
1622505600000,6.628,6.756,6.328,6.403,23989708.4
1622520000000,6.403,6.567,6.36,6.431,16886880.4
1622534400000,6.431,6.475,6.105,6.275,28167580.5
1622548800000,6.276,6.365,6.06,6.19,28095896.4
1622563200000,6.191,6.299,6.124,6.171,15024975.0
1622577600000,6.173,6.351,6.16,6.303,10801394.6
1622592000000,6.303,6.364,6.123,6.303,15367832.3
1622606400000,6.303,6.397,6.22,6.359,15126836.7
1622620800000,6.359,6.43,6.188,6.269,13914493.2
1622635200000,6.269,6.53,6.258,6.5,24115269.0
1622649600000,6.498,6.548,6.362,6.455,13484528.9
1622664000000,6.456,6.475,6.28,6.373,9302147.3
1622678400000,6.373,6.416,6.223,6.35,11552349.5
1622692800000,6.35,6.533,6.335,6.436,14269092.3
1622707200000,6.436,6.7,6.42,6.489,21269526.2
1622721600000,6.49,6.563,6.377,6.406,18063613.5
1622736000000,6.407,6.53,6.35,6.388,13587434.2
1622750400000,6.387,6.564,6.361,6.535,12194917.8
1622764800000,6.534,6.545,6.0,6.2,28320176.8
1622779200000,6.2,6.218,5.798,5.925,26770247.3
1622793600000,5.925,6.037,5.849,5.916,16797541.5
1622808000000,5.916,6.016,5.775,5.999,20033684.2
1622822400000,5.998,6.086,5.953,6.02,11312904.5
1622836800000,6.02,6.12,5.943,6.016,10386790.4
1622851200000,6.016,6.18,5.964,6.087,11972382.7
1622865600000,6.087,6.222,6.087,6.145,9483837.7
1622880000000,6.144,6.168,5.759,5.812,21506402.0
1622894400000,5.812,5.869,5.705,5.857,18211135.0
1622908800000,5.856,5.877,5.791,5.81,8571163.0
1622923200000,5.808,5.897,5.632,5.775,13264286.8
1622937600000,5.774,5.879,5.711,5.84,8983648.3
1622952000000,5.84,5.954,5.835,5.899,10509823.7
1622966400000,5.898,5.936,5.817,5.828,7971703.6
1622980800000,5.828,5.916,5.741,5.852,12951672.9
1622995200000,5.852,5.89,5.743,5.757,7282164.3
1623009600000,5.757,5.853,5.729,5.844,9450127.6
1623024000000,5.845,5.972,5.804,5.92,13347472.4
1623038400000,5.919,5.95,5.801,5.841,9719487.4
1623052800000,5.842,5.93,5.816,5.886,10714365.7
1623067200000,5.886,5.932,5.786,5.811,11376004.8
1623081600000,5.811,5.815,5.603,5.654,13480334.6
1623096000000,5.655,5.674,5.07,5.188,38145108.0
1623110400000,5.188,5.254,4.78,4.94,37157731.4
1623124800000,4.94,5.05,4.836,5.008,27236485.0
1623139200000,5.008,5.09,4.945,5.044,21313061.2
1623153600000,5.044,5.078,4.502,4.711,47695429.0
1623168000000,4.711,4.963,4.65,4.945,29319471.8
1623182400000,4.943,5.127,4.93,5.05,17710697.5
1623196800000,5.049,5.075,4.783,4.845,20493884.2
1623211200000,4.845,5.051,4.766,4.987,20168038.6
1623225600000,4.987,5.125,4.915,5.091,22209367.9
1623240000000,5.091,5.4,4.92,5.317,41937320.2
1623254400000,5.317,5.384,5.153,5.198,23511252.1
1623268800000,5.198,5.339,5.157,5.338,11446745.8
1623283200000,5.338,5.471,5.303,5.309,17513706.2
1623297600000,5.31,5.359,5.162,5.224,16958600.9
1623312000000,5.224,5.314,5.08,5.227,26614733.7
1623326400000,5.228,5.233,5.033,5.07,20594936.5
1623340800000,5.07,5.107,4.971,5.011,16542955.3
1623355200000,5.012,5.113,4.923,5.079,12356378.3
1623369600000,5.079,5.136,4.891,5.026,17987351.4
1623384000000,5.025,5.095,4.966,5.043,10811969.3
1623398400000,5.043,5.124,5.016,5.069,12918456.6
1623412800000,5.07,5.393,5.003,5.046,51151848.6
1623427200000,5.046,5.087,4.977,5.063,17772054.5
1623441600000,5.063,5.091,4.855,4.915,13816264.8
1623456000000,4.916,4.916,4.582,4.672,28821676.2
1623470400000,4.671,4.744,4.583,4.718,16500256.5
1623484800000,4.718,4.823,4.623,4.79,17460780.4
1623499200000,4.789,4.911,4.778,4.798,16843154.4
1623513600000,4.798,4.905,4.767,4.856,10480306.7
1623528000000,4.856,4.911,4.813,4.829,8189731.6
1623542400000,4.829,4.899,4.717,4.731,14347280.1
1623556800000,4.731,4.761,4.655,4.715,11376140.9
1623571200000,4.714,4.789,4.692,4.763,10178080.3
1623585600000,4.762,4.785,4.681,4.737,10773593.8
1623600000000,4.737,4.957,4.724,4.947,15734471.7
1623614400000,4.947,5.109,4.939,5.089,13900603.5
1623628800000,5.09,5.15,4.982,5.013,13107900.6
1623643200000,5.014,5.064,4.99,5.039,7738235.3
1623657600000,5.04,5.043,4.953,4.969,8268851.4
1623672000000,4.968,5.241,4.957,5.219,19973427.8
1623686400000,5.219,5.324,5.152,5.204,20746606.8
1623700800000,5.204,5.323,5.177,5.295,8193730.0
1623715200000,5.296,5.373,5.224,5.261,9491750.8
1623729600000,5.262,5.396,5.248,5.35,10628356.7
1623744000000,5.351,5.366,5.176,5.229,15723301.7
1623758400000,5.229,5.289,5.123,5.153,15512005.6
1623772800000,5.153,5.299,5.136,5.169,14914641.1
1623787200000,5.17,5.22,5.105,5.182,6694821.9
1623801600000,5.181,5.193,5.042,5.145,12396629.6
1623816000000,5.145,5.223,5.141,5.186,9006282.2
1623830400000,5.187,5.232,4.972,4.988,15494648.0
1623844800000,4.988,5.01,4.866,4.915,16723998.4
1623859200000,4.914,4.994,4.828,4.934,19992485.7
1623873600000,4.934,4.958,4.812,4.865,7923609.7
1623888000000,4.864,5.026,4.84,5.022,9134882.7
1623902400000,5.022,5.07,4.988,5.043,8088738.2
1623916800000,5.043,5.084,5.016,5.031,8353221.2
1623931200000,5.03,5.033,4.924,5.006,11669449.4
1623945600000,5.006,5.025,4.763,4.791,16844170.4
1623960000000,4.791,4.872,4.751,4.871,9738367.4
1623974400000,4.87,4.872,4.722,4.823,13724042.2
1623988800000,4.823,4.868,4.772,4.849,9976918.7
1624003200000,4.849,4.894,4.742,4.821,13317431.3
1624017600000,4.822,4.841,4.587,4.596,19978240.9
1624032000000,4.597,4.67,4.383,4.444,22364599.0
1624046400000,4.444,4.574,4.434,4.563,10833356.7
1624060800000,4.561,4.619,4.465,4.497,11791655.3
1624075200000,4.498,4.615,4.468,4.61,11370880.7
1624089600000,4.611,4.65,4.574,4.645,7983332.6
1624104000000,4.644,4.704,4.6,4.661,11147175.7
1624118400000,4.661,4.678,4.503,4.574,11902324.0
1624132800000,4.573,4.596,4.446,4.458,8517611.0
1624147200000,4.46,4.468,4.331,4.437,15817831.4
1624161600000,4.437,4.506,4.418,4.456,8503516.3
1624176000000,4.456,4.462,4.146,4.192,25312375.1
1624190400000,4.192,4.312,4.1,4.277,18153268.1
1624204800000,4.277,4.444,4.264,4.436,11235571.2
1624219200000,4.436,4.533,4.429,4.505,10679391.6
1624233600000,4.506,4.522,4.306,4.311,11344223.5
1624248000000,4.311,4.321,3.95,4.046,42656819.6
1624262400000,4.044,4.088,3.699,3.878,45124610.8
1624276800000,3.878,3.982,3.741,3.87,29439381.3
1624291200000,3.871,3.916,3.741,3.843,21365682.3
1624305600000,3.843,3.895,3.502,3.518,26377767.7
1624320000000,3.517,3.759,3.354,3.725,30022153.9
1624334400000,3.725,3.734,3.579,3.624,16761590.8
1624348800000,3.624,3.633,3.265,3.273,43754368.3
1624363200000,3.274,3.438,3.037,3.398,81651976.6
1624377600000,3.399,3.521,3.361,3.409,34896043.9
1624392000000,3.409,3.524,3.324,3.387,22769094.7
1624406400000,3.387,3.711,3.25,3.657,34399740.0
1624420800000,3.656,3.743,3.613,3.713,16952636.5
1624435200000,3.713,3.753,3.611,3.66,16129658.4
1624449600000,3.661,3.806,3.619,3.632,24040482.5
1624464000000,3.633,3.708,3.527,3.528,18504371.6
1624478400000,3.528,3.672,3.525,3.669,16680554.1
1624492800000,3.671,3.724,3.513,3.624,21958204.4
1624507200000,3.625,3.812,3.596,3.755,20109535.8
1624521600000,3.756,3.872,3.752,3.84,25071960.8
1624536000000,3.84,3.902,3.787,3.828,20110702.3
1624550400000,3.829,3.93,3.792,3.873,17144879.2
1624564800000,3.873,3.924,3.842,3.923,9447557.0
1624579200000,3.923,4.024,3.836,3.963,26512891.6
1624593600000,3.963,3.966,3.756,3.797,17465365.8
1624608000000,3.796,3.796,3.656,3.743,23355791.2
1624622400000,3.742,3.778,3.612,3.646,25195451.8
1624636800000,3.646,3.677,3.524,3.607,23590131.0
1624651200000,3.607,3.635,3.504,3.53,14392061.7
1624665600000,3.531,3.629,3.497,3.573,16766274.9
1624680000000,3.574,3.657,3.392,3.408,18280832.6
1624694400000,3.409,3.526,3.348,3.514,23050708.1
1624708800000,3.514,3.543,3.39,3.459,20500971.0
1624723200000,3.459,3.5,3.373,3.47,13520283.4
1624737600000,3.469,3.572,3.395,3.57,9270875.1
1624752000000,3.569,3.65,3.537,3.626,13155429.7
1624766400000,3.626,3.636,3.566,3.622,9683291.0
1624780800000,3.623,3.63,3.525,3.563,12101491.3
1624795200000,3.563,3.599,3.534,3.575,10268243.5
1624809600000,3.575,3.589,3.488,3.521,9914256.4
1624824000000,3.52,3.779,3.486,3.774,15515947.5
1624838400000,3.775,3.802,3.727,3.733,10439406.1
1624852800000,3.733,3.796,3.716,3.794,9242463.5
1624867200000,3.792,3.816,3.691,3.705,12253415.2
1624881600000,3.706,3.929,3.686,3.925,17485094.4
1624896000000,3.926,3.945,3.82,3.858,14467601.6
1624910400000,3.857,3.922,3.797,3.852,9607310.6
1624924800000,3.851,3.988,3.836,3.914,15999023.8
1624939200000,3.914,4.008,3.901,3.945,14831389.7
1624953600000,3.943,4.179,3.926,4.16,30641733.4
1624968000000,4.159,4.294,4.112,4.193,34605150.2
1624982400000,4.193,4.236,4.127,4.179,15775112.3
1624996800000,4.179,4.199,4.07,4.129,13689241.3
1625011200000,4.13,4.306,4.051,4.064,28146440.7
1625025600000,4.063,4.103,3.964,4.1,18639147.0
1625040000000,4.1,4.103,3.952,4.025,18055985.9
1625054400000,4.025,4.047,3.832,3.854,21592447.4
1625068800000,3.854,4.005,3.84,3.99,14418584.0
1625083200000,3.99,4.145,3.956,4.138,14356469.6
1625097600000,4.137,4.209,4.035,4.036,20019182.0
1625112000000,4.036,4.107,3.873,3.876,21815682.4
1625126400000,3.876,3.952,3.852,3.947,20076561.4
1625140800000,3.947,3.962,3.86,3.917,17373519.1
1625155200000,3.916,3.954,3.85,3.884,13436304.4
1625169600000,3.884,3.994,3.883,3.92,11477159.7
1625184000000,3.92,4.001,3.781,3.794,21145249.1
1625198400000,3.795,3.837,3.747,3.809,14840873.6
1625212800000,3.81,3.855,3.742,3.774,17352928.4
1625227200000,3.775,3.89,3.761,3.859,17100724.9
1625241600000,3.859,3.903,3.8,3.821,10245536.4
1625256000000,3.821,3.938,3.782,3.922,9085960.0
1625270400000,3.922,3.929,3.85,3.877,10268135.6
1625284800000,3.876,3.998,3.853,3.984,10470215.8
1625299200000,3.984,4.035,3.971,4.004,10388302.6
1625313600000,4.005,4.044,3.992,4.029,9298052.7
1625328000000,4.028,4.064,4.001,4.044,9166880.8
1625342400000,4.044,4.059,3.982,4.051,9889542.1
1625356800000,4.051,4.055,3.951,3.989,9295422.3
1625371200000,3.988,4.111,3.988,4.095,13572345.7
1625385600000,4.095,4.172,4.073,4.116,13819620.6
1625400000000,4.116,4.14,4.062,4.136,10962891.7
1625414400000,4.136,4.153,4.098,4.125,7883216.9
1625428800000,4.125,4.187,3.989,4.061,13899105.0
1625443200000,4.061,4.061,3.945,3.97,15890636.5
1625457600000,3.969,3.98,3.928,3.956,10172938.9
1625472000000,3.955,3.979,3.756,3.794,20623596.0
1625486400000,3.794,3.847,3.782,3.809,13574891.0
1625500800000,3.81,3.887,3.765,3.869,10532375.9
1625515200000,3.87,3.898,3.807,3.808,6700155.3
1625529600000,3.809,3.902,3.796,3.861,9542802.5
1625544000000,3.861,3.963,3.86,3.955,11455397.4
1625558400000,3.955,4.006,3.827,3.857,19305532.2
1625572800000,3.856,3.911,3.832,3.857,12829926.5
1625587200000,3.858,3.885,3.806,3.857,10813758.7
1625601600000,3.857,3.888,3.78,3.876,8142325.5
1625616000000,3.876,3.942,3.836,3.932,10497844.0
1625630400000,3.932,3.977,3.919,3.942,10944628.2
1625644800000,3.941,3.98,3.906,3.95,10875148.7
1625659200000,3.95,3.964,3.885,3.901,9377354.3
1625673600000,3.902,3.937,3.884,3.932,5280094.0
1625688000000,3.932,3.933,3.812,3.822,9318202.7
1625702400000,3.822,3.84,3.667,3.709,19531442.0
1625716800000,3.708,3.719,3.554,3.592,17652946.8
1625731200000,3.592,3.65,3.563,3.648,14027565.8
1625745600000,3.648,3.662,3.582,3.653,11336139.5
1625760000000,3.654,3.666,3.615,3.653,9674289.2
1625774400000,3.653,3.658,3.518,3.595,12110898.8
1625788800000,3.595,3.6,3.452,3.57,15280260.1
1625803200000,3.571,3.614,3.553,3.59,10868945.1
1625817600000,3.589,3.628,3.532,3.545,11451340.2
1625832000000,3.545,4.163,3.525,4.133,120483666.4
1625846400000,4.133,4.293,4.07,4.211,92600978.6
1625860800000,4.212,4.328,4.182,4.22,38571507.5
1625875200000,4.22,4.42,4.058,4.118,59069358.2
1625889600000,4.117,4.161,4.031,4.098,28288642.7
1625904000000,4.097,4.098,3.96,4.024,32823546.5
1625918400000,4.024,4.052,3.951,4.018,27269144.5
1625932800000,4.017,4.064,3.87,3.936,28550688.1
1625947200000,3.936,3.989,3.874,3.965,12304234.8
1625961600000,3.965,4.022,3.851,3.867,17099087.9
1625976000000,3.868,3.9,3.833,3.884,12792461.1
1625990400000,3.883,3.936,3.864,3.923,14400054.1
1626004800000,3.922,4.178,3.892,4.08,51950915.4
1626019200000,4.08,4.12,4.06,4.083,15545997.4
1626033600000,4.083,4.156,4.022,4.078,18631636.9
1626048000000,4.079,4.378,4.04,4.337,62139911.8
1626062400000,4.337,4.349,4.273,4.292,24390519.0
1626076800000,4.291,4.323,4.128,4.18,37531452.8
1626091200000,4.18,4.33,4.172,4.242,40763322.4
1626105600000,4.241,4.312,4.093,4.136,39366018.9
1626120000000,4.135,4.224,4.1,4.188,16573354.5
1626134400000,4.188,4.215,4.104,4.159,20124437.7
1626148800000,4.159,4.171,3.915,4.037,38092653.6
1626163200000,4.038,4.062,3.971,3.997,21603724.5
1626177600000,3.996,4.002,3.851,3.933,32493410.7
1626192000000,3.934,3.954,3.814,3.828,17052039.5
1626206400000,3.828,3.909,3.781,3.889,14859810.2
1626220800000,3.89,3.928,3.606,3.658,35955309.6
1626235200000,3.658,3.696,3.588,3.681,24531226.0
1626249600000,3.681,3.831,3.618,3.76,32100219.5
1626264000000,3.761,3.9,3.732,3.829,26160786.1
1626278400000,3.83,3.862,3.766,3.794,15662144.7
1626292800000,3.794,3.844,3.776,3.797,9455053.8
1626307200000,3.797,3.917,3.733,3.775,19917447.3
1626321600000,3.776,3.788,3.688,3.717,16342024.8
1626336000000,3.717,3.76,3.626,3.665,23075595.5
1626350400000,3.664,3.708,3.636,3.666,17774430.6
1626364800000,3.666,3.678,3.55,3.646,18032173.7
1626379200000,3.647,3.709,3.625,3.671,9249810.5
1626393600000,3.671,3.767,3.631,3.739,15294111.2
1626408000000,3.74,3.768,3.633,3.658,12204718.2
1626422400000,3.658,3.662,3.53,3.532,22394928.9
1626436800000,3.532,3.74,3.528,3.72,25320892.2
1626451200000,3.72,3.836,3.669,3.758,27512932.7
1626465600000,3.759,3.779,3.632,3.652,15335355.1
1626480000000,3.652,3.78,3.58,3.624,26754539.0
1626494400000,3.624,3.705,3.593,3.655,15252803.1
1626508800000,3.655,3.744,3.614,3.642,26732513.6
1626523200000,3.642,3.688,3.594,3.645,18283900.4
1626537600000,3.646,3.73,3.611,3.711,19728060.4
1626552000000,3.71,3.724,3.645,3.655,8879951.9
1626566400000,3.656,3.775,3.645,3.737,15671172.2
1626580800000,3.737,3.739,3.671,3.689,9112660.0
1626595200000,3.688,3.718,3.664,3.705,9572419.9
1626609600000,3.704,3.717,3.55,3.604,17345000.6
1626624000000,3.604,3.663,3.583,3.648,9446180.2
1626638400000,3.647,3.684,3.601,3.635,9493202.1
1626652800000,3.636,3.654,3.563,3.617,11835523.9
1626667200000,3.617,3.683,3.612,3.636,9828135.2
1626681600000,3.636,3.653,3.582,3.584,11697642.7
1626696000000,3.583,3.596,3.397,3.437,32714696.7
1626710400000,3.437,3.467,3.425,3.455,10249217.1
1626724800000,3.456,3.473,3.426,3.435,8267650.7
1626739200000,3.435,3.544,3.148,3.201,45619063.9
1626753600000,3.201,3.247,3.178,3.24,17812239.9
1626768000000,3.24,3.247,3.159,3.23,20511032.4
1626782400000,3.231,3.312,3.193,3.288,22229824.5
1626796800000,3.289,3.31,3.249,3.28,10347985.5
1626811200000,3.281,3.317,3.247,3.257,10181420.7
1626825600000,3.257,3.296,3.207,3.292,16249014.1
1626840000000,3.293,3.411,3.287,3.388,19033057.4
1626854400000,3.388,3.452,3.362,3.435,14410478.1
1626868800000,3.436,3.514,3.412,3.496,17359735.3
1626883200000,3.496,3.57,3.431,3.442,30645323.7
1626897600000,3.442,3.502,3.437,3.502,11527495.3
1626912000000,3.502,3.546,3.439,3.456,14963595.5
1626926400000,3.457,3.56,3.455,3.522,15476774.9
1626940800000,3.522,3.543,3.444,3.484,14673298.7
1626955200000,3.484,3.561,3.417,3.554,15362298.6
1626969600000,3.554,3.58,3.522,3.567,9390119.4
1626984000000,3.567,3.575,3.515,3.563,7536308.6
1626998400000,3.562,3.664,3.535,3.605,14212581.7
1627012800000,3.604,3.626,3.551,3.576,9356612.6
1627027200000,3.576,3.578,3.5,3.514,10904729.0
1627041600000,3.513,3.561,3.501,3.51,10169717.0
1627056000000,3.511,3.517,3.451,3.482,10087241.2
1627070400000,3.481,3.639,3.472,3.634,11432909.2
1627084800000,3.634,3.677,3.614,3.668,13706752.8
1627099200000,3.668,3.688,3.656,3.678,7421128.6
1627113600000,3.678,3.686,3.624,3.65,10395756.1
1627128000000,3.65,3.693,3.63,3.663,8374202.3
1627142400000,3.662,3.739,3.625,3.642,17664403.0
1627156800000,3.641,3.669,3.614,3.664,8186927.2
1627171200000,3.664,3.692,3.573,3.617,12974604.7
1627185600000,3.617,3.685,3.613,3.674,10505637.3
1627200000000,3.674,3.696,3.593,3.612,11419255.1
1627214400000,3.612,3.615,3.545,3.578,12157438.0
1627228800000,3.579,3.627,3.558,3.609,8373337.7
1627243200000,3.608,3.657,3.591,3.656,6547122.5
1627257600000,3.656,3.92,3.635,3.891,36271847.7
1627272000000,3.891,3.96,3.821,3.855,25009140.2
1627286400000,3.856,3.914,3.812,3.889,16694634.1
1627300800000,3.89,3.927,3.817,3.896,15894345.9
1627315200000,3.896,4.0,3.868,3.883,17759606.9
1627329600000,3.882,3.89,3.627,3.678,32857819.2
1627344000000,3.678,3.748,3.601,3.641,20798447.4
1627358400000,3.641,3.683,3.63,3.675,12299927.2
1627372800000,3.675,3.755,3.653,3.755,15147675.0
1627387200000,3.754,3.79,3.682,3.739,19323008.4
1627401600000,3.739,3.751,3.65,3.683,12518148.1
1627416000000,3.683,3.759,3.683,3.754,10677385.8
1627430400000,3.754,3.823,3.703,3.765,14667285.7
1627444800000,3.765,4.018,3.68,3.958,30716610.9
1627459200000,3.957,4.011,3.852,3.909,27183415.6
1627473600000,3.909,3.953,3.817,3.919,22139063.8
1627488000000,3.92,4.01,3.844,3.934,25758802.0
1627502400000,3.934,3.936,3.857,3.921,8804577.5
1627516800000,3.92,3.921,3.801,3.827,11740977.9
1627531200000,3.827,3.905,3.812,3.874,8198610.2
1627545600000,3.874,3.907,3.815,3.832,12151919.8
1627560000000,3.832,3.899,3.811,3.877,11208432.1
1627574400000,3.879,3.929,3.843,3.87,10014179.7
1627588800000,3.869,3.988,3.862,3.966,10015533.0
1627603200000,3.967,4.002,3.94,3.977,10494756.3
1627617600000,3.978,3.991,3.921,3.954,9541669.5
1627632000000,3.953,3.958,3.777,3.811,18112932.9
1627646400000,3.81,3.866,3.8,3.849,9427231.4
1627660800000,3.848,3.89,3.834,3.884,7413600.1
1627675200000,3.883,4.078,3.879,4.066,23911431.0
1627689600000,4.066,4.2,4.022,4.102,22521592.7
1627704000000,4.102,4.118,4.0,4.03,11215330.4
1627718400000,4.03,4.108,4.006,4.041,15582973.2
1627732800000,4.041,4.097,4.022,4.071,16273682.6
1627747200000,4.07,4.101,4.016,4.037,11026020.4
1627761600000,4.037,4.121,4.027,4.069,9904146.5
1627776000000,4.07,4.229,4.035,4.215,21146218.9
1627790400000,4.215,4.233,4.14,4.149,14570454.4
1627804800000,4.149,4.179,4.063,4.104,14736612.0
1627819200000,4.104,4.131,4.066,4.104,15295630.7
1627833600000,4.104,4.155,4.029,4.136,17416989.6
1627848000000,4.136,4.194,3.844,3.938,25399790.5
1627862400000,3.937,3.985,3.889,3.972,18413796.7
1627876800000,3.972,4.16,3.958,4.105,23221385.6
1627891200000,4.105,4.127,4.034,4.118,15544105.5
1627905600000,4.116,4.139,4.019,4.07,15298204.9
1627920000000,4.069,4.109,4.033,4.043,8086998.1
1627934400000,4.043,4.076,4.003,4.028,10545387.7
1627948800000,4.027,4.098,3.938,3.956,15461878.7
1627963200000,3.956,3.979,3.884,3.948,11396347.0
1627977600000,3.949,3.979,3.923,3.931,8079979.4
1627992000000,3.932,4.089,3.865,3.994,19690619.0
1628006400000,3.994,4.05,3.95,4.005,10473243.9
1628020800000,4.006,4.07,3.987,4.025,8346382.9
1628035200000,4.025,4.07,3.984,3.992,10133506.7
1628049600000,3.992,4.022,3.944,3.966,9254646.4
1628064000000,3.967,4.005,3.926,3.997,7217512.3
1628078400000,3.997,4.126,3.995,4.121,17530730.7
1628092800000,4.122,4.153,4.107,4.129,11653455.1
1628107200000,4.128,4.155,4.087,4.117,9775339.3
1628121600000,4.117,4.147,4.044,4.095,10463270.8
1628136000000,4.095,4.157,4.061,4.079,11955813.5
1628150400000,4.079,4.092,3.983,4.016,16865057.0
1628164800000,4.016,4.143,3.941,4.098,25506184.3
1628179200000,4.098,4.199,4.078,4.162,19278387.2
1628193600000,4.163,4.219,4.161,4.192,10430036.4
1628208000000,4.192,4.219,4.135,4.145,13801120.6
1628222400000,4.145,4.202,4.124,4.16,9184399.8
1628236800000,4.16,4.175,4.115,4.122,10011044.4
1628251200000,4.121,4.28,4.103,4.27,18438836.1
1628265600000,4.27,4.356,4.267,4.334,20597903.9
1628280000000,4.334,4.348,4.285,4.324,8973368.9
1628294400000,4.324,4.468,4.282,4.448,20133528.2
1628308800000,4.449,4.532,4.435,4.496,18782205.2
1628323200000,4.495,4.628,4.473,4.602,20383155.6
1628337600000,4.602,4.651,4.467,4.54,30248691.7
1628352000000,4.54,4.578,4.418,4.562,20632770.3
1628366400000,4.561,4.608,4.518,4.594,14310238.1
1628380800000,4.594,4.671,4.434,4.521,22374005.3
1628395200000,4.521,4.611,4.478,4.531,14529249.3
1628409600000,4.532,4.56,4.436,4.456,13439857.9
1628424000000,4.456,4.517,4.335,4.357,19398814.3
1628438400000,4.357,4.392,4.23,4.278,19014939.3
1628452800000,4.277,4.347,4.244,4.298,13424241.0
1628467200000,4.299,4.317,4.162,4.254,16822420.6
1628481600000,4.254,4.362,4.229,4.327,15477950.1
1628496000000,4.326,4.499,4.304,4.474,19965928.1
1628510400000,4.474,4.554,4.409,4.542,23241731.6
1628524800000,4.542,4.568,4.484,4.521,12986772.3
1628539200000,4.522,4.564,4.441,4.537,15910939.1
1628553600000,4.538,4.57,4.452,4.507,13323444.1
1628568000000,4.507,4.533,4.457,4.529,9254427.2
1628582400000,4.53,4.724,4.478,4.652,26800110.7
1628596800000,4.653,4.698,4.483,4.534,28589981.7
1628611200000,4.535,4.545,4.405,4.524,16612051.2
1628625600000,4.523,4.657,4.521,4.601,14408045.0
1628640000000,4.601,4.693,4.591,4.68,14439597.6
1628654400000,4.68,4.777,4.653,4.76,18338770.8
1628668800000,4.76,4.806,4.711,4.719,18792428.7
1628683200000,4.718,4.877,4.687,4.809,25166525.8
1628697600000,4.81,4.974,4.796,4.962,16118135.3
1628712000000,4.962,4.983,4.72,4.756,23842645.1
1628726400000,4.756,5.096,4.748,5.01,28904445.7
1628740800000,5.012,5.05,4.59,4.789,44926140.7
1628755200000,4.79,4.864,4.706,4.725,28644937.9
1628769600000,4.725,4.76,4.54,4.612,25949473.5
1628784000000,4.612,4.667,4.543,4.659,14052348.8
1628798400000,4.659,4.68,4.548,4.662,12223747.2
1628812800000,4.663,4.808,4.607,4.751,17202004.8
1628827200000,4.751,4.903,4.719,4.885,16840809.4
1628841600000,4.885,5.05,4.851,4.916,27542969.4
1628856000000,4.915,5.023,4.837,4.883,24897533.7
1628870400000,4.883,4.989,4.843,4.924,14595877.4
1628884800000,4.924,5.165,4.904,5.161,21077381.8
1628899200000,5.161,5.485,5.14,5.299,52919057.5
1628913600000,5.299,5.435,5.274,5.386,21121254.5
1628928000000,5.387,5.406,5.04,5.226,46842763.8
1628942400000,5.227,5.353,5.128,5.324,29998690.7
1628956800000,5.323,5.4,5.25,5.335,17529629.0
1628971200000,5.335,5.56,5.195,5.49,24963719.4
1628985600000,5.49,5.585,5.353,5.415,27803466.2
1629000000000,5.416,5.441,5.12,5.199,30095930.0
1629014400000,5.198,5.311,5.166,5.275,22288168.3
1629028800000,5.274,5.369,5.151,5.306,25014020.4
1629043200000,5.306,5.399,5.204,5.397,19333481.4
1629057600000,5.397,5.716,5.386,5.702,21271152.8
1629072000000,5.703,5.951,5.685,5.735,40549579.8
1629086400000,5.735,5.863,5.732,5.808,14511079.6
1629100800000,5.809,5.916,5.74,5.872,22286874.6
1629115200000,5.873,5.881,5.55,5.654,34608072.4
1629129600000,5.653,5.798,5.623,5.638,17521338.6
1629144000000,5.636,5.674,5.445,5.519,23831629.9
1629158400000,5.519,5.598,5.201,5.534,35437061.2
1629172800000,5.536,5.585,5.271,5.388,26367469.7
1629187200000,5.389,5.692,5.378,5.588,34769478.8
1629201600000,5.589,5.645,5.317,5.336,33367563.3
1629216000000,5.336,5.433,5.235,5.285,23292260.4
1629230400000,5.284,5.307,5.005,5.066,28856918.1
1629244800000,5.065,5.132,4.727,4.987,40976797.2
1629259200000,4.988,5.086,4.926,4.969,25472304.0
1629273600000,4.968,5.05,4.844,4.876,22637757.1
1629288000000,4.876,5.1,4.853,5.088,22693053.6
1629302400000,5.089,5.178,4.903,4.925,24919733.4
1629316800000,4.924,5.094,4.805,4.981,18389219.8
1629331200000,4.981,5.068,4.856,4.873,20213828.9
1629345600000,4.873,5.049,4.832,4.936,23599794.0
1629360000000,4.936,4.979,4.835,4.841,18150949.8
1629374400000,4.843,5.041,4.813,5.029,17335007.0
1629388800000,5.03,5.173,4.971,5.159,16792526.5
1629403200000,5.16,5.261,5.115,5.256,12855118.4
1629417600000,5.257,5.342,5.19,5.208,18205537.4
1629432000000,5.209,5.311,5.196,5.232,12380257.9
1629446400000,5.232,5.29,5.191,5.222,12588240.2
1629460800000,5.222,5.436,5.215,5.415,20767525.3
1629475200000,5.416,5.461,5.311,5.369,13945199.5
1629489600000,5.367,5.482,5.33,5.459,14393919.4
1629504000000,5.46,5.466,5.331,5.431,14443833.7
1629518400000,5.432,5.656,5.377,5.536,23069952.3
1629532800000,5.537,5.57,5.275,5.389,24515749.0
1629547200000,5.388,5.539,5.38,5.444,17890889.6
1629561600000,5.443,5.489,5.316,5.345,11697891.8
1629576000000,5.346,5.485,5.319,5.362,9609867.2
1629590400000,5.362,5.48,5.335,5.356,10771553.1
1629604800000,5.356,5.541,5.353,5.485,13850519.9
1629619200000,5.485,5.555,5.424,5.53,19308705.7
1629633600000,5.53,5.54,5.204,5.294,24287193.4
1629648000000,5.294,5.324,5.217,5.318,12370484.5
1629662400000,5.317,5.446,5.236,5.419,11540442.8
1629676800000,5.42,5.555,5.363,5.53,16952555.0
1629691200000,5.53,5.709,5.467,5.671,18715888.7
1629705600000,5.671,5.717,5.55,5.608,21447500.1
1629720000000,5.607,5.678,5.475,5.562,24210584.5
1629734400000,5.563,5.618,5.493,5.514,12250977.7
1629748800000,5.514,5.65,5.465,5.601,9793923.5
1629763200000,5.601,5.656,5.428,5.509,15724259.8
1629777600000,5.509,5.7,5.477,5.653,14392907.7
1629792000000,5.653,5.668,5.477,5.545,18644350.9
1629806400000,5.545,5.548,5.202,5.236,31421060.1
1629820800000,5.236,5.271,4.867,5.127,40624791.0
1629835200000,5.126,5.215,5.05,5.062,16414058.4
1629849600000,5.062,5.213,5.057,5.089,16019048.9
1629864000000,5.088,5.204,5.064,5.126,13449665.0
1629878400000,5.125,5.137,4.905,5.037,24352782.3
1629892800000,5.038,5.185,4.921,5.179,27094515.6
1629907200000,5.18,5.21,5.12,5.135,13244600.3
1629921600000,5.135,5.255,5.135,5.212,11575517.5
1629936000000,5.211,5.282,5.005,5.024,20631457.3
1629950400000,5.025,5.06,4.854,4.933,23305461.4
1629964800000,4.932,4.971,4.876,4.902,13363356.6
1629979200000,4.902,4.95,4.733,4.804,25690608.6
1629993600000,4.804,4.839,4.65,4.763,18611947.1
1630008000000,4.764,4.88,4.724,4.743,10768538.2
1630022400000,4.743,4.835,4.621,4.68,20552918.6
1630036800000,4.68,4.841,4.643,4.835,16476841.3
1630051200000,4.833,4.915,4.764,4.865,15070069.3
1630065600000,4.865,5.01,4.789,4.987,24307584.0
1630080000000,4.988,5.025,4.934,4.973,9698491.1
1630094400000,4.972,5.094,4.939,5.091,13362029.4
1630108800000,5.092,5.106,4.988,4.993,13092326.1
1630123200000,4.993,5.039,4.959,4.985,10338490.2
1630137600000,4.986,5.035,4.931,4.947,9452865.1
1630152000000,4.947,5.026,4.921,4.98,11510192.4
1630166400000,4.979,5.009,4.88,4.893,9200022.4
1630180800000,4.893,5.012,4.885,5.011,6396008.4
1630195200000,5.011,5.246,4.986,5.065,28337967.6
1630209600000,5.065,5.1,4.991,5.091,12089668.3
1630224000000,5.091,5.112,5.005,5.016,12831834.0
1630238400000,5.017,5.078,4.972,5.034,12826960.9
1630252800000,5.034,5.091,5.0,5.082,8342563.1
1630267200000,5.082,5.153,5.025,5.061,10728550.3
1630281600000,5.061,5.083,4.916,4.932,13268165.6
1630296000000,4.932,4.961,4.891,4.942,10298725.8
1630310400000,4.942,4.976,4.894,4.915,7528367.1
1630324800000,4.915,4.918,4.8,4.913,14949618.5
1630339200000,4.914,5.043,4.9,5.018,10682491.5
1630353600000,5.018,5.042,4.804,4.822,16843357.1
1630368000000,4.823,4.862,4.755,4.854,14044472.4
1630382400000,4.854,4.977,4.802,4.963,14663154.5
1630396800000,4.962,5.05,4.89,5.035,21883328.8
1630411200000,5.034,5.076,4.944,5.02,22059796.5
1630425600000,5.02,5.108,4.942,5.023,19147074.3
1630440000000,5.022,5.055,4.92,5.04,10551819.6
1630454400000,5.04,5.075,4.908,5.016,14211773.2
1630468800000,5.016,5.073,4.994,5.009,10308330.6
1630483200000,5.007,5.174,5.005,5.125,18265844.5
1630497600000,5.125,5.177,5.075,5.132,14130900.7
1630512000000,5.132,5.281,5.12,5.21,21670737.0
1630526400000,5.21,5.341,5.207,5.317,12503811.2
1630540800000,5.318,5.349,5.241,5.279,12555790.0
1630555200000,5.28,5.342,5.231,5.284,15129828.2
1630569600000,5.283,5.377,5.277,5.358,14419812.5
1630584000000,5.359,5.395,5.17,5.232,21897029.4
1630598400000,5.231,5.307,5.204,5.25,12000116.5
1630612800000,5.251,5.348,5.245,5.262,11159209.6
1630627200000,5.261,5.306,5.135,5.279,14971851.0
1630641600000,5.28,5.338,5.254,5.283,12435991.4
1630656000000,5.283,5.482,5.275,5.47,30284148.2
1630670400000,5.47,5.643,5.412,5.558,34440325.5
1630684800000,5.559,5.75,5.558,5.72,31877537.6
1630699200000,5.72,5.72,5.555,5.677,21815117.3
1630713600000,5.677,5.888,5.629,5.677,28580277.0
1630728000000,5.678,5.689,5.58,5.617,12400230.1
1630742400000,5.618,5.762,5.585,5.619,25319780.5
1630756800000,5.618,5.695,5.581,5.614,16367007.5
1630771200000,5.615,5.899,5.55,5.729,48599886.7
1630785600000,5.729,5.803,5.682,5.698,12354646.9
1630800000000,5.699,5.78,5.595,5.621,17468494.3
1630814400000,5.62,5.675,5.504,5.617,15704075.2
1630828800000,5.617,5.724,5.608,5.687,13763417.0
1630843200000,5.687,6.161,5.667,6.038,61211583.2
1630857600000,6.038,6.281,6.036,6.194,39044176.8
1630872000000,6.194,6.343,6.18,6.301,21817969.0
1630886400000,6.302,6.302,6.084,6.125,22291148.6
1630900800000,6.125,6.376,6.108,6.268,24788726.9
1630915200000,6.268,6.435,6.127,6.168,38910772.8
1630929600000,6.168,6.27,5.896,6.177,44994849.3
1630944000000,6.176,6.224,6.083,6.157,17774176.9
1630958400000,6.156,6.338,6.118,6.224,18029530.5
1630972800000,6.223,6.264,6.068,6.116,21051392.4
1630987200000,6.117,6.204,5.92,6.039,29956806.4
1631001600000,6.039,6.046,5.48,5.724,49729755.1
1631016000000,5.725,5.789,3.93,4.828,113337165.8
1631030400000,4.828,5.054,4.603,4.746,69392686.9
1631044800000,4.747,4.921,4.666,4.886,29280256.4
1631059200000,4.885,4.963,4.737,4.775,21163533.7
1631073600000,4.775,4.875,4.511,4.521,34815374.6
1631088000000,4.522,4.753,4.42,4.68,32468782.7
1631102400000,4.68,4.785,4.607,4.735,29479085.1
1631116800000,4.736,4.81,4.673,4.775,18596426.2
1631131200000,4.775,4.874,4.664,4.745,17167787.3
1631145600000,4.745,4.849,4.66,4.757,21923559.8
1631160000000,4.758,4.88,4.741,4.864,14563048.7
1631174400000,4.864,4.929,4.768,4.825,18338339.5
1631188800000,4.826,4.91,4.654,4.878,29638728.5
1631203200000,4.879,4.953,4.756,4.775,16388381.0
1631217600000,4.774,4.882,4.724,4.819,10899810.6
1631232000000,4.819,5.059,4.795,4.933,20645161.4
1631246400000,4.931,4.954,4.764,4.795,14731084.5
1631260800000,4.794,4.835,4.68,4.803,17011408.7
1631275200000,4.803,4.825,4.455,4.624,33800030.6
1631289600000,4.625,4.666,4.575,4.648,9690543.1
1631304000000,4.648,4.689,4.45,4.566,15317928.7
1631318400000,4.567,4.724,4.548,4.624,12458339.0
1631332800000,4.625,4.733,4.604,4.671,14034425.9
1631347200000,4.671,4.77,4.613,4.741,14024640.4
1631361600000,4.741,4.791,4.71,4.743,10540304.2
1631376000000,4.744,4.786,4.686,4.704,9697518.2
1631390400000,4.703,4.726,4.621,4.677,8971920.8
1631404800000,4.677,4.699,4.575,4.678,9990410.3
1631419200000,4.678,4.699,4.637,4.682,7374026.9
1631433600000,4.681,4.947,4.667,4.941,21473508.0
1631448000000,4.942,4.95,4.858,4.897,12058426.5
1631462400000,4.897,4.927,4.825,4.862,8722803.8
1631476800000,4.861,4.924,4.705,4.883,17063068.1
1631491200000,4.883,4.923,4.626,4.639,14312106.3
1631505600000,4.64,4.698,4.556,4.6,15089396.8
1631520000000,4.6,4.622,4.517,4.607,14551305.3
1631534400000,4.608,4.949,4.482,4.61,46590944.2
1631548800000,4.609,4.732,4.585,4.719,11169990.5
1631563200000,4.719,4.82,4.709,4.742,8986348.1
1631577600000,4.742,4.838,4.704,4.817,10900114.8
1631592000000,4.818,4.875,4.764,4.809,11035717.3
1631606400000,4.809,4.864,4.753,4.78,9642710.4
1631620800000,4.78,4.863,4.711,4.84,18825710.6
1631635200000,4.839,4.857,4.757,4.772,8060137.3
1631649600000,4.772,4.882,4.742,4.866,8253670.4
1631664000000,4.866,4.88,4.795,4.81,8595392.1
1631678400000,4.811,4.874,4.768,4.865,7814386.8
1631692800000,4.865,4.919,4.817,4.883,11559958.0
1631707200000,4.883,5.079,4.836,5.057,20312129.3
1631721600000,5.058,5.134,5.039,5.099,14297646.2
1631736000000,5.099,5.162,5.056,5.109,10173174.4
1631750400000,5.109,5.157,4.931,4.989,15010161.7
1631764800000,4.989,5.189,4.986,5.141,12871016.9
1631779200000,5.14,5.147,5.022,5.053,12549808.6
1631793600000,5.053,5.125,4.94,5.1,19035241.1
1631808000000,5.101,5.123,4.996,5.023,9308977.0
1631822400000,5.023,5.046,4.877,5.021,10425749.3
1631836800000,5.022,5.067,4.951,5.056,9272755.9
1631851200000,5.057,5.31,5.007,5.222,21138845.1
1631865600000,5.221,5.356,5.051,5.096,43463249.2
1631880000000,5.096,5.512,5.008,5.452,60673270.8
1631894400000,5.452,5.528,5.26,5.383,34140921.4
1631908800000,5.383,5.39,5.136,5.255,20457826.9
1631923200000,5.255,5.259,5.105,5.228,15081669.8
1631937600000,5.229,5.316,5.193,5.294,15641650.5
1631952000000,5.295,5.341,5.189,5.212,13586599.9
1631966400000,5.213,5.507,5.198,5.338,37056661.0
1631980800000,5.339,5.482,5.329,5.445,15875453.0
1631995200000,5.443,5.492,5.334,5.472,10913288.8
1632009600000,5.471,5.512,5.278,5.299,14055354.4
1632024000000,5.299,5.327,5.221,5.26,11766139.8
1632038400000,5.26,5.285,5.021,5.056,17018863.5
1632052800000,5.055,5.134,5.002,5.093,15952806.3
1632067200000,5.092,5.118,5.026,5.041,11804002.3
1632081600000,5.039,5.083,4.851,4.909,16434966.1
1632096000000,4.909,4.933,4.55,4.629,33171540.9
1632110400000,4.627,4.675,4.398,4.505,24277386.1
1632124800000,4.505,4.594,4.18,4.319,38673168.8
1632139200000,4.32,4.411,4.065,4.351,44156110.1
1632153600000,4.351,4.391,4.147,4.255,21168763.6
1632168000000,4.253,4.307,4.14,4.201,17311053.4
1632182400000,4.201,4.249,3.829,4.184,38630918.9
1632196800000,4.185,4.264,4.085,4.251,18701177.5
1632211200000,4.252,4.308,4.231,4.267,15407124.7
1632225600000,4.268,4.29,4.117,4.229,22490329.3
1632240000000,4.228,4.24,4.027,4.049,25806581.9
1632254400000,4.049,4.082,3.782,3.885,36385500.4
1632268800000,3.885,4.069,3.804,4.011,21824475.3
1632283200000,4.01,4.121,3.963,4.104,15697796.7
1632297600000,4.103,4.119,4.031,4.043,13372596.6
1632312000000,4.044,4.211,4.043,4.203,16677255.3
1632326400000,4.204,4.307,4.172,4.241,19359905.0
1632340800000,4.239,4.329,4.218,4.3,9546899.2
1632355200000,4.3,4.36,4.226,4.356,13150183.4
1632369600000,4.357,4.375,4.281,4.346,9609016.0
1632384000000,4.346,4.355,4.19,4.216,12928494.6
1632398400000,4.216,4.332,4.2,4.249,12507443.4
1632412800000,4.249,4.379,4.242,4.364,12584595.8
1632427200000,4.365,4.388,4.287,4.37,6910909.5
1632441600000,4.37,4.388,4.241,4.256,8990905.2
1632456000000,4.256,4.321,4.198,4.29,13466329.4
1632470400000,4.289,4.31,3.781,3.99,56706680.9
1632484800000,3.99,4.042,3.86,3.971,26027285.6
1632499200000,3.971,4.028,3.938,4.011,11820116.7
1632513600000,4.011,4.099,4.002,4.025,10421166.1
1632528000000,4.026,4.093,3.977,4.062,11346556.2
1632542400000,4.063,4.097,3.98,3.988,8887636.7
1632556800000,3.989,4.085,3.901,4.003,17992889.9
1632571200000,4.003,4.054,3.946,4.013,15068799.1
1632585600000,4.013,4.034,3.965,4.019,11233277.1
1632600000000,4.02,4.044,3.934,4.009,10014916.2
1632614400000,4.008,4.019,3.86,3.929,12924190.1
1632628800000,3.928,3.945,3.67,3.728,22842271.0
1632643200000,3.727,3.956,3.67,3.9,31554220.9
1632657600000,3.9,4.154,3.894,4.038,22034957.2
1632672000000,4.038,4.078,3.99,4.038,10530434.2
1632686400000,4.038,4.105,3.915,3.969,14881353.8
1632700800000,3.968,4.11,3.925,4.04,11953347.1
1632715200000,4.04,4.052,3.95,3.979,10193094.2
1632729600000,3.979,4.028,3.93,4.005,13221816.2
1632744000000,4.005,4.037,3.907,3.951,16935787.8
1632758400000,3.951,3.959,3.871,3.907,9590781.7
1632772800000,3.907,3.95,3.818,3.824,11009474.3
1632787200000,3.825,3.879,3.791,3.87,9406358.3
1632801600000,3.87,3.897,3.765,3.786,10122115.1
1632816000000,3.787,3.884,3.766,3.87,14719683.4
1632830400000,3.871,3.899,3.733,3.746,17905480.1
1632844800000,3.747,3.784,3.681,3.731,11589723.1
1632859200000,3.731,3.777,3.652,3.678,8430680.4
1632873600000,3.678,3.788,3.632,3.784,13605882.7
1632888000000,3.784,3.831,3.768,3.827,8109619.0
1632902400000,3.827,3.857,3.781,3.837,9787441.9
1632916800000,3.837,3.869,3.761,3.775,15111994.1
1632931200000,3.775,3.789,3.694,3.703,10280446.9
1632945600000,3.703,3.747,3.656,3.741,8337872.0
1632960000000,3.741,3.901,3.717,3.895,14386685.4
1632974400000,3.896,3.928,3.863,3.874,9080910.0
1632988800000,3.874,3.893,3.814,3.847,8612453.6
1633003200000,3.848,3.946,3.838,3.887,12217933.8
1633017600000,3.886,3.943,3.857,3.891,9228338.4
1633032000000,3.892,3.939,3.858,3.936,6618465.0
1633046400000,3.937,4.007,3.904,3.937,13208432.2
1633060800000,3.937,4.023,3.922,4.02,9330245.6
1633075200000,4.02,4.228,4.016,4.214,27333025.7
1633089600000,4.214,4.249,4.141,4.2,17082313.3
1633104000000,4.201,4.273,4.197,4.251,10954025.7
1633118400000,4.251,4.29,4.209,4.275,8635067.9
1633132800000,4.275,4.332,4.203,4.21,11446716.7
1633147200000,4.209,4.248,4.203,4.229,6591784.2
1633161600000,4.229,4.301,4.188,4.284,9222401.2
1633176000000,4.284,4.384,4.267,4.367,14859984.9
1633190400000,4.366,4.463,4.332,4.45,10838056.4
1633204800000,4.451,4.453,4.298,4.322,8627537.7
1633219200000,4.322,4.365,4.22,4.361,11482183.0
1633233600000,4.361,4.392,4.321,4.332,6418856.6
1633248000000,4.332,4.756,4.3,4.729,35038439.7
1633262400000,4.73,4.865,4.657,4.713,35447655.7
1633276800000,4.713,4.802,4.683,4.741,18555577.6
1633291200000,4.741,4.749,4.601,4.642,11631201.1
1633305600000,4.641,4.666,4.451,4.474,14849970.8
1633320000000,4.474,4.561,4.43,4.554,14201634.8
1633334400000,4.553,4.568,4.44,4.481,16306060.3
1633348800000,4.482,4.746,4.33,4.474,39064294.6
1633363200000,4.472,4.6,4.462,4.562,17705049.9
1633377600000,4.561,4.665,4.502,4.593,12557193.3
1633392000000,4.594,4.719,4.556,4.664,15789545.4
1633406400000,4.664,4.79,4.618,4.731,16820311.5
1633420800000,4.731,4.759,4.655,4.663,16154811.7
1633435200000,4.664,4.698,4.545,4.577,15914949.3
1633449600000,4.577,4.666,4.555,4.646,10982802.4
1633464000000,4.646,4.76,4.641,4.733,13617575.7
1633478400000,4.734,4.813,4.633,4.678,13255292.7
1633492800000,4.678,4.685,4.56,4.579,10036623.7
1633507200000,4.579,4.599,4.37,4.435,25000130.7
1633521600000,4.435,4.834,4.42,4.772,39844619.2
1633536000000,4.772,4.929,4.754,4.852,29033845.5
1633550400000,4.853,4.868,4.731,4.753,12692243.4
1633564800000,4.753,4.765,4.551,4.612,21525498.8
1633579200000,4.612,4.798,4.593,4.785,17741830.4
1633593600000,4.786,4.844,4.693,4.771,21872368.2
1633608000000,4.772,4.786,4.624,4.685,21556179.8
1633622400000,4.685,4.724,4.634,4.686,11570656.0
1633636800000,4.686,4.764,4.65,4.725,9537700.2
1633651200000,4.725,4.788,4.638,4.683,12678879.5
1633665600000,4.683,4.78,4.654,4.765,11855769.7
1633680000000,4.766,4.838,4.726,4.736,15414520.8
1633694400000,4.736,4.757,4.666,4.715,15235542.2
1633708800000,4.716,4.752,4.653,4.696,10581610.0
1633723200000,4.695,4.712,4.569,4.651,9152238.4
1633737600000,4.652,4.74,4.612,4.729,9094172.1
1633752000000,4.729,4.772,4.708,4.745,7843892.7
1633766400000,4.744,4.864,4.683,4.818,15697418.4
1633780800000,4.819,4.904,4.8,4.855,12297819.1
1633795200000,4.854,5.072,4.838,4.976,27153454.1
1633809600000,4.975,5.045,4.934,5.006,10865711.2
1633824000000,5.006,5.013,4.825,4.932,16722963.1
1633838400000,4.931,4.974,4.888,4.942,10550884.4
1633852800000,4.941,4.96,4.843,4.879,11335492.3
1633867200000,4.878,4.885,4.783,4.824,11087751.9
1633881600000,4.824,4.836,4.736,4.756,10439327.9
1633896000000,4.756,4.817,4.56,4.576,20463867.4
1633910400000,4.576,4.68,4.475,4.663,19196331.5
1633924800000,4.663,4.745,4.634,4.72,12169290.6
1633939200000,4.721,4.76,4.554,4.619,16160587.3
1633953600000,4.618,4.72,4.59,4.656,13801079.2
1633968000000,4.657,4.659,4.509,4.519,11790557.9
1633982400000,4.518,4.559,4.425,4.549,13340933.9
1633996800000,4.549,4.551,4.345,4.407,16929860.0
1634011200000,4.407,4.458,4.336,4.423,14888632.9
1634025600000,4.423,4.467,4.257,4.362,18731980.7
1634040000000,4.362,4.477,4.298,4.454,22907152.4
1634054400000,4.453,4.512,4.411,4.423,16207640.8
1634068800000,4.424,4.53,4.361,4.493,15190919.0
1634083200000,4.493,4.584,4.457,4.542,12371246.5
1634097600000,4.541,4.565,4.37,4.385,19035725.2
1634112000000,4.385,4.489,4.383,4.485,12089963.7
1634126400000,4.485,4.545,4.421,4.521,14305603.0
1634140800000,4.521,4.582,4.505,4.552,15360041.4
1634155200000,4.552,4.613,4.543,4.607,9707845.5
1634169600000,4.607,4.639,4.561,4.6,11183827.5
1634184000000,4.6,4.627,4.571,4.6,7952144.4
1634198400000,4.6,4.674,4.587,4.646,11887259.1
1634212800000,4.646,4.661,4.551,4.622,13423546.0
1634227200000,4.623,4.739,4.577,4.67,17673181.4
1634241600000,4.67,4.675,4.594,4.628,7150216.4
1634256000000,4.627,4.687,4.511,4.65,18137794.6
1634270400000,4.651,4.725,4.629,4.649,16035392.9
1634284800000,4.65,4.654,4.443,4.505,19642538.8
1634299200000,4.504,4.6,4.487,4.544,19790091.2
1634313600000,4.545,4.707,4.529,4.703,18703951.7
1634328000000,4.703,4.743,4.638,4.648,15915585.8
1634342400000,4.649,4.689,4.609,4.625,8350943.8
1634356800000,4.624,4.657,4.579,4.602,9171835.9
1634371200000,4.602,4.703,4.592,4.696,11192776.3
1634385600000,4.695,4.723,4.554,4.63,15933391.9
1634400000000,4.63,4.652,4.579,4.583,9012538.3
1634414400000,4.584,4.598,4.527,4.573,7363072.7
1634428800000,4.574,4.594,4.492,4.577,9411728.8
1634443200000,4.576,4.606,4.541,4.542,5727817.1
1634457600000,4.542,4.592,4.533,4.537,6969697.6
1634472000000,4.536,4.556,4.45,4.478,9764049.3
1634486400000,4.477,4.515,4.458,4.474,6067768.2
1634500800000,4.473,4.473,4.204,4.413,22284878.1
1634515200000,4.412,4.466,4.4,4.441,9958190.5
1634529600000,4.441,4.5,4.419,4.449,6840009.9
1634544000000,4.448,4.57,4.431,4.486,21523032.3
1634558400000,4.485,4.542,4.407,4.483,16085586.6
1634572800000,4.483,4.499,4.359,4.401,10223143.9
1634587200000,4.401,4.436,4.387,4.423,5792189.6
1634601600000,4.422,4.521,4.4,4.511,9633789.5
1634616000000,4.51,4.521,4.457,4.482,7584316.0
1634630400000,4.483,4.505,4.453,4.475,6670227.3
1634644800000,4.476,4.517,4.365,4.414,13500589.9
1634659200000,4.415,4.464,4.399,4.402,8022013.5
1634673600000,4.401,4.475,4.386,4.462,6569309.8
1634688000000,4.462,4.51,4.45,4.476,7449885.3
1634702400000,4.476,4.49,4.451,4.481,4841217.4
1634716800000,4.481,4.536,4.477,4.512,7303675.6
1634731200000,4.513,4.673,4.511,4.662,19764456.6
1634745600000,4.663,4.821,4.649,4.798,21314694.3
1634760000000,4.797,4.898,4.733,4.834,14578925.8
1634774400000,4.834,4.932,4.756,4.849,20077304.3
1634788800000,4.849,4.856,4.748,4.807,10570342.7
1634803200000,4.808,4.959,4.757,4.79,20461203.7
1634817600000,4.791,4.886,4.599,4.701,27106447.8
1634832000000,4.701,4.743,4.653,4.709,11313267.8
1634846400000,4.708,4.756,4.65,4.672,8238588.9
1634860800000,4.672,4.784,4.664,4.782,7880786.2
1634875200000,4.782,4.784,4.703,4.762,7484400.8
1634889600000,4.762,4.794,4.719,4.777,8013360.3
1634904000000,4.777,4.786,4.603,4.631,15820353.0
1634918400000,4.631,4.662,4.562,4.639,11131029.0
1634932800000,4.639,4.645,4.555,4.618,6088837.3
1634947200000,4.619,4.675,4.588,4.657,6279658.3
1634961600000,4.657,4.701,4.637,4.687,6542741.7
1634976000000,4.686,4.714,4.586,4.712,9106707.4
1634990400000,4.712,4.76,4.683,4.76,9661455.2
1635004800000,4.76,4.774,4.697,4.709,7879554.6
1635019200000,4.709,4.757,4.697,4.752,5086595.2
1635033600000,4.752,4.905,4.727,4.822,13627895.8
1635048000000,4.822,4.925,4.817,4.912,17639099.7
1635062400000,4.912,5.094,4.854,4.951,34603405.7
1635076800000,4.95,4.975,4.74,4.745,31458053.7
1635091200000,4.746,4.805,4.66,4.736,16738286.9
1635105600000,4.736,4.781,4.715,4.748,9830451.2
1635120000000,4.749,4.814,4.717,4.799,10538209.4
1635134400000,4.798,4.853,4.787,4.821,9236703.6
1635148800000,4.821,4.841,4.778,4.799,10038570.4
1635163200000,4.799,4.854,4.77,4.844,9856466.6
1635177600000,4.844,4.853,4.784,4.794,7262173.6
1635192000000,4.794,4.826,4.776,4.823,5353224.8
1635206400000,4.824,4.906,4.8,4.885,9497922.0
1635220800000,4.885,4.94,4.857,4.904,8175823.4
1635235200000,4.904,4.937,4.854,4.87,8206966.2
1635249600000,4.87,4.88,4.745,4.81,13155419.2
1635264000000,4.81,4.815,4.766,4.792,8360091.7
1635278400000,4.793,4.858,4.655,4.72,15428948.1
1635292800000,4.719,4.762,4.683,4.741,8694666.3
1635307200000,4.741,4.779,4.52,4.525,17761813.6
1635321600000,4.524,4.526,3.75,4.223,64966653.5
1635336000000,4.222,4.308,4.176,4.223,24311476.4
1635350400000,4.224,4.266,4.107,4.205,15991302.8
1635364800000,4.204,4.244,4.137,4.149,11336034.0
1635379200000,4.149,4.251,4.131,4.224,11582516.1
1635393600000,4.224,4.4,4.187,4.332,23368103.7
1635408000000,4.331,4.453,4.329,4.391,17084624.9
1635422400000,4.391,4.489,4.372,4.393,11279374.7
1635436800000,4.392,4.443,4.31,4.435,16175774.0
1635451200000,4.436,4.496,4.373,4.402,9390877.5
1635465600000,4.401,4.507,4.379,4.48,9475105.6
1635480000000,4.48,4.492,4.389,4.397,8421508.3
1635494400000,4.397,4.446,4.375,4.415,8293267.2
1635508800000,4.414,4.525,4.397,4.503,10865307.5
1635523200000,4.501,4.529,4.472,4.513,7568371.0
1635537600000,4.514,4.545,4.486,4.503,5019923.3
1635552000000,4.502,4.524,4.435,4.458,7129665.4
1635566400000,4.458,4.494,4.445,4.48,5330715.6
1635580800000,4.479,4.495,4.425,4.483,6260199.0
1635595200000,4.483,4.484,4.351,4.439,11696852.5
1635609600000,4.438,4.494,4.416,4.494,5777032.4
1635624000000,4.494,4.495,4.38,4.485,9207710.2
1635638400000,4.483,4.774,4.468,4.65,26217893.1
1635652800000,4.651,4.665,4.585,4.632,10550960.1
1635667200000,4.633,4.633,4.481,4.502,14777501.7
1635681600000,4.502,4.573,4.439,4.528,15445943.8
1635696000000,4.526,4.605,4.5,4.586,8362907.8
1635710400000,4.587,4.657,4.567,4.638,5658763.0
1635724800000,4.638,4.72,4.485,4.498,16072320.3
1635739200000,4.498,4.634,4.459,4.625,11078809.4
1635753600000,4.625,4.666,4.583,4.592,8452469.5
1635768000000,4.593,4.719,4.55,4.598,13676787.5
1635782400000,4.597,4.641,4.534,4.636,10718793.2
1635796800000,4.637,4.678,4.588,4.641,7574837.3
1635811200000,4.641,4.663,4.58,4.657,6191024.7
1635825600000,4.658,4.689,4.64,4.653,5451349.3
1635840000000,4.654,4.758,4.632,4.696,10891934.4
1635854400000,4.697,4.755,4.684,4.751,8615318.5
1635868800000,4.751,4.799,4.71,4.738,9609885.4
1635883200000,4.739,4.75,4.671,4.705,6579328.1
1635897600000,4.705,4.727,4.657,4.68,5790962.6
1635912000000,4.679,4.878,4.673,4.816,20681169.9
1635926400000,4.817,4.877,4.713,4.733,10183091.4
1635940800000,4.733,4.741,4.511,4.629,33473506.9
1635955200000,4.629,4.717,4.573,4.67,15849344.5
1635969600000,4.671,4.747,4.667,4.711,7275371.2
1635984000000,4.711,4.764,4.645,4.675,9981022.0
1635998400000,4.675,4.7,4.564,4.571,9528908.3
1636012800000,4.571,4.63,4.546,4.579,8602753.7
1636027200000,4.578,4.632,4.443,4.476,14539430.4
1636041600000,4.476,4.521,4.436,4.519,9837356.8
1636056000000,4.519,4.553,4.5,4.546,4785407.1
1636070400000,4.546,4.564,4.46,4.558,7003817.3
1636084800000,4.558,4.588,4.539,4.548,4137069.8
1636099200000,4.547,4.599,4.488,4.509,10959465.2
1636113600000,4.509,4.603,4.474,4.487,10602238.0
1636128000000,4.487,4.546,4.483,4.505,5850589.9
1636142400000,4.504,4.529,4.465,4.508,5070160.1
1636156800000,4.508,4.55,4.485,4.535,4487021.4
1636171200000,4.535,4.553,4.46,4.498,5011950.9
1636185600000,4.497,4.534,4.219,4.359,19790227.9
1636200000000,4.358,4.421,4.287,4.409,11475448.5
1636214400000,4.41,4.442,4.381,4.441,7138080.4
1636228800000,4.441,4.455,4.431,4.45,2836071.2
1636243200000,4.45,4.495,4.42,4.484,5630507.5
1636257600000,4.484,4.498,4.447,4.452,3336413.5
1636272000000,4.452,4.488,4.426,4.461,5388353.8
1636286400000,4.462,4.51,4.457,4.488,7109262.3
1636300800000,4.488,4.543,4.487,4.526,6494961.3
1636315200000,4.526,4.606,4.513,4.605,6371755.7
1636329600000,4.605,4.71,4.585,4.637,14685307.5
1636344000000,4.637,4.67,4.611,4.635,7661792.8
1636358400000,4.636,4.7,4.604,4.685,9377411.9
1636372800000,4.685,4.758,4.624,4.739,13435418.1
1636387200000,4.74,4.812,4.708,4.784,11904726.5
1636401600000,4.784,4.898,4.763,4.866,14494456.3
1636416000000,4.866,5.173,4.84,5.15,40272218.1
1636430400000,5.149,5.194,5.039,5.083,25872330.0
1636444800000,5.082,5.233,4.923,5.063,30272329.5
1636459200000,5.062,5.273,4.987,5.135,41529256.3
1636473600000,5.136,5.39,5.102,5.166,39213415.5
1636488000000,5.166,5.249,5.111,5.215,13976290.0
1636502400000,5.214,5.298,5.024,5.05,22840666.5
1636516800000,5.05,5.17,5.011,5.123,13462371.3
1636531200000,5.124,5.358,5.113,5.322,20318910.6
1636545600000,5.322,5.363,5.181,5.315,25895513.5
1636560000000,5.316,5.4,5.125,5.15,18764120.4
1636574400000,5.149,5.163,4.504,4.842,54639834.9
1636588800000,4.841,4.906,4.795,4.891,12150768.4
1636603200000,4.89,5.013,4.856,4.99,10297474.2
1636617600000,4.991,5.03,4.916,4.983,12023524.5
1636632000000,4.983,4.995,4.871,4.925,12846084.0
1636646400000,4.925,4.977,4.88,4.953,6526426.9
1636660800000,4.954,5.0,4.917,4.924,5406883.3
1636675200000,4.923,5.108,4.892,5.082,18799055.4
1636689600000,5.081,5.1,4.975,5.018,12422238.1
1636704000000,5.018,5.085,4.789,4.84,25757511.7
1636718400000,4.84,4.918,4.751,4.793,18530459.0
1636732800000,4.793,4.84,4.666,4.816,19332634.0
1636747200000,4.817,4.881,4.815,4.849,4939710.6
1636761600000,4.85,4.894,4.799,4.813,5278075.4
1636776000000,4.814,4.901,4.797,4.892,5485782.6
1636790400000,4.893,4.912,4.835,4.873,6483074.1
1636804800000,4.873,5.058,4.838,5.053,14238250.6
1636819200000,5.054,5.073,4.99,5.018,10006061.3
1636833600000,5.018,5.067,5.003,5.011,5685795.1
1636848000000,5.011,5.093,4.993,5.004,6597895.1
1636862400000,5.004,5.042,4.956,4.965,5054530.2
1636876800000,4.966,4.974,4.901,4.95,7933526.4
1636891200000,4.949,4.981,4.873,4.885,8463518.0
1636905600000,4.884,4.904,4.832,4.867,8900174.9
1636920000000,4.868,4.969,4.86,4.955,6495477.4
1636934400000,4.956,5.022,4.943,4.963,9029472.9
1636948800000,4.964,4.999,4.957,4.975,4222430.8
1636963200000,4.976,5.057,4.931,5.004,8410737.2
1636977600000,5.005,5.1,4.907,4.92,16343708.7
1636992000000,4.921,4.941,4.851,4.901,8367926.4
1637006400000,4.901,4.901,4.761,4.81,8923278.2
1637020800000,4.81,4.813,4.395,4.512,34033802.6
1637035200000,4.512,4.559,4.45,4.515,12857751.2
1637049600000,4.514,4.563,4.046,4.38,35869145.3
1637064000000,4.38,4.46,4.314,4.387,14714399.2
1637078400000,4.386,4.423,4.331,4.376,8447196.5
1637092800000,4.375,4.41,4.244,4.326,9776632.2
1637107200000,4.327,4.384,4.17,4.235,17178525.0
1637121600000,4.236,4.354,4.196,4.304,14290150.2
1637136000000,4.303,4.413,4.226,4.406,14902091.6
1637150400000,4.406,4.412,4.277,4.312,8786640.2
1637164800000,4.312,4.378,4.285,4.319,7644611.1
1637179200000,4.319,4.383,4.284,4.368,5401239.2
1637193600000,4.368,4.444,4.338,4.338,10080224.4
1637208000000,4.337,4.369,4.209,4.238,12195908.0
1637222400000,4.239,4.264,4.132,4.195,12882756.9
1637236800000,4.196,4.245,4.02,4.088,22361417.8
1637251200000,4.089,4.149,3.93,4.131,24943789.0
1637265600000,4.132,4.172,4.042,4.087,13854228.7
1637280000000,4.087,4.177,4.047,4.098,15798533.5
1637294400000,4.098,4.225,4.091,4.181,10059862.6
1637308800000,4.18,4.276,4.18,4.238,13584686.3
1637323200000,4.238,4.319,4.224,4.278,11769639.8
1637337600000,4.278,4.311,4.244,4.274,7702587.5
1637352000000,4.274,4.298,4.235,4.287,4615962.9
1637366400000,4.288,4.336,4.276,4.282,8340443.8
1637380800000,4.283,4.331,4.269,4.299,5212605.4
1637395200000,4.3,4.352,4.288,4.336,5615617.5
1637409600000,4.336,4.352,4.193,4.202,9920728.7
1637424000000,4.202,4.333,4.17,4.304,12309657.3
1637438400000,4.305,4.346,4.296,4.342,4745006.0
1637452800000,4.343,4.346,4.236,4.251,7056289.3
1637467200000,4.252,4.29,4.238,4.274,3888675.5
1637481600000,4.274,4.306,4.237,4.254,6257452.6
1637496000000,4.254,4.327,4.244,4.324,5536555.1
1637510400000,4.324,4.385,4.303,4.308,8415525.6
1637524800000,4.308,4.349,4.23,4.244,7703577.4
1637539200000,4.246,4.249,4.107,4.146,15989161.0
1637553600000,4.146,4.182,4.095,4.157,8373169.6
1637568000000,4.157,4.203,4.146,4.166,5903103.9
1637582400000,4.167,4.289,4.122,4.238,16561949.3
1637596800000,4.238,4.251,4.053,4.074,12807038.3
1637611200000,4.073,4.18,4.058,4.135,8961011.4
1637625600000,4.136,4.207,4.104,4.195,7676714.4
1637640000000,4.195,4.21,4.116,4.126,6293444.3
1637654400000,4.125,4.216,4.054,4.117,16896871.3
1637668800000,4.117,4.232,4.094,4.156,10603966.9
1637683200000,4.156,4.229,4.153,4.219,7918909.2
1637697600000,4.219,4.255,4.203,4.235,4642298.8
1637712000000,4.235,4.264,4.117,4.141,7810263.0
1637726400000,4.141,4.192,4.124,4.183,6085994.3
1637740800000,4.182,4.226,4.134,4.164,7190441.6
1637755200000,4.165,4.182,4.001,4.123,17314671.0
1637769600000,4.123,4.128,4.03,4.045,9059711.9
1637784000000,4.045,4.136,4.028,4.123,5673818.5
1637798400000,4.122,4.191,4.097,4.181,8449523.7
1637812800000,4.181,4.187,4.126,4.164,5551717.5
1637827200000,4.165,4.26,4.116,4.236,11664734.5
1637841600000,4.236,4.314,4.233,4.284,10438814.7
1637856000000,4.284,4.318,4.241,4.272,6885410.6
1637870400000,4.273,4.278,4.219,4.256,3711239.7
1637884800000,4.256,4.272,4.159,4.166,10476936.8
1637899200000,4.165,4.185,4.053,4.097,10766158.7
1637913600000,4.098,4.098,3.733,3.8,58611046.9
1637928000000,3.8,3.936,3.769,3.888,18804832.7
1637942400000,3.889,3.931,3.858,3.902,8815863.3
1637956800000,3.902,3.938,3.829,3.852,7411741.3
1637971200000,3.852,3.927,3.841,3.897,7693454.8
1637985600000,3.896,3.935,3.867,3.894,6894003.6
1638000000000,3.895,3.977,3.876,3.897,11400465.7
1638014400000,3.898,3.948,3.888,3.93,6925896.8
1638028800000,3.931,3.952,3.895,3.901,5088863.3
1638043200000,3.902,3.926,3.832,3.896,6980319.4
1638057600000,3.896,3.915,3.715,3.79,16945115.8
1638072000000,3.791,3.842,3.763,3.83,7126863.1
1638086400000,3.83,3.874,3.795,3.84,6018096.4
1638100800000,3.84,3.854,3.784,3.816,6368002.5
1638115200000,3.815,3.83,3.656,3.797,17128025.5
1638129600000,3.797,3.97,3.794,3.966,12719158.1
1638144000000,3.966,3.992,3.931,3.945,8993149.6
1638158400000,3.946,3.988,3.94,3.981,4937791.6
1638172800000,3.981,3.985,3.902,3.918,7038894.5
1638187200000,3.918,4.006,3.916,3.947,8312284.7
1638201600000,3.948,4.045,3.933,3.976,11457578.1
1638216000000,3.976,4.035,3.964,4.004,7210104.6
1638230400000,4.004,4.05,3.931,3.971,10302098.0
1638244800000,3.972,4.002,3.876,3.932,10524483.2
1638259200000,3.932,4.015,3.897,4.014,10671401.0
1638273600000,4.013,4.177,4.01,4.059,24272176.9
1638288000000,4.059,4.086,3.986,4.04,16490751.6
1638302400000,4.041,4.054,3.993,4.006,7325395.0
1638316800000,4.006,4.077,3.982,4.066,7881638.7
1638331200000,4.066,4.072,4.009,4.059,6355001.6
1638345600000,4.058,4.083,4.007,4.059,9005878.3
1638360000000,4.059,4.112,4.025,4.099,8762296.1
1638374400000,4.1,4.119,4.001,4.043,10201881.2
1638388800000,4.044,4.046,3.932,3.992,7572076.2
1638403200000,3.991,4.002,3.854,3.895,9634142.8
1638417600000,3.896,3.953,3.893,3.949,4882174.6
1638432000000,3.949,3.975,3.922,3.949,6913896.0
1638446400000,3.949,4.005,3.926,3.967,9361055.9
1638460800000,3.967,3.998,3.906,3.976,8528656.7
1638475200000,3.976,4.01,3.958,3.966,4584166.4
1638489600000,3.966,3.98,3.919,3.948,6494278.7
1638504000000,3.949,4.076,3.942,4.048,8913917.9
1638518400000,4.048,4.172,4.038,4.093,12573284.9
1638532800000,4.094,4.116,3.962,3.99,14973214.0
1638547200000,3.99,3.99,3.816,3.826,20795956.5
1638561600000,3.826,3.835,3.642,3.791,23305296.4
1638576000000,3.791,3.807,3.546,3.567,16977564.4
1638590400000,3.569,3.669,2.366,3.003,177181569.5
1638604800000,3.004,3.068,2.9,2.958,30715869.7
1638619200000,2.958,3.132,2.934,3.098,25125523.5
1638633600000,3.098,3.156,3.022,3.143,16359399.2
1638648000000,3.144,3.173,3.085,3.142,12639343.5
1638662400000,3.143,3.188,3.04,3.128,14017897.0
1638676800000,3.13,3.159,3.091,3.109,9125884.4
1638691200000,3.11,3.123,3.043,3.062,10824875.8
1638705600000,3.063,3.108,2.852,2.933,37607783.5
1638720000000,2.932,3.045,2.922,2.984,27958985.8
1638734400000,2.985,3.047,2.943,3.03,11808812.5
1638748800000,3.031,3.123,2.883,3.075,23632212.4
1638763200000,3.074,3.128,2.906,2.962,18200426.5
1638777600000,2.962,3.05,2.806,2.941,31477049.5
1638792000000,2.94,3.283,2.916,3.201,69034857.5
1638806400000,3.201,3.236,3.155,3.188,19788831.4
1638820800000,3.189,3.295,3.156,3.27,17873037.2
1638835200000,3.27,3.331,3.195,3.222,16307255.8
1638849600000,3.222,3.261,3.204,3.207,9111879.1
1638864000000,3.207,3.3,3.179,3.288,13344982.3
1638878400000,3.289,3.317,3.189,3.302,18926884.7
1638892800000,3.301,3.31,3.195,3.226,12745362.6
1638907200000,3.226,3.238,3.169,3.22,9720686.8
1638921600000,3.219,3.25,3.116,3.139,11670516.1
1638936000000,3.14,3.777,3.137,3.712,87506285.6
1638950400000,3.712,3.737,3.508,3.602,84008362.5
1638964800000,3.602,3.888,3.545,3.753,94474680.1
1638979200000,3.752,3.847,3.689,3.779,37187476.4
1638993600000,3.779,3.79,3.606,3.649,23969993.6
1639008000000,3.648,3.713,3.443,3.482,36446389.6
1639022400000,3.481,3.523,3.404,3.474,24948603.2
1639036800000,3.475,3.514,3.41,3.455,34767008.6
1639051200000,3.456,3.483,3.315,3.355,31677326.4
1639065600000,3.355,3.386,3.23,3.264,27197791.3
1639080000000,3.266,3.314,3.206,3.218,14519460.9
1639094400000,3.219,3.303,3.21,3.253,13847117.2
1639108800000,3.254,3.3,3.143,3.186,24737911.7
1639123200000,3.185,3.263,3.171,3.263,16966149.4
1639137600000,3.262,3.343,3.092,3.118,34017099.8
1639152000000,3.119,3.137,3.046,3.127,19024163.5
1639166400000,3.127,3.163,3.02,3.037,12786248.5
1639180800000,3.036,3.121,2.982,3.096,18646668.3
1639195200000,3.097,3.567,3.09,3.501,116357854.0
1639209600000,3.501,3.532,3.379,3.437,44113621.0
1639224000000,3.437,3.47,3.342,3.388,33107900.3
1639238400000,3.388,3.442,3.355,3.368,18876028.2
1639252800000,3.368,3.449,3.354,3.412,13408316.4
1639267200000,3.411,3.511,3.324,3.47,30920700.9
1639281600000,3.47,3.475,3.377,3.405,17000231.3
1639296000000,3.406,3.41,3.234,3.285,24211691.3
1639310400000,3.285,3.32,3.274,3.29,15164475.7
1639324800000,3.289,3.377,3.281,3.356,13831494.8
1639339200000,3.357,3.395,3.325,3.331,7581839.3
1639353600000,3.33,3.348,3.171,3.221,18038060.4
1639368000000,3.221,3.243,3.14,3.169,16668070.8
1639382400000,3.169,3.229,3.137,3.214,12684511.8
1639396800000,3.214,3.396,3.078,3.11,59481006.4
1639411200000,3.11,3.157,3.005,3.064,28225884.6
1639425600000,3.064,3.156,3.049,3.091,16306772.9
1639440000000,3.092,3.264,3.042,3.219,36105715.4
1639454400000,3.218,3.426,3.187,3.366,75783890.6
1639468800000,3.366,3.388,3.288,3.364,46276050.4
1639483200000,3.364,3.429,3.231,3.268,43284983.0
1639497600000,3.267,3.34,3.207,3.32,24615041.8
1639512000000,3.32,3.383,3.316,3.35,14281932.8
1639526400000,3.351,3.399,3.283,3.384,21056480.9
1639540800000,3.384,3.416,3.327,3.365,16661174.2
1639555200000,3.366,3.496,3.362,3.406,26504187.2
1639569600000,3.405,3.42,3.154,3.158,34159756.8
1639584000000,3.158,3.382,3.133,3.356,38262544.1
1639598400000,3.357,3.432,3.346,3.362,16217867.1
1639612800000,3.362,3.388,3.324,3.351,8496042.2
1639627200000,3.351,3.4,3.254,3.312,27147544.9
1639641600000,3.312,3.384,3.301,3.369,12552521.5
1639656000000,3.369,3.371,3.282,3.326,15217231.5
1639670400000,3.326,3.347,3.227,3.248,14084744.9
1639684800000,3.248,3.284,3.19,3.209,9603335.6
1639699200000,3.209,3.267,3.194,3.232,9711714.4
1639713600000,3.233,3.26,3.15,3.189,11966581.4
1639728000000,3.188,3.222,3.147,3.165,13286213.6
1639742400000,3.166,3.193,3.051,3.153,27355412.1
1639756800000,3.153,3.21,3.134,3.151,12932293.6
1639771200000,3.151,3.192,3.112,3.15,10329374.9
1639785600000,3.151,3.204,3.107,3.183,11702836.2
1639800000000,3.183,3.26,3.167,3.221,10516095.6
1639814400000,3.221,3.264,3.209,3.242,7892253.5
1639828800000,3.242,3.309,3.216,3.265,14914206.9
1639843200000,3.265,3.275,3.206,3.234,6874612.3
1639857600000,3.234,3.253,3.219,3.24,4560103.9
1639872000000,3.24,3.306,3.181,3.282,11604410.6
1639886400000,3.283,3.3,3.244,3.257,8373285.7
1639900800000,3.258,3.264,3.209,3.232,7487816.9
1639915200000,3.232,3.303,3.198,3.236,16544541.4
1639929600000,3.235,3.278,3.173,3.188,10324624.7
1639944000000,3.188,3.235,3.172,3.187,5473516.9
1639958400000,3.187,3.3,3.143,3.283,19672392.8
1639972800000,3.284,3.339,3.214,3.236,21908111.2
1639987200000,3.237,3.257,3.112,3.146,19668231.7
1640001600000,3.146,3.161,3.088,3.104,19783625.8
1640016000000,3.104,3.182,3.089,3.172,10521877.6
1640030400000,3.173,3.231,3.158,3.187,11327547.5
1640044800000,3.187,3.347,3.171,3.319,27972289.0
1640059200000,3.32,3.36,3.278,3.288,17820001.9
1640073600000,3.289,3.322,3.276,3.292,9388979.9
1640088000000,3.291,3.334,3.243,3.265,12387927.1
1640102400000,3.264,3.303,3.259,3.301,5727707.6
1640116800000,3.301,3.348,3.295,3.311,7956914.6
1640131200000,3.311,3.402,3.309,3.375,13233430.4
1640145600000,3.376,3.379,3.316,3.35,8108150.8
1640160000000,3.349,3.378,3.315,3.355,9263841.8
1640174400000,3.355,3.397,3.282,3.391,14623797.8
1640188800000,3.391,3.43,3.333,3.369,14140084.3
1640203200000,3.369,3.394,3.337,3.349,6335736.3
1640217600000,3.348,3.377,3.303,3.356,11795635.5
1640232000000,3.356,3.384,3.316,3.329,8788337.2
1640246400000,3.329,3.372,3.317,3.35,7744763.4
1640260800000,3.349,3.398,3.336,3.386,10289003.9
1640275200000,3.387,3.53,3.363,3.505,21883411.7
1640289600000,3.506,3.51,3.455,3.5,9169836.2
1640304000000,3.501,3.52,3.458,3.473,7834193.6
1640318400000,3.472,3.478,3.433,3.461,6069413.7
1640332800000,3.461,3.489,3.442,3.452,6372812.2
1640347200000,3.452,3.495,3.389,3.445,12553664.5
1640361600000,3.445,3.492,3.416,3.422,11501774.7
1640376000000,3.422,3.451,3.351,3.378,8239518.2
1640390400000,3.378,3.411,3.354,3.381,6153531.8
1640404800000,3.381,3.401,3.367,3.395,4975848.5
1640419200000,3.395,3.425,3.381,3.408,6785644.8
1640433600000,3.408,3.448,3.406,3.427,7379130.9
1640448000000,3.427,3.441,3.377,3.406,9729944.0
1640462400000,3.405,3.438,3.392,3.408,5070451.1
1640476800000,3.407,3.413,3.31,3.322,10202892.7
1640491200000,3.323,3.359,3.314,3.351,7288109.1
1640505600000,3.351,3.382,3.313,3.342,7427670.6
1640520000000,3.343,3.38,3.329,3.366,5733842.6
1640534400000,3.366,3.4,3.362,3.397,5728013.9
1640548800000,3.396,3.415,3.358,3.393,6939602.0
1640563200000,3.394,3.407,3.368,3.401,4830820.0
1640577600000,3.401,3.418,3.384,3.404,6502805.7
1640592000000,3.404,3.477,3.4,3.468,11774770.2
1640606400000,3.467,3.491,3.439,3.461,11878786.8
1640620800000,3.461,3.499,3.448,3.458,8953886.6
1640635200000,3.457,3.472,3.384,3.391,8287556.3
1640649600000,3.391,3.392,3.258,3.291,19286145.2
1640664000000,3.29,3.291,3.201,3.263,13451979.5
1640678400000,3.263,3.293,3.249,3.284,7685039.4
1640692800000,3.284,3.292,3.214,3.241,11221062.8
1640707200000,3.24,3.246,3.101,3.139,17540336.8
1640721600000,3.139,3.166,3.111,3.127,8061263.1
1640736000000,3.128,3.186,3.102,3.179,8579590.9
1640750400000,3.18,3.187,3.142,3.158,6576430.1
1640764800000,3.157,3.218,3.154,3.181,9016207.4
1640779200000,3.181,3.183,3.042,3.139,21644282.9
1640793600000,3.14,3.142,3.063,3.08,10133343.6
1640808000000,3.08,3.114,3.003,3.027,14962986.8
1640822400000,3.027,3.035,2.956,2.997,14066249.3
1640836800000,2.997,3.063,2.995,3.056,8318450.4
1640851200000,3.055,3.097,3.031,3.089,9719883.6
1640865600000,3.089,3.115,3.061,3.069,8443083.4
1640880000000,3.07,3.102,3.065,3.084,6699462.4
1640894400000,3.084,3.094,3.033,3.076,6240470.6
1640908800000,3.075,3.097,3.044,3.082,8424694.5
1640923200000,3.083,3.101,3.045,3.072,7024665.8
1640937600000,3.073,3.15,3.061,3.117,14408819.3
1640952000000,3.118,3.136,3.106,3.124,5227197.7
1640966400000,3.124,3.129,2.972,2.979,11904531.0
1640980800000,2.978,3.051,2.973,3.032,7256331.8
1640995200000,3.033,3.088,3.032,3.073,5607423.6
1641009600000,3.073,3.104,3.05,3.076,5818155.6
1641024000000,3.076,3.085,3.041,3.053,4978530.1
1641038400000,3.054,3.093,3.047,3.076,5881319.6
1641052800000,3.075,3.11,3.071,3.1,5222405.0
1641067200000,3.1,3.16,3.092,3.158,5285162.5
1641081600000,3.157,3.202,3.139,3.178,12118051.3
1641096000000,3.179,3.181,3.134,3.146,7267127.5
1641110400000,3.146,3.2,3.131,3.199,6144134.3
1641124800000,3.199,3.235,3.178,3.225,10188083.5
1641139200000,3.225,3.266,3.193,3.246,12035739.8
1641153600000,3.246,3.276,3.237,3.252,6278064.8
1641168000000,3.251,3.252,3.19,3.205,8107063.5
1641182400000,3.206,3.217,3.18,3.201,5631818.4
1641196800000,3.201,3.227,3.189,3.217,5569250.1
1641211200000,3.217,3.225,3.182,3.189,7157195.5
1641225600000,3.188,3.205,3.147,3.183,9423697.6
1641240000000,3.181,3.203,3.133,3.194,7560073.8
1641254400000,3.195,3.207,3.141,3.17,7314967.4
1641268800000,3.169,3.204,3.149,3.202,5482664.1
1641283200000,3.203,3.249,3.185,3.239,9896802.9
1641297600000,3.239,3.259,3.203,3.237,11439618.3
1641312000000,3.237,3.254,3.142,3.206,12957199.4
1641326400000,3.206,3.221,3.161,3.167,6090487.0
1641340800000,3.166,3.213,3.155,3.208,6441095.6
1641355200000,3.208,3.218,3.193,3.205,4246792.9
1641369600000,3.205,3.234,3.173,3.184,7258226.8
1641384000000,3.185,3.217,3.163,3.207,9915381.5
1641398400000,3.208,3.216,3.043,3.053,17415647.0
1641412800000,3.052,3.063,2.775,2.894,35868454.8
1641427200000,2.895,2.913,2.838,2.841,13436672.1
1641441600000,2.841,2.902,2.828,2.884,11170115.4
1641456000000,2.885,2.886,2.808,2.851,14003047.8
1641470400000,2.851,2.9,2.828,2.876,10830264.5
1641484800000,2.877,2.935,2.868,2.927,7551442.1
1641499200000,2.928,2.936,2.903,2.92,4457673.2
1641513600000,2.92,2.927,2.766,2.778,14663622.6
1641528000000,2.777,2.805,2.698,2.799,20674079.9
1641542400000,2.799,2.896,2.787,2.851,20475566.1
1641556800000,2.851,2.879,2.735,2.801,22061044.8
1641571200000,2.8,2.92,2.775,2.874,15981374.8
1641585600000,2.875,2.887,2.819,2.838,5089969.2
1641600000000,2.839,2.897,2.829,2.87,6775394.4
1641614400000,2.87,2.888,2.852,2.865,5390969.5
1641628800000,2.864,2.887,2.851,2.87,6498970.7
1641643200000,2.869,2.876,2.807,2.823,8830617.0
1641657600000,2.823,2.839,2.663,2.705,21220253.4
1641672000000,2.706,2.797,2.684,2.75,10160902.0
1641686400000,2.749,2.817,2.736,2.795,8458518.7
1641700800000,2.795,2.82,2.792,2.795,4961598.7
1641715200000,2.795,2.809,2.754,2.793,5466118.6
1641729600000,2.794,2.8,2.738,2.766,7650954.6
1641744000000,2.767,2.841,2.765,2.832,7201039.9
1641758400000,2.832,2.839,2.784,2.792,4988667.0
1641772800000,2.792,2.811,2.772,2.796,5007136.1
1641787200000,2.796,2.824,2.794,2.808,4929287.7
1641801600000,2.808,2.817,2.744,2.754,7275620.5
1641816000000,2.754,2.759,2.572,2.655,37477900.0
1641830400000,2.655,2.735,2.619,2.656,25310709.5
1641844800000,2.657,2.708,2.642,2.7,7235335.7
1641859200000,2.7,2.752,2.693,2.741,8072551.0
1641873600000,2.742,2.75,2.713,2.734,5850190.5
1641888000000,2.734,2.758,2.691,2.719,8084757.6
1641902400000,2.719,2.747,2.686,2.726,10039009.3
1641916800000,2.725,2.8,2.724,2.773,13213644.9
1641931200000,2.772,2.779,2.753,2.768,4626298.7
1641945600000,2.767,2.794,2.761,2.78,5948460.7
1641960000000,2.781,2.81,2.764,2.777,5308820.4
1641974400000,2.776,2.851,2.773,2.817,9687571.9
1641988800000,2.817,2.886,2.813,2.875,11721385.4
1642003200000,2.876,2.897,2.858,2.893,6847409.0
1642017600000,2.892,2.911,2.874,2.885,5942590.8
1642032000000,2.885,2.898,2.846,2.866,6165627.0
1642046400000,2.866,2.899,2.863,2.889,4154730.8
1642060800000,2.889,2.904,2.849,2.85,5741362.0
1642075200000,2.849,2.903,2.8,2.823,11738400.2
1642089600000,2.822,2.841,2.786,2.803,7474214.6
1642104000000,2.803,2.821,2.781,2.79,5167484.1
1642118400000,2.79,2.822,2.769,2.814,5697328.9
1642132800000,2.814,2.929,2.811,2.878,14912921.0
1642147200000,2.878,2.884,2.787,2.803,12617812.9
1642161600000,2.803,2.891,2.781,2.869,11716233.8
1642176000000,2.869,2.89,2.851,2.873,6240813.7
1642190400000,2.872,2.897,2.859,2.861,4192913.0
1642204800000,2.86,2.89,2.848,2.864,4744210.2
1642219200000,2.863,2.935,2.847,2.914,9180620.7
1642233600000,2.914,2.916,2.878,2.893,5187262.4
1642248000000,2.893,2.925,2.844,2.918,12583535.8
1642262400000,2.919,2.938,2.903,2.932,6950912.4
1642276800000,2.933,2.954,2.903,2.909,6479630.3
1642291200000,2.908,2.921,2.879,2.899,5251469.7
1642305600000,2.899,2.918,2.886,2.906,3321320.8
1642320000000,2.906,2.918,2.874,2.889,5557492.1
1642334400000,2.889,2.938,2.861,2.923,9394543.8
1642348800000,2.923,2.948,2.903,2.906,5550240.8
1642363200000,2.905,2.923,2.898,2.903,5155921.0
1642377600000,2.904,2.908,2.855,2.858,8059744.0
1642392000000,2.859,2.885,2.845,2.861,7352565.9
1642406400000,2.86,2.877,2.833,2.865,6803010.1
1642420800000,2.865,2.875,2.816,2.826,8401998.8
1642435200000,2.825,2.839,2.798,2.835,9078576.0
1642449600000,2.834,2.837,2.774,2.83,8800042.6
1642464000000,2.83,2.936,2.825,2.887,17981722.3
1642478400000,2.887,2.891,2.838,2.867,11411228.7
1642492800000,2.866,2.867,2.744,2.799,15897739.5
1642507200000,2.799,2.809,2.748,2.775,13300647.7
1642521600000,2.774,2.798,2.751,2.793,8019770.7
1642536000000,2.793,2.854,2.77,2.823,8725431.4
1642550400000,2.824,2.873,2.782,2.793,14230115.9
1642564800000,2.794,2.817,2.701,2.719,12095550.2
1642579200000,2.719,2.771,2.702,2.759,11912864.4
1642593600000,2.76,2.788,2.741,2.764,10709850.4
1642608000000,2.764,2.786,2.743,2.761,6458010.9
1642622400000,2.762,2.773,2.736,2.738,4914557.9
1642636800000,2.736,2.759,2.722,2.757,5884781.2
1642651200000,2.757,2.783,2.753,2.772,4143945.1
1642665600000,2.773,2.777,2.755,2.772,4477561.3
1642680000000,2.771,2.843,2.76,2.833,9841746.6
1642694400000,2.833,2.855,2.786,2.816,8428133.3
1642708800000,2.815,2.824,2.613,2.632,17592876.8
1642723200000,2.632,2.666,2.51,2.537,30508214.2
1642737600000,2.536,2.586,2.535,2.581,8820578.2
1642752000000,2.581,2.59,2.53,2.549,10607597.3
1642766400000,2.548,2.555,2.439,2.541,24856962.6
1642780800000,2.542,2.557,2.495,2.524,12619518.8
1642795200000,2.524,2.567,2.291,2.368,46466995.2
1642809600000,2.367,2.432,2.357,2.384,20300025.4
1642824000000,2.383,2.393,2.159,2.198,41724360.7
1642838400000,2.198,2.254,2.003,2.193,64466389.2
1642852800000,2.193,2.278,2.151,2.157,23506038.1
1642867200000,2.158,2.255,2.135,2.16,32394011.4
1642881600000,2.159,2.263,2.144,2.22,17676316.0
1642896000000,2.22,2.255,2.193,2.218,11530033.6
1642910400000,2.218,2.273,2.207,2.251,10908430.5
1642924800000,2.251,2.289,2.235,2.244,13624763.3
1642939200000,2.245,2.269,2.171,2.211,17575239.2
1642953600000,2.211,2.236,2.157,2.176,11550423.3
1642968000000,2.175,2.29,2.17,2.271,15217962.0
1642982400000,2.271,2.273,2.184,2.201,10914435.2
1642996800000,2.201,2.215,2.162,2.169,9446261.3
1643011200000,2.169,2.204,2.021,2.048,35182325.7
1643025600000,2.048,2.094,1.989,2.083,36253088.6
1643040000000,2.083,2.164,2.036,2.155,24891238.1
1643054400000,2.154,2.226,2.144,2.195,12688214.9
1643068800000,2.196,2.202,2.166,2.197,10903523.2
1643083200000,2.198,2.198,2.159,2.179,8903796.2
1643097600000,2.18,2.227,2.171,2.187,9774920.3
1643112000000,2.187,2.221,2.155,2.188,13080889.2
1643126400000,2.187,2.226,2.179,2.199,10500461.6
1643140800000,2.198,2.235,2.177,2.223,9758513.8
1643155200000,2.223,2.239,2.192,2.237,8679589.2
1643169600000,2.237,2.262,2.21,2.224,9646537.9
1643184000000,2.224,2.282,2.222,2.277,9401682.0
1643198400000,2.276,2.318,2.255,2.293,13341434.3
1643212800000,2.293,2.382,2.255,2.289,27216220.3
1643227200000,2.289,2.289,2.181,2.211,17835764.6
1643241600000,2.211,2.228,2.122,2.139,15997807.6
1643256000000,2.139,2.194,2.134,2.18,8255377.4
1643270400000,2.179,2.209,2.161,2.207,9506361.8
1643284800000,2.206,2.246,2.199,2.222,11296820.3
1643299200000,2.223,2.234,2.178,2.193,11249864.4
1643313600000,2.193,2.225,2.126,2.221,17324556.8
1643328000000,2.222,2.249,2.18,2.239,12443170.4
1643342400000,2.24,2.254,2.21,2.213,8465721.1
1643356800000,2.212,2.24,2.189,2.207,11037851.2
1643371200000,2.206,2.25,2.184,2.245,13086839.8
1643385600000,2.245,2.268,2.228,2.245,12053116.4
1643400000000,2.246,2.32,2.24,2.307,9731140.3
1643414400000,2.307,2.325,2.293,2.312,5668711.8
1643428800000,2.312,2.35,2.296,2.34,6151635.6
1643443200000,2.341,2.346,2.313,2.325,5054162.2
1643457600000,2.324,2.351,2.285,2.306,10255654.8
1643472000000,2.306,2.358,2.293,2.34,6011758.1
1643486400000,2.341,2.381,2.32,2.336,7442024.7
1643500800000,2.335,2.344,2.3,2.322,6119124.0
1643515200000,2.322,2.366,2.32,2.359,5138511.0
1643529600000,2.359,2.367,2.331,2.354,5385460.4
1643544000000,2.354,2.366,2.306,2.326,7263013.8
1643558400000,2.327,2.336,2.27,2.277,7579152.6
1643572800000,2.276,2.347,2.259,2.315,9389921.2
1643587200000,2.315,2.319,2.204,2.239,14952782.1
1643601600000,2.238,2.249,2.213,2.249,5587822.1
1643616000000,2.248,2.282,2.242,2.273,5926475.3
1643630400000,2.272,2.324,2.246,2.315,11724919.9
1643644800000,2.315,2.348,2.306,2.322,12224289.5
1643659200000,2.323,2.342,2.313,2.335,6412117.5
1643673600000,2.335,2.362,2.324,2.356,6814746.1
1643688000000,2.357,2.366,2.325,2.334,4679304.9
1643702400000,2.335,2.371,2.308,2.334,10853076.7
1643716800000,2.334,2.35,2.309,2.335,10495760.4
1643731200000,2.335,2.367,2.319,2.326,8031876.1
1643745600000,2.326,2.368,2.325,2.353,4708240.8
1643760000000,2.353,2.4,2.349,2.366,8248041.2
1643774400000,2.367,2.377,2.355,2.361,5297652.4
1643788800000,2.361,2.438,2.355,2.42,11997950.1
1643803200000,2.42,2.456,2.331,2.337,20535372.4
1643817600000,2.337,2.371,2.311,2.359,10546911.7
1643832000000,2.359,2.36,2.258,2.275,14350820.0
1643846400000,2.275,2.29,2.252,2.262,7980830.3
1643860800000,2.262,2.299,2.261,2.288,9077511.1
1643875200000,2.288,2.295,2.227,2.272,12299798.0
1643889600000,2.272,2.283,2.237,2.279,10205914.4
1643904000000,2.279,2.291,2.246,2.255,7222327.0
1643918400000,2.254,2.311,2.246,2.309,7924974.9
1643932800000,2.309,2.31,2.288,2.298,6010634.9
1643947200000,2.299,2.365,2.292,2.359,10022879.9
1643961600000,2.359,2.394,2.358,2.366,11324037.0
1643976000000,2.367,2.436,2.339,2.401,25350312.3
1643990400000,2.402,2.453,2.4,2.443,12844796.0
1644004800000,2.443,2.486,2.431,2.48,7146953.5
1644019200000,2.48,2.495,2.449,2.489,9340780.8
1644033600000,2.489,2.523,2.474,2.488,9519290.2
1644048000000,2.487,2.522,2.486,2.507,7789527.4
1644062400000,2.507,2.528,2.49,2.52,7697158.5
1644076800000,2.519,2.524,2.441,2.47,9711706.4
1644091200000,2.47,2.494,2.46,2.476,3985363.1
1644105600000,2.475,2.51,2.475,2.486,5557936.6
1644120000000,2.485,2.499,2.459,2.492,5616909.5
1644134400000,2.492,2.522,2.473,2.483,7089163.2
1644148800000,2.483,2.514,2.429,2.466,11390610.1
1644163200000,2.466,2.482,2.456,2.48,3718781.3
1644177600000,2.48,2.549,2.465,2.536,7535635.2
1644192000000,2.536,2.569,2.488,2.563,10549121.3
1644206400000,2.564,2.606,2.549,2.579,9583347.0
1644220800000,2.578,2.624,2.566,2.609,16645268.1
1644235200000,2.609,2.629,2.585,2.618,12709693.6
1644249600000,2.617,2.662,2.601,2.644,12776314.6
1644264000000,2.644,2.719,2.621,2.695,11828786.0
1644278400000,2.694,2.767,2.643,2.708,15973942.3
1644292800000,2.709,2.74,2.651,2.667,11863169.4
1644307200000,2.667,2.674,2.575,2.606,12820441.8
1644321600000,2.606,2.606,2.54,2.562,11947857.9
1644336000000,2.562,2.599,2.548,2.589,10687440.6
1644350400000,2.589,2.648,2.586,2.63,8072576.0
1644364800000,2.629,2.646,2.585,2.601,8073126.9
1644379200000,2.6,2.668,2.598,2.656,7869768.0
1644393600000,2.656,2.663,2.626,2.651,8145704.1
1644408000000,2.651,2.681,2.638,2.663,7867763.9
1644422400000,2.662,2.695,2.649,2.692,7334177.9
1644436800000,2.693,2.698,2.657,2.668,5093212.2
1644451200000,2.669,2.7,2.643,2.658,8954302.9
1644465600000,2.658,2.672,2.643,2.667,6335574.2
1644480000000,2.666,2.729,2.662,2.705,8452131.5
1644494400000,2.705,2.766,2.575,2.674,31279468.4
1644508800000,2.674,2.696,2.588,2.595,12886052.3
1644523200000,2.594,2.605,2.543,2.547,8604897.9
1644537600000,2.547,2.579,2.499,2.54,14943626.5
1644552000000,2.54,2.568,2.529,2.565,8657540.1
1644566400000,2.564,2.576,2.533,2.563,7081052.1
1644580800000,2.563,2.599,2.551,2.578,10025276.8
1644595200000,2.578,2.583,2.473,2.49,11481518.0
1644609600000,2.49,2.496,2.381,2.411,11099604.4
1644624000000,2.411,2.434,2.384,2.409,7525497.8
1644638400000,2.408,2.427,2.327,2.377,9554660.6
1644652800000,2.377,2.396,2.347,2.391,8024767.9
1644667200000,2.391,2.394,2.337,2.375,7990482.2
1644681600000,2.376,2.431,2.363,2.403,7550924.0
1644696000000,2.403,2.421,2.351,2.395,6512283.4
1644710400000,2.395,2.428,2.377,2.386,5282786.1
1644724800000,2.386,2.406,2.376,2.399,2841324.1
1644739200000,2.4,2.419,2.383,2.408,5002568.6
1644753600000,2.408,2.43,2.386,2.405,8104414.7
1644768000000,2.404,2.409,2.346,2.361,7098410.0
1644782400000,2.36,2.404,2.353,2.377,5381079.1
1644796800000,2.378,2.394,2.315,2.342,7763145.1
1644811200000,2.342,2.351,2.306,2.35,5505221.1
1644825600000,2.349,2.358,2.316,2.337,4907248.6
1644840000000,2.338,2.394,2.32,2.37,8404985.7
1644854400000,2.371,2.393,2.315,2.326,7123078.9
1644868800000,2.326,2.38,2.323,2.368,4930663.7
1644883200000,2.369,2.435,2.362,2.415,7931437.5
1644897600000,2.415,2.43,2.409,2.421,3607097.5
1644912000000,2.421,2.478,2.417,2.452,7227523.4
1644926400000,2.452,2.475,2.452,2.463,5394838.8
1644940800000,2.462,2.496,2.457,2.463,5095210.4
1644955200000,2.462,2.537,2.461,2.529,7285380.8
1644969600000,2.529,2.531,2.483,2.498,6021242.3
1644984000000,2.498,2.502,2.457,2.496,5527500.1
1644998400000,2.497,2.58,2.484,2.542,15634470.5
1645012800000,2.542,2.557,2.461,2.489,15666492.9
1645027200000,2.489,2.539,2.46,2.529,7626753.1
1645041600000,2.529,2.567,2.516,2.547,5956487.0
1645056000000,2.547,2.582,2.513,2.514,6498185.7
1645070400000,2.514,2.533,2.475,2.533,8019732.4
1645084800000,2.533,2.538,2.454,2.481,8156128.0
1645099200000,2.481,2.499,2.422,2.445,11744042.7
1645113600000,2.445,2.45,2.335,2.363,11719476.8
1645128000000,2.363,2.363,2.29,2.325,10520332.5
1645142400000,2.325,2.364,2.308,2.353,7906111.9
1645156800000,2.353,2.365,2.337,2.353,5900032.8
1645171200000,2.353,2.379,2.329,2.334,7978547.4
1645185600000,2.335,2.365,2.293,2.308,13566219.6
1645200000000,2.308,2.321,2.271,2.302,12417110.8
1645214400000,2.302,2.307,2.278,2.294,5295873.5
1645228800000,2.294,2.322,2.288,2.308,4551623.7
1645243200000,2.308,2.336,2.304,2.325,4366810.5
1645257600000,2.325,2.327,2.236,2.251,9763192.9
1645272000000,2.252,2.297,2.227,2.291,14979046.6
1645286400000,2.291,2.32,2.266,2.27,11204775.4
1645300800000,2.271,2.29,2.254,2.286,3898336.8
1645315200000,2.287,2.297,2.246,2.254,5899906.3
1645329600000,2.254,2.259,2.176,2.208,11511936.0
1645344000000,2.209,2.215,2.168,2.213,9407637.1
1645358400000,2.213,2.23,2.167,2.193,8349623.4
1645372800000,2.193,2.207,2.184,2.2,4146962.4
1645387200000,2.201,2.226,2.179,2.197,6125867.7
1645401600000,2.196,2.269,2.187,2.247,8142898.9
1645416000000,2.247,2.271,2.247,2.267,7269665.3
1645430400000,2.268,2.272,2.147,2.172,12650851.0
1645444800000,2.171,2.266,2.148,2.238,19238754.9
1645459200000,2.238,2.254,2.165,2.193,14312744.1
1645473600000,2.194,2.217,2.06,2.069,18754225.7
1645488000000,2.07,2.109,2.026,2.052,17343249.8
1645502400000,2.052,2.095,2.051,2.075,9390201.7
1645516800000,2.076,2.143,2.075,2.118,8373338.3
1645531200000,2.118,2.164,2.102,2.137,8861232.5
1645545600000,2.136,2.153,2.112,2.15,6943062.9
1645560000000,2.15,2.178,2.134,2.166,4424293.2
1645574400000,2.166,2.182,2.136,2.156,7004666.6
1645588800000,2.155,2.184,2.15,2.181,6087622.5
1645603200000,2.181,2.224,2.177,2.208,8424161.6
1645617600000,2.209,2.229,2.183,2.185,6517019.7
1645632000000,2.184,2.223,2.136,2.141,8832643.0
1645646400000,2.142,2.15,2.097,2.102,7047784.0
1645660800000,2.103,2.122,1.933,1.957,27186037.5
1645675200000,1.957,1.978,1.857,1.912,28571936.4
1645689600000,1.913,1.945,1.883,1.916,16485728.3
1645704000000,1.916,1.97,1.893,1.96,15885082.3
1645718400000,1.96,2.037,1.932,2.032,16011200.0
1645732800000,2.033,2.11,2.021,2.069,17651207.9
1645747200000,2.069,2.094,2.048,2.079,10759445.9
1645761600000,2.08,2.081,2.04,2.064,6627264.5
1645776000000,2.063,2.083,2.028,2.079,8929935.3
1645790400000,2.079,2.136,2.075,2.116,14732563.4
1645804800000,2.117,2.129,2.073,2.094,7157416.7
1645819200000,2.094,2.163,2.088,2.146,7226868.6
1645833600000,2.145,2.396,2.133,2.187,18562561.3
1645848000000,2.187,2.201,2.138,2.178,9531348.7
1645862400000,2.179,2.192,2.138,2.161,9198469.7
1645876800000,2.16,2.188,2.149,2.171,5914444.3
1645891200000,2.17,2.183,2.139,2.166,5656221.6
1645905600000,2.165,2.186,2.144,2.161,4194534.1
1645920000000,2.162,2.168,2.087,2.119,8306440.8
1645934400000,2.118,2.239,2.111,2.227,9912475.3
1645948800000,2.227,2.245,2.197,2.227,19204644.4
1645963200000,2.228,2.248,2.132,2.197,20620334.3
1645977600000,2.197,2.201,2.083,2.093,11450047.1
1645992000000,2.093,2.116,2.054,2.09,13181183.3
1646006400000,2.09,2.112,2.06,2.101,9540907.2
1646020800000,2.102,2.139,2.071,2.118,10471382.7
1646035200000,2.119,2.138,2.096,2.105,7866884.6
1646049600000,2.105,2.2,2.074,2.196,19199815.0
1646064000000,2.196,2.206,2.15,2.181,11489529.0
1646078400000,2.18,2.284,2.177,2.282,12674921.1
1646092800000,2.282,2.309,2.245,2.263,10119991.5
1646107200000,2.262,2.278,2.232,2.259,5713776.8
1646121600000,2.259,2.273,2.206,2.243,10412552.5
1646136000000,2.243,2.313,2.236,2.254,18805865.7
1646150400000,2.253,2.27,2.23,2.254,6190227.1
1646164800000,2.253,2.269,2.24,2.264,3997018.6
1646179200000,2.265,2.277,2.227,2.274,7820287.2
1646193600000,2.275,2.284,2.217,2.23,7542270.7
1646208000000,2.231,2.25,2.214,2.244,5757623.0
1646222400000,2.245,2.255,2.177,2.213,19349256.9
1646236800000,2.213,2.228,2.19,2.202,4796560.4
1646251200000,2.202,2.227,2.198,2.212,3035296.4
1646265600000,2.212,2.223,2.166,2.184,6762313.3
1646280000000,2.183,2.214,2.175,2.204,6402570.1
1646294400000,2.204,2.208,2.178,2.197,6164404.5
1646308800000,2.197,2.221,2.131,2.145,11524289.7
1646323200000,2.144,2.154,2.12,2.145,7455589.1
1646337600000,2.145,2.17,2.133,2.154,5346453.8
1646352000000,2.154,2.164,2.058,2.092,12327010.2
1646366400000,2.093,2.097,2.078,2.092,3532263.6
1646380800000,2.093,2.115,2.051,2.108,9447071.5
1646395200000,2.107,2.114,2.044,2.058,17254552.9
1646409600000,2.057,2.078,2.01,2.016,9687010.3
1646424000000,2.016,2.025,1.97,2.0,8037663.6
1646438400000,2.001,2.003,1.958,1.992,9044526.1
1646452800000,1.993,2.019,1.98,2.01,4602379.8
1646467200000,2.01,2.023,2.002,2.017,4927790.7
1646481600000,2.017,2.034,2.005,2.024,5074692.1
1646496000000,2.023,2.052,2.023,2.042,4738647.1
1646510400000,2.043,2.052,2.03,2.041,3255547.5
1646524800000,2.042,2.057,2.024,2.027,3744071.5
1646539200000,2.027,2.035,2.0,2.026,5695037.9
1646553600000,2.026,2.028,1.98,1.994,8334077.2
1646568000000,1.994,2.018,1.986,2.005,6358271.3
1646582400000,2.005,2.02,1.99,1.993,5508120.5
1646596800000,1.993,2.02,1.944,1.96,11158230.1
1646611200000,1.96,1.965,1.921,1.936,11308934.3
1646625600000,1.936,1.962,1.934,1.945,5924037.3
1646640000000,1.945,1.967,1.93,1.965,5761072.8
1646654400000,1.964,2.02,1.964,2.009,9013105.0
1646668800000,2.009,2.018,1.881,1.887,11528256.8
1646683200000,1.887,1.943,1.868,1.919,8919547.7
1646697600000,1.919,1.975,1.909,1.965,6931067.3
1646712000000,1.965,1.971,1.934,1.958,6756791.4
1646726400000,1.958,1.992,1.952,1.985,7684620.7
1646740800000,1.985,1.99,1.947,1.963,8439211.6
1646755200000,1.962,1.994,1.942,1.974,8640266.8
1646769600000,1.974,1.979,1.947,1.969,4714801.6
1646784000000,1.97,2.07,1.967,2.055,11471620.5
1646798400000,2.055,2.076,2.049,2.067,6165684.0
1646812800000,2.067,2.079,2.051,2.066,5816456.3
1646827200000,2.066,2.074,2.037,2.066,7349081.0
1646841600000,2.066,2.078,2.043,2.058,4753502.4
1646856000000,2.058,2.069,2.042,2.065,3216787.0
1646870400000,2.065,2.1,2.024,2.039,10887628.4
1646884800000,2.04,2.043,1.946,1.969,12260186.6
1646899200000,1.969,1.985,1.958,1.975,5610354.4
1646913600000,1.974,2.009,1.929,1.973,14976811.1
1646928000000,1.973,1.993,1.962,1.99,4800758.6
1646942400000,1.989,2.001,1.976,1.983,3982816.4
1646956800000,1.982,1.985,1.921,1.947,7954084.1
1646971200000,1.947,1.987,1.933,1.98,5226748.5
1646985600000,1.98,2.011,1.959,2.0,6553021.8
1647000000000,1.999,2.016,1.96,1.967,9269704.0
1647014400000,1.968,1.968,1.938,1.948,6919860.1
1647028800000,1.947,1.994,1.934,1.972,6993362.0
1647043200000,1.973,2.008,1.971,1.986,5100009.5
1647057600000,1.987,1.995,1.976,1.985,3801291.8
1647072000000,1.986,2.005,1.975,1.986,4296800.4
1647086400000,1.986,2.002,1.967,1.984,4040878.0
1647100800000,1.984,1.999,1.973,1.974,3203231.7
1647115200000,1.974,1.985,1.964,1.968,2770688.6
1647129600000,1.969,2.006,1.96,2.004,4703630.3
1647144000000,2.005,2.006,1.993,1.995,3804445.3
1647158400000,1.995,2.0,1.965,1.972,5055648.1
1647172800000,1.972,1.973,1.937,1.965,7344326.1
1647187200000,1.965,1.971,1.953,1.956,2913207.7
1647201600000,1.955,1.958,1.887,1.905,11462252.0
1647216000000,1.905,1.925,1.882,1.918,6465000.4
1647230400000,1.918,1.969,1.917,1.958,9111691.0
1647244800000,1.958,1.976,1.952,1.954,5097295.4
1647259200000,1.954,1.963,1.937,1.952,5185315.9
1647273600000,1.952,1.957,1.913,1.928,6311789.7
1647288000000,1.928,1.969,1.92,1.966,5619935.9
1647302400000,1.966,1.974,1.937,1.943,5395133.8
1647316800000,1.943,1.957,1.915,1.93,4604624.4
1647331200000,1.929,1.944,1.916,1.94,3886203.5
1647345600000,1.94,1.97,1.925,1.962,6851741.0
1647360000000,1.961,2.004,1.955,1.999,6266491.1
1647374400000,1.999,2.009,1.981,1.985,4156314.6
1647388800000,1.986,2.08,1.974,1.998,15678727.3
1647403200000,1.997,2.022,1.988,2.022,5878814.1
1647417600000,2.022,2.049,2.018,2.03,5950487.8
1647432000000,2.03,2.044,2.013,2.034,5671044.6
1647446400000,2.035,2.062,1.991,2.06,11047908.1
1647460800000,2.06,2.095,2.054,2.084,5528630.5
1647475200000,2.083,2.097,2.069,2.085,4581277.5
1647489600000,2.086,2.092,2.05,2.061,4199439.0
1647504000000,2.061,2.071,2.05,2.069,2902013.7
1647518400000,2.069,2.093,2.069,2.079,4718740.4
1647532800000,2.08,2.087,2.065,2.087,3959044.0
1647547200000,2.087,2.092,2.076,2.085,2581474.1
1647561600000,2.085,2.088,2.053,2.059,4427492.3
1647576000000,2.059,2.084,2.055,2.065,2608868.5
1647590400000,2.065,2.077,2.049,2.055,3588201.6
1647604800000,2.054,2.097,2.05,2.097,5794638.3
1647619200000,2.097,2.135,2.093,2.133,6925012.4
1647633600000,2.133,2.145,2.118,2.127,3626958.1
1647648000000,2.127,2.153,2.126,2.151,5222198.0
1647662400000,2.151,2.168,2.14,2.143,4997247.3
1647676800000,2.144,2.158,2.133,2.158,3589299.5
1647691200000,2.157,2.172,2.14,2.162,5749711.2
1647705600000,2.161,2.198,2.153,2.188,7139189.2
1647720000000,2.187,2.225,2.161,2.215,8793569.8
1647734400000,2.215,2.25,2.173,2.231,10941919.2
1647748800000,2.231,2.277,2.221,2.236,11306125.5
1647763200000,2.237,2.255,2.19,2.203,9213981.8
1647777600000,2.203,2.205,2.167,2.176,8733357.8
1647792000000,2.176,2.204,2.153,2.186,6640314.6
1647806400000,2.187,2.233,2.173,2.213,7517591.4
1647820800000,2.213,2.228,2.144,2.176,10031488.4
1647835200000,2.175,2.195,2.166,2.193,5540900.0
1647849600000,2.192,2.215,2.175,2.197,5746713.2
1647864000000,2.196,2.217,2.174,2.2,7576292.9
1647878400000,2.199,2.445,2.196,2.411,72094999.3
1647892800000,2.411,2.411,2.339,2.347,22334574.9
1647907200000,2.347,2.418,2.346,2.395,26663421.5
1647921600000,2.394,2.468,2.357,2.421,30553612.9
1647936000000,2.42,2.46,2.399,2.433,26196365.9
1647950400000,2.434,2.565,2.415,2.55,51437557.1
1647964800000,2.55,2.555,2.462,2.466,22777797.7
1647979200000,2.466,2.574,2.464,2.549,20176095.4
1647993600000,2.55,2.586,2.467,2.48,31822980.5
1648008000000,2.48,2.499,2.436,2.48,16833206.0
1648022400000,2.48,2.49,2.452,2.479,11273682.5
1648036800000,2.479,2.556,2.465,2.53,19737096.8
1648051200000,2.53,2.536,2.443,2.448,11664467.0
1648065600000,2.448,2.506,2.445,2.499,6542429.0
1648080000000,2.499,2.515,2.436,2.443,10998653.7
1648094400000,2.443,2.48,2.443,2.475,6134602.8
1648108800000,2.475,2.488,2.465,2.472,7094594.4
1648123200000,2.472,2.526,2.435,2.511,15629342.2
1648137600000,2.51,2.628,2.505,2.517,27508774.0
1648152000000,2.517,2.553,2.515,2.541,5768153.5
1648166400000,2.542,2.546,2.501,2.531,9004203.2
1648180800000,2.532,2.577,2.53,2.541,9386889.4
1648195200000,2.542,2.574,2.484,2.548,16461493.3
1648209600000,2.548,2.56,2.471,2.488,11252686.3
1648224000000,2.488,2.562,2.423,2.529,24731041.2
1648238400000,2.529,2.53,2.481,2.505,6628038.3
1648252800000,2.505,2.508,2.46,2.494,10990239.7
1648267200000,2.494,2.511,2.478,2.5,4801859.0
1648281600000,2.5,2.515,2.477,2.486,5784486.7
1648296000000,2.485,2.495,2.463,2.485,5354376.2
1648310400000,2.485,2.501,2.475,2.496,9478172.5
1648324800000,2.497,2.513,2.488,2.512,4890793.0
1648339200000,2.512,2.538,2.503,2.521,6902570.7
1648353600000,2.521,2.57,2.511,2.551,7116025.5
1648368000000,2.552,2.568,2.509,2.54,11022722.8
1648382400000,2.539,2.609,2.482,2.604,23263493.0
1648396800000,2.604,2.61,2.553,2.57,9147466.6
1648411200000,2.569,2.675,2.55,2.669,14152632.6
1648425600000,2.67,2.69,2.645,2.667,11536173.2
1648440000000,2.668,3.177,2.653,3.076,131095027.3
1648454400000,3.076,3.08,2.942,2.969,48348604.9
1648468800000,2.969,3.035,2.9,2.941,44309993.1
1648483200000,2.942,3.0,2.91,2.95,31289014.4
1648497600000,2.949,3.014,2.81,2.86,39010753.2
1648512000000,2.86,2.921,2.822,2.869,26439005.0
1648526400000,2.869,2.949,2.862,2.891,24650244.5
1648540800000,2.891,2.97,2.889,2.958,15124645.6
1648555200000,2.959,2.965,2.83,2.86,28201514.9
1648569600000,2.861,2.879,2.765,2.86,29895070.3
1648584000000,2.859,2.906,2.815,2.894,11470844.3
1648598400000,2.895,2.901,2.802,2.863,12923059.6
1648612800000,2.864,2.971,2.844,2.928,14696390.3
1648627200000,2.928,2.946,2.891,2.925,11859414.3
1648641600000,2.925,3.065,2.905,2.967,42062679.4
1648656000000,2.967,3.0,2.908,2.934,15574305.4
1648670400000,2.934,2.966,2.909,2.938,4776563.4
1648684800000,2.938,2.989,2.922,2.942,12843049.7
1648699200000,2.942,2.987,2.941,2.97,7382489.1
1648713600000,2.969,3.022,2.953,2.968,13597173.7
1648728000000,2.968,2.997,2.729,2.84,28977381.6
1648742400000,2.839,2.873,2.789,2.844,15659772.5
1648756800000,2.844,2.88,2.785,2.828,6640916.8
1648771200000,2.827,2.863,2.653,2.725,25334579.9
1648785600000,2.725,2.768,2.717,2.764,8315008.6
1648800000000,2.764,2.789,2.736,2.748,9118951.7
1648814400000,2.747,2.832,2.705,2.809,16230484.9
1648828800000,2.808,2.86,2.794,2.851,9572487.5
1648843200000,2.851,2.868,2.823,2.838,5067910.6
1648857600000,2.837,2.897,2.82,2.882,7483957.8
1648872000000,2.882,2.939,2.876,2.898,9061749.1
1648886400000,2.898,2.914,2.874,2.875,6045232.3
1648900800000,2.874,2.897,2.806,2.835,12202957.1
1648915200000,2.834,2.849,2.762,2.804,9529557.1
1648929600000,2.804,2.83,2.776,2.787,4804178.6
1648944000000,2.787,2.813,2.721,2.782,11208994.3
1648958400000,2.782,2.826,2.778,2.821,3954692.5
1648972800000,2.822,2.825,2.785,2.801,4498766.5
1648987200000,2.802,2.835,2.798,2.818,6738291.7
1649001600000,2.817,2.826,2.772,2.798,5820968.4
1649016000000,2.798,2.866,2.795,2.841,8025413.3
1649030400000,2.842,2.847,2.764,2.786,9858253.3
1649044800000,2.785,2.908,2.773,2.862,13208117.6
1649059200000,2.862,2.875,2.75,2.817,26365560.8
1649073600000,2.817,2.926,2.802,2.836,31006552.9
1649088000000,2.836,2.944,2.71,2.798,34877908.3
1649102400000,2.799,2.909,2.777,2.89,11674334.7
1649116800000,2.889,2.91,2.834,2.84,9913870.4
1649131200000,2.841,2.896,2.818,2.881,8655868.5
1649145600000,2.881,2.894,2.837,2.859,8099006.1
1649160000000,2.859,2.894,2.765,2.808,16836547.0
1649174400000,2.808,2.834,2.774,2.817,8919002.7
1649188800000,2.817,2.823,2.727,2.749,7516256.8
1649203200000,2.75,2.759,2.582,2.664,24482595.1
1649217600000,2.663,2.694,2.634,2.663,7874423.1
1649232000000,2.663,2.702,2.6,2.619,12037828.5
1649246400000,2.618,2.648,2.514,2.567,18289085.6
1649260800000,2.566,2.577,2.495,2.523,13028867.0
1649275200000,2.523,2.536,2.411,2.425,11704826.3
1649289600000,2.425,2.468,2.388,2.454,17649985.7
1649304000000,2.455,2.498,2.452,2.488,5935743.3
1649318400000,2.488,2.52,2.463,2.516,7764566.0
1649332800000,2.515,2.525,2.421,2.477,15767087.7
1649347200000,2.477,2.523,2.47,2.504,7560944.6
1649361600000,2.504,2.537,2.49,2.501,4543165.1
1649376000000,2.502,2.522,2.484,2.514,6086642.0
1649390400000,2.514,2.52,2.469,2.502,6141770.0
1649404800000,2.503,2.514,2.4,2.408,12568463.1
1649419200000,2.408,2.477,2.349,2.452,21133864.2
1649433600000,2.452,2.462,2.368,2.414,15623718.3
1649448000000,2.414,2.423,2.343,2.377,7319447.9
1649462400000,2.377,2.421,2.37,2.399,7442140.3
1649476800000,2.399,2.429,2.396,2.414,4370158.0
1649491200000,2.413,2.444,2.4,2.437,14409110.3
1649505600000,2.436,2.442,2.358,2.366,11464106.7
1649520000000,2.366,2.411,2.363,2.393,6715273.3
1649534400000,2.393,2.422,2.38,2.415,3177336.0
1649548800000,2.415,2.427,2.398,2.413,6187592.7
1649563200000,2.413,2.416,2.382,2.391,6009533.5
1649577600000,2.392,2.393,2.358,2.377,9701771.9
1649592000000,2.377,2.422,2.373,2.405,11546849.8
1649606400000,2.405,2.477,2.401,2.467,9933972.4
1649620800000,2.466,2.482,2.353,2.36,9975065.4
1649635200000,2.359,2.379,2.283,2.303,16241898.3
1649649600000,2.303,2.328,2.297,2.319,6079820.3
1649664000000,2.319,2.328,2.204,2.219,20543675.5
1649678400000,2.218,2.231,2.187,2.198,11560154.7
1649692800000,2.199,2.233,2.175,2.195,21388575.9
1649707200000,2.195,2.201,2.117,2.163,15382120.2
1649721600000,2.162,2.206,2.151,2.181,8015171.7
1649736000000,2.181,2.22,2.174,2.207,6328264.9
1649750400000,2.207,2.234,2.191,2.228,8064209.9
1649764800000,2.227,2.252,2.184,2.215,12013418.2
1649779200000,2.216,2.23,2.167,2.173,7317850.7
1649793600000,2.173,2.248,2.17,2.242,10253628.9
1649808000000,2.243,2.25,2.207,2.243,10485500.2
1649822400000,2.242,2.266,2.224,2.241,6784063.6
1649836800000,2.241,2.26,2.211,2.229,8588693.3
1649851200000,2.229,2.326,2.223,2.312,34531702.1
1649865600000,2.312,2.331,2.291,2.31,12714270.9
1649880000000,2.309,2.361,2.304,2.358,7275923.8
1649894400000,2.358,2.37,2.334,2.356,9048211.1
1649908800000,2.357,2.365,2.313,2.328,7288848.6
1649923200000,2.327,2.336,2.296,2.303,7757584.5
1649937600000,2.304,2.355,2.264,2.27,23059156.4
1649952000000,2.27,2.297,2.239,2.273,14741591.8
1649966400000,2.274,2.314,2.263,2.306,6582928.9
1649980800000,2.307,2.377,2.29,2.375,14742655.4
1649995200000,2.374,2.394,2.329,2.343,14392695.3
1650009600000,2.343,2.367,2.326,2.356,11072595.7
1650024000000,2.357,2.414,2.332,2.394,22298422.0
1650038400000,2.395,2.439,2.384,2.398,20374511.1
1650052800000,2.399,2.441,2.394,2.419,11933939.5
1650067200000,2.418,2.468,2.401,2.447,17157284.7
1650081600000,2.447,2.473,2.446,2.447,10918729.5
1650096000000,2.447,2.524,2.44,2.505,20548919.1
1650110400000,2.504,2.57,2.483,2.544,38444888.2
1650124800000,2.543,2.558,2.518,2.549,29398734.7
1650139200000,2.549,2.642,2.542,2.608,35364161.1
1650153600000,2.608,2.685,2.566,2.571,43280252.8
1650168000000,2.571,2.618,2.551,2.612,26329790.7
1650182400000,2.612,2.636,2.57,2.62,26712574.5
1650196800000,2.62,2.648,2.571,2.578,29551723.3
1650211200000,2.578,2.585,2.491,2.512,32011936.2
1650225600000,2.512,2.519,2.387,2.415,34871731.6
1650240000000,2.415,2.441,2.406,2.43,15139793.8
1650254400000,2.43,2.433,2.294,2.319,33663151.6
1650268800000,2.32,2.348,2.313,2.338,12902697.3
1650283200000,2.337,2.377,2.325,2.344,25619314.6
1650297600000,2.345,2.442,2.314,2.434,24404194.0
1650312000000,2.434,2.458,2.427,2.443,10512301.7
1650326400000,2.444,2.477,2.417,2.437,14216291.6
1650340800000,2.437,2.458,2.423,2.44,8487588.5
1650355200000,2.44,2.455,2.424,2.433,10910689.9
1650369600000,2.434,2.562,2.433,2.559,30011029.8
1650384000000,2.559,2.664,2.558,2.634,48184729.1
1650398400000,2.633,2.698,2.617,2.645,16950219.1
1650412800000,2.646,2.646,2.555,2.612,19504915.8
1650427200000,2.611,2.621,2.56,2.572,10503242.4
1650441600000,2.572,2.607,2.547,2.598,15011779.9
1650456000000,2.598,2.883,2.518,2.844,135835587.3
1650470400000,2.844,2.888,2.75,2.788,54703028.9
1650484800000,2.788,2.827,2.734,2.764,20465627.2
1650499200000,2.763,2.847,2.721,2.811,25606339.5
1650513600000,2.81,2.86,2.771,2.806,30130949.4
1650528000000,2.805,2.815,2.726,2.765,28091311.8
1650542400000,2.765,2.85,2.706,2.714,35219693.4
1650556800000,2.713,2.734,2.506,2.536,67909001.9
1650571200000,2.535,2.539,2.444,2.503,28800988.9
1650585600000,2.503,2.542,2.492,2.525,15756778.8
1650600000000,2.525,2.555,2.5,2.521,16187892.9
1650614400000,2.521,2.542,2.491,2.542,15835983.8
1650628800000,2.541,2.552,2.473,2.479,27180747.3
1650643200000,2.478,2.524,2.467,2.5,17594301.9
1650657600000,2.501,2.51,2.432,2.456,9622298.7
1650672000000,2.456,2.487,2.381,2.416,19113145.6
1650686400000,2.416,2.429,2.376,2.419,9230525.5
1650700800000,2.419,2.463,2.409,2.433,11073132.6
1650715200000,2.433,2.466,2.417,2.439,9855285.4
1650729600000,2.44,2.456,2.407,2.416,6427004.0
1650744000000,2.417,2.444,2.391,2.403,6340677.0
1650758400000,2.403,2.443,2.401,2.44,6551592.2
1650772800000,2.44,2.448,2.418,2.426,4413143.1
1650787200000,2.426,2.447,2.383,2.395,8709357.5
1650801600000,2.396,2.401,2.345,2.384,14819916.1
1650816000000,2.385,2.389,2.334,2.38,13119466.5
1650830400000,2.381,2.391,2.346,2.349,5219709.7
1650844800000,2.349,2.357,2.25,2.311,19916432.3
1650859200000,2.311,2.316,2.216,2.234,16214345.3
1650873600000,2.233,2.289,2.204,2.286,15676748.5
1650888000000,2.286,2.329,2.281,2.3,18982572.8
1650902400000,2.299,2.382,2.295,2.373,16238107.6
1650916800000,2.374,2.394,2.35,2.376,10816765.2
1650931200000,2.376,2.386,2.351,2.353,7122302.8
1650945600000,2.353,2.427,2.34,2.406,11950962.6
1650960000000,2.406,2.45,2.383,2.397,23841920.6
1650974400000,2.396,2.406,2.241,2.248,27768166.5
1650988800000,2.248,2.276,2.185,2.211,21134826.8
1651003200000,2.211,2.239,2.142,2.182,19447790.4
1651017600000,2.182,2.233,2.158,2.204,12727771.7
1651032000000,2.203,2.269,2.193,2.269,11474230.8
1651046400000,2.269,2.283,2.2,2.234,14538469.0
1651060800000,2.233,2.282,2.22,2.25,16770230.8
1651075200000,2.25,2.261,2.213,2.222,9745413.0
1651089600000,2.222,2.256,2.22,2.251,6280735.5
1651104000000,2.252,2.283,2.243,2.254,11817415.8
1651118400000,2.254,2.28,2.242,2.262,10344718.1
1651132800000,2.262,2.352,2.258,2.32,22897067.9
1651147200000,2.32,2.347,2.265,2.296,28971894.4
1651161600000,2.295,2.336,2.284,2.307,23208815.0
1651176000000,2.306,2.325,2.289,2.313,8000397.5
1651190400000,2.313,2.377,2.306,2.322,16897507.5
1651204800000,2.323,2.354,2.308,2.339,11751999.9
1651219200000,2.339,2.359,2.246,2.263,27574826.0
1651233600000,2.263,2.354,2.258,2.33,17296020.8
1651248000000,2.33,2.365,2.22,2.23,26981298.6
1651262400000,2.231,2.279,2.229,2.273,8126478.3
1651276800000,2.273,2.286,2.234,2.25,7885722.9
1651291200000,2.251,2.27,2.228,2.253,10154401.4
1651305600000,2.253,2.268,2.241,2.255,5994094.6
1651320000000,2.255,2.29,2.162,2.186,23095129.5
1651334400000,2.186,2.2,2.129,2.157,19031403.6
1651348800000,2.157,2.158,1.91,2.01,46997526.3
1651363200000,2.009,2.069,1.995,2.045,21820963.7
1651377600000,2.045,2.077,2.031,2.042,11768727.7
1651392000000,2.043,2.062,2.035,2.041,5023125.8
1651406400000,2.04,2.101,2.031,2.092,8666235.5
1651420800000,2.092,2.111,2.043,2.058,9627004.3
1651435200000,2.058,2.11,2.053,2.106,9201675.6
1651449600000,2.107,2.124,2.076,2.103,10224400.3
1651464000000,2.103,2.152,2.095,2.117,18144714.9
1651478400000,2.117,2.118,2.034,2.04,14270939.0
1651492800000,2.04,2.108,2.036,2.095,15461643.7
1651507200000,2.095,2.105,2.03,2.077,10492044.8
1651521600000,2.078,2.132,2.059,2.095,8651647.0
1651536000000,2.094,2.113,2.081,2.103,7327927.9
1651550400000,2.103,2.121,2.094,2.115,9056535.3
1651564800000,2.115,2.123,2.075,2.106,7439568.2
1651579200000,2.105,2.118,2.071,2.087,11426620.8
1651593600000,2.086,2.095,2.024,2.034,11802680.3
1651608000000,2.034,2.063,2.015,2.053,8200610.9
1651622400000,2.053,2.089,2.043,2.08,10950535.7
1651636800000,2.081,2.109,2.058,2.102,10143265.2
1651651200000,2.102,2.138,2.097,2.121,13854224.1
1651665600000,2.122,2.127,2.08,2.105,8893563.7
1651680000000,2.104,2.218,2.1,2.202,21711515.3
1651694400000,2.203,2.237,2.2,2.224,8169624.1
1651708800000,2.224,2.249,2.219,2.226,7735118.0
1651723200000,2.226,2.236,2.195,2.21,6902039.9
1651737600000,2.209,2.228,2.19,2.196,9507005.3
1651752000000,2.196,2.21,1.988,2.011,40160677.3
1651766400000,2.012,2.043,1.954,2.008,38071215.7
1651780800000,2.008,2.034,1.994,2.011,9172194.5
1651795200000,2.012,2.029,1.98,2.022,9448798.7
1651809600000,2.022,2.036,1.961,1.996,16785168.4
1651824000000,1.996,2.018,1.958,1.979,11873632.5
1651838400000,1.979,2.045,1.935,2.016,23356620.8
1651852800000,2.017,2.038,2.006,2.025,10858221.3
1651867200000,2.026,2.048,2.01,2.022,6742283.7
1651881600000,2.023,2.03,1.995,2.0,7862272.9
1651896000000,2.001,2.036,1.984,2.027,15028610.0
1651910400000,2.026,2.049,2.022,2.037,8124046.6
1651924800000,2.037,2.045,2.018,2.035,9776743.8
1651939200000,2.036,2.037,2.02,2.023,6158002.3
1651953600000,2.023,2.027,1.926,1.976,19907491.9
1651968000000,1.976,1.992,1.925,1.961,17257675.3
1651982400000,1.961,1.986,1.945,1.97,10955979.0
1651996800000,1.97,1.993,1.962,1.983,6081159.3
1652011200000,1.982,1.987,1.94,1.965,8947180.3
1652025600000,1.966,1.992,1.929,1.983,14470481.2
1652040000000,1.983,1.987,1.938,1.949,6879593.3
1652054400000,1.949,1.976,1.89,1.923,14822016.6
1652068800000,1.924,1.939,1.895,1.91,12509452.6
1652083200000,1.91,1.924,1.816,1.872,26023434.8
1652097600000,1.871,1.9,1.804,1.828,22039799.4
1652112000000,1.828,1.845,1.693,1.748,59849970.8
1652126400000,1.748,1.809,1.508,1.582,42119538.5
1652140800000,1.582,1.714,1.582,1.661,65167934.3
1652155200000,1.661,1.809,1.653,1.749,42993504.5
1652169600000,1.748,1.79,1.734,1.78,23247713.7
1652184000000,1.781,1.815,1.699,1.741,35167117.0
1652198400000,1.741,1.783,1.721,1.729,18365096.1
1652212800000,1.728,1.731,1.642,1.716,20822795.1
1652227200000,1.716,1.737,1.673,1.701,18641160.2
1652241600000,1.701,1.73,1.588,1.63,31590893.6
1652256000000,1.63,1.72,1.603,1.615,29784491.3
1652270400000,1.615,1.641,1.372,1.551,112809166.4
1652284800000,1.551,1.57,1.419,1.439,34498460.2
1652299200000,1.439,1.458,1.337,1.406,41319468.3
1652313600000,1.407,1.455,1.297,1.3,43121029.3
1652328000000,1.3,1.313,1.11,1.258,89576840.9
1652342400000,1.259,1.302,1.212,1.259,49063756.3
1652356800000,1.258,1.334,1.224,1.295,33841237.3
1652371200000,1.295,1.352,1.259,1.277,23141379.3
1652385600000,1.276,1.286,1.231,1.272,12506816.1
1652400000000,1.273,1.403,1.257,1.39,25370690.6
1652414400000,1.391,1.442,1.371,1.379,23030028.1
1652428800000,1.379,1.461,1.378,1.455,17010159.6
1652443200000,1.454,1.457,1.396,1.401,17830535.0
1652457600000,1.402,1.421,1.343,1.357,25627722.3
1652472000000,1.358,1.38,1.318,1.338,9580421.4
1652486400000,1.338,1.381,1.321,1.358,10434633.8
1652500800000,1.358,1.361,1.321,1.35,8543884.0
1652515200000,1.349,1.361,1.269,1.296,18196238.8
1652529600000,1.296,1.303,1.258,1.266,12880433.4
1652544000000,1.266,1.333,1.249,1.306,21838951.1
1652558400000,1.307,1.362,1.305,1.35,8522389.8
1652572800000,1.35,1.373,1.308,1.32,7789364.6
1652587200000,1.32,1.374,1.311,1.344,12211485.8
1652601600000,1.343,1.369,1.322,1.365,8366052.8
1652616000000,1.365,1.377,1.315,1.332,11283351.6
1652630400000,1.332,1.36,1.324,1.357,10773433.9
1652644800000,1.357,1.409,1.354,1.405,9903495.8
1652659200000,1.405,1.408,1.335,1.351,11079863.0
1652673600000,1.351,1.357,1.277,1.303,25239273.9
1652688000000,1.303,1.333,1.29,1.313,13076693.6
1652702400000,1.313,1.339,1.286,1.31,17525688.9
1652716800000,1.311,1.344,1.295,1.321,10289504.7
1652731200000,1.32,1.347,1.307,1.315,9981246.3
1652745600000,1.316,1.367,1.31,1.358,9541209.4
1652760000000,1.358,1.39,1.352,1.356,13976637.7
1652774400000,1.357,1.378,1.355,1.365,8988257.5
1652788800000,1.364,1.394,1.34,1.354,12833779.8
1652803200000,1.354,1.373,1.31,1.349,16472354.3
1652817600000,1.349,1.384,1.345,1.376,5094326.6
1652832000000,1.377,1.39,1.337,1.342,8991536.3
1652846400000,1.342,1.36,1.336,1.352,6731674.8
1652860800000,1.352,1.362,1.34,1.352,7084893.5
1652875200000,1.352,1.355,1.267,1.277,24406536.5
1652889600000,1.277,1.307,1.271,1.304,12010170.6
1652904000000,1.305,1.307,1.259,1.266,9727766.6
1652918400000,1.265,1.281,1.221,1.273,18389940.0
1652932800000,1.273,1.287,1.255,1.264,8126988.8
1652947200000,1.263,1.291,1.239,1.288,11023899.0
1652961600000,1.288,1.336,1.276,1.324,13430657.8
1652976000000,1.325,1.332,1.302,1.302,7638374.7
1652990400000,1.302,1.33,1.292,1.321,7093380.6
1653004800000,1.32,1.348,1.308,1.314,11914471.2
1653019200000,1.313,1.322,1.293,1.305,11770757.4
1653033600000,1.305,1.336,1.303,1.328,10064434.5
1653048000000,1.328,1.333,1.26,1.272,20506734.2
1653062400000,1.273,1.281,1.244,1.277,15179222.5
1653076800000,1.277,1.287,1.264,1.272,7189222.3
1653091200000,1.271,1.281,1.242,1.277,11808150.4
1653105600000,1.278,1.29,1.264,1.29,12267373.2
1653120000000,1.29,1.296,1.279,1.288,7588189.9
1653134400000,1.289,1.32,1.283,1.315,9829727.6
1653148800000,1.315,1.324,1.302,1.311,7360026.3
1653163200000,1.31,1.316,1.289,1.306,6183049.4
1653177600000,1.305,1.318,1.297,1.304,8352053.5
1653192000000,1.305,1.331,1.291,1.325,9206383.6
1653206400000,1.326,1.364,1.32,1.345,24384974.5
1653220800000,1.344,1.371,1.331,1.341,10336532.9
1653235200000,1.341,1.364,1.322,1.345,7996770.4
1653249600000,1.344,1.366,1.337,1.354,7207427.6
1653264000000,1.353,1.37,1.328,1.345,10278691.6
1653278400000,1.345,1.388,1.345,1.377,14615031.1
1653292800000,1.377,1.439,1.362,1.418,17625309.1
1653307200000,1.419,1.423,1.367,1.404,16626109.4
1653321600000,1.404,1.416,1.331,1.333,15262892.1
1653336000000,1.333,1.356,1.29,1.305,15023182.7
1653350400000,1.306,1.328,1.299,1.324,8736818.3
1653364800000,1.324,1.336,1.314,1.332,7213459.7
1653379200000,1.332,1.336,1.302,1.328,12030764.5
1653393600000,1.328,1.336,1.27,1.323,22396777.8
1653408000000,1.322,1.332,1.296,1.327,11998446.8
1653422400000,1.327,1.357,1.318,1.343,8453211.0
1653436800000,1.343,1.372,1.332,1.362,11051793.6
1653451200000,1.363,1.364,1.333,1.337,7742163.6
1653465600000,1.337,1.35,1.306,1.31,16909154.1
1653480000000,1.311,1.338,1.302,1.323,10757364.4
1653494400000,1.323,1.333,1.308,1.321,8541032.0
1653508800000,1.32,1.334,1.316,1.322,5024220.6
1653523200000,1.322,1.34,1.319,1.33,6662012.0
1653537600000,1.33,1.331,1.282,1.297,12252688.8
1653552000000,1.297,1.298,1.22,1.235,18008756.7
1653566400000,1.236,1.267,1.185,1.256,36248401.1
1653580800000,1.256,1.279,1.233,1.234,13306537.8
1653595200000,1.234,1.259,1.231,1.236,10939978.1
1653609600000,1.236,1.246,1.188,1.233,22064230.2
1653624000000,1.233,1.244,1.184,1.223,19452758.3
1653638400000,1.223,1.249,1.213,1.239,14250024.8
1653652800000,1.239,1.26,1.215,1.233,20197844.6
1653667200000,1.234,1.238,1.194,1.224,16907462.5
1653681600000,1.224,1.238,1.199,1.213,8211863.8
1653696000000,1.214,1.239,1.205,1.232,11038460.8
1653710400000,1.233,1.254,1.224,1.24,11337316.1
1653724800000,1.239,1.256,1.231,1.243,9581484.5
1653739200000,1.244,1.262,1.239,1.255,10348777.4
1653753600000,1.255,1.261,1.239,1.256,7799741.3
1653768000000,1.255,1.265,1.244,1.255,5768021.8
1653782400000,1.255,1.263,1.229,1.241,11585978.0
1653796800000,1.241,1.251,1.233,1.247,5584558.2
1653811200000,1.247,1.261,1.242,1.259,6279765.1
1653825600000,1.259,1.276,1.256,1.264,10283755.9
1653840000000,1.264,1.276,1.263,1.275,6954856.3
1653854400000,1.275,1.295,1.274,1.292,9914382.5
1653868800000,1.292,1.335,1.281,1.322,15322646.3
1653883200000,1.323,1.36,1.32,1.349,13535826.2
1653897600000,1.35,1.358,1.333,1.344,11027344.3
1653912000000,1.345,1.355,1.325,1.342,10689086.0
1653926400000,1.342,1.358,1.336,1.357,7733811.3
1653940800000,1.356,1.402,1.354,1.387,16100213.4
1653955200000,1.387,1.398,1.364,1.378,13323949.3
1653969600000,1.378,1.39,1.354,1.372,13161769.1
1653984000000,1.373,1.382,1.342,1.365,13006741.9
1653998400000,1.365,1.381,1.327,1.372,20514651.8
1654012800000,1.371,1.379,1.334,1.352,16766438.8
1654027200000,1.351,1.39,1.345,1.381,8027453.4
1654041600000,1.381,1.407,1.349,1.365,12726543.4
1654056000000,1.365,1.374,1.343,1.356,8314582.5
1654070400000,1.356,1.369,1.349,1.354,6179589.8
1654084800000,1.355,1.377,1.306,1.31,24642900.2
1654099200000,1.311,1.313,1.276,1.286,17844259.8
1654113600000,1.285,1.286,1.238,1.265,14559866.8
1654128000000,1.266,1.275,1.247,1.259,10234522.7
1654142400000,1.258,1.274,1.245,1.265,9582776.5
1654156800000,1.265,1.284,1.256,1.283,8763011.2
1654171200000,1.283,1.284,1.25,1.274,13413202.4
1654185600000,1.275,1.288,1.268,1.279,7145959.2
1654200000000,1.279,1.298,1.277,1.292,5340781.2
1654214400000,1.292,1.3,1.284,1.294,6367815.5
1654228800000,1.294,1.299,1.275,1.282,7406572.8
1654243200000,1.281,1.286,1.238,1.25,11915799.9
1654257600000,1.249,1.258,1.232,1.241,13241058.5
1654272000000,1.242,1.255,1.237,1.246,6867803.2
1654286400000,1.246,1.274,1.244,1.263,5702085.5
1654300800000,1.263,1.268,1.238,1.247,9015119.2
1654315200000,1.247,1.271,1.246,1.267,7084902.3
1654329600000,1.268,1.279,1.264,1.27,5645571.4
1654344000000,1.27,1.288,1.256,1.278,8642586.8
1654358400000,1.278,1.283,1.267,1.276,4550805.9
1654372800000,1.276,1.295,1.272,1.284,4930329.0
1654387200000,1.283,1.291,1.255,1.27,7426726.6
1654401600000,1.271,1.275,1.26,1.265,5314939.5
1654416000000,1.265,1.275,1.257,1.269,5047561.6
1654430400000,1.269,1.285,1.263,1.283,5659092.6
1654444800000,1.284,1.294,1.271,1.282,8258725.0
1654459200000,1.283,1.286,1.265,1.268,6268502.4
1654473600000,1.268,1.317,1.26,1.314,12820421.6
1654488000000,1.314,1.325,1.302,1.318,10144454.4
1654502400000,1.318,1.334,1.314,1.318,9724755.4
1654516800000,1.319,1.326,1.294,1.312,12084818.0
1654531200000,1.311,1.312,1.284,1.298,10151019.6
1654545600000,1.297,1.309,1.282,1.302,6577623.8
1654560000000,1.301,1.304,1.216,1.246,22566078.5
1654574400000,1.246,1.248,1.235,1.245,6230771.9
1654588800000,1.246,1.256,1.231,1.244,8333124.9
1654603200000,1.244,1.265,1.233,1.253,10053637.1
1654617600000,1.253,1.306,1.245,1.298,10070709.5
1654632000000,1.298,1.325,1.255,1.284,18294979.1
1654646400000,1.284,1.307,1.251,1.258,13505147.7
1654660800000,1.258,1.28,1.25,1.267,13815864.8
1654675200000,1.267,1.274,1.261,1.265,7164555.6
1654689600000,1.266,1.283,1.25,1.271,14327484.1
1654704000000,1.271,1.277,1.24,1.255,7623427.3
1654718400000,1.255,1.268,1.249,1.252,6408527.0
1654732800000,1.253,1.26,1.241,1.255,11065153.0
1654747200000,1.255,1.267,1.249,1.266,9245661.4
1654761600000,1.267,1.276,1.256,1.257,6566392.7
1654776000000,1.256,1.262,1.243,1.255,10608016.5
1654790400000,1.255,1.264,1.234,1.237,8025558.4
1654804800000,1.236,1.247,1.227,1.238,7224000.5
1654819200000,1.239,1.251,1.21,1.242,8863472.4
1654833600000,1.242,1.252,1.237,1.243,6765657.7
1654848000000,1.243,1.248,1.226,1.235,6821479.3
1654862400000,1.236,1.24,1.182,1.207,23023626.3
1654876800000,1.208,1.21,1.168,1.183,14446205.5
1654891200000,1.183,1.197,1.16,1.182,8094832.8
1654905600000,1.182,1.204,1.176,1.199,6783374.3
1654920000000,1.2,1.215,1.198,1.207,6933196.8
1654934400000,1.208,1.211,1.153,1.165,20384814.1
1654948800000,1.164,1.173,1.096,1.114,31062490.1
1654963200000,1.114,1.142,1.104,1.127,15361972.0
1654977600000,1.127,1.136,1.11,1.117,8627844.4
1654992000000,1.117,1.126,1.044,1.065,25083612.2
1655006400000,1.064,1.077,1.041,1.067,17625298.9
1655020800000,1.068,1.079,1.051,1.066,13860390.1
1655035200000,1.066,1.119,1.04,1.103,23942623.4
1655049600000,1.103,1.109,1.073,1.076,13864211.4
1655064000000,1.075,1.081,1.027,1.028,14211219.2
1655078400000,1.027,1.043,0.955,0.982,49985883.7
1655092800000,0.982,1.007,0.921,0.936,40222997.9
1655107200000,0.937,0.947,0.875,0.905,58943354.4
1655121600000,0.905,0.946,0.881,0.931,51607351.9
1655136000000,0.931,0.955,0.921,0.935,24988935.9
1655150400000,0.935,0.966,0.893,0.916,25752675.9
1655164800000,0.916,0.927,0.85,0.923,44771654.8
1655179200000,0.923,0.961,0.902,0.953,35232493.6
1655193600000,0.954,0.956,0.905,0.916,20472591.6
1655208000000,0.917,0.951,0.905,0.947,25102394.3
1655222400000,0.946,0.951,0.92,0.929,22092254.1
1655236800000,0.929,0.944,0.901,0.94,15661837.0
1655251200000,0.941,0.951,0.91,0.913,13719835.4
1655265600000,0.913,0.915,0.872,0.882,27014771.0
1655280000000,0.882,0.905,0.852,0.9,39146675.4
1655294400000,0.9,0.924,0.895,0.914,28980043.3
1655308800000,0.914,0.996,0.874,0.966,75661851.6
1655323200000,0.966,1.015,0.96,1.008,22532666.9
1655337600000,1.008,1.024,0.987,0.989,17684195.4
1655352000000,0.988,0.999,0.955,0.959,15922802.1
1655366400000,0.958,0.967,0.915,0.925,19012610.3
1655380800000,0.925,0.951,0.907,0.938,31016452.6
1655395200000,0.938,0.951,0.917,0.923,14983465.7
1655409600000,0.923,0.946,0.899,0.909,18659633.2
1655424000000,0.91,0.947,0.902,0.924,18449489.7
1655438400000,0.925,0.959,0.92,0.952,16712815.6
1655452800000,0.953,0.963,0.934,0.946,13512410.4
1655467200000,0.947,0.949,0.92,0.933,17541383.4
1655481600000,0.933,0.939,0.923,0.928,10832087.1
1655496000000,0.928,0.945,0.927,0.937,8988576.1
1655510400000,0.937,0.949,0.915,0.932,17064988.3
1655524800000,0.931,0.937,0.868,0.882,28499367.2
1655539200000,0.881,0.899,0.865,0.886,25484600.9
1655553600000,0.887,0.896,0.88,0.882,12520149.3
1655568000000,0.882,0.901,0.832,0.834,37910063.8
1655582400000,0.834,0.897,0.814,0.886,45654220.4
1655596800000,0.887,0.899,0.862,0.869,18070748.0
1655611200000,0.87,0.892,0.858,0.877,24836837.6
1655625600000,0.878,0.938,0.873,0.921,27674640.6
1655640000000,0.922,0.936,0.904,0.933,17161872.9
1655654400000,0.933,0.96,0.916,0.952,16759305.9
1655668800000,0.952,0.978,0.949,0.967,13856921.3
1655683200000,0.966,0.973,0.926,0.936,20766643.0
1655697600000,0.937,0.946,0.922,0.939,11091408.9
1655712000000,0.94,0.987,0.938,0.98,22623023.5
1655726400000,0.979,0.981,0.951,0.966,19872417.0
1655740800000,0.966,0.969,0.938,0.953,20557065.1
1655755200000,0.953,0.967,0.941,0.962,11893830.2
1655769600000,0.961,0.971,0.945,0.961,13900056.7
1655784000000,0.962,0.99,0.958,0.976,21709923.5
1655798400000,0.976,0.999,0.97,0.973,19754199.4
1655812800000,0.973,1.005,0.967,0.987,19685154.3
1655827200000,0.986,0.995,0.961,0.963,13098612.3
1655841600000,0.963,0.974,0.954,0.964,10601110.3
1655856000000,0.964,0.964,0.929,0.936,18870474.5
1655870400000,0.936,0.949,0.917,0.924,11786800.0
1655884800000,0.923,0.948,0.918,0.94,17806122.7
1655899200000,0.94,0.96,0.928,0.935,19165925.3
1655913600000,0.935,0.949,0.923,0.933,25321235.5
1655928000000,0.933,0.94,0.916,0.925,13643876.4
1655942400000,0.924,0.959,0.92,0.946,13960443.0
1655956800000,0.946,0.969,0.944,0.954,18099851.6
1655971200000,0.954,0.966,0.952,0.961,12020294.3
1655985600000,0.961,0.972,0.941,0.945,14340733.6
1656000000000,0.944,0.964,0.933,0.959,10658909.1
1656014400000,0.959,0.977,0.955,0.973,12923812.3
1656028800000,0.974,1.021,0.973,0.989,33607373.7
1656043200000,0.99,0.999,0.977,0.993,14375326.5
1656057600000,0.992,1.016,0.983,1.003,13011916.0
1656072000000,1.003,1.018,0.989,0.994,18714822.0
1656086400000,0.994,1.004,0.979,1.003,16062996.3
1656100800000,1.003,1.02,0.997,1.004,11929616.5
1656115200000,1.004,1.019,0.994,1.008,13120634.7
1656129600000,1.007,1.026,0.999,1.018,10849728.9
1656144000000,1.019,1.026,1.001,1.004,10706050.4
1656158400000,1.004,1.005,0.968,0.973,19314551.0
1656172800000,0.973,0.999,0.97,0.995,9135549.5
1656187200000,0.996,1.017,0.993,1.008,10506208.0
1656201600000,1.008,1.017,0.994,1.005,10477742.8
1656216000000,1.004,1.02,1.001,1.016,8156976.8
1656230400000,1.016,1.039,1.005,1.035,17238481.4
1656244800000,1.035,1.039,1.001,1.011,18743419.1
1656259200000,1.012,1.026,1.002,1.013,13395842.8
1656273600000,1.013,1.031,0.986,0.989,16704391.7
1656288000000,0.989,1.013,0.985,1.013,12639828.0
1656302400000,1.013,1.02,1.003,1.016,8316117.9
1656316800000,1.016,1.028,1.002,1.005,16716330.2
1656331200000,1.005,1.016,0.974,0.984,22399113.0
1656345600000,0.983,0.993,0.965,0.983,32464772.9
1656360000000,0.982,0.997,0.979,0.984,13123918.2
1656374400000,0.984,0.994,0.954,0.966,18180301.9
1656388800000,0.966,0.994,0.964,0.986,16859519.6
1656403200000,0.986,1.002,0.982,0.992,16801134.2
1656417600000,0.992,1.004,0.965,0.967,23026588.6
1656432000000,0.967,0.976,0.951,0.956,17345789.6
1656446400000,0.956,0.966,0.939,0.944,13896120.3
1656460800000,0.943,0.958,0.936,0.947,17244394.9
1656475200000,0.948,0.952,0.921,0.937,23797997.5
1656489600000,0.937,0.945,0.923,0.934,17386135.5
1656504000000,0.935,0.945,0.92,0.938,20954448.5
1656518400000,0.938,0.948,0.922,0.945,15542047.3
1656532800000,0.945,0.952,0.927,0.935,11652008.6
1656547200000,0.935,0.938,0.91,0.926,15621552.8
1656561600000,0.926,0.932,0.891,0.902,20565498.6
1656576000000,0.902,0.902,0.875,0.886,21232581.0
1656590400000,0.885,0.902,0.868,0.894,22982897.0
1656604800000,0.894,0.906,0.886,0.896,18888083.9
1656619200000,0.896,0.928,0.882,0.925,18753519.4
1656633600000,0.926,0.954,0.915,0.916,27077626.4
1656648000000,0.915,0.917,0.9,0.914,19941462.9
1656662400000,0.914,0.925,0.887,0.901,20069856.3
1656676800000,0.901,0.916,0.895,0.902,16173498.4
1656691200000,0.901,0.917,0.899,0.915,10152395.6
1656705600000,0.916,0.928,0.906,0.91,11878336.4
1656720000000,0.911,0.919,0.899,0.904,17847089.0
1656734400000,0.904,0.918,0.902,0.909,9150461.3
1656748800000,0.91,0.918,0.899,0.917,9207356.8
1656763200000,0.917,0.928,0.912,0.918,10808769.7
1656777600000,0.918,0.937,0.917,0.934,11129217.5
1656792000000,0.934,0.944,0.931,0.938,9534814.8
1656806400000,0.937,0.94,0.924,0.932,9262230.7
1656820800000,0.932,0.94,0.91,0.931,12434260.2
1656835200000,0.931,0.934,0.921,0.924,11321323.7
1656849600000,0.924,0.927,0.912,0.918,9351260.7
1656864000000,0.917,0.946,0.916,0.942,8666133.9
1656878400000,0.942,0.949,0.937,0.944,9708022.0
1656892800000,0.943,0.945,0.918,0.925,13583554.2
1656907200000,0.924,0.931,0.922,0.926,7317314.2
1656921600000,0.925,0.956,0.924,0.953,14960520.5
1656936000000,0.953,0.978,0.95,0.963,22943918.5
1656950400000,0.963,0.975,0.956,0.968,13831695.6
1656964800000,0.969,0.989,0.965,0.986,15089146.1
1656979200000,0.985,0.991,0.967,0.982,13181205.3
1656993600000,0.982,0.992,0.975,0.984,11380489.8
1657008000000,0.985,0.985,0.948,0.952,18568317.1
1657022400000,0.951,0.955,0.928,0.942,42047337.1
1657036800000,0.941,0.974,0.933,0.969,20648487.3
1657051200000,0.969,1.001,0.965,0.971,27626420.1
1657065600000,0.97,0.993,0.956,0.973,19363461.3
1657080000000,0.974,0.986,0.97,0.979,13359053.8
1657094400000,0.979,0.991,0.975,0.982,10192942.3
1657108800000,0.982,0.991,0.975,0.981,12780392.5
1657123200000,0.981,0.997,0.979,0.989,10402937.5
1657137600000,0.99,1.009,0.988,0.998,11539965.1
1657152000000,0.998,1.005,0.991,0.996,9450987.4
1657166400000,0.997,0.999,0.988,0.997,5058482.1
1657180800000,0.996,1.006,0.996,1.002,7346078.1
1657195200000,1.002,1.025,0.997,1.017,14965352.3
1657209600000,1.016,1.038,1.015,1.036,11540998.7
1657224000000,1.036,1.038,1.019,1.03,9115949.3
1657238400000,1.03,1.072,1.024,1.05,21542709.0
1657252800000,1.051,1.054,1.029,1.034,10352990.1
1657267200000,1.034,1.037,1.011,1.019,13445650.7
1657281600000,1.019,1.031,1.003,1.025,16645533.2
1657296000000,1.025,1.03,1.01,1.025,7588047.0
1657310400000,1.025,1.032,1.009,1.013,6622285.0
1657324800000,1.013,1.03,1.012,1.026,8594519.5
1657339200000,1.027,1.038,1.021,1.036,6164965.4
1657353600000,1.035,1.044,1.023,1.026,7531124.2
1657368000000,1.026,1.037,1.022,1.034,5555742.1
1657382400000,1.034,1.049,1.032,1.042,6764185.2
1657396800000,1.042,1.045,1.033,1.038,4998845.8
1657411200000,1.038,1.039,1.011,1.018,10808751.7
1657425600000,1.018,1.026,1.012,1.024,6037003.3
1657440000000,1.023,1.029,1.014,1.021,7721121.1
1657454400000,1.022,1.023,0.996,1.003,12070860.8
1657468800000,1.003,1.011,0.995,1.009,9233493.1
1657483200000,1.009,1.014,0.999,1.002,7432184.6
1657497600000,1.003,1.005,0.983,0.989,13865294.4
1657512000000,0.99,0.992,0.973,0.979,13379476.5
1657526400000,0.979,0.989,0.976,0.981,9874942.2
1657540800000,0.982,0.991,0.967,0.974,13590213.6
1657555200000,0.975,0.984,0.968,0.973,8376070.1
1657569600000,0.974,0.976,0.933,0.94,13544622.4
1657584000000,0.94,0.948,0.932,0.943,9960621.9
1657598400000,0.942,0.95,0.926,0.931,10126734.9
1657612800000,0.932,0.936,0.921,0.932,11729175.2
1657627200000,0.931,0.943,0.926,0.937,11828033.4
1657641600000,0.937,0.948,0.914,0.922,11694390.7
1657656000000,0.922,0.929,0.914,0.915,8245362.4
1657670400000,0.916,0.93,0.903,0.924,14949438.7
1657684800000,0.923,0.939,0.921,0.936,10175304.2
1657699200000,0.937,0.943,0.93,0.936,10020741.4
1657713600000,0.937,0.949,0.886,0.911,45525559.3
1657728000000,0.911,0.932,0.903,0.918,12929290.3
1657742400000,0.917,0.955,0.916,0.948,13777492.3
1657756800000,0.949,0.957,0.939,0.942,11404725.0
1657771200000,0.943,0.948,0.929,0.935,11803546.7
1657785600000,0.935,0.937,0.918,0.927,11156745.7
1657800000000,0.927,0.95,0.914,0.949,19480021.6
1657814400000,0.948,0.978,0.943,0.964,21093744.1
1657828800000,0.964,0.974,0.963,0.971,7886262.9
1657843200000,0.971,0.974,0.958,0.97,11314625.4
1657857600000,0.97,0.982,0.962,0.975,12423606.8
1657872000000,0.976,0.988,0.97,0.97,11288395.8
1657886400000,0.97,0.984,0.968,0.973,10358987.6
1657900800000,0.973,0.989,0.961,0.989,11023960.1
1657915200000,0.989,0.994,0.969,0.975,8777064.0
1657929600000,0.974,0.976,0.957,0.966,7650981.2
1657944000000,0.966,0.97,0.95,0.953,6375182.0
1657958400000,0.953,0.965,0.951,0.961,7319844.9
1657972800000,0.962,0.979,0.961,0.977,7939238.1
1657987200000,0.978,1.015,0.976,0.997,29723659.6
1658001600000,0.997,1.009,0.99,1.008,7955323.8
1658016000000,1.008,1.014,0.993,1.005,8611180.6
1658030400000,1.004,1.025,1.001,1.012,11697987.0
1658044800000,1.012,1.016,0.987,0.999,14961936.6
1658059200000,0.998,1.001,0.983,0.991,10055399.8
1658073600000,0.991,1.005,0.971,0.992,18450349.2
1658088000000,0.991,1.0,0.981,0.984,6787047.4
1658102400000,0.984,1.024,0.981,1.019,13007148.8
1658116800000,1.019,1.062,1.01,1.053,21949048.4
1658131200000,1.053,1.062,1.039,1.045,14693854.4
1658145600000,1.045,1.069,1.036,1.062,15688011.2
1658160000000,1.063,1.065,1.014,1.025,19106752.7
1658174400000,1.026,1.061,1.02,1.055,13745569.9
1658188800000,1.055,1.072,1.029,1.032,25590598.1
1658203200000,1.031,1.043,1.021,1.027,18651393.9
1658217600000,1.028,1.051,1.024,1.043,14452908.2
1658232000000,1.042,1.067,1.04,1.064,24923676.2
1658246400000,1.064,1.088,1.061,1.072,23551576.1
1658260800000,1.071,1.093,1.067,1.075,12894751.5
1658275200000,1.075,1.089,1.055,1.082,16696464.4
1658289600000,1.083,1.096,1.07,1.072,15799742.3
1658304000000,1.072,1.088,1.051,1.079,38472053.8
1658318400000,1.08,1.103,1.07,1.096,33345362.6
1658332800000,1.097,1.1,1.061,1.069,21891266.7
1658347200000,1.069,1.075,1.026,1.04,25222514.5
1658361600000,1.04,1.049,1.006,1.014,18752010.8
1658376000000,1.014,1.034,1.002,1.026,15788859.5
1658390400000,1.027,1.035,1.012,1.018,14932667.9
1658404800000,1.019,1.03,1.009,1.021,16568976.4
1658419200000,1.022,1.054,1.02,1.053,14634782.1
1658433600000,1.052,1.057,1.04,1.053,9429174.9
1658448000000,1.052,1.061,1.037,1.039,13989100.5
1658462400000,1.039,1.076,1.037,1.066,17758935.3
1658476800000,1.067,1.091,1.065,1.089,19822385.8
1658491200000,1.089,1.186,1.084,1.144,90977692.7
1658505600000,1.144,1.2,1.14,1.16,84074072.6
1658520000000,1.161,1.217,1.153,1.175,74222496.2
1658534400000,1.175,1.183,1.143,1.17,48007936.1
1658548800000,1.17,1.199,1.156,1.169,39206108.8
1658563200000,1.17,1.18,1.137,1.139,41192900.9
1658577600000,1.139,1.159,1.132,1.154,35688537.4
1658592000000,1.153,1.158,1.126,1.14,25359575.3
1658606400000,1.14,1.175,1.137,1.164,15600569.8
1658620800000,1.164,1.264,1.16,1.24,66489689.5
1658635200000,1.239,1.255,1.222,1.232,38386310.9
1658649600000,1.233,1.256,1.221,1.227,34627255.6
1658664000000,1.227,1.23,1.207,1.226,27011226.5
1658678400000,1.227,1.233,1.208,1.211,18047293.5
1658692800000,1.211,1.242,1.19,1.202,32138833.3
1658707200000,1.202,1.206,1.143,1.149,41048139.1
1658721600000,1.149,1.162,1.143,1.162,13865655.7
1658736000000,1.162,1.174,1.155,1.161,17615833.7
1658750400000,1.16,1.178,1.143,1.156,24395342.2
1658764800000,1.156,1.169,1.12,1.144,21144520.1
1658779200000,1.144,1.163,1.096,1.107,21823962.5
1658793600000,1.106,1.111,1.075,1.101,26543403.6
1658808000000,1.101,1.11,1.088,1.09,12885746.8
1658822400000,1.091,1.106,1.079,1.091,10624514.9
1658836800000,1.091,1.099,1.069,1.069,15951562.4
1658851200000,1.07,1.087,1.064,1.073,14460644.8
1658865600000,1.074,1.113,1.067,1.11,17920371.7
1658880000000,1.111,1.116,1.089,1.092,11636897.3
1658894400000,1.092,1.119,1.09,1.111,15260468.7
1658908800000,1.111,1.119,1.103,1.106,13095001.1
1658923200000,1.106,1.135,1.102,1.127,14988072.6
1658937600000,1.127,1.237,1.12,1.231,45104484.0
1658952000000,1.231,1.26,1.228,1.255,19246966.5
1658966400000,1.255,1.281,1.231,1.261,24796122.4
1658980800000,1.262,1.271,1.247,1.249,19249743.4
1658995200000,1.25,1.3,1.247,1.271,25017077.3
1659009600000,1.271,1.316,1.232,1.308,43303239.4
1659024000000,1.308,1.347,1.298,1.319,23251434.5
1659038400000,1.32,1.356,1.304,1.314,23721394.7
1659052800000,1.313,1.321,1.287,1.309,15755665.4
1659067200000,1.308,1.318,1.278,1.284,14858956.4
1659081600000,1.285,1.309,1.255,1.269,16973645.3
1659096000000,1.268,1.296,1.247,1.281,20422346.1
1659110400000,1.282,1.299,1.249,1.29,17404163.4
1659124800000,1.29,1.327,1.279,1.299,13945871.8
1659139200000,1.299,1.308,1.264,1.286,15643741.3
1659153600000,1.287,1.303,1.268,1.299,7567557.3
1659168000000,1.299,1.307,1.274,1.293,12537547.2
1659182400000,1.293,1.345,1.286,1.336,19250192.1
1659196800000,1.336,1.386,1.328,1.336,18004054.6
1659211200000,1.335,1.355,1.292,1.308,15028151.6
1659225600000,1.307,1.32,1.295,1.301,9626668.8
1659240000000,1.302,1.323,1.297,1.298,7119009.1
1659254400000,1.299,1.308,1.276,1.303,9735697.9
1659268800000,1.303,1.449,1.295,1.404,67094528.9
1659283200000,1.405,1.412,1.349,1.382,30579383.5
1659297600000,1.382,1.397,1.324,1.33,16721053.7
1659312000000,1.331,1.368,1.325,1.352,11024523.0
1659326400000,1.352,1.363,1.324,1.346,12494381.7
1659340800000,1.347,1.351,1.305,1.319,13134615.2
1659355200000,1.319,1.336,1.302,1.317,18648356.6
1659369600000,1.318,1.319,1.229,1.243,32935246.6
1659384000000,1.243,1.26,1.232,1.255,14006863.8
1659398400000,1.254,1.269,1.152,1.171,46626126.4
1659412800000,1.17,1.182,1.157,1.179,22993710.7
1659427200000,1.179,1.191,1.158,1.181,16424175.1
1659441600000,1.18,1.201,1.159,1.191,30531312.9
1659456000000,1.192,1.219,1.182,1.192,20231050.9
1659470400000,1.193,1.207,1.177,1.185,11939204.4
1659484800000,1.186,1.195,1.147,1.178,21537071.0
1659499200000,1.179,1.207,1.175,1.195,13324984.6
1659513600000,1.196,1.216,1.194,1.213,10800905.4
1659528000000,1.212,1.228,1.207,1.218,15251978.3
1659542400000,1.217,1.232,1.211,1.222,8825977.1
1659556800000,1.221,1.222,1.163,1.173,18613010.3
1659571200000,1.173,1.202,1.17,1.199,12060607.6
1659585600000,1.199,1.209,1.174,1.185,12999704.2
1659600000000,1.184,1.194,1.175,1.18,12176538.2
1659614400000,1.181,1.2,1.166,1.19,17228927.9
1659628800000,1.19,1.199,1.153,1.178,26601558.9
1659643200000,1.177,1.19,1.169,1.187,8864274.8
1659657600000,1.187,1.232,1.185,1.223,15926493.4
1659672000000,1.223,1.243,1.215,1.232,13623985.5
1659686400000,1.232,1.253,1.222,1.246,12226509.5
1659700800000,1.247,1.253,1.218,1.224,18878425.5
1659715200000,1.224,1.236,1.221,1.234,8586466.1
1659729600000,1.234,1.27,1.228,1.258,10462775.2
1659744000000,1.257,1.271,1.246,1.25,9091094.5
1659758400000,1.252,1.257,1.239,1.25,7699904.3
1659772800000,1.251,1.259,1.238,1.242,8972589.4
1659787200000,1.241,1.253,1.239,1.245,7246456.9
1659801600000,1.246,1.247,1.22,1.237,11267911.4
1659816000000,1.237,1.244,1.221,1.225,9516812.8
1659830400000,1.226,1.234,1.199,1.223,13345750.6
1659844800000,1.224,1.233,1.22,1.23,9104407.6
1659859200000,1.23,1.238,1.221,1.236,7078797.9
1659873600000,1.237,1.249,1.232,1.234,9977331.5
1659888000000,1.233,1.248,1.23,1.238,6628523.2
1659902400000,1.239,1.252,1.226,1.229,6858977.5
1659916800000,1.228,1.246,1.226,1.244,9685148.1
1659931200000,1.243,1.268,1.241,1.263,13077933.2
1659945600000,1.263,1.284,1.261,1.281,13090878.0
1659960000000,1.281,1.286,1.257,1.263,16761911.1
1659974400000,1.263,1.264,1.247,1.259,10291553.2
1659988800000,1.26,1.272,1.235,1.25,9350777.6
1660003200000,1.251,1.257,1.236,1.25,9318604.0
1660017600000,1.25,1.258,1.242,1.254,10537193.5
1660032000000,1.253,1.255,1.184,1.191,24033723.4
1660046400000,1.19,1.197,1.154,1.171,28033163.0
1660060800000,1.17,1.176,1.162,1.172,11810681.6
1660075200000,1.171,1.185,1.17,1.176,9226038.8
1660089600000,1.176,1.178,1.145,1.162,19818837.7
1660104000000,1.163,1.181,1.161,1.177,16782136.4
1660118400000,1.178,1.192,1.175,1.188,9412193.0
1660132800000,1.188,1.257,1.183,1.248,32342001.7
1660147200000,1.249,1.27,1.242,1.252,19091631.7
1660161600000,1.252,1.291,1.249,1.276,21436913.3
1660176000000,1.276,1.313,1.275,1.306,23810022.8
1660190400000,1.306,1.321,1.296,1.3,19314801.8
1660204800000,1.301,1.306,1.286,1.299,14336173.8
1660219200000,1.3,1.336,1.298,1.306,31471781.8
1660233600000,1.307,1.33,1.305,1.318,11787886.4
1660248000000,1.318,1.327,1.301,1.311,13756059.4
1660262400000,1.311,1.318,1.286,1.311,14253238.3
1660276800000,1.311,1.316,1.295,1.304,8636634.6
1660291200000,1.304,1.315,1.267,1.271,15516138.3
1660305600000,1.272,1.302,1.271,1.296,16442203.7
1660320000000,1.296,1.318,1.291,1.311,10954469.6
1660334400000,1.311,1.33,1.305,1.327,7616299.7
1660348800000,1.328,1.348,1.321,1.344,11103264.6
1660363200000,1.344,1.354,1.334,1.344,8821755.3
1660377600000,1.343,1.41,1.324,1.367,24947132.8
1660392000000,1.366,1.367,1.34,1.347,13734153.2
1660406400000,1.347,1.357,1.336,1.344,8100969.5
1660420800000,1.344,1.358,1.34,1.349,7416116.0
1660435200000,1.349,1.368,1.34,1.354,10464138.5
1660449600000,1.355,1.381,1.352,1.372,12146352.9
1660464000000,1.373,1.374,1.349,1.354,9076700.6
1660478400000,1.354,1.356,1.316,1.34,14720153.8
1660492800000,1.34,1.343,1.29,1.308,14037183.7
1660507200000,1.308,1.315,1.292,1.304,7889118.9
1660521600000,1.304,1.354,1.297,1.335,15793766.2
1660536000000,1.335,1.342,1.263,1.272,26178149.6
1660550400000,1.271,1.277,1.252,1.258,17958153.6
1660564800000,1.258,1.281,1.25,1.28,12983131.7
1660579200000,1.279,1.287,1.262,1.266,8330854.7
1660593600000,1.267,1.276,1.246,1.272,9069541.2
1660608000000,1.271,1.285,1.241,1.273,17722875.8
1660622400000,1.273,1.278,1.24,1.269,13527263.5
1660636800000,1.27,1.297,1.265,1.291,13884824.1
1660651200000,1.29,1.315,1.271,1.302,20595345.6
1660665600000,1.302,1.382,1.3,1.348,49865200.3
1660680000000,1.349,1.383,1.344,1.381,22881662.2
1660694400000,1.381,1.664,1.371,1.625,318971867.6
1660708800000,1.625,1.655,1.583,1.589,201427216.2
1660723200000,1.589,1.609,1.536,1.548,150504016.3
1660737600000,1.547,1.579,1.498,1.553,236093259.0
1660752000000,1.552,1.573,1.516,1.519,115389259.4
1660766400000,1.519,1.537,1.461,1.479,104615493.4
1660780800000,1.48,1.481,1.43,1.435,97922912.7
1660795200000,1.435,1.454,1.413,1.443,66351229.5
1660809600000,1.442,1.459,1.427,1.438,49307369.8
1660824000000,1.438,1.452,1.42,1.442,43609191.7
1660838400000,1.441,1.485,1.424,1.474,67766319.4
1660852800000,1.474,1.562,1.425,1.483,158241643.4
1660867200000,1.483,1.491,1.372,1.385,149943141.1
1660881600000,1.384,1.406,1.226,1.31,128874900.3
1660896000000,1.31,1.32,1.283,1.31,74090309.4
1660910400000,1.311,1.322,1.298,1.315,48918030.2
1660924800000,1.314,1.359,1.293,1.31,55182181.6
1660939200000,1.311,1.32,1.24,1.27,66836776.9
1660953600000,1.271,1.307,1.267,1.287,40689422.3
1660968000000,1.287,1.31,1.281,1.304,27036459.6
1660982400000,1.305,1.306,1.289,1.295,19691286.1
1660996800000,1.294,1.301,1.283,1.292,21084437.0
1661011200000,1.292,1.422,1.29,1.363,171352404.1
1661025600000,1.363,1.427,1.34,1.41,90413912.0
1661040000000,1.41,1.478,1.389,1.399,109977298.9
1661054400000,1.4,1.412,1.373,1.402,67473721.6
1661068800000,1.403,1.486,1.4,1.449,135535131.3
1661083200000,1.45,1.53,1.432,1.492,137104260.0
1661097600000,1.493,1.548,1.48,1.531,139759134.4
1661112000000,1.53,1.588,1.484,1.569,144444507.3
1661126400000,1.569,1.573,1.513,1.518,104179256.6
1661140800000,1.518,1.534,1.467,1.475,110017603.4
1661155200000,1.476,1.55,1.471,1.518,138844183.9
1661169600000,1.519,1.72,1.494,1.683,417549938.3
1661184000000,1.683,1.75,1.678,1.722,271388053.6
1661198400000,1.721,1.95,1.708,1.835,396765059.6
1661212800000,1.835,1.9,1.763,1.769,207423375.1
1661227200000,1.769,1.788,1.74,1.773,150309551.2
1661241600000,1.772,1.848,1.707,1.736,187525057.2
1661256000000,1.736,1.837,1.721,1.795,204539317.2
1661270400000,1.795,1.854,1.771,1.777,109079555.2
1661284800000,1.777,1.821,1.736,1.804,81975127.9
1661299200000,1.805,1.814,1.713,1.729,103907147.8
1661313600000,1.73,1.773,1.68,1.698,97218319.9
1661328000000,1.697,1.723,1.69,1.713,71374400.8
1661342400000,1.712,1.734,1.673,1.719,103251879.6
1661356800000,1.719,1.734,1.685,1.7,58448605.9
1661371200000,1.7,1.815,1.692,1.773,106635653.0
1661385600000,1.773,1.773,1.657,1.666,108787320.6
1661400000000,1.666,1.707,1.664,1.705,63596129.0
1661414400000,1.705,1.71,1.667,1.683,45166166.3
1661428800000,1.684,1.738,1.663,1.695,86530238.2
1661443200000,1.694,1.786,1.687,1.773,115658525.4
1661457600000,1.773,1.789,1.724,1.731,61851337.3
1661472000000,1.732,1.774,1.682,1.686,79431685.9
1661486400000,1.685,1.692,1.634,1.661,64130657.2
1661500800000,1.661,1.746,1.649,1.74,106898886.6
1661515200000,1.74,1.753,1.64,1.668,177113513.5
1661529600000,1.669,1.671,1.587,1.605,86329268.5
1661544000000,1.605,1.61,1.522,1.547,76790372.1
1661558400000,1.546,1.558,1.498,1.512,64855478.8
1661572800000,1.512,1.525,1.47,1.521,62222391.5
1661587200000,1.521,1.522,1.499,1.503,39037580.7
1661601600000,1.503,1.506,1.465,1.488,63678763.7
1661616000000,1.488,1.56,1.479,1.548,83587122.8
1661630400000,1.548,1.558,1.516,1.54,39081102.3
1661644800000,1.539,1.569,1.527,1.529,47414339.2
1661659200000,1.529,1.537,1.506,1.517,40568433.7
1661673600000,1.516,1.525,1.478,1.493,42075599.1
1661688000000,1.492,1.53,1.473,1.519,55593838.2
1661702400000,1.52,1.529,1.496,1.502,30207494.5
1661716800000,1.501,1.509,1.409,1.425,58221645.6
1661731200000,1.424,1.451,1.401,1.437,63444445.6
1661745600000,1.437,1.444,1.417,1.434,30009233.6
1661760000000,1.433,1.446,1.422,1.43,30107258.2
1661774400000,1.43,1.497,1.427,1.475,77306268.5
1661788800000,1.474,1.482,1.456,1.468,29569162.6
1661803200000,1.469,1.504,1.466,1.493,26656821.9
1661817600000,1.493,1.495,1.466,1.489,27297594.6
1661832000000,1.489,1.517,1.478,1.488,43894785.1
1661846400000,1.487,1.494,1.455,1.461,36170879.2
1661860800000,1.462,1.467,1.375,1.395,86371905.6
1661875200000,1.395,1.41,1.341,1.393,72623736.1
1661889600000,1.392,1.415,1.383,1.392,31683841.3
1661904000000,1.392,1.447,1.39,1.434,44290828.3
1661918400000,1.434,1.439,1.404,1.409,32985300.4
1661932800000,1.409,1.424,1.39,1.411,41041437.4
1661947200000,1.41,1.425,1.367,1.379,63912635.6
1661961600000,1.379,1.4,1.363,1.383,47920621.1
1661976000000,1.383,1.396,1.361,1.372,20585727.6
1661990400000,1.373,1.385,1.342,1.362,35982992.9
1662004800000,1.362,1.38,1.344,1.362,28737315.3
1662019200000,1.361,1.496,1.356,1.472,160078970.1
1662033600000,1.472,1.482,1.396,1.419,108769506.3
1662048000000,1.419,1.449,1.413,1.444,46511434.5
1662062400000,1.444,1.487,1.441,1.48,40941040.9
1662076800000,1.48,1.54,1.477,1.526,104433704.3
1662091200000,1.527,1.556,1.507,1.528,84993182.7
1662105600000,1.528,1.557,1.501,1.549,74156571.0
1662120000000,1.55,1.59,1.535,1.555,112781694.9
1662134400000,1.554,1.557,1.48,1.493,75349025.5
1662148800000,1.492,1.563,1.488,1.545,56845046.4
1662163200000,1.545,1.575,1.507,1.547,61307322.2
1662177600000,1.547,1.6,1.517,1.529,100003974.2
1662192000000,1.528,1.548,1.512,1.524,49936122.0
1662206400000,1.525,1.544,1.509,1.519,35385370.1
1662220800000,1.518,1.539,1.514,1.516,30491730.4
1662235200000,1.517,1.533,1.51,1.517,16362198.0
1662249600000,1.517,1.545,1.511,1.52,33935609.7
1662264000000,1.519,1.521,1.466,1.472,40141196.8
1662278400000,1.471,1.493,1.468,1.487,30264074.1
1662292800000,1.487,1.5,1.465,1.477,31081675.2
1662307200000,1.478,1.493,1.467,1.482,21978073.7
1662321600000,1.483,1.5,1.474,1.491,19012521.6
1662336000000,1.49,1.506,1.472,1.485,35287649.5
1662350400000,1.485,1.487,1.445,1.449,36520914.1
1662364800000,1.45,1.456,1.42,1.436,38482021.4
1662379200000,1.436,1.492,1.431,1.49,52103523.8
1662393600000,1.489,1.555,1.488,1.535,85056625.7
1662408000000,1.536,1.593,1.528,1.568,49110263.8
1662422400000,1.568,1.588,1.523,1.542,58213417.4
1662436800000,1.543,1.563,1.533,1.539,40813973.8
1662451200000,1.539,1.546,1.51,1.531,40764309.4
1662465600000,1.53,1.542,1.494,1.525,61819700.8
1662480000000,1.525,1.529,1.389,1.405,91001448.9
1662494400000,1.404,1.408,1.372,1.394,38511989.3
1662508800000,1.393,1.406,1.358,1.393,47084029.0
1662523200000,1.392,1.457,1.385,1.452,40644852.5
1662537600000,1.453,1.514,1.449,1.483,130522269.7
1662552000000,1.484,1.585,1.483,1.579,166209940.7
1662566400000,1.578,1.65,1.565,1.636,172427480.7
1662580800000,1.636,1.703,1.633,1.663,113174836.7
1662595200000,1.663,1.68,1.629,1.653,101561339.3
1662609600000,1.652,1.736,1.611,1.634,159572236.8
1662624000000,1.635,1.649,1.61,1.621,73366728.0
1662638400000,1.621,1.648,1.586,1.599,130086463.1
1662652800000,1.599,1.625,1.592,1.623,54251219.5
1662667200000,1.623,1.634,1.588,1.601,28784784.7
1662681600000,1.601,1.667,1.564,1.66,97120853.0
1662696000000,1.66,1.688,1.645,1.649,72506911.9
1662710400000,1.65,1.748,1.642,1.688,102592740.9
1662724800000,1.688,1.719,1.653,1.66,63201499.6
1662739200000,1.66,1.666,1.626,1.638,41420835.0
1662753600000,1.638,1.679,1.631,1.66,31161558.2
1662768000000,1.661,1.696,1.632,1.651,43321887.2
1662782400000,1.652,1.687,1.636,1.652,33812587.2
1662796800000,1.653,1.806,1.65,1.799,96623729.3
1662811200000,1.8,1.867,1.78,1.799,131217216.3
1662825600000,1.799,1.805,1.74,1.75,53872163.0
1662840000000,1.751,1.782,1.727,1.747,41515629.5
1662854400000,1.747,1.835,1.743,1.779,63673889.8
1662868800000,1.779,1.788,1.712,1.753,48212462.0
1662883200000,1.754,1.773,1.736,1.749,36074248.9
1662897600000,1.749,1.75,1.701,1.732,42220269.2
1662912000000,1.732,1.744,1.713,1.719,24904875.4
1662926400000,1.718,1.725,1.663,1.711,37199853.7
1662940800000,1.711,1.737,1.654,1.673,62804709.1
1662955200000,1.673,1.701,1.665,1.7,30906311.0
1662969600000,1.699,1.777,1.691,1.722,67185527.1
1662984000000,1.721,1.731,1.656,1.662,52084887.6
1662998400000,1.662,1.678,1.63,1.666,40341231.1
1663012800000,1.666,1.675,1.643,1.658,24952190.3
1663027200000,1.657,1.66,1.62,1.65,30692301.7
1663041600000,1.651,1.689,1.641,1.666,41016531.5
1663056000000,1.666,1.694,1.641,1.675,39490130.2
1663070400000,1.675,1.695,1.538,1.549,101947024.5
1663084800000,1.548,1.565,1.5,1.528,37486817.4
1663099200000,1.529,1.538,1.459,1.468,43192416.6
1663113600000,1.468,1.503,1.445,1.498,43255309.3
1663128000000,1.498,1.502,1.445,1.469,31239494.9
1663142400000,1.468,1.49,1.454,1.47,38388542.0
1663156800000,1.471,1.498,1.453,1.475,42738003.6
1663171200000,1.475,1.48,1.409,1.433,49603277.9
1663185600000,1.433,1.484,1.424,1.473,28629529.9
1663200000000,1.472,1.474,1.398,1.418,43274703.1
1663214400000,1.418,1.483,1.41,1.468,63408685.0
1663228800000,1.468,1.468,1.442,1.46,27801356.0
1663243200000,1.46,1.463,1.384,1.406,61890210.7
1663257600000,1.406,1.434,1.397,1.418,30877888.3
1663272000000,1.419,1.425,1.363,1.38,29867543.1
1663286400000,1.379,1.453,1.377,1.416,63688624.4
1663300800000,1.416,1.438,1.41,1.414,25879783.2
1663315200000,1.415,1.435,1.398,1.433,32659952.5
1663329600000,1.432,1.452,1.387,1.443,53040837.1
1663344000000,1.443,1.444,1.378,1.401,51573431.2
1663358400000,1.401,1.425,1.4,1.423,15043834.9
1663372800000,1.423,1.45,1.418,1.43,25901940.0
1663387200000,1.43,1.444,1.415,1.429,18217990.3
1663401600000,1.429,1.434,1.415,1.423,15264031.4
1663416000000,1.423,1.475,1.417,1.463,43381297.6
1663430400000,1.464,1.48,1.453,1.463,29628540.1
1663444800000,1.464,1.49,1.464,1.47,17816764.5
1663459200000,1.47,1.473,1.421,1.451,29205331.1
1663473600000,1.451,1.459,1.439,1.447,16873458.5
1663488000000,1.447,1.457,1.404,1.428,32314109.1
1663502400000,1.428,1.437,1.403,1.409,22514648.1
1663516800000,1.41,1.414,1.348,1.37,54808108.8
1663531200000,1.369,1.371,1.23,1.272,88821772.2
1663545600000,1.272,1.29,1.208,1.249,74151205.4
1663560000000,1.249,1.264,1.223,1.245,39661402.1
1663574400000,1.245,1.262,1.225,1.256,32657748.2
1663588800000,1.257,1.31,1.254,1.281,58859150.1
1663603200000,1.282,1.3,1.267,1.294,33644619.5
1663617600000,1.293,1.312,1.282,1.298,21657802.3
1663632000000,1.298,1.303,1.26,1.272,33576475.1
1663646400000,1.273,1.303,1.268,1.283,25002447.2
1663660800000,1.283,1.293,1.264,1.276,28387027.7
1663675200000,1.275,1.29,1.241,1.29,55856848.4
1663689600000,1.29,1.383,1.282,1.31,161380492.3
1663704000000,1.311,1.349,1.305,1.336,41002286.9
1663718400000,1.337,1.363,1.316,1.337,53643064.1
1663732800000,1.336,1.344,1.279,1.294,63239198.5
1663747200000,1.294,1.308,1.269,1.308,55042797.6
1663761600000,1.307,1.312,1.262,1.276,48152873.9
1663776000000,1.275,1.314,1.197,1.25,116186141.3
1663790400000,1.249,1.254,1.155,1.179,71691274.6
1663804800000,1.178,1.194,1.164,1.191,47791270.5
1663819200000,1.192,1.222,1.19,1.22,44953633.0
1663833600000,1.221,1.244,1.214,1.241,47839339.6
1663848000000,1.24,1.245,1.209,1.217,53608533.9
1663862400000,1.217,1.237,1.202,1.226,52310542.7
1663876800000,1.226,1.251,1.22,1.235,28013828.6
1663891200000,1.236,1.258,1.213,1.25,43882219.0
1663905600000,1.25,1.259,1.223,1.225,41010365.5
1663920000000,1.225,1.232,1.19,1.198,60371572.3
1663934400000,1.198,1.218,1.164,1.187,66129414.3
1663948800000,1.188,1.195,1.171,1.194,41188558.7
1663963200000,1.194,1.238,1.192,1.228,36307365.5
1663977600000,1.227,1.236,1.213,1.228,25932435.6
1663992000000,1.227,1.24,1.213,1.222,20732810.2
1664006400000,1.221,1.233,1.214,1.227,28944806.8
1664020800000,1.228,1.249,1.221,1.231,47172379.5
1664035200000,1.231,1.234,1.209,1.224,21174085.3
1664049600000,1.224,1.229,1.186,1.196,28527996.7
1664064000000,1.197,1.21,1.195,1.207,16882332.6
1664078400000,1.207,1.22,1.202,1.209,21155664.2
1664092800000,1.21,1.216,1.195,1.207,13389908.0
1664107200000,1.208,1.213,1.182,1.197,25856828.5
1664121600000,1.197,1.202,1.169,1.185,33000212.2
1664136000000,1.185,1.187,1.141,1.164,36328286.6
1664150400000,1.164,1.175,1.15,1.163,33120982.6
1664164800000,1.162,1.168,1.132,1.153,42181471.7
1664179200000,1.153,1.191,1.145,1.157,49700520.5
1664193600000,1.156,1.184,1.149,1.169,44917135.7
1664208000000,1.17,1.191,1.154,1.178,35344167.6
1664222400000,1.179,1.188,1.165,1.181,23107500.4
1664236800000,1.181,1.213,1.179,1.203,33477442.6
1664251200000,1.202,1.226,1.2,1.211,28259399.5
1664265600000,1.211,1.217,1.197,1.208,20420706.9
1664280000000,1.207,1.22,1.198,1.2,41854626.1
1664294400000,1.2,1.204,1.136,1.148,70219949.2
1664308800000,1.148,1.161,1.138,1.152,23780851.4
1664323200000,1.153,1.166,1.101,1.117,55896379.1
1664337600000,1.117,1.125,1.105,1.121,25371933.0
1664352000000,1.121,1.134,1.109,1.132,35073431.6
1664366400000,1.132,1.15,1.128,1.147,36286481.5
1664380800000,1.147,1.155,1.135,1.15,24592261.2
1664395200000,1.15,1.164,1.146,1.147,22711220.0
1664409600000,1.147,1.156,1.143,1.153,22063126.1
1664424000000,1.154,1.21,1.153,1.181,85071190.7
1664438400000,1.182,1.208,1.177,1.194,62777284.5
1664452800000,1.195,1.207,1.16,1.195,100725222.3
1664467200000,1.194,1.221,1.188,1.209,61898376.2
1664481600000,1.209,1.229,1.198,1.203,61012651.3
1664496000000,1.203,1.208,1.179,1.191,55826532.5
1664510400000,1.191,1.219,1.187,1.21,35050140.7
1664524800000,1.21,1.212,1.183,1.188,36651784.4
1664539200000,1.188,1.226,1.179,1.208,73800358.2
1664553600000,1.208,1.218,1.189,1.195,43979109.1
1664568000000,1.195,1.2,1.166,1.182,29548156.9
1664582400000,1.183,1.201,1.179,1.196,22861680.0
1664596800000,1.196,1.203,1.188,1.191,18529899.2
1664611200000,1.192,1.208,1.189,1.197,24736203.9
1664625600000,1.197,1.201,1.189,1.194,21991103.3
1664640000000,1.194,1.234,1.191,1.204,61493380.8
1664654400000,1.203,1.228,1.194,1.222,31402610.7
1664668800000,1.222,1.226,1.203,1.211,22748484.3
1664683200000,1.212,1.219,1.2,1.202,18838121.4
1664697600000,1.202,1.21,1.173,1.187,36380181.3
1664712000000,1.187,1.194,1.172,1.18,37450277.7
1664726400000,1.18,1.196,1.179,1.187,25951545.3
1664740800000,1.187,1.19,1.151,1.159,39957744.7
1664755200000,1.159,1.178,1.146,1.168,37404248.0
1664769600000,1.169,1.172,1.155,1.169,29555167.4
1664784000000,1.17,1.179,1.163,1.179,27432872.7
1664798400000,1.178,1.193,1.17,1.183,47587928.5
1664812800000,1.184,1.189,1.176,1.182,24655169.2
1664827200000,1.183,1.193,1.177,1.186,17436807.8
1664841600000,1.185,1.192,1.173,1.178,20093641.7
1664856000000,1.178,1.197,1.176,1.19,19688454.4
1664870400000,1.191,1.199,1.189,1.191,21801795.9
1664884800000,1.191,1.206,1.187,1.198,32042650.0
1664899200000,1.199,1.204,1.187,1.201,20629562.6
1664913600000,1.202,1.208,1.195,1.2,12579303.8
1664928000000,1.199,1.202,1.187,1.189,12377710.1
1664942400000,1.189,1.198,1.18,1.182,12907170.1
1664956800000,1.182,1.186,1.165,1.17,25726204.8
1664971200000,1.171,1.171,1.154,1.165,35024164.2
1664985600000,1.165,1.178,1.163,1.17,19460252.3
1665000000000,1.171,1.176,1.165,1.174,12110923.0
1665014400000,1.174,1.19,1.174,1.186,19889990.1
1665028800000,1.186,1.189,1.172,1.177,15658896.3
1665043200000,1.176,1.186,1.17,1.182,12268917.8
1665057600000,1.183,1.189,1.167,1.173,31244355.6
1665072000000,1.174,1.181,1.166,1.167,15727681.0
1665086400000,1.167,1.172,1.15,1.154,16539577.9
1665100800000,1.154,1.165,1.152,1.16,11729710.5
1665115200000,1.161,1.166,1.155,1.161,9637430.8
1665129600000,1.162,1.165,1.158,1.161,10185039.0
1665144000000,1.162,1.162,1.12,1.136,47183063.5
1665158400000,1.137,1.142,1.12,1.127,27101591.4
1665172800000,1.127,1.128,1.101,1.119,30124571.2
1665187200000,1.12,1.132,1.117,1.13,15756992.6
1665201600000,1.13,1.131,1.122,1.129,10210997.3
1665216000000,1.128,1.13,1.121,1.127,9760037.3
1665230400000,1.128,1.13,1.122,1.124,9637618.0
1665244800000,1.125,1.129,1.122,1.124,6945213.7
1665259200000,1.124,1.126,1.088,1.111,22737400.0
1665273600000,1.111,1.116,1.108,1.114,10110679.0
1665288000000,1.114,1.129,1.11,1.123,15698938.5
1665302400000,1.123,1.132,1.121,1.126,10103792.1
1665316800000,1.125,1.131,1.123,1.129,8262631.6
1665331200000,1.13,1.134,1.115,1.124,12549292.1
1665345600000,1.125,1.126,1.112,1.119,12317364.6
1665360000000,1.119,1.132,1.116,1.124,16367149.7
1665374400000,1.124,1.128,1.114,1.118,15338609.3
1665388800000,1.118,1.118,1.09,1.106,40208284.4
1665403200000,1.105,1.111,1.095,1.102,28995868.3
1665417600000,1.102,1.104,1.006,1.06,119983648.8
1665432000000,1.06,1.062,1.025,1.033,34543340.3
1665446400000,1.033,1.036,1.003,1.034,53963911.4
1665460800000,1.033,1.054,1.029,1.045,25787417.2
1665475200000,1.045,1.053,1.037,1.052,20770379.0
1665489600000,1.053,1.062,1.037,1.055,36166206.0
1665504000000,1.055,1.06,1.038,1.042,17503264.1
1665518400000,1.042,1.048,1.034,1.043,10880131.1
1665532800000,1.043,1.052,1.037,1.041,14625798.5
1665547200000,1.041,1.054,1.04,1.048,12856399.0
1665561600000,1.047,1.055,1.044,1.049,11272589.2
1665576000000,1.049,1.051,1.033,1.044,31263422.7
1665590400000,1.044,1.046,1.023,1.037,21822532.9
1665604800000,1.036,1.04,1.036,1.037,7935125.2
1665619200000,1.038,1.042,1.005,1.016,27467941.3
1665633600000,1.016,1.02,0.959,0.98,68790831.2
1665648000000,0.981,0.987,0.936,0.964,62359833.8
1665662400000,0.965,0.999,0.932,0.995,73464373.0
1665676800000,0.996,1.023,0.991,1.015,31794408.5
1665691200000,1.016,1.024,1.012,1.014,13810589.4
1665705600000,1.013,1.048,1.004,1.039,33000129.2
1665720000000,1.039,1.043,1.026,1.029,18360265.3
1665734400000,1.03,1.039,1.026,1.027,15182768.0
1665748800000,1.027,1.043,1.008,1.01,41910853.8
1665763200000,1.011,1.015,0.999,1.011,24625889.7
1665777600000,1.011,1.018,0.991,1.007,13928844.0
1665792000000,1.007,1.016,1.005,1.015,9751221.5
1665806400000,1.014,1.02,1.009,1.017,9725437.6
1665820800000,1.017,1.053,1.001,1.048,44777668.1
1665835200000,1.047,1.064,1.036,1.052,57579643.1
1665849600000,1.052,1.073,1.051,1.066,43512287.0
1665864000000,1.066,1.071,1.038,1.051,36024130.2
1665878400000,1.051,1.075,1.049,1.06,37915889.7
1665892800000,1.059,1.063,1.05,1.055,17020560.8
1665907200000,1.056,1.062,1.043,1.054,19074053.2
1665921600000,1.053,1.058,1.036,1.046,27490731.8
1665936000000,1.047,1.059,1.035,1.056,22451291.7
1665950400000,1.057,1.06,1.036,1.05,25614357.9
1665964800000,1.049,1.053,1.037,1.042,17237176.4
1665979200000,1.042,1.051,1.038,1.046,14786888.5
1665993600000,1.047,1.059,1.041,1.053,20569272.7
1666008000000,1.053,1.068,1.05,1.055,26828014.2
1666022400000,1.056,1.061,1.046,1.052,16079975.1
1666036800000,1.051,1.067,1.05,1.063,11412979.3
1666051200000,1.064,1.079,1.062,1.072,25223542.2
1666065600000,1.073,1.077,1.064,1.071,17652628.7
1666080000000,1.071,1.071,1.043,1.052,28052108.6
1666094400000,1.051,1.059,1.036,1.045,45351086.1
1666108800000,1.044,1.054,1.019,1.035,44021737.2
1666123200000,1.035,1.052,1.032,1.048,16733687.5
1666137600000,1.048,1.054,1.035,1.047,23985208.5
1666152000000,1.047,1.047,1.031,1.039,22419017.4
1666166400000,1.04,1.041,1.027,1.033,22984749.4
1666180800000,1.033,1.037,1.025,1.035,24696230.2
1666195200000,1.036,1.036,1.011,1.027,20393492.9
1666209600000,1.027,1.031,0.99,1.004,36947444.8
1666224000000,1.004,1.012,0.995,1.009,27272731.6
1666238400000,1.009,1.044,1.009,1.043,43829169.9
1666252800000,1.043,1.063,1.041,1.057,41438943.8
1666267200000,1.057,1.091,1.052,1.067,102900803.3
1666281600000,1.067,1.068,1.032,1.044,68302226.7
1666296000000,1.044,1.046,1.027,1.042,34014854.7
1666310400000,1.042,1.046,1.023,1.029,43461592.4
1666324800000,1.029,1.036,1.023,1.029,19151696.7
1666339200000,1.028,1.03,1.005,1.021,62979297.5
1666353600000,1.022,1.063,1.02,1.059,84800497.4
1666368000000,1.059,1.079,1.053,1.073,48562908.0
1666382400000,1.072,1.078,1.062,1.068,14843162.7
1666396800000,1.069,1.07,1.051,1.058,18129086.2
1666411200000,1.058,1.066,1.054,1.063,17207974.9
1666425600000,1.062,1.069,1.057,1.057,17586159.4
1666440000000,1.058,1.067,1.051,1.062,23008225.6
1666454400000,1.061,1.078,1.044,1.073,37270153.7
1666468800000,1.073,1.077,1.064,1.065,13832941.5
1666483200000,1.066,1.09,1.062,1.08,33834708.8
1666497600000,1.081,1.086,1.072,1.08,20768672.4
1666512000000,1.08,1.09,1.067,1.072,28016885.9
1666526400000,1.072,1.086,1.062,1.075,28455804.1
1666540800000,1.076,1.083,1.067,1.08,25449532.1
1666555200000,1.08,1.098,1.076,1.094,25522071.8
1666569600000,1.094,1.097,1.069,1.074,28929257.5
1666584000000,1.073,1.074,1.056,1.065,26930283.5
1666598400000,1.064,1.079,1.06,1.077,27457879.9
1666612800000,1.078,1.079,1.06,1.072,43683042.9
1666627200000,1.072,1.073,1.062,1.071,18586287.4
1666641600000,1.071,1.075,1.063,1.067,8730035.2
1666656000000,1.067,1.076,1.064,1.073,22487212.6
1666670400000,1.073,1.075,1.065,1.066,8671971.0
1666684800000,1.066,1.069,1.052,1.057,22716068.6
1666699200000,1.058,1.082,1.05,1.078,36371198.6
1666713600000,1.079,1.129,1.077,1.106,112350837.5
1666728000000,1.105,1.109,1.085,1.098,28225815.6
1666742400000,1.098,1.126,1.097,1.12,34211870.1
1666756800000,1.12,1.127,1.112,1.115,32877242.4
1666771200000,1.116,1.13,1.106,1.118,35999526.8
1666785600000,1.118,1.136,1.108,1.117,58036950.3
1666800000000,1.117,1.127,1.111,1.122,28131927.8
1666814400000,1.123,1.135,1.119,1.126,19842368.6
1666828800000,1.126,1.151,1.119,1.15,39143674.2
1666843200000,1.149,1.153,1.129,1.138,34762793.4
1666857600000,1.138,1.142,1.125,1.129,24117230.1
1666872000000,1.129,1.138,1.111,1.119,42748053.9
1666886400000,1.119,1.134,1.116,1.132,16426423.6
1666900800000,1.132,1.133,1.112,1.123,29981681.8
1666915200000,1.124,1.163,1.119,1.136,64750976.0
1666929600000,1.136,1.155,1.121,1.125,42857709.2
1666944000000,1.125,1.149,1.124,1.141,54253049.0
1666958400000,1.141,1.15,1.13,1.141,50107927.5
1666972800000,1.14,1.152,1.136,1.144,27805502.7
1666987200000,1.145,1.154,1.135,1.135,11813622.0
1667001600000,1.136,1.148,1.135,1.145,20295295.1
1667016000000,1.146,1.149,1.136,1.143,17159320.0
1667030400000,1.144,1.163,1.139,1.144,37733022.9
1667044800000,1.144,1.149,1.132,1.138,28460750.7
1667059200000,1.138,1.164,1.136,1.143,48263371.2
1667073600000,1.143,1.148,1.12,1.135,20632236.4
1667088000000,1.136,1.14,1.127,1.137,14789456.1
1667102400000,1.137,1.154,1.133,1.153,20270750.2
1667116800000,1.152,1.154,1.128,1.132,23917241.9
1667131200000,1.133,1.135,1.112,1.123,26118216.1
1667145600000,1.122,1.126,1.117,1.122,13019661.5
1667160000000,1.121,1.125,1.077,1.108,34372827.0
1667174400000,1.109,1.121,1.099,1.12,22728485.1
1667188800000,1.121,1.125,1.111,1.118,13294480.3
1667203200000,1.118,1.135,1.107,1.131,29094710.1
1667217600000,1.132,1.137,1.095,1.116,45828954.6
1667232000000,1.116,1.149,1.113,1.141,32631738.7
1667246400000,1.141,1.156,1.132,1.147,19145421.8
1667260800000,1.147,1.181,1.147,1.16,43173933.9
1667275200000,1.161,1.164,1.15,1.156,19040316.7
1667289600000,1.157,1.164,1.146,1.158,26033769.3
1667304000000,1.158,1.162,1.137,1.154,33006765.4
1667318400000,1.154,1.16,1.144,1.146,19443388.1
1667332800000,1.145,1.146,1.137,1.14,7388935.2
1667347200000,1.141,1.141,1.129,1.138,17044898.2
1667361600000,1.138,1.144,1.13,1.138,15305920.2
1667376000000,1.138,1.18,1.126,1.131,61297192.8
1667390400000,1.132,1.158,1.127,1.148,33212079.0
1667404800000,1.147,1.164,1.126,1.131,49458575.6
1667419200000,1.132,1.134,1.097,1.117,31217380.3
1667433600000,1.118,1.144,1.112,1.143,21925613.2
1667448000000,1.144,1.166,1.137,1.154,31568765.3
1667462400000,1.153,1.16,1.13,1.139,25605191.9
1667476800000,1.14,1.154,1.131,1.146,34123437.5
1667491200000,1.146,1.161,1.146,1.155,16556981.1
1667505600000,1.155,1.156,1.143,1.147,14077336.2
1667520000000,1.147,1.172,1.136,1.172,30562983.7
1667534400000,1.171,1.18,1.162,1.17,35634669.8
1667548800000,1.17,1.193,1.165,1.166,49060599.8
1667563200000,1.167,1.197,1.16,1.179,43257254.3
1667577600000,1.178,1.191,1.171,1.189,24800887.6
1667592000000,1.189,1.198,1.187,1.195,11007119.0
1667606400000,1.195,1.208,1.186,1.2,25065101.4
1667620800000,1.201,1.206,1.192,1.196,14099557.9
1667635200000,1.196,1.206,1.176,1.199,22882000.9
1667649600000,1.199,1.219,1.176,1.207,29602057.2
1667664000000,1.207,1.209,1.174,1.183,45707023.3
1667678400000,1.183,1.183,1.14,1.167,31996235.0
1667692800000,1.167,1.173,1.15,1.169,33279675.1
1667707200000,1.169,1.171,1.154,1.159,14158542.3
1667721600000,1.159,1.17,1.155,1.164,17415192.2
1667736000000,1.164,1.165,1.154,1.158,15046672.5
1667750400000,1.157,1.158,1.133,1.138,30667639.3
1667764800000,1.139,1.14,1.104,1.111,27777804.6
1667779200000,1.111,1.137,1.107,1.13,17576368.9
1667793600000,1.13,1.133,1.1,1.106,16733281.2
1667808000000,1.106,1.127,1.105,1.122,13521296.1
1667822400000,1.123,1.138,1.118,1.137,17885455.7
1667836800000,1.137,1.141,1.126,1.139,11483541.2
1667851200000,1.139,1.142,1.111,1.132,15582553.7
1667865600000,1.133,1.153,1.078,1.086,54288007.5
1667880000000,1.086,1.106,1.03,1.09,73135645.1
1667894400000,1.09,1.109,1.084,1.095,25842171.6
1667908800000,1.096,1.107,1.081,1.096,32051388.3
1667923200000,1.097,1.139,0.823,0.945,146686772.1
1667937600000,0.946,0.974,0.931,0.963,63787621.1
1667952000000,0.963,0.968,0.923,0.948,34817233.4
1667966400000,0.948,0.961,0.927,0.952,33590905.9
1667980800000,0.953,0.956,0.902,0.94,55903238.4
1667995200000,0.94,0.949,0.911,0.92,47215993.7
1668009600000,0.919,0.939,0.87,0.901,49786351.0
1668024000000,0.902,0.915,0.783,0.822,70589885.5
1668038400000,0.822,0.852,0.803,0.839,36718944.1
1668052800000,0.84,0.888,0.837,0.878,30823874.1
1668067200000,0.878,0.884,0.848,0.864,29841187.8
1668081600000,0.863,0.952,0.861,0.941,84827424.6
1668096000000,0.942,0.961,0.905,0.924,33882640.4
1668110400000,0.924,0.95,0.916,0.937,22045046.3
1668124800000,0.937,0.948,0.894,0.91,25437758.8
1668139200000,0.91,0.931,0.904,0.927,13508411.9
1668153600000,0.926,0.942,0.923,0.933,14569989.1
1668168000000,0.934,0.943,0.871,0.911,46587248.7
1668182400000,0.912,0.919,0.887,0.915,19897064.9
1668196800000,0.914,0.937,0.899,0.934,13328840.6
1668211200000,0.934,0.937,0.91,0.914,8851738.5
1668225600000,0.914,0.918,0.88,0.906,19209340.3
1668240000000,0.906,0.912,0.896,0.908,10296332.5
1668254400000,0.908,0.927,0.894,0.899,19380072.2
1668268800000,0.899,0.904,0.891,0.899,9383273.0
1668283200000,0.899,0.902,0.88,0.892,9481235.3
1668297600000,0.892,0.915,0.891,0.908,14610289.8
1668312000000,0.909,0.909,0.882,0.892,11628144.2
1668326400000,0.892,0.892,0.861,0.878,18022566.7
1668340800000,0.878,0.889,0.873,0.88,13374968.3
1668355200000,0.881,0.891,0.876,0.886,11795054.7
1668369600000,0.886,0.892,0.869,0.884,14790382.8
1668384000000,0.884,0.888,0.826,0.861,26301927.8
1668398400000,0.861,0.893,0.84,0.893,23925452.7
1668412800000,0.892,0.923,0.892,0.91,20302445.1
1668427200000,0.911,0.922,0.894,0.902,26818104.4
1668441600000,0.903,0.906,0.887,0.892,16445456.0
1668456000000,0.892,0.917,0.888,0.916,11764364.5
1668470400000,0.916,0.926,0.905,0.92,13546290.9
1668484800000,0.919,0.927,0.914,0.924,7039102.7
1668499200000,0.925,0.93,0.918,0.927,11473417.5
1668513600000,0.928,0.944,0.924,0.936,21528115.6
1668528000000,0.936,0.951,0.921,0.928,16008436.7
1668542400000,0.928,0.934,0.918,0.926,11562488.2
1668556800000,0.925,0.943,0.916,0.943,8910956.9
1668571200000,0.943,0.944,0.925,0.927,8259555.2
1668585600000,0.928,0.929,0.915,0.919,11901305.5
1668600000000,0.919,0.922,0.901,0.905,19865830.1
1668614400000,0.905,0.917,0.899,0.904,9158407.6
1668628800000,0.905,0.905,0.891,0.896,10357747.1
1668643200000,0.897,0.908,0.892,0.895,9905752.0
1668657600000,0.894,0.897,0.881,0.896,12690971.0
1668672000000,0.896,0.9,0.885,0.893,7186123.6
1668686400000,0.894,0.903,0.882,0.89,13189128.7
1668700800000,0.889,0.902,0.887,0.897,8135778.9
1668715200000,0.896,0.904,0.894,0.9,5203973.3
1668729600000,0.9,0.915,0.898,0.909,9322532.5
1668744000000,0.909,0.918,0.907,0.911,5641768.5
1668758400000,0.912,0.915,0.902,0.908,7949508.7
1668772800000,0.908,0.912,0.9,0.903,9269901.0
1668787200000,0.902,0.903,0.886,0.892,11471934.9
1668801600000,0.892,0.901,0.89,0.897,4615478.3
1668816000000,0.897,0.9,0.887,0.891,4766956.6
1668830400000,0.892,0.893,0.873,0.887,11763983.2
1668844800000,0.886,0.896,0.886,0.893,5776796.7
1668859200000,0.893,0.908,0.888,0.9,9476583.6
1668873600000,0.901,0.905,0.896,0.901,4888497.5
1668888000000,0.901,0.908,0.898,0.903,6324304.9
1668902400000,0.903,0.911,0.9,0.906,6070139.9
1668916800000,0.907,0.915,0.905,0.911,5562491.0
1668931200000,0.911,0.913,0.885,0.887,17700704.4
1668945600000,0.888,0.896,0.882,0.892,10630448.6
1668960000000,0.893,0.898,0.886,0.895,7527516.4
1668974400000,0.895,0.896,0.859,0.87,20825510.4
1668988800000,0.871,0.88,0.852,0.864,23843108.1
1669003200000,0.863,0.87,0.856,0.858,15166102.8
1669017600000,0.858,0.863,0.846,0.852,16712784.6
1669032000000,0.852,0.867,0.847,0.859,15567326.5
1669046400000,0.858,0.861,0.825,0.835,30515184.8
1669060800000,0.835,0.853,0.834,0.848,18452651.8
1669075200000,0.849,0.859,0.845,0.851,10091962.4
1669089600000,0.851,0.854,0.837,0.844,8389055.4
1669104000000,0.845,0.845,0.831,0.838,14517285.0
1669118400000,0.837,0.878,0.834,0.874,30985334.0
1669132800000,0.874,0.878,0.865,0.871,12094118.3
1669147200000,0.872,0.88,0.869,0.879,7454054.6
1669161600000,0.88,0.903,0.87,0.899,20963858.9
1669176000000,0.899,0.923,0.896,0.904,20482612.3
1669190400000,0.904,0.915,0.899,0.908,17505865.8
1669204800000,0.907,0.909,0.89,0.898,16000210.1
1669219200000,0.898,0.907,0.885,0.898,23087837.6
1669233600000,0.898,0.912,0.894,0.91,9055038.7
1669248000000,0.911,0.92,0.904,0.917,13351747.7
1669262400000,0.916,0.919,0.906,0.906,8618346.7
1669276800000,0.906,0.908,0.892,0.901,13468361.5
1669291200000,0.9,0.915,0.896,0.91,14531621.8
1669305600000,0.91,0.914,0.898,0.912,16332415.8
1669320000000,0.913,0.915,0.904,0.911,8839073.1
1669334400000,0.91,0.913,0.891,0.898,13364432.4
1669348800000,0.899,0.933,0.892,0.928,14542686.7
1669363200000,0.928,0.986,0.928,0.938,104177196.4
1669377600000,0.939,0.942,0.928,0.939,22870562.8
1669392000000,0.939,0.941,0.929,0.937,13106181.7
1669406400000,0.937,0.94,0.929,0.933,9019944.4
1669420800000,0.932,0.946,0.93,0.939,18217969.0
1669435200000,0.939,0.943,0.93,0.931,9393486.3
1669449600000,0.932,0.94,0.928,0.936,11053236.3
1669464000000,0.937,0.942,0.92,0.929,18040390.1
1669478400000,0.928,0.932,0.915,0.921,11099124.7
1669492800000,0.92,0.935,0.919,0.933,8767101.6
1669507200000,0.933,0.94,0.93,0.938,9003909.1
1669521600000,0.938,0.942,0.931,0.935,8046381.3
1669536000000,0.935,0.94,0.928,0.936,10951780.1
1669550400000,0.936,0.939,0.93,0.937,8016574.9
1669564800000,0.937,0.962,0.932,0.944,21692143.0
1669579200000,0.945,0.953,0.921,0.928,23925446.8
1669593600000,0.928,0.935,0.883,0.9,30517192.9
1669608000000,0.899,0.901,0.889,0.899,10150460.5
1669622400000,0.9,0.904,0.892,0.893,11346252.7
1669636800000,0.894,0.904,0.888,0.892,16572333.6
1669651200000,0.893,0.911,0.884,0.9,18152953.7
1669665600000,0.899,0.905,0.899,0.903,8199417.3
1669680000000,0.902,0.914,0.897,0.909,12393065.0
1669694400000,0.91,0.922,0.909,0.916,10919626.6
1669708800000,0.917,0.922,0.915,0.916,9216585.4
1669723200000,0.917,0.92,0.906,0.914,12450016.4
1669737600000,0.913,0.92,0.904,0.916,10356660.1
1669752000000,0.915,0.923,0.915,0.916,6731711.2
1669766400000,0.916,0.946,0.915,0.931,21316540.4
1669780800000,0.931,0.939,0.931,0.936,6529436.0
1669795200000,0.936,0.946,0.929,0.944,12440656.1
1669809600000,0.943,0.946,0.936,0.944,13050070.3
1669824000000,0.944,0.951,0.923,0.944,22668354.4
1669838400000,0.943,0.955,0.941,0.949,9944239.8
1669852800000,0.949,0.952,0.939,0.944,10393737.9
1669867200000,0.944,0.944,0.936,0.937,6857149.9
1669881600000,0.937,0.94,0.932,0.938,10843999.0
1669896000000,0.938,0.944,0.921,0.928,29600087.5
1669910400000,0.928,0.934,0.925,0.933,10134525.0
1669924800000,0.932,0.934,0.926,0.932,5514116.5
1669939200000,0.931,0.936,0.918,0.925,14666196.1
1669953600000,0.924,0.932,0.918,0.929,9532215.8
1669968000000,0.929,0.94,0.927,0.936,10573604.8
1669982400000,0.936,0.94,0.925,0.936,16135815.6
1669996800000,0.937,0.945,0.932,0.944,11957845.6
1670011200000,0.944,0.949,0.94,0.942,8624287.2
1670025600000,0.942,0.948,0.936,0.937,10446671.7
1670040000000,0.937,0.94,0.93,0.933,7277854.2
1670054400000,0.932,0.94,0.93,0.937,8275794.4
1670068800000,0.937,0.939,0.934,0.937,5668445.5
1670083200000,0.938,0.938,0.926,0.929,7209049.9
1670097600000,0.928,0.929,0.915,0.92,10306194.8
1670112000000,0.92,0.932,0.919,0.927,8445736.9
1670126400000,0.927,0.931,0.924,0.926,6146896.6
1670140800000,0.927,0.929,0.919,0.921,10887462.5
1670155200000,0.92,0.925,0.918,0.925,7723395.8
1670169600000,0.924,0.929,0.921,0.927,7311960.3
1670184000000,0.927,0.932,0.925,0.928,5586671.0
1670198400000,0.929,0.939,0.925,0.936,11827711.4
1670212800000,0.935,0.954,0.934,0.95,17769545.3
1670227200000,0.951,0.955,0.946,0.947,10112856.1
1670241600000,0.948,0.949,0.931,0.936,14968217.1
1670256000000,0.936,0.939,0.916,0.92,20206011.5
1670270400000,0.92,0.931,0.919,0.93,7273608.8
1670284800000,0.931,0.935,0.928,0.93,8226840.9
1670299200000,0.93,0.932,0.925,0.931,7217786.1
1670313600000,0.93,0.933,0.925,0.931,13995140.8
1670328000000,0.93,0.975,0.928,0.96,50334328.1
1670342400000,0.961,0.965,0.945,0.947,31277359.6
1670356800000,0.948,0.963,0.945,0.957,17153915.7
1670371200000,0.958,0.965,0.955,0.961,15775191.8
1670385600000,0.96,0.963,0.916,0.92,41209532.7
1670400000000,0.92,0.938,0.918,0.934,20573262.5
1670414400000,0.934,1.017,0.933,0.996,157518513.6
1670428800000,0.997,1.01,0.984,0.999,85361426.6
1670443200000,0.999,1.002,0.987,0.99,40665673.9
1670457600000,0.989,0.998,0.968,0.987,67701409.5
1670472000000,0.987,0.991,0.971,0.983,38132308.4
1670486400000,0.983,0.995,0.973,0.994,58506655.8
1670500800000,0.994,0.999,0.978,0.98,45680472.7
1670515200000,0.979,1.004,0.979,1.001,43074285.2
1670529600000,1.001,1.003,0.99,0.994,16685555.9
1670544000000,0.993,1.066,0.992,1.027,87600210.2
1670558400000,1.028,1.038,1.023,1.031,26062098.9
1670572800000,1.032,1.052,1.01,1.043,69363942.5
1670587200000,1.043,1.062,1.021,1.044,79038735.0
1670601600000,1.044,1.057,1.028,1.035,31640005.1
1670616000000,1.035,1.04,1.028,1.032,16727764.8
1670630400000,1.031,1.037,1.026,1.031,25974784.3
1670644800000,1.031,1.051,1.022,1.047,28606390.9
1670659200000,1.048,1.055,1.032,1.045,38352339.6
1670673600000,1.044,1.049,1.036,1.047,21534766.8
1670688000000,1.046,1.048,1.027,1.028,16381777.2
1670702400000,1.029,1.039,1.025,1.032,13801515.2
1670716800000,1.033,1.044,1.03,1.037,15918723.3
1670731200000,1.037,1.052,1.034,1.042,21420304.7
1670745600000,1.042,1.044,1.032,1.035,15507115.8
1670760000000,1.035,1.048,1.034,1.043,19244697.5
1670774400000,1.044,1.046,1.034,1.038,12894985.9
1670788800000,1.039,1.04,0.979,1.002,64846741.7
1670803200000,1.003,1.004,0.968,0.982,54890308.3
1670817600000,0.982,0.987,0.97,0.976,21627647.8
1670832000000,0.975,0.985,0.972,0.978,22451642.7
1670846400000,0.978,0.98,0.957,0.972,47121359.3
1670860800000,0.972,0.976,0.97,0.972,12903545.7
1670875200000,0.972,0.985,0.967,0.98,22933083.8
1670889600000,0.981,0.983,0.962,0.967,23664764.8
1670904000000,0.967,0.979,0.947,0.963,44301792.4
1670918400000,0.963,0.98,0.958,0.979,30661205.5
1670932800000,0.98,1.017,0.975,1.0,66279477.8
1670947200000,1.001,1.004,0.985,0.997,18152689.7
1670961600000,0.996,1.001,0.995,1.0,8651788.7
1670976000000,0.999,1.004,0.994,0.999,19316314.8
1670990400000,0.999,1.003,0.992,1.0,16507929.9
1671004800000,1.001,1.009,0.999,1.006,16174578.9
1671019200000,1.006,1.009,1.0,1.003,16454645.7
1671033600000,1.002,1.007,0.964,0.978,39499776.0
1671048000000,0.978,0.983,0.969,0.978,16901493.4
1671062400000,0.977,0.981,0.956,0.97,33721579.9
1671076800000,0.969,0.971,0.963,0.966,14035745.3
1671091200000,0.966,0.974,0.965,0.969,19775246.8
1671105600000,0.969,0.972,0.964,0.967,16162134.1
1671120000000,0.966,0.969,0.946,0.957,19529704.0
1671134400000,0.957,0.961,0.945,0.956,13708527.2
1671148800000,0.955,0.962,0.951,0.959,9581801.2
1671163200000,0.959,0.963,0.953,0.961,8375451.7
1671177600000,0.961,0.961,0.911,0.929,50706633.8
1671192000000,0.93,0.93,0.912,0.92,32661691.3
1671206400000,0.92,0.94,0.913,0.928,41188476.6
1671220800000,0.928,0.93,0.85,0.872,59881497.8
1671235200000,0.872,0.88,0.856,0.877,38283524.7
1671249600000,0.877,0.889,0.875,0.886,24902115.3
1671264000000,0.885,0.888,0.877,0.882,16164486.4
1671278400000,0.883,0.888,0.877,0.885,14207536.2
1671292800000,0.886,0.886,0.877,0.879,12899293.2
1671307200000,0.878,0.892,0.877,0.89,14115643.2
1671321600000,0.89,0.892,0.881,0.887,10223003.9
1671336000000,0.888,0.893,0.882,0.883,9216944.1
1671350400000,0.883,0.885,0.876,0.881,5449040.6
1671364800000,0.881,0.885,0.877,0.879,4380852.9
1671379200000,0.878,0.892,0.878,0.891,8328485.4
1671393600000,0.891,0.897,0.88,0.882,13737034.9
1671408000000,0.882,0.896,0.871,0.876,63857376.9
1671422400000,0.876,0.889,0.872,0.883,30445803.3
1671436800000,0.884,0.892,0.882,0.885,12298407.8
1671451200000,0.885,0.891,0.878,0.878,15587366.9
1671465600000,0.879,0.88,0.84,0.86,45195048.1
1671480000000,0.859,0.864,0.828,0.847,25579314.8
1671494400000,0.847,0.876,0.842,0.869,47376460.9
1671508800000,0.869,0.884,0.868,0.879,16273761.4
1671523200000,0.88,0.884,0.876,0.881,11592319.2
1671537600000,0.881,0.894,0.874,0.889,18925387.8
1671552000000,0.888,0.889,0.879,0.886,11111779.9
1671566400000,0.887,0.893,0.883,0.888,9148873.7
1671580800000,0.889,0.89,0.877,0.882,16069419.0
1671595200000,0.882,0.889,0.871,0.886,19032365.2
1671609600000,0.886,0.892,0.881,0.891,19815007.2
1671624000000,0.891,0.899,0.883,0.892,25704135.4
1671638400000,0.892,0.892,0.877,0.88,10681406.5
1671652800000,0.879,0.89,0.874,0.888,21955491.6
1671667200000,0.889,0.892,0.884,0.886,11103161.7
1671681600000,0.887,0.888,0.877,0.882,10546324.5
1671696000000,0.881,0.891,0.881,0.888,14641254.9
1671710400000,0.889,0.892,0.867,0.869,30336047.0
1671724800000,0.87,0.87,0.858,0.866,14306807.7
1671739200000,0.867,0.887,0.865,0.887,17864259.0
1671753600000,0.886,0.894,0.88,0.887,17729196.5
1671768000000,0.888,0.89,0.885,0.885,8086314.5
1671782400000,0.885,0.892,0.882,0.888,9359355.9
1671796800000,0.888,0.893,0.879,0.884,24341133.5
1671811200000,0.883,0.886,0.882,0.883,7269410.5
1671825600000,0.884,0.888,0.881,0.884,7025217.5
1671840000000,0.884,0.888,0.883,0.887,5617136.8
1671854400000,0.888,0.89,0.882,0.887,6603707.5
1671868800000,0.888,0.888,0.882,0.887,4317854.6
1671883200000,0.887,0.888,0.884,0.885,4834418.9
1671897600000,0.886,0.887,0.878,0.881,8986905.9
1671912000000,0.882,0.891,0.874,0.88,13793982.8
1671926400000,0.88,0.881,0.876,0.879,5918427.1
1671940800000,0.878,0.88,0.872,0.876,7981616.2
1671955200000,0.876,0.877,0.869,0.87,6763407.6
1671969600000,0.871,0.876,0.855,0.864,25339033.7
1671984000000,0.864,0.872,0.86,0.872,19936330.0
1671998400000,0.872,0.879,0.865,0.876,11821361.7
1672012800000,0.876,0.884,0.875,0.878,16759837.5
1672027200000,0.878,0.881,0.874,0.875,6794270.0
1672041600000,0.874,0.879,0.869,0.876,7729318.0
1672056000000,0.876,0.879,0.871,0.875,9731931.2
1672070400000,0.876,0.882,0.873,0.88,5523640.3
1672084800000,0.88,0.889,0.877,0.887,7699783.1
1672099200000,0.887,0.89,0.879,0.882,9500522.8
1672113600000,0.882,0.89,0.881,0.89,5509465.1
1672128000000,0.889,0.906,0.885,0.894,19394890.3
1672142400000,0.894,0.897,0.883,0.89,19054469.0
1672156800000,0.891,0.896,0.881,0.885,24939865.8
1672171200000,0.886,0.896,0.884,0.896,7625425.6
1672185600000,0.895,0.898,0.876,0.883,26293886.5
1672200000000,0.883,0.892,0.867,0.879,31689754.5
1672214400000,0.878,0.881,0.873,0.878,10612389.5
1672228800000,0.878,0.888,0.873,0.877,19387001.6
1672243200000,0.877,0.882,0.873,0.878,8707054.4
1672257600000,0.879,0.886,0.866,0.871,31945354.1
1672272000000,0.87,0.877,0.854,0.869,24841132.4
1672286400000,0.87,0.871,0.864,0.868,10815067.6
1672300800000,0.867,0.872,0.861,0.87,11138699.6
1672315200000,0.87,0.875,0.866,0.871,15509067.9
1672329600000,0.871,0.874,0.862,0.866,9781690.3
1672344000000,0.867,0.868,0.848,0.864,37880769.2
1672358400000,0.865,0.868,0.857,0.863,14292397.0
1672372800000,0.862,0.864,0.842,0.853,21382411.2
1672387200000,0.852,0.857,0.851,0.851,8596616.2
1672401600000,0.851,0.859,0.846,0.857,20767437.7
1672416000000,0.857,0.862,0.856,0.86,7335035.2
1672430400000,0.859,0.864,0.858,0.862,7565843.5
1672444800000,0.863,0.864,0.857,0.859,8804328.8
1672459200000,0.86,0.866,0.858,0.864,7541125.6
1672473600000,0.865,0.867,0.861,0.862,5452322.7
1672488000000,0.863,0.871,0.862,0.867,10116134.3
1672502400000,0.866,0.868,0.862,0.866,5439650.1
1672516800000,0.866,0.869,0.858,0.862,8057114.7
1672531200000,0.861,0.863,0.858,0.861,8325640.4
1672545600000,0.861,0.861,0.855,0.861,6411866.1
1672560000000,0.86,0.866,0.858,0.864,4673386.6
1672574400000,0.865,0.869,0.864,0.867,6122162.3
1672588800000,0.868,0.881,0.866,0.88,11462204.2
1672603200000,0.879,0.882,0.876,0.879,6389503.0
1672617600000,0.878,0.881,0.865,0.881,19451481.0
1672632000000,0.88,0.898,0.877,0.886,29269571.3
1672646400000,0.885,0.892,0.885,0.888,15555587.7
1672660800000,0.888,0.891,0.881,0.887,16248450.0
1672675200000,0.886,0.888,0.883,0.888,8703631.4
1672689600000,0.887,0.892,0.878,0.882,10767452.9
1672704000000,0.881,0.885,0.875,0.879,11698120.2
1672718400000,0.88,0.887,0.879,0.883,8712891.3
1672732800000,0.883,0.884,0.878,0.879,8384887.7
1672747200000,0.88,0.884,0.869,0.873,18603331.3
1672761600000,0.874,0.875,0.868,0.872,14961734.2
1672776000000,0.871,0.881,0.871,0.88,7003955.2
1672790400000,0.88,0.904,0.876,0.902,29164118.8
1672804800000,0.902,0.905,0.898,0.902,13275418.9
1672819200000,0.903,0.906,0.897,0.899,13024629.5
1672833600000,0.899,0.903,0.89,0.903,24404344.0
1672848000000,0.903,0.915,0.9,0.905,26306925.8
1672862400000,0.906,0.909,0.895,0.907,10592382.5
1672876800000,0.907,0.911,0.899,0.904,19073080.8
1672891200000,0.903,0.909,0.896,0.899,15292448.7
1672905600000,0.899,0.901,0.892,0.899,14626742.2
1672920000000,0.9,0.901,0.885,0.893,27030469.1
1672934400000,0.892,0.896,0.889,0.894,11647732.8
1672948800000,0.894,0.896,0.885,0.891,15517030.8
1672963200000,0.891,0.898,0.89,0.893,15189585.4
1672977600000,0.892,0.894,0.882,0.885,12976806.7
1672992000000,0.884,0.887,0.869,0.874,21636857.2
1673006400000,0.875,0.884,0.869,0.883,28858515.2
1673020800000,0.883,0.895,0.88,0.894,20529785.4
1673035200000,0.895,0.897,0.889,0.895,16675251.4
1673049600000,0.894,0.898,0.891,0.895,17000644.4
1673064000000,0.895,0.898,0.892,0.897,8826883.5
1673078400000,0.896,0.901,0.894,0.897,11547562.7
1673092800000,0.897,0.899,0.892,0.895,8454653.8
1673107200000,0.896,0.896,0.889,0.891,8026703.5
1673121600000,0.891,0.894,0.882,0.889,17342118.3
1673136000000,0.888,0.889,0.879,0.885,19364492.6
1673150400000,0.886,0.888,0.882,0.887,12023091.4
1673164800000,0.887,0.891,0.885,0.886,11558039.1
1673179200000,0.885,0.896,0.884,0.895,16706767.1
1673193600000,0.895,0.897,0.885,0.89,17919020.0
1673208000000,0.889,0.913,0.889,0.911,33702658.0
1673222400000,0.911,0.941,0.908,0.937,73842014.9
1673236800000,0.937,0.943,0.93,0.934,22975716.8
1673251200000,0.935,0.946,0.932,0.938,22147121.4
1673265600000,0.937,0.947,0.926,0.941,41445309.0
1673280000000,0.941,0.949,0.932,0.934,40387149.6
1673294400000,0.934,0.942,0.922,0.934,35785165.0
1673308800000,0.935,0.947,0.924,0.939,32710037.1
1673323200000,0.939,0.956,0.936,0.944,22839715.9
1673337600000,0.944,0.95,0.941,0.943,20164813.7
1673352000000,0.944,0.948,0.934,0.946,36262248.5
1673366400000,0.945,0.95,0.937,0.949,20227432.2
1673380800000,0.95,0.952,0.941,0.947,15573339.3
1673395200000,0.947,0.952,0.931,0.939,21007388.8
1673409600000,0.939,0.953,0.937,0.946,21450399.5
1673424000000,0.946,0.952,0.94,0.948,15801866.6
1673438400000,0.949,0.949,0.935,0.939,27812709.2
1673452800000,0.938,0.995,0.936,0.973,49926126.2
1673467200000,0.972,0.982,0.958,0.978,32699784.7
1673481600000,0.979,0.987,0.97,0.976,39905682.8
1673496000000,0.976,0.978,0.965,0.972,19196673.5
1673510400000,0.972,0.972,0.958,0.963,19797768.5
1673524800000,0.963,0.971,0.918,0.955,66497154.8
1673539200000,0.956,0.993,0.953,0.985,76275641.6
1673553600000,0.986,0.999,0.984,0.991,35384667.6
1673568000000,0.99,1.002,0.974,0.99,24341081.2
1673582400000,0.991,0.993,0.981,0.983,13806857.8
1673596800000,0.983,0.99,0.973,0.977,28385048.5
1673611200000,0.978,0.988,0.966,0.986,31754122.9
1673625600000,0.987,0.989,0.974,0.988,27974729.1
1673640000000,0.987,1.017,0.984,1.012,46442740.0
1673654400000,1.011,1.074,1.006,1.06,83913194.7
1673668800000,1.059,1.077,1.052,1.068,36647093.0
1673683200000,1.067,1.085,1.005,1.044,83689571.6
1673697600000,1.044,1.061,1.021,1.046,44886408.2
1673712000000,1.046,1.058,1.042,1.045,25375127.5
1673726400000,1.045,1.056,1.039,1.053,16036730.6
1673740800000,1.053,1.096,1.027,1.063,72035567.1
1673755200000,1.062,1.074,1.045,1.062,20856271.0
1673769600000,1.061,1.068,1.046,1.063,23936921.7
1673784000000,1.063,1.071,1.049,1.068,25499230.8
1673798400000,1.068,1.072,1.05,1.062,34449326.5
1673812800000,1.062,1.068,1.055,1.064,14054621.5
1673827200000,1.064,1.081,1.054,1.066,37075090.8
1673841600000,1.066,1.079,1.061,1.064,17522808.4
1673856000000,1.063,1.064,1.0,1.032,44423076.3
1673870400000,1.033,1.037,1.007,1.031,36490649.0
1673884800000,1.031,1.045,1.025,1.037,22714535.3
1673899200000,1.037,1.043,1.029,1.037,20922799.1
1673913600000,1.036,1.044,1.019,1.038,30602521.5
1673928000000,1.037,1.049,1.036,1.043,18950880.0
1673942400000,1.043,1.048,1.038,1.044,13473904.8
1673956800000,1.043,1.052,1.023,1.03,41412746.5
1673971200000,1.031,1.042,1.025,1.039,21919497.8
1673985600000,1.039,1.041,1.017,1.021,18660574.6
1674000000000,1.021,1.045,1.02,1.037,25749312.0
1674014400000,1.037,1.039,1.029,1.033,11343720.5
1674028800000,1.032,1.033,1.011,1.018,25955824.8
1674043200000,1.018,1.036,0.926,0.973,51939856.1
1674057600000,0.973,0.984,0.939,0.972,71116153.0
1674072000000,0.973,0.975,0.953,0.956,31335982.7
1674086400000,0.957,0.971,0.953,0.967,20082028.2
1674100800000,0.966,0.974,0.965,0.97,14965756.6
1674115200000,0.97,0.977,0.964,0.966,16296960.8
1674129600000,0.965,0.978,0.959,0.971,23749003.1
1674144000000,0.972,0.979,0.963,0.978,16665898.9
1674158400000,0.978,0.982,0.97,0.978,12800872.3
1674172800000,0.979,0.984,0.972,0.979,17534619.5
1674187200000,0.979,0.981,0.966,0.973,14794177.5
1674201600000,0.974,0.976,0.969,0.973,8811138.2
1674216000000,0.973,0.984,0.971,0.981,17044032.2
1674230400000,0.98,1.01,0.98,1.009,25707989.8
1674244800000,1.01,1.05,1.009,1.045,40632160.7
1674259200000,1.046,1.055,1.033,1.044,34953225.8
1674273600000,1.044,1.051,1.043,1.048,14137995.5
1674288000000,1.047,1.063,1.02,1.045,45494471.1
1674302400000,1.045,1.053,1.034,1.04,23936196.8
1674316800000,1.039,1.064,1.038,1.053,22439084.7
1674331200000,1.053,1.055,1.024,1.028,20629554.8
1674345600000,1.029,1.039,1.022,1.032,15692404.9
1674360000000,1.033,1.046,1.031,1.045,11546147.9
1674374400000,1.044,1.093,1.041,1.081,48925988.2
1674388800000,1.08,1.1,1.062,1.081,42679016.6
1674403200000,1.082,1.131,1.077,1.09,53634188.7
1674417600000,1.089,1.09,1.058,1.083,30113181.9
1674432000000,1.083,1.095,1.075,1.082,25591095.7
1674446400000,1.081,1.099,1.081,1.086,20646553.9
1674460800000,1.087,1.107,1.083,1.101,26709829.1
1674475200000,1.101,1.12,1.056,1.094,65621505.1
1674489600000,1.094,1.109,1.087,1.1,23958293.9
1674504000000,1.1,1.108,1.092,1.096,14605735.9
1674518400000,1.096,1.111,1.093,1.109,23599017.6
1674532800000,1.109,1.113,1.098,1.106,11704841.5
1674547200000,1.106,1.109,1.082,1.091,21246561.4
1674561600000,1.09,1.093,1.069,1.088,24234144.2
1674576000000,1.088,1.088,1.064,1.083,15557927.7
1674590400000,1.084,1.086,1.024,1.036,44484073.8
1674604800000,1.037,1.038,1.008,1.035,35437279.2
1674619200000,1.035,1.051,1.033,1.049,13060368.5
1674633600000,1.048,1.051,1.028,1.031,14069094.1
1674648000000,1.03,1.118,1.03,1.068,97477820.5
1674662400000,1.068,1.1,1.059,1.086,24156222.9
1674676800000,1.087,1.124,1.077,1.09,52752741.3
1674691200000,1.09,1.106,1.089,1.097,19038615.8
1674705600000,1.097,1.109,1.086,1.086,19786642.0
1674720000000,1.087,1.094,1.077,1.086,17915787.4
1674734400000,1.086,1.101,1.072,1.077,35504300.7
1674748800000,1.077,1.091,1.062,1.085,28568278.4
1674763200000,1.084,1.092,1.081,1.088,13135991.9
1674777600000,1.088,1.13,1.073,1.106,62560769.8
1674792000000,1.107,1.112,1.097,1.11,13988728.6
1674806400000,1.111,1.111,1.095,1.1,15077202.2
1674820800000,1.1,1.12,1.086,1.108,36747370.7
1674835200000,1.108,1.12,1.107,1.119,19860751.4
1674849600000,1.118,1.125,1.104,1.113,19400881.6
1674864000000,1.113,1.124,1.104,1.11,17256933.7
1674878400000,1.109,1.114,1.087,1.097,15046544.6
1674892800000,1.098,1.1,1.089,1.092,11664681.0
1674907200000,1.092,1.093,1.07,1.086,24903560.3
1674921600000,1.086,1.106,1.082,1.098,17437191.4
1674936000000,1.097,1.098,1.082,1.094,9955420.9
1674950400000,1.094,1.11,1.084,1.107,20006105.1
1674964800000,1.108,1.109,1.096,1.098,9861383.7
1674979200000,1.098,1.111,1.097,1.101,12861784.8
1674993600000,1.101,1.109,1.092,1.104,15689544.9
1675008000000,1.105,1.117,1.095,1.115,16515782.3
1675022400000,1.115,1.12,1.107,1.114,12590921.2
1675036800000,1.114,1.146,1.104,1.111,30103556.1
1675051200000,1.11,1.119,1.097,1.103,17142362.6
1675065600000,1.103,1.107,1.052,1.069,42683502.5
1675080000000,1.068,1.092,1.061,1.076,28273920.9
1675094400000,1.077,1.083,1.019,1.048,40231765.6
1675108800000,1.048,1.049,1.031,1.049,20682411.1
1675123200000,1.048,1.061,1.042,1.048,18272054.8
1675137600000,1.048,1.059,1.041,1.058,10590509.7
1675152000000,1.057,1.059,1.042,1.049,12176750.4
1675166400000,1.049,1.086,1.044,1.066,28564240.0
1675180800000,1.065,1.076,1.056,1.067,21569816.7
1675195200000,1.067,1.07,1.045,1.062,18326333.2
1675209600000,1.063,1.068,1.056,1.063,15697894.0
1675224000000,1.063,1.065,1.038,1.05,15323063.9
1675238400000,1.051,1.051,1.012,1.031,40519946.8
1675252800000,1.031,1.039,1.013,1.021,24660771.9
1675267200000,1.02,1.056,1.016,1.048,42374684.1
1675281600000,1.049,1.086,1.047,1.078,33821164.3
1675296000000,1.078,1.097,1.077,1.087,28556725.3
1675310400000,1.088,1.094,1.072,1.082,14395566.5
1675324800000,1.081,1.087,1.064,1.086,17615211.9
1675339200000,1.085,1.095,1.07,1.091,21685314.4
1675353600000,1.091,1.119,1.089,1.097,37244536.1
1675368000000,1.097,1.102,1.058,1.07,26437513.8
1675382400000,1.07,1.092,1.062,1.09,22090534.4
1675396800000,1.09,1.095,1.082,1.086,18105085.5
1675411200000,1.085,1.102,1.081,1.096,14695827.7
1675425600000,1.096,1.105,1.077,1.095,31975991.4
1675440000000,1.096,1.105,1.087,1.089,17811679.5
1675454400000,1.089,1.097,1.082,1.097,11287928.8
1675468800000,1.097,1.104,1.087,1.089,10094343.2
1675483200000,1.088,1.1,1.083,1.1,10042345.0
1675497600000,1.099,1.103,1.095,1.102,9066522.0
1675512000000,1.103,1.134,1.102,1.119,30758861.5
1675526400000,1.119,1.124,1.108,1.121,14835035.8
1675540800000,1.12,1.123,1.101,1.107,11361182.8
1675555200000,1.107,1.113,1.092,1.1,17137891.4
1675569600000,1.1,1.108,1.098,1.104,8145094.6
1675584000000,1.103,1.12,1.102,1.113,13789072.8
1675598400000,1.113,1.127,1.073,1.083,51208314.4
1675612800000,1.083,1.089,1.066,1.075,25758682.6
1675627200000,1.075,1.086,1.062,1.082,15019202.5
1675641600000,1.083,1.094,1.073,1.085,16477228.6
1675656000000,1.084,1.09,1.067,1.085,16747180.4
1675670400000,1.084,1.087,1.068,1.078,12342771.6
1675684800000,1.077,1.084,1.066,1.084,18845794.2
1675699200000,1.083,1.089,1.076,1.08,16300552.4
1675713600000,1.081,1.081,1.051,1.058,19400213.9
1675728000000,1.058,1.072,1.055,1.069,10699403.6
1675742400000,1.07,1.075,1.067,1.071,6406138.1
1675756800000,1.07,1.087,1.065,1.08,13825661.6
1675771200000,1.079,1.113,1.075,1.09,34431890.4
1675785600000,1.089,1.112,1.077,1.106,27968056.5
1675800000000,1.106,1.119,1.101,1.112,16859303.9
1675814400000,1.113,1.123,1.111,1.117,15725986.5
1675828800000,1.116,1.119,1.102,1.109,11715256.8
1675843200000,1.109,1.11,1.101,1.106,8309474.0
1675857600000,1.107,1.112,1.089,1.089,22446424.1
1675872000000,1.089,1.094,1.068,1.084,27354763.3
1675886400000,1.084,1.088,1.075,1.085,10174453.9
1675900800000,1.084,1.091,1.044,1.055,28730554.5
1675915200000,1.055,1.07,1.047,1.067,14825616.1
1675929600000,1.068,1.075,1.065,1.071,13147386.9
1675944000000,1.071,1.151,1.067,1.137,98956600.1
1675958400000,1.136,1.157,1.082,1.094,91944445.4
1675972800000,1.094,1.095,1.023,1.045,55696440.1
1675987200000,1.045,1.057,1.038,1.048,25197480.6
1676001600000,1.049,1.062,1.032,1.057,27648233.1
1676016000000,1.057,1.067,1.043,1.048,21475733.4
1676030400000,1.048,1.059,1.027,1.038,30822938.9
1676044800000,1.038,1.07,1.033,1.062,29354298.8
1676059200000,1.061,1.065,1.043,1.051,14938239.3
1676073600000,1.051,1.055,1.045,1.054,8201835.1
1676088000000,1.053,1.057,1.045,1.052,7354320.1
1676102400000,1.051,1.054,1.047,1.051,5771118.2
1676116800000,1.051,1.057,1.047,1.052,11579412.1
1676131200000,1.051,1.052,1.041,1.048,8236485.7
1676145600000,1.047,1.059,1.044,1.057,8540501.4
1676160000000,1.058,1.059,1.051,1.052,4878433.4
1676174400000,1.052,1.054,1.048,1.052,3737438.4
1676188800000,1.052,1.062,1.052,1.06,7564652.2
1676203200000,1.059,1.063,1.05,1.062,10953309.1
1676217600000,1.062,1.068,1.059,1.066,8996675.1
1676232000000,1.065,1.066,1.023,1.042,19792269.5
1676246400000,1.041,1.046,1.014,1.034,24056753.2
1676260800000,1.035,1.041,1.032,1.037,12626004.2
1676275200000,1.038,1.038,0.997,1.015,46353454.7
1676289600000,1.015,1.023,1.011,1.011,16400275.3
1676304000000,1.012,1.023,1.002,1.023,20977495.3
1676318400000,1.023,1.032,1.02,1.029,8847895.5
1676332800000,1.029,1.032,1.019,1.02,8812729.7
1676347200000,1.019,1.027,1.018,1.024,7344480.9
1676361600000,1.024,1.029,1.018,1.021,11008692.0
1676376000000,1.02,1.049,1.007,1.037,37472996.1
1676390400000,1.038,1.045,1.032,1.044,16984666.3
1676404800000,1.043,1.052,1.039,1.048,8927895.5
1676419200000,1.049,1.051,1.037,1.042,10696733.7
1676433600000,1.043,1.05,1.041,1.045,8093555.3
1676448000000,1.044,1.056,1.041,1.054,12341153.6
1676462400000,1.054,1.062,1.052,1.058,20878957.3
1676476800000,1.059,1.076,1.052,1.073,16426696.4
1676491200000,1.073,1.101,1.07,1.1,25962001.2
1676505600000,1.1,1.115,1.091,1.109,20481120.9
1676520000000,1.109,1.127,1.103,1.11,22021974.2
1676534400000,1.111,1.117,1.105,1.108,10759258.8
1676548800000,1.109,1.12,1.089,1.12,33695158.7
1676563200000,1.119,1.122,1.096,1.107,29464844.2
1676577600000,1.106,1.107,1.042,1.044,47743800.8
1676592000000,1.044,1.066,1.037,1.064,18685146.8
1676606400000,1.064,1.069,1.057,1.063,13327424.4
1676620800000,1.063,1.076,1.059,1.076,14846441.1
1676635200000,1.075,1.108,1.071,1.09,60933794.7
1676649600000,1.09,1.229,1.082,1.197,174383611.5
1676664000000,1.196,1.214,1.181,1.193,46884387.4
1676678400000,1.193,1.256,1.189,1.24,75846068.9
1676692800000,1.239,1.253,1.208,1.22,66024229.5
1676707200000,1.221,1.284,1.22,1.246,128243748.5
1676721600000,1.247,1.277,1.237,1.263,75310703.8
1676736000000,1.262,1.268,1.236,1.242,43424026.8
1676750400000,1.242,1.244,1.22,1.238,23736123.9
1676764800000,1.237,1.248,1.212,1.222,35960881.6
1676779200000,1.222,1.263,1.22,1.235,44629636.6
1676793600000,1.234,1.314,1.234,1.286,89259187.1
1676808000000,1.285,1.313,1.267,1.275,73889613.5
1676822400000,1.275,1.287,1.222,1.242,61130457.8
1676836800000,1.241,1.257,1.222,1.23,32294531.1
1676851200000,1.231,1.254,1.195,1.247,35515450.6
1676865600000,1.247,1.252,1.237,1.245,20560173.7
1676880000000,1.245,1.267,1.233,1.257,31412275.7
1676894400000,1.257,1.279,1.236,1.267,42733499.2
1676908800000,1.267,1.269,1.238,1.262,24537031.8
1676923200000,1.262,1.277,1.253,1.274,15656897.6
1676937600000,1.274,1.3,1.258,1.269,30920117.6
1676952000000,1.269,1.279,1.253,1.272,16216967.8
1676966400000,1.273,1.281,1.215,1.225,44767798.6
1676980800000,1.225,1.231,1.2,1.216,29686031.7
1676995200000,1.217,1.232,1.205,1.226,17973174.6
1677009600000,1.227,1.227,1.195,1.223,16893033.5
1677024000000,1.223,1.226,1.174,1.205,30723672.1
1677038400000,1.205,1.207,1.185,1.201,18288476.7
1677052800000,1.201,1.21,1.181,1.205,22137295.7
1677067200000,1.206,1.218,1.179,1.183,26258570.4
1677081600000,1.184,1.203,1.178,1.191,27262771.8
1677096000000,1.191,1.213,1.186,1.209,12389682.7
1677110400000,1.209,1.222,1.203,1.216,13237114.0
1677124800000,1.216,1.228,1.21,1.221,22664277.7
1677139200000,1.221,1.227,1.178,1.188,19956104.4
1677153600000,1.188,1.209,1.181,1.187,22265453.5
1677168000000,1.187,1.191,1.166,1.179,18058558.0
1677182400000,1.179,1.184,1.164,1.181,11285690.1
1677196800000,1.181,1.194,1.174,1.18,16670033.2
1677211200000,1.18,1.185,1.17,1.181,12966911.2
1677225600000,1.182,1.188,1.156,1.17,16502634.7
1677240000000,1.17,1.174,1.14,1.145,32229947.2
1677254400000,1.144,1.145,1.014,1.125,48341215.0
1677268800000,1.126,1.131,1.095,1.119,17691133.6
1677283200000,1.119,1.123,1.11,1.114,10455042.4
1677297600000,1.113,1.114,1.104,1.114,9560725.6
1677312000000,1.114,1.12,1.104,1.11,9740710.6
1677326400000,1.11,1.116,1.092,1.107,14973297.1
1677340800000,1.108,1.115,1.089,1.099,17535744.1
1677355200000,1.1,1.109,1.068,1.107,22966567.9
1677369600000,1.108,1.117,1.102,1.116,7663641.0
1677384000000,1.116,1.117,1.108,1.111,5810366.8
1677398400000,1.112,1.119,1.108,1.116,7424172.8
1677412800000,1.116,1.119,1.106,1.116,10657615.9
1677427200000,1.116,1.126,1.102,1.124,11620769.8
1677441600000,1.125,1.131,1.111,1.125,10960590.1
1677456000000,1.125,1.129,1.118,1.124,11194298.0
1677470400000,1.123,1.125,1.11,1.119,10274519.0
1677484800000,1.12,1.122,1.106,1.119,12987304.0
1677499200000,1.12,1.153,1.116,1.135,32589849.5
1677513600000,1.134,1.139,1.104,1.112,26822652.3
1677528000000,1.112,1.126,1.105,1.124,12095638.2
1677542400000,1.125,1.134,1.123,1.132,13948696.0
1677556800000,1.133,1.189,1.122,1.141,72377921.6
1677571200000,1.141,1.164,1.137,1.158,29266047.7
1677585600000,1.158,1.205,1.158,1.172,60307402.7
1677600000000,1.172,1.183,1.156,1.163,26896176.2
1677614400000,1.163,1.167,1.14,1.146,27797639.5
1677628800000,1.145,1.172,1.132,1.172,26058145.4
1677643200000,1.172,1.186,1.167,1.182,23137040.6
1677657600000,1.181,1.205,1.174,1.196,31755788.7
1677672000000,1.196,1.203,1.185,1.201,27651622.3
1677686400000,1.2,1.203,1.185,1.19,16557941.3
1677700800000,1.19,1.213,1.188,1.206,14427287.5
1677715200000,1.207,1.216,1.182,1.189,21051284.4
1677729600000,1.19,1.195,1.168,1.171,15260750.4
1677744000000,1.172,1.184,1.169,1.174,14642376.5
1677758400000,1.174,1.235,1.169,1.214,95865982.8
1677772800000,1.215,1.233,1.2,1.227,42538405.5
1677787200000,1.226,1.248,1.225,1.242,37441015.2
1677801600000,1.241,1.252,1.126,1.164,102172440.7
1677816000000,1.164,1.204,1.157,1.199,47105556.4
1677830400000,1.199,1.282,1.189,1.271,153700102.9
1677844800000,1.271,1.276,1.24,1.257,112534058.3
1677859200000,1.257,1.27,1.252,1.263,56681093.5
1677873600000,1.264,1.342,1.246,1.324,115013017.8
1677888000000,1.323,1.332,1.29,1.297,94549198.6
1677902400000,1.298,1.308,1.28,1.301,63118162.6
1677916800000,1.302,1.313,1.283,1.294,77253774.7
1677931200000,1.295,1.299,1.255,1.271,80881129.4
1677945600000,1.27,1.281,1.237,1.242,90879724.5
1677960000000,1.242,1.248,1.198,1.224,86958571.2
1677974400000,1.224,1.246,1.201,1.222,65952119.6
1677988800000,1.222,1.234,1.214,1.217,29399689.7
1678003200000,1.217,1.228,1.196,1.217,42010799.4
1678017600000,1.216,1.227,1.205,1.215,38930217.3
1678032000000,1.215,1.247,1.211,1.246,43447085.1
1678046400000,1.246,1.252,1.211,1.223,45576307.7
1678060800000,1.224,1.24,1.214,1.223,62716027.2
1678075200000,1.222,1.222,1.197,1.212,36834081.4
1678089600000,1.211,1.221,1.203,1.21,29351250.0
1678104000000,1.209,1.233,1.199,1.224,59798015.8
1678118400000,1.225,1.227,1.205,1.209,26311026.7
1678132800000,1.208,1.213,1.202,1.21,19119245.7
1678147200000,1.21,1.22,1.199,1.213,28593638.1
1678161600000,1.213,1.215,1.201,1.202,16467931.2
1678176000000,1.201,1.202,1.165,1.169,55664964.1
1678190400000,1.17,1.187,1.149,1.176,71423341.1
1678204800000,1.176,1.187,1.166,1.171,30831672.5
1678219200000,1.17,1.183,1.157,1.181,22511664.8
1678233600000,1.182,1.185,1.164,1.172,20271881.6
1678248000000,1.172,1.175,1.142,1.149,35991289.4
1678262400000,1.149,1.162,1.146,1.156,16851110.3
1678276800000,1.155,1.159,1.125,1.149,52310496.0
1678291200000,1.149,1.154,1.121,1.131,22587922.0
1678305600000,1.131,1.146,1.101,1.119,40716490.5
1678320000000,1.119,1.135,1.112,1.135,27353681.3
1678334400000,1.134,1.172,1.133,1.161,41566372.4
1678348800000,1.162,1.169,1.148,1.169,43279993.3
1678363200000,1.169,1.182,1.155,1.156,42862008.6
1678377600000,1.156,1.164,1.111,1.122,67277368.7
1678392000000,1.121,1.122,1.03,1.056,116354544.7
1678406400000,1.055,1.056,1.026,1.047,50608067.7
1678420800000,1.047,1.052,1.032,1.042,36851631.8
1678435200000,1.042,1.044,0.995,1.027,68955129.0
1678449600000,1.027,1.052,1.016,1.043,83269925.0
1678464000000,1.042,1.056,1.025,1.038,43933496.8
1678478400000,1.037,1.048,1.025,1.042,27722222.8
1678492800000,1.042,1.074,1.04,1.044,43830180.0
1678507200000,1.043,1.045,0.961,0.97,67656651.6
1678521600000,0.97,0.993,0.955,0.971,66112715.6
1678536000000,0.972,0.976,0.96,0.963,35256843.6
1678550400000,0.963,0.989,0.958,0.98,40826074.4
1678564800000,0.981,0.997,0.981,0.993,27762573.3
1678579200000,0.994,0.995,0.981,0.988,26208837.0
1678593600000,0.987,0.991,0.974,0.981,23460220.7
1678608000000,0.982,0.988,0.977,0.983,17275301.3
1678622400000,0.984,0.984,0.959,0.959,35921063.5
1678636800000,0.96,1.009,0.954,0.994,72561464.1
1678651200000,0.994,1.051,0.992,1.049,62673426.6
1678665600000,1.049,1.066,1.038,1.047,58490882.8
1678680000000,1.047,1.063,1.046,1.05,26710811.8
1678694400000,1.05,1.052,1.0,1.021,58119110.9
1678708800000,1.021,1.093,1.009,1.068,116516525.0
1678723200000,1.068,1.085,1.056,1.08,41298264.6
1678737600000,1.08,1.092,1.068,1.079,22406532.2
1678752000000,1.079,1.085,1.069,1.077,32361820.3
1678766400000,1.077,1.089,1.056,1.062,39039163.2
1678780800000,1.062,1.07,1.046,1.06,41368049.7
1678795200000,1.059,1.135,1.054,1.134,118741569.2
1678809600000,1.134,1.145,1.067,1.112,90369730.5
1678824000000,1.112,1.12,1.061,1.108,48340858.8
1678838400000,1.108,1.147,1.104,1.129,52944894.9
1678852800000,1.128,1.139,1.116,1.127,32377067.6
1678867200000,1.127,1.129,1.076,1.098,54109646.3
1678881600000,1.099,1.11,1.039,1.047,95793667.5
1678896000000,1.047,1.051,1.017,1.038,76309707.6
1678910400000,1.038,1.048,1.027,1.038,29292404.1
1678924800000,1.039,1.054,1.027,1.048,32442418.2
1678939200000,1.049,1.061,1.035,1.057,28962885.0
1678953600000,1.057,1.075,1.046,1.068,37155997.6
1678968000000,1.068,1.075,1.038,1.068,52372481.1
1678982400000,1.068,1.085,1.06,1.079,27207802.7
1678996800000,1.079,1.083,1.063,1.079,21350588.6
1679011200000,1.079,1.113,1.066,1.106,45566752.5
1679025600000,1.106,1.118,1.093,1.11,29967979.0
1679040000000,1.11,1.129,1.1,1.127,31407485.5
1679054400000,1.126,1.128,1.089,1.102,49644688.6
1679068800000,1.103,1.118,1.097,1.117,26440810.0
1679083200000,1.118,1.152,1.107,1.148,43760888.5
1679097600000,1.148,1.166,1.129,1.155,49896360.6
1679112000000,1.154,1.16,1.145,1.154,20392641.6
1679126400000,1.153,1.156,1.132,1.148,25704152.3
1679140800000,1.148,1.149,1.113,1.126,41200224.1
1679155200000,1.127,1.135,1.088,1.117,50345286.4
1679169600000,1.117,1.123,1.09,1.097,32874778.1
1679184000000,1.097,1.119,1.096,1.117,29290205.1
1679198400000,1.116,1.12,1.098,1.109,22638132.7
1679212800000,1.108,1.138,1.102,1.133,37016935.9
1679227200000,1.132,1.178,1.127,1.156,61865238.4
1679241600000,1.156,1.172,1.154,1.156,37760554.6
1679256000000,1.156,1.177,1.137,1.155,49668771.6
1679270400000,1.154,1.18,1.127,1.134,65350772.4
1679284800000,1.135,1.162,1.121,1.158,31794475.7
1679299200000,1.159,1.232,1.156,1.206,110507429.5
1679313600000,1.206,1.218,1.173,1.2,63682915.4
1679328000000,1.2,1.209,1.156,1.173,70890152.6
1679342400000,1.174,1.196,1.143,1.154,44754517.8
1679356800000,1.154,1.189,1.154,1.169,44432345.5
1679371200000,1.168,1.175,1.124,1.137,37744042.8
1679385600000,1.136,1.163,1.124,1.16,34863817.2
1679400000000,1.16,1.196,1.152,1.176,68586748.3
1679414400000,1.176,1.184,1.149,1.168,53883067.3
1679428800000,1.169,1.189,1.162,1.185,26147150.8
1679443200000,1.186,1.188,1.159,1.173,27176091.5
1679457600000,1.174,1.187,1.155,1.159,20153174.5
1679472000000,1.159,1.165,1.142,1.152,29028797.4
1679486400000,1.151,1.17,1.142,1.148,41132981.5
1679500800000,1.148,1.153,1.062,1.075,100060779.8
1679515200000,1.075,1.096,1.068,1.093,34344580.1
1679529600000,1.093,1.111,1.085,1.106,25147764.6
1679544000000,1.107,1.127,1.105,1.126,19442922.2
1679558400000,1.125,1.148,1.122,1.142,26094468.3
1679572800000,1.143,1.164,1.121,1.156,46954077.2
1679587200000,1.155,1.167,1.135,1.154,35888242.6
1679601600000,1.153,1.165,1.144,1.159,14484175.9
1679616000000,1.159,1.165,1.152,1.153,13827605.4
1679630400000,1.153,1.17,1.146,1.165,12079821.1
1679644800000,1.164,1.176,1.117,1.136,49153539.4
1679659200000,1.136,1.201,1.135,1.182,82509607.8
1679673600000,1.182,1.195,1.151,1.187,61521290.9
1679688000000,1.186,1.188,1.133,1.165,39103105.5
1679702400000,1.164,1.181,1.155,1.169,22686514.0
1679716800000,1.169,1.17,1.144,1.154,19548898.0
1679731200000,1.154,1.157,1.136,1.144,22215969.8
1679745600000,1.145,1.152,1.13,1.147,28040492.6
1679760000000,1.148,1.157,1.092,1.096,48326102.6
1679774400000,1.096,1.116,1.094,1.114,18661366.0
1679788800000,1.114,1.133,1.106,1.124,16519361.5
1679803200000,1.124,1.132,1.12,1.125,10551697.6
1679817600000,1.125,1.142,1.124,1.136,17120237.2
1679832000000,1.135,1.153,1.13,1.135,22335499.5
1679846400000,1.134,1.138,1.124,1.134,13656821.1
1679860800000,1.134,1.146,1.125,1.138,11875767.6
1679875200000,1.139,1.144,1.123,1.129,19071024.1
1679889600000,1.129,1.132,1.111,1.116,17549242.8
1679904000000,1.116,1.129,1.113,1.127,12964387.7
1679918400000,1.127,1.156,1.063,1.083,86073863.9
1679932800000,1.083,1.096,1.071,1.074,32305005.4
1679947200000,1.075,1.087,1.07,1.083,18025839.1
1679961600000,1.084,1.115,1.068,1.112,33640544.8
1679976000000,1.111,1.12,1.096,1.098,28590028.4
1679990400000,1.097,1.108,1.082,1.105,30740091.8
1680004800000,1.104,1.112,1.091,1.102,27688931.3
1680019200000,1.102,1.119,1.09,1.115,33272119.4
1680033600000,1.114,1.122,1.103,1.112,18382810.4
1680048000000,1.113,1.122,1.107,1.122,19250531.9
1680062400000,1.121,1.144,1.12,1.14,24109423.2
1680076800000,1.139,1.153,1.136,1.149,19237359.0
1680091200000,1.15,1.152,1.136,1.149,23458956.8
1680105600000,1.149,1.15,1.138,1.15,11757246.4
1680120000000,1.149,1.153,1.139,1.149,10567366.5
1680134400000,1.15,1.18,1.137,1.165,51045473.8
1680148800000,1.164,1.174,1.15,1.157,21061656.3
1680163200000,1.157,1.163,1.137,1.158,17385222.5
1680177600000,1.158,1.219,1.151,1.185,98270270.2
1680192000000,1.186,1.208,1.168,1.185,51343143.7
1680206400000,1.186,1.195,1.176,1.189,20947644.8
1680220800000,1.19,1.199,1.18,1.184,20511679.6
1680235200000,1.183,1.191,1.157,1.17,22577123.7
1680249600000,1.171,1.181,1.163,1.178,15473426.9
1680264000000,1.179,1.201,1.176,1.193,26655415.0
1680278400000,1.193,1.214,1.188,1.202,19023604.3
1680292800000,1.203,1.208,1.193,1.195,9459637.0
1680307200000,1.195,1.205,1.189,1.191,8779397.7
1680321600000,1.19,1.195,1.175,1.179,12003000.6
1680336000000,1.179,1.201,1.171,1.198,17188644.7
1680350400000,1.199,1.205,1.186,1.189,12080871.3
1680364800000,1.19,1.194,1.18,1.185,12665016.7
1680379200000,1.185,1.194,1.176,1.193,8934258.1
1680393600000,1.193,1.198,1.188,1.197,9077748.4
1680408000000,1.197,1.207,1.194,1.202,9500416.9
1680422400000,1.202,1.206,1.193,1.198,9022417.5
1680436800000,1.197,1.222,1.185,1.201,39270002.2
1680451200000,1.201,1.223,1.189,1.202,25598277.1
1680465600000,1.202,1.239,1.199,1.229,30781451.1
1680480000000,1.228,1.243,1.193,1.208,35243206.2
1680494400000,1.209,1.216,1.188,1.207,22408513.4
1680508800000,1.207,1.226,1.204,1.216,20914164.9
1680523200000,1.216,1.222,1.189,1.195,23693629.9
1680537600000,1.195,1.197,1.167,1.185,35661774.0
1680552000000,1.185,1.186,1.14,1.175,43099934.9
1680566400000,1.174,1.18,1.164,1.175,15273775.5
1680580800000,1.176,1.185,1.168,1.176,12687818.4
1680595200000,1.177,1.195,1.172,1.19,15980713.4
1680609600000,1.19,1.203,1.182,1.189,22652413.1
1680624000000,1.19,1.197,1.187,1.194,9053762.6
1680638400000,1.194,1.2,1.189,1.193,7669836.8
1680652800000,1.192,1.216,1.186,1.212,16868526.9
1680667200000,1.212,1.218,1.205,1.207,7423071.7
1680681600000,1.208,1.21,1.199,1.205,9657280.9
1680696000000,1.205,1.206,1.169,1.178,28664852.6
1680710400000,1.179,1.188,1.164,1.186,17506153.2
1680724800000,1.186,1.191,1.181,1.188,7040883.4
1680739200000,1.189,1.199,1.17,1.199,15201586.7
1680753600000,1.199,1.209,1.188,1.195,17096410.5
1680768000000,1.194,1.231,1.192,1.223,40618586.7
1680782400000,1.223,1.25,1.213,1.234,57222713.4
1680796800000,1.235,1.249,1.23,1.231,25956165.0
1680811200000,1.231,1.233,1.216,1.217,16170729.6
1680825600000,1.218,1.222,1.204,1.213,23064383.9
1680840000000,1.213,1.218,1.194,1.197,16884280.0
1680854400000,1.197,1.203,1.19,1.193,15132792.0
1680868800000,1.193,1.207,1.188,1.205,19103717.5
1680883200000,1.204,1.213,1.197,1.211,10365299.1
1680897600000,1.21,1.215,1.203,1.215,7468663.9
1680912000000,1.214,1.218,1.207,1.212,10776471.5
1680926400000,1.211,1.236,1.209,1.23,14649606.2
1680940800000,1.231,1.235,1.22,1.221,13620037.1
1680955200000,1.22,1.231,1.217,1.224,13038239.1
1680969600000,1.223,1.228,1.198,1.203,17937094.5
1680984000000,1.204,1.207,1.185,1.189,13999869.5
1680998400000,1.189,1.207,1.187,1.201,10697592.6
1681012800000,1.2,1.201,1.172,1.185,19977296.9
1681027200000,1.185,1.187,1.179,1.186,9129703.3
1681041600000,1.186,1.189,1.172,1.178,13762488.2
1681056000000,1.178,1.198,1.177,1.196,14735697.3
1681070400000,1.196,1.218,1.19,1.207,21778369.2
1681084800000,1.207,1.211,1.195,1.205,12423018.6
1681099200000,1.205,1.209,1.199,1.207,6977322.0
1681113600000,1.207,1.214,1.201,1.201,8785032.3
1681128000000,1.202,1.218,1.19,1.216,20943023.7
1681142400000,1.216,1.235,1.209,1.223,24574566.9
1681156800000,1.224,1.247,1.218,1.239,18375482.1
1681171200000,1.239,1.249,1.231,1.241,17433953.3
1681185600000,1.241,1.251,1.234,1.248,13020136.5
1681200000000,1.247,1.253,1.24,1.246,15569507.8
1681214400000,1.245,1.25,1.232,1.245,22374341.3
1681228800000,1.245,1.25,1.235,1.238,15994073.2
1681243200000,1.238,1.239,1.228,1.234,12808252.7
1681257600000,1.233,1.239,1.191,1.198,36059416.1
1681272000000,1.198,1.21,1.192,1.206,16492807.8
1681286400000,1.206,1.209,1.197,1.203,11368205.6
1681300800000,1.204,1.222,1.196,1.211,41965051.9
1681315200000,1.211,1.215,1.194,1.199,19220247.3
1681329600000,1.199,1.213,1.198,1.208,11050682.8
1681344000000,1.207,1.212,1.198,1.208,10905896.2
1681358400000,1.207,1.211,1.202,1.207,9107207.9
1681372800000,1.208,1.228,1.206,1.217,22078866.7
1681387200000,1.217,1.273,1.217,1.268,81052536.8
1681401600000,1.268,1.276,1.257,1.262,22963528.3
1681416000000,1.263,1.263,1.251,1.259,14995610.7
1681430400000,1.259,1.299,1.254,1.285,46118209.6
1681444800000,1.285,1.296,1.266,1.27,32551819.5
1681459200000,1.27,1.279,1.26,1.27,22802597.9
1681473600000,1.271,1.271,1.211,1.22,69984111.0
1681488000000,1.22,1.255,1.217,1.253,34465989.3
1681502400000,1.254,1.257,1.244,1.249,16498613.7
1681516800000,1.25,1.252,1.23,1.237,20518841.5
1681531200000,1.237,1.248,1.231,1.245,11010314.9
1681545600000,1.245,1.25,1.237,1.243,12298463.0
1681560000000,1.244,1.252,1.234,1.242,16047184.3
1681574400000,1.242,1.25,1.236,1.244,14248719.6
1681588800000,1.245,1.248,1.233,1.242,10541641.9
1681603200000,1.242,1.248,1.226,1.236,17585587.1
1681617600000,1.235,1.248,1.234,1.245,9401248.0
1681632000000,1.245,1.25,1.234,1.236,10946990.8
1681646400000,1.235,1.242,1.222,1.238,19895973.8
1681660800000,1.238,1.254,1.235,1.241,17237638.3
1681675200000,1.242,1.25,1.232,1.238,16042338.6
1681689600000,1.239,1.241,1.199,1.219,33773832.9
1681704000000,1.22,1.22,1.21,1.214,13395550.2
1681718400000,1.214,1.22,1.199,1.208,18588424.4
1681732800000,1.208,1.214,1.199,1.204,19462800.3
1681747200000,1.205,1.215,1.202,1.211,8079152.8
1681761600000,1.212,1.212,1.202,1.207,7999585.6
1681776000000,1.206,1.209,1.188,1.206,17727241.0
1681790400000,1.205,1.22,1.203,1.216,13605051.1
1681804800000,1.216,1.229,1.211,1.227,13616573.4
1681819200000,1.226,1.231,1.21,1.216,19929248.8
1681833600000,1.215,1.217,1.204,1.21,14194631.2
1681848000000,1.21,1.221,1.205,1.218,9338837.7
1681862400000,1.219,1.219,1.204,1.208,12072012.7
1681876800000,1.208,1.211,1.193,1.194,14168704.9
1681891200000,1.195,1.195,1.081,1.126,73176648.6
1681905600000,1.125,1.136,1.119,1.126,19996104.6
1681920000000,1.126,1.13,1.108,1.114,17227709.4
1681934400000,1.114,1.12,1.079,1.1,26535290.4
1681948800000,1.1,1.115,1.09,1.104,18495648.6
1681963200000,1.104,1.115,1.102,1.105,13410554.0
1681977600000,1.104,1.112,1.095,1.099,16000026.1
1681992000000,1.099,1.114,1.083,1.088,24061790.6
1682006400000,1.088,1.088,1.047,1.069,48001514.7
1682020800000,1.069,1.078,1.067,1.076,10549808.1
1682035200000,1.076,1.091,1.073,1.088,12257949.6
1682049600000,1.088,1.092,1.065,1.081,18018663.6
1682064000000,1.082,1.091,1.071,1.079,12615794.9
1682078400000,1.079,1.089,1.068,1.084,17218248.0
1682092800000,1.085,1.087,1.012,1.037,48268221.0
1682107200000,1.037,1.045,1.027,1.042,19828793.4
1682121600000,1.043,1.05,1.037,1.049,10013126.9
1682136000000,1.049,1.054,1.045,1.048,8609207.9
1682150400000,1.049,1.053,1.043,1.053,6156709.1
1682164800000,1.052,1.064,1.046,1.061,12743515.1
1682179200000,1.062,1.071,1.06,1.069,9312152.2
1682193600000,1.069,1.077,1.067,1.073,7170531.4
1682208000000,1.074,1.074,1.04,1.062,17229712.4
1682222400000,1.062,1.073,1.06,1.072,7100048.0
1682236800000,1.071,1.072,1.06,1.067,9381172.8
1682251200000,1.067,1.071,1.046,1.054,17002536.6
1682265600000,1.053,1.06,1.028,1.044,23017050.3
1682280000000,1.043,1.056,1.037,1.055,11696227.6
1682294400000,1.054,1.075,1.046,1.062,16314029.9
1682308800000,1.062,1.063,1.041,1.049,13092771.2
1682323200000,1.049,1.053,1.04,1.049,13947903.5
1682337600000,1.05,1.061,1.032,1.035,19116320.8
1682352000000,1.036,1.049,1.017,1.041,20446487.3
1682366400000,1.041,1.051,1.039,1.049,8471642.3
1682380800000,1.048,1.051,1.031,1.034,14029378.1
1682395200000,1.033,1.042,1.028,1.031,11486773.5
1682409600000,1.03,1.043,1.025,1.04,14583805.9
1682424000000,1.04,1.044,1.022,1.026,17694079.0
1682438400000,1.025,1.038,1.023,1.032,15537014.3
1682452800000,1.032,1.063,1.032,1.059,18649419.1
1682467200000,1.06,1.064,1.053,1.054,10648449.0
1682481600000,1.055,1.06,1.05,1.054,7751610.0
1682496000000,1.053,1.077,1.052,1.072,17469018.1
1682510400000,1.072,1.088,1.066,1.08,25695225.6
1682524800000,1.08,1.082,0.985,1.002,50950205.3
1682539200000,1.002,1.028,0.971,1.028,56294899.7
1682553600000,1.027,1.051,1.015,1.028,41088478.6
1682568000000,1.028,1.039,1.009,1.019,22431303.8
1682582400000,1.019,1.025,1.012,1.021,19654749.2
1682596800000,1.021,1.032,1.008,1.022,39569119.7
1682611200000,1.023,1.042,1.02,1.035,23998095.2
1682625600000,1.034,1.037,1.021,1.03,14021118.5
1682640000000,1.031,1.032,1.023,1.028,10459474.9
1682654400000,1.027,1.036,1.026,1.035,8741037.7
1682668800000,1.035,1.035,1.023,1.025,13024544.7
1682683200000,1.025,1.034,1.013,1.028,22845373.6
1682697600000,1.029,1.05,1.026,1.039,18985954.3
1682712000000,1.039,1.043,1.035,1.038,9576865.8
1682726400000,1.039,1.05,1.036,1.046,10043268.9
1682740800000,1.046,1.049,1.042,1.043,8334058.1
1682755200000,1.044,1.046,1.04,1.044,9537981.3
1682769600000,1.044,1.049,1.041,1.043,9644282.5
1682784000000,1.042,1.044,1.026,1.041,14923351.8
1682798400000,1.04,1.044,1.036,1.041,7273276.5
1682812800000,1.042,1.043,1.033,1.036,8383603.5
1682827200000,1.035,1.043,1.034,1.041,4649219.7
1682841600000,1.04,1.046,1.035,1.036,7878878.1
1682856000000,1.036,1.05,1.032,1.043,15401694.5
1682870400000,1.042,1.047,1.017,1.023,22841307.7
1682884800000,1.022,1.03,1.01,1.02,19625578.7
1682899200000,1.02,1.028,0.997,1.014,24118116.1
1682913600000,1.014,1.021,1.008,1.017,8553113.0
1682928000000,1.018,1.023,1.015,1.016,7978239.3
1682942400000,1.017,1.021,1.007,1.009,17060557.3
1682956800000,1.009,1.015,0.992,1.005,20696860.9
1682971200000,1.004,1.011,0.997,1.007,11050027.3
1682985600000,1.007,1.014,1.004,1.012,9104624.8
1683000000000,1.012,1.029,1.009,1.027,11089899.6
1683014400000,1.027,1.031,1.016,1.018,12961649.0
1683028800000,1.018,1.031,1.01,1.025,23457133.6
1683043200000,1.025,1.03,1.021,1.025,9637203.1
1683057600000,1.025,1.027,1.021,1.023,5987477.4
1683072000000,1.023,1.023,1.008,1.014,11876775.6
1683086400000,1.013,1.018,1.011,1.016,6670887.0
1683100800000,1.016,1.021,1.009,1.009,8181324.2
1683115200000,1.009,1.011,0.997,1.003,26216099.0
1683129600000,1.004,1.018,1.0,1.009,26061889.0
1683144000000,1.01,1.038,1.009,1.032,20745818.2
1683158400000,1.032,1.035,1.023,1.026,14945221.3
1683172800000,1.025,1.027,1.019,1.019,6544094.1
1683187200000,1.02,1.028,1.016,1.02,9511136.4
1683201600000,1.021,1.021,1.0,1.002,21808422.1
1683216000000,1.002,1.006,0.997,1.003,13916489.9
1683230400000,1.004,1.005,1.0,1.005,6835237.1
1683244800000,1.005,1.013,1.0,1.004,15272587.2
1683259200000,1.003,1.009,1.001,1.003,8467917.5
1683273600000,1.003,1.009,1.0,1.007,9194094.8
1683288000000,1.007,1.012,0.961,1.004,51012244.6
1683302400000,1.004,1.019,1.004,1.011,28974864.0
1683316800000,1.011,1.02,1.009,1.016,9421406.3
1683331200000,1.015,1.037,1.012,1.023,29585418.3
1683345600000,1.023,1.026,1.013,1.016,13045630.7
1683360000000,1.016,1.017,1.002,1.007,20717775.8
1683374400000,1.008,1.008,0.967,0.975,43092762.9
1683388800000,0.975,0.99,0.973,0.987,14191489.6
1683403200000,0.988,0.988,0.978,0.983,9065219.7
1683417600000,0.983,0.988,0.975,0.979,13974904.6
1683432000000,0.978,0.986,0.977,0.982,8678924.9
1683446400000,0.982,0.987,0.981,0.983,7575382.4
1683460800000,0.984,0.992,0.983,0.987,11271033.2
1683475200000,0.987,0.99,0.977,0.981,11683761.5
1683489600000,0.981,0.987,0.96,0.969,18857444.7
1683504000000,0.969,0.974,0.914,0.945,55166022.9
1683518400000,0.945,0.946,0.927,0.934,20950388.9
1683532800000,0.934,0.941,0.927,0.937,16648321.8
1683547200000,0.937,0.941,0.93,0.933,13837132.0
1683561600000,0.934,0.934,0.865,0.894,70225270.2
1683576000000,0.895,0.908,0.89,0.906,12449494.8
1683590400000,0.905,0.917,0.903,0.91,18433435.4
1683604800000,0.911,0.929,0.905,0.922,26134660.7
1683619200000,0.923,0.93,0.916,0.925,17984878.1
1683633600000,0.925,0.928,0.914,0.916,17918006.6
1683648000000,0.917,0.927,0.912,0.917,13429295.6
1683662400000,0.917,0.92,0.91,0.918,7811425.7
1683676800000,0.917,0.923,0.916,0.917,9245936.6
1683691200000,0.918,0.922,0.912,0.912,9975049.0
1683705600000,0.912,0.915,0.905,0.914,12526915.7
1683720000000,0.914,0.934,0.908,0.924,28040053.3
1683734400000,0.925,0.927,0.869,0.91,48816033.8
1683748800000,0.91,0.919,0.906,0.912,16169409.6
1683763200000,0.912,0.913,0.902,0.907,16125663.6
1683777600000,0.906,0.909,0.902,0.905,9084726.8
1683792000000,0.905,0.907,0.893,0.903,13927733.6
1683806400000,0.902,0.912,0.878,0.884,38509859.6
1683820800000,0.885,0.887,0.857,0.874,36786794.7
1683835200000,0.874,0.886,0.873,0.883,11055238.1
1683849600000,0.882,0.888,0.854,0.862,24494232.4
1683864000000,0.863,0.872,0.857,0.868,18042373.1
1683878400000,0.868,0.873,0.861,0.865,13490179.4
1683892800000,0.864,0.872,0.857,0.859,16855650.1
1683907200000,0.859,0.866,0.832,0.864,40916929.2
1683921600000,0.864,0.875,0.857,0.875,17823516.7
1683936000000,0.875,0.876,0.867,0.872,10268432.0
1683950400000,0.872,0.873,0.866,0.871,8359195.8
1683964800000,0.871,0.877,0.868,0.871,9416570.0
1683979200000,0.87,0.873,0.861,0.869,13349295.1
1683993600000,0.869,0.876,0.865,0.871,10528285.2
1684008000000,0.87,0.876,0.869,0.87,7351867.8
1684022400000,0.871,0.877,0.866,0.875,10351322.2
1684036800000,0.876,0.877,0.872,0.873,5718227.6
1684051200000,0.874,0.876,0.871,0.876,7102213.7
1684065600000,0.875,0.887,0.874,0.884,15462176.8
1684080000000,0.883,0.885,0.868,0.87,11446212.8
1684094400000,0.871,0.877,0.868,0.876,6891743.4
1684108800000,0.875,0.888,0.863,0.887,25664921.2
1684123200000,0.887,0.892,0.885,0.89,12475228.1
1684137600000,0.889,0.893,0.886,0.888,8967557.0
1684152000000,0.888,0.894,0.882,0.889,10126385.8
1684166400000,0.89,0.894,0.881,0.884,11895946.8
1684180800000,0.884,0.885,0.874,0.879,10466671.5
1684195200000,0.878,0.886,0.871,0.878,19122037.2
1684209600000,0.878,0.892,0.875,0.891,14535470.1
1684224000000,0.892,0.894,0.886,0.89,10258457.4
1684238400000,0.891,0.894,0.884,0.888,18996193.1
1684252800000,0.888,0.891,0.884,0.885,10577695.5
1684267200000,0.886,0.895,0.883,0.893,9655237.4
1684281600000,0.892,0.907,0.89,0.902,21197595.3
1684296000000,0.903,0.904,0.89,0.892,12305676.1
1684310400000,0.891,0.898,0.886,0.892,18129389.0
1684324800000,0.892,0.895,0.881,0.89,22590819.8
1684339200000,0.89,0.912,0.888,0.909,24396815.8
1684353600000,0.909,0.912,0.901,0.906,10793790.6
1684368000000,0.905,0.908,0.899,0.907,11403119.6
1684382400000,0.907,0.909,0.899,0.908,11956800.5
1684396800000,0.907,0.909,0.902,0.906,11395774.4
1684411200000,0.906,0.907,0.893,0.897,19095486.4
1684425600000,0.896,0.901,0.87,0.879,32820225.4
1684440000000,0.88,0.89,0.879,0.883,11797216.0
1684454400000,0.883,0.892,0.882,0.89,13179621.3
1684468800000,0.891,0.892,0.883,0.884,10970500.7
1684483200000,0.884,0.889,0.884,0.887,7605947.1
1684497600000,0.887,0.891,0.878,0.883,22045976.2
1684512000000,0.884,0.886,0.874,0.879,16996938.6
1684526400000,0.878,0.882,0.877,0.88,7677894.6
1684540800000,0.881,0.882,0.874,0.88,9795551.3
1684555200000,0.879,0.881,0.876,0.878,5990360.1
1684569600000,0.879,0.883,0.878,0.879,6592717.8
1684584000000,0.88,0.882,0.878,0.88,7336917.2
1684598400000,0.881,0.884,0.877,0.881,9378315.4
1684612800000,0.881,0.882,0.874,0.878,9062732.0
1684627200000,0.878,0.881,0.874,0.878,6357949.2
1684641600000,0.877,0.88,0.877,0.878,5174160.1
1684656000000,0.877,0.879,0.86,0.869,19874968.1
1684670400000,0.869,0.873,0.862,0.866,13990194.8
1684684800000,0.865,0.867,0.846,0.853,28523966.6
1684699200000,0.853,0.855,0.844,0.851,14439349.8
1684713600000,0.85,0.854,0.837,0.849,22970203.0
1684728000000,0.848,0.857,0.847,0.853,11591739.1
1684742400000,0.853,0.86,0.851,0.858,14236464.9
1684756800000,0.859,0.86,0.849,0.854,20739981.7
1684771200000,0.854,0.857,0.849,0.854,12160888.0
1684785600000,0.853,0.857,0.85,0.85,7142281.6
1684800000000,0.851,0.875,0.848,0.869,26555566.4
1684814400000,0.87,0.873,0.861,0.865,17650279.8
1684828800000,0.864,0.869,0.862,0.868,11313488.2
1684843200000,0.869,0.869,0.857,0.864,17967736.8
1684857600000,0.863,0.864,0.853,0.858,13128070.5
1684872000000,0.858,0.862,0.856,0.86,9239143.8
1684886400000,0.861,0.862,0.837,0.843,29849902.0
1684900800000,0.843,0.846,0.839,0.842,20222308.4
1684915200000,0.841,0.847,0.84,0.844,10414574.1
1684929600000,0.845,0.848,0.808,0.833,49747101.0
1684944000000,0.833,0.837,0.828,0.832,15942039.3
1684958400000,0.832,0.84,0.831,0.835,10397164.8
1684972800000,0.835,0.838,0.817,0.834,27300884.7
1684987200000,0.834,0.838,0.832,0.834,12385606.1
1685001600000,0.835,0.839,0.833,0.839,7938984.2
1685016000000,0.839,0.844,0.833,0.834,17394128.8
1685030400000,0.835,0.848,0.833,0.845,14972035.4
1685044800000,0.845,0.847,0.84,0.843,8059374.7
1685059200000,0.843,0.846,0.839,0.841,13661717.4
1685073600000,0.841,0.848,0.838,0.845,10520332.2
1685088000000,0.846,0.847,0.842,0.845,10112496.9
1685102400000,0.846,0.857,0.844,0.854,20018610.7
1685116800000,0.855,0.889,0.851,0.886,62979014.7
1685131200000,0.886,0.892,0.876,0.876,30330860.0
1685145600000,0.877,0.879,0.873,0.876,16004635.1
1685160000000,0.877,0.88,0.873,0.874,15082361.3
1685174400000,0.875,0.877,0.872,0.875,11634015.8
1685188800000,0.874,0.881,0.87,0.879,15743716.1
1685203200000,0.879,0.881,0.875,0.88,9212929.7
1685217600000,0.881,0.885,0.879,0.883,8490184.6
1685232000000,0.883,0.891,0.88,0.888,14411768.8
1685246400000,0.889,0.931,0.881,0.911,89056300.2
1685260800000,0.912,0.919,0.9,0.904,36832244.7
1685275200000,0.905,0.906,0.899,0.902,10808340.9
1685289600000,0.903,0.905,0.897,0.901,14917996.0
1685304000000,0.902,0.917,0.9,0.91,23559811.4
1685318400000,0.911,0.914,0.9,0.901,17798006.9
1685332800000,0.901,0.903,0.892,0.895,17671905.9
1685347200000,0.895,0.899,0.89,0.899,13989075.1
1685361600000,0.899,0.907,0.891,0.893,21331335.1
1685376000000,0.893,0.904,0.891,0.901,20234026.1
1685390400000,0.902,0.906,0.894,0.896,11453433.3
1685404800000,0.895,0.901,0.89,0.899,13630402.7
1685419200000,0.899,0.902,0.894,0.898,11995535.8
1685433600000,0.898,0.912,0.897,0.909,17953032.6
1685448000000,0.91,0.926,0.896,0.914,50065753.9
1685462400000,0.915,0.917,0.907,0.91,18994751.2
1685476800000,0.91,0.914,0.907,0.913,9617002.9
1685491200000,0.912,0.913,0.901,0.906,13619255.1
1685505600000,0.907,0.907,0.871,0.886,39880164.8
1685520000000,0.886,0.89,0.881,0.885,14735114.8
1685534400000,0.884,0.888,0.874,0.878,24583551.2
1685548800000,0.877,0.892,0.874,0.889,14330439.9
1685563200000,0.89,0.892,0.887,0.891,8538676.4
1685577600000,0.89,0.903,0.874,0.881,35194610.9
1685592000000,0.882,0.886,0.88,0.882,10560519.7
1685606400000,0.883,0.885,0.88,0.884,10089846.6
1685620800000,0.885,0.89,0.882,0.888,10815439.7
1685635200000,0.888,0.893,0.881,0.888,15271621.1
1685649600000,0.888,0.89,0.878,0.883,8683931.2
1685664000000,0.882,0.907,0.874,0.905,27369359.5
1685678400000,0.905,0.909,0.898,0.901,17360209.2
1685692800000,0.901,0.909,0.9,0.905,8918196.9
1685707200000,0.905,0.909,0.898,0.903,21667565.0
1685721600000,0.904,0.909,0.9,0.908,7890789.8
1685736000000,0.909,0.91,0.9,0.907,7551696.9
1685750400000,0.906,0.909,0.901,0.902,6615048.0
1685764800000,0.902,0.91,0.901,0.909,5821069.5
1685779200000,0.91,0.916,0.906,0.911,9268592.1
1685793600000,0.912,0.919,0.91,0.918,9982972.6
1685808000000,0.917,0.919,0.904,0.905,13167102.5
1685822400000,0.906,0.913,0.905,0.912,4511256.3
1685836800000,0.911,0.923,0.906,0.92,12579669.4
1685851200000,0.92,0.923,0.917,0.92,6970330.9
1685865600000,0.92,0.923,0.916,0.918,5778794.1
1685880000000,0.917,0.919,0.911,0.917,9896769.6
1685894400000,0.916,0.923,0.914,0.921,6261403.9
1685908800000,0.922,0.927,0.906,0.912,18755526.5
1685923200000,0.912,0.927,0.898,0.9,32840392.7
1685937600000,0.899,0.91,0.896,0.909,14072201.1
1685952000000,0.909,0.912,0.904,0.907,9587862.9
1685966400000,0.907,0.908,0.852,0.853,40111375.2
1685980800000,0.854,0.856,0.825,0.835,74857166.7
1685995200000,0.835,0.842,0.828,0.839,16540470.8
1686009600000,0.838,0.846,0.834,0.844,12019102.0
1686024000000,0.845,0.848,0.841,0.841,9346150.8
1686038400000,0.841,0.847,0.839,0.841,10607533.1
1686052800000,0.841,0.858,0.827,0.857,44500911.6
1686067200000,0.856,0.886,0.853,0.885,29542084.3
1686081600000,0.885,0.899,0.881,0.89,41007528.7
1686096000000,0.891,0.893,0.881,0.883,19289604.3
1686110400000,0.884,0.889,0.877,0.883,12249101.9
1686124800000,0.884,0.887,0.866,0.881,27470889.1
1686139200000,0.88,0.881,0.857,0.861,38560961.8
1686153600000,0.86,0.861,0.844,0.859,36416752.6
1686168000000,0.858,0.864,0.849,0.863,20023678.3
1686182400000,0.863,0.898,0.858,0.88,54730212.5
1686196800000,0.88,0.89,0.877,0.889,21936175.7
1686211200000,0.889,0.891,0.879,0.887,21533014.0
1686225600000,0.886,0.899,0.883,0.888,44450797.0
1686240000000,0.888,0.89,0.877,0.889,18202749.7
1686254400000,0.89,0.896,0.886,0.89,14194277.1
1686268800000,0.889,0.895,0.883,0.893,24992836.7
1686283200000,0.894,0.894,0.887,0.89,15871770.2
1686297600000,0.89,0.903,0.89,0.894,20268160.2
1686312000000,0.895,0.905,0.89,0.893,24512768.1
1686326400000,0.893,0.901,0.886,0.889,22388530.5
1686340800000,0.888,0.897,0.884,0.896,15764038.7
1686355200000,0.896,0.896,0.849,0.853,77415413.8
1686369600000,0.852,0.855,0.574,0.671,320546043.1
1686384000000,0.67,0.683,0.663,0.682,57343279.3
1686398400000,0.681,0.682,0.666,0.675,44812299.9
1686412800000,0.675,0.7,0.657,0.684,89521865.5
1686427200000,0.683,0.702,0.678,0.697,34184121.9
1686441600000,0.697,0.697,0.68,0.684,34640710.2
1686456000000,0.683,0.684,0.671,0.675,29008524.0
1686470400000,0.676,0.688,0.674,0.685,24082873.1
1686484800000,0.684,0.687,0.673,0.675,26733469.3
1686499200000,0.676,0.69,0.675,0.688,30883325.0
1686513600000,0.687,0.694,0.676,0.683,31124276.2
1686528000000,0.684,0.684,0.652,0.661,66608154.7
1686542400000,0.662,0.671,0.661,0.662,23143841.6
1686556800000,0.662,0.681,0.661,0.676,26834384.3
1686571200000,0.675,0.678,0.669,0.672,23218952.4
1686585600000,0.673,0.681,0.665,0.677,34900747.6
1686600000000,0.677,0.681,0.672,0.675,14128443.1
1686614400000,0.675,0.684,0.667,0.682,26829487.3
1686628800000,0.682,0.683,0.674,0.679,15221350.8
1686643200000,0.679,0.687,0.678,0.686,22860029.9
1686657600000,0.686,0.694,0.664,0.665,65946329.2
1686672000000,0.665,0.675,0.665,0.669,21833501.1
1686686400000,0.67,0.677,0.666,0.675,18897631.1
1686700800000,0.675,0.683,0.673,0.678,16276781.8
1686715200000,0.679,0.68,0.669,0.671,14878618.4
1686729600000,0.671,0.679,0.67,0.678,10617218.9
1686744000000,0.677,0.68,0.669,0.671,18928690.8
1686758400000,0.672,0.677,0.66,0.671,44328007.6
1686772800000,0.67,0.671,0.618,0.637,101020834.5
1686787200000,0.636,0.645,0.634,0.642,20335755.1
1686801600000,0.643,0.643,0.629,0.631,27665259.0
1686816000000,0.631,0.64,0.628,0.636,22737739.2
1686830400000,0.637,0.643,0.632,0.637,22758785.7
1686844800000,0.637,0.641,0.619,0.638,47323402.5
1686859200000,0.638,0.644,0.632,0.641,22040276.1
1686873600000,0.641,0.641,0.628,0.637,20695131.6
1686888000000,0.636,0.639,0.633,0.634,13244125.7
1686902400000,0.635,0.636,0.611,0.616,41766167.0
1686916800000,0.617,0.623,0.598,0.622,86902409.3
1686931200000,0.622,0.634,0.616,0.627,61413560.6
1686945600000,0.627,0.632,0.626,0.628,17325003.4
1686960000000,0.628,0.63,0.625,0.627,17472390.3
1686974400000,0.628,0.644,0.625,0.636,43660792.1
1686988800000,0.636,0.639,0.633,0.634,22275183.4
1687003200000,0.635,0.64,0.632,0.639,25821165.7
1687017600000,0.639,0.643,0.634,0.635,17204182.1
1687032000000,0.636,0.639,0.633,0.634,10938970.7
1687046400000,0.634,0.637,0.62,0.634,34765670.1
1687060800000,0.634,0.64,0.63,0.634,23370433.7
1687075200000,0.633,0.636,0.629,0.634,23913352.2
1687089600000,0.634,0.638,0.632,0.637,17745627.6
1687104000000,0.636,0.639,0.634,0.638,13731001.3
1687118400000,0.637,0.639,0.62,0.626,49643047.8
1687132800000,0.625,0.627,0.615,0.621,24642604.2
1687147200000,0.621,0.625,0.62,0.622,17483948.0
1687161600000,0.621,0.624,0.619,0.624,15757239.0
1687176000000,0.623,0.627,0.617,0.621,38963372.7
1687190400000,0.621,0.632,0.617,0.623,61100279.5
1687204800000,0.623,0.629,0.622,0.628,19484140.9
1687219200000,0.629,0.632,0.622,0.622,31258349.4
1687233600000,0.622,0.625,0.616,0.62,27685876.4
1687248000000,0.619,0.622,0.617,0.621,17883399.8
1687262400000,0.622,0.623,0.602,0.611,78463477.2
1687276800000,0.611,0.639,0.608,0.637,89996559.2
1687291200000,0.637,0.644,0.633,0.638,42342421.2
1687305600000,0.639,0.659,0.636,0.658,67305915.8
1687320000000,0.658,0.676,0.653,0.674,67262039.3
1687334400000,0.673,0.675,0.662,0.668,51550617.9
1687348800000,0.667,0.672,0.655,0.667,60420636.3
1687363200000,0.667,0.68,0.664,0.675,85260998.2
1687377600000,0.675,0.688,0.666,0.68,40282362.6
1687392000000,0.681,0.727,0.679,0.711,127665333.4
1687406400000,0.712,0.714,0.694,0.704,182386696.3
1687420800000,0.704,0.711,0.657,0.681,117115242.0
1687435200000,0.682,0.693,0.668,0.68,75792543.7
1687449600000,0.68,0.687,0.678,0.685,29871431.2
1687464000000,0.684,0.685,0.674,0.678,22355942.1
1687478400000,0.678,0.694,0.677,0.69,48933516.6
1687492800000,0.689,0.704,0.688,0.694,41864539.7
1687507200000,0.694,0.696,0.685,0.689,41368441.5
1687521600000,0.69,0.711,0.678,0.708,100231520.8
1687536000000,0.709,0.753,0.706,0.735,183068399.2
1687550400000,0.735,0.754,0.728,0.739,75078079.8
1687564800000,0.738,0.761,0.719,0.751,72174431.0
1687579200000,0.75,0.754,0.725,0.727,37888414.9
1687593600000,0.728,0.736,0.726,0.73,22587964.1
1687608000000,0.731,0.734,0.686,0.703,82387004.7
1687622400000,0.703,0.718,0.693,0.715,39922046.4
1687636800000,0.715,0.728,0.706,0.725,22796762.2
1687651200000,0.725,0.747,0.717,0.745,37566565.6
1687665600000,0.744,0.751,0.731,0.746,45663890.0
1687680000000,0.747,0.749,0.732,0.736,28257852.6
1687694400000,0.737,0.738,0.71,0.717,65849567.3
1687708800000,0.718,0.725,0.712,0.718,30831076.1
1687723200000,0.718,0.726,0.711,0.722,22672427.3
1687737600000,0.722,0.723,0.7,0.706,48919698.4
1687752000000,0.707,0.74,0.7,0.733,47938204.8
1687766400000,0.733,0.773,0.729,0.737,100970129.1
1687780800000,0.737,0.755,0.735,0.742,64331129.7
1687795200000,0.742,0.746,0.708,0.726,81848297.7
1687809600000,0.725,0.728,0.697,0.717,37797179.6
1687824000000,0.717,0.727,0.709,0.721,45180340.8
1687838400000,0.722,0.722,0.711,0.718,31762788.6
1687852800000,0.718,0.728,0.713,0.725,45057216.4
1687867200000,0.724,0.735,0.708,0.711,70342330.6
1687881600000,0.71,0.723,0.706,0.719,30264745.4
1687896000000,0.72,0.724,0.715,0.722,12190196.1
1687910400000,0.722,0.722,0.704,0.712,48871269.2
1687924800000,0.713,0.714,0.68,0.691,76412223.7
1687939200000,0.692,0.704,0.689,0.699,38297708.5
1687953600000,0.699,0.7,0.685,0.696,48789252.2
1687968000000,0.696,0.699,0.634,0.665,91257260.3
1687982400000,0.665,0.672,0.659,0.665,38808600.8
1687996800000,0.665,0.675,0.664,0.672,37396050.2
1688011200000,0.673,0.678,0.67,0.676,22184582.0
1688025600000,0.675,0.688,0.672,0.687,37897604.2
1688040000000,0.687,0.69,0.673,0.676,42350413.4
1688054400000,0.675,0.686,0.673,0.683,31374168.6
1688068800000,0.684,0.685,0.673,0.677,26073477.2
1688083200000,0.677,0.736,0.67,0.731,117454122.0
1688097600000,0.732,0.74,0.716,0.728,82208481.1
1688112000000,0.728,0.767,0.727,0.754,114500296.2
1688126400000,0.754,0.76,0.669,0.709,172326554.4
1688140800000,0.709,0.778,0.703,0.745,138422910.2
1688155200000,0.744,0.753,0.739,0.75,25253657.9
1688169600000,0.751,0.789,0.749,0.755,110643321.9
1688184000000,0.754,0.807,0.734,0.787,115485795.0
1688198400000,0.788,0.795,0.77,0.782,72484183.7
1688212800000,0.781,0.786,0.762,0.766,52514600.1
1688227200000,0.766,0.77,0.756,0.762,30960463.5
1688241600000,0.761,0.783,0.759,0.78,30188041.2
1688256000000,0.781,0.79,0.738,0.744,68359411.6
1688270400000,0.744,0.756,0.741,0.753,28037649.8
1688284800000,0.754,0.76,0.75,0.759,23943486.9
1688299200000,0.759,0.761,0.735,0.746,48801129.3
1688313600000,0.747,0.772,0.746,0.761,42460204.8
1688328000000,0.761,0.77,0.749,0.763,52067341.5
1688342400000,0.764,0.774,0.752,0.769,40577665.5
1688356800000,0.769,0.772,0.757,0.768,30430022.7
1688371200000,0.769,0.77,0.755,0.76,32564889.6
1688385600000,0.76,0.767,0.751,0.763,47362962.9
1688400000000,0.764,0.771,0.754,0.765,39213855.4
1688414400000,0.766,0.769,0.756,0.768,16677998.1
1688428800000,0.768,0.777,0.757,0.768,36136152.9
1688443200000,0.768,0.768,0.752,0.753,36072355.1
1688457600000,0.754,0.759,0.745,0.757,32508359.5
1688472000000,0.757,0.758,0.741,0.746,32628572.9
1688486400000,0.746,0.751,0.73,0.739,53639267.4
1688500800000,0.738,0.747,0.737,0.741,17646105.6
1688515200000,0.742,0.766,0.741,0.758,40000644.5
1688529600000,0.759,0.762,0.754,0.76,23955323.7
1688544000000,0.76,0.767,0.717,0.723,104680279.1
1688558400000,0.722,0.726,0.706,0.711,73976133.6
1688572800000,0.712,0.724,0.709,0.718,34191148.2
1688587200000,0.719,0.725,0.717,0.722,21508011.1
1688601600000,0.723,0.728,0.718,0.723,26694508.5
1688616000000,0.724,0.748,0.718,0.74,44133661.5
1688630400000,0.74,0.755,0.734,0.738,46497061.1
1688644800000,0.737,0.74,0.696,0.72,97795944.3
1688659200000,0.72,0.727,0.713,0.715,39562599.0
1688673600000,0.714,0.717,0.7,0.701,41948226.1
1688688000000,0.701,0.716,0.69,0.713,55770752.7
1688702400000,0.713,0.716,0.704,0.708,36259955.7
1688716800000,0.708,0.722,0.706,0.715,33192009.8
1688731200000,0.716,0.739,0.708,0.733,88021475.9
1688745600000,0.732,0.734,0.718,0.723,29262147.8
1688760000000,0.724,0.732,0.722,0.73,11942454.5
1688774400000,0.731,0.734,0.725,0.726,20010615.7
1688788800000,0.726,0.728,0.713,0.721,23420662.2
1688803200000,0.72,0.733,0.717,0.72,29681865.1
1688817600000,0.721,0.725,0.71,0.713,39721656.6
1688832000000,0.714,0.718,0.707,0.71,23390843.8
1688846400000,0.71,0.726,0.704,0.724,23773676.2
1688860800000,0.724,0.75,0.723,0.742,74773869.2
1688875200000,0.741,0.745,0.729,0.734,24734551.4
1688889600000,0.734,0.741,0.731,0.733,21464307.9
1688904000000,0.734,0.739,0.724,0.735,43254364.3
1688918400000,0.735,0.739,0.731,0.733,13314825.4
1688932800000,0.733,0.734,0.719,0.724,24592290.7
1688947200000,0.725,0.726,0.695,0.709,76831868.6
1688961600000,0.71,0.713,0.703,0.709,26038598.4
1688976000000,0.709,0.718,0.7,0.715,42316046.4
1688990400000,0.716,0.73,0.71,0.728,48661659.1
1689004800000,0.727,0.733,0.714,0.732,38662043.2
1689019200000,0.732,0.748,0.715,0.726,72197244.8
1689033600000,0.726,0.737,0.72,0.736,47932195.0
1689048000000,0.735,0.742,0.728,0.728,31465951.7
1689062400000,0.728,0.731,0.72,0.722,27857977.1
1689076800000,0.723,0.732,0.716,0.723,50192230.9
1689091200000,0.723,0.726,0.716,0.721,31153890.0
1689105600000,0.721,0.732,0.72,0.731,17022113.6
1689120000000,0.731,0.739,0.729,0.731,37186243.2
1689134400000,0.731,0.739,0.727,0.736,25537538.3
1689148800000,0.736,0.74,0.73,0.733,20873450.1
1689163200000,0.733,0.747,0.714,0.716,85561167.7
1689177600000,0.716,0.724,0.71,0.714,49283473.2
1689192000000,0.714,0.722,0.712,0.719,19805119.2
1689206400000,0.72,0.721,0.712,0.714,17909139.7
1689220800000,0.714,0.725,0.713,0.72,21087679.5
1689235200000,0.72,0.728,0.718,0.725,22671224.7
1689249600000,0.726,0.769,0.722,0.76,96681934.7
1689264000000,0.76,0.808,0.757,0.8,165925565.3
1689278400000,0.799,0.807,0.78,0.802,53564673.7
1689292800000,0.803,0.813,0.789,0.799,76506843.1
1689307200000,0.8,0.807,0.792,0.794,28701357.8
1689321600000,0.793,0.801,0.785,0.799,26191354.7
1689336000000,0.8,0.835,0.792,0.82,55727194.3
1689350400000,0.821,0.825,0.744,0.762,133697464.5
1689364800000,0.763,0.774,0.755,0.772,29020338.2
1689379200000,0.773,0.775,0.755,0.762,45117653.9
1689393600000,0.762,0.786,0.759,0.782,41738173.9
1689408000000,0.781,0.804,0.771,0.789,61370885.5
1689422400000,0.79,0.792,0.765,0.77,43213482.7
1689436800000,0.77,0.777,0.762,0.772,22377522.6
1689451200000,0.773,0.776,0.766,0.772,14272039.7
1689465600000,0.772,0.789,0.755,0.765,56245163.7
1689480000000,0.765,0.776,0.764,0.776,16704649.0
1689494400000,0.775,0.784,0.773,0.777,29676625.6
1689508800000,0.776,0.795,0.773,0.784,47081593.4
1689523200000,0.783,0.784,0.76,0.762,36091040.4
1689537600000,0.761,0.766,0.745,0.755,40927210.7
1689552000000,0.755,0.772,0.748,0.77,34868563.2
1689566400000,0.77,0.773,0.766,0.768,18226406.8
1689580800000,0.768,0.773,0.734,0.753,49210227.7
1689595200000,0.753,0.771,0.746,0.764,37689930.6
1689609600000,0.764,0.792,0.741,0.753,93608931.0
1689624000000,0.754,0.782,0.749,0.775,37434017.5
1689638400000,0.774,0.781,0.77,0.774,31238325.6
1689652800000,0.773,0.776,0.745,0.757,63667358.2
1689667200000,0.757,0.777,0.748,0.752,69971332.8
1689681600000,0.751,0.762,0.745,0.756,57485667.3
1689696000000,0.756,0.76,0.737,0.749,41408158.4
1689710400000,0.75,0.757,0.746,0.756,14141945.0
1689724800000,0.756,0.779,0.752,0.771,49895126.0
1689739200000,0.772,0.776,0.761,0.764,34813505.2
1689753600000,0.763,0.764,0.75,0.762,30590575.9
1689768000000,0.761,0.764,0.747,0.757,38911298.5
1689782400000,0.758,0.768,0.753,0.765,23715473.2
1689796800000,0.765,0.765,0.753,0.757,22803791.8
1689811200000,0.758,0.772,0.755,0.761,33162462.6
1689825600000,0.762,0.785,0.759,0.78,43878129.5
1689840000000,0.78,0.793,0.778,0.779,43746331.1
1689854400000,0.78,0.786,0.749,0.759,60181554.1
1689868800000,0.76,0.765,0.753,0.761,29640085.4
1689883200000,0.761,0.767,0.753,0.765,15712356.6
1689897600000,0.766,0.781,0.759,0.774,37822950.5
1689912000000,0.775,0.776,0.761,0.763,26040392.9
1689926400000,0.764,0.78,0.762,0.774,37062288.4
1689940800000,0.773,0.789,0.773,0.781,67896096.2
1689955200000,0.781,0.794,0.778,0.788,47342856.8
1689969600000,0.788,0.789,0.782,0.784,16066824.9
1689984000000,0.783,0.789,0.776,0.786,28732794.9
1689998400000,0.787,0.788,0.778,0.782,20911222.4
1690012800000,0.782,0.785,0.765,0.782,43408401.0
1690027200000,0.782,0.795,0.779,0.787,36661406.1
1690041600000,0.788,0.791,0.778,0.781,22902227.6
1690056000000,0.781,0.786,0.762,0.774,29722082.5
1690070400000,0.774,0.783,0.767,0.779,22937176.4
1690084800000,0.779,0.785,0.775,0.777,16622741.4
1690099200000,0.778,0.781,0.776,0.776,12619827.4
1690113600000,0.777,0.78,0.772,0.776,13231244.3
1690128000000,0.777,0.792,0.776,0.785,22993902.1
1690142400000,0.786,0.791,0.779,0.78,10128232.2
1690156800000,0.78,0.784,0.767,0.77,30772002.0
1690171200000,0.77,0.777,0.762,0.774,29596243.1
1690185600000,0.774,0.776,0.725,0.747,63291520.8
1690200000000,0.746,0.751,0.737,0.744,60692977.6
1690214400000,0.744,0.749,0.739,0.744,28681533.5
1690228800000,0.745,0.749,0.74,0.744,10326565.6
1690243200000,0.743,0.749,0.739,0.744,25257316.8
1690257600000,0.744,0.748,0.741,0.745,23756478.7
1690272000000,0.744,0.749,0.741,0.743,23860999.5
1690286400000,0.742,0.745,0.733,0.738,39586116.6
1690300800000,0.739,0.745,0.735,0.739,23051223.3
1690315200000,0.739,0.744,0.736,0.741,10695065.0
1690329600000,0.741,0.743,0.726,0.739,36462992.1
1690344000000,0.739,0.743,0.735,0.738,19268220.1
1690358400000,0.737,0.739,0.73,0.732,18887491.7
1690372800000,0.732,0.739,0.729,0.739,24354571.3
1690387200000,0.738,0.747,0.73,0.747,58927858.0
1690401600000,0.747,0.751,0.74,0.744,31239829.2
1690416000000,0.744,0.748,0.736,0.743,19030593.2
1690430400000,0.743,0.748,0.74,0.742,23325851.1
1690444800000,0.741,0.748,0.741,0.744,17421482.5
1690459200000,0.744,0.745,0.735,0.738,23733470.4
1690473600000,0.738,0.742,0.731,0.735,23882554.2
1690488000000,0.736,0.743,0.735,0.742,8482340.9
1690502400000,0.742,0.747,0.74,0.744,15460703.8
1690516800000,0.745,0.746,0.737,0.739,14673618.4
1690531200000,0.738,0.746,0.736,0.745,13125556.9
1690545600000,0.745,0.754,0.743,0.747,21812316.5
1690560000000,0.748,0.75,0.742,0.747,10315174.9
1690574400000,0.746,0.752,0.746,0.748,5549297.8
1690588800000,0.748,0.757,0.746,0.751,8315924.9
1690603200000,0.751,0.755,0.749,0.75,8716480.1
1690617600000,0.751,0.751,0.745,0.747,9645728.2
1690632000000,0.747,0.754,0.747,0.751,10309424.6
1690646400000,0.752,0.757,0.751,0.755,9335280.0
1690660800000,0.755,0.759,0.753,0.757,9751368.4
1690675200000,0.756,0.758,0.753,0.756,12704582.0
1690689600000,0.756,0.757,0.75,0.752,8282886.9
1690704000000,0.752,0.757,0.75,0.754,11096483.9
1690718400000,0.754,0.777,0.746,0.767,69595213.5
1690732800000,0.766,0.768,0.744,0.752,44429828.8
1690747200000,0.751,0.754,0.735,0.753,39401587.9
1690761600000,0.754,0.761,0.75,0.755,24987670.8
1690776000000,0.756,0.756,0.75,0.75,16796616.8
1690790400000,0.751,0.756,0.75,0.756,22703425.2
1690804800000,0.755,0.757,0.744,0.746,30214692.5
1690819200000,0.747,0.751,0.737,0.741,24810160.7
1690833600000,0.742,0.748,0.736,0.744,22147980.8
1690848000000,0.745,0.751,0.712,0.727,57144412.9
1690862400000,0.726,0.744,0.725,0.734,28441998.4
1690876800000,0.735,0.743,0.734,0.738,16895551.7
1690891200000,0.738,0.741,0.724,0.74,41121339.6
1690905600000,0.739,0.744,0.735,0.744,22444187.1
1690920000000,0.743,0.75,0.739,0.75,18320767.0
1690934400000,0.749,0.756,0.745,0.746,27136820.4
1690948800000,0.746,0.748,0.74,0.741,16075938.5
1690963200000,0.741,0.747,0.739,0.746,18009619.8
1690977600000,0.746,0.747,0.724,0.729,53526110.5
1690992000000,0.73,0.733,0.717,0.727,40809011.3
1691006400000,0.728,0.733,0.726,0.73,11278770.2
1691020800000,0.729,0.734,0.726,0.73,17437233.9
1691035200000,0.731,0.731,0.719,0.72,26401798.4
1691049600000,0.72,0.727,0.715,0.725,27053593.2
1691064000000,0.726,0.734,0.722,0.728,31605100.4
1691078400000,0.729,0.734,0.726,0.729,17707129.9
1691092800000,0.729,0.733,0.715,0.715,26408310.9
1691107200000,0.716,0.722,0.713,0.719,23589723.9
1691121600000,0.719,0.721,0.711,0.716,24411966.3
1691136000000,0.716,0.724,0.716,0.722,19815088.8
1691150400000,0.722,0.729,0.721,0.725,34566265.9
1691164800000,0.725,0.729,0.715,0.719,32838507.3
1691179200000,0.719,0.722,0.711,0.718,25656755.8
1691193600000,0.719,0.721,0.709,0.717,16417247.8
1691208000000,0.718,0.719,0.713,0.717,8764225.3
1691222400000,0.718,0.722,0.715,0.717,12279973.8
1691236800000,0.717,0.722,0.714,0.721,19177818.9
1691251200000,0.72,0.726,0.717,0.723,11843228.2
1691265600000,0.723,0.731,0.723,0.727,11360010.6
1691280000000,0.727,0.733,0.723,0.73,15709890.6
1691294400000,0.73,0.731,0.725,0.73,7766784.7
1691308800000,0.729,0.731,0.723,0.73,9095948.1
1691323200000,0.73,0.731,0.721,0.724,16697907.0
1691337600000,0.724,0.73,0.722,0.726,7681430.0
1691352000000,0.726,0.732,0.726,0.729,10980865.6
1691366400000,0.729,0.741,0.727,0.735,28492675.6
1691380800000,0.736,0.737,0.727,0.729,22017595.3
1691395200000,0.73,0.731,0.725,0.729,17404686.8
1691409600000,0.73,0.731,0.714,0.716,52341639.7
1691424000000,0.716,0.718,0.7,0.715,44462765.2
1691438400000,0.715,0.721,0.714,0.72,11012167.1
1691452800000,0.72,0.722,0.715,0.718,22189072.9
1691467200000,0.717,0.72,0.713,0.713,15079370.5
1691481600000,0.714,0.721,0.712,0.72,14084889.4
1691496000000,0.721,0.73,0.718,0.721,40356623.2
1691510400000,0.722,0.731,0.721,0.723,31969919.8
1691524800000,0.724,0.73,0.723,0.725,18452015.7
1691539200000,0.724,0.726,0.72,0.722,19942823.7
1691553600000,0.721,0.726,0.72,0.725,9459956.3
1691568000000,0.726,0.728,0.723,0.726,14701663.7
1691582400000,0.725,0.73,0.72,0.721,29190440.3
1691596800000,0.721,0.723,0.717,0.718,18009499.5
1691611200000,0.719,0.722,0.712,0.721,14732793.3
1691625600000,0.722,0.723,0.718,0.72,12763741.3
1691640000000,0.72,0.72,0.714,0.716,11426360.7
1691654400000,0.715,0.719,0.714,0.716,9627987.0
1691668800000,0.716,0.724,0.715,0.716,29788996.9
1691683200000,0.716,0.72,0.715,0.717,16098176.2
1691697600000,0.716,0.718,0.715,0.717,7251354.3
1691712000000,0.717,0.719,0.713,0.717,11254091.1
1691726400000,0.717,0.719,0.716,0.717,8682128.5
1691740800000,0.718,0.718,0.713,0.716,6915056.5
1691755200000,0.716,0.718,0.71,0.711,16099623.6
1691769600000,0.712,0.714,0.709,0.712,11469014.5
1691784000000,0.712,0.716,0.712,0.715,5038143.4
1691798400000,0.716,0.719,0.713,0.716,7725537.5
1691812800000,0.716,0.719,0.715,0.717,7134108.2
1691827200000,0.718,0.723,0.717,0.721,12463610.5
1691841600000,0.721,0.722,0.719,0.72,5455534.9
1691856000000,0.721,0.723,0.719,0.721,5485808.2
1691870400000,0.721,0.728,0.719,0.728,13289207.1
1691884800000,0.727,0.729,0.723,0.726,13921448.1
1691899200000,0.726,0.727,0.722,0.724,6456393.9
1691913600000,0.725,0.727,0.722,0.723,6323202.2
1691928000000,0.724,0.726,0.721,0.723,9421408.9
1691942400000,0.722,0.731,0.722,0.729,8152480.8
1691956800000,0.729,0.73,0.715,0.719,20153398.3
1691971200000,0.719,0.722,0.713,0.72,24034581.1
1691985600000,0.72,0.723,0.72,0.72,7649196.8
1692000000000,0.72,0.723,0.717,0.718,9549810.4
1692014400000,0.719,0.724,0.716,0.723,11319550.3
1692028800000,0.722,0.725,0.714,0.716,16034423.2
1692043200000,0.716,0.719,0.715,0.718,7660156.9
1692057600000,0.718,0.719,0.715,0.717,12003155.1
1692072000000,0.717,0.717,0.711,0.715,10527907.7
1692086400000,0.715,0.716,0.709,0.71,9961195.9
1692100800000,0.709,0.715,0.705,0.712,18249187.2
1692115200000,0.711,0.713,0.652,0.672,81180800.8
1692129600000,0.672,0.682,0.667,0.679,30660989.2
1692144000000,0.678,0.682,0.676,0.678,23548757.7
1692158400000,0.678,0.681,0.671,0.675,22319132.1
1692172800000,0.675,0.676,0.666,0.67,23999545.6
1692187200000,0.671,0.672,0.656,0.658,54000315.6
1692201600000,0.658,0.664,0.652,0.655,40900147.4
1692216000000,0.655,0.657,0.612,0.63,99101159.3
1692230400000,0.631,0.643,0.618,0.641,45640261.1
1692244800000,0.64,0.643,0.637,0.64,15348067.2
1692259200000,0.64,0.641,0.634,0.636,25510813.5
1692273600000,0.636,0.641,0.618,0.622,69023804.4
1692288000000,0.622,0.63,0.615,0.629,40885193.2
1692302400000,0.629,0.63,0.512,0.569,152048238.1
1692316800000,0.568,0.578,0.565,0.573,40341739.9
1692331200000,0.573,0.585,0.57,0.579,24147585.1
1692345600000,0.579,0.583,0.575,0.581,21013584.5
1692360000000,0.581,0.581,0.569,0.571,27531610.2
1692374400000,0.571,0.576,0.561,0.565,42906626.8
1692388800000,0.565,0.577,0.565,0.574,19583934.8
1692403200000,0.574,0.578,0.569,0.573,20576346.7
1692417600000,0.572,0.575,0.568,0.572,11844960.2
1692432000000,0.572,0.576,0.57,0.574,19833056.8
1692446400000,0.574,0.582,0.573,0.582,19027929.7
1692460800000,0.581,0.586,0.578,0.581,15116161.2
1692475200000,0.581,0.583,0.576,0.583,14531827.5
1692489600000,0.582,0.59,0.582,0.586,14612453.3
1692504000000,0.586,0.588,0.58,0.585,17963870.4
1692518400000,0.585,0.593,0.583,0.591,16750894.7
1692532800000,0.59,0.592,0.576,0.582,27769760.9
1692547200000,0.582,0.585,0.575,0.584,15306421.2
1692561600000,0.584,0.589,0.582,0.585,15486623.8
1692576000000,0.585,0.586,0.579,0.58,19801187.3
1692590400000,0.579,0.586,0.576,0.577,23556271.2
1692604800000,0.577,0.58,0.57,0.579,29195079.6
1692619200000,0.579,0.587,0.561,0.571,58375168.5
1692633600000,0.57,0.584,0.57,0.581,20627499.5
1692648000000,0.582,0.585,0.579,0.58,13279959.6
1692662400000,0.58,0.583,0.578,0.58,18871599.2
1692676800000,0.579,0.58,0.576,0.58,16720798.4
1692691200000,0.58,0.581,0.574,0.576,14140921.7
1692705600000,0.575,0.581,0.568,0.572,37669070.7
1692720000000,0.572,0.574,0.556,0.563,63216899.1
1692734400000,0.562,0.579,0.55,0.577,44257952.0
1692748800000,0.577,0.583,0.575,0.579,26574427.1
1692763200000,0.578,0.586,0.576,0.581,19571803.1
1692777600000,0.582,0.585,0.579,0.581,15785318.4
1692792000000,0.58,0.588,0.575,0.587,19761832.3
1692806400000,0.587,0.601,0.584,0.597,31454864.2
1692820800000,0.597,0.598,0.587,0.592,20090884.9
1692835200000,0.592,0.595,0.589,0.593,14107179.7
1692849600000,0.593,0.595,0.59,0.592,18738462.7
1692864000000,0.592,0.592,0.587,0.589,13005009.8
1692878400000,0.589,0.59,0.576,0.579,40219771.9
1692892800000,0.579,0.586,0.579,0.582,17181678.0
1692907200000,0.582,0.586,0.574,0.585,18737574.3
1692921600000,0.584,0.586,0.571,0.577,29751610.4
1692936000000,0.577,0.578,0.571,0.574,24446764.2
1692950400000,0.574,0.58,0.574,0.579,11587731.5
1692964800000,0.579,0.586,0.574,0.58,45215381.4
1692979200000,0.579,0.588,0.578,0.585,15588337.4
1692993600000,0.585,0.588,0.584,0.587,9162381.5
1693008000000,0.587,0.588,0.584,0.587,11089647.1
1693022400000,0.587,0.587,0.581,0.584,9109579.6
1693036800000,0.583,0.589,0.582,0.588,9623619.9
1693051200000,0.587,0.589,0.583,0.586,12948290.0
1693065600000,0.587,0.588,0.579,0.583,13074200.8
1693080000000,0.582,0.585,0.581,0.584,9743051.1
1693094400000,0.583,0.586,0.579,0.582,13140720.1
1693108800000,0.582,0.586,0.582,0.584,7736281.0
1693123200000,0.584,0.593,0.583,0.589,15135844.5
1693137600000,0.588,0.598,0.587,0.59,28024877.1
1693152000000,0.591,0.594,0.586,0.59,17317431.9
1693166400000,0.59,0.595,0.584,0.592,15880420.2
1693180800000,0.593,0.595,0.578,0.583,41675158.6
1693195200000,0.583,0.585,0.575,0.579,17947729.2
1693209600000,0.579,0.584,0.573,0.584,19261055.3
1693224000000,0.584,0.594,0.583,0.591,25094861.6
1693238400000,0.591,0.593,0.585,0.587,19324259.8
1693252800000,0.587,0.591,0.585,0.589,10247148.0
1693267200000,0.59,0.595,0.582,0.586,23604994.2
1693281600000,0.585,0.587,0.58,0.582,15376802.3
1693296000000,0.581,0.584,0.577,0.582,19330621.6
1693310400000,0.582,0.619,0.58,0.611,131531009.4
1693324800000,0.611,0.63,0.609,0.623,61095327.0
1693339200000,0.622,0.625,0.616,0.622,25259362.6
1693353600000,0.622,0.622,0.612,0.62,34930543.7
1693368000000,0.621,0.643,0.616,0.626,64031256.9
1693382400000,0.625,0.633,0.617,0.618,24829631.8
1693396800000,0.618,0.638,0.617,0.62,70867269.2
1693411200000,0.62,0.627,0.619,0.626,14548575.9
1693425600000,0.625,0.629,0.62,0.628,13384474.8
1693440000000,0.628,0.636,0.621,0.622,27622266.5
1693454400000,0.622,0.623,0.617,0.62,13896119.3
1693468800000,0.62,0.622,0.611,0.617,25364640.3
1693483200000,0.618,0.618,0.592,0.606,49066606.5
1693497600000,0.605,0.608,0.569,0.591,70903435.4
1693512000000,0.591,0.593,0.581,0.586,26998260.7
1693526400000,0.586,0.594,0.585,0.592,15628466.4
1693540800000,0.592,0.592,0.588,0.591,9865990.5
1693555200000,0.59,0.593,0.587,0.59,10702314.6
1693569600000,0.591,0.593,0.579,0.583,32242697.8
1693584000000,0.584,0.587,0.571,0.579,42553441.7
1693598400000,0.579,0.584,0.575,0.579,11385169.0
1693612800000,0.58,0.584,0.578,0.584,10588521.2
1693627200000,0.584,0.584,0.578,0.582,6143317.5
1693641600000,0.581,0.583,0.577,0.579,7974560.3
1693656000000,0.579,0.581,0.574,0.578,9464626.9
1693670400000,0.578,0.58,0.567,0.574,16662133.5
1693684800000,0.574,0.577,0.571,0.577,5625715.1
1693699200000,0.577,0.581,0.574,0.58,8120053.1
1693713600000,0.581,0.591,0.579,0.589,9806410.5
1693728000000,0.589,0.593,0.585,0.589,11153634.7
1693742400000,0.588,0.589,0.576,0.578,17952690.3
1693756800000,0.578,0.584,0.573,0.581,13263992.5
1693771200000,0.581,0.583,0.577,0.581,7657732.3
1693785600000,0.58,0.593,0.578,0.587,13089882.2
1693800000000,0.587,0.588,0.579,0.582,8309504.9
1693814400000,0.582,0.583,0.575,0.576,12124351.9
1693828800000,0.576,0.581,0.57,0.577,20452495.6
1693843200000,0.577,0.583,0.576,0.581,9150367.1
1693857600000,0.58,0.583,0.574,0.582,9983049.6
1693872000000,0.583,0.583,0.573,0.577,11319388.2
1693886400000,0.576,0.581,0.576,0.58,6079482.5
1693900800000,0.58,0.584,0.578,0.583,7869792.0
1693915200000,0.583,0.592,0.578,0.586,15987565.6
1693929600000,0.586,0.59,0.582,0.588,8842371.1
1693944000000,0.589,0.592,0.587,0.59,5915800.8
1693958400000,0.591,0.593,0.587,0.588,10550806.6
1693972800000,0.588,0.589,0.583,0.589,8419865.1
1693987200000,0.588,0.591,0.587,0.589,8462568.0
1694001600000,0.589,0.59,0.572,0.574,31713478.6
1694016000000,0.574,0.586,0.565,0.575,33331250.5
1694030400000,0.575,0.58,0.574,0.579,6698078.1
1694044800000,0.58,0.583,0.578,0.582,10720955.7
1694059200000,0.581,0.583,0.575,0.576,6908688.9
1694073600000,0.576,0.578,0.573,0.573,6907597.8
1694088000000,0.573,0.582,0.572,0.581,13975769.2
1694102400000,0.58,0.587,0.58,0.582,11427237.2
1694116800000,0.581,0.59,0.578,0.586,17501145.1
1694131200000,0.585,0.593,0.583,0.586,10308600.1
1694145600000,0.585,0.588,0.579,0.582,11751494.2
1694160000000,0.582,0.583,0.57,0.574,25322048.2
1694174400000,0.575,0.579,0.573,0.576,8240106.1
1694188800000,0.576,0.582,0.574,0.58,8304012.4
1694203200000,0.581,0.585,0.579,0.584,7176459.0
1694217600000,0.584,0.585,0.58,0.582,5193608.3
1694232000000,0.583,0.583,0.578,0.581,5457876.2
1694246400000,0.581,0.582,0.578,0.58,4404845.2
1694260800000,0.58,0.584,0.578,0.581,7929661.4
1694275200000,0.581,0.586,0.58,0.581,7103348.4
1694289600000,0.582,0.583,0.58,0.583,5324028.6
1694304000000,0.582,0.583,0.574,0.578,11987075.6
1694318400000,0.578,0.579,0.526,0.568,50520376.7
1694332800000,0.569,0.569,0.564,0.564,7393430.0
1694347200000,0.564,0.569,0.555,0.562,18553665.6
1694361600000,0.562,0.564,0.554,0.562,15441872.9
1694376000000,0.563,0.568,0.561,0.563,8398244.5
1694390400000,0.562,0.565,0.555,0.561,12765961.2
1694404800000,0.561,0.562,0.556,0.558,10653944.1
1694419200000,0.558,0.558,0.53,0.539,42393932.2
1694433600000,0.539,0.546,0.533,0.536,34009485.0
1694448000000,0.537,0.539,0.525,0.53,25507452.3
1694462400000,0.53,0.542,0.527,0.541,13004177.4
1694476800000,0.541,0.558,0.539,0.555,23330436.4
1694491200000,0.555,0.56,0.55,0.555,19312613.5
1694505600000,0.555,0.569,0.551,0.564,29483891.5
1694520000000,0.564,0.566,0.551,0.553,20853005.2
1694534400000,0.553,0.56,0.542,0.546,26405859.8
1694548800000,0.546,0.549,0.543,0.546,10315927.0
1694563200000,0.547,0.552,0.542,0.544,17611840.4
1694577600000,0.544,0.568,0.542,0.549,46646948.0
1694592000000,0.549,0.557,0.548,0.556,14736373.3
1694606400000,0.557,0.562,0.551,0.558,20178946.8
1694620800000,0.558,0.56,0.549,0.552,13144744.6
1694635200000,0.552,0.556,0.551,0.554,5884916.1
1694649600000,0.553,0.564,0.552,0.555,19069349.4
1694664000000,0.556,0.56,0.551,0.558,7854901.6
1694678400000,0.558,0.562,0.555,0.559,7447224.3
1694692800000,0.559,0.57,0.557,0.566,23836199.8
1694707200000,0.566,0.57,0.563,0.569,11283408.8
1694721600000,0.569,0.57,0.562,0.566,8261250.4
1694736000000,0.565,0.578,0.564,0.572,19707394.4
1694750400000,0.573,0.574,0.565,0.567,14349333.6
1694764800000,0.567,0.57,0.561,0.563,13088075.3
1694779200000,0.562,0.566,0.558,0.565,16121612.1
1694793600000,0.565,0.569,0.563,0.569,8156079.5
1694808000000,0.569,0.578,0.568,0.573,17025101.3
1694822400000,0.573,0.582,0.572,0.576,14969668.8
1694836800000,0.576,0.579,0.574,0.577,9417627.9
1694851200000,0.577,0.577,0.571,0.576,9065390.8
1694865600000,0.576,0.576,0.571,0.575,7612874.9
1694880000000,0.575,0.577,0.572,0.573,6804790.5
1694894400000,0.574,0.579,0.573,0.577,4578120.8
1694908800000,0.577,0.577,0.562,0.568,26366283.0
1694923200000,0.568,0.57,0.563,0.563,7472355.7
1694937600000,0.564,0.57,0.563,0.565,8717237.4
1694952000000,0.566,0.569,0.565,0.567,9783011.3
1694966400000,0.567,0.569,0.561,0.564,10459947.5
1694980800000,0.564,0.565,0.553,0.557,18273534.9
1694995200000,0.557,0.565,0.549,0.564,25690407.9
1695009600000,0.565,0.566,0.56,0.564,14192866.7
1695024000000,0.565,0.58,0.563,0.58,26078015.1
1695038400000,0.58,0.582,0.575,0.576,18285191.3
1695052800000,0.576,0.58,0.566,0.571,21087143.2
1695067200000,0.572,0.574,0.57,0.573,8471184.0
1695081600000,0.572,0.577,0.569,0.575,9897552.7
1695096000000,0.576,0.58,0.574,0.577,7752114.2
1695110400000,0.578,0.586,0.577,0.58,17684461.6
1695124800000,0.58,0.582,0.575,0.582,17963479.9
1695139200000,0.582,0.583,0.578,0.58,12139071.5
1695153600000,0.581,0.585,0.579,0.583,7740792.8
1695168000000,0.582,0.584,0.575,0.578,13410889.1
1695182400000,0.577,0.579,0.574,0.577,12379485.6
1695196800000,0.577,0.58,0.57,0.573,20322729.5
1695211200000,0.573,0.576,0.566,0.575,18100474.1
1695225600000,0.576,0.581,0.569,0.574,26730545.8
1695240000000,0.574,0.583,0.573,0.577,11091130.1
1695254400000,0.578,0.589,0.577,0.587,23293385.6
1695268800000,0.587,0.587,0.575,0.578,16921216.1
1695283200000,0.577,0.579,0.566,0.57,25015721.2
1695297600000,0.571,0.573,0.562,0.571,19796020.1
1695312000000,0.571,0.577,0.569,0.575,9840286.2
1695326400000,0.575,0.578,0.57,0.575,10275936.8
1695340800000,0.575,0.578,0.569,0.577,18557022.1
1695355200000,0.577,0.578,0.572,0.574,8015269.5
1695369600000,0.574,0.58,0.574,0.58,7262256.4
1695384000000,0.58,0.58,0.575,0.576,10170606.0
1695398400000,0.576,0.577,0.57,0.573,10569666.2
1695412800000,0.573,0.577,0.571,0.575,8701027.5
1695427200000,0.576,0.583,0.574,0.575,15995862.2
1695441600000,0.576,0.577,0.574,0.574,7131180.2
1695456000000,0.575,0.576,0.572,0.575,6216367.0
1695470400000,0.575,0.576,0.572,0.574,9061354.0
1695484800000,0.573,0.583,0.571,0.581,9874625.0
1695499200000,0.581,0.583,0.578,0.581,8111295.9
1695513600000,0.581,0.582,0.577,0.578,8684702.4
1695528000000,0.578,0.578,0.574,0.575,7730204.2
1695542400000,0.575,0.58,0.575,0.58,5853362.7
1695556800000,0.58,0.586,0.579,0.581,12998249.2
1695571200000,0.582,0.584,0.576,0.577,17651696.1
1695585600000,0.576,0.578,0.567,0.57,18025909.5
1695600000000,0.57,0.577,0.563,0.572,20679776.4
1695614400000,0.573,0.573,0.567,0.571,11417569.8
1695628800000,0.571,0.572,0.563,0.566,11533953.5
1695643200000,0.565,0.57,0.562,0.569,15650325.5
1695657600000,0.569,0.571,0.568,0.568,10459356.5
1695672000000,0.569,0.57,0.566,0.569,5520939.0
1695686400000,0.569,0.573,0.566,0.57,11920798.8
1695700800000,0.571,0.571,0.566,0.566,5818142.8
1695715200000,0.566,0.567,0.558,0.563,12895752.5
1695729600000,0.564,0.564,0.559,0.561,14915735.8
1695744000000,0.561,0.563,0.559,0.561,8491869.2
1695758400000,0.562,0.562,0.55,0.562,17776455.9
1695772800000,0.562,0.566,0.56,0.565,9722075.9
1695787200000,0.566,0.566,0.561,0.562,12149697.9
1695801600000,0.562,0.573,0.56,0.572,21686578.2
1695816000000,0.571,0.573,0.554,0.56,35101931.6
1695830400000,0.56,0.562,0.554,0.56,15069450.1
1695844800000,0.559,0.561,0.556,0.56,9904745.3
1695859200000,0.56,0.565,0.557,0.558,17057393.9
1695873600000,0.558,0.564,0.557,0.562,10021423.3
1695888000000,0.563,0.569,0.56,0.566,14035691.0
1695902400000,0.567,0.573,0.564,0.571,18588433.3
1695916800000,0.571,0.576,0.567,0.572,16898058.7
1695931200000,0.571,0.573,0.568,0.571,8097464.8
1695945600000,0.57,0.573,0.568,0.571,13607264.4
1695960000000,0.57,0.579,0.569,0.578,13294589.9
1695974400000,0.578,0.578,0.573,0.574,9713960.0
1695988800000,0.573,0.578,0.568,0.577,24332296.8
1696003200000,0.578,0.58,0.573,0.578,8172991.9
1696017600000,0.578,0.581,0.577,0.578,10133234.5
1696032000000,0.577,0.58,0.575,0.577,9311043.0
1696046400000,0.577,0.579,0.575,0.577,6392994.4
1696060800000,0.578,0.581,0.576,0.578,8060678.7
1696075200000,0.579,0.585,0.578,0.581,12833007.5
1696089600000,0.581,0.583,0.579,0.581,10685043.0
1696104000000,0.581,0.584,0.58,0.581,6211134.5
1696118400000,0.582,0.584,0.58,0.584,7106955.7
1696132800000,0.584,0.587,0.582,0.584,10157316.8
1696147200000,0.583,0.599,0.583,0.592,23347163.8
1696161600000,0.592,0.597,0.589,0.591,23558144.5
1696176000000,0.59,0.595,0.59,0.592,10439315.1
1696190400000,0.592,0.608,0.589,0.604,28548563.0
1696204800000,0.604,0.605,0.599,0.601,12529728.6
1696219200000,0.6,0.603,0.592,0.601,15403467.4
1696233600000,0.601,0.606,0.599,0.6,10841855.6
1696248000000,0.6,0.604,0.586,0.59,21281252.4
1696262400000,0.59,0.595,0.57,0.586,31620952.9
1696276800000,0.585,0.588,0.577,0.585,16063345.1
1696291200000,0.585,0.616,0.585,0.606,45398110.5
1696305600000,0.607,0.621,0.6,0.602,56084291.9
1696320000000,0.602,0.604,0.597,0.601,27106524.7
1696334400000,0.601,0.615,0.597,0.61,47302782.4
1696348800000,0.611,0.612,0.59,0.593,37986757.4
1696363200000,0.593,0.596,0.582,0.584,25472444.2
1696377600000,0.585,0.585,0.557,0.576,57699901.6
1696392000000,0.575,0.579,0.574,0.576,14181179.9
1696406400000,0.577,0.582,0.575,0.581,17049659.4
1696420800000,0.581,0.581,0.571,0.574,23811774.8
1696435200000,0.574,0.577,0.568,0.572,22668698.9
1696449600000,0.571,0.579,0.569,0.576,12696601.8
1696464000000,0.577,0.582,0.569,0.573,19898776.7
1696478400000,0.572,0.579,0.571,0.577,28231067.3
1696492800000,0.577,0.578,0.572,0.572,11105893.7
1696507200000,0.573,0.575,0.56,0.566,32629387.9
1696521600000,0.565,0.567,0.559,0.562,18144929.4
1696536000000,0.563,0.568,0.562,0.563,10792435.1
1696550400000,0.564,0.569,0.564,0.568,11511036.4
1696564800000,0.569,0.569,0.565,0.568,7822030.0
1696579200000,0.567,0.569,0.565,0.567,9577228.0
1696593600000,0.567,0.569,0.555,0.567,26969681.3
1696608000000,0.568,0.573,0.566,0.569,12505242.4
1696622400000,0.57,0.576,0.569,0.569,6472906.1
1696636800000,0.569,0.574,0.569,0.569,7131268.5
1696651200000,0.569,0.578,0.569,0.574,56149807.8
1696665600000,0.574,0.579,0.57,0.57,20143038.4
1696680000000,0.57,0.574,0.568,0.57,12564510.5
1696694400000,0.571,0.571,0.565,0.567,10322969.2
1696708800000,0.566,0.57,0.565,0.569,7748798.4
1696723200000,0.569,0.571,0.567,0.57,7531419.6
1696737600000,0.57,0.571,0.563,0.566,9064914.8
1696752000000,0.565,0.566,0.559,0.561,11485945.5
1696766400000,0.562,0.568,0.56,0.566,11258419.9
1696780800000,0.566,0.569,0.565,0.567,5228382.3
1696795200000,0.566,0.569,0.565,0.566,6712787.1
1696809600000,0.567,0.567,0.561,0.567,10414843.5
1696824000000,0.567,0.567,0.558,0.559,11162100.2
1696838400000,0.559,0.561,0.53,0.541,54079017.8
1696852800000,0.542,0.546,0.539,0.541,12382569.1
1696867200000,0.541,0.543,0.525,0.542,36444571.7
1696881600000,0.542,0.543,0.538,0.54,7667470.2
1696896000000,0.541,0.545,0.539,0.543,16833150.3
1696910400000,0.543,0.545,0.539,0.543,9963697.5
1696924800000,0.543,0.545,0.538,0.538,12987224.5
1696939200000,0.539,0.544,0.536,0.538,16692276.0
1696953600000,0.538,0.54,0.533,0.539,14904608.6
1696968000000,0.538,0.544,0.533,0.542,9939748.1
1696982400000,0.543,0.544,0.528,0.534,27000330.4
1696996800000,0.535,0.537,0.533,0.534,13547579.6
1697011200000,0.535,0.542,0.533,0.539,15523367.5
1697025600000,0.54,0.542,0.528,0.534,19730516.2
1697040000000,0.534,0.536,0.529,0.534,20829765.1
1697054400000,0.535,0.54,0.533,0.539,9617032.4
1697068800000,0.538,0.539,0.532,0.537,10334692.6
1697083200000,0.537,0.54,0.535,0.537,7368378.4
1697097600000,0.537,0.539,0.524,0.535,19215088.3
1697112000000,0.535,0.538,0.532,0.535,17150268.5
1697126400000,0.535,0.538,0.529,0.537,25249851.8
1697140800000,0.536,0.539,0.535,0.536,5702323.1
1697155200000,0.536,0.54,0.535,0.535,5483029.3
1697169600000,0.536,0.544,0.535,0.54,8392026.2
1697184000000,0.54,0.543,0.538,0.542,8372340.0
1697198400000,0.541,0.545,0.538,0.54,16000448.7
1697212800000,0.539,0.542,0.538,0.54,12375923.3
1697227200000,0.54,0.55,0.54,0.543,24451278.7
1697241600000,0.542,0.546,0.542,0.545,5449213.5
1697256000000,0.544,0.547,0.541,0.542,7201278.8
1697270400000,0.542,0.546,0.541,0.544,8505268.8
1697284800000,0.544,0.547,0.543,0.545,5743003.5
1697299200000,0.545,0.548,0.542,0.543,5939529.9
1697313600000,0.542,0.546,0.542,0.543,4886085.9
1697328000000,0.543,0.546,0.538,0.544,9753571.7
1697342400000,0.544,0.547,0.542,0.546,7717102.8
1697356800000,0.545,0.547,0.542,0.544,4690809.4
1697371200000,0.544,0.546,0.54,0.542,7828850.3
1697385600000,0.542,0.551,0.541,0.549,13047581.8
1697400000000,0.55,0.552,0.544,0.548,13406998.1
1697414400000,0.547,0.554,0.546,0.553,11109719.7
1697428800000,0.553,0.562,0.552,0.557,20180549.1
1697443200000,0.558,0.56,0.555,0.557,10018386.0
1697457600000,0.557,0.574,0.551,0.553,69153766.7
1697472000000,0.552,0.561,0.552,0.557,14700933.0
1697486400000,0.557,0.562,0.554,0.558,8107187.4
1697500800000,0.557,0.558,0.551,0.553,10612779.7
1697515200000,0.553,0.555,0.55,0.553,8582138.0
1697529600000,0.553,0.555,0.55,0.551,10165299.9
1697544000000,0.551,0.552,0.531,0.54,37668163.2
1697558400000,0.541,0.542,0.536,0.541,7778881.4
1697572800000,0.54,0.543,0.539,0.541,8041379.5
1697587200000,0.542,0.544,0.536,0.542,9298807.1
1697601600000,0.542,0.549,0.54,0.541,16101289.7
1697616000000,0.541,0.543,0.537,0.541,10251059.0
1697630400000,0.541,0.541,0.535,0.536,12910405.1
1697644800000,0.535,0.539,0.532,0.533,9036418.4
1697659200000,0.534,0.536,0.528,0.534,8904357.1
1697673600000,0.533,0.537,0.522,0.528,26005560.2
1697688000000,0.528,0.531,0.526,0.528,9113813.3
1697702400000,0.529,0.531,0.526,0.531,10963482.3
1697716800000,0.531,0.535,0.529,0.533,16706932.9
1697731200000,0.533,0.536,0.528,0.533,19631633.4
1697745600000,0.532,0.536,0.53,0.534,11649232.1
1697760000000,0.534,0.546,0.531,0.544,24631291.3
1697774400000,0.543,0.549,0.542,0.546,20698398.2
1697788800000,0.546,0.557,0.545,0.549,36502239.3
1697803200000,0.549,0.552,0.545,0.548,26353386.5
1697817600000,0.548,0.55,0.544,0.546,12987343.0
1697832000000,0.546,0.548,0.543,0.545,11433390.7
1697846400000,0.545,0.55,0.544,0.548,11600174.0
1697860800000,0.549,0.555,0.547,0.555,17034808.5
1697875200000,0.554,0.559,0.55,0.555,20781528.5
1697889600000,0.555,0.562,0.553,0.559,24669403.3
1697904000000,0.559,0.565,0.557,0.561,33461830.3
1697918400000,0.561,0.563,0.557,0.559,10870134.9
1697932800000,0.56,0.564,0.555,0.556,24463256.5
1697947200000,0.557,0.564,0.543,0.552,31540509.9
1697961600000,0.552,0.553,0.547,0.55,29097745.7
1697976000000,0.551,0.554,0.549,0.55,17375163.6
1697990400000,0.55,0.555,0.549,0.551,14121507.2
1698004800000,0.552,0.563,0.549,0.562,24137304.7
1698019200000,0.561,0.573,0.558,0.571,49334072.4
1698033600000,0.571,0.574,0.556,0.56,40847586.3
1698048000000,0.559,0.571,0.558,0.566,49500901.6
1698062400000,0.566,0.568,0.559,0.565,38741380.2
1698076800000,0.565,0.574,0.562,0.574,48481507.7
1698091200000,0.573,0.599,0.571,0.592,85466559.8
1698105600000,0.592,0.604,0.587,0.588,77352958.5
1698120000000,0.589,0.595,0.579,0.585,47961626.7
1698134400000,0.585,0.598,0.584,0.596,36548902.4
1698148800000,0.596,0.608,0.57,0.58,93335518.1
1698163200000,0.58,0.594,0.575,0.591,46235102.4
1698177600000,0.592,0.598,0.584,0.593,32766497.2
1698192000000,0.593,0.602,0.589,0.592,41520439.1
1698206400000,0.592,0.595,0.576,0.582,39039628.2
1698220800000,0.582,0.59,0.578,0.586,36675753.8
1698235200000,0.586,0.609,0.585,0.603,63253427.1
1698249600000,0.603,0.607,0.586,0.593,52832561.6
1698264000000,0.593,0.596,0.588,0.596,31885268.7
1698278400000,0.596,0.611,0.591,0.608,63257906.7
1698292800000,0.609,0.616,0.598,0.613,55431491.9
1698307200000,0.614,0.62,0.595,0.602,84652242.3
1698321600000,0.602,0.609,0.567,0.587,82241636.1
1698336000000,0.587,0.598,0.584,0.596,40832969.4
1698350400000,0.596,0.6,0.595,0.598,25054538.4
1698364800000,0.598,0.599,0.585,0.593,45134525.2
1698379200000,0.594,0.598,0.588,0.591,24279164.6
1698393600000,0.591,0.607,0.589,0.596,35559153.2
1698408000000,0.596,0.618,0.594,0.606,70051789.6
1698422400000,0.607,0.609,0.587,0.604,49966889.6
1698436800000,0.604,0.607,0.597,0.601,13568385.2
1698451200000,0.602,0.62,0.599,0.618,32696461.7
1698465600000,0.618,0.629,0.616,0.626,33937499.1
1698480000000,0.625,0.634,0.625,0.627,29151225.5
1698494400000,0.628,0.642,0.619,0.624,54292299.3
1698508800000,0.624,0.628,0.622,0.625,10109672.1
1698523200000,0.625,0.631,0.624,0.629,13031556.4
1698537600000,0.629,0.64,0.611,0.616,46882641.9
1698552000000,0.616,0.629,0.615,0.624,17660762.8
1698566400000,0.624,0.63,0.623,0.628,15008652.4
1698580800000,0.628,0.654,0.627,0.64,44701031.4
1698595200000,0.639,0.641,0.632,0.635,21605602.1
1698609600000,0.635,0.64,0.622,0.628,29194188.7
1698624000000,0.629,0.633,0.622,0.624,36552906.2
1698638400000,0.624,0.629,0.608,0.616,47018296.5
1698652800000,0.615,0.627,0.613,0.626,34336145.8
1698667200000,0.627,0.634,0.62,0.624,36944853.3
1698681600000,0.625,0.626,0.611,0.623,29269419.5
1698696000000,0.623,0.628,0.621,0.627,13578254.6
1698710400000,0.628,0.641,0.621,0.623,39552080.9
1698724800000,0.623,0.629,0.617,0.618,29590180.8
1698739200000,0.618,0.65,0.611,0.642,57328988.9
1698753600000,0.642,0.65,0.602,0.617,87417227.4
1698768000000,0.618,0.63,0.615,0.624,22780526.3
1698782400000,0.625,0.639,0.624,0.637,28095300.8
1698796800000,0.637,0.639,0.622,0.623,25454703.9
1698811200000,0.624,0.628,0.611,0.619,29017112.3
1698825600000,0.62,0.626,0.617,0.621,27404182.5
1698840000000,0.622,0.639,0.611,0.617,82281516.8
1698854400000,0.617,0.641,0.614,0.637,56510404.3
1698868800000,0.638,0.661,0.637,0.656,58189545.5
1698883200000,0.656,0.662,0.652,0.661,32796991.7
1698897600000,0.661,0.663,0.645,0.657,36742142.7
1698912000000,0.657,0.665,0.649,0.661,32472920.6
1698926400000,0.662,0.665,0.63,0.634,81199443.2
1698940800000,0.634,0.655,0.625,0.654,47829423.2
1698955200000,0.654,0.66,0.645,0.648,24010633.1
1698969600000,0.648,0.649,0.622,0.637,28694106.1
1698984000000,0.637,0.644,0.63,0.641,14792748.8
1698998400000,0.641,0.645,0.627,0.634,20908565.4
1699012800000,0.633,0.657,0.63,0.656,28417430.2
1699027200000,0.655,0.662,0.646,0.649,21135172.6
1699041600000,0.649,0.657,0.646,0.649,10881642.3
1699056000000,0.649,0.657,0.647,0.652,11713001.9
1699070400000,0.653,0.66,0.649,0.655,8821932.6
1699084800000,0.654,0.661,0.651,0.655,12697798.8
1699099200000,0.656,0.66,0.647,0.651,12775745.8
1699113600000,0.652,0.654,0.649,0.652,8030467.9
1699128000000,0.652,0.665,0.65,0.661,11135813.0
1699142400000,0.66,0.669,0.656,0.668,17159483.6
1699156800000,0.668,0.669,0.66,0.666,10458971.3
1699171200000,0.665,0.685,0.661,0.676,18153118.4
1699185600000,0.677,0.691,0.663,0.673,31509869.2
1699200000000,0.673,0.684,0.671,0.677,12552469.8
1699214400000,0.677,0.681,0.658,0.676,18706445.5
1699228800000,0.676,0.689,0.671,0.679,23480907.8
1699243200000,0.678,0.682,0.666,0.681,18883226.0
1699257600000,0.681,0.691,0.674,0.688,20949374.6
1699272000000,0.688,0.698,0.684,0.69,36165938.9
1699286400000,0.69,0.699,0.684,0.699,20691099.8
1699300800000,0.699,0.704,0.688,0.7,14928287.0
1699315200000,0.7,0.701,0.678,0.69,33956557.3
1699329600000,0.689,0.696,0.686,0.691,15642690.3
1699344000000,0.692,0.707,0.684,0.689,40808891.8
1699358400000,0.69,0.693,0.666,0.671,51141721.4
1699372800000,0.672,0.692,0.662,0.687,32920143.4
1699387200000,0.687,0.698,0.685,0.688,19827204.1
1699401600000,0.689,0.695,0.682,0.689,11822104.3
1699416000000,0.689,0.697,0.684,0.694,13988844.9
1699430400000,0.694,0.701,0.69,0.696,16731233.4
1699444800000,0.695,0.699,0.688,0.694,20001954.1
1699459200000,0.694,0.71,0.694,0.705,20806370.2
1699473600000,0.705,0.71,0.7,0.703,20977027.4
1699488000000,0.704,0.715,0.698,0.713,34719719.9
1699502400000,0.713,0.718,0.706,0.708,25156411.4
1699516800000,0.708,0.713,0.694,0.704,34777190.4
1699531200000,0.705,0.723,0.695,0.704,78845592.9
1699545600000,0.703,0.709,0.627,0.672,89537110.4
1699560000000,0.671,0.683,0.659,0.681,36774301.3
1699574400000,0.682,0.695,0.676,0.685,31290017.3
1699588800000,0.686,0.698,0.683,0.687,25606328.1
1699603200000,0.687,0.697,0.675,0.696,30543870.7
1699617600000,0.696,0.697,0.668,0.683,51179621.8
1699632000000,0.683,0.708,0.682,0.703,36480456.2
1699646400000,0.704,0.717,0.7,0.71,21799064.9
1699660800000,0.71,0.742,0.707,0.709,71919073.3
1699675200000,0.71,0.719,0.692,0.713,39290508.0
1699689600000,0.712,0.722,0.708,0.716,24897566.7
1699704000000,0.715,0.743,0.711,0.731,50901008.8
1699718400000,0.731,0.739,0.727,0.736,29551050.7
1699732800000,0.736,0.736,0.714,0.727,35760949.4
1699747200000,0.727,0.73,0.696,0.723,48931220.9
1699761600000,0.724,0.739,0.716,0.736,23517427.8
1699776000000,0.736,0.745,0.73,0.741,38092161.0
1699790400000,0.742,0.742,0.723,0.735,41523580.4
1699804800000,0.735,0.739,0.725,0.734,32174879.9
1699819200000,0.735,0.743,0.728,0.734,22776313.5
1699833600000,0.734,0.758,0.726,0.73,58774386.6
1699848000000,0.73,0.748,0.722,0.742,38460880.8
1699862400000,0.741,0.75,0.726,0.733,40313123.1
1699876800000,0.733,0.743,0.719,0.739,52828556.5
1699891200000,0.739,0.752,0.721,0.752,40644074.5
1699905600000,0.752,0.753,0.71,0.72,65824824.1
1699920000000,0.721,0.725,0.703,0.722,38221557.4
1699934400000,0.721,0.732,0.718,0.728,18018039.4
1699948800000,0.729,0.73,0.696,0.704,35984200.6
1699963200000,0.703,0.727,0.698,0.712,52479900.6
1699977600000,0.713,0.717,0.658,0.681,64105145.0
1699992000000,0.681,0.698,0.68,0.695,19207547.1
1700006400000,0.695,0.703,0.69,0.69,21808819.7
1700020800000,0.691,0.709,0.69,0.707,18281498.5
1700035200000,0.706,0.72,0.703,0.719,24100157.0
1700049600000,0.718,0.723,0.711,0.721,36871468.1
1700064000000,0.722,0.733,0.713,0.731,45186643.6
1700078400000,0.732,0.735,0.723,0.73,21856230.6
1700092800000,0.73,0.734,0.726,0.728,23329934.9
1700107200000,0.727,0.745,0.725,0.737,28376576.2
1700121600000,0.738,0.753,0.725,0.745,67176956.8
1700136000000,0.745,0.749,0.707,0.719,82339994.1
1700150400000,0.719,0.735,0.686,0.705,65691900.2
1700164800000,0.706,0.711,0.693,0.705,32563812.7
1700179200000,0.706,0.727,0.703,0.716,20960184.6
1700193600000,0.717,0.719,0.707,0.709,27119224.6
1700208000000,0.709,0.721,0.698,0.705,46329866.5
1700222400000,0.705,0.716,0.681,0.685,62746368.3
1700236800000,0.684,0.708,0.68,0.701,41251827.8
1700251200000,0.702,0.715,0.7,0.713,20125674.7
1700265600000,0.714,0.715,0.697,0.697,19939740.8
1700280000000,0.697,0.702,0.672,0.692,34455331.1
1700294400000,0.692,0.71,0.689,0.7,27807781.8
1700308800000,0.701,0.714,0.692,0.713,36149915.5
1700323200000,0.713,0.717,0.706,0.713,25053848.1
1700337600000,0.713,0.714,0.705,0.71,15210146.3
1700352000000,0.711,0.711,0.695,0.711,27242104.9
1700366400000,0.71,0.718,0.707,0.715,16771857.9
1700380800000,0.715,0.719,0.705,0.708,21656844.9
1700395200000,0.709,0.712,0.703,0.712,22172049.8
1700409600000,0.712,0.72,0.707,0.719,20234702.9
1700424000000,0.718,0.726,0.712,0.723,26049330.5
1700438400000,0.722,0.726,0.717,0.724,21634903.0
1700452800000,0.723,0.724,0.714,0.723,18058246.0
1700467200000,0.723,0.729,0.718,0.721,30767719.7
1700481600000,0.721,0.732,0.705,0.718,59021057.0
1700496000000,0.719,0.724,0.705,0.714,39447248.6
1700510400000,0.714,0.715,0.698,0.707,26352878.4
1700524800000,0.706,0.717,0.7,0.707,26217872.4
1700539200000,0.708,0.71,0.699,0.701,13953993.3
1700553600000,0.701,0.719,0.699,0.71,26523976.7
1700568000000,0.71,0.713,0.679,0.696,53299002.2
1700582400000,0.696,0.702,0.652,0.673,93294902.7
1700596800000,0.672,0.681,0.637,0.647,46120792.3
1700611200000,0.647,0.665,0.644,0.664,21859335.0
1700625600000,0.664,0.669,0.661,0.663,17193027.4
1700640000000,0.664,0.669,0.661,0.662,20251490.1
1700654400000,0.662,0.672,0.657,0.663,31406830.1
1700668800000,0.663,0.683,0.657,0.678,33006837.8
1700683200000,0.677,0.683,0.674,0.677,22009609.5
1700697600000,0.678,0.683,0.674,0.676,18865627.2
1700712000000,0.675,0.68,0.673,0.679,12286354.1
1700726400000,0.678,0.683,0.666,0.67,21896120.7
1700740800000,0.67,0.674,0.659,0.662,22810970.3
1700755200000,0.662,0.672,0.661,0.668,16575478.9
1700769600000,0.669,0.676,0.667,0.675,10636044.1
1700784000000,0.675,0.681,0.672,0.675,12883180.7
1700798400000,0.675,0.681,0.673,0.68,8630273.4
1700812800000,0.679,0.686,0.675,0.679,20411497.9
1700827200000,0.679,0.688,0.677,0.685,19088931.9
1700841600000,0.686,0.69,0.677,0.682,23072746.6
1700856000000,0.682,0.688,0.678,0.683,12338223.2
1700870400000,0.684,0.694,0.679,0.691,17204693.7
1700884800000,0.691,0.695,0.687,0.694,10424418.8
1700899200000,0.694,0.7,0.684,0.689,17144416.9
1700913600000,0.689,0.695,0.687,0.694,13468746.5
1700928000000,0.694,0.7,0.694,0.696,11509378.3
1700942400000,0.697,0.702,0.696,0.701,8277495.5
1700956800000,0.701,0.704,0.694,0.698,14658083.6
1700971200000,0.698,0.703,0.695,0.7,9099636.1
1700985600000,0.7,0.706,0.696,0.698,16675142.6
1701000000000,0.698,0.703,0.688,0.69,28647768.9
1701014400000,0.691,0.698,0.677,0.694,35049169.0
1701028800000,0.694,0.701,0.691,0.7,15731746.4
1701043200000,0.699,0.708,0.683,0.69,24971555.0
1701057600000,0.69,0.697,0.68,0.689,28265338.8
1701072000000,0.688,0.692,0.673,0.677,36871377.0
1701086400000,0.678,0.681,0.666,0.667,43200199.9
1701100800000,0.668,0.679,0.661,0.667,31518522.7
1701115200000,0.666,0.677,0.661,0.675,14530484.2
1701129600000,0.676,0.678,0.668,0.672,13904616.8
1701144000000,0.672,0.675,0.657,0.673,35858365.2
1701158400000,0.672,0.678,0.667,0.677,23604978.2
1701172800000,0.677,0.678,0.666,0.674,33901123.5
1701187200000,0.674,0.685,0.672,0.683,26490992.4
1701201600000,0.682,0.684,0.675,0.679,15509702.7
1701216000000,0.678,0.681,0.674,0.677,16856479.6
1701230400000,0.678,0.683,0.675,0.68,9737644.6
1701244800000,0.681,0.688,0.672,0.678,23582268.2
1701259200000,0.678,0.684,0.67,0.678,26876148.9
1701273600000,0.677,0.684,0.673,0.683,16472630.4
1701288000000,0.683,0.684,0.677,0.679,11420332.6
1701302400000,0.68,0.683,0.675,0.682,17326449.1
1701316800000,0.682,0.684,0.673,0.675,14159389.0
1701331200000,0.675,0.68,0.671,0.68,14517312.9
1701345600000,0.68,0.68,0.671,0.676,22157232.9
1701360000000,0.676,0.681,0.674,0.678,10641373.5
1701374400000,0.679,0.682,0.677,0.68,7034535.7
1701388800000,0.68,0.684,0.673,0.682,15410833.8
1701403200000,0.682,0.683,0.678,0.681,6921269.0
1701417600000,0.68,0.686,0.679,0.683,9613630.2
1701432000000,0.683,0.686,0.678,0.684,11490561.0
1701446400000,0.684,0.693,0.683,0.692,14335455.6
1701460800000,0.692,0.693,0.687,0.69,6339957.4
1701475200000,0.689,0.693,0.687,0.691,6652552.9
1701489600000,0.691,0.693,0.689,0.692,3740595.4
1701504000000,0.692,0.696,0.691,0.694,6145044.3
1701518400000,0.695,0.697,0.689,0.693,8217121.2
1701532800000,0.693,0.708,0.69,0.702,15008889.6
1701547200000,0.703,0.704,0.698,0.702,7258933.7
1701561600000,0.702,0.707,0.695,0.699,9393744.4
1701576000000,0.699,0.699,0.695,0.699,6114441.9
1701590400000,0.699,0.702,0.696,0.701,6906395.8
1701604800000,0.702,0.703,0.69,0.693,21767520.9
1701619200000,0.694,0.7,0.69,0.7,8858172.2
1701633600000,0.7,0.707,0.697,0.701,16084557.9
1701648000000,0.702,0.719,0.7,0.709,20365183.5
1701662400000,0.709,0.731,0.709,0.723,33822186.7
1701676800000,0.722,0.728,0.693,0.71,55095545.3
1701691200000,0.711,0.715,0.699,0.706,46308403.7
1701705600000,0.705,0.724,0.704,0.716,24374330.4
1701720000000,0.716,0.721,0.712,0.72,14621224.5
1701734400000,0.72,0.733,0.716,0.725,30406743.3
1701748800000,0.725,0.73,0.712,0.719,22742340.7
1701763200000,0.719,0.725,0.713,0.72,14462825.9
1701777600000,0.72,0.74,0.72,0.731,30450727.4
1701792000000,0.732,0.752,0.728,0.742,42848513.6
1701806400000,0.743,0.746,0.734,0.744,14164039.1
1701820800000,0.743,0.748,0.732,0.736,19844445.9
1701835200000,0.736,0.738,0.721,0.734,27923795.6
1701849600000,0.734,0.745,0.718,0.731,30337094.8
1701864000000,0.731,0.751,0.729,0.749,35667537.9
1701878400000,0.749,0.75,0.739,0.747,21312008.0
1701892800000,0.747,0.753,0.735,0.74,28764209.4
1701907200000,0.74,0.767,0.737,0.748,29940346.2
1701921600000,0.748,0.793,0.748,0.772,65262584.6
1701936000000,0.771,0.773,0.739,0.756,48019041.9
1701950400000,0.755,0.765,0.75,0.76,22990190.3
1701964800000,0.759,0.775,0.758,0.769,25293760.6
1701979200000,0.769,0.776,0.765,0.77,11536315.4
1701993600000,0.771,0.775,0.761,0.768,16085356.3
1702008000000,0.768,0.773,0.761,0.765,13703192.9
1702022400000,0.764,0.781,0.76,0.777,18945930.0
1702036800000,0.777,0.789,0.775,0.788,25067534.8
1702051200000,0.787,0.8,0.785,0.792,22470889.4
1702065600000,0.792,0.801,0.791,0.8,8904634.1
1702080000000,0.799,0.82,0.799,0.82,28674847.0
1702094400000,0.819,0.845,0.818,0.839,35182274.7
1702108800000,0.839,0.867,0.825,0.841,84807702.8
1702123200000,0.84,0.857,0.834,0.841,42084369.4
1702137600000,0.842,0.863,0.829,0.863,57836603.9
1702152000000,0.862,0.873,0.846,0.853,45576427.7
1702166400000,0.854,0.881,0.841,0.847,50601283.9
1702180800000,0.846,0.861,0.839,0.848,23718001.6
1702195200000,0.849,0.852,0.814,0.823,43177561.5
1702209600000,0.823,0.836,0.82,0.832,26182008.2
1702224000000,0.831,0.836,0.819,0.834,19783206.5
1702238400000,0.833,0.842,0.831,0.839,18424798.9
1702252800000,0.839,0.841,0.728,0.776,78794573.0
1702267200000,0.775,0.788,0.766,0.769,40887598.5
1702281600000,0.769,0.785,0.764,0.785,19487931.1
1702296000000,0.784,0.787,0.763,0.773,33558633.7
1702310400000,0.772,0.777,0.74,0.759,43404455.2
1702324800000,0.759,0.775,0.753,0.769,19598777.6
1702339200000,0.769,0.789,0.767,0.78,18315691.8
1702353600000,0.781,0.792,0.772,0.792,19239289.0
1702368000000,0.791,0.793,0.775,0.777,17643732.8
1702382400000,0.777,0.791,0.764,0.776,32711624.3
1702396800000,0.776,0.779,0.757,0.771,25813868.8
1702411200000,0.772,0.784,0.764,0.783,18956637.1
1702425600000,0.783,0.786,0.746,0.753,31525702.4
1702440000000,0.753,0.761,0.741,0.757,25494985.5
1702454400000,0.757,0.762,0.748,0.751,17303688.9
1702468800000,0.751,0.777,0.748,0.771,31068600.5
1702483200000,0.771,0.783,0.762,0.781,23007697.1
1702497600000,0.781,0.792,0.778,0.785,22821738.9
1702512000000,0.785,0.788,0.775,0.778,13547939.7
1702526400000,0.777,0.788,0.774,0.783,10526794.2
1702540800000,0.783,0.795,0.777,0.794,12490656.7
1702555200000,0.794,0.801,0.753,0.78,39130010.9
1702569600000,0.779,0.793,0.778,0.787,16155912.5
1702584000000,0.786,0.795,0.78,0.794,7403910.6
1702598400000,0.793,0.794,0.782,0.785,10537959.1
1702612800000,0.785,0.786,0.771,0.772,10108990.4
1702627200000,0.772,0.8,0.771,0.792,23910255.5
1702641600000,0.791,0.793,0.763,0.77,38662268.0
1702656000000,0.77,0.776,0.767,0.772,12447937.1
1702670400000,0.772,0.775,0.742,0.755,20288124.0
1702684800000,0.755,0.775,0.744,0.772,24953607.9
1702699200000,0.772,0.788,0.769,0.778,46823339.3
1702713600000,0.777,0.783,0.777,0.78,9161306.9
1702728000000,0.78,0.787,0.776,0.786,11713584.6
1702742400000,0.786,0.806,0.784,0.797,29072155.1
1702756800000,0.797,0.811,0.796,0.807,25543205.5
1702771200000,0.806,0.814,0.799,0.801,30037298.3
1702785600000,0.801,0.83,0.798,0.8,58853672.2
1702800000000,0.8,0.832,0.797,0.824,38888814.4
1702814400000,0.824,0.83,0.808,0.827,35639879.2
1702828800000,0.828,0.83,0.815,0.82,24476927.1
1702843200000,0.82,0.824,0.795,0.8,19116198.8
1702857600000,0.801,0.805,0.764,0.774,40706663.8
1702872000000,0.774,0.781,0.763,0.765,19596912.4
1702886400000,0.765,0.771,0.731,0.747,62076843.4
1702900800000,0.748,0.764,0.738,0.757,27248685.2
1702915200000,0.758,0.765,0.753,0.763,17492140.5
1702929600000,0.763,0.779,0.757,0.777,21410643.2
1702944000000,0.778,0.788,0.773,0.778,18790581.1
1702958400000,0.778,0.783,0.773,0.781,11777042.1
1702972800000,0.781,0.791,0.776,0.781,18806816.0
1702987200000,0.782,0.785,0.765,0.773,28759994.3
1703001600000,0.772,0.777,0.755,0.768,29517452.9
1703016000000,0.767,0.77,0.76,0.763,13780811.0
1703030400000,0.763,0.771,0.755,0.766,17408282.2
1703044800000,0.765,0.778,0.763,0.777,13231379.8
1703059200000,0.777,0.786,0.775,0.783,15851363.2
1703073600000,0.784,0.805,0.781,0.8,23998826.0
1703088000000,0.8,0.806,0.792,0.794,20562412.2
1703102400000,0.795,0.796,0.778,0.789,28584130.4
1703116800000,0.789,0.795,0.783,0.791,17316379.9
1703131200000,0.79,0.798,0.787,0.797,19569608.9
1703145600000,0.797,0.809,0.792,0.805,20559989.0
1703160000000,0.804,0.811,0.796,0.807,24938828.9
1703174400000,0.806,0.821,0.803,0.819,24162096.1
1703188800000,0.819,0.849,0.817,0.845,29089352.4
1703203200000,0.845,0.894,0.839,0.881,65122090.0
1703217600000,0.881,0.885,0.846,0.859,47447608.6
1703232000000,0.859,0.862,0.84,0.846,29046677.6
1703246400000,0.846,0.848,0.833,0.841,21846231.9
1703260800000,0.841,0.849,0.837,0.84,17604109.8
1703275200000,0.84,0.85,0.839,0.846,7850293.0
1703289600000,0.847,0.848,0.816,0.821,36265538.5
1703304000000,0.82,0.828,0.814,0.823,17032284.6
1703318400000,0.823,0.83,0.821,0.825,10286387.1
1703332800000,0.826,0.833,0.824,0.83,10382083.1
1703347200000,0.829,0.835,0.827,0.832,7571277.4
1703361600000,0.831,0.844,0.831,0.841,12041346.2
1703376000000,0.84,0.849,0.832,0.841,20173453.9
1703390400000,0.84,0.846,0.821,0.837,32907080.7
1703404800000,0.838,0.841,0.82,0.832,26921897.9
1703419200000,0.831,0.837,0.825,0.831,16751167.1
1703433600000,0.832,0.841,0.827,0.84,17534929.8
1703448000000,0.84,0.841,0.799,0.817,34231980.9
1703462400000,0.817,0.827,0.809,0.823,23960485.8
1703476800000,0.822,0.856,0.822,0.847,22103453.7
1703491200000,0.846,0.874,0.841,0.869,47566751.7
1703505600000,0.87,0.883,0.859,0.875,33943442.4
1703520000000,0.875,0.888,0.872,0.876,28016759.1
1703534400000,0.877,0.888,0.861,0.881,24344120.7
1703548800000,0.88,0.889,0.876,0.884,21128314.0
1703563200000,0.884,0.885,0.839,0.846,56367800.1
1703577600000,0.847,0.858,0.836,0.857,31009043.4
1703592000000,0.857,0.867,0.843,0.846,33279673.7
1703606400000,0.847,0.861,0.808,0.838,61981789.8
1703620800000,0.837,0.878,0.836,0.873,32869496.7
1703635200000,0.873,0.876,0.835,0.842,31811551.5
1703649600000,0.841,0.87,0.841,0.864,29722282.4
1703664000000,0.863,0.894,0.861,0.881,34378665.3
1703678400000,0.88,0.904,0.878,0.894,58481073.9
1703692800000,0.894,0.902,0.887,0.893,27978886.0
1703707200000,0.893,0.909,0.89,0.906,17505378.1
1703721600000,0.906,0.915,0.892,0.901,30250965.0
1703736000000,0.901,0.911,0.882,0.899,42841263.3
1703750400000,0.899,0.911,0.893,0.902,26187229.5
1703764800000,0.901,0.903,0.857,0.867,81398538.8
1703779200000,0.868,0.878,0.863,0.873,20314630.7
1703793600000,0.872,0.877,0.859,0.87,21429730.8
1703808000000,0.871,0.875,0.843,0.868,37183672.5
1703822400000,0.868,0.875,0.855,0.858,18821905.4
1703836800000,0.858,0.877,0.857,0.873,21795895.7
1703851200000,0.872,0.883,0.849,0.856,37555185.5
1703865600000,0.855,0.859,0.837,0.852,31770748.5
1703880000000,0.852,0.853,0.82,0.849,17381274.4
1703894400000,0.849,0.858,0.839,0.847,21281650.4
1703908800000,0.847,0.877,0.847,0.869,28949993.0
1703923200000,0.869,0.877,0.851,0.859,27719304.7
1703937600000,0.86,0.87,0.852,0.868,18478857.5
1703952000000,0.867,0.872,0.855,0.855,13902345.2
1703966400000,0.856,0.86,0.852,0.854,10717248.9
1703980800000,0.854,0.864,0.843,0.85,18949752.1
1703995200000,0.851,0.866,0.848,0.863,12376743.3
1704009600000,0.863,0.868,0.857,0.862,13424886.6
1704024000000,0.862,0.865,0.851,0.86,14187196.4
1704038400000,0.86,0.868,0.858,0.862,12921133.1
1704052800000,0.862,0.867,0.82,0.846,35100988.2
1704067200000,0.845,0.864,0.844,0.848,17956665.9
1704081600000,0.849,0.851,0.838,0.85,12957087.9
1704096000000,0.849,0.87,0.848,0.865,16446153.5
1704110400000,0.865,0.87,0.856,0.868,17036792.4
1704124800000,0.867,0.882,0.865,0.882,13702253.3
1704139200000,0.882,0.889,0.878,0.888,13275651.8
1704153600000,0.887,0.897,0.88,0.889,19408152.6
1704168000000,0.89,0.89,0.882,0.883,7142077.1
1704182400000,0.883,0.894,0.881,0.887,13189196.7
1704196800000,0.887,0.889,0.864,0.873,24270038.6
1704211200000,0.873,0.877,0.863,0.867,19636239.8
1704225600000,0.868,0.871,0.856,0.866,14764998.1
1704240000000,0.867,0.874,0.863,0.868,11684214.2
1704254400000,0.868,0.877,0.866,0.87,9869325.1
1704268800000,0.87,0.879,0.837,0.843,38643571.6
1704283200000,0.843,0.844,0.702,0.779,121724024.3
1704297600000,0.778,0.783,0.753,0.76,39360305.0
1704312000000,0.759,0.774,0.758,0.767,15643270.2
1704326400000,0.768,0.773,0.756,0.768,25622768.4
1704340800000,0.769,0.78,0.763,0.764,24680020.0
1704355200000,0.764,0.77,0.754,0.767,32449814.5
1704369600000,0.766,0.783,0.763,0.778,33240479.6
1704384000000,0.778,0.78,0.768,0.772,26302253.0
1704398400000,0.772,0.781,0.768,0.772,22593747.1
1704412800000,0.772,0.776,0.728,0.751,42770758.8
1704427200000,0.751,0.759,0.748,0.753,21554983.9
1704441600000,0.752,0.761,0.736,0.744,32620871.8
1704456000000,0.744,0.75,0.724,0.735,52395135.8
1704470400000,0.735,0.739,0.72,0.735,32675922.1
1704484800000,0.734,0.748,0.734,0.746,17671173.6
1704499200000,0.747,0.749,0.74,0.744,16170629.1
1704513600000,0.743,0.746,0.703,0.722,51688293.1
1704528000000,0.721,0.727,0.716,0.725,22439072.1
1704542400000,0.724,0.739,0.72,0.737,33291528.1
1704556800000,0.736,0.745,0.734,0.737,23802208.3
1704571200000,0.738,0.74,0.728,0.738,20416511.1
1704585600000,0.738,0.745,0.733,0.739,18137352.8
1704600000000,0.739,0.748,0.737,0.742,17651795.6
1704614400000,0.743,0.745,0.726,0.733,26149968.6
1704628800000,0.732,0.739,0.722,0.727,22792327.7
1704643200000,0.727,0.73,0.714,0.728,23967718.8
1704657600000,0.728,0.73,0.691,0.702,40692329.0
1704672000000,0.702,0.704,0.666,0.683,70712500.2
1704686400000,0.682,0.704,0.678,0.697,38238265.3
1704700800000,0.697,0.711,0.688,0.71,33812327.8
1704715200000,0.711,0.723,0.709,0.718,47811650.1
1704729600000,0.718,0.737,0.713,0.735,35688571.9
1704744000000,0.735,0.741,0.728,0.738,17287297.4
1704758400000,0.739,0.741,0.722,0.727,27590459.0
1704772800000,0.727,0.736,0.723,0.727,15180548.1
1704787200000,0.727,0.731,0.709,0.718,27124442.6
1704801600000,0.719,0.721,0.665,0.7,61299627.1
1704816000000,0.7,0.706,0.687,0.697,28754334.8
1704830400000,0.697,0.711,0.683,0.708,51803282.2
1704844800000,0.708,0.72,0.704,0.712,28654477.3
1704859200000,0.711,0.718,0.708,0.709,16757321.6
1704873600000,0.71,0.725,0.703,0.722,32153672.8
1704888000000,0.722,0.723,0.689,0.716,57336580.8
1704902400000,0.716,0.726,0.707,0.724,38516845.4
1704916800000,0.724,0.769,0.706,0.754,71326085.4
1704931200000,0.755,0.769,0.748,0.769,36754484.9
1704945600000,0.769,0.769,0.742,0.758,33286444.9
1704960000000,0.757,0.786,0.756,0.785,39591470.5
1704974400000,0.785,0.807,0.775,0.794,126732032.6
1704988800000,0.794,0.801,0.768,0.794,60736684.6
1705003200000,0.794,0.797,0.768,0.783,31577270.9
1705017600000,0.783,0.791,0.774,0.787,26651817.8
1705032000000,0.788,0.796,0.783,0.787,25768481.4
1705046400000,0.788,0.805,0.777,0.796,32064399.6
1705060800000,0.796,0.811,0.781,0.785,65476128.3
1705075200000,0.784,0.791,0.746,0.78,72499412.9
1705089600000,0.779,0.799,0.731,0.769,60193181.8
1705104000000,0.77,0.773,0.741,0.76,34147740.7
1705118400000,0.76,0.773,0.759,0.767,20921351.5
1705132800000,0.768,0.772,0.756,0.764,24870800.8
1705147200000,0.764,0.768,0.757,0.762,24965750.7
1705161600000,0.762,0.768,0.756,0.764,24487263.2
1705176000000,0.763,0.768,0.76,0.765,12448299.2
1705190400000,0.764,0.767,0.755,0.757,19029799.1
1705204800000,0.757,0.764,0.752,0.763,14537763.3
1705219200000,0.762,0.77,0.76,0.765,16194918.2
1705233600000,0.765,0.767,0.76,0.765,20258964.1
1705248000000,0.765,0.772,0.752,0.754,29994283.4
1705262400000,0.755,0.765,0.743,0.744,40242694.2
1705276800000,0.745,0.767,0.744,0.762,19542104.8
1705291200000,0.763,0.772,0.762,0.769,15730558.0
1705305600000,0.769,0.795,0.766,0.786,35830445.4
1705320000000,0.786,0.793,0.766,0.768,47165125.9
1705334400000,0.768,0.782,0.767,0.776,16211639.4
1705348800000,0.775,0.784,0.759,0.778,25597042.2
1705363200000,0.779,0.788,0.776,0.785,20291168.0
1705377600000,0.785,0.785,0.772,0.779,13842959.2
1705392000000,0.78,0.781,0.766,0.768,19029440.6
1705406400000,0.769,0.775,0.753,0.772,30139624.0
1705420800000,0.771,0.778,0.767,0.775,15715893.2
1705435200000,0.774,0.781,0.773,0.775,10286418.7
1705449600000,0.774,0.779,0.767,0.768,15677405.9
1705464000000,0.767,0.769,0.752,0.756,16880053.2
1705478400000,0.756,0.765,0.753,0.761,13843972.4
1705492800000,0.762,0.766,0.752,0.754,34148057.9
1705507200000,0.754,0.763,0.748,0.76,30739106.2
1705521600000,0.761,0.763,0.751,0.762,14079398.9
1705536000000,0.761,0.762,0.75,0.757,15485584.7
1705550400000,0.757,0.762,0.752,0.761,11565833.2
1705564800000,0.761,0.761,0.743,0.747,20751856.2
1705579200000,0.747,0.751,0.737,0.748,34579956.6
1705593600000,0.748,0.75,0.705,0.711,78991674.7
1705608000000,0.711,0.722,0.709,0.718,28779162.5
1705622400000,0.718,0.72,0.693,0.713,36141689.8
1705636800000,0.713,0.722,0.712,0.719,17579697.3
1705651200000,0.719,0.724,0.713,0.721,24943371.6
1705665600000,0.721,0.725,0.705,0.708,47511555.7
1705680000000,0.708,0.72,0.677,0.718,64614046.5
1705694400000,0.719,0.723,0.713,0.723,15228541.8
1705708800000,0.723,0.723,0.714,0.718,15036503.5
1705723200000,0.718,0.722,0.713,0.718,13106235.1
1705737600000,0.719,0.721,0.709,0.715,17184875.1
1705752000000,0.716,0.72,0.711,0.715,17307307.0
1705766400000,0.714,0.721,0.711,0.717,15417234.7
1705780800000,0.718,0.727,0.716,0.726,13567391.8
1705795200000,0.726,0.733,0.722,0.732,13889396.4
1705809600000,0.732,0.733,0.724,0.727,12935950.9
1705824000000,0.727,0.732,0.724,0.73,9503987.7
1705838400000,0.729,0.732,0.722,0.725,11164652.3
1705852800000,0.726,0.732,0.722,0.73,14960494.4
1705867200000,0.729,0.732,0.719,0.72,12957526.2
1705881600000,0.72,0.726,0.701,0.708,41166652.4
1705896000000,0.708,0.718,0.696,0.71,20346887.0
1705910400000,0.71,0.711,0.69,0.699,33439363.4
1705924800000,0.699,0.709,0.689,0.701,28086635.1
1705939200000,0.7,0.704,0.673,0.687,45544546.8
1705953600000,0.686,0.704,0.685,0.69,26323282.8
1705968000000,0.691,0.705,0.689,0.699,22822010.2
1705982400000,0.698,0.704,0.687,0.691,17412134.0
1705996800000,0.69,0.695,0.651,0.665,73413940.7
1706011200000,0.664,0.671,0.642,0.669,46234776.5
1706025600000,0.669,0.673,0.661,0.662,25293077.4
1706040000000,0.661,0.678,0.66,0.677,19455627.9
1706054400000,0.678,0.681,0.669,0.672,23590388.4
1706068800000,0.671,0.681,0.669,0.677,19157077.8
1706083200000,0.676,0.687,0.675,0.682,22865409.7
1706097600000,0.681,0.685,0.673,0.681,35203832.8
1706112000000,0.681,0.685,0.672,0.682,23438165.0
1706126400000,0.682,0.69,0.676,0.689,18079185.0
1706140800000,0.689,0.69,0.678,0.681,18730307.4
1706155200000,0.682,0.684,0.675,0.684,14607930.0
1706169600000,0.684,0.687,0.678,0.683,16828685.8
1706184000000,0.684,0.686,0.674,0.677,24869120.2
1706198400000,0.678,0.693,0.673,0.69,20760820.4
1706212800000,0.691,0.693,0.686,0.69,12839789.9
1706227200000,0.69,0.694,0.683,0.692,14108390.4
1706241600000,0.692,0.693,0.685,0.687,10542101.5
1706256000000,0.687,0.705,0.686,0.702,23738085.9
1706270400000,0.703,0.707,0.697,0.704,22565208.8
1706284800000,0.705,0.708,0.702,0.705,19481903.1
1706299200000,0.705,0.707,0.7,0.704,11996762.5
1706313600000,0.705,0.707,0.702,0.704,12447878.5
1706328000000,0.704,0.705,0.696,0.698,10713515.6
1706342400000,0.699,0.701,0.694,0.699,9852752.2
1706356800000,0.7,0.704,0.699,0.703,6408583.8
1706371200000,0.703,0.708,0.702,0.706,11308583.4
1706385600000,0.707,0.713,0.705,0.71,9754292.0
1706400000000,0.71,0.732,0.707,0.73,34132090.8
1706414400000,0.73,0.734,0.716,0.72,25157979.2
1706428800000,0.721,0.73,0.718,0.722,24377693.8
1706443200000,0.721,0.725,0.713,0.722,30174826.9
1706457600000,0.722,0.73,0.705,0.708,37102622.5
1706472000000,0.709,0.714,0.7,0.709,18323363.4
1706486400000,0.71,0.717,0.704,0.712,15818272.4
1706500800000,0.713,0.716,0.7,0.705,16898926.0
1706515200000,0.705,0.711,0.703,0.708,18001181.1
1706529600000,0.709,0.711,0.694,0.707,35343528.8
1706544000000,0.707,0.721,0.705,0.714,32094894.6
1706558400000,0.715,0.72,0.713,0.717,14832193.2
1706572800000,0.717,0.723,0.71,0.716,23333586.5
1706587200000,0.715,0.718,0.712,0.717,13233648.3
1706601600000,0.716,0.726,0.715,0.724,16527703.4
1706616000000,0.724,0.724,0.706,0.715,50970260.8
1706630400000,0.715,0.723,0.712,0.715,21317382.5
1706644800000,0.715,0.716,0.699,0.702,22436554.6
1706659200000,0.702,0.705,0.692,0.702,31491002.3
1706673600000,0.703,0.704,0.699,0.702,11235528.8
1706688000000,0.702,0.704,0.683,0.693,35750701.6
1706702400000,0.692,0.697,0.679,0.695,33722108.8
1706716800000,0.696,0.701,0.692,0.698,25094345.4
1706731200000,0.698,0.7,0.678,0.69,37080561.3
1706745600000,0.689,0.696,0.675,0.685,32038927.3
1706760000000,0.685,0.693,0.683,0.691,20425035.5
1706774400000,0.69,0.697,0.689,0.691,17497232.5
1706788800000,0.69,0.701,0.688,0.695,24597416.3
1706803200000,0.696,0.701,0.689,0.7,22466386.6
1706817600000,0.699,0.704,0.697,0.704,22324350.0
1706832000000,0.703,0.708,0.7,0.702,13971515.7
1706846400000,0.702,0.707,0.7,0.704,8406675.3
1706860800000,0.704,0.708,0.699,0.705,11675580.4
1706875200000,0.705,0.709,0.695,0.709,27658890.1
1706889600000,0.709,0.711,0.704,0.709,15942081.1
1706904000000,0.709,0.716,0.708,0.714,9565978.2
1706918400000,0.715,0.719,0.712,0.714,13124680.9
1706932800000,0.714,0.717,0.71,0.712,10438751.7
1706947200000,0.712,0.715,0.709,0.712,9264507.0
1706961600000,0.712,0.724,0.711,0.718,21407805.7
1706976000000,0.719,0.732,0.718,0.726,16732178.1
1706990400000,0.726,0.727,0.722,0.723,11786012.0
1707004800000,0.724,0.724,0.712,0.716,18099196.3
1707019200000,0.715,0.716,0.701,0.703,18786255.6
1707033600000,0.703,0.712,0.7,0.708,14918600.4
1707048000000,0.709,0.711,0.704,0.708,12048260.3
1707062400000,0.708,0.709,0.696,0.698,18803256.8
1707076800000,0.698,0.705,0.691,0.697,21515964.3
1707091200000,0.696,0.703,0.686,0.703,25389333.8
1707105600000,0.702,0.708,0.702,0.706,14966883.3
1707120000000,0.706,0.709,0.703,0.708,18159837.5
1707134400000,0.708,0.711,0.698,0.698,27302144.7
1707148800000,0.698,0.71,0.695,0.707,23192211.6
1707163200000,0.708,0.71,0.701,0.71,18696885.2
1707177600000,0.71,0.72,0.709,0.714,18814336.1
1707192000000,0.714,0.717,0.711,0.716,12707441.6
1707206400000,0.716,0.724,0.711,0.716,25248210.5
1707220800000,0.716,0.722,0.71,0.722,24460979.1
1707235200000,0.722,0.724,0.715,0.721,14004339.0
1707249600000,0.721,0.721,0.712,0.714,10967071.8
1707264000000,0.714,0.716,0.707,0.709,11601326.5
1707278400000,0.709,0.711,0.704,0.706,10752806.3
1707292800000,0.706,0.71,0.703,0.704,14509078.2
1707307200000,0.705,0.711,0.703,0.71,14303076.9
1707321600000,0.71,0.718,0.708,0.714,16226677.4
1707336000000,0.714,0.724,0.713,0.72,13594798.7
1707350400000,0.719,0.725,0.717,0.719,13099594.2
1707364800000,0.719,0.722,0.716,0.72,9059895.4
1707379200000,0.72,0.725,0.72,0.723,9880408.5
1707393600000,0.723,0.727,0.717,0.726,19294042.7
1707408000000,0.726,0.726,0.712,0.717,21069007.8
1707422400000,0.717,0.721,0.716,0.72,9622342.7
1707436800000,0.72,0.734,0.719,0.73,16555079.4
1707451200000,0.73,0.74,0.727,0.739,15010084.4
1707465600000,0.739,0.742,0.734,0.74,16834487.6
1707480000000,0.741,0.745,0.73,0.738,41094025.3
1707494400000,0.738,0.75,0.734,0.748,35633018.3
1707508800000,0.749,0.753,0.74,0.742,21928380.7
1707523200000,0.743,0.745,0.738,0.742,12647990.4
1707537600000,0.741,0.742,0.732,0.733,9143695.3
1707552000000,0.732,0.738,0.724,0.731,20145921.4
1707566400000,0.731,0.734,0.729,0.733,10982058.1
1707580800000,0.733,0.734,0.728,0.733,9127181.7
1707595200000,0.733,0.739,0.732,0.735,14664879.6
1707609600000,0.736,0.748,0.732,0.747,15069966.7
1707624000000,0.746,0.748,0.739,0.748,11545822.8
1707638400000,0.747,0.749,0.736,0.741,16676340.4
1707652800000,0.742,0.742,0.73,0.737,15928833.8
1707667200000,0.736,0.74,0.733,0.736,10198434.1
1707681600000,0.736,0.738,0.728,0.734,13614302.4
1707696000000,0.733,0.74,0.724,0.731,23415565.1
1707710400000,0.732,0.732,0.721,0.73,17656666.0
1707724800000,0.73,0.732,0.717,0.724,18101279.7
1707739200000,0.725,0.743,0.724,0.742,19110934.4
1707753600000,0.741,0.76,0.737,0.75,38386214.1
1707768000000,0.75,0.758,0.749,0.754,17343966.0
1707782400000,0.755,0.759,0.745,0.747,22265525.9
1707796800000,0.747,0.756,0.746,0.756,13637317.5
1707811200000,0.755,0.756,0.744,0.748,24782076.3
1707825600000,0.748,0.75,0.723,0.734,57892098.1
1707840000000,0.735,0.74,0.73,0.734,19055248.6
1707854400000,0.734,0.741,0.733,0.738,9184773.9
1707868800000,0.738,0.741,0.731,0.74,12842962.5
1707883200000,0.739,0.742,0.736,0.741,7802971.9
1707897600000,0.741,0.756,0.74,0.754,26875338.6
1707912000000,0.755,0.762,0.747,0.754,29514395.8
1707926400000,0.753,0.756,0.746,0.755,19251767.4
1707940800000,0.754,0.76,0.753,0.758,9625321.7
1707955200000,0.758,0.775,0.755,0.772,40006877.0
1707969600000,0.773,0.773,0.757,0.767,25721786.2
1707984000000,0.767,0.776,0.763,0.773,25931896.3
1707998400000,0.773,0.783,0.768,0.774,58393959.4
1708012800000,0.774,0.779,0.766,0.777,34688849.2
1708027200000,0.776,0.778,0.762,0.772,22307095.7
1708041600000,0.772,0.777,0.765,0.777,15777182.2
1708056000000,0.776,0.784,0.77,0.771,20049776.1
1708070400000,0.77,0.781,0.763,0.779,20746863.6
1708084800000,0.779,0.784,0.748,0.761,44369021.2
1708099200000,0.762,0.767,0.756,0.758,25294437.1
1708113600000,0.758,0.768,0.756,0.767,9280067.4
1708128000000,0.767,0.771,0.758,0.763,15873226.0
1708142400000,0.763,0.769,0.759,0.768,12976311.5
1708156800000,0.767,0.77,0.755,0.761,23217999.0
1708171200000,0.761,0.764,0.742,0.756,45764314.7
1708185600000,0.756,0.767,0.754,0.765,15790114.3
1708200000000,0.766,0.774,0.763,0.768,12915736.4
1708214400000,0.768,0.773,0.763,0.769,20320835.9
1708228800000,0.769,0.782,0.768,0.779,21835961.9
1708243200000,0.779,0.787,0.778,0.78,19787841.1
1708257600000,0.781,0.781,0.773,0.778,18213721.3
1708272000000,0.777,0.781,0.772,0.776,17650081.3
1708286400000,0.776,0.783,0.769,0.779,19624191.3
1708300800000,0.779,0.784,0.773,0.781,15414710.1
1708315200000,0.78,0.789,0.778,0.787,19482789.9
1708329600000,0.788,0.788,0.773,0.783,25739815.3
1708344000000,0.784,0.787,0.775,0.785,23529180.5
1708358400000,0.785,0.788,0.775,0.784,25202091.9
1708372800000,0.783,0.795,0.782,0.792,16571514.1
1708387200000,0.793,0.795,0.778,0.783,39780719.0
1708401600000,0.783,0.807,0.779,0.799,39836143.8
1708416000000,0.8,0.805,0.781,0.805,40071470.7
1708430400000,0.805,0.809,0.75,0.769,80045826.9
1708444800000,0.769,0.788,0.756,0.786,43578966.3
1708459200000,0.787,0.804,0.785,0.799,21938702.7
1708473600000,0.799,0.801,0.785,0.793,24456237.4
1708488000000,0.793,0.795,0.767,0.771,23972626.8
1708502400000,0.771,0.776,0.748,0.754,27554863.9
1708516800000,0.754,0.764,0.743,0.753,32852337.9
1708531200000,0.753,0.758,0.737,0.749,22691108.9
1708545600000,0.749,0.766,0.747,0.765,13883697.4
1708560000000,0.765,0.767,0.75,0.759,19387086.6
1708574400000,0.758,0.773,0.755,0.772,17502076.5
1708588800000,0.772,0.778,0.768,0.772,21510269.3
1708603200000,0.772,0.777,0.758,0.773,29160123.9
1708617600000,0.772,0.78,0.766,0.776,16641236.2
1708632000000,0.775,0.785,0.771,0.777,33812193.0
1708646400000,0.777,0.782,0.762,0.767,24631652.4
1708660800000,0.767,0.78,0.762,0.769,18045361.9
1708675200000,0.77,0.774,0.763,0.771,27052257.0
1708689600000,0.771,0.782,0.763,0.775,43226014.0
1708704000000,0.775,0.884,0.76,0.809,173427472.5
1708718400000,0.81,0.816,0.794,0.801,29830910.7
1708732800000,0.801,0.808,0.783,0.802,34357856.6
1708747200000,0.802,0.816,0.8,0.814,21589290.7
1708761600000,0.814,0.826,0.809,0.819,24425795.4
1708776000000,0.82,0.821,0.801,0.802,29827989.5
1708790400000,0.802,0.81,0.799,0.802,21786242.6
1708804800000,0.803,0.805,0.799,0.804,10998539.7
1708819200000,0.803,0.805,0.788,0.793,18622885.2
1708833600000,0.793,0.798,0.787,0.794,12227372.2
1708848000000,0.793,0.798,0.785,0.795,14301313.0
1708862400000,0.795,0.804,0.792,0.794,19353466.3
1708876800000,0.794,0.8,0.788,0.798,15633136.4
1708891200000,0.798,0.803,0.795,0.8,9845140.2
1708905600000,0.8,0.803,0.791,0.795,16803023.1
1708920000000,0.794,0.798,0.788,0.789,14531619.2
1708934400000,0.788,0.794,0.775,0.787,30971585.1
1708948800000,0.788,0.806,0.781,0.804,29244372.6
1708963200000,0.805,0.81,0.797,0.809,31823126.6
1708977600000,0.809,0.816,0.808,0.814,15526839.7
1708992000000,0.814,0.83,0.807,0.819,41350053.7
1709006400000,0.819,0.831,0.817,0.818,26795127.3
1709020800000,0.817,0.828,0.817,0.825,20775448.9
1709035200000,0.825,0.835,0.81,0.817,47428127.7
1709049600000,0.817,0.836,0.814,0.835,44863397.7
1709064000000,0.836,0.839,0.828,0.835,16686866.2
1709078400000,0.835,0.844,0.825,0.826,30638539.8
1709092800000,0.827,0.838,0.826,0.837,17761400.7
1709107200000,0.837,0.856,0.834,0.845,57993329.9
1709121600000,0.845,0.857,0.842,0.849,60526786.6
1709136000000,0.85,0.876,0.766,0.813,125013033.9
1709150400000,0.813,0.834,0.806,0.83,24222337.1
1709164800000,0.831,0.856,0.828,0.852,34444349.6
1709179200000,0.852,0.889,0.85,0.881,43792544.3
1709193600000,0.881,0.892,0.874,0.876,40061611.1
1709208000000,0.876,0.897,0.865,0.892,47877822.5
1709222400000,0.892,0.897,0.871,0.883,70125676.3
1709236800000,0.882,0.885,0.837,0.863,43405064.8
1709251200000,0.863,0.88,0.859,0.876,26069258.4
1709265600000,0.876,0.879,0.867,0.868,20344723.4
1709280000000,0.868,0.885,0.864,0.882,20375717.7
1709294400000,0.883,0.891,0.872,0.875,35295249.6
1709308800000,0.875,0.89,0.872,0.888,20755093.8
1709323200000,0.888,0.916,0.884,0.916,24285765.7
1709337600000,0.916,1.009,0.91,1.007,94632431.3
1709352000000,1.006,1.038,0.974,0.987,69953173.5
1709366400000,0.987,1.015,0.976,1.013,45740894.8
1709380800000,1.014,1.031,0.997,1.013,59908820.6
1709395200000,1.013,1.07,1.009,1.059,60216328.5
1709409600000,1.059,1.133,1.048,1.115,76916854.0
1709424000000,1.115,1.119,1.051,1.071,55337492.5
1709438400000,1.07,1.079,0.962,1.037,72566887.9
1709452800000,1.036,1.059,1.029,1.051,49891049.9
1709467200000,1.051,1.063,1.041,1.058,32312768.0
1709481600000,1.059,1.092,1.054,1.09,38186731.0
1709496000000,1.09,1.099,1.068,1.069,24060905.7
1709510400000,1.07,1.086,1.052,1.082,41975453.2
1709524800000,1.082,1.137,1.061,1.134,41749271.3
1709539200000,1.135,1.151,1.079,1.11,66013938.3
1709553600000,1.111,1.128,1.085,1.1,42163867.6
1709568000000,1.101,1.131,1.068,1.106,69706946.2
1709582400000,1.107,1.124,1.091,1.107,25635789.0
1709596800000,1.107,1.168,1.096,1.117,65544318.1
1709611200000,1.118,1.13,1.066,1.094,58673365.2
1709625600000,1.093,1.133,1.082,1.118,30116336.7
1709640000000,1.118,1.13,1.083,1.107,53134290.2
1709654400000,1.107,1.132,0.899,0.988,136076401.2
1709668800000,0.988,1.033,0.971,1.026,65642091.5
1709683200000,1.025,1.035,0.973,0.987,30624930.0
1709697600000,0.987,1.053,0.987,1.052,34114203.3
1709712000000,1.052,1.067,1.019,1.034,36448395.8
1709726400000,1.034,1.039,0.99,1.012,47113335.8
1709740800000,1.011,1.045,1.009,1.04,21833850.5
1709755200000,1.039,1.073,1.035,1.069,21173308.3
1709769600000,1.07,1.101,1.063,1.08,41936266.2
1709784000000,1.081,1.103,1.071,1.095,51247508.8
1709798400000,1.094,1.121,1.09,1.107,25680582.2
1709812800000,1.108,1.11,1.074,1.085,32568098.2
1709827200000,1.085,1.364,1.078,1.201,333507690.5
1709841600000,1.201,1.274,1.194,1.255,121293735.2
1709856000000,1.254,1.339,1.243,1.258,111094627.4
1709870400000,1.258,1.259,1.212,1.222,50813154.1
1709884800000,1.221,1.233,1.202,1.21,44107106.0
1709899200000,1.209,1.219,1.12,1.176,71083537.6
1709913600000,1.176,1.207,1.156,1.198,48222615.6
1709928000000,1.198,1.201,1.177,1.197,19886384.6
1709942400000,1.197,1.198,1.18,1.193,21494277.1
1709956800000,1.193,1.212,1.192,1.202,23793686.0
1709971200000,1.202,1.225,1.186,1.207,35449987.2
1709985600000,1.206,1.231,1.197,1.215,27283866.1
1710000000000,1.214,1.23,1.206,1.21,24633842.9
1710014400000,1.211,1.215,1.194,1.203,11464378.1
1710028800000,1.202,1.222,1.197,1.202,24394560.9
1710043200000,1.202,1.207,1.187,1.199,13981610.6
1710057600000,1.2,1.209,1.172,1.174,27707651.7
1710072000000,1.174,1.18,1.13,1.137,38189075.0
1710086400000,1.137,1.162,1.137,1.151,22243480.8
1710100800000,1.151,1.156,1.117,1.146,17511925.5
1710115200000,1.145,1.148,1.091,1.147,45910499.9
1710129600000,1.148,1.187,1.144,1.178,30240797.7
1710144000000,1.178,1.202,1.175,1.185,24163453.0
1710158400000,1.184,1.22,1.167,1.211,38813507.2
1710172800000,1.211,1.275,1.193,1.242,67833179.1
1710187200000,1.242,1.266,1.231,1.237,17523368.3
1710201600000,1.237,1.243,1.207,1.211,23232719.2
1710216000000,1.211,1.23,1.189,1.214,28108783.4
1710230400000,1.215,1.218,1.167,1.17,29769358.8
1710244800000,1.171,1.195,1.154,1.181,36250432.4
1710259200000,1.182,1.184,1.104,1.179,54827335.3
1710273600000,1.179,1.188,1.158,1.187,13566646.8
1710288000000,1.188,1.214,1.176,1.207,17275446.9
1710302400000,1.208,1.216,1.197,1.213,15250205.3
1710316800000,1.212,1.219,1.191,1.193,14182353.7
1710331200000,1.192,1.203,1.154,1.169,34688285.5
1710345600000,1.17,1.186,1.165,1.177,12762671.6
1710360000000,1.176,1.19,1.169,1.183,9071010.1
1710374400000,1.183,1.187,1.167,1.177,12436927.4
1710388800000,1.176,1.182,1.156,1.181,13726275.7
1710403200000,1.18,1.214,1.169,1.182,28370057.9
1710417600000,1.181,1.193,1.111,1.124,58247088.4
1710432000000,1.124,1.149,1.077,1.104,45970071.2
1710446400000,1.103,1.147,1.102,1.14,14009303.2
1710460800000,1.141,1.158,1.024,1.073,54323642.2
1710475200000,1.073,1.088,1.049,1.083,36980143.1
1710489600000,1.082,1.083,0.996,1.057,66405208.9
1710504000000,1.056,1.068,1.043,1.052,30490059.0
1710518400000,1.052,1.085,1.039,1.052,29547724.0
1710532800000,1.052,1.071,1.025,1.066,20575957.1
1710547200000,1.067,1.076,1.061,1.072,14783710.3
1710561600000,1.072,1.083,1.052,1.083,17588561.2
1710576000000,1.083,1.088,1.052,1.063,18118238.9
1710590400000,1.063,1.065,1.018,1.037,33642156.1
1710604800000,1.038,1.038,0.97,0.99,43178748.0
1710619200000,0.99,1.002,0.961,0.987,30343147.6
1710633600000,0.988,1.007,0.967,1.006,22184759.6
1710648000000,1.005,1.006,0.935,0.967,30288559.3
1710662400000,0.968,1.012,0.961,0.995,23812429.9
1710676800000,0.995,1.016,0.976,1.012,25609183.4
1710691200000,1.012,1.022,1.006,1.018,17440463.7
1710705600000,1.017,1.026,1.009,1.017,10288926.6
1710720000000,1.017,1.02,0.982,1.013,20724507.2
1710734400000,1.012,1.046,1.001,1.026,23174197.8
1710748800000,1.027,1.028,1.001,1.008,21880730.5
1710763200000,1.009,1.014,0.96,0.981,44183294.9
1710777600000,0.981,0.992,0.951,0.962,31776823.8
1710792000000,0.962,0.996,0.962,0.986,13265853.7
1710806400000,0.985,0.993,0.914,0.938,50747689.0
1710820800000,0.938,0.945,0.887,0.929,57792465.9
1710835200000,0.929,0.929,0.88,0.925,57889841.7
1710849600000,0.925,0.951,0.911,0.95,38223590.7
1710864000000,0.951,0.956,0.937,0.947,21325513.0
1710878400000,0.946,0.948,0.889,0.909,30182339.1
1710892800000,0.909,0.938,0.903,0.912,24091378.6
1710907200000,0.912,0.951,0.881,0.943,36709247.1
1710921600000,0.944,0.952,0.929,0.946,18492058.2
1710936000000,0.945,0.965,0.939,0.946,26782328.5
1710950400000,0.945,0.992,0.91,0.988,40286590.8
1710964800000,0.989,1.011,0.985,1.002,17049351.1
1710979200000,1.001,1.015,0.994,1.0,14217095.5
1710993600000,1.0,1.009,0.981,1.002,19063043.8
1711008000000,1.002,1.014,0.999,1.01,11386062.4
1711022400000,1.01,1.02,1.001,1.017,19484195.1
1711036800000,1.016,1.031,0.991,1.015,30202115.5
1711051200000,1.015,1.029,1.004,1.014,13529209.0
1711065600000,1.013,1.016,0.993,1.01,15713349.7
1711080000000,1.009,1.015,1.003,1.011,7995116.8
1711094400000,1.011,1.014,0.976,0.981,18019328.1
1711108800000,0.98,0.991,0.95,0.974,38288672.0
1711123200000,0.974,0.979,0.959,0.975,15464532.0
1711137600000,0.975,0.98,0.953,0.979,13123657.2
1711152000000,0.979,1.0,0.97,0.981,14497940.0
1711166400000,0.98,1.0,0.979,0.993,11964829.6
1711180800000,0.994,1.017,0.99,1.015,14519536.2
1711195200000,1.016,1.058,1.014,1.054,27975047.6
1711209600000,1.054,1.061,1.037,1.049,19763201.4
1711224000000,1.049,1.063,1.036,1.038,14652970.9
1711238400000,1.038,1.043,1.022,1.031,19963069.9
1711252800000,1.031,1.045,1.022,1.031,15865631.0
1711267200000,1.03,1.041,1.026,1.034,10000328.6
1711281600000,1.033,1.04,1.026,1.034,13583243.1
1711296000000,1.034,1.039,1.018,1.037,15337103.1
1711310400000,1.037,1.056,1.033,1.052,11328378.6
1711324800000,1.051,1.058,1.044,1.056,12659522.9
1711339200000,1.055,1.059,1.042,1.044,10709038.3
1711353600000,1.044,1.055,1.04,1.043,10777523.5
1711368000000,1.044,1.075,1.042,1.071,21604783.4
1711382400000,1.071,1.082,1.066,1.078,14691639.5
1711396800000,1.078,1.088,1.064,1.07,14054834.4
1711411200000,1.07,1.09,1.066,1.087,13077611.0
1711425600000,1.087,1.102,1.086,1.089,8716087.3
1711440000000,1.089,1.1,1.085,1.095,11066648.1
1711454400000,1.096,1.098,1.059,1.077,32131477.6
1711468800000,1.076,1.098,1.059,1.078,21072274.1
1711483200000,1.079,1.098,1.075,1.091,9337655.5
1711497600000,1.091,1.107,1.084,1.091,10380256.2
1711512000000,1.091,1.094,1.058,1.065,13355608.3
1711526400000,1.064,1.075,1.043,1.073,20055232.8
1711540800000,1.072,1.088,1.032,1.064,42601212.8
1711555200000,1.065,1.075,1.048,1.064,17244478.8
1711569600000,1.065,1.073,1.056,1.062,7719254.3
1711584000000,1.063,1.073,1.035,1.043,14223566.6
1711598400000,1.044,1.069,1.041,1.069,9618358.2
1711612800000,1.069,1.074,1.058,1.068,12250633.5
1711627200000,1.068,1.077,1.051,1.072,17814782.5
1711641600000,1.073,1.075,1.061,1.071,10467969.8
1711656000000,1.07,1.124,1.068,1.099,28421836.0
1711670400000,1.1,1.12,1.091,1.119,18369806.7
1711684800000,1.118,1.139,1.093,1.097,29409422.7
1711699200000,1.096,1.131,1.08,1.13,32179876.6
1711713600000,1.13,1.138,1.101,1.107,30952434.2
1711728000000,1.107,1.119,1.089,1.095,14754732.7
1711742400000,1.095,1.11,1.083,1.108,10206187.8
1711756800000,1.107,1.109,1.086,1.09,10651269.5
1711771200000,1.09,1.098,1.084,1.091,10556172.5
1711785600000,1.091,1.103,1.086,1.098,12400360.4
1711800000000,1.099,1.1,1.086,1.088,9236299.1
1711814400000,1.088,1.098,1.082,1.097,11776554.1
1711828800000,1.098,1.102,1.067,1.075,13702990.9
1711843200000,1.075,1.092,1.071,1.081,14675117.3
1711857600000,1.081,1.098,1.078,1.093,8470000.3
1711872000000,1.094,1.094,1.083,1.089,5461717.4
1711886400000,1.089,1.095,1.085,1.091,7305922.1
1711900800000,1.091,1.104,1.087,1.102,6354310.5
1711915200000,1.103,1.11,1.099,1.103,8015433.2
1711929600000,1.102,1.116,1.097,1.104,13980677.6
1711944000000,1.103,1.11,1.031,1.074,45731380.7
1711958400000,1.075,1.076,1.046,1.05,16943476.8
1711972800000,1.05,1.065,1.017,1.024,24792172.0
1711987200000,1.024,1.04,1.019,1.04,12517072.5
1712001600000,1.039,1.045,1.036,1.04,5536949.9
1712016000000,1.04,1.041,0.968,0.99,39720575.2
1712030400000,0.989,0.997,0.978,0.987,17909857.1
1712044800000,0.987,0.99,0.954,0.975,33560180.0
1712059200000,0.975,0.983,0.954,0.962,25319403.9
1712073600000,0.962,0.979,0.958,0.974,17375283.2
1712088000000,0.973,0.981,0.964,0.971,10405686.4
1712102400000,0.97,0.98,0.934,0.978,25628847.8
1712116800000,0.977,0.985,0.971,0.979,10798620.0
1712131200000,0.978,0.99,0.97,0.977,14241244.0
1712145600000,0.976,0.985,0.961,0.967,17235428.6
1712160000000,0.967,0.978,0.949,0.957,16704634.8
1712174400000,0.957,0.961,0.938,0.955,9498434.3
1712188800000,0.956,0.97,0.944,0.948,12154513.0
1712203200000,0.948,0.972,0.939,0.971,11628480.9
1712217600000,0.97,0.989,0.969,0.978,10572008.3
1712232000000,0.979,0.998,0.976,0.991,14824594.8
1712246400000,0.991,1.008,0.987,0.988,13035299.0
1712260800000,0.989,0.996,0.968,0.996,17210524.7
1712275200000,0.996,0.997,0.972,0.992,12959668.6
1712289600000,0.993,0.995,0.965,0.982,14127580.5
1712304000000,0.983,0.992,0.955,0.956,16798982.4
1712318400000,0.957,0.991,0.949,0.99,20137036.6
1712332800000,0.99,0.999,0.986,0.994,11170509.3
1712347200000,0.994,1.006,0.991,0.992,6626281.1
1712361600000,0.991,1.004,0.987,1.002,9367314.3
1712376000000,1.002,1.012,1.001,1.005,7704695.2
1712390400000,1.004,1.011,1.002,1.004,6122499.7
1712404800000,1.003,1.011,0.994,1.007,8966033.9
1712419200000,1.007,1.015,1.005,1.014,6576204.2
1712433600000,1.015,1.026,1.012,1.02,6627368.9
1712448000000,1.02,1.033,1.017,1.03,8771114.8
1712462400000,1.031,1.034,1.026,1.029,5695068.4
1712476800000,1.029,1.031,1.025,1.029,4968403.6
1712491200000,1.03,1.043,1.028,1.034,10071725.8
1712505600000,1.033,1.043,1.019,1.022,11526393.6
1712520000000,1.022,1.032,1.018,1.032,6878275.6
1712534400000,1.032,1.032,1.008,1.013,9729313.6
1712548800000,1.014,1.038,1.011,1.037,8323275.3
1712563200000,1.036,1.072,1.035,1.067,20650590.7
1712577600000,1.067,1.117,1.067,1.105,38764602.3
1712592000000,1.106,1.146,1.091,1.1,40107557.2
1712606400000,1.1,1.112,1.095,1.1,8852493.5
1712620800000,1.1,1.137,1.084,1.102,41502655.3
1712635200000,1.102,1.122,1.088,1.099,32660388.7
1712649600000,1.099,1.135,1.082,1.115,39743464.5
1712664000000,1.115,1.119,1.069,1.094,42871274.5
1712678400000,1.094,1.1,1.074,1.087,19661803.8
1712692800000,1.088,1.093,1.063,1.069,10873048.0
1712707200000,1.069,1.082,1.044,1.058,31148180.9
1712721600000,1.059,1.07,1.052,1.061,14130285.5
1712736000000,1.061,1.07,1.038,1.05,19453168.4
1712750400000,1.051,1.052,1.001,1.039,38516583.7
1712764800000,1.039,1.058,1.036,1.055,13153639.3
1712779200000,1.055,1.062,1.044,1.06,9219249.3
1712793600000,1.061,1.069,1.051,1.066,12409335.9
1712808000000,1.065,1.11,1.057,1.103,23978534.5
1712822400000,1.103,1.128,1.084,1.088,30130284.6
1712836800000,1.087,1.109,1.078,1.102,30741383.0
1712851200000,1.103,1.109,1.081,1.106,13124920.9
1712865600000,1.106,1.133,1.101,1.12,18828371.0
1712880000000,1.12,1.129,1.096,1.099,25189232.0
1712894400000,1.1,1.111,1.084,1.089,15020208.1
1712908800000,1.088,1.153,1.087,1.145,34785068.8
1712923200000,1.146,1.149,1.085,1.094,53533407.9
1712937600000,1.095,1.104,0.823,0.93,133195181.5
1712952000000,0.929,0.948,0.923,0.936,28754636.2
1712966400000,0.936,0.937,0.885,0.91,43870194.1
1712980800000,0.909,0.924,0.892,0.896,25828173.2
1712995200000,0.896,0.907,0.882,0.89,23736177.5
1713009600000,0.89,0.901,0.873,0.878,29586205.9
1713024000000,0.877,0.882,0.714,0.76,112136615.0
1713038400000,0.761,0.766,0.623,0.731,155241320.9
1713052800000,0.732,0.735,0.701,0.726,65230705.5
1713067200000,0.727,0.761,0.72,0.759,51507317.1
1713081600000,0.759,0.767,0.732,0.739,44507109.4
1713096000000,0.739,0.76,0.73,0.741,61818733.3
1713110400000,0.74,0.758,0.709,0.739,68334649.7
1713124800000,0.739,0.781,0.725,0.773,41171826.0
1713139200000,0.772,0.776,0.748,0.759,32983586.3
1713153600000,0.759,0.817,0.749,0.803,42609626.0
1713168000000,0.803,0.812,0.792,0.792,30819669.3
1713182400000,0.792,0.803,0.754,0.771,70962972.8
1713196800000,0.771,0.776,0.715,0.745,77795445.6
1713211200000,0.745,0.761,0.732,0.754,23612495.9
1713225600000,0.754,0.758,0.731,0.738,34050012.5
1713240000000,0.739,0.761,0.718,0.753,37018014.3
1713254400000,0.752,0.757,0.72,0.75,47080330.3
1713268800000,0.75,0.75,0.717,0.722,57028584.7
1713283200000,0.723,0.749,0.717,0.741,38118926.4
1713297600000,0.742,0.76,0.74,0.748,14080926.6
1713312000000,0.749,0.753,0.738,0.748,21675684.7
1713326400000,0.747,0.757,0.742,0.748,21585993.0
1713340800000,0.748,0.753,0.73,0.731,21180638.8
1713355200000,0.732,0.74,0.707,0.713,80258331.1
1713369600000,0.713,0.748,0.704,0.741,41468419.5
1713384000000,0.742,0.746,0.728,0.731,21149564.9
1713398400000,0.732,0.746,0.714,0.739,41352575.2
1713412800000,0.738,0.742,0.717,0.721,26163545.8
1713427200000,0.722,0.744,0.714,0.736,32325708.2
1713441600000,0.736,0.758,0.721,0.753,40160714.9
1713456000000,0.753,0.759,0.735,0.755,21427248.0
1713470400000,0.756,0.767,0.751,0.759,15005985.5
1713484800000,0.76,0.773,0.705,0.741,90628938.4
1713499200000,0.742,0.78,0.739,0.772,46554608.3
1713513600000,0.771,0.792,0.769,0.786,29450213.8
1713528000000,0.786,0.792,0.771,0.784,31985329.6
1713542400000,0.783,0.789,0.772,0.788,19821157.4
1713556800000,0.789,0.789,0.761,0.776,19340060.6
1713571200000,0.777,0.791,0.77,0.786,23852915.2
1713585600000,0.787,0.796,0.782,0.791,9508992.8
1713600000000,0.792,0.796,0.78,0.794,14459532.7
1713614400000,0.794,0.814,0.792,0.814,19059651.2
1713628800000,0.813,0.833,0.808,0.826,22331428.4
1713643200000,0.826,0.831,0.82,0.824,10338765.4
1713657600000,0.823,0.831,0.809,0.823,15752685.1
1713672000000,0.823,0.827,0.817,0.823,11176520.6
1713686400000,0.823,0.827,0.815,0.823,12525931.1
1713700800000,0.824,0.827,0.816,0.818,19089929.1
1713715200000,0.818,0.82,0.798,0.809,25972116.8
1713729600000,0.808,0.819,0.805,0.812,11912213.5
1713744000000,0.812,0.831,0.808,0.826,26376002.3
1713758400000,0.827,0.837,0.825,0.826,17025329.0
1713772800000,0.826,0.834,0.822,0.827,12497394.3
1713787200000,0.826,0.84,0.818,0.834,21020565.6
1713801600000,0.833,0.865,0.831,0.851,24855987.3
1713816000000,0.85,0.857,0.845,0.847,12190321.6
1713830400000,0.848,0.857,0.84,0.841,12106964.6
1713844800000,0.841,0.85,0.833,0.839,13620255.9
1713859200000,0.839,0.844,0.831,0.837,9952625.5
1713873600000,0.837,0.845,0.83,0.836,17053416.0
1713888000000,0.835,0.844,0.833,0.843,9605628.4
1713902400000,0.842,0.845,0.834,0.836,8755314.8
1713916800000,0.836,0.848,0.83,0.843,12435906.5
1713931200000,0.843,0.867,0.842,0.861,15243722.9
1713945600000,0.86,0.879,0.856,0.875,12945289.6
1713960000000,0.874,0.877,0.83,0.834,35885863.8
1713974400000,0.834,0.845,0.82,0.834,23271667.4
1713988800000,0.834,0.836,0.81,0.824,17874017.8
1714003200000,0.824,0.963,0.819,0.919,231996520.2
1714017600000,0.92,0.927,0.861,0.865,143784076.3
1714032000000,0.865,0.874,0.851,0.866,71580545.9
1714046400000,0.865,0.867,0.836,0.864,64947958.1
1714060800000,0.863,0.865,0.844,0.85,23388118.5
1714075200000,0.849,0.858,0.84,0.842,22023271.1
1714089600000,0.841,0.842,0.798,0.814,67302253.5
1714104000000,0.814,0.822,0.806,0.815,25843607.6
1714118400000,0.816,0.828,0.81,0.814,24955711.2
1714132800000,0.813,0.825,0.797,0.817,49321677.1
1714147200000,0.816,0.834,0.811,0.83,21409779.0
1714161600000,0.83,0.849,0.828,0.831,26586710.0
1714176000000,0.831,0.834,0.798,0.825,52052990.8
1714190400000,0.826,0.839,0.822,0.824,24567301.9
1714204800000,0.824,0.832,0.808,0.814,23800338.2
1714219200000,0.815,0.824,0.806,0.811,24628348.5
1714233600000,0.811,0.828,0.804,0.823,31197770.8
1714248000000,0.824,0.825,0.804,0.806,16431973.6
1714262400000,0.805,0.825,0.802,0.82,23207558.1
1714276800000,0.82,0.829,0.815,0.823,14707749.3
1714291200000,0.823,0.825,0.805,0.807,20725264.3
1714305600000,0.808,0.814,0.801,0.81,21891092.7
1714320000000,0.81,0.819,0.806,0.814,14376143.1
1714334400000,0.814,0.82,0.784,0.789,37761748.4
1714348800000,0.789,0.8,0.776,0.778,30751230.8
1714363200000,0.779,0.795,0.772,0.782,28576406.8
1714377600000,0.781,0.784,0.772,0.783,19326274.5
1714392000000,0.782,0.804,0.777,0.803,32041175.3
1714406400000,0.803,0.805,0.794,0.797,18745351.6
1714420800000,0.797,0.808,0.786,0.805,18757355.4
1714435200000,0.805,0.82,0.799,0.804,26347923.9
1714449600000,0.805,0.826,0.8,0.802,40458040.9
1714464000000,0.802,0.804,0.753,0.76,58260535.8
1714478400000,0.759,0.763,0.739,0.759,50962165.4
1714492800000,0.759,0.766,0.735,0.746,38744689.0
1714507200000,0.746,0.768,0.746,0.759,17318755.7
1714521600000,0.758,0.766,0.742,0.754,22723369.6
1714536000000,0.754,0.761,0.717,0.727,51416453.7
1714550400000,0.727,0.739,0.709,0.739,32033665.9
1714564800000,0.739,0.756,0.735,0.75,34344110.7
1714579200000,0.75,0.784,0.737,0.762,49852075.1
1714593600000,0.763,0.786,0.758,0.781,17648404.4
1714608000000,0.782,0.783,0.759,0.779,21809903.1
1714622400000,0.779,0.787,0.771,0.772,17575034.5
1714636800000,0.773,0.8,0.771,0.797,16926001.8
1714651200000,0.797,0.803,0.787,0.798,18663414.1
1714665600000,0.798,0.824,0.798,0.819,19525812.3
1714680000000,0.819,0.832,0.814,0.815,16470786.1
1714694400000,0.815,0.824,0.813,0.816,12887733.4
1714708800000,0.815,0.818,0.807,0.815,11969760.9
1714723200000,0.814,0.816,0.8,0.805,11683402.1
1714737600000,0.804,0.835,0.803,0.832,31417547.8
1714752000000,0.831,0.833,0.825,0.829,9542813.4
1714766400000,0.829,0.84,0.826,0.827,9294951.1
1714780800000,0.827,0.831,0.817,0.823,11194455.7
1714795200000,0.823,0.826,0.817,0.817,7604464.4
1714809600000,0.817,0.835,0.817,0.821,14205852.5
1714824000000,0.821,0.83,0.816,0.821,13996793.9
1714838400000,0.822,0.828,0.818,0.821,9751839.1
1714852800000,0.821,0.825,0.812,0.815,8121424.5
1714867200000,0.816,0.82,0.806,0.81,18964599.1
1714881600000,0.81,0.814,0.805,0.811,7216319.5
1714896000000,0.811,0.818,0.809,0.814,9007058.4
1714910400000,0.815,0.829,0.808,0.826,11979011.2
1714924800000,0.827,0.831,0.817,0.824,8799423.6
1714939200000,0.824,0.828,0.816,0.822,7675942.8
1714953600000,0.822,0.83,0.815,0.821,9321011.8
1714968000000,0.821,0.842,0.818,0.838,11710522.1
1714982400000,0.838,0.849,0.824,0.832,23000149.5
1714996800000,0.832,0.835,0.814,0.832,29430467.6
1715011200000,0.833,0.846,0.82,0.829,19069620.2
1715025600000,0.829,0.832,0.815,0.817,7985016.7
1715040000000,0.816,0.822,0.8,0.808,19568595.7
1715054400000,0.809,0.811,0.8,0.805,12764785.3
1715068800000,0.805,0.819,0.804,0.809,14543630.4
1715083200000,0.81,0.824,0.807,0.815,14153286.9
1715097600000,0.816,0.817,0.802,0.806,10902913.3
1715112000000,0.807,0.808,0.786,0.792,16638452.6
1715126400000,0.793,0.797,0.783,0.794,12325587.8
1715140800000,0.795,0.797,0.782,0.784,12336930.2
1715155200000,0.785,0.791,0.779,0.783,12022446.3
1715169600000,0.783,0.814,0.777,0.811,19486420.1
1715184000000,0.811,0.812,0.797,0.804,11166168.3
1715198400000,0.804,0.808,0.789,0.796,17754776.8
1715212800000,0.796,0.809,0.792,0.803,12473399.2
1715227200000,0.803,0.809,0.795,0.798,11389499.7
1715241600000,0.799,0.803,0.787,0.802,12932653.7
1715256000000,0.802,0.813,0.796,0.807,15073415.6
1715270400000,0.806,0.812,0.8,0.811,8112201.2
1715284800000,0.812,0.824,0.809,0.816,8695982.6
1715299200000,0.816,0.824,0.814,0.818,8310317.5
1715313600000,0.817,0.826,0.816,0.824,7800745.8
1715328000000,0.824,0.831,0.821,0.829,8008180.3
1715342400000,0.83,0.835,0.798,0.803,33353528.4
1715356800000,0.803,0.809,0.783,0.788,20920369.9
1715371200000,0.788,0.796,0.779,0.789,13895078.0
1715385600000,0.79,0.798,0.785,0.787,11879203.4
1715400000000,0.788,0.796,0.787,0.79,7444960.3
1715414400000,0.791,0.792,0.778,0.784,9501240.2
1715428800000,0.783,0.794,0.781,0.787,10377635.3
1715443200000,0.787,0.791,0.78,0.783,6840752.6
1715457600000,0.783,0.783,0.775,0.781,6625290.7
1715472000000,0.781,0.786,0.778,0.783,5317852.3
1715486400000,0.782,0.787,0.777,0.781,6368139.5
1715500800000,0.781,0.79,0.777,0.786,6836641.2
1715515200000,0.786,0.788,0.782,0.786,5556411.3
1715529600000,0.787,0.79,0.773,0.777,8376095.7
1715544000000,0.776,0.778,0.766,0.776,8293385.5
1715558400000,0.775,0.783,0.749,0.758,30915618.6
1715572800000,0.758,0.779,0.752,0.777,15230971.8
1715587200000,0.776,0.788,0.775,0.779,14913489.9
1715601600000,0.779,0.785,0.773,0.782,13191082.2
1715616000000,0.783,0.79,0.767,0.779,14010580.8
1715630400000,0.778,0.791,0.775,0.786,14085696.8
1715644800000,0.786,0.791,0.773,0.781,13275616.4
1715659200000,0.781,0.795,0.769,0.776,21420413.3
1715673600000,0.776,0.779,0.769,0.773,11026907.8
1715688000000,0.774,0.78,0.76,0.777,21539878.6
1715702400000,0.777,0.778,0.76,0.766,13310207.9
1715716800000,0.765,0.767,0.753,0.756,8932013.3
1715731200000,0.757,0.762,0.748,0.761,12173965.7
1715745600000,0.761,0.765,0.747,0.755,16256506.5
1715760000000,0.755,0.767,0.748,0.759,16110391.2
1715774400000,0.758,0.792,0.757,0.788,31413681.3
1715788800000,0.788,0.801,0.782,0.801,14206430.4
1715803200000,0.801,0.802,0.792,0.801,12774279.3
1715817600000,0.801,0.804,0.793,0.801,10335661.5
1715832000000,0.8,0.806,0.798,0.803,10669310.8
1715846400000,0.802,0.806,0.796,0.805,11692603.5
1715860800000,0.805,0.806,0.789,0.798,25646834.1
1715875200000,0.798,0.808,0.797,0.803,14948155.4
1715889600000,0.803,0.806,0.793,0.805,9250470.6
1715904000000,0.804,0.806,0.796,0.8,7790780.4
1715918400000,0.8,0.819,0.797,0.817,10749654.5
1715932800000,0.816,0.822,0.811,0.818,13440692.1
1715947200000,0.818,0.827,0.812,0.824,15592656.4
1715961600000,0.825,0.83,0.815,0.822,12160226.0
1715976000000,0.822,0.826,0.819,0.82,5471788.4
1715990400000,0.821,0.825,0.815,0.823,10437537.7
1716004800000,0.823,0.824,0.818,0.82,6864168.3
1716019200000,0.819,0.824,0.818,0.82,7177019.5
1716033600000,0.821,0.822,0.807,0.812,15613194.1
1716048000000,0.812,0.818,0.812,0.814,5460069.3
1716062400000,0.815,0.816,0.812,0.813,4247550.6
1716076800000,0.814,0.817,0.809,0.814,7230196.5
1716091200000,0.815,0.815,0.804,0.81,6992978.2
1716105600000,0.811,0.811,0.798,0.802,11149144.6
1716120000000,0.802,0.802,0.786,0.791,16332802.2
1716134400000,0.791,0.792,0.783,0.786,10808850.3
1716148800000,0.785,0.788,0.778,0.784,6758017.6
1716163200000,0.783,0.79,0.777,0.788,13401519.8
1716177600000,0.788,0.804,0.78,0.795,16477469.4
1716192000000,0.795,0.799,0.791,0.793,10526777.6
1716206400000,0.792,0.796,0.786,0.794,9807106.8
1716220800000,0.795,0.844,0.794,0.838,35260797.8
1716235200000,0.837,0.856,0.833,0.852,25643111.2
1716249600000,0.853,0.86,0.838,0.841,15213059.3
1716264000000,0.841,0.868,0.841,0.867,17828743.4
1716278400000,0.867,0.879,0.862,0.872,19834846.3
1716292800000,0.871,0.889,0.862,0.866,29790519.0
1716307200000,0.866,0.878,0.859,0.868,19696253.8
1716321600000,0.867,0.876,0.865,0.87,8716772.6
1716336000000,0.87,0.871,0.857,0.86,9101901.0
1716350400000,0.86,0.862,0.843,0.857,13614510.8
1716364800000,0.857,0.863,0.847,0.848,10068202.2
1716379200000,0.848,0.859,0.834,0.856,22744859.7
1716393600000,0.856,0.86,0.84,0.847,13250468.3
1716408000000,0.846,0.852,0.839,0.844,8057613.1
1716422400000,0.845,0.853,0.843,0.851,8087421.2
1716436800000,0.851,0.858,0.847,0.855,6370043.6
1716451200000,0.854,0.856,0.838,0.851,9429127.5
1716465600000,0.851,0.858,0.806,0.824,46266215.9
1716480000000,0.824,0.826,0.805,0.814,20698561.1
1716494400000,0.814,0.824,0.774,0.823,47138847.2
1716508800000,0.822,0.833,0.82,0.829,10541477.0
1716523200000,0.829,0.835,0.81,0.822,16682620.0
1716537600000,0.822,0.831,0.809,0.829,10149015.7
1716552000000,0.829,0.847,0.826,0.835,15416967.5
1716566400000,0.836,0.844,0.828,0.836,8631588.7
1716580800000,0.837,0.845,0.836,0.842,5896840.1
1716595200000,0.842,0.855,0.837,0.854,9629364.9
1716609600000,0.854,0.864,0.851,0.855,8193752.7
1716624000000,0.854,0.862,0.852,0.855,7571804.5
1716638400000,0.856,0.857,0.842,0.852,12484041.1
1716652800000,0.852,0.854,0.847,0.849,5763795.9
1716667200000,0.849,0.851,0.844,0.85,4722180.1
1716681600000,0.849,0.852,0.841,0.847,6935829.1
1716696000000,0.847,0.848,0.84,0.842,5674867.1
1716710400000,0.842,0.845,0.833,0.837,8152299.7
1716724800000,0.837,0.842,0.829,0.834,8900957.3
1716739200000,0.834,0.839,0.83,0.833,6636988.1
1716753600000,0.834,0.835,0.821,0.831,6474694.7
1716768000000,0.831,0.84,0.83,0.834,6686775.8
1716782400000,0.834,0.837,0.823,0.825,9189421.1
1716796800000,0.825,0.833,0.824,0.832,8511680.4
1716811200000,0.832,0.848,0.83,0.845,15256938.1
1716825600000,0.845,0.852,0.831,0.836,13633968.2
1716840000000,0.837,0.849,0.835,0.841,10202862.8
1716854400000,0.841,0.842,0.811,0.817,31945267.3
1716868800000,0.816,0.818,0.8,0.802,24252224.9
1716883200000,0.802,0.819,0.8,0.813,16104015.5
1716897600000,0.813,0.815,0.798,0.811,22376837.1
1716912000000,0.812,0.813,0.8,0.812,12912990.5
1716926400000,0.812,0.824,0.805,0.808,19966084.9
1716940800000,0.809,0.819,0.807,0.814,8827856.1
1716955200000,0.815,0.825,0.812,0.814,11867063.9
1716969600000,0.814,0.824,0.804,0.816,19761757.4
1716984000000,0.816,0.821,0.804,0.806,25112026.9
1716998400000,0.807,0.822,0.804,0.812,15231189.5
1717012800000,0.812,0.815,0.803,0.807,9589197.1
1717027200000,0.807,0.82,0.805,0.818,8169307.5
1717041600000,0.818,0.82,0.786,0.791,21156814.0
1717056000000,0.791,0.805,0.784,0.804,14136783.9
1717070400000,0.804,0.816,0.801,0.813,17460409.2
1717084800000,0.814,0.825,0.812,0.817,12324140.9
1717099200000,0.816,0.817,0.807,0.81,10572264.3
1717113600000,0.81,0.829,0.802,0.814,22663403.2
1717128000000,0.815,0.818,0.801,0.81,13771073.1
1717142400000,0.81,0.82,0.807,0.817,12951380.5
1717156800000,0.818,0.827,0.801,0.803,27095445.3
1717171200000,0.803,0.82,0.795,0.817,17212580.3
1717185600000,0.817,0.82,0.811,0.815,10195789.2
1717200000000,0.814,0.817,0.81,0.811,10179212.4
1717214400000,0.811,0.814,0.805,0.807,7198250.5
1717228800000,0.806,0.812,0.804,0.81,8059858.2
1717243200000,0.81,0.817,0.809,0.813,6920503.6
1717257600000,0.813,0.816,0.805,0.806,7561331.7
1717272000000,0.807,0.811,0.806,0.809,7526858.7
1717286400000,0.809,0.817,0.808,0.815,11581697.0
1717300800000,0.814,0.819,0.809,0.81,10105967.3
1717315200000,0.81,0.814,0.804,0.814,14925699.7
1717329600000,0.814,0.818,0.81,0.812,12015780.4
1717344000000,0.813,0.814,0.793,0.799,21701770.1
1717358400000,0.799,0.803,0.793,0.8,10059675.5
1717372800000,0.8,0.817,0.791,0.812,24241956.2
1717387200000,0.812,0.824,0.806,0.821,23249600.8
1717401600000,0.821,0.826,0.816,0.819,13312332.3
1717416000000,0.819,0.822,0.804,0.816,21180734.3
1717430400000,0.816,0.818,0.807,0.813,10419856.5
1717444800000,0.813,0.816,0.8,0.801,9052627.6
1717459200000,0.802,0.802,0.797,0.8,11162842.1
1717473600000,0.8,0.802,0.788,0.791,15171391.7
1717488000000,0.791,0.796,0.786,0.792,14635175.9
1717502400000,0.791,0.807,0.789,0.806,19850561.8
1717516800000,0.806,0.812,0.802,0.808,15760442.1
1717531200000,0.808,0.815,0.806,0.813,9587102.6
1717545600000,0.814,0.815,0.808,0.811,13448292.1
1717560000000,0.811,0.818,0.802,0.813,18913820.7
1717574400000,0.813,0.815,0.808,0.813,10591165.2
1717588800000,0.813,0.813,0.8,0.812,24597180.6
1717603200000,0.812,0.816,0.806,0.81,14814280.9
1717617600000,0.809,0.811,0.805,0.808,7773212.1
1717632000000,0.808,0.809,0.799,0.8,8702415.3
1717646400000,0.799,0.801,0.79,0.792,15469980.0
1717660800000,0.793,0.798,0.792,0.796,9134914.8
1717675200000,0.797,0.801,0.792,0.798,18334336.0
1717689600000,0.798,0.799,0.78,0.783,22830078.0
1717704000000,0.782,0.789,0.774,0.786,14477175.0
1717718400000,0.786,0.787,0.778,0.786,12042422.7
1717732800000,0.787,0.803,0.786,0.793,13864970.9
1717747200000,0.792,0.799,0.787,0.798,12539548.9
1717761600000,0.799,0.803,0.783,0.799,32329724.7
1717776000000,0.799,0.8,0.658,0.717,94912791.4
1717790400000,0.717,0.73,0.714,0.728,17281019.9
1717804800000,0.728,0.734,0.721,0.731,12107986.0
1717819200000,0.731,0.732,0.722,0.723,10287446.4
1717833600000,0.723,0.724,0.704,0.707,17613587.6
1717848000000,0.707,0.711,0.692,0.701,35612491.1
1717862400000,0.701,0.704,0.691,0.698,15448769.7
1717876800000,0.698,0.703,0.695,0.7,9104606.4
1717891200000,0.7,0.708,0.698,0.704,12821901.6
1717905600000,0.704,0.706,0.698,0.705,9420630.4
1717920000000,0.705,0.71,0.703,0.707,7839373.5
1717934400000,0.707,0.712,0.704,0.709,11587016.0
1717948800000,0.709,0.714,0.706,0.712,7493492.2
1717963200000,0.711,0.712,0.707,0.711,4735420.7
1717977600000,0.711,0.712,0.705,0.707,7743602.1
1717992000000,0.707,0.708,0.695,0.697,18729921.4
1718006400000,0.697,0.715,0.697,0.711,13056959.7
1718020800000,0.71,0.718,0.702,0.715,16706463.2
1718035200000,0.715,0.716,0.706,0.708,15037238.0
1718049600000,0.707,0.709,0.701,0.706,7833496.7
1718064000000,0.706,0.708,0.677,0.695,33817666.9
1718078400000,0.694,0.696,0.682,0.691,18697053.7
1718092800000,0.69,0.697,0.688,0.689,11668815.8
1718107200000,0.69,0.693,0.659,0.673,37393523.3
1718121600000,0.673,0.686,0.667,0.684,19401743.4
1718136000000,0.684,0.685,0.681,0.682,6187647.0
1718150400000,0.683,0.688,0.67,0.686,13613222.7
1718164800000,0.686,0.691,0.683,0.691,7646731.7
1718179200000,0.69,0.701,0.687,0.692,15683199.7
1718193600000,0.691,0.715,0.691,0.708,32882811.3
1718208000000,0.708,0.71,0.687,0.692,38498973.1
1718222400000,0.692,0.704,0.688,0.703,8940056.9
1718236800000,0.702,0.705,0.682,0.692,19375667.3
1718251200000,0.691,0.695,0.684,0.689,7847675.1
1718265600000,0.69,0.692,0.683,0.685,10066116.6
1718280000000,0.686,0.694,0.673,0.677,25808474.9
1718294400000,0.676,0.686,0.672,0.681,12169133.7
1718308800000,0.682,0.683,0.67,0.675,9190117.2
1718323200000,0.675,0.679,0.667,0.676,18263635.8
1718337600000,0.676,0.684,0.675,0.681,9531086.3
1718352000000,0.681,0.685,0.679,0.683,8569645.3
1718366400000,0.683,0.684,0.666,0.669,17308378.8
1718380800000,0.669,0.671,0.629,0.636,49387101.6
1718395200000,0.636,0.654,0.636,0.647,13697998.6
1718409600000,0.648,0.656,0.646,0.655,10672251.5
1718424000000,0.656,0.661,0.653,0.657,8151955.3
1718438400000,0.656,0.657,0.65,0.656,8237900.2
1718452800000,0.655,0.663,0.655,0.659,9032874.9
1718467200000,0.659,0.663,0.657,0.661,8387838.1
1718481600000,0.662,0.663,0.657,0.662,5421939.6
1718496000000,0.662,0.663,0.655,0.657,8107006.2
1718510400000,0.657,0.665,0.652,0.663,8844481.5
1718524800000,0.662,0.664,0.656,0.66,6577389.3
1718539200000,0.659,0.664,0.656,0.658,8842188.5
1718553600000,0.658,0.658,0.65,0.653,8015211.6
1718568000000,0.653,0.658,0.651,0.654,10687007.4
1718582400000,0.653,0.658,0.638,0.642,25639563.3
1718596800000,0.641,0.646,0.632,0.64,21559079.1
1718611200000,0.639,0.642,0.617,0.621,42744302.7
1718625600000,0.621,0.627,0.615,0.617,26841500.7
1718640000000,0.618,0.636,0.595,0.631,41228546.5
1718654400000,0.632,0.632,0.614,0.615,20630021.8
1718668800000,0.615,0.618,0.521,0.568,88307748.5
1718683200000,0.568,0.569,0.557,0.561,19306857.9
1718697600000,0.56,0.565,0.547,0.553,21725059.4
1718712000000,0.553,0.557,0.533,0.548,54793148.2
1718726400000,0.548,0.551,0.534,0.546,31232803.3
1718740800000,0.546,0.558,0.541,0.554,18826701.2
1718755200000,0.554,0.571,0.55,0.568,24416703.3
1718769600000,0.567,0.578,0.566,0.576,18602435.0
1718784000000,0.575,0.577,0.56,0.563,23276779.2
1718798400000,0.564,0.569,0.56,0.567,14791481.4
1718812800000,0.567,0.577,0.565,0.572,14844552.5
1718827200000,0.572,0.576,0.564,0.569,10395199.3
1718841600000,0.57,0.578,0.566,0.575,20381082.6
1718856000000,0.575,0.591,0.572,0.589,16061649.9
1718870400000,0.589,0.594,0.582,0.588,14102137.1
1718884800000,0.588,0.588,0.566,0.568,25171389.9
1718899200000,0.568,0.578,0.561,0.577,15130708.9
1718913600000,0.576,0.577,0.571,0.572,6349659.7
1718928000000,0.573,0.581,0.566,0.577,15587716.7
1718942400000,0.576,0.58,0.571,0.574,11856143.6
1718956800000,0.573,0.582,0.565,0.581,18861620.8
1718971200000,0.58,0.582,0.568,0.573,24879504.3
1718985600000,0.573,0.575,0.56,0.571,16707177.1
1719000000000,0.57,0.575,0.566,0.567,8426961.5
1719014400000,0.566,0.567,0.558,0.564,11435075.1
1719028800000,0.564,0.567,0.562,0.564,7453729.2
1719043200000,0.564,0.57,0.56,0.567,7898214.3
1719057600000,0.568,0.579,0.564,0.578,9275474.0
1719072000000,0.577,0.578,0.573,0.575,6766442.5
1719086400000,0.574,0.576,0.571,0.574,5544294.2
1719100800000,0.574,0.58,0.572,0.578,6758825.3
1719115200000,0.579,0.579,0.573,0.576,5815836.6
1719129600000,0.576,0.577,0.569,0.571,9008163.1
1719144000000,0.571,0.572,0.56,0.564,13810694.5
1719158400000,0.564,0.568,0.554,0.567,16490117.0
1719172800000,0.566,0.569,0.554,0.559,21452772.2
1719187200000,0.559,0.565,0.554,0.558,19201226.1
1719201600000,0.559,0.56,0.544,0.554,23951124.9
1719216000000,0.554,0.564,0.524,0.552,48265208.0
1719230400000,0.551,0.56,0.547,0.549,27011878.9
1719244800000,0.55,0.563,0.548,0.554,31861207.7
1719259200000,0.554,0.571,0.548,0.57,19362989.5
1719273600000,0.57,0.575,0.565,0.572,12293327.9
1719288000000,0.573,0.576,0.569,0.572,10304466.5
1719302400000,0.573,0.58,0.571,0.577,10276988.2
1719316800000,0.576,0.58,0.573,0.577,13573385.2
1719331200000,0.577,0.585,0.574,0.581,13921066.1
1719345600000,0.58,0.581,0.573,0.577,5787282.8
1719360000000,0.577,0.581,0.572,0.575,9838873.0
1719374400000,0.574,0.578,0.572,0.578,8714584.0
1719388800000,0.578,0.579,0.574,0.578,8625297.0
1719403200000,0.577,0.579,0.567,0.57,14639031.1
1719417600000,0.57,0.577,0.563,0.576,14869496.7
1719432000000,0.576,0.581,0.574,0.575,6713451.2
1719446400000,0.576,0.576,0.569,0.574,13277326.8
1719460800000,0.574,0.574,0.565,0.567,13732847.5
1719475200000,0.567,0.591,0.566,0.581,32150308.7
1719489600000,0.581,0.588,0.578,0.582,23292190.2
1719504000000,0.582,0.588,0.578,0.586,14541437.0
1719518400000,0.585,0.59,0.585,0.59,5368044.1
1719532800000,0.589,0.592,0.583,0.586,13670970.9
1719547200000,0.585,0.588,0.581,0.585,9832543.6
1719561600000,0.585,0.596,0.583,0.593,14483711.3
1719576000000,0.592,0.6,0.589,0.595,29827686.0
1719590400000,0.595,0.598,0.587,0.595,21343129.8
1719604800000,0.594,0.598,0.586,0.587,13983815.3
1719619200000,0.588,0.594,0.581,0.59,15016005.9
1719633600000,0.591,0.591,0.582,0.584,10549547.5
1719648000000,0.584,0.585,0.576,0.579,11031868.9
1719662400000,0.579,0.58,0.571,0.573,9075137.8
1719676800000,0.573,0.574,0.564,0.569,14697694.4
1719691200000,0.568,0.571,0.563,0.566,10589570.2
1719705600000,0.566,0.569,0.56,0.565,16403498.4
1719720000000,0.565,0.577,0.558,0.574,17589337.8
1719734400000,0.573,0.576,0.568,0.57,13305226.6
1719748800000,0.569,0.575,0.565,0.574,13918470.2
1719763200000,0.574,0.575,0.568,0.571,14071389.1
1719777600000,0.571,0.581,0.568,0.578,10389496.2
1719792000000,0.577,0.588,0.574,0.582,16329374.8
1719806400000,0.583,0.585,0.577,0.581,11678287.7
1719820800000,0.581,0.584,0.576,0.581,19427548.3
1719835200000,0.581,0.583,0.573,0.581,20369171.4
1719849600000,0.58,0.588,0.578,0.584,13098823.8
1719864000000,0.584,0.585,0.574,0.577,7734585.2
1719878400000,0.578,0.587,0.574,0.584,11495548.7
1719892800000,0.584,0.588,0.577,0.58,13095184.2
1719907200000,0.579,0.584,0.578,0.582,12440287.1
1719921600000,0.581,0.588,0.576,0.579,26381323.8
1719936000000,0.58,0.585,0.575,0.585,15011151.2
1719950400000,0.584,0.587,0.582,0.584,8272639.5
1719964800000,0.584,0.586,0.568,0.576,27108727.4
1719979200000,0.575,0.58,0.57,0.58,13471965.7
1719993600000,0.58,0.584,0.568,0.574,27770238.6
1720008000000,0.573,0.574,0.563,0.571,31144163.5
1720022400000,0.57,0.573,0.552,0.559,26225138.0
1720036800000,0.559,0.564,0.553,0.56,13955258.1
1720051200000,0.56,0.565,0.533,0.549,58304816.8
1720065600000,0.549,0.552,0.54,0.544,23384923.5
1720080000000,0.545,0.546,0.534,0.536,35554609.6
1720094400000,0.536,0.537,0.514,0.525,60354364.5
1720108800000,0.525,0.526,0.508,0.514,38715343.9
1720123200000,0.515,0.519,0.494,0.5,49567279.7
1720137600000,0.501,0.501,0.44,0.451,154746546.8
1720152000000,0.451,0.465,0.439,0.454,52365608.7
1720166400000,0.455,0.467,0.443,0.466,56609284.9
1720180800000,0.467,0.477,0.461,0.477,58178816.4
1720195200000,0.476,0.486,0.473,0.481,34651216.4
1720209600000,0.481,0.483,0.476,0.479,23584472.8
1720224000000,0.48,0.493,0.477,0.484,31902326.9
1720238400000,0.484,0.494,0.481,0.49,21940829.0
1720252800000,0.491,0.499,0.487,0.497,19420135.3
1720267200000,0.498,0.508,0.492,0.505,26498099.9
1720281600000,0.505,0.526,0.504,0.517,31873973.2
1720296000000,0.517,0.527,0.515,0.52,17579174.8
1720310400000,0.521,0.523,0.514,0.519,26003959.1
1720324800000,0.518,0.521,0.511,0.517,22440288.1
1720339200000,0.516,0.522,0.511,0.512,24990466.2
1720353600000,0.513,0.515,0.495,0.503,58949643.4
1720368000000,0.503,0.514,0.503,0.505,34503418.7
1720382400000,0.505,0.507,0.487,0.491,35040317.5
1720396800000,0.491,0.493,0.469,0.486,76307656.4
1720411200000,0.486,0.495,0.484,0.489,45537950.0
1720425600000,0.49,0.52,0.488,0.516,57979254.1
1720440000000,0.516,0.519,0.492,0.502,90110962.6
1720454400000,0.502,0.514,0.497,0.512,30132212.5
1720468800000,0.512,0.515,0.508,0.512,20106173.2
1720483200000,0.511,0.519,0.507,0.515,34276030.4
1720497600000,0.515,0.52,0.511,0.515,22636099.1
1720512000000,0.516,0.523,0.514,0.516,27106019.5
1720526400000,0.516,0.527,0.512,0.525,41137320.4
1720540800000,0.525,0.535,0.518,0.523,32265113.5
1720555200000,0.523,0.526,0.518,0.522,16187915.8
1720569600000,0.522,0.522,0.514,0.519,29104111.9
1720584000000,0.519,0.53,0.519,0.522,28757445.4
1720598400000,0.522,0.525,0.518,0.519,22758996.6
1720612800000,0.519,0.526,0.515,0.525,31717902.3
1720627200000,0.524,0.528,0.52,0.523,19314193.3
1720641600000,0.522,0.525,0.519,0.523,10090551.1
1720656000000,0.523,0.532,0.518,0.523,30736270.6
1720670400000,0.524,0.53,0.523,0.526,22687361.9
1720684800000,0.527,0.533,0.525,0.531,16779511.8
1720699200000,0.532,0.542,0.523,0.526,57670515.7
1720713600000,0.525,0.533,0.521,0.528,19595545.8
1720728000000,0.528,0.528,0.517,0.519,31779060.9
1720742400000,0.52,0.526,0.515,0.522,36900010.9
1720756800000,0.522,0.523,0.516,0.519,23500486.7
1720771200000,0.519,0.522,0.512,0.517,31129766.6
1720785600000,0.518,0.526,0.517,0.523,23262451.7
1720800000000,0.522,0.527,0.52,0.522,15737085.9
1720814400000,0.522,0.526,0.517,0.524,12098153.4
1720828800000,0.524,0.528,0.522,0.527,12345779.3
1720843200000,0.527,0.542,0.526,0.542,20754266.1
1720857600000,0.541,0.542,0.535,0.538,15525557.9
1720872000000,0.538,0.547,0.535,0.542,13933333.1
1720886400000,0.542,0.547,0.54,0.546,15993888.2
1720900800000,0.546,0.552,0.543,0.547,23734787.3
1720915200000,0.548,0.551,0.545,0.547,16704180.6
1720929600000,0.546,0.552,0.544,0.548,16257689.3
1720944000000,0.547,0.552,0.546,0.548,14101539.3
1720958400000,0.548,0.554,0.543,0.554,21404625.7
1720972800000,0.553,0.565,0.553,0.562,16564181.4
1720987200000,0.562,0.58,0.561,0.576,29284023.7
1721001600000,0.577,0.586,0.574,0.581,39051902.2
1721016000000,0.581,0.583,0.576,0.581,21918553.2
1721030400000,0.581,0.583,0.576,0.578,17778316.0
1721044800000,0.578,0.582,0.572,0.574,27757009.1
1721059200000,0.573,0.582,0.572,0.579,29943213.8
1721073600000,0.579,0.594,0.578,0.591,26225011.7
1721088000000,0.591,0.605,0.586,0.6,30141154.7
1721102400000,0.6,0.602,0.582,0.583,42836397.0
1721116800000,0.583,0.588,0.577,0.581,33994942.3
1721131200000,0.581,0.605,0.575,0.603,33049946.1
1721145600000,0.604,0.609,0.596,0.605,22972710.4
1721160000000,0.604,0.605,0.594,0.597,13938159.4
1721174400000,0.597,0.612,0.597,0.599,17819794.7
1721188800000,0.599,0.611,0.599,0.608,13640067.9
1721203200000,0.609,0.616,0.601,0.614,26211263.7
1721217600000,0.615,0.623,0.612,0.612,35032724.3
1721232000000,0.612,0.622,0.604,0.614,37673579.3
1721246400000,0.613,0.615,0.599,0.6,15471212.4
1721260800000,0.6,0.611,0.6,0.609,18569796.5
1721275200000,0.61,0.611,0.6,0.6,19323743.1
1721289600000,0.601,0.611,0.593,0.607,27931536.7
1721304000000,0.606,0.611,0.583,0.585,39434302.4
1721318400000,0.585,0.589,0.572,0.578,36698900.0
1721332800000,0.578,0.587,0.576,0.587,17309926.8
1721347200000,0.587,0.592,0.574,0.59,31451304.6
1721361600000,0.59,0.592,0.581,0.584,21467141.0
1721376000000,0.584,0.588,0.579,0.587,23522761.0
1721390400000,0.587,0.6,0.586,0.598,27282347.1
1721404800000,0.597,0.611,0.597,0.609,22673103.7
1721419200000,0.609,0.613,0.606,0.608,7392235.3
1721433600000,0.607,0.611,0.602,0.61,9359220.6
1721448000000,0.61,0.615,0.607,0.608,7099972.0
1721462400000,0.608,0.61,0.602,0.604,8311818.3
1721476800000,0.604,0.613,0.599,0.611,17527162.6
1721491200000,0.61,0.615,0.605,0.608,14164049.8
1721505600000,0.607,0.611,0.604,0.608,7602878.0
1721520000000,0.609,0.62,0.607,0.611,13035261.0
1721534400000,0.61,0.611,0.603,0.608,12414559.9
1721548800000,0.607,0.61,0.604,0.606,8044827.7
1721563200000,0.606,0.609,0.6,0.605,17481081.4
1721577600000,0.604,0.61,0.582,0.599,44621505.4
1721592000000,0.599,0.614,0.598,0.607,17408082.8
1721606400000,0.607,0.612,0.602,0.603,16032023.0
1721620800000,0.603,0.605,0.586,0.589,27527384.6
1721635200000,0.589,0.597,0.587,0.595,21146627.1
1721649600000,0.595,0.597,0.584,0.59,37486623.3
1721664000000,0.589,0.594,0.588,0.593,17382944.0
1721678400000,0.594,0.595,0.577,0.582,20826618.3
1721692800000,0.582,0.593,0.58,0.587,17692156.5
1721707200000,0.587,0.587,0.571,0.577,28677297.3
1721721600000,0.577,0.588,0.575,0.584,31701768.8
1721736000000,0.584,0.596,0.577,0.586,45766830.9
1721750400000,0.586,0.588,0.563,0.58,40687071.1
1721764800000,0.579,0.587,0.578,0.579,18042583.1
1721779200000,0.58,0.586,0.571,0.585,22462425.1
1721793600000,0.585,0.595,0.582,0.591,17815522.3
1721808000000,0.591,0.598,0.583,0.596,18519409.6
1721822400000,0.596,0.608,0.593,0.597,30649290.2
1721836800000,0.598,0.606,0.594,0.602,32546589.4
1721851200000,0.602,0.605,0.585,0.588,27386211.2
1721865600000,0.589,0.595,0.566,0.571,54509368.1
1721880000000,0.57,0.573,0.561,0.563,17219454.7
1721894400000,0.563,0.573,0.557,0.571,21565785.4
1721908800000,0.571,0.583,0.561,0.562,37188677.8
1721923200000,0.563,0.57,0.543,0.546,32578870.6
1721937600000,0.546,0.561,0.535,0.557,26567134.7
1721952000000,0.556,0.571,0.554,0.564,26082170.9
1721966400000,0.563,0.573,0.563,0.569,12469496.1
1721980800000,0.57,0.573,0.565,0.568,9149346.0
1721995200000,0.569,0.574,0.565,0.573,21982772.0
1722009600000,0.574,0.579,0.57,0.575,17549751.3
1722024000000,0.575,0.579,0.571,0.578,8921300.8
1722038400000,0.579,0.579,0.573,0.575,6418650.7
1722052800000,0.575,0.582,0.575,0.579,6025347.2
1722067200000,0.58,0.582,0.576,0.578,6187971.7
1722081600000,0.578,0.584,0.574,0.577,16092289.7
1722096000000,0.578,0.582,0.569,0.578,19094837.0
1722110400000,0.579,0.587,0.567,0.58,26946402.5
1722124800000,0.579,0.583,0.575,0.578,10993233.8
1722139200000,0.578,0.58,0.569,0.572,10301550.5
1722153600000,0.572,0.575,0.57,0.573,7136855.1
1722168000000,0.572,0.574,0.565,0.566,9227569.5
1722182400000,0.567,0.571,0.562,0.569,11636222.3
1722196800000,0.569,0.57,0.562,0.565,11096358.4
1722211200000,0.565,0.582,0.565,0.575,22153664.2
1722225600000,0.575,0.584,0.573,0.583,11228368.2
1722240000000,0.583,0.586,0.58,0.583,15299798.2
1722254400000,0.583,0.588,0.572,0.574,33251493.6
1722268800000,0.574,0.6,0.568,0.579,62745125.6
1722283200000,0.58,0.585,0.565,0.573,26555491.7
1722297600000,0.574,0.585,0.568,0.569,28382145.5
1722312000000,0.569,0.582,0.568,0.574,20472777.5
1722326400000,0.574,0.59,0.571,0.586,23727043.6
1722340800000,0.586,0.587,0.576,0.58,25102941.6
1722355200000,0.581,0.586,0.563,0.566,27252601.2
1722369600000,0.566,0.573,0.557,0.57,22107226.5
1722384000000,0.57,0.586,0.566,0.584,33079082.4
1722398400000,0.584,0.595,0.572,0.593,27377119.4
1722412800000,0.594,0.597,0.587,0.593,27287546.1
1722427200000,0.593,0.605,0.592,0.594,39736972.6
1722441600000,0.594,0.6,0.583,0.586,49412934.2
1722456000000,0.587,0.59,0.579,0.583,36408965.4
1722470400000,0.583,0.588,0.567,0.567,37673682.9
1722484800000,0.568,0.568,0.553,0.555,45670139.9
1722499200000,0.554,0.559,0.552,0.556,33429650.4
1722513600000,0.556,0.56,0.537,0.538,76025151.9
1722528000000,0.538,0.539,0.507,0.519,100138821.4
1722542400000,0.52,0.553,0.515,0.548,58697407.3
1722556800000,0.547,0.556,0.54,0.55,40788605.2
1722571200000,0.55,0.553,0.535,0.542,36147411.0
1722585600000,0.541,0.548,0.534,0.545,25326386.5
1722600000000,0.545,0.555,0.502,0.514,85028978.6
1722614400000,0.515,0.522,0.503,0.512,58970412.1
1722628800000,0.513,0.524,0.505,0.52,48800016.1
1722643200000,0.52,0.526,0.506,0.523,47826731.1
1722657600000,0.524,0.525,0.515,0.518,21201208.3
1722672000000,0.519,0.522,0.515,0.519,16263582.0
1722686400000,0.519,0.524,0.502,0.503,21789576.0
1722700800000,0.503,0.505,0.481,0.484,71496013.5
1722715200000,0.484,0.499,0.483,0.496,25244645.3
1722729600000,0.496,0.505,0.493,0.501,23736620.2
1722744000000,0.502,0.514,0.5,0.507,19318032.0
1722758400000,0.507,0.511,0.501,0.502,18752345.1
1722772800000,0.502,0.504,0.476,0.48,38186305.1
1722787200000,0.479,0.486,0.458,0.482,74561581.4
1722801600000,0.483,0.488,0.47,0.471,34257367.0
1722816000000,0.471,0.476,0.4,0.426,178105516.7
1722830400000,0.425,0.441,0.398,0.435,169666780.0
1722844800000,0.435,0.439,0.409,0.425,111019233.4
1722859200000,0.425,0.458,0.408,0.454,155757432.9
1722873600000,0.454,0.461,0.434,0.441,77790049.2
1722888000000,0.44,0.452,0.438,0.445,39578149.4
1722902400000,0.444,0.466,0.444,0.458,46450036.8
1722916800000,0.457,0.469,0.456,0.466,31470021.4
1722931200000,0.466,0.466,0.449,0.452,37930804.1
1722945600000,0.452,0.469,0.445,0.465,60695529.8
1722960000000,0.464,0.469,0.459,0.46,33229580.5
1722974400000,0.461,0.467,0.456,0.459,34154712.9
1722988800000,0.46,0.472,0.455,0.466,40928619.0
1723003200000,0.466,0.47,0.457,0.46,28965992.8
1723017600000,0.459,0.463,0.454,0.455,34746151.2
1723032000000,0.455,0.461,0.439,0.447,57170284.7
1723046400000,0.448,0.448,0.436,0.441,45736438.2
1723060800000,0.441,0.453,0.437,0.447,53546331.8
1723075200000,0.448,0.468,0.439,0.461,51633529.1
1723089600000,0.462,0.468,0.459,0.464,24675334.1
1723104000000,0.463,0.468,0.461,0.465,18301681.0
1723118400000,0.465,0.475,0.46,0.474,48469425.4
1723132800000,0.475,0.48,0.473,0.474,22175874.9
1723147200000,0.473,0.492,0.473,0.488,34399302.0
1723161600000,0.488,0.489,0.479,0.48,28616540.8
1723176000000,0.48,0.481,0.472,0.477,18867974.9
1723190400000,0.476,0.481,0.47,0.474,21402040.2
1723204800000,0.474,0.478,0.465,0.468,48392687.0
1723219200000,0.468,0.476,0.467,0.474,23890604.7
1723233600000,0.474,0.478,0.469,0.477,22578434.9
1723248000000,0.477,0.48,0.472,0.473,24319931.4
1723262400000,0.474,0.479,0.472,0.478,10369131.9
1723276800000,0.478,0.484,0.477,0.483,10220370.7
1723291200000,0.483,0.486,0.479,0.483,13941120.3
1723305600000,0.482,0.491,0.482,0.488,16031075.1
1723320000000,0.488,0.492,0.487,0.487,12956192.1
1723334400000,0.488,0.491,0.484,0.488,12218768.2
1723348800000,0.489,0.491,0.485,0.489,8631062.2
1723363200000,0.49,0.495,0.482,0.484,17368677.4
1723377600000,0.484,0.486,0.473,0.476,28332409.9
1723392000000,0.477,0.481,0.464,0.467,25753451.6
1723406400000,0.468,0.469,0.46,0.466,37787025.7
1723420800000,0.466,0.474,0.466,0.471,25178966.6
1723435200000,0.472,0.475,0.466,0.473,17789101.2
1723449600000,0.473,0.493,0.473,0.491,22556308.0
1723464000000,0.492,0.501,0.476,0.498,77640166.7
1723478400000,0.497,0.505,0.49,0.495,35944772.8
1723492800000,0.494,0.501,0.485,0.5,27443503.9
1723507200000,0.499,0.501,0.491,0.492,35734352.3
1723521600000,0.492,0.5,0.49,0.497,15813229.8
1723536000000,0.497,0.502,0.491,0.499,15066962.5
1723550400000,0.5,0.52,0.498,0.511,49123119.3
1723564800000,0.512,0.523,0.51,0.518,29324099.2
1723579200000,0.517,0.518,0.504,0.506,22004796.3
1723593600000,0.506,0.508,0.497,0.5,24389828.4
1723608000000,0.501,0.503,0.497,0.499,16976918.8
1723622400000,0.499,0.504,0.498,0.5,18472682.4
1723636800000,0.501,0.508,0.491,0.505,58673404.2
1723651200000,0.505,0.506,0.5,0.501,24567644.9
1723665600000,0.501,0.509,0.498,0.507,15236618.3
1723680000000,0.506,0.508,0.499,0.499,25549491.9
1723694400000,0.499,0.501,0.493,0.499,25814941.6
1723708800000,0.499,0.505,0.497,0.501,13850614.5
1723723200000,0.501,0.514,0.499,0.509,43083282.3
1723737600000,0.509,0.515,0.495,0.504,47753681.6
1723752000000,0.504,0.505,0.486,0.489,35949512.8
1723766400000,0.488,0.492,0.481,0.483,18591759.8
1723780800000,0.483,0.495,0.48,0.492,14390349.2
1723795200000,0.492,0.494,0.484,0.485,10542924.3
1723809600000,0.485,0.489,0.474,0.479,41447024.3
1723824000000,0.48,0.495,0.479,0.494,31315032.0
1723838400000,0.494,0.499,0.49,0.494,10572996.1
1723852800000,0.493,0.497,0.49,0.496,11608711.2
1723867200000,0.496,0.506,0.495,0.5,12051263.1
1723881600000,0.501,0.506,0.497,0.505,10509100.1
1723896000000,0.506,0.507,0.499,0.499,14301913.9
1723910400000,0.499,0.503,0.498,0.5,10249009.8
1723924800000,0.499,0.502,0.498,0.5,7597865.1
1723939200000,0.501,0.502,0.493,0.494,12662991.5
1723953600000,0.493,0.495,0.492,0.492,8938026.9
1723968000000,0.492,0.496,0.49,0.495,11601766.0
1723982400000,0.495,0.5,0.492,0.493,11094781.8
1723996800000,0.493,0.494,0.483,0.489,11205224.0
1724011200000,0.488,0.497,0.488,0.491,14953910.0
1724025600000,0.492,0.497,0.485,0.49,27104477.3
1724040000000,0.489,0.491,0.485,0.489,14371652.4
1724054400000,0.488,0.494,0.486,0.492,19165263.7
1724068800000,0.492,0.495,0.483,0.485,32126967.3
1724083200000,0.485,0.49,0.477,0.484,23998157.2
1724097600000,0.484,0.49,0.482,0.489,13035739.1
1724112000000,0.489,0.499,0.487,0.497,26017130.0
1724126400000,0.498,0.501,0.494,0.495,15057251.7
1724140800000,0.495,0.496,0.493,0.494,9832304.6
1724155200000,0.495,0.498,0.481,0.485,25844962.1
1724169600000,0.486,0.493,0.483,0.492,10458362.9
1724184000000,0.492,0.495,0.49,0.491,7235107.7
1724198400000,0.492,0.497,0.489,0.495,14392387.1
1724212800000,0.495,0.504,0.494,0.503,13498311.5
1724227200000,0.502,0.505,0.499,0.503,18937530.6
1724241600000,0.504,0.512,0.5,0.508,48590285.9
1724256000000,0.508,0.519,0.503,0.515,27485033.8
1724270400000,0.515,0.52,0.514,0.515,12057768.4
1724284800000,0.515,0.516,0.506,0.51,17969498.0
1724299200000,0.511,0.522,0.509,0.518,13133952.3
1724313600000,0.518,0.529,0.516,0.52,30963336.3
1724328000000,0.52,0.522,0.517,0.521,25907615.8
1724342400000,0.521,0.528,0.52,0.526,24547403.2
1724356800000,0.527,0.529,0.525,0.527,8791162.3
1724371200000,0.528,0.53,0.524,0.527,12708812.1
1724385600000,0.527,0.536,0.527,0.534,13915961.4
1724400000000,0.535,0.537,0.527,0.534,19924919.8
1724414400000,0.534,0.54,0.526,0.539,41321102.9
1724428800000,0.539,0.559,0.535,0.557,35924205.5
1724443200000,0.557,0.565,0.55,0.555,22137912.6
1724457600000,0.555,0.56,0.55,0.552,12566817.2
1724472000000,0.552,0.553,0.549,0.551,8138554.5
1724486400000,0.55,0.556,0.548,0.551,9201424.0
1724500800000,0.551,0.558,0.55,0.553,14633918.0
1724515200000,0.553,0.562,0.552,0.558,13904705.8
1724529600000,0.557,0.56,0.545,0.555,21266474.2
1724544000000,0.554,0.556,0.539,0.544,28046582.8
1724558400000,0.545,0.547,0.529,0.533,26996931.3
1724572800000,0.533,0.541,0.53,0.537,22905049.5
1724587200000,0.538,0.547,0.537,0.543,24575048.7
1724601600000,0.543,0.546,0.537,0.538,21521827.8
1724616000000,0.538,0.544,0.533,0.534,21603312.5
1724630400000,0.534,0.539,0.526,0.534,30695431.3
1724644800000,0.534,0.537,0.527,0.53,20213407.1
1724659200000,0.53,0.536,0.528,0.53,22876880.0
1724673600000,0.531,0.532,0.522,0.525,26255543.3
1724688000000,0.526,0.527,0.513,0.516,19687395.0
1724702400000,0.516,0.522,0.513,0.518,16661438.1
1724716800000,0.519,0.524,0.517,0.521,19163829.4
1724731200000,0.52,0.524,0.517,0.519,10811856.3
1724745600000,0.518,0.52,0.508,0.513,24623364.0
1724760000000,0.513,0.519,0.509,0.517,26038151.8
1724774400000,0.517,0.52,0.512,0.514,15658640.4
1724788800000,0.515,0.515,0.48,0.491,46374539.8
1724803200000,0.492,0.492,0.482,0.489,35374256.0
1724817600000,0.489,0.491,0.482,0.482,15960354.8
1724832000000,0.482,0.5,0.479,0.497,31325635.3
1724846400000,0.497,0.499,0.483,0.486,35254614.9
1724860800000,0.486,0.493,0.473,0.485,42055078.7
1724875200000,0.486,0.497,0.483,0.494,29439737.2
1724889600000,0.495,0.502,0.493,0.499,22688795.3
1724904000000,0.499,0.504,0.49,0.491,22600778.3
1724918400000,0.491,0.497,0.489,0.493,11633397.2
1724932800000,0.493,0.501,0.491,0.496,19504522.7
1724947200000,0.496,0.499,0.479,0.483,21087512.6
1724961600000,0.483,0.486,0.479,0.484,15863241.0
1724976000000,0.484,0.488,0.483,0.485,14160604.2
1724990400000,0.486,0.492,0.485,0.489,8088043.6
1725004800000,0.489,0.495,0.489,0.49,9068326.7
1725019200000,0.491,0.496,0.471,0.473,35939998.5
1725033600000,0.473,0.49,0.471,0.485,24607079.7
1725048000000,0.486,0.49,0.485,0.485,7342119.5
1725062400000,0.486,0.489,0.484,0.485,8085893.7
1725076800000,0.485,0.488,0.482,0.483,6374393.6
1725091200000,0.483,0.489,0.483,0.487,4540591.7
1725105600000,0.488,0.488,0.481,0.483,6228150.7
1725120000000,0.484,0.484,0.477,0.479,9763110.7
1725134400000,0.48,0.483,0.478,0.48,4091791.4
1725148800000,0.48,0.481,0.473,0.476,7418687.6
1725163200000,0.477,0.478,0.468,0.475,13741349.5
1725177600000,0.476,0.476,0.469,0.473,9376014.0
1725192000000,0.473,0.473,0.46,0.467,21849929.5
1725206400000,0.468,0.471,0.457,0.468,19692629.5
1725220800000,0.469,0.472,0.449,0.454,25029995.4
1725235200000,0.455,0.461,0.454,0.458,17760550.5
1725249600000,0.459,0.46,0.453,0.456,10857174.9
1725264000000,0.456,0.472,0.456,0.469,18054360.7
1725278400000,0.468,0.473,0.463,0.469,13291582.3
1725292800000,0.469,0.472,0.465,0.47,9323657.0
1725307200000,0.47,0.479,0.469,0.475,9844261.3
1725321600000,0.474,0.481,0.473,0.476,10762533.3
1725336000000,0.475,0.478,0.473,0.476,10140196.8
1725350400000,0.477,0.477,0.469,0.471,10690588.7
1725364800000,0.47,0.487,0.461,0.462,32421411.9
1725379200000,0.461,0.466,0.457,0.46,14819256.1
1725393600000,0.459,0.461,0.451,0.453,10595957.7
1725408000000,0.453,0.458,0.43,0.453,38918551.8
1725422400000,0.453,0.461,0.451,0.458,9555438.2
1725436800000,0.459,0.461,0.449,0.452,10070183.8
1725451200000,0.453,0.463,0.449,0.461,23647433.5
1725465600000,0.462,0.468,0.458,0.461,12258813.2
1725480000000,0.461,0.466,0.46,0.464,6343714.7
1725494400000,0.463,0.466,0.456,0.457,8043317.3
1725508800000,0.458,0.464,0.455,0.463,9583502.7
1725523200000,0.463,0.466,0.46,0.464,9675309.5
1725537600000,0.465,0.471,0.458,0.461,28728722.1
1725552000000,0.462,0.469,0.457,0.461,18285285.6
1725566400000,0.46,0.465,0.459,0.461,7703971.4
1725580800000,0.462,0.469,0.459,0.466,12986428.9
1725595200000,0.466,0.468,0.454,0.459,12570691.7
1725609600000,0.46,0.465,0.459,0.462,12290000.1
1725624000000,0.463,0.474,0.452,0.459,46461010.5
1725638400000,0.46,0.461,0.447,0.452,29965292.1
1725652800000,0.452,0.455,0.437,0.455,25317020.8
1725667200000,0.454,0.456,0.45,0.454,8683256.3
1725681600000,0.454,0.464,0.453,0.464,13202726.3
1725696000000,0.464,0.467,0.463,0.465,8652124.7
1725710400000,0.465,0.468,0.464,0.465,8587089.1
1725724800000,0.466,0.467,0.461,0.466,10254086.6
1725739200000,0.467,0.467,0.458,0.461,9533717.0
1725753600000,0.461,0.465,0.459,0.465,8567149.5
1725768000000,0.465,0.47,0.464,0.469,7755443.4
1725782400000,0.469,0.47,0.465,0.466,9735150.0
1725796800000,0.467,0.467,0.458,0.459,12207909.6
1725811200000,0.46,0.473,0.458,0.471,13564847.7
1725825600000,0.47,0.482,0.47,0.48,19591563.8
1725840000000,0.48,0.484,0.476,0.479,15703512.1
1725854400000,0.479,0.486,0.477,0.483,13876679.3
1725868800000,0.483,0.486,0.479,0.481,19320560.6
1725883200000,0.481,0.484,0.476,0.482,25231227.6
1725897600000,0.482,0.499,0.481,0.493,33416145.4
1725912000000,0.494,0.498,0.491,0.493,14943680.0
1725926400000,0.493,0.494,0.489,0.489,10393551.3
1725940800000,0.489,0.497,0.487,0.494,12331096.7
1725955200000,0.494,0.495,0.486,0.49,18296033.6
1725969600000,0.49,0.492,0.484,0.485,22832788.0
1725984000000,0.485,0.494,0.485,0.491,15605498.2
1725998400000,0.492,0.492,0.488,0.489,7634320.9
1726012800000,0.489,0.491,0.481,0.482,17350298.1
1726027200000,0.483,0.483,0.475,0.482,20136994.5
1726041600000,0.483,0.483,0.478,0.481,16557549.9
1726056000000,0.481,0.488,0.474,0.485,36937741.6
1726070400000,0.485,0.496,0.485,0.493,23962010.8
1726084800000,0.492,0.495,0.49,0.491,8694776.1
1726099200000,0.491,0.498,0.49,0.494,18828708.3
1726113600000,0.494,0.498,0.493,0.493,13440030.4
1726128000000,0.493,0.496,0.492,0.492,7649613.8
1726142400000,0.493,0.5,0.491,0.492,23917400.1
1726156800000,0.492,0.5,0.492,0.498,10709987.0
1726171200000,0.499,0.503,0.495,0.502,8577076.3
1726185600000,0.502,0.503,0.496,0.497,11351239.0
1726200000000,0.498,0.499,0.495,0.496,4620595.1
1726214400000,0.496,0.5,0.495,0.496,6222329.3
1726228800000,0.496,0.51,0.493,0.509,19005206.3
1726243200000,0.508,0.509,0.502,0.503,10567862.2
1726257600000,0.503,0.507,0.502,0.505,6155005.3
1726272000000,0.505,0.506,0.502,0.503,4854421.4
1726286400000,0.503,0.503,0.497,0.498,7040423.9
1726300800000,0.499,0.5,0.494,0.495,8095109.4
1726315200000,0.495,0.5,0.495,0.499,6898229.4
1726329600000,0.5,0.501,0.495,0.497,10149649.1
1726344000000,0.497,0.499,0.496,0.498,5367442.6
1726358400000,0.498,0.501,0.497,0.499,5015453.1
1726372800000,0.499,0.5,0.496,0.498,7183429.4
1726387200000,0.499,0.499,0.492,0.493,6019835.0
1726401600000,0.493,0.498,0.492,0.495,8817946.6
1726416000000,0.495,0.496,0.487,0.489,16004697.4
1726430400000,0.489,0.49,0.477,0.481,18928754.5
1726444800000,0.482,0.483,0.471,0.477,20457616.1
1726459200000,0.477,0.481,0.476,0.479,10343746.7
1726473600000,0.48,0.482,0.474,0.475,13793009.2
1726488000000,0.475,0.477,0.468,0.473,25116552.3
1726502400000,0.473,0.475,0.466,0.468,19730340.6
1726516800000,0.469,0.473,0.466,0.471,8583381.0
1726531200000,0.472,0.474,0.468,0.473,8182102.0
1726545600000,0.474,0.478,0.472,0.474,7955242.9
1726560000000,0.474,0.476,0.472,0.473,5899776.5
1726574400000,0.473,0.484,0.471,0.482,25318596.5
1726588800000,0.483,0.484,0.475,0.479,20289876.5
1726603200000,0.479,0.482,0.477,0.481,9044051.1
1726617600000,0.482,0.484,0.476,0.481,8429662.2
1726632000000,0.482,0.483,0.478,0.478,6443064.4
1726646400000,0.478,0.479,0.468,0.473,12204457.6
1726660800000,0.473,0.477,0.466,0.468,16189668.5
1726675200000,0.467,0.486,0.465,0.479,51274411.6
1726689600000,0.479,0.49,0.475,0.489,12850681.2
1726704000000,0.49,0.498,0.489,0.496,17101714.2
1726718400000,0.496,0.499,0.492,0.498,9122918.0
1726732800000,0.497,0.499,0.494,0.498,8853499.1
1726747200000,0.497,0.507,0.495,0.504,24640833.9
1726761600000,0.504,0.515,0.503,0.512,17561061.4
1726776000000,0.511,0.513,0.505,0.508,8399592.0
1726790400000,0.507,0.514,0.503,0.514,16768898.6
1726804800000,0.514,0.518,0.512,0.516,20947260.2
1726819200000,0.516,0.519,0.511,0.514,12687260.1
1726833600000,0.513,0.516,0.508,0.51,23005273.3
1726848000000,0.511,0.516,0.507,0.514,14247675.0
1726862400000,0.513,0.519,0.512,0.517,9126891.8
1726876800000,0.516,0.522,0.513,0.518,24484659.0
1726891200000,0.518,0.52,0.514,0.518,10747053.4
1726905600000,0.518,0.52,0.512,0.519,15310793.6
1726920000000,0.519,0.528,0.518,0.524,14837171.4
1726934400000,0.523,0.527,0.52,0.523,7865621.1
1726948800000,0.522,0.528,0.521,0.528,12147285.5
1726963200000,0.528,0.528,0.515,0.518,14527602.1
1726977600000,0.517,0.519,0.514,0.518,9037021.3
1726992000000,0.517,0.52,0.512,0.515,9877665.9
1727006400000,0.515,0.516,0.508,0.51,15332352.5
1727020800000,0.509,0.516,0.506,0.515,15542445.9
1727035200000,0.514,0.519,0.503,0.516,30377524.7
1727049600000,0.517,0.528,0.508,0.525,39066276.6
1727064000000,0.524,0.526,0.519,0.521,16197062.2
1727078400000,0.52,0.521,0.513,0.516,16631972.3
1727092800000,0.516,0.523,0.514,0.521,28334931.7
1727107200000,0.521,0.524,0.514,0.518,23669237.5
1727121600000,0.518,0.524,0.516,0.523,16628377.5
1727136000000,0.522,0.523,0.512,0.517,25501590.0
1727150400000,0.518,0.523,0.513,0.523,9521774.3
1727164800000,0.522,0.524,0.518,0.52,11224247.9
1727179200000,0.521,0.526,0.513,0.514,24859896.1
1727193600000,0.515,0.524,0.513,0.521,33106194.5
1727208000000,0.521,0.529,0.52,0.525,10969134.1
1727222400000,0.525,0.533,0.523,0.53,14518065.0
1727236800000,0.529,0.53,0.521,0.524,12977033.6
1727251200000,0.525,0.53,0.524,0.529,9951059.9
1727265600000,0.528,0.535,0.526,0.529,16051710.2
1727280000000,0.529,0.54,0.526,0.527,28813587.1
1727294400000,0.527,0.539,0.522,0.525,27308403.7
1727308800000,0.525,0.531,0.517,0.529,18764985.5
1727323200000,0.53,0.536,0.527,0.535,10202772.6
1727337600000,0.536,0.54,0.533,0.538,10202980.8
1727352000000,0.539,0.544,0.535,0.542,26916548.6
1727366400000,0.543,0.545,0.536,0.537,12464649.6
1727380800000,0.536,0.539,0.531,0.538,10494059.9
1727395200000,0.539,0.542,0.536,0.541,14956589.2
1727409600000,0.541,0.544,0.539,0.539,11234397.3
1727424000000,0.54,0.545,0.536,0.539,14458458.4
1727438400000,0.539,0.548,0.539,0.543,16212557.6
1727452800000,0.544,0.547,0.54,0.541,11746961.3
1727467200000,0.541,0.545,0.539,0.543,6509946.4
1727481600000,0.544,0.55,0.542,0.547,6819170.1
1727496000000,0.546,0.548,0.536,0.537,13714043.0
1727510400000,0.537,0.54,0.528,0.537,16953353.2
1727524800000,0.537,0.539,0.532,0.536,13497365.6
1727539200000,0.537,0.538,0.533,0.535,6133541.7
1727553600000,0.536,0.536,0.527,0.534,6957155.0
1727568000000,0.535,0.538,0.531,0.537,11692542.1
1727582400000,0.538,0.538,0.526,0.528,10635222.7
1727596800000,0.527,0.533,0.526,0.532,8741539.7
1727611200000,0.533,0.539,0.528,0.538,13287282.0
1727625600000,0.537,0.542,0.536,0.542,9625185.3
1727640000000,0.541,0.543,0.534,0.539,11208411.5
1727654400000,0.539,0.541,0.527,0.534,22368394.1
1727668800000,0.534,0.543,0.529,0.542,15949334.1
1727683200000,0.542,0.547,0.529,0.537,31025073.9
1727697600000,0.537,0.541,0.523,0.523,23395336.5
1727712000000,0.524,0.534,0.521,0.527,40520606.6
1727726400000,0.528,0.53,0.51,0.514,14327470.7
1727740800000,0.514,0.523,0.513,0.522,12067984.0
1727755200000,0.523,0.524,0.519,0.522,7715315.4
1727769600000,0.521,0.523,0.519,0.519,6567816.7
1727784000000,0.52,0.521,0.479,0.491,62040308.6
1727798400000,0.491,0.493,0.462,0.478,61352671.2
1727812800000,0.478,0.481,0.469,0.474,29649947.3
1727827200000,0.473,0.483,0.471,0.481,15655802.5
1727841600000,0.482,0.487,0.479,0.484,9551960.1
1727856000000,0.484,0.486,0.473,0.479,17894454.0
1727870400000,0.48,0.481,0.471,0.478,27238597.4
1727884800000,0.478,0.483,0.461,0.464,39506714.3
1727899200000,0.464,0.471,0.458,0.466,21850749.5
1727913600000,0.465,0.473,0.461,0.473,12817850.3
1727928000000,0.473,0.474,0.464,0.464,7483130.1
1727942400000,0.465,0.466,0.452,0.46,26111963.7
1727956800000,0.46,0.466,0.452,0.46,27140784.7
1727971200000,0.46,0.467,0.453,0.467,16482748.2
1727985600000,0.466,0.468,0.46,0.466,8271422.2
1728000000000,0.466,0.472,0.463,0.468,10326567.7
1728014400000,0.467,0.472,0.464,0.468,9950754.5
1728028800000,0.469,0.472,0.467,0.47,8543302.7
1728043200000,0.471,0.474,0.464,0.472,18379084.2
1728057600000,0.472,0.477,0.471,0.476,8616795.6
1728072000000,0.477,0.479,0.474,0.475,6579585.5
1728086400000,0.476,0.478,0.471,0.472,5268783.8
1728100800000,0.472,0.477,0.47,0.473,4853118.5
1728115200000,0.474,0.476,0.473,0.476,4060254.2
1728129600000,0.475,0.479,0.475,0.477,4111634.1
1728144000000,0.478,0.478,0.467,0.468,6444280.8
1728158400000,0.469,0.472,0.465,0.472,6715262.2
1728172800000,0.471,0.474,0.468,0.469,4636110.3
1728187200000,0.468,0.473,0.466,0.473,4239484.2
1728201600000,0.473,0.475,0.469,0.475,7631667.0
1728216000000,0.475,0.48,0.473,0.478,7395090.1
1728230400000,0.478,0.48,0.472,0.473,6946411.2
1728244800000,0.474,0.476,0.471,0.475,4096658.8
1728259200000,0.476,0.484,0.474,0.48,10735872.2
1728273600000,0.48,0.483,0.48,0.481,4804761.5
1728288000000,0.48,0.483,0.468,0.475,11263186.1
1728302400000,0.474,0.485,0.471,0.481,15016615.4
1728316800000,0.481,0.484,0.473,0.48,12138657.1
1728331200000,0.481,0.481,0.47,0.47,11449226.1
1728345600000,0.47,0.478,0.47,0.476,8395346.1
1728360000000,0.477,0.478,0.466,0.47,11586960.6
1728374400000,0.47,0.475,0.469,0.473,8477623.1
1728388800000,0.474,0.476,0.463,0.468,13578748.6
1728403200000,0.467,0.47,0.461,0.468,10288862.4
1728417600000,0.467,0.47,0.465,0.468,5939109.5
1728432000000,0.468,0.473,0.465,0.47,8244728.5
1728446400000,0.471,0.473,0.468,0.47,4751690.4
1728460800000,0.469,0.472,0.467,0.471,5018473.7
1728475200000,0.472,0.472,0.463,0.468,9890391.0
1728489600000,0.468,0.469,0.457,0.459,9499707.7
1728504000000,0.458,0.459,0.449,0.456,12677774.9
1728518400000,0.455,0.462,0.453,0.46,7781112.6
1728532800000,0.46,0.463,0.457,0.458,5172601.1
1728547200000,0.457,0.462,0.455,0.462,6299154.9
1728561600000,0.462,0.463,0.455,0.461,17087830.6
1728576000000,0.462,0.463,0.45,0.456,16191864.5
1728590400000,0.457,0.463,0.455,0.463,7119557.7
1728604800000,0.463,0.467,0.461,0.466,7041695.3
1728619200000,0.465,0.467,0.463,0.465,3766764.7
1728633600000,0.464,0.469,0.464,0.467,4947778.4
1728648000000,0.466,0.473,0.466,0.473,9206809.3
1728662400000,0.473,0.476,0.471,0.475,7935419.3
1728676800000,0.475,0.478,0.473,0.475,6772407.8
1728691200000,0.476,0.478,0.473,0.474,5809417.7
1728705600000,0.474,0.476,0.474,0.476,3433954.7
1728720000000,0.475,0.48,0.475,0.477,5106643.7
1728734400000,0.477,0.48,0.476,0.477,5958175.0
1728748800000,0.477,0.482,0.476,0.478,9731061.6
1728763200000,0.479,0.48,0.474,0.476,7485036.0
1728777600000,0.476,0.477,0.471,0.473,5306986.0
1728792000000,0.473,0.476,0.472,0.474,2800362.2
1728806400000,0.475,0.477,0.47,0.47,5802687.9
1728820800000,0.471,0.474,0.463,0.463,9308464.0
1728835200000,0.463,0.47,0.462,0.465,5816439.9
1728849600000,0.464,0.472,0.464,0.472,7281614.5
1728864000000,0.472,0.479,0.465,0.479,10617087.0
1728878400000,0.479,0.481,0.473,0.48,9153386.8
1728892800000,0.481,0.483,0.477,0.482,8379469.1
1728907200000,0.481,0.49,0.481,0.488,11215109.3
1728921600000,0.489,0.492,0.487,0.488,8601426.5
1728936000000,0.488,0.495,0.488,0.493,13609503.5
1728950400000,0.493,0.495,0.486,0.487,12138992.5
1728964800000,0.488,0.49,0.482,0.487,13509849.5
1728979200000,0.488,0.489,0.477,0.479,15321299.2
1728993600000,0.479,0.498,0.471,0.482,49486496.1
1729008000000,0.482,0.492,0.482,0.486,17561566.4
1729022400000,0.486,0.488,0.477,0.488,9075618.9
1729036800000,0.487,0.492,0.483,0.486,10686652.7
1729051200000,0.486,0.489,0.481,0.482,11666076.7
1729065600000,0.482,0.495,0.481,0.491,16630712.9
1729080000000,0.491,0.493,0.486,0.488,23927668.2
1729094400000,0.489,0.49,0.483,0.487,14074051.7
1729108800000,0.487,0.491,0.486,0.487,6828673.4
1729123200000,0.486,0.492,0.486,0.488,10885020.1
1729137600000,0.488,0.489,0.478,0.482,15489042.7
1729152000000,0.482,0.483,0.471,0.472,17575397.4
1729166400000,0.472,0.48,0.471,0.478,22611319.9
1729180800000,0.478,0.481,0.471,0.475,13774241.8
1729195200000,0.475,0.48,0.474,0.478,5315458.5
1729209600000,0.478,0.484,0.476,0.478,9590000.6
1729224000000,0.479,0.482,0.476,0.481,7390512.8
1729238400000,0.481,0.483,0.477,0.477,5569024.5
1729252800000,0.477,0.483,0.475,0.481,12197136.9
1729267200000,0.481,0.484,0.478,0.481,8532139.9
1729281600000,0.481,0.484,0.48,0.483,3781070.3
1729296000000,0.483,0.492,0.483,0.489,8145566.0
1729310400000,0.489,0.491,0.487,0.487,5404200.8
1729324800000,0.488,0.49,0.484,0.484,7775394.7
1729339200000,0.484,0.489,0.484,0.487,5312763.6
1729353600000,0.488,0.49,0.482,0.484,10981336.6
1729368000000,0.485,0.491,0.484,0.491,6080852.6
1729382400000,0.49,0.491,0.483,0.486,8018522.1
1729396800000,0.486,0.492,0.485,0.49,7827971.3
1729411200000,0.489,0.495,0.487,0.494,8989149.7
1729425600000,0.494,0.504,0.491,0.5,20024353.0
1729440000000,0.5,0.502,0.496,0.497,5913652.5
1729454400000,0.497,0.505,0.497,0.503,10862108.4
1729468800000,0.503,0.506,0.498,0.5,11707502.6
1729483200000,0.5,0.505,0.499,0.5,8178380.4
1729497600000,0.501,0.502,0.495,0.497,11723687.9
1729512000000,0.497,0.499,0.488,0.491,21225986.5
1729526400000,0.492,0.495,0.486,0.493,9701116.8
1729540800000,0.494,0.495,0.489,0.489,6488948.6
1729555200000,0.489,0.494,0.483,0.492,18481126.8
1729569600000,0.491,0.494,0.489,0.49,7144649.7
1729584000000,0.49,0.491,0.481,0.484,14626159.6
1729598400000,0.484,0.487,0.478,0.485,18163420.3
1729612800000,0.485,0.487,0.48,0.485,9103465.4
1729627200000,0.484,0.487,0.482,0.483,4163001.7
1729641600000,0.483,0.485,0.478,0.481,8881678.2
1729656000000,0.48,0.485,0.478,0.48,12220069.9
1729670400000,0.48,0.483,0.473,0.474,11559706.2
1729684800000,0.474,0.477,0.466,0.469,17725577.5
1729699200000,0.468,0.471,0.459,0.469,27161201.4
1729713600000,0.469,0.47,0.466,0.469,11422939.6
1729728000000,0.469,0.475,0.466,0.47,15502395.2
1729742400000,0.47,0.473,0.467,0.467,7241892.6
1729756800000,0.467,0.468,0.46,0.466,14293689.0
1729771200000,0.467,0.471,0.466,0.468,14402218.3
1729785600000,0.469,0.474,0.466,0.473,9221907.7
1729800000000,0.473,0.477,0.472,0.474,8431994.5
1729814400000,0.475,0.476,0.469,0.471,10201039.2
1729828800000,0.471,0.472,0.464,0.467,11535453.9
1729843200000,0.466,0.473,0.463,0.472,8444697.3
1729857600000,0.472,0.475,0.465,0.467,16777498.6
1729872000000,0.468,0.472,0.455,0.462,33313757.8
1729886400000,0.463,0.465,0.421,0.443,63097232.8
1729900800000,0.442,0.447,0.436,0.445,24382434.0
1729915200000,0.445,0.447,0.443,0.444,9976808.0
1729929600000,0.444,0.447,0.444,0.446,8380230.6
1729944000000,0.445,0.445,0.435,0.44,16426581.3
1729958400000,0.44,0.447,0.437,0.446,10453205.8
1729972800000,0.446,0.448,0.442,0.445,5157965.2
1729987200000,0.444,0.446,0.442,0.445,5589364.1
1730001600000,0.445,0.446,0.442,0.446,5170163.2
1730016000000,0.446,0.448,0.443,0.444,6339938.2
1730030400000,0.444,0.449,0.443,0.449,8004376.5
1730044800000,0.448,0.452,0.447,0.449,7289374.3
1730059200000,0.449,0.455,0.448,0.452,6732996.6
1730073600000,0.452,0.452,0.444,0.445,7874656.6
1730088000000,0.444,0.453,0.442,0.452,10936596.0
1730102400000,0.452,0.453,0.448,0.451,8252964.2
1730116800000,0.451,0.453,0.448,0.448,19346612.8
1730131200000,0.449,0.453,0.442,0.451,13556544.8
1730145600000,0.452,0.459,0.451,0.456,10191507.1
1730160000000,0.456,0.464,0.455,0.462,14364495.7
1730174400000,0.462,0.463,0.459,0.46,6313052.6
1730188800000,0.459,0.466,0.459,0.463,16797084.3
1730203200000,0.463,0.465,0.46,0.464,15285961.4
1730217600000,0.465,0.47,0.463,0.464,20356953.0
1730232000000,0.464,0.47,0.46,0.468,12694015.3
1730246400000,0.469,0.469,0.462,0.467,11321845.5
1730260800000,0.467,0.47,0.466,0.468,8336205.0
1730275200000,0.468,0.469,0.46,0.462,10464359.3
1730289600000,0.462,0.466,0.458,0.462,25065160.5
1730304000000,0.461,0.468,0.459,0.462,15914437.2
1730318400000,0.462,0.466,0.459,0.461,11016754.4
1730332800000,0.462,0.463,0.457,0.458,10938144.1
1730347200000,0.459,0.46,0.452,0.455,14326419.2
1730361600000,0.456,0.456,0.451,0.452,12670963.3
1730376000000,0.453,0.454,0.443,0.447,32398256.8
1730390400000,0.448,0.448,0.436,0.437,21748281.2
1730404800000,0.437,0.443,0.436,0.441,12424613.2
1730419200000,0.441,0.442,0.432,0.44,20494632.4
1730433600000,0.439,0.442,0.432,0.436,13817613.3
1730448000000,0.437,0.442,0.435,0.44,11487818.4
1730462400000,0.44,0.445,0.427,0.431,41353913.0
1730476800000,0.43,0.439,0.429,0.433,29440601.3
1730491200000,0.434,0.437,0.428,0.435,12201159.5
1730505600000,0.435,0.438,0.433,0.435,6655935.5
1730520000000,0.434,0.436,0.431,0.436,5391095.2
1730534400000,0.436,0.438,0.433,0.438,5333381.9
1730548800000,0.437,0.439,0.425,0.429,19250021.1
1730563200000,0.429,0.431,0.423,0.43,15093718.3
1730577600000,0.43,0.43,0.426,0.428,5272182.0
1730592000000,0.428,0.429,0.411,0.419,36110890.4
1730606400000,0.418,0.423,0.418,0.42,11127342.9
1730620800000,0.42,0.422,0.415,0.415,11786864.4
1730635200000,0.415,0.418,0.406,0.411,41110226.8
1730649600000,0.412,0.416,0.407,0.415,21130895.7
1730664000000,0.414,0.419,0.413,0.415,16270367.6
1730678400000,0.415,0.42,0.411,0.416,16861254.8
1730692800000,0.415,0.419,0.411,0.411,8703337.3
1730707200000,0.411,0.418,0.408,0.416,18477523.1
1730721600000,0.415,0.42,0.413,0.417,21901309.9
1730736000000,0.417,0.417,0.409,0.412,17338984.4
1730750400000,0.411,0.413,0.399,0.409,29382823.8
1730764800000,0.408,0.414,0.407,0.414,19198916.3
1730779200000,0.413,0.419,0.413,0.418,9561817.5
1730793600000,0.417,0.42,0.415,0.419,12308060.9
1730808000000,0.418,0.427,0.417,0.424,31392893.3
1730822400000,0.423,0.428,0.416,0.418,21301744.4
1730836800000,0.418,0.427,0.416,0.423,19737420.5
1730851200000,0.423,0.447,0.423,0.446,48612181.9
1730865600000,0.446,0.452,0.442,0.447,46669668.7
1730880000000,0.447,0.449,0.44,0.448,28593378.8
1730894400000,0.448,0.45,0.441,0.445,20272030.2
1730908800000,0.444,0.45,0.443,0.45,13476427.8
1730923200000,0.45,0.458,0.448,0.455,16393321.1
1730937600000,0.455,0.47,0.453,0.465,25943005.4
1730952000000,0.465,0.466,0.454,0.458,29165787.6
1730966400000,0.459,0.463,0.456,0.458,12834866.5
1730980800000,0.458,0.466,0.455,0.465,21918361.3
1730995200000,0.466,0.468,0.461,0.467,19932784.6
1731009600000,0.467,0.47,0.462,0.467,14448414.8
1731024000000,0.467,0.473,0.46,0.464,21717705.8
1731038400000,0.465,0.468,0.462,0.466,11428215.9
1731052800000,0.467,0.468,0.462,0.466,13832825.6
1731067200000,0.466,0.472,0.464,0.468,29609075.2
1731081600000,0.469,0.473,0.461,0.471,32065430.0
1731096000000,0.471,0.475,0.466,0.475,12413800.2
1731110400000,0.475,0.477,0.465,0.466,15407794.5
1731124800000,0.466,0.475,0.466,0.474,12880974.9
1731139200000,0.475,0.478,0.472,0.476,13789106.4
1731153600000,0.477,0.478,0.467,0.471,14914971.0
1731168000000,0.471,0.474,0.465,0.47,13236151.0
1731182400000,0.471,0.489,0.469,0.488,14729028.0
1731196800000,0.488,0.509,0.484,0.507,30863906.5
1731211200000,0.507,0.535,0.506,0.525,54446063.6
1731225600000,0.526,0.548,0.525,0.541,46644243.2
1731240000000,0.541,0.615,0.537,0.61,214480907.7
1731254400000,0.61,0.618,0.582,0.596,106993987.6
1731268800000,0.596,0.602,0.554,0.579,85790834.5
1731283200000,0.579,0.588,0.572,0.581,49037159.7
1731297600000,0.582,0.583,0.547,0.557,52917490.5
1731312000000,0.557,0.564,0.553,0.561,30467733.6
1731326400000,0.562,0.566,0.544,0.561,61900041.4
1731340800000,0.56,0.568,0.554,0.557,39236434.1
1731355200000,0.558,0.584,0.556,0.583,45131789.9
1731369600000,0.582,0.583,0.557,0.576,55108082.2
1731384000000,0.576,0.58,0.563,0.576,29066244.8
1731398400000,0.576,0.601,0.532,0.552,117354411.6
1731412800000,0.552,0.56,0.535,0.548,64008760.9
1731427200000,0.548,0.573,0.536,0.567,43411600.2
1731441600000,0.567,0.594,0.56,0.575,41158951.3
1731456000000,0.576,0.583,0.548,0.549,58714034.3
1731470400000,0.549,0.559,0.532,0.547,46697300.4
1731484800000,0.548,0.549,0.534,0.542,27549232.8
1731499200000,0.542,0.569,0.535,0.564,54191902.9
1731513600000,0.563,0.568,0.538,0.539,47448799.7
1731528000000,0.54,0.55,0.527,0.549,35750256.0
1731542400000,0.549,0.555,0.535,0.552,30103370.0
1731556800000,0.552,0.565,0.546,0.557,30238906.8
1731571200000,0.557,0.562,0.535,0.542,28476950.7
1731585600000,0.543,0.551,0.524,0.529,49708758.6
1731600000000,0.53,0.549,0.526,0.548,27788962.6
1731614400000,0.547,0.57,0.539,0.549,61491242.0
1731628800000,0.549,0.571,0.545,0.565,61586794.9
1731643200000,0.564,0.577,0.547,0.556,59205587.5
1731657600000,0.557,0.582,0.552,0.573,39416771.7
1731672000000,0.573,0.601,0.563,0.564,75132791.8
1731686400000,0.564,0.579,0.561,0.575,41018074.2
1731700800000,0.575,0.586,0.575,0.586,22650583.3
1731715200000,0.586,0.611,0.581,0.61,34887114.5
1731729600000,0.609,0.643,0.6,0.627,72294556.3
1731744000000,0.626,0.662,0.621,0.647,78527250.5
1731758400000,0.646,0.709,0.632,0.659,106425310.7
1731772800000,0.66,0.692,0.656,0.688,41304559.2
1731787200000,0.688,0.695,0.665,0.674,38229632.8
1731801600000,0.674,0.685,0.635,0.649,55388740.6
1731816000000,0.649,0.656,0.635,0.645,24104807.1
1731830400000,0.646,0.649,0.629,0.63,26398200.7
1731844800000,0.631,0.642,0.627,0.63,21426662.6
1731859200000,0.63,0.636,0.613,0.618,23692611.8
1731873600000,0.619,0.622,0.605,0.617,18998094.9
1731888000000,0.617,0.652,0.615,0.651,27384371.3
1731902400000,0.65,0.656,0.641,0.651,16721868.4
1731916800000,0.651,0.652,0.636,0.64,19911087.5
1731931200000,0.64,0.664,0.63,0.66,34600188.4
1731945600000,0.661,0.693,0.654,0.664,53436918.1
1731960000000,0.665,0.684,0.66,0.68,24287783.6
1731974400000,0.68,0.684,0.66,0.667,17845249.3
1731988800000,0.668,0.67,0.653,0.658,16776411.6
1732003200000,0.658,0.659,0.647,0.655,13971092.4
1732017600000,0.655,0.661,0.64,0.652,21147392.0
1732032000000,0.653,0.656,0.646,0.651,16693177.9
1732046400000,0.652,0.655,0.634,0.652,20779002.1
1732060800000,0.652,0.652,0.622,0.633,20531943.7
1732075200000,0.633,0.644,0.627,0.637,11397596.9
1732089600000,0.638,0.651,0.636,0.642,14863174.9
1732104000000,0.642,0.666,0.632,0.649,28095327.9
1732118400000,0.649,0.65,0.609,0.617,36954802.2
1732132800000,0.617,0.634,0.612,0.624,15011354.7
1732147200000,0.624,0.633,0.607,0.627,28237034.9
1732161600000,0.627,0.657,0.627,0.651,40471776.6
1732176000000,0.652,0.655,0.633,0.648,22436936.0
1732190400000,0.649,0.67,0.635,0.642,53786008.1
1732204800000,0.643,0.665,0.642,0.658,25192434.6
1732219200000,0.658,0.67,0.653,0.668,15147871.7
1732233600000,0.668,0.69,0.657,0.684,43596925.8
1732248000000,0.685,0.701,0.682,0.691,35766209.4
1732262400000,0.691,0.72,0.687,0.714,40498004.6
1732276800000,0.715,0.72,0.67,0.696,95782376.4
1732291200000,0.695,0.746,0.693,0.732,96529286.6
1732305600000,0.732,0.755,0.728,0.745,47670878.1
1732320000000,0.745,0.821,0.744,0.779,103146482.2
1732334400000,0.78,0.78,0.748,0.774,45081016.8
1732348800000,0.774,0.785,0.761,0.775,36984174.8
1732363200000,0.774,0.798,0.772,0.788,40697694.1
1732377600000,0.787,0.8,0.749,0.771,65499637.7
1732392000000,0.771,0.776,0.747,0.765,30371432.6
1732406400000,0.765,0.846,0.759,0.838,61554213.2
1732420800000,0.839,0.868,0.817,0.861,62346724.2
1732435200000,0.862,0.921,0.826,0.826,125744708.9
1732449600000,0.827,0.847,0.784,0.785,91198420.0
1732464000000,0.785,0.824,0.782,0.813,45016207.7
1732478400000,0.813,0.858,0.81,0.851,37318704.5
1732492800000,0.851,0.852,0.799,0.826,46471243.7
1732507200000,0.827,0.844,0.819,0.827,22072891.5
1732521600000,0.827,0.858,0.825,0.843,26892538.5
1732536000000,0.843,0.851,0.797,0.825,52593110.4
1732550400000,0.825,0.835,0.803,0.824,33712854.5
1732564800000,0.825,0.832,0.782,0.802,34168233.3
1732579200000,0.802,0.835,0.796,0.82,27435890.2
1732593600000,0.82,0.847,0.813,0.825,29580992.8
1732608000000,0.824,0.844,0.772,0.792,87128861.2
1732622400000,0.791,0.803,0.771,0.774,50756271.3
1732636800000,0.774,0.803,0.759,0.779,48051915.9
1732651200000,0.779,0.801,0.776,0.797,28137423.2
1732665600000,0.797,0.803,0.771,0.783,32204557.5
1732680000000,0.783,0.803,0.777,0.798,23774466.9
1732694400000,0.799,0.82,0.789,0.808,29972111.2
1732708800000,0.808,0.825,0.789,0.82,34440719.6
1732723200000,0.82,0.825,0.806,0.814,23230502.2
1732737600000,0.813,0.838,0.813,0.831,20631499.1
1732752000000,0.83,0.831,0.796,0.805,29769056.3
1732766400000,0.805,0.811,0.796,0.798,14242890.6
1732780800000,0.798,0.805,0.788,0.8,17760417.7
1732795200000,0.8,0.81,0.786,0.787,22110446.8
1732809600000,0.788,0.806,0.787,0.805,11775107.0
1732824000000,0.805,0.821,0.799,0.816,14434778.7
1732838400000,0.815,0.821,0.805,0.81,15666006.8
1732852800000,0.811,0.811,0.795,0.795,14878350.6
1732867200000,0.796,0.842,0.796,0.84,20712058.8
1732881600000,0.84,0.901,0.837,0.887,39744494.7
1732896000000,0.887,0.945,0.873,0.939,85702233.9
1732910400000,0.94,0.982,0.935,0.957,77063200.0
1732924800000,0.957,1.001,0.922,0.935,117963189.9
1732939200000,0.935,0.981,0.931,0.969,68630700.3
1732953600000,0.968,0.989,0.941,0.954,61692666.1
1732968000000,0.954,0.972,0.944,0.952,34161875.1
1732982400000,0.952,0.954,0.937,0.94,20122867.3
1732996800000,0.94,0.949,0.933,0.94,24243931.8
1733011200000,0.939,0.943,0.912,0.926,34666079.3
1733025600000,0.925,0.936,0.92,0.932,11637835.6
1733040000000,0.933,0.985,0.93,0.977,37916115.0
1733054400000,0.977,1.1,0.976,1.057,148729345.6
1733068800000,1.058,1.061,1.033,1.056,41272952.4
1733083200000,1.057,1.129,1.05,1.105,74474184.6
1733097600000,1.105,1.187,1.098,1.125,144399294.5
1733112000000,1.125,1.144,1.099,1.132,69177605.2
1733126400000,1.132,1.141,1.065,1.096,101667120.6
1733140800000,1.096,1.19,1.093,1.156,114755879.9
1733155200000,1.157,1.199,1.086,1.128,84330059.7
1733169600000,1.129,1.147,1.107,1.115,35964474.9
1733184000000,1.115,1.166,1.103,1.151,54367548.5
1733198400000,1.151,1.181,1.105,1.123,52261286.7
1733212800000,1.124,1.196,1.122,1.176,57223301.4
1733227200000,1.176,1.248,1.02,1.09,170575258.8
1733241600000,1.09,1.122,1.068,1.086,49307531.2
1733256000000,1.087,1.306,1.084,1.298,86583333.6
1733270400000,1.298,1.542,1.295,1.486,249216494.6
1733284800000,1.486,1.537,1.407,1.415,96538203.2
1733299200000,1.415,1.458,1.394,1.406,54042781.7
1733313600000,1.407,1.407,1.342,1.402,59640895.6
1733328000000,1.402,1.402,1.295,1.346,69845055.6
1733342400000,1.346,1.369,1.29,1.33,46075228.4
1733356800000,1.33,1.348,1.269,1.298,79598380.9
1733371200000,1.298,1.38,1.291,1.348,47093658.7
1733385600000,1.348,1.377,1.328,1.369,79909810.8
1733400000000,1.37,1.474,1.341,1.455,91347280.0
1733414400000,1.454,1.52,1.367,1.374,92164240.8
1733428800000,1.373,1.401,1.309,1.355,55609874.7
1733443200000,1.356,1.391,1.337,1.371,46355932.3
1733457600000,1.371,1.394,1.357,1.357,29826528.9
1733472000000,1.357,1.371,1.286,1.318,52777976.8
1733486400000,1.319,1.346,1.292,1.327,58597730.6
1733500800000,1.328,1.363,1.318,1.363,27874094.0
1733515200000,1.362,1.396,1.353,1.369,30069025.5
1733529600000,1.368,1.386,1.328,1.337,26039827.8
1733544000000,1.337,1.368,1.322,1.333,15890942.0
1733558400000,1.333,1.356,1.319,1.341,15801357.2
1733572800000,1.342,1.36,1.336,1.351,14232714.4
1733587200000,1.351,1.36,1.312,1.326,21203466.1
1733601600000,1.327,1.357,1.321,1.346,9761697.3
1733616000000,1.347,1.37,1.327,1.34,18915516.7
1733630400000,1.341,1.341,1.301,1.325,15868519.3
1733644800000,1.324,1.325,1.278,1.316,29130104.0
1733659200000,1.316,1.337,1.292,1.31,18262639.7
1733673600000,1.309,1.322,1.296,1.311,13316762.1
1733688000000,1.311,1.327,1.297,1.32,10131753.7
1733702400000,1.32,1.321,1.24,1.256,38221348.1
1733716800000,1.256,1.268,1.225,1.246,25809341.9
1733731200000,1.247,1.247,1.183,1.191,47206042.9
1733745600000,1.191,1.245,1.177,1.205,41770076.6
1733760000000,1.205,1.229,1.197,1.209,18324803.2
1733774400000,1.21,1.214,0.904,1.056,145853831.6
1733788800000,1.056,1.079,0.977,1.022,57789235.3
1733803200000,1.021,1.065,0.994,1.047,31968927.7
1733817600000,1.046,1.07,1.031,1.049,30567095.9
1733832000000,1.05,1.053,0.957,0.96,72531690.7
1733846400000,0.96,0.992,0.917,0.989,83598362.5
1733860800000,0.989,1.054,0.984,1.043,35663558.1
1733875200000,1.042,1.05,0.988,1.028,36864080.8
1733889600000,1.029,1.052,1.02,1.021,19763480.9
1733904000000,1.021,1.06,1.02,1.049,23026234.0
1733918400000,1.048,1.105,1.047,1.095,44305666.5
1733932800000,1.096,1.112,1.069,1.087,23792493.9
1733947200000,1.087,1.102,1.078,1.09,13385555.9
1733961600000,1.089,1.135,1.077,1.122,25950023.6
1733976000000,1.122,1.157,1.119,1.123,26860200.3
1733990400000,1.122,1.137,1.088,1.102,23565286.1
1734004800000,1.102,1.136,1.099,1.115,44073201.9
1734019200000,1.115,1.135,1.089,1.091,30140086.8
1734033600000,1.09,1.117,1.081,1.099,20728395.6
1734048000000,1.099,1.106,1.064,1.087,18357306.7
1734062400000,1.086,1.091,1.051,1.066,16916417.8
1734076800000,1.066,1.085,1.055,1.073,14932052.4
1734091200000,1.072,1.111,1.07,1.074,32286840.0
1734105600000,1.073,1.102,1.07,1.095,21549091.6
1734120000000,1.095,1.119,1.087,1.109,10540264.7
1734134400000,1.108,1.113,1.082,1.087,13252372.2
1734148800000,1.086,1.104,1.08,1.089,12971732.5
1734163200000,1.088,1.103,1.067,1.069,13434694.3
1734177600000,1.069,1.072,1.029,1.047,29348677.3
1734192000000,1.046,1.052,1.019,1.031,19473426.3
1734206400000,1.032,1.044,1.015,1.042,11840898.1
1734220800000,1.042,1.051,1.023,1.03,12834950.8
1734235200000,1.031,1.05,1.013,1.022,14670897.7
1734249600000,1.022,1.073,1.021,1.065,22003585.3
1734264000000,1.065,1.101,1.06,1.081,30629746.9
1734278400000,1.08,1.084,1.061,1.066,18115990.6
1734292800000,1.067,1.087,1.024,1.081,28875155.0
1734307200000,1.081,1.107,1.055,1.064,25511528.8
1734321600000,1.063,1.071,1.047,1.052,17250061.7
1734336000000,1.052,1.056,1.015,1.02,21444672.2
1734350400000,1.02,1.046,1.017,1.039,26830226.1
1734364800000,1.039,1.082,1.039,1.066,33519009.4
1734379200000,1.066,1.074,1.032,1.037,14886484.5
1734393600000,1.037,1.043,1.017,1.036,20556106.0
1734408000000,1.036,1.036,1.015,1.027,16089460.2
1734422400000,1.028,1.092,1.027,1.076,38752653.3
1734436800000,1.076,1.085,1.028,1.037,39823873.5
1734451200000,1.037,1.078,1.026,1.064,23729456.1
1734465600000,1.065,1.072,1.017,1.03,27524956.2
1734480000000,1.031,1.042,1.005,1.007,27414294.2
1734494400000,1.006,1.008,0.971,0.985,31325659.0
1734508800000,0.985,1.007,0.976,1.001,20034313.1
1734523200000,1.001,1.002,0.961,0.973,34023860.3
1734537600000,0.973,1.003,0.961,0.961,38271276.0
1734552000000,0.961,0.97,0.885,0.901,118178672.9
1734566400000,0.9,0.913,0.844,0.906,64565715.9
1734580800000,0.906,0.918,0.9,0.906,17517618.7
1734595200000,0.906,0.927,0.894,0.922,18965904.8
1734609600000,0.922,0.927,0.871,0.89,34839734.3
1734624000000,0.891,0.903,0.81,0.825,90824256.2
1734638400000,0.826,0.847,0.801,0.818,41795672.3
1734652800000,0.818,0.856,0.804,0.839,24416431.5
1734667200000,0.839,0.846,0.799,0.816,22595254.5
1734681600000,0.815,0.818,0.702,0.707,103198778.8
1734696000000,0.706,0.804,0.704,0.798,60280734.9
1734710400000,0.798,0.836,0.792,0.829,25334400.7
1734724800000,0.829,0.85,0.81,0.84,20197647.8
1734739200000,0.84,0.848,0.829,0.843,15829285.2
1734753600000,0.844,0.889,0.841,0.878,17450297.0
1734768000000,0.877,0.882,0.847,0.858,18402057.1
1734782400000,0.859,0.859,0.793,0.818,45296955.6
1734796800000,0.819,0.822,0.781,0.795,29369811.6
1734811200000,0.795,0.804,0.777,0.79,18659993.0
1734825600000,0.79,0.803,0.779,0.794,22284362.1
1734840000000,0.793,0.795,0.765,0.782,20716809.1
1734854400000,0.782,0.814,0.782,0.797,20972711.3
1734868800000,0.797,0.811,0.775,0.786,29489531.6
1734883200000,0.787,0.805,0.768,0.771,22250835.5
1734897600000,0.771,0.796,0.761,0.784,21114754.5
1734912000000,0.784,0.812,0.761,0.81,28853592.0
1734926400000,0.81,0.818,0.78,0.793,22856131.8
1734940800000,0.794,0.811,0.788,0.795,16107391.4
1734955200000,0.796,0.807,0.779,0.782,26925209.1
1734969600000,0.783,0.81,0.781,0.803,17729203.6
1734984000000,0.803,0.856,0.802,0.845,23849304.3
1734998400000,0.844,0.85,0.822,0.84,15931286.1
1735012800000,0.84,0.851,0.825,0.833,12679302.7
1735027200000,0.832,0.845,0.829,0.841,14554601.7
1735041600000,0.842,0.885,0.833,0.884,23439432.5
1735056000000,0.884,0.89,0.862,0.863,16148725.5
1735070400000,0.862,0.877,0.853,0.87,14509426.2
1735084800000,0.869,0.871,0.851,0.858,10279122.8
1735099200000,0.859,0.869,0.851,0.853,8336431.8
1735113600000,0.853,0.878,0.849,0.85,16071838.3
1735128000000,0.85,0.861,0.842,0.844,13899676.6
1735142400000,0.844,0.851,0.832,0.845,11338386.5
1735156800000,0.845,0.849,0.83,0.844,13275352.9
1735171200000,0.844,0.853,0.817,0.82,19393229.8
1735185600000,0.82,0.82,0.802,0.804,15638180.8
1735200000000,0.805,0.807,0.779,0.793,24906993.2
1735214400000,0.793,0.799,0.783,0.784,20991666.6
1735228800000,0.784,0.794,0.772,0.786,16248979.9
1735243200000,0.786,0.788,0.771,0.782,11232830.0
1735257600000,0.783,0.799,0.777,0.795,14293517.9
1735272000000,0.795,0.809,0.783,0.79,19932498.6
1735286400000,0.79,0.825,0.789,0.812,21899227.7
1735300800000,0.812,0.816,0.776,0.781,21946544.1
1735315200000,0.781,0.801,0.774,0.796,16398100.0
1735329600000,0.796,0.797,0.776,0.784,11867717.8
1735344000000,0.785,0.789,0.776,0.786,10580138.4
1735358400000,0.787,0.789,0.776,0.777,8299877.8
1735372800000,0.778,0.787,0.777,0.782,8768475.0
1735387200000,0.783,0.805,0.775,0.786,16380711.1
1735401600000,0.786,0.809,0.785,0.796,11722533.4
1735416000000,0.796,0.813,0.794,0.808,8653253.8
1735430400000,0.807,0.816,0.8,0.816,10903673.6
1735444800000,0.815,0.817,0.805,0.814,5903555.8
1735459200000,0.815,0.816,0.8,0.801,6124282.3
1735473600000,0.801,0.81,0.791,0.796,14237335.1
1735488000000,0.797,0.797,0.782,0.785,9259685.9
1735502400000,0.785,0.786,0.766,0.775,18251278.3
1735516800000,0.775,0.806,0.771,0.791,17597212.9
1735531200000,0.792,0.805,0.782,0.793,14206378.2
1735545600000,0.793,0.801,0.779,0.787,11859276.1
1735560000000,0.787,0.796,0.748,0.757,35374752.6
1735574400000,0.756,0.792,0.746,0.79,21933689.4
1735588800000,0.79,0.801,0.765,0.773,26719177.7
1735603200000,0.773,0.774,0.752,0.754,15579307.9
1735617600000,0.754,0.762,0.749,0.757,12870076.1
1735632000000,0.757,0.78,0.755,0.773,15913899.0
1735646400000,0.774,0.805,0.774,0.794,31006770.9
1735660800000,0.794,0.802,0.775,0.782,17301678.0
1735675200000,0.782,0.786,0.77,0.775,9195251.7
1735689600000,0.775,0.786,0.773,0.775,7322266.2
1735704000000,0.776,0.779,0.77,0.776,8181269.5
1735718400000,0.776,0.779,0.758,0.77,14242541.1
1735732800000,0.769,0.796,0.768,0.795,18104700.8
1735747200000,0.795,0.821,0.784,0.813,24492504.1
1735761600000,0.813,0.822,0.807,0.812,13516267.4
1735776000000,0.811,0.83,0.811,0.817,16723552.8
1735790400000,0.818,0.828,0.815,0.821,9277071.2
1735804800000,0.821,0.836,0.818,0.829,10234947.9
1735819200000,0.829,0.835,0.816,0.821,19000292.9
1735833600000,0.82,0.831,0.816,0.819,12680801.7
1735848000000,0.818,0.823,0.81,0.82,7159484.1
1735862400000,0.82,0.836,0.812,0.834,10398155.3
1735876800000,0.833,0.833,0.815,0.817,10990358.5
1735891200000,0.818,0.851,0.817,0.848,16582712.3
1735905600000,0.849,0.95,0.848,0.938,115667581.5
1735920000000,0.939,0.959,0.931,0.938,46992235.6
1735934400000,0.937,0.942,0.923,0.927,15593147.9
1735948800000,0.926,0.954,0.908,0.936,44238625.6
1735963200000,0.936,0.938,0.921,0.923,14345152.5
1735977600000,0.923,0.926,0.91,0.913,13607663.8
1735992000000,0.912,0.924,0.888,0.895,27533680.6
1736006400000,0.895,0.906,0.892,0.902,13447015.4
1736020800000,0.902,0.907,0.898,0.9,6487003.9
1736035200000,0.9,0.902,0.886,0.891,11427019.8
1736049600000,0.892,0.907,0.891,0.902,10135114.1
1736064000000,0.903,0.905,0.884,0.889,13399363.3
1736078400000,0.889,0.902,0.881,0.896,13799493.8
1736092800000,0.897,0.906,0.889,0.901,11907821.2
1736107200000,0.901,0.909,0.896,0.901,8100362.3
1736121600000,0.901,0.923,0.888,0.919,19730707.0
1736136000000,0.919,0.922,0.901,0.905,10163631.7
1736150400000,0.905,0.918,0.898,0.913,10183486.4
1736164800000,0.913,0.931,0.903,0.928,21009612.1
1736179200000,0.929,0.942,0.918,0.924,15454974.6
1736193600000,0.924,0.925,0.909,0.917,9682157.5
1736208000000,0.918,0.92,0.904,0.909,8949105.4
1736222400000,0.91,0.92,0.901,0.918,7808839.4
1736236800000,0.918,0.932,0.906,0.913,13496342.3
1736251200000,0.913,0.928,0.84,0.855,71746355.8
1736265600000,0.855,0.864,0.825,0.828,25732198.2
1736280000000,0.828,0.835,0.815,0.819,15711303.2
1736294400000,0.82,0.833,0.806,0.813,18559945.8
1736308800000,0.813,0.818,0.787,0.802,26662384.2
1736323200000,0.802,0.813,0.79,0.796,17238542.8
1736337600000,0.797,0.812,0.791,0.804,27196077.1
1736352000000,0.803,0.805,0.75,0.777,48749293.5
1736366400000,0.777,0.798,0.772,0.793,13338321.0
1736380800000,0.793,0.805,0.787,0.797,17685871.3
1736395200000,0.797,0.799,0.771,0.774,14697352.7
1736409600000,0.773,0.794,0.772,0.793,15993164.0
1736424000000,0.793,0.801,0.762,0.795,35570525.5
1736438400000,0.795,0.805,0.771,0.773,25367985.6
1736452800000,0.772,0.785,0.758,0.782,20361230.2
1736467200000,0.782,0.793,0.778,0.788,9740607.4
1736481600000,0.788,0.807,0.785,0.799,11585474.8
1736496000000,0.799,0.804,0.794,0.8,9454668.7
1736510400000,0.8,0.816,0.776,0.792,37064178.8
1736524800000,0.792,0.814,0.781,0.811,18549253.5
1736539200000,0.811,0.812,0.795,0.798,10753079.8
1736553600000,0.797,0.801,0.786,0.79,9309093.2
1736568000000,0.79,0.796,0.784,0.789,6765480.4
1736582400000,0.789,0.795,0.781,0.792,8544884.5
1736596800000,0.792,0.796,0.784,0.787,7879482.9
1736611200000,0.788,0.796,0.785,0.789,7733711.1
1736625600000,0.79,0.82,0.787,0.805,13863560.3
1736640000000,0.805,0.811,0.799,0.807,8430923.5
1736654400000,0.807,0.811,0.793,0.802,7301542.1
1736668800000,0.802,0.804,0.784,0.793,9965251.8
1736683200000,0.793,0.804,0.789,0.799,11774167.2
1736697600000,0.799,0.808,0.794,0.797,8511681.5
1736712000000,0.797,0.8,0.778,0.788,8143638.9
1736726400000,0.788,0.809,0.764,0.768,29844042.0
1736740800000,0.768,0.78,0.749,0.759,19042052.6
1736755200000,0.758,0.76,0.72,0.722,35504353.2
1736769600000,0.721,0.756,0.707,0.748,57087438.1
1736784000000,0.749,0.751,0.723,0.736,28555714.1
1736798400000,0.736,0.774,0.731,0.764,21453721.8
1736812800000,0.763,0.774,0.759,0.766,11197275.3
1736827200000,0.767,0.777,0.765,0.767,8322336.1
1736841600000,0.768,0.792,0.768,0.783,14109428.0
1736856000000,0.783,0.795,0.775,0.788,17288712.3
1736870400000,0.789,0.8,0.78,0.794,12072397.5
1736884800000,0.793,0.8,0.787,0.793,6507960.7
1736899200000,0.794,0.811,0.79,0.806,19560458.6
1736913600000,0.807,0.829,0.801,0.826,16111353.2
1736928000000,0.827,0.835,0.794,0.802,26792187.7
1736942400000,0.803,0.852,0.795,0.843,39153576.0
1736956800000,0.842,0.851,0.83,0.846,15793559.8
1736971200000,0.846,0.877,0.842,0.87,19059407.6
1736985600000,0.87,0.874,0.847,0.858,18574221.8
1737000000000,0.858,0.864,0.853,0.857,8367218.9
1737014400000,0.857,0.866,0.841,0.865,18143943.5
1737028800000,0.865,0.897,0.854,0.89,45648953.8
1737043200000,0.891,0.967,0.888,0.953,54052224.1
1737057600000,0.953,0.974,0.915,0.925,60862417.2
1737072000000,0.926,1.022,0.925,1.011,79867399.0
1737086400000,1.012,1.034,0.992,0.997,68582190.3
1737100800000,0.997,1.004,0.98,0.997,44981326.1
1737115200000,0.997,0.999,0.974,0.985,44925107.3
1737129600000,0.985,0.994,0.976,0.981,31136101.6
1737144000000,0.981,0.999,0.981,0.986,18117287.0
1737158400000,0.986,0.992,0.939,0.943,48613971.7
1737172800000,0.942,0.95,0.904,0.912,46882805.1
1737187200000,0.912,0.924,0.893,0.923,43453003.3
1737201600000,0.923,0.938,0.909,0.91,31029006.7
1737216000000,0.91,0.913,0.893,0.912,35939341.2
1737230400000,0.912,0.929,0.899,0.925,13891703.0
1737244800000,0.925,0.949,0.91,0.915,28822258.6
1737259200000,0.914,0.915,0.879,0.887,22827049.5
1737273600000,0.886,0.886,0.835,0.842,50317685.6
1737288000000,0.842,0.895,0.84,0.879,35881457.4
1737302400000,0.879,0.887,0.868,0.882,15946336.9
1737316800000,0.883,0.886,0.794,0.814,77564766.9
1737331200000,0.814,0.83,0.787,0.827,49850955.2
1737345600000,0.827,0.893,0.818,0.87,42712392.5
1737360000000,0.871,0.885,0.854,0.869,19284234.9
1737374400000,0.87,0.872,0.832,0.843,29213406.3
1737388800000,0.843,0.862,0.803,0.834,57982139.4
1737403200000,0.834,0.837,0.807,0.822,14416809.8
1737417600000,0.823,0.826,0.793,0.806,26557750.0
1737432000000,0.805,0.812,0.79,0.807,18811171.6
1737446400000,0.807,0.834,0.801,0.832,20362894.8
1737460800000,0.832,0.848,0.817,0.829,19953507.7
1737475200000,0.829,0.865,0.826,0.859,15999989.8
1737489600000,0.859,0.86,0.842,0.847,11402029.4
1737504000000,0.847,0.851,0.838,0.841,8258550.8
1737518400000,0.841,0.844,0.823,0.826,7549859.0
1737532800000,0.826,0.838,0.817,0.836,8464145.5
1737547200000,0.837,0.841,0.815,0.821,14495090.3
1737561600000,0.82,0.831,0.811,0.817,11663070.5
1737576000000,0.817,0.822,0.802,0.808,10649307.7
1737590400000,0.807,0.809,0.784,0.789,14627946.3
1737604800000,0.789,0.791,0.777,0.787,13531675.7
1737619200000,0.786,0.788,0.767,0.773,16794672.7
1737633600000,0.773,0.804,0.767,0.797,32963915.4
1737648000000,0.797,0.812,0.776,0.78,22947470.1
1737662400000,0.78,0.804,0.775,0.798,32032416.0
1737676800000,0.799,0.801,0.772,0.788,15494038.3
1737691200000,0.787,0.814,0.784,0.805,16182304.1
1737705600000,0.805,0.819,0.802,0.817,12372264.0
1737720000000,0.817,0.833,0.812,0.822,18901663.0
1737734400000,0.822,0.824,0.81,0.813,15026751.6
1737748800000,0.813,0.816,0.79,0.796,12604129.7
1737763200000,0.796,0.812,0.784,0.811,13082121.2
1737777600000,0.812,0.812,0.794,0.799,8609369.6
1737792000000,0.8,0.803,0.791,0.802,7579693.0
1737806400000,0.802,0.81,0.796,0.804,8846648.8
1737820800000,0.805,0.809,0.798,0.806,7394918.5
1737835200000,0.805,0.816,0.802,0.804,8941055.1
1737849600000,0.804,0.813,0.797,0.809,9183334.7
1737864000000,0.809,0.82,0.806,0.811,9344192.4
1737878400000,0.811,0.815,0.798,0.808,9831887.8
1737892800000,0.808,0.809,0.799,0.8,9137030.4
1737907200000,0.8,0.807,0.793,0.803,7733764.3
1737921600000,0.804,0.804,0.773,0.775,24054842.7
1737936000000,0.775,0.78,0.742,0.758,34078296.1
1737950400000,0.757,0.757,0.697,0.722,55093480.5
1737964800000,0.721,0.727,0.705,0.712,29309185.1
1737979200000,0.713,0.753,0.71,0.745,41094295.0
1737993600000,0.745,0.751,0.726,0.735,22598035.1
1738008000000,0.735,0.767,0.734,0.762,17574314.6
1738022400000,0.761,0.77,0.749,0.766,12382276.8
1738036800000,0.766,0.776,0.764,0.769,12519521.4
1738051200000,0.77,0.774,0.763,0.767,13293208.2
1738065600000,0.768,0.779,0.756,0.777,20795414.4
1738080000000,0.778,0.78,0.754,0.761,15389522.5
1738094400000,0.761,0.762,0.717,0.722,24743853.2
1738108800000,0.722,0.741,0.718,0.739,18282059.4
1738123200000,0.739,0.751,0.734,0.748,11887218.0
1738137600000,0.748,0.753,0.736,0.74,9460619.6
1738152000000,0.74,0.742,0.716,0.724,18343077.2
1738166400000,0.723,0.745,0.71,0.739,34888269.8
1738180800000,0.74,0.761,0.73,0.734,25174134.3
1738195200000,0.734,0.758,0.728,0.757,12721123.7
1738209600000,0.758,0.772,0.756,0.763,10843719.1
1738224000000,0.763,0.77,0.757,0.765,9980877.1
1738238400000,0.765,0.784,0.76,0.778,18093109.6
1738252800000,0.778,0.782,0.768,0.776,12967744.9
1738267200000,0.776,0.778,0.766,0.766,8490151.8
1738281600000,0.766,0.771,0.752,0.758,13509698.6
1738296000000,0.759,0.773,0.751,0.763,9204035.8
1738310400000,0.763,0.789,0.756,0.785,16547767.9
1738324800000,0.786,0.819,0.782,0.817,34841629.5
1738339200000,0.817,0.82,0.781,0.784,27165850.4
1738353600000,0.784,0.79,0.776,0.787,14459070.8
1738368000000,0.787,0.808,0.776,0.803,16191863.2
1738382400000,0.804,0.814,0.797,0.799,13927151.7
1738396800000,0.8,0.802,0.784,0.798,19976163.0
1738411200000,0.797,0.819,0.785,0.79,40021368.5
1738425600000,0.791,0.806,0.769,0.772,31690315.3
1738440000000,0.771,0.772,0.732,0.737,26201644.6
1738454400000,0.737,0.758,0.717,0.719,30617038.0
1738468800000,0.719,0.738,0.713,0.723,24025749.2
1738483200000,0.723,0.736,0.703,0.706,21167300.1
1738497600000,0.705,0.718,0.698,0.709,26067209.6
1738512000000,0.708,0.709,0.634,0.658,117736108.6
1738526400000,0.659,0.668,0.598,0.64,71242591.4
1738540800000,0.639,0.64,0.485,0.546,200034502.6
1738555200000,0.547,0.585,0.525,0.582,67596002.8
1738569600000,0.582,0.597,0.564,0.588,48866292.1
1738584000000,0.588,0.621,0.56,0.618,93209859.5
1738598400000,0.617,0.647,0.615,0.645,39817611.2
1738612800000,0.646,0.655,0.623,0.645,30514107.1
1738627200000,0.644,0.656,0.622,0.624,19281368.6
1738641600000,0.624,0.627,0.576,0.579,48981606.2
1738656000000,0.579,0.604,0.573,0.594,29951667.0
1738670400000,0.595,0.615,0.592,0.604,41324934.3
1738684800000,0.604,0.641,0.6,0.622,32637172.2
1738699200000,0.622,0.643,0.602,0.612,82001998.3
1738713600000,0.613,0.622,0.605,0.614,20788527.5
1738728000000,0.614,0.622,0.604,0.616,14679440.6
1738742400000,0.617,0.627,0.612,0.625,15642320.0
1738756800000,0.626,0.63,0.604,0.614,36820614.3
1738771200000,0.614,0.617,0.589,0.607,36081327.8
1738785600000,0.606,0.61,0.588,0.599,18011610.9
1738800000000,0.599,0.614,0.594,0.61,15883524.5
1738814400000,0.61,0.616,0.606,0.611,11632464.7
1738828800000,0.611,0.616,0.601,0.608,15379485.2
1738843200000,0.608,0.609,0.571,0.574,49486245.7
1738857600000,0.573,0.584,0.567,0.572,35484610.6
1738872000000,0.572,0.585,0.569,0.577,17727084.7
1738886400000,0.577,0.591,0.572,0.584,21785537.6
1738900800000,0.585,0.59,0.571,0.581,15477033.8
1738915200000,0.581,0.6,0.578,0.597,18584878.5
1738929600000,0.597,0.616,0.59,0.603,45481942.9
1738944000000,0.603,0.607,0.588,0.593,25682069.2
1738958400000,0.593,0.594,0.565,0.583,28572049.4
1738972800000,0.584,0.589,0.576,0.58,12504575.0
1738987200000,0.579,0.589,0.575,0.585,11368301.4
1739001600000,0.585,0.588,0.58,0.585,9211793.1
1739016000000,0.585,0.594,0.58,0.587,18554362.5
1739030400000,0.588,0.603,0.585,0.599,13669551.4
1739044800000,0.6,0.608,0.598,0.605,7135520.9
1739059200000,0.606,0.621,0.601,0.618,10330329.7
1739073600000,0.618,0.618,0.61,0.616,9025984.5
1739088000000,0.616,0.619,0.611,0.614,8411277.2
1739102400000,0.613,0.615,0.601,0.61,14668935.3
1739116800000,0.611,0.614,0.602,0.604,8522887.3
1739131200000,0.604,0.608,0.576,0.602,25085529.1
1739145600000,0.601,0.614,0.584,0.605,26129037.2
1739160000000,0.606,0.632,0.602,0.628,18804565.9
1739174400000,0.629,0.648,0.628,0.641,22927064.0
1739188800000,0.641,0.65,0.631,0.637,23780384.2
1739203200000,0.637,0.645,0.633,0.64,14601894.3
1739217600000,0.64,0.644,0.635,0.639,9822181.8
1739232000000,0.638,0.648,0.634,0.642,11788751.1
1739246400000,0.643,0.667,0.642,0.649,21624641.8
1739260800000,0.649,0.653,0.64,0.647,13331343.6
1739275200000,0.647,0.649,0.624,0.632,22850194.1
1739289600000,0.633,0.635,0.607,0.612,19231147.4
1739304000000,0.611,0.633,0.61,0.624,19024822.7
1739318400000,0.624,0.628,0.612,0.622,22359175.5
1739332800000,0.621,0.631,0.618,0.625,13237817.5
1739347200000,0.625,0.641,0.624,0.636,13108061.7
1739361600000,0.636,0.652,0.621,0.642,48623923.4
1739376000000,0.643,0.669,0.638,0.659,20599255.0
1739390400000,0.659,0.67,0.653,0.66,12711787.2
1739404800000,0.66,0.662,0.65,0.657,12689404.4
1739419200000,0.658,0.658,0.639,0.644,13158071.0
1739433600000,0.643,0.646,0.635,0.643,13581059.6
1739448000000,0.642,0.648,0.632,0.643,24148066.8
1739462400000,0.643,0.648,0.634,0.639,19395613.7
1739476800000,0.64,0.65,0.638,0.643,9718641.7
1739491200000,0.643,0.653,0.639,0.652,13966263.3
1739505600000,0.652,0.652,0.636,0.637,10184999.3
1739520000000,0.637,0.656,0.636,0.651,17160537.6
1739534400000,0.652,0.662,0.645,0.658,17463419.6
1739548800000,0.657,0.684,0.652,0.678,21985768.4
1739563200000,0.678,0.682,0.656,0.666,17375456.1
1739577600000,0.666,0.675,0.659,0.668,10223847.7
1739592000000,0.668,0.672,0.652,0.654,9927487.2
1739606400000,0.653,0.66,0.65,0.655,11900005.7
1739620800000,0.655,0.664,0.648,0.652,15085840.5
1739635200000,0.652,0.658,0.648,0.648,12320237.3
1739649600000,0.648,0.65,0.64,0.645,7703039.1
1739664000000,0.644,0.65,0.633,0.639,9023604.3
1739678400000,0.639,0.642,0.633,0.634,6592193.5
1739692800000,0.634,0.649,0.632,0.647,7068923.3
1739707200000,0.647,0.648,0.626,0.634,11860692.3
1739721600000,0.634,0.638,0.624,0.631,9901185.3
1739736000000,0.631,0.633,0.623,0.629,10429552.7
1739750400000,0.63,0.642,0.628,0.633,10622531.7
1739764800000,0.634,0.638,0.62,0.629,15374588.7
1739779200000,0.628,0.647,0.624,0.638,12783122.0
1739793600000,0.638,0.653,0.633,0.635,12882083.4
1739808000000,0.635,0.641,0.619,0.63,19979947.9
1739822400000,0.63,0.643,0.629,0.637,10459977.6
1739836800000,0.637,0.64,0.628,0.636,9240681.3
1739851200000,0.636,0.638,0.607,0.614,21191367.7
1739865600000,0.615,0.619,0.603,0.612,14334831.4
1739880000000,0.612,0.624,0.597,0.601,20541936.8
1739894400000,0.6,0.608,0.591,0.6,29736630.5
1739908800000,0.599,0.616,0.596,0.614,14434155.9
1739923200000,0.614,0.619,0.606,0.614,10579106.2
1739937600000,0.613,0.623,0.601,0.619,12247689.6
1739952000000,0.618,0.623,0.613,0.62,10772406.9
1739966400000,0.62,0.624,0.611,0.615,13394113.5
1739980800000,0.615,0.626,0.615,0.624,12817320.7
1739995200000,0.624,0.633,0.622,0.633,10819316.7
1740009600000,0.633,0.653,0.628,0.649,17482944.6
1740024000000,0.649,0.659,0.637,0.637,14349184.9
1740038400000,0.638,0.651,0.636,0.642,12388572.9
1740052800000,0.643,0.654,0.636,0.638,27944151.6
1740067200000,0.639,0.653,0.637,0.646,14043421.8
1740081600000,0.647,0.649,0.641,0.643,15106622.6
1740096000000,0.642,0.644,0.637,0.638,13525034.5
1740110400000,0.639,0.648,0.638,0.647,7050199.3
1740124800000,0.648,0.659,0.645,0.652,8951303.6
1740139200000,0.652,0.666,0.632,0.639,23135424.0
1740153600000,0.639,0.65,0.607,0.611,29415459.8
1740168000000,0.61,0.621,0.606,0.62,17934686.8
1740182400000,0.621,0.63,0.617,0.623,10961297.0
1740196800000,0.623,0.631,0.622,0.624,7739514.2
1740211200000,0.623,0.63,0.622,0.629,7946776.3
1740225600000,0.63,0.634,0.626,0.632,9768656.7
1740240000000,0.631,0.65,0.631,0.642,12203455.6
1740254400000,0.642,0.647,0.641,0.643,6149324.4
1740268800000,0.644,0.648,0.637,0.642,7481726.6
1740283200000,0.642,0.659,0.639,0.657,7283417.4
1740297600000,0.658,0.66,0.645,0.646,8646593.1
1740312000000,0.646,0.649,0.634,0.636,14494937.5
1740326400000,0.635,0.644,0.634,0.639,9050917.8
1740340800000,0.64,0.646,0.634,0.642,8828594.7
1740355200000,0.642,0.644,0.617,0.62,21812629.5
1740369600000,0.619,0.626,0.609,0.622,16718067.5
1740384000000,0.621,0.622,0.608,0.615,15395819.6
1740398400000,0.615,0.619,0.595,0.603,24517327.6
1740412800000,0.602,0.606,0.58,0.589,22112321.9
1740427200000,0.589,0.597,0.554,0.566,43046731.8
1740441600000,0.565,0.57,0.55,0.559,31275079.4
1740456000000,0.56,0.563,0.523,0.539,55486420.5
1740470400000,0.539,0.554,0.525,0.552,41061062.9
1740484800000,0.552,0.556,0.534,0.545,44161641.0
1740499200000,0.545,0.562,0.54,0.561,34668976.5
1740513600000,0.56,0.573,0.558,0.563,25373827.1
1740528000000,0.564,0.571,0.556,0.567,21391782.4
1740542400000,0.568,0.57,0.559,0.561,12883359.4
1740556800000,0.561,0.569,0.556,0.562,17125806.4
1740571200000,0.562,0.571,0.548,0.566,48152702.5
1740585600000,0.567,0.569,0.536,0.546,70053220.2
1740600000000,0.545,0.57,0.538,0.556,39141851.6
1740614400000,0.556,0.566,0.551,0.564,23067531.6
1740628800000,0.565,0.572,0.559,0.568,12397547.4
1740643200000,0.568,0.574,0.565,0.569,16523926.3
1740657600000,0.569,0.572,0.558,0.564,27155983.0
1740672000000,0.564,0.568,0.555,0.557,19638619.9
1740686400000,0.557,0.563,0.545,0.562,23871058.6
1740700800000,0.562,0.562,0.519,0.521,64783379.9
1740715200000,0.521,0.526,0.512,0.518,48632923.8
1740729600000,0.518,0.535,0.51,0.529,27040854.5
1740744000000,0.529,0.56,0.526,0.556,35221121.8
1740758400000,0.557,0.567,0.552,0.563,20495725.4
1740772800000,0.564,0.566,0.559,0.56,12312729.6
1740787200000,0.56,0.565,0.552,0.56,14316430.8
1740801600000,0.56,0.567,0.556,0.558,11935957.1
1740816000000,0.558,0.563,0.548,0.55,16105889.1
1740830400000,0.55,0.552,0.539,0.549,18235072.3
1740844800000,0.549,0.556,0.546,0.552,13089261.6
1740859200000,0.552,0.568,0.55,0.561,13472728.8
1740873600000,0.562,0.57,0.557,0.567,14314609.2
1740888000000,0.566,0.57,0.561,0.562,8158531.2
1740902400000,0.562,0.571,0.561,0.565,7895414.1
1740916800000,0.566,0.595,0.555,0.584,41422744.0
1740931200000,0.585,0.641,0.584,0.627,87748145.1
1740945600000,0.627,0.642,0.625,0.64,19160259.5
1740960000000,0.641,0.646,0.62,0.625,29920732.1
1740974400000,0.625,0.628,0.595,0.609,27185478.6
1740988800000,0.609,0.609,0.59,0.605,29019340.8
1741003200000,0.605,0.614,0.588,0.598,41960816.2
1741017600000,0.599,0.605,0.548,0.551,49541211.5
1741032000000,0.551,0.559,0.542,0.551,27152076.4
1741046400000,0.552,0.556,0.514,0.531,47001515.0
1741060800000,0.532,0.542,0.53,0.534,19917447.7
1741075200000,0.535,0.54,0.53,0.532,14328730.3
1741089600000,0.533,0.548,0.516,0.534,54258744.4
1741104000000,0.534,0.545,0.5,0.541,40366888.6
1741118400000,0.541,0.549,0.531,0.534,21932567.2
1741132800000,0.534,0.542,0.527,0.529,20546619.5
1741147200000,0.528,0.538,0.528,0.536,10021636.0
1741161600000,0.536,0.553,0.535,0.542,19736013.6
1741176000000,0.542,0.548,0.533,0.538,36073310.8
1741190400000,0.538,0.557,0.532,0.555,29039008.4
1741204800000,0.555,0.562,0.553,0.553,14804459.3
1741219200000,0.553,0.563,0.55,0.56,21550573.4
1741233600000,0.561,0.57,0.556,0.558,15572575.3
1741248000000,0.558,0.564,0.556,0.563,16663061.7
1741262400000,0.563,0.564,0.546,0.556,28761300.9
1741276800000,0.556,0.559,0.533,0.538,26712118.7
1741291200000,0.538,0.55,0.536,0.543,12975239.1
1741305600000,0.542,0.546,0.511,0.535,44643166.6
1741320000000,0.535,0.549,0.534,0.547,11601203.3
1741334400000,0.548,0.56,0.544,0.556,14728419.6
1741348800000,0.556,0.569,0.552,0.556,30025972.6
1741363200000,0.557,0.568,0.542,0.562,25021265.1
1741377600000,0.561,0.564,0.54,0.545,25624495.3
1741392000000,0.545,0.549,0.534,0.541,14039370.4
1741406400000,0.541,0.546,0.536,0.538,9039610.8
1741420800000,0.537,0.541,0.531,0.535,11943434.1
1741435200000,0.535,0.543,0.532,0.538,12790428.0
1741449600000,0.539,0.542,0.531,0.54,11190008.6
1741464000000,0.54,0.541,0.531,0.534,6528909.9
1741478400000,0.534,0.538,0.528,0.53,9403065.3
1741492800000,0.53,0.532,0.524,0.53,9117782.9
1741507200000,0.529,0.53,0.515,0.519,16403391.8
1741521600000,0.519,0.522,0.504,0.507,23651263.6
1741536000000,0.506,0.51,0.477,0.485,52323408.3
1741550400000,0.485,0.492,0.474,0.481,24939512.5
1741564800000,0.481,0.497,0.475,0.494,27615209.0
1741579200000,0.495,0.499,0.492,0.497,13081231.5
1741593600000,0.497,0.514,0.49,0.507,32329231.9
1741608000000,0.508,0.512,0.482,0.491,47212835.6
1741622400000,0.491,0.494,0.45,0.467,62737024.8
1741636800000,0.466,0.469,0.457,0.458,25798623.3
1741651200000,0.459,0.467,0.432,0.46,55750154.5
1741665600000,0.46,0.473,0.458,0.467,23227712.8
1741680000000,0.466,0.476,0.465,0.472,19178955.1
1741694400000,0.472,0.482,0.459,0.478,51058701.0
1741708800000,0.479,0.5,0.475,0.497,29422944.0
1741723200000,0.497,0.499,0.483,0.485,13567219.9
1741737600000,0.485,0.493,0.475,0.476,22375230.8
1741752000000,0.476,0.486,0.471,0.485,17360165.4
1741766400000,0.485,0.495,0.482,0.493,23544448.2
1741780800000,0.493,0.507,0.478,0.486,35126031.9
1741795200000,0.486,0.498,0.484,0.496,18134873.0
1741809600000,0.495,0.5,0.494,0.496,10353280.9
1741824000000,0.496,0.501,0.493,0.495,15176514.8
1741838400000,0.495,0.5,0.492,0.494,15058850.0
1741852800000,0.495,0.505,0.489,0.5,18750387.8
1741867200000,0.5,0.509,0.492,0.498,27329657.1
1741881600000,0.497,0.498,0.482,0.487,15922355.2
1741896000000,0.487,0.5,0.486,0.496,12846339.9
1741910400000,0.495,0.505,0.493,0.501,8330424.5
1741924800000,0.501,0.502,0.496,0.499,6086949.0
1741939200000,0.499,0.504,0.498,0.5,7523457.2
1741953600000,0.5,0.512,0.495,0.51,21294057.7
1741968000000,0.51,0.512,0.505,0.506,10518649.5
1741982400000,0.506,0.508,0.501,0.502,7999754.4
1741996800000,0.501,0.504,0.497,0.501,9271671.3
1742011200000,0.501,0.503,0.495,0.498,6375063.1
1742025600000,0.499,0.503,0.496,0.502,6934073.5
1742040000000,0.503,0.503,0.498,0.5,5203273.8
1742054400000,0.501,0.504,0.498,0.501,6280926.0
1742068800000,0.5,0.507,0.5,0.503,6159532.0
1742083200000,0.503,0.506,0.497,0.503,6506329.5
1742097600000,0.503,0.509,0.502,0.505,4893121.0
1742112000000,0.506,0.506,0.48,0.48,16934365.9
1742126400000,0.481,0.484,0.471,0.479,22463267.6
1742140800000,0.479,0.491,0.47,0.475,25121716.6
1742155200000,0.476,0.478,0.471,0.476,10775615.7
1742169600000,0.476,0.488,0.475,0.486,10586638.4
1742184000000,0.486,0.488,0.477,0.483,11809169.1
1742198400000,0.484,0.49,0.48,0.487,7746201.2
1742212800000,0.487,0.495,0.485,0.492,23082046.3
1742227200000,0.493,0.504,0.488,0.502,13048727.9
1742241600000,0.501,0.504,0.498,0.5,7044442.9
1742256000000,0.499,0.501,0.487,0.49,12934863.3
1742270400000,0.49,0.495,0.486,0.491,13751866.3
1742284800000,0.492,0.495,0.487,0.488,10781354.3
1742299200000,0.488,0.497,0.486,0.493,19446223.5
1742313600000,0.492,0.524,0.487,0.508,99433280.3
1742328000000,0.507,0.587,0.504,0.574,134243291.2
1742342400000,0.573,0.665,0.573,0.65,273977300.3
1742356800000,0.65,0.656,0.602,0.605,151135193.3
1742371200000,0.605,0.612,0.569,0.579,158901996.9
1742385600000,0.578,0.581,0.563,0.57,84999755.0
1742400000000,0.57,0.577,0.558,0.571,60480312.3
1742414400000,0.571,0.582,0.568,0.581,27944294.8
1742428800000,0.581,0.584,0.564,0.573,42284310.4
1742443200000,0.573,0.595,0.571,0.587,53090857.3
1742457600000,0.586,0.597,0.574,0.579,34153424.0
1742472000000,0.578,0.582,0.559,0.56,43457622.5
1742486400000,0.561,0.564,0.549,0.56,35279756.4
1742500800000,0.559,0.562,0.553,0.555,12580700.6
1742515200000,0.555,0.56,0.551,0.553,19815195.2
1742529600000,0.554,0.556,0.539,0.545,38891478.6
1742544000000,0.546,0.547,0.531,0.537,35979805.5
1742558400000,0.538,0.558,0.531,0.555,39001117.7
1742572800000,0.555,0.57,0.553,0.557,26337423.6
1742587200000,0.558,0.562,0.548,0.55,12717777.3
1742601600000,0.549,0.552,0.541,0.55,15906266.8
1742616000000,0.55,0.559,0.545,0.556,16233872.5
1742630400000,0.557,0.562,0.553,0.554,21848526.6
1742644800000,0.553,0.555,0.545,0.553,17776069.8
1742659200000,0.553,0.558,0.55,0.556,12883582.0
1742673600000,0.555,0.558,0.546,0.549,11263640.3
1742688000000,0.549,0.551,0.543,0.55,18693543.5
1742702400000,0.55,0.558,0.542,0.555,15892786.4
1742716800000,0.556,0.567,0.552,0.563,11409664.5
1742731200000,0.563,0.575,0.559,0.569,20632313.4
1742745600000,0.57,0.571,0.561,0.562,16830498.2
1742760000000,0.562,0.565,0.554,0.56,11133179.2
1742774400000,0.56,0.564,0.548,0.559,30270858.7
1742788800000,0.56,0.579,0.559,0.57,22240963.0
1742803200000,0.57,0.582,0.57,0.574,20682110.6
1742817600000,0.574,0.577,0.566,0.57,33965564.2
1742832000000,0.571,0.576,0.565,0.572,16636574.9
1742846400000,0.573,0.58,0.566,0.571,17368521.7
1742860800000,0.571,0.576,0.562,0.574,19025822.9
1742875200000,0.574,0.584,0.567,0.578,18517543.5
1742889600000,0.579,0.581,0.572,0.577,9888022.8
1742904000000,0.577,0.579,0.567,0.569,14668233.4
1742918400000,0.569,0.578,0.567,0.575,10880825.1
1742932800000,0.576,0.578,0.568,0.57,12798830.6
1742947200000,0.57,0.575,0.566,0.573,14034778.9
1742961600000,0.573,0.587,0.573,0.586,11729729.9
1742976000000,0.587,0.594,0.582,0.59,15317844.2
1742990400000,0.589,0.59,0.57,0.581,29926975.2
1743004800000,0.58,0.585,0.572,0.579,26088101.7
1743019200000,0.579,0.584,0.574,0.58,10006915.8
1743033600000,0.58,0.588,0.577,0.584,11382567.0
1743048000000,0.584,0.586,0.577,0.579,25320468.0
1743062400000,0.58,0.581,0.567,0.569,15085249.5
1743076800000,0.568,0.577,0.563,0.574,20735925.1
1743091200000,0.574,0.576,0.564,0.568,11971835.9
1743105600000,0.569,0.586,0.565,0.581,14862378.8
1743120000000,0.581,0.589,0.573,0.579,27979319.9
1743134400000,0.58,0.584,0.568,0.579,34018977.3
1743148800000,0.578,0.6,0.575,0.584,55885844.5
1743163200000,0.585,0.603,0.572,0.582,101655874.7
1743177600000,0.583,0.585,0.572,0.573,28156165.7
1743192000000,0.573,0.585,0.566,0.571,28931764.2
1743206400000,0.571,0.575,0.556,0.575,30580383.7
1743220800000,0.574,0.586,0.557,0.557,36986091.0
1743235200000,0.558,0.564,0.546,0.552,53216943.5
1743249600000,0.553,0.556,0.545,0.551,38557066.7
1743264000000,0.551,0.557,0.543,0.549,31248033.7
1743278400000,0.55,0.55,0.541,0.545,13145371.0
1743292800000,0.546,0.619,0.539,0.58,149367885.6
1743307200000,0.581,0.591,0.577,0.581,40574025.4
1743321600000,0.582,0.596,0.578,0.581,45761486.4
1743336000000,0.581,0.614,0.581,0.594,147593334.7
1743350400000,0.595,0.601,0.581,0.593,52278969.1
1743364800000,0.592,0.598,0.582,0.595,29093166.5
1743379200000,0.595,0.608,0.568,0.576,80795456.7
1743393600000,0.576,0.596,0.572,0.58,53391442.7
1743408000000,0.579,0.643,0.573,0.628,141822156.4
1743422400000,0.628,0.651,0.613,0.619,114313776.5
1743436800000,0.619,0.632,0.616,0.619,37429655.1
1743451200000,0.619,0.622,0.611,0.616,24840569.3
1743465600000,0.616,0.642,0.6,0.636,60272343.0
1743480000000,0.637,0.709,0.635,0.671,230358915.6
1743494400000,0.671,0.696,0.665,0.682,131164751.1
1743508800000,0.681,0.704,0.676,0.702,104223013.7
1743523200000,0.702,0.704,0.675,0.685,59263139.8
1743537600000,0.685,0.696,0.675,0.688,40182448.5
1743552000000,0.687,0.804,0.672,0.792,259019994.9
1743566400000,0.792,0.817,0.761,0.799,373002676.8
1743580800000,0.799,0.84,0.781,0.797,243483756.0
1743595200000,0.797,0.826,0.779,0.814,219426696.6
1743609600000,0.813,0.853,0.808,0.824,194623625.6
1743624000000,0.824,0.877,0.784,0.802,280576311.1
1743638400000,0.802,0.853,0.793,0.828,228510498.7
1743652800000,0.829,0.83,0.796,0.804,154010795.1
1743667200000,0.804,0.813,0.776,0.785,142540880.3
1743681600000,0.785,0.834,0.777,0.823,195049481.8
1743696000000,0.823,0.832,0.807,0.822,102670499.4
1743710400000,0.822,0.883,0.815,0.857,160479286.4
1743724800000,0.856,0.867,0.82,0.834,137247539.1
1743739200000,0.834,0.849,0.814,0.827,95520119.3
1743753600000,0.828,0.845,0.794,0.805,119715139.4
1743768000000,0.806,0.822,0.789,0.798,118981172.8
1743782400000,0.799,0.818,0.78,0.782,64820068.1
1743796800000,0.781,0.797,0.777,0.782,45894603.7
1743811200000,0.782,0.811,0.763,0.8,115170330.8
1743825600000,0.801,0.808,0.754,0.775,143991060.6
1743840000000,0.774,0.803,0.772,0.784,76579927.9
1743854400000,0.784,0.79,0.768,0.769,48562936.7
1743868800000,0.769,0.779,0.758,0.758,37892925.9
1743883200000,0.758,0.764,0.746,0.75,34397499.3
1743897600000,0.751,0.765,0.744,0.748,53071564.2
1743912000000,0.748,0.757,0.741,0.75,38395386.5
1743926400000,0.749,0.762,0.731,0.74,58819302.5
1743940800000,0.74,0.776,0.739,0.767,95939156.2
1743955200000,0.767,0.778,0.743,0.773,137884011.2
1743969600000,0.773,0.794,0.712,0.717,142856298.3
1743984000000,0.717,0.737,0.693,0.703,109028929.7
1743998400000,0.702,0.731,0.678,0.68,164858005.1
1744012800000,0.68,0.746,0.676,0.72,152325422.2
1744027200000,0.72,0.778,0.706,0.745,174068802.2
1744041600000,0.745,0.776,0.717,0.764,82089552.3
1744056000000,0.764,0.784,0.757,0.768,43098511.5
1744070400000,0.768,0.801,0.749,0.775,78547675.8
1744084800000,0.776,0.776,0.725,0.732,58478221.2
1744099200000,0.732,0.748,0.723,0.746,46659288.7
1744113600000,0.746,0.769,0.706,0.713,106828653.6
1744128000000,0.713,0.716,0.681,0.687,83224345.3
1744142400000,0.687,0.689,0.659,0.669,52998451.9
1744156800000,0.669,0.67,0.635,0.664,97058509.7
1744171200000,0.665,0.681,0.654,0.677,63423801.3
1744185600000,0.677,0.686,0.656,0.663,64465858.8
1744200000000,0.664,0.68,0.656,0.666,69745125.7
1744214400000,0.666,0.717,0.665,0.706,101734155.4
1744228800000,0.706,0.719,0.701,0.704,32866188.1
1744243200000,0.703,0.716,0.681,0.69,56080876.5
1744257600000,0.691,0.692,0.666,0.673,34265691.0
1744272000000,0.672,0.675,0.653,0.656,44053972.7
1744286400000,0.656,0.67,0.613,0.616,106277195.8
1744300800000,0.615,0.626,0.606,0.614,54398530.7
1744315200000,0.615,0.628,0.614,0.618,27035742.2
1744329600000,0.618,0.664,0.613,0.638,90273640.8
1744344000000,0.639,0.641,0.625,0.635,36826469.9
1744358400000,0.634,0.638,0.619,0.63,43929216.7
1744372800000,0.629,0.633,0.614,0.622,53577190.6
1744387200000,0.623,0.634,0.618,0.619,38375448.2
1744401600000,0.619,0.626,0.611,0.618,40365847.3
1744416000000,0.617,0.619,0.598,0.604,51881810.7
1744430400000,0.604,0.606,0.588,0.599,57896008.6
1744444800000,0.599,0.609,0.594,0.598,43564061.0
1744459200000,0.599,0.703,0.597,0.69,176068553.4
1744473600000,0.689,0.713,0.667,0.687,118827681.2
1744488000000,0.687,0.713,0.677,0.704,54256481.2
1744502400000,0.704,0.706,0.657,0.661,78998901.5
1744516800000,0.661,0.671,0.653,0.657,61172904.6
1744531200000,0.657,0.666,0.645,0.649,55625991.9
1744545600000,0.649,0.654,0.615,0.625,88399276.0
1744560000000,0.625,0.636,0.605,0.615,72555748.5
1744574400000,0.615,0.622,0.6,0.608,52137452.3
1744588800000,0.609,0.633,0.605,0.621,55140109.7
1744603200000,0.62,0.628,0.613,0.623,43025569.3
1744617600000,0.623,0.627,0.609,0.618,46683214.8
1744632000000,0.618,0.629,0.601,0.604,80401481.7
1744646400000,0.604,0.628,0.601,0.618,56168190.7
1744660800000,0.618,0.622,0.609,0.611,25375984.9
1744675200000,0.612,0.624,0.61,0.613,55881849.1
1744689600000,0.614,0.626,0.611,0.613,31710622.8
1744704000000,0.614,0.62,0.605,0.607,26670705.8
1744718400000,0.608,0.611,0.59,0.6,58149406.5
1744732800000,0.6,0.604,0.589,0.593,40887449.3
1744747200000,0.594,0.598,0.582,0.589,45432364.0
1744761600000,0.589,0.605,0.586,0.597,44703870.4
1744776000000,0.598,0.613,0.593,0.602,37595437.8
1744790400000,0.603,0.618,0.601,0.614,33419389.8
1744804800000,0.615,0.639,0.613,0.633,57170952.1
1744819200000,0.633,0.644,0.623,0.63,64330894.0
1744833600000,0.63,0.633,0.594,0.6,44515457.8
1744848000000,0.6,0.615,0.596,0.609,60397210.0
1744862400000,0.609,0.617,0.606,0.612,43479401.8
1744876800000,0.612,0.621,0.609,0.615,26219939.8
1744891200000,0.615,0.617,0.604,0.615,39421537.2
1744905600000,0.615,0.643,0.612,0.631,45665572.4
1744920000000,0.631,0.636,0.619,0.626,21397239.7
1744934400000,0.626,0.63,0.612,0.619,32372856.0
1744948800000,0.619,0.628,0.617,0.624,20473729.0
1744963200000,0.624,0.63,0.62,0.626,26418743.1
1744977600000,0.627,0.634,0.62,0.624,27299503.5
1744992000000,0.625,0.634,0.619,0.633,23349330.9
1745006400000,0.633,0.633,0.617,0.621,14448073.4
1745020800000,0.621,0.631,0.615,0.63,25224697.7
1745035200000,0.63,0.631,0.62,0.622,15816617.8
1745049600000,0.621,0.625,0.616,0.62,17523573.4
1745064000000,0.62,0.627,0.617,0.625,22362923.2
1745078400000,0.624,0.642,0.624,0.635,21967900.0
1745092800000,0.634,0.641,0.634,0.638,10546750.9
1745107200000,0.638,0.653,0.636,0.638,24329377.5
1745121600000,0.638,0.64,0.627,0.632,16915332.1
1745136000000,0.631,0.632,0.619,0.628,21982074.2
1745150400000,0.628,0.654,0.627,0.648,32086409.9
1745164800000,0.648,0.665,0.647,0.665,29033794.2
1745179200000,0.665,0.669,0.65,0.656,16412696.9
1745193600000,0.655,0.665,0.651,0.653,27036590.6
1745208000000,0.654,0.657,0.647,0.656,17060888.7
1745222400000,0.656,0.658,0.644,0.646,19214474.2
1745236800000,0.646,0.659,0.641,0.645,32595203.1
1745251200000,0.644,0.646,0.624,0.638,26163939.8
1745265600000,0.638,0.639,0.626,0.63,12274579.2
1745280000000,0.629,0.64,0.621,0.636,25166644.1
1745294400000,0.635,0.64,0.624,0.639,20904533.7
1745308800000,0.64,0.641,0.627,0.632,24273709.3
1745323200000,0.631,0.656,0.63,0.65,51827042.7
1745337600000,0.65,0.66,0.644,0.654,27104036.5
1745352000000,0.653,0.674,0.65,0.666,26459173.5
1745366400000,0.665,0.679,0.659,0.676,25531040.5
1745380800000,0.677,0.683,0.666,0.673,24415313.4
1745395200000,0.674,0.676,0.661,0.669,21461939.5
1745409600000,0.668,0.68,0.651,0.666,49972988.5
1745424000000,0.666,0.678,0.659,0.665,24958115.0
1745438400000,0.664,0.686,0.662,0.682,18148636.0
1745452800000,0.681,0.685,0.639,0.64,34018265.8
1745467200000,0.639,0.653,0.637,0.641,22039997.6
1745481600000,0.641,0.644,0.633,0.643,20871912.3
1745496000000,0.643,0.679,0.641,0.676,35802930.6
1745510400000,0.676,0.684,0.668,0.679,27321662.9
1745524800000,0.678,0.687,0.67,0.681,14382958.8
1745539200000,0.681,0.69,0.663,0.669,25376558.2
1745553600000,0.669,0.684,0.665,0.679,18485377.2
1745568000000,0.679,0.682,0.669,0.675,16338921.3
1745582400000,0.675,0.691,0.669,0.685,34282877.2
1745596800000,0.685,0.692,0.674,0.682,24790563.1
1745611200000,0.683,0.694,0.678,0.684,11410837.9
1745625600000,0.684,0.703,0.683,0.697,20619318.8
1745640000000,0.698,0.716,0.695,0.705,24401734.7
1745654400000,0.705,0.711,0.679,0.684,26350089.8
1745668800000,0.683,0.692,0.676,0.688,19895682.7
1745683200000,0.687,0.688,0.674,0.678,12514455.6
1745697600000,0.678,0.682,0.669,0.68,13897082.4
1745712000000,0.681,0.689,0.667,0.678,25981217.3
1745726400000,0.677,0.684,0.669,0.68,13350252.6
1745740800000,0.679,0.681,0.665,0.666,14176923.0
1745755200000,0.666,0.671,0.654,0.663,22746492.1
1745769600000,0.663,0.672,0.656,0.67,13900001.0
1745784000000,0.67,0.674,0.665,0.668,14954518.5
1745798400000,0.667,0.683,0.658,0.678,29457592.4
1745812800000,0.679,0.687,0.673,0.685,14022577.2
1745827200000,0.686,0.691,0.676,0.684,19370536.5
1745841600000,0.685,0.685,0.66,0.673,29637127.1
1745856000000,0.673,0.698,0.668,0.69,25397107.0
1745870400000,0.691,0.702,0.687,0.69,16059893.1
1745884800000,0.689,0.691,0.681,0.686,14096752.8
1745899200000,0.686,0.697,0.679,0.693,13781540.7
1745913600000,0.694,0.697,0.686,0.688,11473561.9
1745928000000,0.689,0.704,0.682,0.7,26075600.4
1745942400000,0.7,0.706,0.69,0.69,15089315.5
1745956800000,0.69,0.695,0.673,0.681,18173775.9
1745971200000,0.682,0.688,0.676,0.686,14437463.4
1745985600000,0.687,0.692,0.68,0.683,10275805.2
1746000000000,0.682,0.692,0.681,0.69,7913198.7
1746014400000,0.691,0.692,0.652,0.665,37958623.2
1746028800000,0.666,0.681,0.66,0.676,16731558.1
1746043200000,0.676,0.688,0.671,0.672,14588718.7
1746057600000,0.671,0.681,0.67,0.674,10590090.8
1746072000000,0.675,0.677,0.669,0.673,9804738.8
1746086400000,0.673,0.685,0.669,0.683,12388402.5
1746100800000,0.682,0.688,0.673,0.68,16367862.9
1746115200000,0.681,0.69,0.679,0.682,12538014.4
1746129600000,0.681,0.708,0.681,0.702,20013889.2
1746144000000,0.703,0.717,0.693,0.714,25555483.9
1746158400000,0.714,0.76,0.706,0.74,91150455.5
1746172800000,0.74,0.758,0.731,0.732,42795407.8
1746187200000,0.732,0.75,0.732,0.745,37204157.3
1746201600000,0.745,0.747,0.72,0.721,28394399.4
1746216000000,0.72,0.725,0.714,0.72,17142193.5
1746230400000,0.72,0.723,0.711,0.715,19207344.2
1746244800000,0.715,0.729,0.713,0.723,21033720.2
1746259200000,0.724,0.727,0.714,0.724,19276648.2
1746273600000,0.723,0.745,0.72,0.741,29905233.3
1746288000000,0.741,0.745,0.727,0.743,27682506.5
1746302400000,0.742,0.744,0.723,0.724,16110479.9
1746316800000,0.724,0.733,0.711,0.718,27054685.1
1746331200000,0.718,0.725,0.712,0.714,17617941.7
1746345600000,0.715,0.718,0.701,0.707,21531480.2
1746360000000,0.707,0.709,0.693,0.7,25991409.8
1746374400000,0.701,0.704,0.681,0.684,20152795.9
1746388800000,0.683,0.697,0.683,0.694,17251362.8
1746403200000,0.694,0.716,0.688,0.706,27555099.3
1746417600000,0.707,0.714,0.703,0.706,12734575.9
1746432000000,0.707,0.715,0.703,0.707,16707659.9
1746446400000,0.707,0.712,0.698,0.706,22586958.7
1746460800000,0.706,0.723,0.7,0.714,18257954.6
1746475200000,0.714,0.717,0.701,0.704,17137846.3
1746489600000,0.703,0.709,0.695,0.702,19337186.0
1746504000000,0.702,0.707,0.689,0.691,11057023.1
1746518400000,0.692,0.693,0.678,0.685,24775770.3
1746532800000,0.685,0.688,0.674,0.679,21896139.5
1746547200000,0.679,0.689,0.674,0.685,16629451.5
1746561600000,0.685,0.69,0.662,0.69,25164508.6
1746576000000,0.69,0.706,0.686,0.693,17707724.8
1746590400000,0.692,0.722,0.688,0.72,18731698.0
1746604800000,0.719,0.727,0.712,0.716,29474584.7
1746619200000,0.717,0.787,0.717,0.77,142617454.6
1746633600000,0.77,0.798,0.765,0.784,98762672.3
1746648000000,0.783,0.84,0.779,0.818,69384364.1
1746662400000,0.818,0.849,0.802,0.826,130448393.3
1746676800000,0.826,0.846,0.819,0.843,66326650.9
1746691200000,0.843,0.86,0.836,0.858,54635060.6
1746705600000,0.859,0.864,0.83,0.851,67684791.6
1746720000000,0.851,0.866,0.836,0.841,45747063.4
1746734400000,0.841,0.859,0.834,0.856,37447190.5
1746748800000,0.855,0.866,0.84,0.853,44248207.9
1746763200000,0.853,0.888,0.844,0.858,65079866.0
1746777600000,0.858,0.88,0.84,0.852,61489003.3
1746792000000,0.853,0.865,0.837,0.859,44286082.2
1746806400000,0.859,0.863,0.843,0.853,18412560.9
1746820800000,0.852,0.861,0.848,0.855,14728583.4
1746835200000,0.854,0.935,0.849,0.922,70140326.4
1746849600000,0.922,0.999,0.911,0.965,127585080.6
1746864000000,0.965,0.988,0.914,0.917,92862297.8
1746878400000,0.916,0.93,0.905,0.911,60893810.4
1746892800000,0.911,0.932,0.908,0.921,52939255.3
1746907200000,0.922,0.946,0.919,0.939,43644192.9
1746921600000,0.939,0.946,0.912,0.929,46273597.2
1746936000000,0.928,0.941,0.9,0.908,39331540.0
1746950400000,0.908,0.917,0.901,0.914,22157563.1
1746964800000,0.914,0.916,0.873,0.879,39916873.3
1746979200000,0.88,0.908,0.868,0.904,26065242.6
1746993600000,0.905,0.933,0.896,0.926,33885633.0
1747008000000,0.926,0.934,0.901,0.923,42533587.4
1747022400000,0.923,0.979,0.918,0.96,50850561.6
1747036800000,0.959,0.963,0.902,0.912,43874952.1
1747051200000,0.911,0.922,0.88,0.89,47761328.9
1747065600000,0.889,0.904,0.852,0.879,40562476.1
1747080000000,0.878,0.888,0.871,0.881,24658010.1
1747094400000,0.88,0.881,0.837,0.848,41778552.2
1747108800000,0.847,0.864,0.845,0.857,14668704.3
1747123200000,0.858,0.868,0.85,0.861,17991099.4
1747137600000,0.862,0.886,0.852,0.882,33385657.5
1747152000000,0.883,0.899,0.879,0.891,33860199.3
1747166400000,0.891,0.894,0.881,0.885,17194551.3
1747180800000,0.886,0.891,0.866,0.874,25950700.0
1747195200000,0.874,0.886,0.864,0.868,16936445.5
1747209600000,0.867,0.919,0.821,0.838,143776500.8
1747224000000,0.838,0.844,0.807,0.816,44374341.8
1747238400000,0.816,0.817,0.797,0.805,22982017.5
1747252800000,0.806,0.808,0.79,0.795,18586820.7
1747267200000,0.795,0.804,0.775,0.781,37382969.2
1747281600000,0.781,0.783,0.759,0.764,29600149.4
1747296000000,0.764,0.78,0.759,0.772,22811573.9
1747310400000,0.771,0.793,0.763,0.787,32496008.4
1747324800000,0.787,0.796,0.776,0.782,22521022.6
1747339200000,0.783,0.787,0.765,0.783,16886865.3
1747353600000,0.784,0.804,0.78,0.794,20256430.9
1747368000000,0.795,0.868,0.788,0.837,108357076.1
1747382400000,0.838,0.866,0.827,0.847,53036030.7
1747396800000,0.846,0.858,0.838,0.851,31792288.6
1747411200000,0.851,0.855,0.836,0.849,20685899.2
1747425600000,0.849,0.85,0.826,0.84,23962027.3
1747440000000,0.839,0.845,0.797,0.812,50768923.3
1747454400000,0.812,0.828,0.803,0.816,23623446.7
1747468800000,0.815,0.816,0.779,0.79,38503903.4
1747483200000,0.79,0.807,0.784,0.795,21479916.7
1747497600000,0.795,0.798,0.779,0.785,18285811.7
1747512000000,0.784,0.81,0.783,0.808,16502311.7
1747526400000,0.807,0.81,0.788,0.791,14293084.1
1747540800000,0.79,0.8,0.788,0.798,11780464.0
1747555200000,0.799,0.809,0.797,0.799,14423233.2
1747569600000,0.799,0.846,0.794,0.844,28475996.8
1747584000000,0.845,0.847,0.784,0.785,29943026.9
1747598400000,0.785,0.819,0.77,0.815,25440263.7
1747612800000,0.815,0.817,0.761,0.765,22678684.0
1747627200000,0.765,0.774,0.751,0.766,24507989.8
1747641600000,0.766,0.773,0.755,0.765,13782439.3
1747656000000,0.764,0.774,0.751,0.771,18541813.0
1747670400000,0.772,0.783,0.766,0.769,16367884.2
1747684800000,0.768,0.777,0.762,0.775,8299108.4
1747699200000,0.775,0.785,0.766,0.773,15676475.4
1747713600000,0.774,0.789,0.768,0.768,15498095.7
1747728000000,0.768,0.773,0.756,0.771,19326115.8
1747742400000,0.772,0.788,0.762,0.78,28453068.6
1747756800000,0.78,0.784,0.764,0.775,11552452.5
1747771200000,0.776,0.792,0.773,0.786,10851222.7
1747785600000,0.786,0.794,0.773,0.782,14242467.8
1747800000000,0.783,0.789,0.763,0.767,8406616.9
1747814400000,0.767,0.769,0.715,0.746,3573010.2
