open_time,open,high,low,close,volume
1608350400000,0.28916,0.33627,0.28916,0.33198,22606609
1608364800000,0.33245,0.424,0.32037,0.39701,229489079
1608379200000,0.39703,0.4878,0.3867,0.439,466101053
1608393600000,0.43895,0.44531,0.37714,0.42972,206070575
1608408000000,0.42972,0.4766,0.42869,0.46654,97475959
1608422400000,0.4661,0.5165,0.44123,0.51093,95216245
1608436800000,0.51092,0.63888,0.50494,0.62749,172980011
1608451200000,0.62733,0.716,0.598,0.67397,325410046
1608465600000,0.6741,0.6799,0.5623,0.6417,223791863
1608480000000,0.64169,0.77385,0.625,0.71737,204627255
1608494400000,0.71744,0.79146,0.655,0.73419,207605377
1608508800000,0.73309,0.77067,0.69021,0.7062,94461567
1608523200000,0.7062,0.72059,0.625,0.68773,133986180
1608537600000,0.6872,0.68757,0.51191,0.55629,288174752
1608552000000,0.55629,0.63,0.52113,0.57,150742104
1608566400000,0.57,0.60862,0.537,0.57725,78664062
1608580800000,0.57742,0.58208,0.45193,0.47201,163047224
1608595200000,0.4723,0.53873,0.45838,0.51944,123536561
1608609600000,0.51945,0.54158,0.47324,0.48462,92867556
1608624000000,0.48459,0.49002,0.42403,0.47785,149510203
1608638400000,0.47791,0.5699,0.47471,0.55309,165595879
1608652800000,0.55321,0.62355,0.533,0.53841,185854217
1608667200000,0.53798,0.56886,0.50387,0.54615,104347147
1608681600000,0.54584,0.58042,0.48,0.50171,89640788
1608696000000,0.50171,0.52938,0.44845,0.51227,89071045
1608710400000,0.51257,0.54348,0.45673,0.49603,120415879
1608724800000,0.49601,0.51565,0.463,0.47001,58013093
1608739200000,0.46989,0.498,0.4461,0.47161,51771036
1608753600000,0.47134,0.4877,0.34686,0.41205,149395315
1608768000000,0.41211,0.4171,0.35145,0.36997,88183225
1608782400000,0.36984,0.40239,0.3591,0.3969,64160404
1608796800000,0.39694,0.41558,0.3765,0.38872,61709349
1608811200000,0.3886,0.4555,0.385,0.43309,70532075
1608825600000,0.43315,0.43315,0.40228,0.40626,39524557
1608840000000,0.406,0.44,0.38162,0.41101,61015401
1608854400000,0.411,0.42276,0.39065,0.40734,28744585
1608868800000,0.40731,0.414,0.37521,0.3868,30357533
1608883200000,0.387,0.41049,0.37,0.37732,49708800
1608897600000,0.37703,0.38924,0.3531,0.35911,53989574
1608912000000,0.35912,0.3888,0.3345,0.35136,66625205
1608926400000,0.3516,0.38246,0.34588,0.35884,43178892
1608940800000,0.35897,0.36144,0.31936,0.33231,37574831
1608955200000,0.33231,0.3624,0.32449,0.35371,36600861
1608969600000,0.35346,0.35369,0.32238,0.3323,33804818
1608984000000,0.33208,0.44471,0.32816,0.44236,134312974
1608998400000,0.44274,0.46704,0.40729,0.46232,161806949
1609012800000,0.46189,0.497,0.44191,0.48289,119196406
1609027200000,0.4828,0.49437,0.42253,0.43572,69746683
1609041600000,0.436,0.47132,0.41555,0.458,57037157
1609056000000,0.45818,0.4675,0.395,0.40734,65083800
1609070400000,0.40734,0.44435,0.376,0.4269,81864949
1609084800000,0.4272,0.42721,0.39617,0.408,36535203
1609099200000,0.40812,0.41785,0.38322,0.39722,37202231
1609113600000,0.39691,0.43041,0.3868,0.4254,46775010
1609128000000,0.4253,0.438,0.40612,0.41598,32089066
1609142400000,0.41602,0.42215,0.40076,0.41359,30337169
1609156800000,0.4137,0.43738,0.4062,0.4176,37372278
1609171200000,0.4175,0.42619,0.3951,0.4032,27420902
1609185600000,0.4031,0.40858,0.37755,0.38215,28589712
1609200000000,0.38212,0.38589,0.35943,0.36866,37017336
1609214400000,0.36829,0.37583,0.358,0.36168,21087154
1609228800000,0.36168,0.3875,0.36168,0.37181,28657266
1609243200000,0.37192,0.38087,0.3602,0.36215,20781394
1609257600000,0.36235,0.37071,0.34069,0.365,27299102
1609272000000,0.36517,0.37533,0.35364,0.37441,11400642
1609286400000,0.37427,0.40393,0.36357,0.36632,35836453
1609300800000,0.36612,0.37493,0.35144,0.3602,17052634
1609315200000,0.36024,0.36367,0.35047,0.3576,10014509
1609329600000,0.35761,0.38178,0.35561,0.37271,23918457
1609344000000,0.37239,0.39486,0.36122,0.37247,41236344
1609358400000,0.37246,0.37805,0.365,0.37566,19126582
1609372800000,0.37562,0.38188,0.35444,0.35528,21437272
1609387200000,0.35544,0.36985,0.354,0.36512,13357118
1609401600000,0.36531,0.36981,0.35564,0.36261,14044403
1609416000000,0.3626,0.36704,0.34264,0.35632,18377301
1609430400000,0.35637,0.35637,0.34193,0.35017,12499245
1609444800000,0.35014,0.35563,0.34532,0.35171,10460719
1609459200000,0.35139,0.3796,0.34509,0.36791,38825465
1609473600000,0.36791,0.37198,0.35502,0.35678,10401234
1609488000000,0.35702,0.3684,0.3502,0.3651,11845042
1609502400000,0.36512,0.37982,0.35684,0.3634,23892104
1609516800000,0.36369,0.3769,0.34636,0.36089,22482686
1609531200000,0.3608,0.36637,0.35383,0.3629,7356054
1609545600000,0.36279,0.36311,0.34977,0.35719,7563515
1609560000000,0.35699,0.35875,0.3515,0.35199,4144824
1609574400000,0.35201,0.35957,0.35183,0.35505,5643977
1609588800000,0.35498,0.35928,0.32755,0.34067,22669098
1609603200000,0.3406,0.34732,0.32333,0.32918,24250919
1609617600000,0.32912,0.3353,0.30172,0.32786,24950243
1609632000000,0.32787,0.33031,0.31417,0.32269,9706875
1609646400000,0.3226,0.32467,0.2936,0.30139,20953783
1609660800000,0.30157,0.32571,0.282,0.3244,37350098
1609675200000,0.32452,0.33758,0.30252,0.31283,58784185
1609689600000,0.31282,0.31497,0.3002,0.3096,23777749
1609704000000,0.30961,0.32043,0.29458,0.2998,23352006
1609718400000,0.2995,0.35169,0.29215,0.33072,60497100
1609732800000,0.33068,0.35,0.305,0.3169,43956346
1609747200000,0.31735,0.32524,0.2931,0.30285,25761074
1609761600000,0.30292,0.31712,0.2998,0.30811,12530209
1609776000000,0.30807,0.30931,0.295,0.30343,9387028
1609790400000,0.30364,0.31021,0.295,0.30942,8596951
1609804800000,0.3099,0.32097,0.29067,0.29467,19486597
1609819200000,0.29453,0.29791,0.2853,0.29182,14779120
1609833600000,0.29175,0.31626,0.29168,0.31116,13398847
1609848000000,0.31116,0.3119,0.29955,0.31165,12892015
1609862400000,0.31165,0.34919,0.30661,0.32157,53654229
1609876800000,0.32157,0.34243,0.31,0.3384,20581664
1609891200000,0.3384,0.345,0.3157,0.33649,19250322
1609905600000,0.33646,0.39,0.325,0.3592,59759181
1609920000000,0.35901,0.396,0.3465,0.37739,43342853
1609934400000,0.3772,0.38565,0.35345,0.3653,39714522
1609948800000,0.3654,0.37912,0.35406,0.35898,28586845
1609963200000,0.359,0.37821,0.345,0.37104,31286202
1609977600000,0.37145,0.37414,0.35146,0.3549,21868806
1609992000000,0.3549,0.3689,0.35041,0.35749,19493639
1610006400000,0.35749,0.41729,0.35464,0.40387,72980227
1610020800000,0.40378,0.40709,0.38011,0.3818,38660030
1610035200000,0.3819,0.39262,0.31375,0.35718,66856547
1610049600000,0.35718,0.36899,0.335,0.34643,29071985
1610064000000,0.34639,0.34831,0.29791,0.33062,50227266
1610078400000,0.33064,0.349,0.32118,0.34677,25834481
1610092800000,0.34652,0.353,0.33072,0.34563,34503453
1610107200000,0.34564,0.35035,0.32285,0.33233,33520599
1610121600000,0.33233,0.346,0.32,0.3319,31859492
1610136000000,0.33212,0.3357,0.31303,0.32966,21248522
1610150400000,0.32939,0.3446,0.31653,0.34237,22635918
1610164800000,0.34271,0.34485,0.32613,0.33892,24118465
1610179200000,0.33885,0.36563,0.33533,0.3519,29458441
1610193600000,0.3519,0.36747,0.3457,0.35671,24841965
1610208000000,0.35671,0.35955,0.34,0.35558,19363587
1610222400000,0.35558,0.36422,0.34682,0.34907,20875249
1610236800000,0.34906,0.37289,0.34868,0.35451,22935683
1610251200000,0.3544,0.3782,0.35043,0.37499,17788419
1610265600000,0.37499,0.37945,0.32493,0.33534,51006204
1610280000000,0.33545,0.34952,0.32745,0.34105,21548364
1610294400000,0.34097,0.34525,0.31937,0.32374,26678325
1610308800000,0.32368,0.33357,0.30733,0.32662,31920074
1610323200000,0.32659,0.32796,0.26598,0.29119,42665838
1610337600000,0.29114,0.30493,0.27688,0.29475,30802561
1610352000000,0.29471,0.30878,0.2842,0.28661,19659613
1610366400000,0.28658,0.29134,0.26018,0.2634,33737022
1610380800000,0.26351,0.27013,0.23169,0.25788,44983917
1610395200000,0.2577,0.29085,0.25496,0.28932,21764932
1610409600000,0.28964,0.29268,0.2772,0.28979,15344068
1610424000000,0.28962,0.31045,0.28595,0.30216,16753315
1610438400000,0.30205,0.30344,0.27795,0.286,13228022
1610452800000,0.28638,0.28853,0.26437,0.27793,14109470
1610467200000,0.27793,0.29047,0.27793,0.28554,10015781
1610481600000,0.28541,0.28882,0.27027,0.27716,10362395
1610496000000,0.27687,0.28282,0.26633,0.28236,10265337
1610510400000,0.2823,0.28666,0.27056,0.28583,8653338
1610524800000,0.28574,0.29537,0.28136,0.2839,15244585
1610539200000,0.28397,0.31113,0.28213,0.31035,18238148
1610553600000,0.31062,0.34944,0.3078,0.33833,44668835
1610568000000,0.33833,0.3476,0.32067,0.325,35935272
1610582400000,0.32463,0.35695,0.323,0.34235,37934480
1610596800000,0.34252,0.35473,0.33329,0.34056,29255672
1610611200000,0.34073,0.34698,0.33243,0.33847,15024202
1610625600000,0.33868,0.363,0.33661,0.34531,34250799
1610640000000,0.34529,0.35348,0.335,0.33786,17902998
1610654400000,0.33785,0.34138,0.31537,0.33292,22556280
1610668800000,0.33309,0.351,0.32604,0.33304,21846782
1610683200000,0.33294,0.3413,0.323,0.33967,16261506
1610697600000,0.33994,0.39489,0.33567,0.37088,68756807
1610712000000,0.37088,0.37786,0.327,0.33243,59442149
1610726400000,0.33261,0.34776,0.30638,0.338,43120004
1610740800000,0.3376,0.34479,0.32653,0.33774,15887352
1610755200000,0.33784,0.40183,0.33777,0.39297,50004046
1610769600000,0.39324,0.4475,0.38212,0.42394,97321434
1610784000000,0.42363,0.44471,0.40353,0.4194,43587144
1610798400000,0.41943,0.4428,0.39186,0.42038,54212679
1610812800000,0.42033,0.42761,0.39999,0.41626,36698121
1610827200000,0.41621,0.4749,0.40222,0.46325,60677317
1610841600000,0.46387,0.48632,0.44355,0.46546,56943345
1610856000000,0.4655,0.48586,0.4055,0.4176,53545195
1610870400000,0.41746,0.45604,0.40796,0.45201,37456659
1610884800000,0.45201,0.478,0.4435,0.47265,40863218
1610899200000,0.47254,0.5687,0.46433,0.5453,111033627
1610913600000,0.54481,0.56156,0.51074,0.51884,41149650
1610928000000,0.51885,0.55747,0.51049,0.52579,42435825
1610942400000,0.52597,0.61829,0.52349,0.5936,69163530
1610956800000,0.59396,0.66,0.584,0.6331,97496659
1610971200000,0.63322,0.64888,0.58153,0.64524,93324805
1610985600000,0.645,0.6503,0.59342,0.61238,42683958
1611000000000,0.6124,0.64071,0.59043,0.61889,39005280
1611014400000,0.61934,0.64918,0.55933,0.57636,59815790
1611028800000,0.57665,0.58997,0.53017,0.54721,57376805
1611043200000,0.5479,0.56449,0.525,0.56227,46362092
1611057600000,0.56239,0.59336,0.53697,0.58848,42697504
1611072000000,0.58841,0.59191,0.5301,0.5456,38796021
1611086400000,0.5455,0.55898,0.53214,0.5376,19685551
1611100800000,0.53739,0.57647,0.53366,0.5388,30638491
1611115200000,0.53869,0.57365,0.53235,0.56032,22813098
1611129600000,0.56077,0.56653,0.486,0.49734,50172038
1611144000000,0.49715,0.51692,0.477,0.49691,35148995
1611158400000,0.49634,0.52527,0.47932,0.52422,30178163
1611172800000,0.52448,0.52877,0.50437,0.52261,17861828
1611187200000,0.52299,0.56,0.5141,0.52307,35142982
1611201600000,0.52283,0.53821,0.49994,0.52424,21710745
1611216000000,0.52447,0.52447,0.475,0.48784,34309869
1611230400000,0.488,0.49349,0.46106,0.4694,30595316
1611244800000,0.46985,0.50072,0.45936,0.4998,24133632
1611259200000,0.4998,0.50104,0.4338,0.43577,34915064
1611273600000,0.43579,0.4567,0.39882,0.45075,58779732
1611288000000,0.45081,0.47096,0.43974,0.44595,33480284
1611302400000,0.44664,0.4848,0.43765,0.47854,28471907
1611316800000,0.47848,0.548,0.47286,0.53077,51786935
1611331200000,0.53065,0.5544,0.512,0.53416,47485685
1611345600000,0.53414,0.53775,0.4971,0.51044,32553666
1611360000000,0.51091,0.52167,0.49045,0.5143,33207882
1611374400000,0.51459,0.55562,0.51079,0.54959,35500699
1611388800000,0.54965,0.553,0.51048,0.51473,34792894
1611403200000,0.51451,0.53695,0.5055,0.52011,30280724
1611417600000,0.52028,0.5857,0.51639,0.57106,54051798
1611432000000,0.57125,0.591,0.56008,0.583,34471900
1611446400000,0.5835,0.59312,0.55708,0.57725,28189556
1611460800000,0.57725,0.58478,0.555,0.58328,24150191
1611475200000,0.58345,0.591,0.56202,0.56816,23330550
1611489600000,0.56813,0.57,0.53719,0.55641,40432970
1611504000000,0.5564,0.56762,0.51797,0.53055,30042663
1611518400000,0.53053,0.55975,0.52527,0.55593,19031794
1611532800000,0.55567,0.59389,0.55335,0.59329,28371901
1611547200000,0.5935,0.59777,0.5555,0.56615,21706861
1611561600000,0.56608,0.56834,0.54243,0.56127,15855659
1611576000000,0.56157,0.58362,0.55529,0.56315,20662420
1611590400000,0.56311,0.56724,0.53632,0.53925,19932557
1611604800000,0.54007,0.54581,0.525,0.52808,18528357
1611619200000,0.52788,0.5488,0.50297,0.51215,20582752
1611633600000,0.51215,0.53108,0.50249,0.519,17335611
1611648000000,0.51907,0.5279,0.50554,0.51,14193261
1611662400000,0.5101,0.51508,0.47839,0.5026,27311523
1611676800000,0.50302,0.52506,0.49947,0.51315,20422061
1611691200000,0.513,0.5459,0.50347,0.53752,18802714
1611705600000,0.53711,0.54614,0.49685,0.50148,20290937
1611720000000,0.50145,0.53277,0.49178,0.5241,13053679
1611734400000,0.52386,0.52386,0.48775,0.48889,13382390
1611748800000,0.48892,0.49828,0.44979,0.48347,26882058
1611763200000,0.48342,0.51461,0.47017,0.49261,29195354
1611777600000,0.49267,0.50256,0.47675,0.48347,11810618
1611792000000,0.48379,0.50567,0.46601,0.50021,19580442
1611806400000,0.50029,0.52909,0.493,0.51473,22473338
1611820800000,0.51459,0.54526,0.50029,0.53829,30404136
1611835200000,0.53817,0.57228,0.53251,0.5588,43869590
1611849600000,0.55871,0.58522,0.54414,0.55807,33960628
1611864000000,0.55769,0.58,0.54698,0.55668,32013229
1611878400000,0.55671,0.66524,0.55581,0.59223,87944172
1611892800000,0.59261,0.60676,0.55324,0.5812,60662236
1611907200000,0.58108,0.59277,0.52319,0.56493,51089544
1611921600000,0.56466,0.56618,0.52715,0.55006,20413782
1611936000000,0.55025,0.57041,0.533,0.54696,23296518
1611950400000,0.54725,0.57353,0.54274,0.5535,16130765
1611964800000,0.55351,0.59502,0.55222,0.55443,27213429
1611979200000,0.55512,0.58708,0.55331,0.57858,20619368
1611993600000,0.57832,0.57853,0.55717,0.57284,15178791
1612008000000,0.57272,0.6484,0.57101,0.6255,53580269
1612022400000,0.6255,0.68,0.6,0.66375,58448209
1612036800000,0.66424,0.688,0.628,0.63884,45815039
1612051200000,0.63884,0.65421,0.6039,0.63341,27745277
1612065600000,0.63333,0.74173,0.62762,0.71607,77002572
1612080000000,0.71588,0.75986,0.69316,0.72973,50965474
1612094400000,0.73,0.74125,0.65038,0.69925,42813749
1612108800000,0.69966,0.74329,0.6779,0.70782,41092210
1612123200000,0.70749,0.865,0.69859,0.79639,81979094
1612137600000,0.79654,0.84489,0.77,0.81531,58070183
1612152000000,0.81498,0.88411,0.80044,0.81422,45222472
1612166400000,0.81432,0.83983,0.77523,0.81894,34366224
1612180800000,0.81924,0.82349,0.75225,0.77972,39058536
1612195200000,0.77961,0.81521,0.76075,0.8012,25781016
1612209600000,0.80077,0.83295,0.76961,0.78444,28380381
1612224000000,0.78467,0.78984,0.73711,0.75288,22103872
1612238400000,0.7533,0.77377,0.72442,0.74189,22134867
1612252800000,0.74085,0.77192,0.73721,0.75375,22110601
1612267200000,0.75438,0.82209,0.74604,0.79068,35990829
1612281600000,0.79038,0.79716,0.75534,0.76736,22167620
1612296000000,0.76843,0.77567,0.7516,0.75507,11053190
1612310400000,0.75478,0.76746,0.729,0.7543,14065558
1612324800000,0.75427,0.77872,0.74078,0.76228,13585120
1612339200000,0.7613,0.796,0.74417,0.78451,24216062
1612353600000,0.78431,0.813,0.77332,0.77853,25683534
1612368000000,0.77897,0.82378,0.762,0.8178,27205884
1612382400000,0.81735,0.86937,0.80313,0.82757,38910126
1612396800000,0.82754,0.839,0.79423,0.82817,23304635
1612411200000,0.8282,0.86056,0.81781,0.82464,19086595
1612425600000,0.82458,0.82655,0.75728,0.79542,37074100
1612440000000,0.79565,0.818,0.76562,0.78169,25134607
1612454400000,0.78188,0.867,0.77813,0.84477,40341427
1612468800000,0.8442,0.86,0.80338,0.81585,24333511
1612483200000,0.81605,0.9304,0.80368,0.89081,30148772
1612497600000,0.89058,0.93898,0.87179,0.92385,31209927
1612512000000,0.92393,0.953,0.90445,0.93452,25141705
1612526400000,0.93426,0.9713,0.9075,0.96573,24355521
1612540800000,0.96577,1.04866,0.9155,0.96557,53196681
1612555200000,0.9666,0.98775,0.93402,0.95146,17760131
1612569600000,0.95172,0.95725,0.85476,0.87396,35742397
1612584000000,0.87405,0.8923,0.84804,0.88345,18684417
1612598400000,0.88377,0.91803,0.8355,0.8558,22678676
1612612800000,0.85593,0.877,0.84486,0.8468,13091968
1612627200000,0.84692,0.89999,0.8354,0.8851,17576601
1612641600000,0.88522,0.89989,0.855,0.867,12038783
1612656000000,0.86671,0.89173,0.82079,0.83641,19251964
1612670400000,0.83635,0.84192,0.778,0.83718,20431089
1612684800000,0.83718,0.89695,0.83054,0.89604,18501740
1612699200000,0.89623,0.95955,0.85201,0.9004,47200349
1612713600000,0.90041,0.91929,0.84,0.89434,29792825
1612728000000,0.89425,0.95115,0.88314,0.91949,21988393
1612742400000,0.91957,1.00245,0.91336,0.93968,32947645
1612756800000,0.93888,1.04442,0.93782,0.99957,34174618
1612771200000,0.99998,1.03933,0.9711,1.03933,24856577
1612785600000,1.03915,1.04511,0.93037,1.01501,40553104
1612800000000,1.0157,1.03,0.9716,0.9911,17692148
1612814400000,0.99145,1.0,0.94338,0.97092,16071953
1612828800000,0.97103,0.99588,0.94327,0.98195,15347636
1612843200000,0.98112,0.998,0.96101,0.98397,14744188
1612857600000,0.98421,1.01735,0.96647,0.97683,17856434
1612872000000,0.97717,0.98988,0.9548,0.98361,11389112
1612886400000,0.98423,0.99416,0.961,0.99047,14522254
1612900800000,0.99028,1.1,0.98304,1.05863,35369939
1612915200000,1.05881,1.1435,1.05823,1.08087,38225419
1612929600000,1.07999,1.13409,1.0367,1.10074,22208948
1612944000000,1.10197,1.12621,1.06,1.11213,17585415
1612958400000,1.11281,1.16981,0.98637,1.02833,54152356
1612972800000,1.0288,1.15456,1.00845,1.15129,35214102
1612987200000,1.15202,1.28709,1.14116,1.26189,55535478
1613001600000,1.26166,1.291,1.20741,1.27298,18549541
1613016000000,1.27319,1.5025,1.27319,1.44191,46900428
1613030400000,1.44191,1.7968,1.43224,1.65087,106141074
1613044800000,1.64974,1.83,1.52641,1.80106,75406033
1613059200000,1.80062,2.1763,1.74389,1.85527,155074322
1613073600000,1.85428,2.0744,1.80109,2.02496,61270349
1613088000000,2.02462,2.12257,1.89707,2.12034,43424919
1613102400000,2.12126,2.86,2.05637,2.694,148126890
1613116800000,2.69501,2.774,2.42068,2.65977,74894637
1613131200000,2.65976,2.86547,2.51164,2.67909,87052329
1613145600000,2.67909,2.76,2.27334,2.41287,72868208
1613160000000,2.41237,2.435,2.13068,2.24082,57047788
1613174400000,2.24082,2.60687,2.23945,2.445,37856239
1613188800000,2.445,2.47008,2.23754,2.24335,20461208
1613203200000,2.24335,2.472,2.17799,2.26372,32726577
1613217600000,2.26372,2.46983,2.2192,2.42138,30043911
1613232000000,2.42257,2.46,2.27582,2.32622,18040483
1613246400000,2.32582,2.4562,2.25731,2.34406,16159982
1613260800000,2.34452,2.4285,2.3101,2.31299,14906803
1613275200000,2.3151,2.35284,2.1465,2.17754,20764168
1613289600000,2.17724,2.25583,2.151,2.18248,15338391
1613304000000,2.18351,2.23231,1.90109,2.06343,45519131
1613318400000,2.06556,2.17694,2.00741,2.07148,25256674
1613332800000,2.07118,2.31017,2.06,2.16756,25895368
1613347200000,2.16802,2.25434,1.61493,1.96783,44756328
1613361600000,1.96782,2.19,1.75353,2.15236,34945847
1613376000000,2.15235,2.313,2.071,2.28554,27764947
1613390400000,2.28639,2.44248,2.25,2.40238,41109895
1613404800000,2.40161,2.41378,2.27,2.30856,17896091
1613419200000,2.30633,2.33416,2.02997,2.14161,28952893
1613433600000,2.14111,2.28505,2.05817,2.23446,19633641
1613448000000,2.23422,2.23582,2.11082,2.14129,12119073
1613462400000,2.141,2.21194,2.12351,2.12882,9726130
1613476800000,2.1291,2.224,2.0732,2.12811,16871197
1613491200000,2.12854,2.14787,2.01931,2.07725,13136859
1613505600000,2.0783,2.108,2.03472,2.06908,7069140
1613520000000,2.06982,2.0756,1.92512,1.96644,14253047
1613534400000,1.96607,2.1023,1.9051,2.09505,17067605
1613548800000,2.09593,2.14185,2.04469,2.08319,14493196
1613563200000,2.08249,2.12439,2.01008,2.02344,14016399
1613577600000,2.02344,2.22,2.00516,2.141,17068251
1613592000000,2.1415,2.20869,2.08361,2.18193,14178498
1613606400000,2.18183,2.35978,2.18112,2.26379,22560886
1613620800000,2.26537,2.29894,2.16204,2.21298,12405680
1613635200000,2.21401,2.28963,2.16559,2.18603,13954093
1613649600000,2.1869,2.23261,2.12774,2.1444,11011122
1613664000000,2.14423,2.33,2.14395,2.23647,17854932
1613678400000,2.23632,2.33918,2.22047,2.29482,11461465
1613692800000,2.29598,2.34899,2.10279,2.17896,18381391
1613707200000,2.17927,2.24827,2.15162,2.19729,10078865
1613721600000,2.19494,2.26042,2.17003,2.25036,7969812
1613736000000,2.25004,2.28931,2.1688,2.18172,10054775
1613750400000,2.18172,2.20549,2.11264,2.15083,8553239
1613764800000,2.15016,2.19141,2.1156,2.16847,7142308
1613779200000,2.1697,2.17698,2.0865,2.138,10630649
1613793600000,2.13817,2.31106,2.12458,2.20236,16220311
1613808000000,2.20539,2.5624,2.20291,2.3704,33996339
1613822400000,2.36867,2.6644,2.33679,2.42511,38524271
1613836800000,2.42905,2.60447,2.40168,2.45264,21423268
1613851200000,2.45204,2.52228,2.08992,2.28232,25715980
1613865600000,2.28141,2.4,2.22314,2.27688,14041435
1613880000000,2.27817,2.303,2.19269,2.20183,10411006
1613894400000,2.20489,2.379,2.19,2.3062,12676738
1613908800000,2.30622,2.32607,2.23188,2.2727,10571830
1613923200000,2.27478,2.295,2.2125,2.28525,8410536
1613937600000,2.28476,2.30872,2.211,2.30699,8617388
1613952000000,2.30685,2.44739,2.20317,2.21166,16318483
1613966400000,2.21275,2.2464,2.14279,2.2385,10239035
1613980800000,2.23653,2.24087,1.96767,2.07249,19918574
1613995200000,2.07081,2.09849,1.53575,2.00036,40790118
1614009600000,2.00028,2.07265,1.80565,2.02989,21540597
1614024000000,2.02988,2.0983,1.96,2.01874,13268541
1614038400000,2.0185,2.03079,1.80757,1.86757,17984530
1614052800000,1.86758,1.91343,1.61,1.722,34179937
1614067200000,1.72074,1.73847,1.26,1.49204,46611960
1614081600000,1.49312,1.75,1.44824,1.70282,29070246
1614096000000,1.70195,1.7274,1.46326,1.46805,17016783
1614110400000,1.4683,1.70872,1.44715,1.70385,13177180
1614124800000,1.70327,2.03015,1.59479,1.92096,19866306
1614139200000,1.92094,2.00148,1.82454,1.96326,16603781
1614153600000,1.95955,2.028,1.9075,1.95889,12017400
1614168000000,1.95863,2.00357,1.77644,1.91767,12762181
1614182400000,1.91699,1.95638,1.85444,1.86548,7552698
1614196800000,1.86642,1.89572,1.75243,1.8899,10127184
1614211200000,1.89,1.98623,1.85121,1.89317,12933497
1614225600000,1.8923,1.99472,1.85798,1.95037,6560769
1614240000000,1.94818,1.96483,1.81911,1.91412,7517039
1614254400000,1.9142,1.99612,1.88539,1.92498,12248079
1614268800000,1.92495,1.9689,1.83175,1.8536,11584257
1614283200000,1.85223,1.85382,1.68755,1.71719,15993678
1614297600000,1.71453,1.74392,1.5939,1.73989,19086355
1614312000000,1.73987,1.77171,1.5588,1.60303,12877615
1614326400000,1.60116,1.70664,1.58672,1.66682,10382217
1614340800000,1.6663,1.8428,1.63961,1.81258,14036100
1614355200000,1.81198,1.86907,1.70527,1.71438,10802767
1614369600000,1.71582,1.72984,1.6419,1.72233,9439359
1614384000000,1.72226,1.79874,1.72225,1.74357,6087487
1614398400000,1.74242,1.81491,1.71784,1.75859,5915366
1614412800000,1.75932,1.76717,1.68695,1.72829,6551319
1614427200000,1.72878,1.75553,1.67462,1.68936,6526866
1614441600000,1.6911,1.7303,1.68,1.72879,3471006
1614456000000,1.7273,1.75,1.6279,1.67954,8174886
1614470400000,1.67788,1.68722,1.5204,1.54074,7541798
1614484800000,1.53866,1.59883,1.49401,1.58831,10311946
1614499200000,1.5879,1.6234,1.57053,1.59247,6515049
1614513600000,1.59294,1.60666,1.42485,1.44416,12411678
1614528000000,1.44496,1.5196,1.41229,1.51088,8257172
1614542400000,1.51144,1.6,1.49725,1.58568,6614720
1614556800000,1.58508,1.725,1.58349,1.66753,11637784
1614571200000,1.66799,1.67755,1.6063,1.655,5136137
1614585600000,1.655,1.7373,1.65359,1.73176,7656379
1614600000000,1.73226,1.76399,1.68337,1.75833,8429865
1614614400000,1.75673,1.88414,1.71368,1.82113,13929107
1614628800000,1.82193,1.92509,1.79608,1.921,8872708
1614643200000,1.9227,1.95906,1.852,1.87341,8919959
1614657600000,1.87342,1.91437,1.81225,1.82627,6468772
1614672000000,1.82627,1.95829,1.8211,1.94379,7719928
1614686400000,1.94529,1.97897,1.85666,1.87079,9486508
1614700800000,1.86979,1.87442,1.71089,1.75445,11329680
1614715200000,1.75334,1.83062,1.72203,1.8261,6206857
1614729600000,1.82611,1.85662,1.7921,1.81415,5112950
1614744000000,1.81524,1.96993,1.8136,1.9495,9263013
1614758400000,1.94784,1.97774,1.89237,1.92105,8401292
1614772800000,1.92105,1.94873,1.86012,1.89464,6335317
1614787200000,1.89432,2.0855,1.89432,2.03977,19237700
1614801600000,2.04047,2.06699,1.94348,1.94904,7562918
1614816000000,1.95064,2.04276,1.88945,1.90323,8441734
1614830400000,1.90324,1.945,1.86016,1.92753,6749722
1614844800000,1.92717,1.97233,1.87,1.89718,6635432
1614859200000,1.89716,1.95521,1.83385,1.93576,9223708
1614873600000,1.93576,1.95,1.78833,1.82745,7146476
1614888000000,1.82646,1.86474,1.79496,1.85126,4342260
1614902400000,1.85,1.85365,1.72435,1.7921,7104302
1614916800000,1.792,1.81334,1.74397,1.79848,2610265
1614931200000,1.7982,1.80137,1.72532,1.76572,3672542
1614945600000,1.76756,1.8836,1.73769,1.82342,7487655
1614960000000,1.82337,1.86478,1.76716,1.85454,6024533
1614974400000,1.85426,1.87387,1.8165,1.82704,3630258
1614988800000,1.82637,1.84737,1.79635,1.81053,2260418
1615003200000,1.81029,1.86024,1.7842,1.84608,2778081
1615017600000,1.84542,1.85401,1.785,1.79871,3173297
1615032000000,1.79933,1.8067,1.74251,1.75809,3684055
1615046400000,1.75839,1.8191,1.75463,1.79773,3496458
1615060800000,1.79836,1.80948,1.7737,1.79255,2527222
1615075200000,1.79344,1.8452,1.79297,1.803,4834330
1615089600000,1.803,1.83344,1.79647,1.82983,2313926
1615104000000,1.83,1.881,1.82914,1.86486,5888844
1615118400000,1.8645,1.93403,1.84722,1.90603,7649171
1615132800000,1.90609,1.92243,1.83028,1.84916,5512422
1615147200000,1.84855,1.89,1.80599,1.87609,5459049
1615161600000,1.87759,1.90099,1.82178,1.8668,6176300
1615176000000,1.86759,1.88602,1.82429,1.83682,5064695
1615190400000,1.8377,1.84917,1.79399,1.84322,5675889
1615204800000,1.84374,1.87649,1.82585,1.85255,7657777
1615219200000,1.8519,1.92291,1.83,1.90949,10471358
1615233600000,1.90829,1.93557,1.8608,1.90635,7734469
1615248000000,1.90762,1.99948,1.87975,1.97285,13767690
1615262400000,1.97163,1.98464,1.91119,1.93091,7457196
1615276800000,1.93308,2.1392,1.92738,2.10456,18409728
1615291200000,2.1056,2.22429,2.04,2.15249,24190768
1615305600000,2.15354,2.16,2.06642,2.12512,10188108
1615320000000,2.1257,2.18973,2.10398,2.12175,8700563
1615334400000,2.12217,2.15491,1.95117,1.98383,18726899
1615348800000,1.98196,2.07564,1.97234,2.06126,6440727
1615363200000,2.06172,2.07734,1.98347,2.00535,7491207
1615377600000,2.00556,2.16251,2.00383,2.10934,18531071
1615392000000,2.1111,2.14905,2.05203,2.06264,10195836
1615406400000,2.06513,2.08274,1.97515,2.03755,11655771
1615420800000,2.03782,2.11555,2.00002,2.05444,9910126
1615435200000,2.05321,2.06611,2.00068,2.00379,5744727
1615449600000,2.00266,2.01737,1.95311,2.01115,10357227
1615464000000,2.00996,2.09142,1.987,2.01152,12553654
1615478400000,2.01153,2.039,1.96161,1.96648,9628433
1615492800000,1.96732,1.99801,1.83882,1.91461,16956280
1615507200000,1.91598,1.925,1.85312,1.8964,8140590
1615521600000,1.89677,1.93123,1.83675,1.87817,10315855
1615536000000,1.87818,1.913,1.80707,1.84073,9962519
1615550400000,1.84073,1.85116,1.71961,1.83984,16904582
1615564800000,1.84151,1.84222,1.75,1.75386,7794015
1615579200000,1.75387,1.76195,1.66,1.73512,12829480
1615593600000,1.73509,1.73936,1.65149,1.71187,9856083
1615608000000,1.71253,1.81318,1.70821,1.79767,10495908
1615622400000,1.79665,1.84994,1.763,1.81945,9321558
1615636800000,1.81945,1.89572,1.79,1.83465,10990905
1615651200000,1.83634,1.88285,1.795,1.81123,8661096
1615665600000,1.81145,1.85079,1.79429,1.79758,4262777
1615680000000,1.79893,1.84642,1.75432,1.76831,8141014
1615694400000,1.76817,1.82947,1.74437,1.78753,6522007
1615708800000,1.78772,1.81105,1.71043,1.75908,6722066
1615723200000,1.75929,1.78861,1.72805,1.75064,7018266
1615737600000,1.75177,1.77794,1.72072,1.73686,5715231
1615752000000,1.73667,1.78879,1.72307,1.7316,5526196
1615766400000,1.73338,1.87521,1.71,1.8479,8792399
1615780800000,1.84751,1.86326,1.7078,1.754,11881464
1615795200000,1.75376,1.80905,1.67873,1.78722,12614714
1615809600000,1.78611,1.80598,1.73586,1.74457,8553346
1615824000000,1.74627,1.7604,1.71403,1.73991,5173688
1615838400000,1.73943,1.76578,1.713,1.72013,4868851
1615852800000,1.72042,1.74235,1.59546,1.67526,14199568
1615867200000,1.67592,1.70017,1.62314,1.68592,7654395
1615881600000,1.68552,1.72035,1.65512,1.67788,5394974
1615896000000,1.67659,1.76229,1.65501,1.75835,7247049
1615910400000,1.75849,1.79577,1.68109,1.70052,11596152
1615924800000,1.70052,1.736,1.68469,1.7175,5528912
1615939200000,1.71907,1.72383,1.68302,1.693,4160715
1615953600000,1.69154,1.71526,1.68592,1.70089,3387927
1615968000000,1.7011,1.71167,1.64957,1.67042,6356300
1615982400000,1.67027,1.70385,1.652,1.66136,6950698
1615996800000,1.66239,1.75813,1.65883,1.75405,8700472
1616011200000,1.75432,1.75805,1.70549,1.72332,8195474
1616025600000,1.72377,1.76876,1.71415,1.74363,7454984
1616040000000,1.74298,1.78567,1.73496,1.74746,8123956
1616054400000,1.74752,1.799,1.74504,1.75051,8122213
1616068800000,1.75057,1.76695,1.722,1.76242,9780944
1616083200000,1.76253,1.77622,1.68086,1.68924,12025958
1616097600000,1.68983,1.71663,1.682,1.69492,6175384
1616112000000,1.69455,1.70686,1.65476,1.70352,8770798
1616126400000,1.70208,1.73067,1.69508,1.71018,6211795
1616140800000,1.71002,1.73067,1.69605,1.71918,6820137
1616155200000,1.71922,1.74795,1.712,1.7246,9107313
1616169600000,1.72344,1.74666,1.69556,1.69722,7832266
1616184000000,1.69768,1.71392,1.68658,1.69391,6664853
1616198400000,1.69406,1.75239,1.68807,1.72159,8061547
1616212800000,1.72135,1.86074,1.71947,1.82044,17515801
1616227200000,1.82105,1.8848,1.80192,1.87404,10699936
1616241600000,1.8741,1.87983,1.8,1.82827,11866674
1616256000000,1.82827,1.84851,1.77571,1.77995,8824181
1616270400000,1.77899,1.7864,1.71252,1.72082,10620756
1616284800000,1.72051,1.75811,1.68568,1.72059,12554170
1616299200000,1.72059,1.72714,1.65083,1.71256,14032680
1616313600000,1.71346,1.74355,1.67061,1.70429,9227830
1616328000000,1.70405,1.7253,1.67247,1.69657,7252374
1616342400000,1.69706,1.73047,1.685,1.70402,5613828
1616356800000,1.70492,1.71517,1.685,1.70199,4537429
1616371200000,1.70213,1.7109,1.64137,1.6929,8191657
1616385600000,1.69321,1.71218,1.68082,1.68946,5093239
1616400000000,1.68976,1.71519,1.66929,1.69481,5657023
1616414400000,1.69529,1.6966,1.6601,1.68819,7092670
1616428800000,1.68876,1.70136,1.61291,1.61474,9135213
1616443200000,1.61554,1.63914,1.46,1.54411,25554744
1616457600000,1.54333,1.59739,1.52662,1.55292,8428197
1616472000000,1.55292,1.57231,1.49318,1.54679,9097022
1616486400000,1.54677,1.572,1.51528,1.53686,5825638
1616500800000,1.53836,1.57451,1.53813,1.55004,6156134
1616515200000,1.55096,1.57752,1.54,1.55653,7047702
1616529600000,1.55637,1.55976,1.5,1.50391,6803909
1616544000000,1.50403,1.53064,1.45311,1.51766,10844001
1616558400000,1.51861,1.57122,1.502,1.56715,7798839
1616572800000,1.56717,1.59511,1.55115,1.56288,5506201
1616587200000,1.56322,1.58325,1.52862,1.54098,5323819
1616601600000,1.54147,1.54741,1.47802,1.47932,6146390
1616616000000,1.47857,1.49678,1.3,1.39409,24356568
1616630400000,1.39355,1.40528,1.30923,1.34819,14605283
1616644800000,1.34819,1.39577,1.33005,1.35609,7493496
1616659200000,1.35683,1.41956,1.35448,1.38638,7969493
1616673600000,1.38637,1.40056,1.33484,1.36138,13166360
1616688000000,1.36118,1.38901,1.33328,1.38181,9872387
1616702400000,1.38233,1.3923,1.33047,1.34021,5141800
1616716800000,1.33978,1.38833,1.33859,1.38439,5227877
1616731200000,1.38355,1.45372,1.37201,1.43428,7205273
1616745600000,1.43473,1.46712,1.422,1.44653,7047974
1616760000000,1.44647,1.54363,1.43858,1.52722,11576952
1616774400000,1.52678,1.5646,1.50089,1.51476,8540534
1616788800000,1.51465,1.56421,1.51465,1.55339,6234107
1616803200000,1.5532,1.58536,1.51,1.51628,7121432
1616817600000,1.51628,1.53437,1.49069,1.50531,4813734
1616832000000,1.50438,1.54334,1.48047,1.49338,8158586
1616846400000,1.49364,1.50006,1.458,1.4995,7974025
1616860800000,1.49958,1.53235,1.48581,1.49283,7527245
1616875200000,1.49244,1.50734,1.4655,1.46968,6165875
1616889600000,1.46968,1.50327,1.46037,1.50258,8039038
1616904000000,1.50284,1.59179,1.50013,1.57984,10876596
1616918400000,1.57963,1.64088,1.56238,1.62073,19959019
1616932800000,1.62073,1.74975,1.58459,1.72875,34757602
1616947200000,1.7287,1.74219,1.5906,1.6422,22579963
1616961600000,1.64279,1.82415,1.62676,1.81627,28174684
1616976000000,1.81673,1.85818,1.72626,1.78299,21947292
1616990400000,1.78323,1.81411,1.7295,1.77861,13005528
1617004800000,1.77908,1.81455,1.73707,1.74996,11526446
1617019200000,1.75044,1.77788,1.68847,1.72526,14174098
1617033600000,1.72525,1.83237,1.68802,1.78162,19256564
1617048000000,1.78173,1.79999,1.74451,1.77599,8339368
1617062400000,1.77604,1.78857,1.73159,1.76908,8992970
1617076800000,1.76918,1.81713,1.74399,1.78581,10254552
1617091200000,1.78664,1.90028,1.78663,1.8398,22655551
1617105600000,1.83981,1.86,1.74291,1.74925,14643410
1617120000000,1.75021,1.866,1.75,1.839,21635845
1617134400000,1.839,1.84382,1.76,1.76043,12321281
1617148800000,1.76082,1.79625,1.68862,1.71618,17615515
1617163200000,1.71669,1.77415,1.69233,1.72456,12369855
1617177600000,1.72461,1.73023,1.63264,1.72292,19901436
1617192000000,1.72203,1.76588,1.69331,1.74036,11154602
1617206400000,1.74038,1.76202,1.68107,1.72657,11991607
1617220800000,1.72618,1.76248,1.69407,1.72333,8092841
1617235200000,1.72333,1.74475,1.70115,1.71095,5650271
1617249600000,1.71146,1.76253,1.68562,1.75835,7255592
1617264000000,1.7593,1.81525,1.72272,1.74111,16740396
1617278400000,1.74169,1.80578,1.72984,1.79409,10814673
1617292800000,1.79477,1.85578,1.73,1.79291,25574358
1617307200000,1.79307,1.835,1.77407,1.77751,9500642
1617321600000,1.77692,1.79351,1.73958,1.76173,9351663
1617336000000,1.76246,1.84554,1.75441,1.81875,10258306
1617350400000,1.81985,1.95782,1.8183,1.94748,25371397
1617364800000,1.94748,1.96222,1.83291,1.86126,21881105
1617379200000,1.86126,1.8929,1.83191,1.84967,11036653
1617393600000,1.84967,1.9,1.836,1.8917,8295395
1617408000000,1.8905,1.98131,1.88,1.97236,15356020
1617422400000,1.97219,1.97346,1.89404,1.90189,9160123
1617436800000,1.90191,1.93125,1.85621,1.86549,9914542
1617451200000,1.86521,1.89817,1.79083,1.79565,11984816
1617465600000,1.79575,1.83189,1.70314,1.78023,21695143
1617480000000,1.78134,1.78134,1.6688,1.68209,13409056
1617494400000,1.68184,1.76989,1.64924,1.7645,9751881
1617508800000,1.7641,1.767,1.7139,1.75273,5342002
1617523200000,1.7529,1.77344,1.71467,1.72544,5686053
1617537600000,1.72573,1.76324,1.71326,1.72997,7201031
1617552000000,1.72998,1.77783,1.72695,1.74179,8147840
1617566400000,1.74122,1.776,1.73325,1.76224,5216839
1617580800000,1.76241,1.78686,1.7156,1.72751,7536013
1617595200000,1.72743,1.73662,1.69,1.72724,8121837
1617609600000,1.72825,1.83083,1.72381,1.80354,13667494
1617624000000,1.80281,1.85384,1.7958,1.81814,10301940
1617638400000,1.81797,1.85023,1.78163,1.8012,12214024
1617652800000,1.80181,1.85845,1.79426,1.8305,9074160
1617667200000,1.83038,1.88923,1.82371,1.82492,12174415
1617681600000,1.82475,1.85749,1.801,1.81188,6753484
1617696000000,1.81205,1.84222,1.78,1.79205,11550009
1617710400000,1.79233,1.84601,1.72713,1.77476,22805503
1617724800000,1.77476,1.81,1.77225,1.79275,9866341
1617739200000,1.7928,1.80673,1.75626,1.76443,7291044
1617753600000,1.76381,1.77285,1.73,1.75382,8525536
1617768000000,1.75398,1.77068,1.70672,1.72619,12657923
1617782400000,1.7269,1.72795,1.52077,1.61261,29052264
1617796800000,1.61348,1.6715,1.56181,1.63183,18052856
1617811200000,1.63179,1.66958,1.58039,1.64075,14014683
1617825600000,1.64022,1.71,1.60533,1.65955,8967801
1617840000000,1.6591,1.70563,1.64154,1.67917,7512773
1617854400000,1.68021,1.7231,1.68021,1.70748,8749625
1617868800000,1.70731,1.74,1.6577,1.685,11789157
1617883200000,1.68546,1.75479,1.67838,1.73158,10921915
1617897600000,1.73126,1.7589,1.72,1.72791,6722509
1617912000000,1.7281,1.76009,1.69052,1.75154,5554860
1617926400000,1.75196,1.77217,1.73795,1.75598,6669175
1617940800000,1.75614,1.79811,1.75514,1.77017,6330629
1617955200000,1.77051,1.79528,1.7467,1.77831,6639468
1617969600000,1.77908,1.82269,1.75181,1.76683,10634313
1617984000000,1.76641,1.77551,1.73059,1.75128,6882537
1617998400000,1.7521,1.76245,1.71569,1.74116,4401256
1618012800000,1.74085,1.76485,1.71548,1.76315,6469944
1618027200000,1.76273,1.8062,1.74794,1.77302,8661483
1618041600000,1.77389,1.84323,1.77313,1.81383,10002480
1618056000000,1.81387,1.92293,1.77229,1.88915,28151298
1618070400000,1.88915,1.91957,1.80626,1.815,12426115
1618084800000,1.81519,1.912,1.78,1.89399,14665541
1618099200000,1.89399,1.90948,1.8335,1.8351,8364955
1618113600000,1.8351,1.84194,1.7982,1.83686,8924120
1618128000000,1.83775,1.88605,1.82675,1.87258,9238420
1618142400000,1.87314,1.88788,1.81278,1.8435,9401325
1618156800000,1.84351,1.90269,1.8258,1.85799,11393320
1618171200000,1.85833,1.91301,1.83716,1.90552,10277045
1618185600000,1.90604,1.97273,1.89058,1.91416,17685385
1618200000000,1.91447,1.96741,1.90008,1.949,10569584
1618214400000,1.94903,2.06724,1.88314,1.9458,32530618
1618228800000,1.94608,2.13312,1.94447,2.01986,46817623
1618243200000,2.01986,2.15565,2.01799,2.14674,25118255
1618257600000,2.14674,2.15467,2.01769,2.02018,13155767
1618272000000,2.02077,2.08523,1.98384,1.99713,11379711
1618286400000,1.99654,2.01246,1.92301,1.96106,13557217
1618300800000,1.96112,1.99019,1.912,1.97473,14774225
1618315200000,1.97422,2.02534,1.92426,1.9857,12757200
1618329600000,1.9857,2.00772,1.92511,1.96244,14154155
1618344000000,1.96241,1.97815,1.9255,1.92578,7282314
1618358400000,1.9271,1.97914,1.9,1.95037,12649412
1618372800000,1.95128,2.14859,1.92586,2.04374,26783063
1618387200000,2.04387,2.10666,1.95195,2.02808,22831460
1618401600000,2.0274,2.0274,1.81102,1.9262,22808076
1618416000000,1.92701,1.99008,1.878,1.91073,23113934
1618430400000,1.91139,2.07125,1.90611,2.0315,16594887
1618444800000,2.0322,2.0919,2.01396,2.054,13841426
1618459200000,2.054,2.11203,2.03061,2.03209,13373245
1618473600000,2.03181,2.06447,1.96214,2.01518,12936526
1618488000000,2.01571,2.13992,2.01546,2.10445,21756234
1618502400000,2.10447,2.2,2.09418,2.14484,22136677
1618516800000,2.14292,2.15092,2.09047,2.10113,8615332
1618531200000,2.10107,2.18612,2.04429,2.10643,14697257
1618545600000,2.10675,2.10693,1.98379,2.04206,16077511
1618560000000,2.04241,2.05846,1.9069,1.98885,15717881
1618574400000,1.98864,2.0196,1.91,2.00466,13681070
1618588800000,2.00586,2.06012,1.97032,2.03163,12376211
1618603200000,2.03189,2.0781,1.99086,1.99277,8849319
1618617600000,1.99297,2.07079,1.98113,2.06139,9172424
1618632000000,2.06167,2.0724,2.01487,2.0465,9019099
1618646400000,2.0465,2.14001,1.98682,2.01206,17641521
1618660800000,2.0105,2.03735,1.93514,1.94456,12699968
1618675200000,1.94537,1.99411,1.92217,1.97745,8595731
1618689600000,1.97768,2.01561,1.92924,1.93185,6139107
1618704000000,1.93194,1.95529,1.23566,1.60329,61831051
1618718400000,1.60329,1.74038,1.55,1.70818,45295632
1618732800000,1.70804,1.7118,1.53121,1.56347,29327660
1618747200000,1.56384,1.70293,1.56224,1.69568,15479104
1618761600000,1.69595,1.72781,1.66084,1.69217,10669199
1618776000000,1.69217,1.7388,1.67565,1.70156,8660624
1618790400000,1.70188,1.75268,1.67057,1.73123,9645376
1618804800000,1.73133,1.7783,1.70664,1.77259,9212387
1618819200000,1.77296,1.777,1.63169,1.69296,11705885
1618833600000,1.69226,1.69906,1.5319,1.54532,16467899
1618848000000,1.54544,1.63017,1.52433,1.61881,9858157
1618862400000,1.61807,1.6481,1.5553,1.55817,6494624
1618876800000,1.55798,1.5668,1.42801,1.47346,15410092
1618891200000,1.47346,1.54007,1.42046,1.47026,12176937
1618905600000,1.47025,1.58924,1.46462,1.58513,9264195
1618920000000,1.58558,1.61085,1.5225,1.5599,8537386
1618934400000,1.55958,1.63998,1.53588,1.63998,11562972
1618948800000,1.63987,1.64068,1.54925,1.58445,10285610
1618963200000,1.58617,1.60969,1.53091,1.54594,9841842
1618977600000,1.5467,1.60526,1.53402,1.56533,9674414
1618992000000,1.56581,1.60587,1.49372,1.51314,11032486
1619006400000,1.5132,1.61963,1.48685,1.60568,11659251
1619020800000,1.60529,1.66194,1.60281,1.63899,16367400
1619035200000,1.63933,1.64415,1.51343,1.52564,9706361
1619049600000,1.52496,1.55182,1.46624,1.48378,12618642
1619064000000,1.48491,1.55766,1.4823,1.52897,9334609
1619078400000,1.52923,1.60689,1.49149,1.60255,9918302
1619092800000,1.60226,1.6234,1.55774,1.56565,10625405
1619107200000,1.56582,1.59379,1.51355,1.53417,15897679
1619121600000,1.53415,1.53415,1.39508,1.40905,18262408
1619136000000,1.40897,1.4448,1.11479,1.30647,37114516
1619150400000,1.30665,1.31595,1.19479,1.20569,24175616
1619164800000,1.20569,1.34379,1.18917,1.33186,17380270
1619179200000,1.33172,1.33772,1.24317,1.32957,13792150
1619193600000,1.32852,1.37037,1.307,1.36144,8384053
1619208000000,1.36104,1.3973,1.34246,1.39411,7615454
1619222400000,1.39374,1.39902,1.30421,1.36199,10908790
1619236800000,1.36224,1.3914,1.32596,1.33349,8200078
1619251200000,1.33392,1.35914,1.24845,1.26671,10425415
1619265600000,1.2667,1.314,1.2505,1.30761,10479360
1619280000000,1.30786,1.31404,1.26304,1.29336,5663073
1619294400000,1.29343,1.31166,1.24563,1.25522,7535666
1619308800000,1.25503,1.2762,1.23572,1.23637,10589852
1619323200000,1.23634,1.26467,1.23533,1.25705,2721980
1619337600000,1.2571,1.29858,1.24803,1.29466,6317717
1619352000000,1.29384,1.3495,1.29074,1.33266,7392498
1619366400000,1.33264,1.35714,1.26557,1.26831,7119083
1619380800000,1.26718,1.28119,1.19112,1.2593,11466008
1619395200000,1.25937,1.3788,1.24694,1.37285,12691120
1619409600000,1.37363,1.45898,1.35695,1.4514,9510067
1619424000000,1.45031,1.49622,1.40558,1.48389,8193755
1619438400000,1.48445,1.50231,1.45127,1.46805,7050394
1619452800000,1.46813,1.4798,1.4248,1.46239,6831502
1619467200000,1.46239,1.46263,1.39068,1.45947,9612015
1619481600000,1.45848,1.50892,1.44382,1.48124,8090535
1619496000000,1.4805,1.54623,1.46096,1.53106,7985183
1619510400000,1.53134,1.57671,1.51226,1.57572,6511954
1619524800000,1.57529,1.57634,1.50039,1.54428,8443244
1619539200000,1.54474,1.556,1.50068,1.51754,7859499
1619553600000,1.51869,1.56016,1.5133,1.55949,6421206
1619568000000,1.55924,1.63266,1.5568,1.56628,9425682
1619582400000,1.56572,1.60359,1.48343,1.53606,9949651
1619596800000,1.53512,1.55229,1.48355,1.53928,7059290
1619611200000,1.53921,1.56773,1.50253,1.52451,7753826
1619625600000,1.52506,1.54365,1.50523,1.52586,7815980
1619640000000,1.52594,1.54039,1.486,1.53411,8522299
1619654400000,1.53475,1.53969,1.47368,1.49928,8728526
1619668800000,1.49948,1.53287,1.47317,1.52545,5837949
1619683200000,1.52552,1.55989,1.50758,1.5546,8319730
1619697600000,1.5546,1.56893,1.4905,1.50701,10201175
1619712000000,1.50678,1.51107,1.4471,1.46931,8626780
1619726400000,1.46954,1.50333,1.44255,1.49792,5522875
1619740800000,1.49883,1.52175,1.47162,1.51771,6224315
1619755200000,1.5173,1.57287,1.51712,1.54834,8268064
1619769600000,1.54834,1.56206,1.51756,1.53078,6778407
1619784000000,1.53001,1.5871,1.528,1.57404,11087398
1619798400000,1.57399,1.5991,1.56501,1.57954,8312768
1619812800000,1.57887,1.58195,1.5371,1.56182,6828467
1619827200000,1.56186,1.6189,1.55384,1.60561,8506001
1619841600000,1.60684,1.65394,1.57525,1.64258,9435275
1619856000000,1.64377,1.69867,1.62341,1.69808,18357034
1619870400000,1.69824,1.733,1.63275,1.65428,17542074
1619884800000,1.65395,1.67951,1.64576,1.6731,8432366
1619899200000,1.67314,1.6919,1.65111,1.67775,5743651
1619913600000,1.67789,1.692,1.5614,1.566,10429041
1619928000000,1.56589,1.60572,1.545,1.58824,10043175
1619942400000,1.58851,1.62242,1.56324,1.62165,6480090
1619956800000,1.62211,1.64481,1.60845,1.61967,6860767
1619971200000,1.6198,1.64221,1.59761,1.63897,5889474
1619985600000,1.63909,1.64771,1.59747,1.61178,4887186
1620000000000,1.61226,1.67456,1.59545,1.67047,7939812
1620014400000,1.67082,1.67439,1.63621,1.6632,6498637
1620028800000,1.66259,1.68704,1.64102,1.67409,7697052
1620043200000,1.674,1.68514,1.60132,1.62696,11584569
1620057600000,1.62679,1.64938,1.61272,1.63279,8041385
1620072000000,1.63247,1.63247,1.57326,1.59313,8001907
1620086400000,1.59387,1.59583,1.46622,1.52985,13873533
1620100800000,1.52924,1.56541,1.51802,1.53482,5824078
1620115200000,1.53485,1.56784,1.5159,1.55444,7756826
1620129600000,1.5542,1.55577,1.43038,1.45114,14297421
1620144000000,1.45185,1.50704,1.41601,1.49823,11398552
1620158400000,1.49825,1.51109,1.42752,1.43339,6951601
1620172800000,1.4334,1.51674,1.42233,1.48574,8805830
1620187200000,1.48581,1.5149,1.46878,1.51449,5179458
1620201600000,1.5139,1.54671,1.50846,1.52891,7212669
1620216000000,1.52895,1.55747,1.51051,1.51729,7080815
1620230400000,1.51729,1.55667,1.5077,1.55636,6394337
1620244800000,1.55575,1.55575,1.50573,1.53917,9044175
1620259200000,1.53773,1.55364,1.51,1.54355,9407904
1620273600000,1.54318,1.59084,1.51735,1.5472,12358266
1620288000000,1.5463,1.60244,1.54003,1.59979,10594872
1620302400000,1.60039,1.664,1.57785,1.60961,20343386
1620316800000,1.60964,1.67213,1.5396,1.62199,32831490
1620331200000,1.62188,1.63222,1.57526,1.60721,8654772
1620345600000,1.60742,1.64888,1.54347,1.56154,12878712
1620360000000,1.56176,1.63889,1.52185,1.62106,15512262
1620374400000,1.61992,1.6571,1.5965,1.6465,12543457
1620388800000,1.64675,1.72832,1.62447,1.70017,24040869
1620403200000,1.70184,1.70787,1.6027,1.62302,14770210
1620417600000,1.62261,1.63861,1.551,1.60281,9548116
1620432000000,1.6023,1.62354,1.5778,1.61923,6370388
1620446400000,1.6192,1.62997,1.586,1.62553,8086813
1620460800000,1.62629,1.65552,1.60906,1.61309,9196024
1620475200000,1.61423,1.65221,1.56763,1.57637,11728179
1620489600000,1.57532,1.60778,1.56712,1.6016,7422154
1620504000000,1.60017,1.60255,1.56054,1.58875,4754157
1620518400000,1.58879,1.60495,1.54495,1.54642,5102214
1620532800000,1.54674,1.56487,1.50905,1.54067,9079781
1620547200000,1.5408,1.56924,1.52769,1.54445,6757107
1620561600000,1.54388,1.55065,1.47354,1.54358,12628114
1620576000000,1.54321,1.55508,1.51063,1.52202,7099462
1620590400000,1.5224,1.54446,1.51994,1.53745,5480502
1620604800000,1.53761,1.56359,1.5188,1.56196,7497645
1620619200000,1.56183,1.579,1.54001,1.54254,6929831
1620633600000,1.54253,1.55357,1.48608,1.50945,8964848
1620648000000,1.50977,1.52705,1.4508,1.46325,12394313
1620662400000,1.46357,1.49052,1.3551,1.37955,16545199
1620676800000,1.3799,1.42502,1.24794,1.38303,25993676
1620691200000,1.38295,1.40737,1.32537,1.34927,11431563
1620705600000,1.34941,1.41948,1.33623,1.41327,8609900
1620720000000,1.41341,1.43194,1.37648,1.39346,8492383
1620734400000,1.39257,1.43306,1.36349,1.42388,9857122
1620748800000,1.42327,1.439,1.41,1.42853,8537076
1620763200000,1.42812,1.48163,1.42167,1.46157,7701643
1620777600000,1.46146,1.52055,1.46139,1.51813,8142384
1620792000000,1.51878,1.52098,1.47721,1.49103,5911472
1620806400000,1.491,1.50149,1.42724,1.45884,9937852
1620820800000,1.45857,1.54035,1.42745,1.43709,20282397
1620835200000,1.43777,1.458,1.36792,1.41875,17771622
1620849600000,1.41826,1.44323,1.25437,1.28991,22293544
1620864000000,1.2897,1.35364,1.2,1.347,20374461
1620878400000,1.34854,1.37982,1.33129,1.36252,7565389
1620892800000,1.36212,1.37,1.2555,1.31188,19067722
1620907200000,1.31189,1.35193,1.2866,1.29658,11215811
1620921600000,1.29642,1.32962,1.22809,1.26395,18801390
1620936000000,1.26414,1.3154,1.25317,1.31522,9477462
1620950400000,1.31459,1.35143,1.30614,1.31939,9374027
1620964800000,1.31939,1.32998,1.28517,1.326,6363350
1620979200000,1.32661,1.36553,1.31677,1.35964,7947662
1620993600000,1.3589,1.39798,1.329,1.38354,8338712
1621008000000,1.38344,1.389,1.34042,1.35203,9353327
1621022400000,1.35293,1.36648,1.31812,1.36636,6396381
1621036800000,1.3658,1.42967,1.3384,1.40854,9011383
1621051200000,1.4085,1.52497,1.4068,1.41995,22139655
1621065600000,1.41984,1.46221,1.38191,1.43585,14399539
1621080000000,1.43665,1.50753,1.4088,1.41483,14226241
1621094400000,1.4147,1.4159,1.30322,1.35101,19206708
1621108800000,1.34984,1.39475,1.30965,1.31774,11886460
1621123200000,1.31911,1.36806,1.3084,1.36805,7902970
1621137600000,1.36719,1.40289,1.34742,1.39677,5873214
1621152000000,1.3976,1.42082,1.37962,1.39563,6612654
1621166400000,1.39562,1.40326,1.33154,1.33259,8556983
1621180800000,1.33238,1.34766,1.23685,1.27321,15284738
1621195200000,1.27159,1.3019,1.23023,1.29962,11918905
1621209600000,1.29949,1.30064,1.17275,1.24532,24932319
1621224000000,1.24749,1.27894,1.16342,1.27337,20424480
1621238400000,1.27322,1.29575,1.24908,1.29518,8015980
1621252800000,1.29548,1.29779,1.2208,1.22533,7755811
1621267200000,1.22605,1.24628,1.17173,1.23365,12605231
1621281600000,1.23403,1.24543,1.17429,1.19493,10231345
1621296000000,1.19455,1.23829,1.17589,1.23314,7885919
1621310400000,1.23226,1.26329,1.226,1.23397,6761464
1621324800000,1.23337,1.26001,1.21774,1.25,6049254
1621339200000,1.25114,1.2514,1.17602,1.19184,13112119
1621353600000,1.19241,1.2354,1.18514,1.21327,10107880
1621368000000,1.21299,1.25792,1.20038,1.22564,9405782
1621382400000,1.22558,1.24554,1.11999,1.1339,19450803
1621396800000,1.13425,1.14176,1.0145,1.0836,22824374
1621411200000,1.0834,1.08985,0.86482,0.93232,26360118
1621425600000,0.93233,0.94968,0.49,0.82286,54320995
1621440000000,0.82452,0.9178,0.78209,0.82379,39077345
1621454400000,0.82369,0.85621,0.74019,0.74311,22329961
1621468800000,0.74284,0.8478,0.68411,0.84163,32678285
1621483200000,0.8407,0.89906,0.82919,0.88055,16422757
1621497600000,0.88055,0.90188,0.83972,0.88988,15933261
1621512000000,0.8896,0.97459,0.87369,0.93284,18552998
1621526400000,0.93295,0.9342,0.84283,0.89825,16739246
1621540800000,0.89862,0.94299,0.87461,0.90487,16541697
1621555200000,0.90497,0.95685,0.89426,0.89786,10010890
1621569600000,0.89785,0.90428,0.85251,0.86235,12343153
1621584000000,0.86278,0.89325,0.84264,0.867,8412971
1621598400000,0.86673,0.887,0.75866,0.77062,20873439
1621612800000,0.77144,0.85374,0.75068,0.83085,25951549
1621627200000,0.83163,0.85829,0.74057,0.85187,17851747
1621641600000,0.85168,0.87165,0.81102,0.8224,10656681
1621656000000,0.82243,0.8334,0.75898,0.79022,17182196
1621670400000,0.78964,0.8433,0.78585,0.83008,11954510
1621684800000,0.83037,0.84432,0.77231,0.7952,14567924
1621699200000,0.79557,0.80252,0.75815,0.763,11569078
1621713600000,0.76307,0.80883,0.76307,0.78784,6763976
1621728000000,0.78786,0.80628,0.76526,0.77539,7086262
1621742400000,0.77528,0.77547,0.70309,0.71655,10562110
1621756800000,0.71672,0.71714,0.62524,0.6604,24820563
1621771200000,0.6598,0.66485,0.56692,0.59111,23247025
1621785600000,0.59111,0.5976,0.50052,0.58306,27271116
1621800000000,0.5823,0.65627,0.58222,0.64759,18849948
1621814400000,0.64759,0.68046,0.6273,0.66706,11831792
1621828800000,0.6672,0.74704,0.64351,0.74174,18571850
1621843200000,0.74106,0.7697,0.7156,0.76928,11788588
1621857600000,0.76871,0.8276,0.76015,0.79907,20825049
1621872000000,0.79953,0.84949,0.76602,0.84949,18624893
1621886400000,0.84861,0.85772,0.78593,0.82469,10172393
1621900800000,0.82529,0.86505,0.76873,0.79093,13654078
1621915200000,0.79086,0.82223,0.76658,0.81884,9723628
1621929600000,0.8189,0.82214,0.72125,0.72796,14082771
1621944000000,0.72787,0.80076,0.72524,0.79561,11434417
1621958400000,0.7956,0.81595,0.76941,0.77593,7755232
1621972800000,0.77671,0.82834,0.7738,0.82213,6164932
1621987200000,0.82101,0.85844,0.80381,0.85678,7121720
1622001600000,0.85711,0.8829,0.83799,0.87074,7841401
1622016000000,0.8701,0.8753,0.83217,0.85695,10304492
1622030400000,0.8566,0.86805,0.80157,0.82591,12692384
1622044800000,0.82621,0.86435,0.819,0.85908,9846078
1622059200000,0.85885,0.85903,0.82514,0.84127,6260191
1622073600000,0.84131,0.8426,0.75437,0.7755,13392666
1622088000000,0.77549,0.79768,0.75412,0.79159,8108921
1622102400000,0.7919,0.82633,0.77661,0.8245,9665810
1622116800000,0.8243,0.83218,0.79543,0.79665,9264572
1622131200000,0.79677,0.79886,0.75644,0.76618,12370469
1622145600000,0.76568,0.78202,0.74867,0.77019,9262167
1622160000000,0.77027,0.79094,0.75055,0.78275,8294955
1622174400000,0.78264,0.78264,0.69168,0.71123,13329202
1622188800000,0.71125,0.72218,0.6557,0.6674,14192951
1622203200000,0.6672,0.72544,0.66168,0.71624,10519622
1622217600000,0.71679,0.71913,0.63996,0.65171,18066918
1622232000000,0.65236,0.66753,0.61561,0.64925,12451211
1622246400000,0.64975,0.69287,0.64798,0.691,9693276
1622260800000,0.69094,0.6985,0.66435,0.66621,7798436
1622275200000,0.6659,0.66931,0.629,0.64979,8858267
1622289600000,0.64973,0.65013,0.6088,0.62487,11682055
1622304000000,0.62442,0.64347,0.5925,0.60752,9983890
1622318400000,0.60741,0.6312,0.5945,0.62724,9535245
1622332800000,0.62754,0.62766,0.58607,0.62031,9325471
1622347200000,0.62067,0.67152,0.61769,0.66807,7920793
1622361600000,0.66773,0.68434,0.65491,0.68398,6437657
1622376000000,0.68379,0.68922,0.64744,0.65743,8863196
1622390400000,0.65762,0.70866,0.64978,0.70573,7818794
1622404800000,0.70552,0.7712,0.69619,0.73891,25674897
1622419200000,0.73891,0.75219,0.69285,0.70323,16352170
1622433600000,0.70287,0.74481,0.69004,0.73153,11644476
1622448000000,0.73209,0.78468,0.7238,0.77449,17701246
1622462400000,0.7737,0.8541,0.77313,0.81767,57941785
1622476800000,0.81826,0.82948,0.78608,0.78936,23711746
1622491200000,0.78929,0.80801,0.77928,0.79278,12856986
1622505600000,0.79293,0.81191,0.7736,0.79307,12682977
1622520000000,0.79312,0.82773,0.7878,0.79471,10369704
1622534400000,0.79423,0.802,0.76188,0.79188,11346192
1622548800000,0.79136,0.792,0.7582,0.76324,12110340
1622563200000,0.7631,0.77436,0.7467,0.75159,7027008
1622577600000,0.75169,0.77261,0.75116,0.76738,5172281
1622592000000,0.76726,0.77259,0.735,0.75571,6200116
1622606400000,0.75614,0.79052,0.75614,0.78759,5409995
1622620800000,0.78761,0.7904,0.76857,0.77661,5572281
1622635200000,0.77647,0.81275,0.77147,0.80315,9210464
1622649600000,0.80355,0.80728,0.78129,0.79314,7655936
1622664000000,0.79328,0.79331,0.7545,0.76457,8355191
1622678400000,0.76483,0.78275,0.75269,0.78156,5492750
1622692800000,0.78157,0.83576,0.77763,0.81792,12923729
1622707200000,0.81855,0.892,0.81218,0.87438,20474478
1622721600000,0.87395,0.88775,0.8489,0.86156,22657746
1622736000000,0.86186,0.94183,0.85507,0.90188,35605084
1622750400000,0.90227,0.96809,0.90179,0.95,30437338
1622764800000,0.94966,0.95472,0.85139,0.8759,33345948
1622779200000,0.87605,0.87826,0.77377,0.79844,30393937
1622793600000,0.79855,0.81011,0.76693,0.77899,23291056
1622808000000,0.77952,0.80966,0.74861,0.80227,21523205
1622822400000,0.8022,0.83465,0.79058,0.79549,15515364
1622836800000,0.79523,0.83692,0.78381,0.80078,17624566
1622851200000,0.8004,0.8345,0.79273,0.82468,12071313
1622865600000,0.82462,0.8479,0.82017,0.82362,12319569
1622880000000,0.82354,0.83272,0.75703,0.76615,19384542
1622894400000,0.76612,0.77952,0.75056,0.77637,17449421
1622908800000,0.77584,0.77647,0.7516,0.75449,9910166
1622923200000,0.75439,0.76721,0.72242,0.75306,15292640
1622937600000,0.75305,0.7749,0.74601,0.76451,7521607
1622952000000,0.76429,0.78484,0.76318,0.77932,6187936
1622966400000,0.77911,0.78947,0.764,0.77671,6822040
1622980800000,0.77674,0.81796,0.77392,0.80421,14655015
1622995200000,0.80421,0.80764,0.76675,0.76811,11648654
1623009600000,0.76806,0.78631,0.7612,0.78232,8864466
1623024000000,0.78254,0.82109,0.77278,0.80963,13831746
1623038400000,0.81003,0.81819,0.792,0.80555,6726789
1623052800000,0.80552,0.83539,0.79609,0.82323,11568917
1623067200000,0.82293,0.83815,0.80425,0.81138,10786452
1623081600000,0.81137,0.81139,0.76204,0.77373,16814446
1623096000000,0.77399,0.77651,0.68719,0.69826,24368266
1623110400000,0.69797,0.71397,0.65287,0.67967,19820355
1623124800000,0.67987,0.70196,0.66414,0.69342,15839333
1623139200000,0.69304,0.70739,0.67965,0.70293,14635736
1623153600000,0.70247,0.70412,0.62654,0.65367,26021457
1623168000000,0.65408,0.69524,0.64811,0.69403,16001422
1623182400000,0.694,0.70957,0.68654,0.6912,11199491
1623196800000,0.69125,0.69615,0.65475,0.67409,12873627
1623211200000,0.67384,0.72471,0.665,0.7065,15286687
1623225600000,0.70674,0.72787,0.69411,0.72175,10718175
1623240000000,0.72191,0.73002,0.6878,0.7121,21205503
1623254400000,0.71226,0.72793,0.6904,0.69883,14730634
1623268800000,0.69872,0.71343,0.6885,0.70777,8686320
1623283200000,0.70795,0.7154,0.68895,0.69693,10372865
1623297600000,0.69693,0.70569,0.68309,0.69888,10269281
1623312000000,0.6992,0.70668,0.66778,0.69554,12003825
1623326400000,0.69543,0.70456,0.67346,0.68517,10578263
1623340800000,0.6852,0.68766,0.65605,0.66317,10524766
1623355200000,0.66333,0.67728,0.65267,0.66325,8745692
1623369600000,0.66326,0.66662,0.63166,0.64327,11450235
1623384000000,0.64312,0.6531,0.6344,0.65198,7386993
1623398400000,0.65206,0.66775,0.64831,0.65737,10778933
1623412800000,0.65723,0.68078,0.64688,0.65022,11930341
1623427200000,0.65025,0.65375,0.62057,0.6248,8396314
1623441600000,0.62485,0.63635,0.60147,0.61282,7745188
1623456000000,0.61269,0.61312,0.57847,0.58959,11932960
1623470400000,0.58946,0.59139,0.56653,0.58416,8458685
1623484800000,0.58415,0.60096,0.57463,0.598,8308984
1623499200000,0.59818,0.61432,0.5952,0.60372,9715815
1623513600000,0.60388,0.61376,0.59571,0.60809,5434655
1623528000000,0.6085,0.62406,0.59862,0.60175,6584684
1623542400000,0.60141,0.62011,0.58347,0.5844,6579519
1623556800000,0.58455,0.59875,0.58084,0.59623,5739975
1623571200000,0.59624,0.60768,0.59191,0.598,5722919
1623585600000,0.59787,0.60929,0.58821,0.59242,6396452
1623600000000,0.59243,0.65063,0.59106,0.6445,16556046
1623614400000,0.64449,0.692,0.64449,0.68318,15321813
1623628800000,0.68311,0.7015,0.67398,0.70043,16288885
1623643200000,0.70049,0.723,0.69313,0.70426,33071523
1623657600000,0.70423,0.70596,0.68363,0.69062,14425712
1623672000000,0.69062,0.7173,0.68342,0.68739,24328939
1623686400000,0.68738,0.68963,0.66068,0.66944,16666740
1623700800000,0.66933,0.68366,0.6639,0.68252,7779455
1623715200000,0.68233,0.69353,0.67339,0.68657,10494789
1623729600000,0.68701,0.70732,0.68528,0.6989,10729625
1623744000000,0.69891,0.70992,0.67843,0.69279,11525885
1623758400000,0.6931,0.7522,0.69116,0.7472,32461966
1623772800000,0.74707,0.75935,0.72459,0.72912,20963943
1623787200000,0.72911,0.73885,0.71102,0.71557,12341152
1623801600000,0.71563,0.73736,0.70635,0.733,11986264
1623816000000,0.73281,0.793,0.73166,0.76333,30242340
1623830400000,0.76439,0.77891,0.70151,0.70659,29186589
1623844800000,0.70622,0.71474,0.67638,0.68924,16384700
1623859200000,0.68842,0.70375,0.67923,0.69735,14056586
1623873600000,0.69725,0.69747,0.66724,0.67991,8125797
1623888000000,0.67933,0.70368,0.67311,0.69332,8847634
1623902400000,0.69357,0.71803,0.6882,0.71247,8884282
1623916800000,0.71282,0.7197,0.69861,0.69971,10937426
1623931200000,0.6994,0.70055,0.68312,0.69509,8081987
1623945600000,0.69475,0.69566,0.65682,0.66943,12805305
1623960000000,0.66882,0.69044,0.66207,0.68482,6430598
1623974400000,0.68515,0.691,0.66125,0.67132,6413725
1623988800000,0.6713,0.6825,0.66114,0.67108,5957567
1624003200000,0.67098,0.67272,0.6375,0.65141,12312486
1624017600000,0.65129,0.65432,0.60831,0.61005,13283194
1624032000000,0.61013,0.62731,0.59038,0.59706,15465376
1624046400000,0.59724,0.62167,0.59563,0.60925,7999687
1624060800000,0.60906,0.61593,0.58837,0.59857,12037387
1624075200000,0.59835,0.62781,0.59835,0.62263,10688289
1624089600000,0.62288,0.62293,0.61101,0.61696,6246135
1624104000000,0.61789,0.62899,0.6086,0.61533,7939855
1624118400000,0.61523,0.62428,0.5929,0.62129,10122900
1624132800000,0.62121,0.62809,0.59912,0.5999,8198200
1624147200000,0.59957,0.6036,0.5848,0.60038,11180648
1624161600000,0.6002,0.63688,0.59935,0.61875,11774737
1624176000000,0.61896,0.62154,0.569,0.57038,12842354
1624190400000,0.57028,0.59792,0.564,0.59523,9337839
1624204800000,0.59525,0.62763,0.59285,0.626,11275927
1624219200000,0.62608,0.65504,0.62607,0.64163,12084072
1624233600000,0.64178,0.64878,0.61067,0.61201,13302698
1624248000000,0.61192,0.62344,0.57368,0.58101,21531324
1624262400000,0.58108,0.58647,0.52407,0.55117,22021723
1624276800000,0.55138,0.56445,0.5258,0.55242,14135219
1624291200000,0.55237,0.55766,0.52722,0.53707,12646436
1624305600000,0.5372,0.54262,0.49875,0.50372,18888905
1624320000000,0.50394,0.55224,0.49118,0.54934,15173155
1624334400000,0.5496,0.55142,0.53063,0.53395,8079255
1624348800000,0.53409,0.53438,0.47623,0.47627,16698597
1624363200000,0.47674,0.48831,0.42782,0.48565,31565954
1624377600000,0.48554,0.53893,0.48233,0.51393,29243730
1624392000000,0.51396,0.52527,0.48241,0.49297,15149264
1624406400000,0.49317,0.547,0.47146,0.54634,23571871
1624420800000,0.54603,0.5635,0.53275,0.55858,15207138
1624435200000,0.55856,0.58092,0.5477,0.56554,11806190
1624449600000,0.56554,0.58994,0.56,0.56562,14733413
1624464000000,0.56542,0.60775,0.54698,0.54814,24990646
1624478400000,0.54858,0.6071,0.54802,0.60078,15685333
1624492800000,0.60061,0.61937,0.57411,0.58422,17318768
1624507200000,0.5837,0.60744,0.57737,0.58443,13216524
1624521600000,0.58446,0.61129,0.57973,0.60841,18412363
1624536000000,0.60863,0.62445,0.60229,0.60765,19190600
1624550400000,0.60762,0.624,0.59834,0.61293,12037732
1624564800000,0.61307,0.61402,0.59359,0.60131,6919490
1624579200000,0.60142,0.62106,0.58454,0.60947,12267660
1624593600000,0.60906,0.61095,0.57921,0.58416,7321790
1624608000000,0.58387,0.5846,0.55726,0.55807,14217318
1624622400000,0.55847,0.5689,0.53238,0.54514,16433779
1624636800000,0.54526,0.54952,0.52339,0.54342,15912025
1624651200000,0.54339,0.54819,0.52084,0.5246,10939304
1624665600000,0.52455,0.54168,0.51794,0.53636,12448211
1624680000000,0.53642,0.54726,0.51231,0.51475,9322692
1624694400000,0.51456,0.53355,0.50242,0.53011,11568740
1624708800000,0.5303,0.53503,0.50428,0.5318,12008449
1624723200000,0.5318,0.54277,0.519,0.53043,11332305
1624737600000,0.53049,0.54453,0.52017,0.54274,10243293
1624752000000,0.54283,0.55155,0.53703,0.5453,9794815
1624766400000,0.5454,0.5475,0.53022,0.54248,6577630
1624780800000,0.54245,0.54556,0.52448,0.52921,10267197
1624795200000,0.52949,0.53864,0.52518,0.53328,7122819
1624809600000,0.53278,0.53584,0.51655,0.52277,7474851
1624824000000,0.52298,0.55874,0.51574,0.55798,13514474
1624838400000,0.55783,0.56835,0.54885,0.54941,10452913
1624852800000,0.5492,0.56405,0.5441,0.56265,8541505
1624867200000,0.56264,0.56352,0.54258,0.54758,11633299
1624881600000,0.54774,0.58266,0.54174,0.58233,13416541
1624896000000,0.58238,0.58846,0.56742,0.57805,14930820
1624910400000,0.57779,0.58323,0.564,0.57117,8149346
1624924800000,0.5712,0.58249,0.56608,0.57756,7594343
1624939200000,0.5775,0.58919,0.57636,0.5781,9663808
1624953600000,0.57818,0.62203,0.57527,0.61498,27112895
1624968000000,0.61479,0.62238,0.60262,0.6113,13066512
1624982400000,0.61131,0.61349,0.58291,0.5895,19654211
1624996800000,0.58943,0.59599,0.57277,0.57861,14543942
1625011200000,0.57876,0.58854,0.56836,0.57016,12501329
1625025600000,0.57025,0.58075,0.55773,0.58075,9749023
1625040000000,0.58077,0.58138,0.5605,0.57495,11268539
1625054400000,0.57511,0.57802,0.54884,0.55191,11550171
1625068800000,0.55204,0.57451,0.54669,0.57393,9841882
1625083200000,0.5735,0.59151,0.56821,0.5912,9039566
1625097600000,0.59136,0.59158,0.56153,0.56154,7331064
1625112000000,0.5615,0.57365,0.53763,0.53977,11076369
1625126400000,0.54027,0.54719,0.52851,0.54626,10668694
1625140800000,0.54569,0.5531,0.53688,0.55046,8890853
1625155200000,0.55042,0.55344,0.52248,0.52876,10812388
1625169600000,0.52861,0.54385,0.52854,0.5357,6093400
1625184000000,0.53588,0.54495,0.52333,0.52642,7150807
1625198400000,0.52631,0.5374,0.51905,0.53599,6120329
1625212800000,0.53601,0.54038,0.52231,0.53048,6704436
1625227200000,0.52998,0.54616,0.52714,0.54479,6596597
1625241600000,0.54479,0.5796,0.54151,0.56922,18507947
1625256000000,0.56925,0.6026,0.56439,0.60102,15879333
1625270400000,0.60103,0.61841,0.58693,0.61147,40915357
1625284800000,0.61146,0.61551,0.5935,0.61092,27427615
1625299200000,0.6107,0.62232,0.60322,0.60487,23780279
1625313600000,0.60483,0.6296,0.601,0.62262,24710289
1625328000000,0.62279,0.67735,0.61525,0.66924,48650379
1625342400000,0.66921,0.68225,0.66377,0.67573,42004557
1625356800000,0.67572,0.6995,0.64134,0.65847,36510099
1625371200000,0.65841,0.69159,0.65841,0.67425,21760699
1625385600000,0.67446,0.68851,0.66639,0.68395,14300170
1625400000000,0.6835,0.71741,0.66714,0.71407,30790937
1625414400000,0.7141,0.75676,0.70854,0.74236,51426659
1625428800000,0.74236,0.74409,0.71046,0.72461,20677531
1625443200000,0.72435,0.73398,0.69549,0.71039,22912046
1625457600000,0.71036,0.78537,0.70007,0.7577,68955962
1625472000000,0.75778,0.79777,0.7289,0.73323,63201186
1625486400000,0.73326,0.78245,0.73,0.74487,54257489
1625500800000,0.74474,0.755,0.71521,0.7386,36473289
1625515200000,0.73856,0.76716,0.71872,0.73136,29576670
1625529600000,0.73185,0.74498,0.72004,0.73344,17194992
1625544000000,0.73339,0.76704,0.73277,0.75952,18726418
1625558400000,0.7596,0.76111,0.71363,0.73125,26132501
1625572800000,0.7308,0.75153,0.72115,0.73,20753892
1625587200000,0.7298,0.73857,0.7125,0.71599,18150071
1625601600000,0.71654,0.71832,0.68628,0.70102,16540803
1625616000000,0.70122,0.71417,0.68728,0.70901,16130649
1625630400000,0.70883,0.72479,0.70555,0.7095,16539202
1625644800000,0.7094,0.71911,0.69767,0.71345,14213581
1625659200000,0.71352,0.75579,0.71216,0.72772,40994721
1625673600000,0.7277,0.74327,0.72124,0.73963,12610101
1625688000000,0.73993,0.74578,0.70121,0.70486,14072346
1625702400000,0.7049,0.70825,0.6868,0.69357,13806704
1625716800000,0.69374,0.69418,0.63803,0.64341,21914527
1625731200000,0.64336,0.6542,0.63,0.65317,13446730
1625745600000,0.65316,0.69481,0.64106,0.692,21584831
1625760000000,0.69205,0.69474,0.66132,0.66623,16457082
1625774400000,0.66638,0.66843,0.63734,0.65432,9423792
1625788800000,0.65418,0.67106,0.62644,0.66621,14626319
1625803200000,0.66619,0.69015,0.66212,0.68299,18623120
1625817600000,0.6827,0.68285,0.65636,0.66396,12936080
1625832000000,0.66411,0.69471,0.65412,0.68928,16598525
1625846400000,0.68894,0.69045,0.67158,0.67935,11278334
1625860800000,0.67925,0.70216,0.67365,0.69038,9850000
1625875200000,0.69043,0.71738,0.67749,0.6821,14591737
1625889600000,0.68146,0.68591,0.66777,0.67929,6895195
1625904000000,0.67921,0.68308,0.6582,0.6669,8340682
1625918400000,0.66603,0.67413,0.65527,0.67232,8138848
1625932800000,0.67208,0.68077,0.65205,0.659,8364055
1625947200000,0.6593,0.68653,0.6477,0.68588,11873075
1625961600000,0.68595,0.69761,0.6802,0.68568,7247293
1625976000000,0.68541,0.74,0.6819,0.73687,31127706
1625990400000,0.73657,0.748,0.72721,0.7439,21738682
1626004800000,0.74401,0.74492,0.72009,0.7241,17301251
1626019200000,0.72402,0.7247,0.70695,0.71611,12061050
1626033600000,0.71614,0.72203,0.70327,0.71286,10275008
1626048000000,0.71281,0.73983,0.704,0.73478,12572555
1626062400000,0.7346,0.7399,0.71535,0.72206,8276276
1626076800000,0.7226,0.72407,0.69132,0.69149,9507185
1626091200000,0.69141,0.70163,0.68995,0.69174,6718147
1626105600000,0.6916,0.69609,0.66256,0.66611,12645641
1626120000000,0.66571,0.67627,0.66145,0.66905,6326807
1626134400000,0.66908,0.68293,0.66337,0.67818,5369161
1626148800000,0.67838,0.67979,0.65521,0.67356,7302250
1626163200000,0.67387,0.67878,0.66178,0.66425,6381486
1626177600000,0.66447,0.6655,0.6407,0.65647,10588959
1626192000000,0.65679,0.6586,0.63012,0.63075,6573981
1626206400000,0.63116,0.64035,0.62603,0.63212,5873791
1626220800000,0.63233,0.63521,0.5943,0.59891,13463871
1626235200000,0.59909,0.61023,0.59429,0.60708,8165640
1626249600000,0.60707,0.62629,0.5919,0.62163,10146382
1626264000000,0.62164,0.64977,0.61377,0.64293,9176450
1626278400000,0.6427,0.64716,0.62604,0.62648,8662188
1626292800000,0.62702,0.64077,0.62534,0.63769,6515280
1626307200000,0.63739,0.65088,0.62216,0.63389,9293004
1626321600000,0.63379,0.63717,0.61588,0.62371,7597560
1626336000000,0.62339,0.63725,0.6055,0.60694,9633356
1626350400000,0.6068,0.61501,0.59333,0.60592,10582406
1626364800000,0.60606,0.6083,0.58989,0.59824,8303417
1626379200000,0.59844,0.60672,0.59028,0.6,5883464
1626393600000,0.6,0.61659,0.59039,0.61259,7435620
1626408000000,0.61261,0.61497,0.59215,0.59705,5443433
1626422400000,0.59699,0.59775,0.5751,0.57719,8724705
1626436800000,0.57717,0.60605,0.57689,0.60605,9414526
1626451200000,0.60607,0.60926,0.595,0.59737,7040923
1626465600000,0.59736,0.6014,0.57501,0.57938,6394716
1626480000000,0.57924,0.58884,0.56234,0.56834,9326951
1626494400000,0.5682,0.57562,0.56403,0.56704,4899659
1626508800000,0.56715,0.58,0.5579,0.56521,7625104
1626523200000,0.56509,0.57092,0.55981,0.56629,5661712
1626537600000,0.5663,0.56987,0.55759,0.56757,6232403
1626552000000,0.56771,0.56933,0.55546,0.55783,4733626
1626566400000,0.55804,0.5852,0.55541,0.57734,9692399
1626580800000,0.57774,0.57892,0.566,0.567,5072856
1626595200000,0.56721,0.57644,0.56632,0.57587,3923549
1626609600000,0.57579,0.57752,0.54802,0.55252,7542366
1626624000000,0.5528,0.55996,0.54909,0.55704,4997161
1626638400000,0.55701,0.56471,0.54803,0.55079,5901464
1626652800000,0.55078,0.55538,0.53865,0.54246,6501795
1626667200000,0.54249,0.55623,0.54013,0.54306,6929496
1626681600000,0.54303,0.54863,0.53047,0.53065,6634223
1626696000000,0.53048,0.53479,0.51183,0.52018,10470070
1626710400000,0.51972,0.52243,0.50518,0.51035,8844183
1626724800000,0.51052,0.51639,0.5012,0.50655,7552820
1626739200000,0.50678,0.51789,0.47544,0.48717,20181675
1626753600000,0.48722,0.49759,0.48562,0.49526,10568310
1626768000000,0.4951,0.49618,0.47588,0.48603,12127365
1626782400000,0.4862,0.49531,0.47452,0.49481,14173296
1626796800000,0.49463,0.49805,0.48303,0.48987,7030303
1626811200000,0.48981,0.49769,0.48485,0.49152,6600465
1626825600000,0.49159,0.49512,0.47246,0.49206,10953925
1626840000000,0.49205,0.52096,0.49076,0.52096,15485564
1626854400000,0.52097,0.53224,0.50912,0.52862,11433540
1626868800000,0.52893,0.56959,0.52887,0.56409,22755710
1626883200000,0.5641,0.5753,0.54539,0.54554,23515139
1626897600000,0.54555,0.55716,0.53562,0.55685,11074269
1626912000000,0.55709,0.55999,0.53842,0.54677,10514027
1626926400000,0.54676,0.55694,0.5408,0.55009,8186922
1626940800000,0.5502,0.55195,0.53379,0.53921,9407730
1626955200000,0.53916,0.55771,0.52661,0.55696,13810824
1626969600000,0.55701,0.55886,0.54639,0.55174,11888374
1626984000000,0.55192,0.56164,0.53801,0.55891,9452282
1626998400000,0.55907,0.56779,0.54868,0.5544,10249753
1627012800000,0.55443,0.5658,0.54649,0.5499,8398842
1627027200000,0.54991,0.55071,0.5316,0.53635,11342172
1627041600000,0.5363,0.54867,0.53466,0.53816,14868442
1627056000000,0.5383,0.5384,0.49059,0.52384,21583457
1627070400000,0.52368,0.55573,0.52201,0.55543,13310605
1627084800000,0.55577,0.55882,0.54754,0.55267,11662064
1627099200000,0.55267,0.55511,0.54123,0.5487,12006714
1627113600000,0.54877,0.59273,0.54161,0.58857,38180819
1627128000000,0.5886,0.59253,0.57134,0.5739,28391783
1627142400000,0.5739,0.59,0.54414,0.54526,42413221
1627156800000,0.54507,0.54968,0.53359,0.54827,17098018
1627171200000,0.54878,0.55423,0.53151,0.53924,14673242
1627185600000,0.53939,0.555,0.53701,0.55263,11688211
1627200000000,0.55244,0.5558,0.53685,0.54497,11555002
1627214400000,0.54501,0.54639,0.52466,0.53832,13899611
1627228800000,0.53841,0.54076,0.526,0.52755,10739329
1627243200000,0.52753,0.54226,0.5244,0.54168,8487170
1627257600000,0.54168,0.57758,0.5386,0.57281,24526752
1627272000000,0.57273,0.60626,0.56546,0.59122,47399240
1627286400000,0.59132,0.606,0.5785,0.60227,31874001
1627300800000,0.60213,0.60899,0.57891,0.58853,33182807
1627315200000,0.58832,0.61598,0.587,0.5947,44173085
1627329600000,0.59433,0.59433,0.54551,0.54924,29599700
1627344000000,0.54917,0.55849,0.52266,0.53686,18236132
1627358400000,0.5369,0.55711,0.53552,0.55684,15706379
1627372800000,0.55678,0.57261,0.55231,0.56787,18626038
1627387200000,0.568,0.59242,0.5619,0.57403,26878785
1627401600000,0.574,0.57467,0.54354,0.55675,16896014
1627416000000,0.55709,0.56889,0.55113,0.56663,14146006
1627430400000,0.56668,0.57412,0.55692,0.56025,12433105
1627444800000,0.56007,0.57039,0.55059,0.56474,10760067
1627459200000,0.56502,0.58084,0.56073,0.57882,15314618
1627473600000,0.57884,0.58174,0.55245,0.56326,16646419
1627488000000,0.56327,0.56725,0.54525,0.55792,15754480
1627502400000,0.55802,0.56095,0.55234,0.56025,9666943
1627516800000,0.56017,0.56167,0.54706,0.55493,9388255
1627531200000,0.55506,0.57124,0.55301,0.56814,13012453
1627545600000,0.56833,0.63435,0.5615,0.59953,69666726
1627560000000,0.5995,0.61498,0.59082,0.5977,25223035
1627574400000,0.59779,0.59847,0.57757,0.58646,14942684
1627588800000,0.58646,0.59863,0.58288,0.58457,12688415
1627603200000,0.58472,0.60282,0.5772,0.59378,15774854
1627617600000,0.59378,0.59817,0.58084,0.58578,13184523
1627632000000,0.5858,0.58711,0.55368,0.56573,26051040
1627646400000,0.56573,0.57826,0.56305,0.57074,11234395
1627660800000,0.57078,0.5757,0.56523,0.57548,8059261
1627675200000,0.57544,0.59746,0.57499,0.59528,18666032
1627689600000,0.59499,0.61578,0.58415,0.60552,19066553
1627704000000,0.60552,0.60962,0.58762,0.60644,14374749
1627718400000,0.60634,0.63999,0.60452,0.62826,30508843
1627732800000,0.62828,0.63722,0.61255,0.62652,19183626
1627747200000,0.62635,0.62883,0.60653,0.61966,12984932
1627761600000,0.61961,0.63554,0.61047,0.62578,14471692
1627776000000,0.6259,0.66225,0.61681,0.65716,23806424
1627790400000,0.65718,0.6675,0.64814,0.65417,19566152
1627804800000,0.65446,0.72647,0.6512,0.72073,66908588
1627819200000,0.72084,0.72192,0.69115,0.70251,55476358
1627833600000,0.70247,0.70309,0.67262,0.6976,33805558
1627848000000,0.69758,0.71273,0.65128,0.65872,35901242
1627862400000,0.65876,0.66975,0.63259,0.64639,28512226
1627876800000,0.64652,0.66846,0.63375,0.65935,24143575
1627891200000,0.65934,0.66076,0.63841,0.65243,17614738
1627905600000,0.65237,0.67231,0.63872,0.66488,23799094
1627920000000,0.66474,0.67864,0.65345,0.65631,16750845
1627934400000,0.65653,0.70085,0.65,0.69215,20214062
1627948800000,0.69215,0.70865,0.66613,0.66938,25561360
1627963200000,0.66952,0.67109,0.63806,0.65582,24650731
1627977600000,0.65563,0.66151,0.64509,0.64812,17753522
1627992000000,0.64837,0.66666,0.63666,0.65388,23396729
1628006400000,0.65401,0.66244,0.64072,0.64697,14561958
1628020800000,0.64683,0.65552,0.6415,0.64635,11121137
1628035200000,0.64635,0.656,0.6345,0.63796,12603684
1628049600000,0.63787,0.64515,0.62686,0.63369,14703616
1628064000000,0.63369,0.64277,0.62284,0.64163,14070594
1628078400000,0.64177,0.67807,0.64131,0.67511,24744210
1628092800000,0.67509,0.68442,0.66383,0.66862,15571536
1628107200000,0.66896,0.68074,0.66408,0.6677,10639285
1628121600000,0.66775,0.67382,0.64869,0.67174,13860190
1628136000000,0.67166,0.67447,0.65261,0.65625,9091951
1628150400000,0.65648,0.66083,0.64173,0.65355,16415767
1628164800000,0.65347,0.70214,0.63759,0.67744,38286265
1628179200000,0.67732,0.69438,0.67311,0.68097,19306283
1628193600000,0.681,0.71689,0.681,0.70166,24060154
1628208000000,0.70147,0.71264,0.67028,0.67409,20084304
1628222400000,0.67429,0.69226,0.6705,0.68066,12941085
1628236800000,0.68084,0.68734,0.6759,0.68016,11437347
1628251200000,0.68009,0.70701,0.67615,0.70678,29447149
1628265600000,0.70674,0.7249,0.698,0.71302,29045765
1628280000000,0.71291,0.71442,0.69424,0.70376,13555175
1628294400000,0.70387,0.73036,0.69457,0.72172,19589373
1628308800000,0.72185,0.7519,0.7215,0.7438,24316083
1628323200000,0.74389,0.76108,0.73547,0.74701,24631853
1628337600000,0.74709,0.75344,0.70806,0.72653,28996289
1628352000000,0.72654,0.72861,0.695,0.71663,21907847
1628366400000,0.71662,0.73439,0.71065,0.73359,14177917
1628380800000,0.73351,0.73521,0.70285,0.71443,13597261
1628395200000,0.71465,0.73075,0.70281,0.72003,14246882
1628409600000,0.71978,0.7255,0.70792,0.71071,10216145
1628424000000,0.71101,0.72601,0.68432,0.68984,18165365
1628438400000,0.68976,0.69238,0.65785,0.66913,18283434
1628452800000,0.66891,0.68824,0.66176,0.67234,11515081
1628467200000,0.67247,0.67365,0.64601,0.66759,14117295
1628481600000,0.66759,0.6792,0.66102,0.67901,8905015
1628496000000,0.67873,0.71418,0.67738,0.71187,24354265
1628510400000,0.71192,0.71389,0.6985,0.71128,17484901
1628524800000,0.71121,0.74056,0.70112,0.71811,49928742
1628539200000,0.71816,0.72662,0.6889,0.70825,24766251
1628553600000,0.70799,0.74024,0.69775,0.72309,24659997
1628568000000,0.72306,0.75082,0.71832,0.7502,31620441
1628582400000,0.75019,0.75983,0.72846,0.74096,36085603
1628596800000,0.74074,0.77176,0.72298,0.73402,45310933
1628611200000,0.73411,0.76206,0.7077,0.76044,26513036
1628625600000,0.76051,0.76685,0.74206,0.75117,19745653
1628640000000,0.75119,0.7688,0.7443,0.75903,17552485
1628654400000,0.75889,0.79678,0.75562,0.78855,26956002
1628668800000,0.78876,0.856,0.77379,0.83308,56850097
1628683200000,0.83269,0.8873,0.8265,0.85115,53032988
1628697600000,0.85123,0.85773,0.83142,0.85322,25049217
1628712000000,0.85316,0.86137,0.78567,0.79013,37685862
1628726400000,0.79043,0.8366,0.78673,0.81361,27025372
1628740800000,0.81361,0.82145,0.75757,0.79751,38631585
1628755200000,0.79763,0.8654,0.78,0.82086,58112826
1628769600000,0.82076,0.83315,0.78,0.79416,43017240
1628784000000,0.79528,0.88712,0.77761,0.87734,66030912
1628798400000,0.87736,0.88635,0.83458,0.88147,47026241
1628812800000,0.88089,0.93338,0.87191,0.907,53900273
1628827200000,0.90701,0.93335,0.90111,0.9181,35939305
1628841600000,0.91817,0.95,0.8948,0.89773,47749217
1628856000000,0.89772,0.93377,0.88051,0.89017,35449362
1628870400000,0.89025,0.90107,0.87404,0.8822,18877270
1628884800000,0.8822,0.92987,0.87745,0.92945,24988235
1628899200000,0.92938,0.95682,0.91716,0.92627,27518642
1628913600000,0.92615,0.94183,0.91027,0.93135,22007900
1628928000000,0.93147,0.945,0.86914,0.89673,39256016
1628942400000,0.89638,0.91491,0.87417,0.90756,21356296
1628956800000,0.90751,0.91225,0.884,0.90755,17868961
1628971200000,0.90696,0.90701,0.88151,0.9014,12448033
1628985600000,0.90154,0.917,0.88347,0.88786,20977981
1629000000000,0.88807,0.89939,0.8397,0.85347,22698023
1629014400000,0.85364,0.88036,0.8478,0.87988,17819490
1629028800000,0.87989,0.88813,0.85715,0.87571,15128484
1629043200000,0.87568,0.87909,0.859,0.87879,12696727
1629057600000,0.87879,0.9107,0.87658,0.89889,18643326
1629072000000,0.89861,0.9235,0.88786,0.89649,17186000
1629086400000,0.8965,0.93698,0.8965,0.92542,18688054
1629100800000,0.92556,0.93359,0.91165,0.93331,15643295
1629115200000,0.93295,0.93404,0.87029,0.89133,27959775
1629129600000,0.89135,0.90888,0.87771,0.87858,19075167
1629144000000,0.87938,0.87938,0.85188,0.85562,19535318
1629158400000,0.85554,0.90949,0.81522,0.90436,29165866
1629172800000,0.90443,0.90535,0.86102,0.88617,23410511
1629187200000,0.88625,0.99797,0.88238,0.97563,56847799
1629201600000,0.97598,1.0268,0.94,0.94726,68454716
1629216000000,0.94726,0.9849,0.914,0.92523,49254378
1629230400000,0.92546,0.93135,0.85296,0.86938,44101843
1629244800000,0.8697,0.88991,0.81187,0.86174,43453991
1629259200000,0.862,0.90249,0.85418,0.85717,26584685
1629273600000,0.85728,0.86773,0.81839,0.82573,32428314
1629288000000,0.82535,0.91415,0.8232,0.91172,43932145
1629302400000,0.91175,0.92123,0.85222,0.85882,36151710
1629316800000,0.85869,0.87653,0.8263,0.85476,27696791
1629331200000,0.85445,0.87831,0.83445,0.83475,24438293
1629345600000,0.83477,0.89642,0.8301,0.88221,30943208
1629360000000,0.88228,0.93033,0.87072,0.87533,52217571
1629374400000,0.87558,0.92577,0.854,0.91895,40196497
1629388800000,0.91895,0.97622,0.88889,0.9649,46494630
1629403200000,0.96513,0.98558,0.94598,0.98558,30742019
1629417600000,0.98559,1.06681,0.97905,1.04479,87223842
1629432000000,1.04509,1.09424,1.02555,1.04438,80972226
1629446400000,1.04438,1.08,1.02898,1.06378,58777774
1629460800000,1.06341,1.09424,1.045,1.05158,58095683
1629475200000,1.05143,1.073,1.01592,1.03657,44465008
1629489600000,1.03648,1.0539,1.01336,1.04136,27638637
1629504000000,1.04136,1.04605,1.01638,1.02888,23566380
1629518400000,1.02877,1.04885,1.00378,1.04599,25160480
1629532800000,1.04595,1.05376,0.99,1.01,33684305
1629547200000,1.00967,1.03629,1.00481,1.02207,23910263
1629561600000,1.02197,1.05499,0.99414,1.00021,28382348
1629576000000,1.00028,1.01986,0.9835,0.98926,16907705
1629590400000,0.98934,1.02071,0.98696,1.00603,17309233
1629604800000,1.00573,1.04069,1.00558,1.03244,17966170
1629619200000,1.03223,1.04734,1.01722,1.02405,19856887
1629633600000,1.02381,1.02614,0.96117,0.99078,28805765
1629648000000,0.99096,1.0355,0.97,1.03072,39597614
1629662400000,1.03053,1.07947,1.002,1.07575,35613148
1629676800000,1.07577,1.08588,1.04655,1.0668,31778342
1629691200000,1.06689,1.06901,1.03268,1.04795,19890951
1629705600000,1.04777,1.05616,1.01515,1.03506,19526587
1629720000000,1.03489,1.04444,1.0043,1.02573,23832534
1629734400000,1.02573,1.03742,1.00666,1.014,17409304
1629748800000,1.01414,1.04032,1.00524,1.0259,16671327
1629763200000,1.02592,1.03667,0.98732,1.00765,19481967
1629777600000,1.00754,1.02666,1.0015,1.01725,13983442
1629792000000,1.01725,1.0199,0.99101,1.00206,16580116
1629806400000,1.00185,1.00211,0.8946,0.93518,48051081
1629820800000,0.93538,0.94937,0.891,0.94356,36360561
1629835200000,0.94356,0.95471,0.91651,0.9195,15964607
1629849600000,0.9195,0.97034,0.9186,0.94091,19506341
1629864000000,0.94042,0.96544,0.93449,0.95226,16247944
1629878400000,0.95216,0.95374,0.88758,0.92288,29004796
1629892800000,0.92311,0.971,0.90656,0.97045,27327709
1629907200000,0.97062,0.97988,0.94713,0.95129,23112372
1629921600000,0.95129,0.96494,0.93782,0.95286,16269006
1629936000000,0.95255,0.97,0.89642,0.90127,23001437
1629950400000,0.90126,0.90343,0.86042,0.87642,32690399
1629964800000,0.87624,0.8945,0.86173,0.87282,20119735
1629979200000,0.87297,0.89433,0.85065,0.86282,25950754
1629993600000,0.86337,0.88403,0.84697,0.86872,20640098
1630008000000,0.86873,0.88874,0.86263,0.86467,14741165
1630022400000,0.86436,0.88093,0.83787,0.85789,18238581
1630036800000,0.85799,0.88776,0.84233,0.88654,15633702
1630051200000,0.88632,0.90339,0.87319,0.89555,15422023
1630065600000,0.89533,0.93122,0.8729,0.91861,26861237
1630080000000,0.91835,0.93499,0.91365,0.92337,16007155
1630094400000,0.92317,0.94,0.914,0.92439,12914017
1630108800000,0.92462,0.93068,0.90555,0.90765,12407002
1630123200000,0.90769,0.92381,0.89798,0.91363,10882852
1630137600000,0.91382,0.935,0.91077,0.91925,14403841
1630152000000,0.91934,0.94999,0.91729,0.93322,22619815
1630166400000,0.93326,0.9419,0.90291,0.90755,14604270
1630180800000,0.90747,0.92895,0.9029,0.91815,12420555
1630195200000,0.91815,0.93788,0.88585,0.8888,17812224
1630209600000,0.88885,0.9107,0.87472,0.90534,13825496
1630224000000,0.90498,0.91297,0.89096,0.89275,12870118
1630238400000,0.89315,0.90767,0.88566,0.89648,10651523
1630252800000,0.89654,0.91427,0.89149,0.909,10949676
1630267200000,0.909,0.93,0.89539,0.91621,13799328
1630281600000,0.9162,0.91631,0.88108,0.88734,13069710
1630296000000,0.88726,0.89588,0.87848,0.88936,10966022
1630310400000,0.88912,0.89791,0.8751,0.88072,10381967
1630324800000,0.88114,0.88589,0.85346,0.88316,16526715
1630339200000,0.88333,0.90257,0.88031,0.90075,13326159
1630353600000,0.90106,0.90447,0.8432,0.85096,17909456
1630368000000,0.85125,0.87112,0.84326,0.86976,12751631
1630382400000,0.86971,0.88591,0.8548,0.88369,13154273
1630396800000,0.88332,0.89634,0.86577,0.89048,15091536
1630411200000,0.89098,0.91173,0.8724,0.88992,22233202
1630425600000,0.88951,0.89994,0.86319,0.87855,12672261
1630440000000,0.87822,0.88284,0.84354,0.85735,13962806
1630454400000,0.85714,0.8602,0.82773,0.85677,18150159
1630468800000,0.85688,0.87743,0.85181,0.86747,13723482
1630483200000,0.86722,0.89899,0.86601,0.89525,16157136
1630497600000,0.89553,0.9,0.878,0.89441,12820500
1630512000000,0.89528,0.92193,0.8878,0.90521,22289514
1630526400000,0.90526,0.93033,0.90483,0.92247,12743109
1630540800000,0.92234,0.93625,0.91158,0.92966,11284034
1630555200000,0.92966,0.94846,0.91637,0.93367,18385453
1630569600000,0.93361,0.94826,0.929,0.93429,15583398
1630584000000,0.93408,0.93504,0.89328,0.90353,23060178
1630598400000,0.90384,0.91405,0.89813,0.90562,11730779
1630612800000,0.90564,0.92706,0.90367,0.90825,10859403
1630627200000,0.90812,0.92024,0.88123,0.91907,14140188
1630641600000,0.91912,0.92318,0.90617,0.91217,9914026
1630656000000,0.91236,0.9344,0.91118,0.92851,17917776
1630670400000,0.92866,0.93711,0.91684,0.92185,17341978
1630684800000,0.92207,0.93568,0.91771,0.9354,11131602
1630699200000,0.93562,0.93828,0.90239,0.91474,11415709
1630713600000,0.91465,0.93248,0.9072,0.93157,9947587
1630728000000,0.93158,0.95877,0.92728,0.95674,18348725
1630742400000,0.95671,0.96786,0.9365,0.96093,24059236
1630756800000,0.96045,0.97883,0.94309,0.94598,21386640
1630771200000,0.94597,0.95408,0.92158,0.934,17536047
1630785600000,0.93402,0.95719,0.93211,0.95176,12218067
1630800000000,0.95199,0.97,0.93532,0.94945,18371381
1630814400000,0.94914,0.96711,0.94018,0.95456,15446101
1630828800000,0.95446,1.03652,0.95436,1.01266,57168110
1630843200000,1.01272,1.0363,0.9925,1.00038,34272390
1630857600000,1.00051,1.00737,0.9904,0.99289,14235521
1630872000000,0.99299,1.03045,0.99238,1.02419,24825050
1630886400000,1.0242,1.04441,1.002,1.04315,30441516
1630900800000,1.04317,1.0595,1.02899,1.05073,25003215
1630915200000,1.05044,1.07494,1.03187,1.038,47653569
1630929600000,1.0378,1.03862,0.905,1.00643,64268848
1630944000000,1.0064,1.03419,0.99348,1.02703,22522477
1630958400000,1.02711,1.07815,1.01906,1.06575,50257243
1630972800000,1.06567,1.06699,1.0255,1.03461,25234672
1630987200000,1.0347,1.05002,0.985,1.00536,37531698
1631001600000,1.0054,1.00698,0.91,0.94832,57713733
1631016000000,0.94846,0.96009,0.64996,0.82676,123236152
1631030400000,0.82689,0.87,0.76889,0.80637,73665825
1631044800000,0.80621,0.83797,0.78262,0.83401,37817878
1631059200000,0.83423,0.85084,0.79789,0.82135,34024467
1631073600000,0.82116,0.83802,0.74283,0.77041,43473066
1631088000000,0.77041,0.81264,0.75914,0.80328,25653799
1631102400000,0.80328,0.82408,0.78282,0.81041,25324986
1631116800000,0.81067,0.862,0.799,0.85057,20575064
1631131200000,0.85049,0.85136,0.81475,0.82272,19182988
1631145600000,0.82282,0.83774,0.79773,0.81483,20058645
1631160000000,0.81483,0.85563,0.80934,0.85407,19907576
1631174400000,0.85407,0.89499,0.84655,0.87548,44149430
1631188800000,0.87561,0.89,0.81962,0.88495,36826195
1631203200000,0.885,0.9179,0.87303,0.8931,35915658
1631217600000,0.89308,0.89955,0.8484,0.8566,22032382
1631232000000,0.85657,0.88897,0.85099,0.876,15192722
1631246400000,0.87604,0.89539,0.84188,0.85004,21552053
1631260800000,0.85023,0.85811,0.82578,0.84779,31813994
1631275200000,0.84787,0.8547,0.78224,0.81494,31278270
1631289600000,0.81492,0.86495,0.80569,0.85516,31856635
1631304000000,0.85539,0.86748,0.79232,0.80821,32220435
1631318400000,0.8081,0.84906,0.80286,0.82586,19578563
1631332800000,0.82586,0.84599,0.81452,0.83404,27118261
1631347200000,0.83381,0.85049,0.81126,0.84353,17602199
1631361600000,0.8437,0.91395,0.8342,0.90329,36563774
1631376000000,0.90331,0.91,0.87045,0.87078,20773860
1631390400000,0.87047,0.8843,0.85585,0.87306,16248459
1631404800000,0.87307,0.88375,0.83123,0.85222,24457278
1631419200000,0.85203,0.86702,0.84859,0.86216,8771828
1631433600000,0.86213,0.89384,0.85815,0.88948,12628704
1631448000000,0.8897,0.901,0.87528,0.8807,13320863
1631462400000,0.88076,0.91198,0.88035,0.89035,12631371
1631476800000,0.89057,0.93434,0.84753,0.92147,32768535
1631491200000,0.92205,0.95136,0.85673,0.85998,26793893
1631505600000,0.85949,0.88,0.8376,0.84652,21171646
1631520000000,0.84652,0.8535,0.821,0.85181,15587674
1631534400000,0.85195,0.87945,0.795,0.83627,30999640
1631548800000,0.83625,0.83963,0.82603,0.83492,10835159
1631563200000,0.83506,0.84787,0.83053,0.8402,9667380
1631577600000,0.83982,0.85134,0.82644,0.84662,11870279
1631592000000,0.84659,0.87841,0.84015,0.86754,12068799
1631606400000,0.86764,0.88007,0.83853,0.84595,18967444
1631620800000,0.84606,0.86634,0.835,0.86045,17159565
1631635200000,0.86041,0.86487,0.84061,0.8455,10010462
1631649600000,0.84547,0.86096,0.83559,0.85986,8821491
1631664000000,0.85988,0.86499,0.8432,0.85462,8898767
1631678400000,0.8546,0.88735,0.8463,0.88375,14350770
1631692800000,0.88343,0.8932,0.87005,0.88032,12739417
1631707200000,0.88017,0.90063,0.8676,0.89566,14780164
1631721600000,0.89591,0.8978,0.88035,0.89143,10334710
1631736000000,0.89138,0.92276,0.88507,0.90786,17372077
1631750400000,0.90768,0.92059,0.8681,0.87836,19571738
1631764800000,0.87835,0.9191,0.87664,0.90813,18079916
1631779200000,0.90808,0.90826,0.87753,0.88909,15527661
1631793600000,0.8887,0.90243,0.85816,0.87231,20963956
1631808000000,0.87246,0.87955,0.857,0.86079,12203249
1631822400000,0.86086,0.86633,0.83508,0.85735,17235444
1631836800000,0.8572,0.86524,0.84573,0.85889,6748418
1631851200000,0.85931,0.86122,0.8316,0.83723,10726418
1631865600000,0.83717,0.84901,0.80427,0.82007,19339381
1631880000000,0.82002,0.83643,0.81001,0.82574,11222968
1631894400000,0.82598,0.83264,0.80608,0.82799,10307398
1631908800000,0.82773,0.829,0.8075,0.81921,8125280
1631923200000,0.8192,0.83691,0.80274,0.83358,8514535
1631937600000,0.8337,0.8471,0.8336,0.84223,7356784
1631952000000,0.84189,0.84827,0.83144,0.83337,6144993
1631966400000,0.83328,0.8438,0.82856,0.83796,7770821
1631980800000,0.83798,0.845,0.8302,0.84483,6293673
1631995200000,0.84478,0.84499,0.82558,0.83509,6396096
1632009600000,0.83509,0.83709,0.8178,0.82336,4578960
1632024000000,0.82336,0.83971,0.81929,0.83971,4445825
1632038400000,0.83974,0.84032,0.80686,0.81271,5880220
1632052800000,0.81271,0.8296,0.80894,0.82208,6688265
1632067200000,0.82207,0.82969,0.81248,0.81629,6482215
1632081600000,0.81629,0.82499,0.79774,0.8143,8334162
1632096000000,0.81383,0.81526,0.755,0.76943,18081659
1632110400000,0.76925,0.78087,0.7405,0.74659,11364307
1632124800000,0.7466,0.75856,0.68856,0.70279,22413443
1632139200000,0.70318,0.72077,0.65584,0.71228,29164966
1632153600000,0.71234,0.73575,0.6903,0.7153,19732429
1632168000000,0.71517,0.73518,0.69033,0.70042,25019340
1632182400000,0.69979,0.71025,0.65134,0.69798,21384348
1632196800000,0.69797,0.7154,0.6786,0.71502,10232769
1632211200000,0.71501,0.73635,0.71001,0.72164,12577244
1632225600000,0.7217,0.72917,0.69364,0.71626,17662410
1632240000000,0.71619,0.71788,0.66845,0.67477,13818396
1632254400000,0.67463,0.68192,0.62874,0.65661,25013249
1632268800000,0.65664,0.69142,0.65113,0.67538,14513386
1632283200000,0.6753,0.70291,0.66722,0.7006,8535028
1632297600000,0.70034,0.70499,0.68139,0.68846,8586936
1632312000000,0.68786,0.72495,0.68733,0.72436,10977399
1632326400000,0.72427,0.73612,0.70797,0.72295,15013300
1632340800000,0.72303,0.74612,0.7175,0.74368,17279307
1632355200000,0.74345,0.74645,0.72527,0.7427,8862824
1632369600000,0.7428,0.74572,0.73033,0.74409,10003589
1632384000000,0.74402,0.74758,0.70827,0.71623,15356979
1632398400000,0.71608,0.73483,0.71089,0.71617,13445550
1632412800000,0.71624,0.73872,0.71551,0.73344,12323606
1632427200000,0.7337,0.73583,0.72114,0.73367,7946835
1632441600000,0.73367,0.79826,0.71802,0.7742,38588616
1632456000000,0.7742,0.7805,0.73596,0.74537,34700743
1632470400000,0.74503,0.75449,0.65003,0.67492,47526637
1632484800000,0.67494,0.71668,0.65869,0.6982,33439184
1632499200000,0.698,0.71202,0.69111,0.70574,10755890
1632513600000,0.70601,0.72187,0.68488,0.69166,13145541
1632528000000,0.69153,0.69979,0.67889,0.69038,12626902
1632542400000,0.69073,0.69775,0.66986,0.67113,10489482
1632556800000,0.67113,0.68859,0.65286,0.67626,13242711
1632571200000,0.67609,0.68899,0.66764,0.68189,9183579
1632585600000,0.68169,0.68588,0.67137,0.6797,7750131
1632600000000,0.67973,0.68562,0.66759,0.68171,7059535
1632614400000,0.68171,0.69967,0.64903,0.67277,17950828
1632628800000,0.67279,0.67332,0.62579,0.63375,16494943
1632643200000,0.63384,0.67718,0.62226,0.67331,17370806
1632657600000,0.67354,0.68954,0.67354,0.68632,9890700
1632672000000,0.68633,0.71256,0.67362,0.68361,22666925
1632686400000,0.68376,0.69816,0.66612,0.67224,14461032
1632700800000,0.6723,0.69964,0.6612,0.68995,12128242
1632715200000,0.69,0.71866,0.6852,0.71626,29590814
1632729600000,0.71626,0.7199,0.70059,0.71175,18637615
1632744000000,0.71173,0.71343,0.68551,0.68953,18977834
1632758400000,0.68966,0.69117,0.66709,0.67365,11200631
1632772800000,0.67348,0.6851,0.65826,0.66003,11471312
1632787200000,0.66012,0.6781,0.657,0.66966,7970245
1632801600000,0.67,0.67397,0.64241,0.64821,11425161
1632816000000,0.6481,0.66555,0.6447,0.66251,16820658
1632830400000,0.66261,0.66554,0.63588,0.63588,12559799
1632844800000,0.6359,0.64313,0.62443,0.63247,10707194
1632859200000,0.63231,0.64499,0.6243,0.62729,6922747
1632873600000,0.62724,0.65633,0.62329,0.65603,10916092
1632888000000,0.65605,0.66417,0.65373,0.66105,9672120
1632902400000,0.66134,0.66715,0.65149,0.66212,8761746
1632916800000,0.66203,0.6654,0.63766,0.63958,11762129
1632931200000,0.63954,0.64277,0.62872,0.63033,7654169
1632945600000,0.63039,0.63437,0.61901,0.63269,8192874
1632960000000,0.63308,0.65157,0.62931,0.65074,8689226
1632974400000,0.65083,0.6553,0.64246,0.64293,6723977
1632988800000,0.64289,0.64843,0.63429,0.64026,6581840
1633003200000,0.64022,0.6502,0.63715,0.64565,7718743
1633017600000,0.64578,0.65809,0.63856,0.64469,9967085
1633032000000,0.64479,0.64899,0.64046,0.64615,6223483
1633046400000,0.6462,0.65516,0.64327,0.64963,8867034
1633060800000,0.64984,0.6766,0.64776,0.67605,12204234
1633075200000,0.67608,0.71758,0.67605,0.71458,43421018
1633089600000,0.71458,0.71898,0.69412,0.71066,19025835
1633104000000,0.71094,0.72653,0.70584,0.72045,17007648
1633118400000,0.72093,0.72093,0.697,0.70712,12969848
1633132800000,0.70716,0.71413,0.6966,0.69883,7787861
1633147200000,0.69859,0.73041,0.695,0.72586,11555357
1633161600000,0.72567,0.73361,0.71438,0.72592,13245377
1633176000000,0.72593,0.74246,0.72296,0.73874,16137027
1633190400000,0.73861,0.7587,0.73144,0.75318,15261264
1633204800000,0.75315,0.75734,0.71817,0.72545,12452732
1633219200000,0.72584,0.7384,0.70782,0.73795,9305902
1633233600000,0.73834,0.74429,0.73089,0.73234,5988656
1633248000000,0.73232,0.74262,0.72293,0.73866,8240180
1633262400000,0.7387,0.75759,0.73526,0.74118,15859810
1633276800000,0.74141,0.75728,0.7367,0.74203,13271458
1633291200000,0.74204,0.74793,0.71689,0.73723,10300108
1633305600000,0.73699,0.73711,0.70628,0.70792,8090826
1633320000000,0.70772,0.72245,0.70201,0.72152,6751422
1633334400000,0.72151,0.7226,0.70706,0.71393,8675260
1633348800000,0.71418,0.73705,0.69447,0.71468,15839171
1633363200000,0.7147,0.73193,0.70875,0.72273,13206271
1633377600000,0.72266,0.72459,0.70565,0.71598,7246836
1633392000000,0.71598,0.74278,0.70917,0.73541,10997796
1633406400000,0.73553,0.75394,0.72561,0.74642,14132329
1633420800000,0.74678,0.78593,0.73798,0.77993,22438544
1633435200000,0.77977,0.79031,0.74129,0.74498,33179164
1633449600000,0.74496,0.75025,0.74001,0.74851,20998361
1633464000000,0.7489,0.7597,0.74625,0.75703,10470034
1633478400000,0.75738,0.76307,0.725,0.72821,13633804
1633492800000,0.72847,0.73369,0.71187,0.71807,11689901
1633507200000,0.71843,0.72128,0.68426,0.70297,23441962
1633521600000,0.70293,0.74802,0.70228,0.7456,23068988
1633536000000,0.74559,0.74746,0.73079,0.73147,11668273
1633550400000,0.73143,0.73301,0.71539,0.71785,10247890
1633564800000,0.7179,0.72616,0.70177,0.70681,14749537
1633579200000,0.70681,0.73041,0.70588,0.72985,8746224
1633593600000,0.7299,0.74248,0.71851,0.73534,14996434
1633608000000,0.73552,0.73594,0.71053,0.72027,12647625
1633622400000,0.72081,0.72693,0.71151,0.72399,8742929
1633636800000,0.7239,0.73163,0.714,0.72208,7722124
1633651200000,0.72212,0.72613,0.70707,0.71324,9755060
1633665600000,0.7132,0.72908,0.71014,0.72694,10358997
1633680000000,0.72706,0.73751,0.7246,0.72744,15228843
1633694400000,0.72753,0.73167,0.71582,0.72512,12246911
1633708800000,0.72512,0.72787,0.71709,0.72141,8066241
1633723200000,0.72143,0.72239,0.7072,0.71244,8808414
1633737600000,0.71247,0.73022,0.70395,0.72903,9402626
1633752000000,0.72921,0.73644,0.72601,0.73296,10072801
1633766400000,0.73297,0.73297,0.71865,0.72555,10249229
1633780800000,0.72556,0.7383,0.72556,0.73018,9785899
1633795200000,0.73021,0.73544,0.72378,0.72749,8456950
1633809600000,0.72775,0.75033,0.72179,0.745,13228599
1633824000000,0.74497,0.74524,0.71215,0.7255,11604400
1633838400000,0.72566,0.73272,0.72138,0.72729,5584877
1633852800000,0.72739,0.73228,0.71535,0.72106,6097954
1633867200000,0.72118,0.72598,0.71416,0.7227,7021676
1633881600000,0.72258,0.72382,0.70613,0.7092,8282303
1633896000000,0.70915,0.7145,0.67702,0.68174,16392976
1633910400000,0.68182,0.7,0.66914,0.69922,10601009
1633924800000,0.69936,0.71125,0.69519,0.70952,6682929
1633939200000,0.7095,0.71332,0.69012,0.6957,8730990
1633953600000,0.69585,0.69957,0.68834,0.69194,7171835
1633968000000,0.69178,0.69348,0.67605,0.67718,7177110
1633982400000,0.67718,0.68111,0.6632,0.68008,8129282
1633996800000,0.68017,0.68038,0.65695,0.67044,9684756
1634011200000,0.67048,0.68335,0.66507,0.67145,9053156
1634025600000,0.6717,0.68,0.64767,0.66162,10774013
1634040000000,0.6615,0.67874,0.64669,0.6689,15965104
1634054400000,0.66887,0.67585,0.66174,0.66639,10038736
1634068800000,0.66632,0.67975,0.6603,0.67689,8752655
1634083200000,0.67671,0.68772,0.67,0.68735,7854152
1634097600000,0.6873,0.69357,0.66242,0.66505,12833602
1634112000000,0.66493,0.69947,0.66415,0.69799,16972907
1634126400000,0.69797,0.71395,0.69129,0.69252,26428819
1634140800000,0.69253,0.70529,0.68776,0.70389,16378128
1634155200000,0.70412,0.71224,0.69864,0.70757,13781175
1634169600000,0.70762,0.70879,0.69687,0.70583,8731970
1634184000000,0.70576,0.72439,0.70521,0.71775,17244081
1634198400000,0.71775,0.74519,0.71691,0.73662,23226773
1634212800000,0.73668,0.7489,0.72361,0.73927,23085691
1634227200000,0.73938,0.74052,0.71366,0.72056,15848353
1634241600000,0.72046,0.72142,0.71013,0.71754,9552186
1634256000000,0.71742,0.71819,0.69561,0.71033,15903627
1634270400000,0.71029,0.72592,0.70661,0.71744,18606780
1634284800000,0.71788,0.801,0.69856,0.79494,69096331
1634299200000,0.79495,0.835,0.76039,0.76199,110501971
1634313600000,0.76199,0.77985,0.75185,0.77065,32869899
1634328000000,0.77069,0.82066,0.76469,0.81456,49928083
1634342400000,0.81451,0.86,0.79656,0.81955,75296198
1634356800000,0.81941,0.886,0.8112,0.84546,80066388
1634371200000,0.84536,0.84597,0.82232,0.82566,39696921
1634385600000,0.82566,0.82762,0.78828,0.80823,40068938
1634400000000,0.80836,0.81905,0.79647,0.80828,20275201
1634414400000,0.80827,0.81282,0.79332,0.80079,13820672
1634428800000,0.80083,0.81541,0.7814,0.80943,13069694
1634443200000,0.80972,0.82191,0.80196,0.80819,15929767
1634457600000,0.80861,0.83229,0.80815,0.81303,19209124
1634472000000,0.81299,0.83188,0.78678,0.79198,28522231
1634486400000,0.79167,0.79399,0.77672,0.78091,11819211
1634500800000,0.78081,0.78804,0.75232,0.7784,22656350
1634515200000,0.7785,0.79248,0.77029,0.77667,11567400
1634529600000,0.77698,0.80124,0.77156,0.79253,17343904
1634544000000,0.79254,0.8009,0.76022,0.76481,23256469
1634558400000,0.76485,0.78323,0.75111,0.76888,18012877
1634572800000,0.76884,0.77147,0.7528,0.76336,11245934
1634587200000,0.76338,0.77265,0.75911,0.76985,8504392
1634601600000,0.76973,0.78058,0.76404,0.77913,10749960
1634616000000,0.7789,0.78881,0.76537,0.77667,12361889
1634630400000,0.77684,0.78335,0.7668,0.77307,11407462
1634644800000,0.77298,0.77889,0.75199,0.76581,17216405
1634659200000,0.76577,0.77035,0.76298,0.76414,10271162
1634673600000,0.76402,0.78335,0.75854,0.77994,11007183
1634688000000,0.78011,0.8103,0.77503,0.79776,24843042
1634702400000,0.79776,0.81207,0.79303,0.80242,18495834
1634716800000,0.80243,0.83497,0.80002,0.82025,42793508
1634731200000,0.82038,0.85199,0.82026,0.84182,70597645
1634745600000,0.84183,0.88291,0.83825,0.86661,62581673
1634760000000,0.86659,0.88146,0.85229,0.87497,32084109
1634774400000,0.87482,0.89122,0.84346,0.85746,38539804
1634788800000,0.85746,0.901,0.85184,0.89959,31672457
1634803200000,0.89958,0.9091,0.87095,0.87954,46972303
1634817600000,0.87942,0.93957,0.8635,0.88183,77149003
1634832000000,0.8815,0.9448,0.88023,0.92799,80508511
1634846400000,0.92779,0.95754,0.92244,0.93687,60789770
1634860800000,0.93695,0.99171,0.93624,0.96397,64811644
1634875200000,0.96365,0.96484,0.92177,0.94307,46841895
1634889600000,0.94274,0.94741,0.908,0.91692,36760365
1634904000000,0.91693,0.92346,0.87984,0.91304,49083591
1634918400000,0.91302,0.91815,0.88906,0.90672,25067731
1634932800000,0.90671,0.91396,0.889,0.90417,16255467
1634947200000,0.90412,0.91434,0.89067,0.90708,14772381
1634961600000,0.90697,0.9131,0.89536,0.90066,11621175
1634976000000,0.90063,0.90552,0.877,0.89854,17407265
1634990400000,0.89855,0.9075,0.89415,0.90272,11451747
1635004800000,0.90282,0.90543,0.87334,0.87563,15067513
1635019200000,0.87565,0.88879,0.87328,0.888,8818462
1635033600000,0.888,0.88963,0.8783,0.88291,9262181
1635048000000,0.8829,0.91202,0.8799,0.90534,18009853
1635062400000,0.90536,0.94716,0.89736,0.91279,39989951
1635076800000,0.91278,0.92268,0.87693,0.88845,34202292
1635091200000,0.88851,0.92639,0.88,0.91237,30605624
1635105600000,0.91234,0.94601,0.91227,0.94087,31244056
1635120000000,0.94051,1.04629,0.94028,1.04079,112221483
1635134400000,1.04081,1.05184,1.00111,1.00382,61566627
1635148800000,1.00376,1.06787,0.99555,1.05922,83265702
1635163200000,1.05907,1.07293,1.03276,1.03537,77108739
1635177600000,1.03527,1.03633,1.00251,1.01104,44002636
1635192000000,1.01109,1.0449,1.01083,1.03845,30525753
1635206400000,1.03852,1.05413,1.015,1.0443,25316270
1635220800000,1.04444,1.07156,1.01934,1.0666,29176504
1635235200000,1.06674,1.08347,1.03814,1.06771,37920311
1635249600000,1.0677,1.16629,1.05696,1.14725,107630390
1635264000000,1.14715,1.19388,1.12,1.13319,71304653
1635278400000,1.13318,1.1341,1.06955,1.08349,38438242
1635292800000,1.08348,1.11408,1.08,1.0873,31171653
1635307200000,1.0875,1.1248,0.992,0.99971,72591086
1635321600000,0.9998,1.00016,0.86115,0.94309,97621942
1635336000000,0.94301,0.99397,0.93298,0.97726,50824412
1635350400000,0.97775,0.99703,0.93255,0.97934,37393849
1635364800000,0.97974,0.98874,0.93043,0.93265,23079249
1635379200000,0.93267,0.97225,0.913,0.96791,26794053
1635393600000,0.96781,0.9717,0.91597,0.91681,28844797
1635408000000,0.91709,0.99243,0.91613,0.95992,33308587
1635422400000,0.95975,0.98602,0.94334,0.94957,25943006
1635436800000,0.9493,0.9598,0.91386,0.95131,25376278
1635451200000,0.9514,0.96088,0.9288,0.94127,16783003
1635465600000,0.94123,0.98279,0.93498,0.97399,24027836
1635480000000,0.9739,1.02524,0.94848,0.95334,39132744
1635494400000,0.95347,0.97594,0.94337,0.95491,21865324
1635508800000,0.95491,0.99071,0.94457,0.98633,23674132
1635523200000,0.98621,1.00703,0.97223,0.98533,27669912
1635537600000,0.98516,0.99203,0.96417,0.97158,12161521
1635552000000,0.97156,0.97631,0.94556,0.95042,13077191
1635566400000,0.95042,0.96777,0.94942,0.96282,7744772
1635580800000,0.96275,0.98713,0.95056,0.976,15569433
1635595200000,0.97576,0.97975,0.92274,0.94533,23140194
1635609600000,0.94523,0.95632,0.93705,0.95338,10968010
1635624000000,0.9536,0.95543,0.89879,0.92095,17983663
1635638400000,0.92077,0.94079,0.91636,0.93695,15619865
1635652800000,0.93679,0.93862,0.9228,0.936,9548121
1635667200000,0.93607,0.93835,0.91001,0.92263,15716120
1635681600000,0.92257,0.958,0.89345,0.95335,24939487
1635696000000,0.95257,1.09736,0.95106,1.01867,115762655
1635710400000,1.01872,1.04647,0.99943,1.04575,39233817
1635724800000,1.04587,1.05284,0.93709,0.94104,34522650
1635739200000,0.94073,1.02859,0.93389,1.01296,39879293
1635753600000,1.01322,1.0393,1.00269,1.00299,26901341
1635768000000,1.00291,1.02855,0.99202,0.99408,27697804
1635782400000,0.99437,1.00069,0.97068,0.99996,19946018
1635796800000,0.99986,1.00654,0.98307,0.99336,11171300
1635811200000,0.99337,1.0071,0.98184,1.00498,13748754
1635825600000,1.00515,1.01726,0.996,1.00414,14191386
1635840000000,1.00411,1.03189,0.99106,1.00792,18881767
1635854400000,1.00817,1.02451,1.00476,1.0116,15865862
1635868800000,1.01164,1.01639,0.99717,1.00025,13393327
1635883200000,1.00004,1.0041,0.98176,0.99498,11396539
1635897600000,0.99472,0.99604,0.9709,0.98311,12516991
1635912000000,0.98312,0.99568,0.96342,0.99472,13304233
1635926400000,0.99466,1.0162,0.98398,0.99003,19202552
1635940800000,0.99002,0.99327,0.942,0.96978,26507708
1635955200000,0.96982,0.9969,0.95685,0.98325,20139446
1635969600000,0.98366,1.01708,0.97858,0.99041,21844575
1635984000000,0.99045,1.04631,0.97325,1.02957,28643525
1635998400000,1.02899,1.04078,0.9849,0.98784,19423983
1636012800000,0.98784,1.02324,0.98105,1.01473,21857802
1636027200000,1.01473,1.0723,0.98416,1.00901,53602111
1636041600000,1.00904,1.03621,0.99666,1.02504,29091049
1636056000000,1.02528,1.055,1.018,1.05374,21015470
1636070400000,1.05404,1.05795,1.018,1.04739,19147136
1636084800000,1.04705,1.11897,1.0438,1.11329,34973645
1636099200000,1.11331,1.16699,1.10343,1.16562,87404651
1636113600000,1.16564,1.16641,1.06706,1.0764,59912914
1636128000000,1.07665,1.09837,1.05815,1.06651,25812799
1636142400000,1.06651,1.0758,1.043,1.06632,18017155
1636156800000,1.06559,1.08458,1.04,1.0782,19936673
1636171200000,1.07816,1.08122,1.04454,1.05651,13075384
1636185600000,1.05633,1.07704,1.00901,1.02757,23078575
1636200000000,1.02762,1.03872,1.00449,1.03581,16979916
1636214400000,1.03581,1.04903,1.0289,1.04504,11655907
1636228800000,1.04544,1.0689,1.0441,1.06305,12773384
1636243200000,1.06302,1.07599,1.04811,1.05621,11387472
1636257600000,1.05618,1.07076,1.04614,1.07028,7344928
1636272000000,1.07027,1.08683,1.05767,1.0618,17943686
1636286400000,1.06167,1.07234,1.05643,1.06895,8508929
1636300800000,1.06883,1.1336,1.06511,1.10631,29588832
1636315200000,1.10644,1.12436,1.08002,1.11597,28261821
1636329600000,1.11559,1.13435,1.09216,1.10343,24069840
1636344000000,1.1034,1.10985,1.07661,1.0825,14995987
1636358400000,1.08276,1.09897,1.06543,1.09407,15388004
1636372800000,1.09407,1.15121,1.08319,1.11861,36605132
1636387200000,1.1191,1.13416,1.09763,1.10435,19049530
1636401600000,1.10442,1.13831,1.095,1.13691,15003331
1636416000000,1.13693,1.22165,1.12658,1.20962,40847129
1636430400000,1.20974,1.24107,1.16002,1.16222,40258924
1636444800000,1.16259,1.28452,1.16259,1.25069,99571046
1636459200000,1.25069,1.336,1.19547,1.22811,110299202
1636473600000,1.22819,1.24747,1.19,1.21704,38788925
1636488000000,1.21723,1.27848,1.20561,1.21029,44316224
1636502400000,1.21019,1.22813,1.17034,1.18312,27466595
1636516800000,1.18323,1.2032,1.1635,1.18658,16302113
1636531200000,1.18649,1.19883,1.16534,1.1796,20675170
1636545600000,1.17987,1.23265,1.16824,1.23068,26868750
1636560000000,1.23098,1.23603,1.1,1.10517,38933097
1636574400000,1.10524,1.13777,0.97,1.08551,96369323
1636588800000,1.08531,1.10628,1.06152,1.09942,25150827
1636603200000,1.0994,1.1382,1.08426,1.13421,19356259
1636617600000,1.13423,1.14021,1.10047,1.11734,20504104
1636632000000,1.11752,1.12074,1.07535,1.10064,22081155
1636646400000,1.10049,1.1461,1.09456,1.14482,20974772
1636660800000,1.14479,1.16088,1.11004,1.11018,20095812
1636675200000,1.11003,1.14896,1.09705,1.12306,16627868
1636689600000,1.12325,1.13466,1.07428,1.08833,13465035
1636704000000,1.08838,1.10097,1.0517,1.06256,25350441
1636718400000,1.06266,1.07666,1.04389,1.06277,20074804
1636732800000,1.06296,1.08491,1.03553,1.07672,19056983
1636747200000,1.07609,1.09349,1.06908,1.07585,8430657
1636761600000,1.07586,1.08789,1.07266,1.07949,7633851
1636776000000,1.07968,1.12525,1.07565,1.11314,16201919
1636790400000,1.11302,1.11494,1.081,1.08971,13549883
1636804800000,1.08993,1.12083,1.08291,1.10949,12531720
1636819200000,1.10937,1.1177,1.0861,1.09132,9493454
1636833600000,1.09131,1.10562,1.08411,1.0972,6526114
1636848000000,1.09746,1.10776,1.08557,1.09089,7747541
1636862400000,1.09095,1.09841,1.08256,1.0876,6176532
1636876800000,1.08783,1.09004,1.06422,1.0835,8972084
1636891200000,1.08336,1.09556,1.07002,1.07176,9715940
1636905600000,1.07164,1.07301,1.04555,1.05798,11902510
1636920000000,1.0578,1.0693,1.0541,1.06866,6623250
1636934400000,1.0688,1.08701,1.06867,1.07436,10313533
1636948800000,1.07446,1.09376,1.07187,1.08204,9385586
1636963200000,1.08203,1.11158,1.07202,1.09787,16458781
1636977600000,1.09773,1.09906,1.072,1.078,17149434
1636992000000,1.07824,1.08099,1.04605,1.0552,14630232
1637006400000,1.05539,1.05539,1.01743,1.02045,14873364
1637020800000,1.02045,1.02045,0.926,0.95044,39220152
1637035200000,0.95048,0.96776,0.9354,0.96351,16235660
1637049600000,0.96348,0.97824,0.82257,0.942,57164020
1637064000000,0.94231,0.96511,0.92805,0.93939,26917226
1637078400000,0.93913,0.94541,0.92736,0.93874,18583897
1637092800000,0.93855,0.94585,0.90565,0.92167,16411963
1637107200000,0.92164,0.92898,0.88194,0.89203,19253459
1637121600000,0.89192,0.92375,0.88393,0.91402,14235054
1637136000000,0.91387,0.93804,0.88747,0.92889,22574746
1637150400000,0.92889,0.93379,0.89673,0.90869,15287805
1637164800000,0.90878,0.96542,0.90202,0.92715,27360571
1637179200000,0.92737,0.94357,0.91871,0.93553,14193495
1637193600000,0.93588,1.02458,0.92809,0.97343,35165655
1637208000000,0.97342,0.99304,0.94224,0.96042,31410937
1637222400000,0.96015,0.9604,0.91869,0.92376,16777532
1637236800000,0.92364,0.93513,0.86487,0.88572,31080896
1637251200000,0.8858,0.8956,0.84532,0.89007,30592571
1637265600000,0.89029,0.8993,0.85908,0.86742,14522047
1637280000000,0.8677,0.89248,0.855,0.86984,17469255
1637294400000,0.86982,0.893,0.86789,0.88251,8829664
1637308800000,0.88222,0.94366,0.88183,0.93115,18159562
1637323200000,0.93106,0.971,0.93056,0.95033,22959925
1637337600000,0.95018,0.95576,0.93843,0.94447,9618269
1637352000000,0.94446,0.95594,0.93682,0.95562,7269253
1637366400000,0.95564,0.96374,0.94333,0.94798,7636289
1637380800000,0.94796,0.96511,0.94526,0.95865,5299927
1637395200000,0.95861,0.98239,0.95141,0.97169,12186099
1637409600000,0.97182,0.976,0.91625,0.92009,15454722
1637424000000,0.9201,0.97466,0.91327,0.96111,14660042
1637438400000,0.96088,0.96657,0.95577,0.96645,5617762
1637452800000,0.96649,0.969,0.92319,0.92705,12627975
1637467200000,0.92723,0.94946,0.92546,0.94144,7243668
1637481600000,0.94145,0.94404,0.921,0.93069,9009112
1637496000000,0.93082,0.94379,0.92045,0.94277,8802638
1637510400000,0.94295,0.96911,0.93601,0.93612,15982723
1637524800000,0.93657,0.94746,0.92013,0.92186,9878525
1637539200000,0.92201,0.92668,0.883,0.89128,17377614
1637553600000,0.89104,0.90605,0.87656,0.89736,9491968
1637568000000,0.89723,0.90956,0.89172,0.89361,7596304
1637582400000,0.89369,0.91471,0.87733,0.89379,14842117
1637596800000,0.89362,0.9108,0.85567,0.85986,16283038
1637611200000,0.86022,0.88529,0.85519,0.87664,12207961
1637625600000,0.87664,0.90694,0.86874,0.89931,10254337
1637640000000,0.89932,0.91729,0.87412,0.87524,11812250
1637654400000,0.87537,0.89073,0.85666,0.8648,18992652
1637668800000,0.86494,0.93324,0.86134,0.90987,23220265
1637683200000,0.90973,0.92073,0.90711,0.91681,14586910
1637697600000,0.91662,0.92021,0.90033,0.90271,10134660
1637712000000,0.90277,0.90497,0.87068,0.881,10665075
1637726400000,0.88091,0.88951,0.87072,0.87771,9272579
1637740800000,0.87769,0.89859,0.8665,0.8754,13020245
1637755200000,0.87541,0.87957,0.84604,0.87257,20085917
1637769600000,0.87257,0.87678,0.8522,0.85781,16347872
1637784000000,0.85794,0.874,0.84931,0.86742,10274690
1637798400000,0.86745,0.8864,0.85594,0.88607,11605589
1637812800000,0.88605,0.88692,0.86562,0.87409,8242641
1637827200000,0.8738,0.89508,0.86374,0.895,13339824
1637841600000,0.89494,0.94714,0.89422,0.92503,30552224
1637856000000,0.92482,0.94721,0.90344,0.90629,20117559
1637870400000,0.90629,0.92782,0.90017,0.92183,14613149
1637884800000,0.92219,0.98029,0.912,0.96149,36769488
1637899200000,0.96143,1.04725,0.93734,0.98584,106203503
1637913600000,0.98584,0.98742,0.83753,0.87078,133672533
1637928000000,0.87058,0.9238,0.86221,0.87827,55760623
1637942400000,0.8777,0.89359,0.86541,0.88371,22518980
1637956800000,0.88346,0.88957,0.8503,0.85936,20927211
1637971200000,0.85921,1.055,0.84368,0.99691,115000638
1637985600000,0.99699,1.06767,0.98181,0.99023,73643833
1638000000000,0.99023,1.05358,0.99005,1.02183,54253036
1638014400000,1.02168,1.08561,1.00841,1.02801,67443919
1638028800000,1.02813,1.03071,0.9858,1.00506,40324801
1638043200000,1.00511,1.03685,0.96375,1.03587,46063548
1638057600000,1.03583,1.09717,0.9536,0.97834,115671081
1638072000000,0.97853,0.9882,0.94684,0.96918,44565533
1638086400000,0.9696,0.98305,0.94021,0.96147,28076186
1638100800000,0.96146,0.97578,0.93574,0.96721,29767253
1638115200000,0.96698,0.99915,0.9237,0.9879,55968536
1638129600000,0.98864,1.00759,0.97546,1.00672,25177958
1638144000000,1.00643,1.00936,0.97658,0.98338,18619722
1638158400000,0.98338,0.9902,0.9679,0.98561,12082765
1638172800000,0.98575,0.98769,0.94625,0.95452,21313928
1638187200000,0.95463,0.97089,0.95,0.96009,17314984
1638201600000,0.96026,0.99286,0.95101,0.96942,22694890
1638216000000,0.9696,0.9849,0.96152,0.96312,11784948
1638230400000,0.9631,0.97442,0.92549,0.93773,19599073
1638244800000,0.93762,0.94327,0.90658,0.92366,18773962
1638259200000,0.92365,0.94558,0.9168,0.94052,18518763
1638273600000,0.94077,0.956,0.92248,0.92322,21176798
1638288000000,0.9227,0.95,0.91,0.93431,27258933
1638302400000,0.93428,0.93942,0.91689,0.92338,15097380
1638316800000,0.92346,0.95602,0.9132,0.95241,20542821
1638331200000,0.95258,0.963,0.93684,0.96015,18177193
1638345600000,0.9598,0.96052,0.93333,0.93849,21123230
1638360000000,0.93866,0.95521,0.93256,0.95306,17088768
1638374400000,0.95294,0.95774,0.92602,0.93659,15141680
1638388800000,0.93667,0.93724,0.90346,0.92354,16710593
1638403200000,0.92377,0.9245,0.879,0.89288,19141542
1638417600000,0.89293,0.9076,0.89072,0.90391,9342000
1638432000000,0.90391,0.90886,0.881,0.88751,11459707
1638446400000,0.88738,0.90625,0.88135,0.8938,13091325
1638460800000,0.89389,0.90219,0.88455,0.8981,10518043
1638475200000,0.89824,0.91039,0.89459,0.89955,7088776
1638489600000,0.89926,0.90099,0.87601,0.87756,9851250
1638504000000,0.87756,0.90091,0.8757,0.89685,6528837
1638518400000,0.8969,0.91249,0.88913,0.91123,7046562
1638532800000,0.91111,0.92428,0.89072,0.89445,16264672
1638547200000,0.89443,0.89461,0.85751,0.85974,23809726
1638561600000,0.85985,0.86782,0.81498,0.8609,21930378
1638576000000,0.861,0.86281,0.76471,0.76615,30340201
1638590400000,0.76615,0.79073,0.52905,0.69404,123338306
1638604800000,0.69369,0.72402,0.66446,0.67847,39775133
1638619200000,0.67838,0.73375,0.6783,0.72611,23281170
1638633600000,0.72612,0.73737,0.70653,0.73579,14937721
1638648000000,0.7355,0.74158,0.71911,0.7337,13847384
1638662400000,0.73357,0.75259,0.70851,0.72376,15137632
1638676800000,0.72362,0.73489,0.70856,0.72394,8876694
1638691200000,0.72368,0.7324,0.69809,0.70618,11969932
1638705600000,0.7061,0.72251,0.65065,0.66749,27395995
1638720000000,0.66733,0.69311,0.66229,0.67597,22471251
1638734400000,0.67597,0.69106,0.6581,0.68734,16163395
1638748800000,0.68725,0.6887,0.64572,0.68484,17339758
1638763200000,0.68489,0.69001,0.63392,0.64681,16020601
1638777600000,0.64668,0.66495,0.60413,0.64138,32544827
1638792000000,0.64115,0.66313,0.61026,0.6629,36280518
1638806400000,0.66274,0.67598,0.65557,0.67163,14054271
1638820800000,0.67148,0.71211,0.6668,0.70429,16258521
1638835200000,0.70423,0.7205,0.69814,0.70747,12611053
1638849600000,0.70752,0.71643,0.69937,0.71204,6968652
1638864000000,0.71199,0.72599,0.7071,0.72033,9422838
1638878400000,0.72043,0.72302,0.6878,0.707,20578974
1638892800000,0.70697,0.70861,0.68602,0.70179,12694860
1638907200000,0.70207,0.70642,0.67543,0.68882,11899425
1638921600000,0.68879,0.72966,0.67853,0.68715,18666087
1638936000000,0.68715,0.72397,0.68686,0.71226,11210884
1638950400000,0.71218,0.72639,0.67271,0.69849,28095140
1638964800000,0.69862,0.77797,0.68776,0.757,66537279
1638979200000,0.75727,0.77226,0.7272,0.73473,23113358
1638993600000,0.73473,0.7669,0.72137,0.76305,22495455
1639008000000,0.76252,0.76368,0.73985,0.74242,13449521
1639022400000,0.74222,0.76033,0.73538,0.75542,12579160
1639036800000,0.75543,0.76024,0.72277,0.75805,18524332
1639051200000,0.75784,0.76066,0.69405,0.7022,21883449
1639065600000,0.70221,0.71355,0.67884,0.68654,29506986
1639080000000,0.68665,0.70257,0.67967,0.68408,11866658
1639094400000,0.68401,0.70655,0.68269,0.6944,12015734
1639108800000,0.69444,0.69957,0.66111,0.66965,17875543
1639123200000,0.6698,0.67989,0.66656,0.67819,15669289
1639137600000,0.6782,0.69642,0.65746,0.66416,22317521
1639152000000,0.66417,0.67074,0.64878,0.66772,15169038
1639166400000,0.6675,0.67306,0.63654,0.63791,12707751
1639180800000,0.63815,0.66131,0.62868,0.65304,13177970
1639195200000,0.65303,0.6655,0.64704,0.65426,8879741
1639209600000,0.65425,0.66848,0.65142,0.66107,7799205
1639224000000,0.66164,0.66927,0.65624,0.66636,7624176
1639238400000,0.6663,0.6746,0.65193,0.65386,8686157
1639252800000,0.65391,0.67247,0.65099,0.66988,7179989
1639267200000,0.66988,0.67628,0.66243,0.67269,7847730
1639281600000,0.67263,0.67929,0.666,0.67728,6716821
1639296000000,0.67724,0.67906,0.65503,0.6649,10735465
1639310400000,0.66481,0.68982,0.66296,0.67898,11345265
1639324800000,0.67893,0.6961,0.67428,0.68943,14570551
1639339200000,0.68943,0.69421,0.68206,0.68426,5425444
1639353600000,0.68426,0.68823,0.65688,0.66475,10935102
1639368000000,0.66471,0.67104,0.64986,0.6528,7510293
1639382400000,0.65292,0.6608,0.64526,0.65344,9890029
1639396800000,0.65332,0.65781,0.60102,0.60766,25573802
1639411200000,0.60786,0.61986,0.58377,0.59714,26784605
1639425600000,0.59732,0.6087,0.59041,0.59744,14798825
1639440000000,0.59759,0.60786,0.59152,0.60273,13459286
1639454400000,0.60268,0.60886,0.58831,0.60699,13667851
1639468800000,0.60696,0.61458,0.59894,0.61212,11534156
1639483200000,0.61269,0.61793,0.59602,0.60045,11434294
1639497600000,0.60029,0.62179,0.59405,0.61663,24969454
1639512000000,0.61635,0.6512,0.61572,0.63691,20728396
1639526400000,0.6369,0.65614,0.63531,0.65405,22813077
1639540800000,0.65405,0.66446,0.63312,0.65273,24307672
1639555200000,0.65273,0.654,0.62897,0.62935,15319084
1639569600000,0.6293,0.63419,0.58121,0.58221,32723129
1639584000000,0.58218,0.63293,0.58,0.63172,31124673
1639598400000,0.63196,0.64901,0.63031,0.63936,18418421
1639612800000,0.63937,0.64812,0.63336,0.63701,12420632
1639627200000,0.63715,0.65863,0.6279,0.64618,18624279
1639641600000,0.64623,0.66222,0.64,0.65956,16675587
1639656000000,0.65957,0.66688,0.63804,0.659,24056093
1639670400000,0.65905,0.66178,0.62528,0.6277,15765721
1639684800000,0.62753,0.635,0.612,0.61398,18379466
1639699200000,0.61416,0.62775,0.61201,0.62148,10099877
1639713600000,0.62148,0.62625,0.60069,0.60752,10187869
1639728000000,0.60729,0.61695,0.60008,0.60473,10098497
1639742400000,0.60479,0.60999,0.581,0.60218,20836642
1639756800000,0.60257,0.6176,0.58533,0.58854,27385084
1639771200000,0.58859,0.59715,0.57756,0.58916,14362061
1639785600000,0.58903,0.59667,0.58011,0.59115,13346730
1639800000000,0.59126,0.60193,0.58591,0.59134,10108150
1639814400000,0.59135,0.60903,0.59,0.60426,13308463
1639828800000,0.60432,0.615,0.60341,0.60594,10196436
1639843200000,0.6061,0.61005,0.59598,0.60277,10440257
1639857600000,0.60275,0.61048,0.59906,0.60538,6139399
1639872000000,0.60566,0.62628,0.59953,0.62536,9332632
1639886400000,0.62536,0.62699,0.61086,0.62158,8054638
1639900800000,0.62154,0.62253,0.604,0.61703,9189454
1639915200000,0.61686,0.65393,0.61079,0.6524,29573727
1639929600000,0.65266,0.66685,0.63113,0.6319,47451210
1639944000000,0.63199,0.64893,0.627,0.64795,28277100
1639958400000,0.64766,0.66817,0.63,0.6646,28175993
1639972800000,0.66476,0.6659,0.61296,0.61946,28947013
1639987200000,0.61939,0.62209,0.59579,0.60171,31953225
1640001600000,0.60171,0.61093,0.58888,0.60376,39233248
1640016000000,0.60396,0.62286,0.59936,0.62201,16942908
1640030400000,0.62201,0.629,0.61297,0.62241,14096216
1640044800000,0.62245,0.63011,0.61333,0.62941,12905639
1640059200000,0.6293,0.64772,0.62923,0.63944,15832856
1640073600000,0.63944,0.66955,0.63805,0.66136,20939219
1640088000000,0.6613,0.69298,0.65811,0.68134,53416496
1640102400000,0.68147,0.71329,0.67624,0.70899,38992128
1640116800000,0.70881,0.71489,0.69222,0.70886,28695852
1640131200000,0.70877,0.7297,0.70127,0.72708,28345817
1640145600000,0.72701,0.728,0.698,0.71306,23675408
1640160000000,0.71361,0.72737,0.70051,0.72022,18761742
1640174400000,0.72033,0.72495,0.691,0.716,29131433
1640188800000,0.71589,0.72789,0.70469,0.71472,17882152
1640203200000,0.71473,0.7174,0.69141,0.6939,11250169
1640217600000,0.69391,0.7126,0.6835,0.70124,14337145
1640232000000,0.70124,0.70811,0.67617,0.68088,12743348
1640246400000,0.68086,0.68851,0.67757,0.6835,12303969
1640260800000,0.68353,0.70768,0.68346,0.70583,15986359
1640275200000,0.70582,0.75048,0.70223,0.74503,34991189
1640289600000,0.74495,0.74877,0.72689,0.73388,18139488
1640304000000,0.73391,0.74399,0.72537,0.74162,13599690
1640318400000,0.74168,0.74488,0.73463,0.74038,8880068
1640332800000,0.74039,0.74988,0.7308,0.73375,15130617
1640347200000,0.73374,0.73579,0.705,0.71664,17465962
1640361600000,0.71686,0.72277,0.70233,0.70427,15067382
1640376000000,0.70455,0.71199,0.68258,0.69637,13790656
1640390400000,0.69641,0.70467,0.68971,0.69752,7989428
1640404800000,0.69751,0.71043,0.69342,0.70878,10237128
1640419200000,0.70883,0.71381,0.69408,0.70078,9354160
1640433600000,0.70078,0.712,0.70047,0.70855,6817931
1640448000000,0.70861,0.712,0.69566,0.70571,9344317
1640462400000,0.70541,0.72842,0.70509,0.71922,14001247
1640476800000,0.71946,0.72277,0.6844,0.68853,12817491
1640491200000,0.68856,0.71205,0.68631,0.71024,9323251
1640505600000,0.71009,0.74521,0.70793,0.72483,26214933
1640520000000,0.72483,0.74451,0.72009,0.73875,21698163
1640534400000,0.7388,0.74429,0.73034,0.73595,11978895
1640548800000,0.73596,0.7395,0.72353,0.73514,10676493
1640563200000,0.73523,0.74399,0.7343,0.73719,9743252
1640577600000,0.73732,0.76657,0.73276,0.75159,21116596
1640592000000,0.75146,0.76508,0.7445,0.7639,14235955
1640606400000,0.76378,0.777,0.75331,0.77066,19977569
1640620800000,0.77073,0.77352,0.75582,0.75858,14807134
1640635200000,0.75867,0.76737,0.73296,0.7374,13783646
1640649600000,0.73744,0.73914,0.69157,0.70134,25057452
1640664000000,0.70127,0.7056,0.68016,0.70109,16188704
1640678400000,0.70124,0.7078,0.69234,0.70204,12898498
1640692800000,0.70215,0.70491,0.67674,0.69431,15067804
1640707200000,0.69433,0.6975,0.66128,0.6656,23276817
1640721600000,0.6656,0.67712,0.66019,0.66483,9458865
1640736000000,0.66494,0.67859,0.6571,0.67736,9387718
1640750400000,0.67737,0.69356,0.66597,0.67212,17009588
1640764800000,0.67226,0.6779,0.66108,0.66791,11676378
1640779200000,0.66792,0.66944,0.635,0.66614,22182648
1640793600000,0.66616,0.66681,0.64009,0.64144,13895970
1640808000000,0.6414,0.65167,0.62288,0.63301,15423141
1640822400000,0.63287,0.63366,0.61147,0.62661,16010236
1640836800000,0.62644,0.64554,0.62566,0.64248,10054646
1640851200000,0.64272,0.65272,0.63436,0.6502,9845413
1640865600000,0.65034,0.65997,0.6419,0.64625,12314603
1640880000000,0.646,0.66175,0.64557,0.65178,11295712
1640894400000,0.65189,0.65335,0.63515,0.64638,10581505
1640908800000,0.64618,0.6565,0.63666,0.65512,10167716
1640923200000,0.65523,0.6581,0.64178,0.65351,8696592
1640937600000,0.65349,0.67366,0.64741,0.6647,15089654
1640952000000,0.66496,0.67287,0.6571,0.6622,13341082
1640966400000,0.66226,0.68,0.626,0.62605,25267302
1640980800000,0.62615,0.6512,0.62127,0.64209,12989172
1640995200000,0.6422,0.66194,0.64217,0.64514,10300423
1641009600000,0.64513,0.65176,0.63826,0.64833,8381190
1641024000000,0.64835,0.65071,0.6373,0.64118,6624389
1641038400000,0.64109,0.65559,0.64075,0.6531,6589368
1641052800000,0.65295,0.65948,0.64972,0.65567,8232755
1641067200000,0.65558,0.66624,0.65246,0.66405,6058304
1641081600000,0.66406,0.66555,0.65722,0.65866,6849706
1641096000000,0.65887,0.66086,0.64788,0.65618,5920251
1641110400000,0.65601,0.67425,0.65166,0.66251,9718731
1641124800000,0.66263,0.67975,0.65659,0.67277,12837285
1641139200000,0.67284,0.69578,0.66383,0.6766,26269702
1641153600000,0.67681,0.6829,0.67124,0.67626,8572832
1641168000000,0.67621,0.69134,0.66723,0.67021,13637182
1641182400000,0.67008,0.69228,0.6687,0.68746,12105604
1641196800000,0.68764,0.6955,0.67303,0.68578,13764407
1641211200000,0.68572,0.69077,0.67578,0.67878,15967900
1641225600000,0.67883,0.68068,0.65479,0.66092,19743388
1641240000000,0.66102,0.66307,0.64327,0.65819,15806501
1641254400000,0.65819,0.6616,0.64025,0.64904,11375327
1641268800000,0.64887,0.66453,0.64254,0.6642,8900596
1641283200000,0.66438,0.66564,0.6486,0.66106,18364251
1641297600000,0.66088,0.68103,0.65514,0.67607,17106159
1641312000000,0.67607,0.69962,0.66817,0.69028,40154380
1641326400000,0.69038,0.708,0.6733,0.67874,21057232
1641340800000,0.67883,0.71404,0.67326,0.70859,22535650
1641355200000,0.70863,0.71816,0.70148,0.70772,14922127
1641369600000,0.70772,0.7269,0.70592,0.71261,32634497
1641384000000,0.71246,0.73196,0.70684,0.72502,36907718
1641398400000,0.725,0.7288,0.6549,0.66165,46281170
1641412800000,0.66144,0.67369,0.59701,0.62999,52986694
1641427200000,0.62978,0.63736,0.61559,0.61698,21989202
1641441600000,0.61703,0.63794,0.6136,0.63358,21469536
1641456000000,0.63365,0.63486,0.60556,0.61454,23882422
1641470400000,0.61455,0.63278,0.60693,0.62724,18752982
1641484800000,0.62724,0.64488,0.62393,0.64094,16100522
1641499200000,0.64099,0.64434,0.63028,0.63618,11674870
1641513600000,0.63616,0.63896,0.59251,0.59968,21130812
1641528000000,0.60001,0.60631,0.58141,0.60538,25593581
1641542400000,0.60545,0.61919,0.59997,0.60814,17461081
1641556800000,0.6083,0.62667,0.58787,0.61379,28513118
1641571200000,0.61384,0.63364,0.60733,0.61363,22767884
1641585600000,0.61414,0.61651,0.58806,0.59389,16495706
1641600000000,0.59386,0.60979,0.59005,0.60453,10435781
1641614400000,0.60472,0.62043,0.60443,0.61136,12676659
1641628800000,0.61145,0.61982,0.60634,0.61226,9370057
1641643200000,0.61226,0.61474,0.59105,0.59242,12219391
1641657600000,0.59242,0.59798,0.54519,0.55493,39644743
1641672000000,0.5547,0.5845,0.55,0.57258,15117231
1641686400000,0.57229,0.58977,0.56507,0.58276,12597996
1641700800000,0.58238,0.59,0.57885,0.57887,6679402
1641715200000,0.57892,0.58495,0.56838,0.58146,8697660
1641729600000,0.58132,0.58333,0.56541,0.57258,8555635
1641744000000,0.57278,0.59573,0.57257,0.5931,12560407
1641758400000,0.59316,0.595,0.57923,0.58351,7920984
1641772800000,0.58368,0.59443,0.57528,0.58328,14192462
1641787200000,0.58333,0.59191,0.58071,0.58941,9641172
1641801600000,0.58961,0.59062,0.56044,0.56396,12864021
1641816000000,0.56379,0.56652,0.52057,0.53491,41356203
1641830400000,0.53524,0.5534,0.52663,0.53698,21657186
1641844800000,0.53708,0.54856,0.53347,0.54225,9825778
1641859200000,0.54226,0.56013,0.53622,0.55898,11185765
1641873600000,0.55893,0.55938,0.54711,0.55515,8507052
1641888000000,0.55511,0.55851,0.54113,0.54896,10514447
1641902400000,0.54895,0.55495,0.53874,0.54663,13847594
1641916800000,0.54688,0.57261,0.54605,0.56195,19308720
1641931200000,0.56195,0.5694,0.55986,0.56837,8865194
1641945600000,0.56805,0.57488,0.56441,0.57239,8293224
1641960000000,0.57246,0.57681,0.56414,0.57213,9609707
1641974400000,0.57213,0.58337,0.56972,0.57846,13259311
1641988800000,0.57842,0.59691,0.5752,0.59023,26989884
1642003200000,0.59024,0.59326,0.58701,0.59112,11611513
1642017600000,0.59111,0.59572,0.58831,0.59369,7890644
1642032000000,0.59364,0.60096,0.59037,0.59494,10736649
1642046400000,0.59499,0.61073,0.59457,0.60642,11571089
1642060800000,0.60629,0.61393,0.597,0.59814,12942643
1642075200000,0.59826,0.62547,0.59048,0.60621,31358480
1642089600000,0.60596,0.61246,0.58105,0.5854,23218727
1642104000000,0.58526,0.58621,0.56753,0.57073,15662819
1642118400000,0.57076,0.57834,0.56462,0.57275,10650129
1642132800000,0.57275,0.5859,0.57275,0.57793,9923754
1642147200000,0.57802,0.57866,0.55448,0.56154,14730485
1642161600000,0.56165,0.58334,0.55631,0.57968,17556013
1642176000000,0.57957,0.58118,0.57223,0.57602,11132781
1642190400000,0.57603,0.583,0.57534,0.57898,8444150
1642204800000,0.57886,0.58288,0.57324,0.57534,8003609
1642219200000,0.57541,0.5784,0.57065,0.57832,6365992
1642233600000,0.57821,0.58896,0.57567,0.58745,8708594
1642248000000,0.58745,0.59673,0.57442,0.59534,13362962
1642262400000,0.59531,0.59729,0.591,0.59558,6477222
1642276800000,0.59558,0.59989,0.59287,0.59453,6557293
1642291200000,0.59462,0.59666,0.58027,0.58538,8097339
1642305600000,0.58534,0.59052,0.58273,0.5888,5804205
1642320000000,0.5891,0.59274,0.58005,0.58256,7445002
1642334400000,0.58245,0.5888,0.57326,0.58658,9649430
1642348800000,0.58678,0.59383,0.5854,0.58706,7309895
1642363200000,0.58715,0.59486,0.5852,0.58903,5725085
1642377600000,0.58907,0.5914,0.56458,0.56508,11414985
1642392000000,0.56512,0.56905,0.56,0.56382,11122827
1642406400000,0.56376,0.56626,0.55805,0.55974,7639086
1642420800000,0.55974,0.5612,0.5475,0.55074,10364031
1642435200000,0.55065,0.55441,0.54469,0.55258,12951768
1642449600000,0.55254,0.55401,0.53749,0.54781,11769956
1642464000000,0.54764,0.55846,0.54468,0.5506,10036986
1642478400000,0.55067,0.55492,0.54405,0.54984,7445219
1642492800000,0.54984,0.55067,0.5244,0.53314,19185791
1642507200000,0.53318,0.53545,0.515,0.51915,22335361
1642521600000,0.51934,0.52784,0.5163,0.52469,12773367
1642536000000,0.5248,0.53543,0.51714,0.53065,14368288
1642550400000,0.53058,0.53298,0.51529,0.51841,11407033
1642564800000,0.51841,0.52168,0.49801,0.50409,16871809
1642579200000,0.5041,0.52757,0.49958,0.52685,18292024
1642593600000,0.52695,0.5314,0.51873,0.52467,14085186
1642608000000,0.5246,0.53401,0.52309,0.52543,17561309
1642622400000,0.52548,0.53322,0.52215,0.52373,14544885
1642636800000,0.5237,0.54299,0.5237,0.54029,23769015
1642651200000,0.54045,0.54086,0.53231,0.53578,13567506
1642665600000,0.53578,0.54366,0.53372,0.53709,18066759
1642680000000,0.53697,0.5537,0.53619,0.55231,22520991
1642694400000,0.55246,0.56125,0.54283,0.54444,22638258
1642708800000,0.54428,0.54586,0.49653,0.49996,30849444
1642723200000,0.49994,0.50632,0.46539,0.47107,39016359
1642737600000,0.47105,0.47718,0.468,0.47483,17896003
1642752000000,0.4748,0.4912,0.47304,0.48473,72497749
1642766400000,0.48475,0.48775,0.46033,0.48379,40667197
1642780800000,0.48378,0.48566,0.46225,0.46267,27169143
1642795200000,0.46289,0.4682,0.41961,0.43612,51988273
1642809600000,0.436,0.44371,0.4277,0.43491,19268983
1642824000000,0.43477,0.437,0.3693,0.38269,45962359
1642838400000,0.38254,0.40911,0.36642,0.39952,53997011
1642852800000,0.39955,0.41543,0.39179,0.39501,32358890
1642867200000,0.39487,0.41599,0.38934,0.40366,49751861
1642881600000,0.4039,0.42425,0.40081,0.41558,26537428
1642896000000,0.41567,0.42436,0.40717,0.41842,14627207
1642910400000,0.41829,0.42899,0.41263,0.42572,14802506
1642924800000,0.42572,0.43149,0.4193,0.42075,18028180
1642939200000,0.4207,0.42532,0.40304,0.4126,16926028
1642953600000,0.4127,0.4195,0.3917,0.39397,24899780
1642968000000,0.39392,0.41845,0.39131,0.41459,22540780
1642982400000,0.41447,0.41479,0.39017,0.39343,15714608
1642996800000,0.39334,0.39561,0.38158,0.38311,16580172
1643011200000,0.38314,0.3891,0.35024,0.35284,49330636
1643025600000,0.35267,0.36981,0.34356,0.36859,42107126
1643040000000,0.36851,0.38599,0.35765,0.38098,36985465
1643054400000,0.38101,0.4003,0.37993,0.39231,21385105
1643068800000,0.39228,0.39686,0.38348,0.3958,16457359
1643083200000,0.39572,0.402,0.39014,0.3961,14673679
1643097600000,0.3961,0.40669,0.39499,0.39752,13962034
1643112000000,0.39749,0.40392,0.38571,0.4012,26539389
1643126400000,0.40124,0.42084,0.40068,0.41145,26980529
1643140800000,0.41151,0.41799,0.40406,0.41404,11727469
1643155200000,0.41399,0.41946,0.40464,0.41698,12725611
1643169600000,0.41688,0.42216,0.41425,0.41774,11497323
1643184000000,0.41764,0.426,0.41756,0.42377,10429061
1643198400000,0.42384,0.43361,0.41848,0.42711,18554319
1643212800000,0.42713,0.46164,0.41218,0.4256,46824208
1643227200000,0.42581,0.42581,0.39567,0.4043,27729009
1643241600000,0.40431,0.40839,0.38335,0.38617,17943566
1643256000000,0.3862,0.39376,0.38439,0.3905,11199595
1643270400000,0.39064,0.3999,0.38549,0.39928,11760765
1643284800000,0.3993,0.41095,0.39784,0.40452,13948727
1643299200000,0.40455,0.4106,0.39417,0.39866,18042832
1643313600000,0.39862,0.40505,0.38714,0.40455,17193848
1643328000000,0.40456,0.41352,0.39902,0.41201,16755814
1643342400000,0.41205,0.4171,0.40801,0.40854,12591268
1643356800000,0.40854,0.4153,0.40227,0.40516,17538339
1643371200000,0.40513,0.40693,0.39473,0.40516,17391428
1643385600000,0.40522,0.411,0.40044,0.40535,10681925
1643400000000,0.40533,0.41586,0.40432,0.41379,7511992
1643414400000,0.41386,0.41871,0.40847,0.41387,10020496
1643428800000,0.41409,0.41979,0.4107,0.41898,7642715
1643443200000,0.41913,0.42012,0.41362,0.41657,7142336
1643457600000,0.41655,0.42389,0.40901,0.41184,11630535
1643472000000,0.41173,0.4155,0.40916,0.41149,8917199
1643486400000,0.41163,0.41864,0.40532,0.40973,12170963
1643500800000,0.40987,0.41241,0.403,0.41072,7309203
1643515200000,0.4108,0.41968,0.41023,0.41968,7348637
1643529600000,0.41961,0.421,0.41145,0.41694,6703044
1643544000000,0.41689,0.41874,0.40554,0.41221,10232816
1643558400000,0.41221,0.41409,0.3966,0.3991,14303249
1643572800000,0.39908,0.40393,0.39525,0.39895,11083350
1643587200000,0.39891,0.40077,0.38197,0.38517,11965453
1643601600000,0.38516,0.38531,0.37861,0.38327,7047193
1643616000000,0.38334,0.38837,0.38161,0.3862,6611887
1643630400000,0.38624,0.40152,0.38143,0.39892,14743708
1643644800000,0.39896,0.41049,0.39698,0.40349,16287762
1643659200000,0.40345,0.4098,0.40143,0.40836,9176274
1643673600000,0.40833,0.41727,0.40661,0.41691,10859771
1643688000000,0.41686,0.41781,0.41062,0.41599,7230896
1643702400000,0.41616,0.42464,0.41108,0.42247,19022032
1643716800000,0.42221,0.42524,0.41308,0.42108,20403960
1643731200000,0.42117,0.44,0.41992,0.43176,33037740
1643745600000,0.43179,0.4478,0.43141,0.43884,32787878
1643760000000,0.43886,0.4416,0.43229,0.43282,22533821
1643774400000,0.43276,0.43524,0.42855,0.43177,15162014
1643788800000,0.4318,0.43552,0.43045,0.43366,9855182
1643803200000,0.4336,0.44038,0.41415,0.41649,27346178
1643817600000,0.41652,0.41908,0.40764,0.41676,22384852
1643832000000,0.41676,0.41848,0.40127,0.40427,20066608
1643846400000,0.40433,0.40814,0.39367,0.39964,18182602
1643860800000,0.39936,0.40222,0.39731,0.40152,8942941
1643875200000,0.40164,0.40476,0.38976,0.39865,16854692
1643889600000,0.39876,0.40226,0.39099,0.40151,13668742
1643904000000,0.40147,0.40329,0.39188,0.39405,11103564
1643918400000,0.39414,0.40657,0.39187,0.40601,11450484
1643932800000,0.4059,0.40602,0.40121,0.40223,9429896
1643947200000,0.40229,0.41343,0.40179,0.41065,11329194
1643961600000,0.41076,0.41408,0.40844,0.4101,10801002
1643976000000,0.41003,0.42392,0.40121,0.42265,25311703
1643990400000,0.42258,0.43332,0.42193,0.43088,24653636
1644004800000,0.43085,0.441,0.42872,0.44026,14478539
1644019200000,0.44024,0.452,0.43638,0.45165,15810612
1644033600000,0.45165,0.4644,0.44988,0.45253,16858397
1644048000000,0.45253,0.46027,0.45143,0.45939,9948305
1644062400000,0.45942,0.46456,0.45459,0.4609,12362263
1644076800000,0.46087,0.46142,0.43797,0.4442,16480258
1644091200000,0.44431,0.45197,0.44044,0.44774,7721868
1644105600000,0.44774,0.45937,0.44729,0.4489,8537335
1644120000000,0.44867,0.45242,0.44152,0.45133,8378946
1644134400000,0.45131,0.45819,0.44925,0.45217,7517384
1644148800000,0.45206,0.45961,0.43758,0.44801,14472263
1644163200000,0.44801,0.45657,0.44602,0.45472,10566989
1644177600000,0.45458,0.47369,0.45327,0.47246,16372979
1644192000000,0.47251,0.48098,0.46027,0.47811,18255066
1644206400000,0.47811,0.48992,0.47564,0.48528,12719476
1644220800000,0.48537,0.48753,0.4726,0.48506,11973678
1644235200000,0.48516,0.49999,0.48002,0.49748,18992332
1644249600000,0.49745,0.50997,0.48909,0.50042,20775935
1644264000000,0.50022,0.51401,0.49613,0.50631,17624693
1644278400000,0.50631,0.5224,0.49833,0.50188,23414370
1644292800000,0.50201,0.51401,0.49068,0.49483,20933038
1644307200000,0.49479,0.49699,0.46628,0.47494,26448016
1644321600000,0.47472,0.47479,0.45584,0.46354,21740483
1644336000000,0.46364,0.46607,0.45405,0.45843,17436067
1644350400000,0.45837,0.47572,0.45709,0.47376,16927772
1644364800000,0.47379,0.47627,0.46105,0.46564,15900717
1644379200000,0.46559,0.47035,0.45724,0.46842,11210893
1644393600000,0.46828,0.47421,0.46212,0.47248,9250192
1644408000000,0.47248,0.48623,0.4713,0.48229,19875041
1644422400000,0.48218,0.49169,0.47858,0.48902,11499075
1644436800000,0.48891,0.49472,0.48451,0.48708,10625247
1644451200000,0.48694,0.49015,0.474,0.47823,12522953
1644465600000,0.47831,0.47897,0.47404,0.47857,8549568
1644480000000,0.47847,0.48854,0.47741,0.48339,11852922
1644494400000,0.48341,0.48501,0.44737,0.47126,41015105
1644508800000,0.47118,0.48641,0.46119,0.46231,22876784
1644523200000,0.46234,0.46799,0.45471,0.46072,14969686
1644537600000,0.46082,0.46093,0.44412,0.45356,13902246
1644552000000,0.45345,0.462,0.44953,0.46111,10066113
1644566400000,0.46124,0.46484,0.45501,0.45931,10686574
1644580800000,0.45921,0.46698,0.45636,0.46236,13468084
1644595200000,0.46211,0.46323,0.43161,0.43266,18842688
1644609600000,0.43274,0.43413,0.41101,0.41773,17967802
1644624000000,0.41774,0.42259,0.41385,0.4192,9558547
1644638400000,0.41921,0.42295,0.40306,0.41302,11691516
1644652800000,0.41308,0.42264,0.41038,0.41986,11168019
1644667200000,0.41988,0.42028,0.40797,0.41522,10165281
1644681600000,0.41504,0.42924,0.41268,0.4219,10714685
1644696000000,0.42188,0.42422,0.41036,0.41846,9328507
1644710400000,0.41847,0.42393,0.41324,0.41569,7620225
1644724800000,0.41575,0.4169,0.41111,0.41661,5907402
1644739200000,0.41664,0.42032,0.41407,0.41771,6493386
1644753600000,0.41776,0.42347,0.41441,0.419,7806195
1644768000000,0.4191,0.42079,0.39635,0.39896,14942018
1644782400000,0.39923,0.41311,0.39823,0.40526,16310459
1644796800000,0.40534,0.40757,0.38565,0.39318,15037098
1644811200000,0.39295,0.39702,0.38815,0.39645,8719533
1644825600000,0.39641,0.39857,0.39,0.3925,7427730
1644840000000,0.3926,0.406,0.38824,0.40075,11911955
1644854400000,0.401,0.40721,0.39106,0.39316,12212238
1644868800000,0.39305,0.40698,0.39081,0.40376,9534354
1644883200000,0.40376,0.444,0.40368,0.44008,55286760
1644897600000,0.44008,0.45233,0.43748,0.45033,39203294
1644912000000,0.4504,0.47867,0.44855,0.46387,81678697
1644926400000,0.46365,0.48416,0.46305,0.47396,125288116
1644940800000,0.47401,0.48063,0.4671,0.47373,97881680
1644955200000,0.47373,0.5096,0.47145,0.49278,111206359
1644969600000,0.49266,0.49555,0.47558,0.48038,60970352
1644984000000,0.48022,0.495,0.47664,0.4916,48027733
1644998400000,0.49159,0.50222,0.48209,0.48588,34352968
1645012800000,0.48575,0.48678,0.47175,0.47994,40796123
1645027200000,0.47996,0.51197,0.475,0.50639,90388435
1645041600000,0.50645,0.50691,0.48527,0.48668,36587915
1645056000000,0.48668,0.4887,0.47423,0.47459,21950053
1645070400000,0.47442,0.47946,0.46707,0.47743,27878488
1645084800000,0.47743,0.47873,0.46311,0.46554,26065855
1645099200000,0.46553,0.46826,0.44923,0.45125,38292989
1645113600000,0.45134,0.46839,0.44103,0.45071,94453361
1645128000000,0.45071,0.45098,0.43017,0.4361,33846499
1645142400000,0.43647,0.44369,0.43032,0.43655,18169048
1645156800000,0.4367,0.44963,0.43645,0.4455,17443436
1645171200000,0.44554,0.44927,0.42766,0.429,21598371
1645185600000,0.42926,0.4355,0.41296,0.41586,35719951
1645200000000,0.41603,0.42212,0.4092,0.41775,25957021
1645214400000,0.41776,0.41881,0.4081,0.41195,12889594
1645228800000,0.41185,0.41748,0.40893,0.40991,11529790
1645243200000,0.41009,0.41954,0.41009,0.41863,11648826
1645257600000,0.41866,0.42041,0.39786,0.40181,20229299
1645272000000,0.40179,0.41734,0.39775,0.41655,16610032
1645286400000,0.4165,0.42535,0.4112,0.41282,20143774
1645300800000,0.41292,0.42322,0.40924,0.41695,17080269
1645315200000,0.41701,0.41706,0.40067,0.40361,15719110
1645329600000,0.40363,0.40532,0.38668,0.39772,22978115
1645344000000,0.39788,0.39866,0.38317,0.39055,20458177
1645358400000,0.39071,0.39543,0.37515,0.3846,26905740
1645372800000,0.38456,0.38799,0.381,0.38538,13990665
1645387200000,0.38531,0.39883,0.38258,0.39106,24787196
1645401600000,0.39105,0.4219,0.38848,0.4059,30254533
1645416000000,0.40596,0.42354,0.4058,0.41434,30364823
1645430400000,0.41429,0.41718,0.3909,0.39593,31350781
1645444800000,0.39588,0.40696,0.37938,0.39847,50779859
1645459200000,0.39837,0.40063,0.37522,0.38169,37516702
1645473600000,0.3817,0.38557,0.35401,0.3568,34267841
1645488000000,0.35681,0.36499,0.34674,0.35323,27789131
1645502400000,0.35334,0.36695,0.35081,0.36316,24372239
1645516800000,0.36308,0.37659,0.36124,0.37168,22630398
1645531200000,0.37161,0.3849,0.36659,0.37822,26296061
1645545600000,0.37809,0.38165,0.36212,0.36999,31183569
1645560000000,0.37007,0.38499,0.36523,0.38176,31008634
1645574400000,0.38182,0.38936,0.37246,0.3777,21748730
1645588800000,0.37768,0.38333,0.37662,0.38218,13627838
1645603200000,0.38206,0.39185,0.38042,0.38771,18976718
1645617600000,0.38775,0.39345,0.37383,0.37747,26653860
1645632000000,0.37757,0.38774,0.36221,0.36282,27898363
1645646400000,0.36267,0.36519,0.35183,0.35298,22694085
1645660800000,0.35291,0.35737,0.32174,0.32401,43552384
1645675200000,0.3241,0.32697,0.302,0.31851,92656328
1645689600000,0.31852,0.32351,0.30905,0.31826,40220561
1645704000000,0.31822,0.33648,0.31429,0.33541,46052393
1645718400000,0.33543,0.34912,0.32501,0.34822,41626845
1645732800000,0.34827,0.3621,0.3432,0.36107,40560670
1645747200000,0.36118,0.36956,0.35043,0.36258,31609121
1645761600000,0.36241,0.36749,0.3506,0.35389,23642627
1645776000000,0.35389,0.35416,0.33954,0.34661,40426478
1645790400000,0.34688,0.36144,0.34634,0.35574,54768759
1645804800000,0.35568,0.36335,0.34602,0.35,36254025
1645819200000,0.35017,0.3666,0.34701,0.36042,27267464
1646092800000,0.37691,0.38248,0.36909,0.37429,23317885
1646107200000,0.3743,0.37942,0.3685,0.37639,12711932
1646121600000,0.37646,0.37817,0.364,0.37669,21234371
1646136000000,0.3767,0.38919,0.36846,0.37225,40674577
1646150400000,0.37226,0.37688,0.36748,0.37257,19489413
1646164800000,0.37257,0.37788,0.36884,0.37515,16104152
1646179200000,0.37521,0.37969,0.3627,0.37889,20112697
1646193600000,0.37889,0.38066,0.36853,0.37319,16587394
1646208000000,0.37353,0.38729,0.36926,0.38544,21100474
1646222400000,0.38549,0.39401,0.36549,0.37609,51270190
1646236800000,0.37632,0.3817,0.36817,0.37397,15529676
1646251200000,0.37411,0.38098,0.37206,0.37386,9538871
1646265600000,0.37389,0.37704,0.35819,0.36339,15239220
1646280000000,0.36336,0.3703,0.359,0.36973,13595971
1646294400000,0.36972,0.37298,0.36373,0.37069,14133239
1646308800000,0.37052,0.37742,0.35471,0.36027,21601081
1646323200000,0.36026,0.36307,0.35437,0.35663,17494864
1646337600000,0.35662,0.36905,0.35334,0.36438,12778250
1646352000000,0.36438,0.36581,0.34501,0.34752,21694007
1646366400000,0.34761,0.35348,0.345,0.35111,11908897
1646380800000,0.35113,0.36215,0.34579,0.35982,12755690
1646395200000,0.35985,0.36372,0.34915,0.3499,21597821
1646409600000,0.34979,0.3549,0.33926,0.3407,15195130
1646424000000,0.34072,0.34199,0.33333,0.33937,14801666
1646438400000,0.33938,0.33981,0.32765,0.3359,13176695
1646452800000,0.33603,0.34109,0.33106,0.3407,15056743
1646467200000,0.34065,0.3427,0.33617,0.34114,9916202
1646481600000,0.34114,0.34352,0.33606,0.34137,11472656
1646496000000,0.34128,0.34709,0.34047,0.34518,9262964
1646510400000,0.34529,0.34716,0.3423,0.34659,7241514
1646524800000,0.34649,0.35166,0.34183,0.34311,9999832
1646539200000,0.34305,0.34957,0.34013,0.34653,17160798
1646553600000,0.34654,0.34657,0.33445,0.33858,19495166
1646568000000,0.33851,0.34328,0.33585,0.33842,13969828
1646582400000,0.33845,0.34311,0.335,0.33557,9791090
1646596800000,0.33569,0.34044,0.32765,0.32885,14831317
1646611200000,0.32904,0.3294,0.31421,0.31652,18265262
1646625600000,0.31642,0.3221,0.31503,0.31622,11536035
1646640000000,0.31635,0.33265,0.31517,0.3309,30012774
1646654400000,0.3309,0.34419,0.33078,0.34106,25052502
1646668800000,0.34097,0.34384,0.32124,0.32201,30295045
1646683200000,0.32194,0.3339,0.31862,0.32882,18041127
1646697600000,0.32884,0.34281,0.32805,0.34206,21730383
1646712000000,0.34206,0.35851,0.339,0.35384,33480318
1646726400000,0.35382,0.36065,0.35082,0.35249,40884020
1646740800000,0.35261,0.35579,0.34096,0.34357,38782904
1646755200000,0.3436,0.34704,0.33721,0.34179,28984067
1646769600000,0.34171,0.34239,0.33308,0.33528,16791101
1646784000000,0.33528,0.35975,0.33472,0.35685,23185723
1646798400000,0.35686,0.36476,0.355,0.35889,21213170
1646812800000,0.35893,0.36143,0.3531,0.35378,20286976
1646827200000,0.35388,0.35717,0.34732,0.35211,26399569
1646841600000,0.35208,0.35252,0.33876,0.34458,24288677
1646856000000,0.3446,0.34825,0.33952,0.34617,18078753
1646870400000,0.34616,0.34729,0.33311,0.33344,21602863
1646884800000,0.33348,0.33462,0.32033,0.32539,34792368
1646899200000,0.32539,0.32601,0.32153,0.32389,16158100
1646913600000,0.32386,0.33086,0.31586,0.32427,26313827
1646928000000,0.32419,0.32614,0.31767,0.32135,15407635
1646942400000,0.32129,0.33178,0.32,0.32544,20784208
1646956800000,0.32534,0.33057,0.31537,0.32988,26531730
1646971200000,0.32984,0.33769,0.32395,0.33533,35637974
1646985600000,0.33518,0.33937,0.32844,0.33612,31990543
1647000000000,0.33595,0.33772,0.32297,0.32428,24440952
1647014400000,0.32436,0.32474,0.31908,0.32181,16958155
1647028800000,0.32179,0.32387,0.31815,0.31895,15297866
1647043200000,0.31895,0.32815,0.31824,0.32238,15355866
1647057600000,0.32238,0.32556,0.32032,0.32556,13288940
1647072000000,0.32556,0.32787,0.32341,0.32502,16640594
1647086400000,0.32504,0.32591,0.32,0.32289,12926814
1647100800000,0.32302,0.32509,0.3206,0.32166,8841909
1647115200000,0.32162,0.32301,0.31709,0.31833,8841429
1647129600000,0.31837,0.33929,0.3158,0.33736,33908036
1647144000000,0.33729,0.34732,0.33694,0.33933,51474747
1647158400000,0.33928,0.347,0.33355,0.34481,51249888
1647172800000,0.34479,0.359,0.3407,0.3544,121148769
1647187200000,0.35449,0.35527,0.3422,0.34318,55087190
1647201600000,0.34317,0.34905,0.33167,0.33387,56953729
1647216000000,0.33379,0.33383,0.32591,0.33089,34336539
1647230400000,0.33092,0.34471,0.33059,0.3439,30099012
1647244800000,0.34393,0.37641,0.3433,0.36897,128950428
1647259200000,0.36891,0.36973,0.35628,0.35837,86853557
1647273600000,0.35836,0.36579,0.35055,0.35128,63274933
1647288000000,0.35127,0.36746,0.34748,0.36538,68249757
1647302400000,0.36538,0.38133,0.3633,0.36374,95271070
1647316800000,0.36374,0.36711,0.35153,0.36477,53149755
1647331200000,0.36474,0.38726,0.356,0.383,90172099
1647345600000,0.38317,0.40448,0.38083,0.4023,218267727
1647360000000,0.40219,0.4348,0.39815,0.42441,318258293
1647374400000,0.42431,0.43479,0.414,0.42556,171499711
1647388800000,0.42563,0.4587,0.41413,0.44308,260515047
1647403200000,0.44306,0.44315,0.41535,0.41623,130030934
1647417600000,0.41632,0.434,0.41348,0.42144,117413045
1647432000000,0.42148,0.44685,0.41143,0.44002,119731371
1647446400000,0.44002,0.45244,0.42635,0.43843,113206670
1647460800000,0.43842,0.455,0.43337,0.45451,46851320
1647475200000,0.45469,0.4547,0.40599,0.4079,105024984
1647489600000,0.40786,0.41759,0.40494,0.41227,55318102
1647504000000,0.41228,0.41531,0.4077,0.4111,37085900
1647518400000,0.41104,0.41516,0.40649,0.40912,46774797
1647532800000,0.40912,0.41689,0.40144,0.41647,50380065
1647547200000,0.41632,0.41643,0.4071,0.40885,26545260
1647561600000,0.40883,0.40988,0.39628,0.39879,36506568
1647576000000,0.39879,0.41251,0.39701,0.40537,29642688
1647590400000,0.40534,0.4289,0.4029,0.42228,77984190
1647604800000,0.42224,0.423,0.39689,0.40841,62192338
1647619200000,0.40842,0.42346,0.40823,0.41921,44227920
1647633600000,0.41927,0.42127,0.40563,0.4105,24740695
1647648000000,0.41059,0.42249,0.40608,0.40927,39026012
1647662400000,0.4093,0.41623,0.40822,0.41149,26750969
1647676800000,0.41152,0.4246,0.41047,0.42106,39446988
1647691200000,0.42115,0.42798,0.413,0.4196,43747308
1647705600000,0.41961,0.42492,0.40883,0.41113,36510174
1647720000000,0.41114,0.41603,0.40514,0.41042,30540239
1647734400000,0.41043,0.4167,0.40009,0.40849,28145996
1647748800000,0.40845,0.421,0.40789,0.41499,27772345
1647763200000,0.41499,0.41894,0.40209,0.40325,30993940
1647777600000,0.40324,0.41217,0.398,0.39881,40022092
1647792000000,0.39881,0.40204,0.38776,0.39918,39300392
1647806400000,0.39918,0.40262,0.38903,0.38983,21533320
1647820800000,0.38989,0.39397,0.38,0.38819,28871557
1647835200000,0.38813,0.40393,0.38663,0.40125,36095885
1647849600000,0.40118,0.42354,0.39731,0.41154,73623183
1647864000000,0.41156,0.4182,0.4031,0.41057,54664556
1647878400000,0.41057,0.41383,0.40268,0.40792,31730337
1647892800000,0.40779,0.41569,0.40701,0.41153,26835784
1647907200000,0.41154,0.41918,0.4031,0.41436,37323632
1647921600000,0.41448,0.42473,0.40729,0.4155,44844739
1647936000000,0.41567,0.42222,0.41382,0.4188,34734068
1647950400000,0.4188,0.41921,0.41262,0.41364,30118887
1647964800000,0.41352,0.41527,0.40688,0.408,26584773
1647979200000,0.40801,0.41614,0.4073,0.41022,21087081
1647993600000,0.4102,0.41458,0.4,0.40818,31294945
1648008000000,0.40819,0.41731,0.40305,0.41593,22359937
1648022400000,0.41594,0.41841,0.41037,0.41399,27483916
1648036800000,0.41393,0.43299,0.41234,0.43136,58024129
1648051200000,0.43135,0.43151,0.41392,0.41994,34031460
1648065600000,0.4198,0.4255,0.41857,0.42437,19424356
1648080000000,0.42461,0.43572,0.41916,0.42427,36836132
1648094400000,0.42423,0.42766,0.41933,0.42175,23824292
1648108800000,0.42185,0.42534,0.41803,0.4219,21729402
1648123200000,0.42188,0.43359,0.41027,0.42951,67324226
1648137600000,0.42966,0.43384,0.426,0.43062,26013461
1648152000000,0.43067,0.44134,0.42482,0.43949,20485636
1648166400000,0.4395,0.4515,0.43019,0.44489,55088198
1648180800000,0.44485,0.45001,0.4335,0.43419,29042047
1648195200000,0.43423,0.44059,0.42513,0.42763,37558134
1648209600000,0.42768,0.42854,0.41292,0.41786,73527493
1648224000000,0.41788,0.41978,0.40065,0.40802,44044695
1648238400000,0.4081,0.4154,0.40439,0.40885,25947369
1648252800000,0.40887,0.41134,0.40446,0.41026,22702120
1648267200000,0.41031,0.41614,0.41014,0.41545,20931083
1648281600000,0.41554,0.41675,0.40896,0.41082,24413662
1648296000000,0.41082,0.41136,0.4055,0.40886,19066284
1648310400000,0.4089,0.4175,0.40722,0.41308,26004838
1648324800000,0.41305,0.41645,0.40775,0.41117,21706238
1648339200000,0.41117,0.41794,0.40833,0.4143,22600188
1648353600000,0.41427,0.41969,0.4104,0.41929,18976174
1648368000000,0.41946,0.4225,0.41384,0.41717,31203626
1648382400000,0.4172,0.41894,0.40478,0.41781,33485328
1648396800000,0.41772,0.4213,0.41367,0.4201,23198809
1648411200000,0.42012,0.4317,0.41728,0.4311,40272373
1648425600000,0.43102,0.448,0.42685,0.44522,39552801
1648440000000,0.44522,0.47289,0.44517,0.46225,75573705
1648454400000,0.46226,0.48837,0.4531,0.47233,92660520
1648468800000,0.47226,0.4733,0.45286,0.46657,78414042
1648483200000,0.46657,0.47562,0.46001,0.467,59771787
1648497600000,0.46711,0.46995,0.423,0.43317,65656948
1648512000000,0.43304,0.45195,0.43097,0.44769,50297413
1648526400000,0.44769,0.46447,0.44716,0.45336,35253143
1648540800000,0.45333,0.47067,0.45273,0.46802,41529867
1648555200000,0.46809,0.49484,0.46359,0.47791,96839721
1648569600000,0.47748,0.49525,0.4602,0.48182,95083424
1648584000000,0.48168,0.49226,0.47074,0.48785,52177744
1648598400000,0.48783,0.48841,0.457,0.46785,62383009
1648612800000,0.4678,0.48102,0.466,0.47684,30443943
1648627200000,0.47702,0.48147,0.47,0.47414,31964390
1648641600000,0.47426,0.49963,0.46758,0.48391,76398028
1648656000000,0.48389,0.49773,0.4786,0.48991,48899132
1648670400000,0.49005,0.4933,0.475,0.48237,26067068
1648684800000,0.4824,0.50703,0.47964,0.49274,35338585
1648699200000,0.4928,0.49644,0.48593,0.48782,22385687
1648713600000,0.48779,0.52671,0.48661,0.5193,76326875
1648728000000,0.51912,0.52632,0.47651,0.48882,113320481
1648742400000,0.48879,0.48983,0.46252,0.46963,65765792
1648756800000,0.46953,0.47901,0.46265,0.47024,31230515
1648944000000,0.51896,0.52906,0.49323,0.51141,61483179
1648958400000,0.51122,0.52117,0.50724,0.5149,25243995
1648972800000,0.51492,0.51564,0.49987,0.50698,28304124
1648987200000,0.50693,0.51897,0.505,0.51621,38022199
1649001600000,0.5162,0.51988,0.50101,0.51039,29119422
1649016000000,0.51036,0.53355,0.50992,0.51771,45769198
1649030400000,0.51758,0.51772,0.50121,0.50595,29883805
1649044800000,0.50587,0.51167,0.5011,0.50679,20091582
1649059200000,0.50663,0.51376,0.48245,0.49349,49835504
1649073600000,0.4935,0.49516,0.4695,0.47378,45254266
1649088000000,0.4739,0.486,0.46586,0.48544,33250057
1649102400000,0.48535,0.49584,0.48229,0.49263,20608380
1649116800000,0.49267,0.49849,0.48931,0.4978,16159475
1649131200000,0.49779,0.50066,0.48939,0.49548,15411370
1649145600000,0.49548,0.49629,0.48615,0.49122,16652163
1649160000000,0.49123,0.49616,0.47404,0.4807,32087415
1649174400000,0.4807,0.48721,0.46324,0.47251,27190760
1649188800000,0.47267,0.47536,0.45698,0.45987,21386972
1649203200000,0.45995,0.4607,0.43192,0.44928,38082773
1649217600000,0.44925,0.46332,0.44506,0.45845,18497651
1649232000000,0.4582,0.46018,0.43589,0.44207,28454077
1649246400000,0.44201,0.44647,0.41764,0.43131,50041296
1649260800000,0.4312,0.43356,0.41291,0.42763,39687297
1649275200000,0.42769,0.43234,0.40971,0.41212,21907588
1649289600000,0.41197,0.42346,0.40633,0.41716,30532776
1649304000000,0.41719,0.42967,0.41601,0.42671,16984755
1649318400000,0.42669,0.431,0.41598,0.43091,25343967
1649332800000,0.43083,0.4322,0.40841,0.41496,24810560
1649347200000,0.41496,0.43499,0.41213,0.43019,27140879
1649361600000,0.43023,0.43469,0.423,0.43101,17141436
1649376000000,0.43082,0.43275,0.42351,0.43016,17438965
1649390400000,0.43017,0.43149,0.41745,0.42288,15346834
1649404800000,0.42285,0.43074,0.40851,0.41113,20416067
1649419200000,0.41116,0.42212,0.399,0.41486,39322337
1649433600000,0.41469,0.41697,0.39496,0.39867,32587585
1649448000000,0.39869,0.40276,0.38709,0.39392,20697480
1649462400000,0.39391,0.40035,0.39022,0.39589,17170486
1649476800000,0.39589,0.40472,0.39482,0.40208,11792688
1649491200000,0.40207,0.40733,0.39836,0.40329,11710191
1649505600000,0.40323,0.40886,0.39485,0.39634,14608767
1649520000000,0.39632,0.40307,0.3959,0.39985,10558849
1649534400000,0.39985,0.4071,0.39581,0.40566,11284558
1649548800000,0.40567,0.40757,0.4,0.40301,16436746
1649563200000,0.40307,0.4038,0.3971,0.40005,10103438
1649577600000,0.40001,0.40209,0.39426,0.39925,16969786
1649592000000,0.39923,0.40146,0.39207,0.39879,19240969
1649606400000,0.39874,0.40968,0.396,0.40504,20173275
1649620800000,0.40505,0.4068,0.38172,0.38389,23701264
1649635200000,0.38397,0.38627,0.37119,0.37635,26587908
1649649600000,0.37638,0.38435,0.37566,0.3826,13900326
1649664000000,0.38257,0.38419,0.35685,0.36027,40148824
1649678400000,0.36029,0.37027,0.3576,0.36401,29644695
1649692800000,0.36403,0.36862,0.358,0.3631,22037475
1649707200000,0.36321,0.36507,0.34117,0.3487,31328478
1649721600000,0.34871,0.35532,0.34612,0.35245,17360157
1649736000000,0.35248,0.36732,0.35036,0.36448,18638183
1649750400000,0.36442,0.37354,0.36252,0.37204,21150545
1649764800000,0.37205,0.37498,0.36206,0.36752,29938167
1649779200000,0.36757,0.37124,0.35416,0.35512,20694850
1649793600000,0.35515,0.37362,0.35419,0.37279,18152393
1649808000000,0.37278,0.37479,0.36661,0.37395,16304941
1649822400000,0.37392,0.38046,0.37042,0.37601,19837923
1649836800000,0.37603,0.37849,0.3654,0.3657,21798219
1649851200000,0.36572,0.38652,0.36184,0.383,35132283
1649865600000,0.3831,0.3865,0.37744,0.38144,20139161
1649880000000,0.38144,0.38556,0.37989,0.38379,11323013
1649894400000,0.38395,0.39,0.38179,0.385,13418267
1649908800000,0.38501,0.3862,0.37895,0.38121,11154670
1649923200000,0.38124,0.3837,0.37267,0.37361,17034106
1649937600000,0.3736,0.38066,0.36306,0.36354,28829447
1649952000000,0.3636,0.36609,0.35587,0.36029,24216395
1649966400000,0.36024,0.36496,0.35779,0.36336,10342288
1649980800000,0.36336,0.3695,0.36017,0.3695,12456508
1649995200000,0.36934,0.37155,0.36155,0.36735,12264988
1650009600000,0.3673,0.36965,0.365,0.36684,10056072
1650024000000,0.36688,0.36752,0.35735,0.36544,16501589
1650038400000,0.36543,0.36928,0.36237,0.36562,12197839
1650052800000,0.36551,0.37034,0.36424,0.3687,7513185
1650067200000,0.36867,0.37124,0.3652,0.36539,8832559
1650081600000,0.36537,0.36648,0.36297,0.36412,9627701
1650096000000,0.36425,0.36635,0.36248,0.36505,7020969
1650110400000,0.36505,0.36644,0.35588,0.35768,13934853
1650124800000,0.35763,0.36167,0.35529,0.36057,8417595
1650139200000,0.3605,0.36534,0.36018,0.36185,7735234
1650153600000,0.36189,0.36507,0.358,0.36313,7782185
1650168000000,0.36307,0.36996,0.36027,0.36184,14776351
1650182400000,0.36183,0.36633,0.36182,0.36612,7695375
1650196800000,0.36611,0.37018,0.364,0.3676,15065400
1650211200000,0.36769,0.36884,0.35836,0.36231,22007835
1650225600000,0.36241,0.36425,0.34627,0.34828,17585495
1650240000000,0.34823,0.3548,0.3457,0.35413,12834461
1650254400000,0.35402,0.35484,0.32816,0.33865,35578033
1650268800000,0.33859,0.34392,0.33512,0.34158,13302853
1650283200000,0.34175,0.34975,0.34144,0.34468,21665493
1650297600000,0.34464,0.36163,0.34008,0.35738,24204294
1650312000000,0.35723,0.36231,0.35719,0.36211,15419039
1650326400000,0.36214,0.3689,0.35775,0.35868,21794986
1650340800000,0.35861,0.36272,0.35787,0.35908,8165982
1650355200000,0.35902,0.36365,0.356,0.35944,12656337
1650369600000,0.35942,0.37003,0.3591,0.36621,26667677
1650384000000,0.36623,0.36977,0.35621,0.36383,28895692
1650398400000,0.36386,0.36386,0.3597,0.36166,15119604
1650412800000,0.36164,0.36336,0.35409,0.36267,20933253
1650427200000,0.36277,0.36384,0.35925,0.36046,19399538
1650441600000,0.36045,0.38123,0.35929,0.3782,61444982
1650456000000,0.37819,0.37989,0.36401,0.36731,64291592
1650470400000,0.36739,0.36744,0.35421,0.35724,35173618
1650484800000,0.3574,0.36424,0.355,0.36297,24454890
1650499200000,0.36291,0.37032,0.36233,0.36895,24042525
1650513600000,0.36906,0.37312,0.36444,0.37177,32536832
1650528000000,0.37183,0.38178,0.36141,0.38076,54905632
1650542400000,0.38068,0.39267,0.37273,0.38017,85537789
1650556800000,0.3801,0.39564,0.37278,0.37657,75428854
1650571200000,0.37655,0.37805,0.3475,0.35384,62880178
1650585600000,0.35382,0.36424,0.35188,0.35875,26852319
1650600000000,0.35873,0.36691,0.357,0.36356,21746886
1650614400000,0.36357,0.36504,0.35747,0.36418,28629905
1650628800000,0.36421,0.36595,0.35022,0.3513,34538593
1650643200000,0.35138,0.35483,0.348,0.35208,26513442
1650657600000,0.35208,0.35676,0.35097,0.35371,14799484
1650672000000,0.35363,0.3581,0.348,0.34874,15407120
1650686400000,0.34885,0.35146,0.34305,0.35079,16344868
1650700800000,0.3508,0.35497,0.3492,0.354,12207517
1650715200000,0.354,0.35829,0.35029,0.35765,15887327
1650729600000,0.35763,0.35922,0.35375,0.35616,12515227
1650744000000,0.35616,0.35877,0.3505,0.35369,11491916
1650758400000,0.35371,0.36275,0.35328,0.36035,22102252
1650772800000,0.36036,0.36228,0.35763,0.36069,11348014
1650787200000,0.36073,0.36249,0.35565,0.35795,20633952
1650801600000,0.35785,0.35798,0.34854,0.35427,24128677
1650816000000,0.35431,0.35662,0.346,0.35563,21797600
1650830400000,0.35565,0.361,0.35267,0.35688,20239032
1650844800000,0.35687,0.35873,0.3381,0.34824,35836799
1650859200000,0.34826,0.3489,0.32445,0.32632,36042005
1650873600000,0.3264,0.3434,0.325,0.34252,34212895
1650888000000,0.34242,0.34624,0.33707,0.34134,25859247
1650902400000,0.34133,0.35538,0.34045,0.35439,41823706
1650916800000,0.35443,0.36028,0.35187,0.36014,15758654
1650931200000,0.36011,0.37252,0.35999,0.36572,36828309
1650945600000,0.36572,0.392,0.36391,0.38969,103200361
1650960000000,0.38961,0.397,0.3872,0.393,120260390
1650974400000,0.39298,0.40427,0.37819,0.38328,319580035
1650988800000,0.38332,0.39589,0.35731,0.35756,258492847
1651003200000,0.35752,0.36114,0.33507,0.33684,158646536
1651017600000,0.3369,0.34636,0.33227,0.34215,71888739
1651032000000,0.34215,0.35213,0.34085,0.35212,50135166
1651046400000,0.35213,0.35368,0.34231,0.34694,62258090
1651060800000,0.347,0.35897,0.34555,0.35298,78669560
1651075200000,0.3531,0.35669,0.34414,0.34946,32306140
1651089600000,0.34941,0.37247,0.349,0.36747,64286107
1651104000000,0.36753,0.37869,0.3588,0.37682,56989915
1651118400000,0.37694,0.40245,0.37557,0.39717,171153223
1651132800000,0.39713,0.39977,0.39002,0.39545,129206523
1651147200000,0.39541,0.412,0.37341,0.37579,264519103
1651161600000,0.37593,0.37993,0.3653,0.36906,137888471
1651176000000,0.36905,0.37162,0.35619,0.35821,59739559
1651190400000,0.35811,0.36174,0.34899,0.35081,75068271
1651204800000,0.35082,0.35805,0.34801,0.35401,55444644
1651219200000,0.35403,0.35479,0.3416,0.34637,57628515
1651233600000,0.34642,0.35735,0.3449,0.35014,75752638
1651248000000,0.35012,0.35664,0.34,0.345,64981834
1651262400000,0.34505,0.35345,0.33597,0.35022,41768962
1651276800000,0.35017,0.35982,0.34804,0.35412,47630625
1651291200000,0.35413,0.3572,0.34357,0.34567,54637745
1651305600000,0.34566,0.34736,0.33752,0.3382,29518532
1651320000000,0.3382,0.34417,0.33254,0.34194,52911728
1651334400000,0.34191,0.3428,0.32955,0.33468,37262220
1651348800000,0.33467,0.33547,0.28969,0.3063,86457172
1651363200000,0.30622,0.31184,0.29999,0.31099,40743265
1651377600000,0.31107,0.31759,0.3067,0.3116,40853594
1651392000000,0.31159,0.31682,0.30839,0.30923,20474453
1651406400000,0.30926,0.32091,0.30471,0.3196,29434553
1651420800000,0.31974,0.3254,0.30509,0.3067,44835072
1651435200000,0.30666,0.31653,0.305,0.31534,26611357
1651449600000,0.31528,0.32052,0.31029,0.31329,21985504
1651464000000,0.31326,0.31889,0.31113,0.31294,25389029
1651478400000,0.31285,0.31325,0.29721,0.3003,35437912
1651492800000,0.30021,0.31032,0.29711,0.30654,40514811
1651507200000,0.30646,0.3085,0.29764,0.30719,43626316
1651521600000,0.30723,0.3102,0.30041,0.30739,21155785
1651536000000,0.30745,0.31565,0.30284,0.31507,23795301
1651550400000,0.31497,0.3383,0.31442,0.33539,53188898
1651564800000,0.33522,0.33534,0.31993,0.32741,47469683
1651579200000,0.3274,0.32822,0.31526,0.32173,35147674
1651593600000,0.32167,0.32675,0.30674,0.30998,49573267
1651608000000,0.31005,0.32016,0.30621,0.31882,31884427
1651622400000,0.31883,0.32572,0.316,0.31853,40009380
1651636800000,0.31863,0.32021,0.3128,0.31752,20744732
1651651200000,0.31758,0.32658,0.31753,0.32105,25386193
1651665600000,0.32105,0.32274,0.31064,0.31505,30028966
1651680000000,0.31509,0.33396,0.31376,0.33131,62865409
1651694400000,0.33124,0.34734,0.33044,0.34352,61179393
1651708800000,0.34342,0.34555,0.33727,0.34126,33942595
1651723200000,0.34126,0.34272,0.33077,0.33193,31172723
1651737600000,0.33187,0.3327,0.32661,0.32751,22645423
1651752000000,0.32756,0.33074,0.29212,0.29745,101880425
1651766400000,0.2975,0.30302,0.28415,0.29814,71143608
1651780800000,0.29816,0.3034,0.2923,0.30089,30447095
1651795200000,0.30091,0.30128,0.29252,0.29735,22793091
1651809600000,0.29737,0.29966,0.28666,0.29413,26698638
1651824000000,0.29416,0.29726,0.2829,0.28703,33932292
1651838400000,0.28705,0.29826,0.27989,0.29173,86702599
1651852800000,0.29156,0.29659,0.28954,0.29279,26572898
1651867200000,0.29282,0.29742,0.29,0.29526,17733035
1651881600000,0.29509,0.30072,0.293,0.29509,28711980
1651896000000,0.29509,0.30159,0.29311,0.30033,27457899
1651910400000,0.30034,0.3044,0.29432,0.29922,34809929
1651924800000,0.29922,0.29953,0.2943,0.29586,24419465
1651939200000,0.29585,0.29938,0.29401,0.29672,21119886
1651953600000,0.29672,0.29762,0.28643,0.29192,41991175
1651968000000,0.29193,0.29343,0.28205,0.29021,34015965
1651982400000,0.29025,0.29981,0.28828,0.29759,32134078
1651996800000,0.29758,0.311,0.2935,0.30733,76978038
1652011200000,0.30733,0.30797,0.2965,0.30208,69825227
1652025600000,0.30211,0.30703,0.29234,0.30308,65109699
1652040000000,0.30315,0.30694,0.29717,0.29937,28769209
1652054400000,0.29941,0.30655,0.28933,0.29098,39410337
1652068800000,0.29096,0.29614,0.28613,0.28835,28056197
1652083200000,0.28826,0.29385,0.275,0.2814,55479741
1652097600000,0.28146,0.28315,0.26688,0.2707,54826840
1652112000000,0.27078,0.2728,0.2434,0.25171,135309622
1652126400000,0.25177,0.26228,0.23201,0.23781,81337666
1652140800000,0.2378,0.2484,0.22556,0.23204,130757256
1652155200000,0.23217,0.26577,0.23039,0.25212,93056515
1652169600000,0.25209,0.26278,0.25081,0.26102,59344715
1652184000000,0.26092,0.26969,0.24628,0.25446,76468604
1652198400000,0.25459,0.26282,0.2467,0.24905,51672832
1652212800000,0.24893,0.24976,0.2329,0.24568,51713717
1652227200000,0.24566,0.2563,0.23485,0.24204,56376636
1652241600000,0.24195,0.2467,0.20309,0.22241,115220988
1652256000000,0.22234,0.2428,0.21846,0.22506,104120440
1652270400000,0.22491,0.2347,0.16815,0.1966,244472581
1652284800000,0.19661,0.19923,0.15551,0.15912,202528984
1652299200000,0.15904,0.16318,0.14159,0.15224,163338710
1652313600000,0.15232,0.16388,0.13474,0.13503,134273302
1652328000000,0.135,0.13783,0.11788,0.13333,203209291
1652342400000,0.13348,0.14221,0.1288,0.1334,146888682
1652356800000,0.13339,0.14456,0.12802,0.13845,119465667
1652371200000,0.13844,0.14709,0.13256,0.1359,67044700
1652385600000,0.13597,0.13722,0.1278,0.1341,36589235
1652400000000,0.13413,0.15451,0.13265,0.15208,76258408
1652414400000,0.15204,0.16631,0.15126,0.15646,76114073
1652428800000,0.15636,0.16613,0.1562,0.16364,54973854
1652443200000,0.16372,0.16713,0.15411,0.15583,62652449
1652457600000,0.15588,0.15823,0.14729,0.15072,51883625
1652472000000,0.1508,0.15923,0.14716,0.14862,40538818
1652486400000,0.14859,0.17724,0.14753,0.15999,71981436
1652500800000,0.15989,0.16006,0.15356,0.15653,32186834
1652515200000,0.1565,0.1593,0.1437,0.14799,52252568
1652529600000,0.14796,0.15188,0.14346,0.14722,48521928
1652544000000,0.14726,0.1809,0.14581,0.17782,194036429
1652558400000,0.17797,0.19617,0.17496,0.19222,304510481
1652572800000,0.19222,0.20176,0.18573,0.19854,263686992
1652587200000,0.19859,0.20435,0.1932,0.20097,297953502
1652601600000,0.20091,0.21,0.19328,0.19577,400221969
1652616000000,0.19571,0.20051,0.18884,0.19418,425228949
1652630400000,0.19408,0.198,0.18772,0.192,162289308
1652644800000,0.19201,0.20168,0.1909,0.1995,109651144
1652659200000,0.19948,0.20433,0.19031,0.1916,85087242
1652673600000,0.19155,0.19249,0.17962,0.18041,103615732
1652688000000,0.18033,0.18454,0.17666,0.18003,86400572
1652702400000,0.18003,0.18305,0.17237,0.17613,91238568
1652716800000,0.17623,0.18159,0.17347,0.17875,94947540
1652731200000,0.17881,0.18149,0.17026,0.1737,79547923
1652745600000,0.17378,0.18694,0.17276,0.18541,60507827
1652760000000,0.18539,0.19136,0.1824,0.18857,68773347
1652774400000,0.18852,0.19109,0.18406,0.18515,48900825
1652788800000,0.18509,0.19163,0.17591,0.17897,100741705
1652803200000,0.17897,0.17906,0.1678,0.17509,89794474
1652817600000,0.17505,0.18225,0.1742,0.17971,52688059
1652832000000,0.17967,0.18444,0.17479,0.17541,50411133
1652846400000,0.17537,0.17824,0.17264,0.17648,38720187
1652860800000,0.17659,0.1775,0.17331,0.17577,46517550
1652875200000,0.17576,0.17645,0.1593,0.16298,97513122
1652889600000,0.16296,0.16596,0.16019,0.16369,58610306
1652904000000,0.16367,0.16422,0.1563,0.15734,50625744
1652918400000,0.15732,0.16185,0.15071,0.1583,53031146
1652932800000,0.1583,0.16057,0.15395,0.15614,39498928
1652947200000,0.15613,0.1563,0.14796,0.15498,72247768
1652961600000,0.15511,0.16463,0.15242,0.16226,84189933
1652976000000,0.16228,0.1658,0.157,0.15708,48435903
1652990400000,0.15705,0.16318,0.15465,0.16093,42880963
1653004800000,0.16095,0.16442,0.15883,0.15981,43623275
1653019200000,0.15983,0.16179,0.1551,0.15829,38025522
1653033600000,0.15829,0.16288,0.15803,0.1619,40836544
1653048000000,0.1619,0.16258,0.14916,0.1506,74065925
1653062400000,0.15057,0.15293,0.14564,0.15257,65219351
1653076800000,0.15257,0.15362,0.14851,0.15059,33125908
1653091200000,0.15062,0.15323,0.14767,0.15271,39629704
1653105600000,0.15264,0.15412,0.14971,0.15317,28983120
1653120000000,0.15319,0.15493,0.15041,0.15273,36485543
1653134400000,0.15269,0.15944,0.15167,0.15899,42675890
1653148800000,0.15899,0.162,0.15624,0.15648,43710987
1653163200000,0.15648,0.15917,0.15409,0.15789,23734696
1653177600000,0.15788,0.16031,0.15671,0.15772,28157181
1653192000000,0.15772,0.16142,0.15483,0.16117,32310194
1653206400000,0.16114,0.16808,0.1599,0.16335,58713059
1653220800000,0.1633,0.16629,0.16,0.16225,40406974
1653235200000,0.16224,0.1624,0.1575,0.15898,37821339
1653249600000,0.15896,0.16438,0.1586,0.16282,30491930
1653264000000,0.16282,0.16609,0.15834,0.16206,35988252
1653278400000,0.16203,0.17193,0.16181,0.17104,47982623
1653292800000,0.17104,0.17264,0.16729,0.16806,39347666
1653307200000,0.16804,0.17227,0.16377,0.17114,61583056
1653321600000,0.17113,0.17451,0.15724,0.1574,69520958
1653336000000,0.15733,0.16247,0.15208,0.15442,61569075
1653350400000,0.15443,0.16047,0.15366,0.15969,37609016
1653364800000,0.15967,0.16096,0.15362,0.15708,43616412
1653379200000,0.15706,0.15713,0.15,0.15266,45256761
1653393600000,0.15267,0.15809,0.14355,0.15454,85976891
1653408000000,0.15455,0.15547,0.14838,0.15222,52737356
1653422400000,0.15228,0.15646,0.15096,0.1548,26760876
1653436800000,0.15478,0.1588,0.15188,0.15676,33625992
1653451200000,0.15678,0.15693,0.14951,0.15136,42600391
1653465600000,0.15142,0.15338,0.14764,0.14968,41406173
1653480000000,0.14966,0.15421,0.14825,0.15257,51591738
1653494400000,0.1526,0.15545,0.14836,0.15119,57790436
1653508800000,0.15119,0.15279,0.15007,0.15107,31534217
1653523200000,0.15104,0.15382,0.14918,0.14956,36810740
1653537600000,0.14956,0.15011,0.14045,0.14366,70914050
1653552000000,0.14365,0.14383,0.13508,0.13819,50975328
1653566400000,0.13823,0.145,0.13197,0.14301,113770982
1653580800000,0.14301,0.1472,0.13966,0.1398,52689525
1653595200000,0.1398,0.14299,0.13737,0.13787,37759338
1653609600000,0.13793,0.13978,0.13088,0.13784,69865409
1653624000000,0.13786,0.14239,0.1321,0.13898,73137537
1653638400000,0.13887,0.1424,0.13701,0.14102,66213150
1653652800000,0.14101,0.14436,0.13648,0.14082,72883090
1653667200000,0.14078,0.14194,0.13204,0.13638,63658912
1653681600000,0.13649,0.13964,0.13323,0.13594,32397932
1653696000000,0.1359,0.14028,0.13135,0.13763,50572775
1653710400000,0.13761,0.13963,0.13464,0.13608,40805716
1653724800000,0.13604,0.13797,0.13341,0.13676,29738220
1653739200000,0.13667,0.1412,0.13642,0.13937,42590135
1653753600000,0.13939,0.14235,0.13798,0.14032,41261702
1653768000000,0.14032,0.14038,0.13564,0.13737,38790024
1653782400000,0.1374,0.13957,0.133,0.13478,43337787
1653796800000,0.13478,0.13767,0.13366,0.13721,27458995
1653811200000,0.1372,0.13943,0.13546,0.13854,38605817
1653825600000,0.13854,0.1413,0.13854,0.13972,38586041
1653840000000,0.13978,0.14156,0.13882,0.14052,35546866
1653854400000,0.14045,0.14299,0.13935,0.1423,29226219
1653868800000,0.1424,0.15268,0.14072,0.15015,57092609
1653883200000,0.15023,0.15757,0.14938,0.15682,63024227
1653897600000,0.15682,0.15746,0.14938,0.1507,51959916
1653912000000,0.15069,0.15232,0.14712,0.14905,52664617
1653926400000,0.14905,0.15368,0.148,0.15277,39649750
1653940800000,0.15281,0.15749,0.15192,0.15663,63452314
1653955200000,0.15662,0.16078,0.15339,0.15731,54961709
1653969600000,0.1572,0.15779,0.15063,0.15293,53263670
1653984000000,0.15293,0.15702,0.15102,0.15597,35967510
1653998400000,0.15597,0.15693,0.148,0.15616,68697161
1654012800000,0.15615,0.16581,0.15369,0.15625,110706805
1654027200000,0.15629,0.16466,0.15567,0.16343,58649683
1654041600000,0.16334,0.16571,0.15342,0.15449,85295176
1654056000000,0.15436,0.15833,0.1529,0.15362,50162805
1654070400000,0.15366,0.16277,0.15293,0.15852,74438718
1654084800000,0.15851,0.16482,0.15174,0.15246,124094671
1654099200000,0.15238,0.15267,0.14864,0.14999,83696729
1654113600000,0.15004,0.1502,0.1411,0.14688,67566582
1654128000000,0.1469,0.14729,0.1418,0.14234,49568652
1654142400000,0.14234,0.147,0.14012,0.14518,45775511
1654156800000,0.14512,0.14716,0.1437,0.1469,39477649
1654171200000,0.14689,0.14975,0.14111,0.14844,61653837
1654185600000,0.14846,0.15011,0.14607,0.14808,37513410
1654200000000,0.14809,0.15319,0.14782,0.15231,32881348
1654214400000,0.15228,0.15282,0.14923,0.15175,24990539
1654228800000,0.15174,0.15213,0.14784,0.14863,21242944
1654243200000,0.14859,0.14957,0.14145,0.14284,46789976
1654257600000,0.14281,0.14578,0.14105,0.144,46141941
1654272000000,0.14402,0.14599,0.14335,0.14479,27321695
1654286400000,0.14485,0.1524,0.1447,0.14761,52469702
1654300800000,0.14756,0.14974,0.14472,0.14534,35392060
1654315200000,0.14531,0.1698,0.14491,0.16754,282179331
1654329600000,0.16742,0.175,0.16415,0.16564,593684171
1654344000000,0.16564,0.16831,0.16032,0.16187,362419970
1654358400000,0.16189,0.1648,0.15956,0.16245,188574939
1654372800000,0.16246,0.16962,0.16194,0.16482,250481642
1654387200000,0.16478,0.173,0.16131,0.16991,359377828
1654401600000,0.16988,0.172,0.16253,0.16282,268899792
1654416000000,0.16288,0.16425,0.1597,0.16089,128150981
1654430400000,0.16086,0.16118,0.156,0.15847,127114524
1654444800000,0.15848,0.16118,0.1563,0.16022,96709399
1654459200000,0.16015,0.16104,0.15544,0.15605,63423099
1654473600000,0.15609,0.16599,0.15503,0.16446,106882110
1654488000000,0.16446,0.16762,0.16257,0.16518,70871509
1654502400000,0.16511,0.16962,0.16251,0.16337,78646098
1654516800000,0.16337,0.16502,0.15862,0.16056,82735142
1654531200000,0.16055,0.16104,0.1556,0.157,70753288
1654545600000,0.15698,0.15934,0.15361,0.15861,49538902
1654560000000,0.15866,0.15976,0.1448,0.14855,126462684
1654574400000,0.1486,0.15215,0.1475,0.15198,40172143
1654588800000,0.15199,0.15327,0.14819,0.15167,49823909
1654603200000,0.15167,0.15425,0.14814,0.15116,51493848
1654617600000,0.15112,0.15678,0.14985,0.15493,45446152
1654632000000,0.15486,0.15855,0.14981,0.15473,80054630
1654646400000,0.15475,0.15628,0.14827,0.14903,57995541
1654660800000,0.14911,0.1543,0.14846,0.15331,41992311
1654675200000,0.15338,0.154,0.15022,0.15156,35263218
1654689600000,0.15158,0.15338,0.14878,0.152,54412976
1654704000000,0.15199,0.1528,0.14701,0.14838,34050681
1654718400000,0.14838,0.1497,0.1476,0.149,23380314
1654732800000,0.14898,0.14916,0.14267,0.14661,44169844
1654747200000,0.14661,0.14913,0.14603,0.14874,23973706
1654761600000,0.14874,0.15202,0.14848,0.14973,28870704
1654776000000,0.1497,0.15175,0.14823,0.1492,38673353
1654790400000,0.1492,0.15118,0.14559,0.14611,48405701
1654804800000,0.14613,0.14926,0.14543,0.14783,22515179
1654819200000,0.14783,0.14952,0.14387,0.14833,38022887
1654833600000,0.14832,0.14977,0.14718,0.14736,24669891
1654848000000,0.14735,0.14799,0.14333,0.1455,37231167
1654862400000,0.14554,0.14629,0.13553,0.13934,81430317
1654876800000,0.1393,0.1406,0.13485,0.1372,136233118
1654891200000,0.1372,0.13964,0.13481,0.13711,26683615
1654905600000,0.13711,0.13928,0.13576,0.1391,23458676
1654920000000,0.13907,0.14131,0.13882,0.14032,26134928
1654934400000,0.14034,0.14075,0.12996,0.131,60791719
1654948800000,0.13101,0.13243,0.11956,0.12271,105646374
1654963200000,0.12279,0.12663,0.12021,0.12479,58130053
1654977600000,0.12475,0.1266,0.12117,0.12316,37610883
1654992000000,0.1232,0.12424,0.1123,0.11628,84002796
1655006400000,0.11619,0.11777,0.11007,0.11645,74374174
1655020800000,0.11646,0.11957,0.11427,0.11832,56861284
1655035200000,0.11828,0.12432,0.11432,0.1216,71724822
1655049600000,0.12159,0.1225,0.11802,0.1197,45320010
1655064000000,0.11969,0.12087,0.11134,0.11161,42706209
1655078400000,0.11162,0.1128,0.10008,0.10442,123645435
1655092800000,0.10441,0.10767,0.099,0.1017,93185469
1655107200000,0.10166,0.10387,0.09484,0.10125,145992850
1655121600000,0.10129,0.10885,0.09941,0.10776,135820046
1655136000000,0.10776,0.11394,0.10654,0.1083,91288450
1655150400000,0.10831,0.11233,0.10229,0.10653,76404609
1655164800000,0.1065,0.10694,0.09626,0.10275,99879011
1655179200000,0.1027,0.11579,0.10014,0.11147,134895954
1655193600000,0.11149,0.1142,0.10308,0.10465,102055663
1655208000000,0.10467,0.10971,0.10193,0.10819,91339969
1655222400000,0.10812,0.10891,0.10326,0.10425,59655793
1655236800000,0.10432,0.10654,0.09979,0.10433,70644573
1655251200000,0.10435,0.10521,0.09834,0.09872,59517168
1655265600000,0.09867,0.09892,0.09349,0.09422,87372480
1655280000000,0.09423,0.09756,0.09011,0.09636,118710190
1655294400000,0.09643,0.10065,0.09552,0.0979,82035644
1655308800000,0.0979,0.10996,0.09464,0.1063,150985083
1655323200000,0.10639,0.11241,0.10554,0.11227,53463598
1655337600000,0.11228,0.11672,0.10802,0.10905,62483862
1655352000000,0.10902,0.11049,0.10351,0.10407,45445435
1655366400000,0.10406,0.1057,0.09865,0.10009,58356799
1655380800000,0.10004,0.10281,0.09738,0.10048,73617763
1655395200000,0.10047,0.10264,0.09694,0.0978,52928876
1655409600000,0.09781,0.10074,0.09416,0.0973,54412094
1655424000000,0.09733,0.10097,0.0956,0.09737,52729538
1655438400000,0.09738,0.10194,0.09694,0.10093,34641935
1655452800000,0.10094,0.10205,0.09838,0.10049,36453933
1655467200000,0.10049,0.10105,0.0972,0.09845,44171272
1655481600000,0.09843,0.10031,0.09721,0.09787,50113696
1655496000000,0.09783,0.09995,0.09772,0.09853,31772073
1655510400000,0.09854,0.10046,0.09504,0.09744,36030441
1655524800000,0.0974,0.09906,0.09025,0.09201,64303427
1655539200000,0.09199,0.09741,0.0894,0.09547,72708168
1655553600000,0.09547,0.09879,0.09499,0.09668,59864916
1655568000000,0.09669,0.09969,0.0913,0.09155,99015707
1655582400000,0.09155,0.10039,0.08875,0.09882,123588947
1655596800000,0.0988,0.10038,0.09409,0.09576,50661400
1655611200000,0.09578,0.09743,0.0922,0.09493,58014341
1655625600000,0.09495,0.10139,0.09399,0.10044,73230237
1655640000000,0.10045,0.10125,0.09727,0.1011,58674624
1655654400000,0.10108,0.10391,0.09823,0.101,57436473
1655668800000,0.10106,0.10425,0.10082,0.10293,127593986
1655683200000,0.10292,0.10347,0.09674,0.09948,63073798
1655697600000,0.09951,0.10255,0.09821,0.1018,49490537
1655712000000,0.10175,0.10869,0.1012,0.1073,136799734
1655726400000,0.10737,0.10809,0.10334,0.10694,85615970
1655740800000,0.10693,0.1072,0.10085,0.10321,70145155
1655755200000,0.10321,0.10519,0.1001,0.10371,68658524
1655769600000,0.10374,0.10559,0.1017,0.10542,51489418
1655784000000,0.10543,0.11495,0.10461,0.11073,125886800
1655798400000,0.11068,0.11522,0.11061,0.11112,66348215
1655812800000,0.11113,0.11851,0.11047,0.11469,85901145
1655827200000,0.1147,0.11571,0.10925,0.11026,54537670
1655841600000,0.11025,0.11357,0.10791,0.10969,59713292
1655856000000,0.1097,0.11023,0.10437,0.10545,50855320
1655870400000,0.10543,0.10828,0.10408,0.10535,48562480
1655884800000,0.10536,0.10888,0.10429,0.10777,43500065
1655899200000,0.10778,0.11086,0.10505,0.10539,55764011
1655913600000,0.1054,0.10808,0.10336,0.10678,47436666
1655928000000,0.10679,0.10737,0.104,0.10461,41109780
1655942400000,0.1046,0.10959,0.10418,0.10783,45202050
1655956800000,0.10783,0.11238,0.10742,0.11055,48271337
1655971200000,0.11064,0.11489,0.10994,0.1124,52019284
1655985600000,0.11238,0.1144,0.10801,0.10844,61764948
1656000000000,0.10851,0.11074,0.10621,0.1101,58243291
1656014400000,0.11008,0.11245,0.10797,0.11152,57567556
1656028800000,0.11147,0.11479,0.11096,0.1122,66582660
1656043200000,0.11222,0.11447,0.10929,0.11111,48870987
1656057600000,0.11109,0.11569,0.11056,0.11409,51049128
1656072000000,0.11411,0.11892,0.11296,0.11515,94852485
1656086400000,0.11516,0.11759,0.11325,0.11501,61772754
1656100800000,0.11507,0.11911,0.11466,0.11548,55128145
1656115200000,0.11547,0.11843,0.11306,0.11595,46793479
1656129600000,0.11598,0.11895,0.11484,0.11799,51131062
1656144000000,0.11803,0.12034,0.11536,0.11597,62211452
1656158400000,0.11592,0.11652,0.11,0.11058,54089768
1656172800000,0.11058,0.1157,0.10938,0.1141,40000245
1656187200000,0.11411,0.11767,0.1134,0.11653,30021731
1656201600000,0.11653,0.11879,0.11478,0.11791,39833701
1656216000000,0.11788,0.12087,0.11684,0.11865,56148356
1656230400000,0.11862,0.1238,0.11806,0.12299,83304477
1656244800000,0.12297,0.12326,0.11553,0.11744,72363870
1656259200000,0.11744,0.11878,0.11136,0.11291,56809419
1656273600000,0.11294,0.11535,0.10729,0.10786,65957037
1656288000000,0.10786,0.1108,0.10731,0.11038,37445411
1656302400000,0.1104,0.11234,0.1096,0.112,36336934
1656316800000,0.11199,0.11415,0.11054,0.11115,42383713
1656331200000,0.11116,0.11178,0.10625,0.10954,69052764
1656345600000,0.10954,0.11048,0.10642,0.10777,40773654
1656360000000,0.10779,0.11054,0.1071,0.10786,36529862
1656374400000,0.10786,0.10968,0.102,0.10445,64684471
1656388800000,0.10445,0.10796,0.10402,0.10774,34699726
1656403200000,0.10771,0.10948,0.10612,0.10733,45676695
1656417600000,0.10731,0.10863,0.103,0.10308,63411566
1656432000000,0.10307,0.10409,0.1009,0.10205,55047381
1656446400000,0.10204,0.10269,0.09849,0.0999,43856615
1656460800000,0.0999,0.10204,0.0991,0.10095,44599188
1656475200000,0.10095,0.10175,0.09746,0.10024,53417204
1656489600000,0.10024,0.10163,0.09844,0.10058,55392596
1656504000000,0.10055,0.10187,0.09825,0.10028,58513719
1656518400000,0.10025,0.10048,0.0962,0.09904,68451291
1656532800000,0.09903,0.10013,0.09325,0.09471,72274669
1656547200000,0.09475,0.09519,0.0913,0.09435,74279878
1656561600000,0.09439,0.0951,0.09,0.09135,67519031
1656576000000,0.09131,0.09233,0.08951,0.09191,64203561
1656590400000,0.09191,0.09371,0.08886,0.09268,76373431
1656604800000,0.09268,0.0943,0.09156,0.0934,45370549
1656619200000,0.09339,0.09591,0.09017,0.09535,75290084
1656633600000,0.09534,0.09916,0.09263,0.09292,103213441
1656648000000,0.09291,0.09336,0.08975,0.09282,57606958
1656662400000,0.09283,0.09395,0.08984,0.09151,52833567
1656676800000,0.09154,0.09313,0.09057,0.09191,50149945
1656691200000,0.09185,0.09427,0.09125,0.0941,46901603
1656705600000,0.0941,0.09705,0.09106,0.09217,66699387
1656720000000,0.09221,0.09334,0.09,0.0904,54522272
1656734400000,0.09043,0.09252,0.0902,0.0911,34626298
1656748800000,0.09112,0.09258,0.08987,0.09168,37171214
1656763200000,0.09166,0.0932,0.09117,0.09197,34978720
1656777600000,0.09196,0.09451,0.09156,0.0941,43582648
1656792000000,0.0941,0.09597,0.09295,0.09428,34411003
1656806400000,0.09426,0.0943,0.0916,0.09287,34827612
1656820800000,0.09286,0.09476,0.09041,0.09201,46339721
1656835200000,0.09202,0.09232,0.09124,0.09195,31317453
1656849600000,0.09196,0.09245,0.09061,0.09117,34343677
1656864000000,0.09119,0.09485,0.09091,0.09459,34252842
1656878400000,0.09458,0.09515,0.093,0.09445,46038910
1656892800000,0.09446,0.0951,0.09117,0.09219,44986015
1656907200000,0.09218,0.09424,0.09138,0.0938,48981549
1656921600000,0.09375,0.0962,0.09309,0.09597,98175632
1656936000000,0.09598,0.09785,0.09463,0.09596,69943482
1656950400000,0.09595,0.09682,0.09519,0.09616,35058199
1656964800000,0.09616,0.09865,0.09534,0.09803,40303528
1656979200000,0.09801,0.09934,0.09667,0.09883,45200811
1656993600000,0.09882,0.10131,0.09805,0.09912,63458887
1657008000000,0.09913,0.09917,0.09316,0.09378,79678748
1657022400000,0.09378,0.09474,0.09191,0.09471,56311732
1657036800000,0.09472,0.09889,0.09405,0.09776,63426477
1657051200000,0.09777,0.09909,0.09576,0.09645,44140627
1657065600000,0.09645,0.09838,0.09516,0.09716,47441732
1657080000000,0.09714,0.0989,0.09674,0.09752,44484302
1657094400000,0.09755,0.09911,0.0967,0.09728,56225778
1657108800000,0.09733,0.09829,0.09641,0.09717,36818275
1657123200000,0.09718,0.09867,0.09673,0.09789,47885916
1657137600000,0.09791,0.09961,0.09722,0.09868,40341713
1657152000000,0.09864,0.10009,0.09811,0.09981,33533764
1657166400000,0.09984,0.1019,0.09872,0.10164,61516669
1657180800000,0.10165,0.1019,0.09982,0.10065,59051454
1657195200000,0.10069,0.10252,0.09937,0.10166,72501128
1657209600000,0.10165,0.10396,0.10157,0.10357,63406794
1657224000000,0.10356,0.10366,0.10115,0.1024,36935039
1657238400000,0.10243,0.10466,0.10184,0.10367,50677569
1657252800000,0.10367,0.10433,0.1002,0.1006,51258944
1657267200000,0.10057,0.10116,0.09806,0.09905,59013229
1657281600000,0.09905,0.10056,0.09726,0.10027,60675692
1657296000000,0.10028,0.10112,0.0989,0.10028,32608462
1657310400000,0.1003,0.10135,0.09913,0.09928,25857044
1657324800000,0.09926,0.1018,0.09926,0.10126,37449576
1657339200000,0.10123,0.1043,0.10072,0.10352,38985393
1657353600000,0.10354,0.10424,0.10163,0.10189,38395305
1657368000000,0.1019,0.10942,0.10134,0.10851,121509550
1657382400000,0.10857,0.11039,0.1065,0.10691,173349955
1657396800000,0.10694,0.10808,0.10554,0.10559,49318290
1657411200000,0.1056,0.10585,0.10217,0.10256,62740023
1657425600000,0.10254,0.10487,0.1022,0.10478,45010783
1657440000000,0.10474,0.10546,0.10115,0.10232,49211483
1657454400000,0.10228,0.10306,0.09845,0.09957,72921140
1657468800000,0.09954,0.10146,0.09852,0.10134,37765855
1657483200000,0.10132,0.10146,0.09939,0.1,30669639
1657497600000,0.1,0.10002,0.0971,0.09838,46035413
1657512000000,0.09839,0.09873,0.0957,0.09712,39747539
1657526400000,0.0971,0.09945,0.09679,0.09826,36689686
1657540800000,0.09823,0.09981,0.0962,0.09766,50563729
1657555200000,0.09768,0.09947,0.09692,0.09765,47358942
1657569600000,0.09764,0.09796,0.09077,0.09144,66123405
1657584000000,0.09142,0.09356,0.09088,0.093,41656499
1657598400000,0.093,0.09428,0.09069,0.09167,55567953
1657612800000,0.09167,0.09208,0.08911,0.09121,70529402
1657627200000,0.0912,0.0924,0.09013,0.09173,49994758
1657641600000,0.09172,0.0927,0.08706,0.08918,73738968
1657656000000,0.08917,0.08982,0.08639,0.08715,42951103
1657670400000,0.08713,0.09039,0.08521,0.08875,69630726
1657684800000,0.08876,0.09291,0.08858,0.09225,49171225
1657699200000,0.09221,0.09311,0.09154,0.09231,52216603
1657713600000,0.09229,0.09335,0.08389,0.08899,170679889
1657728000000,0.08896,0.09183,0.08834,0.09056,57425056
1657742400000,0.09054,0.09402,0.08949,0.09381,48398314
1657756800000,0.09376,0.09437,0.09228,0.09288,44673931
1657771200000,0.0929,0.09344,0.09101,0.09134,38575027
1657785600000,0.09134,0.09194,0.08996,0.09054,35673354
1657800000000,0.09053,0.0941,0.0895,0.09365,53101454
1657814400000,0.09368,0.09731,0.09274,0.09545,69157248
1657828800000,0.09547,0.09664,0.09473,0.09614,25390669
1657843200000,0.09612,0.09802,0.09495,0.09674,36827688
1657857600000,0.09674,0.09793,0.09577,0.09737,35640862
1657872000000,0.09737,0.0995,0.09648,0.09662,52954296
1657886400000,0.09661,0.10026,0.0964,0.09919,63816164
1657900800000,0.09917,0.09928,0.0968,0.0989,58313508
1657915200000,0.0989,0.1005,0.09775,0.09853,46240766
1657929600000,0.09853,0.09963,0.09681,0.0983,37024790
1657944000000,0.0983,0.09856,0.09614,0.09628,28783015
1657958400000,0.09628,0.0975,0.09614,0.09689,21356883
1657972800000,0.09693,0.09998,0.09686,0.09984,37348478
1657987200000,0.09981,0.10368,0.09958,0.09988,71816674
1658001600000,0.09989,0.10142,0.09853,0.10128,28019396
1658016000000,0.10126,0.10199,0.09907,0.10031,34107868
1658030400000,0.1003,0.10285,0.10018,0.10071,42369175
1658044800000,0.10071,0.10283,0.10013,0.1012,48136218
1658059200000,0.10122,0.10157,0.09797,0.09916,80598486
1658073600000,0.0992,0.10311,0.09739,0.09967,89946110
1658088000000,0.09966,0.10012,0.09773,0.09805,26443185
1658102400000,0.09808,0.10684,0.09793,0.10583,80958232
1658116800000,0.10582,0.11289,0.1055,0.11087,153281913
1658131200000,0.11085,0.11405,0.10936,0.11021,97626548
1658145600000,0.11024,0.11483,0.10854,0.11453,84136292
1658160000000,0.11456,0.11485,0.10556,0.10679,84268696
1658174400000,0.1068,0.1112,0.10636,0.10983,43653122
1658188800000,0.1099,0.11259,0.10744,0.10773,59050317
1658203200000,0.10773,0.11045,0.10602,0.11031,52120426
1658217600000,0.1103,0.11383,0.10939,0.11259,61257042
1658232000000,0.1126,0.11719,0.11081,0.11286,99093629
1658246400000,0.11286,0.11584,0.11261,0.11409,74564644
1658260800000,0.11412,0.11559,0.11271,0.11459,33502978
1658275200000,0.11458,0.11986,0.11116,0.11735,77740696
1658289600000,0.11733,0.1182,0.11601,0.11616,39929569
1658304000000,0.11622,0.11703,0.11295,0.11506,60112884
1658318400000,0.11501,0.11639,0.11352,0.1152,47057633
1658332800000,0.1152,0.11542,0.1095,0.10981,50144562
1658347200000,0.1098,0.11043,0.10393,0.10475,71888487
1658361600000,0.10474,0.10745,0.10158,0.10225,51539119
1658376000000,0.10225,0.10492,0.10096,0.10409,34367779
1658390400000,0.10405,0.10511,0.10223,0.10343,30180447
1658404800000,0.1034,0.1051,0.10213,0.10389,63057242
1658419200000,0.10387,0.108,0.10382,0.1074,54594234
1658433600000,0.10738,0.10812,0.10557,0.10706,28959522
1658448000000,0.107,0.11018,0.10647,0.10793,45032956
1658462400000,0.10792,0.11247,0.10709,0.11153,52115394
1658476800000,0.11154,0.11663,0.11062,0.11312,102208191
1658491200000,0.11312,0.11467,0.10642,0.10685,113164301
1658505600000,0.10692,0.10798,0.10358,0.10418,57640983
1658520000000,0.10418,0.10495,0.10328,0.10381,28770591
1658534400000,0.10382,0.1066,0.10248,0.10599,26517761
1658548800000,0.10598,0.10837,0.10572,0.10589,27485154
1658563200000,0.10589,0.1075,0.10171,0.10193,47392238
1658577600000,0.10195,0.1043,0.10102,0.10298,46367826
1658592000000,0.10303,0.10376,0.1004,0.10247,38233182
1658606400000,0.10248,0.1072,0.10235,0.106,43634048
1658620800000,0.10597,0.1072,0.10494,0.10506,22474195
1658635200000,0.10505,0.10837,0.10466,0.10754,25011926
1658649600000,0.10755,0.10787,0.10546,0.10668,26726973
1658664000000,0.1067,0.10714,0.10444,0.10658,33862841
1658678400000,0.10658,0.10667,0.10476,0.10494,25027527
1658692800000,0.10494,0.10719,0.10414,0.1047,36460644
1658707200000,0.10468,0.10566,0.09938,0.10007,44814397
1658721600000,0.10002,0.1018,0.09926,0.10101,28575927
1658736000000,0.10101,0.10223,0.10033,0.10066,29560676
1658750400000,0.10067,0.10214,0.09975,0.10187,59575893
1658764800000,0.10184,0.10279,0.0987,0.09979,46905206
1658779200000,0.09987,0.10208,0.09537,0.09556,75949661
1658793600000,0.09561,0.09673,0.09389,0.09661,67204830
1658808000000,0.09659,0.09816,0.09556,0.09557,47569949
1658822400000,0.09558,0.09653,0.09475,0.09599,36281184
1658836800000,0.09601,0.09678,0.09332,0.09369,46706825
1658851200000,0.09369,0.09532,0.093,0.09379,34395450
1658865600000,0.09379,0.09742,0.09317,0.09716,30594680
1658880000000,0.09716,0.09801,0.09535,0.09554,32994035
1658894400000,0.09554,0.09753,0.09452,0.09651,61094753
1658908800000,0.09647,0.09685,0.09472,0.09486,38161154
1658923200000,0.09488,0.09704,0.09458,0.09639,31876025
1658937600000,0.09635,0.10766,0.09496,0.1072,168347417
1658952000000,0.1072,0.11146,0.10691,0.11135,86065112
1658966400000,0.11134,0.11244,0.1087,0.112,69831406
1658980800000,0.11203,0.11379,0.10924,0.10934,88060823
1658995200000,0.10934,0.11017,0.10811,0.10953,42961625
1659009600000,0.10953,0.11656,0.10532,0.11398,117442252
1659024000000,0.11402,0.1177,0.11331,0.11438,71601005
1659038400000,0.11444,0.11794,0.11423,0.11479,55520513
1659052800000,0.11478,0.13039,0.11355,0.12919,195090781
1659067200000,0.12922,0.14134,0.1283,0.13397,245986624
1659081600000,0.13397,0.13454,0.12512,0.12717,92306520
1659096000000,0.12723,0.13217,0.12337,0.12914,116324038
1659110400000,0.12916,0.12946,0.12413,0.1265,70637196
1659124800000,0.12646,0.13236,0.12586,0.12724,60184792
1659139200000,0.12726,0.133,0.12687,0.12928,84613854
1659153600000,0.12929,0.13493,0.12561,0.13459,61665056
1659168000000,0.13462,0.13933,0.13113,0.13523,69245519
1659182400000,0.13523,0.14557,0.13465,0.14549,80569513
1659196800000,0.14546,0.14596,0.1392,0.13951,58730754
1659211200000,0.13952,0.14016,0.12951,0.13192,69169546
1659225600000,0.13194,0.13542,0.1314,0.13413,35260074
1659240000000,0.13414,0.13998,0.13414,0.13535,57443800
1659254400000,0.13538,0.14046,0.13239,0.13805,40501824
1659268800000,0.13801,0.14051,0.134,0.1367,47051038
1659283200000,0.1367,0.13849,0.13223,0.13433,47849133
1659297600000,0.13429,0.13499,0.12666,0.128,52804865
1659312000000,0.12796,0.13228,0.12723,0.13201,40848150
1659326400000,0.13202,0.13276,0.12761,0.13054,24712773
1659340800000,0.1306,0.13097,0.12609,0.12783,29319907
1659355200000,0.12786,0.12986,0.12418,0.12828,59980164
1659369600000,0.1282,0.12834,0.1225,0.12473,64569076
1659384000000,0.12473,0.12512,0.12163,0.12353,53125456
1659398400000,0.12354,0.12553,0.11562,0.11615,60088472
1659412800000,0.11615,0.11825,0.11428,0.11516,50752738
1659427200000,0.11516,0.11783,0.1138,0.11674,50496218
1659441600000,0.11673,0.12179,0.11487,0.1204,97628473
1659456000000,0.12042,0.12466,0.11857,0.1197,71380590
1659470400000,0.11966,0.12077,0.11652,0.11674,43362557
1659484800000,0.11675,0.11953,0.11433,0.11877,51660277
1659499200000,0.11877,0.12171,0.11798,0.12128,44959322
1659513600000,0.12125,0.1231,0.12073,0.122,48736942
1659528000000,0.12198,0.1246,0.1204,0.12163,49926078
1659542400000,0.12155,0.12341,0.12038,0.12261,27337699
1659556800000,0.12262,0.12291,0.11716,0.1177,31621167
1659571200000,0.11773,0.12336,0.11754,0.12262,37054280
1659585600000,0.12266,0.12598,0.12079,0.12172,57676050
1659600000000,0.12172,0.12206,0.11906,0.11993,55695728
1659614400000,0.11991,0.12263,0.11886,0.12139,42470277
1659628800000,0.12136,0.12228,0.11723,0.11852,53283022
1659643200000,0.11852,0.12047,0.11789,0.12005,23585620
1659657600000,0.12004,0.1263,0.11986,0.1248,65187397
1659672000000,0.12475,0.1272,0.12263,0.12612,40484469
1659686400000,0.12612,0.12755,0.12339,0.12704,39045729
1659700800000,0.12703,0.12763,0.12258,0.12476,79498292
1659715200000,0.12476,0.13065,0.12448,0.12854,111252015
1659729600000,0.1285,0.13113,0.12617,0.13086,38911327
1659744000000,0.13084,0.13193,0.12834,0.12874,30529713
1659758400000,0.12872,0.13061,0.12832,0.13016,28060715
1659772800000,0.13019,0.13193,0.12927,0.12972,36639545
1659787200000,0.12978,0.1336,0.12961,0.13069,54507982
1659801600000,0.13069,0.13157,0.1274,0.12971,32508401
1659816000000,0.12965,0.13025,0.12701,0.12769,18844551
1659830400000,0.1277,0.12896,0.125,0.12598,33620912
1659844800000,0.12599,0.1272,0.12502,0.12682,26595474
1659859200000,0.12682,0.12763,0.12552,0.12752,20841333
1659873600000,0.1275,0.12861,0.12675,0.12697,26075847
1659888000000,0.12697,0.12848,0.12686,0.12772,19361051
1659902400000,0.12773,0.13121,0.12741,0.12817,32074425
1659916800000,0.12818,0.13228,0.12799,0.13207,39375375
1659931200000,0.13209,0.14328,0.13146,0.14298,180904928
1659945600000,0.14298,0.15833,0.14164,0.15661,901057002
1659960000000,0.1566,0.1575,0.14923,0.15043,632529914
1659974400000,0.1504,0.15153,0.14591,0.14707,403509760
1659988800000,0.14709,0.1515,0.14611,0.14899,269259160
1660003200000,0.14898,0.15127,0.14679,0.15057,177182359
1660017600000,0.15058,0.1532,0.14308,0.14419,200668994
1660032000000,0.14419,0.14449,0.13931,0.14195,173403698
1660046400000,0.14195,0.1442,0.1352,0.13687,148402991
1660060800000,0.13688,0.14523,0.13639,0.14141,138811990
1660075200000,0.14137,0.14324,0.1393,0.13966,56132723
1660089600000,0.13965,0.14314,0.13521,0.13664,102848612
1660104000000,0.13664,0.14056,0.13511,0.13609,69145941
1660118400000,0.13612,0.13935,0.13558,0.13893,65632029
1660132800000,0.1389,0.14665,0.1365,0.14334,178719919
1660147200000,0.14335,0.14434,0.14,0.14354,87858798
1660161600000,0.14352,0.14686,0.14239,0.14613,70574614
1660176000000,0.14613,0.14751,0.1441,0.14626,68634524
1660190400000,0.14626,0.14785,0.14318,0.14386,57069538
1660204800000,0.14386,0.14508,0.14206,0.14428,40687972
1660219200000,0.1443,0.14578,0.14095,0.14143,63584336
1660233600000,0.14142,0.14313,0.14086,0.14195,37328763
1660248000000,0.142,0.14334,0.14055,0.14213,33544768
1660262400000,0.14213,0.14644,0.13951,0.14521,60104403
1660276800000,0.14522,0.14594,0.14177,0.14311,35977829
1660291200000,0.14312,0.14417,0.1375,0.13782,57949179
1660305600000,0.13782,0.14365,0.13774,0.14317,69641052
1660320000000,0.14316,0.14488,0.14206,0.14354,54900407
1660334400000,0.14354,0.1477,0.14162,0.14714,53703421
1660348800000,0.14713,0.15072,0.14502,0.14869,80056149
1660363200000,0.14872,0.1489,0.14428,0.14456,48630799
1660377600000,0.14457,0.14553,0.14134,0.14263,49690114
1660392000000,0.14267,0.14514,0.14101,0.14496,38915460
1660406400000,0.14497,0.14625,0.1427,0.14359,44181701
1660420800000,0.14357,0.1449,0.14284,0.14373,22560520
1660435200000,0.14378,0.14735,0.14205,0.14656,34550022
1660449600000,0.14658,0.14975,0.14603,0.14815,46775325
1660464000000,0.14816,0.14994,0.14656,0.14754,53573839
1660478400000,0.14755,0.14755,0.142,0.14331,56534088
1660492800000,0.14332,0.14341,0.13702,0.13957,62789081
1660507200000,0.13955,0.14039,0.13783,0.13925,28700380
1660521600000,0.13926,0.14485,0.13786,0.14324,56837351
1660536000000,0.14324,0.14456,0.13436,0.13547,77498366
1660550400000,0.13547,0.13619,0.13238,0.13468,60416968
1660564800000,0.13467,0.13617,0.13331,0.13563,53483103
1660579200000,0.13562,0.1371,0.13289,0.13344,44616509
1660593600000,0.13349,0.13534,0.13156,0.13394,47480048
1660608000000,0.13393,0.13584,0.12969,0.13325,77425539
1660622400000,0.13325,0.13397,0.12862,0.13118,99643096
1660636800000,0.13119,0.13325,0.1308,0.13237,46866557
1660651200000,0.13235,0.13282,0.12953,0.13169,64769517
1660665600000,0.13168,0.13193,0.12883,0.13054,45488085
1660680000000,0.13054,0.13147,0.12945,0.13005,24250833
1660694400000,0.13005,0.13294,0.12972,0.13281,46661478
1660708800000,0.13281,0.13447,0.12894,0.12908,56872740
1660723200000,0.1291,0.1313,0.129,0.12958,41022296
1660737600000,0.12957,0.12957,0.12151,0.12373,110045735
1660752000000,0.12373,0.1262,0.1234,0.12376,41330657
1660766400000,0.12381,0.12524,0.12053,0.1226,39127742
1660780800000,0.12262,0.12549,0.12165,0.12442,45519090
1660795200000,0.12443,0.12463,0.12216,0.1229,44470201
1660809600000,0.1229,0.12414,0.12145,0.12397,34159151
1660824000000,0.12399,0.1248,0.12212,0.12347,41967577
1660838400000,0.12348,0.12372,0.119,0.12053,53620982
1660852800000,0.12048,0.12232,0.11276,0.11464,92995915
1660867200000,0.11462,0.11571,0.1092,0.11167,114755409
1660881600000,0.1117,0.11192,0.10248,0.10723,163287581
1660896000000,0.10725,0.10731,0.10408,0.10664,88360644
1660910400000,0.10664,0.10869,0.10469,0.10811,78173017
1660924800000,0.10809,0.11031,0.10641,0.10844,57994730
1660939200000,0.10842,0.10868,0.10426,0.10538,62945276
1660953600000,0.10539,0.109,0.10526,0.10735,60453139
1660968000000,0.10729,0.11087,0.10693,0.1092,77431247
1660982400000,0.10918,0.10935,0.10738,0.10784,39414038
1660996800000,0.10781,0.10948,0.10683,0.10756,53639917
1661011200000,0.1076,0.10813,0.09953,0.10062,126016411
1661025600000,0.10061,0.10352,0.09925,0.10267,64397611
1661040000000,0.10267,0.10455,0.10263,0.10361,38020603
1661054400000,0.10363,0.10553,0.10235,0.10546,52887548
1661068800000,0.10549,0.10918,0.10522,0.10814,79125116
1661083200000,0.10814,0.10841,0.10593,0.10752,50151272
1661097600000,0.10751,0.10863,0.10682,0.10754,46977147
1661112000000,0.10756,0.11062,0.10627,0.108,60462695
1661126400000,0.108,0.10818,0.1063,0.10704,42051441
1661140800000,0.10705,0.10795,0.10225,0.10243,56618277
1661155200000,0.10247,0.10544,0.10059,0.10457,71608267
1661169600000,0.10457,0.10622,0.10301,0.10584,54302732
1661184000000,0.10586,0.10645,0.1037,0.10549,45437300
1661198400000,0.10547,0.11137,0.1054,0.11093,119340931
1661212800000,0.11091,0.11375,0.11036,0.11136,88364634
1661227200000,0.11137,0.11198,0.10669,0.10957,78179000
1661241600000,0.10958,0.11169,0.10935,0.11049,66736449
1661256000000,0.11048,0.11297,0.10946,0.11111,66193921
1661270400000,0.11109,0.11224,0.11021,0.11168,41424375
1661284800000,0.1117,0.11418,0.11114,0.11375,50200421
1661299200000,0.11376,0.11386,0.10965,0.11084,52526669
1661313600000,0.1108,0.11445,0.1105,0.11235,48868055
1661328000000,0.11236,0.11612,0.11229,0.11495,65982532
1661342400000,0.11496,0.11662,0.11361,0.11608,60364656
1661356800000,0.11608,0.11825,0.11566,0.1172,57280079
1661371200000,0.11718,0.11807,0.11424,0.11457,42095193
1661385600000,0.11458,0.11986,0.11429,0.11942,96094858
1661400000000,0.1194,0.11959,0.11645,0.11937,75773793
1661414400000,0.11935,0.12016,0.11736,0.11803,50186690
1661428800000,0.11802,0.11864,0.1135,0.11483,62854874
1661443200000,0.11481,0.1159,0.11312,0.11563,51022097
1661457600000,0.11568,0.11678,0.1152,0.11575,27596510
1661472000000,0.11576,0.11621,0.11424,0.11582,29807661
1661486400000,0.11581,0.11618,0.1109,0.11217,50519024
1661500800000,0.11219,0.11318,0.10869,0.11035,60099033
1661515200000,0.11036,0.11546,0.10707,0.10808,120203362
1661529600000,0.1081,0.10829,0.104,0.10526,63730974
1661544000000,0.10525,0.1059,0.10093,0.10233,53891738
1661558400000,0.10234,0.10339,0.10139,0.10314,33994768
1661572800000,0.10312,0.10367,0.1002,0.10357,41254871
1661587200000,0.1036,0.1044,0.10242,0.10362,42543046
1661601600000,0.10362,0.10414,0.10123,0.10264,44016105
1661616000000,0.10266,0.10359,0.10127,0.10294,32802369
1661630400000,0.10297,0.10407,0.10162,0.10331,27345082
1661644800000,0.10332,0.10434,0.10203,0.10292,25629186
1661659200000,0.10292,0.10407,0.10221,0.10379,20971517
1661673600000,0.10378,0.10447,0.103,0.10404,27341493
1661688000000,0.10407,0.10441,0.10167,0.10388,33646420
1661702400000,0.1039,0.10466,0.10312,0.1032,22799114
1661716800000,0.10319,0.1039,0.09842,0.09908,53031015
1661731200000,0.09906,0.10186,0.09718,0.10131,53729986
1661745600000,0.10128,0.10166,0.09979,0.10155,30072680
1661760000000,0.10155,0.10203,0.10077,0.10139,25194304
1661774400000,0.10137,0.10546,0.1012,0.10457,65062743
1661788800000,0.10457,0.10538,0.10391,0.10403,27415142
1661803200000,0.10404,0.10654,0.10403,0.10628,28191259
1661817600000,0.10626,0.10674,0.10421,0.1059,29354329
1661832000000,0.10591,0.108,0.10585,0.10654,34916199
1661846400000,0.10655,0.10728,0.10541,0.10594,33497379
1661860800000,0.10597,0.10642,0.10125,0.10218,63252286
1661875200000,0.10218,0.10427,0.1002,0.10336,70578368
1661889600000,0.10335,0.10437,0.10219,0.10293,33302430
1661904000000,0.10291,0.10705,0.10289,0.10622,50464575
1661918400000,0.10623,0.1072,0.1051,0.10514,31842588
1661932800000,0.10515,0.1069,0.10421,0.10588,33034356
1661947200000,0.10585,0.10667,0.10289,0.10458,46696875
1661961600000,0.10459,0.10478,0.10221,0.10396,32217116
1661976000000,0.10396,0.10495,0.10172,0.10241,25931677
1661990400000,0.1024,0.10375,0.10121,0.10187,33428609
1662004800000,0.10188,0.10299,0.10033,0.10123,29970775
1662019200000,0.10123,0.10437,0.10064,0.10405,40398003
1662033600000,0.10407,0.1042,0.10062,0.10206,58678860
1662048000000,0.10209,0.10352,0.10146,0.1029,33526074
1662062400000,0.10289,0.10496,0.10274,0.10486,27949932
1662076800000,0.10486,0.10559,0.10302,0.1046,30916455
1662091200000,0.10463,0.10559,0.10399,0.10486,28837944
1662105600000,0.10486,0.1051,0.10297,0.10377,30430650
1662120000000,0.10376,0.10675,0.10323,0.10631,55604478
1662134400000,0.10631,0.10666,0.10142,0.10238,50950556
1662148800000,0.10239,0.10313,0.10193,0.10297,19215178
1662163200000,0.10296,0.1034,0.1014,0.10169,21415104
1662177600000,0.10169,0.10315,0.10081,0.10183,32293837
1662192000000,0.10181,0.10262,0.1013,0.10187,19207000
1662206400000,0.10187,0.10238,0.10124,0.10165,20531716
1662220800000,0.10165,0.10203,0.10065,0.10122,25750035
1662235200000,0.10122,0.10165,0.1009,0.10165,16884493
1662249600000,0.10166,0.1024,0.10139,0.10177,16475375
1662264000000,0.10176,0.10215,0.10121,0.10122,17389761
1662278400000,0.1012,0.10266,0.10072,0.10265,24799098
1662292800000,0.10267,0.10341,0.10173,0.10269,31386118
1662307200000,0.10268,0.10341,0.10223,0.10324,18565880
1662321600000,0.10324,0.10457,0.10317,0.10444,38839371
1662336000000,0.10444,0.10528,0.10391,0.10464,31762197
1662350400000,0.10465,0.10508,0.10219,0.10239,34562399
1662364800000,0.10239,0.10248,0.10065,0.10119,51067755
1662379200000,0.10119,0.10279,0.10042,0.10244,44894716
1662393600000,0.10244,0.10285,0.10124,0.10181,26387297
1662408000000,0.10179,0.10448,0.10177,0.10402,34860511
1662422400000,0.10402,0.10818,0.10402,0.10602,79727058
1662436800000,0.10603,0.10766,0.106,0.10671,40321312
1662451200000,0.10671,0.10873,0.10541,0.10839,46742098
1662465600000,0.10838,0.10838,0.10452,0.10732,80159629
1662480000000,0.10733,0.10751,0.09807,0.09907,155434819
1662494400000,0.09907,0.09941,0.09687,0.09757,59603877
1662508800000,0.09756,0.0993,0.09545,0.09902,82589833
1662523200000,0.09901,0.10022,0.09818,0.10013,33812263
1662537600000,0.10011,0.10065,0.09963,0.10015,32633882
1662552000000,0.10014,0.10227,0.09914,0.10135,53833297
1662566400000,0.10138,0.10272,0.10087,0.10207,26857194
1662580800000,0.10208,0.10547,0.10208,0.10404,53454126
1662595200000,0.10404,0.10545,0.10325,0.10404,27480667
1662609600000,0.10403,0.10493,0.10121,0.10246,33663464
1662624000000,0.10245,0.10359,0.10179,0.10281,27194752
1662638400000,0.10283,0.105,0.10074,0.1041,52362884
1662652800000,0.10408,0.10503,0.10219,0.10459,49132704
1662667200000,0.10458,0.10513,0.10341,0.10409,22137329
1662681600000,0.1041,0.10675,0.1039,0.10625,34049874
1662696000000,0.10626,0.1096,0.10568,0.10925,59155039
1662710400000,0.10925,0.11231,0.10909,0.1113,58105552
1662724800000,0.11128,0.11345,0.10982,0.1103,54353102
1662739200000,0.11029,0.11083,0.10906,0.11055,28475127
1662753600000,0.11055,0.11384,0.11022,0.11248,29711858
1662768000000,0.11249,0.11458,0.11168,0.1123,30704559
1662782400000,0.11227,0.11639,0.11227,0.1139,60239716
1662796800000,0.11392,0.11617,0.11372,0.1151,29069511
1662811200000,0.11511,0.1161,0.11277,0.1131,36732200
1662825600000,0.1131,0.11682,0.11254,0.11626,51087933
1662840000000,0.11626,0.1185,0.11513,0.11702,68796252
1662854400000,0.11702,0.121,0.11702,0.11908,69734372
1662868800000,0.11909,0.12041,0.11622,0.11821,58825304
1662883200000,0.11821,0.11838,0.11585,0.11716,35979770
1662897600000,0.11715,0.11754,0.11601,0.11678,30794305
1662912000000,0.11678,0.11812,0.11554,0.11586,30899077
1662926400000,0.11582,0.11682,0.11379,0.11668,36597299
1662940800000,0.11668,0.12164,0.11456,0.11739,74770461
1662955200000,0.11741,0.11996,0.11721,0.11916,32505305
1662969600000,0.11916,0.12078,0.1185,0.11974,44063433
1662984000000,0.11971,0.12115,0.11748,0.11777,50691023
1662998400000,0.11775,0.1335,0.1159,0.12592,515020577
1663012800000,0.12592,0.12957,0.12444,0.12833,104438691
1663027200000,0.12835,0.12911,0.12323,0.12488,82707747
1663041600000,0.1249,0.12505,0.11918,0.12094,76147012
1663056000000,0.12094,0.12178,0.11829,0.12065,73134891
1663070400000,0.12061,0.12152,0.10995,0.11141,177082827
1663084800000,0.11137,0.11298,0.10849,0.11114,106301762
1663099200000,0.11111,0.11112,0.10747,0.10815,73523376
1663113600000,0.10813,0.11165,0.10707,0.11113,69703147
1663128000000,0.11112,0.11233,0.10857,0.10992,45203721
1663142400000,0.1099,0.11141,0.10865,0.10956,39566055
1663156800000,0.10958,0.11132,0.10808,0.11024,62067211
1663171200000,0.11023,0.11106,0.10725,0.11028,60257076
1663185600000,0.11028,0.1134,0.10975,0.11247,46292732
1663200000000,0.11247,0.11305,0.1075,0.10957,58266089
1663214400000,0.10958,0.11559,0.10833,0.11322,84247585
1663228800000,0.11319,0.1134,0.11084,0.11171,41913640
1663243200000,0.11173,0.1126,0.10611,0.10878,81487957
1663257600000,0.10879,0.11033,0.10833,0.10963,31476060
1663272000000,0.10962,0.1105,0.10748,0.10842,31439827
1663286400000,0.10844,0.10994,0.10694,0.10917,37303996
1663300800000,0.10916,0.11016,0.10789,0.10809,24877610
1663315200000,0.10809,0.10889,0.1056,0.10874,44134090
1663329600000,0.10875,0.10886,0.10539,0.10739,53239636
1663344000000,0.10734,0.1074,0.10345,0.10515,57616195
1663358400000,0.10513,0.10608,0.10492,0.10569,22830027
1663372800000,0.1057,0.10765,0.10555,0.10706,24425061
1663387200000,0.10704,0.10777,0.10629,0.10699,17106023
1663401600000,0.107,0.10771,0.10689,0.10738,21950313
1663416000000,0.10737,0.10846,0.10684,0.10806,26878501
1663430400000,0.10807,0.10888,0.10742,0.10776,25029391
1663444800000,0.10778,0.10907,0.10751,0.1087,16510921
1663459200000,0.10871,0.10888,0.1073,0.10769,17587538
1663473600000,0.10771,0.10909,0.1077,0.10862,17226585
1663488000000,0.10864,0.10934,0.10616,0.10674,36761204
1663502400000,0.10674,0.1072,0.10513,0.10591,28805184
1663516800000,0.1059,0.1062,0.10333,0.1047,49636099
1663531200000,0.10468,0.10475,0.0955,0.09986,86624357
1663545600000,0.09985,0.10237,0.0963,0.09864,69078100
1663560000000,0.09864,0.10052,0.09782,0.10048,38813595
1663574400000,0.10048,0.10155,0.09851,0.10109,35555505
1663588800000,0.10111,0.10349,0.10071,0.10161,64659204
1663603200000,0.10159,0.10215,0.09911,0.10124,49717481
1663617600000,0.10126,0.10208,0.10091,0.10127,32086727
1663632000000,0.10126,0.10194,0.09947,0.10078,36094113
1663646400000,0.10079,0.10199,0.10004,0.10088,36793458
1663660800000,0.10086,0.10125,0.0987,0.09921,44964729
1663675200000,0.09926,0.10043,0.09705,0.10036,68228625
1663689600000,0.10037,0.1006,0.09741,0.09808,63821288
1663704000000,0.09808,0.09845,0.09559,0.09669,39923303
1663718400000,0.09671,0.09827,0.09611,0.09787,29946427
1663732800000,0.09787,0.09848,0.09425,0.09625,56331620
1663747200000,0.09618,0.09774,0.09571,0.09755,29863372
1663761600000,0.09755,0.09838,0.09583,0.09653,38363875
1663776000000,0.09653,0.10186,0.09466,0.09715,109476168
1663790400000,0.09713,0.0973,0.09052,0.09301,83349102
1663804800000,0.09301,0.09731,0.09274,0.09657,58541980
1663819200000,0.09656,0.09884,0.09656,0.09861,42834232
1663833600000,0.09861,0.10023,0.09844,0.10008,55345805
1663848000000,0.10009,0.10031,0.09756,0.09898,43511697
1663862400000,0.09899,0.10133,0.0979,0.10024,38631444
1663876800000,0.10024,0.10146,0.09928,0.10022,30947743
1663891200000,0.10022,0.10209,0.09953,0.10181,38523099
1663905600000,0.10182,0.10304,0.10024,0.10041,38127810
1663920000000,0.10041,0.10089,0.09759,0.09844,50079539
1663934400000,0.09844,0.10076,0.09712,0.0995,60254779
1663948800000,0.09947,0.10019,0.09836,0.10007,45623255
1663963200000,0.10007,0.10365,0.1,0.1028,38937092
1663977600000,0.10281,0.10404,0.10212,0.10264,26881135
1663992000000,0.10267,0.10343,0.1012,0.10146,20486588
1664006400000,0.10146,0.10215,0.10056,0.10142,20255683
1664020800000,0.10142,0.10238,0.10141,0.10202,18631069
1664035200000,0.10202,0.10329,0.10165,0.10253,22139258
1664049600000,0.10254,0.10355,0.10012,0.10043,26157152
1664064000000,0.10046,0.10263,0.10029,0.10261,16973097
1664078400000,0.1026,0.10563,0.1025,0.10421,69984581
1664092800000,0.10421,0.1085,0.1042,0.10658,168215645
1664107200000,0.10657,0.10669,0.10249,0.1036,96274019
1664121600000,0.10362,0.10427,0.10145,0.10313,59210703
1664136000000,0.10312,0.10312,0.09966,0.10115,47998716
1664150400000,0.10113,0.10249,0.10017,0.1008,42657087
1664164800000,0.10079,0.10121,0.09852,0.10018,44767882
1664179200000,0.10018,0.10202,0.0994,0.10019,51812151
1664193600000,0.10021,0.10249,0.09981,0.10115,53651133
1664208000000,0.10113,0.10229,0.09976,0.10166,32291854
1664222400000,0.10167,0.10271,0.10125,0.10247,22419586
1664236800000,0.10248,0.1053,0.10228,0.10462,45917504
1664251200000,0.10464,0.10559,0.10385,0.10417,34120283
1664265600000,0.10419,0.10456,0.10314,0.10347,25027120
1664280000000,0.10342,0.10467,0.10232,0.10256,41457741
1664294400000,0.10256,0.10374,0.09777,0.09915,84993019
1664308800000,0.09915,0.10009,0.09856,0.09918,26619545
1664323200000,0.09918,0.09993,0.09524,0.09738,56326413
1664337600000,0.09737,0.09847,0.09652,0.09827,31641995
1664352000000,0.09827,0.09864,0.09675,0.09777,44058607
1664366400000,0.09776,0.09953,0.09742,0.09823,47843957
1664380800000,0.09822,0.0996,0.09791,0.09916,41117806
1664395200000,0.09917,0.10004,0.09839,0.09866,28046763
1664409600000,0.09868,0.09944,0.09778,0.099,39900935
1664424000000,0.09901,0.09932,0.09746,0.09794,36388618
1664438400000,0.09794,0.09936,0.09742,0.09889,30710960
1664452800000,0.09888,0.09894,0.09665,0.09814,51300049
1664467200000,0.09812,0.09903,0.0976,0.09837,31592459
1664481600000,0.09837,0.09927,0.09806,0.099,23130085
1664496000000,0.09901,0.09954,0.09827,0.09871,31644345
1664510400000,0.09873,0.09964,0.09871,0.09917,21691380
1664524800000,0.0992,0.09994,0.09751,0.09777,31556905
1664539200000,0.09777,0.10026,0.09695,0.09909,69956737
1664553600000,0.09912,0.10094,0.09842,0.0987,54491787
1664568000000,0.09868,0.09894,0.09755,0.09862,31023119
1664582400000,0.09862,0.09935,0.0982,0.09913,20223402
1664596800000,0.09915,0.09921,0.0982,0.09868,15838871
1664611200000,0.0987,0.09888,0.09766,0.09831,17656039
1664625600000,0.09831,0.09831,0.09709,0.0977,21880602
1664640000000,0.09769,0.09773,0.09658,0.09755,26932912
1664654400000,0.09755,0.09783,0.09692,0.09746,14450109
1664668800000,0.09744,0.098,0.09725,0.09776,12250292
1664683200000,0.09775,0.09816,0.0975,0.09769,15296818
1664697600000,0.09769,0.0979,0.09505,0.09636,31754728
1664712000000,0.09636,0.0968,0.09593,0.09635,18070624
1664726400000,0.09635,0.09735,0.09626,0.09712,17369901
1664740800000,0.09712,0.09725,0.09415,0.09424,35929571
1664755200000,0.09425,0.09585,0.09305,0.09523,36050345
1664769600000,0.09522,0.09559,0.09414,0.09525,23097887
1664784000000,0.09525,0.09603,0.09497,0.09597,13920736
1664798400000,0.09597,0.09759,0.0954,0.09705,34821692
1664812800000,0.09706,0.09787,0.09631,0.09707,22558329
1664827200000,0.09707,0.09806,0.09701,0.09767,19594884
1664841600000,0.09767,0.09842,0.09746,0.09836,17445191
1664856000000,0.09836,0.09986,0.09784,0.09979,33823603
1664870400000,0.0998,0.1001,0.0989,0.09958,30458804
1664884800000,0.09958,0.10086,0.0995,0.10008,40769000
1664899200000,0.10011,0.10083,0.09955,0.10071,27849527
1664913600000,0.10073,0.10167,0.10049,0.10088,27125065
1664928000000,0.10087,0.10113,0.10022,0.10031,20034163
1664942400000,0.10032,0.10108,0.10022,0.10037,16959382
1664956800000,0.10038,0.10039,0.09838,0.09854,28915299
1664971200000,0.09853,0.09873,0.09683,0.09831,43373555
1664985600000,0.0983,0.09981,0.09791,0.0991,29134062
1665000000000,0.09909,0.10019,0.09869,0.1,18944640
1665014400000,0.10001,0.10215,0.09995,0.10191,38145062
1665028800000,0.10192,0.10196,0.10003,0.10052,32139740
1665043200000,0.1005,0.10108,0.09991,0.1009,21435682
1665057600000,0.10089,0.10146,0.09962,0.1004,39064881
1665072000000,0.1004,0.10382,0.1,0.10101,136164523
1665086400000,0.10101,0.10106,0.09872,0.09885,52272995
1665100800000,0.09884,0.09982,0.09865,0.09896,30587180
1665115200000,0.09896,0.09926,0.0981,0.09847,24734121
1665129600000,0.09847,0.09877,0.0978,0.09804,21750828
1665144000000,0.09804,0.09816,0.09404,0.09742,69006749
1665158400000,0.09742,0.09787,0.09648,0.09786,25522549
1665172800000,0.09786,0.09788,0.09749,0.09772,14465190
1665187200000,0.09771,0.09878,0.09769,0.09796,19689129
1665201600000,0.09797,0.09805,0.09735,0.09765,11871777
1665216000000,0.09763,0.09779,0.09719,0.09777,11145687
1665230400000,0.09776,0.09779,0.09685,0.09711,15380428
1665244800000,0.09712,0.09765,0.09686,0.09704,12698250
1665259200000,0.09704,0.09722,0.09573,0.09617,15580677
1665273600000,0.09617,0.09654,0.0958,0.09591,10669736
1665288000000,0.0959,0.09657,0.09582,0.0964,10209468
1665302400000,0.0964,0.0967,0.09605,0.09638,13694675
1665316800000,0.09639,0.09686,0.0963,0.09678,12645089
1665331200000,0.09677,0.09677,0.09582,0.0965,13481460
1665345600000,0.0965,0.09654,0.0958,0.09631,12185532
1665360000000,0.09632,0.09717,0.09604,0.09631,15827400
1665374400000,0.0963,0.09646,0.09518,0.09567,21593698
1665388800000,0.09566,0.09572,0.0934,0.09462,43615886
1665403200000,0.09463,0.09489,0.09359,0.09413,24550237
1665417600000,0.09414,0.09421,0.09265,0.09381,36080545
1665432000000,0.0938,0.09393,0.09084,0.09118,34543757
1665446400000,0.09118,0.09118,0.08805,0.08954,61634225
1665460800000,0.08953,0.0905,0.08922,0.09021,27707065
1665475200000,0.09022,0.09053,0.08926,0.09029,21789916
1665489600000,0.09029,0.09107,0.08882,0.09056,53204274
1665504000000,0.09058,0.09067,0.08831,0.08873,36142553
1665518400000,0.08874,0.08921,0.08771,0.08855,26384698
1665532800000,0.08856,0.08947,0.0883,0.08873,18359982
1665547200000,0.08873,0.08954,0.08864,0.08901,23671645
1665561600000,0.08901,0.08959,0.08871,0.08876,17647029
1665576000000,0.08874,0.08898,0.08727,0.08847,38624790
1665590400000,0.08846,0.0885,0.0871,0.08808,27640557
1665604800000,0.08809,0.08823,0.08751,0.08755,14715202
1665619200000,0.08752,0.08765,0.08364,0.08535,60493648
1665633600000,0.08535,0.08571,0.07967,0.08219,94692849
1665648000000,0.08217,0.08339,0.079,0.08297,99020537
1665662400000,0.08298,0.08785,0.08003,0.08691,136520319
1665676800000,0.08692,0.08869,0.08587,0.08805,61829950
1665691200000,0.08804,0.08879,0.08761,0.08783,23539113
1665705600000,0.08784,0.09065,0.08724,0.08919,62295802
1665720000000,0.08918,0.08963,0.08841,0.08864,33249647
1665734400000,0.08866,0.08891,0.08766,0.08773,32127349
1665748800000,0.08773,0.08907,0.08584,0.08608,56627099
1665763200000,0.0861,0.08634,0.085,0.08547,36318262
1665777600000,0.08548,0.08576,0.08443,0.08533,20802180
1665792000000,0.08533,0.08575,0.08392,0.08521,42318144
1665806400000,0.08521,0.08549,0.0844,0.08469,24707916
1665820800000,0.08469,0.08481,0.08337,0.08477,34739157
1665835200000,0.08476,0.08701,0.08449,0.08678,41180736
1665849600000,0.08678,0.08754,0.08574,0.08599,33324777
1665864000000,0.08599,0.08601,0.08405,0.08455,23572818
1665878400000,0.08455,0.0856,0.08449,0.08525,16395735
1665892800000,0.08523,0.08583,0.08519,0.08554,17503355
1665907200000,0.08554,0.08614,0.08492,0.08547,18306774
1665921600000,0.08546,0.08551,0.08483,0.08528,15793433
1665936000000,0.08528,0.08659,0.08451,0.08654,23590713
1665950400000,0.08653,0.08677,0.08492,0.08582,27556816
1665964800000,0.08582,0.08609,0.08432,0.08446,23076279
1665979200000,0.08445,0.08615,0.08434,0.08601,23574521
1665993600000,0.08599,0.08713,0.08528,0.0864,34703926
1666008000000,0.0864,0.08782,0.08605,0.0868,46882972
1666022400000,0.0868,0.0872,0.08591,0.08633,24730803
1666036800000,0.08633,0.08716,0.08626,0.08672,28469844
1666051200000,0.08672,0.0875,0.08496,0.0859,40846618
1666065600000,0.0859,0.08651,0.08543,0.08627,34883542
1666080000000,0.08628,0.0863,0.08361,0.08448,45051435
1666094400000,0.08448,0.08521,0.08289,0.0838,64341802
1666108800000,0.0838,0.08414,0.0818,0.08301,52734252
1666123200000,0.08301,0.08391,0.08268,0.0831,31421107
1666137600000,0.08311,0.08339,0.08222,0.08257,29798082
1666152000000,0.08257,0.08269,0.08066,0.08125,41825428
1666166400000,0.08124,0.08158,0.08041,0.0812,39146302
1666180800000,0.08119,0.08203,0.08046,0.08183,40549845
1666195200000,0.08183,0.08194,0.08062,0.08098,33147336
1666209600000,0.08098,0.08133,0.0774,0.07911,80195963
1666224000000,0.0791,0.07993,0.078,0.07963,42112327
1666238400000,0.07962,0.08098,0.07951,0.08066,30072546
1666252800000,0.08068,0.08106,0.0801,0.08046,32382234
1666267200000,0.08046,0.081,0.07973,0.08017,33298539
1666281600000,0.08016,0.08019,0.07766,0.07895,49181385
1666296000000,0.07893,0.07904,0.07755,0.0779,36796530
1666310400000,0.0779,0.07791,0.07557,0.0774,61976040
1666324800000,0.07741,0.07776,0.0768,0.07697,23640671
1666339200000,0.07697,0.07711,0.0752,0.07598,43035059
1666353600000,0.07598,0.07823,0.07467,0.07823,64650929
1666368000000,0.07822,0.07961,0.07779,0.07914,34756331
1666382400000,0.07916,0.07962,0.07817,0.07858,28039271
1666396800000,0.07859,0.079,0.07765,0.07834,23017825
1666411200000,0.07832,0.07837,0.0774,0.07792,26826496
1666425600000,0.07791,0.07867,0.07789,0.07818,24095885
1666440000000,0.07818,0.07905,0.07783,0.07815,27401194
1666454400000,0.07815,0.07841,0.07753,0.07782,19706874
1666468800000,0.07783,0.07855,0.07759,0.07826,13410189
1666483200000,0.07825,0.07888,0.07775,0.07844,19642755
1666497600000,0.07844,0.0789,0.07801,0.07821,19334067
1666512000000,0.07822,0.07853,0.07655,0.07692,30369979
1666526400000,0.07692,0.07748,0.07623,0.07736,21287222
1666540800000,0.07735,0.07983,0.07693,0.07929,42822996
1666555200000,0.07929,0.08022,0.07851,0.08006,46897153
1666569600000,0.08007,0.0807,0.07864,0.07899,40441940
1666584000000,0.07899,0.07964,0.07834,0.0791,33333419
1666598400000,0.0791,0.08068,0.07887,0.08038,48485230
1666612800000,0.08038,0.08044,0.07765,0.07922,82500483
1666627200000,0.07922,0.08024,0.0785,0.07989,41830010
1666641600000,0.07991,0.08035,0.07913,0.07963,28607559
1666656000000,0.07964,0.08079,0.07926,0.08027,37865688
1666670400000,0.08025,0.08068,0.07967,0.07994,31640199
1666684800000,0.07995,0.08016,0.07865,0.07935,33971862
1666699200000,0.07935,0.08235,0.07905,0.08174,70531353
1666713600000,0.08176,0.08439,0.08171,0.08346,104822821
1666728000000,0.08343,0.08361,0.08073,0.08087,58947464
1666742400000,0.0809,0.0827,0.08088,0.08239,44664287
1666756800000,0.08239,0.08348,0.08217,0.08232,49450352
1666771200000,0.08231,0.08395,0.08175,0.08186,58847966
1666785600000,0.08186,0.08305,0.08054,0.08229,91721869
1666800000000,0.0823,0.08268,0.08128,0.08188,50889073
1666814400000,0.08189,0.08316,0.08167,0.08237,43573587
1666828800000,0.08241,0.08378,0.08202,0.08331,49056766
1666843200000,0.08331,0.08563,0.08271,0.08368,82954727
1666857600000,0.08368,0.084,0.08194,0.08268,55939492
1666872000000,0.08268,0.08383,0.08121,0.08187,74299583
1666886400000,0.08186,0.08289,0.08128,0.08253,35196755
1666900800000,0.08255,0.08265,0.0794,0.07977,69913238
1666915200000,0.07976,0.08102,0.079,0.07994,51131059
1666929600000,0.07991,0.08043,0.07858,0.0791,34045217
1666944000000,0.07911,0.0803,0.07882,0.07953,32893528
1666958400000,0.07952,0.08143,0.07878,0.08107,66540298
1666972800000,0.08111,0.08267,0.08099,0.08238,59406886
1666987200000,0.08238,0.08299,0.08193,0.08212,26312808
1667001600000,0.08212,0.08418,0.08208,0.08378,46299612
1667016000000,0.08378,0.08566,0.08289,0.08554,70774599
1667030400000,0.08552,0.08556,0.08278,0.08342,90850290
1667044800000,0.08343,0.08412,0.08266,0.08364,57856774
1667059200000,0.08366,0.08648,0.08323,0.08405,106817728
1667073600000,0.08404,0.08485,0.08297,0.08409,38707252
1667088000000,0.08409,0.08502,0.08349,0.08476,30499175
1667102400000,0.08478,0.08759,0.08356,0.0872,69668975
1667116800000,0.08721,0.08755,0.084,0.08531,92541814
1667131200000,0.0853,0.08533,0.08192,0.08278,69829187
1667145600000,0.08279,0.08443,0.08248,0.08387,44006155
1667160000000,0.08388,0.08477,0.08231,0.08352,43923362
1667174400000,0.08351,0.0842,0.08195,0.08359,43372024
1667188800000,0.08361,0.08384,0.08198,0.08282,27996126
1667203200000,0.08283,0.0841,0.08142,0.08373,64365989
1667217600000,0.08373,0.08475,0.08142,0.0829,118677575
1667232000000,0.08291,0.08641,0.08216,0.08555,112388605
1667246400000,0.08556,0.0856,0.08382,0.08413,56056008
1667260800000,0.08412,0.08649,0.084,0.08633,63668788
1667275200000,0.08634,0.0874,0.08581,0.08635,72088564
1667289600000,0.08635,0.08704,0.08462,0.08489,70915577
1667304000000,0.08489,0.08516,0.08298,0.08402,63878054
1667318400000,0.08401,0.08423,0.08242,0.08264,56450984
1667332800000,0.08266,0.08298,0.08205,0.08214,36431059
1667347200000,0.08214,0.08288,0.0813,0.08263,45688126
1667361600000,0.08262,0.08286,0.08065,0.08171,62623693
1667376000000,0.0817,0.08279,0.08005,0.08139,75840323
1667390400000,0.08139,0.08196,0.08064,0.08131,41858856
1667404800000,0.0813,0.0844,0.08034,0.08105,97864280
1667419200000,0.08105,0.08149,0.07883,0.08126,55220295
1667433600000,0.08126,0.08815,0.08093,0.08695,127373918
1667448000000,0.08698,0.09725,0.0869,0.08956,384967583
1667462400000,0.08954,0.09317,0.08833,0.08944,171676555
1667476800000,0.08945,0.09035,0.08667,0.08859,103204612
1667491200000,0.08858,0.09062,0.08782,0.08846,96234866
1667505600000,0.08847,0.08864,0.08555,0.08682,82310891
1667520000000,0.08681,0.0987,0.08534,0.09373,295499975
1667534400000,0.09372,0.09629,0.0902,0.09458,193245953
1667548800000,0.09457,0.09706,0.09319,0.09514,127663520
1667563200000,0.09515,0.09805,0.0932,0.0938,149743281
1667577600000,0.0938,0.0963,0.09317,0.09449,82566875
1667592000000,0.09451,0.09564,0.09421,0.09475,43661911
1667606400000,0.09473,0.09962,0.09473,0.09657,102132795
1667620800000,0.09658,0.09914,0.09508,0.09795,57247569
1667635200000,0.09793,0.10064,0.09466,0.10011,135614497
1667649600000,0.10009,0.10355,0.09778,0.10289,185883200
1667664000000,0.10288,0.1045,0.09934,0.1,106598961
1667678400000,0.1,0.10136,0.09607,0.09829,81655077
1667692800000,0.0983,0.10001,0.09602,0.09771,70076307
1667707200000,0.09772,0.0985,0.09661,0.09692,50199794
1667721600000,0.09692,0.09749,0.09555,0.09618,45481961
1667736000000,0.09619,0.09679,0.09429,0.09578,62943845
1667750400000,0.09576,0.09581,0.09294,0.0939,74576559
1667764800000,0.0939,0.09443,0.08936,0.09005,73447173
1667779200000,0.09004,0.09232,0.08932,0.09169,69365835
1667793600000,0.09169,0.09195,0.08623,0.08661,77197738
1667808000000,0.08661,0.08991,0.08655,0.08918,59261863
1667822400000,0.08918,0.09098,0.08766,0.09082,65842969
1667836800000,0.09083,0.092,0.08972,0.09166,77827263
1667851200000,0.09166,0.0926,0.088,0.09031,70660475
1667865600000,0.09031,0.09219,0.08397,0.08451,119220627
1667880000000,0.08453,0.08545,0.07812,0.08241,222972625
1667894400000,0.08241,0.08336,0.08127,0.08179,85408382
1667908800000,0.0818,0.08247,0.0785,0.08068,121782236
1667923200000,0.08068,0.0865,0.06539,0.0733,394331644
1667937600000,0.07324,0.07628,0.07141,0.07542,197886816
1667952000000,0.0754,0.07682,0.07307,0.07514,141516704
1667966400000,0.07514,0.07682,0.07196,0.07202,167701989
1667980800000,0.07204,0.07274,0.06474,0.06804,215448021
1667995200000,0.06803,0.06946,0.0644,0.06489,160865499
1668009600000,0.0649,0.06629,0.06116,0.06362,154461273
1668024000000,0.06364,0.0662,0.05614,0.05812,243355345
1668038400000,0.05811,0.06381,0.05699,0.06256,139057655
1668052800000,0.06257,0.06735,0.06218,0.06576,130090257
1668067200000,0.06575,0.06634,0.06339,0.06491,123379395
1668081600000,0.06491,0.07196,0.06423,0.07151,173126772
1668096000000,0.07159,0.07209,0.0677,0.06879,117507738
1668110400000,0.06881,0.07046,0.0681,0.06938,74328091
1668124800000,0.06937,0.07061,0.06531,0.06615,67329850
1668139200000,0.06614,0.06894,0.06574,0.0681,54212893
1668153600000,0.06809,0.06821,0.06691,0.06741,57207740
1668168000000,0.06739,0.0685,0.06281,0.06497,104690172
1668182400000,0.065,0.06591,0.0635,0.06458,83302242
1668196800000,0.06459,0.06619,0.06326,0.06614,47473555
1668211200000,0.06617,0.06617,0.06373,0.06389,46639384
1668225600000,0.0639,0.06419,0.05985,0.06223,82290703
1668240000000,0.06224,0.0634,0.06154,0.06284,40907713
1668254400000,0.06285,0.06331,0.06149,0.06257,44204006
1668268800000,0.06256,0.06286,0.06168,0.06189,31711446
1668283200000,0.06188,0.06221,0.06087,0.06216,31667785
1668297600000,0.06216,0.06449,0.06117,0.06419,47565636
1668312000000,0.06419,0.06444,0.06125,0.06189,45197967
1668326400000,0.0619,0.06228,0.06021,0.06185,57898749
1668340800000,0.06182,0.06423,0.06142,0.06318,69908901
1668355200000,0.06322,0.06329,0.06178,0.06299,56951492
1668369600000,0.063,0.06319,0.06054,0.06158,56171520
1668384000000,0.06157,0.0621,0.05779,0.05931,88185705
1668398400000,0.05932,0.06285,0.05821,0.06261,71178607
1668412800000,0.06258,0.06338,0.06168,0.06229,50071503
1668427200000,0.06229,0.06391,0.06129,0.06257,65090071
1668441600000,0.06255,0.063,0.0608,0.06211,57236217
1668456000000,0.06212,0.06399,0.06205,0.06392,39155497
1668470400000,0.06393,0.06518,0.06282,0.06485,58744103
1668484800000,0.06483,0.06545,0.06385,0.06544,40613199
1668499200000,0.06543,0.0661,0.06477,0.06509,55911637
1668513600000,0.06507,0.067,0.06455,0.06611,64605210
1668528000000,0.06611,0.06637,0.06373,0.0645,50109818
1668542400000,0.06451,0.06477,0.06354,0.06424,32132533
1668556800000,0.06424,0.06529,0.06364,0.06506,33386446
1668571200000,0.06506,0.06512,0.06374,0.06417,30198217
1668585600000,0.06417,0.06417,0.06242,0.06255,60682082
1668600000000,0.06255,0.06286,0.06061,0.06098,71033715
1668614400000,0.06102,0.06214,0.06051,0.06151,38734736
1668628800000,0.0615,0.06217,0.06104,0.06159,28524069
1668643200000,0.06159,0.06219,0.06081,0.0611,29610756
1668657600000,0.0611,0.06161,0.06038,0.06134,36975231
1668672000000,0.06133,0.06155,0.0604,0.06102,30263641
1668686400000,0.06103,0.06107,0.0594,0.06006,61800644
1668700800000,0.06004,0.06092,0.05991,0.06011,32400736
1668715200000,0.0601,0.06085,0.06006,0.06036,23694138
1668729600000,0.06037,0.06182,0.06033,0.06134,32160760
1668744000000,0.06132,0.06137,0.06081,0.06111,26353878
1668758400000,0.06111,0.06113,0.06045,0.0608,32399189
1668772800000,0.06079,0.06116,0.05962,0.06012,56630893
1668787200000,0.06013,0.06042,0.0596,0.06004,43669654
1668801600000,0.06003,0.06058,0.05991,0.06043,26138070
1668816000000,0.06043,0.06045,0.05882,0.05947,42754477
1668830400000,0.05946,0.05967,0.05803,0.05885,40243098
1668844800000,0.05884,0.05962,0.05869,0.05952,25800797
1668859200000,0.05952,0.06026,0.05913,0.0602,33137939
1668873600000,0.0602,0.06029,0.05958,0.05965,31557770
1668888000000,0.05966,0.0606,0.05966,0.05995,33085682
1668902400000,0.05994,0.06054,0.05979,0.06026,31028591
1668916800000,0.06026,0.06066,0.06015,0.06022,21959162
1668931200000,0.06022,0.06038,0.0581,0.05856,67535665
1668945600000,0.05855,0.05907,0.05814,0.05881,37156859
1668960000000,0.05881,0.05959,0.05825,0.05901,49531487
1668974400000,0.05901,0.05912,0.05644,0.05678,82639737
1668988800000,0.05678,0.05746,0.05456,0.05535,100620112
1669003200000,0.05535,0.05629,0.05526,0.0557,46238824
1669017600000,0.05571,0.05581,0.05471,0.05484,49535438
1669032000000,0.05482,0.05581,0.05453,0.05522,52375790
1669046400000,0.05521,0.05545,0.05205,0.05304,109941625
1669060800000,0.05304,0.05422,0.05263,0.05376,72339663
1669075200000,0.05376,0.05453,0.05351,0.05378,51564609
1669089600000,0.05379,0.05393,0.05163,0.05235,51733077
1669104000000,0.05235,0.05246,0.05158,0.05204,48984309
1669118400000,0.05204,0.05531,0.05191,0.05514,104081245
1669132800000,0.05515,0.05536,0.05404,0.0547,53442901
1669147200000,0.0547,0.05532,0.05455,0.05505,41414671
1669161600000,0.05506,0.05665,0.05443,0.05646,60988491
1669176000000,0.05647,0.05715,0.05639,0.05691,46806653
1669190400000,0.05692,0.05794,0.05658,0.05717,72666076
1669204800000,0.05718,0.07,0.0561,0.06492,657849152
1669219200000,0.06491,0.06495,0.06071,0.0612,753169463
1669233600000,0.06121,0.0628,0.0609,0.06215,179450770
1669248000000,0.06214,0.06337,0.06031,0.06199,204747091
1669262400000,0.062,0.06267,0.0608,0.06096,102375783
1669276800000,0.06096,0.06127,0.05962,0.06021,112993702
1669291200000,0.06021,0.06066,0.05909,0.06017,109632521
1669305600000,0.06016,0.0609,0.05975,0.06039,76402226
1669320000000,0.06037,0.06241,0.06017,0.06239,73621213
1669334400000,0.06237,0.06237,0.05989,0.06087,108051215
1669348800000,0.06086,0.06088,0.05968,0.06038,50199557
1669363200000,0.06037,0.06348,0.06032,0.06345,145785086
1669377600000,0.06345,0.06468,0.06176,0.06299,327681675
1669392000000,0.06298,0.06302,0.06084,0.06178,138355967
1669406400000,0.06178,0.06275,0.06165,0.06235,52374546
1669420800000,0.06237,0.06394,0.06231,0.06374,69191066
1669435200000,0.06375,0.06577,0.0633,0.06511,114383132
1669449600000,0.06512,0.06568,0.06421,0.06481,79606359
1669464000000,0.06479,0.06502,0.06317,0.06392,97862535
1669478400000,0.06392,0.06412,0.06282,0.06294,48733447
1669492800000,0.06294,0.06335,0.062,0.0629,35068282
1669507200000,0.06289,0.06472,0.06283,0.06435,36653879
1669521600000,0.06433,0.06472,0.06374,0.06412,40623812
1669536000000,0.06412,0.06495,0.06371,0.06492,43421170
1669550400000,0.06491,0.06648,0.0648,0.06583,99358716
1669564800000,0.06584,0.06591,0.06415,0.06427,60200399
1669579200000,0.06427,0.06492,0.06248,0.06273,72145431
1669593600000,0.06273,0.06335,0.05876,0.05978,122239844
1669608000000,0.05976,0.06146,0.05971,0.0614,54256914
1669622400000,0.06141,0.06165,0.06012,0.06056,61461649
1669636800000,0.06056,0.06189,0.06,0.06075,76919312
1669651200000,0.06075,0.06216,0.0601,0.06166,56993060
1669665600000,0.06167,0.06259,0.06161,0.06222,58288521
1669680000000,0.06222,0.0633,0.06126,0.06217,130922740
1669694400000,0.06217,0.0629,0.06199,0.0627,48962364
1669708800000,0.06269,0.06387,0.06244,0.0629,51134728
1669723200000,0.06292,0.06307,0.06181,0.06258,58322862
1669737600000,0.0626,0.0626,0.06159,0.06224,45048943
1669752000000,0.06224,0.06313,0.06207,0.06255,39253142
1669766400000,0.06255,0.0646,0.06253,0.06324,70416951
1669780800000,0.06325,0.06406,0.06325,0.06351,31655415
1669795200000,0.06353,0.06386,0.06238,0.06342,38269418
1669809600000,0.06343,0.0635,0.06175,0.06255,89181299
1669824000000,0.06255,0.06377,0.06107,0.06328,98794466
1669838400000,0.06329,0.06497,0.06325,0.06459,49222611
1669852800000,0.06458,0.06525,0.06351,0.06485,55176414
1669867200000,0.06485,0.06491,0.06342,0.06381,38089536
1669881600000,0.06382,0.06432,0.06358,0.06427,31435148
1669896000000,0.06428,0.0648,0.06286,0.06379,85390024
1669910400000,0.0638,0.0649,0.06337,0.06434,56091908
1669924800000,0.06432,0.06464,0.06378,0.06438,31842895
1669939200000,0.06438,0.06503,0.06311,0.06345,56237787
1669953600000,0.06342,0.0648,0.06274,0.06458,40869366
1669968000000,0.06457,0.06495,0.06391,0.06455,46991941
1669982400000,0.06456,0.0652,0.06331,0.06453,70929217
1669996800000,0.06454,0.06525,0.06437,0.06516,47420897
1670011200000,0.06515,0.06522,0.06476,0.06488,28546838
1670025600000,0.06488,0.0663,0.06487,0.06544,68314806
1670040000000,0.06544,0.06547,0.06455,0.0647,31240114
1670054400000,0.0647,0.06551,0.06435,0.06513,30599995
1670068800000,0.06512,0.06527,0.0646,0.06481,27143285
1670083200000,0.06481,0.06497,0.0642,0.06443,30499133
1670097600000,0.06442,0.06442,0.06258,0.06283,38484409
1670112000000,0.06281,0.06385,0.06271,0.06363,24747132
1670126400000,0.06363,0.06407,0.06343,0.06364,21703991
1670140800000,0.06365,0.06385,0.06282,0.06305,144546916
1670155200000,0.06305,0.06431,0.06294,0.06331,48144664
1670169600000,0.06331,0.06399,0.06304,0.0639,22440983
1670184000000,0.06391,0.06428,0.0637,0.06392,22929852
1670198400000,0.06392,0.06485,0.06373,0.06441,31819411
1670212800000,0.06441,0.0653,0.06441,0.06497,34500419
1670227200000,0.06495,0.06564,0.06486,0.06539,37367258
1670241600000,0.06541,0.06543,0.06373,0.06434,46562256
1670256000000,0.06436,0.0651,0.06302,0.06356,65592198
1670270400000,0.06355,0.06413,0.06326,0.06404,30125959
1670284800000,0.06405,0.06438,0.0639,0.06394,30095092
1670299200000,0.06396,0.06454,0.0636,0.06436,30909882
1670313600000,0.06437,0.06491,0.06384,0.06428,45862020
1670328000000,0.06427,0.06453,0.06333,0.06342,45703402
1670342400000,0.0634,0.06392,0.063,0.06336,64499125
1670356800000,0.06337,0.06423,0.06334,0.06414,23002175
1670371200000,0.06414,0.06434,0.06385,0.06403,23571136
1670385600000,0.06405,0.06439,0.06069,0.06098,74171718
1670400000000,0.06097,0.06203,0.06065,0.06173,43292549
1670414400000,0.06173,0.06255,0.06167,0.0625,32005188
1670428800000,0.06251,0.06251,0.06166,0.06176,28570861
1670443200000,0.06175,0.06179,0.06121,0.06163,27951811
1670457600000,0.06164,0.06197,0.06116,0.06189,28738851
1670472000000,0.06189,0.06227,0.06152,0.06204,25647915
1670486400000,0.06203,0.0626,0.06128,0.06214,63505904
1670500800000,0.06214,0.06265,0.06175,0.06241,52034579
1670515200000,0.06242,0.06384,0.06215,0.06377,45482690
1670529600000,0.06376,0.06395,0.06324,0.06359,30766120
1670544000000,0.0636,0.0638,0.06303,0.06355,33195414
1670558400000,0.06356,0.06839,0.06346,0.06603,434743454
1670572800000,0.06602,0.07,0.06551,0.06831,343928602
1670587200000,0.06833,0.06843,0.06607,0.06683,227403149
1670601600000,0.06681,0.06682,0.06529,0.06547,105399238
1670616000000,0.06547,0.06582,0.06499,0.06533,76337994
1670630400000,0.06534,0.06685,0.06515,0.06669,106771090
1670644800000,0.0667,0.06945,0.06645,0.06925,590077723
1670659200000,0.06926,0.07193,0.0687,0.0709,1298494245
1670673600000,0.0709,0.07378,0.07011,0.07288,1138032743
1670688000000,0.07288,0.07356,0.0718,0.07272,1006044554
1670702400000,0.07273,0.07287,0.07123,0.07221,686875311
1670716800000,0.0722,0.07222,0.06966,0.07011,733812030
1670731200000,0.07011,0.07079,0.06923,0.0704,432927858
1670745600000,0.07039,0.07129,0.07014,0.071,327181180
1670760000000,0.07099,0.07107,0.06951,0.07,287260110
1670774400000,0.07001,0.07038,0.06861,0.06926,245136961
1670788800000,0.06925,0.07017,0.0685,0.06928,225336922
1670803200000,0.06928,0.07005,0.06587,0.06751,296325512
1670817600000,0.06752,0.06785,0.06617,0.06625,107559764
1670832000000,0.06626,0.06747,0.0657,0.06728,121412392
1670846400000,0.06729,0.06833,0.0666,0.06772,162707231
1670860800000,0.06771,0.0681,0.06611,0.06747,113868041
1670875200000,0.06747,0.06863,0.06719,0.06801,85029846
1670889600000,0.068,0.06928,0.06707,0.06718,105668956
1670904000000,0.06718,0.06718,0.06551,0.06644,155917080
1670918400000,0.06644,0.0665,0.06526,0.06617,131604967
1670932800000,0.06616,0.06824,0.06566,0.06688,166954190
1670947200000,0.06688,0.06744,0.06611,0.06679,73535156
1670961600000,0.06679,0.0672,0.06667,0.06718,36236662
1670976000000,0.06718,0.06827,0.06715,0.06781,64089153
1670990400000,0.06781,0.06812,0.06714,0.06733,46118650
1671004800000,0.06734,0.0684,0.067,0.06768,91143048
1671019200000,0.06768,0.06833,0.06729,0.06795,79332400
1671033600000,0.06797,0.06814,0.06346,0.06565,141537878
1671048000000,0.06565,0.06624,0.06507,0.06568,58970889
1671062400000,0.06569,0.06703,0.06525,0.06666,92129351
1671076800000,0.06666,0.06676,0.06499,0.06514,58333092
1671091200000,0.06513,0.0654,0.06451,0.06502,67736042
1671105600000,0.06501,0.06516,0.06421,0.06447,64386995
1671120000000,0.06447,0.06481,0.0636,0.06461,56789513
1671134400000,0.06464,0.0647,0.06327,0.06387,48297120
1671148800000,0.06386,0.06467,0.06368,0.06451,30693508
1671163200000,0.06452,0.06472,0.06407,0.06445,28368846
1671177600000,0.06446,0.06464,0.06041,0.06126,173615859
1671192000000,0.06125,0.06162,0.06,0.06069,79837216
1671206400000,0.06069,0.06075,0.05979,0.06028,62204398
1671220800000,0.06028,0.06047,0.05481,0.05612,150587010
1671235200000,0.05611,0.05702,0.0549,0.05686,82673506
1671249600000,0.05688,0.05802,0.05676,0.05776,56162706
1671264000000,0.05776,0.0579,0.05699,0.05737,43201418
1671278400000,0.05737,0.05772,0.0571,0.05731,38783050
1671292800000,0.05731,0.05732,0.05657,0.05692,34927773
1671307200000,0.05691,0.05805,0.05676,0.05789,50220626
1671321600000,0.05789,0.05807,0.05718,0.05773,33492236
1671336000000,0.05774,0.05807,0.05744,0.05765,23616071
1671350400000,0.05766,0.05796,0.05707,0.05732,28285160
1671364800000,0.05731,0.05781,0.05699,0.05709,21124687
1671379200000,0.05707,0.05792,0.05699,0.05766,32653951
1671393600000,0.05767,0.0582,0.05729,0.05753,40014716
1671408000000,0.05752,0.05857,0.0564,0.05702,55794509
1671422400000,0.05701,0.0574,0.05685,0.05723,31689371
1671436800000,0.05722,0.05839,0.05718,0.05829,38434470
1671451200000,0.0583,0.05879,0.05725,0.05727,72190802
1671465600000,0.05729,0.05734,0.05527,0.05573,93927570
1671480000000,0.05574,0.0562,0.0536,0.05502,72141250
1671494400000,0.05501,0.05741,0.05476,0.05679,66374944
1671508800000,0.05681,0.05804,0.05678,0.05733,51819338
1671523200000,0.05734,0.0575,0.05689,0.05723,37161010
1671537600000,0.05723,0.0579,0.05637,0.05741,60177681
1671552000000,0.0574,0.05744,0.05677,0.05733,34065660
1671566400000,0.05733,0.05774,0.05707,0.05735,25160338
1671580800000,0.05735,0.05742,0.05668,0.05701,43303799
1671595200000,0.05701,0.05712,0.05618,0.05701,39596140
1671609600000,0.05702,0.05798,0.05658,0.05794,53524620
1671624000000,0.05795,0.05801,0.05688,0.05763,58033661
1671638400000,0.05764,0.05764,0.0563,0.05653,48674056
1671652800000,0.05652,0.05745,0.05624,0.05743,37669739
1671667200000,0.0574,0.05823,0.05703,0.05821,52196233
1671681600000,0.05821,0.05883,0.05745,0.05808,88557503
1671696000000,0.05809,0.05842,0.05764,0.05791,63590514
1671710400000,0.05792,0.05809,0.0566,0.05703,81017431
1671724800000,0.05702,0.05778,0.05674,0.05717,44991070
1671739200000,0.05718,0.05867,0.05717,0.05845,66435082
1671753600000,0.05845,0.05905,0.05815,0.05854,40273612
1671768000000,0.05853,0.05873,0.05819,0.05828,27164616
1671782400000,0.05828,0.05854,0.058,0.05833,25289557
1671796800000,0.05832,0.05862,0.05756,0.05847,58776548
1671811200000,0.05845,0.05871,0.05828,0.05866,34667142
1671825600000,0.05866,0.05876,0.05812,0.05844,22863093
1671840000000,0.05844,0.05854,0.05787,0.05819,20636319
1671854400000,0.05819,0.05847,0.05766,0.05783,25113980
1671868800000,0.05784,0.05786,0.0574,0.05753,18742745
1671883200000,0.05754,0.05762,0.05739,0.05752,16729458
1671897600000,0.05752,0.05823,0.05746,0.05791,42132858
1671912000000,0.05791,0.05804,0.05764,0.05778,18355806
1671926400000,0.05778,0.05785,0.05722,0.0573,23085172
1671940800000,0.0573,0.05745,0.05683,0.05736,22550403
1671955200000,0.05735,0.05735,0.05664,0.05664,22461357
1671969600000,0.05665,0.05675,0.05573,0.05627,58138782
1671984000000,0.05627,0.05662,0.05549,0.05657,53538719
1671998400000,0.05657,0.05809,0.05634,0.05777,86372763
1672012800000,0.05779,0.06086,0.05742,0.06066,198327799
1672027200000,0.06067,0.06067,0.0593,0.05982,234512453
1672041600000,0.0598,0.06064,0.05951,0.0601,239723976
1672056000000,0.06011,0.06077,0.05963,0.05968,184354357
1672070400000,0.05968,0.06022,0.05918,0.05997,158855350
1672084800000,0.05996,0.06017,0.05951,0.05999,75939409
1672099200000,0.06,0.06022,0.05906,0.05948,66349942
1672113600000,0.05947,0.05965,0.05902,0.05933,48981200
1672128000000,0.05932,0.06067,0.05921,0.05976,114508065
1672142400000,0.05976,0.05991,0.05812,0.05902,134547741
1672156800000,0.05901,0.05935,0.05825,0.05921,76157924
1672171200000,0.05921,0.05974,0.05888,0.05944,53147120
1672185600000,0.05943,0.0598,0.05765,0.0579,86396414
1672200000000,0.05788,0.05819,0.05624,0.05729,94854830
1672214400000,0.05729,0.05756,0.05663,0.05697,47276678
1672228800000,0.05697,0.058,0.05663,0.05674,97207976
1672243200000,0.05674,0.05734,0.05667,0.05677,48233825
1672257600000,0.05676,0.05709,0.0555,0.05594,71996692
1672272000000,0.05594,0.05624,0.05479,0.05616,57541810
1672286400000,0.05615,0.05649,0.05587,0.05613,32029571
1672300800000,0.05611,0.05632,0.05561,0.05602,42325793
1672315200000,0.05603,0.05673,0.05587,0.05646,42805732
1672329600000,0.05646,0.05684,0.05551,0.05586,46983973
1672344000000,0.05587,0.05596,0.05367,0.05512,131784136
1672358400000,0.05512,0.05552,0.05451,0.05497,51165188
1672372800000,0.05498,0.05511,0.05403,0.05465,59071887
1672387200000,0.05464,0.05496,0.05434,0.05464,33868213
1672401600000,0.05463,0.05522,0.05372,0.05499,69286869
1672416000000,0.055,0.0554,0.05472,0.05496,33620934
1672430400000,0.05498,0.05577,0.05495,0.05515,32464781
1672444800000,0.05516,0.05543,0.05481,0.05495,17329610
1672459200000,0.05494,0.05532,0.05484,0.05505,17138270
1672473600000,0.05506,0.05565,0.05501,0.05557,22390265
1672488000000,0.05557,0.05618,0.0554,0.05583,40402972
1672502400000,0.05584,0.05608,0.05551,0.05573,27416463
1672516800000,0.05573,0.05588,0.05504,0.05543,25500701
1672531200000,0.05543,0.05587,0.05521,0.05575,22751228
1672545600000,0.05575,0.05586,0.05547,0.05576,18358795
1672560000000,0.05574,0.05607,0.05538,0.05554,28717762
1672574400000,0.05553,0.0557,0.05507,0.05553,27096351
1672588800000,0.05553,0.05615,0.05534,0.05604,25271207
1672603200000,0.05605,0.05663,0.05589,0.05646,30867874
1672617600000,0.05645,0.05678,0.05541,0.05663,38335159
1672632000000,0.05663,0.05827,0.05644,0.05763,73798250
1672646400000,0.05765,0.05813,0.05741,0.05772,45814583
1672660800000,0.05773,0.05919,0.05772,0.05908,72205417
1672675200000,0.0591,0.05984,0.05894,0.05943,93750120
1672689600000,0.05943,0.05994,0.05896,0.05956,55317647
1672704000000,0.05955,0.05958,0.0587,0.05934,44762167
1672718400000,0.05934,0.05953,0.05889,0.05943,46979921
1672732800000,0.05943,0.06112,0.05915,0.05997,130818996
1672747200000,0.05998,0.06037,0.05912,0.05993,79771461
1672761600000,0.05992,0.06026,0.05849,0.05887,76019130
1672776000000,0.05888,0.06015,0.05881,0.05999,44675088
1672790400000,0.05999,0.06214,0.05987,0.06152,85505446
1672804800000,0.06152,0.06185,0.06098,0.06158,55606737
1672819200000,0.06157,0.06177,0.06102,0.06156,40145123
1672833600000,0.06156,0.06207,0.06031,0.06113,67074055
1672848000000,0.06113,0.06194,0.06069,0.06112,73027849
1672862400000,0.06112,0.06116,0.05986,0.06103,55048457
1672876800000,0.06103,0.06199,0.0605,0.06178,51244167
1672891200000,0.06178,0.06227,0.06104,0.06147,47629028
1672905600000,0.06146,0.06164,0.06068,0.06137,44217189
1672920000000,0.06137,0.06151,0.05974,0.06042,74796067
1672934400000,0.06042,0.06126,0.06014,0.06103,35354567
1672948800000,0.06104,0.06125,0.06006,0.06062,37070962
1672963200000,0.06062,0.06175,0.06061,0.06107,46133650
1672977600000,0.06107,0.06123,0.059,0.05908,54920092
1672992000000,0.05908,0.05959,0.05804,0.05869,101769451
1673006400000,0.05869,0.06013,0.0581,0.06006,92112835
1673020800000,0.06006,0.0626,0.05974,0.06202,147602238
1673035200000,0.06201,0.0623,0.0614,0.06202,44726123
1673049600000,0.06202,0.06269,0.06168,0.06228,45939268
1673064000000,0.0623,0.06244,0.06146,0.06202,31197183
1673078400000,0.06203,0.06223,0.06147,0.06162,33419599
1673092800000,0.06162,0.06177,0.06112,0.06162,33534757
1673107200000,0.06162,0.06237,0.0612,0.06234,33100892
1673121600000,0.06234,0.06442,0.06184,0.06397,129102043
1673136000000,0.06395,0.06436,0.06179,0.06369,197136685
1673150400000,0.06368,0.06984,0.0635,0.06897,906581830
1673164800000,0.06895,0.06895,0.06727,0.06752,818963785
1673179200000,0.06753,0.06758,0.0665,0.06679,478886851
1673193600000,0.06679,0.06795,0.06582,0.06679,341041952
1673208000000,0.0668,0.0715,0.06679,0.06984,593987429
1673222400000,0.06983,0.07096,0.06855,0.06969,222256142
1673236800000,0.0697,0.07269,0.06968,0.07142,218879860
1673251200000,0.07142,0.07252,0.07022,0.07043,169917679
1673265600000,0.07044,0.07364,0.07042,0.07293,289728660
1673280000000,0.07292,0.07384,0.07131,0.07184,203569322
1673294400000,0.07183,0.07233,0.0702,0.07066,151590304
1673308800000,0.07066,0.07328,0.06823,0.0723,229315900
1673323200000,0.0723,0.0723,0.0698,0.07016,160494861
1673337600000,0.07017,0.07262,0.07012,0.07125,149653463
1673352000000,0.07126,0.07171,0.06986,0.07126,176242728
1673366400000,0.07126,0.07255,0.06949,0.07244,136943091
1673380800000,0.07246,0.07466,0.07113,0.07281,211462717
1673395200000,0.07283,0.07347,0.07028,0.07094,172883753
1673409600000,0.07096,0.0713,0.06979,0.07072,99752097
1673424000000,0.07077,0.07136,0.07002,0.07064,95529679
1673438400000,0.07064,0.07135,0.06857,0.06884,198953358
1673452800000,0.06885,0.07069,0.06802,0.07059,154276484
1673467200000,0.07058,0.07274,0.07035,0.07209,125882849
1673481600000,0.0721,0.07389,0.07174,0.07219,147131071
1673496000000,0.07219,0.0724,0.07019,0.07138,112716668
1673510400000,0.07137,0.07147,0.06919,0.07026,109993561
1673524800000,0.07025,0.07192,0.068,0.07012,242875881
1673539200000,0.07012,0.07336,0.07003,0.07262,212287306
1673553600000,0.07261,0.07487,0.07226,0.07332,145754677
1673568000000,0.07332,0.07471,0.07267,0.07452,126472942
1673582400000,0.07451,0.07453,0.07237,0.073,103619843
1673596800000,0.07298,0.07459,0.07238,0.0726,124317123
1673611200000,0.07261,0.07595,0.07108,0.07592,208705356
1673625600000,0.07592,0.07801,0.07415,0.075,359940221
1673640000000,0.07503,0.07718,0.07438,0.07668,201174366
1673654400000,0.07668,0.08046,0.07657,0.07833,262332336
1673668800000,0.07833,0.082,0.07782,0.08152,173532082
1673683200000,0.08152,0.08368,0.072,0.07811,373461685
1673697600000,0.07811,0.08127,0.07711,0.08037,219152799
1673712000000,0.08038,0.08127,0.07922,0.08007,114364122
1673726400000,0.08005,0.08279,0.07964,0.08223,87776425
1673740800000,0.08222,0.08383,0.08,0.08053,181395221
1673755200000,0.08054,0.0811,0.0788,0.0796,78690548
1673769600000,0.07958,0.08081,0.07762,0.08072,108520166
1673784000000,0.08068,0.08892,0.08028,0.08725,534167410
1673798400000,0.08724,0.08932,0.08562,0.08689,285064649
1673812800000,0.08689,0.0878,0.08458,0.08515,115321797
1673827200000,0.08514,0.0874,0.08407,0.08591,134180482
1673841600000,0.0859,0.08821,0.0852,0.08676,126760547
1673856000000,0.08678,0.08681,0.08085,0.08324,204246129
1673870400000,0.08323,0.08386,0.07878,0.08171,151793753
1673884800000,0.08169,0.08317,0.08117,0.08302,101894249
1673899200000,0.08299,0.0832,0.08136,0.0817,90178749
1673913600000,0.0817,0.08272,0.07965,0.08146,106291892
1673928000000,0.08146,0.08281,0.08133,0.08264,70515321
1673942400000,0.08262,0.08498,0.08251,0.08441,110790688
1673956800000,0.08441,0.08576,0.08222,0.08412,164763776
1673971200000,0.08413,0.08428,0.08263,0.08354,95298230
1673985600000,0.08354,0.08374,0.08035,0.08103,96612035
1674000000000,0.08104,0.08232,0.08081,0.08128,84711866
1674014400000,0.08124,0.08208,0.08015,0.0804,58214102
1674028800000,0.08039,0.08054,0.07815,0.07922,130168522
1674043200000,0.07922,0.08203,0.07438,0.07709,205124052
1674057600000,0.07709,0.07786,0.073,0.07642,268071162
1674072000000,0.07643,0.07685,0.07412,0.07449,91292463
1674086400000,0.0745,0.07666,0.07447,0.07615,70204861
1674100800000,0.07615,0.07716,0.0757,0.07588,45817330
1674115200000,0.0759,0.07629,0.07456,0.07467,58851494
1674129600000,0.07467,0.07659,0.0736,0.07581,118868512
1674144000000,0.07582,0.0783,0.07544,0.07809,86681880
1674158400000,0.07808,0.07843,0.07677,0.07791,76058375
1674172800000,0.0779,0.0797,0.07729,0.07864,69231360
1674187200000,0.07865,0.07956,0.07761,0.07934,70026480
1674201600000,0.07937,0.07937,0.07687,0.07698,72498610
1674216000000,0.07697,0.07893,0.0769,0.07861,96135766
1674230400000,0.07861,0.08118,0.07814,0.08102,103028949
1674244800000,0.08103,0.08463,0.08103,0.08381,134315568
1674259200000,0.08382,0.08535,0.08257,0.08441,103300830
1674273600000,0.08441,0.08616,0.08439,0.08536,64200304
1674288000000,0.08537,0.08662,0.08201,0.08518,160609389
1674302400000,0.08518,0.08562,0.08298,0.08336,87022168
1674316800000,0.08338,0.08548,0.08316,0.08539,67066379
1674331200000,0.0854,0.0857,0.08236,0.08248,78226567
1674345600000,0.08249,0.0852,0.0824,0.08321,61164193
1674360000000,0.08322,0.08424,0.08281,0.08314,41643108
1674374400000,0.08315,0.08438,0.0825,0.08366,60155953
1674388800000,0.08366,0.08595,0.0827,0.08495,110920636
1674403200000,0.08492,0.0878,0.08386,0.08498,118201991
1674417600000,0.085,0.08513,0.08057,0.08303,121879670
1674432000000,0.08302,0.086,0.08299,0.08423,94735326
1674446400000,0.08423,0.0875,0.08423,0.08674,94807356
1674460800000,0.08674,0.09298,0.08646,0.0905,274086242
1674475200000,0.09052,0.0921,0.08579,0.09098,328680092
1674489600000,0.09099,0.09145,0.08782,0.0888,150872690
1674504000000,0.08879,0.09046,0.08863,0.09002,82379111
1674518400000,0.09001,0.09176,0.08836,0.09141,92523603
1674532800000,0.09142,0.0968,0.09095,0.09234,248776501
1674547200000,0.09234,0.09487,0.09177,0.09356,150004522
1674561600000,0.09358,0.09541,0.0925,0.09533,151315497
1674576000000,0.09535,0.0955,0.09177,0.09394,142537942
1674590400000,0.09392,0.09441,0.08602,0.08936,188107250
1674604800000,0.08938,0.09041,0.08432,0.08855,155054830
1674619200000,0.08853,0.09457,0.08738,0.09433,128779022
1674633600000,0.09433,0.09597,0.08961,0.0899,177321411
1674648000000,0.08989,0.09145,0.0888,0.09013,156529927
1674662400000,0.09008,0.09163,0.08791,0.08925,121100352
1674676800000,0.08926,0.09435,0.08912,0.09167,154191756
1674691200000,0.09169,0.09298,0.09091,0.09134,68092620
1674705600000,0.09132,0.09355,0.0908,0.09172,95487478
1674720000000,0.09176,0.09337,0.08917,0.08988,125592869
1674734400000,0.08988,0.09211,0.0886,0.08969,148987061
1674748800000,0.08966,0.09201,0.08817,0.09176,115769256
1674763200000,0.09174,0.09242,0.09047,0.09212,74246864
1674777600000,0.09211,0.094,0.089,0.08988,111621718
1674792000000,0.08989,0.09133,0.08927,0.09119,51755633
1674806400000,0.09119,0.0935,0.0896,0.09282,111085147
1674820800000,0.09282,0.0958,0.09222,0.09432,207162944
1674835200000,0.0943,0.09692,0.09412,0.09601,95444271
1674849600000,0.09601,0.0968,0.09433,0.09579,82372763
1674864000000,0.09579,0.09743,0.09526,0.09611,54931695
1674878400000,0.09612,0.09784,0.09401,0.09429,64229407
1674892800000,0.09428,0.09467,0.09267,0.0937,64677332
1674907200000,0.0937,0.09401,0.09166,0.09376,80750945
1674921600000,0.09378,0.09432,0.09266,0.0938,44630395
1674936000000,0.09381,0.09386,0.09191,0.09281,35768163
1674950400000,0.09281,0.09456,0.09115,0.09434,62140717
1674964800000,0.09435,0.0946,0.09326,0.09374,31004390
1674979200000,0.09373,0.09546,0.09284,0.09545,47717324
1674993600000,0.09545,0.09642,0.09475,0.09582,53690017
1675008000000,0.0958,0.09643,0.09496,0.09623,37447552
1675022400000,0.09623,0.09697,0.0952,0.09652,40932081
1675036800000,0.09656,0.09709,0.0944,0.0951,41085577
1675051200000,0.09511,0.09581,0.09266,0.09377,52197729
1675065600000,0.09374,0.09387,0.0882,0.0891,130808275
1675080000000,0.08912,0.09039,0.08862,0.0899,71247218
1675094400000,0.08991,0.09083,0.085,0.08715,102876080
1675108800000,0.08713,0.08738,0.08518,0.08708,68134603
1675123200000,0.08708,0.08887,0.0868,0.0876,59927407
1675137600000,0.08761,0.08977,0.08693,0.08971,44503076
1675152000000,0.08973,0.08979,0.08733,0.08834,45504670
1675166400000,0.08835,0.09001,0.08763,0.08933,59476119
1675180800000,0.08933,0.09039,0.08907,0.08989,65264033
1675195200000,0.08988,0.09,0.087,0.08868,68143992
1675209600000,0.08867,0.08934,0.08803,0.08904,49633417
1675224000000,0.08905,0.08945,0.08578,0.0864,57404480
1675238400000,0.0864,0.087,0.08519,0.08681,57713857
1675252800000,0.08679,0.08744,0.08361,0.08458,87453881
1675267200000,0.08456,0.09034,0.08311,0.08909,160053112
1675281600000,0.08908,0.09415,0.08908,0.09318,141575744
1675296000000,0.0932,0.09585,0.0932,0.09415,83109745
1675310400000,0.09413,0.0951,0.09284,0.09311,42720432
1675324800000,0.09311,0.09464,0.09306,0.09448,41605739
1675339200000,0.09446,0.09642,0.09305,0.09606,89021348
1675353600000,0.09607,0.10153,0.09532,0.09774,201234400
1675368000000,0.09774,0.09853,0.09382,0.09522,107578582
1675382400000,0.09523,0.09659,0.09394,0.09489,67369694
1675396800000,0.0949,0.09646,0.09385,0.09428,45574881
1675411200000,0.09428,0.09737,0.09338,0.09728,53253991
1675425600000,0.09727,0.10063,0.09489,0.09903,173546367
1675440000000,0.09902,0.10194,0.0974,0.09744,146054621
1675454400000,0.09744,0.09932,0.09701,0.09899,39366299
1675468800000,0.09899,0.09974,0.09766,0.09809,47131153
1675483200000,0.09809,0.09977,0.09747,0.09958,36432504
1675497600000,0.09957,0.0996,0.09777,0.09881,37444461
1675512000000,0.09878,0.10078,0.09848,0.09972,55327706
1675526400000,0.09971,0.11273,0.09952,0.11127,402330714
1675540800000,0.11132,0.11567,0.10903,0.11358,729618578
1675555200000,0.11358,0.11421,0.11003,0.11111,271609571
1675569600000,0.11108,0.11279,0.11022,0.11262,238069359
1675584000000,0.11263,0.1204,0.11124,0.11725,1014100296
1675598400000,0.11722,0.1207,0.11074,0.11608,934202541
1675612800000,0.11608,0.11872,0.11242,0.11624,580095504
1675627200000,0.11624,0.13269,0.11604,0.13201,960007727
1675641600000,0.13197,0.13776,0.12884,0.1309,678825143
1675656000000,0.1309,0.13166,0.12716,0.12949,320484647
1675670400000,0.12946,0.13169,0.12591,0.13035,339335169
1675684800000,0.13031,0.1353,0.12903,0.13315,540874598
1675699200000,0.13319,0.13849,0.1297,0.13227,553339176
1675713600000,0.13232,0.13698,0.12691,0.12923,443744964
1675728000000,0.12919,0.14179,0.1282,0.13883,484384989
1675742400000,0.13883,0.15251,0.13601,0.15128,739839433
1675756800000,0.15128,0.17895,0.14812,0.17125,1787557854
1675771200000,0.17122,0.1865,0.1707,0.17807,2168728232
1675785600000,0.17804,0.20625,0.17633,0.20424,2147661189
1675800000000,0.20419,0.23292,0.1998,0.20862,2658646586
1675814400000,0.20867,0.21176,0.197,0.20387,1024051094
1675828800000,0.20387,0.20845,0.18775,0.19251,1262228601
1675843200000,0.19251,0.19258,0.18133,0.18494,888472299
1675857600000,0.18496,0.19195,0.1772,0.18065,940396059
1675872000000,0.18065,0.18349,0.17057,0.17829,912714300
1675886400000,0.17827,0.18226,0.17341,0.17542,419680654
1675900800000,0.17543,0.18683,0.16557,0.16784,884298413
1675915200000,0.16783,0.1808,0.16664,0.17686,586013074
1675929600000,0.17685,0.1845,0.17255,0.17986,544207240
1675944000000,0.17989,0.1799,0.16576,0.16626,687844741
1675958400000,0.16622,0.16839,0.14413,0.15193,1175831057
1675972800000,0.15197,0.15372,0.1405,0.14761,729733193
1675987200000,0.14763,0.15351,0.14625,0.14902,413838668
1676001600000,0.14901,0.15757,0.14349,0.15567,570882907
1676016000000,0.15568,0.15976,0.1514,0.15207,562441074
1676030400000,0.15205,0.16923,0.14954,0.15886,974415201
1676044800000,0.15885,0.1745,0.15739,0.16712,1213649970
1676059200000,0.16713,0.16836,0.16,0.16645,506663185
1676073600000,0.16643,0.16748,0.15642,0.1606,415343078
1676088000000,0.16057,0.16614,0.15818,0.1623,344763653
1676102400000,0.16228,0.16237,0.15647,0.15967,263363702
1676116800000,0.15965,0.16376,0.15746,0.15881,406071870
1676131200000,0.15882,0.16095,0.1553,0.15972,260181345
1676145600000,0.15971,0.16486,0.15781,0.16151,232577036
1676160000000,0.16148,0.16918,0.16048,0.16491,329169205
1676174400000,0.16489,0.16504,0.16038,0.16153,196902533
1676188800000,0.16156,0.16946,0.16088,0.16534,268500162
1676203200000,0.16534,0.16744,0.1605,0.16243,268629616
1676217600000,0.16241,0.16576,0.15867,0.16126,220070609
1676232000000,0.16125,0.16243,0.151,0.15419,320328142
1676246400000,0.15419,0.15619,0.15022,0.15404,237601625
1676260800000,0.15405,0.15586,0.15311,0.15363,147292925
1676275200000,0.15362,0.15363,0.1434,0.14634,415924009
1676289600000,0.14634,0.14866,0.14286,0.1444,268073138
1676304000000,0.14442,0.14585,0.13923,0.14399,322670636
1676318400000,0.14399,0.1482,0.14251,0.14747,168198237
1676332800000,0.14747,0.1488,0.14513,0.14767,130286926
1676347200000,0.14768,0.15,0.14595,0.14933,152048319
1676361600000,0.14934,0.16096,0.14612,0.15903,557077562
1676376000000,0.15905,0.16853,0.15213,0.16255,930778589
1676390400000,0.16255,0.1747,0.16133,0.17002,727106891
1676404800000,0.17002,0.17065,0.16617,0.1691,305425289
1676419200000,0.16909,0.1693,0.16496,0.16835,220996063
1676433600000,0.16831,0.1788,0.16791,0.17473,566403330
1676448000000,0.1747,0.17615,0.17111,0.17455,505574538
1676462400000,0.17459,0.18341,0.17137,0.18143,604771663
1676476800000,0.18142,0.18439,0.17719,0.18298,375535373
1676491200000,0.18296,0.18692,0.18038,0.18468,329774475
1676505600000,0.18471,0.18705,0.18056,0.18496,246684666
1676520000000,0.18496,0.18572,0.1759,0.17926,264257401
1676534400000,0.17922,0.18021,0.17525,0.17607,196228515
1676548800000,0.17609,0.18099,0.17251,0.18089,412262260
1676563200000,0.18089,0.1835,0.17545,0.17651,395022635
1676577600000,0.1765,0.17691,0.16255,0.16343,440750644
1676592000000,0.16346,0.17107,0.16279,0.16972,222259033
1676606400000,0.16971,0.17256,0.16772,0.17037,179930021
1676620800000,0.17037,0.17205,0.16626,0.16636,157200449
1676635200000,0.16637,0.17129,0.16551,0.16944,281185421
1676649600000,0.16943,0.17137,0.16502,0.16924,236999799
1676664000000,0.16923,0.1737,0.16406,0.16774,229631888
1676678400000,0.16774,0.17068,0.16719,0.16931,105369543
1676692800000,0.16929,0.17278,0.1667,0.16715,136073129
1676707200000,0.16716,0.16988,0.166,0.16865,130077198
1676721600000,0.16865,0.17063,0.16709,0.16858,137172715
1676736000000,0.16857,0.18188,0.16824,0.17683,415630645
1676750400000,0.17686,0.18088,0.17261,0.17708,298399512
1676764800000,0.17708,0.18474,0.17651,0.17876,252981544
1676779200000,0.17874,0.18406,0.1775,0.18129,194150952
1676793600000,0.18129,0.1822,0.17586,0.17802,205441832
1676808000000,0.17802,0.1821,0.17801,0.1809,268570563
1676822400000,0.18092,0.18338,0.16874,0.16986,362631671
1676836800000,0.16985,0.17159,0.16701,0.16893,135588039
1676851200000,0.16889,0.17158,0.16238,0.16943,155953414
1676865600000,0.16943,0.1727,0.16935,0.17246,94480128
1676880000000,0.17249,0.17482,0.1696,0.17397,166116619
1676894400000,0.17399,0.17462,0.16961,0.17095,154494994
1676908800000,0.17097,0.17418,0.16705,0.17356,155683717
1676923200000,0.17357,0.1744,0.17006,0.17126,76975411
1676937600000,0.17128,0.17212,0.16726,0.17004,101736337
1676952000000,0.17004,0.17575,0.16787,0.17424,171118866
1676966400000,0.17425,0.18085,0.16684,0.17323,460296307
1676980800000,0.17321,0.17726,0.16614,0.16831,287112552
1676995200000,0.16831,0.17058,0.1645,0.16751,149501138
1677009600000,0.16752,0.16789,0.163,0.16744,115180553
1677024000000,0.16748,0.16845,0.15855,0.164,152067223
1677038400000,0.16402,0.16452,0.15766,0.15997,139511724
1677052800000,0.15996,0.1601,0.15523,0.15948,175147873
1677067200000,0.15947,0.16228,0.15363,0.15521,184596737
1677081600000,0.15522,0.16164,0.1547,0.15944,175102228
1677096000000,0.15941,0.16474,0.15833,0.16345,106005896
1677110400000,0.16344,0.16752,0.16267,0.16612,100351364
1677124800000,0.16611,0.16838,0.16449,0.16606,71194103
1677139200000,0.16607,0.16697,0.15838,0.15999,120037491
1677153600000,0.15997,0.17277,0.15863,0.16414,370138596
1677168000000,0.16413,0.1652,0.15959,0.16262,150367572
1677182400000,0.16264,0.16362,0.16036,0.1608,67209438
1677196800000,0.1608,0.16423,0.16,0.16169,86299215
1677211200000,0.16171,0.16372,0.16049,0.16211,65087343
1677225600000,0.16211,0.16561,0.16009,0.16552,132086239
1677240000000,0.16551,0.16594,0.15658,0.15695,206393728
1677254400000,0.15694,0.15722,0.15,0.1543,236529338
1677268800000,0.1543,0.15682,0.15071,0.15479,98506231
1677283200000,0.15476,0.15571,0.15212,0.15228,53950114
1677297600000,0.15227,0.15269,0.14866,0.15056,71311724
1677312000000,0.15055,0.1517,0.14707,0.14872,68743742
1677326400000,0.14873,0.15032,0.14594,0.14816,102948071
1677340800000,0.14814,0.1499,0.14304,0.14451,122368828
1677355200000,0.14455,0.14925,0.14107,0.14885,129993636
1677369600000,0.14886,0.15518,0.14841,0.15476,116806337
1677384000000,0.15475,0.16072,0.15303,0.15809,109094812
1677398400000,0.1581,0.15947,0.15575,0.15632,108453178
1677412800000,0.15632,0.15688,0.15431,0.15578,88524113
1677427200000,0.1558,0.15966,0.15365,0.15922,109632959
1677441600000,0.15922,0.16337,0.15839,0.16041,144515472
1677456000000,0.1604,0.16195,0.15879,0.16053,74017083
1677470400000,0.16053,0.16173,0.15716,0.15948,85321538
1677484800000,0.15949,0.16076,0.15634,0.15834,97019546
1677499200000,0.15836,0.16355,0.15623,0.15999,168916491
1677513600000,0.15997,0.16054,0.15372,0.15557,156153657
1677528000000,0.15555,0.158,0.15306,0.15745,65577853
1677542400000,0.15747,0.16812,0.15488,0.16292,218173778
1677556800000,0.16292,0.16418,0.15672,0.15697,163774029
1677571200000,0.15694,0.15863,0.15563,0.15676,95113291
1677585600000,0.15676,0.15993,0.156,0.15968,136595463
1677600000000,0.15966,0.1615,0.1561,0.15632,148081978
1677614400000,0.15632,0.15866,0.15187,0.15258,129994558
1677628800000,0.15259,0.15689,0.1512,0.15671,87035778
1677643200000,0.15672,0.15913,0.15586,0.15766,66746332
1677657600000,0.15767,0.16176,0.15709,0.16069,104304563
1677672000000,0.16069,0.16283,0.15828,0.16018,136881708
1677686400000,0.16019,0.16215,0.15645,0.15743,114906222
1677700800000,0.15743,0.16115,0.15694,0.15989,64611234
1677715200000,0.1599,0.16114,0.15584,0.15672,67124647
1677729600000,0.15673,0.15797,0.15401,0.15468,50542719
1677744000000,0.15464,0.15518,0.1523,0.15359,68749712
1677758400000,0.1536,0.15459,0.15043,0.15372,90845039
1677772800000,0.15373,0.15482,0.1515,0.15445,73332261
1677787200000,0.15444,0.15541,0.15355,0.15479,50223783
1677801600000,0.1548,0.15499,0.1343,0.14193,287145642
1677816000000,0.14193,0.14499,0.14157,0.14449,91596610
1677830400000,0.14451,0.15126,0.14451,0.14786,144274351
1677844800000,0.14785,0.14975,0.14579,0.14681,124815035
1677859200000,0.14686,0.14755,0.14557,0.14743,89565028
1677873600000,0.14745,0.1481,0.14408,0.14706,82146934
1677888000000,0.14709,0.14866,0.14611,0.14636,40462516
1677902400000,0.14635,0.1466,0.14366,0.14473,39926364
1677916800000,0.14474,0.14474,0.14176,0.14243,53544543
1677931200000,0.14243,0.1429,0.14011,0.14187,72835381
1677945600000,0.14188,0.14387,0.13893,0.14026,111624424
1677960000000,0.14024,0.14175,0.13477,0.14164,152847055
1677974400000,0.14164,0.14586,0.14018,0.14438,132762884
1677988800000,0.14436,0.14677,0.14366,0.14443,55666382
1678003200000,0.14445,0.1448,0.14249,0.14384,56582414
1678017600000,0.14385,0.14583,0.14351,0.14401,69442094
1678032000000,0.14403,0.14428,0.14112,0.14171,58306057
1678046400000,0.1417,0.14366,0.13933,0.14056,79337456
1678060800000,0.14056,0.1418,0.13602,0.13915,109706431
1678075200000,0.13915,0.13987,0.13696,0.13882,56916248
1678089600000,0.13881,0.13935,0.1375,0.13769,88105290
1678104000000,0.13773,0.14316,0.13653,0.14257,116716960
1678118400000,0.14261,0.14389,0.14116,0.14141,112016656
1678132800000,0.14141,0.14356,0.13958,0.14256,80174846
1678147200000,0.14256,0.14564,0.14177,0.14399,78650062
1678161600000,0.14399,0.1445,0.14131,0.14163,50913853
1678176000000,0.14165,0.14196,0.13826,0.13855,126160998
1678190400000,0.13854,0.1402,0.135,0.13851,164501924
1678204800000,0.13852,0.13981,0.13587,0.13615,102736723
1678219200000,0.13615,0.13766,0.1325,0.1373,112866618
1678233600000,0.13729,0.13926,0.13586,0.13706,76823833
1678248000000,0.1371,0.13744,0.1318,0.13221,81347543
1678262400000,0.13221,0.13345,0.1309,0.13141,114150114
1678276800000,0.13143,0.13218,0.12526,0.12976,271993015
1678291200000,0.12973,0.13088,0.12572,0.12664,121498750
1678305600000,0.12663,0.12817,0.12127,0.12482,164605649
1678320000000,0.12481,0.12745,0.12472,0.12717,100136226
1678334400000,0.12717,0.12764,0.12349,0.12383,68048346
1678348800000,0.12384,0.12461,0.12159,0.12444,126676219
1678363200000,0.12443,0.12841,0.12236,0.1265,163747398
1678377600000,0.12649,0.12776,0.12136,0.12217,211147542
1678392000000,0.12218,0.12222,0.11184,0.1168,303698093
1678406400000,0.11682,0.11815,0.11366,0.11535,148745513
1678420800000,0.11537,0.11689,0.1114,0.11381,154400598
1678435200000,0.11378,0.11426,0.10505,0.10937,283304680
1678449600000,0.10936,0.115,0.10821,0.11468,294913209
1678464000000,0.11469,0.11751,0.11322,0.11705,195473836
1678478400000,0.11703,0.11768,0.11417,0.1163,122630959
1678492800000,0.1163,0.1216,0.11625,0.1164,154686400
1678507200000,0.1164,0.11793,0.1101,0.11055,136126694
1678521600000,0.1105,0.11398,0.10992,0.11119,130206940
1678536000000,0.11123,0.11349,0.10872,0.10917,95833451
1678550400000,0.10917,0.11273,0.10813,0.11235,99618711
1678564800000,0.11235,0.11428,0.11202,0.11404,82593505
1678579200000,0.11404,0.11404,0.11116,0.11219,81897459
1678593600000,0.11219,0.11324,0.11092,0.11179,51378495
1678608000000,0.1118,0.11362,0.11144,0.11264,48863490
1678622400000,0.11265,0.11379,0.11123,0.11243,93054460
1678636800000,0.11245,0.11937,0.1117,0.11659,198887321
1678651200000,0.1166,0.13183,0.11642,0.13125,267986532
1678665600000,0.13125,0.13532,0.12936,0.13216,247642107
1678680000000,0.13218,0.13749,0.13218,0.13539,145906001
1678694400000,0.13537,0.13561,0.12831,0.13144,189316228
1678708800000,0.13144,0.1461,0.12952,0.14212,422450285
1678723200000,0.14215,0.14779,0.14089,0.14474,241165676
1678737600000,0.14474,0.14722,0.14284,0.14515,114071865
1678752000000,0.14516,0.14692,0.14306,0.14489,152652563
1678766400000,0.1449,0.14641,0.14016,0.14098,116423590
1678780800000,0.14101,0.14344,0.13874,0.14275,109885270
1678795200000,0.14275,0.16161,0.14178,0.16029,326389505
1678809600000,0.16026,0.1634,0.1501,0.15534,332714980
1678824000000,0.15535,0.15633,0.147,0.15226,161881961
1678838400000,0.15224,0.15589,0.1489,0.15457,115545502
1678852800000,0.15457,0.15768,0.15216,0.15558,114428821
1678867200000,0.15557,0.15571,0.14654,0.15027,180963441
1678881600000,0.15024,0.15394,0.13873,0.13976,329853530
1678896000000,0.13975,0.14237,0.13134,0.14029,351960976
1678910400000,0.14031,0.1417,0.1373,0.14001,152816742
1678924800000,0.14003,0.14421,0.13828,0.14355,180047904
1678939200000,0.14355,0.147,0.13933,0.14655,134478882
1678953600000,0.14652,0.15578,0.14579,0.15346,277610063
1678968000000,0.15347,0.15892,0.1472,0.15776,387387421
1678982400000,0.15779,0.15959,0.15253,0.15717,392763165
1678996800000,0.15716,0.15722,0.1455,0.15081,324531829
1679011200000,0.15079,0.15396,0.14698,0.15007,170496015
1679025600000,0.15008,0.15261,0.14687,0.15005,144936691
1679040000000,0.15005,0.1588,0.14929,0.15741,168800829
1679054400000,0.15742,0.15759,0.1477,0.15151,227154025
1679068800000,0.15151,0.15535,0.15028,0.15487,133670571
1679083200000,0.15486,0.1634,0.1527,0.16302,166031250
1679097600000,0.16302,0.16348,0.15827,0.16121,151213584
1679112000000,0.16122,0.16199,0.15815,0.15875,78860721
1679126400000,0.15874,0.175,0.15342,0.17138,404853912
1679140800000,0.17141,0.17535,0.1563,0.15988,395999284
1679155200000,0.15987,0.1619,0.1499,0.15825,283208074
1679169600000,0.15825,0.16146,0.15336,0.15479,117899301
1679184000000,0.15477,0.16053,0.15471,0.15942,90401421
1679198400000,0.15942,0.16044,0.15258,0.1561,85675009
1679212800000,0.15613,0.16493,0.15442,0.15976,236905165
1679227200000,0.15976,0.1617,0.1561,0.16024,126511814
1679241600000,0.1602,0.16783,0.15969,0.16286,284011766
1679256000000,0.16284,0.16395,0.15335,0.15367,206346726
1679270400000,0.15369,0.157,0.14805,0.14883,191926311
1679284800000,0.14886,0.15582,0.14661,0.15489,198171329
1679299200000,0.15489,0.16,0.15238,0.15435,219176834
1679313600000,0.15437,0.15635,0.15128,0.15166,161308019
1679328000000,0.15166,0.15288,0.14501,0.1469,246211418
1679342400000,0.14694,0.1515,0.14672,0.14861,125862659
1679356800000,0.1486,0.15183,0.14744,0.15085,109827185
1679371200000,0.15084,0.15168,0.14126,0.14364,144562297
1679385600000,0.14364,0.14978,0.14364,0.14742,165912171
1679400000000,0.14743,0.15533,0.14699,0.15202,217827133
1679414400000,0.15204,0.15508,0.14753,0.15061,204877217
1679428800000,0.15063,0.15252,0.14857,0.15172,116845825
1679443200000,0.15169,0.15289,0.14723,0.1516,88621018
1679457600000,0.15157,0.15175,0.14755,0.14868,62381154
1679472000000,0.14869,0.15058,0.14684,0.14917,78914870
1679486400000,0.14916,0.15361,0.14777,0.14925,147342237
1679500800000,0.14923,0.15173,0.13752,0.13769,357833484
1679515200000,0.13768,0.14403,0.13749,0.1429,176433045
1679529600000,0.14291,0.14661,0.14102,0.1451,88389730
1679544000000,0.1451,0.15518,0.1451,0.15443,219118601
1679558400000,0.15444,0.15765,0.1517,0.15243,181654502
1679572800000,0.15247,0.15699,0.1486,0.15375,218967684
1679587200000,0.15375,0.15423,0.14927,0.1526,164237876
1679601600000,0.15264,0.1536,0.1514,0.15196,69280157
1679616000000,0.15198,0.15262,0.14957,0.1506,58505242
1679630400000,0.1506,0.15099,0.14931,0.15001,57199520
1679644800000,0.15,0.15019,0.14501,0.14585,125646715
1679659200000,0.14583,0.14733,0.14301,0.14439,129515127
1679673600000,0.14441,0.1452,0.1382,0.14451,144184117
1679688000000,0.14451,0.14513,0.14141,0.14248,80225305
1679702400000,0.14253,0.1435,0.14067,0.1423,54162500
1679716800000,0.14231,0.14315,0.13928,0.14019,43651121
1679731200000,0.14022,0.14085,0.13819,0.14012,50749637
1679745600000,0.14013,0.14195,0.13893,0.14114,57635485
1679760000000,0.14114,0.14174,0.13571,0.13597,80455466
1679774400000,0.13593,0.13808,0.1357,0.13773,45078345
1679788800000,0.13775,0.1398,0.1364,0.13935,40057398
1679803200000,0.13935,0.14021,0.13819,0.13938,29044430
1679817600000,0.13939,0.14193,0.13832,0.14099,63289204
1679832000000,0.141,0.14249,0.1391,0.13982,69054796
1679846400000,0.1398,0.14098,0.13892,0.13998,40614552
1679860800000,0.14003,0.1421,0.13905,0.14144,42620474
1679875200000,0.14136,0.14144,0.13852,0.13967,47682931
1679889600000,0.13965,0.14032,0.1369,0.13773,58267621
1679904000000,0.13773,0.13933,0.13693,0.13905,39033010
1679918400000,0.13905,0.13975,0.12823,0.13275,170739479
1679932800000,0.13276,0.1351,0.13018,0.13052,119394909
1679947200000,0.13055,0.13416,0.13013,0.13378,67044126
1679961600000,0.1338,0.13454,0.13068,0.1312,71247108
1679976000000,0.13121,0.13386,0.13106,0.13248,45184122
1679990400000,0.13243,0.13277,0.12894,0.13212,82390181
1680004800000,0.13213,0.13336,0.13048,0.13287,67602046
1680019200000,0.13288,0.13854,0.13074,0.13758,106074265
1680033600000,0.1376,0.1413,0.13705,0.14003,104819375
1680048000000,0.14001,0.14336,0.13935,0.14187,77281779
1680062400000,0.14186,0.14927,0.14173,0.14777,112706462
1680076800000,0.14778,0.14948,0.14612,0.14703,86899912
1680091200000,0.14703,0.14793,0.14365,0.14702,100813674
1680105600000,0.14704,0.14726,0.14469,0.14625,58783014
1680120000000,0.14626,0.14776,0.14466,0.14653,61892441
1680134400000,0.14654,0.15083,0.14316,0.14581,125498900
1680148800000,0.14578,0.14775,0.144,0.14558,55247026
1680163200000,0.14558,0.1462,0.1429,0.14463,43646052
1680177600000,0.14464,0.14473,0.14061,0.14132,67476833
1680192000000,0.14129,0.1423,0.13959,0.14203,87977081
1680206400000,0.14205,0.14706,0.14152,0.14443,64933435
1680220800000,0.14442,0.14584,0.14336,0.14359,44833875
1680235200000,0.14359,0.14438,0.13968,0.14111,50199866
1680249600000,0.14108,0.14217,0.14048,0.14154,40679285
1680264000000,0.14155,0.14704,0.1412,0.14567,89087817
1680278400000,0.14564,0.1467,0.14467,0.14625,45044823
1680292800000,0.14626,0.14676,0.14493,0.14534,36224336
1680307200000,0.14533,0.14798,0.14492,0.14668,48211370
1680321600000,0.14667,0.14695,0.14285,0.14329,43283366
1680336000000,0.14327,0.14407,0.142,0.14272,33124509
1680350400000,0.14274,0.14325,0.14106,0.14226,29511668
1680364800000,0.14228,0.1432,0.14134,0.1423,33762426
1680379200000,0.1423,0.14362,0.14227,0.14249,22550916
1680393600000,0.14251,0.14294,0.1402,0.14169,30258294
1680408000000,0.14167,0.14313,0.14089,0.1428,18835680
1680422400000,0.1428,0.14339,0.14135,0.14217,31158634
1680436800000,0.14219,0.14238,0.13704,0.13812,71255874
1680451200000,0.13809,0.13942,0.13607,0.1373,39996124
1680465600000,0.1373,0.1388,0.13631,0.13853,30914255
1680480000000,0.13855,0.13863,0.1333,0.13676,45372729
1680494400000,0.13674,0.14172,0.13634,0.14132,50276495
1680508800000,0.14131,0.14294,0.14017,0.14048,75182442
1680523200000,0.14048,0.14149,0.1379,0.13897,61973754
1680537600000,0.13897,0.14203,0.13771,0.14071,70356135
1680552000000,0.14071,0.14116,0.13421,0.13951,81295941
1680566400000,0.1395,0.14106,0.13873,0.13893,34580869
1680580800000,0.13893,0.14052,0.13842,0.13914,29823197
1680595200000,0.13916,0.14165,0.1386,0.14139,45362173
1680609600000,0.14139,0.14381,0.14054,0.14185,71528484
1680624000000,0.14185,0.14374,0.1416,0.14211,49658787
1680638400000,0.14214,0.14322,0.14179,0.1432,29344221
1680652800000,0.14316,0.15249,0.14202,0.15034,133361586
1680667200000,0.15034,0.15732,0.15034,0.15431,165615674
1680681600000,0.15431,0.15476,0.15105,0.15165,81178394
1680696000000,0.15165,0.15281,0.146,0.14859,139180736
1680710400000,0.14857,0.14927,0.14641,0.14785,81621007
1680724800000,0.14784,0.14881,0.14634,0.14742,63219202
1680739200000,0.14741,0.14793,0.14359,0.14721,69278954
1680753600000,0.1472,0.14733,0.14459,0.1448,38012415
1680768000000,0.1448,0.14685,0.1434,0.14576,62889769
1680782400000,0.14577,0.14716,0.14394,0.14679,59780698
1680796800000,0.14679,0.1479,0.14477,0.146,44162865
1680811200000,0.14598,0.14657,0.14446,0.14583,35466540
1680825600000,0.14583,0.1462,0.14306,0.1436,46950102
1680840000000,0.1436,0.14511,0.1398,0.14023,51993625
1680854400000,0.14023,0.14216,0.14023,0.14108,39562238
1680868800000,0.1411,0.1438,0.14039,0.14285,59983130
1680883200000,0.14286,0.14304,0.14086,0.14141,34066656
1680897600000,0.14142,0.14301,0.1406,0.14233,26573584
1680912000000,0.14233,0.14429,0.14085,0.1438,44591437
1680926400000,0.14381,0.14566,0.14339,0.14443,31968725
1680940800000,0.14443,0.1455,0.1432,0.14342,26919894
1680955200000,0.14343,0.14402,0.1429,0.1433,26959522
1680969600000,0.14331,0.14363,0.14074,0.14153,35891717
1680984000000,0.14152,0.1425,0.14041,0.1414,31598403
1680998400000,0.14141,0.14385,0.1414,0.14256,27362243
1681012800000,0.14252,0.14294,0.13985,0.14065,28217898
1681027200000,0.14067,0.14126,0.14004,0.14071,24164810
1681041600000,0.14072,0.14143,0.13858,0.14011,42318439
1681056000000,0.14006,0.14337,0.13951,0.14294,40230034
1681070400000,0.14294,0.14459,0.14215,0.14336,43985059
1681084800000,0.14336,0.14424,0.14163,0.14306,30678584
1681099200000,0.14307,0.1437,0.14205,0.14289,20160110
1681113600000,0.14289,0.1441,0.14286,0.14306,31730986
1681128000000,0.14307,0.14375,0.14157,0.1429,44046646
1681142400000,0.1429,0.14785,0.14236,0.14702,85304781
1681156800000,0.14702,0.1538,0.14618,0.15345,115095037
1681171200000,0.15344,0.15533,0.14819,0.14919,166654111
1681185600000,0.14916,0.15067,0.14829,0.14984,63974494
1681200000000,0.14984,0.15024,0.14808,0.14991,54722144
1681214400000,0.14992,0.15039,0.14804,0.14904,58472953
1681228800000,0.14904,0.1496,0.14721,0.1478,57021410
1681243200000,0.1478,0.14843,0.1471,0.14775,34293746
1681257600000,0.14777,0.1485,0.14118,0.1422,91464358
1681272000000,0.14224,0.14434,0.14169,0.14405,45491512
1681286400000,0.14406,0.14445,0.14289,0.14422,43976658
1681300800000,0.1442,0.14881,0.14318,0.14782,117149159
1681315200000,0.14785,0.14994,0.1448,0.14571,89586657
1681329600000,0.1457,0.1484,0.14562,0.14758,37890393
1681344000000,0.1476,0.14824,0.14557,0.14726,33557669
1681358400000,0.14719,0.14722,0.14535,0.14642,24504294
1681372800000,0.14641,0.15,0.14632,0.1491,76079838
1681387200000,0.1491,0.15095,0.1485,0.14987,69899979
1681401600000,0.14991,0.15173,0.14954,0.15056,46479454
1681416000000,0.15058,0.15061,0.14919,0.1504,31608003
1681430400000,0.15041,0.15482,0.14978,0.15372,76951199
1681444800000,0.15372,0.15742,0.15364,0.15427,80939215
1681459200000,0.15427,0.15955,0.15356,0.15821,93561458
1681473600000,0.15821,0.15889,0.15306,0.1539,139685306
1681488000000,0.15392,0.16398,0.15213,0.16287,190505047
1681502400000,0.16288,0.16525,0.16058,0.1616,121851133
1681516800000,0.1616,0.16166,0.15896,0.16085,65291278
1681531200000,0.16084,0.16441,0.15957,0.16441,67232411
1681545600000,0.16441,0.1722,0.1626,0.17067,182571422
1681560000000,0.17069,0.1709,0.16736,0.16867,142730785
1681574400000,0.16865,0.17199,0.1653,0.16659,148447334
1681588800000,0.16657,0.16821,0.16434,0.16702,64802888
1681603200000,0.16703,0.16891,0.16298,0.16804,87291736
1681617600000,0.16804,0.17025,0.1678,0.16832,49628006
1681632000000,0.16832,0.16879,0.16382,0.16426,62743631
1681646400000,0.16425,0.16713,0.1629,0.16685,63297887
1681660800000,0.1669,0.16811,0.16505,0.1662,68045011
1681675200000,0.16623,0.1692,0.16416,0.16653,80359363
1681689600000,0.16652,0.16699,0.16122,0.1653,97930443
1681704000000,0.16527,0.169,0.16334,0.16473,82108673
1681718400000,0.16474,0.17198,0.16367,0.16858,191299868
1681732800000,0.16859,0.17419,0.16419,0.16512,263193571
1681747200000,0.1651,0.17094,0.16471,0.16884,97013996
1681761600000,0.16885,0.17274,0.16583,0.17271,96867074
1681776000000,0.1727,0.17272,0.16625,0.16656,125732163
1681790400000,0.16655,0.17219,0.1652,0.17106,106508731
1681804800000,0.17108,0.17396,0.17,0.17271,83021889
1681819200000,0.17271,0.17535,0.17165,0.17239,134601408
1681833600000,0.17237,0.17521,0.16851,0.16975,114768693
1681848000000,0.16972,0.17117,0.16877,0.16996,46805296
1681862400000,0.16998,0.17138,0.16685,0.16714,49735528
1681876800000,0.16714,0.169,0.16433,0.16506,57461353
1681891200000,0.16503,0.16531,0.148,0.15618,240106968
1681905600000,0.15619,0.15927,0.15505,0.15642,84345910
1681920000000,0.15643,0.15854,0.15503,0.15568,68434638
1681934400000,0.15566,0.15656,0.1482,0.15179,94348895
1681948800000,0.15176,0.15522,0.15126,0.1549,67723973
1681963200000,0.1549,0.15723,0.1537,0.15378,50592435
1681977600000,0.15378,0.15592,0.1511,0.15158,48251026
1681992000000,0.15159,0.15568,0.14912,0.14941,85341440
1682006400000,0.14944,0.1497,0.14264,0.14507,145910806
1682020800000,0.14508,0.14677,0.144,0.14632,56853588
1682035200000,0.14633,0.14921,0.14591,0.14745,50878757
1682049600000,0.14748,0.14783,0.14352,0.14644,47074683
1682064000000,0.14643,0.14742,0.142,0.14237,64133337
1682078400000,0.14235,0.14482,0.14002,0.1432,74903181
1682092800000,0.1432,0.14348,0.133,0.13517,102740140
1682107200000,0.1352,0.13685,0.13387,0.13605,51923333
1682121600000,0.13606,0.13812,0.135,0.13785,33706193
1682136000000,0.13785,0.13821,0.13625,0.13652,27781598
1682150400000,0.13654,0.13684,0.13542,0.13661,30385648
1682164800000,0.13662,0.13982,0.1357,0.13923,60096514
1682179200000,0.1392,0.14105,0.13772,0.13896,49122680
1682193600000,0.13898,0.14169,0.1384,0.14162,34179618
1682208000000,0.14163,0.14165,0.13827,0.1393,42738781
1682222400000,0.1393,0.14067,0.13904,0.14045,25846000
1682236800000,0.14045,0.1407,0.13836,0.13932,30684777
1682251200000,0.13933,0.1398,0.13561,0.13638,46063853
1682265600000,0.13637,0.13876,0.13358,0.13575,57985563
1682280000000,0.13576,0.13857,0.13512,0.13792,30920962
1682294400000,0.13796,0.14049,0.13563,0.13791,50361771
1682308800000,0.13791,0.13878,0.135,0.13652,33501701
1682323200000,0.13654,0.13921,0.13476,0.1392,44655178
1682337600000,0.1392,0.14049,0.13634,0.13653,66547366
1682352000000,0.1365,0.13877,0.13405,0.1369,55045199
1682366400000,0.13691,0.13778,0.13529,0.13543,37964181
1682380800000,0.13547,0.13609,0.13191,0.13266,57726901
1682395200000,0.13267,0.13456,0.13215,0.13237,46087441
1682409600000,0.13237,0.13349,0.13115,0.1328,63486508
1682424000000,0.13283,0.13449,0.13124,0.13193,60248585
1682438400000,0.13193,0.13428,0.13014,0.13305,90378752
1682452800000,0.13304,0.14193,0.13302,0.14125,117816148
1682467200000,0.14125,0.14271,0.13987,0.14015,42552652
1682481600000,0.14015,0.14191,0.13962,0.14023,32494082
1682496000000,0.14021,0.1459,0.13953,0.14436,85221289
1682510400000,0.14433,0.14781,0.14432,0.14749,98220210
1682524800000,0.14747,0.14844,0.13401,0.13557,142865480
1682539200000,0.13551,0.13939,0.13068,0.13881,119192254
1682553600000,0.13881,0.14393,0.13842,0.13925,92782323
1682568000000,0.13924,0.14176,0.13718,0.13838,50870092
1682582400000,0.1384,0.13886,0.13708,0.13767,39088189
1682596800000,0.13764,0.14108,0.13557,0.13994,67957687
1682611200000,0.14003,0.14223,0.13929,0.1414,67740303
1682625600000,0.14141,0.14227,0.1385,0.14024,41262375
1682640000000,0.14021,0.14133,0.1389,0.13913,42836532
1682654400000,0.13914,0.13989,0.1381,0.13982,30190580
1682668800000,0.13981,0.13982,0.13614,0.13621,41800445
1682683200000,0.13622,0.13782,0.13415,0.13518,62106959
1682697600000,0.13517,0.13694,0.13471,0.13618,42445771
1682712000000,0.13621,0.13776,0.13616,0.13699,23769201
1682726400000,0.137,0.13883,0.13624,0.13789,23593641
1682740800000,0.13788,0.13858,0.13721,0.13819,17813878
1682755200000,0.13819,0.1385,0.13732,0.13814,25541830
1682769600000,0.13815,0.1408,0.13792,0.13956,39406392
1682784000000,0.13954,0.14031,0.13657,0.13991,36339514
1682798400000,0.1399,0.14015,0.13807,0.1389,18750495
1682812800000,0.1389,0.13891,0.13589,0.13613,22615935
1682827200000,0.13615,0.13839,0.13603,0.13808,17204419
1682841600000,0.13808,0.13848,0.13678,0.13694,21069190
1682856000000,0.13694,0.14006,0.13625,0.13903,42199201
1682870400000,0.13903,0.13998,0.13598,0.13651,43932597
1682884800000,0.13651,0.13698,0.1345,0.13541,34238477
1682899200000,0.1354,0.1365,0.13121,0.13449,52312746
1682913600000,0.13449,0.13585,0.13347,0.13557,31465023
1682928000000,0.13558,0.13613,0.13366,0.13374,33212487
1682942400000,0.13374,0.1344,0.13211,0.13226,46032835
1682956800000,0.13226,0.13252,0.12883,0.1302,59228969
1682971200000,0.1302,0.13107,0.12917,0.13073,34090631
1682985600000,0.13073,0.13073,0.12879,0.13013,29689484
1683000000000,0.13012,0.13143,0.12889,0.1309,32861662
1683014400000,0.13089,0.1309,0.12902,0.1301,29200668
1683028800000,0.1301,0.13182,0.12815,0.13109,73465909
1683043200000,0.13108,0.13268,0.13025,0.1325,39899592
1683057600000,0.1325,0.13365,0.13198,0.13279,32040617
1683072000000,0.13277,0.13319,0.13055,0.1319,37733385
1683086400000,0.1319,0.13197,0.13021,0.13073,35030895
1683100800000,0.13073,0.13158,0.1295,0.12958,29843975
1683115200000,0.12957,0.12989,0.12794,0.12888,59163548
1683129600000,0.12888,0.13355,0.12872,0.1317,107493790
1683144000000,0.13168,0.13797,0.1316,0.13627,65035467
1683158400000,0.13627,0.13636,0.13412,0.13469,32796372
1683172800000,0.13469,0.13533,0.13399,0.13408,23156358
1683187200000,0.13409,0.1346,0.13321,0.13339,28507388
1683201600000,0.13337,0.13378,0.13171,0.13238,44465192
1683216000000,0.13238,0.1336,0.13105,0.13197,34212025
1683230400000,0.13198,0.13263,0.13175,0.13214,20897615
1683244800000,0.13213,0.13382,0.13136,0.13195,41410807
1683259200000,0.13194,0.13238,0.13114,0.13165,21290951
1683273600000,0.13163,0.13185,0.13,0.13033,37196992
1683288000000,0.13033,0.13243,0.12599,0.13223,94179067
1683302400000,0.13223,0.13425,0.13203,0.13423,73358274
1683316800000,0.13422,0.13504,0.13335,0.13396,36462476
1683331200000,0.13397,0.13545,0.13156,0.1325,39976250
1683345600000,0.13249,0.13294,0.13012,0.13014,37210921
1683360000000,0.13016,0.13052,0.12793,0.12978,46576434
1683374400000,0.12978,0.12984,0.123,0.12434,88852742
1683388800000,0.12436,0.12739,0.12412,0.1265,35962998
1683403200000,0.1265,0.12679,0.12555,0.12636,22426890
1683417600000,0.12636,0.12752,0.1251,0.12559,30768255
1683432000000,0.12558,0.12757,0.12532,0.12744,23155845
1683446400000,0.12743,0.12795,0.12651,0.12753,30846064
1683460800000,0.12755,0.12849,0.12659,0.12693,47359516
1683475200000,0.12694,0.12744,0.1259,0.12665,26677998
1683489600000,0.12665,0.12759,0.12524,0.12608,34562543
1683504000000,0.12607,0.12672,0.117,0.11987,100010722
1683518400000,0.11987,0.12024,0.1157,0.11744,61964627
1683532800000,0.11746,0.12064,0.1172,0.11969,48709846
1683547200000,0.1197,0.12102,0.11882,0.11895,33590856
1683561600000,0.11894,0.1191,0.11018,0.11465,112347124
1683576000000,0.11462,0.11721,0.11433,0.11701,31287226
1683590400000,0.11701,0.11793,0.11593,0.11674,26688517
1683604800000,0.11674,0.11819,0.11561,0.11727,43282266
1683619200000,0.11727,0.11736,0.11549,0.1164,29480188
1683633600000,0.11641,0.11677,0.11243,0.11279,67500358
1683648000000,0.1128,0.11516,0.11246,0.11469,48592766
1683662400000,0.1147,0.11533,0.11375,0.11471,24340336
1683676800000,0.11471,0.11545,0.11252,0.11277,31536627
1683691200000,0.11279,0.11408,0.11247,0.11342,32253367
1683705600000,0.11342,0.11366,0.11199,0.11329,31179992
1683720000000,0.11327,0.1205,0.11232,0.11876,108639139
1683734400000,0.11877,0.12039,0.11033,0.11805,143839497
1683748800000,0.11806,0.12028,0.1175,0.11883,51747155
1683763200000,0.11884,0.11892,0.11541,0.11589,42681947
1683777600000,0.11587,0.11698,0.1148,0.11548,31683941
1683792000000,0.11549,0.11586,0.11378,0.11499,41507131
1683806400000,0.11501,0.11684,0.11157,0.11303,83590527
1683820800000,0.11304,0.11345,0.10996,0.11093,69637521
1683835200000,0.11093,0.11288,0.11078,0.11124,36770801
1683849600000,0.11122,0.1115,0.10771,0.10948,55300598
1683864000000,0.10946,0.11347,0.10888,0.11279,75214578
1683878400000,0.1128,0.11436,0.11268,0.11304,41990882
1683892800000,0.11303,0.11434,0.11207,0.11241,44226407
1683907200000,0.1124,0.11364,0.1091,0.11319,64086979
1683921600000,0.11318,0.11645,0.11277,0.11644,48278749
1683936000000,0.11645,0.1166,0.11463,0.11535,32843558
1683950400000,0.11535,0.11657,0.11476,0.11624,30328104
1683964800000,0.11625,0.11687,0.11507,0.11534,28925590
1683979200000,0.11533,0.11649,0.11466,0.11567,53520748
1683993600000,0.11566,0.1172,0.11552,0.11618,55936247
1684008000000,0.11618,0.11772,0.11601,0.11624,35349411
1684022400000,0.11624,0.11659,0.11424,0.11557,31934031
1684036800000,0.11559,0.11703,0.1151,0.11637,27317707
1684051200000,0.11637,0.11654,0.11474,0.11505,26397203
1684065600000,0.11504,0.11827,0.11427,0.11784,48398809
1684080000000,0.11784,0.11801,0.11515,0.11545,41236315
1684094400000,0.11544,0.117,0.11522,0.11666,22381709
1684108800000,0.11663,0.11892,0.11475,0.118,70604463
1684123200000,0.11799,0.12432,0.1177,0.12354,105673058
1684137600000,0.12355,0.12478,0.12294,0.12321,85588678
1684152000000,0.12322,0.12979,0.12319,0.12866,308450498
1684166400000,0.12869,0.13181,0.12672,0.12978,265618679
1684180800000,0.12978,0.13096,0.12435,0.12521,312001747
1684195200000,0.12523,0.12569,0.12105,0.12267,188541879
1684209600000,0.12267,0.12368,0.12118,0.12282,91181342
1684224000000,0.12281,0.12293,0.12054,0.12207,86343863
1684238400000,0.12207,0.12289,0.12079,0.12172,98631227
1684252800000,0.12172,0.12257,0.12024,0.12145,72719182
1684267200000,0.12145,0.12357,0.12086,0.12306,67302284
1684281600000,0.12307,0.12536,0.12232,0.12463,57598960
1684296000000,0.12464,0.1255,0.12109,0.12181,59031342
1684310400000,0.12181,0.12309,0.12081,0.12149,60547363
1684324800000,0.12149,0.12256,0.119,0.1204,82133303
1684339200000,0.1204,0.12551,0.11966,0.12503,78534729
1684353600000,0.12504,0.126,0.12353,0.12432,51573804
1684368000000,0.12433,0.12436,0.12226,0.12419,46051222
1684382400000,0.12419,0.12444,0.12153,0.1228,45703806
1684396800000,0.1228,0.1249,0.12267,0.12295,50990766
1684411200000,0.12297,0.12315,0.12058,0.12112,62414600
1684425600000,0.12111,0.12199,0.1177,0.11998,80015759
1684440000000,0.11997,0.12243,0.11905,0.12065,40252932
1684454400000,0.12066,0.12146,0.11927,0.12096,36952562
1684468800000,0.12099,0.12234,0.12089,0.12118,30431992
1684483200000,0.12119,0.12322,0.12118,0.12215,33377194
1684497600000,0.1222,0.12342,0.12051,0.12215,76202510
1684512000000,0.12216,0.12708,0.12163,0.12397,163622888
1684526400000,0.12397,0.12515,0.12317,0.12378,55704937
1684540800000,0.12378,0.12378,0.12116,0.12128,44646562
1684555200000,0.12129,0.12168,0.12005,0.12024,38791942
1684569600000,0.12024,0.12164,0.12021,0.12047,45739457
1684584000000,0.12047,0.12107,0.12001,0.12103,33830900
1684598400000,0.12103,0.12193,0.12006,0.12105,48507667
1684612800000,0.12108,0.12132,0.12027,0.12095,22938373
1684627200000,0.12096,0.12158,0.12026,0.12103,28807592
1684641600000,0.12104,0.12106,0.12006,0.12037,20188246
1684656000000,0.12038,0.12073,0.11749,0.1183,64626746
1684670400000,0.11828,0.11975,0.1175,0.11833,43567454
1684684800000,0.11832,0.11833,0.11687,0.1182,43924390
1684699200000,0.11822,0.11856,0.1163,0.11774,32011661
1684713600000,0.11773,0.11813,0.11553,0.11796,51349433
1684728000000,0.11796,0.11895,0.1176,0.11773,29224436
1684742400000,0.11774,0.1197,0.11771,0.11936,36362890
1684756800000,0.11936,0.12031,0.11839,0.11949,51014879
1684771200000,0.11949,0.11979,0.11865,0.11909,35241184
1684785600000,0.1191,0.1194,0.11834,0.1185,28998364
1684800000000,0.1185,0.12283,0.11759,0.12196,61438400
1684814400000,0.12198,0.1224,0.12068,0.1214,42565776
1684828800000,0.12141,0.12189,0.12084,0.12127,24921274
1684843200000,0.12128,0.12215,0.12,0.1218,47244254
1684857600000,0.1218,0.12273,0.12101,0.12176,50786394
1684872000000,0.12175,0.12243,0.12137,0.12166,25903566
1684886400000,0.12166,0.12176,0.11585,0.11795,78189756
1684900800000,0.11795,0.11804,0.116,0.1163,66925711
1684915200000,0.1163,0.11745,0.11552,0.1162,41516863
1684929600000,0.11619,0.11619,0.11187,0.11414,101747944
1684944000000,0.11414,0.11563,0.11344,0.11502,43234246
1684958400000,0.11503,0.1167,0.11494,0.11614,40627191
1684972800000,0.11615,0.11657,0.11291,0.11475,54968376
1684987200000,0.11477,0.11578,0.11417,0.11426,40237599
1685001600000,0.11427,0.1149,0.11376,0.11458,26454697
1685016000000,0.11459,0.11688,0.11447,0.11591,67290493
1685030400000,0.1159,0.11759,0.1156,0.11659,52275302
1685044800000,0.11659,0.1169,0.11544,0.11582,20835083
1685059200000,0.11583,0.11635,0.1145,0.11566,33076200
1685073600000,0.11565,0.11577,0.11428,0.11563,26371703
1685088000000,0.11562,0.11607,0.11483,0.11518,36786463
1685102400000,0.11518,0.11715,0.11475,0.1165,66517768
1685116800000,0.11649,0.11684,0.11536,0.11662,28540886
1685131200000,0.11664,0.11699,0.11571,0.11575,18800642
1685145600000,0.11576,0.11749,0.11526,0.11736,26273261
1685160000000,0.11736,0.11886,0.11707,0.11872,39729093
1685174400000,0.11871,0.11971,0.11812,0.11915,58381246
1685188800000,0.11914,0.11976,0.11804,0.11836,66805835
1685203200000,0.11836,0.11876,0.11715,0.11802,48767526
1685217600000,0.11805,0.11898,0.11784,0.11873,22637586
1685232000000,0.11873,0.12029,0.1178,0.12018,48321813
1685246400000,0.12017,0.12142,0.11995,0.12108,52780677
1685260800000,0.12107,0.12108,0.11964,0.1197,44894451
1685275200000,0.1197,0.11998,0.1193,0.11958,26254076
1685289600000,0.11958,0.12201,0.11868,0.12071,65641072
1685304000000,0.12072,0.12725,0.1207,0.12387,120210653
1685318400000,0.12388,0.12481,0.12295,0.12377,61929354
1685332800000,0.12377,0.12525,0.12259,0.12396,64441905
1685347200000,0.12395,0.12515,0.12329,0.12509,36548681
1685361600000,0.12508,0.1286,0.12472,0.12615,158647869
1685376000000,0.12613,0.12945,0.1244,0.12522,201044706
1685390400000,0.12521,0.127,0.12471,0.12638,48997197
1685404800000,0.12638,0.12735,0.125,0.12669,47005944
1685419200000,0.12668,0.12707,0.12507,0.1251,37959057
1685433600000,0.12511,0.12899,0.12468,0.12824,69178460
1685448000000,0.12823,0.13042,0.12728,0.12984,117570937
1685462400000,0.12984,0.1318,0.12857,0.13121,99202309
1685476800000,0.13124,0.13265,0.13056,0.13156,68226548
1685491200000,0.13156,0.135,0.1306,0.13371,98073346
1685505600000,0.13371,0.13427,0.12817,0.12917,187312240
1685520000000,0.12917,0.1355,0.12866,0.1344,225359569
1685534400000,0.13435,0.13709,0.13055,0.13353,304042143
1685548800000,0.13354,0.13678,0.13084,0.13326,209888462
1685563200000,0.13326,0.13437,0.13202,0.13322,89541346
1685577600000,0.13322,0.13666,0.1313,0.13395,184982302
1685592000000,0.13393,0.14893,0.13259,0.1346,1216106523
1685606400000,0.13462,0.13684,0.1303,0.13245,310567383
1685620800000,0.13246,0.1335,0.1306,0.13078,160646105
1685635200000,0.13078,0.13269,0.12902,0.13089,157405787
1685649600000,0.13089,0.13099,0.12645,0.12787,121795677
1685664000000,0.12787,0.1283,0.12364,0.12826,218138405
1685678400000,0.12826,0.13124,0.12771,0.12931,148079134
1685692800000,0.12932,0.13255,0.12931,0.13247,130551941
1685707200000,0.13247,0.13291,0.13008,0.13116,128956327
1685721600000,0.13116,0.13172,0.12978,0.13127,71162479
1685736000000,0.13129,0.13146,0.12954,0.12975,39384652
1685750400000,0.12976,0.13056,0.12855,0.13036,64338503
1685764800000,0.13036,0.1305,0.12842,0.1287,55155655
1685779200000,0.12871,0.12882,0.12758,0.12835,47818247
1685793600000,0.12835,0.1296,0.12761,0.12814,49441655
1685808000000,0.12813,0.1286,0.12751,0.12788,45337686
1685822400000,0.12791,0.12849,0.12708,0.12849,27110974
1685836800000,0.1285,0.12862,0.12706,0.12849,28567566
1685851200000,0.12849,0.12923,0.12808,0.12876,18582698
1685865600000,0.12877,0.12904,0.12757,0.12757,43602338
1685880000000,0.12758,0.12813,0.12601,0.12655,54732004
1685894400000,0.12653,0.12674,0.125,0.12667,42565769
1685908800000,0.12667,0.12739,0.12507,0.12546,48760725
1685923200000,0.12546,0.12564,0.1222,0.12279,84679809
1685937600000,0.12277,0.12398,0.12226,0.12352,47869426
1685952000000,0.12351,0.12411,0.12153,0.12262,49457060
1685966400000,0.12262,0.12283,0.1127,0.11363,190741287
1685980800000,0.11308,0.1179,0.1083,0.11349,179056170
1685995200000,0.1135,0.11485,0.11242,0.11439,43224806
1686009600000,0.11441,0.11719,0.11363,0.11676,67458962
1686024000000,0.11676,0.11763,0.11565,0.11595,53638090
1686038400000,0.11595,0.11669,0.11519,0.11552,42270184
1686052800000,0.11553,0.1173,0.11241,0.11637,127041336
1686067200000,0.11638,0.12064,0.11623,0.12,68085072
1686081600000,0.12003,0.12039,0.118,0.11918,47277882
1686096000000,0.11922,0.11922,0.11585,0.11679,66821536
1686110400000,0.1168,0.11744,0.11567,0.1162,46420154
1686124800000,0.11618,0.11761,0.11355,0.11588,87859743
1686139200000,0.11588,0.11659,0.11161,0.11385,92978982
1686153600000,0.11386,0.11434,0.11202,0.11375,62985638
1686168000000,0.11375,0.11417,0.11206,0.11271,39651430
1686182400000,0.11272,0.11315,0.11015,0.11197,56506126
1686196800000,0.11197,0.11424,0.11132,0.11348,46722089
1686211200000,0.11345,0.11415,0.11262,0.11368,54986089
1686225600000,0.11369,0.11486,0.113,0.11416,62500869
1686240000000,0.11416,0.11434,0.11263,0.1141,33679959
1686254400000,0.11407,0.11441,0.11309,0.11326,23596642
1686268800000,0.11327,0.11362,0.11093,0.11192,51571214
1686283200000,0.11195,0.11218,0.1086,0.10918,64093525
1686297600000,0.10917,0.11243,0.10904,0.11209,61281140
1686312000000,0.11208,0.11365,0.11166,0.11185,45391096
1686326400000,0.11183,0.11241,0.10947,0.10965,42321211
1686340800000,0.10964,0.1113,0.10952,0.11095,34661856
1686355200000,0.11094,0.11117,0.10303,0.10329,127589361
1686369600000,0.1033,0.10454,0.08747,0.09316,456931811
1686384000000,0.09315,0.09639,0.09201,0.09578,111170668
1686398400000,0.09577,0.09683,0.0943,0.09509,146652715
1686412800000,0.09508,0.10201,0.09377,0.10017,197913113
1686427200000,0.10019,0.10318,0.09921,0.10251,70034366
1686441600000,0.10251,0.10296,0.10062,0.1015,73057083
1686456000000,0.10149,0.10167,0.09909,0.09948,73896804
1686470400000,0.09948,0.10106,0.09851,0.10062,58162312
1686484800000,0.1006,0.10079,0.09824,0.09859,59083061
1686499200000,0.09859,0.1011,0.0984,0.10045,63492012
1686513600000,0.10043,0.10252,0.09809,0.09922,83542518
1686528000000,0.09921,0.09933,0.09532,0.0967,94097764
1686542400000,0.0967,0.09784,0.09591,0.09659,77280527
1686556800000,0.09659,0.10064,0.09625,0.09941,91415981
1686571200000,0.09941,0.09962,0.09781,0.09825,51440561
1686585600000,0.09827,0.09992,0.09643,0.09916,88646223
1686600000000,0.09916,0.09962,0.0984,0.0992,39429572
1686614400000,0.0992,0.10053,0.09793,0.09975,58948247
1686628800000,0.09978,0.10058,0.09805,0.0995,53819557
1686643200000,0.09949,0.10156,0.09933,0.10076,73160669
1686657600000,0.10076,0.10222,0.09676,0.097,112863011
1686672000000,0.09699,0.09946,0.09696,0.09844,82184900
1686686400000,0.09844,0.09897,0.0975,0.09836,40478508
1686700800000,0.09835,0.09986,0.09796,0.09947,36202593
1686715200000,0.09943,0.0997,0.09775,0.09796,34759196
1686729600000,0.09797,0.09923,0.09792,0.09898,25772644
1686744000000,0.09899,0.09947,0.09841,0.09903,34994912
1686758400000,0.09902,0.10221,0.0978,0.10011,147330193
1686772800000,0.10012,0.10044,0.09289,0.09683,205185389
1686787200000,0.09683,0.09815,0.09607,0.09781,46250416
1686801600000,0.09781,0.09786,0.09483,0.09563,59249898
1686816000000,0.09565,0.09739,0.09391,0.0956,91148281
1686830400000,0.0956,0.09671,0.09474,0.09626,50522663
1686844800000,0.09626,0.09851,0.09517,0.09735,101740002
1686859200000,0.09735,0.09952,0.09614,0.09729,77318416
1686873600000,0.09729,0.09858,0.09621,0.09834,37241348
1686888000000,0.09834,0.0987,0.09779,0.09826,30177287
1686902400000,0.09826,0.09884,0.09528,0.09594,48263850
1686916800000,0.09594,0.09741,0.095,0.09734,65631581
1686931200000,0.09735,0.10027,0.09683,0.09949,116093700
1686945600000,0.09948,0.09966,0.09806,0.09836,33686323
1686960000000,0.09836,0.09878,0.09756,0.09817,31279851
1686974400000,0.09818,0.10239,0.09811,0.10115,95368408
1686988800000,0.10115,0.10143,0.09922,0.09997,55832646
1687003200000,0.09997,0.10085,0.09949,0.10015,37783791
1687017600000,0.10014,0.10219,0.09997,0.10134,61957465
1687032000000,0.10132,0.10287,0.1011,0.10204,49921580
1687046400000,0.10204,0.10355,0.10081,0.10256,83801984
1687060800000,0.10256,0.10308,0.10122,0.10159,50369729
1687075200000,0.1016,0.10214,0.10078,0.10143,39830794
1687089600000,0.10144,0.1017,0.10075,0.10132,27788442
1687104000000,0.10132,0.10165,0.10084,0.10132,24272192
1687118400000,0.10132,0.1014,0.09746,0.09928,78575746
1687132800000,0.09928,0.09975,0.09817,0.09906,29569341
1687147200000,0.09906,0.09945,0.09857,0.09903,25959192
1687161600000,0.09902,0.09949,0.09854,0.09945,23276078
1687176000000,0.09944,0.10022,0.09839,0.09918,38376181
1687190400000,0.09917,0.10108,0.09811,0.1003,109826712
1687204800000,0.1003,0.101,0.09936,0.10031,41471822
1687219200000,0.10028,0.1012,0.09963,0.09981,34634344
1687233600000,0.09981,0.09997,0.09871,0.09948,30049227
1687248000000,0.09947,0.09953,0.09856,0.09895,26606928
1687262400000,0.09894,0.09908,0.09668,0.09762,56690695
1687276800000,0.09762,0.10257,0.09723,0.10234,139629770
1687291200000,0.10237,0.10412,0.10199,0.10403,61759356
1687305600000,0.10403,0.10686,0.10363,0.10541,86498001
1687320000000,0.10542,0.10608,0.10469,0.10596,54063161
1687334400000,0.10596,0.10647,0.10434,0.10508,68205037
1687348800000,0.10508,0.10743,0.10463,0.10669,84219241
1687363200000,0.10669,0.10901,0.10618,0.10843,104548252
1687377600000,0.10844,0.10992,0.10706,0.10866,59372367
1687392000000,0.10865,0.11245,0.10864,0.11145,81839906
1687406400000,0.11145,0.11247,0.10932,0.11225,79312340
1687420800000,0.11225,0.11406,0.10483,0.10871,152766904
1687435200000,0.10871,0.11083,0.10593,0.10779,88866810
1687449600000,0.10781,0.10956,0.10746,0.1089,46645615
1687464000000,0.10893,0.10904,0.10689,0.10727,40840489
1687478400000,0.10729,0.10908,0.10713,0.10888,39388397
1687492800000,0.10889,0.11012,0.10853,0.10948,40192458
1687507200000,0.10947,0.11042,0.1086,0.10947,47751287
1687521600000,0.10948,0.11278,0.10692,0.11254,116260397
1687536000000,0.11254,0.11409,0.11128,0.11316,117748955
1687550400000,0.11316,0.11451,0.11107,0.11221,74272951
1687564800000,0.11221,0.11292,0.11015,0.1127,62505054
1687579200000,0.1127,0.11327,0.11051,0.11086,46253186
1687593600000,0.11084,0.11173,0.11011,0.111,44658869
1687608000000,0.11101,0.11205,0.1072,0.10807,88319710
1687622400000,0.10808,0.11073,0.10625,0.11006,69056329
1687636800000,0.11005,0.11101,0.10894,0.11024,50486009
1687651200000,0.11024,0.1145,0.11015,0.11346,62186007
1687665600000,0.11348,0.11561,0.11227,0.11463,77335842
1687680000000,0.11462,0.11607,0.11325,0.11374,70213814
1687694400000,0.11374,0.11449,0.11113,0.11247,65135241
1687708800000,0.11247,0.11382,0.11142,0.11204,40124335
1687723200000,0.11201,0.11415,0.11109,0.11368,43746199
1687737600000,0.11368,0.11385,0.1084,0.1101,103302346
1687752000000,0.11011,0.11147,0.10853,0.11096,41798109
1687766400000,0.11096,0.1118,0.10972,0.11099,44548253
1687780800000,0.11101,0.1124,0.10983,0.11127,56108431
1687795200000,0.11126,0.11134,0.1071,0.10947,73982082
1687809600000,0.10947,0.10964,0.1061,0.10777,39049192
1687824000000,0.10777,0.11043,0.1073,0.10954,41282583
1687838400000,0.10953,0.11075,0.10811,0.11049,38122504
1687852800000,0.11047,0.11076,0.10897,0.11043,46007071
1687867200000,0.11041,0.11086,0.10755,0.10813,59679294
1687881600000,0.10814,0.11031,0.10781,0.10986,33643117
1687896000000,0.10987,0.11018,0.10838,0.10905,32215855
1687910400000,0.10906,0.10924,0.10567,0.10714,67467237
1687924800000,0.10712,0.10719,0.1035,0.10434,75077518
1687939200000,0.10431,0.10539,0.1036,0.10449,42721355
1687953600000,0.10446,0.10609,0.10305,0.10582,59662898
1687968000000,0.10584,0.10591,0.09884,0.10116,99516016
1687982400000,0.10115,0.1027,0.09996,0.10195,48740642
1687996800000,0.10195,0.10273,0.10109,0.10172,34535276
1688011200000,0.10172,0.10281,0.1014,0.10241,27203849
1688025600000,0.1024,0.10417,0.10193,0.1039,43665333
1688040000000,0.10389,0.10441,0.10179,0.10214,50077983
1688054400000,0.10216,0.10262,0.10098,0.10212,34961814
1688068800000,0.10212,0.10265,0.10079,0.10216,33038840
1688083200000,0.10216,0.10552,0.10054,0.1053,75138323
1688097600000,0.10532,0.10679,0.10397,0.10451,71784295
1688112000000,0.10451,0.10723,0.10443,0.10703,66423464
1688126400000,0.10704,0.10788,0.09628,0.10213,188382672
1688140800000,0.10212,0.10621,0.10121,0.10454,96256145
1688155200000,0.10453,0.10569,0.10347,0.1053,38241182
1688169600000,0.10533,0.10572,0.10323,0.10382,64249109
1688184000000,0.10383,0.10403,0.10145,0.10396,50337800
1688198400000,0.10397,0.10521,0.10361,0.10505,47862671
1688212800000,0.10505,0.10693,0.10481,0.10627,48243735
1688227200000,0.10625,0.10626,0.10374,0.10425,44949039
1688241600000,0.10425,0.10538,0.104,0.10533,30788693
1688256000000,0.10533,0.11175,0.1045,0.10678,193691874
1688270400000,0.10678,0.10857,0.10504,0.10605,84348314
1688284800000,0.10605,0.10817,0.10491,0.10809,72079337
1688299200000,0.10808,0.11893,0.10711,0.11686,636793787
1688313600000,0.11686,0.12128,0.11512,0.11607,562376250
1688328000000,0.11607,0.12034,0.11564,0.11814,283988985
1688342400000,0.11814,0.12857,0.1176,0.12479,527964188
1688356800000,0.12479,0.12953,0.12328,0.12853,350691900
1688371200000,0.12855,0.139,0.12804,0.13297,868286998
1688385600000,0.13297,0.1367,0.13173,0.13431,524589332
1688400000000,0.13432,0.13723,0.13168,0.13536,344375932
1688414400000,0.13535,0.14375,0.1345,0.13517,543386058
1688428800000,0.13517,0.13558,0.12699,0.12878,369011567
1688443200000,0.12879,0.1289,0.12562,0.12779,204091361
1688457600000,0.12778,0.13069,0.12655,0.13069,167328689
1688472000000,0.13068,0.132,0.12833,0.12928,213210453
1688486400000,0.12927,0.13195,0.1271,0.12834,192190829
1688500800000,0.12833,0.13075,0.12713,0.12737,89780339
1688515200000,0.12738,0.12825,0.12414,0.12454,123988367
1688529600000,0.12454,0.12671,0.12364,0.12454,91366931
1688544000000,0.12455,0.12487,0.11892,0.11992,183392672
1688558400000,0.11991,0.12022,0.11642,0.11713,164688052
1688572800000,0.11713,0.11859,0.11657,0.11723,112165338
1688587200000,0.11723,0.12124,0.117,0.11922,112134465
1688601600000,0.11925,0.12146,0.11851,0.11997,111411765
1688616000000,0.11997,0.12153,0.11772,0.12073,94093639
1688630400000,0.12072,0.12546,0.11879,0.11971,156989111
1688644800000,0.11971,0.12018,0.1148,0.11821,167656423
1688659200000,0.11821,0.11976,0.11659,0.1175,93678196
1688673600000,0.11751,0.11914,0.11535,0.11548,83053766
1688688000000,0.11548,0.1212,0.11341,0.11977,119077056
1688702400000,0.1198,0.12279,0.11767,0.11816,193822501
1688716800000,0.11814,0.12013,0.11666,0.11769,102585117
1688731200000,0.11768,0.11956,0.11474,0.11669,166964483
1688745600000,0.11668,0.1169,0.11482,0.11557,61472389
1688760000000,0.11557,0.1165,0.11505,0.11594,42211919
1688774400000,0.11596,0.11772,0.11555,0.11688,57509065
1688788800000,0.11687,0.1184,0.11629,0.11821,54455435
1688803200000,0.1182,0.11973,0.11638,0.11713,69658346
1688817600000,0.11713,0.11795,0.11561,0.11689,57977846
1688832000000,0.11688,0.11788,0.11497,0.11553,55244394
1688846400000,0.11556,0.11694,0.11471,0.1167,42088914
1688860800000,0.11669,0.11784,0.11578,0.11607,48327707
1688875200000,0.11605,0.1166,0.11523,0.11559,28746558
1688889600000,0.11559,0.11628,0.11506,0.11545,34949653
1688904000000,0.11546,0.11729,0.113,0.11681,148369298
1688918400000,0.1168,0.11755,0.1161,0.11662,53608755
1688932800000,0.11664,0.11696,0.11485,0.11546,47834624
1688947200000,0.11548,0.11579,0.10999,0.11135,169709946
1688961600000,0.11135,0.11264,0.11081,0.1116,58873350
1688976000000,0.1116,0.11263,0.10955,0.11249,89154976
1688990400000,0.11249,0.11369,0.11155,0.11331,75084700
1689004800000,0.11331,0.11641,0.11233,0.11625,88426940
1689019200000,0.11631,0.11751,0.1134,0.1141,98485627
1689033600000,0.11411,0.11558,0.11335,0.115,54629748
1689048000000,0.11499,0.11605,0.11441,0.11566,40759271
1689062400000,0.11569,0.11609,0.11337,0.11407,58220743
1689076800000,0.11405,0.11525,0.11335,0.11413,46456651
1689091200000,0.11414,0.11457,0.11254,0.11361,40138773
1689105600000,0.11362,0.11431,0.11329,0.11427,30516074
1689120000000,0.11426,0.11508,0.11373,0.11429,32672025
1689134400000,0.11431,0.11568,0.11363,0.11528,47097548
1689148800000,0.11527,0.11614,0.11444,0.1159,36812575
1689163200000,0.11589,0.11778,0.11466,0.1152,129502226
1689177600000,0.11519,0.1171,0.11357,0.11449,97018414
1689192000000,0.1145,0.11696,0.11403,0.11651,47661077
1689206400000,0.11651,0.11746,0.11476,0.11512,46073064
1689220800000,0.11513,0.1162,0.11431,0.11571,41589525
1689235200000,0.1157,0.11891,0.1151,0.11825,71756823
1689249600000,0.11824,0.12188,0.1163,0.12075,142811675
1689264000000,0.12078,0.12387,0.11977,0.12233,208887573
1689278400000,0.12233,0.1235,0.1199,0.12312,74848649
1689292800000,0.12312,0.12533,0.12219,0.12325,101670418
1689307200000,0.12325,0.12495,0.12179,0.12244,62143041
1689321600000,0.12246,0.12405,0.12103,0.12232,63971227
1689336000000,0.12231,0.12674,0.1215,0.12674,104525877
1689350400000,0.12674,0.12855,0.115,0.11702,282214728
1689364800000,0.11701,0.12,0.11615,0.11984,51877997
1689379200000,0.11984,0.11984,0.11765,0.11844,34613353
1689393600000,0.11844,0.12089,0.1182,0.12088,35580074
1689408000000,0.12088,0.12227,0.12024,0.12106,50100747
1689422400000,0.12105,0.12158,0.11925,0.11968,37419639
1689436800000,0.11966,0.12255,0.11861,0.12161,48932938
1689451200000,0.12163,0.12165,0.12005,0.1212,23678692
1689465600000,0.12118,0.12239,0.1189,0.12037,54319986
1689480000000,0.12035,0.12232,0.12024,0.12153,30581333
1689494400000,0.12154,0.12317,0.12044,0.12108,53776430
1689508800000,0.12109,0.12193,0.12049,0.12118,35465234
1689523200000,0.12119,0.12149,0.11816,0.1186,36828376
1689537600000,0.11855,0.11992,0.11702,0.11831,36400979
1689552000000,0.11832,0.12103,0.11738,0.12073,47348742
1689566400000,0.12077,0.12288,0.12061,0.12147,54684997
1689580800000,0.12147,0.12263,0.11582,0.11925,74841643
1689595200000,0.11924,0.12114,0.11762,0.11926,53496563
1689609600000,0.11926,0.12023,0.1162,0.11882,66987560
1689624000000,0.11882,0.12068,0.11814,0.12029,29650729
1689638400000,0.12031,0.12154,0.11993,0.12018,29202183
1689652800000,0.12017,0.12043,0.11709,0.11857,32769276
1689667200000,0.11855,0.1189,0.11564,0.11593,43026740
1689681600000,0.11593,0.11725,0.11502,0.11635,47575656
1689696000000,0.11634,0.11693,0.11334,0.1152,46350967
1689710400000,0.1152,0.11606,0.11497,0.11586,17555943
1689724800000,0.11584,0.1174,0.11532,0.1172,33943926
1689739200000,0.1172,0.11774,0.11597,0.11636,24779095
1689753600000,0.11635,0.11686,0.11526,0.11671,27909598
1689768000000,0.11671,0.11755,0.11532,0.11641,42767794
1689782400000,0.11638,0.11761,0.11586,0.11671,32102056
1689796800000,0.11672,0.11686,0.11515,0.11555,23359289
1689811200000,0.11553,0.11709,0.115,0.11595,21365917
1689825600000,0.11595,0.11778,0.11535,0.11757,27984147
1689840000000,0.11757,0.11893,0.1174,0.11822,44992883
1689854400000,0.11825,0.12062,0.115,0.11653,167300643
1689868800000,0.11652,0.11748,0.1153,0.11711,44549881
1689883200000,0.11712,0.11739,0.1155,0.11712,27664978
1689897600000,0.11714,0.11943,0.11598,0.11881,45569957
1689912000000,0.11883,0.11911,0.11705,0.11732,31172912
1689926400000,0.11732,0.11795,0.11669,0.11753,30653637
1689940800000,0.11752,0.11956,0.11741,0.11856,54808059
1689955200000,0.11855,0.11941,0.11715,0.11816,35977670
1689969600000,0.11817,0.11826,0.1171,0.11736,21062310
1689984000000,0.11734,0.11827,0.1171,0.1179,21244006
1689998400000,0.11791,0.11805,0.117,0.11788,17973638
1690012800000,0.11788,0.11813,0.11598,0.11671,28351928
1690027200000,0.11671,0.11711,0.11634,0.11704,19280907
1690041600000,0.11705,0.11709,0.11601,0.11694,16292107
1690056000000,0.11694,0.11694,0.11379,0.11539,33257867
1690070400000,0.11538,0.11714,0.11436,0.11672,28341919
1690084800000,0.11673,0.11785,0.11672,0.11737,22606813
1690099200000,0.11739,0.11745,0.11646,0.1167,19917836
1690113600000,0.1167,0.11746,0.11654,0.1166,19970701
1690128000000,0.1166,0.11861,0.11658,0.11787,30462070
1690142400000,0.11788,0.11871,0.11691,0.11759,20811771
1690156800000,0.1176,0.11846,0.11593,0.11606,32473559
1690171200000,0.11609,0.11874,0.11545,0.11852,29823988
1690185600000,0.11853,0.122,0.111,0.11455,181178051
1690200000000,0.11455,0.11537,0.11201,0.11287,88996589
1690214400000,0.11288,0.11333,0.11061,0.11137,45325928
1690228800000,0.11138,0.11235,0.11089,0.11198,23398152
1690243200000,0.11199,0.11201,0.11004,0.11046,32933164
1690257600000,0.11047,0.11085,0.1096,0.10996,29772054
1690272000000,0.10996,0.11109,0.10982,0.11038,29616452
1690286400000,0.11038,0.11115,0.1098,0.11041,47459495
1690300800000,0.11041,0.1111,0.1098,0.10983,33763242
1690315200000,0.10984,0.11046,0.10925,0.11024,23891948
1690329600000,0.11024,0.11081,0.10772,0.10935,48335854
1690344000000,0.10935,0.10993,0.10885,0.10914,23792077
1690358400000,0.10913,0.1098,0.108,0.1081,24354446
1690372800000,0.10811,0.11253,0.1079,0.11166,50233217
1690387200000,0.11165,0.11211,0.10971,0.11152,64280034
1690401600000,0.11152,0.11275,0.11094,0.11143,40890395
1690416000000,0.11144,0.11496,0.11064,0.11232,80767629
1690430400000,0.11231,0.11319,0.11204,0.11247,65388139
1690444800000,0.11246,0.11365,0.11222,0.11308,35673789
1690459200000,0.11308,0.11392,0.1116,0.11236,50826865
1690473600000,0.11237,0.11246,0.11008,0.11103,36577756
1690488000000,0.11103,0.11181,0.11029,0.11163,23083615
1690502400000,0.11163,0.112,0.1108,0.11119,28826306
1690516800000,0.1112,0.11129,0.10958,0.11015,41153411
1690531200000,0.11014,0.1111,0.10963,0.11064,31436708
1690545600000,0.11063,0.11241,0.11045,0.11185,42244293
1690560000000,0.11186,0.11223,0.11089,0.11207,22113506
1690574400000,0.11206,0.11238,0.11177,0.11183,16249702
1690588800000,0.11182,0.11397,0.11167,0.11328,48189770
1690603200000,0.11328,0.11354,0.11246,0.11287,22017323
1690617600000,0.11287,0.1132,0.11106,0.11141,48835013
1690632000000,0.11139,0.11228,0.11106,0.11122,34981360
1690646400000,0.11122,0.112,0.11118,0.11183,24699463
1690660800000,0.11183,0.11241,0.1116,0.1124,14538577
1690675200000,0.11241,0.11268,0.11174,0.11213,27568317
1690689600000,0.11213,0.11277,0.11151,0.11166,19926678
1690704000000,0.11165,0.11225,0.11112,0.11165,20011395
1690718400000,0.11164,0.11213,0.11064,0.11132,29098511
1690732800000,0.11131,0.1121,0.109,0.1097,39794457
1690747200000,0.10969,0.11012,0.106,0.10996,72501387
1690761600000,0.10995,0.11126,0.10943,0.11068,30453901
1690776000000,0.11071,0.11088,0.10985,0.11035,21556342
1690790400000,0.11035,0.11082,0.11005,0.11058,21856316
1690804800000,0.11055,0.11093,0.10912,0.10971,46549959
1690819200000,0.1097,0.11088,0.10917,0.10959,35145073
1690833600000,0.10961,0.1105,0.10867,0.11019,37452004
1690848000000,0.11018,0.11082,0.1061,0.10813,62134725
1690862400000,0.10813,0.10912,0.10768,0.10865,30926906
1690876800000,0.10865,0.10923,0.10815,0.10824,26060205
1690891200000,0.10824,0.10882,0.1066,0.1085,63969869
1690905600000,0.1085,0.10992,0.10808,0.10975,35448052
1690920000000,0.10976,0.11191,0.10934,0.11186,55980302
1690934400000,0.11186,0.11308,0.11133,0.11138,42512017
1690948800000,0.11138,0.11159,0.10975,0.10992,27303115
1690963200000,0.10993,0.11107,0.10968,0.11098,24373488
1690977600000,0.11098,0.11151,0.10947,0.11032,66811774
1690992000000,0.11032,0.11056,0.108,0.10976,48869163
1691006400000,0.10978,0.11002,0.10872,0.10952,20184692
1691020800000,0.10951,0.11027,0.109,0.10977,21735021
1691035200000,0.10977,0.1098,0.108,0.10823,23927557
1691049600000,0.10824,0.10917,0.10744,0.109,27155500
1691064000000,0.109,0.11024,0.1081,0.10947,33206387
1691078400000,0.10946,0.11017,0.10845,0.10889,25001914
1691092800000,0.10889,0.10936,0.10621,0.10666,53138399
1691107200000,0.10666,0.1071,0.10604,0.10692,33235194
1691121600000,0.10693,0.10693,0.10561,0.10641,30980626
1691136000000,0.10642,0.10683,0.10537,0.10606,28855351
1691150400000,0.10606,0.10759,0.10572,0.10734,42083642
1691164800000,0.10735,0.10841,0.105,0.10538,78579299
1691179200000,0.10538,0.10577,0.10322,0.10489,54921881
1691193600000,0.10489,0.10498,0.10319,0.10387,30583812
1691208000000,0.10387,0.10408,0.10303,0.10382,21767793
1691222400000,0.10382,0.1046,0.10373,0.10421,18377533
1691236800000,0.10421,0.1049,0.10387,0.10442,24864838
1691251200000,0.10441,0.10509,0.10398,0.10465,19728203
1691265600000,0.10466,0.10506,0.10425,0.10495,12587074
1691280000000,0.10494,0.10629,0.10479,0.106,26069561
1691294400000,0.10599,0.10658,0.10586,0.10622,17337389
1691308800000,0.10621,0.10665,0.10563,0.10633,18103934
1691323200000,0.10633,0.10651,0.10459,0.10515,33336573
1691337600000,0.10516,0.10581,0.1048,0.10508,17816685
1691352000000,0.10507,0.10573,0.10418,0.10459,25310517
1691366400000,0.10459,0.10631,0.10404,0.10574,29804405
1691380800000,0.10575,0.10594,0.10453,0.10521,22916479
1691395200000,0.10522,0.10602,0.10476,0.10573,21950004
1691409600000,0.10575,0.10581,0.10324,0.10334,44659683
1691424000000,0.10334,0.10471,0.10098,0.1044,64790605
1691438400000,0.10441,0.10544,0.10413,0.10542,16513009
1691452800000,0.10543,0.10584,0.10464,0.1053,21130311
1691467200000,0.10531,0.10638,0.10503,0.10567,25526286
1691481600000,0.10569,0.10793,0.10545,0.10781,51234787
1691496000000,0.1078,0.10988,0.10622,0.10786,123032301
1691510400000,0.10785,0.10893,0.10724,0.10757,55204790
1691524800000,0.10757,0.10902,0.10717,0.10802,31054140
1691539200000,0.10803,0.10833,0.10708,0.10781,23319822
1691553600000,0.1078,0.10823,0.1074,0.10798,20116854
1691568000000,0.10799,0.10878,0.10751,0.10863,27765352
1691582400000,0.10862,0.10986,0.10748,0.10772,64056382
1691596800000,0.10773,0.10853,0.10715,0.10795,46844505
1691611200000,0.10795,0.10859,0.10701,0.10838,31770538
1691625600000,0.10837,0.10875,0.1082,0.10849,17382656
1691640000000,0.1085,0.10862,0.1067,0.10691,27077494
1691654400000,0.10691,0.10736,0.10663,0.10668,17629024
1691668800000,0.10668,0.10872,0.10661,0.10791,40689609
1691683200000,0.10791,0.10831,0.10684,0.10699,24068273
1691697600000,0.107,0.10721,0.10668,0.10677,12035002
1691712000000,0.10678,0.10732,0.10595,0.10641,16000663
1691726400000,0.10642,0.10732,0.10635,0.1066,13520049
1691740800000,0.10659,0.10687,0.10595,0.10684,18763959
1691755200000,0.10683,0.10712,0.10537,0.10567,33020669
1691769600000,0.10568,0.10616,0.10531,0.10569,21690019
1691784000000,0.1057,0.10591,0.10536,0.10563,14063260
1691798400000,0.10563,0.10611,0.10531,0.10558,17558614
1691812800000,0.10559,0.1062,0.10559,0.10597,11348003
1691827200000,0.10596,0.10627,0.10573,0.10584,15614089
1691841600000,0.10584,0.10623,0.10565,0.10591,16776867
1691856000000,0.10591,0.10613,0.10554,0.10564,10931871
1691870400000,0.10564,0.10611,0.10548,0.10599,9688790
1691884800000,0.10599,0.10679,0.10556,0.10614,22248784
1691899200000,0.10614,0.10656,0.10577,0.10639,15889490
1691913600000,0.10638,0.10836,0.10624,0.10707,45675422
1691928000000,0.10706,0.1077,0.1064,0.10677,27555057
1691942400000,0.10678,0.10757,0.10647,0.10745,18002882
1691956800000,0.10746,0.10775,0.10565,0.10634,31690585
1691971200000,0.10633,0.10871,0.10582,0.10831,43889467
1691985600000,0.10832,0.10934,0.10791,0.10867,47958561
1692000000000,0.10869,0.1092,0.10777,0.10815,50826856
1692014400000,0.10814,0.11071,0.10776,0.11001,56371006
1692028800000,0.11001,0.11037,0.10813,0.10877,63094503
1692043200000,0.10877,0.1095,0.10847,0.10893,23969306
1692057600000,0.10894,0.10894,0.107,0.10738,39619466
1692072000000,0.10737,0.10766,0.10626,0.10751,33581772
1692086400000,0.10752,0.10809,0.10665,0.10678,31528893
1692100800000,0.10677,0.10807,0.10647,0.10686,46284270
1692115200000,0.10687,0.10717,0.09486,0.10117,144870378
1692129600000,0.10117,0.10349,0.10086,0.10294,52167943
1692144000000,0.10295,0.10445,0.10279,0.10385,34740422
1692158400000,0.10386,0.10404,0.10202,0.10218,40783697
1692172800000,0.10219,0.10245,0.10055,0.10146,53430438
1692187200000,0.10147,0.1017,0.0998,0.10024,68770105
1692201600000,0.10023,0.10204,0.09976,0.10056,43606778
1692216000000,0.10056,0.10068,0.09566,0.0987,103281941
1692230400000,0.09871,0.09959,0.09658,0.0993,48026361
1692244800000,0.09932,0.09988,0.099,0.09945,21550497
1692259200000,0.09945,0.09983,0.09815,0.09854,35036552
1692273600000,0.09854,0.09896,0.09551,0.09603,81741285
1692288000000,0.09603,0.0982,0.0952,0.09797,60642905
1692302400000,0.09796,0.09813,0.0796,0.0881,362930674
1692316800000,0.08811,0.09036,0.08778,0.08943,95976200
1692331200000,0.08944,0.0914,0.08861,0.09039,70684186
1692345600000,0.09037,0.09081,0.08961,0.09049,46125265
1692360000000,0.09049,0.09056,0.0888,0.08934,54984564
1692374400000,0.08936,0.09121,0.08718,0.08971,72378397
1692388800000,0.08971,0.09074,0.08945,0.09033,27673966
1692403200000,0.09033,0.09111,0.08995,0.09097,31750156
1692417600000,0.09097,0.09143,0.09049,0.09142,22747927
1692432000000,0.09141,0.09245,0.09092,0.0922,28259831
1692446400000,0.09221,0.09419,0.09196,0.09416,33157203
1692460800000,0.09412,0.09461,0.09319,0.09408,42231289
1692475200000,0.09405,0.0941,0.09275,0.09382,28834613
1692489600000,0.09382,0.09455,0.09334,0.09397,20460019
1692504000000,0.09396,0.09447,0.09348,0.09431,16098130
1692518400000,0.0943,0.09554,0.09397,0.0952,32236699
1692532800000,0.09519,0.09539,0.093,0.09372,40128988
1692547200000,0.09374,0.0947,0.093,0.094,24632816
1692561600000,0.094,0.09497,0.09369,0.09396,22837828
1692576000000,0.09395,0.0944,0.09358,0.09374,22394402
1692590400000,0.09375,0.09402,0.09288,0.09307,30247316
1692604800000,0.09307,0.09339,0.09118,0.09303,44721933
1692619200000,0.09303,0.09319,0.08918,0.09062,63238356
1692633600000,0.09062,0.09253,0.09049,0.09218,31678242
1692648000000,0.09221,0.09274,0.09184,0.09224,18911438
1692662400000,0.09225,0.09244,0.09172,0.09207,21100718
1692676800000,0.09206,0.09223,0.09141,0.09205,17061613
1692691200000,0.09206,0.09217,0.09089,0.09095,16921604
1692705600000,0.09094,0.09165,0.08985,0.09,42530184
1692720000000,0.08999,0.09065,0.08806,0.08906,72147551
1692734400000,0.08906,0.09142,0.087,0.09083,55958800
1692748800000,0.09085,0.09128,0.09024,0.09032,31786453
1692763200000,0.09032,0.09109,0.09,0.09054,20752109
1692777600000,0.09053,0.0908,0.08961,0.09008,26408031
1692792000000,0.09008,0.09146,0.08902,0.09109,52998794
1692806400000,0.0911,0.09358,0.09101,0.09302,50446169
1692820800000,0.09302,0.09334,0.09125,0.09246,26972236
1692835200000,0.09246,0.09275,0.09188,0.09259,15798335
1692849600000,0.09258,0.09319,0.09206,0.09314,18991208
1692864000000,0.09315,0.09383,0.09243,0.09285,45969620
1692878400000,0.09286,0.09333,0.09125,0.09134,68748622
1692892800000,0.09136,0.09246,0.09123,0.09146,37865128
1692907200000,0.09147,0.09186,0.09034,0.09169,33372992
1692921600000,0.09172,0.09179,0.0889,0.08989,59503126
1692936000000,0.08989,0.09028,0.08888,0.0898,26686421
1692950400000,0.08981,0.09036,0.08962,0.09008,17584571
1692964800000,0.09007,0.09057,0.0883,0.08856,75927156
1692979200000,0.08855,0.08951,0.08801,0.08891,40118729
1692993600000,0.08892,0.0893,0.08857,0.08927,20335625
1693008000000,0.08927,0.08968,0.0887,0.08965,18273710
1693022400000,0.08965,0.09005,0.08925,0.08966,17970156
1693036800000,0.08966,0.08981,0.08904,0.0895,20389793
1693051200000,0.08949,0.08997,0.08909,0.08967,12924350
1693065600000,0.08966,0.08967,0.08875,0.08902,18199362
1693080000000,0.08902,0.08948,0.08883,0.08913,9759602
1693094400000,0.08913,0.08944,0.08828,0.08865,15878565
1693108800000,0.08865,0.08937,0.08865,0.0891,13137750
1693123200000,0.08909,0.08945,0.08866,0.08876,15089977
1693137600000,0.08877,0.08964,0.0885,0.08919,26865315
1693152000000,0.08919,0.08953,0.08844,0.08895,20689369
1693166400000,0.08896,0.08906,0.08826,0.08902,14002960
1693180800000,0.08901,0.08904,0.08764,0.08802,58579962
1693195200000,0.08802,0.08835,0.08631,0.08787,31978433
1693209600000,0.08787,0.08816,0.08663,0.08812,23549491
1693224000000,0.08812,0.09012,0.0881,0.08992,48192851
1693238400000,0.08992,0.0907,0.08921,0.08992,37292232
1693252800000,0.08989,0.09061,0.08931,0.0904,19249575
1693267200000,0.09039,0.09077,0.08905,0.08928,23312064
1693281600000,0.08928,0.08956,0.08858,0.08868,18933078
1693296000000,0.08868,0.08877,0.08773,0.08826,28046253
1693310400000,0.08824,0.09372,0.0879,0.09231,136755109
1693324800000,0.09232,0.09408,0.09216,0.0935,62067338
1693339200000,0.09348,0.09452,0.09278,0.09354,36125068
1693353600000,0.09354,0.09388,0.09238,0.09307,33339446
1693368000000,0.09307,0.0933,0.09246,0.09287,17974425
1693382400000,0.09289,0.09352,0.09242,0.09259,24516226
1693396800000,0.09256,0.09306,0.09092,0.09193,58318197
1693411200000,0.09193,0.09278,0.09161,0.09252,22702828
1693425600000,0.09252,0.09335,0.09249,0.09326,18754311
1693440000000,0.09325,0.0933,0.09214,0.09247,16783928
1693454400000,0.09248,0.09517,0.09241,0.09313,52742895
1693468800000,0.09313,0.09383,0.09195,0.09329,35566674
1693483200000,0.09327,0.09328,0.09016,0.09131,49362536
1693497600000,0.09132,0.09183,0.08706,0.08876,97569752
1693512000000,0.08876,0.08898,0.08762,0.0885,36921334
1693526400000,0.0885,0.08917,0.08822,0.08865,20804226
1693540800000,0.08865,0.08898,0.08772,0.08792,25275752
1693555200000,0.08793,0.08851,0.08761,0.08808,21479003
1693569600000,0.08807,0.0884,0.086,0.08671,48796877
1693584000000,0.08671,0.08706,0.08444,0.08585,61764874
1693598400000,0.08585,0.08668,0.08528,0.08569,28354308
1693612800000,0.08568,0.08606,0.08549,0.08587,17740788
1693627200000,0.08585,0.08626,0.08536,0.08569,17817081
1693641600000,0.08568,0.08601,0.08502,0.08584,33753041
1693656000000,0.08584,0.08679,0.08541,0.08644,38898349
1693670400000,0.08645,0.08669,0.08508,0.08595,28269820
1693684800000,0.08594,0.08655,0.08588,0.08645,14724403
1693699200000,0.08646,0.08687,0.08608,0.0865,15446887
1693713600000,0.08648,0.08694,0.08634,0.08673,14962678
1693728000000,0.08672,0.08743,0.08638,0.08743,22329178
1693742400000,0.08743,0.08796,0.08649,0.08661,43486852
1693756800000,0.08661,0.08716,0.08573,0.08707,35558476
1693771200000,0.08707,0.08744,0.08662,0.08731,18257076
1693785600000,0.08729,0.08928,0.08722,0.08853,29849224
1693800000000,0.08852,0.0887,0.08752,0.08824,23127530
1693814400000,0.08824,0.08837,0.08746,0.08772,17852946
1693828800000,0.08771,0.08793,0.08575,0.08646,46977278
1693843200000,0.08645,0.08703,0.08623,0.08664,21418669
1693857600000,0.08665,0.08696,0.08527,0.08693,27861685
1693872000000,0.0869,0.08832,0.08599,0.08719,67922973
1693886400000,0.08719,0.08789,0.08584,0.08631,41816276
1693900800000,0.08631,0.08715,0.0858,0.08703,25031991
1693915200000,0.08703,0.08806,0.08642,0.08784,38232510
1693929600000,0.08783,0.08808,0.08678,0.08687,28225984
1693944000000,0.08686,0.08741,0.08669,0.08718,16954549
1693958400000,0.08717,0.0877,0.0867,0.08721,20616872
1693972800000,0.08721,0.08731,0.08639,0.08689,18919104
1693987200000,0.0869,0.08778,0.08666,0.08714,25046134
1694001600000,0.08714,0.08747,0.08606,0.08678,31119285
1694016000000,0.08678,0.08848,0.08528,0.08714,54666415
1694030400000,0.08715,0.08761,0.08685,0.08733,11410076
1694044800000,0.08731,0.08753,0.08689,0.08731,15539661
1694059200000,0.08732,0.08741,0.08641,0.08656,15149918
1694073600000,0.08657,0.08666,0.08584,0.08592,17785425
1694088000000,0.08591,0.08672,0.0858,0.08609,24299609
1694102400000,0.08609,0.08683,0.08596,0.08655,18981617
1694116800000,0.08654,0.08803,0.0865,0.08755,37103906
1694131200000,0.08757,0.08844,0.08683,0.08727,22233513
1694145600000,0.08727,0.08789,0.08705,0.08777,21544178
1694160000000,0.08778,0.08796,0.08539,0.08629,48723634
1694174400000,0.08629,0.08689,0.08618,0.08636,19435359
1694188800000,0.08637,0.08658,0.08584,0.08638,15210783
1694203200000,0.08638,0.08675,0.08628,0.08672,8400657
1694217600000,0.08673,0.08728,0.08644,0.08706,13169634
1694232000000,0.08707,0.08763,0.08681,0.0871,18206932
1694246400000,0.0871,0.08727,0.08658,0.08704,14662469
1694260800000,0.08705,0.08753,0.08663,0.08753,20087634
1694275200000,0.08753,0.08756,0.08666,0.08703,19067614
1694289600000,0.08703,0.08716,0.08686,0.08703,10596784
1694304000000,0.08703,0.08703,0.08568,0.08601,29584805
1694318400000,0.086,0.086,0.0818,0.0849,71843308
1694332800000,0.08491,0.08496,0.08419,0.0844,19820740
1694347200000,0.0844,0.08492,0.0828,0.08375,31162068
1694361600000,0.08374,0.08405,0.08253,0.08365,36297909
1694376000000,0.08365,0.08434,0.08309,0.08336,23662388
1694390400000,0.08335,0.08387,0.08228,0.08301,33913488
1694404800000,0.08301,0.08309,0.08195,0.08209,31281525
1694419200000,0.08209,0.0822,0.0783,0.07973,104557023
1694433600000,0.07972,0.08002,0.07814,0.07926,86202178
1694448000000,0.07925,0.0797,0.07654,0.07743,71634278
1694462400000,0.07743,0.07849,0.07709,0.07842,31378516
1694476800000,0.07842,0.08049,0.07786,0.07995,46044823
1694491200000,0.07995,0.08026,0.07905,0.07928,28063912
1694505600000,0.07928,0.08224,0.07924,0.08119,56191190
1694520000000,0.08122,0.08143,0.07929,0.07968,51037217
1694534400000,0.07969,0.08076,0.07861,0.07943,66107167
1694548800000,0.07944,0.07988,0.07917,0.07929,22229377
1694563200000,0.07929,0.07999,0.07878,0.07908,20777203
1694577600000,0.07908,0.08198,0.07896,0.07965,65177550
1694592000000,0.07966,0.0812,0.07955,0.08099,44170671
1694606400000,0.08101,0.08288,0.08024,0.08236,52777464
1694620800000,0.08237,0.0826,0.08115,0.08204,42191354
1694635200000,0.08204,0.08278,0.08203,0.08229,17363166
1694649600000,0.0823,0.08391,0.08222,0.08243,36401096
1694664000000,0.08243,0.08329,0.08183,0.0827,27606902
1694678400000,0.0827,0.08295,0.0821,0.08282,23155947
1694692800000,0.08283,0.08377,0.08239,0.083,42054917
1694707200000,0.08301,0.08376,0.0825,0.08346,25523271
1694721600000,0.08346,0.0839,0.08288,0.08332,20998662
1694736000000,0.08332,0.0845,0.08299,0.08391,25742051
1694750400000,0.0839,0.08425,0.08317,0.08353,19995846
1694764800000,0.08353,0.08422,0.08326,0.08356,19121163
1694779200000,0.08356,0.08526,0.08335,0.08477,74512557
1694793600000,0.08479,0.0877,0.08445,0.08726,52136671
1694808000000,0.08726,0.08928,0.08683,0.08853,72241201
1694822400000,0.08854,0.08924,0.08615,0.08648,63959233
1694836800000,0.08648,0.08745,0.08609,0.08657,28239261
1694851200000,0.08657,0.0869,0.08606,0.08632,27695489
1694865600000,0.08631,0.0864,0.08518,0.08575,27155014
1694880000000,0.08575,0.08645,0.08551,0.08588,20055387
1694894400000,0.08586,0.08725,0.08581,0.08714,18631087
1694908800000,0.08714,0.08745,0.08553,0.0868,47727781
1694923200000,0.08679,0.08687,0.0856,0.08579,13672999
1694937600000,0.0858,0.08664,0.08558,0.08645,17441296
1694952000000,0.08645,0.08655,0.08537,0.08562,16109265
1694966400000,0.08561,0.08573,0.08405,0.08494,26442896
1694980800000,0.08495,0.08499,0.08248,0.08408,37682524
1694995200000,0.0841,0.08531,0.08301,0.08522,27504903
1695009600000,0.08522,0.08629,0.08468,0.08573,20541508
1695024000000,0.08573,0.0878,0.0857,0.08732,36952630
1695038400000,0.08733,0.08794,0.08682,0.08779,30396712
1695052800000,0.08779,0.08843,0.08617,0.08688,44615758
1695067200000,0.08689,0.08742,0.08646,0.08658,13493589
1695081600000,0.08657,0.08697,0.08604,0.08697,16047922
1695096000000,0.08696,0.08791,0.0869,0.08778,19103974
1695110400000,0.08778,0.09009,0.08769,0.08911,49888289
1695124800000,0.08912,0.08965,0.08832,0.08932,36582595
1695139200000,0.0893,0.09136,0.08909,0.09035,64864546
1695153600000,0.09036,0.09057,0.08918,0.09045,31173415
1695168000000,0.09045,0.09094,0.08918,0.08963,32289953
1695182400000,0.08962,0.08992,0.08892,0.08965,22974413
1695196800000,0.08965,0.09024,0.08842,0.08919,30952551
1695211200000,0.08919,0.09038,0.08826,0.09034,32284235
1695225600000,0.09034,0.09095,0.08864,0.08959,47895224
1695240000000,0.0896,0.09223,0.08959,0.09131,26814390
1695254400000,0.09133,0.09533,0.09096,0.09155,98128216
1695268800000,0.09157,0.09221,0.08975,0.09022,35028707
1695283200000,0.09022,0.09022,0.08741,0.08845,53778671
1695297600000,0.08845,0.08882,0.08723,0.08805,34409787
1695312000000,0.08806,0.08821,0.0876,0.08775,20163500
1695326400000,0.08776,0.08781,0.08691,0.08739,18454338
1695340800000,0.08739,0.08793,0.08654,0.08754,29706656
1695355200000,0.08754,0.08773,0.08688,0.08759,17555087
1695369600000,0.0876,0.08807,0.08712,0.08774,16754420
1695384000000,0.08774,0.08799,0.08722,0.08751,15843801
1695398400000,0.08751,0.08771,0.08683,0.08717,21688268
1695412800000,0.08717,0.08768,0.08686,0.0875,17821983
1695427200000,0.08751,0.08824,0.08703,0.08741,27309614
1695441600000,0.0874,0.08855,0.08713,0.08834,20904290
1695456000000,0.08834,0.08878,0.08806,0.08857,17064577
1695470400000,0.08857,0.08899,0.08784,0.08825,25606432
1695484800000,0.08824,0.08976,0.08793,0.08963,35087528
1695499200000,0.08963,0.08974,0.08855,0.08894,24573993
1695513600000,0.08893,0.08899,0.0875,0.0883,24462571
1695528000000,0.08829,0.08832,0.08716,0.08739,19005720
1695542400000,0.08737,0.08788,0.08716,0.08735,15707565
1695556800000,0.08736,0.08763,0.08672,0.08681,18944979
1695571200000,0.08682,0.08778,0.08627,0.08657,32509037
1695585600000,0.08656,0.08716,0.08544,0.08583,24237770
1695600000000,0.08582,0.08754,0.08506,0.08715,32282253
1695614400000,0.08713,0.08747,0.08631,0.08688,19052959
1695628800000,0.08688,0.08709,0.0862,0.08657,17662001
1695643200000,0.08658,0.08834,0.08646,0.08809,27924198
1695657600000,0.0881,0.08868,0.0878,0.08809,28551857
1695672000000,0.08811,0.08835,0.08751,0.08794,13636364
1695686400000,0.08794,0.08845,0.08763,0.08816,13868477
1695700800000,0.08815,0.0882,0.08728,0.08739,14319923
1695715200000,0.08739,0.08761,0.08687,0.08759,18699066
1695729600000,0.08759,0.08776,0.08693,0.08711,22643901
1695744000000,0.08713,0.08801,0.08702,0.08769,17453818
1695758400000,0.08768,0.08771,0.08571,0.08659,22675767
1695772800000,0.08658,0.08753,0.0865,0.08745,18017019
1695787200000,0.08745,0.08755,0.08635,0.08651,14685790
1695801600000,0.0865,0.08793,0.08621,0.08775,26332105
1695816000000,0.08775,0.088,0.0856,0.08604,46144098
1695830400000,0.08602,0.08608,0.08465,0.08539,26548230
1695844800000,0.08541,0.08575,0.08488,0.08547,19023437
1695859200000,0.08547,0.08627,0.08516,0.0854,25066159
1695873600000,0.0854,0.08604,0.08513,0.08589,15043467
1695888000000,0.08589,0.08668,0.08532,0.08624,25673667
1695902400000,0.08624,0.08707,0.08573,0.08694,33655400
1695916800000,0.08696,0.0876,0.08644,0.08726,34075557
1695931200000,0.08727,0.08746,0.08631,0.08681,23647850
1695945600000,0.08682,0.08735,0.08627,0.08682,20746598
1695960000000,0.08681,0.08895,0.08662,0.08882,34401387
1695974400000,0.08883,0.08885,0.08776,0.08781,28926805
1695988800000,0.0878,0.08838,0.08658,0.08787,43102612
1696003200000,0.08787,0.08799,0.08677,0.08723,27679000
1696017600000,0.08722,0.08766,0.08687,0.08689,27833873
1696032000000,0.08689,0.08725,0.08646,0.08668,26378683
1696046400000,0.08668,0.0875,0.08663,0.08731,18248140
1696060800000,0.08731,0.08822,0.08725,0.0876,18745034
1696075200000,0.0876,0.08879,0.08752,0.08823,33698389
1696089600000,0.08824,0.08857,0.08777,0.08843,19626781
1696104000000,0.08843,0.0899,0.08838,0.08959,41910797
1696118400000,0.08959,0.08988,0.08881,0.08966,24382917
1696132800000,0.08964,0.09074,0.08934,0.08997,28384454
1696147200000,0.08996,0.09176,0.0899,0.09122,35134361
1696161600000,0.09121,0.09189,0.09052,0.0911,37762620
1696176000000,0.09109,0.09129,0.09028,0.09081,22538903
1696190400000,0.09081,0.09392,0.09038,0.09318,54172092
1696204800000,0.09319,0.09349,0.09243,0.09308,19324830
1696219200000,0.09308,0.09313,0.09161,0.09306,30222448
1696233600000,0.09307,0.09321,0.09167,0.09171,26737450
1696248000000,0.09171,0.09204,0.08933,0.08994,49905703
1696262400000,0.08994,0.09021,0.08725,0.08894,59224274
1696276800000,0.08895,0.08895,0.08716,0.08846,25629802
1696291200000,0.08847,0.08895,0.08798,0.08877,15259537
1696305600000,0.08876,0.08921,0.08829,0.08864,18455245
1696320000000,0.08864,0.08995,0.08861,0.08885,29198368
1696334400000,0.08886,0.08905,0.08756,0.08796,34224389
1696348800000,0.08795,0.08885,0.08769,0.08803,21205653
1696363200000,0.08803,0.08862,0.0876,0.08806,22370643
1696377600000,0.08807,0.08809,0.0843,0.08663,64367108
1696392000000,0.08662,0.087,0.08605,0.08685,19470106
1696406400000,0.08687,0.08756,0.08679,0.08706,24298979
1696420800000,0.08706,0.08743,0.08582,0.08593,25475024
1696435200000,0.08593,0.08695,0.08568,0.08631,27971450
1696449600000,0.0863,0.08697,0.0861,0.08644,12397299
1696464000000,0.08645,0.08683,0.08533,0.08568,17865895
1696478400000,0.08568,0.08617,0.08552,0.08569,13263525
1696492800000,0.0857,0.08616,0.0856,0.08572,12949360
1696507200000,0.08572,0.08625,0.08413,0.08464,47313363
1696521600000,0.08465,0.08491,0.08385,0.08489,28218361
1696536000000,0.08489,0.08528,0.08421,0.08429,15351029
1696550400000,0.0843,0.08491,0.08422,0.08474,13973563
1696564800000,0.08475,0.08557,0.08439,0.08551,21907679
1696579200000,0.0855,0.0857,0.08503,0.08527,30821633
1696593600000,0.08528,0.08596,0.08452,0.08562,53390464
1696608000000,0.08562,0.08631,0.0852,0.08562,21229061
1696622400000,0.08562,0.08655,0.08548,0.08558,15473012
1696636800000,0.08559,0.08601,0.08551,0.0857,12721002
1696651200000,0.08571,0.08625,0.08558,0.08562,13528413
1696665600000,0.08561,0.08633,0.0853,0.08541,16191035
1696680000000,0.08542,0.08558,0.08491,0.08523,24654312
1696694400000,0.08524,0.08547,0.08482,0.08493,13127202
1696708800000,0.08492,0.08577,0.08486,0.0857,17431987
1696723200000,0.0857,0.08591,0.08536,0.08568,9730640
1696737600000,0.08568,0.08573,0.08487,0.08519,11908908
1696752000000,0.08518,0.08532,0.08408,0.08452,21506832
1696766400000,0.0845,0.0854,0.08431,0.08519,20143440
1696780800000,0.08519,0.08546,0.08473,0.08518,11197286
1696795200000,0.08518,0.08608,0.08501,0.08502,37420165
1696809600000,0.08502,0.08506,0.08423,0.08461,18960053
1696824000000,0.08461,0.08477,0.08342,0.08378,21614681
1696838400000,0.08377,0.08382,0.07898,0.08168,82411463
1696852800000,0.08167,0.08205,0.08128,0.08136,27634202
1696867200000,0.08136,0.08152,0.07906,0.08119,58321753
1696881600000,0.08121,0.08144,0.08032,0.08107,17598045
1696896000000,0.0811,0.08173,0.08077,0.08127,19379891
1696910400000,0.08129,0.08191,0.08092,0.08167,19147487
1696924800000,0.08167,0.082,0.0811,0.0811,24885430
1696939200000,0.08111,0.08187,0.08077,0.08119,31986833
1696953600000,0.08118,0.08159,0.0806,0.08117,26731611
1696968000000,0.08117,0.0816,0.08018,0.08157,22606381
1696982400000,0.08157,0.08191,0.07951,0.08042,39261298
1696996800000,0.08043,0.08094,0.0803,0.08046,20135776
1697011200000,0.08047,0.08112,0.08023,0.08042,34649982
1697025600000,0.08043,0.08067,0.07822,0.07903,54469033
1697040000000,0.07903,0.08,0.07872,0.07977,35426022
1697054400000,0.07978,0.08023,0.0797,0.08009,17851013
1697068800000,0.08007,0.0801,0.07926,0.07982,21177551
1697083200000,0.07981,0.08057,0.0797,0.07999,21863695
1697097600000,0.07999,0.08032,0.07844,0.07982,34215781
1697112000000,0.07982,0.07992,0.07898,0.07936,23657974
1697126400000,0.07936,0.07951,0.07818,0.07919,31082761
1697140800000,0.07921,0.07972,0.07911,0.07955,12737159
1697155200000,0.07953,0.07986,0.0793,0.07945,33893425
1697169600000,0.07946,0.0804,0.07944,0.08005,11838281
1697184000000,0.08005,0.08034,0.07969,0.0803,13725729
1697198400000,0.08031,0.08075,0.07957,0.07994,22642847
1697212800000,0.07993,0.08054,0.07986,0.08001,17310073
1697227200000,0.08002,0.08127,0.07984,0.08065,35476045
1697241600000,0.08065,0.08156,0.08051,0.08147,13986520
1697256000000,0.08147,0.08171,0.08106,0.08125,12844612
1697270400000,0.08127,0.0816,0.08114,0.08145,15442100
1697284800000,0.08144,0.08144,0.08085,0.08114,15173870
1697299200000,0.08115,0.08128,0.08086,0.08127,11147542
1697313600000,0.08126,0.08136,0.08091,0.08097,7287257
1697328000000,0.08098,0.08166,0.08059,0.08138,15566446
1697342400000,0.08137,0.08224,0.08123,0.08192,20529166
1697356800000,0.08192,0.08272,0.0819,0.08224,20489668
1697371200000,0.08222,0.0824,0.08152,0.08172,21131587
1697385600000,0.08173,0.08258,0.08154,0.08212,19310701
1697400000000,0.08211,0.08303,0.08175,0.0819,22858852
1697414400000,0.08191,0.08248,0.08168,0.0821,18242327
1697428800000,0.08209,0.08354,0.08192,0.08267,36700054
1697443200000,0.08268,0.08323,0.08225,0.08241,25281508
1697457600000,0.08242,0.08513,0.08151,0.08189,118847486
1697472000000,0.08189,0.08335,0.08185,0.08287,27426626
1697486400000,0.08287,0.0832,0.08233,0.08253,18082846
1697500800000,0.08254,0.08262,0.0818,0.0822,25193066
1697515200000,0.0822,0.08241,0.08161,0.08189,18912172
1697529600000,0.0819,0.08213,0.08128,0.08148,16694615
1697544000000,0.08147,0.08155,0.079,0.08035,66429781
1697558400000,0.08035,0.08049,0.0795,0.0802,18993040
1697572800000,0.08021,0.08048,0.07985,0.07996,12045111
1697587200000,0.07997,0.08032,0.07928,0.07996,23386955
1697601600000,0.07996,0.08048,0.0791,0.07939,41420069
1697616000000,0.0794,0.07993,0.07914,0.07959,21170062
1697630400000,0.0796,0.07972,0.07857,0.07893,31346858
1697644800000,0.07892,0.07959,0.07879,0.0793,21429120
1697659200000,0.0793,0.07991,0.07911,0.07953,25927921
1697673600000,0.07954,0.07967,0.0773,0.07858,46211897
1697688000000,0.07858,0.07893,0.07835,0.07866,13080150
1697702400000,0.07866,0.07876,0.07811,0.07842,16745032
1697716800000,0.07843,0.07865,0.07772,0.0779,35953720
1697731200000,0.07789,0.07837,0.07628,0.07722,57407242
1697745600000,0.07722,0.07772,0.07684,0.07757,26773782
1697760000000,0.07758,0.07936,0.07733,0.07893,36078014
1697774400000,0.07896,0.07955,0.07872,0.07913,19682572
1697788800000,0.07913,0.08112,0.07903,0.08001,44934880
1697803200000,0.08001,0.08025,0.07943,0.07987,32191745
1697817600000,0.07986,0.08074,0.07955,0.0807,22853704
1697832000000,0.08071,0.08126,0.08049,0.08086,16895065
1697846400000,0.08086,0.08118,0.08069,0.08089,15727505
1697860800000,0.08089,0.08135,0.08062,0.08111,15044739
1697875200000,0.08111,0.08193,0.08091,0.08173,25149955
1697889600000,0.08174,0.08305,0.08155,0.08288,36064210
1697904000000,0.08289,0.08366,0.08228,0.08271,39960000
1697918400000,0.08271,0.08306,0.08216,0.08279,19043333
1697932800000,0.0828,0.08357,0.08268,0.08293,18093093
1697947200000,0.08291,0.0841,0.08004,0.08237,69321646
1697961600000,0.08236,0.08273,0.08164,0.08231,29416351
1697976000000,0.0823,0.08303,0.08201,0.08253,26305122
1697990400000,0.08254,0.0839,0.08248,0.08359,28908881
1698004800000,0.08357,0.08509,0.08321,0.08506,31850499
1698019200000,0.08505,0.08767,0.08435,0.08701,72415334
1698033600000,0.08701,0.08782,0.08491,0.08556,56269860
1698048000000,0.08556,0.08692,0.08477,0.08683,49937893
1698062400000,0.08686,0.08939,0.08624,0.08679,137227773
1698076800000,0.08678,0.08877,0.08653,0.08826,84576916
1698091200000,0.08826,0.09154,0.08762,0.09085,110493702
1698105600000,0.09086,0.09223,0.09004,0.09006,82559143
1698120000000,0.09005,0.09173,0.08908,0.09002,61829963
1698134400000,0.09001,0.09365,0.08986,0.09364,81675611
1698148800000,0.09363,0.09635,0.0886,0.09035,176846952
1698163200000,0.09036,0.09228,0.0893,0.09136,66171858
1698177600000,0.09136,0.09212,0.08997,0.09134,54264264
1698192000000,0.09133,0.09286,0.09048,0.09062,63007919
1698206400000,0.09063,0.09186,0.08871,0.08976,53775702
1698220800000,0.08976,0.09183,0.08883,0.09118,72842362
1698235200000,0.09118,0.105,0.09115,0.10233,287960290
1698249600000,0.10235,0.10368,0.09805,0.09969,243409938
1698264000000,0.09969,0.10206,0.09837,0.10141,129988848
1698278400000,0.1014,0.10288,0.09897,0.10201,104225015
1698292800000,0.10201,0.10371,0.09895,0.10175,140816797
1698307200000,0.10176,0.10326,0.0984,0.0994,162210448
1698321600000,0.09941,0.10125,0.09494,0.09763,171207558
1698336000000,0.09764,0.10031,0.09694,0.09912,130085392
1698350400000,0.09913,0.09996,0.09842,0.0992,39599818
1698364800000,0.09921,0.1005,0.09713,0.09923,57681535
1698379200000,0.09925,0.10022,0.09805,0.09819,43361329
1698393600000,0.09819,0.09905,0.09747,0.09833,34223175
1698408000000,0.09832,0.10084,0.098,0.10032,60069796
1698422400000,0.10031,0.1012,0.09666,0.09856,73836059
1698436800000,0.09856,0.09874,0.09732,0.09761,21615077
1698451200000,0.09761,0.09987,0.09715,0.09984,33706442
1698465600000,0.09985,0.10557,0.09944,0.10183,128507107
1698480000000,0.10181,0.10254,0.10004,0.1016,68677355
1698494400000,0.10159,0.10364,0.10013,0.10288,66432841
1698508800000,0.10287,0.10318,0.10078,0.10097,42217160
1698523200000,0.10096,0.10227,0.10068,0.10117,27504623
1698537600000,0.10116,0.10229,0.09885,0.10031,45444384
1698552000000,0.10031,0.10449,0.10001,0.10287,48150368
1698566400000,0.10289,0.10581,0.10273,0.10485,65970445
1698580800000,0.10488,0.10704,0.10432,0.10573,90038058
1698595200000,0.10573,0.10689,0.1052,0.10594,55983661
1698609600000,0.10593,0.10733,0.10538,0.10615,47269772
1698624000000,0.10615,0.10798,0.10533,0.10573,51068610
1698638400000,0.10574,0.1081,0.1052,0.10689,53033404
1698652800000,0.10692,0.11013,0.10624,0.10919,73439537
1698667200000,0.1092,0.10988,0.10723,0.10773,65472342
1698681600000,0.10773,0.11064,0.10515,0.11028,100951653
1698696000000,0.11029,0.111,0.10931,0.10966,43938442
1698710400000,0.10966,0.11061,0.10804,0.10816,38897345
1698724800000,0.10815,0.10905,0.10572,0.10604,55867535
1698739200000,0.10604,0.10755,0.10423,0.10686,57804953
1698753600000,0.10687,0.10758,0.0975,0.10081,180611386
1698768000000,0.10081,0.10241,0.1002,0.10224,63905645
1698782400000,0.10224,0.1047,0.102,0.10415,74808174
1698796800000,0.10418,0.10685,0.10341,0.10655,57924627
1698811200000,0.10655,0.10678,0.10334,0.10465,52657963
1698825600000,0.10467,0.10624,0.10372,0.10511,47300274
1698840000000,0.10511,0.11114,0.10399,0.1084,172009098
1698854400000,0.10838,0.11361,0.10677,0.11195,156132738
1698868800000,0.11191,0.11535,0.1119,0.11437,91693833
1698883200000,0.11437,0.1182,0.11336,0.1152,91616711
1698897600000,0.11518,0.11548,0.11202,0.11398,50759615
1698912000000,0.11399,0.11484,0.11215,0.11277,74200949
1698926400000,0.11275,0.11295,0.1075,0.10813,114094237
1698940800000,0.10813,0.11054,0.10627,0.11026,86234183
1698955200000,0.11027,0.11041,0.10778,0.10853,53526298
1698969600000,0.10851,0.10855,0.10384,0.1047,65357259
1698984000000,0.1047,0.10588,0.1034,0.10476,40752349
1698998400000,0.10475,0.10611,0.10265,0.10423,49702288
1699012800000,0.10422,0.10746,0.10359,0.10726,88907064
1699027200000,0.10725,0.11403,0.10468,0.11286,255956370
1699041600000,0.11285,0.1177,0.11217,0.11459,171709368
1699056000000,0.11459,0.1173,0.1138,0.11657,89920029
1699070400000,0.11657,0.11688,0.11412,0.11433,81481937
1699084800000,0.11431,0.118,0.11353,0.11601,109391658
1699099200000,0.11603,0.11898,0.11504,0.11606,115940159
1699113600000,0.11604,0.11854,0.11516,0.11675,89335169
1699128000000,0.11676,0.12031,0.11612,0.11954,58991004
1699142400000,0.11955,0.1272,0.11928,0.12698,154121327
1699156800000,0.12695,0.13135,0.12667,0.13097,164977118
1699171200000,0.13096,0.13377,0.1279,0.1284,181427571
1699185600000,0.12842,0.12881,0.12458,0.12754,132636783
1699200000000,0.12754,0.12988,0.12708,0.12726,97434552
1699214400000,0.12726,0.12895,0.12487,0.12683,71538630
1699228800000,0.12684,0.1346,0.12684,0.13131,149852817
1699243200000,0.1313,0.13754,0.12956,0.13683,137282861
1699257600000,0.13683,0.14127,0.13462,0.13582,223045093
1699272000000,0.13583,0.14168,0.13436,0.13986,179696178
1699286400000,0.13985,0.14576,0.13965,0.14423,233954766
1699300800000,0.14427,0.15779,0.14273,0.15775,351551986
1699315200000,0.15775,0.16343,0.14141,0.14393,584865946
1699329600000,0.14391,0.14413,0.13708,0.14125,214435063
1699344000000,0.14125,0.14211,0.13597,0.13763,166930874
1699358400000,0.13763,0.13858,0.13204,0.13464,174561822
1699372800000,0.13463,0.14067,0.13262,0.13887,278279855
1699387200000,0.13886,0.13947,0.13597,0.13757,121047672
1699401600000,0.13756,0.13762,0.12926,0.13048,164007329
1699416000000,0.13048,0.13249,0.13005,0.13147,84868353
1699430400000,0.13147,0.13191,0.13006,0.13096,86869507
1699444800000,0.13095,0.13271,0.12962,0.13219,105519887
1699459200000,0.13221,0.13636,0.1315,0.13552,110265420
1699473600000,0.13552,0.13586,0.13316,0.13399,78031274
1699488000000,0.13398,0.13516,0.13122,0.13296,103172537
1699502400000,0.13294,0.13732,0.13262,0.13338,105648377
1699516800000,0.13338,0.1353,0.13237,0.13318,87834602
1699531200000,0.13319,0.13969,0.13152,0.13445,208715298
1699545600000,0.13442,0.13577,0.11385,0.12696,296323332
1699560000000,0.12695,0.13632,0.12602,0.13568,157844905
1699574400000,0.13571,0.13809,0.13416,0.13488,87821732
1699588800000,0.13489,0.13584,0.13156,0.13169,75344289
1699603200000,0.1317,0.1356,0.12848,0.13522,108362537
1699617600000,0.13524,0.13538,0.12939,0.13056,103933559
1699632000000,0.13058,0.1338,0.13053,0.13252,63407145
1699646400000,0.13253,0.13662,0.13175,0.13602,72679440
1699660800000,0.13603,0.13731,0.13222,0.13286,84565651
1699675200000,0.13288,0.13401,0.12951,0.13312,87020779
1699689600000,0.13314,0.13535,0.1318,0.13302,59395745
1699704000000,0.13301,0.13903,0.13216,0.13706,98616493
1699718400000,0.13704,0.14333,0.13675,0.14282,119564200
1699732800000,0.14282,0.14288,0.13442,0.13659,96285170
1699747200000,0.1366,0.13686,0.12917,0.13434,103030850
1699761600000,0.13436,0.13811,0.13262,0.13733,60184160
1699776000000,0.13732,0.13943,0.13552,0.13795,77618257
1699790400000,0.13793,0.1389,0.13493,0.13708,69145436
1699804800000,0.13706,0.13784,0.13323,0.13594,79438589
1699819200000,0.13594,0.13768,0.13357,0.13518,50329996
1699833600000,0.13517,0.13848,0.131,0.13123,78415822
1699848000000,0.13121,0.13341,0.13022,0.13297,57436567
1699862400000,0.13297,0.13433,0.13019,0.1311,54415187
1699876800000,0.13105,0.13274,0.12634,0.13135,101506599
1699891200000,0.13131,0.13225,0.12812,0.13084,64784585
1699905600000,0.13083,0.13118,0.1236,0.12421,107144191
1699920000000,0.12419,0.12543,0.12153,0.12468,71017226
1699934400000,0.12468,0.12722,0.12383,0.12697,56235759
1699948800000,0.12695,0.12815,0.12223,0.12374,60119867
1699963200000,0.12374,0.12789,0.12299,0.1257,105874489
1699977600000,0.12571,0.12752,0.11547,0.12217,162283494
1699992000000,0.12218,0.12543,0.12194,0.12533,58802425
1700006400000,0.12531,0.12719,0.12485,0.12496,42494936
1700020800000,0.12497,0.12825,0.12486,0.12774,36519008
1700035200000,0.12773,0.13147,0.1277,0.13077,70280205
1700049600000,0.13077,0.13292,0.13017,0.13268,87677224
1700064000000,0.13267,0.13527,0.13176,0.13414,91210673
1700078400000,0.13418,0.13462,0.13138,0.13359,70939653
1700092800000,0.1336,0.13563,0.13305,0.13486,41450887
1700107200000,0.13487,0.14007,0.13385,0.13821,79853638
1700121600000,0.13823,0.13863,0.13383,0.13517,90715661
1700136000000,0.13517,0.13531,0.1282,0.12998,107157108
1700150400000,0.12997,0.1336,0.12556,0.12981,92886746
1700164800000,0.12979,0.13104,0.12669,0.12857,77373033
1700179200000,0.12858,0.13264,0.12833,0.13051,49016756
1700193600000,0.1305,0.13117,0.12788,0.12848,43279572
1700208000000,0.12847,0.13137,0.12599,0.12734,68040112
1700222400000,0.12736,0.12927,0.12055,0.12099,111673997
1700236800000,0.121,0.12562,0.12064,0.12463,72006613
1700251200000,0.12465,0.12723,0.12352,0.12655,51147035
1700265600000,0.12655,0.1271,0.12351,0.12363,45880854
1700280000000,0.12364,0.1253,0.119,0.1228,65545618
1700294400000,0.12278,0.12545,0.12215,0.12418,30042968
1700308800000,0.12418,0.12714,0.12215,0.12689,45504713
1700323200000,0.1269,0.12783,0.12525,0.12658,42665367
1700337600000,0.12658,0.12733,0.12505,0.12712,30717430
1700352000000,0.1271,0.12799,0.12376,0.12773,57060455
1700366400000,0.12778,0.1293,0.12682,0.12876,34287955
1700380800000,0.12875,0.1325,0.1285,0.13212,77902965
1700395200000,0.13212,0.13315,0.13027,0.13302,77659327
1700409600000,0.13304,0.1363,0.13186,0.13552,76966329
1700424000000,0.13554,0.13747,0.13456,0.13695,70894303
1700438400000,0.13694,0.1391,0.13544,0.13632,58890039
1700452800000,0.1363,0.14092,0.13578,0.13991,68880220
1700467200000,0.13994,0.14574,0.13823,0.14229,165183295
1700481600000,0.1423,0.14287,0.13781,0.14205,128694074
1700496000000,0.14206,0.14292,0.13761,0.13815,104397361
1700510400000,0.13815,0.13941,0.1341,0.13885,76698245
1700524800000,0.13884,0.14259,0.13795,0.14242,123673251
1700539200000,0.14241,0.14417,0.13938,0.13949,81321177
1700553600000,0.13948,0.14423,0.13885,0.14023,88977817
1700568000000,0.14022,0.14125,0.13175,0.13549,151210553
1700582400000,0.13552,0.13761,0.12832,0.1315,138468122
1700596800000,0.13151,0.13407,0.125,0.12518,95927446
1700611200000,0.1252,0.13286,0.12487,0.13216,53699116
1700625600000,0.13217,0.13503,0.13065,0.13328,50854135
1700640000000,0.13329,0.14002,0.13329,0.13763,87971362
1700654400000,0.13764,0.14292,0.13764,0.14184,95651057
1700668800000,0.14184,0.14348,0.14039,0.14142,91333221
1700683200000,0.14142,0.14545,0.14079,0.14514,88264178
1700697600000,0.14514,0.14666,0.14173,0.14265,96905491
1700712000000,0.14264,0.14392,0.14098,0.14147,43515196
1700726400000,0.14148,0.14379,0.13951,0.1401,55208196
1700740800000,0.14011,0.14098,0.1373,0.13795,56032008
1700755200000,0.138,0.13936,0.1372,0.13778,34715594
1700769600000,0.13778,0.13963,0.13763,0.13845,28418050
1700784000000,0.13845,0.1398,0.13741,0.13839,34839572
1700798400000,0.13838,0.14446,0.13833,0.14405,64376559
1700812800000,0.14406,0.15422,0.1439,0.15191,188291720
1700827200000,0.15197,0.15292,0.14758,0.15095,90794275
1700841600000,0.15095,0.15286,0.14791,0.15141,73560865
1700856000000,0.15141,0.15498,0.15051,0.15416,101608161
1700870400000,0.15417,0.16174,0.15188,0.15994,159521961
1700884800000,0.15995,0.1608,0.15527,0.15568,68460217
1700899200000,0.1557,0.15631,0.15098,0.15249,73181958
1700913600000,0.15246,0.15346,0.15009,0.15097,50155709
1700928000000,0.15096,0.15315,0.15068,0.1508,49676223
1700942400000,0.1508,0.15206,0.15043,0.15185,32274787
1700956800000,0.15184,0.152,0.14831,0.15034,55617024
1700971200000,0.15034,0.15089,0.14949,0.14951,30174742
1700985600000,0.14953,0.14998,0.14741,0.14757,40123784
1701000000000,0.1476,0.1489,0.1453,0.14632,67096889
1701014400000,0.14631,0.14776,0.14317,0.14754,66568476
1701028800000,0.14758,0.15327,0.1472,0.14966,73710795
1701043200000,0.14967,0.15308,0.14802,0.15047,63008861
1701057600000,0.15049,0.15592,0.14894,0.15126,123479068
1701072000000,0.15125,0.15379,0.14803,0.15062,94027719
1701086400000,0.15063,0.15325,0.14625,0.14647,104056684
1701100800000,0.14649,0.14974,0.14374,0.14511,63269581
1701115200000,0.14513,0.14883,0.1441,0.14842,48198211
1701129600000,0.14845,0.1516,0.14534,0.14555,47965315
1701144000000,0.14558,0.14574,0.14015,0.14158,72476758
1701158400000,0.14159,0.14479,0.14037,0.14448,57353883
1701172800000,0.14447,0.1461,0.14263,0.14483,56412984
1701187200000,0.14484,0.14939,0.14444,0.14801,60539966
1701201600000,0.148,0.1489,0.14655,0.14675,33694093
1701216000000,0.14675,0.14926,0.14571,0.14782,37600250
1701230400000,0.14783,0.14946,0.14705,0.14855,30896064
1701244800000,0.14854,0.15184,0.14701,0.14743,77729264
1701259200000,0.14745,0.14832,0.14299,0.14524,59912309
1701273600000,0.14526,0.14584,0.14321,0.14435,29320274
1701288000000,0.14433,0.14464,0.1424,0.1433,31401061
1701302400000,0.14329,0.14396,0.14107,0.14325,33119809
1701316800000,0.14326,0.14377,0.14123,0.14138,30729836
1701331200000,0.14138,0.14387,0.14017,0.14364,32644955
1701345600000,0.14367,0.14401,0.1409,0.14315,44108937
1701360000000,0.14312,0.14407,0.14215,0.1428,24376339
1701374400000,0.1428,0.14418,0.14219,0.14292,24364728
1701388800000,0.14291,0.14802,0.14197,0.1475,50278283
1701403200000,0.1475,0.14969,0.14663,0.1473,41705422
1701417600000,0.14727,0.149,0.14626,0.14848,49329133
1701432000000,0.14849,0.14939,0.14705,0.14843,41985393
1701446400000,0.14844,0.15067,0.14818,0.1494,46778505
1701460800000,0.14938,0.15073,0.1491,0.15011,25440241
1701475200000,0.1501,0.15211,0.149,0.15113,23952803
1701489600000,0.15113,0.152,0.15011,0.1505,19524180
1701504000000,0.15052,0.15261,0.1503,0.15071,27630436
1701518400000,0.15072,0.15135,0.1482,0.14944,33094740
1701532800000,0.14943,0.15358,0.1494,0.15276,40516924
1701547200000,0.15276,0.15367,0.15082,0.15215,27791788
1701561600000,0.15215,0.15354,0.15044,0.15145,25933747
1701576000000,0.15146,0.15218,0.1502,0.15135,19566971
1701590400000,0.15136,0.15185,0.14854,0.14935,33921089
1701604800000,0.14935,0.1496,0.14728,0.14809,34860147
1701619200000,0.14812,0.14927,0.14766,0.14844,18841515
1701633600000,0.14844,0.1524,0.14843,0.14964,40629228
1701648000000,0.14966,0.15286,0.14872,0.15133,38458826
1701662400000,0.15133,0.15355,0.15068,0.15171,49476785
1701676800000,0.15172,0.15511,0.1406,0.14862,119353175
1701691200000,0.14861,0.151,0.14495,0.14611,95496817
1701705600000,0.14614,0.1489,0.1461,0.14788,45857283
1701720000000,0.14788,0.15092,0.14676,0.1509,43941305
1701734400000,0.15089,0.15399,0.14866,0.1518,65627283
1701748800000,0.15181,0.15667,0.15015,0.15205,81734188
1701763200000,0.15206,0.15521,0.14925,0.15179,58234294
1701777600000,0.15183,0.15356,0.15,0.15282,52549790
1701792000000,0.1528,0.15842,0.15153,0.1569,83523165
1701806400000,0.1569,0.15901,0.1551,0.15789,45400789
1701820800000,0.1579,0.1597,0.15468,0.15554,54534542
1701835200000,0.15554,0.1579,0.15336,0.15624,47783267
1701849600000,0.15622,0.16848,0.15544,0.1604,266405496
1701864000000,0.16043,0.16486,0.1595,0.16206,116423481
1701878400000,0.16207,0.16959,0.16196,0.16741,103915368
1701892800000,0.16739,0.16833,0.16256,0.16353,90877152
1701907200000,0.16359,0.16595,0.16162,0.16288,60847753
1701921600000,0.16283,0.16399,0.15958,0.16057,53518662
1701936000000,0.16056,0.16154,0.15442,0.15731,95864447
1701950400000,0.15732,0.1625,0.15678,0.16149,59110567
1701964800000,0.16151,0.16542,0.1607,0.16218,65565529
1701979200000,0.16216,0.16594,0.16166,0.1649,44454486
1701993600000,0.16488,0.16826,0.16464,0.16792,55076861
1702008000000,0.16794,0.16999,0.16539,0.16911,56424157
1702022400000,0.16914,0.1733,0.16914,0.16974,93213106
1702036800000,0.16976,0.1734,0.16833,0.17193,70147630
1702051200000,0.17197,0.17429,0.17075,0.17387,47642219
1702065600000,0.17388,0.1772,0.17335,0.17442,50319043
1702080000000,0.17441,0.17777,0.17341,0.17493,51532403
1702094400000,0.17494,0.17694,0.17332,0.17596,38532120
1702108800000,0.17596,0.17637,0.16923,0.17257,95566007
1702123200000,0.17257,0.17515,0.17042,0.17343,59486397
1702137600000,0.17343,0.17398,0.16912,0.1714,47186669
1702152000000,0.17142,0.17198,0.16734,0.16897,38709111
1702166400000,0.16898,0.17182,0.16806,0.17017,35498169
1702180800000,0.17016,0.17904,0.16968,0.17467,101353582
1702195200000,0.17465,0.17512,0.1663,0.16737,64910779
1702209600000,0.16741,0.17149,0.16707,0.1714,40604139
1702224000000,0.17142,0.17168,0.16692,0.16956,32765831
1702238400000,0.16955,0.17363,0.16951,0.17192,34297027
1702252800000,0.17192,0.17502,0.14755,0.16306,191545770
1702267200000,0.163,0.16374,0.15737,0.16083,84789699
1702281600000,0.16084,0.16307,0.15934,0.16283,41096502
1702296000000,0.16281,0.16338,0.15759,0.15992,73844621
1702310400000,0.15991,0.16134,0.15235,0.15633,87055827
1702324800000,0.15634,0.15955,0.15443,0.1589,31020909
1702339200000,0.15889,0.16516,0.15858,0.16315,52563212
1702353600000,0.16311,0.1662,0.16042,0.16466,58622950
1702368000000,0.16466,0.16519,0.15912,0.15938,40156017
1702382400000,0.15938,0.16204,0.15628,0.15825,83842960
1702396800000,0.15822,0.1589,0.1539,0.1573,47737890
1702411200000,0.1573,0.16057,0.15571,0.16019,34501047
1702425600000,0.16019,0.16041,0.15273,0.15319,76112809
1702440000000,0.15321,0.15501,0.15005,0.15333,44498503
1702454400000,0.15335,0.15476,0.15213,0.15248,31099787
1702468800000,0.15248,0.15841,0.15223,0.15786,36616720
1702483200000,0.15789,0.16286,0.15542,0.16277,45436910
1702497600000,0.16274,0.16575,0.16194,0.16446,68799126
1702512000000,0.16445,0.1663,0.16188,0.16297,34424289
1702526400000,0.16297,0.17003,0.16275,0.16878,52286783
1702540800000,0.16879,0.17415,0.16853,0.17283,59636436
1702555200000,0.17283,0.17678,0.16536,0.17144,156610061
1702569600000,0.17143,0.17506,0.17054,0.17315,55260250
1702584000000,0.17314,0.17595,0.17153,0.17529,42698387
1702598400000,0.17529,0.17579,0.17047,0.17326,45131837
1702612800000,0.17326,0.17463,0.17077,0.17111,40043466
1702627200000,0.17112,0.1724,0.16867,0.16886,40063723
1702641600000,0.16886,0.16904,0.16486,0.16691,69723676
1702656000000,0.1669,0.16999,0.16649,0.16793,51866701
1702670400000,0.16793,0.16924,0.16305,0.16344,48367424
1702684800000,0.16347,0.16441,0.1607,0.1639,45705935
1702699200000,0.1639,0.16577,0.16299,0.16375,31619859
1702713600000,0.16372,0.16569,0.16326,0.16552,27281655
1702728000000,0.16553,0.16692,0.16436,0.16692,33267545
1702742400000,0.16691,0.16783,0.16211,0.1634,44591415
1702756800000,0.16341,0.16456,0.16157,0.16232,33423680
1702771200000,0.16233,0.16369,0.16053,0.16167,38116494
1702785600000,0.16167,0.16304,0.15883,0.15918,42388972
1702800000000,0.15917,0.16249,0.15883,0.16196,30022301
1702814400000,0.16195,0.16233,0.15846,0.16225,41121592
1702828800000,0.16227,0.16471,0.16076,0.16211,31646901
1702843200000,0.16213,0.1636,0.15762,0.15859,33490821
1702857600000,0.15857,0.16031,0.154,0.15566,53130648
1702872000000,0.15568,0.1564,0.15231,0.15297,30346655
1702886400000,0.15299,0.15418,0.14433,0.1489,110327009
1702900800000,0.1489,0.1525,0.14734,0.15021,42104573
1702915200000,0.15023,0.15295,0.14926,0.15207,30280664
1702929600000,0.15207,0.16044,0.15085,0.16036,51889258
1702944000000,0.16035,0.1643,0.15739,0.16351,67074097
1702958400000,0.16351,0.1644,0.16072,0.1631,37594598
1702972800000,0.1631,0.16469,0.16028,0.16072,39508620
1702987200000,0.16075,0.16155,0.15673,0.15889,53196976
1703001600000,0.15887,0.16071,0.1542,0.15748,46047100
1703016000000,0.15751,0.1587,0.15456,0.15585,36362617
1703030400000,0.15588,0.15772,0.15377,0.15647,29428705
1703044800000,0.15648,0.15906,0.156,0.1589,26109054
1703059200000,0.15889,0.16046,0.15804,0.15981,29568614
1703073600000,0.15981,0.16583,0.15884,0.16581,49869687
1703088000000,0.16582,0.17013,0.16154,0.16194,80260678
1703102400000,0.16194,0.16251,0.15861,0.16101,45649703
1703116800000,0.16099,0.16137,0.15918,0.15989,25802468
1703131200000,0.15987,0.16047,0.15801,0.15938,27758045
1703145600000,0.15938,0.1637,0.15825,0.16257,49061407
1703160000000,0.16255,0.16341,0.15762,0.15956,54647518
1703174400000,0.1595,0.16223,0.15853,0.16143,31872291
1703188800000,0.16143,0.16603,0.16132,0.16541,48444806
1703203200000,0.16543,0.16772,0.1638,0.16533,44130107
1703217600000,0.16538,0.16726,0.163,0.16438,47658382
1703232000000,0.16439,0.17349,0.16421,0.17291,143582760
1703246400000,0.17292,0.18102,0.17091,0.17969,172333733
1703260800000,0.17966,0.19096,0.17862,0.18739,313128203
1703275200000,0.18742,0.19474,0.18555,0.19049,157651113
1703289600000,0.19047,0.19372,0.17825,0.17933,163992064
1703304000000,0.17928,0.18109,0.1767,0.17879,87325102
1703318400000,0.17876,0.18551,0.17845,0.18357,104775170
1703332800000,0.18356,0.184,0.1787,0.18002,67770509
1703347200000,0.18002,0.18394,0.17984,0.18223,67428862
1703361600000,0.18223,0.18492,0.18087,0.18272,55588154
1703376000000,0.18273,0.18448,0.17892,0.18006,60112574
1703390400000,0.18005,0.18421,0.17612,0.18386,80862985
1703404800000,0.18387,0.18465,0.17986,0.18282,65047132
1703419200000,0.18286,0.18919,0.18143,0.18875,78336387
1703433600000,0.18871,0.199,0.18703,0.19456,146381752
1703448000000,0.19454,0.19454,0.18282,0.18628,115847846
1703462400000,0.18628,0.18796,0.18012,0.18382,58354812
1703476800000,0.18381,0.18704,0.1838,0.18474,47648953
1703491200000,0.18477,0.18696,0.18257,0.18626,45429708
1703505600000,0.18626,0.19306,0.18371,0.19073,64843734
1703520000000,0.1907,0.19191,0.1873,0.18877,50097742
1703534400000,0.18875,0.198,0.187,0.19678,68520206
1703548800000,0.19681,0.20034,0.19421,0.1969,62108484
1703563200000,0.1969,0.19734,0.18701,0.19226,109129803
1703577600000,0.19226,0.19493,0.18783,0.19201,66674593
1703592000000,0.19208,0.20473,0.19186,0.19606,146531065
1703606400000,0.19607,0.19878,0.1792,0.19249,152177256
1703620800000,0.1925,0.20146,0.18935,0.19908,80956579
1703635200000,0.19907,0.20233,0.18518,0.18646,74254510
1703649600000,0.18645,0.19245,0.18642,0.18687,60679429
1703664000000,0.18686,0.19329,0.18665,0.19189,54174130
1703678400000,0.19187,0.1947,0.19015,0.19387,59048414
1703692800000,0.19396,0.19558,0.19051,0.19248,62954376
1703707200000,0.1925,0.19433,0.18963,0.1918,35107534
1703721600000,0.1918,0.19916,0.19123,0.19731,64662083
1703736000000,0.1973,0.2011,0.19315,0.19509,98242079
1703750400000,0.19515,0.20094,0.19378,0.20014,64992435
1703764800000,0.20013,0.20192,0.1903,0.19133,171333336
1703779200000,0.19131,0.19665,0.18712,0.19465,86609007
1703793600000,0.19463,0.1949,0.18831,0.18856,48835993
1703808000000,0.18858,0.19021,0.17969,0.18462,79967899
1703822400000,0.18462,0.18665,0.1812,0.18184,44330023
1703836800000,0.18187,0.19103,0.1817,0.191,52276644
1703851200000,0.19099,0.19236,0.18425,0.18569,71109860
1703865600000,0.18569,0.18715,0.18024,0.18371,70480123
1703880000000,0.1837,0.18372,0.17722,0.18154,47665680
1703894400000,0.18156,0.18226,0.17839,0.1794,30079242
1703908800000,0.17937,0.1812,0.17855,0.17882,25734403
1703923200000,0.17881,0.17923,0.17398,0.17703,52375440
1703937600000,0.17704,0.18015,0.17551,0.17991,35544378
1703952000000,0.17987,0.18058,0.17753,0.17796,35067232
1703966400000,0.17797,0.17952,0.1771,0.1782,22853966
1703980800000,0.17824,0.18149,0.17676,0.17949,30272586
1703995200000,0.17948,0.18384,0.17902,0.18321,28856478
1704009600000,0.18321,0.1846,0.1815,0.18251,28156372
1704024000000,0.1825,0.18454,0.18037,0.18128,31043949
1704038400000,0.18129,0.18893,0.18102,0.18762,51610430
1704052800000,0.1876,0.1904,0.17895,0.18426,56621984
1704067200000,0.18426,0.19036,0.18426,0.18547,56584605
1704081600000,0.18548,0.19306,0.18418,0.19181,61635264
1704096000000,0.19181,0.19788,0.19115,0.19521,144578640
1704110400000,0.19522,0.2055,0.19306,0.2047,136024215
1704124800000,0.20466,0.21972,0.20041,0.2127,259961015
1704139200000,0.21268,0.2211,0.21142,0.21785,146794267
1704153600000,0.21782,0.22572,0.21256,0.21737,164346615
1704168000000,0.21738,0.22534,0.215,0.21742,141460019
1704182400000,0.21744,0.22208,0.2122,0.21342,98612586
1704196800000,0.21343,0.21525,0.20636,0.20758,105517263
1704211200000,0.20757,0.21107,0.20618,0.20981,61783544
1704225600000,0.20985,0.21107,0.20655,0.20753,39722090
1704240000000,0.20752,0.21568,0.20691,0.2118,69359434
1704254400000,0.21179,0.21426,0.2072,0.20801,51355940
1704268800000,0.20799,0.21365,0.20115,0.20243,98796688
1704283200000,0.20245,0.20254,0.14992,0.19091,334892549
1704297600000,0.19094,0.19385,0.18552,0.18789,98990032
1704312000000,0.18793,0.19314,0.18761,0.18923,46276856
1704326400000,0.18921,0.19156,0.18389,0.18962,39242618
1704340800000,0.18959,0.19118,0.18581,0.18588,32596980
1704355200000,0.1859,0.18704,0.18232,0.18384,44952581
1704369600000,0.18384,0.19405,0.18374,0.19384,66403034
1704384000000,0.19385,0.19622,0.1899,0.19551,58045790
1704398400000,0.19551,0.20048,0.1933,0.19857,70477680
1704412800000,0.19861,0.19944,0.1856,0.19021,72523191
1704427200000,0.19022,0.19089,0.18722,0.18789,40023905
1704441600000,0.1879,0.19376,0.18438,0.1846,67921731
1704456000000,0.18459,0.18675,0.178,0.18053,70062625
1704470400000,0.18053,0.18228,0.176,0.18103,55576811
1704484800000,0.18104,0.18448,0.1796,0.18434,36322494
1704499200000,0.18434,0.18454,0.17683,0.17785,36129483
1704513600000,0.17784,0.17865,0.16564,0.16962,83897064
1704528000000,0.16962,0.17272,0.16837,0.17055,39761447
1704542400000,0.17057,0.17417,0.16825,0.17205,41883732
1704556800000,0.17207,0.17559,0.17043,0.17181,41442831
1704571200000,0.17182,0.17314,0.16892,0.17186,34177556
1704585600000,0.17183,0.1759,0.1705,0.17336,38505699
1704600000000,0.17335,0.17557,0.17284,0.17394,29487703
1704614400000,0.17395,0.17483,0.16986,0.17007,39699071
1704628800000,0.17012,0.17206,0.16032,0.16285,147243018
1704643200000,0.16285,0.16998,0.16241,0.16942,81098697
1704657600000,0.16943,0.16956,0.16153,0.1634,90140383
1704672000000,0.16341,0.16475,0.14842,0.15295,116495427
1704686400000,0.15299,0.15958,0.15226,0.15752,44595782
1704700800000,0.1575,0.16073,0.15489,0.16049,40691150
1704715200000,0.16051,0.16507,0.15889,0.16331,76396187
1704729600000,0.16337,0.17167,0.16208,0.17102,62839851
1704744000000,0.17102,0.17174,0.16818,0.1715,39217064
1704758400000,0.17149,0.17199,0.166,0.16746,44379040
1704772800000,0.16744,0.17052,0.16678,0.16868,25940131
1704787200000,0.16866,0.16954,0.16291,0.16474,38700925
1704801600000,0.16474,0.16544,0.15652,0.15922,68172127
1704816000000,0.15921,0.15951,0.15477,0.15677,56762748
1704830400000,0.15678,0.1616,0.1531,0.16019,108420643
1704844800000,0.16018,0.16303,0.15882,0.16115,36220795
1704859200000,0.16115,0.16351,0.16026,0.16133,27701152
1704873600000,0.16133,0.16759,0.158,0.16563,86117775
1704888000000,0.16564,0.16655,0.15639,0.16289,108071747
1704902400000,0.16287,0.1657,0.16,0.16477,69615236
1704916800000,0.16476,0.18214,0.1591,0.17772,166481968
1704931200000,0.17771,0.18235,0.17567,0.18133,60032739
1704945600000,0.18135,0.18162,0.17502,0.17972,39731696
1704960000000,0.17971,0.1866,0.17893,0.18651,49062152
1704974400000,0.1865,0.19066,0.18265,0.18473,125024985
1704988800000,0.1847,0.18743,0.17934,0.18735,63138898
1705003200000,0.18734,0.18811,0.1827,0.18703,31238173
1705017600000,0.18703,0.19104,0.18264,0.18929,44011903
1705032000000,0.18928,0.19285,0.1865,0.18805,47417448
1705046400000,0.18807,0.19086,0.18445,0.18999,43537505
1705060800000,0.18996,0.19629,0.18409,0.18468,79234026
1705075200000,0.18464,0.1875,0.17734,0.1813,77112630
1705089600000,0.18131,0.18446,0.16912,0.17477,77605680
1705104000000,0.17477,0.17626,0.16879,0.17126,37123214
1705118400000,0.17128,0.17544,0.1707,0.1737,26931476
1705132800000,0.17372,0.17444,0.16984,0.17114,37240533
1705147200000,0.17115,0.17455,0.1702,0.17334,43358044
1705161600000,0.17333,0.17403,0.17111,0.17293,32506480
1705176000000,0.17293,0.1732,0.17072,0.17092,26541087
1705190400000,0.17091,0.17125,0.16776,0.16809,29900870
1705204800000,0.16804,0.17095,0.16675,0.17072,33362748
1705219200000,0.17072,0.17237,0.16857,0.1691,30899712
1705233600000,0.16911,0.16975,0.16738,0.16881,29429854
1705248000000,0.16884,0.1693,0.16408,0.16419,42973480
1705262400000,0.16418,0.16732,0.161,0.1615,47573546
1705276800000,0.1615,0.16568,0.16146,0.16385,31737326
1705291200000,0.16386,0.16625,0.1625,0.16333,29039232
1705305600000,0.16333,0.16715,0.1624,0.16519,32188309
1705320000000,0.1652,0.16598,0.16062,0.16112,43762921
1705334400000,0.16113,0.16608,0.16089,0.16344,34948728
1705348800000,0.16344,0.16426,0.1606,0.16272,27943091
1705363200000,0.16273,0.16977,0.1627,0.16854,85782893
1705377600000,0.16854,0.16939,0.16458,0.1663,28881164
1705392000000,0.16632,0.16859,0.16514,0.16721,30489868
1705406400000,0.16721,0.1682,0.16256,0.16799,48557306
1705420800000,0.16796,0.1696,0.16626,0.16756,37953680
1705435200000,0.16756,0.17,0.16736,0.16932,24243270
1705449600000,0.16931,0.17212,0.16924,0.1694,30473449
1705464000000,0.1694,0.17005,0.16517,0.16545,23998454
1705478400000,0.16546,0.16863,0.16469,0.16794,25180750
1705492800000,0.16794,0.16845,0.16537,0.16651,36227164
1705507200000,0.16652,0.16798,0.1644,0.16663,31446222
1705521600000,0.16663,0.16768,0.16386,0.16753,24332318
1705536000000,0.16754,0.16854,0.16229,0.16317,30487697
1705550400000,0.16319,0.16548,0.16245,0.1649,18389794
1705564800000,0.1649,0.16524,0.16128,0.16238,22982229
1705579200000,0.16238,0.16243,0.15964,0.16048,34563371
1705593600000,0.16049,0.16061,0.15157,0.15286,73777302
1705608000000,0.15288,0.15571,0.15145,0.1548,49314202
1705622400000,0.15481,0.15522,0.14916,0.1522,38854688
1705636800000,0.1522,0.15497,0.15205,0.15368,22962561
1705651200000,0.15364,0.15642,0.15253,0.15534,35870787
1705665600000,0.15533,0.15556,0.15026,0.1509,44280285
1705680000000,0.1509,0.15332,0.14531,0.15212,76735118
1705694400000,0.15212,0.15394,0.15176,0.15352,23768808
1705708800000,0.15353,0.157,0.15131,0.15576,33683170
1705723200000,0.15576,0.15866,0.15528,0.15793,26625526
1705737600000,0.15795,0.16173,0.15602,0.15788,78660344
1705752000000,0.15795,0.16176,0.15739,0.16067,43335357
1705766400000,0.16065,0.16213,0.15878,0.1594,47161904
1705780800000,0.15938,0.16063,0.15889,0.16029,26165118
1705795200000,0.16029,0.16478,0.15795,0.16388,39159252
1705809600000,0.16387,0.16405,0.16073,0.16136,22243866
1705824000000,0.16133,0.16309,0.16102,0.16182,17967860
1705838400000,0.16182,0.16364,0.16134,0.16274,26481393
1705852800000,0.16273,0.16372,0.16121,0.16297,21404828
1705867200000,0.16297,0.16337,0.15934,0.15986,21435699
1705881600000,0.15986,0.16288,0.15669,0.15745,57581688
1705896000000,0.15748,0.1588,0.15515,0.15665,30940128
1705910400000,0.15671,0.1568,0.15133,0.15325,41829733
1705924800000,0.15325,0.15523,0.14943,0.15224,40536831
1705939200000,0.15226,0.15304,0.14715,0.14986,46929902
1705953600000,0.14986,0.15271,0.14796,0.14881,30918692
1705968000000,0.14882,0.15152,0.14755,0.15045,21567254
1705982400000,0.15048,0.15189,0.14683,0.14787,21516045
1705996800000,0.14786,0.14894,0.13929,0.14126,99089678
1706011200000,0.14126,0.14466,0.13832,0.14339,61471178
1706025600000,0.14337,0.14549,0.14192,0.14232,60406276
1706040000000,0.14234,0.14774,0.14184,0.14742,33502981
1706054400000,0.14742,0.14873,0.14515,0.14566,21108693
1706068800000,0.14566,0.1506,0.1453,0.15003,24684376
1706083200000,0.15005,0.15259,0.14931,0.15124,28765488
1706097600000,0.15124,0.15258,0.14927,0.151,31371578
1706112000000,0.15098,0.15245,0.14943,0.15097,29008979
1706126400000,0.15097,0.15388,0.14908,0.15322,23743353
1706140800000,0.15319,0.15321,0.14928,0.14999,19013319
1706155200000,0.14995,0.15076,0.14784,0.15043,18460182
1706169600000,0.15043,0.15098,0.14805,0.14954,18847054
1706184000000,0.14954,0.15024,0.14636,0.14699,27294990
1706198400000,0.14699,0.15006,0.14614,0.1492,23572643
1706212800000,0.14921,0.15008,0.14826,0.14946,18314317
1706227200000,0.14944,0.15148,0.14769,0.15056,17242372
1706241600000,0.15057,0.15136,0.14873,0.14933,11326317
1706256000000,0.14933,0.1547,0.14931,0.15406,24485431
1706270400000,0.15408,0.15599,0.15247,0.15579,30798923
1706284800000,0.15579,0.1577,0.15569,0.15627,29959161
1706299200000,0.15626,0.15739,0.15509,0.15626,27132996
1706313600000,0.15625,0.162,0.15583,0.16017,41197463
1706328000000,0.16016,0.16139,0.15636,0.15726,27906675
1706342400000,0.15724,0.15968,0.15654,0.15878,25907474
1706356800000,0.15874,0.16251,0.15859,0.16045,38092402
1706371200000,0.16044,0.16089,0.15906,0.16027,22239733
1706385600000,0.16025,0.1615,0.15951,0.15995,20175225
1706400000000,0.15995,0.16184,0.15928,0.16175,19464346
1706414400000,0.16174,0.16285,0.15941,0.15991,24358788
1706428800000,0.15993,0.16171,0.159,0.15973,29370644
1706443200000,0.15973,0.15992,0.15707,0.15866,28624968
1706457600000,0.15865,0.16076,0.15583,0.15681,25740965
1706472000000,0.1568,0.15867,0.15509,0.15697,21676781
1706486400000,0.15699,0.16043,0.156,0.15949,17425333
1706500800000,0.15948,0.1605,0.15805,0.15829,15033602
1706515200000,0.15827,0.15972,0.15744,0.1586,18615017
1706529600000,0.15859,0.15954,0.15518,0.15938,31954948
1706544000000,0.15936,0.16313,0.15855,0.16151,40834144
1706558400000,0.16151,0.16352,0.16122,0.16229,17022500
1706572800000,0.1623,0.16369,0.16108,0.16134,19837084
1706587200000,0.16134,0.16197,0.16031,0.16144,13040121
1706601600000,0.16146,0.16436,0.16087,0.16361,25772338
1706616000000,0.16361,0.16379,0.15884,0.16225,43596179
1706630400000,0.16226,0.16379,0.16113,0.16295,23839722
1706644800000,0.16296,0.16319,0.1575,0.15841,27797911
1706659200000,0.15841,0.15913,0.15606,0.15838,26796106
1706673600000,0.15839,0.15894,0.15667,0.15816,16108290
1706688000000,0.15815,0.15846,0.15351,0.15585,34523724
1706702400000,0.15585,0.15726,0.15265,0.15653,34666717
1706716800000,0.15652,0.15847,0.15586,0.15743,34997614
1706731200000,0.15743,0.15771,0.15254,0.15462,32468191
1706745600000,0.15461,0.15639,0.15122,0.15307,31436258
1706760000000,0.15306,0.15382,0.15162,0.15298,21951239
1706774400000,0.15297,0.15409,0.15167,0.15211,19895977
1706788800000,0.15211,0.15536,0.15181,0.15361,23468848
1706803200000,0.15361,0.15499,0.1519,0.15415,28839958
1706817600000,0.15411,0.1551,0.15348,0.15431,15263441
1706832000000,0.15433,0.15677,0.1541,0.15591,19928710
1706846400000,0.1559,0.15672,0.15548,0.15618,12589264
1706860800000,0.15619,0.15638,0.15488,0.15587,23821367
1706875200000,0.15587,0.15686,0.15331,0.15674,39122789
1706889600000,0.15673,0.15726,0.15516,0.15589,20038418
1706904000000,0.15591,0.15696,0.15494,0.15609,10136286
1706918400000,0.15607,0.16004,0.15571,0.15765,25207944
1706932800000,0.15763,0.1595,0.1563,0.15676,21488988
1706947200000,0.15677,0.15784,0.15611,0.15749,12339901
1706961600000,0.1575,0.15981,0.15711,0.15934,26185603
1706976000000,0.15933,0.16,0.15762,0.15808,28704748
1706990400000,0.15808,0.15842,0.156,0.15632,30538974
1707004800000,0.15633,0.15731,0.15473,0.15706,14944972
1707019200000,0.15706,0.15706,0.15278,0.15368,25886600
1707033600000,0.15367,0.15622,0.15345,0.1556,17052384
1707048000000,0.15559,0.15606,0.15493,0.15555,12271397
1707062400000,0.15554,0.15569,0.15324,0.15457,17944147
1707076800000,0.15457,0.1556,0.15207,0.15228,18611811
1707091200000,0.15226,0.15322,0.14964,0.15306,23169702
1707105600000,0.15306,0.15486,0.15249,0.15451,17374179
1707120000000,0.15449,0.15504,0.15313,0.15395,14850419
1707134400000,0.15396,0.15522,0.15321,0.15364,33899245
1707148800000,0.15363,0.15406,0.15275,0.1535,23334995
1707163200000,0.15348,0.15355,0.15031,0.15247,18395797
1707177600000,0.15247,0.15353,0.15163,0.15335,11906842
1707192000000,0.15335,0.15504,0.15334,0.15489,15327964
1707206400000,0.1549,0.15629,0.15442,0.15488,29932456
1707220800000,0.15483,0.15617,0.15385,0.15611,29545080
1707235200000,0.15608,0.15983,0.15608,0.15953,28213306
1707249600000,0.15952,0.16147,0.15897,0.15908,34732409
1707264000000,0.15909,0.15981,0.15746,0.15755,18312759
1707278400000,0.15757,0.1581,0.15512,0.15739,24559253
1707292800000,0.15743,0.158,0.156,0.15625,14404463
1707307200000,0.15625,0.15711,0.15547,0.15606,14845149
1707321600000,0.15605,0.16127,0.15588,0.15871,34386928
1707336000000,0.15871,0.16218,0.15871,0.16085,25432831
1707350400000,0.16084,0.16323,0.16081,0.16183,19586597
1707364800000,0.16184,0.1634,0.16031,0.16266,39227555
1707379200000,0.16266,0.16304,0.16182,0.16222,19418813
1707393600000,0.16226,0.164,0.16166,0.16393,32395646
1707408000000,0.16392,0.16403,0.16059,0.16074,31153709
1707422400000,0.16075,0.16473,0.16075,0.16436,31703366
1707436800000,0.16435,0.16722,0.16363,0.16577,27515009
1707451200000,0.16577,0.16906,0.16522,0.16648,31963799
1707465600000,0.16648,0.168,0.16581,0.16745,27467531
1707480000000,0.16745,0.16847,0.16456,0.1662,36840710
1707494400000,0.16619,0.16764,0.16513,0.1662,30080354
1707508800000,0.1662,0.16858,0.16582,0.16709,19109061
1707523200000,0.16709,0.1718,0.16641,0.17005,40341375
1707537600000,0.17005,0.17105,0.1686,0.16989,15317716
1707552000000,0.16988,0.1725,0.16628,0.169,38393074
1707566400000,0.16902,0.17173,0.1677,0.17151,18900277
1707580800000,0.17152,0.17214,0.17021,0.1711,21771164
1707595200000,0.17113,0.17208,0.16994,0.17057,17260534
1707609600000,0.17056,0.1714,0.1699,0.17129,12462325
1707624000000,0.17127,0.17142,0.16982,0.17073,14822495
1707638400000,0.17072,0.17173,0.16937,0.17097,17661230
1707652800000,0.17098,0.17211,0.16786,0.16908,20459999
1707667200000,0.16906,0.16971,0.1676,0.168,14537264
1707681600000,0.168,0.16819,0.16572,0.1674,17926368
1707696000000,0.16739,0.17013,0.16565,0.16732,19895516
1707710400000,0.16733,0.1677,0.16437,0.16576,26664697
1707724800000,0.16575,0.16685,0.16291,0.16412,23308382
1707739200000,0.16412,0.17017,0.16373,0.17013,22021627
1707753600000,0.17012,0.17683,0.16917,0.17502,56424867
1707768000000,0.17502,0.17618,0.17461,0.17493,18860129
1707782400000,0.17493,0.17623,0.17274,0.17335,22663124
1707796800000,0.17339,0.17477,0.17293,0.17434,21039217
1707811200000,0.17433,0.17516,0.17267,0.1742,21806709
1707825600000,0.17419,0.1752,0.1682,0.17127,70148058
1707840000000,0.17126,0.17365,0.16983,0.17218,33898459
1707854400000,0.1722,0.17405,0.17188,0.17227,20546466
1707868800000,0.17226,0.17312,0.17012,0.17287,15259069
1707883200000,0.17292,0.1762,0.17248,0.17598,15387428
1707897600000,0.176,0.18018,0.17566,0.17998,39568010
1707912000000,0.17999,0.18083,0.17753,0.17956,30551788
1707926400000,0.17957,0.18036,0.1774,0.17997,24944410
1707940800000,0.17995,0.18125,0.17968,0.18022,14974143
1707955200000,0.18023,0.18858,0.1797,0.18447,40575320
1707969600000,0.18442,0.18452,0.17923,0.18192,26514285
1707984000000,0.18192,0.1828,0.18043,0.18204,21782928
1707998400000,0.18206,0.1849,0.18035,0.18183,42924849
1708012800000,0.18182,0.18448,0.17977,0.18369,33173680
1708027200000,0.18365,0.18441,0.17944,0.18441,25416022
1708041600000,0.18438,0.18512,0.18115,0.18494,20395959
1708056000000,0.18493,0.188,0.1845,0.18629,33021451
1708070400000,0.1863,0.19512,0.1863,0.19426,98151804
1708084800000,0.19424,0.19988,0.18743,0.19204,114746020
1708099200000,0.19205,0.19544,0.19002,0.19063,64149575
1708113600000,0.19062,0.19556,0.18978,0.19422,37850009
1708128000000,0.19423,0.19428,0.1889,0.1908,33070525
1708142400000,0.19081,0.1913,0.1891,0.19001,17529553
1708156800000,0.19002,0.19006,0.18554,0.18768,36057620
1708171200000,0.18767,0.18932,0.18332,0.18859,56501244
1708185600000,0.1886,0.20187,0.18745,0.20169,83140026
1708200000000,0.20168,0.21703,0.19832,0.216,168419213
1708214400000,0.21601,0.22864,0.21216,0.22535,271490702
1708228800000,0.22536,0.22641,0.21022,0.21312,116584460
1708243200000,0.21311,0.21876,0.21075,0.21662,80302789
1708257600000,0.21661,0.22357,0.2145,0.22044,99055109
1708272000000,0.22045,0.25199,0.21864,0.24286,353399657
1708286400000,0.24288,0.25109,0.23718,0.23884,318299922
1708300800000,0.23884,0.275,0.23879,0.26655,371621242
1708315200000,0.26656,0.27489,0.26062,0.26393,258444636
1708329600000,0.2639,0.26945,0.25816,0.26091,223047020
1708344000000,0.2609,0.26647,0.2541,0.25546,204815417
1708358400000,0.25548,0.25645,0.24612,0.24857,157004880
1708372800000,0.24856,0.2492,0.243,0.24526,86987680
1708387200000,0.24526,0.25221,0.2425,0.24487,187519798
1708401600000,0.24483,0.25384,0.2441,0.25012,99596707
1708416000000,0.2501,0.25502,0.246,0.25123,115979919
1708430400000,0.25124,0.25134,0.2292,0.23729,184532698
1708444800000,0.23731,0.24055,0.23359,0.23946,97121104
1708459200000,0.23948,0.25086,0.23711,0.24987,116376004
1708473600000,0.24987,0.25017,0.2416,0.24489,72915915
1708488000000,0.24493,0.2473,0.23467,0.23736,71437641
1708502400000,0.23737,0.24094,0.2319,0.23299,74997469
1708516800000,0.23299,0.24261,0.22991,0.23977,113191495
1708531200000,0.23977,0.24817,0.23139,0.23679,130002987
1708545600000,0.23681,0.28379,0.23325,0.28152,244677810
1708560000000,0.28164,0.28863,0.26524,0.27202,268583090
1708574400000,0.27203,0.28626,0.26776,0.28386,181520822
1708588800000,0.28388,0.29279,0.274,0.28398,182666226
1708603200000,0.28399,0.2944,0.27664,0.29012,225094645
1708617600000,0.29016,0.29457,0.27856,0.28016,131742222
1708632000000,0.28015,0.284,0.27008,0.27031,97108340
1708646400000,0.27031,0.2791,0.27027,0.27464,109006310
1708660800000,0.27469,0.276,0.268,0.26988,91493575
1708675200000,0.26987,0.27641,0.26861,0.27289,77430739
1708689600000,0.27293,0.2986,0.2707,0.27262,294448777
1708704000000,0.27262,0.27751,0.26588,0.27421,107826982
1708718400000,0.2742,0.27472,0.26342,0.26544,58378264
1708732800000,0.26544,0.26628,0.25368,0.25889,85800410
1708747200000,0.25889,0.2626,0.25776,0.25841,46986175
1708761600000,0.25845,0.28075,0.25439,0.2714,154943347
1708776000000,0.27142,0.27462,0.26549,0.26638,103003106
1708790400000,0.26638,0.27437,0.26605,0.27253,51404885
1708804800000,0.27253,0.27437,0.26877,0.27084,48101917
1708819200000,0.27085,0.28997,0.26929,0.28793,137417983
1708833600000,0.28789,0.29998,0.28351,0.29866,139788992
1708848000000,0.29866,0.30293,0.28664,0.29462,204695686
1708862400000,0.29461,0.29558,0.28249,0.28889,125093975
1708876800000,0.2889,0.2978,0.28631,0.29684,82477515
1708891200000,0.2968,0.30022,0.28653,0.28954,85940119
1708905600000,0.28955,0.31164,0.28683,0.30007,176172141
1708920000000,0.30008,0.30023,0.28871,0.29054,81119566
1708934400000,0.29054,0.29766,0.28405,0.29204,121538610
1708948800000,0.29204,0.29519,0.2866,0.29278,71249216
1708963200000,0.29274,0.29525,0.286,0.29308,88878015
1708977600000,0.29302,0.2946,0.28895,0.29437,31775522
1708992000000,0.29437,0.29439,0.2805,0.28146,92090752
1709006400000,0.28146,0.28821,0.28119,0.28578,56931242
1709020800000,0.28579,0.28737,0.28244,0.2855,49043295
1709035200000,0.28549,0.28758,0.27858,0.28536,83698988
1709049600000,0.28532,0.28713,0.27926,0.28089,51812834
1709064000000,0.28088,0.28312,0.27733,0.27986,35785890
1709078400000,0.27984,0.285,0.27381,0.28179,63394010
1709092800000,0.28178,0.28769,0.28092,0.28334,50935610
1709107200000,0.28337,0.28763,0.27391,0.28094,109779076
1709121600000,0.28097,0.30835,0.2791,0.293,238398895
1709136000000,0.29296,0.29697,0.25083,0.28688,268623825
1709150400000,0.28689,0.29739,0.28234,0.28735,94538644
1709164800000,0.28735,0.29104,0.28112,0.28199,68342380
1709179200000,0.28205,0.28967,0.28075,0.28934,55270663
1709193600000,0.28931,0.29287,0.28492,0.28838,72916052
1709208000000,0.28835,0.29032,0.28361,0.28823,54260073
1709222400000,0.28827,0.28986,0.28006,0.28685,84562699
1709236800000,0.28691,0.288,0.27047,0.28169,72259060
1709251200000,0.28171,0.29725,0.28156,0.29197,101083098
1709265600000,0.29194,0.3018,0.29,0.29119,102208921
1709280000000,0.29119,0.30822,0.29086,0.3059,104738930
1709294400000,0.30588,0.33218,0.30412,0.31813,286917777
1709308800000,0.31808,0.32443,0.31098,0.32226,106503342
1709323200000,0.32231,0.3268,0.31848,0.32234,69199009
1709337600000,0.32234,0.32645,0.3093,0.31409,99991415
1709352000000,0.31408,0.31742,0.31261,0.31458,38779832
1709366400000,0.3146,0.31626,0.30716,0.31537,58968170
1709380800000,0.31538,0.31934,0.31081,0.31158,54397740
1709395200000,0.31163,0.32565,0.30885,0.32012,84123998
1709409600000,0.32018,0.32261,0.31617,0.31876,34825429
1709424000000,0.31875,0.33361,0.31626,0.3203,92860417
1709438400000,0.32029,0.333,0.2879,0.31761,143362898
1709452800000,0.31762,0.33369,0.31732,0.3275,146815190
1709467200000,0.32749,0.33065,0.32085,0.32284,68181092
1709481600000,0.32281,0.32724,0.31936,0.32142,43455681
1709496000000,0.32147,0.32583,0.31927,0.32033,36479158
1709510400000,0.32033,0.32249,0.31237,0.31499,60964235
1709524800000,0.31494,0.32115,0.31331,0.31939,33494422
1709539200000,0.31941,0.32348,0.31211,0.31382,68262042
1709553600000,0.31382,0.31569,0.30681,0.31137,51033261
1709568000000,0.31133,0.31884,0.30032,0.3175,104476016
1709582400000,0.31749,0.32038,0.30761,0.30816,46128213
1709596800000,0.30826,0.30978,0.29911,0.30092,57696106
1709611200000,0.30092,0.31265,0.2986,0.30318,86201235
1709625600000,0.30325,0.31187,0.30051,0.30569,40247097
1709640000000,0.30569,0.31184,0.29447,0.29821,117611145
1709654400000,0.29821,0.30054,0.22794,0.25794,229357821
1709668800000,0.25795,0.27971,0.255,0.27775,165556230
1709683200000,0.27774,0.28524,0.26804,0.2751,78617934
1709697600000,0.2751,0.29925,0.27353,0.29843,64393421
1709712000000,0.29848,0.302,0.29024,0.2912,67032856
1709726400000,0.29121,0.29599,0.28068,0.29219,116126210
1709740800000,0.29221,0.32019,0.29115,0.31131,179258922
1709755200000,0.31132,0.32976,0.31094,0.32505,92847748
1709769600000,0.32505,0.33307,0.31536,0.3171,114177107
1709784000000,0.31711,0.33281,0.31428,0.32825,87894098
1709798400000,0.32825,0.339,0.31948,0.32856,101856034
1709812800000,0.32855,0.35126,0.32648,0.34129,189624008
1709827200000,0.34127,0.36052,0.3391,0.35215,133738445
1709841600000,0.35216,0.35465,0.34337,0.34605,75436303
1709856000000,0.34605,0.35195,0.3331,0.33449,63086802
1709870400000,0.33448,0.33989,0.33413,0.33841,41663127
1709884800000,0.33841,0.34171,0.33445,0.33738,36726942
1709899200000,0.33738,0.34667,0.32,0.33771,121118454
1709913600000,0.33778,0.35057,0.32923,0.34065,126407924
1709928000000,0.34066,0.34364,0.3366,0.34017,39323652
1709942400000,0.34018,0.37249,0.33731,0.36976,105152335
1709956800000,0.36971,0.40826,0.36914,0.39798,215414651
1709971200000,0.39797,0.42328,0.39463,0.39692,222931844
1709985600000,0.3969,0.40665,0.38834,0.40175,102201214
1710000000000,0.40171,0.40313,0.39073,0.40021,67434624
1710014400000,0.40021,0.4538,0.39633,0.45245,137939486
1710028800000,0.45241,0.49476,0.43823,0.48099,450924820
1710043200000,0.48101,0.48143,0.45089,0.45465,149112919
1710057600000,0.45465,0.47025,0.43921,0.4661,160795796
1710072000000,0.46612,0.47534,0.4322,0.43245,178293502
1710086400000,0.43241,0.44652,0.43027,0.43409,65798615
1710100800000,0.43417,0.43966,0.42666,0.437,69177607
1710115200000,0.43701,0.45942,0.40807,0.44874,183378430
1710129600000,0.44866,0.45591,0.4358,0.44345,101375520
1710144000000,0.44349,0.45498,0.43796,0.44143,70811524
1710158400000,0.44139,0.45724,0.43341,0.43757,84739093
1710172800000,0.4376,0.43887,0.427,0.42759,57770853
1710187200000,0.42764,0.43642,0.42458,0.43522,40152197
1710201600000,0.43522,0.44537,0.42896,0.43026,57333766
1710216000000,0.43025,0.44194,0.42211,0.42458,53631492
1710230400000,0.42457,0.45479,0.41496,0.4386,96205829
1710244800000,0.43854,0.45373,0.43484,0.44077,131770496
1710259200000,0.44082,0.44303,0.40745,0.44206,133791536
1710273600000,0.4421,0.44768,0.43316,0.44616,38256813
1710288000000,0.44617,0.4709,0.44139,0.46195,109822345
1710302400000,0.46199,0.46199,0.44905,0.45017,37100418
1710316800000,0.45009,0.45184,0.4466,0.45013,26778439
1710331200000,0.45012,0.45253,0.43233,0.43504,59389599
1710345600000,0.43499,0.44434,0.43199,0.4378,36292708
1710360000000,0.4378,0.44291,0.43469,0.4412,18216088
1710374400000,0.44121,0.44746,0.431,0.43832,46968306
1710388800000,0.43831,0.43836,0.42716,0.42995,31038605
1710403200000,0.42995,0.43886,0.42473,0.42987,35374484
1710417600000,0.42987,0.43253,0.41245,0.41699,84356566
1710432000000,0.41698,0.43368,0.40624,0.41727,76582626
1710446400000,0.41731,0.44455,0.41668,0.43789,54080177
1710460800000,0.43792,0.44044,0.38884,0.40841,98405505
1710475200000,0.40835,0.41025,0.39589,0.40723,65798841
1710489600000,0.40721,0.40765,0.37,0.39542,116654966
1710504000000,0.39547,0.40695,0.39062,0.39963,59331650
1710518400000,0.39964,0.41633,0.39396,0.40223,51494480
1710532800000,0.40227,0.41464,0.39007,0.4124,43298466
1710547200000,0.41236,0.41572,0.40287,0.41347,35507182
1710561600000,0.41346,0.42313,0.40638,0.41923,49705943
1710576000000,0.41926,0.42078,0.40474,0.40881,40749953
1710590400000,0.40883,0.40991,0.38855,0.39825,57972561
1710604800000,0.39828,0.39834,0.36356,0.37128,81020376
1710619200000,0.37117,0.37722,0.36,0.36815,58060574
1710633600000,0.36812,0.40731,0.35945,0.4058,103859522
1710648000000,0.40578,0.40649,0.37841,0.39243,95818916
1710662400000,0.39242,0.40719,0.38825,0.40058,66556616
1710676800000,0.40058,0.42935,0.3941,0.42162,100901087
1710691200000,0.42154,0.426,0.41376,0.42486,54557877
1710705600000,0.42486,0.43583,0.421,0.42293,54282028
1710720000000,0.42294,0.4411,0.4172,0.42409,113191727
1710734400000,0.42408,0.42759,0.4143,0.41555,45728644
1710748800000,0.4156,0.42848,0.40496,0.42502,66427530
1710763200000,0.42502,0.42915,0.40163,0.4112,94803568
1710777600000,0.4112,0.41815,0.39168,0.39236,60986623
1710792000000,0.39239,0.40237,0.38952,0.39088,43226807
1710806400000,0.39088,0.40483,0.3707,0.3908,138347211
1710820800000,0.39082,0.39135,0.36053,0.38083,85061509
1710835200000,0.38087,0.38795,0.35767,0.38794,97576894
1710849600000,0.38795,0.40608,0.38339,0.4033,110989223
1710864000000,0.40334,0.405,0.39236,0.39457,56827696
1710878400000,0.39458,0.39571,0.3641,0.37338,63014429
1710892800000,0.3734,0.37895,0.36402,0.36581,61317461
1710907200000,0.36585,0.38,0.35439,0.37895,72518356
1710921600000,0.37895,0.38605,0.3715,0.38403,55171804
1710936000000,0.384,0.3907,0.37144,0.37359,66276271
1710950400000,0.37361,0.40077,0.35869,0.39772,100343775
1710964800000,0.39775,0.40839,0.39563,0.40474,50649722
1710979200000,0.40473,0.40495,0.39196,0.39405,37060969
1710993600000,0.39407,0.39602,0.383,0.38927,38807972
1711008000000,0.38928,0.39479,0.38778,0.3898,29545181
1711022400000,0.38976,0.39318,0.38254,0.38672,46974868
1711036800000,0.38671,0.39179,0.37284,0.37962,46861013
1711051200000,0.37963,0.38558,0.37513,0.38094,28455902
1711065600000,0.38096,0.38336,0.37297,0.38067,32035747
1711080000000,0.3807,0.38855,0.37888,0.38635,23294494
1711094400000,0.38645,0.3881,0.37125,0.37238,34386857
1711108800000,0.37237,0.37548,0.35934,0.36849,61078254
1711123200000,0.36855,0.36888,0.36165,0.36655,27649966
1711137600000,0.36659,0.36742,0.35686,0.36664,29304624
1711152000000,0.36665,0.37024,0.35823,0.36238,25057320
1711166400000,0.36239,0.3708,0.36135,0.36825,21341331
1711180800000,0.36824,0.38003,0.3648,0.3738,37042301
1711195200000,0.3738,0.37724,0.36961,0.37458,34241097
1711209600000,0.37458,0.3777,0.3705,0.37106,18780395
1711224000000,0.37107,0.37213,0.36409,0.36493,19817588
1711238400000,0.36494,0.37946,0.3639,0.36491,56420673
1711252800000,0.36499,0.36791,0.36227,0.3674,16743188
1711267200000,0.3674,0.37536,0.36671,0.37189,20548517
1711281600000,0.37189,0.377,0.37104,0.375,21685471
1711296000000,0.375,0.37977,0.3675,0.37912,30479436
1711310400000,0.37914,0.3928,0.37688,0.38872,38396470
1711324800000,0.38874,0.3937,0.38278,0.3859,31846571
1711339200000,0.38586,0.38976,0.38124,0.38182,19702237
1711353600000,0.38182,0.39461,0.38165,0.38719,31491300
1711368000000,0.38717,0.39953,0.3836,0.39793,53061047
1711382400000,0.39794,0.4093,0.39661,0.408,37795343
1711396800000,0.40801,0.41788,0.40035,0.40331,45611820
1711411200000,0.40332,0.41682,0.40055,0.4154,28875003
1711425600000,0.41538,0.41786,0.41083,0.41223,32201154
1711440000000,0.41224,0.41594,0.40963,0.41141,23238298
1711454400000,0.41141,0.41373,0.39578,0.40204,63539557
1711468800000,0.40205,0.40474,0.39141,0.39244,43692509
1711483200000,0.39239,0.39939,0.39236,0.39879,18015030
1711497600000,0.39879,0.40592,0.39795,0.40114,32035667
1711512000000,0.40106,0.40201,0.38929,0.39077,25657897
1711526400000,0.39077,0.42829,0.38709,0.40726,118594186
1711540800000,0.40727,0.4198,0.3923,0.39615,97846613
1711555200000,0.39612,0.40267,0.391,0.39526,38146046
1711569600000,0.39519,0.40869,0.39418,0.40089,33686280
1711584000000,0.40089,0.42082,0.39752,0.40557,87703830
1711598400000,0.40558,0.42034,0.40411,0.41973,40317140
1711612800000,0.41972,0.42689,0.41437,0.41745,56622550
1711627200000,0.41746,0.42448,0.408,0.42325,43629556
1711641600000,0.42328,0.42395,0.41058,0.41489,31632562
1711656000000,0.4149,0.41561,0.40979,0.41277,18047397
1711670400000,0.41276,0.41969,0.40375,0.40735,47335097
1711684800000,0.40732,0.40976,0.39769,0.39953,25577514
1711699200000,0.39953,0.4041,0.39537,0.40247,29994222
1711713600000,0.40246,0.40442,0.39146,0.39468,34206407
1711728000000,0.39475,0.40012,0.39448,0.39612,27208139
1711742400000,0.39613,0.39622,0.39013,0.39366,17765356
1711756800000,0.39366,0.39436,0.38953,0.39009,16415350
1711771200000,0.39008,0.39475,0.38916,0.38968,15976451
1711785600000,0.38966,0.3977,0.38899,0.39747,14980400
1711800000000,0.39739,0.39763,0.39162,0.3927,13002673
1711814400000,0.3927,0.39545,0.38803,0.3919,17168187
1711828800000,0.39185,0.39388,0.38537,0.38909,17596091
1711843200000,0.38909,0.39286,0.38726,0.38919,15807895
1711857600000,0.38924,0.39554,0.38868,0.3933,12193723
1711872000000,0.39337,0.39466,0.38923,0.39205,12415714
1711886400000,0.392,0.39287,0.3885,0.38964,11609049
1711900800000,0.38966,0.39245,0.38793,0.39011,14584237
1711915200000,0.39012,0.39357,0.38681,0.39304,16310148
1711929600000,0.39304,0.39473,0.38376,0.38484,26689350
1711944000000,0.38484,0.38633,0.365,0.37516,56045508
1711958400000,0.3752,0.37582,0.36926,0.36966,22562027
1711972800000,0.36969,0.37609,0.36005,0.36475,46086078
1711987200000,0.36474,0.37396,0.36167,0.37333,25996353
1712001600000,0.37335,0.37683,0.37209,0.37469,18199455
1712016000000,0.37469,0.37675,0.34726,0.35324,63544491
1712030400000,0.35326,0.35526,0.3467,0.34951,26804717
1712044800000,0.34952,0.35086,0.33257,0.33792,50514085
1712059200000,0.33794,0.34599,0.33116,0.33587,37722749
1712073600000,0.33591,0.3401,0.32916,0.33863,39293315
1712088000000,0.33862,0.34025,0.33192,0.33392,20481323
1712102400000,0.33393,0.33752,0.31943,0.33534,47167956
1712116800000,0.33528,0.34427,0.33445,0.34111,23506841
1712131200000,0.3411,0.34947,0.33896,0.34094,31132672
1712145600000,0.34095,0.34502,0.33397,0.33772,34952922
1712160000000,0.3377,0.34313,0.3299,0.33176,25671392
1712174400000,0.33176,0.33353,0.32545,0.32932,21332254
1712188800000,0.32931,0.34088,0.32706,0.32737,42992073
1712203200000,0.32738,0.33676,0.32304,0.33494,22936652
1712217600000,0.33497,0.3451,0.33409,0.34065,28367320
1712232000000,0.34063,0.3488,0.33947,0.34245,33196330
1712246400000,0.34245,0.3493,0.34109,0.34229,23078164
1712260800000,0.34227,0.34278,0.33379,0.3383,24053738
1712275200000,0.33831,0.34024,0.3274,0.3326,19799124
1712289600000,0.3326,0.33286,0.3216,0.32503,26609669
1712304000000,0.32502,0.32987,0.318,0.31865,25713388
1712318400000,0.31866,0.33323,0.31629,0.33307,38974180
1712332800000,0.33307,0.33499,0.32937,0.33242,16574659
1712347200000,0.33239,0.33611,0.33108,0.33134,9363317
1712361600000,0.33134,0.33799,0.32939,0.33651,16554828
1712376000000,0.33657,0.33831,0.33368,0.33697,9731168
1712390400000,0.33697,0.34002,0.33356,0.33415,11254631
1712404800000,0.33415,0.33633,0.33174,0.33479,12435696
1712419200000,0.33479,0.33776,0.3339,0.33526,9126146
1712433600000,0.33525,0.3425,0.33342,0.33777,52130463
1712448000000,0.33777,0.3418,0.3344,0.34043,20176531
1712462400000,0.34042,0.34117,0.33647,0.3382,10695308
1712476800000,0.33819,0.34163,0.33807,0.34086,14198349
1712491200000,0.34084,0.34184,0.3373,0.33807,21154841
1712505600000,0.33801,0.34184,0.33315,0.33417,18694732
1712520000000,0.33412,0.33829,0.33175,0.3373,12197044
1712534400000,0.3373,0.33957,0.32945,0.33172,16981717
1712548800000,0.33174,0.34291,0.32983,0.34154,13460796
1712563200000,0.34164,0.35431,0.34111,0.35271,34745015
1712577600000,0.35274,0.35444,0.34473,0.34608,22776250
1712592000000,0.34604,0.35169,0.345,0.3511,15499279
1712606400000,0.35112,0.35483,0.35065,0.3525,13900903
1712620800000,0.3525,0.35458,0.3466,0.34865,17569838
1712635200000,0.34865,0.35442,0.34144,0.34367,25424343
1712649600000,0.34357,0.3469,0.33737,0.34619,23895349
1712664000000,0.3462,0.34938,0.33339,0.33981,37768327
1712678400000,0.33979,0.34023,0.33229,0.33901,23525433
1712692800000,0.339,0.34118,0.33205,0.33319,15834175
1712707200000,0.33319,0.33573,0.32245,0.32724,25379013
1712721600000,0.32724,0.3326,0.32614,0.32907,12028034
1712736000000,0.32906,0.32963,0.32268,0.3264,18557588
1712750400000,0.32638,0.3272,0.31292,0.32259,57880465
1712764800000,0.32258,0.32908,0.32061,0.32783,22901578
1712779200000,0.32788,0.33259,0.32428,0.32881,13720213
1712793600000,0.32884,0.32907,0.31981,0.32107,20007532
1712808000000,0.32109,0.32819,0.31869,0.32629,18617364
1712822400000,0.32631,0.32976,0.31521,0.31609,18921660
1712836800000,0.31609,0.32029,0.30912,0.31118,39064366
1712851200000,0.31119,0.31229,0.30595,0.30885,22873969
1712865600000,0.30882,0.31195,0.30797,0.31086,16949612
1712880000000,0.31086,0.31483,0.30922,0.31393,14897802
1712894400000,0.31391,0.31632,0.3103,0.31239,14364092
1712908800000,0.31242,0.31346,0.30843,0.31127,14724698
1712923200000,0.31129,0.31146,0.29362,0.29512,58842849
1712937600000,0.29514,0.29571,0.22775,0.25807,228660495
1712952000000,0.2581,0.26992,0.25697,0.268,53182976
1712966400000,0.26801,0.26813,0.25216,0.2608,52423154
1712980800000,0.26072,0.26478,0.25813,0.26129,23941350
1712995200000,0.26131,0.27471,0.25865,0.26886,36742645
1713009600000,0.2689,0.2726,0.26378,0.26601,37750064
1713024000000,0.26603,0.26714,0.21562,0.23118,167047429
1713038400000,0.23115,0.23863,0.1929,0.23438,271607471
1713052800000,0.23437,0.23566,0.22179,0.22904,72241032
1713067200000,0.22903,0.25133,0.22738,0.25015,58213896
1713081600000,0.25015,0.25246,0.23778,0.23955,38816782
1713096000000,0.23951,0.24687,0.2354,0.24055,63775923
1713110400000,0.24057,0.2484,0.23238,0.24345,81957736
1713124800000,0.24344,0.26278,0.2381,0.25907,49807285
1713139200000,0.25907,0.26075,0.25236,0.25689,32615730
1713153600000,0.25691,0.27712,0.25295,0.27422,42005751
1713168000000,0.27423,0.28492,0.27167,0.28002,49239329
1713182400000,0.27999,0.28822,0.26236,0.26511,84666436
1713196800000,0.26517,0.26837,0.24388,0.25692,94087041
1713211200000,0.25699,0.2601,0.24953,0.253,34636772
1713225600000,0.25302,0.2607,0.24731,0.2505,43364830
1713240000000,0.25052,0.26174,0.24335,0.26066,43786243
1713254400000,0.26066,0.26197,0.24451,0.25585,61473498
1713268800000,0.25582,0.25585,0.24045,0.24079,66083020
1713283200000,0.24076,0.25544,0.23937,0.2494,63553506
1713297600000,0.24938,0.26125,0.24908,0.25817,30661036
1713312000000,0.25812,0.2597,0.25228,0.25429,25416652
1713326400000,0.25431,0.26042,0.2509,0.25404,25587149
1713340800000,0.25396,0.25645,0.24635,0.24656,23917747
1713355200000,0.24664,0.24976,0.2379,0.23973,60851080
1713369600000,0.23974,0.2538,0.23598,0.24633,56242426
1713384000000,0.2464,0.24844,0.24005,0.24164,26344328
1713398400000,0.24165,0.2467,0.23575,0.2449,38821892
1713412800000,0.24489,0.24695,0.23554,0.23667,26362117
1713427200000,0.23667,0.24974,0.23403,0.24575,32977204
1713441600000,0.24574,0.25518,0.24013,0.25206,38300198
1713456000000,0.25206,0.25563,0.24567,0.25464,29075372
1713470400000,0.25463,0.25778,0.25311,0.25534,17601336
1713484800000,0.25534,0.25569,0.23298,0.24406,55957812
1713499200000,0.24403,0.26523,0.24333,0.25699,47090613
1713513600000,0.25707,0.26322,0.25569,0.25811,37776316
1713528000000,0.25799,0.26272,0.25459,0.26025,32498559
1713542400000,0.26025,0.26574,0.25602,0.26368,25272313
1713556800000,0.26359,0.26373,0.25327,0.25693,24360540
1713571200000,0.25691,0.26292,0.25193,0.26006,22971784
1713585600000,0.26007,0.26992,0.25936,0.26784,19343364
1713600000000,0.26792,0.27168,0.2652,0.27145,25289407
1713614400000,0.27144,0.28369,0.26978,0.28277,45044110
1713628800000,0.28275,0.29297,0.28026,0.29277,50487892
1713643200000,0.29276,0.29936,0.29062,0.29119,34896661
1713657600000,0.29115,0.29426,0.2869,0.29015,31453678
1713672000000,0.29012,0.29049,0.28501,0.28663,16834185
1713686400000,0.28658,0.28823,0.2819,0.28525,25185174
1713700800000,0.28524,0.28624,0.27904,0.28336,24310012
1713715200000,0.28336,0.28397,0.27666,0.2791,22455472
1713729600000,0.27906,0.28538,0.27827,0.2813,19216093
1713744000000,0.28129,0.2915,0.27819,0.28905,36077977
1713758400000,0.28909,0.29885,0.2868,0.29632,31756240
1713772800000,0.29633,0.30625,0.29325,0.29973,44167843
1713787200000,0.29974,0.3027,0.2936,0.30156,35649264
1713801600000,0.30155,0.30549,0.29537,0.30298,30283358
1713816000000,0.30299,0.30474,0.2999,0.30135,15216982
1713830400000,0.30134,0.31139,0.3009,0.30255,39645694
1713844800000,0.30255,0.30419,0.29297,0.29363,27825769
1713859200000,0.29364,0.29915,0.2922,0.29645,20836880
1713873600000,0.29644,0.30517,0.29584,0.2982,26242449
1713888000000,0.2982,0.30132,0.29567,0.29931,17248514
1713902400000,0.29924,0.29965,0.29171,0.29286,15605549
1713916800000,0.29286,0.29751,0.29038,0.29162,18433109
1713931200000,0.29166,0.29967,0.29098,0.29325,20139009
1713945600000,0.29318,0.2973,0.2907,0.29504,16638781
1713960000000,0.29504,0.29575,0.27526,0.27598,61098802
1713974400000,0.27591,0.28028,0.27128,0.27539,38936574
1713988800000,0.27535,0.27612,0.26633,0.26983,28315774
1714003200000,0.26978,0.27304,0.26554,0.26686,23975443
1714017600000,0.26688,0.26895,0.26139,0.26424,26432852
1714032000000,0.26426,0.26744,0.26039,0.26534,29521159
1714046400000,0.26536,0.27029,0.2595,0.26994,40513815
1714060800000,0.26987,0.2714,0.26716,0.26846,23254722
1714075200000,0.26848,0.27306,0.26457,0.26587,19902786
1714089600000,0.26587,0.2707,0.25899,0.26631,33174529
1714104000000,0.26637,0.26714,0.2602,0.26135,22755363
1714118400000,0.26131,0.26425,0.2583,0.25947,18753870
1714132800000,0.25948,0.26646,0.25419,0.25798,46050869
1714147200000,0.25801,0.26117,0.25732,0.25995,15577726
1714161600000,0.25995,0.2623,0.25581,0.25887,13427015
1714176000000,0.25888,0.26247,0.24787,0.25935,47704372
1714190400000,0.25927,0.2685,0.2591,0.2609,36388587
1714204800000,0.2609,0.26816,0.25432,0.25688,45442684
1714219200000,0.25684,0.2662,0.25597,0.25684,35625145
1714233600000,0.25684,0.27111,0.2559,0.26725,48145284
1714248000000,0.26725,0.26867,0.26364,0.26427,16792184
1714262400000,0.26431,0.27544,0.2637,0.27075,27477000
1714276800000,0.27076,0.27156,0.26723,0.26783,18530615
1714291200000,0.26783,0.26843,0.26202,0.26286,21293731
1714305600000,0.26283,0.26663,0.26216,0.26377,16569529
1714320000000,0.26373,0.26962,0.26176,0.26761,21893786
1714334400000,0.26761,0.26797,0.25536,0.25671,24667819
1714348800000,0.25677,0.26103,0.25226,0.25266,32313742
1714363200000,0.25268,0.25563,0.24655,0.24985,29741549
1714377600000,0.24985,0.25085,0.24724,0.24789,21174467
1714392000000,0.24788,0.25451,0.24554,0.25284,33859052
1714406400000,0.25281,0.2534,0.24879,0.25182,18217523
1714420800000,0.25182,0.2588,0.24904,0.25632,22758985
1714435200000,0.25644,0.26029,0.24969,0.2531,25267891
1714449600000,0.25309,0.25363,0.24829,0.24871,18812509
1714464000000,0.24871,0.24943,0.23522,0.23644,48299948
1714478400000,0.23644,0.23878,0.2323,0.23389,45849866
1714492800000,0.2339,0.23487,0.22891,0.23238,49764196
1714507200000,0.23243,0.23931,0.2324,0.23594,31568137
1714521600000,0.23594,0.23691,0.2311,0.23508,35070070
1714536000000,0.23508,0.23612,0.22256,0.22587,57435739
1714550400000,0.22588,0.22961,0.22039,0.22956,49047461
1714564800000,0.22955,0.23343,0.22599,0.22752,48520846
1714579200000,0.22755,0.24789,0.22499,0.2373,74579315
1714593600000,0.23732,0.24478,0.23547,0.24287,36123455
1714608000000,0.24288,0.24342,0.23371,0.23802,33462604
1714622400000,0.238,0.23837,0.23358,0.23407,18652250
1714636800000,0.23405,0.24799,0.2337,0.2465,39952284
1714651200000,0.2465,0.25241,0.23975,0.25091,58803176
1714665600000,0.25087,0.25472,0.24865,0.2523,34132166
1714680000000,0.25225,0.25485,0.24857,0.25046,19676858
1714694400000,0.25043,0.25788,0.24952,0.2542,25542345
1714708800000,0.25421,0.25484,0.24815,0.24898,25343130
1714723200000,0.24898,0.25199,0.24704,0.24891,19346607
1714737600000,0.24894,0.26936,0.24805,0.26794,63037635
1714752000000,0.26796,0.27716,0.26664,0.27662,42579920
1714766400000,0.27661,0.28342,0.27409,0.27486,53105913
1714780800000,0.27485,0.28236,0.27392,0.27794,36962051
1714795200000,0.278,0.2804,0.27742,0.27988,21215646
1714809600000,0.27985,0.28587,0.27803,0.2821,36126914
1714824000000,0.28209,0.28531,0.27566,0.27885,30846770
1714838400000,0.27887,0.2819,0.27555,0.27971,36259765
1714852800000,0.27966,0.28056,0.2744,0.27517,17508671
1714867200000,0.27516,0.27656,0.26578,0.26902,43997585
1714881600000,0.26902,0.27798,0.26782,0.27341,28878168
1714896000000,0.2734,0.28192,0.27195,0.2782,35705376
1714910400000,0.27821,0.29596,0.27747,0.29365,86132715
1714924800000,0.29368,0.30149,0.29036,0.29449,54140248
1714939200000,0.29446,0.29519,0.2907,0.29387,26019929
1714953600000,0.29387,0.30254,0.29065,0.29178,44155455
1714968000000,0.29175,0.30493,0.2891,0.30404,40744471
1714982400000,0.30402,0.30591,0.29604,0.30217,62758022
1714996800000,0.30219,0.303,0.2835,0.28717,87232263
1715011200000,0.28717,0.28823,0.28212,0.28562,37863516
1715025600000,0.28566,0.28667,0.28129,0.28164,20852617
1715040000000,0.28166,0.29217,0.28156,0.28568,40612901
1715054400000,0.28569,0.29108,0.28201,0.28927,34324514
1715068800000,0.28926,0.29453,0.28696,0.28826,46722946
1715083200000,0.28822,0.29434,0.2848,0.29014,40385777
1715097600000,0.29009,0.29329,0.28513,0.28735,24972498
1715112000000,0.28739,0.29047,0.27837,0.27993,31589678
1715126400000,0.27983,0.2836,0.275,0.28148,30320206
1715140800000,0.28147,0.282,0.2727,0.27536,25676333
1715155200000,0.27536,0.28006,0.27067,0.27182,44198009
1715169600000,0.27181,0.27937,0.26824,0.27059,54421286
1715184000000,0.27051,0.27186,0.26406,0.26587,35780343
1715198400000,0.26589,0.26718,0.25974,0.26248,41147030
1715212800000,0.26247,0.26819,0.26151,0.26805,24938588
1715227200000,0.26804,0.27404,0.2673,0.26857,28938142
1715241600000,0.26855,0.26986,0.26203,0.26719,33757036
1715256000000,0.26716,0.27455,0.26433,0.27434,40687638
1715270400000,0.27438,0.28803,0.27364,0.28463,55979913
1715284800000,0.28458,0.2994,0.2819,0.29291,71327057
1715299200000,0.29291,0.31424,0.29111,0.30573,136845632
1715313600000,0.30573,0.30945,0.29858,0.30543,85450599
1715328000000,0.30543,0.31285,0.30297,0.31275,91151496
1715342400000,0.31277,0.31752,0.28875,0.28885,167164506
1715356800000,0.28885,0.29407,0.28493,0.29138,87632463
1715371200000,0.29146,0.29459,0.28688,0.29174,45466307
1715385600000,0.29175,0.30265,0.28683,0.29378,70861287
1715400000000,0.29375,0.30056,0.29002,0.29823,48187910
1715414400000,0.29823,0.30026,0.29064,0.29142,43722463
1715428800000,0.2914,0.29572,0.28681,0.28904,59403763
1715443200000,0.289,0.29257,0.28557,0.28718,39864255
1715457600000,0.28719,0.29004,0.28438,0.28493,34076409
1715472000000,0.28493,0.292,0.28119,0.28196,44773927
1715486400000,0.28196,0.28445,0.2802,0.28107,27244754
1715500800000,0.28109,0.29043,0.27901,0.28521,44216135
1715515200000,0.28521,0.28561,0.28098,0.28362,27153795
1715529600000,0.28362,0.28738,0.27972,0.28032,22955698
1715544000000,0.28029,0.28042,0.27634,0.27829,19151128
1715558400000,0.2783,0.28084,0.26088,0.26394,67256663
1715572800000,0.26394,0.27964,0.26161,0.27949,40822136
1715587200000,0.27944,0.289,0.27943,0.28289,65847804
1715601600000,0.2829,0.28531,0.27933,0.28343,37574860
1715616000000,0.28342,0.28888,0.27717,0.2822,46800136
1715630400000,0.28218,0.28245,0.2769,0.27922,16843665
1715644800000,0.27917,0.28088,0.27199,0.27375,34243179
1715659200000,0.27376,0.28,0.26848,0.27427,44996493
1715673600000,0.27428,0.27456,0.27046,0.27103,21388454
1715688000000,0.27105,0.27405,0.26512,0.26905,51615679
1715702400000,0.26908,0.26916,0.26412,0.26581,26298331
1715716800000,0.26581,0.26793,0.26278,0.26471,20072381
1715731200000,0.26468,0.26993,0.2645,0.26883,25251583
1715745600000,0.26885,0.26922,0.2654,0.26684,14859830
1715760000000,0.2668,0.27079,0.26271,0.2658,30329687
1715774400000,0.26579,0.29717,0.26512,0.29303,145409124
1715788800000,0.29303,0.3043,0.29086,0.3034,67154576
1715803200000,0.3034,0.30429,0.29865,0.3027,36036287
1715817600000,0.3027,0.31038,0.29956,0.30954,42923296
1715832000000,0.3095,0.31293,0.30691,0.30905,35186694
1715846400000,0.30905,0.31202,0.30645,0.30823,35562547
1715860800000,0.30826,0.30852,0.29569,0.30217,77821481
1715875200000,0.30217,0.3029,0.29384,0.29769,38939514
1715889600000,0.29765,0.30465,0.29574,0.30318,26250190
1715904000000,0.30317,0.30392,0.29931,0.30172,22292320
1715918400000,0.30173,0.31552,0.30005,0.31262,36471098
1715932800000,0.31262,0.31677,0.30735,0.31568,37242800
1715947200000,0.31566,0.32217,0.30881,0.31567,59969632
1715961600000,0.31568,0.32176,0.31335,0.31923,36198675
1715976000000,0.31917,0.32031,0.31608,0.31661,18596469
1715990400000,0.3166,0.31983,0.31427,0.31956,27118303
1716004800000,0.31958,0.32027,0.31406,0.31432,17111347
1716019200000,0.31426,0.31674,0.3115,0.31173,21447591
1716033600000,0.31174,0.31254,0.30683,0.30904,24991942
1716048000000,0.30902,0.31203,0.30872,0.31142,15485161
1716062400000,0.3114,0.3138,0.30942,0.31227,17563169
1716076800000,0.31228,0.31449,0.31057,0.31215,16722861
1716091200000,0.31215,0.31219,0.30752,0.31028,12481567
1716105600000,0.31027,0.31027,0.30304,0.30566,22786813
1716120000000,0.30564,0.30589,0.29862,0.30256,33758427
1716134400000,0.30254,0.30257,0.298,0.29892,19394546
1716148800000,0.29894,0.30207,0.29621,0.29988,13384759
1716163200000,0.29988,0.31044,0.29868,0.30811,37505041
1716177600000,0.30807,0.3134,0.30454,0.31062,26584260
1716192000000,0.31065,0.31483,0.31035,0.31199,22438620
1716206400000,0.31204,0.32149,0.30786,0.32121,38097432
1716220800000,0.3212,0.33139,0.31965,0.32971,66543689
1716235200000,0.32975,0.3387,0.32725,0.33838,41452356
1716249600000,0.3384,0.354,0.33723,0.34082,61377891
1716264000000,0.34077,0.34835,0.34054,0.34769,32790248
1716278400000,0.34769,0.35392,0.34249,0.3444,38956652
1716292800000,0.34437,0.3465,0.33872,0.34001,42319570
1716307200000,0.34005,0.3455,0.33523,0.33639,23061872
1716321600000,0.3364,0.34269,0.3359,0.33975,17883636
1716336000000,0.33974,0.34026,0.33109,0.33395,25932890
1716350400000,0.33395,0.3403,0.32924,0.33606,25786053
1716364800000,0.33603,0.3425,0.33284,0.3371,25680325
1716379200000,0.3371,0.35637,0.33066,0.35391,58729992
1716393600000,0.35389,0.3578,0.34505,0.3547,47695232
1716408000000,0.35472,0.35861,0.34355,0.34767,55660063
1716422400000,0.34767,0.34909,0.3382,0.34175,26643401
1716436800000,0.34175,0.3422,0.33835,0.33993,16041365
1716451200000,0.33993,0.34013,0.33358,0.33764,23457137
1716465600000,0.33764,0.33833,0.31868,0.32463,67512251
1716480000000,0.32461,0.32778,0.31823,0.32166,31317547
1716494400000,0.32169,0.33402,0.30897,0.32842,71156032
1716508800000,0.32845,0.3334,0.32594,0.33191,18097992
1716523200000,0.33192,0.33277,0.31737,0.32258,25157036
1716537600000,0.32259,0.32378,0.31665,0.32307,16244734
1716552000000,0.32306,0.32662,0.31863,0.32244,21284725
1716566400000,0.32245,0.327,0.31894,0.32497,16125496
1716580800000,0.325,0.32682,0.32373,0.32507,11704577
1716595200000,0.32515,0.32654,0.32223,0.32605,10798346
1716609600000,0.3261,0.32822,0.32247,0.32395,12312546
1716624000000,0.32395,0.32747,0.32308,0.32449,15516168
1716638400000,0.3245,0.32603,0.3212,0.32525,17775528
1716652800000,0.32524,0.32825,0.32335,0.32686,12877042
1716667200000,0.32682,0.32842,0.32477,0.32738,9398337
1716681600000,0.3274,0.32878,0.32249,0.32784,15445225
1716696000000,0.32779,0.33,0.32208,0.32532,29775262
1716710400000,0.32531,0.32663,0.31931,0.31984,21656025
1716724800000,0.31983,0.32177,0.31645,0.31856,18858105
1716739200000,0.31857,0.32042,0.31663,0.31898,9975180
1716753600000,0.31896,0.31945,0.31435,0.3172,9768417
1716768000000,0.3172,0.32373,0.31678,0.32265,17782272
1716782400000,0.32264,0.3234,0.31523,0.31713,15102914
1716796800000,0.31713,0.31923,0.31358,0.31598,20147369
1716811200000,0.316,0.32878,0.31463,0.32861,26361256
1716825600000,0.32861,0.33254,0.32393,0.32569,23620911
1716840000000,0.32568,0.32996,0.32451,0.32575,13519929
1716854400000,0.32573,0.32624,0.31148,0.31432,40181237
1716868800000,0.31431,0.31434,0.30874,0.31055,27438370
1716883200000,0.31055,0.31705,0.31021,0.31397,21154908
1716897600000,0.31393,0.31578,0.30875,0.31463,31925256
1716912000000,0.31464,0.31784,0.3098,0.31576,34261769
1716926400000,0.31575,0.31725,0.31284,0.31429,13814201
1716940800000,0.31428,0.31898,0.31232,0.31845,21729815
1716955200000,0.31845,0.32453,0.31675,0.31692,21965611
1716969600000,0.31693,0.32115,0.31225,0.31759,35679912
1716984000000,0.3176,0.32087,0.3132,0.31366,33631219
1716998400000,0.31362,0.31708,0.30987,0.31047,28066156
1717012800000,0.31048,0.31274,0.30937,0.31006,14722649
1717027200000,0.31005,0.31615,0.30936,0.31469,16308203
1717041600000,0.31471,0.31571,0.30162,0.30236,37429419
1717056000000,0.30239,0.30925,0.2996,0.30659,28246961
1717070400000,0.30658,0.3129,0.30618,0.30962,27474723
1717084800000,0.30962,0.31297,0.30718,0.30824,17788801
1717099200000,0.3082,0.30834,0.30312,0.30369,14966959
1717113600000,0.30369,0.30417,0.3,0.30308,16171858
1717128000000,0.30308,0.30384,0.29652,0.29941,21706440
1717142400000,0.29942,0.30248,0.29766,0.30157,21100315
1717156800000,0.30157,0.30652,0.29562,0.29599,34361328
1717171200000,0.29596,0.29892,0.29256,0.29782,26973697
1717185600000,0.2979,0.30016,0.29679,0.29833,11580357
1717200000000,0.29834,0.29965,0.29745,0.29841,9244038
1717214400000,0.29841,0.29975,0.29784,0.29797,7500321
1717228800000,0.29797,0.2995,0.29648,0.29682,8989677
1717243200000,0.29682,0.30105,0.29641,0.29961,11149212
1717257600000,0.29961,0.30405,0.29951,0.3006,14038694
1717272000000,0.30062,0.30195,0.29881,0.29971,8423676
1717286400000,0.2997,0.30303,0.29886,0.30068,9620741
1717300800000,0.30069,0.302,0.29679,0.2971,8966622
1717315200000,0.2971,0.30043,0.29512,0.30012,13095164
1717329600000,0.30015,0.30199,0.29768,0.30005,11950001
1717344000000,0.30005,0.30085,0.2904,0.29471,23259582
1717358400000,0.29471,0.2953,0.2918,0.29338,9144222
1717372800000,0.2934,0.29917,0.28851,0.2973,18780498
1717387200000,0.29732,0.30258,0.29412,0.30087,16972108
1717401600000,0.30086,0.30174,0.29813,0.29934,11887443
1717416000000,0.29936,0.3039,0.29464,0.30192,28262854
1717430400000,0.30197,0.30235,0.29714,0.298,12591997
1717444800000,0.29804,0.29944,0.29334,0.29404,10143665
1717459200000,0.29403,0.2967,0.2925,0.29631,10488480
1717473600000,0.29628,0.29704,0.29223,0.29287,10082515
1717488000000,0.29289,0.296,0.29044,0.29509,16010913
1717502400000,0.29509,0.30208,0.29397,0.30139,34892272
1717516800000,0.30141,0.30272,0.29751,0.30034,16886248
1717531200000,0.30037,0.30199,0.29911,0.29997,13672940
1717545600000,0.29998,0.30316,0.29813,0.29963,15471521
1717560000000,0.29958,0.30338,0.29863,0.30191,36308259
1717574400000,0.30188,0.30394,0.29942,0.30256,40391235
1717588800000,0.30248,0.30474,0.29826,0.30355,35872952
1717603200000,0.30355,0.30545,0.30194,0.30421,17222218
1717617600000,0.30425,0.30507,0.30228,0.30476,7280953
1717632000000,0.30473,0.30507,0.30171,0.30193,8844091
1717646400000,0.302,0.30223,0.29837,0.29972,17424041
1717660800000,0.29971,0.30042,0.29802,0.29892,12571189
1717675200000,0.29887,0.30024,0.29524,0.29841,25347773
1717689600000,0.2984,0.29947,0.29206,0.29273,18778533
1717704000000,0.2927,0.29538,0.28971,0.29391,17301735
1717718400000,0.29383,0.29458,0.29075,0.29284,9485033
1717732800000,0.29284,0.29641,0.29233,0.29423,10528969
1717747200000,0.29424,0.29633,0.29183,0.29584,12821610
1717761600000,0.29579,0.29735,0.2887,0.29618,33984232
1717776000000,0.29618,0.29628,0.24142,0.27174,144456637
1717790400000,0.27174,0.27516,0.27026,0.27261,24856876
1717804800000,0.27262,0.27333,0.26958,0.27211,13147753
1717819200000,0.27213,0.27235,0.2696,0.27096,9458999
1717833600000,0.27096,0.27096,0.26109,0.26201,21034982
1717848000000,0.26204,0.26529,0.25911,0.26192,28749301
1717862400000,0.26192,0.26336,0.25867,0.26144,16814244
1717876800000,0.26149,0.26712,0.26117,0.26652,36043594
1717891200000,0.26652,0.26821,0.26308,0.26433,16000301
1717905600000,0.26432,0.26764,0.2619,0.26604,12390202
1717920000000,0.26606,0.26744,0.26453,0.26491,8132700
1717934400000,0.26491,0.26678,0.26335,0.26442,19218426
1717948800000,0.26443,0.26898,0.26431,0.26817,10575362
1717963200000,0.26819,0.26914,0.26624,0.26847,16854091
1717977600000,0.26845,0.26848,0.26264,0.26383,11225163
1717992000000,0.2638,0.26444,0.25606,0.25636,25454830
1718006400000,0.25634,0.26512,0.2562,0.26393,17127246
1718020800000,0.26392,0.26864,0.25989,0.26743,35757563
1718035200000,0.26747,0.26792,0.26098,0.2614,27091408
1718049600000,0.26144,0.26222,0.25856,0.2595,15922358
1718064000000,0.25951,0.26059,0.2506,0.25505,37749633
1718078400000,0.25499,0.2557,0.24732,0.25091,36806388
1718092800000,0.25099,0.25428,0.25033,0.251,19937623
1718107200000,0.25099,0.25186,0.23989,0.24339,43915291
1718121600000,0.24341,0.2469,0.23955,0.24411,39213772
1718136000000,0.24411,0.24517,0.2425,0.24383,16094547
1718150400000,0.24382,0.24593,0.23739,0.24575,24637979
1718164800000,0.24579,0.24833,0.24526,0.24814,14694663
1718179200000,0.24814,0.25396,0.24757,0.25196,21982383
1718193600000,0.25195,0.27244,0.25074,0.26866,68799404
1718208000000,0.26868,0.27089,0.25432,0.25647,59685475
1718222400000,0.25653,0.26487,0.25511,0.26255,21252689
1718236800000,0.26256,0.26446,0.25007,0.25316,30938675
1718251200000,0.25322,0.25532,0.25093,0.25323,15423988
1718265600000,0.25328,0.25396,0.24992,0.25041,14784699
1718280000000,0.25041,0.25591,0.24225,0.24306,49725812
1718294400000,0.24305,0.24859,0.24185,0.24588,18369225
1718308800000,0.24592,0.24705,0.24236,0.24314,13514219
1718323200000,0.24315,0.24789,0.24054,0.24566,27597193
1718337600000,0.2457,0.24813,0.24477,0.24639,23173515
1718352000000,0.24638,0.25074,0.24544,0.24772,27067295
1718366400000,0.24773,0.24889,0.2401,0.24095,27960375
1718380800000,0.24096,0.24141,0.2203,0.23077,65251690
1718395200000,0.23078,0.23754,0.23019,0.23604,26684029
1718409600000,0.23603,0.23863,0.23469,0.23846,12027083
1718424000000,0.23848,0.24133,0.23733,0.23957,13245661
1718438400000,0.23959,0.24037,0.23778,0.23858,11170390
1718452800000,0.23859,0.24147,0.23764,0.23988,9165736
1718467200000,0.23984,0.24068,0.23699,0.23809,8997850
1718481600000,0.23811,0.2386,0.23607,0.23785,8323500
1718496000000,0.23785,0.23794,0.23379,0.23472,23694335
1718510400000,0.23471,0.23706,0.2327,0.23579,14232952
1718524800000,0.23577,0.23648,0.23289,0.23491,14688351
1718539200000,0.23489,0.23787,0.23446,0.23727,14883442
1718553600000,0.23729,0.23756,0.23456,0.23594,12010108
1718568000000,0.23594,0.23957,0.23508,0.23534,16963097
1718582400000,0.23536,0.23774,0.22622,0.2268,52495065
1718596800000,0.22681,0.22869,0.22137,0.22228,28914804
1718611200000,0.22229,0.2233,0.21285,0.21674,48412587
1718625600000,0.21675,0.21736,0.21265,0.21418,34609605
1718640000000,0.21419,0.22323,0.20857,0.22127,54897109
1718654400000,0.22128,0.22152,0.21317,0.21368,36862521
1718668800000,0.21368,0.21465,0.1839,0.19981,135928379
1718683200000,0.19981,0.20574,0.19813,0.20482,47433478
1718697600000,0.20481,0.20487,0.19708,0.1999,31168153
1718712000000,0.19991,0.20088,0.19085,0.20061,73882819
1718726400000,0.2006,0.20167,0.1948,0.19831,39433351
1718740800000,0.19828,0.20292,0.19685,0.20148,32481871
1718755200000,0.20148,0.21601,0.19843,0.21407,55834004
1718769600000,0.21405,0.22104,0.21359,0.21926,44087750
1718784000000,0.21926,0.21963,0.2136,0.21664,37766834
1718798400000,0.21664,0.22092,0.21306,0.21483,54122974
1718812800000,0.21476,0.22273,0.21363,0.21906,49661331
1718827200000,0.21913,0.2223,0.21678,0.21826,23444000
1718841600000,0.21828,0.2244,0.21646,0.2195,57627006
1718856000000,0.21948,0.23317,0.21814,0.23317,54208563
1718870400000,0.23315,0.23325,0.2263,0.23122,37735322
1718884800000,0.23122,0.23361,0.22243,0.22244,47240606
1718899200000,0.22245,0.22789,0.21982,0.22675,40458721
1718913600000,0.22671,0.22752,0.22055,0.22106,16376132
1718928000000,0.22102,0.22656,0.21772,0.22193,35342235
1718942400000,0.22197,0.22512,0.21799,0.21926,27833573
1718956800000,0.21936,0.22514,0.21641,0.22215,42446584
1718971200000,0.22214,0.22357,0.21533,0.21962,49763367
1718985600000,0.21968,0.22128,0.21251,0.21905,39753471
1719000000000,0.21903,0.22027,0.21721,0.2178,14254572
1719014400000,0.21783,0.21877,0.21294,0.2176,27945001
1719028800000,0.2176,0.2191,0.21536,0.21591,13512572
1719043200000,0.21599,0.21675,0.21413,0.21467,14866094
1719057600000,0.21469,0.21926,0.21252,0.21838,20273309
1719072000000,0.21838,0.21897,0.21477,0.21599,14255678
1719086400000,0.21599,0.21599,0.2116,0.21268,14473757
1719100800000,0.21267,0.22081,0.21238,0.219,29105731
1719115200000,0.21904,0.21916,0.21502,0.21553,12747859
1719129600000,0.21553,0.21631,0.21319,0.21413,15126115
1719144000000,0.21413,0.21752,0.21013,0.21119,23786612
1719158400000,0.2112,0.21184,0.20818,0.2088,22545529
1719172800000,0.20883,0.20926,0.2039,0.20554,29718046
1719187200000,0.20551,0.20705,0.20297,0.20492,26583034
1719201600000,0.20491,0.20542,0.19817,0.20071,46236156
1719216000000,0.20072,0.21026,0.19431,0.20592,84080749
1719230400000,0.2059,0.21323,0.20492,0.20636,40216659
1719244800000,0.20638,0.21315,0.20561,0.20812,48269214
1719259200000,0.20812,0.21901,0.2046,0.21654,52741771
1719273600000,0.21652,0.22561,0.21445,0.22416,33915860
1719288000000,0.22414,0.22549,0.21906,0.22018,22314957
1719302400000,0.22021,0.22191,0.2175,0.21877,21081849
1719316800000,0.21878,0.22272,0.21801,0.2207,39357295
1719331200000,0.22072,0.22307,0.21817,0.22239,17933938
1719345600000,0.22238,0.22294,0.22007,0.22022,13980528
1719360000000,0.22027,0.22468,0.21879,0.22089,23613099
1719374400000,0.22089,0.22149,0.21852,0.22066,19001999
1719388800000,0.22067,0.221,0.2171,0.21876,17007486
1719403200000,0.2187,0.2232,0.21659,0.21776,28308922
1719417600000,0.21776,0.22021,0.21386,0.22015,29174168
1719432000000,0.22017,0.222,0.21823,0.21864,18986304
1719446400000,0.21865,0.21875,0.21505,0.21557,19410829
1719460800000,0.21559,0.21642,0.21116,0.21233,18319425
1719475200000,0.21233,0.21895,0.21181,0.21844,20523825
1719489600000,0.21843,0.22531,0.21798,0.22031,33023822
1719504000000,0.22033,0.22134,0.21845,0.21924,14738499
1719518400000,0.21928,0.2203,0.21704,0.21772,10535108
1719532800000,0.2177,0.22007,0.21527,0.21637,18000071
1719547200000,0.21638,0.2166,0.21424,0.216,16253659
1719561600000,0.21596,0.21759,0.21465,0.21557,14880370
1719576000000,0.21557,0.21754,0.21164,0.21283,32941011
1719590400000,0.21288,0.21341,0.20836,0.21006,26211155
1719604800000,0.21011,0.21089,0.2062,0.20706,14616356
1719619200000,0.20707,0.20941,0.20624,0.20899,13578191
1719633600000,0.20896,0.21023,0.20683,0.20978,8771821
1719648000000,0.20979,0.21125,0.20896,0.21057,8969286
1719662400000,0.21054,0.21066,0.2078,0.20862,8931955
1719676800000,0.20862,0.20867,0.20444,0.20589,11574546
1719691200000,0.20586,0.20616,0.20267,0.2032,12772847
1719705600000,0.2032,0.2042,0.2002,0.20107,15882295
1719720000000,0.20105,0.20715,0.20002,0.20618,14060924
1719734400000,0.20619,0.2078,0.20518,0.20604,11392069
1719748800000,0.20604,0.20765,0.20518,0.2062,12129806
1719763200000,0.20623,0.20709,0.20439,0.20559,13876463
1719777600000,0.20554,0.21171,0.20404,0.21051,18938610
1719792000000,0.21051,0.21831,0.20943,0.21473,24460998
1719806400000,0.21473,0.21599,0.21289,0.21324,11402285
1719820800000,0.21325,0.21407,0.20953,0.21021,14429677
1719835200000,0.21023,0.21221,0.20761,0.21076,22657907
1719849600000,0.21078,0.21461,0.20973,0.21346,16518958
1719864000000,0.21343,0.21364,0.20669,0.20724,11636672
1719878400000,0.20723,0.2107,0.20574,0.20907,15919459
1719892800000,0.20907,0.21083,0.20677,0.20749,11512539
1719907200000,0.20746,0.20931,0.20673,0.20839,10035120
1719921600000,0.2084,0.21412,0.20766,0.20911,22023401
1719936000000,0.20914,0.21234,0.20673,0.21205,14363590
1719950400000,0.21205,0.21371,0.21103,0.21226,8164778
1719964800000,0.21229,0.21354,0.20353,0.2057,21662694
1719979200000,0.2057,0.20869,0.20377,0.207,15633280
1719993600000,0.20698,0.2072,0.20069,0.2022,28314735
1720008000000,0.20219,0.20436,0.19791,0.20046,32334849
1720022400000,0.20041,0.20175,0.19576,0.19722,22465658
1720036800000,0.19718,0.19867,0.196,0.19696,16165942
1720051200000,0.19699,0.19827,0.18634,0.19056,47574692
1720065600000,0.19055,0.19068,0.18584,0.18688,18855973
1720080000000,0.1869,0.18842,0.18357,0.18412,57032396
1720094400000,0.18414,0.18443,0.17797,0.18348,40489585
1720108800000,0.1835,0.18421,0.17971,0.18123,30799067
1720123200000,0.18118,0.18462,0.17425,0.17589,34407886
1720137600000,0.1759,0.17617,0.152,0.1575,177552581
1720152000000,0.15748,0.16358,0.15307,0.15984,76206564
1720166400000,0.15982,0.16755,0.15403,0.16717,64251360
1720180800000,0.16718,0.17414,0.16526,0.17225,57679448
1720195200000,0.17227,0.17537,0.17003,0.17344,32446938
1720209600000,0.17343,0.17369,0.1709,0.17263,23172821
1720224000000,0.17261,0.17975,0.17152,0.17534,31164222
1720238400000,0.17534,0.17838,0.17302,0.17764,18173753
1720252800000,0.17764,0.18012,0.17666,0.17874,18389063
1720267200000,0.17874,0.18158,0.17758,0.18063,21196506
1720281600000,0.18068,0.18858,0.17989,0.18598,23507874
1720296000000,0.18599,0.18866,0.18587,0.18728,15075788
1720310400000,0.1873,0.18738,0.18298,0.18467,24470747
1720324800000,0.18467,0.18492,0.18052,0.18261,21535095
1720339200000,0.1826,0.18575,0.18192,0.18429,17744629
1720353600000,0.18428,0.18582,0.17735,0.17894,34631641
1720368000000,0.17895,0.18221,0.17855,0.17983,19008244
1720382400000,0.1798,0.18048,0.17234,0.17348,36614218
1720396800000,0.1735,0.17395,0.16372,0.16972,63983767
1720411200000,0.16969,0.17401,0.16927,0.17257,29403614
1720425600000,0.17258,0.18707,0.17208,0.18426,56688741
1720440000000,0.18418,0.18481,0.17304,0.17625,53672075
1720454400000,0.17629,0.17785,0.17388,0.17624,26479918
1720468800000,0.17628,0.17768,0.17447,0.17627,16045227
1720483200000,0.17625,0.18134,0.17515,0.18032,25186756
1720497600000,0.18031,0.18215,0.17839,0.17986,19143936
1720512000000,0.17986,0.18317,0.17814,0.17924,15096237
1720526400000,0.17921,0.18355,0.17738,0.18071,26370129
1720540800000,0.18071,0.18224,0.17897,0.18116,15284819
1720555200000,0.18111,0.1836,0.18053,0.18295,12332001
1720569600000,0.18295,0.18487,0.18025,0.1848,14288806
1720584000000,0.1848,0.19195,0.1848,0.18923,27086316
1720598400000,0.18924,0.18924,0.1853,0.18701,15317557
1720612800000,0.18704,0.18888,0.18423,0.18736,21006358
1720627200000,0.18738,0.18918,0.18515,0.1859,11175705
1720641600000,0.18594,0.18641,0.18424,0.1858,8269211
1720656000000,0.1858,0.18936,0.18322,0.18522,20368192
1720670400000,0.18521,0.18685,0.18463,0.18659,10777097
1720684800000,0.18662,0.19177,0.18595,0.19106,16532548
1720699200000,0.19107,0.19593,0.18495,0.18557,39994815
1720713600000,0.18558,0.18874,0.18376,0.18469,22055421
1720728000000,0.18469,0.18514,0.1806,0.1811,21903175
1720742400000,0.18111,0.18451,0.17927,0.18126,18869889
1720756800000,0.18127,0.18295,0.17994,0.18108,10883535
1720771200000,0.18105,0.18207,0.17803,0.17969,13942933
1720785600000,0.17969,0.18578,0.17959,0.18494,20705559
1720800000000,0.18489,0.18617,0.18334,0.18403,10850732
1720814400000,0.18403,0.18615,0.18215,0.18539,14019464
1720828800000,0.18543,0.18593,0.18369,0.18457,8882206
1720843200000,0.18456,0.18713,0.18348,0.18656,9676648
1720857600000,0.18655,0.18955,0.18554,0.188,16861400
1720872000000,0.188,0.18979,0.18603,0.18951,9670643
1720886400000,0.1895,0.19244,0.18926,0.19102,16400310
1720900800000,0.19103,0.19451,0.18875,0.19206,16911040
1720915200000,0.19207,0.19478,0.1914,0.19158,14672509
1720929600000,0.19153,0.1949,0.19136,0.19177,12101941
1720944000000,0.19174,0.19295,0.18985,0.19006,9636746
1720958400000,0.19006,0.19094,0.18786,0.19092,11184882
1720972800000,0.19089,0.19219,0.19007,0.19052,11127861
1720987200000,0.1905,0.20019,0.19033,0.19787,19748793
1721001600000,0.19786,0.20245,0.19591,0.2021,21014722
1721016000000,0.20209,0.20594,0.20074,0.20478,21926059
1721030400000,0.20479,0.20604,0.20265,0.20276,13011662
1721044800000,0.20275,0.2075,0.2025,0.2041,27545926
1721059200000,0.20405,0.21342,0.20284,0.21297,28744297
1721073600000,0.21297,0.22082,0.21263,0.21945,32489800
1721088000000,0.21946,0.2217,0.21503,0.21569,21709600
1721102400000,0.21569,0.21642,0.20637,0.20825,57375901
1721116800000,0.20825,0.21083,0.20452,0.20975,30157732
1721131200000,0.20978,0.21567,0.20734,0.21485,32640064
1721145600000,0.21488,0.21636,0.21226,0.21596,27930131
1721160000000,0.21596,0.216,0.21127,0.21381,17964770
1721174400000,0.21377,0.21891,0.21325,0.21534,19425307
1721188800000,0.21534,0.21741,0.2145,0.21629,17805384
1721203200000,0.21629,0.22045,0.2123,0.21497,35210119
1721217600000,0.21497,0.2178,0.21282,0.21311,30595254
1721232000000,0.21311,0.21588,0.20942,0.21476,24283427
1721246400000,0.2148,0.21546,0.20765,0.20784,30663245
1721260800000,0.20783,0.21296,0.20782,0.21217,17634654
1721275200000,0.21219,0.21278,0.20931,0.20956,13222407
1721289600000,0.20952,0.21081,0.20559,0.20807,29280322
1721304000000,0.20806,0.20923,0.201,0.2012,28595481
1721318400000,0.20118,0.20316,0.19787,0.19922,27087147
1721332800000,0.19922,0.20343,0.19874,0.20265,11784481
1721347200000,0.20263,0.20615,0.1975,0.20499,26903773
1721361600000,0.20499,0.20658,0.20082,0.20141,15913757
1721376000000,0.20136,0.20275,0.19869,0.20068,21292139
1721390400000,0.20072,0.20918,0.19937,0.20862,27606841
1721404800000,0.20859,0.21525,0.20837,0.21421,24561246
1721419200000,0.21427,0.21469,0.21257,0.21418,10468150
1721433600000,0.21417,0.2179,0.21109,0.21607,24626635
1721448000000,0.21606,0.21871,0.21472,0.2174,10763249
1721462400000,0.2174,0.21747,0.21388,0.21404,9124456
1721476800000,0.21405,0.21848,0.21283,0.2171,22347716
1721491200000,0.21708,0.21769,0.21358,0.21506,20259242
1721505600000,0.21514,0.21603,0.21283,0.21349,8580285
1721520000000,0.21351,0.22392,0.21348,0.22136,27858988
1721534400000,0.22135,0.22144,0.215,0.21549,14942069
1721548800000,0.21552,0.21672,0.2138,0.21485,11312691
1721563200000,0.21484,0.21812,0.21214,0.2154,14841981
1721577600000,0.2154,0.2188,0.20898,0.21523,34968299
1721592000000,0.2152,0.2211,0.21431,0.21899,19489947
1721606400000,0.219,0.22188,0.21628,0.21639,19866116
1721620800000,0.21638,0.21639,0.21031,0.21138,14998093
1721635200000,0.21135,0.21255,0.2101,0.21231,14743341
1721649600000,0.21231,0.21335,0.20714,0.20922,24872586
1721664000000,0.20925,0.21077,0.20867,0.21017,12164379
1721678400000,0.21019,0.21076,0.20426,0.2063,17282316
1721692800000,0.20631,0.20975,0.20629,0.20788,10709211
1721707200000,0.20786,0.20853,0.19918,0.20179,25213250
1721721600000,0.2018,0.20856,0.20148,0.20599,20325244
1721736000000,0.20598,0.20634,0.20082,0.2018,25561050
1721750400000,0.20178,0.20211,0.1953,0.19914,23538581
1721764800000,0.19905,0.19971,0.1966,0.19835,12528450
1721779200000,0.19829,0.19924,0.1958,0.19832,16023547
1721793600000,0.19832,0.19942,0.19602,0.19939,10152653
1721808000000,0.19941,0.20178,0.19914,0.20097,11731153
1721822400000,0.20097,0.20373,0.19947,0.1995,25226853
1721836800000,0.19951,0.20186,0.19621,0.19658,15005932
1721851200000,0.19666,0.19772,0.19077,0.19264,25514789
1721865600000,0.1926,0.19333,0.18312,0.18545,48658091
1721880000000,0.18546,0.188,0.18421,0.18607,13854576
1721894400000,0.18607,0.18725,0.18462,0.18558,13612535
1721908800000,0.18559,0.18884,0.18348,0.1874,29957874
1721923200000,0.18741,0.1892,0.18343,0.18576,19172115
1721937600000,0.1858,0.1903,0.18254,0.18933,22873483
1721952000000,0.1893,0.19522,0.18887,0.19419,19764706
1721966400000,0.19421,0.19967,0.19292,0.1952,34645240
1721980800000,0.1952,0.19762,0.19424,0.19491,13480572
1721995200000,0.19488,0.19686,0.19215,0.19465,23343498
1722009600000,0.19465,0.2003,0.19458,0.19926,20083269
1722024000000,0.19927,0.2012,0.19727,0.20056,12074811
1722038400000,0.2006,0.20112,0.19825,0.19834,8390741
1722052800000,0.19832,0.2007,0.1982,0.19958,7347778
1722067200000,0.19957,0.2017,0.19884,0.20099,13148985
1722081600000,0.20095,0.2045,0.19763,0.1993,22519141
1722096000000,0.19931,0.2007,0.1962,0.19871,17865489
1722110400000,0.1987,0.20175,0.19423,0.1979,25986547
1722124800000,0.19788,0.19853,0.19554,0.19574,9716104
1722139200000,0.19573,0.19579,0.19221,0.19423,11788029
1722153600000,0.19426,0.19563,0.1931,0.19461,9102647
1722168000000,0.19459,0.19562,0.19276,0.19351,9151072
1722182400000,0.19353,0.19429,0.192,0.19307,12031216
1722196800000,0.19307,0.19312,0.19066,0.19252,9392180
1722211200000,0.19254,0.19996,0.19253,0.19824,21321033
1722225600000,0.19826,0.2023,0.19762,0.20196,15589250
1722240000000,0.20196,0.20335,0.20068,0.201,12750726
1722254400000,0.20099,0.20251,0.19418,0.19553,24649769
1722268800000,0.1955,0.1955,0.19185,0.19387,19892471
1722283200000,0.19387,0.19438,0.19148,0.19182,10833372
1722297600000,0.19183,0.19372,0.18958,0.19266,12632078
1722312000000,0.19265,0.1949,0.19152,0.19446,11016257
1722326400000,0.19446,0.1952,0.19135,0.19139,9585723
1722340800000,0.19135,0.19363,0.18899,0.19033,25156912
1722355200000,0.1903,0.19073,0.18473,0.18607,18794867
1722369600000,0.18607,0.18817,0.18343,0.18791,19827678
1722384000000,0.18793,0.18888,0.18589,0.18653,11485914
1722398400000,0.18651,0.19009,0.18451,0.18705,17652135
1722412800000,0.18707,0.18734,0.1846,0.18578,11720127
1722427200000,0.18577,0.18825,0.18405,0.18439,22776470
1722441600000,0.18443,0.18688,0.1804,0.18179,23754806
1722456000000,0.18179,0.18193,0.17819,0.1795,21725608
1722470400000,0.17953,0.18104,0.17755,0.17797,17626550
1722484800000,0.17794,0.17876,0.1742,0.17652,20435489
1722499200000,0.17651,0.1783,0.17631,0.17802,9714873
1722513600000,0.17797,0.17979,0.17231,0.1729,31345374
1722528000000,0.17294,0.17299,0.16673,0.1718,45012102
1722542400000,0.1718,0.17865,0.17047,0.17798,21482357
1722556800000,0.17797,0.17877,0.17247,0.1758,17413142
1722571200000,0.1758,0.1762,0.16938,0.16938,26597729
1722585600000,0.16938,0.1721,0.16715,0.17117,24756702
1722600000000,0.17114,0.17526,0.16272,0.16838,58807529
1722614400000,0.16842,0.16893,0.16388,0.16546,26991043
1722628800000,0.16549,0.16695,0.16172,0.1624,27319125
1722643200000,0.16239,0.16304,0.15683,0.16267,27555195
1722657600000,0.16269,0.16397,0.16162,0.16275,11377330
1722672000000,0.16274,0.16299,0.16141,0.16238,9365197
1722686400000,0.16238,0.16409,0.15702,0.15715,18979756
1722700800000,0.15715,0.15827,0.15108,0.15118,48132450
1722715200000,0.15119,0.15518,0.15025,0.15388,20742422
1722729600000,0.15388,0.15688,0.15316,0.15621,16444692
1722744000000,0.15618,0.15639,0.15368,0.15391,8649658
1722758400000,0.15389,0.1554,0.1529,0.15414,14387252
1722772800000,0.15414,0.15551,0.14601,0.14616,40120326
1722787200000,0.14616,0.14879,0.13924,0.14777,79422976
1722801600000,0.14774,0.14957,0.14353,0.14391,19162075
1722816000000,0.14389,0.14494,0.11763,0.12472,189453936
1722830400000,0.1247,0.12723,0.112,0.12604,188353873
1722844800000,0.12606,0.1264,0.11542,0.11985,100742810
1722859200000,0.11985,0.13492,0.11504,0.13423,168301869
1722873600000,0.13426,0.1387,0.13,0.13172,66011217
1722888000000,0.13168,0.13508,0.13102,0.13124,33993591
1722902400000,0.13128,0.14048,0.13106,0.13679,37984587
1722916800000,0.13681,0.14053,0.1358,0.14048,24754962
1722931200000,0.14048,0.14048,0.1347,0.13523,31178551
1722945600000,0.13526,0.14184,0.13294,0.13904,49582779
1722960000000,0.13908,0.14121,0.13819,0.13866,24063573
1722974400000,0.13863,0.14085,0.13652,0.13734,19234445
1722988800000,0.13732,0.14193,0.13585,0.14032,33049175
1723003200000,0.14031,0.14192,0.1389,0.13996,19450831
1723017600000,0.1399,0.14262,0.13852,0.13872,23117472
1723032000000,0.13873,0.14169,0.13329,0.13586,53468099
1723046400000,0.13587,0.13633,0.12986,0.13025,55503155
1723060800000,0.13028,0.13142,0.12725,0.12858,40963088
1723075200000,0.12855,0.13734,0.12682,0.13474,46116044
1723089600000,0.13472,0.13587,0.13348,0.13391,21379277
1723104000000,0.13393,0.13495,0.13346,0.13389,15632682
1723118400000,0.13388,0.14009,0.13255,0.13991,47833411
1723132800000,0.13996,0.14212,0.1386,0.13896,27759602
1723147200000,0.13897,0.14709,0.13854,0.14631,40430019
1723161600000,0.14629,0.14688,0.14403,0.14442,25030240
1723176000000,0.14441,0.14456,0.1415,0.14277,17725751
1723190400000,0.14279,0.14403,0.14079,0.1418,20006965
1723204800000,0.14181,0.14364,0.13913,0.13963,30203392
1723219200000,0.13967,0.14197,0.13938,0.14161,16950705
1723233600000,0.14159,0.14342,0.14063,0.14278,20310660
1723248000000,0.14279,0.14487,0.1406,0.14132,21325890
1723262400000,0.14133,0.14249,0.14033,0.1422,9362223
1723276800000,0.1422,0.14373,0.14115,0.14373,11642470
1723291200000,0.14373,0.14376,0.14134,0.14278,13935939
1723305600000,0.14277,0.14647,0.14234,0.14536,16313574
1723320000000,0.14536,0.14712,0.14435,0.14606,11770162
1723334400000,0.14607,0.14761,0.14513,0.14639,13810441
1723348800000,0.14638,0.14919,0.1458,0.14882,10543974
1723363200000,0.14885,0.15256,0.14712,0.14872,33803090
1723377600000,0.14866,0.14897,0.14263,0.14379,40735677
1723392000000,0.14378,0.14429,0.14002,0.1402,24618304
1723406400000,0.14019,0.14025,0.13585,0.13651,34854643
1723420800000,0.1365,0.13856,0.1361,0.13748,19621718
1723435200000,0.13744,0.13979,0.13493,0.13925,23262022
1723449600000,0.13926,0.14667,0.13891,0.14622,40895984
1723464000000,0.14617,0.14625,0.13884,0.14434,56545608
1723478400000,0.14433,0.14488,0.14003,0.14135,19664853
1723492800000,0.14138,0.14459,0.13978,0.14328,18722391
1723507200000,0.14327,0.14451,0.13971,0.14022,25141333
1723521600000,0.14021,0.14229,0.13959,0.14119,12527158
1723536000000,0.14118,0.14128,0.13814,0.13993,17196696
1723550400000,0.13999,0.14289,0.13948,0.14192,21790165
1723564800000,0.14191,0.14849,0.14171,0.14737,33600407
1723579200000,0.14735,0.14755,0.14572,0.14615,11115766
1723593600000,0.14616,0.14661,0.14442,0.14527,16669538
1723608000000,0.14527,0.14555,0.14373,0.14427,13148044
1723622400000,0.1443,0.14548,0.14357,0.14517,31299648
1723636800000,0.14513,0.14767,0.13948,0.14373,61376282
1723651200000,0.14372,0.14372,0.14094,0.14174,20808034
1723665600000,0.14172,0.14331,0.14042,0.14218,16074817
1723680000000,0.14222,0.14376,0.14133,0.14267,17214044
1723694400000,0.14271,0.14305,0.13932,0.1404,15934210
1723708800000,0.14043,0.14248,0.13971,0.14194,18138574
1723723200000,0.14194,0.14499,0.14169,0.14293,30026979
1723737600000,0.14293,0.14377,0.13485,0.13582,49621278
1723752000000,0.13578,0.13723,0.13405,0.13624,31201746
1723766400000,0.13623,0.13817,0.13511,0.13573,19751291
1723780800000,0.13573,0.1388,0.13536,0.13842,12953573
1723795200000,0.13845,0.13877,0.13625,0.13669,17180951
1723809600000,0.13667,0.13742,0.13193,0.13343,41872041
1723824000000,0.13343,0.13821,0.1331,0.13745,26124969
1723838400000,0.13749,0.13851,0.13636,0.13669,14342388
1723852800000,0.13669,0.13729,0.13534,0.13601,9181279
1723867200000,0.13604,0.13686,0.13542,0.13635,6595170
1723881600000,0.13634,0.13725,0.13514,0.1355,9637504
1723896000000,0.1355,0.138,0.13539,0.13678,12031811
1723910400000,0.13678,0.13867,0.13644,0.13698,11380142
1723924800000,0.137,0.13839,0.13692,0.13832,7610544
1723939200000,0.13831,0.13911,0.13639,0.13639,11601353
1723953600000,0.13643,0.13786,0.13623,0.13755,7157170
1723968000000,0.1375,0.14095,0.13712,0.14058,14142325
1723982400000,0.14057,0.14323,0.14022,0.14298,13197401
1723996800000,0.143,0.14389,0.14143,0.14334,11197485
1724011200000,0.14335,0.14374,0.13957,0.13974,18214907
1724025600000,0.13976,0.14051,0.13836,0.14006,15054199
1724040000000,0.14,0.14007,0.1372,0.13798,17360972
1724054400000,0.13797,0.14004,0.13653,0.13957,21979988
1724068800000,0.13954,0.14179,0.13846,0.13984,17885255
1724083200000,0.13984,0.14192,0.13797,0.14168,18986434
1724097600000,0.14168,0.14477,0.14152,0.14452,20625134
1724112000000,0.14452,0.14723,0.14403,0.14614,18950607
1724126400000,0.14615,0.14848,0.14598,0.14708,13588200
1724140800000,0.1471,0.14757,0.14569,0.14616,16390000
1724155200000,0.14615,0.14684,0.1406,0.14204,25574160
1724169600000,0.14202,0.14472,0.14158,0.14436,10554740
1724184000000,0.14438,0.14544,0.1426,0.14271,10473374
1724198400000,0.1427,0.14475,0.14256,0.14385,12046873
1724212800000,0.14385,0.14681,0.14362,0.14617,10969715
1724227200000,0.14618,0.14671,0.14334,0.14349,14388575
1724241600000,0.14348,0.146,0.14092,0.14352,31937089
1724256000000,0.14351,0.14976,0.14264,0.14957,25706138
1724270400000,0.14966,0.15148,0.14906,0.14974,17931953
1724284800000,0.14971,0.15079,0.14706,0.14937,13555685
1724299200000,0.14936,0.15132,0.14919,0.15131,7671086
1724313600000,0.1513,0.15588,0.1508,0.15496,22299000
1724328000000,0.15496,0.15497,0.15187,0.15293,21819540
1724342400000,0.15293,0.15411,0.15228,0.15265,14612143
1724356800000,0.15267,0.15517,0.15262,0.15487,12505953
1724371200000,0.15483,0.16139,0.15462,0.16131,28688396
1724385600000,0.16128,0.16398,0.16012,0.16367,28405285
1724400000000,0.16369,0.16419,0.16088,0.16107,22027446
1724414400000,0.16104,0.16817,0.16104,0.16731,38697103
1724428800000,0.16728,0.172,0.16628,0.17016,27696520
1724443200000,0.17014,0.17212,0.16928,0.17044,14769637
1724457600000,0.17049,0.17122,0.16738,0.16754,12161771
1724472000000,0.16756,0.16928,0.16676,0.16924,11825487
1724486400000,0.16916,0.17425,0.16826,0.17327,23679885
1724500800000,0.17327,0.17757,0.17245,0.17475,23820212
1724515200000,0.17473,0.18022,0.17453,0.17945,23926339
1724529600000,0.17944,0.17998,0.17422,0.17652,22413283
1724544000000,0.17652,0.17666,0.17104,0.17361,35929963
1724558400000,0.1736,0.17382,0.16713,0.16795,25105211
1724572800000,0.16792,0.17267,0.16676,0.17135,20806831
1724587200000,0.17137,0.17475,0.17116,0.1731,17680295
1724601600000,0.17311,0.17481,0.17073,0.17252,20277600
1724616000000,0.17253,0.1756,0.17152,0.17196,15728968
1724630400000,0.17196,0.17383,0.16867,0.17152,17331630
1724644800000,0.17149,0.17193,0.16803,0.16872,12353908
1724659200000,0.16879,0.17416,0.16774,0.17247,22108795
1724673600000,0.17252,0.17323,0.16612,0.16689,31162235
1724688000000,0.16685,0.16867,0.16222,0.16306,29249384
1724702400000,0.16305,0.1642,0.16086,0.161,12590926
1724716800000,0.161,0.16297,0.16083,0.16177,13020086
1724731200000,0.16178,0.1664,0.16119,0.16263,19869433
1724745600000,0.16262,0.16347,0.15836,0.15949,22207314
1724760000000,0.15949,0.15992,0.15681,0.15812,23054153
1724774400000,0.1581,0.1613,0.15699,0.15975,17473898
1724788800000,0.15974,0.15984,0.14801,0.15078,51504996
1724803200000,0.15078,0.15275,0.14872,0.1525,20489874
1724817600000,0.15249,0.15269,0.14768,0.14777,15031161
1724832000000,0.14777,0.1549,0.14686,0.15354,29033995
1724846400000,0.15353,0.15497,0.14794,0.14926,28325609
1724860800000,0.1492,0.1504,0.1433,0.14771,44491549
1724875200000,0.14771,0.15069,0.14486,0.14623,29275085
1724889600000,0.14624,0.14772,0.14533,0.14733,14304565
1724904000000,0.1473,0.1505,0.14621,0.14977,17634738
1724918400000,0.14973,0.15141,0.14804,0.14982,17103939
1724932800000,0.14981,0.15257,0.1496,0.15098,24339966
1724947200000,0.15096,0.1516,0.14344,0.14562,30262071
1724961600000,0.14562,0.14727,0.144,0.14641,14290009
1724976000000,0.1464,0.14801,0.14542,0.14584,12785319
1724990400000,0.1458,0.14797,0.1445,0.14669,14653208
1725004800000,0.14668,0.1479,0.14605,0.14619,12840462
1725019200000,0.14617,0.14813,0.13908,0.13986,36404756
1725033600000,0.13987,0.14731,0.13905,0.14535,29560137
1725048000000,0.14538,0.14784,0.14525,0.14724,11633577
1725062400000,0.14725,0.14894,0.14725,0.14812,9872734
1725076800000,0.14811,0.14862,0.14717,0.14723,6756133
1725091200000,0.14723,0.14776,0.14554,0.14696,10426635
1725105600000,0.14694,0.14779,0.14554,0.14669,9991135
1725120000000,0.14672,0.14682,0.14369,0.1445,10627294
1725134400000,0.14454,0.14617,0.14405,0.14565,6026573
1725148800000,0.14565,0.14614,0.14277,0.14451,10173115
1725163200000,0.1445,0.14495,0.14205,0.14493,10483951
1725177600000,0.14495,0.1452,0.14184,0.14303,9157402
1725192000000,0.14304,0.14355,0.13934,0.1429,17496587
1725206400000,0.14289,0.14473,0.13957,0.14345,21081640
1725220800000,0.1434,0.14497,0.13647,0.13804,26902740
1725235200000,0.13803,0.14048,0.13713,0.13938,18316853
1725249600000,0.13934,0.14003,0.13748,0.13791,11391409
1725264000000,0.13786,0.14523,0.13781,0.14418,22503211
1725278400000,0.14416,0.14464,0.14087,0.14364,22375880
1725292800000,0.14364,0.14423,0.14243,0.14316,10409546
1725307200000,0.14316,0.14684,0.14272,0.14562,14045389
1725321600000,0.14562,0.14784,0.14487,0.14513,11364746
1725336000000,0.1451,0.14559,0.14379,0.14544,9920921
1725350400000,0.14544,0.14546,0.14282,0.14412,10055627
1725364800000,0.14411,0.14508,0.13704,0.1372,24882245
1725379200000,0.13721,0.13894,0.13677,0.13833,13227177
1725393600000,0.1383,0.13902,0.13508,0.13548,15559013
1725408000000,0.13547,0.13749,0.1291,0.13492,48099369
1725422400000,0.13491,0.13741,0.13439,0.13682,12981939
1725436800000,0.13682,0.13749,0.13527,0.13549,13207649
1725451200000,0.13549,0.14099,0.13489,0.14034,34561602
1725465600000,0.14034,0.14293,0.1391,0.14013,22264101
1725480000000,0.1401,0.14114,0.13935,0.13959,11995147
1725494400000,0.13959,0.14113,0.13755,0.13822,14150981
1725508800000,0.13818,0.13964,0.13725,0.13892,9958620
1725523200000,0.13893,0.13943,0.13712,0.13737,8624372
1725537600000,0.13735,0.13958,0.13484,0.13561,23468261
1725552000000,0.13563,0.13644,0.1329,0.13372,15644443
1725566400000,0.1337,0.13458,0.13311,0.13392,10251147
1725580800000,0.13391,0.13635,0.13343,0.13524,10591038
1725595200000,0.13519,0.13576,0.13183,0.1333,11915600
1725609600000,0.13328,0.13536,0.13278,0.13437,9825782
1725624000000,0.13437,0.13831,0.13089,0.133,53266586
1725638400000,0.13302,0.13303,0.12856,0.12964,33947633
1725652800000,0.12961,0.13098,0.12564,0.12974,37172512
1725667200000,0.12974,0.1305,0.12877,0.1288,10350899
1725681600000,0.1288,0.13147,0.12855,0.1314,14116412
1725696000000,0.13134,0.13247,0.13111,0.13186,8826736
1725710400000,0.13187,0.13455,0.13187,0.13313,13908377
1725724800000,0.13308,0.13394,0.13147,0.13342,14712436
1725739200000,0.13345,0.13359,0.13012,0.13163,11314964
1725753600000,0.13167,0.13392,0.13136,0.13374,8774599
1725768000000,0.13374,0.13564,0.13367,0.13538,9806713
1725782400000,0.13537,0.13703,0.13471,0.13488,13362385
1725796800000,0.13484,0.1352,0.13178,0.13204,18408234
1725811200000,0.13202,0.13428,0.1313,0.13312,10481483
1725825600000,0.13313,0.13818,0.13276,0.1363,17075862
1725840000000,0.1363,0.13788,0.13579,0.1372,11772916
1725854400000,0.13726,0.13781,0.13584,0.13777,8876483
1725868800000,0.13774,0.14011,0.13765,0.13873,19855589
1725883200000,0.13877,0.13974,0.13646,0.1387,17015029
1725897600000,0.1387,0.14299,0.13869,0.1428,25297711
1725912000000,0.1428,0.1449,0.14176,0.14291,13421436
1725926400000,0.1429,0.14297,0.13965,0.13975,10271406
1725940800000,0.13972,0.14222,0.13943,0.14193,11435256
1725955200000,0.1419,0.14361,0.14076,0.14339,12722596
1725969600000,0.14335,0.14343,0.14037,0.141,14222525
1725984000000,0.14101,0.14459,0.14092,0.14312,18675318
1725998400000,0.14305,0.14327,0.14132,0.14141,13898952
1726012800000,0.14143,0.1417,0.13774,0.13858,17816639
1726027200000,0.13854,0.13855,0.13572,0.13831,15950749
1726041600000,0.13828,0.13831,0.13524,0.13618,17348638
1726056000000,0.13625,0.13891,0.13284,0.13608,42656562
1726070400000,0.13607,0.13835,0.13575,0.13733,25349874
1726084800000,0.13729,0.13794,0.1368,0.13733,11076927
1726099200000,0.13732,0.14187,0.13707,0.14114,21799243
1726113600000,0.14115,0.14215,0.14007,0.14062,14383184
1726128000000,0.14058,0.14172,0.14018,0.14085,12429937
1726142400000,0.14083,0.14242,0.13824,0.13857,28566489
1726156800000,0.13855,0.1434,0.13848,0.14329,22349773
1726171200000,0.14329,0.144,0.14197,0.14389,13507428
1726185600000,0.14391,0.14562,0.14381,0.14398,19261771
1726200000000,0.14401,0.14485,0.1433,0.1447,15147708
1726214400000,0.14472,0.14635,0.14441,0.14454,18337563
1726228800000,0.14456,0.14987,0.14283,0.14915,45108871
1726243200000,0.14914,0.14975,0.14621,0.1476,26549724
1726257600000,0.14761,0.15041,0.14745,0.15008,12753080
1726272000000,0.15009,0.15134,0.1488,0.15104,11317974
1726286400000,0.15104,0.15202,0.14887,0.14914,11811803
1726300800000,0.14912,0.15052,0.14808,0.14859,14711576
1726315200000,0.14858,0.15044,0.14843,0.14971,12013236
1726329600000,0.14965,0.15022,0.1473,0.14825,11984660
1726344000000,0.14827,0.14947,0.14809,0.14923,6775788
1726358400000,0.14923,0.1502,0.14841,0.1488,7187933
1726372800000,0.14876,0.14958,0.14808,0.14914,8135450
1726387200000,0.14915,0.14922,0.14635,0.14725,12757060
1726401600000,0.14723,0.14862,0.14665,0.148,10251979
1726416000000,0.14801,0.14808,0.14513,0.14574,18081398
1726430400000,0.14574,0.14582,0.14092,0.14241,23045163
1726444800000,0.14244,0.1426,0.13846,0.1409,20994782
1726459200000,0.14087,0.14246,0.13992,0.14226,12675146
1726473600000,0.14224,0.14359,0.1396,0.14057,14022858
1726488000000,0.14056,0.14081,0.13681,0.13879,24086715
1726502400000,0.1388,0.13987,0.13746,0.13838,14599698
1726516800000,0.13835,0.13887,0.13682,0.13822,8798755
1726531200000,0.13822,0.13897,0.1367,0.13866,9099284
1726545600000,0.13866,0.14274,0.13835,0.14149,13785219
1726560000000,0.1415,0.1422,0.13981,0.1408,14449155
1726574400000,0.1408,0.14454,0.13992,0.14336,35277774
1726588800000,0.14335,0.14378,0.13968,0.1408,19689189
1726603200000,0.14083,0.14258,0.14036,0.14178,10496588
1726617600000,0.1418,0.14359,0.13992,0.14225,15147822
1726632000000,0.14225,0.14239,0.13991,0.14041,10706805
1726646400000,0.14041,0.14056,0.135,0.13682,29536878
1726660800000,0.13683,0.13792,0.1346,0.1349,22372065
1726675200000,0.13488,0.14305,0.13431,0.13998,44959870
1726689600000,0.14,0.14722,0.13843,0.14701,22295631
1726704000000,0.14701,0.15119,0.14701,0.14997,36925712
1726718400000,0.14995,0.15152,0.14922,0.15148,19964072
1726732800000,0.15149,0.15531,0.14943,0.15517,33006018
1726747200000,0.15518,0.15654,0.15324,0.15594,39901611
1726761600000,0.15595,0.15831,0.15388,0.15422,29861748
1726776000000,0.15427,0.15515,0.15202,0.1539,21964255
1726790400000,0.15388,0.15655,0.15046,0.15652,30552223
1726804800000,0.15653,0.16343,0.15607,0.1628,47111581
1726819200000,0.16282,0.16284,0.1577,0.159,29013166
1726833600000,0.159,0.16125,0.15742,0.15943,33677097
1726848000000,0.15945,0.15991,0.15618,0.15768,16508766
1726862400000,0.15766,0.16167,0.15762,0.16092,16657643
1726876800000,0.16091,0.16566,0.1603,0.16156,32794032
1726891200000,0.16156,0.16365,0.15953,0.16362,18028142
1726905600000,0.16354,0.16594,0.16188,0.16375,20924748
1726920000000,0.16371,0.16663,0.16306,0.16412,17806656
1726934400000,0.16413,0.16542,0.16367,0.16443,9077968
1726948800000,0.1644,0.167,0.16256,0.16609,12543050
1726963200000,0.16612,0.16617,0.16064,0.1621,20620997
1726977600000,0.16211,0.1628,0.15946,0.16072,13618960
1726992000000,0.16073,0.16232,0.15826,0.15968,15716671
1727006400000,0.15966,0.15995,0.15681,0.15781,15876572
1727020800000,0.15781,0.16033,0.15642,0.15992,12079163
1727035200000,0.15993,0.1616,0.15482,0.16026,28546334
1727049600000,0.16031,0.17276,0.15605,0.1708,55349514
1727064000000,0.17082,0.17782,0.16876,0.17286,67130375
1727078400000,0.17287,0.17614,0.17143,0.17426,39294748
1727092800000,0.17425,0.17958,0.17164,0.17662,64456750
1727107200000,0.17661,0.17766,0.17284,0.17316,24680617
1727121600000,0.17321,0.17508,0.17205,0.17459,22110495
1727136000000,0.17456,0.17487,0.16985,0.17229,39756610
1727150400000,0.17229,0.17608,0.16993,0.17574,35649919
1727164800000,0.17572,0.17878,0.17504,0.1783,43387613
1727179200000,0.1783,0.18546,0.17639,0.17897,88777773
1727193600000,0.17897,0.18453,0.17758,0.18434,30159018
1727208000000,0.18433,0.1875,0.18306,0.18719,38285485
1727222400000,0.18719,0.19045,0.18531,0.1859,40092956
1727236800000,0.18591,0.18605,0.18008,0.18169,41272172
1727251200000,0.18166,0.18261,0.18035,0.18234,17536115
1727265600000,0.18231,0.1845,0.17938,0.18169,30101509
1727280000000,0.18168,0.18358,0.1793,0.17946,23412007
1727294400000,0.17949,0.18174,0.17726,0.17878,28737275
1727308800000,0.17878,0.18053,0.17458,0.17857,34686503
1727323200000,0.17854,0.187,0.17702,0.18571,38134056
1727337600000,0.18574,0.18796,0.18324,0.18609,25465888
1727352000000,0.18609,0.18977,0.1844,0.1886,39819066
1727366400000,0.1886,0.19086,0.18574,0.1858,24959574
1727380800000,0.18578,0.18757,0.18322,0.18691,23470312
1727395200000,0.1869,0.18729,0.18273,0.18686,28119798
1727409600000,0.18687,0.19055,0.18544,0.18774,35060584
1727424000000,0.18776,0.19063,0.18584,0.18704,26526024
1727438400000,0.18702,0.19305,0.18537,0.19015,41086111
1727452800000,0.19016,0.19406,0.18834,0.18856,28069313
1727467200000,0.18859,0.19036,0.18743,0.1884,16303565
1727481600000,0.18846,0.19035,0.18718,0.18884,19178828
1727496000000,0.18883,0.19048,0.18441,0.18446,24409212
1727510400000,0.18446,0.186,0.18132,0.1845,29631582
1727524800000,0.18449,0.18582,0.18126,0.18451,22928898
1727539200000,0.18452,0.18858,0.18304,0.18819,17276288
1727553600000,0.18822,0.18849,0.18305,0.18644,16785902
1727568000000,0.18644,0.18821,0.18463,0.1876,19482934
1727582400000,0.1876,0.18791,0.18077,0.18136,23743982
1727596800000,0.18137,0.18446,0.18128,0.18307,16748872
1727611200000,0.18307,0.18522,0.17971,0.1852,30275879
1727625600000,0.18517,0.19133,0.18387,0.19123,33218227
1727640000000,0.19128,0.19388,0.18739,0.18833,34731656
1727654400000,0.18833,0.19055,0.18171,0.18547,43301148
1727668800000,0.18547,0.19128,0.18281,0.18968,27063002
1727683200000,0.18968,0.1899,0.18099,0.18431,38102416
1727697600000,0.18428,0.18515,0.17841,0.17861,25078454
1727712000000,0.17863,0.1802,0.17696,0.17933,24356155
1727726400000,0.17933,0.18154,0.17342,0.17517,31872627
1727740800000,0.17521,0.17916,0.1739,0.17916,30737069
1727755200000,0.17917,0.18001,0.17602,0.17908,32513177
1727769600000,0.17908,0.18146,0.17816,0.17926,22308962
1727784000000,0.17925,0.17995,0.16136,0.16615,99687739
1727798400000,0.16616,0.16717,0.15369,0.16005,106779934
1727812800000,0.16002,0.16116,0.15672,0.15918,53697636
1727827200000,0.15919,0.16268,0.15789,0.16191,57264256
1727841600000,0.1619,0.1639,0.1591,0.16257,25167855
1727856000000,0.16255,0.16382,0.15601,0.15785,39828926
1727870400000,0.15786,0.16033,0.15487,0.15931,45988375
1727884800000,0.15926,0.16246,0.15004,0.15217,52840856
1727899200000,0.15221,0.15478,0.15062,0.15357,37178111
1727913600000,0.15358,0.15713,0.15168,0.15709,26629287
1727928000000,0.15708,0.15831,0.15488,0.15495,21802981
1727942400000,0.15495,0.15529,0.14974,0.15303,40810479
1727956800000,0.15298,0.15501,0.14774,0.15118,54464546
1727971200000,0.15119,0.1521,0.14754,0.15192,37352168
1727985600000,0.15192,0.15497,0.14974,0.15394,26979583
1728000000000,0.15394,0.15603,0.15129,0.15284,35205525
1728014400000,0.15284,0.15548,0.15274,0.15518,18075320
1728028800000,0.15517,0.15727,0.15409,0.15621,19770431
1728043200000,0.1562,0.159,0.15368,0.15896,48113321
1728057600000,0.15898,0.16094,0.15728,0.15864,28012155
1728072000000,0.15867,0.15969,0.15776,0.15966,14387550
1728086400000,0.15964,0.16049,0.15582,0.15647,15042467
1728100800000,0.15646,0.16101,0.15608,0.15994,14941713
1728115200000,0.15995,0.16239,0.15924,0.16128,15705175
1728129600000,0.16128,0.16216,0.15813,0.15948,17121310
1728144000000,0.15946,0.15946,0.15567,0.15594,17007877
1728158400000,0.15593,0.15836,0.1542,0.15785,13772936
1728172800000,0.15786,0.15954,0.15685,0.15696,9015443
1728187200000,0.15696,0.15931,0.15587,0.15855,10702660
1728201600000,0.15856,0.16116,0.1581,0.1605,15471862
1728216000000,0.16049,0.16424,0.16,0.16404,26654263
1728230400000,0.16406,0.16539,0.16186,0.16221,23970299
1728244800000,0.1622,0.16458,0.16067,0.1642,14513389
1728259200000,0.1642,0.17345,0.16298,0.17297,45223692
1728273600000,0.17297,0.17346,0.16945,0.17125,28128251
1728288000000,0.17124,0.17138,0.16549,0.16834,28074358
1728302400000,0.16834,0.17539,0.16679,0.17297,41708447
1728316800000,0.17297,0.17464,0.16655,0.16911,37405584
1728331200000,0.16915,0.16999,0.16378,0.16432,30157195
1728345600000,0.16436,0.16757,0.16434,0.16725,25522130
1728360000000,0.16728,0.16837,0.1615,0.16396,25891483
1728374400000,0.16397,0.16485,0.1621,0.16457,20994611
1728388800000,0.16455,0.16537,0.15921,0.16073,40763118
1728403200000,0.16072,0.16266,0.159,0.16096,27445942
1728417600000,0.16096,0.16175,0.15758,0.15896,16520523
1728432000000,0.15894,0.1607,0.15733,0.15895,18755956
1728446400000,0.15892,0.1605,0.15753,0.15838,15445434
1728460800000,0.15837,0.16037,0.15763,0.16009,15092386
1728475200000,0.1601,0.16056,0.15496,0.1589,33830126
1728489600000,0.15886,0.15923,0.15466,0.15607,21913935
1728504000000,0.15606,0.15635,0.1534,0.15528,20636968
1728518400000,0.1553,0.15701,0.15395,0.15637,14655327
1728532800000,0.15634,0.1587,0.15565,0.15608,13922606
1728547200000,0.1561,0.15682,0.15324,0.15636,16126661
1728561600000,0.15637,0.15684,0.15127,0.15327,33741280
1728576000000,0.15327,0.15445,0.14847,0.15187,33437690
1728590400000,0.15189,0.15432,0.15132,0.15409,13928226
1728604800000,0.15415,0.15569,0.15311,0.15509,9997867
1728619200000,0.1551,0.15677,0.15367,0.15601,13195227
1728633600000,0.15602,0.15899,0.15597,0.15831,12743927
1728648000000,0.15831,0.16204,0.15772,0.16122,32826151
1728662400000,0.16122,0.16431,0.16017,0.16272,24476439
1728676800000,0.16272,0.16411,0.16174,0.16265,15003386
1728691200000,0.16266,0.16403,0.16061,0.16153,13709023
1728705600000,0.16155,0.1647,0.16155,0.16444,23345253
1728720000000,0.16444,0.16629,0.16348,0.16459,20881435
1728734400000,0.1646,0.169,0.16357,0.16694,24132924
1728748800000,0.16692,0.16834,0.16496,0.16541,14385481
1728763200000,0.1654,0.16747,0.16536,0.16636,10589463
1728777600000,0.16637,0.1669,0.16219,0.16249,19313794
1728792000000,0.1625,0.16539,0.1625,0.1636,12903521
1728806400000,0.16357,0.16442,0.16065,0.16081,14973746
1728820800000,0.16083,0.16268,0.15797,0.15869,22060807
1728835200000,0.1587,0.16127,0.15807,0.16059,15439116
1728849600000,0.16061,0.16772,0.16022,0.16582,26689267
1728864000000,0.16581,0.17476,0.1628,0.1746,40043867
1728878400000,0.17461,0.17833,0.1724,0.17635,68655638
1728892800000,0.17632,0.1784,0.17493,0.17561,40879008
1728907200000,0.17565,0.1777,0.17389,0.17654,38533302
1728921600000,0.17648,0.17783,0.17411,0.17676,28936278
1728936000000,0.17676,0.17892,0.17523,0.17765,23008003
1728950400000,0.17765,0.17969,0.17473,0.17526,37889868
1728964800000,0.17527,0.17868,0.17417,0.17739,28173123
1728979200000,0.17739,0.178,0.17089,0.17177,36223136
1728993600000,0.17177,0.1798,0.16788,0.17207,83441893
1729008000000,0.1721,0.17619,0.1709,0.17175,32158481
1729022400000,0.17174,0.17381,0.16898,0.17371,19545630
1729036800000,0.17371,0.17461,0.17092,0.17278,18244535
1729051200000,0.17277,0.17395,0.16989,0.17025,22660502
1729065600000,0.17024,0.17543,0.16974,0.1735,29607891
1729080000000,0.17354,0.1744,0.16891,0.17003,34089881
1729094400000,0.17,0.17088,0.16808,0.16866,20872904
1729108800000,0.16865,0.16973,0.16731,0.16758,18472193
1729123200000,0.16758,0.16995,0.16701,0.16842,21519654
1729137600000,0.1684,0.16877,0.16437,0.16596,19859198
1729152000000,0.16595,0.16686,0.16292,0.16325,21095568
1729166400000,0.16325,0.16704,0.1629,0.16572,30301470
1729180800000,0.16574,0.16577,0.16164,0.1635,22147386
1729195200000,0.16351,0.1646,0.16313,0.16391,12983127
1729209600000,0.16391,0.16629,0.16244,0.16448,23354638
1729224000000,0.16447,0.16642,0.16441,0.16565,15079661
1729238400000,0.16563,0.1664,0.16423,0.16431,20247997
1729252800000,0.16431,0.1667,0.1626,0.16642,31201553
1729267200000,0.16646,0.1688,0.16504,0.16739,21937784
1729281600000,0.16738,0.16916,0.16651,0.16913,11910813
1729296000000,0.16913,0.17222,0.1687,0.1704,15926645
1729310400000,0.17042,0.17147,0.16916,0.16961,12348492
1729324800000,0.16963,0.17029,0.16655,0.16664,18932210
1729339200000,0.16662,0.16891,0.1666,0.16779,9421566
1729353600000,0.16779,0.16789,0.16555,0.16587,15619230
1729368000000,0.16586,0.16743,0.16574,0.16698,9827610
1729382400000,0.167,0.16784,0.16443,0.16545,11934405
1729396800000,0.16543,0.16719,0.16506,0.16656,11850728
1729411200000,0.16655,0.17114,0.16645,0.17104,20606860
1729425600000,0.17105,0.17626,0.16924,0.17579,62359870
1729440000000,0.17581,0.1769,0.17379,0.17416,23023598
1729454400000,0.17416,0.17957,0.17409,0.17914,31665088
1729468800000,0.17915,0.18004,0.17515,0.17586,25811131
1729483200000,0.17583,0.17722,0.17438,0.17461,17482664
1729497600000,0.17459,0.17582,0.17116,0.1726,36422647
1729512000000,0.17259,0.17356,0.16861,0.17053,37363446
1729526400000,0.17056,0.17156,0.16818,0.17073,22878561
1729540800000,0.17074,0.17186,0.16926,0.16932,12262969
1729555200000,0.16929,0.17228,0.16669,0.1711,27884687
1729569600000,0.17107,0.17287,0.17007,0.17021,14775503
1729584000000,0.17023,0.17023,0.16592,0.16821,29122030
1729598400000,0.1682,0.16903,0.16527,0.16782,30119339
1729612800000,0.16781,0.16789,0.16569,0.16697,17780837
1729627200000,0.16695,0.16852,0.16646,0.16742,12536658
1729641600000,0.16742,0.16786,0.16451,0.16541,16849339
1729656000000,0.16542,0.16582,0.16337,0.16371,15846305
1729670400000,0.16371,0.16498,0.16089,0.16118,25940880
1729684800000,0.1612,0.16261,0.1587,0.16054,30840423
1729699200000,0.16055,0.16067,0.15622,0.16003,32721884
1729713600000,0.16004,0.16127,0.15951,0.16095,14350673
1729728000000,0.16094,0.16412,0.16001,0.16315,17252520
1729742400000,0.16315,0.16468,0.16174,0.16195,14643295
1729756800000,0.16191,0.16274,0.15919,0.16258,18847504
1729771200000,0.1626,0.16379,0.16172,0.16278,17685469
1729785600000,0.16278,0.16403,0.16199,0.16368,12572036
1729800000000,0.16368,0.16517,0.16274,0.16383,15938790
1729814400000,0.16383,0.16461,0.16141,0.16188,10409364
1729828800000,0.16187,0.16218,0.15826,0.15972,19466472
1729843200000,0.15972,0.16271,0.1586,0.16247,14358840
1729857600000,0.16247,0.16425,0.16046,0.16137,23445704
1729872000000,0.16134,0.1625,0.15578,0.15872,43277270
1729886400000,0.1587,0.16066,0.14473,0.15178,65390037
1729900800000,0.15181,0.15386,0.14956,0.15345,27476954
1729915200000,0.15349,0.15407,0.15273,0.15304,12900233
1729929600000,0.15303,0.15416,0.15221,0.15288,10693007
1729944000000,0.15287,0.15292,0.14778,0.14883,21073524
1729958400000,0.14888,0.15148,0.14829,0.15122,10416520
1729972800000,0.15126,0.15315,0.15104,0.15193,8662747
1729987200000,0.15195,0.15231,0.15032,0.15218,10959573
1730001600000,0.15221,0.15255,0.1512,0.15138,5692574
1730016000000,0.15137,0.15255,0.15043,0.15182,14583867
1730030400000,0.15181,0.15475,0.15178,0.15449,14013570
1730044800000,0.15449,0.15543,0.15345,0.15411,9707264
1730059200000,0.15412,0.15665,0.15377,0.15519,10876898
1730073600000,0.15518,0.15559,0.15044,0.15079,13316952
1730088000000,0.15078,0.15489,0.14945,0.15389,15244934
1730102400000,0.15398,0.15487,0.15261,0.15324,10882218
1730116800000,0.15323,0.15377,0.14933,0.14933,21859934
1730131200000,0.14934,0.15267,0.14788,0.15126,25924272
1730145600000,0.15198,0.15736,0.15192,0.15615,18172077
1730160000000,0.15616,0.1595,0.1551,0.15896,21641910
1730174400000,0.15896,0.15946,0.15657,0.1572,10725120
1730188800000,0.15717,0.16078,0.15717,0.15959,41436366
1730203200000,0.15959,0.16027,0.15691,0.15871,34418049
1730217600000,0.15868,0.16139,0.15779,0.15821,34585680
1730232000000,0.15824,0.16069,0.15666,0.16048,17023691
1730246400000,0.16049,0.16065,0.15788,0.15996,14168444
1730260800000,0.15994,0.16114,0.15856,0.15881,11797916
1730275200000,0.15883,0.15979,0.15614,0.15631,17785584
1730289600000,0.15633,0.16007,0.1555,0.15705,31045294
1730304000000,0.15705,0.15849,0.1564,0.15707,12808070
1730318400000,0.15705,0.15932,0.1561,0.15705,19972660
1730332800000,0.15703,0.15763,0.15438,0.15508,18708504
1730347200000,0.15509,0.15511,0.15258,0.15376,14005245
1730361600000,0.15377,0.15417,0.15201,0.15288,13873776
1730376000000,0.15288,0.15312,0.14875,0.14936,41184652
1730390400000,0.14932,0.14975,0.14613,0.14626,27888244
1730404800000,0.14619,0.14802,0.14567,0.14712,19231741
1730419200000,0.14715,0.14766,0.14335,0.14618,23180865
1730433600000,0.1462,0.14735,0.14344,0.14442,15952198
1730448000000,0.14446,0.14851,0.14421,0.14812,18817978
1730462400000,0.14812,0.15263,0.14502,0.14658,38027362
1730476800000,0.14656,0.14986,0.1462,0.14719,25559267
1730491200000,0.1472,0.14793,0.1431,0.14511,18658768
1730505600000,0.14514,0.14683,0.14502,0.14517,7956004
1730520000000,0.14518,0.1462,0.1442,0.14609,11575406
1730534400000,0.14607,0.14633,0.14417,0.14457,9552246
1730548800000,0.14454,0.14481,0.14124,0.14278,22603058
1730563200000,0.14283,0.14405,0.1414,0.14273,11530089
1730577600000,0.14275,0.14376,0.14184,0.14314,6792549
1730592000000,0.14315,0.14405,0.13758,0.13938,30941372
1730606400000,0.1394,0.14187,0.13937,0.14018,11145507
1730620800000,0.14021,0.14024,0.13651,0.13671,17856977
1730635200000,0.13674,0.13747,0.13164,0.13476,39330667
1730649600000,0.13475,0.13617,0.13149,0.13502,27196730
1730664000000,0.13496,0.13778,0.13437,0.13639,18652394
1730678400000,0.1364,0.1397,0.13448,0.13766,21055412
1730692800000,0.13768,0.13848,0.13488,0.13516,13424353
1730707200000,0.13515,0.13705,0.13463,0.13616,18349921
1730721600000,0.13617,0.13743,0.13345,0.13387,22093260
1730736000000,0.13387,0.13389,0.13113,0.13178,25210344
1730750400000,0.1318,0.13232,0.12843,0.13086,30345994
1730764800000,0.13089,0.13299,0.13051,0.13285,19140300
1730779200000,0.13284,0.13498,0.13279,0.13483,13013653
1730793600000,0.13484,0.13601,0.13408,0.13575,14328997
1730808000000,0.13577,0.1413,0.13489,0.13788,45537954
1730822400000,0.1379,0.14082,0.13662,0.13731,30641675
1730836800000,0.1373,0.13968,0.13663,0.13863,23289153
1730851200000,0.13864,0.14979,0.13863,0.14855,71519202
1730865600000,0.14855,0.15131,0.14716,0.14896,55077968
1730880000000,0.149,0.15056,0.1456,0.14998,42227404
1730894400000,0.15,0.1508,0.14776,0.1494,33154147
1730908800000,0.14945,0.15144,0.14896,0.15125,24497247
1730923200000,0.15124,0.15494,0.15076,0.15408,26464049
1730937600000,0.15411,0.15903,0.15274,0.15744,34085093
1730952000000,0.15746,0.15769,0.15316,0.15433,25553066
1730966400000,0.15433,0.15575,0.15252,0.15271,16525336
1730980800000,0.15266,0.15704,0.15158,0.15698,23753876
1730995200000,0.15696,0.1578,0.15512,0.15711,24170525
1731009600000,0.15709,0.16015,0.15521,0.157,38347668
1731024000000,0.15701,0.15993,0.15416,0.15539,35530836
1731038400000,0.1554,0.15698,0.15382,0.15552,19199116
1731052800000,0.15552,0.1562,0.15301,0.15488,24626704
1731067200000,0.15489,0.15787,0.15444,0.15621,35346584
1731081600000,0.15621,0.158,0.15236,0.1572,40325231
1731096000000,0.15719,0.16383,0.15486,0.1635,36690986
1731110400000,0.1635,0.16386,0.1579,0.15804,34238070
1731124800000,0.15803,0.16633,0.15803,0.16574,34383109
1731139200000,0.16573,0.17101,0.16485,0.16914,43553137
1731153600000,0.16915,0.16944,0.16368,0.16553,41216924
1731168000000,0.16552,0.16626,0.1622,0.16499,31144805
1731182400000,0.165,0.17291,0.16425,0.17135,30400972
1731196800000,0.17133,0.17365,0.17002,0.17283,32540965
1731211200000,0.17282,0.17701,0.17223,0.17674,33435266
1731225600000,0.17674,0.17999,0.1761,0.17881,32273266
1731240000000,0.17885,0.1843,0.17517,0.18322,57988347
1731254400000,0.18328,0.1854,0.17644,0.17838,52683253
1731268800000,0.17833,0.17954,0.16825,0.1785,71648300
1731283200000,0.17851,0.18971,0.17764,0.18662,52940979
1731297600000,0.1866,0.18925,0.17736,0.18166,67062724
1731312000000,0.18167,0.18681,0.18088,0.18604,40841510
1731326400000,0.18607,0.18634,0.17971,0.18418,54550361
1731340800000,0.18416,0.19027,0.18334,0.18683,54770130
1731355200000,0.18685,0.20034,0.18536,0.19987,70456970
1731369600000,0.19986,0.20782,0.1903,0.20675,102378264
1731384000000,0.20672,0.20796,0.1985,0.20465,62793280
1731398400000,0.20471,0.21098,0.18501,0.19414,156393771
1731412800000,0.19412,0.19537,0.18545,0.1868,97644976
1731427200000,0.18678,0.19172,0.18214,0.18967,60388301
1731441600000,0.1897,0.19545,0.18715,0.19125,41941863
1731456000000,0.19127,0.19518,0.18176,0.18199,58506286
1731470400000,0.18198,0.18448,0.17329,0.17738,63867576
1731484800000,0.17738,0.17961,0.17397,0.17799,31866029
1731499200000,0.17797,0.19057,0.17591,0.19051,83591408
1731513600000,0.19051,0.19307,0.17818,0.17861,86906617
1731528000000,0.17859,0.18106,0.17478,0.18071,56696751
1731542400000,0.18071,0.18143,0.17592,0.17954,33099086
1731556800000,0.17954,0.18803,0.17867,0.18457,32783323
1731571200000,0.18452,0.18619,0.17623,0.17891,43232294
1731585600000,0.1789,0.17994,0.17062,0.17235,57285159
1731600000000,0.17232,0.17837,0.17083,0.17591,34332247
1731614400000,0.1759,0.17769,0.16977,0.17226,49092922
1731628800000,0.17225,0.17461,0.16913,0.17239,31900616
1731643200000,0.17241,0.1732,0.16674,0.17076,30219772
1731657600000,0.17077,0.17709,0.16877,0.17701,24658053
1731672000000,0.17701,0.17853,0.16965,0.17103,45351929
1731686400000,0.17104,0.17903,0.16987,0.17751,31474299
1731700800000,0.17754,0.18503,0.1775,0.18455,34036272
1731715200000,0.18456,0.19598,0.18415,0.19504,35711536
1731729600000,0.19501,0.19534,0.18901,0.19375,31653784
1731744000000,0.19375,0.206,0.1937,0.20175,100867873
1731758400000,0.20174,0.20567,0.19653,0.19942,68621179
1731772800000,0.19939,0.20973,0.19723,0.20825,54919251
1731787200000,0.20824,0.21,0.20461,0.20961,42245718
1731801600000,0.20959,0.20971,0.19309,0.20072,68277600
1731816000000,0.2007,0.20376,0.19868,0.20125,30914795
1731830400000,0.20124,0.20405,0.1974,0.19758,32751946
1731844800000,0.19754,0.20185,0.19743,0.19838,30903824
1731859200000,0.1984,0.19963,0.1917,0.19379,27854464
1731873600000,0.19379,0.19472,0.18801,0.19237,29828105
1731888000000,0.1924,0.20256,0.1901,0.20211,32949204
1731902400000,0.20212,0.20445,0.19729,0.20431,28042086
1731916800000,0.20431,0.20901,0.20082,0.20286,58923100
1731931200000,0.20286,0.21831,0.2016,0.21703,102191685
1731945600000,0.21706,0.22333,0.20873,0.21303,82293591
1731960000000,0.21304,0.22011,0.21188,0.21872,43996539
1731974400000,0.21869,0.22254,0.21467,0.21502,33204549
1731988800000,0.21503,0.21582,0.21205,0.21333,24908439
1732003200000,0.2133,0.22813,0.2088,0.22427,94104143
1732017600000,0.22426,0.24563,0.22273,0.23646,292175570
1732032000000,0.23647,0.24771,0.23379,0.23718,190312196
1732046400000,0.23719,0.24045,0.22614,0.23341,91881850
1732060800000,0.2334,0.23372,0.21794,0.22311,61715191
1732075200000,0.2231,0.22321,0.21894,0.22245,56368930
1732089600000,0.22243,0.23625,0.22202,0.22824,114788230
1732104000000,0.22821,0.24071,0.22462,0.23522,110056056
1732118400000,0.23522,0.23956,0.22038,0.22244,102565441
1732132800000,0.22245,0.22816,0.21961,0.22087,56569872
1732147200000,0.22086,0.22376,0.21099,0.21424,61994145
1732161600000,0.21429,0.22196,0.21302,0.21688,56972546
1732176000000,0.21692,0.21754,0.20976,0.21414,39820237
1732190400000,0.21412,0.22794,0.21338,0.21629,103677157
1732204800000,0.21631,0.22612,0.21594,0.21943,75093146
1732219200000,0.21939,0.22217,0.2182,0.22186,38696832
1732233600000,0.22187,0.22283,0.21494,0.22142,45507401
1732248000000,0.22144,0.225,0.21833,0.21889,41105384
1732262400000,0.21888,0.2226,0.21557,0.21977,31415062
1732276800000,0.21973,0.22263,0.21083,0.21735,72481086
1732291200000,0.21733,0.22526,0.21386,0.22144,60484290
1732305600000,0.22139,0.24041,0.22078,0.23771,82894479
1732320000000,0.2377,0.2454,0.23373,0.23925,75216188
1732334400000,0.23924,0.24738,0.23599,0.24665,52693601
1732348800000,0.24663,0.25774,0.24491,0.25169,72015778
1732363200000,0.25167,0.25575,0.24599,0.25302,61182562
1732377600000,0.25305,0.25534,0.23796,0.24044,106323976
1732392000000,0.2404,0.24323,0.2318,0.23969,58414630
1732406400000,0.23969,0.25758,0.2378,0.25664,59892504
1732420800000,0.25667,0.26393,0.25001,0.26267,74850391
1732435200000,0.26263,0.26466,0.24143,0.24148,78052989
1732449600000,0.24147,0.24524,0.22896,0.22914,123174815
1732464000000,0.22918,0.23972,0.22793,0.23692,57924343
1732478400000,0.2369,0.26181,0.23593,0.26006,66141911
1732492800000,0.26011,0.27018,0.25234,0.25623,115760414
1732507200000,0.25626,0.25994,0.25248,0.25563,52389720
1732521600000,0.25555,0.26737,0.25393,0.25927,58154141
1732536000000,0.25928,0.26351,0.24386,0.25574,79715019
1732550400000,0.25575,0.25741,0.24532,0.25015,52312393
1732564800000,0.25018,0.25435,0.23965,0.24416,53714817
1732579200000,0.2441,0.25264,0.24176,0.24957,37576950
1732593600000,0.24955,0.25598,0.24369,0.24564,28963846
1732608000000,0.24559,0.24577,0.22852,0.23426,80310572
1732622400000,0.23422,0.23967,0.22953,0.23322,60168027
1732636800000,0.23323,0.24093,0.23022,0.23418,60945761
1732651200000,0.23422,0.24329,0.23294,0.24265,34334318
1732665600000,0.2427,0.24411,0.23581,0.23996,33494307
1732680000000,0.23994,0.24658,0.23817,0.24559,31149432
1732694400000,0.24556,0.24946,0.24039,0.24555,34934990
1732708800000,0.24555,0.254,0.2416,0.25177,43770624
1732723200000,0.25183,0.26048,0.25076,0.25764,41991724
1732737600000,0.25768,0.26161,0.25436,0.25708,38365240
1732752000000,0.25706,0.25911,0.24938,0.25171,29654908
1732766400000,0.25169,0.25805,0.25061,0.25153,21902591
1732780800000,0.25155,0.2534,0.24718,0.25076,28992513
1732795200000,0.25077,0.25499,0.24639,0.24727,40225377
1732809600000,0.24724,0.27314,0.24724,0.27142,104956596
1732824000000,0.27141,0.2795,0.26482,0.27472,67319901
1732838400000,0.2747,0.27496,0.26589,0.26601,36768444
1732852800000,0.26601,0.26833,0.26154,0.26164,27135421
1732867200000,0.26163,0.26956,0.26158,0.26915,27370564
1732881600000,0.26919,0.27639,0.26847,0.27211,53262029
1732896000000,0.27212,0.27863,0.27156,0.2781,35399243
1732910400000,0.27813,0.29373,0.27745,0.28707,51649269
1732924800000,0.28706,0.28863,0.27858,0.27992,37554630
1732939200000,0.27991,0.28529,0.27936,0.28327,32953689
1732953600000,0.28336,0.28986,0.27746,0.28246,44531895
1732968000000,0.28247,0.29471,0.28125,0.29316,55602502
1732982400000,0.29317,0.29591,0.29006,0.29436,44649447
1732996800000,0.29434,0.2965,0.2865,0.28983,31632649
1733011200000,0.28979,0.29019,0.27728,0.28328,47059811
1733025600000,0.2833,0.29307,0.28206,0.2867,35194750
1733040000000,0.28671,0.29556,0.28521,0.29236,33931523
1733054400000,0.29236,0.29508,0.28876,0.29137,29497859
1733068800000,0.29134,0.2921,0.2845,0.28758,28428889
1733083200000,0.28759,0.29165,0.2827,0.28893,34189429
1733097600000,0.28891,0.29306,0.28065,0.28164,46649359
1733112000000,0.28161,0.29719,0.27736,0.28957,73083554
1733126400000,0.28957,0.29067,0.2701,0.27213,92824883
1733140800000,0.2721,0.28818,0.27119,0.28582,66726915
1733155200000,0.28581,0.28611,0.27127,0.28044,64713870
1733169600000,0.28047,0.30042,0.2796,0.29849,65206367
1733184000000,0.2985,0.30888,0.29611,0.30642,70713587
1733198400000,0.30641,0.31614,0.29838,0.30331,76417714
1733212800000,0.30333,0.31339,0.30166,0.30556,57801529
1733227200000,0.30557,0.30769,0.27485,0.29083,146867483
1733241600000,0.29081,0.29699,0.28297,0.2941,68201804
1733256000000,0.29411,0.32888,0.29341,0.31851,122764474
1733270400000,0.31859,0.32327,0.30846,0.31919,66165423
1733284800000,0.31917,0.32453,0.31724,0.31965,34569642
1733299200000,0.31964,0.33076,0.31872,0.32861,37984024
1733313600000,0.32863,0.33565,0.32001,0.32993,68117708
1733328000000,0.33,0.33165,0.31244,0.32942,76912298
1733342400000,0.32946,0.33433,0.31779,0.32262,57574264
1733356800000,0.32266,0.32947,0.30627,0.32067,91722765
1733371200000,0.32074,0.32786,0.31713,0.32705,44620252
1733385600000,0.32701,0.32827,0.32175,0.32765,38041110
1733400000000,0.32771,0.33373,0.325,0.33321,57837973
1733414400000,0.33318,0.349,0.33207,0.33677,86667216
1733428800000,0.33681,0.34398,0.32314,0.327,87082108
1733443200000,0.32699,0.34725,0.32245,0.3373,63984581
1733457600000,0.3373,0.34549,0.33635,0.3402,36579460
1733472000000,0.34025,0.34351,0.32707,0.33246,43525557
1733486400000,0.33242,0.33822,0.31927,0.33207,58200568
1733500800000,0.33204,0.34687,0.32923,0.34057,56404174
1733515200000,0.3406,0.34648,0.33566,0.33718,36141578
1733529600000,0.3372,0.34124,0.32956,0.3304,27837703
1733544000000,0.33042,0.33402,0.32734,0.3288,18541675
1733558400000,0.32878,0.3344,0.32632,0.33314,26745792
1733572800000,0.33314,0.3347,0.32819,0.33044,23981038
1733587200000,0.33043,0.33112,0.32311,0.32586,24602393
1733601600000,0.32589,0.32936,0.32421,0.32631,16719811
1733616000000,0.32631,0.32869,0.32325,0.32382,18041275
1733630400000,0.32386,0.3258,0.31657,0.32472,27213581
1733644800000,0.32474,0.3253,0.31534,0.32102,24208088
1733659200000,0.32093,0.32379,0.31665,0.32117,20234459
1733673600000,0.32117,0.32265,0.31673,0.32062,17232723
1733688000000,0.32067,0.32442,0.31403,0.32338,27627687
1733702400000,0.32338,0.32385,0.30322,0.30689,43687459
1733716800000,0.30697,0.31059,0.29775,0.30186,41165286
1733731200000,0.30186,0.30194,0.28609,0.28716,61147346
1733745600000,0.28717,0.3015,0.28422,0.29228,61179582
1733760000000,0.29236,0.29423,0.28782,0.2881,26085768
1733774400000,0.28803,0.28874,0.22,0.26553,236973905
1733788800000,0.26554,0.27279,0.24931,0.25973,92179471
1733803200000,0.25976,0.26981,0.25343,0.26807,43875332
1733817600000,0.26808,0.27485,0.2635,0.26956,35842887
1733832000000,0.26966,0.27055,0.24797,0.24817,83181955
1733846400000,0.24831,0.25484,0.23859,0.25448,96172270
1733860800000,0.25446,0.2669,0.25178,0.26256,41314121
1733875200000,0.26255,0.26404,0.24985,0.2593,46635797
1733889600000,0.25931,0.2615,0.2535,0.25387,18142090
1733904000000,0.25389,0.26949,0.25362,0.26733,33329705
1733918400000,0.26736,0.28715,0.26706,0.28549,62880125
1733932800000,0.28549,0.28791,0.27714,0.28246,37413893
1733947200000,0.28249,0.28469,0.27917,0.28183,20934197
1733961600000,0.28183,0.297,0.28085,0.29311,43200407
1733976000000,0.29308,0.29996,0.29139,0.29379,24339666
1733990400000,0.29372,0.29917,0.28484,0.28747,29357687
1734004800000,0.28748,0.29768,0.28748,0.29096,56929548
1734019200000,0.29096,0.29553,0.28201,0.28296,41541994
1734033600000,0.28301,0.28802,0.28133,0.2851,32210157
1734048000000,0.28512,0.28985,0.27742,0.28445,28679603
1734062400000,0.28447,0.28561,0.27448,0.27854,26658783
1734076800000,0.27855,0.28445,0.27641,0.28035,19921717
1734091200000,0.28033,0.28752,0.27681,0.278,35874549
1734105600000,0.27793,0.2846,0.27737,0.28257,28045586
1734120000000,0.28263,0.28693,0.28005,0.2862,17328444
1734134400000,0.28622,0.29005,0.28326,0.28383,18746451
1734148800000,0.28385,0.28708,0.2819,0.28268,12596851
1734163200000,0.28265,0.28592,0.27739,0.27828,19602577
1734177600000,0.27827,0.27897,0.26814,0.27192,36909293
1734192000000,0.27188,0.27309,0.26552,0.26902,25414135
1734206400000,0.26902,0.27434,0.26623,0.27241,17508710
1734220800000,0.27242,0.27541,0.26878,0.26996,17302452
1734235200000,0.26999,0.27532,0.26501,0.26753,18106694
1734249600000,0.26753,0.27454,0.26734,0.27272,16041596
1734264000000,0.27272,0.28854,0.27196,0.28448,38601337
1734278400000,0.28448,0.28597,0.2787,0.28121,18978542
1734292800000,0.28125,0.28825,0.27217,0.287,32420167
1734307200000,0.28703,0.29264,0.27917,0.281,30993927
1734321600000,0.28097,0.28403,0.27802,0.2814,18042548
1734336000000,0.28132,0.28206,0.26823,0.2691,27508805
1734350400000,0.26909,0.27757,0.26751,0.27518,28358773
1734364800000,0.2752,0.28496,0.27514,0.28055,30179543
1734379200000,0.28056,0.2833,0.27409,0.27512,21151301
1734393600000,0.27513,0.27596,0.27034,0.27445,23104905
1734408000000,0.2744,0.27449,0.26763,0.26853,16934932
1734422400000,0.26851,0.27728,0.26843,0.27477,26033664
1734436800000,0.2747,0.27734,0.26334,0.26556,44782849
1734451200000,0.26551,0.27063,0.26223,0.26638,31652628
1734465600000,0.26636,0.26848,0.25767,0.26003,33167047
1734480000000,0.26006,0.26075,0.2544,0.25453,27558933
1734494400000,0.25452,0.25502,0.24963,0.25178,26995848
1734508800000,0.25179,0.25579,0.24911,0.25511,19580809
1734523200000,0.25508,0.25568,0.24598,0.24882,41621914
1734537600000,0.24888,0.25683,0.2455,0.2456,35870923
1734552000000,0.24565,0.24785,0.22749,0.23363,127123562
1734566400000,0.23366,0.23545,0.21849,0.2346,84264353
1734580800000,0.23464,0.23563,0.23108,0.23435,24405714
1734595200000,0.23433,0.23765,0.23023,0.23406,24983886
1734609600000,0.23406,0.23443,0.22121,0.225,51471322
1734624000000,0.22496,0.22754,0.20556,0.21013,129270528
1734638400000,0.21016,0.2167,0.2031,0.21048,68147135
1734652800000,0.21049,0.2198,0.20671,0.21488,48630370
1734667200000,0.21476,0.216,0.20514,0.21032,34165810
1734681600000,0.21029,0.21074,0.18378,0.18382,128054599
1734696000000,0.18385,0.20975,0.18373,0.20802,92830142
1734710400000,0.20801,0.22015,0.20611,0.21818,44696189
1734724800000,0.21817,0.21972,0.21164,0.21787,28509538
1734739200000,0.21786,0.22107,0.21566,0.21708,19435617
1734753600000,0.21707,0.2328,0.21684,0.22984,29667556
1734768000000,0.22986,0.23054,0.22047,0.22261,25307098
1734782400000,0.22262,0.2228,0.20714,0.21158,57437412
1734796800000,0.21159,0.21181,0.20225,0.20518,45595629
1734811200000,0.20514,0.20829,0.20178,0.20473,34789599
1734825600000,0.20474,0.20776,0.2012,0.20598,24527549
1734840000000,0.20595,0.20647,0.19961,0.20562,24038470
1734854400000,0.20563,0.21335,0.20544,0.21107,29462726
1734868800000,0.21106,0.21424,0.20424,0.2062,35850961
1734883200000,0.20624,0.21013,0.20117,0.20188,23678359
1734897600000,0.20191,0.20881,0.19981,0.20551,29046662
1734912000000,0.20556,0.21398,0.19961,0.2134,36813297
1734926400000,0.21343,0.21403,0.20372,0.20678,26122316
1734940800000,0.20675,0.21207,0.20622,0.20889,19856481
1734955200000,0.20884,0.21155,0.20235,0.20276,25410507
1734969600000,0.20278,0.21098,0.20248,0.20902,28217528
1734984000000,0.20907,0.2288,0.20887,0.2232,53590968
1734998400000,0.22325,0.22358,0.216,0.21963,21213346
1735012800000,0.21971,0.22174,0.21669,0.21914,18323010
1735027200000,0.21915,0.22472,0.21817,0.22446,22934769
1735041600000,0.22443,0.2341,0.22117,0.23296,37536604
1735056000000,0.23296,0.23436,0.22589,0.22589,25490989
1735070400000,0.22589,0.23048,0.2232,0.22966,21102723
1735084800000,0.22961,0.23006,0.22545,0.22746,17762667
1735099200000,0.22748,0.22867,0.22483,0.22541,16201514
1735113600000,0.22537,0.23089,0.22252,0.22317,22916465
1735128000000,0.22323,0.22566,0.22136,0.22234,20716659
1735142400000,0.22224,0.22467,0.21927,0.22409,15767512
1735156800000,0.22414,0.2253,0.21965,0.22305,14172459
1735171200000,0.22309,0.2257,0.21717,0.21812,18770305
1735185600000,0.2181,0.2181,0.21287,0.21401,21799651
1735200000000,0.214,0.21429,0.20793,0.21112,27474100
1735214400000,0.21112,0.21129,0.20723,0.20798,21114304
1735228800000,0.20798,0.2104,0.20523,0.20888,16277223
1735243200000,0.20886,0.20931,0.20529,0.20755,14730332
1735257600000,0.20753,0.21187,0.20576,0.21048,17412869
1735272000000,0.21049,0.21197,0.20466,0.20682,21082203
1735286400000,0.20682,0.21825,0.20675,0.21599,29044608
1735300800000,0.21598,0.21678,0.20552,0.20682,21216876
1735315200000,0.20682,0.212,0.20453,0.21078,22284775
1735329600000,0.21078,0.2111,0.20533,0.2072,12046654
1735344000000,0.20723,0.20881,0.20561,0.20814,10208106
1735358400000,0.20814,0.20853,0.20494,0.20526,8950531
1735372800000,0.20522,0.20767,0.20453,0.20652,10627136
1735387200000,0.20652,0.21451,0.20435,0.20965,27691655
1735401600000,0.20965,0.21564,0.20858,0.21346,19226853
1735416000000,0.21349,0.2175,0.21198,0.21573,15717836
1735430400000,0.21575,0.21849,0.21224,0.21849,16156297
1735444800000,0.21851,0.21915,0.2137,0.21731,10032002
1735459200000,0.2173,0.21771,0.21251,0.21254,8777171
1735473600000,0.21256,0.21547,0.20987,0.21114,14612857
1735488000000,0.21115,0.21119,0.20649,0.20723,15968449
1735502400000,0.20723,0.20812,0.20355,0.2067,19049799
1735516800000,0.2067,0.21573,0.20541,0.21141,20896816
1735531200000,0.2114,0.21371,0.20906,0.21028,14042817
1735545600000,0.21027,0.2123,0.20625,0.2087,13401572
1735560000000,0.20866,0.2106,0.19871,0.20023,33272731
1735574400000,0.20022,0.20932,0.1983,0.20916,23646819
1735588800000,0.20919,0.21172,0.20162,0.20378,23148986
1735603200000,0.20379,0.2039,0.19835,0.19858,13536054
1735617600000,0.19858,0.20024,0.19772,0.1999,16050114
1735632000000,0.19992,0.2064,0.19963,0.20442,18506927
1735646400000,0.20439,0.21076,0.20336,0.20812,21946437
1735660800000,0.20814,0.20902,0.20154,0.20301,17277274
1735675200000,0.20297,0.20371,0.1985,0.19955,15606870
1735689600000,0.19955,0.20405,0.19916,0.19997,24368832
1735704000000,0.19995,0.20003,0.19809,0.19918,9794223
1735718400000,0.19916,0.20038,0.19542,0.19889,15942263
1735732800000,0.19889,0.20355,0.1985,0.2035,16342769
1735747200000,0.20351,0.20993,0.20117,0.20891,25522282
1735761600000,0.20891,0.21115,0.20824,0.20843,14809345
1735776000000,0.20844,0.21409,0.20817,0.21363,17132596
1735790400000,0.21364,0.21697,0.21314,0.21592,14689532
1735804800000,0.21592,0.22421,0.21504,0.22276,27875875
1735819200000,0.22279,0.22626,0.21921,0.22133,26835616
1735833600000,0.2214,0.22368,0.21856,0.22102,17833307
1735848000000,0.22106,0.22259,0.2175,0.21979,9655213
1735862400000,0.21979,0.22213,0.21697,0.22137,14719593
1735876800000,0.22134,0.22134,0.21592,0.21627,11252960
1735891200000,0.2163,0.22889,0.21576,0.22828,25887970
1735905600000,0.22829,0.24107,0.22784,0.23979,53894368
1735920000000,0.23984,0.24396,0.23846,0.24227,30421741
1735934400000,0.24223,0.24248,0.23948,0.2418,19361233
1735948800000,0.24179,0.2442,0.23771,0.24354,18308166
1735963200000,0.24348,0.24453,0.2394,0.24333,16214337
1735977600000,0.24332,0.24375,0.23698,0.24049,20518781
1735992000000,0.24046,0.24625,0.23769,0.23916,30122020
1736006400000,0.23916,0.24243,0.23881,0.2413,15585024
1736020800000,0.2413,0.24268,0.23979,0.24042,10521872
1736035200000,0.24042,0.24104,0.2377,0.23893,8654766
1736049600000,0.23899,0.24195,0.23879,0.24031,8542015
1736064000000,0.24037,0.24076,0.23424,0.23649,19053990
1736078400000,0.2365,0.23849,0.23167,0.23737,27179212
1736092800000,0.23737,0.24159,0.23615,0.24099,18176783
1736107200000,0.24107,0.2463,0.23913,0.24298,22074224
1736121600000,0.24302,0.24657,0.23672,0.24417,20779535
1736136000000,0.24419,0.24704,0.24068,0.24276,15298897
1736150400000,0.24272,0.24385,0.23877,0.24252,16576133
1736164800000,0.24257,0.25145,0.23929,0.25094,32740892
1736179200000,0.25095,0.25534,0.24557,0.24794,30938222
1736193600000,0.24795,0.25008,0.24411,0.24784,18815549
1736208000000,0.24786,0.2492,0.24224,0.24608,14079814
1736222400000,0.24608,0.24723,0.24219,0.24463,13867357
1736236800000,0.24461,0.2481,0.23904,0.24071,17666870
1736251200000,0.24075,0.24647,0.22796,0.23128,81829352
1736265600000,0.2313,0.23303,0.22223,0.22323,39898798
1736280000000,0.22323,0.22622,0.22042,0.22061,26050044
1736294400000,0.22062,0.223,0.21449,0.2164,29409387
1736308800000,0.21635,0.21679,0.20727,0.21196,37826076
1736323200000,0.21195,0.21574,0.20866,0.21022,22946418
1736337600000,0.21026,0.21366,0.20795,0.21108,34539844
1736352000000,0.21108,0.21173,0.19723,0.20638,80920971
1736366400000,0.20636,0.21249,0.20465,0.21133,23597069
1736380800000,0.21133,0.21337,0.20769,0.21041,19604870
1736395200000,0.21039,0.21154,0.20311,0.20401,18880259
1736409600000,0.20402,0.20874,0.20383,0.20628,21592883
1736424000000,0.20624,0.21,0.19826,0.20866,37654371
1736438400000,0.20865,0.21005,0.20059,0.20113,32984620
1736452800000,0.20113,0.2049,0.19835,0.20311,23618753
1736467200000,0.20313,0.20642,0.2014,0.20577,13675501
1736481600000,0.20577,0.21138,0.20402,0.20843,21465732
1736496000000,0.20842,0.20886,0.20418,0.20707,17480941
1736510400000,0.20709,0.20753,0.19784,0.20268,49881835
1736524800000,0.20271,0.20832,0.19984,0.20742,30971527
1736539200000,0.20739,0.20749,0.20413,0.20568,11823089
1736553600000,0.20565,0.20668,0.20138,0.20202,13952820
1736568000000,0.20201,0.20432,0.20091,0.20238,8609462
1736582400000,0.20239,0.20523,0.20065,0.20457,9817318
1736596800000,0.20455,0.20495,0.20194,0.20261,9791394
1736611200000,0.20262,0.20416,0.20096,0.20201,11643461
1736625600000,0.20202,0.21013,0.20155,0.20568,21120545
1736640000000,0.20569,0.20664,0.20421,0.20579,9827900
1736654400000,0.20581,0.20639,0.20175,0.2033,12063575
1736668800000,0.20331,0.20351,0.20016,0.20226,10503501
1736683200000,0.20228,0.2055,0.20166,0.20472,10985802
1736697600000,0.20478,0.20541,0.20232,0.2028,12463130
1736712000000,0.20279,0.20319,0.19845,0.20145,13327014
1736726400000,0.20145,0.20594,0.19504,0.19588,25820305
1736740800000,0.19588,0.19922,0.19143,0.1931,23209039
1736755200000,0.19315,0.1936,0.18143,0.18164,43256129
1736769600000,0.18163,0.19325,0.18031,0.19033,67623413
1736784000000,0.19035,0.19092,0.1824,0.1864,33011256
1736798400000,0.18636,0.19542,0.18473,0.1929,25295683
1736812800000,0.19292,0.19631,0.19193,0.19489,15184588
1736827200000,0.1949,0.19895,0.1949,0.19533,13203290
1736841600000,0.19532,0.20201,0.19532,0.19941,21542078
1736856000000,0.19942,0.20239,0.1966,0.19965,27774405
1736870400000,0.19962,0.20369,0.19732,0.20192,20399728
1736884800000,0.2019,0.20468,0.20056,0.20382,12580776
1736899200000,0.20388,0.20529,0.20031,0.20224,17278552
1736913600000,0.20229,0.20483,0.2009,0.20378,16457519
1736928000000,0.20378,0.20525,0.19626,0.19813,26199677
1736942400000,0.19812,0.2157,0.19645,0.21407,63706235
1736956800000,0.21408,0.2166,0.21018,0.21386,33584196
1736971200000,0.21387,0.2161,0.21169,0.21604,26486280
1736985600000,0.21601,0.21677,0.21074,0.21267,18303218
1737000000000,0.21267,0.21374,0.21105,0.21276,10714113
1737014400000,0.21275,0.21329,0.20695,0.21274,28954505
1737028800000,0.21276,0.21836,0.20776,0.21399,63466860
1737043200000,0.21398,0.21897,0.21377,0.21789,25804590
1737057600000,0.2179,0.21887,0.21063,0.21258,24567070
1737072000000,0.21261,0.22234,0.21249,0.21916,29954597
1737086400000,0.21916,0.23005,0.2177,0.22864,41499623
1737100800000,0.22861,0.23279,0.22583,0.2314,51152755
1737115200000,0.23143,0.23557,0.22926,0.2345,59502671
1737129600000,0.23452,0.23673,0.23079,0.23312,31822097
1737144000000,0.23313,0.23778,0.23244,0.23492,22976831
1737158400000,0.23492,0.23859,0.22809,0.22898,36511233
1737172800000,0.22895,0.23015,0.21901,0.21942,51708904
1737187200000,0.21945,0.2238,0.21658,0.22306,34567376
1737201600000,0.2231,0.22553,0.21963,0.21986,30384394
1737216000000,0.21987,0.22097,0.2144,0.21735,45187432
1737230400000,0.21735,0.21945,0.21308,0.2184,23591912
1737244800000,0.21841,0.22529,0.21749,0.21998,22670070
1737259200000,0.21995,0.22005,0.21043,0.21049,28005743
1737273600000,0.2105,0.21053,0.19922,0.20081,73338790
1737288000000,0.20087,0.21777,0.20028,0.21406,51982984
1737302400000,0.21407,0.21753,0.20959,0.21667,28761990
1737316800000,0.21669,0.21823,0.19312,0.19716,113975186
1737331200000,0.19715,0.19967,0.18967,0.19856,83057741
1737345600000,0.19852,0.21911,0.196,0.21254,82592089
1737360000000,0.2126,0.21605,0.2074,0.2118,36042200
1737374400000,0.21181,0.21248,0.20281,0.20718,49325661
1737388800000,0.20722,0.21119,0.19577,0.2067,91870066
1737403200000,0.20668,0.20777,0.19915,0.20217,27368829
1737417600000,0.20217,0.20283,0.19375,0.19635,35793637
1737432000000,0.19637,0.1984,0.19229,0.19723,24580116
1737446400000,0.19721,0.20432,0.19539,0.20384,29820953
1737460800000,0.20384,0.20688,0.20089,0.20325,33106058
1737475200000,0.20327,0.21314,0.20247,0.20942,43579120
1737489600000,0.20941,0.21218,0.20624,0.2096,31399216
1737504000000,0.20963,0.21162,0.20568,0.20622,17738285
1737518400000,0.20623,0.20695,0.20138,0.2014,17671764
1737532800000,0.2014,0.2035,0.19912,0.20264,23620303
1737547200000,0.20265,0.20332,0.19841,0.20025,27308387
1737561600000,0.20027,0.20071,0.19617,0.19763,29575704
1737576000000,0.19764,0.19912,0.19372,0.1952,23826126
1737590400000,0.1952,0.19524,0.19004,0.1908,25594349
1737604800000,0.1908,0.19112,0.18828,0.19052,22509680
1737619200000,0.19049,0.1906,0.18665,0.18729,21486399
1737633600000,0.18728,0.19337,0.18406,0.18922,55186704
1737648000000,0.18924,0.1936,0.18396,0.18482,38808459
1737662400000,0.18476,0.19123,0.18341,0.18924,43847609
1737676800000,0.18929,0.19002,0.18281,0.18551,26192099
1737691200000,0.1855,0.19401,0.18504,0.1913,28044315
1737705600000,0.19133,0.19476,0.19052,0.19411,24052304
1737720000000,0.19412,0.19556,0.1902,0.19204,27297397
1737734400000,0.19203,0.1934,0.18672,0.1877,39047442
1737748800000,0.18769,0.18814,0.18215,0.18309,25920038
1737763200000,0.18308,0.18597,0.17943,0.18562,22772903
1737777600000,0.18559,0.18559,0.18165,0.18195,10913823
1737792000000,0.18196,0.1831,0.18038,0.18223,14753660
1737806400000,0.18223,0.18615,0.18104,0.18528,15458846
1737820800000,0.18527,0.18655,0.18322,0.18443,16512564
1737835200000,0.18444,0.18558,0.18173,0.18218,14934038
1737849600000,0.18217,0.1875,0.18145,0.18686,15741265
1737864000000,0.1869,0.19013,0.18504,0.19006,23629571
1737878400000,0.19003,0.19209,0.18595,0.18861,36806748
1737892800000,0.18866,0.1895,0.18674,0.18914,15178618
1737907200000,0.18913,0.19145,0.18732,0.19119,17589254
1737921600000,0.19116,0.19179,0.18033,0.18067,30832226
1737936000000,0.18065,0.18177,0.17349,0.17562,49212221
1737950400000,0.17562,0.17562,0.16329,0.16768,56253043
1737964800000,0.1677,0.17032,0.16458,0.16689,39252634
1737979200000,0.16688,0.1774,0.16566,0.17529,48855692
1737993600000,0.17531,0.17533,0.16871,0.17102,37255182
1738008000000,0.17098,0.18027,0.17097,0.17732,22549240
1738022400000,0.17733,0.17933,0.17438,0.17681,11619655
1738036800000,0.17676,0.17867,0.17229,0.17327,17825905
1738051200000,0.17327,0.17406,0.17149,0.17263,12166638
1738065600000,0.17262,0.17582,0.17002,0.17349,22586877
1738080000000,0.17351,0.17363,0.16836,0.16993,17656756
1738094400000,0.16995,0.17072,0.16339,0.16456,28896504
1738108800000,0.16456,0.1706,0.16397,0.169,21552419
1738123200000,0.16899,0.17147,0.16838,0.17143,13555973
1738137600000,0.1714,0.17206,0.16754,0.16991,19942099
1738152000000,0.16994,0.17024,0.16508,0.16748,21419691
1738166400000,0.1675,0.17326,0.16391,0.17124,41887491
1738180800000,0.17123,0.17682,0.16881,0.16926,37776348
1738195200000,0.16925,0.17484,0.16768,0.17446,16067427
1738209600000,0.17443,0.17686,0.17375,0.17562,13737698
1738224000000,0.17565,0.17926,0.17459,0.17895,16677202
1738238400000,0.17892,0.1819,0.17625,0.17995,21869704
1738252800000,0.17995,0.18568,0.17977,0.18568,29875433
1738267200000,0.18569,0.18604,0.18123,0.18154,16884130
1738281600000,0.18159,0.18486,0.17854,0.1801,16945441
1738296000000,0.1801,0.18631,0.17796,0.18298,15146303
1738310400000,0.18298,0.18715,0.17972,0.18686,18672165
1738324800000,0.1869,0.19035,0.18534,0.19031,22433206
1738339200000,0.19027,0.19134,0.18169,0.18257,29564603
1738353600000,0.18256,0.18265,0.17866,0.18022,17848237
1738368000000,0.18024,0.18455,0.1793,0.18181,11137222
1738382400000,0.18184,0.18317,0.18004,0.18038,9740768
1738396800000,0.18039,0.18088,0.17465,0.17726,16416673
1738411200000,0.17726,0.17884,0.1735,0.1761,15242923
1738425600000,0.17611,0.17698,0.17,0.17057,21964048
1738440000000,0.17052,0.17165,0.16439,0.16603,27936518
1738454400000,0.16603,0.16986,0.16121,0.16134,28178551
1738468800000,0.16133,0.16577,0.16071,0.16324,19114764
1738483200000,0.16321,0.16549,0.15859,0.15913,27095401
1738497600000,0.1591,0.16121,0.15718,0.15937,26616548
1738512000000,0.15937,0.15944,0.14342,0.14936,118777173
1738526400000,0.14934,0.1509,0.13683,0.14426,90003697
1738540800000,0.14427,0.14434,0.10266,0.12244,257289133
1738555200000,0.12248,0.13478,0.11904,0.13332,91727295
1738569600000,0.13333,0.13511,0.12943,0.13319,54118030
1738584000000,0.13322,0.14077,0.12789,0.13982,122128258
1738598400000,0.13979,0.14652,0.13855,0.14616,73792488
1738612800000,0.14615,0.15049,0.14184,0.14868,41840962
1738627200000,0.14867,0.15022,0.14158,0.14289,28829255
1738641600000,0.14289,0.14485,0.13243,0.13301,54083249
1738656000000,0.13301,0.14005,0.13212,0.13824,35175676
1738670400000,0.13825,0.14412,0.13783,0.14037,50480906
1738684800000,0.14038,0.1453,0.1389,0.13902,63771487
1738699200000,0.13902,0.14124,0.13375,0.13941,66375708
1738713600000,0.13941,0.14071,0.13672,0.13843,26762782
1738728000000,0.13842,0.13942,0.13578,0.13779,21205954
1738742400000,0.13778,0.14036,0.13672,0.14016,25027873
1738756800000,0.14014,0.14155,0.13658,0.13821,43851487
1738771200000,0.13821,0.13889,0.13305,0.13651,37841025
1738785600000,0.13652,0.13714,0.13294,0.13455,22079306
1738800000000,0.13455,0.13643,0.13324,0.13543,16691914
1738814400000,0.13542,0.13846,0.13495,0.13708,25283943
1738828800000,0.13708,0.13832,0.13483,0.13612,25693748
1738843200000,0.13613,0.13635,0.12956,0.13048,45541025
1738857600000,0.13049,0.1328,0.12821,0.12853,38203107
1738872000000,0.12855,0.13149,0.12717,0.12846,35780534
1738886400000,0.12845,0.13224,0.12826,0.13062,22217997
1738900800000,0.13063,0.13129,0.12722,0.129,19357093
1738915200000,0.12899,0.13271,0.1285,0.13228,26217164
1738929600000,0.13227,0.13785,0.13068,0.13411,51696706
1738944000000,0.13413,0.13423,0.12971,0.12993,33289393
1738958400000,0.12994,0.13012,0.12418,0.12769,39594757
1738972800000,0.12769,0.12912,0.12646,0.12731,18423870
1738987200000,0.12731,0.12842,0.12544,0.12778,13009518
1739001600000,0.12778,0.12811,0.12565,0.12667,12515199
1739016000000,0.12667,0.12896,0.12574,0.12696,22459634
1739030400000,0.12694,0.13057,0.12579,0.12989,25005308
1739044800000,0.12989,0.13129,0.12897,0.13005,15549019
1739059200000,0.13005,0.13369,0.12928,0.13342,20665416
1739073600000,0.13341,0.13505,0.13229,0.13408,24799522
1739088000000,0.1341,0.13625,0.13409,0.1344,20795142
1739102400000,0.1344,0.13487,0.13032,0.13267,24078454
1739116800000,0.13269,0.1335,0.1288,0.12923,16921385
1739131200000,0.12922,0.13263,0.12468,0.13228,41258072
1739145600000,0.13228,0.13464,0.12731,0.13122,33893014
1739160000000,0.13122,0.13554,0.1305,0.13421,25720007
1739174400000,0.13419,0.13732,0.13397,0.13634,27908104
1739188800000,0.13633,0.13932,0.1344,0.13814,28887177
1739203200000,0.13815,0.14429,0.13771,0.14021,43466303
1739217600000,0.1402,0.14177,0.13848,0.13964,20596959
1739232000000,0.13964,0.14266,0.139,0.14151,18935977
1739246400000,0.1415,0.14748,0.14144,0.14608,29019697
1739260800000,0.14607,0.148,0.1444,0.14649,22432723
1739275200000,0.14648,0.14655,0.14064,0.14211,29156480
1739289600000,0.14212,0.14252,0.13645,0.13719,30190622
1739304000000,0.13719,0.14042,0.13698,0.138,20591157
1739318400000,0.13795,0.13933,0.1356,0.13687,19623984
1739332800000,0.13688,0.13887,0.13576,0.13819,14425924
1739347200000,0.1382,0.14002,0.13693,0.13863,16638909
1739361600000,0.13863,0.14094,0.13248,0.13768,55608770
1739376000000,0.13769,0.14369,0.13586,0.14318,28757470
1739390400000,0.14316,0.14762,0.14261,0.14529,22913790
1739404800000,0.14529,0.14748,0.14469,0.14614,16851400
1739419200000,0.14615,0.14633,0.14076,0.14116,17645354
1739433600000,0.14118,0.14254,0.1396,0.14029,17295789
1739448000000,0.1403,0.14263,0.13868,0.14121,26296774
1739462400000,0.1412,0.14274,0.13884,0.13969,22020025
1739476800000,0.1397,0.14141,0.13944,0.14008,16783367
1739491200000,0.14007,0.1426,0.13914,0.14228,13235489
1739505600000,0.14227,0.14269,0.13951,0.14017,11795637
1739520000000,0.14016,0.14382,0.13959,0.1426,23516863
1739534400000,0.14261,0.14468,0.14112,0.14364,26190481
1739548800000,0.14365,0.14645,0.14201,0.14453,26997176
1739563200000,0.14453,0.14514,0.14077,0.14273,20384152
1739577600000,0.14274,0.14495,0.14101,0.14433,13980384
1739592000000,0.14435,0.14511,0.14135,0.14137,10448982
1739606400000,0.14137,0.14239,0.13951,0.14017,16067307
1739620800000,0.14016,0.14132,0.138,0.13919,16863748
1739635200000,0.13919,0.13974,0.13771,0.13777,13841242
1739649600000,0.13777,0.13884,0.13669,0.13824,16031854
1739664000000,0.13824,0.13908,0.13623,0.13734,8705040
1739678400000,0.13735,0.13836,0.13654,0.13751,9119009
1739692800000,0.13752,0.14289,0.13731,0.14276,20328194
1739707200000,0.14277,0.14286,0.13841,0.14056,19788555
1739721600000,0.14056,0.14162,0.1373,0.139,16223264
1739736000000,0.13897,0.13956,0.13692,0.13799,18743727
1739750400000,0.13799,0.14239,0.13785,0.14214,21358670
1739764800000,0.14214,0.14367,0.13946,0.143,31899161
1739779200000,0.143,0.14616,0.14202,0.14492,29559707
1739793600000,0.14492,0.14901,0.14298,0.14349,37462837
1739808000000,0.14348,0.14432,0.13886,0.14106,32883968
1739822400000,0.14104,0.14352,0.14066,0.14187,18608463
1739836800000,0.14188,0.1425,0.1392,0.14089,19069555
1739851200000,0.14089,0.14157,0.13474,0.13481,28293218
1739865600000,0.13482,0.1356,0.13235,0.13267,35527737
1739880000000,0.13267,0.136,0.12937,0.1303,41274270
1739894400000,0.13031,0.13109,0.12633,0.12991,49669885
1739908800000,0.12991,0.1328,0.12853,0.13275,29202601
1739923200000,0.13274,0.13317,0.13085,0.13205,13028547
1739937600000,0.13205,0.13381,0.12985,0.13302,17526122
1739952000000,0.13301,0.1346,0.13221,0.13426,18385089
1739966400000,0.13426,0.13471,0.13133,0.1315,27554065
1739980800000,0.1315,0.13403,0.13131,0.13311,17446037
1739995200000,0.13311,0.13499,0.13135,0.13356,35074729
1740009600000,0.13357,0.1363,0.13323,0.13594,19974005
1740024000000,0.13595,0.1372,0.13373,0.13373,18884715
1740038400000,0.13372,0.13551,0.13275,0.13507,20422252
1740052800000,0.13506,0.13692,0.13317,0.13334,25624851
1740067200000,0.13335,0.13836,0.13315,0.13814,23517556
1740081600000,0.13815,0.13995,0.13753,0.13894,20507211
1740096000000,0.13894,0.13949,0.13751,0.13808,13499168
1740110400000,0.13808,0.14372,0.13802,0.14263,24072927
1740124800000,0.14264,0.14716,0.14261,0.14538,32739830
1740139200000,0.14537,0.14811,0.13999,0.14221,59435991
1740153600000,0.14223,0.14477,0.13343,0.13414,62463674
1740168000000,0.13414,0.13573,0.13165,0.13379,38991052
1740182400000,0.13379,0.13559,0.1329,0.13544,17195231
1740196800000,0.13542,0.13717,0.1351,0.13582,13206410
1740211200000,0.13583,0.13889,0.13525,0.13859,17951139
1740225600000,0.13858,0.14019,0.13795,0.13966,19713257
1740240000000,0.13966,0.14194,0.13965,0.14074,18317308
1740254400000,0.14074,0.14079,0.13765,0.13863,21815193
1740268800000,0.13862,0.1387,0.13623,0.13743,15655700
1740283200000,0.13746,0.13997,0.13655,0.13966,14054789
1740297600000,0.13965,0.14038,0.137,0.13726,17972258
1740312000000,0.13726,0.13774,0.13481,0.13496,19416391
1740326400000,0.13497,0.1371,0.1348,0.13558,12866396
1740340800000,0.13555,0.13798,0.13503,0.13696,12663169
1740355200000,0.13695,0.1377,0.13176,0.13209,23104563
1740369600000,0.13209,0.13366,0.13039,0.13303,17743118
1740384000000,0.13304,0.13326,0.1301,0.13189,23566886
1740398400000,0.13189,0.13274,0.12751,0.12919,34665118
1740412800000,0.12919,0.13083,0.12636,0.12733,29279094
1740427200000,0.12735,0.12996,0.11987,0.12103,70238679
1740441600000,0.12102,0.12257,0.11726,0.11998,53525303
1740456000000,0.11999,0.12086,0.11143,0.1151,72884654
1740470400000,0.11511,0.11696,0.11059,0.11657,61699971
1740484800000,0.11655,0.11829,0.11307,0.11587,57504128
1740499200000,0.11588,0.12003,0.11445,0.11998,45972797
1740513600000,0.11996,0.12259,0.11886,0.12113,35224817
1740528000000,0.12115,0.1238,0.11968,0.1227,18032700
1740542400000,0.1227,0.12414,0.12085,0.12224,18256095
1740556800000,0.12224,0.12441,0.12082,0.12174,21004343
1740571200000,0.12175,0.12346,0.1175,0.12208,49712106
1740585600000,0.12209,0.12283,0.11576,0.11736,55211131
1740600000000,0.11735,0.1224,0.11551,0.12005,41184904
1740614400000,0.12006,0.12326,0.11906,0.12254,26346780
1740628800000,0.12253,0.12523,0.12142,0.12444,18517533
1740643200000,0.12445,0.12622,0.12348,0.12513,23979381
1740657600000,0.12513,0.1261,0.12184,0.12367,35218922
1740672000000,0.12368,0.12463,0.12146,0.12208,22237175
1740686400000,0.12209,0.12343,0.12,0.1231,23656592
1740700800000,0.1231,0.12391,0.11309,0.11333,70942159
1740715200000,0.11334,0.11388,0.11092,0.11257,54306730
1740729600000,0.11254,0.11553,0.11055,0.11383,35732603
1740744000000,0.11382,0.12043,0.11361,0.11955,71723748
1740758400000,0.11953,0.12179,0.11848,0.1205,33688587
1740772800000,0.1205,0.12081,0.11909,0.12032,21370302
1740787200000,0.12033,0.12198,0.11887,0.1206,22993068
1740801600000,0.12059,0.12158,0.11766,0.11798,18956355
1740816000000,0.11799,0.11961,0.11644,0.11706,20528851
1740830400000,0.11705,0.11755,0.11531,0.1162,21840314
1740844800000,0.1162,0.1179,0.11559,0.11739,19962833
1740859200000,0.11739,0.11966,0.11649,0.1192,16000981
1740873600000,0.11921,0.12001,0.11793,0.11903,15108037
1740888000000,0.11904,0.11999,0.11803,0.11822,16354074
1740902400000,0.11821,0.1198,0.11751,0.11879,16562455
1740916800000,0.11879,0.12291,0.116,0.12006,44927327
1740931200000,0.12006,0.12998,0.1199,0.12974,86795055
1740945600000,0.12973,0.13074,0.12875,0.12904,26525029
1740960000000,0.12904,0.1301,0.12468,0.12562,32456417
1740974400000,0.12562,0.1272,0.12055,0.12231,31696669
1740988800000,0.12232,0.12233,0.11884,0.12138,31020332
1741003200000,0.12138,0.12334,0.11819,0.11893,48280252
1741017600000,0.11893,0.12055,0.11004,0.1103,89169164
1741032000000,0.1103,0.11206,0.10764,0.10906,74470983
1741046400000,0.10903,0.10965,0.10049,0.10357,85859369
1741060800000,0.10353,0.10627,0.10328,0.1041,36691435
1741075200000,0.10409,0.10579,0.1025,0.1038,48953127
1741089600000,0.1038,0.10678,0.10034,0.10265,81334502
1741104000000,0.10263,0.1063,0.09681,0.10614,90221497
1741118400000,0.10612,0.10807,0.10391,0.10645,31411337
1741132800000,0.10645,0.10747,0.10441,0.10446,24464398
1741147200000,0.10447,0.10662,0.10418,0.10624,21668985
1741161600000,0.10624,0.10986,0.10607,0.10745,27228031
1741176000000,0.10747,0.10922,0.10546,0.10621,39193266
1741190400000,0.10621,0.10972,0.10486,0.10944,33745126
1741204800000,0.10945,0.11126,0.10942,0.11005,24310442
1741219200000,0.11004,0.11116,0.10805,0.11106,28281135
1741233600000,0.11107,0.11342,0.11015,0.11078,22320743
1741248000000,0.11079,0.1127,0.11029,0.11242,23700185
1741262400000,0.11242,0.11262,0.10774,0.11106,55804935
1741276800000,0.11107,0.11172,0.10628,0.10717,45549191
1741291200000,0.10718,0.10947,0.10702,0.10741,24438931
1741305600000,0.10741,0.10851,0.10123,0.10501,77976123
1741320000000,0.10502,0.10717,0.10457,0.10703,21050636
1741334400000,0.10701,0.10814,0.10579,0.10715,19714459
1741348800000,0.10716,0.10925,0.1055,0.1068,45515162
1741363200000,0.10679,0.10851,0.10356,0.10665,45399363
1741377600000,0.10666,0.10733,0.10195,0.10298,40429413
1741392000000,0.10297,0.10435,0.10168,0.10311,22692842
1741406400000,0.1031,0.104,0.10184,0.10208,13986672
1741420800000,0.10208,0.10259,0.10031,0.10102,18226857
1741435200000,0.10103,0.10248,0.10051,0.10135,19392349
1741449600000,0.10134,0.10257,0.1,0.10228,21493386
1741464000000,0.10229,0.10266,0.10062,0.10128,13858626
1741478400000,0.10128,0.10185,0.09981,0.10048,14172099
1741492800000,0.10048,0.10119,0.09949,0.10016,13683956
1741507200000,0.10015,0.10031,0.09541,0.09651,37831213
1741521600000,0.0965,0.09675,0.0932,0.09376,42768706
1741536000000,0.09376,0.09399,0.08901,0.09127,68521558
1741550400000,0.09128,0.09223,0.08937,0.09094,37986185
1741564800000,0.09095,0.09432,0.08944,0.09287,32563039
1741579200000,0.09287,0.09498,0.09278,0.09459,16300555
1741593600000,0.09459,0.09736,0.09282,0.09481,40939863
1741608000000,0.09482,0.0955,0.08857,0.09064,54705641
1741622400000,0.09064,0.09103,0.08323,0.08659,81939208
1741636800000,0.08661,0.08709,0.08425,0.08447,32365517
1741651200000,0.08448,0.08562,0.07954,0.08432,76818418
1741665600000,0.08432,0.08767,0.08408,0.08654,31946511
1741680000000,0.08653,0.08953,0.08636,0.08875,28063169
1741694400000,0.08874,0.09073,0.08556,0.08921,66020518
1741708800000,0.0892,0.09322,0.0879,0.09287,41892527
1741723200000,0.09286,0.09325,0.08986,0.09031,18333821
1741737600000,0.09031,0.09232,0.08875,0.08884,23321417
1741752000000,0.08884,0.09032,0.08749,0.09005,30226486
1741766400000,0.09004,0.09265,0.08945,0.09205,36186612
1741780800000,0.09205,0.09491,0.08759,0.08965,88527204
1741795200000,0.08964,0.09204,0.0893,0.09155,34116451
1741809600000,0.09154,0.09299,0.09126,0.09224,17630822
1741824000000,0.09223,0.09269,0.09111,0.09128,19115268
1741838400000,0.09128,0.09159,0.08931,0.09094,18681700
1741852800000,0.09093,0.09323,0.09008,0.09156,44936099
1741867200000,0.09156,0.09292,0.08856,0.08897,44082320
1741881600000,0.08898,0.08939,0.08649,0.08738,28522040
1741896000000,0.08737,0.09016,0.08703,0.08909,18594349
1741910400000,0.08909,0.09046,0.08871,0.08974,19396536
1741924800000,0.08973,0.09068,0.08943,0.09019,16466646
1741939200000,0.09019,0.09267,0.0901,0.09231,21807134
1741953600000,0.09231,0.09585,0.09195,0.09448,43966859
1741968000000,0.09448,0.09526,0.09382,0.09453,18856033
1741982400000,0.09452,0.09568,0.0935,0.09419,21453112
1741996800000,0.09418,0.09571,0.09367,0.09551,21133725
1742011200000,0.09551,0.09704,0.0942,0.09488,26365191
1742025600000,0.09488,0.09694,0.09442,0.09637,27999555
1742040000000,0.09638,0.09711,0.09507,0.09567,17628809
1742054400000,0.09568,0.0971,0.09541,0.09598,14874022
1742068800000,0.09598,0.09672,0.09547,0.0958,12698102
1742083200000,0.0958,0.09612,0.09434,0.09557,13508664
1742097600000,0.09557,0.09576,0.09451,0.09511,12474293
1742112000000,0.09511,0.0953,0.09116,0.09145,29870152
1742126400000,0.09147,0.09232,0.09065,0.09195,20188641
1742140800000,0.09196,0.09455,0.0906,0.0912,27627853
1742155200000,0.0912,0.09198,0.09049,0.09139,17229833
1742169600000,0.0914,0.09393,0.09133,0.09368,15648258
1742184000000,0.09368,0.09413,0.09181,0.09378,18474241
1742198400000,0.09379,0.09492,0.09324,0.0946,15306431
1742212800000,0.0946,0.09622,0.09274,0.09457,46408602
1742227200000,0.09457,0.09668,0.09397,0.09629,26098097
1742241600000,0.0963,0.09738,0.09564,0.09605,26828965
1742256000000,0.09605,0.09648,0.09398,0.09464,23470181
1742270400000,0.09465,0.09535,0.09316,0.09456,20682723
1742284800000,0.09456,0.09688,0.09419,0.09602,36425087
1742299200000,0.09601,0.09778,0.09471,0.09513,51883796
1742313600000,0.09513,0.09544,0.09143,0.09308,49284597
1742328000000,0.09308,0.09571,0.09236,0.09549,24471150
1742342400000,0.09548,0.09639,0.09471,0.09609,17282714
1742356800000,0.0961,0.09633,0.09417,0.09426,22044843
1742371200000,0.09426,0.09778,0.09418,0.09774,29881424
1742385600000,0.09774,0.0998,0.09634,0.09968,74292764
1742400000000,0.09968,0.10055,0.09635,0.09873,97932032
1742414400000,0.09874,0.09983,0.09824,0.09923,25125630
1742428800000,0.09922,0.09992,0.09661,0.09716,26391108
1742443200000,0.09716,0.09729,0.09645,0.09713,19045671
1742457600000,0.09712,0.0983,0.0952,0.09624,25665486
1742472000000,0.09623,0.09771,0.09548,0.09566,31661345
1742486400000,0.09565,0.09619,0.09429,0.09557,21006816
1742500800000,0.09556,0.09618,0.09474,0.09548,12430451
1742515200000,0.09548,0.09616,0.09442,0.09445,14064603
1742529600000,0.09444,0.09526,0.09351,0.09386,14090174
1742544000000,0.09386,0.09426,0.09121,0.09224,27991413
1742558400000,0.09224,0.09357,0.09117,0.09257,31230532
1742572800000,0.09257,0.09573,0.09196,0.09425,18239537
1742587200000,0.09425,0.09517,0.09346,0.09387,12347880
1742601600000,0.09387,0.09532,0.09383,0.09478,13874329
1742616000000,0.09478,0.09647,0.09473,0.09604,10802473
1742630400000,0.09604,0.09671,0.0953,0.0954,14578982
1742644800000,0.09539,0.09557,0.09435,0.09545,14572570
1742659200000,0.09544,0.09731,0.09534,0.0962,13562019
1742673600000,0.09621,0.09638,0.09469,0.09542,15556992
1742688000000,0.09542,0.09786,0.09507,0.09785,12972712
1742702400000,0.09785,0.09809,0.09702,0.09771,14619008
1742716800000,0.09772,0.09822,0.09701,0.09739,14239150
1742731200000,0.09739,0.09773,0.09596,0.09629,15594533
1742745600000,0.09629,0.09631,0.09432,0.09553,19206234
1742760000000,0.09552,0.09661,0.09486,0.09659,16579204
1742774400000,0.09658,0.09783,0.09521,0.09708,18393326
1742788800000,0.09708,0.10082,0.09708,0.09965,27999538
1742803200000,0.09966,0.10279,0.09966,0.10155,27308478
1742817600000,0.10156,0.10375,0.10075,0.10237,25841469
1742832000000,0.10238,0.10272,0.1012,0.10211,20529338
1742846400000,0.10211,0.10289,0.10092,0.10212,15054724
1742860800000,0.10214,0.10236,0.10044,0.10095,18480940
1742875200000,0.10094,0.10227,0.10053,0.10148,11795537
1742889600000,0.10149,0.10386,0.10144,0.10344,15711827
1742904000000,0.10342,0.10512,0.10291,0.10395,30535204
1742918400000,0.10395,0.10549,0.10301,0.1052,20300954
1742932800000,0.10517,0.10632,0.1041,0.10454,20067558
1742947200000,0.10453,0.10582,0.10323,0.10379,16565054
1742961600000,0.1038,0.1075,0.10364,0.10696,22260859
1742976000000,0.10694,0.10838,0.10622,0.10777,24794742
1742990400000,0.10777,0.10789,0.10432,0.10548,38454170
1743004800000,0.10547,0.10625,0.10263,0.10394,22732591
1743019200000,0.10395,0.10486,0.10309,0.10394,13326714
1743033600000,0.10395,0.10717,0.10388,0.10709,18891913
1743048000000,0.1071,0.10747,0.10592,0.10673,14005488
1743062400000,0.10673,0.10779,0.10467,0.10494,23816902
1743076800000,0.10494,0.10655,0.10317,0.10548,21957217
1743091200000,0.10546,0.10626,0.10389,0.10504,22131685
1743105600000,0.10505,0.10598,0.10397,0.10432,16779042
1743120000000,0.10431,0.10431,0.10133,0.10189,34873993
1743134400000,0.10188,0.10192,0.09692,0.09706,33324625
1743148800000,0.09704,0.09753,0.09583,0.09723,28733391
1743163200000,0.09722,0.09754,0.09501,0.09512,23861639
1743177600000,0.09511,0.09536,0.09366,0.09398,19466176
1743192000000,0.09398,0.09563,0.09359,0.09486,23840104
1743206400000,0.09486,0.0955,0.09229,0.09439,25351170
1743220800000,0.09442,0.09501,0.09186,0.09223,17248207
1743235200000,0.09223,0.0927,0.08965,0.09034,29524953
1743249600000,0.09037,0.09123,0.08955,0.08997,16394876
1743264000000,0.08995,0.09024,0.08751,0.08845,24592789
1743278400000,0.08845,0.08867,0.08733,0.08848,15195446
1743292800000,0.08848,0.09066,0.08757,0.08993,16767218
1743307200000,0.08993,0.09112,0.08993,0.09062,11247133
1743321600000,0.09064,0.09161,0.09002,0.09036,13606027
1743336000000,0.09038,0.09106,0.08901,0.0895,17068661
1743350400000,0.08949,0.0906,0.08806,0.08984,14935522
1743364800000,0.08984,0.09,0.0875,0.08913,16284036
1743379200000,0.08914,0.08939,0.08658,0.08699,22255468
1743393600000,0.087,0.08869,0.08568,0.08636,19991832
1743408000000,0.08637,0.08732,0.08448,0.08693,22274696
1743422400000,0.08691,0.08962,0.086,0.08868,27477257
1743436800000,0.08868,0.08975,0.08767,0.08795,20598312
1743451200000,0.08795,0.08854,0.08717,0.08781,10901849
1743465600000,0.08781,0.09037,0.08767,0.09037,15488347
1743480000000,0.09037,0.09167,0.08994,0.09097,18335516
1743494400000,0.09097,0.09334,0.09036,0.09075,30542087
1743508800000,0.09074,0.09342,0.08972,0.09301,28673353
1743523200000,0.09302,0.09335,0.08996,0.09044,17435693
1743537600000,0.09044,0.09065,0.08927,0.08975,18912732
1743552000000,0.08975,0.08977,0.08669,0.08794,23685570
1743566400000,0.08793,0.08812,0.08601,0.08662,17313953
1743580800000,0.08662,0.0883,0.08614,0.08695,20822413
1743595200000,0.08696,0.09005,0.08612,0.08951,30451743
1743609600000,0.0895,0.08994,0.08688,0.08846,23250700
1743624000000,0.08846,0.09052,0.08107,0.08261,68187174
1743638400000,0.08262,0.08502,0.08142,0.08423,29816024
1743652800000,0.08425,0.08501,0.08209,0.08291,19619667
1743667200000,0.0829,0.08357,0.08036,0.08112,25335809
1743681600000,0.08115,0.08168,0.07936,0.08118,38911925
1743696000000,0.08118,0.08251,0.08086,0.08193,24366574
1743710400000,0.08195,0.08343,0.08168,0.083,18968746
1743724800000,0.083,0.08328,0.08142,0.08257,12173458
1743739200000,0.08258,0.0842,0.08206,0.08399,16517320
1743753600000,0.084,0.08486,0.08026,0.08144,30022496
1743768000000,0.08141,0.08381,0.08062,0.08224,47375177
1743782400000,0.08225,0.08417,0.08186,0.08311,30090341
1743796800000,0.08311,0.08391,0.08278,0.0831,16382297
1743811200000,0.08308,0.084,0.08256,0.08268,10161886
1743825600000,0.0827,0.08312,0.08213,0.0829,10896148
1743840000000,0.08291,0.08332,0.08172,0.08188,23947713
1743854400000,0.08189,0.08196,0.08025,0.08036,19368314
1743868800000,0.08034,0.0815,0.08023,0.08077,12279775
1743883200000,0.08077,0.08199,0.0804,0.08178,9344944
1743897600000,0.0818,0.08206,0.08102,0.08143,7284062
1743912000000,0.08144,0.08242,0.08074,0.08096,13404752
1743926400000,0.08096,0.08171,0.08047,0.08102,12611064
1743940800000,0.08103,0.08114,0.07836,0.07956,29307772
1743955200000,0.07956,0.07958,0.07318,0.07438,79187069
1743969600000,0.07437,0.07454,0.07132,0.0732,61862955
1743984000000,0.07321,0.07524,0.07052,0.07176,46405779
1743998400000,0.07173,0.07265,0.06621,0.06806,93508551
1744012800000,0.06806,0.07222,0.06774,0.07074,57056160
1744027200000,0.07076,0.07787,0.07064,0.07396,124321607
1744041600000,0.07394,0.07516,0.0724,0.07375,57175604
1744056000000,0.07375,0.07595,0.07372,0.07476,22054305
1744070400000,0.07478,0.07711,0.0742,0.0758,22751488
1744084800000,0.07581,0.07639,0.07437,0.07467,19043059
1744099200000,0.07465,0.07645,0.07379,0.07632,26703708
1744113600000,0.07634,0.07708,0.07444,0.07489,38136707
1744128000000,0.07488,0.07493,0.07136,0.07212,50998027
1744142400000,0.07211,0.07305,0.07135,0.07173,26182654
1744156800000,0.07175,0.07276,0.06914,0.07213,42563184
1744171200000,0.07212,0.07417,0.07195,0.0737,36900999
1744185600000,0.07368,0.07392,0.07144,0.0719,31333694
1744200000000,0.0719,0.074,0.07128,0.07297,32950471
1744214400000,0.07298,0.07956,0.07224,0.07911,101344161
1744228800000,0.07912,0.08097,0.07912,0.08012,30220875
1744243200000,0.08013,0.08018,0.07736,0.07814,24945094
1744257600000,0.07814,0.07911,0.07742,0.07824,19135098
1744272000000,0.07824,0.0784,0.07695,0.07762,17473570
1744286400000,0.0776,0.07955,0.07468,0.07504,51958822
1744300800000,0.07504,0.07636,0.07454,0.07575,31722260
1744315200000,0.07573,0.07665,0.07568,0.07621,14161482
1744329600000,0.0762,0.07845,0.07605,0.0781,19817559
1744344000000,0.07808,0.07916,0.07791,0.07855,16250329
1744358400000,0.07856,0.07983,0.07812,0.07872,23159265
1744372800000,0.07873,0.07991,0.0779,0.07901,36757446
1744387200000,0.07901,0.08006,0.07849,0.07916,25450891
1744401600000,0.07917,0.08044,0.07901,0.07924,17524503
1744416000000,0.07924,0.07962,0.07857,0.07921,13961230
1744430400000,0.07921,0.0804,0.07889,0.07979,16643011
1744444800000,0.07981,0.08059,0.07946,0.08023,16877571
1744459200000,0.08022,0.08386,0.08007,0.08312,38205926
1744473600000,0.08313,0.08353,0.08218,0.08269,16473481
1744488000000,0.08267,0.08328,0.08214,0.08233,11442350
1744502400000,0.0823,0.08272,0.08125,0.0816,11985665
1744516800000,0.08159,0.08161,0.08045,0.08105,10411835
1744531200000,0.08105,0.08276,0.08086,0.08178,20093953
1744545600000,0.08175,0.08198,0.08009,0.08051,23900195
1744560000000,0.08051,0.08299,0.0787,0.07982,42263200
1744574400000,0.07981,0.08081,0.07772,0.07866,34822091
1744588800000,0.07865,0.08131,0.07833,0.07921,27151387
1744603200000,0.07921,0.07995,0.07799,0.07887,18975919
1744617600000,0.07887,0.08092,0.07837,0.08071,26786052
1744632000000,0.08071,0.0813,0.07808,0.07837,39982305
1744646400000,0.07836,0.07936,0.07762,0.0788,29663265
1744660800000,0.07882,0.07908,0.07749,0.07819,15671536
1744675200000,0.0782,0.07955,0.0776,0.07934,13431316
1744689600000,0.07934,0.08018,0.07916,0.08,18307793
1744704000000,0.08001,0.08056,0.07882,0.07905,22959920
1744718400000,0.07904,0.08057,0.07806,0.07873,26491227
1744732800000,0.07873,0.07894,0.07718,0.0778,23906737
1744747200000,0.07779,0.07842,0.077,0.07739,21427528
1744761600000,0.07739,0.07859,0.07695,0.07804,15611853
1744776000000,0.07804,0.07853,0.07661,0.07676,16294493
1744790400000,0.07677,0.0778,0.07611,0.07736,22043091
1744804800000,0.07735,0.07867,0.07641,0.07747,26681915
1744819200000,0.07747,0.0778,0.07484,0.07718,47819310
1744833600000,0.07716,0.07787,0.07587,0.07624,14468134
1744848000000,0.07624,0.07683,0.07548,0.07584,14237980
1744862400000,0.07585,0.0779,0.07559,0.07743,13918319
1744876800000,0.07743,0.07753,0.07623,0.07667,12130968
1744891200000,0.07667,0.07734,0.07507,0.07661,26603166
1744905600000,0.0766,0.07822,0.07627,0.07675,27374316
1744920000000,0.07675,0.07735,0.07498,0.07562,24184581
1744934400000,0.07559,0.07685,0.07499,0.07679,18116742
1744948800000,0.07677,0.07786,0.07645,0.07759,14491087
1744963200000,0.0776,0.07805,0.07708,0.0775,11781460
1744977600000,0.0775,0.0782,0.07702,0.07718,18250280
1744992000000,0.07717,0.07842,0.07704,0.07812,18183591
1745006400000,0.07811,0.07852,0.07723,0.07779,17687696
1745020800000,0.07779,0.08076,0.07771,0.0806,19667443
1745035200000,0.0806,0.08117,0.08011,0.08094,21201077
1745049600000,0.08095,0.08145,0.08039,0.08072,24899119
1745064000000,0.08072,0.08143,0.08018,0.08101,14940114
1745078400000,0.081,0.08257,0.08078,0.08144,43797007
1745092800000,0.08145,0.08285,0.08126,0.08202,28872259
1745107200000,0.08203,0.08237,0.08153,0.08231,11815863
1745121600000,0.0823,0.08356,0.08121,0.08158,19215422
1745136000000,0.08159,0.08272,0.08006,0.0805,44603322
1745150400000,0.08049,0.0816,0.08017,0.08148,16963572
1745164800000,0.08147,0.0837,0.08145,0.08343,26476441
1745179200000,0.08344,0.08465,0.08301,0.08325,32125180
1745193600000,0.08325,0.08536,0.08307,0.08406,25600146
1745208000000,0.08407,0.08564,0.08342,0.08527,20914309
1745222400000,0.08527,0.08618,0.08429,0.08461,32612754
1745236800000,0.0846,0.08589,0.0844,0.08488,29901318
1745251200000,0.08488,0.08509,0.0824,0.08364,42331379
1745265600000,0.08363,0.08382,0.08216,0.08286,19695663
1745280000000,0.08286,0.08407,0.08127,0.08307,24885372
1745294400000,0.08305,0.08377,0.08135,0.08366,18259439
1745308800000,0.08365,0.08524,0.08327,0.08509,22155079
1745323200000,0.08508,0.08804,0.08445,0.0875,42695040
1745337600000,0.08748,0.08803,0.08662,0.08745,21930174
1745352000000,0.08745,0.09006,0.08689,0.08937,28579380
1745366400000,0.08938,0.09109,0.08893,0.09108,24448330
1745380800000,0.09107,0.09199,0.09032,0.09133,25515942
1745395200000,0.09135,0.09208,0.08992,0.0916,25424956
1745409600000,0.09159,0.09298,0.08908,0.0912,59594726
1745424000000,0.09121,0.09176,0.08929,0.09014,25969960
1745438400000,0.09012,0.09111,0.09012,0.09049,17358409
1745452800000,0.09048,0.09094,0.08821,0.08835,20924816
1745467200000,0.08834,0.08924,0.08785,0.08808,23184401
1745481600000,0.08806,0.08937,0.08703,0.08924,22507820
1745496000000,0.08924,0.09474,0.08874,0.09367,49954972
1745510400000,0.09369,0.09466,0.09213,0.0936,30987879
1745524800000,0.0936,0.09546,0.09325,0.09511,26248923
1745539200000,0.0951,0.09658,0.0934,0.09523,29742327
1745553600000,0.09523,0.1004,0.09491,0.10039,52760184
1745568000000,0.10037,0.10342,0.09985,0.10315,72018108
1745582400000,0.10316,0.10445,0.10077,0.1022,56261686
1745596800000,0.10218,0.10286,0.10011,0.10081,35636653
1745611200000,0.1008,0.1015,0.0994,0.10068,18635662
1745625600000,0.10068,0.10525,0.10066,0.10477,38247567
1745640000000,0.10477,0.10663,0.10339,0.10484,40411701
1745654400000,0.10482,0.10572,0.10097,0.10146,38917595
1745668800000,0.10147,0.10282,0.10011,0.10271,25310852
1745683200000,0.10272,0.10318,0.10135,0.10298,13874438
1745697600000,0.10297,0.10377,0.1017,0.10351,18557447
1745712000000,0.10352,0.10446,0.10016,0.10157,28494313
1745726400000,0.10154,0.10346,0.10031,0.10152,34262458
1745740800000,0.10152,0.10224,0.10066,0.10074,15029292
1745755200000,0.10073,0.10153,0.09901,0.09922,29977282
1745769600000,0.09922,0.10015,0.09819,0.10006,19629204
1745784000000,0.10006,0.10008,0.09779,0.09787,16395924
1745798400000,0.09788,0.09974,0.09553,0.09935,29232929
1745812800000,0.09936,0.10056,0.09666,0.09931,63777491
1745827200000,0.0993,0.10133,0.09889,0.10035,41013695
1745841600000,0.10035,0.10053,0.09587,0.09667,42746795
1745856000000,0.09664,0.09961,0.09572,0.09926,27791736
1745870400000,0.09925,0.09941,0.09794,0.09885,18866506
1745884800000,0.09884,0.09994,0.09823,0.0997,15182281
1745899200000,0.09972,0.10135,0.09857,0.10131,19847143
1745913600000,0.10131,0.10185,0.09889,0.09963,23055585
1745928000000,0.09961,0.10024,0.09756,0.09921,22527514
1745942400000,0.09922,0.10032,0.09882,0.09907,14183357
1745956800000,0.09908,0.09933,0.09556,0.09686,24299838
1745971200000,0.09686,0.09801,0.09608,0.09775,11941826
1745985600000,0.09777,0.09883,0.097,0.09729,12900962
1746000000000,0.09729,0.09833,0.09661,0.09805,10501859
1746014400000,0.09805,0.09815,0.09258,0.0947,40868206
1746028800000,0.09469,0.09622,0.09393,0.09505,19672393
1746043200000,0.09505,0.09628,0.09495,0.09604,14230733
1746057600000,0.09604,0.0983,0.09595,0.09654,15999041
1746072000000,0.09656,0.09758,0.09571,0.09717,12280766
1746086400000,0.09718,0.10032,0.09695,0.09965,30105985
1746100800000,0.09966,0.10079,0.09833,0.09923,28491487
1746115200000,0.09925,0.10273,0.09871,0.10221,39414822
1746129600000,0.10221,0.10407,0.09971,0.10046,45236973
1746144000000,0.10048,0.10192,0.09952,0.10092,30883339
1746158400000,0.10092,0.10098,0.099,0.0993,25771162
1746172800000,0.09929,0.1006,0.09924,0.09945,14279828
1746187200000,0.09946,0.10117,0.09881,0.10002,25499618
1746201600000,0.10004,0.10111,0.0972,0.09752,34323771
1746216000000,0.09752,0.09862,0.09736,0.09811,13738320
1746230400000,0.09812,0.09829,0.09662,0.09731,12071196
1746244800000,0.0973,0.09772,0.09616,0.09658,10907491
1746259200000,0.09657,0.09673,0.0947,0.09483,16618527
1746273600000,0.09482,0.09617,0.09473,0.09546,14687816
1746288000000,0.09545,0.09549,0.09244,0.09518,29152750
1746302400000,0.09518,0.09524,0.09315,0.0932,11898501
1746316800000,0.0932,0.094,0.09165,0.09186,25690721
1746331200000,0.09186,0.0927,0.09138,0.09178,17654645
1746345600000,0.09179,0.0919,0.09066,0.09115,18941742
1746360000000,0.09115,0.09155,0.08993,0.09097,18995301
1746374400000,0.09095,0.09114,0.08954,0.09002,15131055
1746388800000,0.09002,0.09099,0.08951,0.08985,15186342
1746403200000,0.08986,0.09146,0.08861,0.09058,23743737
1746417600000,0.09058,0.09182,0.09042,0.09116,12116982
1746432000000,0.09117,0.0914,0.08926,0.08952,13780168
1746446400000,0.08952,0.09003,0.08866,0.08931,23628022
1746460800000,0.08931,0.09231,0.08916,0.09078,27361051
1746475200000,0.09079,0.09252,0.08941,0.09177,32981406
1746489600000,0.09177,0.09206,0.09025,0.09143,23032048
1746504000000,0.09143,0.09178,0.09059,0.09073,15743756
1746518400000,0.09073,0.09073,0.08706,0.0876,40503190
1746532800000,0.08761,0.08921,0.08669,0.08782,34259778
1746547200000,0.08781,0.0891,0.08701,0.08826,23725033
1746561600000,0.08827,0.09005,0.086,0.08984,28072688
1746576000000,0.08986,0.0917,0.0895,0.09058,22547541
1746590400000,0.09058,0.09162,0.08995,0.09154,17977980
1746604800000,0.09153,0.09247,0.09104,0.09152,18067556
1746619200000,0.09153,0.09207,0.08983,0.09012,19001381
1746633600000,0.09012,0.09026,0.08854,0.08907,30739707
1746648000000,0.08907,0.0917,0.08881,0.09133,17824386
1746662400000,0.09133,0.09624,0.0911,0.09617,30783633
1746676800000,0.09619,0.0971,0.09538,0.09666,28977316
1746691200000,0.09667,0.0981,0.09665,0.09788,26147929
1746705600000,0.0979,0.10093,0.09716,0.0997,40086639
1746720000000,0.09972,0.10108,0.09936,0.10078,31101391
1746734400000,0.10079,0.10381,0.10022,0.10375,42326535
1746748800000,0.10375,0.10513,0.10257,0.10322,31094666
1746763200000,0.10325,0.10759,0.10305,0.10624,36411974
1746777600000,0.10624,0.11183,0.10463,0.11097,99151353
1746792000000,0.11097,0.11371,0.10954,0.11105,74039898
1746806400000,0.11108,0.11161,0.10903,0.11002,32579797
1746820800000,0.11004,0.11231,0.10973,0.11222,18818951
1746835200000,0.11221,0.11616,0.11145,0.11612,52353035
1746849600000,0.11609,0.11992,0.11494,0.11912,87145821
1746864000000,0.11913,0.12056,0.11539,0.11604,62644532
1746878400000,0.11603,0.11944,0.11594,0.11712,32348999
1746892800000,0.11712,0.12127,0.11667,0.12107,44583808
1746907200000,0.12106,0.12578,0.12002,0.1253,52316515
1746921600000,0.12528,0.12625,0.12047,0.12229,56165535
1746936000000,0.12229,0.12395,0.11724,0.11842,54043553
1746950400000,0.1184,0.12035,0.11756,0.12016,31881068
1746964800000,0.12016,0.12062,0.11607,0.1172,42286974
1746979200000,0.11722,0.11964,0.11487,0.11919,43954274
1746993600000,0.1192,0.1197,0.1172,0.1182,24265417
1747008000000,0.11822,0.12144,0.11711,0.12091,36584212
1747022400000,0.12092,0.12555,0.11813,0.12237,61140971
1747036800000,0.12237,0.12514,0.12057,0.12101,48676332
1747051200000,0.12099,0.12387,0.11708,0.11778,79896032
1747065600000,0.11781,0.11999,0.11234,0.11618,67500424
1747080000000,0.11614,0.11951,0.11538,0.11831,23076106
1747094400000,0.11831,0.11867,0.11161,0.11162,39418286
1747108800000,0.11161,0.11751,0.11114,0.11618,43384589
1747123200000,0.11619,0.12064,0.11598,0.11988,44254825
1747137600000,0.11986,0.12153,0.11802,0.12111,46658926
1747152000000,0.12112,0.12765,0.12083,0.12659,42815499
1747166400000,0.12658,0.13148,0.12522,0.12781,56353035
1747180800000,0.12782,0.13115,0.12719,0.12813,43020780
1747195200000,0.12811,0.12931,0.1257,0.12631,25801116
1747209600000,0.12629,0.12678,0.12267,0.12558,39578059
1747224000000,0.12558,0.12636,0.1213,0.12265,39385675
1747238400000,0.12266,0.124,0.12104,0.12306,25377876
1747252800000,0.12308,0.12341,0.12031,0.1217,18184134
1747267200000,0.12171,0.12331,0.11869,0.11938,26950972
1747281600000,0.11938,0.11992,0.11373,0.11427,38880959
1747296000000,0.11424,0.11604,0.11204,0.11463,33841365
1747310400000,0.11463,0.1168,0.11188,0.11667,50472117
1747324800000,0.11663,0.1187,0.11348,0.1149,37025714
1747339200000,0.1149,0.11563,0.11105,0.11407,26665915
1747353600000,0.11407,0.11599,0.11221,0.11508,27550735
1747368000000,0.11507,0.11549,0.11322,0.11447,22221071
1747382400000,0.11447,0.11635,0.11237,0.11502,22394981
1747396800000,0.11503,0.11574,0.11218,0.11325,30649781
1747411200000,0.11328,0.11393,0.11161,0.11268,16635543
1747425600000,0.11267,0.1128,0.10881,0.11005,29111952
1747440000000,0.11005,0.11042,0.10532,0.10731,40034716
1747454400000,0.10732,0.109,0.10665,0.10793,20478859
1747468800000,0.10793,0.10794,0.1061,0.1069,16728015
1747483200000,0.10688,0.10716,0.10492,0.10637,19375216
1747497600000,0.10636,0.10669,0.10367,0.10517,28290748
1747512000000,0.10513,0.10714,0.10429,0.10554,18986291
1747526400000,0.10553,0.10642,0.10484,0.10554,14573122
1747540800000,0.10555,0.11044,0.10547,0.11026,22877227
1747555200000,0.11026,0.11172,0.10981,0.10987,23634041
1747569600000,0.10986,0.11581,0.10881,0.11539,37917903
1747584000000,0.11542,0.11646,0.10758,0.10764,54970650
1747598400000,0.10765,0.11508,0.10508,0.11437,52901104
1747612800000,0.1144,0.11484,0.10736,0.10772,36169427
1747627200000,0.10772,0.10838,0.10476,0.10697,34661863
1747641600000,0.10697,0.10716,0.10529,0.10644,25265871
1747656000000,0.10642,0.10969,0.10435,0.10919,39697859
1747670400000,0.1092,0.11203,0.10823,0.1098,32047837
1747684800000,0.10981,0.11056,0.10863,0.11035,12887755
1747699200000,0.11036,0.11423,0.10886,0.11129,35324311
1747713600000,0.11129,0.11209,0.10865,0.10893,26350979
1747728000000,0.10892,0.10929,0.10584,0.10696,31641125
1747742400000,0.10695,0.10814,0.10568,0.10795,27846298
1747756800000,0.10792,0.10998,0.10583,0.10954,41686746
1747771200000,0.10951,0.11207,0.10893,0.11077,33997934
1747785600000,0.11077,0.11341,0.10872,0.11258,38729732
1747800000000,0.11257,0.1147,0.11117,0.11176,42601553
1747814400000,0.11177,0.11199,0.10859,0.11038,30575049
1747828800000,0.11037,0.11293,0.10938,0.11264,35043594
1747843200000,0.11265,0.11625,0.10906,0.11238,76133540
1747857600000,0.11234,0.11574,0.11157,0.11442,33123031
1747872000000,0.11443,0.1181,0.11441,0.11767,29440876
1747886400000,0.11768,0.11839,0.11637,0.11808,21326851
1747900800000,0.11808,0.12103,0.11784,0.11938,30962771
1747915200000,0.11941,0.12372,0.11807,0.12211,43273105
1747929600000,0.12213,0.12338,0.12057,0.12119,32436118
1747944000000,0.1212,0.12253,0.11955,0.12233,22733616
1747958400000,0.12234,0.12524,0.12064,0.12388,45019022
1747972800000,0.12389,0.12419,0.11789,0.11844,48452756
1747987200000,0.11845,0.12173,0.11399,0.11493,77296760
1748001600000,0.11493,0.11679,0.11138,0.1143,112213737
1748016000000,0.11431,0.11603,0.1132,0.1134,30992602
1748030400000,0.11337,0.11343,0.10825,0.10916,34225077
1748044800000,0.10919,0.1114,0.10823,0.1108,39808284
1748059200000,0.1108,0.11128,0.1091,0.10927,18353671
1748073600000,0.10928,0.11115,0.10843,0.11046,27631768
1748088000000,0.11046,0.11087,0.10938,0.11006,19259013
1748102400000,0.11004,0.11071,0.10862,0.10919,17980610
1748116800000,0.1092,0.10977,0.10709,0.10791,21085860
1748131200000,0.10793,0.10836,0.10481,0.10699,26357518
1748145600000,0.10697,0.10751,0.10548,0.10588,13878800
1748160000000,0.10585,0.10587,0.10371,0.10529,27223597
1748174400000,0.10528,0.10692,0.1036,0.10534,26762639
1748188800000,0.10534,0.10604,0.10372,0.10553,18344665
1748203200000,0.10553,0.11021,0.1046,0.1101,30176207
1748217600000,0.11011,0.11246,0.10957,0.11158,27006620
1748232000000,0.11158,0.1149,0.11137,0.11425,27397124
1748246400000,0.11426,0.1148,0.11101,0.11176,27546168
1748260800000,0.11176,0.11312,0.10929,0.11214,43616427
1748275200000,0.11215,0.11288,0.10773,0.10833,42689158
1748289600000,0.10831,0.11082,0.10784,0.10999,18819269
1748304000000,0.10999,0.11085,0.10669,0.10911,24805418
1748318400000,0.10911,0.11282,0.1083,0.11205,32033868
1748332800000,0.11206,0.1133,0.11168,0.11288,22119265
1748347200000,0.11289,0.1151,0.11057,0.11278,41074932
1748361600000,0.1128,0.11467,0.11225,0.11277,24913008
1748376000000,0.11278,0.11348,0.11079,0.11146,17122199
1748390400000,0.11144,0.11238,0.11008,0.11204,24215966
1748404800000,0.11203,0.11305,0.1104,0.11041,23714759
1748419200000,0.11041,0.11122,0.10847,0.11119,31258285
1748433600000,0.1112,0.11363,0.10702,0.10756,45442293
1748448000000,0.10757,0.10969,0.10628,0.10639,42275150
1748462400000,0.10639,0.11129,0.10629,0.1111,35766463
1748476800000,0.11112,0.11387,0.11035,0.11211,43467884
1748491200000,0.11211,0.11231,0.10886,0.11033,31153749
1748505600000,0.11034,0.11119,0.10944,0.11056,21714524
1748520000000,0.11055,0.11061,0.10685,0.10783,29255658
1748534400000,0.10785,0.10837,0.10558,0.10605,25443199
1748548800000,0.10606,0.10727,0.10454,0.10525,22603822
1748563200000,0.10524,0.10596,0.09864,0.10202,64606419
1748577600000,0.10202,0.10202,0.0982,0.09918,49338719
1748592000000,0.09919,0.10019,0.09812,0.09928,46432113
1748606400000,0.09928,0.09999,0.09745,0.09823,40640531
1748620800000,0.09824,0.09886,0.09404,0.09648,63519037
1748635200000,0.09645,0.09662,0.09068,0.09216,42792981
1748649600000,0.09214,0.09252,0.08904,0.09081,43140316
1748664000000,0.09081,0.09365,0.09023,0.09338,29412310
1748678400000,0.09337,0.09382,0.09224,0.0926,27431528
1748692800000,0.09261,0.09599,0.09253,0.09465,32680997
1748707200000,0.09464,0.09623,0.09422,0.09564,28856177
1748721600000,0.09563,0.09694,0.09472,0.09504,28336960
1748736000000,0.09502,0.09542,0.09338,0.09445,19030412
1748750400000,0.09444,0.09586,0.09408,0.09483,13126392
1748764800000,0.09481,0.09495,0.09241,0.09403,21740536
1748779200000,0.09405,0.09626,0.09316,0.09557,17671933
1748793600000,0.09554,0.09668,0.0937,0.09511,27552196
1748808000000,0.09513,0.09664,0.09461,0.09605,13608154
1748822400000,0.09605,0.09643,0.09408,0.09451,17082105
1748836800000,0.0945,0.09563,0.09335,0.09492,20682879
1748851200000,0.09491,0.09562,0.09278,0.09364,27655312
1748865600000,0.09362,0.09551,0.09322,0.09502,26236308
1748880000000,0.09502,0.09601,0.09345,0.09415,20787325
1748894400000,0.09414,0.09822,0.09413,0.09778,26773753
1748908800000,0.09779,0.10089,0.09755,0.09794,32506147
1748923200000,0.09795,0.09912,0.09722,0.0981,17783126
1748937600000,0.09814,0.09895,0.09715,0.09828,17425476
1748952000000,0.0983,0.10046,0.09785,0.09954,32593299
1748966400000,0.09955,0.10025,0.09875,0.09955,24506439
1748980800000,0.09955,0.09961,0.09714,0.09739,22461881
1748995200000,0.09738,0.09965,0.09672,0.09842,24719676
1749009600000,0.09843,0.09868,0.09729,0.09799,18681248
1749024000000,0.098,0.09879,0.09692,0.09696,26733002
1749038400000,0.09697,0.09803,0.0952,0.09781,28415164
1749052800000,0.09782,0.0979,0.0955,0.0955,24222543
1749067200000,0.0955,0.0956,0.0937,0.09436,20719824
1749081600000,0.09435,0.09541,0.09388,0.09489,15375891
1749096000000,0.09489,0.09548,0.09352,0.09456,19583328
1749110400000,0.09457,0.0948,0.09296,0.09374,15475990
1749124800000,0.09374,0.09566,0.09204,0.09305,38718908
1749139200000,0.09306,0.09318,0.08802,0.08915,47392948
1749153600000,0.08916,0.08939,0.08583,0.08704,63146812
1749168000000,0.08704,0.08932,0.08657,0.08906,20889995
1749182400000,0.08907,0.09006,0.08883,0.08927,17510530
1749196800000,0.08927,0.09007,0.08908,0.08967,16026844
1749211200000,0.08968,0.09274,0.08968,0.09184,33351890
1749225600000,0.09184,0.09216,0.08953,0.08962,24467970
1749240000000,0.08963,0.09067,0.08893,0.08928,18970655
1749254400000,0.08927,0.09196,0.08901,0.09182,14297118
1749268800000,0.09184,0.09307,0.09142,0.09276,12915241
1749283200000,0.09277,0.09329,0.09216,0.09297,11207994
1749297600000,0.09296,0.09345,0.09159,0.09188,16182288
1749312000000,0.09187,0.09239,0.09117,0.09131,18593531
1749326400000,0.09131,0.0919,0.09097,0.09163,11131433
1749340800000,0.09164,0.09181,0.09076,0.09088,11774816
1749355200000,0.09088,0.09366,0.09073,0.09149,35033039
1749369600000,0.09151,0.09201,0.09054,0.09183,22465808
1749384000000,0.09184,0.09247,0.09101,0.09223,17070061
1749398400000,0.09224,0.09282,0.09173,0.09267,14126351
1749412800000,0.09269,0.09333,0.0911,0.09152,15690163
1749427200000,0.09152,0.09192,0.09025,0.09082,13755336
1749441600000,0.09081,0.09112,0.08953,0.0908,13413536
1749456000000,0.09081,0.09421,0.09041,0.09394,24955174
1749470400000,0.09393,0.09437,0.09252,0.094,25883416
1749484800000,0.09399,0.09553,0.09397,0.09426,26226804
1749499200000,0.09428,0.09774,0.09427,0.09736,29943028
1749513600000,0.09736,0.09885,0.09693,0.09739,27630282
1749528000000,0.09739,0.09802,0.09541,0.09656,21517935
1749542400000,0.09657,0.09986,0.09593,0.09983,26470087
1749556800000,0.09984,0.10077,0.09719,0.09873,38383853
1749571200000,0.09873,0.10148,0.09836,0.10034,27602333
1749585600000,0.10034,0.10244,0.09979,0.10217,24070360
1749600000000,0.10217,0.10256,0.1001,0.10099,19352497
1749614400000,0.101,0.10161,0.1003,0.10098,13351441
1749628800000,0.10099,0.10145,0.0984,0.09921,19973254
1749643200000,0.09921,0.10292,0.09864,0.10256,37374604
1749657600000,0.10255,0.10261,0.09812,0.09827,30998617
1749672000000,0.09827,0.09898,0.09614,0.09708,25799883
1749686400000,0.0971,0.0972,0.09437,0.09472,24485006
1749700800000,0.09472,0.09527,0.09341,0.09358,22967341
1749715200000,0.09357,0.09431,0.09201,0.09228,29691483
1749729600000,0.0923,0.09513,0.09179,0.09281,35256966
1749744000000,0.09278,0.09516,0.09119,0.09169,25571348
1749758400000,0.09165,0.09213,0.08955,0.08961,34255007
1749772800000,0.08959,0.08962,0.08273,0.0859,101331578
1749787200000,0.08591,0.08605,0.0843,0.08562,39407893
1749801600000,0.08561,0.08647,0.08483,0.08647,35563129
1749816000000,0.08647,0.08733,0.08485,0.08675,34294354
1749830400000,0.08678,0.08799,0.08539,0.08614,25621729
1749844800000,0.08612,0.08834,0.08599,0.08806,14313212
1749859200000,0.08807,0.08824,0.08673,0.0875,13995900
1749873600000,0.08748,0.08845,0.08722,0.08794,12079890
1749888000000,0.08792,0.08838,0.08727,0.08816,8844475
1749902400000,0.08815,0.08871,0.0865,0.087,16211875
1749916800000,0.08699,0.08727,0.08545,0.08617,17874263
1749931200000,0.08618,0.08753,0.08541,0.08699,11326079
1749945600000,0.08698,0.08747,0.08652,0.08691,8228498
1749960000000,0.08692,0.08776,0.08618,0.08665,13884394
1749974400000,0.08666,0.08684,0.08596,0.0866,13493732
1749988800000,0.0866,0.08766,0.08601,0.08654,13711566
1750003200000,0.08656,0.08695,0.08576,0.086,13520243
1750017600000,0.08601,0.08699,0.08476,0.08662,16484185
1750032000000,0.08662,0.08766,0.08527,0.08687,17822939
1750046400000,0.08688,0.08965,0.08686,0.08948,24731057
1750060800000,0.08949,0.09028,0.08866,0.08941,20124152
1750075200000,0.08941,0.09104,0.08855,0.09037,28280417
1750089600000,0.09038,0.0912,0.0903,0.09089,15147640
1750104000000,0.09087,0.09176,0.08734,0.08761,34866581
1750118400000,0.08759,0.08874,0.0858,0.08822,31071506
1750132800000,0.0882,0.08824,0.08663,0.08683,13997384
1750147200000,0.0868,0.08688,0.08469,0.08504,22001415
1750161600000,0.08502,0.08607,0.08312,0.08385,23850391
1750176000000,0.08382,0.08528,0.08177,0.08449,45240093
1750190400000,0.08447,0.08503,0.08283,0.08372,19581761
1750204800000,0.08371,0.08479,0.08339,0.08441,15822670
1750219200000,0.0844,0.08528,0.08394,0.08431,15909338
1750233600000,0.08434,0.08463,0.08081,0.08231,35762787
1750248000000,0.0823,0.08326,0.08,0.08236,39882628
1750262400000,0.08236,0.08332,0.08138,0.08185,23900659
1750276800000,0.08188,0.08472,0.0816,0.08449,23322808
1750291200000,0.08448,0.08543,0.08359,0.08476,16571870
1750305600000,0.08479,0.08548,0.08394,0.08398,15085214
1750320000000,0.08397,0.08501,0.08388,0.08396,12812313
1750334400000,0.08396,0.08436,0.08267,0.08292,17098503
1750348800000,0.08291,0.08377,0.08192,0.08266,21385524
1750363200000,0.08266,0.08411,0.08246,0.08374,20535790
1750377600000,0.08374,0.08409,0.08308,0.0835,11168303
1750392000000,0.08349,0.08477,0.08245,0.08465,16748294
1750406400000,0.08466,0.08539,0.08451,0.08499,19757326
1750420800000,0.085,0.08548,0.082,0.08232,29343071
1750435200000,0.08232,0.08241,0.07881,0.08072,57481578
1750449600000,0.08071,0.0816,0.07958,0.08019,20730907
1750464000000,0.08019,0.08186,0.08004,0.08162,13566391
1750478400000,0.08163,0.08165,0.08085,0.08108,12134892
1750492800000,0.08108,0.08136,0.08065,0.0809,12812583
1750507200000,0.0809,0.08106,0.07851,0.07938,25319493
1750521600000,0.07936,0.07967,0.0771,0.07722,25174670
1750536000000,0.07721,0.07798,0.07461,0.07657,47518229
1750550400000,0.07655,0.07753,0.07461,0.07512,36639641
1750564800000,0.07513,0.07637,0.07482,0.07534,21743136
1750579200000,0.07535,0.0755,0.07388,0.07465,22851345
1750593600000,0.07466,0.07502,0.07049,0.07165,91018024
1750608000000,0.07164,0.07271,0.07114,0.07141,29979241
1750622400000,0.07142,0.07332,0.06921,0.07311,43659093
1750636800000,0.0731,0.07413,0.07289,0.07334,26826137
1750651200000,0.07336,0.07487,0.07327,0.0743,22662581
1750665600000,0.0743,0.07453,0.07379,0.0741,15538927
1750680000000,0.07412,0.07623,0.07348,0.07413,45448878
1750694400000,0.07413,0.07711,0.07221,0.07684,57521186
1750708800000,0.07684,0.08172,0.0767,0.08137,52609512
1750723200000,0.08139,0.08257,0.08133,0.08166,30672727
1750737600000,0.08162,0.08462,0.08149,0.08322,27887283
1750752000000,0.08321,0.08372,0.08203,0.08243,20986387
1750766400000,0.08243,0.0838,0.08209,0.08319,32451093
1750780800000,0.0832,0.08538,0.08208,0.0827,40086426
1750795200000,0.08269,0.08429,0.08241,0.08391,18957628
1750809600000,0.08393,0.08448,0.08338,0.0834,17080597
1750824000000,0.0834,0.08393,0.08271,0.08367,14857169
1750838400000,0.08368,0.0839,0.0818,0.08337,21053579
1750852800000,0.08337,0.08451,0.08097,0.08122,33234379
1750867200000,0.08122,0.08233,0.08079,0.08174,22090120
1750881600000,0.08174,0.08256,0.08023,0.08085,19018571
1750896000000,0.08085,0.08345,0.0804,0.082,23491921
1750910400000,0.08201,0.08258,0.0808,0.08216,17585907
1750924800000,0.08215,0.0826,0.08059,0.08096,14770762
1750939200000,0.08095,0.08103,0.07861,0.07946,33231806
1750953600000,0.07945,0.0801,0.0786,0.07972,18350171
1750968000000,0.07972,0.08107,0.07872,0.07891,20009136
1750982400000,0.0789,0.08014,0.07777,0.07996,23564969
1750996800000,0.07997,0.08104,0.07928,0.07945,19319385
1751011200000,0.07946,0.0809,0.07946,0.07988,17026875
1751025600000,0.0799,0.08123,0.07901,0.08098,22702151
1751040000000,0.08097,0.08252,0.0788,0.07947,40227293
1751054400000,0.07947,0.08124,0.07931,0.08099,16423506
1751068800000,0.08099,0.08178,0.08077,0.08126,19011199
1751083200000,0.08126,0.08198,0.08076,0.08182,11321434
1751097600000,0.08183,0.08244,0.08137,0.08208,17216045
1751112000000,0.08208,0.08262,0.08124,0.08239,15724982
1751126400000,0.0824,0.08397,0.0823,0.08319,20270993
1751140800000,0.08322,0.08462,0.08292,0.08425,13582518
1751155200000,0.08425,0.08486,0.08361,0.08366,13215164
1751169600000,0.08367,0.08517,0.08357,0.08516,10051246
1751184000000,0.08516,0.08549,0.08453,0.08468,19176047
1751198400000,0.08466,0.08487,0.08316,0.08335,16004745
1751212800000,0.08333,0.08467,0.08322,0.08462,16485565
1751227200000,0.08462,0.0887,0.08381,0.08767,32003901
1751241600000,0.08769,0.08832,0.08571,0.08597,18125183
1751256000000,0.08597,0.08603,0.08441,0.0855,19836306
1751270400000,0.0855,0.08566,0.08418,0.08471,22847989
1751284800000,0.0847,0.08579,0.08354,0.0849,44057660
1751299200000,0.0849,0.08631,0.08444,0.08617,17626964
1751313600000,0.08614,0.08634,0.0838,0.08389,17924920
1751328000000,0.08389,0.08454,0.08257,0.08281,26584661
1751342400000,0.08282,0.08283,0.08103,0.08209,27318337
1751356800000,0.08209,0.08209,0.08073,0.08096,21815481
1751371200000,0.08097,0.08182,0.08025,0.08053,30092919
1751385600000,0.08053,0.08078,0.07933,0.07961,21620815
1751400000000,0.07961,0.08036,0.07889,0.07967,20513577
1751414400000,0.07967,0.08087,0.07872,0.08007,14738434
1751428800000,0.08006,0.08242,0.07995,0.08205,23187423
1751443200000,0.08205,0.08297,0.08171,0.08239,16404105
1751457600000,0.08238,0.08463,0.08158,0.0846,34218107
1751472000000,0.0846,0.0881,0.08403,0.08804,54445404
1751486400000,0.08804,0.08858,0.0865,0.08682,31812791
1751500800000,0.0868,0.08797,0.08667,0.08709,15890239
1751515200000,0.08709,0.08914,0.08698,0.08895,25381473
1751529600000,0.08896,0.0893,0.08763,0.08781,22230585
1751544000000,0.0878,0.08911,0.08592,0.0861,34595713
1751558400000,0.0861,0.08751,0.08602,0.08745,17749594
1751572800000,0.08746,0.08811,0.08701,0.08734,14515521
1751587200000,0.08734,0.08831,0.08611,0.08646,19404079
1751601600000,0.08646,0.08694,0.08406,0.0841,20180455
1751616000000,0.08409,0.08493,0.08331,0.08444,21488713
1751630400000,0.08444,0.08476,0.08246,0.08249,28213635
1751644800000,0.0825,0.08261,0.08113,0.08135,29380130
1751659200000,0.08136,0.08293,0.08118,0.08247,17587830
1751673600000,0.08248,0.08328,0.08214,0.08274,16821741
1751688000000,0.08276,0.08324,0.082,0.08279,12198938
1751702400000,0.08278,0.08292,0.08198,0.08235,10708141
1751716800000,0.08236,0.08244,0.08139,0.08169,13764671
1751731200000,0.0817,0.08212,0.08078,0.08158,19555734
1751745600000,0.08157,0.08275,0.08145,0.08245,27765646
1751760000000,0.08245,0.08261,0.08176,0.08202,11532438
1751774400000,0.08203,0.08299,0.08191,0.08246,11097388
1751788800000,0.08246,0.08271,0.08183,0.08267,9175104
1751803200000,0.08268,0.08478,0.08251,0.08443,24433480
1751817600000,0.08443,0.08522,0.08372,0.08443,17523327
1751832000000,0.08442,0.08646,0.08427,0.08471,22470910
1751846400000,0.08472,0.08562,0.08406,0.08487,16725943
1751860800000,0.08488,0.08529,0.08396,0.08528,15142213
1751875200000,0.08528,0.08556,0.08406,0.0843,17751035
1751889600000,0.0843,0.08491,0.0831,0.08367,26883225
1751904000000,0.0837,0.08407,0.08242,0.08329,25822910
1751918400000,0.0833,0.0833,0.08203,0.08305,19356619
1751932800000,0.08306,0.08345,0.08169,0.08217,20981837
1751947200000,0.08216,0.0829,0.08164,0.0825,14017284
1751961600000,0.08249,0.08428,0.08199,0.08379,19250246
1751976000000,0.0838,0.08445,0.08276,0.08301,33912318
1751990400000,0.08302,0.08599,0.08266,0.08536,33372807
1752004800000,0.08537,0.08565,0.08467,0.08514,14658167
1752019200000,0.08513,0.08546,0.08429,0.08488,21833772
1752033600000,0.08487,0.08645,0.08452,0.08626,18914071
1752048000000,0.08626,0.08728,0.08605,0.08705,25898103
1752062400000,0.08705,0.08773,0.08631,0.08713,28877343
1752076800000,0.08713,0.09051,0.08686,0.09024,48234271
1752091200000,0.09022,0.09097,0.0895,0.0903,34334525
1752105600000,0.09032,0.09073,0.08937,0.09037,17967244
1752120000000,0.09036,0.09134,0.08972,0.09088,21523323
1752134400000,0.09088,0.0912,0.09025,0.0905,17794492
1752148800000,0.09049,0.09111,0.08949,0.08973,32568903
1752163200000,0.08974,0.09364,0.08974,0.09258,54044805
1752177600000,0.09256,0.09771,0.09256,0.09707,55790371
1752192000000,0.09707,0.09903,0.09551,0.09885,37385088
1752206400000,0.09879,0.10124,0.09744,0.09766,57817676
1752220800000,0.09767,0.10013,0.09767,0.09877,36215658
1752235200000,0.09878,0.10151,0.09815,0.09845,48055200
1752249600000,0.09849,0.10052,0.09806,0.10049,32566643
1752264000000,0.10046,0.10053,0.09486,0.09619,43548002
1752278400000,0.09622,0.09793,0.09451,0.09765,26489887
1752292800000,0.09765,0.09829,0.09531,0.09757,26434916
1752307200000,0.09757,0.09814,0.09671,0.09753,19361851
1752321600000,0.09756,0.09801,0.09273,0.09338,54890316
1752336000000,0.09339,0.09556,0.09283,0.09544,22071828
1752350400000,0.09545,0.09597,0.09384,0.09584,14615050
1752364800000,0.09585,0.09704,0.09544,0.09673,18662241
1752379200000,0.09673,0.09908,0.09624,0.09847,23594691
1752393600000,0.09846,0.09906,0.09749,0.09904,35276995
1752408000000,0.09902,0.10158,0.09835,0.10035,49635458
1752422400000,0.10036,0.10112,0.09909,0.10018,20505038
1752436800000,0.10017,0.10098,0.09775,0.09943,27712432
1752451200000,0.09944,0.1036,0.09911,0.10307,34789125
1752465600000,0.10307,0.10493,0.10181,0.10383,50899633
1752480000000,0.10385,0.10392,0.10186,0.10211,38323541
1752494400000,0.10211,0.10363,0.09902,0.09984,71823265
1752508800000,0.09983,0.10131,0.09842,0.09887,38248832
1752523200000,0.09887,0.09968,0.09766,0.09911,32791901
1752537600000,0.09911,0.09998,0.09558,0.09633,45568670
1752552000000,0.09633,0.09819,0.09518,0.09683,50818539
1752566400000,0.09683,0.09782,0.09418,0.09742,63763783
1752580800000,0.09743,0.09975,0.0957,0.09903,76845308
1752595200000,0.09904,0.10253,0.09892,0.09946,77301637
1752609600000,0.09946,0.10346,0.09899,0.10342,29917889
1752624000000,0.10344,0.10436,0.10119,0.1016,34776804
1752638400000,0.10163,0.10402,0.10073,0.10348,26837283
1752652800000,0.10344,0.10398,0.10273,0.10329,21135088
1752667200000,0.10334,0.10465,0.10202,0.10324,52525588
1752681600000,0.10323,0.10666,0.10293,0.10493,50300458
1752696000000,0.10491,0.10703,0.10338,0.10384,48442362
1752710400000,0.10385,0.10575,0.10105,0.10175,39976414
1752724800000,0.10175,0.10538,0.10149,0.10505,32558028
1752739200000,0.10504,0.10699,0.10456,0.10566,43424220
1752753600000,0.10565,0.10717,0.10341,0.10489,59073320
1752768000000,0.10487,0.10522,0.10222,0.10313,46989036
1752782400000,0.10314,0.10748,0.10178,0.10639,50417381
1752796800000,0.1064,0.10986,0.10513,0.10976,48875820
1752811200000,0.10977,0.1146,0.10933,0.11187,80346856
1752825600000,0.11186,0.11349,0.11012,0.11151,57309622
1752840000000,0.11153,0.11367,0.10722,0.10814,63088330
1752854400000,0.10813,0.11003,0.10601,0.10735,40729690
1752868800000,0.10736,0.1077,0.104,0.10681,44515834
1752883200000,0.10683,0.10933,0.10421,0.10926,29571235
1752897600000,0.1093,0.1106,0.10768,0.10804,29521796
1752912000000,0.10804,0.10838,0.1063,0.10657,24964044
1752926400000,0.10656,0.10706,0.10463,0.10572,39890803
1752940800000,0.10575,0.11014,0.10522,0.10968,33328109
1752955200000,0.10969,0.11049,0.1081,0.10999,22829917
1752969600000,0.11,0.1113,0.10912,0.11021,18575978
1752984000000,0.1102,0.1125,0.1098,0.11166,20701778
1752998400000,0.11167,0.11494,0.11167,0.11418,35336866
1753012800000,0.1142,0.11708,0.11337,0.11686,38150756
1753027200000,0.11686,0.11823,0.11552,0.11687,49061824
1753041600000,0.11688,0.11713,0.11285,0.11567,53273340
1753056000000,0.11569,0.11792,0.11307,0.11784,47524940
1753070400000,0.11783,0.11927,0.11627,0.11879,39344680
1753084800000,0.1188,0.11993,0.11678,0.11806,31323026
1753099200000,0.11806,0.12064,0.11705,0.11802,49239294
1753113600000,0.11804,0.11831,0.11385,0.11431,59596048
1753128000000,0.1143,0.11563,0.11323,0.11473,33459322
1753142400000,0.11473,0.11563,0.11094,0.11239,71227767
1753156800000,0.11237,0.1125,0.10925,0.11056,57502040
1753171200000,0.11053,0.11474,0.10809,0.11293,116115571
1753185600000,0.11295,0.11371,0.10837,0.11077,107357208
1753200000000,0.11077,0.11244,0.10927,0.10961,50660046
1753214400000,0.10958,0.11391,0.10938,0.11354,36705746
1753228800000,0.11354,0.11375,0.11084,0.11191,36865905
1753243200000,0.11193,0.11349,0.11025,0.11078,24579331
1753257600000,0.11081,0.11102,0.10811,0.10913,33094742
1753272000000,0.10913,0.10957,0.10343,0.10572,97761838
1753286400000,0.10571,0.10571,0.10052,0.10259,69128696
1753300800000,0.10257,0.10325,0.09895,0.10254,75224259
1753315200000,0.10256,0.10769,0.10178,0.10658,79206633
1753329600000,0.10658,0.1077,0.0982,0.10156,103407793
1753344000000,0.10154,0.10437,0.10037,0.10378,48373451
1753358400000,0.10377,0.10718,0.10161,0.10549,67731040
1753372800000,0.1055,0.10621,0.10258,0.10421,41601702
1753387200000,0.1042,0.10548,0.10202,0.10261,28688189
1753401600000,0.10262,0.10285,0.09888,0.10027,49244615
1753416000000,0.1002,0.10186,0.09874,0.10106,41214551
1753430400000,0.1011,0.10414,0.10044,0.10375,40197316
1753444800000,0.10375,0.10458,0.09971,0.10108,48987697
1753459200000,0.10106,0.10281,0.10032,0.10198,23716459
1753473600000,0.10197,0.10518,0.10195,0.1049,20733389
1753488000000,0.1049,0.10581,0.10407,0.10504,18763453
1753502400000,0.10503,0.10526,0.104,0.10423,16780822
1753516800000,0.10423,0.10589,0.1042,0.10495,23938672
1753531200000,0.10496,0.10555,0.10419,0.10526,20452052
1753545600000,0.10527,0.10653,0.10402,0.10639,21168487
1753560000000,0.10638,0.10722,0.10487,0.10507,21204173
1753574400000,0.10506,0.10717,0.10463,0.10626,16091116
1753588800000,0.10627,0.108,0.10606,0.10657,22446569
1753603200000,0.10656,0.10751,0.10521,0.10654,24921750
1753617600000,0.10652,0.10813,0.10623,0.10759,34569277
1753632000000,0.10767,0.10952,0.1075,0.10861,30590648
1753646400000,0.10862,0.11052,0.10815,0.10987,21473595
1753660800000,0.10988,0.11095,0.10792,0.11056,32777271
1753675200000,0.11053,0.1126,0.11005,0.11161,35378430
1753689600000,0.11161,0.11193,0.10929,0.11004,29130286
1753704000000,0.11006,0.11062,0.10468,0.10574,58967645
1753718400000,0.10573,0.10619,0.10328,0.10411,32347047
1753732800000,0.10414,0.10442,0.10161,0.10295,34726258
1753747200000,0.10296,0.10346,0.10045,0.10245,36514227
1753761600000,0.10246,0.10667,0.10181,0.10645,38598881
1753776000000,0.10644,0.10659,0.10286,0.10376,30434090
1753790400000,0.10375,0.10546,0.10124,0.10178,42189777
1753804800000,0.10178,0.10257,0.10008,0.10139,34493268
1753819200000,0.10139,0.10265,0.10018,0.10213,35286647
1753833600000,0.10213,0.1024,0.09983,0.10127,35605656
1753848000000,0.10126,0.10179,0.10004,0.10073,18871240
1753862400000,0.10072,0.1013,0.0973,0.09783,38115761
1753876800000,0.09785,0.10037,0.09686,0.0993,48570591
1753891200000,0.09932,0.10064,0.0948,0.0991,60181204
1753905600000,0.09909,0.1004,0.0983,0.10025,29111725
1753920000000,0.10024,0.10178,0.09987,0.10144,20917983
1753934400000,0.10146,0.10242,0.10111,0.10191,17675616
1753948800000,0.10191,0.10246,0.10068,0.10102,16357412
1753963200000,0.10099,0.10109,0.09714,0.09813,50054350
1753977600000,0.09815,0.10012,0.09619,0.09656,48048047
1753992000000,0.09656,0.09674,0.09343,0.094,46506900
1754006400000,0.09399,0.09472,0.09154,0.09397,61148190
1754020800000,0.09397,0.09397,0.09195,0.09268,28933966
1754035200000,0.09267,0.09267,0.09052,0.09197,59960678
1754049600000,0.09196,0.09318,0.08964,0.09257,77253924
1754064000000,0.09257,0.09313,0.08996,0.09235,49509397
1754078400000,0.09238,0.09259,0.08737,0.09065,54003626
1754092800000,0.09065,0.09159,0.09025,0.0914,17324767
1754107200000,0.09141,0.09189,0.08881,0.09095,23055601
1754121600000,0.09095,0.09109,0.0887,0.08975,21278837
1754136000000,0.08972,0.0904,0.08772,0.08805,33379386
1754150400000,0.08806,0.08902,0.08586,0.08721,62613335
1754164800000,0.08721,0.08886,0.08715,0.08837,34376979
1754179200000,0.08838,0.08994,0.08713,0.08964,33726211
1754193600000,0.08963,0.09013,0.08927,0.08992,13452227
1754208000000,0.08993,0.09138,0.08975,0.09093,19758952
1754222400000,0.09095,0.09134,0.09032,0.09116,14381414
1754236800000,0.09116,0.09196,0.0906,0.09138,17657754
1754251200000,0.09139,0.09206,0.09105,0.09132,13513251
1754265600000,0.09131,0.09326,0.09112,0.09259,22165418
1754280000000,0.09259,0.09307,0.09192,0.0925,18418983
1754294400000,0.09249,0.09312,0.09159,0.09188,13944197
1754308800000,0.09189,0.09429,0.09169,0.09316,40953050
1754323200000,0.09315,0.09491,0.09249,0.09276,32109980
1754337600000,0.09274,0.09405,0.09256,0.09337,23768991
1754352000000,0.09336,0.09356,0.09082,0.09105,32588821
1754366400000,0.09105,0.09155,0.08913,0.08938,25236369
1754380800000,0.08937,0.0928,0.08919,0.09269,27760493
1754395200000,0.09269,0.09282,0.08807,0.08836,51623256
1754409600000,0.08835,0.08932,0.08781,0.08811,33647783
1754424000000,0.08812,0.08998,0.08729,0.08977,27513524
1754438400000,0.08978,0.08984,0.08754,0.08756,23919344
1754452800000,0.08756,0.0907,0.08714,0.0906,35051286
1754467200000,0.09059,0.09085,0.08945,0.08992,29794940
1754481600000,0.08992,0.09266,0.08897,0.0925,53446261
1754496000000,0.09249,0.09297,0.09132,0.0924,26994954
1754510400000,0.09241,0.09245,0.09157,0.09179,13226072
1754524800000,0.09176,0.0929,0.0916,0.09169,20418443
1754539200000,0.09168,0.09304,0.09143,0.09292,25141242
1754553600000,0.09292,0.09578,0.09254,0.09557,37722976
1754568000000,0.09556,0.09588,0.09417,0.09443,37709035
1754582400000,0.09442,0.09467,0.09144,0.09303,64041143
1754596800000,0.09304,0.09563,0.09288,0.09558,43410077
1754611200000,0.09558,0.09645,0.09396,0.09464,81787693
1754625600000,0.09463,0.09544,0.0934,0.09471,37481768
1754640000000,0.09471,0.09556,0.09379,0.0944,32809535
1754654400000,0.09441,0.09593,0.0929,0.09372,54260482
1754668800000,0.09372,0.09679,0.0936,0.09604,39035759
1754683200000,0.09605,0.0963,0.09526,0.09573,24974533
1754697600000,0.09573,0.09623,0.09504,0.09533,21231086
1754712000000,0.09534,0.09852,0.09514,0.09845,47668187
1754726400000,0.09845,0.09962,0.0979,0.09955,32239622
1754740800000,0.09955,0.1009,0.09842,0.09931,44062754
1754755200000,0.09931,0.10089,0.099,0.10031,26781575
1754769600000,0.10031,0.10135,0.09932,0.10008,31441248
1754784000000,0.1001,0.10157,0.09956,0.10116,30530741
1754798400000,0.10115,0.10179,0.09721,0.0974,40327922
1754812800000,0.0974,0.09837,0.0963,0.09654,35647682
1754827200000,0.09654,0.0988,0.096,0.09824,36419170
1754841600000,0.09825,0.09986,0.09807,0.09943,21067592
1754856000000,0.09944,0.09955,0.09784,0.09925,26491918
1754870400000,0.09926,0.10235,0.09828,0.10171,38305257
1754884800000,0.10172,0.10243,0.09895,0.09919,31756957
1754899200000,0.09916,0.10021,0.09525,0.09552,52726100
1754913600000,0.09549,0.09665,0.09417,0.09644,69879438
1754928000000,0.09645,0.09783,0.09259,0.09465,45397695
1754942400000,0.09466,0.0948,0.09206,0.09324,42720146
1754956800000,0.09324,0.09491,0.09295,0.09374,23863203
1754971200000,0.09374,0.09447,0.09233,0.09416,25422398
1754985600000,0.09417,0.0942,0.092,0.09346,21318833
1755000000000,0.09344,0.09865,0.0929,0.09832,75505294
1755014400000,0.09836,0.1006,0.09814,0.10034,52725272
1755028800000,0.10033,0.10188,0.1002,0.10139,39607092
1755043200000,0.10139,0.10247,0.09981,0.10201,40845479
1755057600000,0.102,0.10246,0.1,0.10199,29794835
1755072000000,0.10199,0.10412,0.10189,0.10355,44968828
1755086400000,0.10354,0.1044,0.10164,0.1028,63649492
1755100800000,0.10282,0.10391,0.10218,0.10271,36844480
1755115200000,0.10272,0.10287,0.10014,0.10152,79330998
1755129600000,0.10152,0.10371,0.10087,0.10257,55640381
1755144000000,0.10256,0.10318,0.09972,0.10044,53619660
1755158400000,0.10045,0.10045,0.09771,0.09816,56661822
1755172800000,0.09815,0.0989,0.08935,0.09386,160918096
1755187200000,0.09386,0.09389,0.09162,0.09271,54255813
1755201600000,0.0927,0.0932,0.09043,0.09278,49166970
1755216000000,0.09277,0.09408,0.09223,0.09366,35571709
1755230400000,0.09366,0.09474,0.09295,0.09416,35171534
1755244800000,0.09417,0.09449,0.09272,0.09304,30492457
1755259200000,0.09304,0.09423,0.08957,0.09006,90941838
1755273600000,0.09006,0.09155,0.089,0.09119,50134927
1755288000000,0.09119,0.09381,0.09091,0.09292,33827331
1755302400000,0.09292,0.09412,0.09284,0.09327,24200096
1755316800000,0.09328,0.0941,0.09293,0.09391,21122327
1755331200000,0.09391,0.09401,0.0925,0.09275,26543695
1755345600000,0.09275,0.09529,0.09254,0.09488,31043133
1755360000000,0.09488,0.09544,0.09382,0.09438,19457082
1755374400000,0.09436,0.09507,0.09396,0.09466,14489121
1755388800000,0.09467,0.09525,0.0937,0.09489,15138268
1755403200000,0.09489,0.0957,0.09475,0.09546,17721028
1755417600000,0.09546,0.09661,0.09526,0.09634,21345318
1755432000000,0.09634,0.09712,0.09507,0.09708,28932586
1755446400000,0.09708,0.09765,0.09388,0.09431,43212448
1755460800000,0.09429,0.09531,0.09387,0.09395,21686494
1755475200000,0.09394,0.0941,0.08997,0.09111,61473450
1755489600000,0.09111,0.092,0.08977,0.09057,35916014
1755504000000,0.09055,0.09104,0.08955,0.09062,30340217
1755518400000,0.09059,0.09215,0.09023,0.09169,41678997
1755532800000,0.09167,0.09272,0.09059,0.09181,30425730
1755547200000,0.09181,0.09317,0.09082,0.09109,23814367
1755561600000,0.0911,0.09272,0.08937,0.0896,33677970
1755576000000,0.08959,0.09061,0.0889,0.09019,31002386
1755590400000,0.09019,0.09284,0.08961,0.09282,27619714
1755604800000,0.09281,0.09287,0.0893,0.08962,58203211
1755619200000,0.08961,0.08979,0.08758,0.08827,44937580
1755633600000,0.08829,0.08927,0.08795,0.08827,29939371
1755648000000,0.08827,0.0899,0.08753,0.08912,30816801
1755662400000,0.08913,0.09011,0.08911,0.08941,21676354
1755676800000,0.08942,0.0907,0.08873,0.08998,27193430
1755691200000,0.08998,0.09186,0.08813,0.09111,69872618
1755705600000,0.09112,0.09289,0.09068,0.09283,33982502
1755720000000,0.09284,0.09339,0.09225,0.09252,22185729
1755734400000,0.09253,0.09318,0.09155,0.09213,26322441
1755748800000,0.09212,0.09253,0.0907,0.09128,24554799
1755763200000,0.09127,0.09149,0.08978,0.09011,25969299
1755777600000,0.09008,0.09132,0.08915,0.08944,41853609
1755792000000,0.08945,0.09064,0.08913,0.08961,22316237
1755806400000,0.0896,0.09074,0.08913,0.0895,18424464
1755820800000,0.0895,0.09086,0.08884,0.08936,19035075
1755835200000,0.08936,0.09053,0.08935,0.09034,20537581
1755849600000,0.09033,0.09085,0.08822,0.08826,24895661
1755864000000,0.08826,0.0952,0.08663,0.09435,128492624
1755878400000,0.09435,0.09819,0.09435,0.09727,75338511
1755892800000,0.09729,0.09798,0.09661,0.09707,34023855
1755907200000,0.09706,0.09742,0.09365,0.09415,35251149
1755921600000,0.09414,0.09685,0.0941,0.09512,31174575
1755936000000,0.09513,0.09553,0.09433,0.09459,23042109
1755950400000,0.0946,0.09515,0.09413,0.09469,25614087
1755964800000,0.0947,0.09604,0.09413,0.09598,18563097
1755979200000,0.09598,0.09603,0.0949,0.09553,14184806
1755993600000,0.09552,0.09578,0.09375,0.09425,17133367
1756008000000,0.09426,0.09446,0.0922,0.09222,31828030
1756022400000,0.09222,0.09261,0.09088,0.09146,37242002
1756036800000,0.09143,0.09354,0.09131,0.09274,29547610
1756051200000,0.09275,0.09771,0.09219,0.09455,103506595
1756065600000,0.09456,0.09513,0.09236,0.09404,64326965
1756080000000,0.09405,0.09554,0.09202,0.09478,41915928
1756094400000,0.09478,0.09501,0.08978,0.09009,57568993
1756108800000,0.09009,0.09086,0.08901,0.09021,57943272
1756123200000,0.09024,0.09115,0.08942,0.08989,44315405
1756137600000,0.0899,0.09058,0.08705,0.08721,56609741
1756152000000,0.08723,0.08733,0.08477,0.08629,94241061
1756166400000,0.08629,0.08786,0.08557,0.08745,34632464
1756180800000,0.08745,0.08884,0.08737,0.08802,27131017
1756195200000,0.08802,0.08859,0.08744,0.08765,24177790
1756209600000,0.08766,0.08971,0.08702,0.08895,58701309
1756224000000,0.08894,0.09037,0.0885,0.09021,24945205
1756238400000,0.09022,0.09061,0.08963,0.08991,21077321
1756252800000,0.08991,0.09053,0.08885,0.09004,22886561
1756267200000,0.09005,0.09091,0.08914,0.08948,23701454
1756281600000,0.08951,0.0903,0.08913,0.09002,18250264
1756296000000,0.09002,0.09115,0.08916,0.09105,36335105
1756310400000,0.09106,0.09196,0.08991,0.09046,36353765
1756324800000,0.09046,0.09196,0.08944,0.09046,55555654
1756339200000,0.09046,0.09146,0.08982,0.09142,21727941
1756353600000,0.09141,0.09244,0.0912,0.09175,28114415
1756368000000,0.09175,0.09252,0.09075,0.09151,21507332
1756382400000,0.09152,0.09402,0.09122,0.09253,52596928
1756396800000,0.09253,0.09318,0.09059,0.09062,31518759
1756411200000,0.09063,0.09358,0.09047,0.09346,20871683
1756425600000,0.09346,0.09386,0.09165,0.09199,30899584
1756440000000,0.09199,0.09243,0.089,0.08919,37712860
1756454400000,0.08919,0.08933,0.08687,0.08819,57864610
1756468800000,0.08819,0.09072,0.08687,0.08766,56106375
1756483200000,0.08766,0.08809,0.08611,0.08722,24845750
1756497600000,0.08722,0.08813,0.08613,0.08773,17706590
1756512000000,0.08773,0.08932,0.08642,0.08901,22841768
1756526400000,0.08901,0.08948,0.08856,0.08948,13647557
1756540800000,0.08948,0.08949,0.08839,0.08876,11233663
1756555200000,0.08877,0.08916,0.08737,0.08902,19305658
1756569600000,0.08902,0.08912,0.08835,0.08888,14843870
1756584000000,0.08889,0.08942,0.08855,0.08938,8740758
1756598400000,0.08938,0.09184,0.08938,0.09155,42401306
1756612800000,0.09156,0.09166,0.09032,0.09055,12764499
1756627200000,0.09056,0.09159,0.08955,0.09037,20092524
1756641600000,0.09036,0.09072,0.08933,0.09034,17947763
1756656000000,0.09032,0.09085,0.08968,0.09014,16333584
1756670400000,0.09013,0.09055,0.08833,0.08839,16858272
1756684800000,0.0884,0.08893,0.08699,0.08752,35241349
1756699200000,0.08752,0.09,0.08654,0.08996,29811308
1756713600000,0.08995,0.09151,0.08836,0.08844,38773943
1756728000000,0.08843,0.08898,0.08697,0.08722,31140601
1756742400000,0.08723,0.08792,0.08649,0.0879,25095080
1756756800000,0.08791,0.08809,0.08513,0.08715,58525607
1756771200000,0.08715,0.08881,0.0865,0.08843,27351484
1756785600000,0.08843,0.08894,0.08788,0.08804,14952257
1756800000000,0.08803,0.08874,0.08775,0.08782,17435807
1756814400000,0.08784,0.08911,0.08613,0.08666,51453727
1756828800000,0.08666,0.08833,0.08665,0.08729,32317042
1756843200000,0.08729,0.08922,0.08716,0.0891,27851728
1756857600000,0.08911,0.09005,0.08858,0.08947,26784255
1756872000000,0.08945,0.08963,0.08849,0.08926,20062248
1756886400000,0.08926,0.09023,0.08887,0.08981,19727237
1756900800000,0.08982,0.09093,0.08918,0.09059,30311682
1756915200000,0.0906,0.09092,0.08946,0.09017,19812335
1756929600000,0.09018,0.09032,0.08921,0.08938,18057432
1756944000000,0.0894,0.08996,0.08799,0.08803,21365611
1756958400000,0.08803,0.08827,0.0865,0.08702,30186170
1756972800000,0.08702,0.08789,0.08693,0.08734,18406343
1756987200000,0.08735,0.08786,0.08615,0.08676,26760736
1757001600000,0.08676,0.08703,0.08587,0.08611,18481554
1757016000000,0.0861,0.08762,0.08601,0.08663,15338396
1757030400000,0.08662,0.08785,0.08653,0.08783,16140182
1757044800000,0.08783,0.08998,0.08758,0.08998,23242768
1757059200000,0.08998,0.09024,0.08875,0.08926,21663205
1757073600000,0.08927,0.09081,0.08715,0.08809,71440274
1757088000000,0.0881,0.08855,0.08755,0.08849,25043434
1757102400000,0.08849,0.08918,0.08819,0.0886,16586527
1757116800000,0.08861,0.08908,0.08848,0.08863,10614603
1757131200000,0.08863,0.08863,0.0876,0.08782,13779268
1757145600000,0.08783,0.08791,0.08724,0.08773,11928607
1757160000000,0.08773,0.08819,0.08725,0.08737,16003420
1757174400000,0.08734,0.08805,0.08684,0.08702,15062066
1757188800000,0.08702,0.08786,0.08686,0.08761,37139651
1757203200000,0.08762,0.08905,0.08757,0.08894,33911491
1757217600000,0.08894,0.08959,0.08863,0.0889,14002118
1757232000000,0.08891,0.08944,0.08856,0.08904,13722975
1757246400000,0.08902,0.08922,0.08867,0.08897,15960622
1757260800000,0.08897,0.08917,0.08771,0.08805,13240515
1757275200000,0.08805,0.08912,0.08774,0.0889,45988121
1757289600000,0.0889,0.09015,0.08827,0.08963,22508256
1757304000000,0.08962,0.09013,0.08911,0.08944,21479923
1757318400000,0.08944,0.09126,0.08944,0.09022,32173859
1757332800000,0.09023,0.09212,0.08991,0.09178,37839811
1757347200000,0.09177,0.09249,0.09077,0.09112,28706783
1757361600000,0.09113,0.09203,0.09034,0.09173,23323173
1757376000000,0.09173,0.09475,0.09164,0.09466,65415044
1757390400000,0.09466,0.09699,0.09383,0.09586,52378952
1757404800000,0.09588,0.09822,0.0957,0.0969,66387522
1757419200000,0.09691,0.09779,0.09366,0.09465,101264631
1757433600000,0.09466,0.10016,0.09378,0.09942,105024784
1757448000000,0.09945,0.10201,0.0963,0.09913,176966591
1757462400000,0.09914,0.10036,0.09761,0.09962,88152503
1757476800000,0.09963,0.0998,0.09735,0.09763,51856144
1757491200000,0.09764,0.09854,0.09663,0.09771,42588921
1757505600000,0.09771,0.10019,0.09762,0.09828,64380023
1757520000000,0.09828,0.09888,0.09616,0.09667,40658070
1757534400000,0.09666,0.098,0.09656,0.09777,21914139
1757548800000,0.09775,0.09881,0.09749,0.09853,27595256
1757563200000,0.09853,0.09853,0.09704,0.09825,31665930
1757577600000,0.09826,0.09871,0.09679,0.09689,35961748
1757592000000,0.09689,0.09835,0.09538,0.09676,70897267
1757606400000,0.09677,0.09888,0.09677,0.09866,23720088
1757620800000,0.09867,0.10071,0.09843,0.09988,38177964
1757635200000,0.0999,0.10102,0.09878,0.09923,27346364
1757649600000,0.09921,0.10058,0.09893,0.09956,28608811
1757664000000,0.09958,0.09964,0.09777,0.09785,44251876
1757678400000,0.09785,0.09988,0.09759,0.09831,56354840
1757692800000,0.09831,0.10122,0.09821,0.10113,32248625
1757707200000,0.10112,0.10135,0.10005,0.10075,30209239
1757721600000,0.10075,0.1016,0.10027,0.10122,24972606
1757736000000,0.10121,0.10139,0.10051,0.10064,20255699
1757750400000,0.10064,0.10285,0.10064,0.10275,37386235
1757764800000,0.10275,0.1033,0.10032,0.10111,49571465
1757779200000,0.10111,0.10165,0.09937,0.10045,44204926
1757793600000,0.10044,0.1013,0.1004,0.10081,12032673
1757808000000,0.1008,0.1009,0.09876,0.09892,24369795
1757822400000,0.09893,0.10011,0.09808,0.09908,21265133
1757836800000,0.09908,0.09984,0.09729,0.09741,34486461
1757851200000,0.09741,0.09786,0.09586,0.09639,50885103
1757865600000,0.09638,0.09727,0.09607,0.09642,22767304
1757880000000,0.0964,0.09752,0.09589,0.09629,16861366
1757894400000,0.09627,0.09718,0.0948,0.09702,26106293
1757908800000,0.09702,0.09766,0.09469,0.09497,33294775
1757923200000,0.09496,0.09497,0.09227,0.09304,53483238
1757937600000,0.09303,0.09342,0.09159,0.09237,35445520
1757952000000,0.09237,0.0929,0.09134,0.09253,22088154
1757966400000,0.09253,0.09329,0.09239,0.09315,11030234
1757980800000,0.09315,0.09317,0.09207,0.09207,15135244
1757995200000,0.09208,0.09348,0.09147,0.09328,18223523
1758009600000,0.09329,0.09435,0.09327,0.09379,20937783
1758024000000,0.09378,0.09493,0.09268,0.09452,29454697
1758038400000,0.09454,0.09527,0.09383,0.09491,20086417
1758052800000,0.09491,0.09516,0.09448,0.09459,13562920
1758067200000,0.09459,0.09517,0.09367,0.0938,17834899
1758081600000,0.09381,0.09451,0.09299,0.09441,16625079
1758096000000,0.09442,0.09444,0.09247,0.09292,13909208
1758110400000,0.09292,0.0935,0.09252,0.09277,16725857
1758124800000,0.09275,0.09577,0.09206,0.09563,52587235
1758139200000,0.09564,0.09792,0.0942,0.09722,30698760
1758153600000,0.09722,0.09816,0.09665,0.09758,26054246
1758168000000,0.09759,0.09788,0.09608,0.09662,18443446
1758182400000,0.09662,0.09782,0.0965,0.09706,18189166
1758196800000,0.09707,0.09858,0.0967,0.09805,26260311
1758211200000,0.09805,0.09947,0.09801,0.09867,21046045
1758225600000,0.09868,0.09936,0.0979,0.09847,17686643
1758240000000,0.09847,0.09985,0.09673,0.09687,29998978
1758254400000,0.09687,0.09758,0.09582,0.09677,24850471
1758268800000,0.09676,0.09725,0.09456,0.09478,22157371
1758283200000,0.09477,0.09578,0.09332,0.094,29001315
1758297600000,0.09399,0.09444,0.09258,0.09288,19352376
1758312000000,0.09287,0.09355,0.09209,0.09278,19903408
1758326400000,0.09276,0.09301,0.09185,0.09264,16591071
1758340800000,0.09264,0.09405,0.09241,0.09405,13541814
1758355200000,0.09404,0.09408,0.09241,0.09305,16235923
1758369600000,0.09305,0.09491,0.09276,0.09432,24288958
1758384000000,0.09431,0.09477,0.09339,0.09364,16311265
1758398400000,0.09363,0.0945,0.09356,0.09408,10552728
1758412800000,0.09407,0.09431,0.09321,0.09399,12289434
1758427200000,0.09402,0.0947,0.09349,0.09393,13173941
1758441600000,0.09394,0.09414,0.09212,0.09275,18667692
1758456000000,0.09276,0.09372,0.09268,0.09299,12532993
1758470400000,0.09298,0.09339,0.09209,0.09303,16222386
1758484800000,0.09304,0.09313,0.09204,0.09208,13001422
1758499200000,0.09207,0.09256,0.08812,0.08899,66496731
1758513600000,0.08898,0.08934,0.07925,0.08456,111817739
1758528000000,0.08456,0.08492,0.08354,0.08425,36844901
1758542400000,0.08426,0.08511,0.08369,0.08394,40130494
1758556800000,0.08395,0.08452,0.08289,0.08306,36456719
1758571200000,0.08306,0.0852,0.08291,0.08508,17800922
1758585600000,0.08508,0.08548,0.08284,0.08435,27139292
1758600000000,0.08435,0.08492,0.08335,0.08428,32563943
1758614400000,0.08429,0.08487,0.08398,0.08454,24988378
1758628800000,0.08453,0.08507,0.08367,0.08458,28430096
1758643200000,0.08459,0.08532,0.08325,0.08347,26831339
1758657600000,0.08347,0.08435,0.08316,0.08346,16758861
1758672000000,0.08347,0.08498,0.08278,0.0832,29417979
1758686400000,0.0832,0.08504,0.08213,0.08439,32523892
1758700800000,0.08439,0.08509,0.08405,0.08497,19978715
1758715200000,0.08497,0.08565,0.0842,0.08457,22816199
1758729600000,0.08458,0.08522,0.08421,0.08446,15182823
1758744000000,0.08446,0.08461,0.08329,0.08368,19127302
1758758400000,0.08368,0.08385,0.08201,0.08268,35028881
1758772800000,0.08267,0.08298,0.08114,0.08145,34954598
1758787200000,0.08146,0.08242,0.08103,0.08124,25764568
1758801600000,0.08125,0.08302,0.07989,0.08192,53480648
1758816000000,0.08192,0.08208,0.07821,0.08072,64221532
1758830400000,0.08073,0.08088,0.07911,0.07977,25828533
1758844800000,0.07978,0.08093,0.07928,0.08064,25653669
1758859200000,0.08064,0.08075,0.07949,0.08022,20241843
1758873600000,0.08022,0.08081,0.07897,0.07977,23723514
1758888000000,0.07977,0.08111,0.07897,0.08062,49542010
1758902400000,0.08062,0.08276,0.08055,0.08197,34331282
1758916800000,0.08196,0.08255,0.08173,0.08235,12508290
1758931200000,0.08235,0.0824,0.08154,0.0819,13462003
1758945600000,0.08189,0.08257,0.08154,0.08166,11209963
1758960000000,0.08165,0.08192,0.08069,0.08168,14763780
1758974400000,0.08169,0.08209,0.0812,0.08196,15283607
1758988800000,0.08197,0.08202,0.08038,0.0808,19195195
1759003200000,0.0808,0.0815,0.08057,0.08088,9393661
1759017600000,0.08089,0.08113,0.07969,0.08006,17088005
1759032000000,0.08006,0.0802,0.07942,0.07971,15843866
1759046400000,0.07971,0.07993,0.07908,0.07942,15726148
1759060800000,0.07941,0.08031,0.07877,0.08017,17347318
1759075200000,0.08019,0.0809,0.08019,0.08082,11515946
1759089600000,0.08083,0.08292,0.08082,0.08261,16735616
1759104000000,0.08261,0.08289,0.08153,0.08192,16483420
1759118400000,0.08192,0.08193,0.08091,0.08152,11776397
1759132800000,0.08152,0.08199,0.0804,0.08078,13579177
1759147200000,0.08078,0.08335,0.07976,0.08187,42789751
1759161600000,0.08188,0.08254,0.08079,0.08245,20144847
1759176000000,0.08246,0.08325,0.08153,0.08157,19410183
1759190400000,0.08156,0.08189,0.08026,0.08037,22452790
1759204800000,0.08038,0.08099,0.07987,0.08018,19053465
1759219200000,0.08018,0.08031,0.07932,0.08003,16738216
1759233600000,0.08003,0.0802,0.07835,0.07906,25625077
1759248000000,0.07906,0.08071,0.07828,0.08056,28524245
1759262400000,0.08056,0.08115,0.07981,0.08041,16943350
1759276800000,0.08041,0.08114,0.0798,0.07991,17447259
1759291200000,0.07991,0.0812,0.07983,0.08082,19057038
1759305600000,0.08081,0.08508,0.08075,0.08399,58933627
1759320000000,0.08399,0.08429,0.08331,0.08392,24392821
1759334400000,0.08392,0.08483,0.08345,0.08458,18013080
1759348800000,0.0846,0.0849,0.08417,0.08486,13019199
1759363200000,0.08487,0.08598,0.08452,0.0859,20396361
1759377600000,0.0859,0.08685,0.08554,0.086,22895594
1759392000000,0.086,0.08699,0.08593,0.08663,15843062
1759406400000,0.08662,0.08709,0.08501,0.08653,35241802
1759420800000,0.08653,0.08862,0.08652,0.08832,26295929
1759435200000,0.08832,0.08899,0.08785,0.08849,16532421
1759449600000,0.08849,0.08849,0.08699,0.08739,21734467
1759464000000,0.08738,0.0882,0.08691,0.08724,17744447
1759478400000,0.08724,0.08729,0.08619,0.0862,25671479
1759492800000,0.0862,0.08821,0.08532,0.08812,42887094
1759507200000,0.08813,0.08918,0.08577,0.08669,59924318
1759521600000,0.08668,0.08672,0.08548,0.08564,27917565
1759536000000,0.08564,0.08588,0.08401,0.08435,27826980
1759550400000,0.08435,0.08476,0.08384,0.08414,23553374
1759564800000,0.08413,0.08431,0.08243,0.08297,36298203
1759579200000,0.08296,0.0841,0.08206,0.08251,29766111
1759593600000,0.0825,0.08308,0.08191,0.08308,20614794
1759608000000,0.08308,0.08408,0.08306,0.0837,17200073
1759622400000,0.08371,0.08563,0.08292,0.085,30910264
1759636800000,0.08498,0.08708,0.08495,0.08706,29501593
1759651200000,0.08707,0.0874,0.08454,0.08537,34223227
1759665600000,0.08536,0.08537,0.08395,0.08444,26605691
1759680000000,0.08444,0.08461,0.0822,0.08231,28905337
1759694400000,0.08232,0.08326,0.08211,0.08285,17339103
1759708800000,0.08286,0.08376,0.08225,0.08338,26363817
1759723200000,0.08337,0.08438,0.08276,0.08337,20700156
1759737600000,0.08338,0.08466,0.08338,0.08421,18772727
1759752000000,0.08422,0.08703,0.08421,0.08667,35481134
1759766400000,0.08668,0.08717,0.08604,0.08652,30302080
1759780800000,0.08652,0.08708,0.08564,0.0859,18439170
1759795200000,0.08589,0.0867,0.08559,0.08581,16307683
1759809600000,0.08581,0.08701,0.08426,0.08453,33800295
1759824000000,0.08453,0.08533,0.08312,0.08526,32281676
1759838400000,0.08526,0.08607,0.08171,0.08224,71942430
1759852800000,0.08223,0.08349,0.08151,0.08225,34445224
1759867200000,0.08225,0.08303,0.08167,0.08197,18465583
1759881600000,0.08198,0.08276,0.08075,0.08129,21454721
1759896000000,0.08129,0.08242,0.08095,0.08241,21683905
1759910400000,0.08241,0.08292,0.08179,0.08191,21582896
1759924800000,0.08191,0.08342,0.08175,0.0824,22019798
1759939200000,0.08241,0.08453,0.08225,0.08383,24838343
1759953600000,0.08383,0.08414,0.08281,0.08301,12045654
1759968000000,0.083,0.08321,0.08056,0.08182,24437532
1759982400000,0.08181,0.08238,0.08095,0.08111,16103951
1759996800000,0.08111,0.0812,0.07976,0.08077,32159456
1760011200000,0.08076,0.08167,0.07949,0.07988,35007450
1760025600000,0.07987,0.08128,0.07922,0.08074,28025114
1760040000000,0.08075,0.08188,0.08064,0.08114,15055459
1760054400000,0.08114,0.0825,0.08045,0.08161,20973965
1760068800000,0.08159,0.08211,0.08044,0.08049,20080683
1760083200000,0.08051,0.0824,0.08018,0.08233,27175821
1760097600000,0.08233,0.08333,0.0775,0.0785,84739254
1760112000000,0.07851,0.0794,0.07628,0.07724,62276405
1760126400000,0.07724,0.07753,0.02941,0.06053,559762052
1760140800000,0.06053,0.06354,0.05921,0.06229,143192262
1760155200000,0.06227,0.06456,0.06213,0.06413,65503217
1760169600000,0.06414,0.06717,0.06383,0.06669,82248089
1760184000000,0.06668,0.06692,0.06439,0.06623,70405533
1760198400000,0.06624,0.06663,0.06231,0.06289,53805242
1760212800000,0.06289,0.06311,0.06084,0.06251,54826888
1760227200000,0.06251,0.06326,0.06105,0.06244,36447689
1760241600000,0.06244,0.06468,0.06229,0.06414,22693647
1760256000000,0.06414,0.06465,0.06306,0.06417,31250278
1760270400000,0.06417,0.0681,0.06338,0.06781,77709262
1760284800000,0.06783,0.0696,0.06754,0.06953,61093175
1760299200000,0.06953,0.07008,0.0682,0.06901,34263071
1760313600000,0.06901,0.06946,0.06776,0.06854,29984560
1760328000000,0.06855,0.07016,0.06786,0.06916,30941289
1760342400000,0.06916,0.071,0.06745,0.06902,51690975
1760356800000,0.06904,0.07164,0.06846,0.07077,80190001
1760371200000,0.07077,0.07365,0.07015,0.07344,55721642
1760385600000,0.07344,0.07469,0.07301,0.07346,33464428
1760400000000,0.07347,0.07368,0.07065,0.07086,26098251
1760414400000,0.07086,0.07112,0.06579,0.06668,82341604
1760428800000,0.06667,0.06774,0.06508,0.0672,65619531
1760443200000,0.06719,0.06975,0.06554,0.06972,65547800
1760457600000,0.06972,0.07072,0.0684,0.06943,64915055
1760472000000,0.06943,0.07046,0.06899,0.07001,22813067
1760486400000,0.07,0.07039,0.06853,0.06899,25839966
1760500800000,0.06899,0.07048,0.06856,0.07017,25978850
1760515200000,0.07016,0.07111,0.06834,0.06847,44944510
1760529600000,0.06847,0.06868,0.06603,0.06653,51965479
1760544000000,0.06654,0.06699,0.06555,0.06584,27937982
1760558400000,0.06587,0.06652,0.06485,0.06626,32389633
1760572800000,0.06626,0.06718,0.06599,0.06636,23062139
1760587200000,0.06637,0.06717,0.06578,0.06629,22902118
1760601600000,0.0663,0.06782,0.06375,0.06732,56705712
1760616000000,0.06733,0.06784,0.06396,0.06436,49604771
1760630400000,0.06434,0.06619,0.06338,0.06403,59683128
1760644800000,0.06402,0.06441,0.06296,0.06383,28084737
1760659200000,0.06384,0.06512,0.06359,0.0651,24463234
1760673600000,0.06509,0.06509,0.06035,0.06065,75550193
1760688000000,0.06066,0.06304,0.05934,0.06252,82504606
1760702400000,0.06251,0.06296,0.06094,0.06275,52047344
1760716800000,0.06277,0.06359,0.06181,0.0623,39013343
1760731200000,0.06231,0.06335,0.06171,0.06192,23748275
1760745600000,0.06193,0.06324,0.0618,0.06291,16221045
1760760000000,0.06292,0.06385,0.06227,0.06265,19036492
1760774400000,0.06265,0.063,0.06224,0.06284,16436881
1760788800000,0.06284,0.06306,0.0617,0.06197,23289453
1760803200000,0.06198,0.0629,0.06138,0.0627,18643106
1760817600000,0.0627,0.06297,0.06214,0.06246,10371285
1760832000000,0.06245,0.06299,0.062,0.06287,12706539
1760846400000,0.06288,0.06293,0.06175,0.06206,10120698
1760860800000,0.06206,0.06416,0.06161,0.06362,52168491
1760875200000,0.06362,0.06495,0.06317,0.06474,25590336
1760889600000,0.06475,0.06516,0.06424,0.06443,22138861
1760904000000,0.06442,0.06472,0.06386,0.06398,13938570
1760918400000,0.06397,0.06592,0.06266,0.06572,33593174
1760932800000,0.06574,0.06724,0.06542,0.06683,34186842
1760947200000,0.06683,0.06708,0.066,0.06647,21994190
1760961600000,0.06648,0.06709,0.06612,0.06612,21618851
1760976000000,0.0661,0.0661,0.06486,0.06588,35348571
1760990400000,0.06588,0.06676,0.06559,0.06565,15445107
1761004800000,0.06565,0.06573,0.06393,0.06412,19008290
1761019200000,0.06412,0.06412,0.06269,0.06393,39393217
1761033600000,0.06393,0.06453,0.06299,0.06432,20483882
1761048000000,0.06433,0.06837,0.0641,0.06785,69926928
1761062400000,0.06785,0.06844,0.0661,0.06636,59106529
1761076800000,0.06637,0.06648,0.06308,0.06334,35454114
1761091200000,0.06334,0.06376,0.06276,0.06348,31883960
1761105600000,0.06348,0.06393,0.06233,0.06289,39313390
1761120000000,0.06287,0.06287,0.06089,0.0622,51053780
1761134400000,0.06219,0.06349,0.06185,0.06264,47768404
1761148800000,0.06264,0.06279,0.06121,0.06185,32328750
1761163200000,0.06185,0.06201,0.05967,0.06162,61219873
1761177600000,0.06163,0.06185,0.06116,0.06158,26597794
1761192000000,0.0616,0.06272,0.06144,0.06222,17780990
1761206400000,0.06223,0.06265,0.06161,0.06178,15973083
1761220800000,0.06178,0.0632,0.06117,0.06287,28756260
1761235200000,0.0629,0.06441,0.06282,0.06364,32751013
1761249600000,0.06366,0.06376,0.06278,0.06346,16824746
1761264000000,0.06347,0.06409,0.06331,0.06372,18358945
1761278400000,0.06372,0.06522,0.06359,0.06496,25475226
1761292800000,0.06496,0.06551,0.06375,0.06435,30527235
1761307200000,0.06436,0.06607,0.06333,0.06358,44229648
1761321600000,0.06357,0.0647,0.06308,0.06445,19493279
1761336000000,0.06445,0.06523,0.06436,0.06493,16893163
1761350400000,0.06493,0.06496,0.06389,0.06394,11372276
1761364800000,0.06393,0.06416,0.06345,0.06366,13323777
1761379200000,0.06366,0.06405,0.06327,0.06365,10992553
1761393600000,0.06365,0.06482,0.06365,0.06457,19099742
1761408000000,0.06457,0.06528,0.06432,0.06514,9579352
1761422400000,0.06515,0.06552,0.06454,0.06472,12061160
1761436800000,0.0647,0.06478,0.06388,0.06408,16195788
1761451200000,0.06409,0.06512,0.064,0.0651,10706541
1761465600000,0.0651,0.06626,0.06494,0.06617,20446018
1761480000000,0.06618,0.06661,0.06571,0.06609,16485229
1761494400000,0.06609,0.06609,0.06549,0.0656,14231476
1761508800000,0.0656,0.06755,0.06522,0.06645,27924337
1761523200000,0.06645,0.06741,0.06626,0.06687,16106035
1761537600000,0.06688,0.06751,0.06595,0.06663,20090001
1761552000000,0.06661,0.06701,0.06509,0.06563,26390585
1761566400000,0.06563,0.06568,0.06431,0.06521,22505021
1761580800000,0.06522,0.06704,0.06522,0.06554,31583010
1761595200000,0.06556,0.06557,0.06434,0.065,19183536
1761609600000,0.06499,0.06558,0.06426,0.06456,29794488
1761624000000,0.06456,0.06564,0.06401,0.06482,28031448
1761638400000,0.06481,0.06514,0.06428,0.06434,20872224
1761652800000,0.06432,0.06558,0.0634,0.06443,44765507
1761667200000,0.06445,0.06495,0.06289,0.06324,34641023
1761681600000,0.06322,0.06325,0.0614,0.06225,36985779
1761696000000,0.06225,0.06289,0.0621,0.06254,19640312
1761710400000,0.06253,0.06377,0.06252,0.06361,13780611
1761724800000,0.0636,0.06449,0.06315,0.06427,20979864
1761739200000,0.06429,0.06544,0.06319,0.0636,31959710
1761753600000,0.0636,0.06598,0.06235,0.06517,78337672
1761768000000,0.06519,0.06613,0.06319,0.0635,30320466
1761782400000,0.0635,0.06422,0.06305,0.06374,29983751
1761796800000,0.06373,0.06395,0.06119,0.06377,56911796
1761811200000,0.06378,0.06384,0.06207,0.0621,29511983
1761825600000,0.06211,0.06228,0.06001,0.06036,66028603
1761840000000,0.06036,0.06086,0.05902,0.05916,94960627
1761854400000,0.05915,0.06089,0.05844,0.06084,41456600
1761868800000,0.06085,0.06149,0.06054,0.06148,25185234
1761883200000,0.06147,0.06209,0.06104,0.06132,18170880
1761897600000,0.06133,0.06221,0.06101,0.06216,13599816
1761912000000,0.06215,0.06287,0.06164,0.06227,39222889
1761926400000,0.06226,0.06238,0.0602,0.06215,36196352
1761940800000,0.06214,0.06221,0.06115,0.06132,14845981
1761955200000,0.06133,0.06185,0.06075,0.06175,19442687
1761969600000,0.06175,0.0626,0.06101,0.06243,19586936
1761984000000,0.06242,0.06383,0.06229,0.0638,45703666
1761998400000,0.06381,0.06443,0.06307,0.0641,38890327
1762012800000,0.06411,0.06456,0.0638,0.06406,19005567
1762027200000,0.06407,0.06465,0.06364,0.06409,18990819
1762041600000,0.0641,0.06427,0.06347,0.06356,14529600
1762056000000,0.06356,0.06529,0.06343,0.06507,22161019
1762070400000,0.06506,0.06525,0.06375,0.06499,25446426
1762084800000,0.065,0.06506,0.0625,0.06302,24929566
1762099200000,0.06301,0.06375,0.06223,0.06307,22524716
1762113600000,0.06307,0.06534,0.06292,0.06514,19597901
1762128000000,0.06514,0.06523,0.06033,0.06047,37800380
1762142400000,0.06047,0.06106,0.05907,0.05982,50945236
1762156800000,0.05981,0.06054,0.05851,0.05952,34930869
1762171200000,0.05952,0.06033,0.05385,0.05673,107762445
1762185600000,0.05674,0.05855,0.05597,0.05645,62903199
1762200000000,0.05646,0.05669,0.055,0.05663,43359017
1762214400000,0.05664,0.05749,0.05604,0.05715,24324386
1762228800000,0.05715,0.05754,0.05441,0.05476,69587103
1762243200000,0.05475,0.05663,0.05448,0.05627,48501033
1762257600000,0.05626,0.05745,0.05517,0.05613,48967029
1762272000000,0.05614,0.05649,0.05293,0.05382,80553676
1762286400000,0.05383,0.05528,0.05145,0.05466,117946781
1762300800000,0.05466,0.05577,0.05201,0.05542,62591666
1762315200000,0.05542,0.0558,0.055,0.0556,26349205
1762329600000,0.0556,0.05586,0.05446,0.05569,27568191
1762344000000,0.05567,0.05654,0.05538,0.05644,28444194
1762358400000,0.05645,0.05723,0.05593,0.05651,23558208
1762372800000,0.0565,0.05695,0.05587,0.05623,26078890
1762387200000,0.05622,0.05624,0.05504,0.05601,19822695
1762401600000,0.05601,0.0561,0.05479,0.0549,28129710
1762416000000,0.0549,0.05529,0.05449,0.05521,21372909
1762430400000,0.05521,0.05616,0.05432,0.05463,35906671
1762444800000,0.05464,0.05572,0.05346,0.05536,49717885
1762459200000,0.05537,0.05633,0.05486,0.05633,31622229
1762473600000,0.05632,0.05813,0.05624,0.05786,51182628
1762488000000,0.05786,0.05978,0.05747,0.05954,55670019
1762502400000,0.05953,0.06059,0.05817,0.05897,70622453
1762516800000,0.05897,0.0628,0.0571,0.0627,105993238
1762531200000,0.06269,0.07452,0.0625,0.07384,283630925
1762545600000,0.07383,0.0759,0.06953,0.06989,248916639
1762560000000,0.0699,0.07197,0.06767,0.06775,88097289
1762574400000,0.06775,0.06898,0.06606,0.06723,58288620
1762588800000,0.06722,0.06898,0.06645,0.06841,53788737
1762603200000,0.06841,0.06861,0.06491,0.06527,66818765
1762617600000,0.06527,0.06637,0.06464,0.06589,29613311
1762632000000,0.06589,0.06664,0.06563,0.06645,21409044
1762646400000,0.06644,0.06668,0.06348,0.06406,33384582
1762660800000,0.06406,0.06482,0.06365,0.06479,19604742
1762675200000,0.06478,0.06518,0.06295,0.06485,37377773
1762689600000,0.06484,0.06624,0.06412,0.06582,49465867
1762704000000,0.06583,0.0668,0.06476,0.0668,30507269
1762718400000,0.06681,0.06725,0.06541,0.06643,25368385
1762732800000,0.06644,0.06956,0.06577,0.06933,49966701
1762747200000,0.06933,0.0704,0.06824,0.07034,40312226
1762761600000,0.07034,0.07059,0.0687,0.06965,51817392
1762776000000,0.06966,0.06991,0.06688,0.06761,56173789
1762790400000,0.0676,0.06874,0.06663,0.06797,30313897
1762804800000,0.06796,0.06994,0.06704,0.06886,37057355
1762819200000,0.06886,0.07004,0.06753,0.06885,35148494
1762833600000,0.06884,0.06909,0.06545,0.06559,30603568
1762848000000,0.06558,0.06671,0.06555,0.06651,22379117
1762862400000,0.06651,0.06706,0.06554,0.06614,27036045
1762876800000,0.06613,0.06671,0.06459,0.06471,26414360
1762891200000,0.06472,0.0649,0.06324,0.06346,26447835
1762905600000,0.06346,0.06497,0.06301,0.06482,23433632
1762920000000,0.06483,0.06573,0.06441,0.06491,14825289
1762934400000,0.06492,0.06722,0.06492,0.0668,21226080
1762948800000,0.0668,0.06722,0.06349,0.06378,45469150
1762963200000,0.06379,0.06397,0.06206,0.06276,50958269
1762977600000,0.06277,0.06388,0.06251,0.06291,22028185
1762992000000,0.0629,0.06416,0.06212,0.06361,26155215
1763006400000,0.06361,0.0648,0.06314,0.06372,22558108
1763020800000,0.06373,0.06426,0.06283,0.06312,26344937
1763035200000,0.06313,0.0645,0.06233,0.06301,44308706
1763049600000,0.06299,0.06317,0.05921,0.05945,69936359
1763064000000,0.05944,0.06097,0.05887,0.06038,39979645
1763078400000,0.06039,0.06111,0.05924,0.05956,32463132
1763092800000,0.05956,0.06017,0.05739,0.0595,56313944
1763107200000,0.05949,0.05964,0.0579,0.05838,31050562
1763121600000,0.05838,0.05945,0.05726,0.05891,65512306
1763136000000,0.05892,0.05956,0.05839,0.0592,33671959
1763150400000,0.0592,0.05933,0.05584,0.05643,42820181
1763164800000,0.05642,0.05808,0.05619,0.05794,33637083
1763179200000,0.05794,0.05911,0.05784,0.05817,26682989
1763193600000,0.05818,0.05821,0.05667,0.05696,22855738
1763208000000,0.05695,0.05808,0.0568,0.05738,20123031
1763222400000,0.05738,0.05808,0.05687,0.05738,18300362
1763236800000,0.05738,0.05742,0.05656,0.05694,11688287
1763251200000,0.05695,0.05787,0.05609,0.05761,20498148
1763265600000,0.0576,0.05787,0.05702,0.05762,10365179
1763280000000,0.05762,0.05792,0.05629,0.05642,18126643
1763294400000,0.05642,0.05683,0.05515,0.05525,31231426
1763308800000,0.05525,0.05593,0.05416,0.05529,47463820
1763323200000,0.05529,0.05628,0.05476,0.05593,27003977
1763337600000,0.05592,0.05709,0.05526,0.05679,26507554
1763352000000,0.0568,0.05765,0.05658,0.05745,21096597
1763366400000,0.05746,0.0579,0.057,0.05735,20889196
1763380800000,0.05735,0.05832,0.05533,0.05614,60308195
1763395200000,0.05613,0.05699,0.05422,0.0545,51809378
1763409600000,0.05449,0.05521,0.05399,0.05515,34177641
1763424000000,0.05515,0.05595,0.0543,0.05567,37919933
1763438400000,0.05568,0.05632,0.05487,0.05565,26004957
1763452800000,0.05565,0.05623,0.05519,0.05526,27631002
1763467200000,0.05527,0.0569,0.05487,0.05652,45860885
1763481600000,0.05652,0.05756,0.05632,0.05711,26779316
1763496000000,0.05711,0.05721,0.05598,0.05608,15767328
1763510400000,0.05608,0.05639,0.05502,0.05512,20215840
1763524800000,0.05511,0.0553,0.05382,0.05512,27450903
1763539200000,0.05512,0.05539,0.05471,0.05495,19651510
1763553600000,0.05494,0.05582,0.05392,0.054,46278833
1763568000000,0.054,0.05434,0.05188,0.05243,46636797
1763582400000,0.05243,0.05502,0.05221,0.05468,42523519
1763596800000,0.05468,0.05526,0.05444,0.05482,13665216
1763611200000,0.05482,0.05555,0.05468,0.05554,13429696
1763625600000,0.05554,0.05689,0.05534,0.05678,48008789
1763640000000,0.05678,0.05872,0.05675,0.05722,60141649
1763654400000,0.05721,0.05733,0.05253,0.0536,91195508
1763668800000,0.0536,0.05469,0.05276,0.05313,33620074
1763683200000,0.05313,0.05422,0.05217,0.05276,39703121
1763697600000,0.05276,0.053,0.04732,0.05023,82126915
1763712000000,0.05023,0.05096,0.04846,0.04862,72215569
1763726400000,0.04863,0.05113,0.04764,0.04967,92530318
1763740800000,0.04967,0.05151,0.04906,0.0498,58861633
1763755200000,0.0498,0.04996,0.048,0.04917,42185864
1763769600000,0.04917,0.04939,0.04822,0.04847,23662203
1763784000000,0.04847,0.04847,0.04739,0.04815,44396137
1763798400000,0.04816,0.04861,0.04721,0.04812,39299152
1763812800000,0.04813,0.04855,0.04738,0.04808,26134319
1763827200000,0.04809,0.04879,0.04802,0.04833,22181099
1763841600000,0.04834,0.04927,0.048,0.04869,20924564
1763856000000,0.04867,0.04999,0.04842,0.04961,23077479
1763870400000,0.04962,0.05044,0.04942,0.05001,19090138
1763884800000,0.05002,0.05009,0.04943,0.04985,11710295
1763899200000,0.04984,0.0504,0.04972,0.05015,25047268
1763913600000,0.05015,0.05029,0.04957,0.04999,23428277
1763928000000,0.05,0.05007,0.04907,0.04917,17714816
1763942400000,0.04916,0.05048,0.04872,0.05005,26330693
1763956800000,0.05005,0.05082,0.04927,0.05015,36418646
1763971200000,0.05015,0.05017,0.04886,0.04945,27971448
1763985600000,0.04944,0.05028,0.04882,0.05,36883807
1764000000000,0.05001,0.05205,0.05001,0.05162,42952725
1764014400000,0.05163,0.05226,0.05115,0.05122,25374129
1764028800000,0.05121,0.05148,0.05048,0.05075,20070343
1764043200000,0.05075,0.05106,0.05032,0.05039,14647842
1764057600000,0.05039,0.05067,0.04996,0.05045,17507708
1764072000000,0.05047,0.05098,0.04966,0.05055,33727782
1764086400000,0.05054,0.05195,0.05047,0.0512,36701427
1764100800000,0.05122,0.05241,0.05093,0.05207,26460427
1764115200000,0.05207,0.05231,0.05073,0.05079,21382092
1764129600000,0.0508,0.05128,0.05046,0.05128,23202664
1764144000000,0.05128,0.05129,0.05009,0.05019,22001504
1764158400000,0.05018,0.05062,0.04977,0.05009,24771197
1764172800000,0.05009,0.05234,0.05008,0.05174,35121834
1764187200000,0.05174,0.05198,0.05142,0.05189,11891609
1764201600000,0.05189,0.05234,0.0516,0.0518,22153659
1764216000000,0.0518,0.05213,0.05144,0.05171,12186312
1764230400000,0.05171,0.0521,0.05144,0.05146,12877006
1764244800000,0.05147,0.05199,0.05121,0.05197,20997338
1764259200000,0.05198,0.05286,0.05192,0.05267,35434004
1764273600000,0.05268,0.05297,0.05188,0.05199,18840158
1764288000000,0.05199,0.05229,0.05125,0.05163,17082558
1764302400000,0.05163,0.05185,0.0513,0.0517,13452615
1764316800000,0.05169,0.05276,0.05156,0.05182,20435174
1764331200000,0.05181,0.05274,0.05156,0.05234,24799380
1764345600000,0.05233,0.05234,0.0504,0.05106,40384472
1764360000000,0.05105,0.05123,0.05066,0.05105,12857632
1764374400000,0.05105,0.05139,0.05088,0.05108,9508860
1764388800000,0.05107,0.05132,0.0506,0.05072,14333180
1764403200000,0.05071,0.0511,0.0504,0.05107,8606644
1764417600000,0.05108,0.05117,0.05056,0.05095,10720063
1764432000000,0.05096,0.05096,0.05009,0.05011,17875717
1764446400000,0.05011,0.05044,0.04985,0.0503,11184889
1764460800000,0.05031,0.05063,0.04987,0.0504,14095332
1764475200000,0.05041,0.05042,0.04991,0.05034,9264728
1764489600000,0.05033,0.05067,0.04981,0.0499,16162678
1764504000000,0.0499,0.05071,0.04971,0.04997,17349158
1764518400000,0.04998,0.05039,0.04993,0.05018,13711387
1764532800000,0.05019,0.05042,0.04918,0.04928,15576339
1764547200000,0.04929,0.04943,0.04582,0.04595,87372499
1764561600000,0.04595,0.04643,0.04545,0.04635,36683592
1764576000000,0.04635,0.04668,0.04619,0.04639,27975923
1764590400000,0.04639,0.04664,0.0449,0.04559,58486363
1764604800000,0.04559,0.04576,0.04512,0.04522,42055435
1764619200000,0.04522,0.04644,0.04522,0.04624,33490378
1764633600000,0.04624,0.04672,0.04575,0.04629,21870659
1764648000000,0.04629,0.04666,0.04621,0.04659,13969933
1764662400000,0.04659,0.04792,0.04609,0.04778,32057269
1764676800000,0.04779,0.05058,0.04744,0.05053,39483811
1764691200000,0.05054,0.05079,0.04951,0.04953,39169334
1764705600000,0.04953,0.04963,0.0489,0.04915,17040743
1764720000000,0.04915,0.04978,0.04889,0.04952,23633701
1764734400000,0.04951,0.05023,0.04946,0.04968,18526063
1764748800000,0.04969,0.05002,0.04942,0.04993,17985741
1764763200000,0.04993,0.05023,0.04863,0.04951,42689928
1764777600000,0.0495,0.05019,0.04925,0.0498,19472925
1764792000000,0.0498,0.05046,0.04956,0.04979,25791361
1764806400000,0.0498,0.05019,0.04934,0.04948,19527376
1764820800000,0.04948,0.04957,0.04903,0.04932,13995158
1764835200000,0.04932,0.04934,0.04887,0.04907,24348098
1764849600000,0.04907,0.04934,0.04827,0.04919,23110993
1764864000000,0.04918,0.04942,0.04709,0.04795,28400676
1764878400000,0.04795,0.04824,0.04771,0.04783,13785888
1764892800000,0.04783,0.04839,0.04776,0.04793,15626614
1764907200000,0.04792,0.04834,0.04746,0.04815,17544458
1764921600000,0.04815,0.0482,0.04694,0.04718,19759275
1764936000000,0.04718,0.04739,0.04577,0.0461,59127798
1764950400000,0.04609,0.04612,0.04456,0.04513,52285274
1764964800000,0.04513,0.04553,0.045,0.04546,21554818
1764979200000,0.04546,0.0456,0.04523,0.04539,12391208
1764993600000,0.0454,0.04552,0.04505,0.04542,10016139
1765008000000,0.04542,0.04556,0.04518,0.04553,10441866
1765022400000,0.04554,0.04624,0.04541,0.04602,19099427
1765036800000,0.04602,0.04684,0.04601,0.04634,20048061
1765051200000,0.04635,0.04695,0.04622,0.04649,24131068
1765065600000,0.04648,0.04684,0.04642,0.04674,9312665
1765080000000,0.04674,0.04677,0.04626,0.04639,7941799
1765094400000,0.04639,0.04648,0.04564,0.0457,20578887
1765108800000,0.0457,0.04594,0.04426,0.04564,41995067
1765123200000,0.04563,0.04652,0.04499,0.04646,36616326
1765137600000,0.04646,0.04667,0.04442,0.04506,30159399
1765152000000,0.04507,0.04589,0.04488,0.04559,19789246
1765166400000,0.04559,0.04672,0.04559,0.04648,22169837
1765180800000,0.04648,0.04719,0.0463,0.04661,16636314
1765195200000,0.04661,0.04698,0.04592,0.04614,28678118
1765209600000,0.04614,0.04667,0.0456,0.04573,32980645
1765224000000,0.04574,0.04628,0.0456,0.04588,16539863
1765238400000,0.04588,0.04614,0.04518,0.04571,18546658
1765252800000,0.04572,0.04573,0.04505,0.04549,14676367
1765267200000,0.04549,0.0455,0.04496,0.04545,12899601
1765281600000,0.04546,0.04756,0.04537,0.04747,32137966
1765296000000,0.04748,0.04848,0.04748,0.0477,66687300
1765310400000,0.0477,0.04775,0.04657,0.04724,29928871
1765324800000,0.04724,0.0473,0.0461,0.04616,25665710
1765339200000,0.04615,0.0463,0.04585,0.046,17463857
1765353600000,0.046,0.04625,0.04532,0.04553,26009030
1765368000000,0.04553,0.04584,0.04525,0.04569,34122147
1765382400000,0.04568,0.04721,0.04551,0.04719,64854628
1765396800000,0.04719,0.04802,0.04539,0.04563,55716372
1765411200000,0.04563,0.04568,0.04385,0.04398,49678686
1765425600000,0.04397,0.04397,0.04331,0.04363,44781506
1765440000000,0.04363,0.04371,0.04311,0.04336,40360436
1765454400000,0.04336,0.04393,0.04326,0.04346,38829915
1765468800000,0.04345,0.04398,0.04261,0.04358,54384184
1765483200000,0.04358,0.04514,0.04356,0.04437,39803720
1765497600000,0.04437,0.0446,0.04382,0.04445,23851350
1765512000000,0.04444,0.04493,0.04418,0.04455,27330315
1765526400000,0.04456,0.04475,0.04325,0.04332,39106934
1765540800000,0.04331,0.04382,0.0415,0.04177,68732842
1765555200000,0.04177,0.0419,0.0403,0.04059,99377804
1765569600000,0.0406,0.04111,0.04048,0.04087,33017376
1765584000000,0.04087,0.04104,0.04049,0.04093,30289212
1765598400000,0.04093,0.04133,0.04074,0.0412,26156150
1765612800000,0.04121,0.04172,0.0412,0.04128,19473201
1765627200000,0.04128,0.04155,0.04101,0.04127,19432518
1765641600000,0.04126,0.04232,0.04123,0.04198,37631373
1765656000000,0.04198,0.04221,0.04147,0.04208,20985765
1765670400000,0.04208,0.04214,0.0416,0.04162,15316200
1765684800000,0.04162,0.04167,0.04102,0.04126,20322427
1765699200000,0.04127,0.04139,0.04046,0.04076,23204617
1765713600000,0.04075,0.0409,0.04019,0.04047,26257708
1765728000000,0.04047,0.04074,0.03986,0.04006,30153405
1765742400000,0.04005,0.0403,0.03947,0.04,31170590
1765756800000,0.04,0.04119,0.03999,0.04061,24333905
1765771200000,0.04062,0.04113,0.04056,0.04062,19034735
1765785600000,0.04062,0.04077,0.04025,0.04038,19124385
1765800000000,0.04037,0.04055,0.03816,0.03844,74127846
1765814400000,0.03843,0.03843,0.03711,0.03785,72660958
1765828800000,0.03784,0.03818,0.03748,0.03803,26108368
1765843200000,0.03804,0.03813,0.03758,0.03805,21275477
1765857600000,0.03806,0.03821,0.03747,0.03773,18274358
1765872000000,0.03773,0.0389,0.0377,0.03885,23022428
1765886400000,0.03886,0.03915,0.03808,0.03897,58187547
1765900800000,0.03898,0.03912,0.03848,0.03888,27112750
1765915200000,0.03887,0.03916,0.03862,0.0388,16184094
1765929600000,0.0388,0.03889,0.03844,0.03853,17891589
1765944000000,0.03853,0.0386,0.03812,0.03841,13740547
1765958400000,0.03841,0.03841,0.038,0.03838,15382908
1765972800000,0.03838,0.04002,0.03837,0.03852,72011184
1765987200000,0.03852,0.03874,0.03676,0.03734,67515952
1766001600000,0.03735,0.03762,0.03705,0.03733,20933558
1766016000000,0.03733,0.03741,0.03658,0.03667,24579391
1766030400000,0.03667,0.03682,0.03601,0.03641,37912227
1766044800000,0.03641,0.03683,0.03637,0.03681,23542971
1766059200000,0.03682,0.03817,0.03675,0.03785,69235858
1766073600000,0.03785,0.03804,0.0351,0.03516,94928109
1766088000000,0.03515,0.03603,0.0351,0.03569,42167977
1766102400000,0.03569,0.03668,0.03507,0.03629,41113584
1766116800000,0.03629,0.03695,0.03598,0.03661,25262516
1766131200000,0.03661,0.03683,0.03623,0.03646,21968644
1766145600000,0.03647,0.03779,0.03637,0.03715,38702381
1766160000000,0.03714,0.03802,0.03693,0.03789,37034441
1766174400000,0.03789,0.03819,0.03748,0.03751,17256022
1766188800000,0.03751,0.03759,0.03722,0.03754,11991148
1766203200000,0.03754,0.03802,0.03721,0.03801,14004527
1766217600000,0.038,0.03819,0.03749,0.03772,13645894
1766232000000,0.03772,0.03772,0.03728,0.03754,12519287
1766246400000,0.03754,0.03793,0.03751,0.03773,17302131
1766260800000,0.03772,0.03795,0.03768,0.03772,8088382
1766275200000,0.03773,0.0378,0.03704,0.03721,15144287
1766289600000,0.03722,0.0374,0.0371,0.03725,10058503
1766304000000,0.03725,0.03752,0.03702,0.03707,13211132
1766318400000,0.03706,0.03722,0.03558,0.03601,42892401
1766332800000,0.03601,0.03647,0.03585,0.03635,15856886
1766347200000,0.03635,0.03677,0.03599,0.03662,22219053
1766361600000,0.03662,0.03816,0.03564,0.03631,202478198
1766376000000,0.03631,0.03724,0.03629,0.03704,31430914
1766390400000,0.03703,0.03855,0.03696,0.03839,54082894
1766404800000,0.03839,0.03907,0.03821,0.03875,56087728
1766419200000,0.03876,0.03912,0.03797,0.03807,50054040
1766433600000,0.03807,0.03828,0.0374,0.03782,45050013
1766448000000,0.03783,0.03825,0.0369,0.03695,42829274
1766462400000,0.03695,0.03707,0.03636,0.0365,32202068
1766476800000,0.0365,0.03718,0.03644,0.03707,18548199
1766491200000,0.03707,0.03707,0.03586,0.03622,44711373
1766505600000,0.03622,0.03686,0.03614,0.03655,35415835
1766520000000,0.03656,0.03703,0.03632,0.03652,17715306
1766534400000,0.03653,0.03672,0.03584,0.03614,17102370
1766548800000,0.03615,0.03629,0.03565,0.03575,17040276
1766563200000,0.03576,0.03582,0.03552,0.0357,13239522
1766577600000,0.03569,0.03627,0.03539,0.03619,21344248
1766592000000,0.03618,0.03643,0.03595,0.03618,21951390
1766606400000,0.03618,0.03672,0.03616,0.03661,13471674
1766620800000,0.03662,0.03682,0.03629,0.0368,13286357
1766635200000,0.03681,0.03694,0.03657,0.03691,14303544
1766649600000,0.0369,0.03717,0.03623,0.03627,19414581
1766664000000,0.03627,0.0368,0.03624,0.03667,15170162
1766678400000,0.03668,0.03678,0.03632,0.03659,11983471
1766692800000,0.03657,0.0366,0.03525,0.03534,21552714
1766707200000,0.03533,0.03669,0.03515,0.03636,28254618
1766721600000,0.03636,0.03656,0.0359,0.03596,15972335
1766736000000,0.03596,0.03688,0.03594,0.03664,57775910
1766750400000,0.03664,0.03695,0.03592,0.03621,32981771
1766764800000,0.03621,0.03651,0.03588,0.03641,16876548
1766779200000,0.03642,0.0366,0.03616,0.03631,8416289
1766793600000,0.0363,0.03689,0.03623,0.03678,9794772
1766808000000,0.03678,0.03683,0.03658,0.03665,10447895
1766822400000,0.03665,0.03703,0.03629,0.03701,15625202
1766836800000,0.03702,0.03737,0.03682,0.0373,14380232
1766851200000,0.03731,0.03744,0.03716,0.03739,13256188
1766865600000,0.0374,0.03823,0.0371,0.03815,27481740
1766880000000,0.03816,0.03824,0.03785,0.03809,11644595
1766894400000,0.03808,0.03845,0.03803,0.03833,10750869
1766908800000,0.03833,0.03854,0.03815,0.03833,14719318
1766923200000,0.03834,0.03834,0.03792,0.038,17546456
1766937600000,0.03802,0.03818,0.03747,0.03751,20486361
1766952000000,0.0375,0.03788,0.0374,0.03782,14901564
1766966400000,0.03783,0.03842,0.03772,0.03838,27661899
1766980800000,0.03837,0.03841,0.03757,0.03792,22111960
1766995200000,0.03792,0.03796,0.03688,0.03689,31751084
1767009600000,0.03689,0.03692,0.03603,0.03642,43898939
1767024000000,0.03641,0.03649,0.03532,0.0355,52865333
1767038400000,0.0355,0.03577,0.03506,0.03543,43557313
1767052800000,0.03542,0.03557,0.03511,0.03549,25611500
1767067200000,0.03547,0.03553,0.03506,0.03532,28327026
1767081600000,0.03531,0.03573,0.03522,0.03543,25734731
1767096000000,0.03543,0.03561,0.03504,0.03549,33389142
1767110400000,0.03549,0.0355,0.03475,0.03506,36658200
1767124800000,0.03505,0.03506,0.0348,0.03487,19137683
1767139200000,0.03488,0.03509,0.03437,0.03458,41648548
1767153600000,0.03458,0.03467,0.03431,0.03457,16281288
1767168000000,0.03456,0.03491,0.03441,0.0349,24045691
1767182400000,0.03491,0.03493,0.03443,0.03452,27618571
1767196800000,0.03453,0.03455,0.03291,0.03298,70105109
1767211200000,0.03297,0.03341,0.03262,0.03317,54901464
1767225600000,0.03318,0.03351,0.03318,0.0333,20872521
1767240000000,0.0333,0.03359,0.03297,0.0335,27624665
1767254400000,0.03349,0.03445,0.03342,0.03444,48149053
1767268800000,0.03445,0.03544,0.03414,0.03536,37890534
1767283200000,0.03536,0.03583,0.03515,0.03583,38816697
1767297600000,0.03584,0.03618,0.03547,0.03602,27641506
1767312000000,0.03603,0.03617,0.03554,0.03615,30838856
1767326400000,0.03615,0.03619,0.03546,0.03553,16653557
1767340800000,0.03554,0.03638,0.03537,0.03587,38646704
1767355200000,0.03587,0.03649,0.03563,0.03612,50069410
1767369600000,0.03613,0.03759,0.03611,0.03753,56517803
1767384000000,0.03754,0.03774,0.03697,0.03722,38982215
1767398400000,0.03723,0.03838,0.03692,0.0383,35568250
1767412800000,0.0383,0.03843,0.0363,0.03645,57287427
1767427200000,0.03644,0.0367,0.03627,0.03634,22494330
1767441600000,0.03634,0.03783,0.03626,0.03703,58408496
1767456000000,0.03704,0.03809,0.037,0.0377,44312728
1767470400000,0.03771,0.03895,0.03734,0.03843,37390341
1767484800000,0.03843,0.03909,0.03822,0.03906,42970906
1767499200000,0.03905,0.04007,0.03892,0.03943,55131089
1767513600000,0.03942,0.04048,0.0391,0.04041,63814847
1767528000000,0.04041,0.04113,0.04,0.04086,63438081
1767542400000,0.04086,0.04127,0.0402,0.0405,50634564
1767556800000,0.0405,0.04099,0.04028,0.04071,25771411
1767571200000,0.04071,0.04162,0.04047,0.04091,43949243
1767585600000,0.04091,0.04095,0.03976,0.04061,40092872
1767600000000,0.04061,0.04074,0.03967,0.04002,35432767
1767614400000,0.04002,0.04087,0.03976,0.04081,43540068
1767628800000,0.04081,0.04162,0.03995,0.04111,68590286
1767643200000,0.04112,0.04216,0.04107,0.04164,40533315
1767657600000,0.04165,0.04197,0.04102,0.04175,36505551
1767672000000,0.04176,0.04218,0.04126,0.04135,33183377
1767686400000,0.04136,0.04222,0.04124,0.04215,22354022
1767700800000,0.04216,0.04397,0.0421,0.04282,65659853
1767715200000,0.04282,0.04306,0.04033,0.04103,69832136
1767729600000,0.04103,0.04289,0.04103,0.04249,40215924
1767744000000,0.04249,0.0426,0.04116,0.04158,42400024
1767758400000,0.04159,0.04193,0.0412,0.04191,25482117
1767772800000,0.04192,0.04219,0.0411,0.04166,27671406
1767787200000,0.04165,0.04168,0.04017,0.04043,42828958
1767801600000,0.04042,0.04084,0.04003,0.04047,27630903
1767816000000,0.04047,0.04074,0.04003,0.04069,20520600
1767830400000,0.0407,0.04124,0.04041,0.04063,24514866
1767844800000,0.04062,0.0415,0.03968,0.04069,38771485
1767859200000,0.0407,0.0408,0.03942,0.03988,34532993
1767873600000,0.03988,0.04082,0.03891,0.04078,45922994
1767888000000,0.04078,0.0409,0.03998,0.04006,27972416
1767902400000,0.04006,0.04082,0.03963,0.04046,24808247
1767916800000,0.04045,0.0411,0.0402,0.04096,31938767
1767931200000,0.04097,0.04152,0.04074,0.04121,15712256
1767945600000,0.04121,0.04212,0.04077,0.04147,45039344
1767960000000,0.04146,0.04322,0.04105,0.0429,135569709
1767974400000,0.04291,0.04504,0.04163,0.04178,188177374
1767988800000,0.04177,0.04296,0.04169,0.04246,39071755
1768003200000,0.04245,0.04249,0.04128,0.04152,44414779
1768017600000,0.04151,0.04162,0.04094,0.04139,33628118
1768032000000,0.04138,0.04208,0.04127,0.04208,23782910
1768046400000,0.04208,0.04266,0.04191,0.04235,33727137
1768060800000,0.04235,0.0426,0.04181,0.04252,29912063
1768075200000,0.04253,0.04278,0.04128,0.04155,30351185
1768089600000,0.04155,0.04183,0.04122,0.04182,20222636
1768104000000,0.04181,0.04188,0.04128,0.04164,19465355
1768118400000,0.04164,0.04209,0.04151,0.04207,19013498
1768132800000,0.04207,0.04325,0.04175,0.04196,49550932
1768147200000,0.04197,0.04306,0.0418,0.04258,34939338
1768161600000,0.04258,0.04259,0.04093,0.0417,45169274
1768176000000,0.0417,0.04312,0.04106,0.04231,49441375
1768190400000,0.04231,0.04299,0.0414,0.04149,33143695
1768204800000,0.04149,0.04174,0.04095,0.04148,34822169
1768219200000,0.04148,0.0431,0.04058,0.04287,84241660
1768233600000,0.04286,0.04292,0.04113,0.04159,58109634
1768248000000,0.0416,0.04191,0.04029,0.04062,36908072
1768262400000,0.0406,0.04105,0.04049,0.041,30206967
1768276800000,0.04099,0.04186,0.0409,0.04133,31994912
1768291200000,0.04134,0.04231,0.04125,0.04215,29940900
1768305600000,0.04216,0.04314,0.04203,0.04276,73518141
1768320000000,0.04276,0.04353,0.04257,0.04302,62634503
1768334400000,0.04303,0.04431,0.04258,0.04351,44966808
1768348800000,0.04352,0.04389,0.04292,0.04331,29273208
1768363200000,0.0433,0.04336,0.04272,0.04305,26746416
1768377600000,0.04304,0.0434,0.04263,0.04283,18170257
1768392000000,0.04283,0.04344,0.04253,0.04319,33816352
1768406400000,0.0432,0.04364,0.04194,0.04255,46880573
1768420800000,0.04254,0.0428,0.04188,0.04213,27768787
1768435200000,0.04214,0.04229,0.04112,0.04118,34615548
1768449600000,0.04118,0.04201,0.04111,0.04185,18312255
1768464000000,0.04185,0.04226,0.04165,0.04172,17866551
1768478400000,0.04172,0.04212,0.04026,0.04095,51564957
1768492800000,0.04094,0.04122,0.03999,0.04054,40103989
1768507200000,0.04053,0.04095,0.04016,0.04081,20151257
1768521600000,0.04081,0.04097,0.04037,0.04068,15859019
1768536000000,0.04066,0.04099,0.04026,0.04071,17995853
1768550400000,0.04071,0.04088,0.04017,0.04043,45228626
1768564800000,0.04042,0.04051,0.03929,0.03956,31722300
1768579200000,0.03956,0.04031,0.03949,0.04026,22105478
1768593600000,0.04026,0.04201,0.03998,0.04145,38024015
1768608000000,0.04146,0.04282,0.04132,0.04276,43601853
1768622400000,0.04276,0.04372,0.04258,0.04323,56387933
1768636800000,0.04323,0.04472,0.04321,0.04365,73910382
1768651200000,0.04364,0.04429,0.04332,0.04369,60592126
1768665600000,0.04368,0.04377,0.04308,0.04345,22090642
1768680000000,0.04346,0.04356,0.04253,0.04267,27161025
1768694400000,0.04266,0.04334,0.04206,0.0421,32332274
1768708800000,0.04211,0.04242,0.04184,0.04238,19217608
1768723200000,0.04238,0.04289,0.04221,0.04224,29520859
1768737600000,0.04224,0.04235,0.04174,0.04235,21554988
1768752000000,0.04234,0.04293,0.04205,0.0426,17753516
1768766400000,0.0426,0.0429,0.0402,0.04029,49224615
1768780800000,0.04028,0.04028,0.03294,0.03853,194832990
1768795200000,0.03853,0.03878,0.03761,0.03786,47523180
1768809600000,0.03786,0.03807,0.03731,0.03749,30812754
1768824000000,0.03749,0.03788,0.03711,0.03756,34358861
1768838400000,0.03756,0.03907,0.03749,0.03869,34715877
1768852800000,0.0387,0.03887,0.03794,0.03855,27406232
1768867200000,0.03855,0.03905,0.03832,0.03858,37236418
1768881600000,0.03857,0.03878,0.03733,0.03733,49321642
1768896000000,0.03734,0.03748,0.03676,0.03677,29767129
1768910400000,0.03678,0.03742,0.03643,0.03688,47790776
1768924800000,0.03688,0.03701,0.03607,0.03628,29980450
1768939200000,0.03627,0.03674,0.03569,0.03602,34976801
1768953600000,0.03602,0.03725,0.03598,0.037,27635606
1768968000000,0.037,0.03742,0.03687,0.03714,18372500
1768982400000,0.03713,0.03733,0.03664,0.03673,24046771
1768996800000,0.03673,0.03772,0.03611,0.03751,45803358
1769011200000,0.0375,0.03773,0.03569,0.03771,54715183
1769025600000,0.03772,0.0378,0.03658,0.03676,26449523
1769040000000,0.03677,0.03783,0.03675,0.03725,20904706
1769054400000,0.03724,0.03732,0.03663,0.03684,17529357
1769068800000,0.03684,0.03719,0.03651,0.03656,13758261
1769083200000,0.03657,0.03678,0.03558,0.03615,31213253
1769097600000,0.03615,0.03689,0.03614,0.03656,24033347
1769112000000,0.03657,0.03664,0.03608,0.03644,17124187
1769126400000,0.03645,0.03738,0.03639,0.03722,16230871
1769140800000,0.03723,0.03765,0.03683,0.03693,19984957
1769155200000,0.03692,0.03704,0.03641,0.03689,26433358
1769169600000,0.03688,0.03731,0.03595,0.03697,41456754
1769184000000,0.03699,0.03758,0.03641,0.03658,37980787
1769198400000,0.03659,0.03684,0.03627,0.03666,20427311
1769212800000,0.03666,0.03697,0.03658,0.03671,15642716
1769227200000,0.03671,0.03689,0.03652,0.03677,10027161
1769241600000,0.03679,0.03699,0.03651,0.03677,11440996
1769256000000,0.03677,0.03681,0.03621,0.03622,11903369
1769270400000,0.03622,0.03655,0.0361,0.03632,9761166
1769284800000,0.03631,0.0366,0.03624,0.03652,8361969
1769299200000,0.03652,0.0367,0.0362,0.03626,12511062
1769313600000,0.03625,0.03633,0.03589,0.03608,9129745
1769328000000,0.03608,0.03624,0.03578,0.03599,14637063
1769342400000,0.03598,0.03611,0.03566,0.03575,17571103
1769356800000,0.03575,0.03575,0.03425,0.0345,49390699
1769371200000,0.0345,0.03515,0.03437,0.03492,30817558
1769385600000,0.03493,0.03567,0.03485,0.03526,38377359
1769400000000,0.03527,0.03623,0.03527,0.03614,20459192
1769414400000,0.03613,0.03647,0.03563,0.0362,31901207
1769428800000,0.03621,0.0371,0.03592,0.03649,91630897
1769443200000,0.0365,0.03657,0.03574,0.03582,41864768
1769457600000,0.03582,0.03652,0.0356,0.03607,31847199
1769472000000,0.03607,0.03634,0.03595,0.03598,19718989
1769486400000,0.03597,0.03617,0.03575,0.03579,19132610
1769500800000,0.03579,0.03586,0.03554,0.03557,14256108
1769515200000,0.03557,0.03601,0.03535,0.03598,28344553
1769529600000,0.03599,0.03677,0.03547,0.03671,40871823
1769544000000,0.0367,0.03703,0.03651,0.03665,23071255
1769558400000,0.03665,0.0367,0.03623,0.03626,16258765
1769572800000,0.03626,0.03631,0.03578,0.03589,17640690
1769587200000,0.0359,0.0364,0.03575,0.03638,24496454
1769601600000,0.03637,0.03638,0.03563,0.03574,19947776
1769616000000,0.03575,0.03606,0.03541,0.03585,23987335
1769630400000,0.03584,0.03715,0.03551,0.03692,45691319
1769644800000,0.03692,0.03706,0.03522,0.03538,41271346
1769659200000,0.03538,0.03552,0.03511,0.03536,14791159
1769673600000,0.03537,0.03537,0.03471,0.03474,23048289
1769688000000,0.03473,0.03476,0.03292,0.03367,75276845
1769702400000,0.03366,0.03436,0.03299,0.03342,54176687
1769716800000,0.03342,0.03419,0.03333,0.03395,29198010
1769731200000,0.03394,0.03413,0.03238,0.03295,56828824
1769745600000,0.03294,0.03341,0.03253,0.03293,34975692
1769760000000,0.03293,0.03351,0.03262,0.03342,25854202
1769774400000,0.03342,0.03348,0.03262,0.03294,41647014
1769788800000,0.03294,0.03377,0.03214,0.03355,51268854
1769803200000,0.03354,0.03355,0.03276,0.03305,36184633
1769817600000,0.03305,0.03306,0.0327,0.03284,13811310
1769832000000,0.03283,0.03292,0.0322,0.0324,14501261
1769846400000,0.0324,0.03245,0.03155,0.03176,34078546
1769860800000,0.03175,0.03176,0.0298,0.03037,95603080
1769875200000,0.03037,0.03083,0.02642,0.02897,196975120
1769889600000,0.02896,0.03043,0.02889,0.0302,58429937
1769904000000,0.03019,0.03097,0.03015,0.03096,45592410
1769918400000,0.03095,0.03103,0.03053,0.03066,24983078
1769932800000,0.03066,0.03129,0.03051,0.03071,28881594
1769947200000,0.03071,0.03108,0.02963,0.03006,54155769
1769961600000,0.03007,0.03047,0.02967,0.02995,50517842
1769976000000,0.02994,0.03045,0.02896,0.02957,76160619
1769990400000,0.02958,0.03036,0.02871,0.02979,61304499
1770004800000,0.02979,0.0302,0.02882,0.02924,73283679
1770019200000,0.02925,0.03005,0.02924,0.02971,40223965
1770033600000,0.02972,0.03102,0.02972,0.03086,42479092
1770048000000,0.03085,0.03105,0.03043,0.03045,23684740
1770062400000,0.03045,0.03059,0.03026,0.03044,18420364
1770076800000,0.03044,0.03052,0.02961,0.03022,21169540
1770091200000,0.03021,0.03043,0.02979,0.03033,26074229
1770105600000,0.03033,0.03039,0.02967,0.03016,35264523
1770120000000,0.03016,0.0306,0.02958,0.03054,44150158
1770134400000,0.03055,0.03055,0.0283,0.02964,108084482
1770148800000,0.02963,0.03099,0.02932,0.02961,71129723
1770163200000,0.0296,0.03029,0.02949,0.03012,27405787
1770177600000,0.03011,0.03014,0.02955,0.02997,28651984
1770192000000,0.02998,0.03,0.02928,0.02957,27507732
1770206400000,0.02957,0.02971,0.02836,0.02868,73966071
1770220800000,0.02868,0.02962,0.02828,0.02957,95128550
1770235200000,0.02957,0.0296,0.02855,0.02906,42636225
1770249600000,0.02906,0.02943,0.02841,0.02854,77972168
1770264000000,0.02854,0.02882,0.02811,0.02831,57792264
1770278400000,0.02832,0.02888,0.02723,0.02761,64247495
1770292800000,0.02761,0.02799,0.02557,0.02612,155349373
1770307200000,0.02613,0.02663,0.0252,0.02533,165250636
1770321600000,0.02533,0.0255,0.02398,0.02471,224935624
1770336000000,0.0247,0.02559,0.0225,0.02514,312782992
1770350400000,0.02513,0.02626,0.02503,0.0257,82895074
1770364800000,0.0257,0.02672,0.02556,0.0266,77472106
1770379200000,0.02659,0.02783,0.02639,0.02768,125690511
1770393600000,0.02768,0.02943,0.02758,0.02854,123282027
1770408000000,0.02853,0.0289,0.02806,0.02861,43480627
1770422400000,0.02861,0.02869,0.02809,0.02841,46824359
1770436800000,0.0284,0.02887,0.02731,0.0276,59825972
1770451200000,0.0276,0.02782,0.02727,0.02742,29855465
1770465600000,0.02741,0.02835,0.02737,0.02794,38839503
1770480000000,0.02794,0.02886,0.02786,0.02807,122672971
1770494400000,0.02806,0.02831,0.02788,0.02804,70008658
1770508800000,0.02805,0.02809,0.0276,0.02762,16293047
1770523200000,0.02762,0.02772,0.02751,0.02766,12005917
1770537600000,0.02766,0.02817,0.02757,0.02817,30395603
1770552000000,0.02818,0.02822,0.02768,0.02776,23807105
1770566400000,0.02776,0.02788,0.0272,0.02783,19313128
1770580800000,0.02783,0.02808,0.02722,0.02749,24193818
1770595200000,0.02748,0.02775,0.02725,0.02765,23221942
1770609600000,0.02764,0.02772,0.02724,0.02731,14685420
1770624000000,0.0273,0.02736,0.02639,0.0267,37234132
1770638400000,0.02669,0.02731,0.02663,0.02715,56541118
1770652800000,0.02714,0.02763,0.02689,0.02734,33762589
1770667200000,0.02734,0.02742,0.02693,0.02711,190619507
1770681600000,0.02712,0.02726,0.02658,0.02677,23804767
1770696000000,0.02676,0.02696,0.0262,0.02633,32560467
1770710400000,0.02633,0.02653,0.02621,0.0263,29832900
1770724800000,0.0263,0.02677,0.02624,0.02662,40885563
1770739200000,0.02661,0.02679,0.02628,0.02643,32087257
1770753600000,0.02643,0.02656,0.02628,0.0265,20065849
1770768000000,0.02651,0.02674,0.02632,0.02653,20348054
1770782400000,0.02652,0.02656,0.02551,0.02551,46845627
1770796800000,0.02551,0.02567,0.02536,0.02564,28116318
1770811200000,0.02565,0.02687,0.02542,0.02567,72481371
1770825600000,0.02567,0.02621,0.02547,0.02602,37404914
1770840000000,0.02602,0.02647,0.02582,0.02606,26184074
1770854400000,0.02606,0.02662,0.02606,0.02661,19562784
1770868800000,0.02661,0.02703,0.02642,0.02701,22553753
1770883200000,0.02702,0.02754,0.02682,0.02732,35553745
1770897600000,0.02732,0.02733,0.02645,0.02649,40779290
1770912000000,0.02649,0.02679,0.02588,0.02649,56814041
1770926400000,0.0265,0.02681,0.02619,0.02677,23668685
1770940800000,0.02677,0.0269,0.02641,0.02647,19038811
1770955200000,0.02647,0.02653,0.02614,0.02642,13475648
1770969600000,0.02641,0.02691,0.02638,0.02671,26894999
1770984000000,0.02671,0.02763,0.02648,0.02714,54041462
1770998400000,0.02714,0.02773,0.0271,0.02744,31093258
1771012800000,0.02746,0.02785,0.02738,0.02752,18899491
1771027200000,0.02752,0.02805,0.02752,0.02796,26706042
1771041600000,0.02796,0.02799,0.02767,0.02783,12293128
1771056000000,0.02781,0.02837,0.0278,0.02834,29606712
1771070400000,0.02834,0.02859,0.02801,0.02859,28772402
1771084800000,0.0286,0.02934,0.0284,0.0293,25761344
1771099200000,0.0293,0.02943,0.0289,0.029,23951173
1771113600000,0.02899,0.02905,0.02836,0.02884,35937808
1771128000000,0.02884,0.02931,0.02881,0.0292,28709498
1771142400000,0.0292,0.02925,0.02839,0.02846,35231338
1771156800000,0.02846,0.02848,0.02743,0.02776,67227290
1771171200000,0.02776,0.0278,0.02717,0.02732,49000648
1771185600000,0.02731,0.02784,0.02721,0.02783,27393112
1771200000000,0.02783,0.02798,0.0276,0.02786,32739929
1771214400000,0.02786,0.02807,0.02757,0.02764,25559917
1771228800000,0.02764,0.02792,0.02738,0.02775,24931949
1771243200000,0.02775,0.0284,0.02731,0.02748,49885824
1771257600000,0.02747,0.02791,0.02743,0.02783,23647381
1771272000000,0.02785,0.02833,0.02775,0.02815,19334705
1771286400000,0.02816,0.02818,0.02782,0.02794,16331186
1771300800000,0.02793,0.02807,0.02763,0.02794,14876068
1771315200000,0.02794,0.02798,0.02761,0.02777,19214045
1771329600000,0.02778,0.02802,0.02731,0.02775,34641247
1771344000000,0.02775,0.02814,0.02748,0.02784,32072462
1771358400000,0.02784,0.0279,0.02764,0.02773,14858603
1771372800000,0.02774,0.02786,0.02749,0.02781,19170224
1771387200000,0.02781,0.02796,0.02772,0.02794,9314222
1771401600000,0.02794,0.02803,0.02743,0.02757,13144609
1771416000000,0.02757,0.02781,0.0271,0.0276,31812706
1771430400000,0.02761,0.02763,0.0266,0.02677,32681615
1771444800000,0.02677,0.02694,0.0265,0.02685,23934360
1771459200000,0.02686,0.02704,0.02663,0.02702,25578609
1771473600000,0.02703,0.02709,0.02682,0.02695,14302399
1771488000000,0.02694,0.02694,0.02653,0.02666,22170151
1771502400000,0.02665,0.02673,0.026,0.02621,38769605
1771516800000,0.0262,0.02646,0.02598,0.02629,36527813
1771531200000,0.0263,0.02646,0.02616,0.02645,12608614
1771545600000,0.02645,0.02669,0.02639,0.02655,18664836
1771560000000,0.02654,0.02677,0.02632,0.02664,25995406
1771574400000,0.02663,0.02688,0.02635,0.02639,24758332
1771588800000,0.02639,0.02716,0.02592,0.02716,55128248
1771603200000,0.02715,0.02734,0.02661,0.02701,56821630
1771617600000,0.02701,0.02724,0.02693,0.0272,14693671
1771632000000,0.0272,0.02833,0.0272,0.02826,64042514
1771646400000,0.02826,0.02922,0.02825,0.02916,119122838
1771660800000,0.02915,0.02962,0.02866,0.02885,101161766
1771675200000,0.02886,0.02915,0.02806,0.02816,87125379
1771689600000,0.02816,0.02848,0.02792,0.0283,24244460
1771704000000,0.0283,0.02832,0.02789,0.0279,16440393
1771718400000,0.02789,0.02796,0.02693,0.02709,42586605
1771732800000,0.02708,0.02719,0.02684,0.02715,23192019
1771747200000,0.02715,0.02727,0.02699,0.0271,20581003
1771761600000,0.0271,0.0271,0.02645,0.02672,32733657
1771776000000,0.02672,0.02681,0.02654,0.02669,16175264
1771790400000,0.02669,0.02685,0.02647,0.02669,15970168
1771804800000,0.0267,0.02674,0.0256,0.02591,79676837
1771819200000,0.02591,0.02655,0.02577,0.02642,22881079
1771833600000,0.02642,0.02697,0.02635,0.02664,27748615
1771848000000,0.02665,0.02686,0.0261,0.02613,35842708
1771862400000,0.02613,0.02619,0.02555,0.02569,45065045
1771876800000,0.02569,0.02624,0.02563,0.02602,28202784
1771891200000,0.02602,0.02617,0.02558,0.02573,39457747
1771905600000,0.02573,0.02574,0.02544,0.02557,30017648
1771920000000,0.02556,0.0257,0.02544,0.02559,21142138
1771934400000,0.02558,0.02615,0.0253,0.02604,41673250
1771948800000,0.02603,0.02632,0.02592,0.02612,31223495
1771963200000,0.02612,0.02616,0.02548,0.02568,41865420
1771977600000,0.02568,0.02661,0.02555,0.02615,57409458
1771992000000,0.02615,0.02632,0.02591,0.02614,27517159
1772006400000,0.02615,0.02659,0.02598,0.02647,41323802
1772020800000,0.02647,0.02803,0.02641,0.02785,61853976
1772035200000,0.02784,0.02865,0.02784,0.02865,48679520
1772049600000,0.02866,0.02907,0.02746,0.02776,70341403
1772064000000,0.02776,0.02799,0.02725,0.02751,39636376
1772078400000,0.0275,0.02766,0.02712,0.02721,18497456
1772092800000,0.02721,0.02748,0.02691,0.02695,30087445
1772107200000,0.02695,0.02709,0.02647,0.0268,44822273
1772121600000,0.02679,0.02682,0.02608,0.02667,55236687
1772136000000,0.02666,0.02672,0.02652,0.02666,15151198
1772150400000,0.02666,0.02699,0.02656,0.02695,20636236
1772164800000,0.02695,0.02739,0.02694,0.02729,23304833
1772179200000,0.02729,0.0275,0.02662,0.02671,42321973
1772193600000,0.02671,0.02679,0.02628,0.02654,38613479
1772208000000,0.02654,0.02659,0.02603,0.02611,38285922
1772222400000,0.02611,0.02622,0.02559,0.02614,33925827
1772236800000,0.02614,0.02624,0.02589,0.02596,23080307
1772251200000,0.02596,0.02596,0.02455,0.02498,80597689
1772265600000,0.02498,0.02498,0.02434,0.02443,48474253
1772280000000,0.02442,0.02537,0.02441,0.025,62659538
1772294400000,0.025,0.02601,0.02485,0.02582,46197962
1772308800000,0.02582,0.02659,0.02573,0.02652,37453905
1772323200000,0.02652,0.02726,0.02588,0.02679,49175167
1772337600000,0.02679,0.0269,0.02643,0.02662,18478528
1772352000000,0.02662,0.02669,0.02596,0.02607,23135841
1772366400000,0.02607,0.02634,0.02558,0.02594,43593783
1772380800000,0.02594,0.02612,0.02528,0.02535,43720052
1772395200000,0.02535,0.02582,0.02499,0.02558,41978503
1772409600000,0.02559,0.02633,0.02556,0.02612,41256517
1772424000000,0.02613,0.02635,0.02535,0.02555,36258673
1772438400000,0.02556,0.02597,0.02533,0.02569,39014850
1772452800000,0.02569,0.02698,0.02545,0.02669,56329600
1772467200000,0.02669,0.02698,0.02602,0.02629,69022688
1772481600000,0.02629,0.02644,0.02592,0.02605,38374774
1772496000000,0.02605,0.0261,0.02561,0.02587,42620757
1772510400000,0.02588,0.02599,0.02565,0.0258,28870608
1772524800000,0.0258,0.02585,0.02525,0.02548,44087160
1772539200000,0.02548,0.02596,0.02533,0.0259,42472343
1772553600000,0.02589,0.02646,0.0257,0.02607,47160046
1772568000000,0.02607,0.02628,0.02567,0.02602,22545819
1772582400000,0.02602,0.02613,0.02561,0.02588,33251695
1772596800000,0.02588,0.02613,0.02567,0.02608,32078597
1772611200000,0.02607,0.02695,0.02595,0.02631,60200964
1772625600000,0.02631,0.02705,0.02597,0.02705,45292294
1772640000000,0.02705,0.02716,0.02657,0.02691,45697806
1772654400000,0.02691,0.02706,0.02647,0.02671,20475650
1772668800000,0.02671,0.02681,0.02638,0.02653,27699286
1772683200000,0.02655,0.02678,0.02637,0.0265,35707037
1772697600000,0.0265,0.02697,0.02634,0.02672,43651177
1772712000000,0.02671,0.02689,0.02624,0.0263,38233272
1772726400000,0.0263,0.02635,0.0258,0.0262,39310928
1772740800000,0.02619,0.02652,0.02616,0.02625,16572630
1772755200000,0.02626,0.02651,0.02609,0.02648,20682534
1772769600000,0.02648,0.02651,0.02607,0.02647,22236805
1772784000000,0.02646,0.02647,0.02595,0.02596,22223421
1772798400000,0.02595,0.02619,0.02519,0.02538,67150894
1772812800000,0.02538,0.02568,0.02523,0.02552,28380012
1772827200000,0.02552,0.02571,0.02551,0.02564,12278262
1772841600000,0.02564,0.02577,0.02548,0.02548,16682345
1772856000000,0.02548,0.0256,0.0252,0.02534,13596499
1772870400000,0.02534,0.02554,0.02527,0.02542,15430410
1772884800000,0.02542,0.02547,0.02508,0.02519,20356438
1772899200000,0.02519,0.02538,0.02503,0.02507,16661319
1772913600000,0.02507,0.02522,0.02483,0.02506,13834213
1772928000000,0.02506,0.02508,0.02466,0.02478,17931436
1772942400000,0.02477,0.02498,0.02458,0.02493,14215574
1772956800000,0.02493,0.0256,0.02482,0.02529,19805462
1772971200000,0.02529,0.02548,0.02496,0.02505,18672681
1772985600000,0.02504,0.0251,0.02456,0.02501,19293146
1773000000000,0.02501,0.02509,0.02444,0.02465,36759616
1773014400000,0.02465,0.02529,0.02462,0.02503,28153483
1773028800000,0.02503,0.02554,0.02496,0.02526,26700097
1773043200000,0.02527,0.0254,0.02496,0.02513,23471747
1773057600000,0.02514,0.02561,0.02512,0.02537,30765593
1773072000000,0.02537,0.02579,0.02518,0.02541,24538652
1773086400000,0.0254,0.02543,0.02499,0.02503,14711054
1773100800000,0.02503,0.02554,0.02497,0.02519,22394645
1773115200000,0.0252,0.02549,0.02511,0.02526,17744567
1773129600000,0.02527,0.02559,0.02521,0.02534,24634279
1773144000000,0.02535,0.02588,0.02515,0.02564,41460319
1773158400000,0.02564,0.02584,0.025,0.02513,30979714
1773172800000,0.02512,0.02523,0.02482,0.02492,26109549
1773187200000,0.02493,0.02508,0.02476,0.02492,23618651
1773201600000,0.02492,0.0252,0.02473,0.0251,24219844
1773216000000,0.02511,0.02568,0.02509,0.0255,45064574
1773230400000,0.0255,0.02622,0.02542,0.02566,69156870
1773244800000,0.02565,0.02598,0.02556,0.0259,35605455
1773259200000,0.02589,0.02604,0.02577,0.02588,19444097
1773273600000,0.02588,0.02591,0.02539,0.02543,30117689
1773288000000,0.02543,0.02555,0.02529,0.02547,20430535
1773302400000,0.02548,0.02584,0.02539,0.02562,25008252
1773316800000,0.02561,0.02696,0.02555,0.0264,223302264
1773331200000,0.0264,0.028,0.02625,0.02754,191158950
1773345600000,0.02754,0.02929,0.02753,0.02771,432978358
1773360000000,0.02771,0.02922,0.02767,0.02802,190582472
1773374400000,0.02801,0.02816,0.0272,0.02726,92182482
1773388800000,0.02725,0.02737,0.02674,0.02705,98458047
1773403200000,0.02704,0.0277,0.02694,0.02738,80612552
1773417600000,0.02739,0.02768,0.02684,0.02699,63686762
1773432000000,0.027,0.02712,0.0267,0.02679,37379774
1773446400000,0.02679,0.02698,0.02647,0.02691,36179459
1773460800000,0.02691,0.02692,0.02632,0.02644,27350734
1773475200000,0.02645,0.02645,0.02614,0.02636,23561395
1773489600000,0.02636,0.02639,0.026,0.02609,19636701
1773504000000,0.02608,0.02628,0.02582,0.02589,25825412
1773518400000,0.02589,0.02622,0.02582,0.02616,19767037
1773532800000,0.02617,0.02652,0.02593,0.0262,33074366
1773547200000,0.0262,0.02633,0.02607,0.02632,19158275
1773561600000,0.02633,0.02711,0.02622,0.02685,42981425
1773576000000,0.02685,0.02704,0.02645,0.02669,51188137
1773590400000,0.0267,0.02689,0.02654,0.02677,22864437
1773604800000,0.02676,0.02708,0.02662,0.02689,31192880
1773619200000,0.0269,0.02737,0.0266,0.02727,66470436
1773633600000,0.02728,0.02782,0.02716,0.02771,37668174
1773648000000,0.02771,0.02798,0.02725,0.02729,37634321
1773662400000,0.02729,0.0278,0.02721,0.02753,50787439
1773676800000,0.02752,0.0284,0.02746,0.02779,61752885
1773691200000,0.02778,0.02824,0.02772,0.02806,36238260
1773705600000,0.02806,0.02825,0.0273,0.02755,47271290
1773720000000,0.02754,0.0277,0.02714,0.02759,28251859
1773734400000,0.02759,0.02822,0.02757,0.02805,51243118
1773748800000,0.02804,0.02816,0.02754,0.0279,51936142
1773763200000,0.02789,0.02813,0.02766,0.02769,36055340
1773777600000,0.02769,0.02811,0.02769,0.02783,28298199
1773792000000,0.02784,0.02822,0.02761,0.02812,33680662
1773806400000,0.02812,0.02826,0.02771,0.02794,25541253
1773820800000,0.02794,0.02807,0.02719,0.02737,36003342
1773835200000,0.02736,0.02736,0.02641,0.02659,52757079
1773849600000,0.02658,0.02681,0.02628,0.02647,41936590
1773864000000,0.02647,0.02674,0.02629,0.02663,22436471
1773878400000,0.02663,0.02686,0.02634,0.02668,18004552
1773892800000,0.02667,0.02669,0.02599,0.02613,30857185
1773907200000,0.02613,0.02633,0.02603,0.02603,24939287
1773921600000,0.02605,0.02605,0.02553,0.02577,46370202
1773936000000,0.02577,0.02596,0.02551,0.02593,25351197
1773950400000,0.02592,0.02599,0.02556,0.02568,19754551
1773964800000,0.02568,0.02622,0.02563,0.02614,25003590
1773979200000,0.02615,0.02672,0.02598,0.02617,48189974
1773993600000,0.02616,0.02632,0.02603,0.02618,19359912
1774008000000,0.02618,0.02622,0.02574,0.02592,30971842
1774022400000,0.02592,0.02608,0.02568,0.02592,30715462
1774036800000,0.02592,0.02626,0.0257,0.02607,28777573
1774051200000,0.02607,0.02619,0.02601,0.02603,12892372
1774065600000,0.02602,0.02623,0.02601,0.02606,15897011
1774080000000,0.02607,0.0261,0.02585,0.0259,8095338
1774094400000,0.0259,0.02618,0.02579,0.02616,14761084
1774108800000,0.02616,0.02619,0.02589,0.02595,11970509
1774123200000,0.02594,0.02612,0.02512,0.02531,45233444
1774137600000,0.0253,0.02542,0.02479,0.02517,55337902
1774152000000,0.02516,0.02538,0.02499,0.02501,17156129
1774166400000,0.025,0.02502,0.02455,0.02459,32089774
1774180800000,0.0246,0.02491,0.02458,0.02478,23969670
1774195200000,0.02477,0.02495,0.0244,0.02453,36563582
1774209600000,0.02452,0.02465,0.02415,0.0244,37848054
1774224000000,0.0244,0.02467,0.02432,0.02451,19709860
1774238400000,0.02451,0.02458,0.02399,0.02408,23712984
1774252800000,0.02409,0.02507,0.02395,0.02487,69482276
1774267200000,0.02488,0.02562,0.02476,0.02501,41212101
1774281600000,0.02501,0.02526,0.02493,0.02504,19786456
1774296000000,0.02504,0.02544,0.025,0.02529,19046908
1774310400000,0.02529,0.02534,0.02488,0.02523,25677985
1774324800000,0.02523,0.02544,0.02495,0.0254,25883590
1774339200000,0.0254,0.02547,0.02492,0.02503,33978345
1774353600000,0.02503,0.02517,0.02475,0.02498,24876080
1774368000000,0.02498,0.02505,0.02468,0.02493,23695481
1774382400000,0.02493,0.02536,0.02489,0.02523,27555256
1774396800000,0.02523,0.02545,0.02519,0.02531,22259021
1774411200000,0.02531,0.02537,0.02514,0.02524,13920390
1774425600000,0.02525,0.02561,0.0252,0.02557,46223187
1774440000000,0.02557,0.02566,0.02523,0.02534,37767001
1774454400000,0.02534,0.02551,0.02527,0.02537,16301734
1774468800000,0.02537,0.02548,0.0252,0.02547,18558172
1774483200000,0.02547,0.02551,0.02502,0.02509,23300724
1774497600000,0.02508,0.02508,0.0246,0.02467,24641405
1774512000000,0.02468,0.02468,0.0243,0.02434,22873152
1774526400000,0.02433,0.02465,0.02412,0.02417,25848776
1774540800000,0.02417,0.02427,0.02392,0.02398,22260070
1774555200000,0.02398,0.02447,0.02392,0.02426,27271011
1774569600000,0.02427,0.02452,0.02425,0.02434,13468769
1774584000000,0.02435,0.0245,0.02415,0.02446,15780268
1774598400000,0.02447,0.02452,0.02353,0.02371,42128903
1774612800000,0.02371,0.02392,0.02352,0.02372,30258926
1774627200000,0.02372,0.02384,0.02356,0.02378,20105593
1774641600000,0.02378,0.02385,0.02365,0.02375,10917788
1774656000000,0.02375,0.02377,0.02337,0.02347,16390733
1774670400000,0.02347,0.02389,0.02341,0.02388,9701969
1774684800000,0.02387,0.02399,0.02378,0.02388,16952271
1774699200000,0.02388,0.02431,0.02381,0.02413,27203279
1774713600000,0.02414,0.02421,0.02403,0.02413,12755410
1774728000000,0.02412,0.02417,0.02361,0.02366,15594044
1774742400000,0.02365,0.02381,0.02353,0.02371,15086164
1774756800000,0.02371,0.02373,0.02352,0.02357,12284506
1774771200000,0.02358,0.02368,0.02343,0.02358,17485608
1774785600000,0.02358,0.02362,0.02336,0.02347,23987797
1774800000000,0.02347,0.02353,0.02329,0.02342,14842458
1774814400000,0.02342,0.02366,0.02283,0.02337,39251208
1774828800000,0.02338,0.02402,0.02334,0.02396,30091269
1774843200000,0.02396,0.02437,0.02396,0.02435,20968436
1774857600000,0.02435,0.02452,0.02415,0.02443,27326305
1774872000000,0.02444,0.02448,0.02406,0.02415,24560514
1774886400000,0.02415,0.02423,0.02356,0.02372,28647644
1774900800000,0.02371,0.02393,0.02358,0.02367,20553375
1774915200000,0.02368,0.02413,0.02364,0.02384,24272901
1774929600000,0.02385,0.02389,0.0237,0.02382,18540450
1774944000000,0.02383,0.02387,0.0234,0.02366,24338854
1774958400000,0.02367,0.02397,0.02361,0.02368,41258968
1774972800000,0.02369,0.02422,0.02368,0.02408,22768931
1774987200000,0.02408,0.02421,0.02396,0.0241,17222809
1775001600000,0.02411,0.02444,0.02399,0.02441,41088736
1775016000000,0.02442,0.02508,0.02423,0.0247,73448105
1775030400000,0.0247,0.02479,0.02452,0.02466,21203740
1775044800000,0.02467,0.02492,0.02444,0.02475,43443623
1775059200000,0.02475,0.02479,0.02437,0.02444,21321775
1775073600000,0.02444,0.02452,0.02428,0.02431,11336629
1775088000000,0.02431,0.02454,0.02352,0.02361,40994468
1775102400000,0.02361,0.02381,0.02348,0.02379,20382064
1775116800000,0.0238,0.0238,0.02341,0.02356,19167485
1775131200000,0.02355,0.02373,0.02323,0.02355,30135712
1775145600000,0.02355,0.02378,0.02349,0.02362,15050967
1775160000000,0.02361,0.02374,0.02354,0.02363,41800296
1775174400000,0.02363,0.02398,0.02359,0.02398,16700430
1775188800000,0.02397,0.02439,0.02393,0.02428,26158772
1775203200000,0.02429,0.02454,0.02424,0.02428,35938268
1775217600000,0.02428,0.02441,0.02382,0.02386,35605102
1775232000000,0.02385,0.02397,0.02369,0.02384,20544048
1775246400000,0.02385,0.02402,0.02382,0.02389,11791872
1775260800000,0.0239,0.02419,0.02379,0.02414,22309701
1775275200000,0.02413,0.02436,0.02411,0.02433,18050003
1775289600000,0.02434,0.02441,0.02415,0.02431,18766152
1775304000000,0.02432,0.02432,0.024,0.02412,22716276
1775318400000,0.02411,0.02438,0.02397,0.02419,15774356
1775332800000,0.02418,0.02422,0.02406,0.02412,9852248
1775347200000,0.02413,0.02416,0.02374,0.02378,13214767
1775361600000,0.02378,0.02381,0.02343,0.02347,14956993
1775376000000,0.02348,0.02364,0.02343,0.02347,15497677
1775390400000,0.02347,0.02376,0.02329,0.02352,19577646
1775404800000,0.02351,0.02356,0.02336,0.02345,10419512
1775419200000,0.02345,0.02388,0.02336,0.02386,16923859
1775433600000,0.02386,0.02404,0.0237,0.0239,21764370
1775448000000,0.02391,0.02406,0.02383,0.02401,18664286
1775462400000,0.02401,0.02466,0.02401,0.02455,36732644
1775476800000,0.02455,0.02462,0.02411,0.02421,42211746
1775491200000,0.02421,0.02427,0.02399,0.02403,14022561
1775505600000,0.02403,0.02433,0.02347,0.02369,62795278
1775520000000,0.02369,0.02378,0.02342,0.02367,23283813
1775534400000,0.02367,0.02388,0.02346,0.02362,16686916
1775548800000,0.02361,0.02387,0.02349,0.02357,24155674
1775563200000,0.02356,0.02359,0.0233,0.02349,27945818
1775577600000,0.02348,0.02391,0.02343,0.0239,20656700
1775592000000,0.02391,0.0252,0.02391,0.02507,58741349
1775606400000,0.02507,0.02514,0.02469,0.02479,24589311
1775620800000,0.0248,0.02488,0.02472,0.02481,15422050
1775635200000,0.02481,0.02494,0.02443,0.02456,27269478
1775649600000,0.02456,0.02466,0.02406,0.0244,36790010
1775664000000,0.0244,0.02446,0.02386,0.02399,25715354
1775678400000,0.02399,0.02417,0.0237,0.02377,28994682
1775692800000,0.02377,0.02425,0.02365,0.02422,33063709
1775707200000,0.02421,0.02429,0.02396,0.0241,19619716
1775721600000,0.0241,0.02423,0.02386,0.02396,19734132
1775736000000,0.02396,0.02442,0.02383,0.0243,28005794
1775750400000,0.0243,0.0244,0.02409,0.02425,21761695
1775764800000,0.02425,0.0246,0.0241,0.02421,19115734
1775779200000,0.02421,0.02439,0.02402,0.02408,19171386
1775793600000,0.02408,0.0243,0.02391,0.02394,15721028
1775808000000,0.02393,0.02414,0.02389,0.024,20032234
1775822400000,0.02401,0.02469,0.02397,0.02446,39368142
1775836800000,0.02445,0.02465,0.02417,0.02462,24762504
1775851200000,0.02463,0.02464,0.02431,0.02438,14194571
1775865600000,0.02439,0.02443,0.02406,0.02428,15218745
1775880000000,0.02427,0.02432,0.02402,0.02412,19269877
1775894400000,0.02412,0.02419,0.02402,0.02405,16272939
1775908800000,0.02405,0.02407,0.02381,0.02396,26389229
1775923200000,0.02396,0.02441,0.02395,0.02439,23315628
1775937600000,0.02439,0.02441,0.02404,0.02422,23283157
1775952000000,0.02422,0.02426,0.0235,0.02364,38070218
1775966400000,0.02364,0.02377,0.02355,0.02369,14486100
1775980800000,0.02368,0.02372,0.02345,0.02359,13231505
1775995200000,0.02359,0.02377,0.02346,0.02351,18875172
1776009600000,0.02351,0.02374,0.02341,0.02357,15052651
1776024000000,0.02357,0.02376,0.02343,0.02357,22635787
1776038400000,0.02357,0.02374,0.02339,0.02349,23370791
1776052800000,0.02349,0.02363,0.02334,0.02343,24630007
1776067200000,0.02343,0.02367,0.02335,0.02353,15618240
1776081600000,0.02352,0.02396,0.02347,0.02378,53277934
1776096000000,0.02378,0.02423,0.02366,0.02416,25120106
1776110400000,0.02417,0.02474,0.02396,0.02466,37374849
1776124800000,0.02466,0.02475,0.02432,0.02439,18497464
1776139200000,0.02439,0.02445,0.02403,0.02415,13708115
1776153600000,0.02415,0.02427,0.02407,0.0241,13736298
1776168000000,0.02411,0.02441,0.02396,0.02415,30111207
1776182400000,0.02415,0.02428,0.02367,0.02387,29433676
1776196800000,0.02388,0.02399,0.02381,0.02394,13492315
1776211200000,0.02395,0.02411,0.0239,0.02399,10058748
1776225600000,0.024,0.02416,0.02375,0.02381,18132585
1776240000000,0.02382,0.02421,0.02382,0.02415,14378361
1776254400000,0.02415,0.0244,0.02405,0.02431,22094502
1776268800000,0.0243,0.02473,0.02429,0.02466,20973521
1776283200000,0.02465,0.02482,0.02453,0.02481,23326904
1776297600000,0.02481,0.0253,0.02472,0.02526,33011049
1776312000000,0.02525,0.02552,0.02506,0.02523,26182229
1776326400000,0.02523,0.02527,0.02483,0.02494,23562379
1776340800000,0.02493,0.02545,0.02467,0.02538,52101230
1776355200000,0.02539,0.02595,0.02511,0.02593,26535832
1776369600000,0.02593,0.02599,0.02532,0.0257,20564881
1776384000000,0.0257,0.02575,0.02534,0.02558,20067227
1776398400000,0.02559,0.02576,0.02523,0.02568,31551257
1776412800000,0.02568,0.02575,0.02536,0.02575,29709730
1776427200000,0.02575,0.02651,0.02566,0.02615,39504670
1776441600000,0.02615,0.02649,0.02604,0.02619,20452682
1776456000000,0.02619,0.02629,0.02587,0.02595,17821946
1776470400000,0.02595,0.02604,0.02573,0.02576,16106977
1776484800000,0.02576,0.02656,0.02567,0.02632,43762372
1776499200000,0.02633,0.02638,0.02525,0.02541,50433249
1776513600000,0.02541,0.02554,0.02518,0.02528,28926585
1776528000000,0.02528,0.02542,0.02487,0.02499,41568688
1776542400000,0.025,0.02523,0.0248,0.02487,29974015
1776556800000,0.02487,0.02488,0.02441,0.02452,28113984
1776571200000,0.02453,0.02478,0.02446,0.02456,29819478
1776585600000,0.02455,0.02483,0.02436,0.02482,21126382
1776600000000,0.02483,0.02516,0.02473,0.02501,30879567
1776614400000,0.025,0.02502,0.02449,0.02487,27307260
1776628800000,0.02486,0.02487,0.02412,0.02423,36882954
1776643200000,0.02424,0.02457,0.02419,0.02451,23660237
1776657600000,0.0245,0.02481,0.02433,0.02458,23681755
1776672000000,0.02459,0.02487,0.02452,0.02468,20266120
1776686400000,0.02467,0.0253,0.02463,0.02498,37458168
1776700800000,0.02497,0.02557,0.02491,0.02501,50365486
1776715200000,0.02501,0.02527,0.02485,0.02496,24851662
1776729600000,0.02496,0.02562,0.02457,0.02473,75714959
1776744000000,0.02473,0.02493,0.02461,0.02474,17305953
1776758400000,0.02472,0.02501,0.0246,0.02484,19051805
1776772800000,0.02483,0.02495,0.02453,0.02476,29813803
1776787200000,0.02477,0.02483,0.02428,0.02432,53905544
1776801600000,0.02433,0.02468,0.0243,0.02466,30135284
1776816000000,0.02466,0.02507,0.02455,0.02494,21721454
1776830400000,0.02495,0.02538,0.02495,0.0253,24929867
1776844800000,0.0253,0.02544,0.02515,0.0253,21911931
1776859200000,0.02531,0.02542,0.02507,0.02533,26638340
1776873600000,0.02533,0.02543,0.02497,0.02506,25543317
1776888000000,0.02506,0.02508,0.02462,0.02464,20094422
1776902400000,0.02465,0.02478,0.02424,0.02433,30356555
1776916800000,0.02432,0.02461,0.02425,0.02453,21888731
1776931200000,0.02454,0.02457,0.0243,0.0245,15921815
1776945600000,0.0245,0.02483,0.02442,0.02474,25859318
1776960000000,0.02474,0.02476,0.02427,0.0244,28304342
1776974400000,0.0244,0.02469,0.02439,0.02466,14912276
1776988800000,0.02465,0.02473,0.02432,0.02443,19014704
1777003200000,0.02442,0.02456,0.02435,0.02446,16383766
1777017600000,0.02446,0.02473,0.02442,0.02467,19222385
1777032000000,0.02467,0.02485,0.02449,0.02483,23219926
1777046400000,0.02483,0.02498,0.02455,0.02496,30231465
1777060800000,0.02497,0.02518,0.02468,0.02475,26419885
1777075200000,0.02475,0.02543,0.02458,0.02543,38337807
1777089600000,0.02544,0.0256,0.02513,0.02524,38631903
1777104000000,0.02523,0.02552,0.02499,0.02506,37574816
1777118400000,0.02505,0.0252,0.02487,0.02491,35241890
1777132800000,0.02491,0.02497,0.02449,0.02455,25610009
1777147200000,0.02456,0.02471,0.02448,0.02467,11387974
1777161600000,0.02467,0.02471,0.02441,0.02456,19959926
1777176000000,0.02455,0.02501,0.02454,0.02496,26410738
1777190400000,0.02496,0.02517,0.02485,0.02512,17763553
1777204800000,0.02513,0.02516,0.02482,0.02506,18795054
1777219200000,0.02506,0.0253,0.02487,0.02509,27107568
1777233600000,0.0251,0.02516,0.02488,0.02502,17318438
1777248000000,0.02503,0.02538,0.02495,0.02525,22804595
1777262400000,0.02525,0.02529,0.02442,0.02448,43350882
1777276800000,0.02448,0.02466,0.02445,0.02461,15083946
1777291200000,0.02462,0.02483,0.02416,0.02434,40382719
1777305600000,0.02433,0.02458,0.02427,0.02442,16306093
1777320000000,0.02442,0.02468,0.02435,0.02466,14270415
1777334400000,0.02465,0.02466,0.02443,0.02448,13414770
1777348800000,0.02448,0.02466,0.02432,0.02443,25106177
1777363200000,0.02443,0.02453,0.02426,0.02432,17879874
1777377600000,0.02431,0.02451,0.02421,0.02443,28973607
1777392000000,0.02443,0.02466,0.02436,0.02464,13296825
1777406400000,0.02464,0.02475,0.02457,0.02465,10749325
1777420800000,0.02466,0.02513,0.02461,0.02513,20648288
1777435200000,0.02512,0.02544,0.02502,0.02503,38579953
1777449600000,0.02503,0.02532,0.02488,0.02502,22199188
1777464000000,0.02503,0.02504,0.02438,0.02445,44065497
1777478400000,0.02445,0.02466,0.02379,0.02413,71256010
1777492800000,0.02413,0.0244,0.02408,0.02431,20579839
1777507200000,0.02432,0.02452,0.02404,0.02415,29030244
1777521600000,0.02415,0.02428,0.02385,0.02426,27466637
1777536000000,0.02426,0.02433,0.02408,0.02417,15761569
1777550400000,0.02416,0.02431,0.02401,0.02416,20547028
1777564800000,0.02416,0.02422,0.02402,0.02407,14755709
1777579200000,0.02407,0.02413,0.02398,0.02409,14697105
1777593600000,0.02409,0.02451,0.02407,0.02439,22464685
1777608000000,0.0244,0.02448,0.02414,0.02419,14756814
1777622400000,0.02419,0.02427,0.024,0.02405,17194799
1777636800000,0.02405,0.02439,0.02403,0.02421,31493951
1777651200000,0.02421,0.0243,0.02414,0.02418,18146878
1777665600000,0.02419,0.02422,0.02403,0.02412,15245902
1777680000000,0.02412,0.02441,0.02411,0.02433,22211344
1777694400000,0.02432,0.02433,0.02417,0.02426,13903562
1777708800000,0.02425,0.02438,0.02413,0.02422,25315679
1777723200000,0.02421,0.02457,0.02418,0.02454,17488941
1777737600000,0.02455,0.02477,0.02443,0.02474,20126156
1777752000000,0.02475,0.02508,0.02473,0.02482,22707226
1777766400000,0.02481,0.02489,0.02434,0.02439,31521193
1777780800000,0.02439,0.02452,0.02432,0.02443,18249578
1777795200000,0.02443,0.02462,0.02434,0.02453,20633885
1777809600000,0.02454,0.0247,0.02449,0.02456,34862369
1777824000000,0.02457,0.02469,0.0245,0.02465,10931893
1777838400000,0.02464,0.02476,0.02447,0.02451,16189428
1777852800000,0.02451,0.02512,0.02432,0.02512,27656644
1777867200000,0.02511,0.0252,0.0248,0.02487,27239949
1777881600000,0.02486,0.02497,0.02432,0.02443,45434807
1777896000000,0.02443,0.02475,0.02433,0.02452,31224037
1777910400000,0.02451,0.02466,0.02436,0.02448,24353927
1777924800000,0.02449,0.02462,0.02434,0.02445,17351793
1777939200000,0.02445,0.02504,0.02441,0.02497,29346627
1777953600000,0.02497,0.0251,0.02482,0.02504,19216947
1777968000000,0.02503,0.02517,0.02487,0.02509,23074970
1777982400000,0.0251,0.02525,0.02489,0.025,40474126
1777996800000,0.025,0.02527,0.02486,0.02525,17656177
1778011200000,0.02525,0.0258,0.02525,0.02575,60630687
1778025600000,0.02576,0.02604,0.02541,0.026,72684229
1778040000000,0.026,0.02639,0.02565,0.02627,64022778
1778054400000,0.02627,0.02666,0.02623,0.02629,38985940
1778068800000,0.02629,0.02657,0.02565,0.02624,63547362
1778083200000,0.02625,0.02648,0.02604,0.02624,40226918
1778097600000,0.02624,0.02666,0.02614,0.02651,25817472
1778112000000,0.0265,0.02653,0.02582,0.02595,42851051
1778126400000,0.02595,0.02665,0.02592,0.0266,37189402
1778140800000,0.02659,0.02664,0.02611,0.02631,30700205
1778155200000,0.02631,0.02661,0.02565,0.02583,44515242
1778169600000,0.02583,0.02609,0.02566,0.02588,30671080
1778184000000,0.02589,0.02607,0.02553,0.02597,23382364
1778198400000,0.02598,0.02616,0.02578,0.02602,23775820
1778212800000,0.02601,0.02643,0.02599,0.02639,27692339
1778227200000,0.0264,0.02682,0.02625,0.02641,34961468
1778241600000,0.02641,0.02697,0.02609,0.02696,46736704
1778256000000,0.02696,0.02767,0.02694,0.02744,60570556
1778270400000,0.02743,0.02799,0.02736,0.02754,45302501
1778284800000,0.02754,0.02789,0.02745,0.02774,26004888
1778299200000,0.02773,0.02777,0.02732,0.02737,21801619
1778313600000,0.02737,0.02754,0.02707,0.02726,24804893
1778328000000,0.02725,0.02731,0.0268,0.02682,24664142
1778342400000,0.02682,0.0273,0.02669,0.02722,26367066
1778356800000,0.02722,0.02726,0.02702,0.02711,12390041
1778371200000,0.0271,0.0271,0.02664,0.02691,19420215
1778385600000,0.0269,0.02759,0.02687,0.02739,28534568
1778400000000,0.02739,0.02791,0.02737,0.02767,33182455
1778414400000,0.02766,0.02837,0.02751,0.02815,62581881
1778428800000,0.02815,0.03034,0.02806,0.029,146463844
1778443200000,0.029,0.02919,0.02797,0.02851,61644734
1778457600000,0.02851,0.02863,0.02738,0.02769,63478587
1778472000000,0.02768,0.02812,0.02752,0.02789,24415606
1778486400000,0.02789,0.0285,0.02784,0.02824,26458954
1778500800000,0.02825,0.02878,0.02803,0.02864,42833609
1778515200000,0.02863,0.0291,0.02853,0.02868,35759824
1778529600000,0.02869,0.02878,0.02828,0.02839,24704066
1778544000000,0.02839,0.02879,0.02788,0.02875,43058008
1778558400000,0.02876,0.02906,0.02824,0.02873,39648926
1778572800000,0.02873,0.0289,0.02825,0.02829,64149308
1778587200000,0.0283,0.02944,0.02813,0.02833,127750652
1778601600000,0.02834,0.02921,0.02787,0.02912,73851856
1778616000000,0.02913,0.02984,0.02881,0.0289,73997250
1778630400000,0.02891,0.02942,0.0288,0.029,43422153
1778644800000,0.029,0.02915,0.02851,0.02869,35818461
1778659200000,0.02869,0.02951,0.02861,0.02893,42484946
1778673600000,0.02893,0.02928,0.0272,0.0273,83247367
1778688000000,0.0273,0.02794,0.02723,0.0276,36100558
1778702400000,0.0276,0.02783,0.02722,0.02741,35169992
1778716800000,0.0274,0.02761,0.02682,0.02688,40708849
1778731200000,0.02688,0.02766,0.02677,0.02763,26059740
1778745600000,0.02763,0.02893,0.02755,0.02878,68814841
1778760000000,0.02877,0.02937,0.02863,0.02889,85629869
1778774400000,0.02889,0.0289,0.0281,0.02819,49384229
1778788800000,0.0282,0.02822,0.02789,0.02792,23500756
1778803200000,0.02792,0.02816,0.02757,0.02789,27980113
1778817600000,0.02789,0.02795,0.02724,0.02776,28936718
1778832000000,0.02775,0.02816,0.02757,0.02791,34748086
1778846400000,0.0279,0.02807,0.02652,0.02684,51051197
1778860800000,0.02683,0.02722,0.02676,0.0268,27749375
1778875200000,0.02681,0.02696,0.02665,0.02694,14579807
1778889600000,0.02694,0.02717,0.02673,0.02677,22388799
1778904000000,0.02677,0.02677,0.02551,0.02562,50683294
1778918400000,0.02562,0.02582,0.02523,0.02565,35555512
1778932800000,0.02565,0.02581,0.02552,0.02574,16882728
1778947200000,0.02574,0.02594,0.02569,0.02577,18348981
1778961600000,0.02578,0.02579,0.02545,0.02546,13112796
1778976000000,0.02547,0.02551,0.02511,0.02542,22417048
1778990400000,0.02542,0.02561,0.02535,0.02544,14581696
1779004800000,0.02543,0.02545,0.02526,0.02529,22498556
1779019200000,0.02529,0.02549,0.02517,0.02539,27088360
1779033600000,0.02539,0.02559,0.02506,0.02553,31939665
1779048000000,0.02554,0.0256,0.02385,0.02464,56738163
1779062400000,0.02464,0.02481,0.02434,0.02461,30305178
1779076800000,0.02461,0.02469,0.02436,0.02455,25123748
1779091200000,0.02455,0.02527,0.02445,0.02501,28433852
1779105600000,0.025,0.02535,0.0245,0.02472,44177338
1779120000000,0.02472,0.02516,0.0244,0.02513,36066470
1779134400000,0.02514,0.02543,0.025,0.02527,21733076
1779148800000,0.02527,0.02539,0.02508,0.02512,15478463
1779163200000,0.02512,0.02537,0.02507,0.02528,21025824
1779177600000,0.02527,0.02527,0.02471,0.02473,30797257
1779192000000,0.02473,0.0249,0.02441,0.02459,32534458
1779206400000,0.02459,0.02482,0.02457,0.02467,20540832
1779220800000,0.02467,0.02481,0.0245,0.02465,12572279
1779235200000,0.02465,0.02475,0.02448,0.02466,13378670
1779249600000,0.02466,0.02504,0.02466,0.02494,12872810
1779264000000,0.02494,0.02502,0.0247,0.02472,11348395
1779278400000,0.02472,0.02521,0.02465,0.02516,24319991
1779292800000,0.02517,0.02529,0.02505,0.02519,18979500
1779307200000,0.02519,0.02521,0.02485,0.02502,19252641
1779321600000,0.02503,0.02574,0.02499,0.02573,22809585
1779336000000,0.02574,0.0258,0.02525,0.02543,23284564
1779350400000,0.02544,0.02569,0.02493,0.02498,35275402
1779364800000,0.02498,0.02534,0.02493,0.02517,25406773
1779379200000,0.02518,0.02558,0.02506,0.02543,31079110
1779393600000,0.02544,0.02554,0.02524,0.02536,19262951
1779408000000,0.02537,0.02576,0.02514,0.02572,27323514
1779422400000,0.02573,0.02691,0.02569,0.02662,96452592
1779436800000,0.02662,0.02754,0.02624,0.02752,132373863
1779451200000,0.02753,0.02757,0.02634,0.0265,88036977
1779465600000,0.0265,0.02662,0.02534,0.02561,67154371
1779480000000,0.02562,0.02614,0.02547,0.02584,41755997
1779494400000,0.02585,0.02659,0.02535,0.02649,59045230
1779508800000,0.0265,0.02695,0.02522,0.0254,129008314
1779523200000,0.0254,0.02566,0.02506,0.02541,60479146
1779537600000,0.02542,0.02693,0.02508,0.02693,74285843
1779552000000,0.02693,0.02774,0.02644,0.02749,104822571
1779566400000,0.02749,0.02754,0.02661,0.02674,57135724
1779580800000,0.02675,0.02689,0.02642,0.02674,29728271
1779595200000,0.02673,0.02691,0.02645,0.02649,35806942
1779609600000,0.0265,0.02658,0.02617,0.0262,28019001
1779624000000,0.02621,0.02629,0.02563,0.02607,55075072
1779638400000,0.02607,0.02617,0.02593,0.026,19609505
1779652800000,0.02601,0.02603,0.02525,0.02581,35827432
1779667200000,0.02582,0.02599,0.02568,0.02585,18887305
1779681600000,0.02588,0.02657,0.02584,0.02628,24898736
1779696000000,0.02628,0.02654,0.02627,0.02639,17385096
1779710400000,0.02638,0.02701,0.02629,0.02697,33735991
1779724800000,0.02696,0.02728,0.02677,0.02709,31683489
1779739200000,0.02709,0.02834,0.02708,0.02765,102475214
1779753600000,0.02765,0.02782,0.02661,0.0271,72514503
1779768000000,0.0271,0.02928,0.02702,0.02818,215619819
1779782400000,0.02818,0.02926,0.02805,0.02904,175123421
1779796800000,0.02903,0.03005,0.02843,0.02895,237651460
1779811200000,0.02895,0.02902,0.02776,0.02808,123187705
1779825600000,0.02809,0.02854,0.02778,0.02807,52029276
1779840000000,0.02808,0.02838,0.02743,0.02773,58682525
1779854400000,0.02772,0.02874,0.02722,0.02852,74425529
1779868800000,0.02853,0.02901,0.02786,0.02798,68442428
1779883200000,0.02799,0.02889,0.02772,0.02834,74229751
1779897600000,0.02835,0.02846,0.02751,0.02791,44829142
1779912000000,0.02791,0.02938,0.02698,0.02726,126793258
1779926400000,0.02726,0.02736,0.02627,0.02633,68564878
1779940800000,0.02633,0.02665,0.02594,0.0265,60365823
1779955200000,0.02651,0.02656,0.02575,0.02593,46345510
1779969600000,0.02593,0.02636,0.02565,0.02606,66128867
1779984000000,0.02606,0.02679,0.02575,0.02626,46163204
1779998400000,0.02626,0.02664,0.0261,0.0266,26771669
1780012800000,0.02659,0.02751,0.02626,0.02634,55178971
1780027200000,0.02635,0.02657,0.02599,0.02627,42330798
1780041600000,0.02626,0.02665,0.02562,0.02588,66231750
1780056000000,0.02587,0.02664,0.02509,0.02632,88759901
1780070400000,0.02633,0.02657,0.02585,0.02601,47038861
1780084800000,0.02602,0.02618,0.0256,0.02594,23768760
1780099200000,0.02594,0.02659,0.02568,0.02614,36730803
1780113600000,0.02613,0.0262,0.0256,0.02578,30194013
1780128000000,0.02578,0.02583,0.0256,0.02567,26464474
1780142400000,0.02567,0.02713,0.02562,0.0266,71570822
1780156800000,0.0266,0.02682,0.02613,0.02625,41676474
1780171200000,0.02626,0.02673,0.02617,0.02644,34606502
1780185600000,0.02645,0.02655,0.0261,0.02623,25744709
1780200000000,0.02623,0.02643,0.02582,0.02587,30171789
1780214400000,0.02588,0.02601,0.02563,0.02585,27307709
1780228800000,0.02585,0.02601,0.02533,0.02537,36526081
1780243200000,0.02536,0.02559,0.02531,0.02556,21207088
1780257600000,0.02557,0.0261,0.02556,0.02597,18607798
1780272000000,0.02596,0.02694,0.02575,0.02656,45803193
1780286400000,0.02656,0.02667,0.02521,0.02522,43247351
1780300800000,0.02524,0.02539,0.02508,0.02519,38973414
1780315200000,0.0252,0.0253,0.02467,0.02485,74934346
1780329600000,0.02484,0.02578,0.02465,0.02561,51101076
1780344000000,0.02562,0.02564,0.02489,0.02513,37578613
1780358400000,0.02513,0.02516,0.02418,0.0251,55598748
1780372800000,0.0251,0.02518,0.02432,0.02443,49624564
1780387200000,0.02444,0.02469,0.02413,0.02457,34600862
1780401600000,0.02457,0.02494,0.02325,0.0236,111225785
1780416000000,0.0236,0.02397,0.02283,0.02331,65837527
1780430400000,0.0233,0.0237,0.02235,0.02303,85573008
1780444800000,0.02303,0.02339,0.02256,0.02268,40872944
1780459200000,0.02267,0.02398,0.02267,0.02382,47739425
1780473600000,0.02382,0.02442,0.02359,0.02395,51783905
1780488000000,0.02395,0.02428,0.02358,0.02364,61508578
1780502400000,0.02365,0.02368,0.02296,0.02305,56647455
1780516800000,0.02305,0.02378,0.02273,0.02311,50436920
1780531200000,0.02311,0.02326,0.02106,0.02251,138987181
1780545600000,0.02252,0.02261,0.02173,0.02175,53511972
1780560000000,0.02175,0.02196,0.02122,0.0217,63433409
1780574400000,0.02171,0.02277,0.02154,0.02247,51859812
1780588800000,0.02247,0.02247,0.02191,0.022,35549425
1780603200000,0.022,0.02202,0.02123,0.02175,45723894
1780617600000,0.02174,0.02182,0.02094,0.02101,63045899
1780632000000,0.02101,0.02135,0.01964,0.02063,113272318
1780646400000,0.02063,0.02084,0.02016,0.02021,61696625
1780660800000,0.0202,0.02044,0.01943,0.01966,94381444
1780675200000,0.01965,0.0203,0.01912,0.01969,103000983
1780689600000,0.01968,0.02052,0.01947,0.02005,56053665
1780704000000,0.02004,0.02022,0.01949,0.01954,37070484
1780718400000,0.01955,0.01972,0.01871,0.01962,72236377
1780732800000,0.01963,0.0199,0.01918,0.01955,33688993
1780747200000,0.01956,0.01975,0.01937,0.01954,32686121
1780761600000,0.01955,0.01969,0.01935,0.01947,26367062
1780776000000,0.01947,0.01977,0.01943,0.01971,16555114
1780790400000,0.0197,0.02016,0.01955,0.01993,27748473
1780804800000,0.01992,0.02018,0.01985,0.02009,25128436
1780819200000,0.02008,0.02052,0.01986,0.02003,37946339
1780833600000,0.02003,0.02005,0.01951,0.01998,34716739
1780848000000,0.01998,0.02008,0.01938,0.01949,33683336
1780862400000,0.01949,0.02054,0.01943,0.02008,38023715
1780876800000,0.02008,0.0203,0.01978,0.02004,22576344
1780891200000,0.02005,0.02008,0.01968,0.02002,21078150
1780905600000,0.02001,0.02032,0.01968,0.0202,39702519
1780920000000,0.0202,0.02041,0.02001,0.02022,32761844
1780934400000,0.02023,0.02038,0.02006,0.02018,23043502
1780948800000,0.02018,0.02036,0.01976,0.01995,30997629
1780963200000,0.01995,0.01997,0.01952,0.01972,27304100
1780977600000,0.01971,0.02006,0.01966,0.01987,22171432
1780992000000,0.01986,0.0199,0.01968,0.01989,18911877
1781006400000,0.01989,0.02009,0.01934,0.01939,42783729
1781020800000,0.01938,0.01986,0.019,0.01982,62642869
1781035200000,0.01982,0.01998,0.01948,0.01954,30437494
1781049600000,0.01955,0.01963,0.01913,0.01921,33524483
1781064000000,0.01922,0.01932,0.01904,0.01923,23741932
1781078400000,0.01923,0.01925,0.01873,0.01882,33488261
1781092800000,0.01882,0.01949,0.01877,0.01928,35283000
1781107200000,0.01927,0.01942,0.01878,0.01881,29712905
1781121600000,0.01881,0.01888,0.01841,0.0187,45403521
1781136000000,0.0187,0.01928,0.01869,0.01922,23053742
1781150400000,0.01922,0.01931,0.01905,0.01924,24559034
1781164800000,0.01924,0.01939,0.0191,0.01932,31548932
1781179200000,0.01933,0.01935,0.01892,0.01919,35749753
1781193600000,0.0192,0.01978,0.01902,0.01963,40525693
1781208000000,0.01964,0.01974,0.01947,0.01973,25518420
1781222400000,0.01973,0.02002,0.01965,0.01989,38472151
1781236800000,0.01989,0.01998,0.01952,0.01965,31922706
1781251200000,0.01964,0.01992,0.01962,0.01973,21610860
1781265600000,0.01971,0.01991,0.01938,0.01961,39531730
1781280000000,0.01961,0.01986,0.01954,0.01983,26507848
1781294400000,0.01984,0.02004,0.01969,0.01994,29328417
1781308800000,0.01994,0.02006,0.01965,0.01969,32489359
1781323200000,0.01968,0.02004,0.01953,0.01994,29566138
1781337600000,0.01994,0.02006,0.01982,0.01994,25902935
1781352000000,0.01995,0.02023,0.01982,0.02004,46111087
1781366400000,0.02003,0.02003,0.01975,0.01985,37988507
1781380800000,0.01984,0.02009,0.01981,0.01998,18077092
1781395200000,0.01998,0.02011,0.01986,0.02,20093263
1781409600000,0.02,0.02001,0.01969,0.01984,29843608
1781424000000,0.01984,0.01995,0.01976,0.01992,19574242
1781438400000,0.01993,0.02014,0.01943,0.0196,47051150
1781452800000,0.0196,0.01969,0.01937,0.01947,21761425
1781467200000,0.01946,0.02025,0.01943,0.02013,36733286
1781481600000,0.02012,0.02068,0.01994,0.02066,36658375
1781496000000,0.02066,0.02115,0.02051,0.02083,51938418
1781510400000,0.02082,0.02148,0.02054,0.02115,46589122
1781524800000,0.02114,0.02125,0.02056,0.02093,59993072
1781539200000,0.02092,0.021,0.02028,0.02039,40105453
1781553600000,0.02039,0.02066,0.02007,0.02032,48712901
1781568000000,0.02033,0.02043,0.01996,0.02037,32960942
1781582400000,0.02037,0.02039,0.02014,0.02026,19145061
1781596800000,0.02026,0.02055,0.01996,0.02003,50656679
1781611200000,0.02004,0.02022,0.01954,0.01976,61075882
1781625600000,0.01976,0.02011,0.01966,0.01981,36222153
1781640000000,0.0198,0.01999,0.01974,0.01992,17722345
1781654400000,0.01993,0.02043,0.01988,0.02009,37424533
1781668800000,0.02008,0.02026,0.01983,0.01997,26375618
1781683200000,0.01997,0.01998,0.01959,0.0197,30955244
1781697600000,0.01972,0.02014,0.01964,0.02013,38710043
1781712000000,0.02014,0.02029,0.01924,0.01937,72915824
1781726400000,0.01937,0.01957,0.0192,0.0195,27039792
1781740800000,0.01949,0.01961,0.01926,0.0193,17362936
1781755200000,0.0193,0.01937,0.01892,0.01932,37046281
1781769600000,0.01933,0.01939,0.01914,0.01922,16787601
1781784000000,0.01922,0.01945,0.01852,0.01859,52416820
1781798400000,0.01859,0.01929,0.01854,0.01926,39384666
1781812800000,0.01926,0.01954,0.01915,0.01954,20748372
1781827200000,0.01955,0.02009,0.01947,0.0198,56360396
1781841600000,0.01981,0.01984,0.01922,0.0193,40671579
1781856000000,0.01929,0.0194,0.01905,0.01932,38640403
1781870400000,0.01933,0.01999,0.0192,0.0197,44850459
1781884800000,0.0197,0.01986,0.01936,0.01939,41581866
1781899200000,0.01939,0.0195,0.01916,0.01942,34478014
1781913600000,0.01941,0.01958,0.01903,0.01925,28804374
1781928000000,0.01925,0.01948,0.01923,0.01937,23915174
1781942400000,0.01936,0.01972,0.01931,0.01964,21951568
1781956800000,0.01964,0.0198,0.01923,0.01958,31841367
1781971200000,0.01958,0.01962,0.01933,0.01953,29240593
1781985600000,0.01954,0.01989,0.0195,0.01986,20356765
1782000000000,0.01986,0.02008,0.01979,0.01988,30646848
1782014400000,0.01988,0.02015,0.01978,0.01995,31332804
1782028800000,0.01995,0.02059,0.01981,0.02005,46937952
1782043200000,0.02005,0.02019,0.01988,0.02001,19801566
1782057600000,0.02001,0.02018,0.01974,0.01993,23742187
1782072000000,0.01994,0.01999,0.01941,0.01945,37223762
1782086400000,0.01946,0.01997,0.01943,0.0197,29424981
1782100800000,0.0197,0.02014,0.01966,0.01983,32070350
1782115200000,0.01984,0.02001,0.01966,0.01998,19671617
1782129600000,0.01999,0.02012,0.01965,0.01973,33807271
1782144000000,0.01972,0.01977,0.01942,0.01952,33346688
1782158400000,0.01951,0.0197,0.01923,0.0194,37424813
1782172800000,0.0194,0.01944,0.01916,0.01943,23078075
1782187200000,0.01943,0.01948,0.01879,0.01892,37552952
1782201600000,0.01891,0.01907,0.01843,0.01902,31520316
1782216000000,0.01903,0.01926,0.01882,0.01892,22490676
1782230400000,0.01892,0.01905,0.01873,0.01889,17059246
1782244800000,0.01889,0.01913,0.01888,0.019,11276321
1782259200000,0.01899,0.0191,0.01889,0.01897,17796601
1782273600000,0.01897,0.01912,0.0188,0.01893,16518048
1782288000000,0.01894,0.01897,0.01855,0.01885,38883586
1782302400000,0.01885,0.01888,0.01809,0.01816,63485215
1782316800000,0.01814,0.01833,0.01749,0.01811,81092109
1782331200000,0.01811,0.01858,0.01806,0.01843,26444947
1782345600000,0.01844,0.01856,0.01832,0.01836,18606535
1782360000000,0.01836,0.01873,0.01831,0.01864,19249112
1782374400000,0.01863,0.01864,0.01829,0.01837,22141231
1782388800000,0.01837,0.01851,0.01708,0.01779,82528605
1782403200000,0.01778,0.01797,0.01762,0.0177,31958955
1782417600000,0.01771,0.01806,0.0177,0.01803,23967024
1782432000000,0.01803,0.01808,0.01732,0.01786,67218918
1782446400000,0.01786,0.01812,0.01762,0.018,24009872
1782460800000,0.01801,0.01805,0.01748,0.01752,34708950
1782475200000,0.01752,0.01813,0.01728,0.01798,50387460
1782489600000,0.01798,0.01834,0.01787,0.01807,41712201
1782504000000,0.01809,0.01829,0.01788,0.01798,24086646
1782518400000,0.01798,0.0181,0.01787,0.01792,25245153
1782532800000,0.01791,0.01802,0.01781,0.01795,20589352
1782547200000,0.01795,0.01812,0.01784,0.01803,27979726
1782561600000,0.01802,0.01836,0.01798,0.01832,20986228
1782576000000,0.01832,0.01836,0.01766,0.01777,29337020
1782590400000,0.01777,0.01786,0.01757,0.01767,26012068
1782604800000,0.01766,0.01776,0.01751,0.01765,23031315
1782619200000,0.01765,0.01773,0.01747,0.01759,17698631
1782633600000,0.01758,0.01781,0.01753,0.01772,34180368
1782648000000,0.01772,0.01798,0.01764,0.01798,26936357
1782662400000,0.01798,0.018,0.01746,0.01754,30925238
1782676800000,0.01754,0.0177,0.01731,0.0176,35158662
1782691200000,0.01759,0.01797,0.01738,0.0179,31107554
1782705600000,0.0179,0.01802,0.01761,0.01781,33953217
1782720000000,0.01781,0.01839,0.01774,0.01823,63549104
1782734400000,0.01824,0.01855,0.01783,0.01812,62034328
1782748800000,0.01813,0.01851,0.01807,0.0181,26377579
1782763200000,0.0181,0.01812,0.01785,0.01788,15445729
1782777600000,0.01788,0.01802,0.01769,0.01793,25915448
1782792000000,0.01792,0.01824,0.01784,0.0179,37689936
1782806400000,0.0179,0.0179,0.01763,0.01768,26836539
1782820800000,0.01768,0.01776,0.01736,0.01745,50580573
1782835200000,0.01744,0.01776,0.0174,0.01755,31229026
1782849600000,0.01754,0.01768,0.01731,0.01766,49369226
1782864000000,0.01767,0.01807,0.01734,0.01795,76917298
1782878400000,0.01795,0.01801,0.01748,0.01759,26746810
1782892800000,0.01759,0.01776,0.01749,0.01752,25303784
1782907200000,0.01752,0.01791,0.01722,0.01776,43868812
1782921600000,0.01776,0.01783,0.01759,0.01761,18705439
1782936000000,0.01761,0.01802,0.01755,0.01773,26504591
1782950400000,0.01773,0.01791,0.01756,0.01791,27356664
1782964800000,0.0179,0.01794,0.01769,0.01787,19533955
1782979200000,0.01787,0.01828,0.01783,0.0182,40450261
1782993600000,0.01821,0.01843,0.01812,0.01815,28274017
1783008000000,0.01815,0.0182,0.01799,0.01804,16348722
1783022400000,0.01804,0.01816,0.01799,0.01811,15457738
1783036800000,0.01812,0.01892,0.01803,0.01885,41681877
1783051200000,0.01885,0.01889,0.01844,0.01853,39552860
1783065600000,0.01853,0.01885,0.01846,0.0187,34677757
1783080000000,0.01869,0.01882,0.01854,0.01866,22254672
1783094400000,0.01866,0.01885,0.01861,0.01877,17101781
1783108800000,0.01877,0.01946,0.01876,0.01931,78703043
1783123200000,0.01931,0.01937,0.01887,0.01888,47838568
1783137600000,0.01887,0.01909,0.01884,0.01897,27517176
1783152000000,0.01896,0.01909,0.01878,0.01895,35862833
1783166400000,0.01895,0.0191,0.01886,0.01902,28469432
1783180800000,0.01901,0.01923,0.01895,0.019,27749384
1783195200000,0.019,0.01908,0.01871,0.0188,31510989
1783209600000,0.0188,0.0189,0.01844,0.01852,32668500
1783224000000,0.01851,0.01861,0.01844,0.01855,12931463
1783238400000,0.01854,0.01855,0.01823,0.01833,24670609
1783252800000,0.01832,0.0186,0.01826,0.01853,19881671
1783267200000,0.01853,0.01854,0.01837,0.01839,15029483
1783281600000,0.0184,0.01873,0.01835,0.01867,17408192
1783296000000,0.01866,0.01898,0.01848,0.0188,45492247
1783310400000,0.01879,0.019,0.01817,0.01839,44825514
1783324800000,0.01839,0.01847,0.01831,0.01831,15583217
1783339200000,0.01831,0.01863,0.01792,0.01861,54398673
1783353600000,0.01861,0.01906,0.01851,0.01854,60729056
1783368000000,0.01854,0.01874,0.01838,0.01841,21980326
1783382400000,0.01841,0.01843,0.01801,0.01803,31522912
1783396800000,0.01802,0.01815,0.01795,0.01798,23742193
1783411200000,0.01797,0.01818,0.01792,0.0181,25181061
1783425600000,0.0181,0.01823,0.0178,0.01815,46227866
1783440000000,0.01815,0.01818,0.01778,0.01787,36191444
1783454400000,0.01789,0.01795,0.01769,0.01781,24255064
1783468800000,0.01782,0.01794,0.01736,0.01778,65203656
1783483200000,0.01777,0.0178,0.01762,0.01771,18838012
1783497600000,0.0177,0.01772,0.01738,0.01755,36329199
1783512000000,0.01756,0.01759,0.01729,0.01731,37421539
1783526400000,0.0173,0.01757,0.01728,0.0174,29886592
1783540800000,0.01741,0.01752,0.0173,0.0175,19073520
1783555200000,0.0175,0.01773,0.01726,0.01737,22117575
1783569600000,0.01737,0.01769,0.01735,0.0176,20911660
1783584000000,0.01761,0.01761,0.01747,0.01754,13565231
1783598400000,0.01753,0.01761,0.01741,0.01751,19991449
1783612800000,0.0175,0.01767,0.0174,0.01755,16548193
1783627200000,0.01753,0.01757,0.01735,0.01742,12025773
1783641600000,0.0174,0.01772,0.0173,0.01766,19442014
1783656000000,0.01767,0.01778,0.01761,0.01765,15282855
1783670400000,0.01764,0.01805,0.01762,0.01791,20477330
1783684800000,0.01791,0.018,0.01756,0.01775,27614898
1783699200000,0.01774,0.01779,0.01758,0.01764,14770881
1783713600000,0.01763,0.01771,0.01755,0.01761,10060767
1783728000000,0.01761,0.01779,0.01751,0.01774,13723785
1783742400000,0.01774,0.01775,0.01756,0.01762,13319107
1783756800000,0.01761,0.01789,0.01761,0.01786,13558232
1783771200000,0.01786,0.01814,0.01785,0.01788,32314926
1783785600000,0.01789,0.0181,0.01787,0.01798,12507902
1783800000000,0.01798,0.01801,0.01746,0.0175,22197970
1783814400000,0.0175,0.01774,0.01742,0.01772,21834320
1783828800000,0.01773,0.01775,0.01745,0.01748,8482251
1783843200000,0.01747,0.01761,0.01743,0.0176,8667092
1783857600000,0.0176,0.01765,0.01752,0.01761,8328233
1783872000000,0.01762,0.01763,0.01749,0.01756,13221139
1783886400000,0.01756,0.01759,0.01734,0.01742,12405831
1783900800000,0.01741,0.01769,0.01695,0.01709,41273024
1783915200000,0.01709,0.01733,0.01705,0.01732,15052388
1783929600000,0.01732,0.01735,0.0172,0.01722,17768992
1783944000000,0.01722,0.01731,0.01711,0.01716,20855007
1783958400000,0.01717,0.01721,0.01698,0.0171,20503773
1783972800000,0.01711,0.01721,0.01689,0.0172,16346950
1783987200000,0.01721,0.01741,0.01715,0.01724,17423462
1784001600000,0.01724,0.0178,0.01723,0.01739,36993784
1784016000000,0.01739,0.01743,0.0173,0.01741,11629755
1784030400000,0.01741,0.01778,0.0173,0.01767,31531473
1784044800000,0.01766,0.01769,0.01752,0.01759,14963737
1784059200000,0.01759,0.01768,0.01753,0.01762,14965591
1784073600000,0.01762,0.01793,0.01758,0.01789,19111501
1784088000000,0.01789,0.01794,0.01762,0.01766,17535836
1784102400000,0.01767,0.01781,0.01764,0.0177,10330886
1784116800000,0.0177,0.01794,0.01767,0.01777,24914738
1784131200000,0.01777,0.01784,0.01762,0.01767,18166725
1784145600000,0.01766,0.01781,0.01765,0.01769,7933868
1784160000000,0.01769,0.01784,0.01764,0.01773,12331251
1784174400000,0.01773,0.01784,0.01754,0.01755,21931028
1784188800000,0.01755,0.01756,0.01719,0.01741,34804461
1784203200000,0.0174,0.01755,0.01732,0.01747,12745829
1784217600000,0.01748,0.01749,0.0173,0.01733,10576492
1784232000000,0.01733,0.01739,0.0171,0.01716,13903994
1784246400000,0.01717,0.01724,0.01703,0.01719,19051680
1784260800000,0.01719,0.01724,0.01701,0.01703,15199186
1784275200000,0.01702,0.01722,0.01698,0.01716,12498615
1784289600000,0.01716,0.01719,0.01687,0.01718,30594263
1784304000000,0.01717,0.01736,0.01713,0.01722,14593627
1784318400000,0.01721,0.01722,0.01698,0.01708,26603128
1784332800000,0.01708,0.0171,0.017,0.01707,9982822
1784347200000,0.01707,0.01707,0.01684,0.01691,18733896
1784361600000,0.01692,0.01695,0.01676,0.01689,14554106
1784376000000,0.01689,0.01696,0.01681,0.01688,15857989
1784390400000,0.01689,0.0171,0.01685,0.01696,19222619
1784404800000,0.01696,0.01699,0.0169,0.01693,10433379
1784419200000,0.01694,0.01699,0.01678,0.01681,12317676
1784433600000,0.01681,0.01686,0.01672,0.01678,15003674
1784448000000,0.01677,0.01682,0.01651,0.01656,39864963
1784462400000,0.01656,0.01661,0.01638,0.01653,38296688
1784476800000,0.01652,0.01653,0.0162,0.01637,51064985
1784491200000,0.01637,0.01649,0.01633,0.01643,21588883
1784505600000,0.01643,0.01657,0.01628,0.01634,28695884
1784520000000,0.01634,0.01635,0.01608,0.01627,39552448
1784534400000,0.01628,0.01661,0.01614,0.01658,47401774
1784548800000,0.01659,0.01681,0.01634,0.01678,33981830
1784563200000,0.01677,0.01682,0.01664,0.01667,20987516
1784577600000,0.01667,0.0167,0.01653,0.01662,11305845
1784592000000,0.01661,0.01679,0.01651,0.01672,17960041
1784606400000,0.01671,0.01693,0.0166,0.01678,25708629
1784620800000,0.01677,0.01685,0.01672,0.01677,21412488
1784635200000,0.01677,0.01689,0.01674,0.01683,20597600
1784649600000,0.01684,0.01685,0.01662,0.01674,15208824
1784664000000,0.01674,0.01677,0.01666,0.01676,10032848
1784678400000,0.01676,0.01681,0.01658,0.01658,18827122
1784692800000,0.01658,0.01668,0.01631,0.01636,33136810
1784707200000,0.01636,0.01648,0.01635,0.01642,21878430
1784721600000,0.01642,0.0166,0.01633,0.01651,23515783
1784736000000,0.01652,0.01654,0.01633,0.01644,19154372
1784750400000,0.01645,0.01653,0.01637,0.01651,11243569
1784764800000,0.01652,0.01658,0.01628,0.01632,20326869
1784779200000,0.01632,0.01655,0.01627,0.0164,22526604
1784793600000,0.01639,0.01647,0.01635,0.01639,16399472
1784808000000,0.01638,0.0164,0.01602,0.01611,60749781
1784822400000,0.01611,0.01615,0.0157,0.01586,66815641
1784836800000,0.01586,0.01594,0.01573,0.01584,22982899
1784851200000,0.01584,0.01607,0.0157,0.01606,26533074
1784865600000,0.01606,0.01616,0.01596,0.01606,29074145
1784880000000,0.01606,0.01626,0.01593,0.01597,36889762
1784894400000,0.01598,0.01606,0.01571,0.0158,31376568
1784908800000,0.0158,0.01594,0.01567,0.01583,34201386
1784923200000,0.01584,0.01593,0.01574,0.01579,12979402
1784937600000,0.01579,0.01588,0.0157,0.01573,13664057
1784952000000,0.01574,0.01576,0.01557,0.0156,13785864
1784966400000,0.0156,0.01573,0.01553,0.01572,17877151
1784980800000,0.01572,0.01612,0.01571,0.01607,24807409
1784995200000,0.01607,0.01641,0.01607,0.01624,51894263
1785009600000,0.01623,0.01629,0.01615,0.01621,12764422
1785024000000,0.01621,0.01625,0.01612,0.01616,19271201
1785038400000,0.01617,0.01635,0.01614,0.01626,14528450
1785052800000,0.01625,0.01627,0.01596,0.01596,31301603
1785067200000,0.01596,0.01605,0.01593,0.016,17983302
1785081600000,0.01601,0.01607,0.01592,0.01594,14250772
1785096000000,0.01594,0.01614,0.01591,0.01609,17269579
1785110400000,0.0161,0.01618,0.01592,0.01613,22598739
1785124800000,0.01614,0.01626,0.01592,0.01594,21261207
1785139200000,0.01595,0.01601,0.01583,0.01595,24523795
1785153600000,0.01594,0.01609,0.01539,0.01547,69955760
1785168000000,0.01547,0.01576,0.01543,0.01568,26604363
1785182400000,0.01568,0.01579,0.01511,0.01527,48840292
1785196800000,0.01527,0.01528,0.01485,0.01517,52693572
1785211200000,0.01516,0.01518,0.01503,0.01508,17976388
1785225600000,0.01507,0.01513,0.01496,0.01508,18737161
1785240000000,0.01507,0.01524,0.01476,0.0152,43792770
1785254400000,0.01521,0.01521,0.01492,0.01504,24754389
1785268800000,0.01505,0.01523,0.015,0.01523,20406519
1785283200000,0.01523,0.0154,0.01473,0.01474,48135762
1785297600000,0.01474,0.01489,0.01457,0.01489,36763414
1785312000000,0.01488,0.01491,0.01477,0.01485,13130532
1785326400000,0.01485,0.01488,0.01468,0.01473,33144858
1785340800000,0.01473,0.0151,0.01467,0.01476,45039160
1785355200000,0.01477,0.01496,0.01459,0.01488,39384325
1785369600000,0.01488,0.01511,0.01484,0.01495,20220582
1785384000000,0.01496,0.01501,0.01478,0.01481,36976003
1785398400000,0.01481,0.01491,0.01477,0.01489,16779593
1785412800000,0.01489,0.01498,0.01479,0.01487,32940660
1785427200000,0.01488,0.01492,0.01472,0.01482,24707928
1785441600000,0.01483,0.015,0.01482,0.01495,20832774
1785456000000,0.01495,0.01504,0.01468,0.01468,42533016
1785470400000,0.01469,0.01469,0.01433,0.01446,75558849
1785484800000,0.01445,0.0145,0.01427,0.0143,31612493
1785499200000,0.01429,0.01446,0.01413,0.01432,41424449
1785513600000,0.01432,0.01441,0.01423,0.01428,31433916
1785528000000,0.01429,0.0143,0.01417,0.0143,22860442
1785542400000,0.0143,0.01444,0.01429,0.01436,14625951
1785556800000,0.01437,0.0144,0.01421,0.01422,16069002
1785571200000,0.01421,0.01439,0.01421,0.01437,27731208
1785585600000,0.01437,0.01448,0.01429,0.01437,23244489
1785600000000,0.01437,0.01461,0.01405,0.01414,66725073
1785614400000,0.01413,0.01423,0.01408,0.01413,18367045
1785628800000,0.01413,0.01436,0.01412,0.01428,18421121
1785643200000,0.01429,0.01461,0.01427,0.01449,32489480
1785657600000,0.01449,0.0145,0.01428,0.01432,27974022
1785672000000,0.01433,0.01442,0.01426,0.01434,18687659
1785686400000,0.01434,0.0146,0.01429,0.01453,16999648
1785700800000,0.01453,0.01479,0.01448,0.01469,32496747
1785715200000,0.01469,0.01474,0.01431,0.0144,27334668
1785729600000,0.01439,0.01446,0.01428,0.01432,16801304
1785744000000,0.01433,0.0146,0.01424,0.01456,19541816
1785758400000,0.01457,0.01476,0.01446,0.01464,39067115
1785772800000,0.01463,0.01483,0.01462,0.01467,32758373
1785787200000,0.01467,0.01492,0.01465,0.01478,24654705
1785801600000,0.01477,0.01487,0.01473,0.01477,20533259
1785816000000,0.01477,0.01481,0.01466,0.01469,15233569
1785830400000,0.01469,0.01473,0.01461,0.01468,15248517
1785844800000,0.01467,0.0147,0.01452,0.01468,31889312
1785859200000,0.01468,0.01474,0.01461,0.01471,23907221
1785873600000,0.0147,0.01479,0.0146,0.01461,17974510
1785888000000,0.01461,0.01468,0.0145,0.01454,24227157
1785902400000,0.01454,0.01468,0.01453,0.0146,12654761
1785916800000,0.0146,0.01472,0.01452,0.01452,17447916
1785931200000,0.01453,0.01468,0.01414,0.01443,118207206
1785945600000,0.01442,0.01468,0.0144,0.01468,35652868
1785960000000,0.01468,0.01506,0.01465,0.01484,66998757
1785974400000,0.01484,0.01485,0.01446,0.01447,29533114
1785988800000,0.01447,0.01458,0.01444,0.01451,24547447
1786003200000,0.0145,0.01457,0.01434,0.01439,26377559
1786017600000,0.01439,0.01451,0.01432,0.01445,28238582
1786032000000,0.01445,0.01453,0.01435,0.0144,18074139
1786046400000,0.0144,0.01453,0.0144,0.01447,14595782
1786060800000,0.01447,0.01454,0.01438,0.0144,21953327
1786075200000,0.01439,0.01458,0.01437,0.01456,20753214
1786089600000,0.01456,0.01456,0.01438,0.01446,15973221
1786104000000,0.01446,0.01448,0.01426,0.01434,37801145
1786118400000,0.01433,0.01444,0.0142,0.0144,26449280
1786132800000,0.0144,0.0145,0.01434,0.01447,17226528
1786147200000,0.01447,0.01449,0.01428,0.01431,21396790
1786161600000,0.01431,0.01446,0.01429,0.01437,22156863
1786176000000,0.01436,0.01454,0.01434,0.01448,19648526
1786190400000,0.01449,0.01456,0.01445,0.01451,25284406
1786204800000,0.01452,0.01454,0.01445,0.01448,15436347
1786219200000,0.01448,0.01471,0.01444,0.01448,26382443
1786233600000,0.01448,0.01484,0.01439,0.01471,37155830
1786248000000,0.01471,0.01484,0.01455,0.01468,31301026
1786262400000,0.01468,0.01474,0.01458,0.01462,16360341
1786276800000,0.01461,0.01474,0.01455,0.01469,16993260
1786291200000,0.01469,0.01483,0.01465,0.01471,25668991
1786305600000,0.0147,0.01477,0.01441,0.01444,27923340
1786320000000,0.01444,0.01464,0.01439,0.0145,28485294
1786334400000,0.0145,0.01467,0.01446,0.01459,16581264
1786348800000,0.01459,0.0147,0.01456,0.01465,21314501
1786363200000,0.01466,0.01473,0.01431,0.01441,51360605
1786377600000,0.01441,0.01447,0.01428,0.0143,29657563
1786392000000,0.01429,0.0143,0.01403,0.01414,48338849
1786406400000,0.01414,0.01424,0.01407,0.01419,19583035
1786420800000,0.01419,0.01419,0.01401,0.01404,24987642
1786435200000,0.01403,0.01417,0.01395,0.0141,45825245
1786449600000,0.01409,0.01411,0.0137,0.01379,83822131
1786464000000,0.01379,0.01385,0.01375,0.01378,20540751
1786478400000,0.01379,0.01391,0.01373,0.01378,28368974
1786492800000,0.01377,0.01394,0.01366,0.01388,27192620
1786507200000,0.01389,0.01391,0.0137,0.01375,23878585
1786521600000,0.01375,0.01387,0.01366,0.01387,25722244
1786536000000,0.01387,0.0141,0.01377,0.01379,60924864
1786550400000,0.01378,0.0139,0.01346,0.01351,55153258
1786564800000,0.01352,0.01363,0.01317,0.0134,72732704
1786579200000,0.01341,0.01349,0.01325,0.01339,23808584
1786593600000,0.01339,0.01356,0.01339,0.01346,22792005
1786608000000,0.01346,0.0136,0.01345,0.0135,33556685
1786622400000,0.0135,0.01389,0.01349,0.01373,60286021
1786636800000,0.01373,0.01376,0.01342,0.01346,33509642
1786651200000,0.01346,0.0137,0.01343,0.01355,36756304
1786665600000,0.01355,0.01368,0.01349,0.01351,21183040
1786680000000,0.01351,0.01355,0.01331,0.01333,30365660
1786694400000,0.01333,0.01344,0.01328,0.01335,28682476
1786708800000,0.01336,0.01347,0.01326,0.01345,23060942
1786723200000,0.01344,0.01367,0.01341,0.01346,32243150
1786737600000,0.01345,0.01352,0.01343,0.01352,12176934
1786752000000,0.01352,0.01364,0.01348,0.01354,21189045
1786766400000,0.01354,0.01367,0.01354,0.01355,14013190
1786780800000,0.01356,0.01371,0.01353,0.0137,15860109
1786795200000,0.0137,0.01377,0.01358,0.01365,28863801
1786809600000,0.01366,0.01368,0.01349,0.01353,17907451
1786824000000,0.01353,0.01362,0.01343,0.01349,16563430
1786838400000,0.01348,0.01355,0.01339,0.01342,14271874
1786852800000,0.01343,0.01353,0.0134,0.01349,14230417
1786867200000,0.01349,0.01355,0.01343,0.01345,15283529
1786881600000,0.01345,0.01353,0.01342,0.01347,14525280
1786896000000,0.01346,0.01351,0.01339,0.01347,14196902
1786910400000,0.01348,0.01348,0.01312,0.01324,39881210
1786924800000,0.01324,0.01353,0.01321,0.01343,32792890
1786939200000,0.01343,0.01355,0.01336,0.01338,22007647
1786953600000,0.01338,0.0134,0.01325,0.0133,23753058
1786968000000,0.0133,0.01347,0.01324,0.01346,26814646
1786982400000,0.01347,0.01357,0.01336,0.01338,28578145
1786996800000,0.01339,0.0135,0.01338,0.01343,17312373
1787011200000,0.01343,0.01345,0.01297,0.01307,56282377
1787025600000,0.01308,0.01326,0.01305,0.01321,24816240
1787040000000,0.01321,0.01337,0.01316,0.01334,19307088
1787054400000,0.01333,0.01337,0.01317,0.01326,21613168
1787068800000,0.01327,0.01331,0.01318,0.01318,12180990
1787083200000,0.01318,0.0132,0.01312,0.01315,14772776
1787097600000,0.01316,0.01321,0.01298,0.01301,45544029
1787112000000,0.013,0.01324,0.01299,0.01323,24893725
1787126400000,0.01323,0.01326,0.01306,0.01314,22380183
1787140800000,0.01314,0.01383,0.01312,0.0135,79566684
1787155200000,0.0135,0.01369,0.01349,0.01369,47561372
1787169600000,0.01368,0.01412,0.01367,0.01394,70201571
1787184000000,0.01395,0.01406,0.01382,0.01387,27739587
1787198400000,0.01386,0.01401,0.0138,0.01398,24670049
1787212800000,0.01398,0.01459,0.01395,0.01451,75265218
1787227200000,0.01452,0.01472,0.01432,0.01468,59741768
1787241600000,0.01468,0.01491,0.01453,0.01463,53558577
1787256000000,0.01463,0.01504,0.01462,0.01497,27998063
1787270400000,0.01496,0.01531,0.01496,0.01512,50380595
1787284800000,0.01513,0.01576,0.01512,0.01575,57545667
1787299200000,0.01576,0.01649,0.01574,0.0161,133939489
1787313600000,0.0161,0.01648,0.01595,0.01643,74991015
1787328000000,0.01643,0.01691,0.01635,0.01668,76881770
1787342400000,0.01669,0.01731,0.01661,0.01727,80004349
1787356800000,0.01726,0.01793,0.01713,0.01778,95664608
1787371200000,0.01778,0.01825,0.01543,0.01702,167553405
1787385600000,0.01703,0.01713,0.01632,0.01686,73759588
1787400000000,0.01686,0.01706,0.01645,0.01646,50391870
1787414400000,0.01645,0.01672,0.01639,0.01649,29439605
1787428800000,0.01649,0.01657,0.01606,0.01622,37300457
1787443200000,0.01622,0.01644,0.01573,0.01577,38043247
1787457600000,0.01576,0.01584,0.0153,0.01566,49944745
1787472000000,0.01566,0.01655,0.0156,0.01651,37026585
1787486400000,0.01652,0.01726,0.01642,0.017,78418324
1787500800000,0.01701,0.01773,0.017,0.01759,84843272
1787515200000,0.0176,0.01807,0.01735,0.01768,81010293
1787529600000,0.01768,0.01769,0.01702,0.01714,59903323
1787544000000,0.01713,0.01762,0.01709,0.01729,50239598
1787558400000,0.01728,0.01765,0.01707,0.01762,64207340
1787572800000,0.01763,0.01819,0.01732,0.01777,98152406
1787587200000,0.01777,0.01788,0.01731,0.01765,56889449
1787601600000,0.01766,0.01788,0.01758,0.01776,26070793
1787616000000,0.01776,0.01888,0.01768,0.0186,107710694
1787630400000,0.01861,0.01927,0.0186,0.01879,123251661
1787644800000,0.01879,0.01897,0.01818,0.01847,84157361
1787659200000,0.01847,0.01851,0.01794,0.01828,71291457
1787673600000,0.01828,0.01831,0.01791,0.01794,48101202
1787688000000,0.01795,0.01795,0.01728,0.01759,59275620
1787702400000,0.0176,0.01797,0.0174,0.01786,38183238
1787716800000,0.01785,0.01796,0.01764,0.01774,30503456
1787731200000,0.01774,0.0178,0.01727,0.01747,32091366
1787745600000,0.01747,0.01761,0.01694,0.01706,45933840
1787760000000,0.01706,0.01724,0.01692,0.01704,44335725
1787774400000,0.01705,0.01806,0.01698,0.01793,43358590
1787788800000,0.01794,0.01795,0.01729,0.01762,38794655
1787803200000,0.01762,0.01767,0.01723,0.01752,19672609
1787817600000,0.01751,0.01792,0.01743,0.01755,35796855
1787832000000,0.01755,0.018,0.01745,0.0179,32394692
1787846400000,0.0179,0.01827,0.01766,0.01772,33071715
1787860800000,0.01773,0.01779,0.01758,0.01765,19482999
1787875200000,0.01764,0.0181,0.01718,0.0173,36345896
1787889600000,0.0173,0.01733,0.01708,0.01716,20127042
1787904000000,0.01716,0.01727,0.01674,0.01692,41600925
1787918400000,0.01692,0.01704,0.01654,0.01664,61314676
1787932800000,0.01665,0.01667,0.01613,0.01655,45350929
1787947200000,0.01655,0.01673,0.01651,0.01672,16203806
1787961600000,0.01672,0.01681,0.0163,0.01632,17757441
1787976000000,0.01632,0.01665,0.01632,0.01643,12085269
1787990400000,0.01643,0.01654,0.01638,0.01643,10454653
1788004800000,0.01643,0.0167,0.01642,0.01656,17364052
1788019200000,0.01656,0.01664,0.01646,0.01649,13860593
1788033600000,0.01649,0.01656,0.01644,0.01655,9710101
1788048000000,0.01654,0.01657,0.01635,0.01638,10579601
1788062400000,0.01638,0.01672,0.01634,0.0165,16918900
1788076800000,0.0165,0.0166,0.01642,0.01654,10255390
1788091200000,0.01654,0.0168,0.01654,0.01659,21166562
1788105600000,0.01659,0.01683,0.01656,0.0166,16016128
1788120000000,0.0166,0.01668,0.01583,0.0161,46872600
1788134400000,0.01609,0.01641,0.01605,0.0163,27085915
1788148800000,0.0163,0.01649,0.01617,0.01632,20314135
1788163200000,0.01632,0.01641,0.01624,0.01627,11979723
1788177600000,0.01626,0.01636,0.01604,0.0162,29716411
1788192000000,0.01621,0.01642,0.01618,0.0163,26264183
1788206400000,0.0163,0.01643,0.01626,0.01635,13389643
1788220800000,0.01635,0.01655,0.01632,0.01645,21653749
1788235200000,0.01644,0.01662,0.01638,0.01645,18386124
1788249600000,0.01644,0.01645,0.01596,0.01624,32313645
1788264000000,0.01623,0.01644,0.01605,0.0163,35965403
1788278400000,0.0163,0.01635,0.01596,0.0162,27529777
1788292800000,0.01621,0.01625,0.01599,0.01623,16050945
1788307200000,0.01622,0.01641,0.01589,0.01641,22378696
1788321600000,0.01641,0.01648,0.01624,0.01629,16993347
1788336000000,0.0163,0.01634,0.01589,0.0161,19793558
1788350400000,0.01609,0.01627,0.01596,0.01616,23195119
1788364800000,0.01616,0.01622,0.01603,0.01607,13975722
1788379200000,0.01608,0.01627,0.01602,0.0162,19172631
1788393600000,0.01619,0.01674,0.01615,0.01673,31385096
1788408000000,0.01673,0.01676,0.01635,0.01644,30975096
1788422400000,0.01644,0.0167,0.01644,0.01663,23323717
1788436800000,0.01663,0.01724,0.01662,0.01724,48767929
1788451200000,0.01723,0.01747,0.01699,0.01733,43954735
1788465600000,0.01732,0.0174,0.01706,0.01722,17805303
1788480000000,0.01721,0.01747,0.01697,0.01698,37749855
1788494400000,0.01697,0.0172,0.01687,0.01698,23926637
1788508800000,0.01699,0.01741,0.01696,0.01724,39501434
1788523200000,0.01722,0.01724,0.01643,0.01679,68459855
1788537600000,0.01679,0.01695,0.01673,0.0169,16798462
1788552000000,0.0169,0.01692,0.01668,0.01685,16015810
1788566400000,0.01685,0.01705,0.01679,0.017,18976669
1788580800000,0.01699,0.01761,0.01697,0.01751,46631955
1788595200000,0.0175,0.01762,0.0173,0.01747,46182632
1788609600000,0.01747,0.01762,0.01736,0.01749,35026871
1788624000000,0.0175,0.01776,0.01741,0.01769,34889831
1788638400000,0.01769,0.01823,0.01762,0.01819,42503071
1788652800000,0.01817,0.01912,0.01808,0.01907,82349299
1788667200000,0.01906,0.0211,0.01849,0.01981,580762102
1788681600000,0.0198,0.02077,0.01968,0.01983,375118913
1788696000000,0.01983,0.01987,0.01919,0.01949,156282352
1788710400000,0.01949,0.01973,0.0191,0.01926,81212379
1788724800000,0.01927,0.01963,0.0192,0.01962,52917287
1788739200000,0.01962,0.01963,0.01888,0.01903,90393367
1788753600000,0.01903,0.01918,0.01884,0.01905,61152016
1788768000000,0.01905,0.01937,0.01904,0.01922,47920260
1788782400000,0.01922,0.01951,0.01888,0.01895,80187410
1788796800000,0.01896,0.01962,0.01894,0.0194,39392879
1788811200000,0.0194,0.01962,0.01921,0.01932,41019567
1788825600000,0.01932,0.01997,0.01925,0.01984,72911410
1788840000000,0.01983,0.01988,0.01917,0.0193,48716906
1788854400000,0.0193,0.01968,0.01923,0.01932,41172363
1788868800000,0.01932,0.01982,0.01891,0.01972,60900498
1788883200000,0.01972,0.01987,0.01943,0.01949,48068288
1788897600000,0.0195,0.01962,0.01929,0.01938,27754367
1788912000000,0.01938,0.01949,0.01922,0.01925,27185412
1788926400000,0.01924,0.01959,0.01923,0.01953,19958702
1788940800000,0.01953,0.01994,0.01931,0.01941,39464204
1788955200000,0.01941,0.01946,0.01877,0.01901,46496073
1788969600000,0.01901,0.01927,0.01877,0.01879,29969900
1788984000000,0.0188,0.01902,0.01817,0.01874,44999492
1788998400000,0.01874,0.01878,0.01824,0.01853,26819973
1789012800000,0.01852,0.01867,0.01832,0.01839,19485858
1789027200000,0.01838,0.01843,0.01816,0.01823,23506988
1789041600000,0.01822,0.01852,0.0177,0.0185,67970055
1789056000000,0.0185,0.01855,0.01796,0.01801,32720350
1789070400000,0.01801,0.0182,0.01759,0.01768,19980164
1789084800000,0.01769,0.01787,0.01752,0.01761,37457645
1789099200000,0.0176,0.01791,0.0176,0.01774,22187735
1789113600000,0.01774,0.01789,0.01722,0.01744,36349636
1789128000000,0.01743,0.01838,0.01719,0.01783,74364872
1789142400000,0.01782,0.01813,0.01752,0.01774,31311447
1789156800000,0.01773,0.01781,0.01738,0.01752,17348895
1789171200000,0.01753,0.01804,0.01751,0.01804,23866007
1789185600000,0.01803,0.01803,0.01773,0.01787,18248708
1789200000000,0.01787,0.01817,0.01785,0.01807,18686318
1789214400000,0.01806,0.01851,0.01804,0.01845,28863579
1789228800000,0.01846,0.0185,0.01802,0.01808,14842600
1789243200000,0.01807,0.01823,0.01793,0.01818,21206026
1789257600000,0.01818,0.01891,0.01801,0.01877,80360850
1789272000000,0.01878,0.01881,0.01841,0.01844,29546094
1789286400000,0.01844,0.01851,0.01805,0.01831,31223765
1789300800000,0.01831,0.01882,0.01826,0.01857,41748174
1789315200000,0.01856,0.01916,0.01856,0.01879,40831228
1789329600000,0.0188,0.01881,0.01806,0.01831,32938887
1789344000000,0.01831,0.01912,0.01811,0.01905,40714034
1789358400000,0.01905,0.01905,0.01858,0.01862,29335101
1789372800000,0.01863,0.01873,0.0184,0.01853,26915337
1789387200000,0.01851,0.01863,0.01826,0.01855,28917390
1789401600000,0.01855,0.01888,0.01838,0.01839,36419213
1789416000000,0.01839,0.01867,0.01827,0.0183,23663565
1789430400000,0.01831,0.01843,0.01784,0.01796,43684674
1789444800000,0.01796,0.01817,0.01776,0.01785,29885283
1789459200000,0.01785,0.01793,0.01766,0.0178,21138686
1789473600000,0.0178,0.01805,0.01735,0.0176,40021917
1789488000000,0.0176,0.01798,0.01712,0.01751,73203251
1789502400000,0.01751,0.01756,0.01706,0.01725,31631450
1789516800000,0.01724,0.01742,0.01696,0.0171,29960370
1789531200000,0.0171,0.01734,0.0171,0.01718,18637706
1789545600000,0.01717,0.01757,0.01702,0.0175,28665350
1789560000000,0.0175,0.01752,0.01706,0.01718,29888770
1789574400000,0.01716,0.01752,0.01689,0.0173,50158156
1789588800000,0.01729,0.01818,0.01726,0.01816,49372494
1789603200000,0.01815,0.01831,0.01789,0.01801,24955622
1789617600000,0.01802,0.01818,0.01791,0.01801,14666968
1789632000000,0.018,0.01812,0.01788,0.01798,20221067
1789646400000,0.01798,0.01826,0.01782,0.01824,32267868
1789660800000,0.01825,0.01859,0.01823,0.01849,36840773
1789675200000,0.01849,0.01897,0.01846,0.01894,40137827
1789689600000,0.01893,0.0194,0.0188,0.01938,38031176
1789704000000,0.01939,0.01964,0.01911,0.01958,48974391
1789718400000,0.01957,0.01996,0.01939,0.01958,40148587
1789732800000,0.01958,0.02003,0.01958,0.01985,43479260
1789747200000,0.01985,0.02013,0.01966,0.02008,31972690
1789761600000,0.02008,0.02062,0.02005,0.0205,49861414
1789776000000,0.0205,0.02084,0.02011,0.02047,56535784
1789790400000,0.02048,0.02052,0.01991,0.01994,23746291
1789804800000,0.01994,0.02089,0.01993,0.02079,38494522
1789819200000,0.0208,0.02083,0.02026,0.02044,41935302
1789833600000,0.02044,0.02069,0.02036,0.02054,30739603
1789848000000,0.02054,0.02064,0.02015,0.02057,32457534
1789862400000,0.02056,0.02095,0.02006,0.02063,59855742
1789876800000,0.02063,0.02109,0.02036,0.02043,51464982
1789891200000,0.02043,0.02058,0.02014,0.02038,29510842
1789905600000,0.02038,0.02183,0.02022,0.02168,118695742
1789920000000,0.02168,0.02261,0.02135,0.02254,143681348
1789934400000,0.02253,0.02266,0.02167,0.02216,83992583
1789948800000,0.02216,0.02296,0.02199,0.02285,82398453
1789963200000,0.02285,0.02289,0.02216,0.02236,46456715
1789977600000,0.02235,0.02358,0.02233,0.02335,82924171
1789992000000,0.02335,0.02405,0.02308,0.02321,96553788
1790006400000,0.02321,0.02357,0.02306,0.02334,39937179
1790020800000,0.02334,0.02362,0.02303,0.02357,37426462
1790035200000,0.02358,0.02403,0.02323,0.02361,56399024
1790049600000,0.0236,0.02376,0.02306,0.02345,36807341
1790064000000,0.02345,0.02399,0.02316,0.02348,33844227
1790078400000,0.02347,0.02453,0.02343,0.02437,70215840
1790092800000,0.02437,0.02504,0.0241,0.02493,56462092
1790107200000,0.02494,0.02592,0.02462,0.02544,74114493
1790121600000,0.02543,0.0268,0.02539,0.02632,89106513
1790136000000,0.02632,0.02691,0.02593,0.02661,68005467
1790150400000,0.02661,0.02745,0.02644,0.02704,110490580
1790164800000,0.02703,0.02779,0.02549,0.02565,210091731
1790179200000,0.02564,0.02633,0.02523,0.02529,84818548
1790193600000,0.0253,0.02535,0.0247,0.02488,51939255
1790208000000,0.02488,0.02549,0.02467,0.02472,57559728
1790222400000,0.0247,0.0264,0.02469,0.02601,82667716
1790236800000,0.026,0.02618,0.02442,0.02477,68772979
1790251200000,0.02476,0.02633,0.02465,0.02607,64893934
1790265600000,0.02607,0.02644,0.02563,0.02592,58269015
1790280000000,0.02592,0.02631,0.02574,0.02621,41324300
1790294400000,0.02621,0.02662,0.02532,0.0255,53038022
1790308800000,0.02549,0.02594,0.02542,0.0259,21500066
1790323200000,0.0259,0.02711,0.0258,0.02695,49334187
1790337600000,0.02694,0.027,0.02591,0.02622,69081152
1790352000000,0.02622,0.02847,0.02621,0.02775,106930019
1790366400000,0.02775,0.02886,0.02719,0.02825,78824893
1790380800000,0.02826,0.02848,0.02764,0.02769,46342375
1790395200000,0.0277,0.02824,0.02756,0.02812,33464682
1790409600000,0.02812,0.02822,0.02767,0.02806,23205145
1790424000000,0.02805,0.02847,0.02774,0.02813,45218421
1790438400000,0.02812,0.02819,0.02747,0.02762,30174954
1790452800000,0.02762,0.0277,0.02707,0.02755,25346143
1790467200000,0.02754,0.02763,0.02703,0.02729,28994301
1790481600000,0.02728,0.02806,0.02706,0.02797,27693948
1790496000000,0.02797,0.0282,0.02766,0.02779,28638089
1790510400000,0.02779,0.02871,0.02766,0.02823,56236136
1790524800000,0.02822,0.03345,0.02818,0.03311,344718364
1790539200000,0.0331,0.03671,0.03173,0.03591,1064529928
1790553600000,0.03591,0.03658,0.03139,0.03156,897067203
1790568000000,0.03155,0.03324,0.03134,0.03179,517789941
1790582400000,0.03178,0.03269,0.03103,0.03174,423035200
1790596800000,0.03174,0.03375,0.03054,0.03111,464248363
1790611200000,0.03111,0.03168,0.03001,0.03022,159259661
1790625600000,0.03023,0.03089,0.03013,0.03052,85439079
1790640000000,0.03052,0.0311,0.02976,0.03008,132686277
1790654400000,0.03007,0.03067,0.02993,0.03061,79312647
1790668800000,0.03061,0.03097,0.03036,0.03093,65138175
1790683200000,0.03092,0.03096,0.02941,0.02964,118123326
1790697600000,0.02964,0.02982,0.0289,0.02926,98013260
1790712000000,0.02926,0.02957,0.02896,0.02916,52976600
1790726400000,0.02917,0.02958,0.02861,0.02868,50893993
1790740800000,0.02867,0.02895,0.02839,0.02852,63416163
1790755200000,0.02855,0.02912,0.02834,0.02912,66049366
1790769600000,0.02912,0.02994,0.02863,0.02956,127051519
1790784000000,0.02956,0.02995,0.02863,0.02889,78311316
1790798400000,0.0289,0.0294,0.02882,0.02923,37981236
1790812800000,0.02922,0.02985,0.02897,0.0298,31954291
1790827200000,0.02981,0.02995,0.02913,0.02917,39468485
1790841600000,0.02918,0.0293,0.02853,0.02896,40601653
1790856000000,0.02896,0.02916,0.02858,0.029,45589285
1790870400000,0.02901,0.02911,0.02807,0.02834,61666425
1790884800000,0.02834,0.0285,0.02777,0.02803,43448778
