open_time,open,high,low,close,volume
1615780800000,1.0589,1.0738,0.9681,1.039,1100314
1615795200000,1.04,1.066,0.9284,0.9735,3734730
1615809600000,0.9743,1.0896,0.9407,1.0284,4634946
1615824000000,1.0295,1.0599,1.0012,1.0235,3149563
1615838400000,1.0238,1.2371,0.9303,1.0547,18159002
1615852800000,1.0527,1.0786,0.9442,0.9745,5555565
1615867200000,0.9734,1.0355,0.9569,1.0178,4210159
1615881600000,1.019,1.0518,0.9803,1.0063,3130678
1615896000000,1.0053,1.0113,0.9611,0.9661,2623061
1615910400000,0.9678,1.0035,0.8859,0.9064,6229656
1615924800000,0.9064,0.9342,0.8476,0.9101,11291438
1615939200000,0.9101,0.9133,0.8519,0.8541,7054712
1615953600000,0.8537,0.8635,0.8126,0.8346,6727324
1615968000000,0.8346,0.8434,0.7761,0.8195,13097924
1615982400000,0.82,1.0969,0.8008,0.9978,64634745
1615996800000,0.9981,1.0369,0.9373,0.9923,17786644
1616011200000,0.9939,1.083,0.9532,1.0626,16805132
1616025600000,1.0625,1.0881,1.0005,1.04,12884213
1616040000000,1.04,1.0606,1.0,1.0128,9953932
1616054400000,1.0136,1.088,1.0004,1.0329,18837406
1616068800000,1.0343,1.0541,1.0116,1.0247,17089354
1616083200000,1.025,1.0395,0.9722,0.9746,13930241
1616097600000,0.9745,0.9997,0.9625,0.9816,7898856
1616112000000,0.9803,0.9911,0.9461,0.9805,7404899
1616126400000,0.9796,1.0194,0.9771,0.9873,7287042
1616140800000,0.9861,1.0186,0.9752,1.0082,7050621
1616155200000,1.0084,1.03,0.9863,0.993,5425556
1616169600000,0.9933,1.0137,0.9821,0.985,3668577
1616184000000,0.9858,0.9935,0.9521,0.9653,4912269
1616198400000,0.9655,1.0215,0.9463,0.9873,11875121
1616212800000,0.9872,0.996,0.9658,0.9835,4216177
1616227200000,0.9835,1.0067,0.978,0.9894,4235892
1616241600000,0.9895,0.9919,0.9527,0.9655,6872697
1616256000000,0.9663,0.9692,0.9471,0.9528,4755922
1616270400000,0.9527,0.9578,0.8856,0.8983,11274876
1616284800000,0.8983,0.9361,0.8838,0.9153,7957131
1616299200000,0.9158,0.9362,0.8911,0.9282,5553710
1616313600000,0.9278,0.9494,0.9014,0.9074,4751255
1616328000000,0.9078,0.9396,0.884,0.9174,5141272
1616342400000,0.9174,1.0068,0.9103,0.9898,12977782
1616356800000,0.9901,1.0295,0.9612,0.981,11072330
1616371200000,0.9809,0.9869,0.9367,0.9559,6242072
1616385600000,0.9557,0.9684,0.9522,0.9595,3280122
1616400000000,0.9595,0.9898,0.9366,0.9816,5101776
1616414400000,0.9819,0.9882,0.9352,0.9376,5442960
1616428800000,0.9388,0.9455,0.912,0.919,4270907
1616443200000,0.9196,0.9283,0.8857,0.9156,6706270
1616457600000,0.9157,0.925,0.8868,0.8987,3300400
1616472000000,0.899,0.9121,0.8151,0.8621,9423662
1616486400000,0.8613,0.887,0.85,0.8579,4605454
1616500800000,0.8574,0.9037,0.8574,0.8806,5311367
1616515200000,0.8796,0.8993,0.8565,0.864,4364960
1616529600000,0.8646,0.8663,0.826,0.8486,5593864
1616544000000,0.8485,0.9124,0.8264,0.9113,7581239
1616558400000,0.9113,1.0,0.904,0.9348,31086660
1616572800000,0.9349,0.958,0.9228,0.9288,10179727
1616587200000,0.9288,0.946,0.915,0.9271,7430474
1616601600000,0.9277,0.9485,0.889,0.8915,12898017
1616616000000,0.8909,0.8964,0.8155,0.8516,16489440
1616630400000,0.8512,0.8825,0.7964,0.845,10386626
1616644800000,0.8459,0.8762,0.8351,0.8428,4391985
1616659200000,0.8423,0.8788,0.8355,0.84,3704107
1616673600000,0.8407,0.8491,0.8,0.8148,7439978
1616688000000,0.8147,0.8496,0.8025,0.8412,4292032
1616702400000,0.841,0.8547,0.811,0.8183,3039185
1616716800000,0.8187,0.8579,0.818,0.8388,3547061
1616731200000,0.8388,0.8766,0.8337,0.8753,4355834
1616745600000,0.8753,0.8764,0.839,0.8531,5047639
1616760000000,0.8531,0.8782,0.8502,0.8663,4508764
1616774400000,0.8659,0.9118,0.8518,0.8746,7825349
1616788800000,0.8745,0.9022,0.8741,0.8982,4163185
1616803200000,0.8983,0.9364,0.8872,0.8991,6823100
1616817600000,0.8996,0.9253,0.8892,0.9005,5270147
1616832000000,0.9008,0.9219,0.8854,0.8883,6381893
1616846400000,0.8896,0.8941,0.8539,0.8845,7345823
1616860800000,0.8855,0.9884,0.8814,0.9596,17647258
1616875200000,0.9601,0.9695,0.9149,0.9266,12887502
1616889600000,0.9272,0.9797,0.906,0.9627,10482864
1616904000000,0.9624,0.9712,0.9334,0.9619,6261603
1616918400000,0.9623,1.0199,0.9483,0.9895,12105292
1616932800000,0.9888,1.183,0.9571,1.1,76843463
1616947200000,1.1013,1.1267,1.01,1.046,41353992
1616961600000,1.0457,1.1699,1.0218,1.1474,26726509
1616976000000,1.1456,1.1865,1.08,1.1382,31889054
1616990400000,1.1379,1.1548,1.0811,1.135,18365606
1617004800000,1.1351,1.1471,1.0902,1.091,14243446
1617019200000,1.0916,1.1243,1.0506,1.0723,15293139
1617033600000,1.0726,1.086,1.0509,1.0696,10173690
1617048000000,1.07,1.1,1.053,1.0963,7587165
1617062400000,1.097,1.1043,1.06,1.0735,8482724
1617076800000,1.0735,1.0803,1.0603,1.0755,6520267
1617091200000,1.076,1.0907,1.0598,1.0725,7975454
1617105600000,1.0725,1.1213,1.04,1.0844,19510434
1617120000000,1.0844,1.132,1.0647,1.0981,13226175
1617134400000,1.0982,1.1135,1.0792,1.0917,7415332
1617148800000,1.0921,1.0929,1.05,1.06,6214127
1617163200000,1.0601,1.0838,1.0388,1.0463,6064086
1617177600000,1.0461,1.0466,0.9613,1.0378,15787344
1617192000000,1.0374,1.061,1.0235,1.0406,6804784
1617206400000,1.0406,1.0499,1.0042,1.0155,6716583
1617220800000,1.0157,1.0314,1.0,1.0217,4441314
1617235200000,1.0216,1.0416,1.0078,1.0234,7096446
1617249600000,1.0228,1.0645,1.0117,1.0584,8096594
1617264000000,1.059,1.0724,1.008,1.0332,8720485
1617278400000,1.0322,1.0538,1.0155,1.0213,6141870
1617292800000,1.0221,1.0295,0.9814,1.0199,5897478
1617307200000,1.0199,1.0269,1.006,1.0163,3185040
1617321600000,1.0166,1.0204,1.0,1.0058,3534773
1617336000000,1.0058,1.0247,1.0043,1.005,3380704
1617350400000,1.005,1.0339,1.005,1.0286,4667581
1617364800000,1.028,1.031,1.005,1.0117,4470900
1617379200000,1.0124,1.0178,1.003,1.012,3283707
1617393600000,1.0124,1.075,1.0097,1.0386,10999721
1617408000000,1.0387,1.0613,1.0125,1.0166,5782529
1617422400000,1.0171,1.0496,1.0159,1.0227,4563755
1617436800000,1.0231,1.0293,1.005,1.0196,5097988
1617451200000,1.0197,1.0374,1.0011,1.0027,6799411
1617465600000,1.0021,1.0173,0.9082,0.9884,18736977
1617480000000,0.9887,0.989,0.93,0.944,8801137
1617494400000,0.9439,0.9757,0.91,0.9705,6251836
1617508800000,0.9705,0.9775,0.9496,0.9662,3558300
1617523200000,0.9672,0.9862,0.9617,0.9666,3530993
1617537600000,0.9667,1.018,0.9581,0.9972,6015819
1617552000000,0.9978,1.0093,0.9852,1.0036,3677328
1617566400000,1.0032,1.0059,0.9878,1.0049,2488981
1617580800000,1.0049,1.0091,0.9663,0.9697,4162558
1617595200000,0.9697,0.9785,0.9461,0.9565,3797968
1617609600000,0.9562,1.0145,0.948,1.0036,8032202
1617624000000,1.0039,1.0222,0.985,1.0088,9196835
1617638400000,1.0079,1.0173,0.9852,1.0104,4490800
1617652800000,1.0093,1.0202,0.99,1.011,4579264
1617667200000,1.0104,1.0147,0.9703,0.9814,3971399
1617681600000,0.9822,0.993,0.9715,0.9761,2877783
1617696000000,0.976,0.9877,0.9501,0.9632,4909490
1617710400000,0.9631,0.9787,0.9128,0.9469,8475702
1617724800000,0.9475,0.9612,0.9453,0.9491,3445024
1617739200000,0.9491,0.9669,0.9432,0.9595,3086797
1617753600000,0.9597,0.9693,0.9325,0.9397,4532737
1617768000000,0.9396,0.9419,0.9,0.9132,5437819
1617782400000,0.913,0.9179,0.83,0.8666,12849044
1617796800000,0.8665,0.9176,0.8421,0.8907,9547032
1617811200000,0.8904,0.9146,0.8665,0.9016,9239918
1617825600000,0.9013,0.9459,0.8807,0.9306,5913381
1617840000000,0.9307,0.9503,0.9141,0.9277,4348940
1617854400000,0.9281,0.9777,0.928,0.9655,4751387
1617868800000,0.9661,0.9781,0.92,0.9463,6496019
1617883200000,0.9461,1.023,0.9413,1.0153,10540302
1617897600000,1.0152,1.023,0.97,0.9779,6667641
1617912000000,0.9781,1.007,0.961,0.9906,6684559
1617926400000,0.9913,1.0235,0.99,1.006,6527492
1617940800000,1.006,1.0528,0.9955,1.0512,9276408
1617955200000,1.0517,1.0658,1.01,1.0622,11211660
1617969600000,1.0613,1.1245,1.0329,1.0508,26206050
1617984000000,1.0503,1.0715,1.0154,1.0546,9420032
1617998400000,1.0553,1.0573,1.017,1.0358,5206554
1618012800000,1.036,1.0401,1.0,1.0299,6950184
1618027200000,1.0299,1.0446,1.0007,1.0033,5957882
1618041600000,1.0038,1.0372,1.0031,1.0339,4657631
1618056000000,1.034,1.045,1.0021,1.0125,5393839
1618070400000,1.0125,1.0165,0.9774,0.995,5405595
1618084800000,0.9951,1.0171,0.9708,1.0145,3344352
1618099200000,1.0146,1.0766,1.0051,1.058,8665225
1618113600000,1.0579,1.0628,1.0255,1.0621,5850453
1618128000000,1.0623,1.157,1.0617,1.1507,21928765
1618142400000,1.1508,1.1581,1.0513,1.0554,18318530
1618156800000,1.0557,1.0726,1.0409,1.0659,6254570
1618171200000,1.0658,1.0933,1.058,1.0745,5521648
1618185600000,1.0732,1.1539,1.0307,1.1512,16678884
1618200000000,1.1512,1.2125,1.1178,1.1276,34892470
1618214400000,1.1277,1.15,1.0775,1.1139,13448436
1618228800000,1.1139,1.132,1.0816,1.0861,7773364
1618243200000,1.0866,1.1104,1.0669,1.0871,5660938
1618257600000,1.0876,1.1539,1.0774,1.1322,8061756
1618272000000,1.1333,1.147,1.0927,1.1098,4639218
1618286400000,1.1096,1.1113,1.0611,1.0789,5686845
1618300800000,1.0795,1.0855,1.0489,1.0789,6615973
1618315200000,1.0789,1.1299,1.0669,1.0813,8287591
1618329600000,1.0807,1.0988,1.0684,1.0918,5508706
1618344000000,1.093,1.1279,1.082,1.1197,5247538
1618358400000,1.12,1.1295,1.081,1.101,4559710
1618372800000,1.1017,1.1059,1.0745,1.0908,6551191
1618387200000,1.0909,1.1078,1.0404,1.0821,7155173
1618401600000,1.0818,1.0822,1.0007,1.0368,7993577
1618416000000,1.0364,1.0647,1.0217,1.039,3841182
1618430400000,1.0396,1.097,1.0305,1.0932,4264966
1618444800000,1.0936,1.1135,1.075,1.1129,6095426
1618459200000,1.113,1.1154,1.0954,1.0994,4070847
1618473600000,1.0996,1.1101,1.0731,1.0921,4490166
1618488000000,1.0918,1.188,1.0905,1.1548,12527533
1618502400000,1.1548,1.2815,1.1542,1.2155,44552697
1618516800000,1.2165,1.2567,1.2,1.2424,12785250
1618531200000,1.2426,1.3484,1.2372,1.2785,25073953
1618545600000,1.2782,1.2853,1.1953,1.2335,15458504
1618560000000,1.2337,1.2706,1.1096,1.1801,19542231
1618574400000,1.18,1.3099,1.1163,1.2598,18988969
1618588800000,1.2596,1.2862,1.2236,1.2544,10260199
1618603200000,1.2563,1.3398,1.2485,1.3088,14167316
1618617600000,1.3098,1.32,1.246,1.29,8747833
1618632000000,1.2907,1.3292,1.2758,1.2948,6962593
1618646400000,1.2945,1.48,1.2945,1.3504,34968826
1618660800000,1.3514,1.6393,1.3283,1.4856,68203649
1618675200000,1.4839,1.5631,1.4358,1.4527,31661650
1618689600000,1.4527,1.559,1.4428,1.526,20397746
1618704000000,1.527,1.5427,0.98,1.231,44720982
1618718400000,1.2268,1.3434,1.1506,1.3155,40305888
1618732800000,1.3162,1.3396,1.1236,1.1424,32138237
1618747200000,1.1408,1.2831,1.1358,1.2805,16928682
1618761600000,1.2794,1.3266,1.255,1.2734,8457657
1618776000000,1.2733,1.3917,1.2705,1.3534,8280596
1618790400000,1.3533,1.4038,1.2957,1.3839,8891881
1618804800000,1.3831,1.3904,1.3198,1.3299,6229563
1618819200000,1.3303,1.3386,1.225,1.3031,8392898
1618833600000,1.3029,1.3035,1.1615,1.1751,10037532
1618848000000,1.1744,1.2589,1.16,1.2583,7303419
1618862400000,1.2584,1.4166,1.2316,1.314,27546500
1618876800000,1.3147,1.3357,1.15,1.2463,19959757
1618891200000,1.2461,1.3042,1.1801,1.2216,11677016
1618905600000,1.2202,1.3511,1.216,1.3257,13476900
1618920000000,1.3259,1.3962,1.2836,1.356,20029065
1618934400000,1.3553,1.4805,1.3522,1.4153,32936112
1618948800000,1.4153,1.4533,1.373,1.4048,15192202
1618963200000,1.4046,1.4661,1.3806,1.414,11446753
1618977600000,1.4137,1.4464,1.3835,1.391,8604897
1618992000000,1.3902,1.4001,1.3144,1.3293,11040386
1619006400000,1.3299,1.4311,1.324,1.3992,8769479
1619020800000,1.3995,1.4076,1.35,1.3706,5766111
1619035200000,1.3709,1.3715,1.2989,1.3319,6828199
1619049600000,1.3321,1.3577,1.2811,1.2905,18472751
1619064000000,1.2908,1.372,1.2873,1.3354,9852920
1619078400000,1.3353,1.4088,1.302,1.4066,8372354
1619092800000,1.4058,1.4114,1.3531,1.3606,6129154
1619107200000,1.3605,1.3863,1.2914,1.3066,7178217
1619121600000,1.3081,1.3083,1.1735,1.2447,16989560
1619136000000,1.2445,1.2697,0.9423,1.1518,29525658
1619150400000,1.1514,1.1564,1.0206,1.0267,23116608
1619164800000,1.0285,1.2053,1.0096,1.1775,11064949
1619179200000,1.1758,1.1878,1.0877,1.1457,9598549
1619193600000,1.1455,1.2011,1.1203,1.1966,6132719
1619208000000,1.1964,1.2395,1.1543,1.2385,5351082
1619222400000,1.2362,1.2386,1.145,1.2004,7118451
1619236800000,1.2005,1.2282,1.1726,1.1894,3954648
1619251200000,1.1892,1.2079,1.095,1.1171,5294532
1619265600000,1.1161,1.152,1.1015,1.1475,4629591
1619280000000,1.1468,1.1499,1.1128,1.1338,3229602
1619294400000,1.134,1.1468,1.091,1.1021,3051814
1619308800000,1.1019,1.1292,1.0885,1.0924,3522657
1619323200000,1.0924,1.1217,1.0858,1.1157,2277563
1619337600000,1.1162,1.1498,1.0916,1.1348,4327700
1619352000000,1.1334,1.1866,1.1302,1.1734,3972656
1619366400000,1.1749,1.178,1.0986,1.101,4964131
1619380800000,1.1017,1.1186,1.0246,1.0944,7262117
1619395200000,1.0944,1.1857,1.0813,1.1774,5561520
1619409600000,1.1781,1.2345,1.163,1.2038,4941367
1619424000000,1.2035,1.23,1.1626,1.2277,5058559
1619438400000,1.2274,1.2363,1.1811,1.2044,5068232
1619452800000,1.2046,1.2487,1.1725,1.2471,4562111
1619467200000,1.2471,1.2471,1.186,1.2293,4432542
1619481600000,1.2287,1.3087,1.2119,1.2704,6396733
1619496000000,1.2694,1.3115,1.2512,1.2879,4771871
1619510400000,1.2888,1.329,1.283,1.3255,4676462
1619524800000,1.3254,1.3289,1.2514,1.2961,6548072
1619539200000,1.2972,1.3071,1.2633,1.285,3328591
1619553600000,1.2853,1.3175,1.2853,1.3139,3755021
1619568000000,1.314,1.495,1.3119,1.3801,17928978
1619582400000,1.3797,1.4132,1.2802,1.3735,14041977
1619596800000,1.3733,1.4212,1.3154,1.4081,9513081
1619611200000,1.4084,1.4408,1.3443,1.3663,8380835
1619625600000,1.3664,1.4907,1.3528,1.4617,23681437
1619640000000,1.4627,1.5559,1.3951,1.549,17117870
1619654400000,1.5497,1.556,1.4505,1.4719,16783177
1619668800000,1.4722,1.4969,1.4203,1.4717,10836862
1619683200000,1.4726,1.4944,1.4465,1.466,8164533
1619697600000,1.4663,1.4878,1.4099,1.4333,9249530
1619712000000,1.432,1.4389,1.3679,1.3984,8661108
1619726400000,1.3984,1.4621,1.3667,1.4582,5389506
1619740800000,1.4579,1.4619,1.3998,1.4159,5483726
1619755200000,1.4146,1.4385,1.4125,1.4278,4419072
1619769600000,1.4279,1.457,1.4128,1.4168,4663845
1619784000000,1.4173,1.4703,1.4147,1.4649,5634159
1619798400000,1.4649,1.4814,1.4512,1.4684,4691341
1619812800000,1.4685,1.5055,1.45,1.4891,3484980
1619827200000,1.4893,1.5018,1.4451,1.4711,4334154
1619841600000,1.4717,1.475,1.4403,1.4478,3057166
1619856000000,1.4474,1.4544,1.42,1.4458,3183221
1619870400000,1.4462,1.4635,1.4205,1.4307,3414277
1619884800000,1.4313,1.4407,1.4256,1.4373,2912259
1619899200000,1.4365,1.473,1.4232,1.4629,3112691
1619913600000,1.4629,1.4684,1.3868,1.4004,5088584
1619928000000,1.4006,1.4252,1.3719,1.4055,3997822
1619942400000,1.4062,1.4257,1.386,1.4255,2864178
1619956800000,1.4255,1.4329,1.41,1.4209,2354891
1619971200000,1.4215,1.4271,1.41,1.4238,2195133
1619985600000,1.4238,1.4312,1.396,1.4105,2230824
1620000000000,1.41,1.4328,1.406,1.4131,2673220
1620014400000,1.4131,1.468,1.4121,1.4546,5594238
1620028800000,1.4547,1.48,1.4205,1.4618,9635302
1620043200000,1.4628,1.4726,1.4,1.4297,8627491
1620057600000,1.4295,1.4374,1.4125,1.4231,3590461
1620072000000,1.4233,1.4233,1.39,1.4063,4786667
1620086400000,1.4073,1.4095,1.2714,1.3268,12792368
1620100800000,1.3267,1.3654,1.3168,1.3331,3889418
1620115200000,1.3337,1.3639,1.3115,1.3551,5015671
1620129600000,1.3551,1.3552,1.2357,1.2623,10226676
1620144000000,1.2622,1.3163,1.2415,1.3119,6016778
1620158400000,1.3121,1.3167,1.2614,1.2682,3708650
1620172800000,1.2678,1.3364,1.2564,1.3008,5462893
1620187200000,1.3016,1.3455,1.2937,1.3408,3809680
1620201600000,1.3414,1.3589,1.3307,1.3393,4101392
1620216000000,1.3395,1.4132,1.3379,1.4077,7068122
1620230400000,1.4071,1.4121,1.3839,1.391,3944177
1620244800000,1.391,1.4282,1.3648,1.4217,4061469
1620259200000,1.422,1.4292,1.3713,1.411,4294646
1620273600000,1.4115,1.4579,1.3721,1.4297,8176106
1620288000000,1.4297,1.45,1.4115,1.4294,4953173
1620302400000,1.4298,1.4392,1.3993,1.4201,4970084
1620316800000,1.4208,1.4339,1.3442,1.3778,6615887
1620331200000,1.3783,1.575,1.3605,1.575,15358205
1620345600000,1.5749,1.5817,1.4375,1.4659,14141064
1620360000000,1.4661,1.5142,1.413,1.474,8353262
1620374400000,1.4755,1.5527,1.4574,1.5279,7598825
1620388800000,1.5276,1.6054,1.4991,1.5975,14370083
1620403200000,1.5975,1.6049,1.48,1.4977,11645979
1620417600000,1.4976,1.5177,1.4333,1.4679,7787082
1620432000000,1.4681,1.5185,1.4513,1.5067,5282656
1620446400000,1.5065,1.5076,1.4564,1.4922,4801510
1620460800000,1.4923,1.5,1.4524,1.458,4127712
1620475200000,1.458,1.4772,1.4255,1.4287,4480043
1620489600000,1.4286,1.4593,1.4142,1.457,4112640
1620504000000,1.457,1.457,1.4292,1.4456,2781907
1620518400000,1.4452,1.4508,1.3947,1.4041,3740030
1620532800000,1.4043,1.419,1.357,1.3967,6272102
1620547200000,1.3974,1.421,1.3926,1.3972,4539698
1620561600000,1.397,1.428,1.3545,1.4243,5256834
1620576000000,1.4244,1.451,1.4022,1.4181,5263264
1620590400000,1.4171,1.5223,1.4122,1.4954,9135154
1620604800000,1.496,1.5158,1.4681,1.503,11920755
1620619200000,1.503,1.5092,1.47,1.4712,5000089
1620633600000,1.4728,1.4809,1.4165,1.445,5726724
1620648000000,1.4451,1.4662,1.4079,1.4639,5163660
1620662400000,1.4628,1.4663,1.3064,1.3278,8214493
1620676800000,1.3286,1.3752,1.19,1.325,13912965
1620691200000,1.3273,1.3615,1.3,1.3286,7449212
1620705600000,1.3283,1.3766,1.318,1.3717,7108268
1620720000000,1.371,1.3928,1.3471,1.3497,7251374
1620734400000,1.3495,1.3951,1.3289,1.3796,4974857
1620748800000,1.3796,1.3959,1.3678,1.3953,2575426
1620763200000,1.3953,1.4314,1.3865,1.4294,3197176
1620777600000,1.4305,1.451,1.4152,1.4496,3498139
1620792000000,1.4496,1.4512,1.4,1.4134,2608406
1620806400000,1.4134,1.429,1.3793,1.3988,3051654
1620820800000,1.3988,1.4014,1.3457,1.3538,3322195
1620835200000,1.3539,1.3646,1.3054,1.3456,2944806
1620849600000,1.3448,1.3657,1.2,1.2194,5176714
1620864000000,1.2248,1.2971,1.1251,1.2754,7349899
1620878400000,1.2754,1.3164,1.2698,1.2977,2250652
1620892800000,1.2971,1.3003,1.1885,1.235,5306248
1620907200000,1.2347,1.2861,1.2255,1.2335,3753595
1620921600000,1.2347,1.2679,1.1588,1.1867,5741321
1620936000000,1.1863,1.2555,1.175,1.2534,3634020
1620950400000,1.254,1.2928,1.2443,1.2493,3652828
1620964800000,1.25,1.2798,1.2382,1.277,2746956
1620979200000,1.2773,1.3127,1.2721,1.3046,2658377
1620993600000,1.3047,1.3238,1.2836,1.3164,2425978
1621008000000,1.3161,1.328,1.284,1.2842,1846830
1621022400000,1.2843,1.297,1.2581,1.2923,1494766
1621036800000,1.2936,1.31,1.2709,1.2756,2642523
1621051200000,1.2761,1.2909,1.2347,1.2388,2787093
1621065600000,1.2397,1.2608,1.2116,1.2527,3459551
1621080000000,1.2523,1.2858,1.238,1.2809,2974510
1621094400000,1.2822,1.2827,1.2,1.2243,4184879
1621108800000,1.2252,1.2431,1.198,1.2037,2682714
1621123200000,1.2034,1.2466,1.1961,1.239,2652609
1621137600000,1.239,1.2752,1.2298,1.2752,1754875
1621152000000,1.2747,1.2895,1.2548,1.2607,2494800
1621166400000,1.2604,1.2675,1.2162,1.2176,3001302
1621180800000,1.2172,1.2357,1.1345,1.1578,4838726
1621195200000,1.1578,1.1805,1.1,1.1796,5023259
1621209600000,1.1798,1.1803,1.044,1.0501,5995585
1621224000000,1.0501,1.1389,1.011,1.1338,6839835
1621238400000,1.1332,1.1418,1.1072,1.1358,3916470
1621252800000,1.1359,1.1391,1.0482,1.0556,4402900
1621267200000,1.0544,1.0923,1.0234,1.0882,4223295
1621281600000,1.0884,1.1051,1.035,1.0598,4209546
1621296000000,1.0606,1.156,1.0494,1.1546,5348867
1621310400000,1.1551,1.2611,1.15,1.192,14899902
1621324800000,1.1922,1.2267,1.1621,1.1938,7395078
1621339200000,1.1951,1.1982,1.1038,1.1271,10245244
1621353600000,1.126,1.1607,1.1062,1.1244,5549055
1621368000000,1.1248,1.1442,1.107,1.126,3331246
1621382400000,1.1255,1.1638,1.0236,1.0358,7993706
1621396800000,1.0368,1.0484,0.95,1.0194,8975433
1621411200000,1.0186,1.025,0.8204,0.8939,10899397
1621425600000,0.8938,0.9103,0.3731,0.8668,21002475
1621440000000,0.8673,0.971,0.8031,0.8802,23802361
1621454400000,0.8794,0.9006,0.7662,0.7694,12765917
1621468800000,0.7682,0.8236,0.6796,0.8042,19639111
1621483200000,0.8054,0.9217,0.8002,0.8988,9160929
1621497600000,0.8984,0.9121,0.8343,0.9104,7509730
1621512000000,0.9108,1.006,0.8984,0.959,11737167
1621526400000,0.9582,0.9618,0.859,0.9118,7781767
1621540800000,0.911,0.9592,0.8956,0.9521,4424384
1621555200000,0.9521,1.0001,0.9464,0.9564,4869725
1621569600000,0.9566,0.9594,0.8892,0.9,5092172
1621584000000,0.9,0.9346,0.877,0.9075,4143309
1621598400000,0.9075,0.9299,0.7779,0.7868,7669118
1621612800000,0.7877,0.8355,0.7467,0.7571,6072286
1621627200000,0.7575,0.8149,0.697,0.8149,5798989
1621641600000,0.8142,0.8224,0.7679,0.7794,3807399
1621656000000,0.7788,0.7857,0.693,0.7345,8420192
1621670400000,0.7344,0.7914,0.7331,0.7682,6831032
1621684800000,0.7681,0.8008,0.7388,0.7812,7114385
1621699200000,0.7807,0.7861,0.7253,0.7284,5306015
1621713600000,0.7286,0.7788,0.7283,0.7544,3296114
1621728000000,0.7551,0.7982,0.736,0.766,5126771
1621742400000,0.7654,0.7668,0.6991,0.7113,3213373
1621756800000,0.7119,0.7119,0.6321,0.6494,7593971
1621771200000,0.6484,0.6578,0.5451,0.5614,12401925
1621785600000,0.5612,0.5817,0.4889,0.5767,14980586
1621800000000,0.5766,0.6406,0.5765,0.6188,8140696
1621814400000,0.619,0.6769,0.5872,0.6185,12212398
1621828800000,0.619,0.6867,0.5911,0.6833,14350289
1621843200000,0.6845,0.703,0.6528,0.7007,10512234
1621857600000,0.7003,0.7712,0.69,0.7366,26797956
1621872000000,0.7367,0.7812,0.7018,0.7758,7366034
1621886400000,0.7762,0.7823,0.7419,0.7768,6174839
1621900800000,0.7773,0.8455,0.7463,0.7863,9431635
1621915200000,0.786,0.8279,0.7604,0.818,5693378
1621929600000,0.818,0.8234,0.7125,0.7174,6690336
1621944000000,0.7175,0.7943,0.7161,0.7797,6215915
1621958400000,0.78,0.7818,0.7232,0.7292,3585911
1621972800000,0.7285,0.7908,0.7263,0.7846,2335692
1621987200000,0.7849,0.8407,0.7593,0.8393,4347496
1622001600000,0.8394,0.8787,0.8215,0.8749,4955561
1622016000000,0.8748,0.8831,0.8179,0.8411,6341647
1622030400000,0.8413,0.8758,0.7907,0.8731,12754267
1622044800000,0.8744,0.9815,0.868,0.9589,26410982
1622059200000,0.958,1.0089,0.9264,1.0044,13239045
1622073600000,1.0044,1.018,0.8536,0.8882,19915221
1622088000000,0.8885,0.942,0.8739,0.9171,9159702
1622102400000,0.9177,0.9522,0.8967,0.9457,7287788
1622116800000,0.9456,0.954,0.9031,0.9256,5650215
1622131200000,0.9261,0.9372,0.8946,0.9162,4841697
1622145600000,0.9159,0.9166,0.8721,0.8969,3755511
1622160000000,0.8974,0.9431,0.8839,0.9244,8589496
1622174400000,0.9256,0.9256,0.8078,0.847,7765218
1622188800000,0.8458,0.8518,0.7823,0.7882,8172706
1622203200000,0.7882,0.8615,0.7777,0.834,7508170
1622217600000,0.8347,0.8372,0.805,0.8208,5410047
1622232000000,0.8211,0.8347,0.7665,0.8107,3688312
1622246400000,0.8111,0.8411,0.8039,0.8341,3512337
1622260800000,0.8339,0.8417,0.8049,0.8067,3342167
1622275200000,0.8065,0.8139,0.7625,0.7971,4617933
1622289600000,0.7975,0.798,0.7132,0.722,6822070
1622304000000,0.722,0.7482,0.6948,0.7079,5923892
1622318400000,0.7082,0.7503,0.6935,0.7446,3786092
1622332800000,0.745,0.7464,0.6895,0.7376,5543362
1622347200000,0.7379,0.7953,0.726,0.7917,5967068
1622361600000,0.7922,0.832,0.7739,0.832,4858364
1622376000000,0.8317,0.8388,0.7601,0.7755,7035440
1622390400000,0.7752,0.8195,0.7675,0.8038,3854644
1622404800000,0.8037,0.8111,0.7706,0.7805,3272969
1622419200000,0.7808,0.7943,0.7376,0.7488,4796607
1622433600000,0.7486,0.7963,0.739,0.7888,4119795
1622448000000,0.7889,0.8458,0.7754,0.8224,6986113
1622462400000,0.8225,0.8379,0.7895,0.8239,5174146
1622476800000,0.8243,0.8359,0.8045,0.8154,3386230
1622491200000,0.816,0.8557,0.8103,0.8488,3537461
1622505600000,0.8482,0.8675,0.8183,0.8359,4460154
1622520000000,0.8358,0.8552,0.8291,0.8381,2897452
1622534400000,0.8376,0.8429,0.805,0.8265,4141344
1622548800000,0.8264,0.8337,0.7971,0.8158,4434187
1622563200000,0.8162,0.8218,0.8,0.807,2421100
1622577600000,0.8067,0.8306,0.803,0.8287,2557627
1622592000000,0.8286,0.8445,0.8063,0.8329,4140482
1622606400000,0.8327,0.8543,0.8313,0.8465,3170331
1622620800000,0.8466,0.853,0.8308,0.8372,4297039
1622635200000,0.837,0.8721,0.8352,0.863,5478648
1622649600000,0.8631,0.8756,0.8542,0.8709,3837523
1622664000000,0.8694,0.8709,0.8465,0.8565,2832112
1622678400000,0.8564,0.8635,0.8388,0.8579,3247913
1622692800000,0.8579,0.8815,0.8569,0.8673,3879726
1622707200000,0.867,0.9028,0.8634,0.8721,6508374
1622721600000,0.8721,0.8908,0.858,0.8682,5031998
1622736000000,0.8683,0.8812,0.8545,0.8605,2965367
1622750400000,0.8602,0.8894,0.8568,0.889,2879360
1622764800000,0.8891,0.9002,0.8244,0.8479,11542928
1622779200000,0.8474,0.85,0.772,0.792,8080724
1622793600000,0.792,0.8089,0.7768,0.7931,5068949
1622808000000,0.793,0.8326,0.7711,0.8225,9131665
1622822400000,0.8223,0.8288,0.807,0.8169,3840669
1622836800000,0.8164,0.8314,0.8032,0.8132,2529622
1622851200000,0.8133,0.8489,0.806,0.8415,3666484
1622865600000,0.8419,0.889,0.8419,0.8731,13405122
1622880000000,0.8731,0.883,0.806,0.817,17086008
1622894400000,0.8169,0.8364,0.7955,0.8358,7908220
1622908800000,0.8358,0.8362,0.8056,0.8078,3479722
1622923200000,0.8077,0.8213,0.7856,0.8143,4226038
1622937600000,0.8143,0.8187,0.8003,0.8108,3089931
1622952000000,0.8104,0.8289,0.8101,0.8222,2504137
1622966400000,0.8217,0.8268,0.8062,0.8152,2226969
1622980800000,0.8154,0.8253,0.8052,0.822,2713439
1622995200000,0.8218,0.8246,0.8064,0.8083,2052615
1623009600000,0.8083,0.8216,0.802,0.82,2067273
1623024000000,0.82,0.8327,0.811,0.8242,3912369
1623038400000,0.8245,0.8303,0.809,0.8163,2430872
1623052800000,0.8165,0.8307,0.81,0.8244,2864162
1623067200000,0.8243,0.8282,0.8071,0.8114,3663216
1623081600000,0.8111,0.8139,0.7888,0.8047,3931274
1623096000000,0.8047,0.8072,0.7248,0.7397,7965351
1623110400000,0.7394,0.7556,0.6803,0.6978,7839190
1623124800000,0.6978,0.7122,0.6766,0.7051,6007271
1623139200000,0.7056,0.7256,0.6973,0.712,5516657
1623153600000,0.7125,0.7142,0.6274,0.6602,8829889
1623168000000,0.6602,0.7015,0.6542,0.6979,6260873
1623182400000,0.6979,0.7197,0.6933,0.7102,3373971
1623196800000,0.7097,0.7142,0.6626,0.6798,4878273
1623211200000,0.6795,0.7071,0.6652,0.6945,3794089
1623225600000,0.695,0.7104,0.6823,0.7088,3528871
1623240000000,0.7082,0.723,0.685,0.7199,7076093
1623254400000,0.7197,0.734,0.7024,0.713,5172508
1623268800000,0.7134,0.7402,0.7111,0.7369,3590788
1623283200000,0.7371,0.7397,0.7225,0.7232,2920297
1623297600000,0.7231,0.7282,0.7077,0.719,2553935
1623312000000,0.7191,0.7303,0.6961,0.7147,4034228
1623326400000,0.7143,0.7229,0.6933,0.7,3820368
1623340800000,0.7,0.7046,0.6803,0.6869,5162009
1623355200000,0.6874,0.7047,0.6751,0.6964,2658040
1623369600000,0.6972,0.7102,0.6735,0.6881,3247276
1623384000000,0.6881,0.699,0.6805,0.6915,2119381
1623398400000,0.6911,0.7888,0.69,0.761,18235550
1623412800000,0.7619,0.7787,0.7106,0.7216,11572010
1623427200000,0.7213,0.7283,0.6953,0.71,8538385
1623441600000,0.71,0.7235,0.6771,0.6935,7079368
1623456000000,0.6935,0.6937,0.628,0.6393,10693388
1623470400000,0.6393,0.6553,0.6248,0.6502,5627009
1623484800000,0.6501,0.6671,0.6316,0.6589,5372615
1623499200000,0.6594,0.6783,0.6561,0.6628,4354212
1623513600000,0.6626,0.6774,0.6587,0.6677,3621902
1623528000000,0.6687,0.6775,0.6509,0.6557,2601761
1623542400000,0.6558,0.6713,0.6431,0.6442,2892317
1623556800000,0.6439,0.6525,0.6391,0.6453,2639401
1623571200000,0.6452,0.6655,0.6431,0.6652,2923180
1623585600000,0.6653,0.6676,0.6402,0.6444,2861923
1623600000000,0.6443,0.6738,0.6439,0.6725,3261299
1623614400000,0.6728,0.6973,0.6727,0.6915,4043304
1623628800000,0.6916,0.6942,0.6729,0.6791,2813144
1623643200000,0.6786,0.7019,0.675,0.6948,4366986
1623657600000,0.6948,0.6956,0.6761,0.6831,3683570
1623672000000,0.6826,0.715,0.679,0.7101,6295792
1623686400000,0.7101,0.7146,0.6884,0.6952,3995048
1623700800000,0.6951,0.7136,0.6922,0.7115,2307746
1623715200000,0.7116,0.7165,0.7021,0.7098,2292566
1623729600000,0.7102,0.7277,0.7081,0.7195,3016100
1623744000000,0.7195,0.721,0.6955,0.7001,2924319
1623758400000,0.7001,0.708,0.6902,0.6976,2431361
1623772800000,0.6974,0.7365,0.6966,0.714,5913945
1623787200000,0.7139,0.7224,0.7013,0.7093,2947241
1623801600000,0.7092,0.7251,0.6928,0.7046,4106062
1623816000000,0.7045,0.7497,0.7027,0.7355,12343733
1623830400000,0.7352,0.7539,0.684,0.689,16808183
1623844800000,0.6889,0.7183,0.6842,0.709,10161755
1623859200000,0.7088,0.7267,0.6954,0.7185,6235651
1623873600000,0.719,0.728,0.6963,0.7061,3136982
1623888000000,0.7063,0.722,0.7014,0.7205,2651017
1623902400000,0.7214,0.7314,0.713,0.7221,3528062
1623916800000,0.722,0.7251,0.7074,0.7085,4064724
1623931200000,0.7088,0.7093,0.6921,0.7033,3730929
1623945600000,0.7033,0.7045,0.6654,0.6763,5003217
1623960000000,0.6757,0.6938,0.6692,0.6903,3352377
1623974400000,0.6902,0.6903,0.6607,0.6768,2828744
1623988800000,0.6769,0.6864,0.6658,0.6775,3155914
1624003200000,0.6781,0.6805,0.6546,0.6665,2845447
1624017600000,0.6666,0.6684,0.6301,0.6326,4321054
1624032000000,0.6333,0.644,0.6134,0.6233,3853574
1624046400000,0.623,0.6484,0.6222,0.6464,2266754
1624060800000,0.6465,0.6546,0.6231,0.6273,2468939
1624075200000,0.6276,0.6471,0.6238,0.6438,1916364
1624089600000,0.6442,0.6528,0.638,0.6524,1712881
1624104000000,0.6527,0.6592,0.6385,0.6502,2099632
1624118400000,0.6506,0.6519,0.6335,0.641,1890197
1624132800000,0.641,0.6452,0.6264,0.6289,2047529
1624147200000,0.6285,0.6321,0.6174,0.6275,1977797
1624161600000,0.6275,0.6357,0.6244,0.6274,1406493
1624176000000,0.6281,0.6292,0.5846,0.588,5120001
1624190400000,0.5879,0.6083,0.5766,0.6032,4473304
1624204800000,0.6032,0.6279,0.5991,0.6279,2381074
1624219200000,0.628,0.6346,0.6185,0.6224,2448003
1624233600000,0.6221,0.627,0.5893,0.5903,1954789
1624248000000,0.5903,0.5958,0.5513,0.5568,8389522
1624262400000,0.5569,0.5635,0.5022,0.5259,9827070
1624276800000,0.5264,0.5422,0.5055,0.5279,6413227
1624291200000,0.528,0.5328,0.5014,0.5187,5308398
1624305600000,0.5188,0.5247,0.4605,0.4625,7912476
1624320000000,0.4627,0.5056,0.4349,0.4997,10869700
1624334400000,0.4999,0.5065,0.4752,0.4809,6541523
1624348800000,0.4816,0.4816,0.4221,0.4222,11689159
1624363200000,0.4223,0.4386,0.371,0.4374,19809108
1624377600000,0.4372,0.4636,0.4347,0.4402,13470983
1624392000000,0.4402,0.46,0.4265,0.4364,7907426
1624406400000,0.4364,0.4814,0.4138,0.471,11439863
1624420800000,0.4706,0.492,0.4662,0.4853,4981329
1624435200000,0.4851,0.4988,0.4769,0.4922,6241298
1624449600000,0.4922,0.5103,0.478,0.4824,8826965
1624464000000,0.4825,0.4933,0.4621,0.4623,6253769
1624478400000,0.4626,0.505,0.4615,0.5032,4732469
1624492800000,0.5032,0.5092,0.4669,0.4819,9422875
1624507200000,0.4818,0.5165,0.4766,0.507,7254374
1624521600000,0.5076,0.5202,0.4976,0.519,6354827
1624536000000,0.5189,0.528,0.5097,0.517,9506725
1624550400000,0.5168,0.5496,0.5101,0.5346,9524383
1624564800000,0.5349,0.5471,0.5206,0.5258,4235782
1624579200000,0.5258,0.5452,0.5166,0.5363,5614184
1624593600000,0.5361,0.5383,0.498,0.504,5245729
1624608000000,0.503,0.5081,0.4819,0.4847,7369044
1624622400000,0.4846,0.4948,0.4706,0.4759,7590176
1624636800000,0.476,0.4925,0.4638,0.4855,5530723
1624651200000,0.485,0.4895,0.4671,0.4712,3560434
1624665600000,0.4714,0.4845,0.4626,0.4774,5720260
1624680000000,0.4778,0.4908,0.4469,0.4476,5136956
1624694400000,0.4474,0.4641,0.437,0.462,8280317
1624708800000,0.4616,0.4645,0.4423,0.4568,6460907
1624723200000,0.4565,0.4631,0.4425,0.4534,4023987
1624737600000,0.4537,0.4704,0.447,0.4694,2448966
1624752000000,0.4694,0.4798,0.4631,0.4731,5029099
1624766400000,0.4729,0.478,0.4642,0.4765,2552525
1624780800000,0.4764,0.4765,0.4548,0.4622,3810566
1624795200000,0.4623,0.4684,0.4564,0.4633,2389282
1624809600000,0.4634,0.4661,0.4522,0.4581,2465920
1624824000000,0.4581,0.4941,0.4537,0.493,4805608
1624838400000,0.4928,0.4994,0.4834,0.486,3863267
1624852800000,0.486,0.5119,0.4834,0.5093,3754134
1624867200000,0.509,0.5107,0.4876,0.4952,4081994
1624881600000,0.4955,0.5156,0.4914,0.5154,3990160
1624896000000,0.5155,0.5164,0.4971,0.5068,3107935
1624910400000,0.5068,0.5146,0.4985,0.5069,2196870
1624924800000,0.5071,0.5313,0.5037,0.5273,3533033
1624939200000,0.5272,0.5379,0.5241,0.5281,3131639
1624953600000,0.5281,0.5541,0.5229,0.5511,4225361
1624968000000,0.5506,0.5627,0.5429,0.5507,5186681
1624982400000,0.5508,0.5603,0.5426,0.558,3486709
1624996800000,0.5573,0.5594,0.5421,0.5503,4710882
1625011200000,0.55,0.5597,0.5343,0.5353,7391580
1625025600000,0.5356,0.5381,0.5144,0.5366,7091879
1625040000000,0.5366,0.5383,0.5196,0.5345,5072220
1625054400000,0.5343,0.5526,0.5173,0.5375,9992475
1625068800000,0.5375,0.557,0.5216,0.5563,6895310
1625083200000,0.5563,0.5802,0.5459,0.5794,6710636
1625097600000,0.5793,0.5963,0.5586,0.5611,10416720
1625112000000,0.5611,0.5835,0.542,0.5425,9513069
1625126400000,0.5423,0.5508,0.526,0.5457,8747654
1625140800000,0.5454,0.5466,0.5273,0.5371,5076836
1625155200000,0.5371,0.5392,0.5208,0.5285,4238433
1625169600000,0.5284,0.5551,0.5282,0.5495,3469393
1625184000000,0.5492,0.5582,0.5189,0.5212,4692652
1625198400000,0.5209,0.5278,0.5105,0.5232,3602495
1625212800000,0.523,0.5284,0.5081,0.5227,4335293
1625227200000,0.5227,0.537,0.5148,0.537,3272309
1625241600000,0.5368,0.5379,0.522,0.5275,2888425
1625256000000,0.5275,0.5391,0.5204,0.5375,1931453
1625270400000,0.5374,0.539,0.5282,0.5344,1920631
1625284800000,0.5344,0.5486,0.5282,0.5461,1763949
1625299200000,0.5461,0.5533,0.5449,0.5472,1842743
1625313600000,0.5475,0.555,0.5448,0.554,1493256
1625328000000,0.5541,0.5601,0.5495,0.5601,1882504
1625342400000,0.56,0.5723,0.5539,0.5615,3370513
1625356800000,0.5616,0.562,0.5394,0.5479,3268428
1625371200000,0.5477,0.5827,0.5473,0.5797,6073915
1625385600000,0.5797,0.5813,0.5656,0.576,4421533
1625400000000,0.5758,0.5766,0.5603,0.574,3818771
1625414400000,0.5738,0.5994,0.5696,0.5944,14721149
1625428800000,0.5943,0.5943,0.5738,0.5806,6893889
1625443200000,0.5805,0.5806,0.5349,0.5545,16465489
1625457600000,0.5545,0.5647,0.5481,0.5618,3869201
1625472000000,0.5618,0.5704,0.527,0.534,6691993
1625486400000,0.5339,0.5516,0.5317,0.5409,5078252
1625500800000,0.5408,0.5541,0.5316,0.5514,4497835
1625515200000,0.551,0.5554,0.5433,0.5453,3342405
1625529600000,0.5454,0.5706,0.5437,0.5697,5402662
1625544000000,0.5696,0.618,0.5687,0.6104,13631501
1625558400000,0.6101,0.6316,0.5951,0.607,16430538
1625572800000,0.6069,0.6234,0.6,0.6105,11809044
1625587200000,0.6105,0.6165,0.5963,0.6052,5415358
1625601600000,0.6052,0.6213,0.5968,0.6125,6505896
1625616000000,0.6125,0.73,0.607,0.7255,47606778
1625630400000,0.7258,0.7398,0.7,0.7021,42849034
1625644800000,0.7024,0.723,0.6928,0.7121,22823508
1625659200000,0.7119,0.7451,0.6982,0.7071,25334358
1625673600000,0.7073,0.787,0.7059,0.772,53176480
1625688000000,0.7723,0.7731,0.716,0.7214,32504608
1625702400000,0.7213,0.845,0.719,0.7961,91445001
1625716800000,0.7956,0.8146,0.7055,0.7194,51701021
1625731200000,0.7196,0.7618,0.7061,0.7355,40042861
1625745600000,0.7354,0.7557,0.6667,0.672,45110053
1625760000000,0.6723,0.6794,0.6447,0.6639,23812534
1625774400000,0.6641,0.6653,0.6196,0.6388,19116934
1625788800000,0.6394,0.6446,0.5976,0.6282,34870520
1625803200000,0.6285,0.649,0.6223,0.6274,21007119
1625817600000,0.6275,0.6327,0.6025,0.6127,25167215
1625832000000,0.6121,0.6823,0.605,0.6703,35842478
1625846400000,0.6709,0.681,0.6375,0.6466,24997096
1625860800000,0.6464,0.7192,0.6447,0.694,29138375
1625875200000,0.6936,0.7328,0.681,0.711,35074399
1625889600000,0.711,0.7266,0.6872,0.7083,24896680
1625904000000,0.7082,0.75,0.702,0.736,58544657
1625918400000,0.7359,0.7824,0.725,0.7698,65394502
1625932800000,0.7697,0.7787,0.7301,0.7343,41387273
1625947200000,0.7349,0.7609,0.712,0.7491,27010268
1625961600000,0.7489,0.7844,0.7263,0.7305,34996681
1625976000000,0.7301,0.755,0.7183,0.7363,34941694
1625990400000,0.7361,0.7527,0.7282,0.7426,19725478
1626004800000,0.7424,0.7506,0.725,0.7488,22598035
1626019200000,0.7488,0.7497,0.7306,0.7366,15138996
1626033600000,0.7367,0.747,0.73,0.7438,12233093
1626048000000,0.7438,0.744,0.7045,0.7172,18302662
1626062400000,0.7172,0.7212,0.7094,0.7129,10404215
1626076800000,0.713,0.7188,0.6741,0.679,18200074
1626091200000,0.6787,0.6996,0.6767,0.686,11924583
1626105600000,0.6859,0.6908,0.6649,0.668,16347966
1626120000000,0.6683,0.694,0.6608,0.6763,13038224
1626134400000,0.6764,0.696,0.6682,0.6831,13121047
1626148800000,0.6826,0.7095,0.6377,0.6874,38964692
1626163200000,0.6874,0.695,0.665,0.671,15697179
1626177600000,0.6712,0.6736,0.642,0.6666,16396016
1626192000000,0.6667,0.6778,0.6473,0.65,13600712
1626206400000,0.6497,0.6617,0.6433,0.6501,9009214
1626220800000,0.6501,0.6533,0.5892,0.6011,22423191
1626235200000,0.6011,0.6096,0.5881,0.6015,13774803
1626249600000,0.6014,0.6338,0.5845,0.6245,19168662
1626264000000,0.6249,0.6839,0.6099,0.6702,45423543
1626278400000,0.6703,0.686,0.655,0.6724,30633951
1626292800000,0.6723,0.743,0.672,0.7132,39602192
1626307200000,0.7133,0.757,0.6837,0.7339,59212066
1626321600000,0.7338,0.7451,0.6918,0.7101,41361249
1626336000000,0.7106,0.7427,0.69,0.7053,38053283
1626350400000,0.7051,0.7162,0.6564,0.6729,33331675
1626364800000,0.6728,0.6765,0.6405,0.6595,16495015
1626379200000,0.6597,0.6784,0.6469,0.6616,11301428
1626393600000,0.6609,0.6839,0.6427,0.668,20305145
1626408000000,0.6681,0.6749,0.6259,0.6333,16055412
1626422400000,0.6334,0.6348,0.6111,0.6126,19811916
1626436800000,0.6125,0.6488,0.6113,0.648,16479528
1626451200000,0.6482,0.6544,0.6306,0.632,10757037
1626465600000,0.6314,0.637,0.6032,0.6055,13331298
1626480000000,0.6055,0.6159,0.5858,0.6043,19505553
1626494400000,0.6042,0.6124,0.597,0.6021,11457257
1626508800000,0.6019,0.6155,0.589,0.6021,15746063
1626523200000,0.6027,0.6124,0.5973,0.6052,13755199
1626537600000,0.6053,0.6153,0.5997,0.6104,10824123
1626552000000,0.6104,0.615,0.5979,0.6035,8535939
1626566400000,0.6031,0.65,0.602,0.6453,25082843
1626580800000,0.6461,0.6461,0.6157,0.6184,12804917
1626595200000,0.6186,0.6322,0.6165,0.6306,10522368
1626609600000,0.6305,0.6344,0.596,0.6041,16540734
1626624000000,0.6043,0.6154,0.6022,0.6111,7855688
1626638400000,0.6111,0.6199,0.6041,0.6104,7951853
1626652800000,0.6105,0.6149,0.5906,0.5949,9866601
1626667200000,0.5953,0.6063,0.5948,0.5994,6094924
1626681600000,0.599,0.6016,0.5862,0.5868,7952228
1626696000000,0.5866,0.5908,0.5579,0.5633,17560616
1626710400000,0.5631,0.5652,0.555,0.5593,7029946
1626724800000,0.5596,0.5684,0.5554,0.56,5958948
1626739200000,0.56,0.5625,0.4951,0.504,23198790
1626753600000,0.504,0.5286,0.5017,0.522,15764435
1626768000000,0.5219,0.524,0.4902,0.5085,18212302
1626782400000,0.5088,0.5284,0.5008,0.5278,15829395
1626796800000,0.5276,0.5299,0.5084,0.5197,10859100
1626811200000,0.5197,0.5255,0.506,0.516,8413431
1626825600000,0.5159,0.5479,0.5006,0.5342,25393241
1626840000000,0.5342,0.563,0.5334,0.5494,14368117
1626854400000,0.5493,0.5693,0.5421,0.5662,11631329
1626868800000,0.5663,0.5844,0.561,0.5798,13304993
1626883200000,0.5796,0.588,0.5487,0.5501,13139877
1626897600000,0.55,0.5796,0.5468,0.5789,5970605
1626912000000,0.5791,0.6056,0.5697,0.5876,24497090
1626926400000,0.5872,0.5986,0.5752,0.5872,18326165
1626940800000,0.5873,0.5944,0.568,0.581,10753803
1626955200000,0.581,0.5947,0.5665,0.5925,7589123
1626969600000,0.5926,0.5961,0.5862,0.5908,5245973
1626984000000,0.5906,0.5912,0.576,0.5899,4554709
1626998400000,0.5895,0.6219,0.582,0.6094,15969027
1627012800000,0.6094,0.6306,0.6081,0.626,14087422
1627027200000,0.6262,0.6262,0.588,0.5985,17818402
1627041600000,0.5983,0.6446,0.5946,0.6224,29867437
1627056000000,0.6227,0.6539,0.5961,0.6515,48847639
1627070400000,0.6519,0.6865,0.6454,0.6753,41919717
1627084800000,0.6755,0.7374,0.6595,0.718,46747497
1627099200000,0.7178,0.7213,0.6874,0.6949,19041158
1627113600000,0.6951,0.7242,0.6739,0.7053,35203491
1627128000000,0.705,0.749,0.6951,0.7277,40401941
1627142400000,0.7277,0.7565,0.7033,0.7089,25959320
1627156800000,0.7085,0.7318,0.6953,0.714,16002398
1627171200000,0.7146,0.7281,0.6718,0.6883,24574382
1627185600000,0.6881,0.7261,0.6841,0.715,19533610
1627200000000,0.7153,0.746,0.6968,0.7069,31845487
1627214400000,0.707,0.7084,0.6739,0.6921,22062240
1627228800000,0.6921,0.7014,0.682,0.6907,11003400
1627243200000,0.6902,0.7169,0.6839,0.7088,15684493
1627257600000,0.7087,0.7557,0.7015,0.7264,33401328
1627272000000,0.7263,0.7462,0.7059,0.7178,21452420
1627286400000,0.7172,0.7266,0.7055,0.723,12401398
1627300800000,0.7231,0.7294,0.706,0.7187,14811999
1627315200000,0.7188,0.7377,0.7127,0.7161,16170701
1627329600000,0.7162,0.7184,0.6723,0.6871,21371033
1627344000000,0.6875,0.6914,0.6389,0.652,21880032
1627358400000,0.6519,0.6765,0.6485,0.6676,12870648
1627372800000,0.6674,0.7339,0.6614,0.7065,37179488
1627387200000,0.7069,0.7144,0.6798,0.6931,27370449
1627401600000,0.6928,0.6956,0.6613,0.6746,12528917
1627416000000,0.6751,0.699,0.6747,0.6973,8252752
1627430400000,0.6974,0.7141,0.6878,0.6897,18480361
1627444800000,0.6897,0.7163,0.6804,0.6917,24468244
1627459200000,0.6914,0.6975,0.6485,0.6953,21657928
1627473600000,0.6952,0.6978,0.6751,0.6847,8823392
1627488000000,0.6853,0.6963,0.6707,0.682,10340220
1627502400000,0.6821,0.6939,0.6784,0.6907,5603948
1627516800000,0.6908,0.691,0.6716,0.6751,6953930
1627531200000,0.6751,0.71,0.6734,0.7021,13969209
1627545600000,0.7027,0.7193,0.6899,0.6932,32960179
1627560000000,0.693,0.7015,0.6758,0.694,15820462
1627574400000,0.6937,0.71,0.6886,0.6999,10852973
1627588800000,0.6996,0.7108,0.6933,0.7076,7980492
1627603200000,0.7077,0.7194,0.6956,0.7124,11616941
1627617600000,0.7122,0.7166,0.6917,0.7104,12575763
1627632000000,0.7108,0.7118,0.6752,0.681,16642148
1627646400000,0.6811,0.6898,0.6796,0.6868,6658484
1627660800000,0.6866,0.6946,0.6809,0.6946,5503771
1627675200000,0.694,0.7209,0.6924,0.7193,12095205
1627689600000,0.7193,0.7202,0.7018,0.7055,10969174
1627704000000,0.7055,0.7114,0.6965,0.7073,8359677
1627718400000,0.7073,0.7165,0.703,0.7088,10493648
1627732800000,0.7084,0.7136,0.6996,0.7119,9198328
1627747200000,0.7117,0.7121,0.7011,0.7067,5318844
1627761600000,0.7067,0.7311,0.7035,0.7184,11256511
1627776000000,0.7184,0.7486,0.7072,0.7414,20449257
1627790400000,0.7416,0.7422,0.7206,0.7255,10934092
1627804800000,0.7252,0.7336,0.7073,0.716,11483498
1627819200000,0.7161,0.7262,0.7049,0.7114,13050671
1627833600000,0.7111,0.7193,0.6908,0.7186,13198852
1627848000000,0.7183,0.7213,0.6709,0.6844,12601896
1627862400000,0.6844,0.6978,0.674,0.6883,13656792
1627876800000,0.6884,0.7128,0.6843,0.71,11670678
1627891200000,0.71,0.7146,0.6872,0.6939,13551774
1627905600000,0.6941,0.6989,0.68,0.6961,11627095
1627920000000,0.696,0.7018,0.6862,0.6885,7066494
1627934400000,0.6885,0.7019,0.6809,0.6906,7634201
1627948800000,0.6906,0.7005,0.6763,0.678,9962155
1627963200000,0.6781,0.6839,0.6614,0.6773,11010921
1627977600000,0.6774,0.692,0.6688,0.6837,8918863
1627992000000,0.6835,0.6995,0.6718,0.6858,11629115
1628006400000,0.6857,0.6946,0.6766,0.6877,7338920
1628020800000,0.6876,0.699,0.6811,0.6949,5864746
1628035200000,0.6948,0.6975,0.6839,0.686,6096149
1628049600000,0.6859,0.6928,0.68,0.6883,7239833
1628064000000,0.6883,0.7105,0.6844,0.7028,14410730
1628078400000,0.7025,0.7189,0.7019,0.7171,13274398
1628092800000,0.7169,0.72,0.7121,0.7182,6944736
1628107200000,0.7182,0.73,0.7145,0.7282,7417880
1628121600000,0.7279,0.7419,0.7074,0.7252,12560352
1628136000000,0.7251,0.7359,0.7154,0.7187,8500892
1628150400000,0.7186,0.7308,0.7013,0.7066,13103293
1628164800000,0.7065,0.7255,0.6894,0.7152,19151299
1628179200000,0.7151,0.7336,0.7141,0.7257,10234184
1628193600000,0.726,0.7374,0.7257,0.7372,6451976
1628208000000,0.737,0.7374,0.7182,0.7201,8416502
1628222400000,0.7203,0.7366,0.7154,0.7285,7624653
1628236800000,0.7287,0.7347,0.7213,0.7215,7734748
1628251200000,0.7214,0.735,0.718,0.7336,10369259
1628265600000,0.7336,0.7536,0.7301,0.7467,19533410
1628280000000,0.7471,0.7621,0.7335,0.7516,15283262
1628294400000,0.7517,0.7658,0.7375,0.7645,14515001
1628308800000,0.7643,0.7792,0.753,0.7639,20696739
1628323200000,0.7637,0.7796,0.7592,0.7757,15391076
1628337600000,0.7757,0.7805,0.7353,0.7663,24666485
1628352000000,0.7663,0.7674,0.7409,0.7553,13767304
1628366400000,0.7552,0.7739,0.7505,0.7733,10823266
1628380800000,0.773,0.777,0.7426,0.764,17185266
1628395200000,0.764,0.7682,0.7521,0.7565,9766689
1628409600000,0.7564,0.762,0.74,0.7452,9360678
1628424000000,0.745,0.7535,0.7243,0.7284,12150512
1628438400000,0.7282,0.7324,0.7067,0.7171,13502480
1628452800000,0.7172,0.7342,0.7104,0.72,8154088
1628467200000,0.7201,0.7242,0.6938,0.7205,11810812
1628481600000,0.7203,0.7335,0.7138,0.7303,11914052
1628496000000,0.7304,0.757,0.7272,0.754,20282282
1628510400000,0.7542,0.7678,0.7445,0.7574,17312701
1628524800000,0.7575,0.7649,0.7465,0.7583,8892144
1628539200000,0.7579,0.7646,0.734,0.7536,9017387
1628553600000,0.7534,0.7993,0.7381,0.7812,28407470
1628568000000,0.7814,0.7933,0.7757,0.7894,15504670
1628582400000,0.7891,0.8113,0.769,0.8107,27143006
1628596800000,0.8105,0.8527,0.794,0.8084,86474319
1628611200000,0.8086,0.8268,0.782,0.8266,24680332
1628625600000,0.8267,0.8526,0.8121,0.8275,27074211
1628640000000,0.8275,0.8534,0.8185,0.8315,19867337
1628654400000,0.8315,0.8487,0.8226,0.8417,15565673
1628668800000,0.8422,0.8458,0.8221,0.8226,17521715
1628683200000,0.8226,0.8674,0.8159,0.8414,32311146
1628697600000,0.8414,0.8602,0.8302,0.8431,14609407
1628712000000,0.8428,0.849,0.801,0.8218,19267506
1628726400000,0.8219,0.8523,0.8174,0.8341,15263137
1628740800000,0.8342,0.841,0.7758,0.8096,20131723
1628755200000,0.8094,0.8365,0.7998,0.8,18328465
1628769600000,0.8005,0.813,0.7646,0.775,15140592
1628784000000,0.775,0.8031,0.7614,0.7946,9732566
1628798400000,0.7944,0.8039,0.7736,0.8019,8722852
1628812800000,0.8018,0.8134,0.7865,0.8084,12052509
1628827200000,0.8087,0.8304,0.7992,0.8294,13835408
1628841600000,0.8294,0.8387,0.8204,0.8218,12678527
1628856000000,0.8218,0.8332,0.8037,0.8105,12905633
1628870400000,0.8102,0.8218,0.8081,0.8142,6272370
1628884800000,0.8144,0.8467,0.8103,0.8436,9366178
1628899200000,0.8436,0.8444,0.8233,0.8346,12283019
1628913600000,0.8347,0.8501,0.8288,0.8496,8181321
1628928000000,0.8494,0.8566,0.8036,0.8248,22750307
1628942400000,0.8246,0.8357,0.8091,0.8313,10377209
1628956800000,0.8316,0.8363,0.8154,0.8292,7207505
1628971200000,0.8291,0.8468,0.8127,0.8386,7123384
1628985600000,0.8386,0.8468,0.8247,0.8298,8739909
1629000000000,0.8296,0.8325,0.8016,0.8068,8675967
1629014400000,0.8068,0.8284,0.7996,0.8224,9470199
1629028800000,0.8222,0.824,0.7986,0.8163,9820697
1629043200000,0.8163,0.8277,0.8063,0.8274,5951352
1629057600000,0.8268,0.8703,0.8252,0.8701,11760408
1629072000000,0.8701,0.8734,0.8527,0.8546,13956739
1629086400000,0.8549,0.8927,0.8548,0.8817,13780856
1629100800000,0.8817,0.9187,0.8627,0.9042,25487268
1629115200000,0.9043,0.905,0.85,0.8769,22670215
1629129600000,0.877,0.8938,0.8622,0.8655,10562980
1629144000000,0.8655,0.8662,0.8414,0.8476,13472355
1629158400000,0.8474,0.8657,0.8027,0.861,17437422
1629172800000,0.8613,0.8638,0.8244,0.8438,10099582
1629187200000,0.8438,0.8771,0.842,0.8697,12496801
1629201600000,0.8693,0.8777,0.837,0.8387,15393868
1629216000000,0.8393,0.8572,0.823,0.83,14768742
1629230400000,0.83,0.837,0.7918,0.7986,14565892
1629244800000,0.7991,0.8076,0.742,0.7927,19100377
1629259200000,0.7928,0.8129,0.7847,0.7861,8920552
1629273600000,0.7861,0.8018,0.7641,0.768,7878210
1629288000000,0.7681,0.8066,0.7648,0.806,8559208
1629302400000,0.8056,0.8137,0.7751,0.7775,9241674
1629316800000,0.7772,0.7909,0.7604,0.7754,7916431
1629331200000,0.7754,0.7916,0.7583,0.7604,9464067
1629345600000,0.7602,0.7807,0.7566,0.7758,7275146
1629360000000,0.7756,0.7849,0.762,0.7621,6650706
1629374400000,0.762,0.7914,0.7591,0.7907,8358082
1629388800000,0.7908,0.8103,0.7779,0.8086,7866910
1629403200000,0.8088,0.8212,0.7971,0.8206,5951753
1629417600000,0.821,0.825,0.8072,0.8118,7012828
1629432000000,0.8118,0.832,0.803,0.8094,13447988
1629446400000,0.8093,0.826,0.8022,0.8135,8708615
1629460800000,0.8135,0.8417,0.8123,0.8367,11692581
1629475200000,0.8366,0.844,0.817,0.8308,9610426
1629489600000,0.8306,0.853,0.8282,0.845,12796987
1629504000000,0.845,0.8669,0.833,0.8605,15847210
1629518400000,0.8604,0.8876,0.847,0.8809,13863403
1629532800000,0.8809,0.9502,0.8726,0.9016,69812194
1629547200000,0.9017,0.9294,0.8925,0.9133,27687276
1629561600000,0.9133,0.925,0.8776,0.8851,23131977
1629576000000,0.8851,0.9088,0.874,0.8766,12806145
1629590400000,0.8766,0.9118,0.8755,0.8874,16061001
1629604800000,0.8871,0.9086,0.887,0.8966,10721964
1629619200000,0.8972,0.91,0.8824,0.8983,14999015
1629633600000,0.8984,0.904,0.8389,0.8662,24958179
1629648000000,0.866,0.8718,0.8485,0.8677,10385760
1629662400000,0.8677,0.8904,0.8528,0.8849,8220602
1629676800000,0.885,0.9182,0.8839,0.9122,18094954
1629691200000,0.9124,0.9133,0.891,0.9008,10035275
1629705600000,0.9009,0.9048,0.8814,0.8949,9878824
1629720000000,0.8952,0.9048,0.8729,0.8826,13869457
1629734400000,0.8822,0.9272,0.8807,0.905,32779819
1629748800000,0.905,0.9292,0.8951,0.9258,12881338
1629763200000,0.9257,0.9276,0.8911,0.9144,16697415
1629777600000,0.9144,0.9595,0.9022,0.958,16060614
1629792000000,0.9577,0.9707,0.9114,0.9423,32145365
1629806400000,0.9424,0.9638,0.8582,0.8791,48046147
1629820800000,0.8792,0.882,0.8147,0.8739,34609562
1629835200000,0.8739,0.8847,0.8473,0.8515,13429581
1629849600000,0.8519,0.912,0.8507,0.8821,24058488
1629864000000,0.8818,0.9133,0.8707,0.8857,22032260
1629878400000,0.8856,0.8873,0.83,0.8711,32543816
1629892800000,0.8711,0.9388,0.86,0.9356,51212482
1629907200000,0.9356,0.9392,0.904,0.9091,23401036
1629921600000,0.9093,0.9591,0.896,0.9559,23931802
1629936000000,0.9554,0.9958,0.9177,0.9369,51994688
1629950400000,0.9361,0.9737,0.91,0.9369,59842483
1629964800000,0.937,0.9548,0.9054,0.9092,35019518
1629979200000,0.9097,0.9281,0.8732,0.8939,33168010
1629993600000,0.8938,0.897,0.8556,0.8768,21830382
1630008000000,0.8767,0.9104,0.8702,0.8901,12064616
1630022400000,0.8892,0.9114,0.8527,0.8645,24060804
1630036800000,0.8643,0.888,0.854,0.8857,13003062
1630051200000,0.886,0.9066,0.8726,0.8928,14425077
1630065600000,0.893,0.9249,0.8756,0.9097,21114704
1630080000000,0.9095,0.921,0.901,0.9041,9536649
1630094400000,0.904,0.9361,0.8967,0.9299,10656083
1630108800000,0.93,0.9382,0.9174,0.9275,11233590
1630123200000,0.9276,0.9442,0.92,0.9301,12706025
1630137600000,0.9301,0.9436,0.9161,0.9202,9706621
1630152000000,0.92,0.9371,0.913,0.9363,9813708
1630166400000,0.9363,0.943,0.9197,0.9216,7150468
1630180800000,0.9217,0.9322,0.9157,0.924,4906552
1630195200000,0.9244,0.9275,0.88,0.8885,12718816
1630209600000,0.8885,0.9377,0.8797,0.9281,15218962
1630224000000,0.9276,0.979,0.9094,0.9296,27004065
1630238400000,0.9296,1.0082,0.9232,0.9897,47290558
1630252800000,0.99,1.03,0.9657,1.0104,37319235
1630267200000,1.0101,1.0515,0.9903,1.0243,24660186
1630281600000,1.0244,1.1074,1.0141,1.0336,66462740
1630296000000,1.0335,1.05,1.0103,1.0379,35886671
1630310400000,1.0378,1.047,0.982,0.9912,28100775
1630324800000,0.9912,0.9962,0.9564,0.9826,29319168
1630339200000,0.9826,1.0021,0.9727,0.994,12683591
1630353600000,0.994,0.9952,0.936,0.947,15325041
1630368000000,0.9467,0.963,0.926,0.9624,13952415
1630382400000,0.9623,0.9787,0.9372,0.9723,11996088
1630396800000,0.9723,0.9836,0.9534,0.9752,16403291
1630411200000,0.9755,0.9832,0.9411,0.9573,16101152
1630425600000,0.9575,0.9577,0.93,0.9462,8608515
1630440000000,0.9459,0.95,0.9204,0.9428,8405387
1630454400000,0.9428,0.9791,0.9159,0.9768,16040076
1630468800000,0.9766,0.9811,0.9462,0.9513,16098550
1630483200000,0.9513,0.9651,0.9488,0.96,9596565
1630497600000,0.9601,0.9652,0.946,0.9571,8250168
1630512000000,0.9572,0.9785,0.9504,0.9649,11329734
1630526400000,0.9651,0.9857,0.9639,0.9824,6225218
1630540800000,0.9824,0.989,0.9668,0.9848,9648204
1630555200000,0.9848,0.9913,0.9713,0.9738,9997312
1630569600000,0.9732,0.989,0.9729,0.989,7094032
1630584000000,0.989,0.9925,0.9512,0.9613,12518584
1630598400000,0.9616,0.9716,0.9599,0.9692,7309183
1630612800000,0.9693,0.9792,0.965,0.9669,4731321
1630627200000,0.9667,0.9712,0.9443,0.9689,8243665
1630641600000,0.969,0.9784,0.96,0.9614,6170661
1630656000000,0.9619,1.02,0.96,1.019,27213893
1630670400000,1.0186,1.0688,1.0024,1.0053,37910880
1630684800000,1.0053,1.02,0.9915,0.9964,10030025
1630699200000,0.9964,0.9977,0.9788,0.9959,6864012
1630713600000,0.9964,1.0278,0.9921,1.0239,14127171
1630728000000,1.0239,1.0411,1.0122,1.0178,11530052
1630742400000,1.0178,1.0413,1.0053,1.023,15378575
1630756800000,1.023,1.0292,1.0116,1.0173,10726244
1630771200000,1.0176,1.0719,1.0064,1.0403,38347959
1630785600000,1.0403,1.0641,1.0312,1.0569,8517292
1630800000000,1.057,1.0634,1.0307,1.0338,8841797
1630814400000,1.0335,1.0434,1.02,1.0382,6913320
1630828800000,1.038,1.0498,1.036,1.0473,6350113
1630843200000,1.0473,1.0778,1.037,1.0426,16392465
1630857600000,1.0428,1.0592,1.0415,1.0512,6001895
1630872000000,1.0513,1.083,1.0508,1.0794,8742552
1630886400000,1.0797,1.0801,1.0561,1.0643,8008609
1630900800000,1.0643,1.0764,1.0617,1.0698,6135073
1630915200000,1.0696,1.0804,1.036,1.0457,14351805
1630929600000,1.0456,1.046,1.0,1.0307,18813164
1630944000000,1.0307,1.0443,1.0185,1.0316,7347724
1630958400000,1.0317,1.0481,1.0273,1.0449,5565007
1630972800000,1.0446,1.0452,1.0201,1.0229,7370083
1630987200000,1.0223,1.0345,1.001,1.0077,9946706
1631001600000,1.008,1.0095,0.91,0.9652,32738109
1631016000000,0.9653,0.9721,0.618,0.8287,52293036
1631030400000,0.8289,0.8788,0.8032,0.8203,25350745
1631044800000,0.8203,0.857,0.8174,0.8349,15292629
1631059200000,0.8352,0.8656,0.8153,0.8369,13328353
1631073600000,0.8371,0.8561,0.7686,0.7706,18032746
1631088000000,0.7704,0.8432,0.7553,0.8369,18733754
1631102400000,0.8369,0.8696,0.8335,0.8528,17130713
1631116800000,0.8529,0.8845,0.8459,0.8795,10437145
1631131200000,0.8794,0.8794,0.8466,0.8539,8046778
1631145600000,0.854,0.8645,0.829,0.8435,9775865
1631160000000,0.8438,0.8785,0.84,0.8684,7442770
1631174400000,0.8683,0.889,0.8583,0.8692,8242326
1631188800000,0.8694,0.883,0.8401,0.8828,10757136
1631203200000,0.8828,0.8948,0.8569,0.8643,7642491
1631217600000,0.8641,0.8762,0.853,0.8727,4482229
1631232000000,0.8723,0.8944,0.8639,0.8847,5916266
1631246400000,0.8847,0.901,0.8501,0.8594,11737382
1631260800000,0.8588,0.8637,0.8263,0.8511,10529692
1631275200000,0.8515,0.8543,0.7916,0.8247,12118030
1631289600000,0.8246,0.8373,0.8181,0.8287,5422545
1631304000000,0.8285,0.833,0.7903,0.8182,7821883
1631318400000,0.8182,0.8366,0.8132,0.8213,5752762
1631332800000,0.8218,0.8414,0.8166,0.8321,5752371
1631347200000,0.832,0.8436,0.8217,0.8368,4268641
1631361600000,0.8376,0.8527,0.8329,0.8429,4412717
1631376000000,0.8431,0.8494,0.8323,0.8353,2820031
1631390400000,0.8351,0.8387,0.8224,0.8321,3181796
1631404800000,0.8321,0.8351,0.8125,0.8345,3500978
1631419200000,0.8348,0.8363,0.8211,0.8294,2846731
1631433600000,0.8295,0.8561,0.8266,0.8544,6083004
1631448000000,0.8538,0.8578,0.842,0.8486,3820645
1631462400000,0.8487,0.8571,0.8358,0.8386,4297922
1631476800000,0.8385,0.8518,0.8162,0.8461,6468405
1631491200000,0.8462,0.8527,0.8018,0.8037,6384249
1631505600000,0.8037,0.8159,0.7844,0.7933,6723301
1631520000000,0.7931,0.8361,0.7754,0.8003,20545901
1631534400000,0.8003,0.8233,0.7597,0.7957,14572338
1631548800000,0.7956,0.8191,0.7914,0.8117,6923756
1631563200000,0.812,0.8526,0.812,0.8205,13365258
1631577600000,0.8203,0.8343,0.8115,0.826,6932455
1631592000000,0.8261,0.8312,0.8172,0.8239,5459760
1631606400000,0.824,0.8338,0.8181,0.8211,6207005
1631620800000,0.821,0.851,0.8088,0.848,9126483
1631635200000,0.8477,0.8597,0.8383,0.8393,6796582
1631649600000,0.8392,0.8509,0.8294,0.8458,5079375
1631664000000,0.8459,0.8499,0.8316,0.8358,3881214
1631678400000,0.8361,0.8444,0.8285,0.8437,3927275
1631692800000,0.8429,0.8471,0.8333,0.841,3895931
1631707200000,0.8407,0.8578,0.8354,0.8574,5812910
1631721600000,0.8575,0.8601,0.8488,0.849,5492833
1631736000000,0.849,0.8637,0.8458,0.8624,5188348
1631750400000,0.8624,0.8824,0.8325,0.8499,12105107
1631764800000,0.8498,0.8744,0.8479,0.8724,5275994
1631779200000,0.8726,0.8734,0.8476,0.8597,5634824
1631793600000,0.8593,0.8658,0.8341,0.8555,6682885
1631808000000,0.8556,0.8672,0.8434,0.8452,5860292
1631822400000,0.8453,0.8511,0.8263,0.842,5178207
1631836800000,0.842,0.8501,0.8345,0.8472,4304646
1631851200000,0.8473,0.8534,0.8331,0.838,4051838
1631865600000,0.8382,0.845,0.8097,0.8127,7069776
1631880000000,0.8119,0.8277,0.8024,0.8262,4820153
1631894400000,0.8259,0.8288,0.8092,0.8196,3007422
1631908800000,0.8196,0.8234,0.8104,0.8167,2843478
1631923200000,0.8171,0.8264,0.8063,0.8243,3405191
1631937600000,0.8245,0.838,0.8245,0.8349,3096419
1631952000000,0.835,0.8388,0.8253,0.8261,2963650
1631966400000,0.8265,0.8333,0.8218,0.8294,3745474
1631980800000,0.8302,0.8312,0.8178,0.8225,2149667
1631995200000,0.823,0.8264,0.8129,0.8229,2654630
1632009600000,0.8228,0.8238,0.8064,0.8122,3870417
1632024000000,0.8127,0.8226,0.8091,0.822,2142573
1632038400000,0.8221,0.8251,0.7987,0.8024,3261063
1632052800000,0.8023,0.8137,0.799,0.8118,2807064
1632067200000,0.8114,0.8138,0.8023,0.8048,2302279
1632081600000,0.8049,0.8121,0.7848,0.8,3763130
1632096000000,0.8,0.8011,0.7451,0.7504,11484895
1632110400000,0.7503,0.7625,0.7277,0.7354,7813772
1632124800000,0.7355,0.7432,0.6941,0.7029,11891532
1632139200000,0.7026,0.7145,0.6606,0.7076,16871721
1632153600000,0.7075,0.7171,0.6811,0.6992,8967177
1632168000000,0.699,0.7036,0.6683,0.6796,10168510
1632182400000,0.6791,0.6858,0.6235,0.675,18823251
1632196800000,0.6749,0.6912,0.6538,0.6906,9448481
1632211200000,0.6908,0.6929,0.6762,0.6888,8606175
1632225600000,0.689,0.6956,0.6617,0.6814,10676325
1632240000000,0.6812,0.6825,0.6352,0.6411,15137237
1632254400000,0.641,0.6458,0.5961,0.6137,16958010
1632268800000,0.6138,0.6481,0.6002,0.6399,14671856
1632283200000,0.6396,0.6625,0.6328,0.6589,10382176
1632297600000,0.6587,0.6735,0.6477,0.6503,9833168
1632312000000,0.6503,0.6924,0.6489,0.6914,10912057
1632326400000,0.6918,0.7159,0.6889,0.7078,7911976
1632340800000,0.7077,0.7373,0.7062,0.733,7505321
1632355200000,0.7327,0.7396,0.7197,0.7391,7553346
1632369600000,0.7392,0.7407,0.7224,0.7381,5911457
1632384000000,0.7381,0.7411,0.703,0.709,7335791
1632398400000,0.709,0.7359,0.7051,0.7199,6897074
1632412800000,0.72,0.7452,0.7181,0.7447,6001168
1632427200000,0.7444,0.7764,0.7407,0.7632,10783435
1632441600000,0.7632,0.7668,0.7406,0.7489,7674303
1632456000000,0.7488,0.7559,0.7281,0.7398,7580422
1632470400000,0.7399,0.7465,0.6369,0.6683,17973417
1632484800000,0.6684,0.708,0.6535,0.6852,15851773
1632499200000,0.6851,0.7004,0.6804,0.695,5640261
1632513600000,0.6952,0.7146,0.694,0.7012,5723798
1632528000000,0.7013,0.7132,0.6858,0.7008,6152164
1632542400000,0.7009,0.7096,0.6815,0.6849,4615598
1632556800000,0.6847,0.6984,0.6623,0.6824,6959346
1632571200000,0.6825,0.6957,0.6772,0.6894,5454067
1632585600000,0.6891,0.6925,0.6762,0.688,4661432
1632600000000,0.6881,0.6957,0.6778,0.6917,4823325
1632614400000,0.6918,0.6935,0.6571,0.6678,5479273
1632628800000,0.6678,0.7569,0.6627,0.707,65202743
1632643200000,0.7064,0.7441,0.6955,0.7252,34720349
1632657600000,0.7253,0.7317,0.7095,0.72,12113648
1632672000000,0.7201,0.7271,0.7058,0.7126,9165596
1632686400000,0.7129,0.7238,0.6924,0.7101,9591495
1632700800000,0.71,0.7198,0.6903,0.7074,9794708
1632715200000,0.7075,0.7159,0.6981,0.7022,7073317
1632729600000,0.7023,0.7139,0.6962,0.7063,9323897
1632744000000,0.7063,0.7085,0.6763,0.6826,10405872
1632758400000,0.6828,0.6845,0.664,0.6718,10541303
1632772800000,0.6717,0.6815,0.6586,0.6593,7603746
1632787200000,0.6592,0.6829,0.6539,0.6792,9508818
1632801600000,0.679,0.6822,0.6504,0.6534,8198198
1632816000000,0.6538,0.6649,0.6502,0.6582,9187832
1632830400000,0.6586,0.6617,0.6339,0.6339,10199573
1632844800000,0.6338,0.6423,0.6221,0.6281,10983020
1632859200000,0.6282,0.636,0.6154,0.6188,8498923
1632873600000,0.6189,0.6424,0.615,0.6416,9583054
1632888000000,0.6417,0.656,0.6403,0.6539,8306360
1632902400000,0.6539,0.6612,0.6425,0.6562,7651048
1632916800000,0.6564,0.661,0.6359,0.6396,7719197
1632931200000,0.6398,0.6504,0.6279,0.6388,9200860
1632945600000,0.6393,0.6512,0.6245,0.6449,15123280
1632960000000,0.6447,0.6724,0.6411,0.6668,9355994
1632974400000,0.6669,0.6773,0.6584,0.6715,7722943
1632988800000,0.6717,0.6761,0.6564,0.6649,6882826
1633003200000,0.665,0.6848,0.6633,0.6727,8388458
1633017600000,0.673,0.6975,0.6702,0.6877,10086814
1633032000000,0.6877,0.6904,0.6801,0.6888,3922297
1633046400000,0.6889,0.6976,0.6785,0.6842,5475182
1633060800000,0.6843,0.7026,0.6809,0.7009,5529757
1633075200000,0.701,0.7395,0.6995,0.7317,12792409
1633089600000,0.732,0.7393,0.72,0.7352,8769902
1633104000000,0.7355,0.746,0.7239,0.7408,8842619
1633118400000,0.7409,0.7591,0.7362,0.7536,11894029
1633132800000,0.7536,0.766,0.738,0.7407,10331999
1633147200000,0.7408,0.7566,0.7381,0.7526,5553920
1633161600000,0.7525,0.7619,0.7417,0.7529,7722580
1633176000000,0.7528,0.77,0.7505,0.7687,7774910
1633190400000,0.7688,0.7824,0.7612,0.7814,6726213
1633204800000,0.7814,0.7825,0.745,0.7505,6490710
1633219200000,0.7503,0.7614,0.7365,0.7582,7381663
1633233600000,0.7583,0.7706,0.7553,0.761,4947283
1633248000000,0.761,0.768,0.7471,0.7641,6480067
1633262400000,0.7641,0.7667,0.7475,0.7532,5722101
1633276800000,0.7531,0.7718,0.7511,0.7644,6063237
1633291200000,0.7644,0.7691,0.7441,0.7691,6273379
1633305600000,0.7691,0.7695,0.7358,0.7364,7124780
1633320000000,0.7365,0.7884,0.7225,0.7852,17549498
1633334400000,0.7854,0.805,0.7724,0.7981,38402007
1633348800000,0.798,0.83,0.7484,0.7881,49359976
1633363200000,0.7882,0.803,0.7725,0.7776,19487642
1633377600000,0.7775,0.7784,0.756,0.767,9271153
1633392000000,0.767,0.7688,0.7488,0.7598,10522780
1633406400000,0.7599,0.7675,0.75,0.7606,7241129
1633420800000,0.7607,0.7776,0.7572,0.7701,12923880
1633435200000,0.7702,0.7737,0.7439,0.7516,13153907
1633449600000,0.7518,0.7687,0.7451,0.7656,9388057
1633464000000,0.7657,0.7846,0.7653,0.7802,7020298
1633478400000,0.7806,0.7952,0.7616,0.7661,8809741
1633492800000,0.7659,0.7713,0.7502,0.7578,8495119
1633507200000,0.7578,0.7589,0.7215,0.7427,11909903
1633521600000,0.7426,0.779,0.74,0.7744,14782046
1633536000000,0.7743,0.7794,0.7679,0.7694,7244945
1633550400000,0.7695,0.7781,0.7579,0.7755,5940392
1633564800000,0.7756,0.7764,0.7443,0.7546,7319330
1633579200000,0.7546,0.776,0.7509,0.7759,6548014
1633593600000,0.7759,0.7825,0.759,0.7717,9488029
1633608000000,0.7717,0.7751,0.7537,0.7606,7877088
1633622400000,0.7609,0.7693,0.7527,0.7669,5749695
1633636800000,0.7668,0.7788,0.762,0.7723,5974323
1633651200000,0.7726,0.7935,0.7696,0.7888,9972365
1633665600000,0.7889,0.8113,0.7846,0.8076,11015469
1633680000000,0.8071,0.8109,0.7963,0.7997,9535600
1633694400000,0.7998,0.8065,0.7862,0.7987,10102655
1633708800000,0.7988,0.8119,0.7925,0.804,7217024
1633723200000,0.8041,0.8166,0.7824,0.8132,10186715
1633737600000,0.8132,0.8247,0.7962,0.8241,11768750
1633752000000,0.8239,0.8329,0.8157,0.8184,10537515
1633766400000,0.8184,0.8272,0.8068,0.8104,10391268
1633780800000,0.8105,0.8378,0.8105,0.8303,11066882
1633795200000,0.8303,0.8354,0.8191,0.8266,6573235
1633809600000,0.8267,0.8424,0.8218,0.8424,5550840
1633824000000,0.8424,0.8435,0.8053,0.8172,9330438
1633838400000,0.8173,0.8235,0.8112,0.8178,5223828
1633852800000,0.8179,0.8237,0.8061,0.8103,5532444
1633867200000,0.81,0.8117,0.802,0.8057,5872935
1633881600000,0.8057,0.8075,0.792,0.7946,5189191
1633896000000,0.7946,0.8021,0.7659,0.7687,8294763
1633910400000,0.7687,0.7961,0.7568,0.7879,12492586
1633924800000,0.7879,0.7984,0.7863,0.7959,7806762
1633939200000,0.7956,0.8,0.7679,0.7731,8249343
1633953600000,0.7733,0.7809,0.7697,0.7706,6740404
1633968000000,0.7706,0.7722,0.7528,0.7541,6695288
1633982400000,0.7542,0.7625,0.7433,0.7611,6929246
1633996800000,0.761,0.7611,0.7244,0.7332,10288843
1634011200000,0.7334,0.7407,0.7264,0.7362,5809614
1634025600000,0.7363,0.7407,0.7131,0.7271,9410240
1634040000000,0.7271,0.745,0.7106,0.7386,9678192
1634054400000,0.7387,0.747,0.7311,0.733,6497512
1634068800000,0.7329,0.7548,0.7259,0.7543,6368007
1634083200000,0.7543,0.7588,0.747,0.7573,6722200
1634097600000,0.7573,0.7608,0.731,0.7343,9164897
1634112000000,0.7342,0.7483,0.7339,0.7476,6546719
1634126400000,0.7478,0.7541,0.7381,0.7501,7577907
1634140800000,0.7501,0.7562,0.7479,0.7551,4542804
1634155200000,0.7548,0.7699,0.7512,0.769,5269490
1634169600000,0.7691,0.7707,0.7595,0.7704,5845548
1634184000000,0.7704,0.7798,0.7688,0.7733,6898510
1634198400000,0.7732,0.7847,0.773,0.7847,7258104
1634212800000,0.7846,0.7904,0.7724,0.783,9523953
1634227200000,0.7831,0.7863,0.7648,0.7725,6850530
1634241600000,0.7725,0.7773,0.7675,0.7752,3584956
1634256000000,0.7752,0.7767,0.7525,0.7738,8557359
1634270400000,0.7737,0.7751,0.758,0.759,6756322
1634284800000,0.759,0.7614,0.7356,0.7506,9877045
1634299200000,0.7508,0.7563,0.745,0.7472,6941316
1634313600000,0.7472,0.766,0.7451,0.7618,11935601
1634328000000,0.7624,0.7691,0.7542,0.7577,7437264
1634342400000,0.7577,0.7703,0.7575,0.7634,7196168
1634356800000,0.7633,0.7665,0.7568,0.7659,6935340
1634371200000,0.7659,0.7789,0.7634,0.7778,7502421
1634385600000,0.7777,0.78,0.7554,0.7737,11652970
1634400000000,0.7734,0.7789,0.7664,0.7762,7232052
1634414400000,0.7762,0.8624,0.7748,0.8112,61397482
1634428800000,0.8109,0.8145,0.7893,0.795,13872316
1634443200000,0.795,0.8077,0.7831,0.7881,13208818
1634457600000,0.7881,0.7954,0.7866,0.7866,10256778
1634472000000,0.7868,0.7891,0.7655,0.7723,13981285
1634486400000,0.7723,0.776,0.7635,0.766,6724373
1634500800000,0.766,0.7696,0.7368,0.7648,19440797
1634515200000,0.7646,0.7717,0.7569,0.7575,8246507
1634529600000,0.7575,0.7642,0.7525,0.7533,6102615
1634544000000,0.7533,0.7603,0.7411,0.7466,8152763
1634558400000,0.7464,0.7526,0.735,0.7453,8519923
1634572800000,0.7451,0.7487,0.7372,0.7443,5386368
1634587200000,0.7443,0.7506,0.7414,0.7489,3625694
1634601600000,0.7489,0.7603,0.7433,0.7589,4610677
1634616000000,0.7588,0.7678,0.7537,0.7638,4591927
1634630400000,0.7639,0.7694,0.757,0.763,6158906
1634644800000,0.7629,0.7643,0.7442,0.759,7129901
1634659200000,0.7591,0.7707,0.7463,0.7483,6690695
1634673600000,0.7483,0.778,0.7415,0.7729,7515853
1634688000000,0.7729,0.7916,0.7682,0.7778,11769102
1634702400000,0.7778,0.7925,0.7739,0.7816,8881852
1634716800000,0.7815,0.7889,0.777,0.7849,7088546
1634731200000,0.7851,0.8062,0.784,0.804,11726666
1634745600000,0.8041,0.817,0.7982,0.8137,8135092
1634760000000,0.8137,0.8436,0.8011,0.815,24721124
1634774400000,0.8151,0.8325,0.8011,0.8119,12743517
1634788800000,0.812,0.82,0.8037,0.8115,8485995
1634803200000,0.8115,0.8283,0.802,0.8037,11894141
1634817600000,0.8039,0.819,0.7803,0.7921,13192110
1634832000000,0.7923,0.8019,0.7853,0.7957,6507195
1634846400000,0.7956,0.8001,0.7872,0.7893,5121824
1634860800000,0.7892,0.8058,0.7882,0.8054,6634874
1634875200000,0.8056,0.81,0.7985,0.8065,5239224
1634889600000,0.8065,0.8109,0.7989,0.8109,5301435
1634904000000,0.8109,0.815,0.786,0.7888,9540726
1634918400000,0.7886,0.7937,0.776,0.7864,5621478
1634932800000,0.7864,0.7932,0.7796,0.7916,2708510
1634947200000,0.7915,0.7964,0.7867,0.7952,3056804
1634961600000,0.7953,0.8003,0.7931,0.7944,4154186
1634976000000,0.7945,0.8,0.7802,0.7934,4911081
1634990400000,0.7935,0.7976,0.7891,0.796,3350510
1635004800000,0.7963,0.8002,0.7838,0.7857,4322368
1635019200000,0.7857,0.7948,0.7818,0.7943,2827992
1635033600000,0.7946,0.8011,0.7927,0.8001,4229067
1635048000000,0.8003,0.8005,0.7886,0.7897,3490844
1635062400000,0.7898,0.7915,0.777,0.7778,4737940
1635076800000,0.7778,0.7824,0.7635,0.7671,6557949
1635091200000,0.7671,0.7734,0.754,0.7656,4966259
1635105600000,0.7656,0.7802,0.7651,0.7784,3323741
1635120000000,0.7785,0.7857,0.7726,0.7841,3361072
1635134400000,0.784,0.7894,0.7816,0.7885,2636814
1635148800000,0.7885,0.7919,0.7821,0.7903,3997559
1635163200000,0.7903,0.7995,0.7888,0.7986,6049788
1635177600000,0.7987,0.8021,0.7886,0.7969,4422221
1635192000000,0.797,0.8118,0.7933,0.81,10738913
1635206400000,0.81,0.8281,0.8055,0.8196,8808260
1635220800000,0.8196,0.8284,0.8132,0.8206,6168942
1635235200000,0.8211,0.8373,0.821,0.8358,8671544
1635249600000,0.8355,0.8503,0.8185,0.8433,17694898
1635264000000,0.843,0.859,0.8338,0.8399,16673342
1635278400000,0.8397,0.848,0.7978,0.8153,13972372
1635292800000,0.8153,0.8589,0.8132,0.8494,16222503
1635307200000,0.8495,0.8556,0.791,0.7913,16830788
1635321600000,0.7917,0.7926,0.7,0.7647,37514968
1635336000000,0.7644,0.797,0.76,0.7737,13918668
1635350400000,0.7738,0.7834,0.7525,0.7695,8534728
1635364800000,0.7694,0.778,0.7508,0.7564,6891339
1635379200000,0.7564,0.7847,0.744,0.7628,13014490
1635393600000,0.763,0.7725,0.7523,0.7657,14179004
1635408000000,0.7657,0.8035,0.7656,0.796,11041181
1635422400000,0.7959,0.8186,0.7923,0.816,11139967
1635436800000,0.8159,0.9123,0.8018,0.9069,85975096
1635451200000,0.907,0.999,0.8966,0.9258,133729990
1635465600000,0.9249,1.2178,0.9228,1.1741,279247813
1635480000000,1.1741,1.1763,1.0527,1.0809,209059722
1635494400000,1.0807,1.3405,1.0802,1.2912,387918838
1635508800000,1.2916,1.4787,1.2438,1.2543,594377468
1635523200000,1.2546,1.3,1.2012,1.2621,263600023
1635537600000,1.2616,1.4868,1.2475,1.3961,407450837
1635552000000,1.3957,1.5169,1.2869,1.2946,329194975
1635566400000,1.2946,1.472,1.288,1.4592,214785135
1635580800000,1.4592,1.7713,1.4007,1.7252,665302148
1635595200000,1.7252,2.837,1.6907,2.3531,1696922444
1635609600000,2.3529,2.665,2.2247,2.5424,715374729
1635624000000,2.5429,5.609,2.4865,3.5876,1167827654
1635638400000,3.5919,4.2,3.25,3.4129,665892834
1635652800000,3.4114,3.845,3.0232,3.485,450538527
1635667200000,3.4842,3.67,3.1101,3.385,362214736
1635681600000,3.3839,3.4431,2.6603,2.8086,435562356
1635696000000,2.8086,3.3333,2.5627,3.2643,351592013
1635710400000,3.2637,3.2954,2.678,2.8859,267624534
1635724800000,2.8863,3.0502,2.6233,2.6379,187300078
1635739200000,2.6386,2.9847,2.61,2.8121,171913202
1635753600000,2.8124,3.2729,2.71,3.0412,327239389
1635768000000,3.0412,3.5444,3.0058,3.0484,395147960
1635782400000,3.049,3.1867,2.88,3.0383,182788249
1635796800000,3.0376,3.156,2.9128,3.0338,107853250
1635811200000,3.0341,3.4528,2.9639,3.2352,219946352
1635825600000,3.2348,3.306,3.0616,3.1964,108560418
1635840000000,3.1964,3.4848,3.08,3.1214,161518051
1635854400000,3.1209,3.1807,3.03,3.0527,109951923
1635868800000,3.0528,3.1527,2.97,3.0714,87870687
1635883200000,3.071,3.2392,2.92,3.0955,96657617
1635897600000,3.0976,3.19,2.8106,2.8838,98326989
1635912000000,2.8838,2.9204,2.7078,2.8506,85350351
1635926400000,2.8505,2.954,2.805,2.942,70632846
1635940800000,2.9418,2.9753,2.7318,2.873,117793183
1635955200000,2.8731,3.1379,2.8297,2.8859,145625425
1635969600000,2.8859,2.9063,2.8109,2.8644,40647958
1635984000000,2.8648,2.8678,2.677,2.7811,59538504
1635998400000,2.7811,2.9483,2.721,2.7474,78607079
1636012800000,2.7474,2.847,2.7268,2.7663,63965683
1636027200000,2.7662,2.878,2.43,2.5691,152714854
1636041600000,2.5681,2.586,2.4107,2.5202,95640906
1636056000000,2.5202,2.5464,2.4194,2.5069,43839148
1636070400000,2.5079,2.6761,2.5064,2.5782,84010221
1636084800000,2.5783,2.729,2.5673,2.6128,58237541
1636099200000,2.613,2.65,2.474,2.492,54113732
1636113600000,2.4922,2.5554,2.3365,2.4396,81707428
1636128000000,2.4393,2.7376,2.435,2.5483,131087728
1636142400000,2.5484,2.6761,2.4603,2.5915,74420426
1636156800000,2.5915,3.0458,2.59,2.9395,238780393
1636171200000,2.9394,3.0766,2.8,2.8742,139179344
1636185600000,2.8742,2.9995,2.75,2.858,146212535
1636200000000,2.858,3.0189,2.7703,2.9039,145124445
1636214400000,2.9043,2.938,2.7525,2.7743,82345441
1636228800000,2.7743,2.8443,2.7636,2.812,49485002
1636243200000,2.812,2.8839,2.7604,2.7798,57993864
1636257600000,2.7796,2.8,2.7197,2.7842,39725120
1636272000000,2.7843,2.8845,2.7303,2.8403,62708107
1636286400000,2.8403,2.988,2.8313,2.8675,102082179
1636300800000,2.8667,2.8994,2.7831,2.803,46157801
1636315200000,2.803,2.8435,2.7723,2.8298,25261157
1636329600000,2.8298,2.8851,2.721,2.7607,68366026
1636344000000,2.7607,2.7813,2.66,2.712,42965509
1636358400000,2.7123,2.7398,2.6731,2.7267,28630486
1636372800000,2.7266,2.7488,2.669,2.6909,32613883
1636387200000,2.691,2.753,2.687,2.7,34289900
1636401600000,2.7,2.7142,2.6707,2.6944,25073435
1636416000000,2.6948,2.7147,2.6074,2.6317,37918597
1636430400000,2.6318,2.6833,2.6247,2.642,26526885
1636444800000,2.6419,2.6825,2.4717,2.5817,50038717
1636459200000,2.5816,2.6256,2.51,2.547,55618098
1636473600000,2.5472,2.5895,2.515,2.5561,29587491
1636488000000,2.5561,2.5937,2.5267,2.5528,18168502
1636502400000,2.5529,2.77,2.538,2.7155,107770092
1636516800000,2.7158,2.8734,2.6805,2.6961,103631925
1636531200000,2.696,2.71,2.6138,2.668,52239262
1636545600000,2.668,2.6705,2.5553,2.6302,60848101
1636560000000,2.6302,2.6485,2.52,2.5271,37755589
1636574400000,2.5266,2.6162,2.1534,2.4871,119809993
1636588800000,2.4869,2.5684,2.4523,2.5342,50876249
1636603200000,2.5341,2.5748,2.5107,2.5518,29598137
1636617600000,2.5522,2.5592,2.47,2.4928,25538734
1636632000000,2.4919,2.5194,2.4288,2.4914,32518739
1636646400000,2.4915,2.85,2.4732,2.7347,115719562
1636660800000,2.7346,2.7899,2.6565,2.676,75102617
1636675200000,2.6763,3.1488,2.6257,3.0332,205778486
1636689600000,3.033,3.0778,2.8454,2.9422,165543159
1636704000000,2.9421,3.3484,2.861,3.2862,419725516
1636718400000,3.2865,3.47,3.131,3.1784,381188536
1636732800000,3.1788,3.3475,3.0353,3.1583,251583105
1636747200000,3.1583,3.329,3.13,3.3118,130399682
1636761600000,3.3127,3.8085,3.19,3.6506,338490555
1636776000000,3.6507,3.7996,3.5285,3.6688,200990610
1636790400000,3.6691,3.7653,3.5416,3.6074,172861935
1636804800000,3.6073,3.6261,3.26,3.3325,195725724
1636819200000,3.3317,3.494,3.3099,3.3491,126281870
1636833600000,3.3491,3.379,3.15,3.2475,88427913
1636848000000,3.2473,3.3441,3.1264,3.2265,81365960
1636862400000,3.2266,3.3105,3.1536,3.1905,64112505
1636876800000,3.1905,3.3261,3.1694,3.2937,67703390
1636891200000,3.294,3.35,3.1612,3.169,80014191
1636905600000,3.1691,3.2164,3.1002,3.1513,53835887
1636920000000,3.1514,3.2949,3.145,3.2159,46016976
1636934400000,3.2158,3.5,3.176,3.3772,141307018
1636948800000,3.3773,3.45,3.3201,3.3549,76025150
1636963200000,3.3549,3.4098,3.2607,3.403,63157262
1636977600000,3.4031,3.4156,3.2318,3.2425,98144964
1636992000000,3.2426,3.258,3.16,3.2237,54950468
1637006400000,3.2236,3.345,3.1511,3.2958,54453888
1637020800000,3.2964,3.2999,2.923,3.0262,166691730
1637035200000,3.0262,3.0938,2.9622,3.0287,89644640
1637049600000,3.0293,3.0643,2.7115,2.9968,138883638
1637064000000,2.9967,3.2967,2.9035,3.1574,205363206
1637078400000,3.1563,3.4335,3.1469,3.3767,164177850
1637092800000,3.3766,3.3927,3.2074,3.2411,108002691
1637107200000,3.2414,3.52,3.2028,3.2449,164169862
1637121600000,3.2454,3.3255,3.18,3.276,76110502
1637136000000,3.2762,3.3589,3.116,3.3343,101068805
1637150400000,3.3344,3.3581,3.1333,3.2255,72158696
1637164800000,3.2254,3.258,3.1501,3.154,47581109
1637179200000,3.154,3.4119,3.1511,3.3525,68573106
1637193600000,3.3524,3.4925,3.2216,3.4288,89031171
1637208000000,3.4289,3.6959,3.4001,3.6653,203217339
1637222400000,3.6654,3.84,3.4769,3.7208,150427619
1637236800000,3.7215,3.868,3.404,3.5391,196002734
1637251200000,3.5393,3.67,3.3136,3.5571,152954732
1637265600000,3.557,3.9764,3.4918,3.7549,194183107
1637280000000,3.7552,4.33,3.7537,4.1875,257929450
1637294400000,4.1882,4.28,3.8643,3.9511,147535053
1637308800000,3.9504,4.14,3.8787,4.0437,113886124
1637323200000,4.0434,4.1098,3.9026,3.9876,102717431
1637337600000,3.9876,4.1995,3.9453,4.0736,99650908
1637352000000,4.0735,4.3465,4.0735,4.2935,83753416
1637366400000,4.2931,4.3646,3.9806,4.0514,80102748
1637380800000,4.0503,4.0745,3.9506,4.0275,45185917
1637395200000,4.0274,4.095,3.9554,4.0214,48495087
1637409600000,4.0209,4.1184,3.8296,3.8888,73148380
1637424000000,3.8889,3.9935,3.8457,3.9617,46240042
1637438400000,3.9618,4.0483,3.9144,4.0161,33556931
1637452800000,4.0161,4.1115,3.8682,3.8824,54992875
1637467200000,3.8829,3.9393,3.86,3.8694,26186633
1637481600000,3.8694,3.89,3.6485,3.7355,64429832
1637496000000,3.7354,3.7723,3.6125,3.6737,52026331
1637510400000,3.6738,3.775,3.6371,3.7103,41039592
1637524800000,3.71,3.7662,3.6415,3.6475,36302196
1637539200000,3.6481,3.9,3.52,3.6574,111226151
1637553600000,3.6586,3.8373,3.5287,3.7172,68715199
1637568000000,3.7172,3.8383,3.6416,3.793,54618269
1637582400000,3.7927,3.954,3.755,3.9146,119223283
1637596800000,3.915,4.0422,3.805,3.9274,103067269
1637611200000,3.9274,4.109,3.8586,4.09,72358156
1637625600000,4.0908,4.2386,3.9219,3.9637,115331390
1637640000000,3.9637,4.2633,3.9487,4.2345,89043450
1637654400000,4.2344,4.2704,4.0106,4.2175,105841637
1637668800000,4.2183,4.31,4.0358,4.0936,91982940
1637683200000,4.0936,4.137,3.9336,4.0328,64772872
1637697600000,4.0327,4.092,3.961,4.0255,36101017
1637712000000,4.0256,4.399,3.934,4.2291,111616252
1637726400000,4.229,4.5541,4.2246,4.4701,106212941
1637740800000,4.4697,5.2233,4.38,5.053,267197877
1637755200000,5.053,5.327,4.8561,5.0206,256359022
1637769600000,5.0204,5.4916,5.014,5.1582,215419715
1637784000000,5.1582,5.36,4.9695,5.1656,90450243
1637798400000,5.1655,5.2038,4.6683,4.8429,124843474
1637812800000,4.8429,5.8052,4.7933,5.607,189617440
1637827200000,5.6071,5.917,5.1194,5.3337,195320819
1637841600000,5.3346,5.369,4.903,5.1539,133730062
1637856000000,5.1546,5.1969,4.761,5.0564,115528924
1637870400000,5.0559,5.2718,5.0315,5.1963,68263741
1637884800000,5.1963,5.4587,4.93,5.0574,99138452
1637899200000,5.0573,5.186,4.8,4.8425,65265557
1637913600000,4.8422,4.9217,4.3,4.5003,169482831
1637928000000,4.5001,4.8477,4.4,4.6475,92176035
1637942400000,4.6479,4.965,4.57,4.8186,76524472
1637956800000,4.8191,4.8977,4.6133,4.668,42026280
1637971200000,4.6683,4.88,4.573,4.6644,40697395
1637985600000,4.6644,4.6855,4.351,4.4613,45397561
1638000000000,4.4614,4.7884,4.4507,4.6924,66093782
1638014400000,4.6924,4.8986,4.6,4.8912,55714243
1638028800000,4.8914,4.925,4.7107,4.7943,47394331
1638043200000,4.7951,4.7971,4.5459,4.6952,38780846
1638057600000,4.6957,4.7265,4.2823,4.3952,55029076
1638072000000,4.3958,4.7097,4.324,4.6148,50221954
1638086400000,4.6148,4.8398,4.512,4.7934,61124370
1638100800000,4.7943,4.95,4.6756,4.8022,100910670
1638115200000,4.802,4.8025,4.45,4.6642,66798643
1638129600000,4.6643,5.1521,4.6427,5.1455,77478625
1638144000000,5.1456,5.2338,4.9775,5.0785,74614880
1638158400000,5.0786,5.1875,5.013,5.0711,42173048
1638172800000,5.0712,5.0849,4.8619,4.9535,49898400
1638187200000,4.9534,5.038,4.81,4.8683,51211048
1638201600000,4.8683,5.0599,4.855,4.9553,43331794
1638216000000,4.9553,5.057,4.8736,4.8827,36322293
1638230400000,4.8825,4.9365,4.5661,4.7082,51867975
1638244800000,4.7085,4.7583,4.6205,4.6981,37835421
1638259200000,4.6981,4.8,4.6445,4.7361,35853589
1638273600000,4.7362,4.8113,4.6533,4.6578,47193230
1638288000000,4.6577,4.7148,4.5337,4.6659,46351120
1638302400000,4.6658,4.6956,4.5769,4.6516,20657951
1638316800000,4.6518,4.7551,4.49,4.5719,36162688
1638331200000,4.5717,4.6459,4.534,4.6111,19476162
1638345600000,4.6111,4.615,4.49,4.5481,22076178
1638360000000,4.5476,4.5558,4.47,4.538,22415889
1638374400000,4.5381,4.8185,4.5357,4.6994,66404366
1638388800000,4.6994,4.7084,4.4444,4.5532,41811330
1638403200000,4.5531,4.5571,4.2005,4.3064,42286170
1638417600000,4.3064,4.4499,4.302,4.4196,25372038
1638432000000,4.4193,4.4349,4.291,4.3405,23318906
1638446400000,4.3404,4.4291,4.2933,4.4,27611877
1638460800000,4.4004,4.5421,4.3088,4.3264,45280213
1638475200000,4.3264,4.4356,4.315,4.4136,18561110
1638489600000,4.4136,4.4455,4.22,4.2263,32826805
1638504000000,4.2266,4.3755,4.21,4.3206,25111846
1638518400000,4.3206,4.3511,4.2758,4.2982,17165103
1638532800000,4.2982,4.3379,4.0346,4.1132,36669324
1638547200000,4.1135,4.1184,3.8602,3.9108,61070460
1638561600000,3.9105,3.9818,3.6333,3.9027,54001795
1638576000000,3.9024,3.9142,3.6237,3.6402,49227006
1638590400000,3.6343,3.7308,2.5567,3.3172,186878011
1638604800000,3.318,3.4416,3.0661,3.152,64928112
1638619200000,3.1518,4.0247,3.1515,3.923,109200182
1638633600000,3.9224,4.0496,3.8054,3.9129,102728453
1638648000000,3.9138,4.2251,3.8521,4.1196,97948837
1638662400000,4.1196,4.1606,3.81,3.9256,60423866
1638676800000,3.9249,4.0155,3.8413,3.8578,41483323
1638691200000,3.8583,3.8964,3.715,3.8149,54177315
1638705600000,3.8147,3.9143,3.5015,3.5625,78282196
1638720000000,3.5623,3.685,3.5222,3.6149,50893403
1638734400000,3.6147,3.6966,3.5068,3.6816,40321740
1638748800000,3.6808,3.6839,3.439,3.5688,46359315
1638763200000,3.5681,3.6537,3.3504,3.4676,41538660
1638777600000,3.4676,3.5819,3.2214,3.4392,78654583
1638792000000,3.4386,3.5929,3.32,3.5796,61330699
1638806400000,3.58,3.7496,3.5086,3.6959,51478789
1638820800000,3.6968,3.9194,3.6192,3.7648,51795744
1638835200000,3.764,3.8093,3.6632,3.7297,32544143
1638849600000,3.73,3.845,3.7101,3.8095,26490362
1638864000000,3.8084,4.1505,3.7882,4.0101,63423394
1638878400000,4.0101,4.0305,3.8005,4.0057,62631913
1638892800000,4.006,4.0387,3.8174,3.8834,37827878
1638907200000,3.8836,3.9381,3.736,3.8117,31671928
1638921600000,3.8114,3.8404,3.6734,3.6963,27579641
1638936000000,3.6967,3.7639,3.6757,3.7346,21829934
1638950400000,3.7341,3.7963,3.5443,3.6402,42163486
1638964800000,3.641,3.7933,3.592,3.7114,41715665
1638979200000,3.7108,3.7562,3.6517,3.7327,22488843
1638993600000,3.7327,3.78,3.6844,3.7673,20167300
1639008000000,3.7684,3.8937,3.64,3.6737,36737609
1639022400000,3.6732,3.7497,3.6435,3.7181,21088387
1639036800000,3.7184,3.8622,3.665,3.7797,55333610
1639051200000,3.7797,3.89,3.5601,3.626,59801323
1639065600000,3.6268,3.6651,3.4542,3.4841,37416198
1639080000000,3.4838,3.5739,3.4127,3.4522,31408152
1639094400000,3.4519,3.5499,3.4408,3.48,29408467
1639108800000,3.4799,3.5027,3.329,3.3654,29754497
1639123200000,3.3658,3.47,3.35,3.458,27933619
1639137600000,3.4581,3.595,3.376,3.41,56214112
1639152000000,3.4101,3.4229,3.3017,3.3596,32389540
1639166400000,3.3596,3.3973,3.2079,3.2313,24133679
1639180800000,3.2311,3.3217,3.1602,3.2924,35513278
1639195200000,3.2929,3.35,3.255,3.2853,21872074
1639209600000,3.2848,3.4093,3.2614,3.3772,27444031
1639224000000,3.3772,3.4089,3.336,3.3855,20564049
1639238400000,3.3859,3.455,3.3636,3.3693,22916850
1639252800000,3.3693,3.4829,3.3668,3.4784,18671476
1639267200000,3.4785,3.6537,3.4488,3.6425,31032914
1639281600000,3.6426,3.658,3.5262,3.6019,29359082
1639296000000,3.6019,3.655,3.48,3.5539,35683120
1639310400000,3.5538,3.597,3.5244,3.5599,25412063
1639324800000,3.5593,3.634,3.4927,3.6066,31606244
1639339200000,3.6067,3.674,3.5959,3.6246,21695095
1639353600000,3.6245,3.6921,3.4297,3.4964,37858008
1639368000000,3.4963,3.5,3.3715,3.4039,21344254
1639382400000,3.404,3.4671,3.375,3.4178,20706719
1639396800000,3.4175,3.4418,3.2248,3.267,40670189
1639411200000,3.2669,3.3341,3.1007,3.1853,45523013
1639425600000,3.1855,3.2297,3.1146,3.1674,29244808
1639440000000,3.1679,3.2114,3.1206,3.1597,28433782
1639454400000,3.1597,3.1785,3.0378,3.1554,30313978
1639468800000,3.1551,3.2589,3.1149,3.1989,33942110
1639483200000,3.199,3.2293,3.0937,3.1201,32211825
1639497600000,3.1202,3.1573,2.9927,3.0613,32184327
1639512000000,3.0615,3.2171,3.0606,3.1647,29869772
1639526400000,3.1645,3.203,3.1012,3.1705,20182610
1639540800000,3.1705,3.1907,3.1296,3.1703,19597566
1639555200000,3.1702,3.2262,3.13,3.1337,21241657
1639569600000,3.1338,3.1613,2.9256,2.9334,34913619
1639584000000,2.9338,3.2782,2.9282,3.238,62556979
1639598400000,3.2381,3.4086,3.2289,3.3372,51294732
1639612800000,3.3373,3.4237,3.3052,3.3217,24156239
1639627200000,3.3218,3.3428,3.2401,3.2709,18424057
1639641600000,3.271,3.3828,3.2605,3.3621,21582401
1639656000000,3.3624,3.3713,3.2688,3.3168,25405492
1639670400000,3.3169,3.3196,3.1702,3.1862,24067787
1639684800000,3.1863,3.2374,3.1212,3.1475,21464001
1639699200000,3.1477,3.2038,3.1184,3.1895,15595156
1639713600000,3.1895,3.2229,3.0912,3.1282,19224829
1639728000000,3.1282,3.1631,3.0573,3.0821,21688192
1639742400000,3.082,3.0984,2.9654,3.0861,42075527
1639756800000,3.0866,3.1724,3.0602,3.0671,35376521
1639771200000,3.067,3.12,3.0011,3.0671,28340092
1639785600000,3.0669,3.1535,3.0235,3.1414,28415169
1639800000000,3.1415,3.2188,3.1173,3.1699,22986478
1639814400000,3.1697,3.4974,3.1693,3.3833,88813438
1639828800000,3.3828,3.4361,3.3268,3.3543,50305929
1639843200000,3.3537,3.4273,3.3354,3.4007,47705478
1639857600000,3.4009,3.459,3.365,3.4281,35118106
1639872000000,3.4282,3.6173,3.414,3.4648,83504935
1639886400000,3.4649,3.5239,3.421,3.474,31365093
1639900800000,3.4741,3.4879,3.345,3.3777,31689677
1639915200000,3.3778,3.4274,3.35,3.3702,34517054
1639929600000,3.3704,3.3874,3.251,3.28,34125407
1639944000000,3.2803,3.318,3.243,3.2552,18954899
1639958400000,3.2551,3.2934,3.2,3.2209,30461430
1639972800000,3.2209,3.2445,3.1252,3.181,27814577
1639987200000,3.1813,3.1937,3.1,3.134,27215201
1640001600000,3.134,3.1357,3.0198,3.0632,59312028
1640016000000,3.0633,3.231,3.0513,3.2222,38948634
1640030400000,3.2222,3.3283,3.17,3.1936,45307354
1640044800000,3.1936,3.2288,3.1238,3.2074,25424538
1640059200000,3.2078,3.2992,3.2078,3.2449,35966376
1640073600000,3.2453,3.2879,3.2327,3.2713,26060733
1640088000000,3.2714,3.3269,3.1907,3.215,38047519
1640102400000,3.215,3.3,3.2066,3.2905,25292745
1640116800000,3.2905,3.3144,3.2601,3.2815,18826510
1640131200000,3.2815,3.3106,3.2126,3.2789,23558750
1640145600000,3.2783,3.3846,3.2639,3.3547,23452976
1640160000000,3.3551,3.3889,3.2879,3.3351,29503404
1640174400000,3.3352,3.3734,3.235,3.31,35050763
1640188800000,3.3099,3.3555,3.2701,3.3042,25132315
1640203200000,3.3036,3.3348,3.2727,3.2905,16671016
1640217600000,3.2903,3.3026,3.2018,3.2505,22928894
1640232000000,3.2502,3.2767,3.2071,3.2217,15492279
1640246400000,3.222,3.2534,3.2087,3.2333,16931794
1640260800000,3.2333,3.3369,3.2196,3.3348,29697300
1640275200000,3.3349,3.6121,3.3349,3.5827,96704834
1640289600000,3.5827,3.7432,3.5279,3.6862,49751869
1640304000000,3.6864,3.859,3.6036,3.7948,67462519
1640318400000,3.7952,3.8302,3.62,3.7041,38481358
1640332800000,3.704,3.7427,3.6508,3.6697,33374309
1640347200000,3.6701,3.7178,3.5025,3.6288,50272339
1640361600000,3.6288,3.665,3.55,3.5784,34102133
1640376000000,3.5782,3.625,3.45,3.5019,27812945
1640390400000,3.5024,3.632,3.4716,3.5786,22194485
1640404800000,3.5784,3.7352,3.57,3.6655,27220045
1640419200000,3.6655,3.8465,3.6564,3.6998,51667726
1640433600000,3.6998,3.806,3.68,3.7724,37183283
1640448000000,3.7728,3.7901,3.6382,3.762,36795174
1640462400000,3.7626,3.7864,3.7203,3.7496,21788527
1640476800000,3.7497,3.8322,3.6191,3.6434,41067006
1640491200000,3.6436,3.7489,3.6267,3.7152,23718200
1640505600000,3.7151,3.7594,3.6654,3.6997,25603769
1640520000000,3.6997,3.7294,3.6781,3.7195,19033769
1640534400000,3.7197,3.8219,3.7189,3.8009,27927118
1640548800000,3.8012,3.9409,3.7406,3.8608,40318416
1640563200000,3.8609,3.966,3.8363,3.9599,36843721
1640577600000,3.96,3.97,3.85,3.8571,24498584
1640592000000,3.8572,3.8823,3.805,3.8613,22880366
1640606400000,3.8614,3.9389,3.8381,3.8968,28402959
1640620800000,3.8968,3.9313,3.843,3.8548,24873593
1640635200000,3.8547,3.875,3.7174,3.7469,25370979
1640649600000,3.7467,3.7469,3.5112,3.5847,49708677
1640664000000,3.5847,3.6561,3.4653,3.6103,38006983
1640678400000,3.6103,3.668,3.5513,3.654,29440656
1640692800000,3.6541,3.6553,3.47,3.559,31886625
1640707200000,3.5591,3.5793,3.2941,3.3531,56077605
1640721600000,3.3535,3.4218,3.3161,3.3396,26685654
1640736000000,3.3395,3.4644,3.3225,3.4326,21872469
1640750400000,3.4326,3.4607,3.3333,3.3543,18068661
1640764800000,3.3543,3.4199,3.3344,3.3865,21701721
1640779200000,3.3862,3.4344,3.2042,3.4056,56078212
1640793600000,3.4058,3.4204,3.2955,3.3117,28993359
1640808000000,3.3118,3.3519,3.2008,3.2574,27826186
1640822400000,3.2568,3.2684,3.1575,3.1927,27808885
1640836800000,3.1925,3.307,3.1907,3.3006,19286127
1640851200000,3.3006,3.3346,3.2622,3.3231,18128550
1640865600000,3.3232,3.3675,3.2718,3.2809,24323650
1640880000000,3.2802,3.3444,3.2802,3.3215,14684676
1640894400000,3.3216,3.3378,3.2345,3.2897,15427624
1640908800000,3.2893,3.3338,3.2434,3.3269,19868132
1640923200000,3.3267,3.3664,3.2935,3.3341,17610617
1640937600000,3.3346,3.4161,3.3212,3.3847,23311748
1640952000000,3.3846,3.42,3.3722,3.3959,13907561
1640966400000,3.3968,3.4136,3.19,3.1945,28712005
1640980800000,3.1946,3.3406,3.1903,3.2679,25587647
1640995200000,3.268,3.3246,3.2611,3.2969,12237257
1641009600000,3.297,3.3308,3.2708,3.3098,11481301
1641024000000,3.3096,3.3214,3.2644,3.2728,9614028
1641038400000,3.2726,3.3183,3.2726,3.3043,9137430
1641052800000,3.3043,3.3449,3.3001,3.3277,10771064
1641067200000,3.328,3.3595,3.3159,3.3468,9640226
1641081600000,3.3466,3.3517,3.3155,3.3354,8363478
1641096000000,3.3353,3.3358,3.2701,3.2952,12100092
1641110400000,3.2953,3.3255,3.2819,3.3162,8103633
1641124800000,3.3161,3.3375,3.2921,3.3317,9976257
1641139200000,3.3317,3.3843,3.295,3.315,18649707
1641153600000,3.3151,3.3482,3.3056,3.3362,7768887
1641168000000,3.3363,3.3645,3.28,3.2859,12563315
1641182400000,3.2859,3.3129,3.2817,3.2942,9215661
1641196800000,3.2943,3.3239,3.2794,3.3175,10273844
1641211200000,3.3175,3.329,3.2605,3.2714,14429419
1641225600000,3.2713,3.2851,3.2143,3.2657,17302990
1641240000000,3.2661,3.272,3.2077,3.2502,12677992
1641254400000,3.2507,3.2568,3.126,3.1923,16513041
1641268800000,3.1923,3.2355,3.178,3.2355,9589205
1641283200000,3.2355,3.2622,3.2043,3.2613,12433947
1641297600000,3.2613,3.3041,3.2283,3.2564,17620799
1641312000000,3.2564,3.2768,3.1638,3.1991,19828863
1641326400000,3.1991,3.2246,3.1602,3.1755,8559547
1641340800000,3.1753,3.2298,3.1601,3.221,9645101
1641355200000,3.2213,3.2463,3.1975,3.2341,8797832
1641369600000,3.234,3.269,3.2022,3.2146,14317545
1641384000000,3.2146,3.2356,3.18,3.2142,15285521
1641398400000,3.2142,3.2166,2.93,2.9996,39363180
1641412800000,2.9993,3.018,2.66,2.9147,69269526
1641427200000,2.9143,2.9355,2.7902,2.794,22142340
1641441600000,2.7941,2.9022,2.7846,2.8977,20309918
1641456000000,2.8978,2.8994,2.8,2.8516,19836564
1641470400000,2.8516,3.4319,2.8109,3.2808,280992214
1641484800000,3.2813,3.3,3.1407,3.291,104427905
1641499200000,3.2908,3.3997,3.2101,3.3865,77612253
1641513600000,3.386,3.44,3.0731,3.1431,141352665
1641528000000,3.1434,3.2554,3.0673,3.2034,117615623
1641542400000,3.2035,3.2817,3.1567,3.1684,62755579
1641556800000,3.1685,3.225,3.0,3.0901,82625983
1641571200000,3.0896,3.1438,3.0509,3.1078,38386252
1641585600000,3.1078,3.1263,3.0129,3.0569,23476789
1641600000000,3.0569,3.119,3.0237,3.0698,23140576
1641614400000,3.07,3.1342,3.0612,3.1111,19625265
1641628800000,3.1114,3.1371,3.049,3.0712,21758743
1641643200000,3.0712,3.084,2.963,2.9802,30168607
1641657600000,2.9803,3.0243,2.8338,2.8875,53149374
1641672000000,2.8872,2.9974,2.8615,2.9346,25728501
1641686400000,2.9348,2.9919,2.9113,2.9502,17623901
1641700800000,2.9495,2.9874,2.9323,2.9346,11341501
1641715200000,2.9345,3.0496,2.8932,2.9625,37894737
1641729600000,2.9626,2.9755,2.8369,2.8794,24912829
1641744000000,2.8797,3.035,2.8771,3.0234,34128294
1641758400000,3.0237,3.0321,2.921,2.9387,15679648
1641772800000,2.939,2.9732,2.8846,2.9158,14487293
1641787200000,2.9156,2.9547,2.9077,2.9473,12354960
1641801600000,2.9474,2.965,2.8454,2.8606,18012555
1641816000000,2.8602,2.8682,2.6046,2.7293,68471106
1641830400000,2.7302,2.8197,2.6719,2.7309,38251153
1641844800000,2.7308,2.8374,2.719,2.8088,16689509
1641859200000,2.8092,2.852,2.7644,2.8519,16701773
1641873600000,2.8517,2.855,2.7846,2.817,13289260
1641888000000,2.8172,2.8647,2.7527,2.7773,21205449
1641902400000,2.7775,2.901,2.762,2.8259,34166189
1641916800000,2.8266,2.9443,2.8198,2.8986,32892680
1641931200000,2.8987,2.9447,2.8701,2.9249,14832177
1641945600000,2.9249,2.9712,2.9091,2.9425,16661750
1641960000000,2.9422,2.9733,2.9204,2.9351,17564583
1641974400000,2.935,3.0189,2.9306,2.9911,21867404
1641988800000,2.9911,3.1046,2.9866,3.0389,46951515
1642003200000,3.0389,3.0739,3.0137,3.0628,18812101
1642017600000,3.0629,3.0968,3.0481,3.084,13008282
1642032000000,3.0843,3.0987,2.9836,3.0125,18530385
1642046400000,3.0124,3.0577,3.0119,3.0446,12009208
1642060800000,3.0442,3.0711,3.0009,3.0172,16492673
1642075200000,3.0174,3.0885,2.935,2.9765,36002346
1642089600000,2.9764,3.0053,2.9133,2.9349,25413536
1642104000000,2.9349,2.9413,2.882,2.898,15535084
1642118400000,2.8981,2.9235,2.8622,2.9126,13258817
1642132800000,2.9126,2.9522,2.8953,2.9133,16059006
1642147200000,2.9135,2.9149,2.8124,2.8395,20149400
1642161600000,2.8392,2.9355,2.819,2.9219,18772382
1642176000000,2.9218,2.975,2.894,2.9671,14690248
1642190400000,2.9671,3.0174,2.9325,2.9569,15708952
1642204800000,2.9569,2.9734,2.9373,2.9558,8626399
1642219200000,2.9559,2.9647,2.9129,2.9497,12065525
1642233600000,2.9495,3.0572,2.9442,3.0292,19870554
1642248000000,3.0293,3.0636,2.9797,3.0453,29273430
1642262400000,3.0453,3.0498,2.996,3.0194,14421237
1642276800000,3.0193,3.0315,2.9819,2.9891,9598919
1642291200000,2.9889,2.992,2.9356,2.9497,11261593
1642305600000,2.9497,2.9719,2.9406,2.9629,8802044
1642320000000,2.9631,2.9845,2.928,2.9486,13391102
1642334400000,2.9485,2.9984,2.9226,2.9814,15244234
1642348800000,2.9813,3.1964,2.9808,3.0693,90113958
1642363200000,3.0692,3.1343,3.0644,3.1167,16612356
1642377600000,3.117,3.1846,3.0262,3.0321,38276260
1642392000000,3.0325,3.0641,2.9773,3.0121,22647792
1642406400000,3.0121,3.073,2.9711,2.9973,24626565
1642420800000,2.9975,3.0056,2.91,2.9276,30807250
1642435200000,2.9271,2.9437,2.8618,2.9274,26914791
1642449600000,2.9278,2.9334,2.8595,2.9012,15970869
1642464000000,2.9013,2.9267,2.8701,2.8803,12224687
1642478400000,2.8804,2.915,2.8358,2.8959,14199304
1642492800000,2.8959,2.897,2.792,2.8433,19999005
1642507200000,2.8429,2.864,2.7725,2.8064,27444602
1642521600000,2.8061,2.8357,2.7879,2.8216,14760894
1642536000000,2.8217,2.8777,2.8067,2.8546,13410264
1642550400000,2.8545,2.8962,2.7881,2.8062,16387477
1642564800000,2.8063,2.8544,2.7073,2.7272,22694570
1642579200000,2.7272,2.7948,2.7011,2.7815,20819369
1642593600000,2.7814,2.851,2.7685,2.8096,19657442
1642608000000,2.8095,2.8273,2.768,2.8017,13243089
1642622400000,2.8019,2.8055,2.7251,2.7301,10805234
1642636800000,2.7301,2.7617,2.6966,2.7605,11601461
1642651200000,2.7604,2.8171,2.7542,2.8054,9972388
1642665600000,2.8056,2.8318,2.7866,2.8133,11223241
1642680000000,2.8133,2.89,2.792,2.8734,26328749
1642694400000,2.8734,2.8865,2.8431,2.8588,13560887
1642708800000,2.8583,2.8658,2.6135,2.6304,39354227
1642723200000,2.63,2.7005,2.4512,2.4816,49317538
1642737600000,2.4812,2.565,2.4773,2.5598,21222420
1642752000000,2.5597,2.5669,2.5069,2.5295,17213254
1642766400000,2.53,2.5345,2.3809,2.4773,48738688
1642780800000,2.4772,2.4984,2.3768,2.381,24718460
1642795200000,2.3813,2.4037,2.1235,2.2172,70293925
1642809600000,2.2172,2.2652,2.1771,2.2032,30688931
1642824000000,2.2024,2.2174,1.868,1.9069,58888945
1642838400000,1.9069,1.9877,1.705,1.9315,83394032
1642852800000,1.9315,2.0711,1.8884,1.9025,55692171
1642867200000,1.9031,1.9975,1.8649,1.9341,46195746
1642881600000,1.9337,2.0855,1.9109,2.0355,37280461
1642896000000,2.0355,2.1195,1.9965,2.0399,32172531
1642910400000,2.039,2.126,2.0059,2.1075,23376161
1642924800000,2.1072,2.1613,2.077,2.0978,28886373
1642939200000,2.0978,2.129,2.0151,2.055,27585478
1642953600000,2.0542,2.0735,1.99,2.014,22983443
1642968000000,2.0141,2.1308,2.0049,2.1154,21978872
1642982400000,2.1154,2.117,1.9784,2.0039,18906732
1642996800000,2.0035,2.0853,1.9396,1.9876,25881114
1643011200000,1.9884,1.9956,1.8201,1.8522,54495650
1643025600000,1.8522,1.9084,1.808,1.8884,46125762
1643040000000,1.8888,1.9782,1.8264,1.9692,36451996
1643054400000,1.9692,2.1428,1.967,2.0814,36738248
1643068800000,2.0809,2.0838,2.0194,2.0556,19012804
1643083200000,2.0558,2.0638,2.008,2.0479,15190334
1643097600000,2.0476,2.1198,2.0433,2.0855,25079059
1643112000000,2.0857,2.1286,2.0181,2.05,34536928
1643126400000,2.0502,2.1708,2.0475,2.1467,25901190
1643140800000,2.1467,2.1658,2.0579,2.1008,20201776
1643155200000,2.1008,2.2021,2.0738,2.1903,33562830
1643169600000,2.1906,2.266,2.1762,2.2329,23731323
1643184000000,2.233,2.293,2.2313,2.257,22835413
1643198400000,2.257,2.285,2.2031,2.2229,23952306
1643212800000,2.2229,2.3662,2.1555,2.2361,49915754
1643227200000,2.2361,2.2371,2.0601,2.1582,40292976
1643241600000,2.1582,2.2273,2.0284,2.0552,33912778
1643256000000,2.0549,2.1375,2.0387,2.1213,14487361
1643270400000,2.122,2.2781,2.1071,2.2529,37842248
1643284800000,2.2527,2.3483,2.2363,2.248,53775937
1643299200000,2.248,2.2713,2.1751,2.1917,37996074
1643313600000,2.1917,2.285,2.1015,2.2503,50305331
1643328000000,2.2496,2.3034,2.1672,2.2846,41313638
1643342400000,2.2851,2.312,2.2219,2.2306,18593250
1643356800000,2.2305,2.249,2.1901,2.207,19674574
1643371200000,2.2076,2.255,2.1624,2.2358,26053870
1643385600000,2.2356,2.2835,2.1975,2.243,27866795
1643400000000,2.2428,2.3066,2.2331,2.2779,16006235
1643414400000,2.2777,2.336,2.2683,2.3094,16516820
1643428800000,2.3094,2.4169,2.3074,2.3819,21352808
1643443200000,2.3815,2.3967,2.3325,2.3518,15989439
1643457600000,2.3518,2.3956,2.2875,2.3095,25565129
1643472000000,2.3093,2.3637,2.2739,2.3439,17045106
1643486400000,2.3438,2.3783,2.3222,2.3687,15359851
1643500800000,2.368,2.4932,2.3519,2.4442,40174894
1643515200000,2.4445,2.5493,2.4376,2.5282,23577147
1643529600000,2.5279,2.5588,2.4888,2.5161,32015945
1643544000000,2.5161,2.5177,2.4217,2.4555,28118482
1643558400000,2.4559,2.463,2.36,2.3789,23846665
1643572800000,2.3792,2.5594,2.3525,2.5024,38495086
1643587200000,2.5025,2.6215,2.3599,2.5578,109284935
1643601600000,2.5574,2.5871,2.4921,2.552,49160698
1643616000000,2.552,2.5993,2.5087,2.5645,46859300
1643630400000,2.5644,2.66,2.5315,2.6218,69459898
1643644800000,2.6219,2.8327,2.6015,2.7757,97041375
1643659200000,2.776,2.86,2.751,2.8179,58626722
1643673600000,2.8175,2.8898,2.7551,2.7975,58886839
1643688000000,2.7975,2.814,2.7259,2.7778,28243289
1643702400000,2.778,2.8434,2.7437,2.7749,34789124
1643716800000,2.7747,2.8,2.6752,2.7226,41397615
1643731200000,2.7229,2.7578,2.65,2.6613,31207999
1643745600000,2.6614,2.7123,2.6608,2.6818,17408939
1643760000000,2.6816,2.6882,2.6119,2.6553,23497381
1643774400000,2.6553,2.719,2.64,2.71,21304297
1643788800000,2.7099,2.7385,2.6767,2.6911,19240660
1643803200000,2.6915,2.7087,2.5536,2.564,39612213
1643817600000,2.564,2.6521,2.5151,2.63,35246884
1643832000000,2.6299,2.643,2.4893,2.5397,41411909
1643846400000,2.5397,2.5629,2.4367,2.4477,30972467
1643860800000,2.4476,2.588,2.4407,2.5747,21347941
1643875200000,2.575,2.6495,2.493,2.637,57769987
1643889600000,2.6378,2.6847,2.57,2.6352,70264967
1643904000000,2.6349,2.6432,2.5324,2.5596,35935140
1643918400000,2.5596,2.6814,2.5338,2.6787,31729882
1643932800000,2.6787,2.7048,2.641,2.6685,25859726
1643947200000,2.6685,2.6997,2.6405,2.6576,21877452
1643961600000,2.6577,2.6996,2.6317,2.6362,21941465
1643976000000,2.6361,2.7398,2.5738,2.6853,52951387
1643990400000,2.6855,2.7876,2.6835,2.7482,36938785
1644004800000,2.7478,2.8171,2.7268,2.8089,21085427
1644019200000,2.8088,3.0221,2.7706,2.949,65521490
1644033600000,2.9483,3.1,2.948,3.0178,47355030
1644048000000,3.0181,3.0685,3.0043,3.0301,25978662
1644062400000,3.0306,3.0486,2.95,2.9924,30744155
1644076800000,2.9922,3.0042,2.8582,2.921,35665291
1644091200000,2.9203,3.0808,2.8956,3.0116,28603360
1644105600000,3.0119,3.1689,3.0117,3.0833,40412652
1644120000000,3.0836,3.1125,3.0202,3.0676,20252891
1644134400000,3.0675,3.1633,3.0551,3.0908,26131820
1644148800000,3.0908,3.4625,3.0401,3.2577,76860202
1644163200000,3.2579,3.3949,3.2561,3.2971,84708935
1644177600000,3.2971,3.3276,3.1813,3.2995,39578281
1644192000000,3.2986,3.3848,3.214,3.2982,50616065
1644206400000,3.2982,3.3599,3.2438,3.3288,31134751
1644220800000,3.3289,3.3507,3.2429,3.282,25348240
1644235200000,3.282,3.3548,3.2301,3.3352,37393346
1644249600000,3.3356,3.459,3.2925,3.3339,65201418
1644264000000,3.3338,3.3553,3.2715,3.2842,24218495
1644278400000,3.2843,3.324,3.1896,3.3136,27895549
1644292800000,3.3139,3.345,3.2402,3.2535,26057613
1644307200000,3.2534,3.2675,3.11,3.2306,48172047
1644321600000,3.231,3.238,3.113,3.1676,46840818
1644336000000,3.1677,3.2305,3.1128,3.172,40763596
1644350400000,3.172,3.4895,3.161,3.467,71422239
1644364800000,3.467,3.548,3.3125,3.3244,56156345
1644379200000,3.3243,3.3826,3.25,3.3584,32088972
1644393600000,3.3582,3.4149,3.27,3.3784,39712169
1644408000000,3.3783,3.4419,3.3417,3.3583,44554303
1644422400000,3.3583,3.4064,3.3131,3.363,28351383
1644436800000,3.3637,3.3796,3.3245,3.3423,15728619
1644451200000,3.3422,3.348,3.2211,3.2526,25965025
1644465600000,3.2526,3.2872,3.201,3.2828,17995674
1644480000000,3.2827,3.34,3.2614,3.3126,27300045
1644494400000,3.3125,3.3198,3.0798,3.2967,70603144
1644508800000,3.2972,3.3618,3.2151,3.2254,40756912
1644523200000,3.2256,3.26,3.1,3.1354,25825727
1644537600000,3.1351,3.27,3.1086,3.2453,32112706
1644552000000,3.2447,3.2674,3.2078,3.2333,18178310
1644566400000,3.2327,3.25,3.1611,3.1674,18111120
1644580800000,3.1673,3.242,3.1534,3.2171,25948232
1644595200000,3.2166,3.2257,3.0008,3.0335,36122785
1644609600000,3.0339,3.0441,2.8527,2.9168,38060929
1644624000000,2.9169,3.0062,2.8745,2.9409,24174325
1644638400000,2.9414,2.9769,2.8213,2.9053,23250242
1644652800000,2.9052,2.9563,2.8661,2.9332,19035750
1644667200000,2.9329,2.9373,2.8176,2.8629,24711290
1644681600000,2.8629,3.0184,2.8453,2.9458,30738626
1644696000000,2.9457,2.985,2.8531,2.9082,20740654
1644710400000,2.908,2.98,2.8857,2.9159,13695765
1644724800000,2.9158,2.9367,2.8779,2.9191,10332841
1644739200000,2.9193,2.9381,2.8808,2.9142,13162438
1644753600000,2.9143,2.9353,2.8842,2.9052,13673823
1644768000000,2.9052,2.9745,2.75,2.7962,47554499
1644782400000,2.7961,2.8646,2.7903,2.8188,15664489
1644796800000,2.8186,2.8315,2.7145,2.7509,20016188
1644811200000,2.7509,2.7949,2.7192,2.7947,13176666
1644825600000,2.7941,2.8143,2.7327,2.7707,17009141
1644840000000,2.7707,2.88,2.75,2.842,26955355
1644854400000,2.842,2.89,2.7627,2.7921,23373655
1644868800000,2.7918,2.8578,2.7817,2.84,13047422
1644883200000,2.8399,2.9945,2.8302,2.9662,24649735
1644897600000,2.9664,3.0289,2.94,3.0157,18591506
1644912000000,3.0156,3.0939,3.0155,3.0655,31118851
1644926400000,3.0656,3.0721,3.0132,3.0444,23084981
1644940800000,3.0446,3.2194,3.0404,3.181,65538740
1644955200000,3.181,3.3361,3.1539,3.3348,45069721
1644969600000,3.3337,3.3999,3.289,3.3067,49951393
1644984000000,3.3067,3.3681,3.2372,3.3439,42922320
1644998400000,3.3439,3.364,3.267,3.3074,31532369
1645012800000,3.3069,3.3228,3.1621,3.1939,60710650
1645027200000,3.1936,3.3418,3.1646,3.3215,48404999
1645041600000,3.3216,3.3389,3.242,3.2603,28667175
1645056000000,3.2602,3.3807,3.2559,3.2701,31327287
1645070400000,3.2707,3.3193,3.2043,3.3136,34386441
1645084800000,3.3139,3.3313,3.1859,3.2372,35225474
1645099200000,3.2373,3.292,3.1789,3.2852,67565567
1645113600000,3.2854,3.3504,3.0695,3.1358,98722575
1645128000000,3.1358,3.1358,3.0,3.0763,48455367
1645142400000,3.0763,3.1358,3.0411,3.1017,28738115
1645156800000,3.1018,3.1749,3.0851,3.1387,25439190
1645171200000,3.139,3.164,3.0198,3.0327,30707961
1645185600000,3.0329,3.0763,2.9253,2.9577,62256228
1645200000000,2.9577,2.9962,2.9009,2.9616,35009023
1645214400000,2.962,2.9792,2.916,2.9633,19553773
1645228800000,2.9629,3.0348,2.9424,2.9646,19365684
1645243200000,2.9654,3.0173,2.9553,2.9982,12726468
1645257600000,2.9982,3.0085,2.8244,2.865,34959275
1645272000000,2.865,2.8822,2.8057,2.8754,29156896
1645286400000,2.8753,2.934,2.8401,2.8515,24006601
1645300800000,2.8508,2.8919,2.8375,2.8857,12145616
1645315200000,2.8855,2.8855,2.75,2.7759,22802757
1645329600000,2.7759,2.7962,2.65,2.7185,37468558
1645344000000,2.7185,2.7201,2.6573,2.6882,28765232
1645358400000,2.6884,2.73,2.6081,2.66,30099591
1645372800000,2.66,2.723,2.6575,2.7021,22246562
1645387200000,2.7021,2.78,2.642,2.6914,31366777
1645401600000,2.6919,2.868,2.6645,2.803,44450906
1645416000000,2.8029,2.9438,2.8017,2.9327,42878417
1645430400000,2.9322,2.9497,2.7326,2.7607,78056909
1645444800000,2.7602,2.85,2.6691,2.778,124020098
1645459200000,2.7783,2.7998,2.6162,2.662,82983804
1645473600000,2.6621,2.6941,2.4511,2.4808,73392519
1645488000000,2.4803,2.535,2.3758,2.4052,61191014
1645502400000,2.4056,2.4935,2.3838,2.4441,47179323
1645516800000,2.4436,2.5921,2.4322,2.5487,62601458
1645531200000,2.5487,2.6145,2.5158,2.5544,58269728
1645545600000,2.5541,2.5769,2.5082,2.5671,50844777
1645560000000,2.5672,2.6547,2.5249,2.6437,34272263
1645574400000,2.6441,2.6872,2.5703,2.588,37962371
1645588800000,2.5881,2.6569,2.582,2.6547,22923666
1645603200000,2.655,2.7959,2.6391,2.7593,55462100
1645617600000,2.7593,2.808,2.6802,2.6948,44993849
1645632000000,2.6948,2.7585,2.612,2.6177,51163373
1645646400000,2.6168,2.6424,2.543,2.5519,35970933
1645660800000,2.5523,2.5765,2.2923,2.3053,66564304
1645675200000,2.3053,2.3386,2.1936,2.2982,90424451
1645689600000,2.2976,2.3537,2.2327,2.2895,60859916
1645704000000,2.2894,2.422,2.2556,2.4067,68295802
1645718400000,2.407,2.5625,2.3671,2.5539,78766957
1645732800000,2.5538,2.7029,2.5324,2.5851,73581885
1645747200000,2.5851,2.6839,2.57,2.6391,37978329
1645761600000,2.6394,2.6461,2.5525,2.6075,27999621
1645776000000,2.6074,2.636,2.515,2.6236,39313857
1645790400000,2.6252,2.7342,2.6208,2.7008,67087097
1645804800000,2.7008,2.7156,2.629,2.6357,29525282
1645819200000,2.6354,2.86,2.6218,2.7389,30281043
1646092800000,2.8475,2.891,2.763,2.7957,32473189
1646107200000,2.7957,2.8346,2.7585,2.8189,21147177
1646121600000,2.8193,2.8405,2.7365,2.8049,29278787
1646136000000,2.8052,2.9297,2.7674,2.7959,59053103
1646150400000,2.7965,2.83,2.7533,2.7911,24136302
1646164800000,2.7915,2.8513,2.768,2.8375,17751779
1646179200000,2.8379,2.8539,2.7572,2.841,19994185
1646193600000,2.8412,2.852,2.77,2.7941,16811160
1646208000000,2.7938,2.8246,2.76,2.8173,17270041
1646222400000,2.8177,2.8438,2.711,2.7553,44246516
1646236800000,2.7556,2.788,2.7013,2.7295,16963521
1646251200000,2.7292,2.7874,2.7225,2.7505,10314599
1646265600000,2.7507,2.7659,2.6743,2.6931,15322564
1646280000000,2.6931,2.73,2.6646,2.7105,12971796
1646294400000,2.7105,2.725,2.68,2.7039,13496690
1646308800000,2.7033,2.7461,2.6084,2.6345,27019585
1646323200000,2.6345,2.648,2.58,2.615,19571365
1646337600000,2.615,2.6579,2.5857,2.6356,13203626
1646352000000,2.6356,2.642,2.5112,2.5483,19886992
1646366400000,2.5478,2.574,2.5252,2.5682,10513180
1646380800000,2.5687,2.6382,2.5374,2.6287,18305986
1646395200000,2.6289,2.6351,2.5405,2.5523,23314398
1646409600000,2.5522,2.5716,2.495,2.5069,18210923
1646424000000,2.5075,2.5219,2.4319,2.4778,18904959
1646438400000,2.4778,2.5098,2.4044,2.4912,14470226
1646452800000,2.4919,2.5416,2.464,2.5309,13163698
1646467200000,2.5309,2.5516,2.4924,2.5236,14641604
1646481600000,2.5241,2.5449,2.4936,2.5283,13092890
1646496000000,2.5286,2.5693,2.5194,2.5451,12745003
1646510400000,2.545,2.5653,2.5331,2.5569,8953520
1646524800000,2.5564,2.593,2.5075,2.5165,11368118
1646539200000,2.5164,2.5342,2.4753,2.5081,11923276
1646553600000,2.5081,2.5164,2.4334,2.4588,17987384
1646568000000,2.4592,2.5068,2.446,2.4724,14573190
1646582400000,2.4728,2.505,2.4397,2.4486,11560382
1646596800000,2.4483,2.502,2.4083,2.4147,14383951
1646611200000,2.4155,2.4209,2.3325,2.3561,19433633
1646625600000,2.3561,2.4087,2.347,2.3711,10347745
1646640000000,2.3712,2.4072,2.352,2.4036,11856613
1646654400000,2.4033,2.5256,2.4031,2.4827,27095305
1646668800000,2.4826,2.5065,2.31,2.3232,26486225
1646683200000,2.3229,2.398,2.2966,2.3526,21010261
1646697600000,2.3525,2.4284,2.3342,2.4103,15386583
1646712000000,2.4103,2.4238,2.3555,2.394,13505073
1646726400000,2.394,2.4383,2.386,2.4104,16343797
1646740800000,2.4109,2.4253,2.3576,2.3833,20371414
1646755200000,2.3838,2.44,2.3531,2.4031,22309504
1646769600000,2.4021,2.4093,2.367,2.3916,8585450
1646784000000,2.3916,2.5183,2.384,2.5099,17440301
1646798400000,2.51,2.5315,2.475,2.5209,16479289
1646812800000,2.5208,2.5466,2.5,2.5141,15651867
1646827200000,2.514,2.5368,2.4746,2.5269,17284573
1646841600000,2.5266,2.5306,2.465,2.4941,12567969
1646856000000,2.4943,2.5065,2.4625,2.4929,8339848
1646870400000,2.4928,2.5127,2.4105,2.421,15078373
1646884800000,2.4212,2.4271,2.3469,2.3725,18916382
1646899200000,2.3726,2.3789,2.3492,2.3651,9326072
1646913600000,2.365,2.4054,2.321,2.3741,24728609
1646928000000,2.3739,2.3881,2.3521,2.3822,9630808
1646942400000,2.3816,2.3934,2.3581,2.3689,8313833
1646956800000,2.3689,2.3737,2.3034,2.3381,10961040
1646971200000,2.338,2.3749,2.3069,2.3649,10043036
1646985600000,2.3648,2.4035,2.339,2.3929,13845921
1647000000000,2.3921,2.4093,2.3331,2.3496,15486886
1647014400000,2.3495,2.3501,2.31,2.3213,9322842
1647028800000,2.3212,2.3419,2.2947,2.3047,10978456
1647043200000,2.3045,2.3531,2.2984,2.3294,6643423
1647057600000,2.3296,2.3585,2.3147,2.3357,6627890
1647072000000,2.3358,2.343,2.3157,2.329,5651420
1647086400000,2.3291,2.344,2.3126,2.3241,7708861
1647100800000,2.3242,2.3424,2.3163,2.32,5839583
1647115200000,2.3193,2.3306,2.3032,2.3089,3880950
1647129600000,2.3088,2.4456,2.3001,2.3904,34622000
1647144000000,2.3903,2.4072,2.3619,2.3727,19809714
1647158400000,2.3734,2.3788,2.3252,2.3343,11528499
1647172800000,2.334,2.3414,2.2973,2.3254,13095609
1647187200000,2.3254,2.3389,2.32,2.3226,5849914
1647201600000,2.322,2.3244,2.2276,2.2497,16161646
1647216000000,2.2491,2.2725,2.2194,2.2624,10514722
1647230400000,2.2624,2.3086,2.2605,2.3027,11212579
1647244800000,2.3032,2.3194,2.2824,2.2835,7844201
1647259200000,2.2834,2.2974,2.2705,2.2824,10049592
1647273600000,2.2821,2.2888,2.237,2.2621,12996706
1647288000000,2.2623,2.3099,2.2557,2.3035,11271923
1647302400000,2.3033,2.3241,2.2602,2.2656,11562466
1647316800000,2.2654,2.2731,2.2267,2.249,8436971
1647331200000,2.249,2.2496,2.227,2.2403,7281520
1647345600000,2.2402,2.266,2.2278,2.2509,11100432
1647360000000,2.2506,2.2907,2.2402,2.2823,12368909
1647374400000,2.2823,2.2928,2.252,2.2707,8281366
1647388800000,2.2707,2.3491,2.2472,2.2519,18572026
1647403200000,2.2519,2.3624,2.2426,2.3577,17607392
1647417600000,2.3577,2.3773,2.3274,2.3415,19710926
1647432000000,2.3415,2.3717,2.3105,2.3403,16742154
1647446400000,2.3404,2.4416,2.2816,2.4304,34405606
1647460800000,2.4304,2.5035,2.4166,2.4923,22483877
1647475200000,2.4923,2.5357,2.45,2.4542,21758103
1647489600000,2.4536,2.4641,2.425,2.4446,12005600
1647504000000,2.4446,2.4566,2.4131,2.4352,10369856
1647518400000,2.4352,2.465,2.422,2.4336,14103709
1647532800000,2.4339,2.459,2.43,2.4455,8364236
1647547200000,2.4459,2.4585,2.4233,2.4388,7183308
1647561600000,2.4389,2.4433,2.3573,2.3679,12642718
1647576000000,2.3677,2.4038,2.3612,2.3721,7819807
1647590400000,2.3721,2.3877,2.3489,2.3633,8570765
1647604800000,2.3631,2.3985,2.351,2.3965,11168929
1647619200000,2.3965,2.4573,2.3957,2.4556,15931310
1647633600000,2.4561,2.4648,2.4264,2.4497,9072147
1647648000000,2.4502,2.4729,2.4255,2.4463,8490251
1647662400000,2.4462,2.4625,2.4343,2.4386,5583666
1647676800000,2.4385,2.5051,2.4362,2.4942,13264737
1647691200000,2.4942,2.528,2.4727,2.5093,23167995
1647705600000,2.5093,2.5555,2.487,2.5269,18962334
1647720000000,2.5269,2.5312,2.4687,2.5059,10992483
1647734400000,2.5057,2.51,2.4311,2.4627,12676307
1647748800000,2.4631,2.4858,2.448,2.4752,6606092
1647763200000,2.4752,2.4808,2.4213,2.43,11256443
1647777600000,2.4302,2.4355,2.3926,2.402,12373779
1647792000000,2.4022,2.4212,2.37,2.4106,10518133
1647806400000,2.4103,2.4277,2.3885,2.3973,6535057
1647820800000,2.3977,2.4131,2.3515,2.3769,8800989
1647835200000,2.3773,2.4234,2.3706,2.4229,6963567
1647849600000,2.4231,2.4492,2.4123,2.431,10316059
1647864000000,2.4311,2.4725,2.4007,2.4308,21762903
1647878400000,2.4303,2.436,2.3762,2.4181,13118291
1647892800000,2.4185,2.4263,2.3943,2.4031,5726447
1647907200000,2.4032,2.4712,2.3884,2.4567,11935499
1647921600000,2.4571,2.4928,2.4327,2.4557,12482344
1647936000000,2.4564,2.479,2.4459,2.478,9469879
1647950400000,2.4781,2.493,2.4535,2.4565,16705473
1647964800000,2.4561,2.4684,2.4232,2.4259,8016272
1647979200000,2.4257,2.4573,2.4242,2.4333,7440654
1647993600000,2.4334,2.47,2.4012,2.4314,12876719
1648008000000,2.4312,2.4596,2.4177,2.4448,9533759
1648022400000,2.4448,2.4572,2.4315,2.4422,8312000
1648036800000,2.4426,2.554,2.4383,2.5448,30015995
1648051200000,2.5448,2.5586,2.4714,2.5021,23696129
1648065600000,2.502,2.5546,2.4876,2.5388,13112101
1648080000000,2.5392,2.7026,2.5384,2.5877,45560305
1648094400000,2.5882,2.6428,2.5882,2.6233,17048137
1648108800000,2.6233,2.6341,2.5699,2.6217,20095407
1648123200000,2.6216,2.6469,2.5684,2.6385,28969150
1648137600000,2.639,2.675,2.6204,2.6356,19653056
1648152000000,2.6356,2.71,2.6275,2.6985,21877596
1648166400000,2.6985,2.7052,2.6275,2.6452,16111356
1648180800000,2.6452,2.6744,2.6301,2.6345,9713662
1648195200000,2.6345,2.674,2.5896,2.6653,18184655
1648209600000,2.6654,2.7237,2.6219,2.6344,34163431
1648224000000,2.6343,2.6657,2.5675,2.6054,25708770
1648238400000,2.6056,2.6121,2.5726,2.5903,6811637
1648252800000,2.5908,2.6099,2.5462,2.5972,10599423
1648267200000,2.5971,2.6285,2.5901,2.6236,7790281
1648281600000,2.6238,2.6275,2.5972,2.6021,6686809
1648296000000,2.602,2.607,2.5702,2.5943,9654310
1648310400000,2.5942,2.6165,2.579,2.6019,8838582
1648324800000,2.6019,2.6208,2.594,2.6165,6350578
1648339200000,2.6165,2.642,2.5985,2.6102,9792565
1648353600000,2.6101,2.6338,2.6001,2.6313,6506716
1648368000000,2.6312,2.642,2.6154,2.6337,11257881
1648382400000,2.6337,2.6349,2.582,2.6193,18861221
1648396800000,2.6192,2.6587,2.6148,2.6448,18604303
1648411200000,2.6449,2.744,2.6263,2.7351,26103050
1648425600000,2.7351,2.7549,2.6871,2.7398,15452058
1648440000000,2.7392,2.7699,2.7116,2.7593,18247941
1648454400000,2.7593,2.7997,2.7257,2.7837,19174488
1648468800000,2.7837,2.82,2.7544,2.7655,24273809
1648483200000,2.7655,2.8197,2.727,2.8022,21288514
1648497600000,2.8019,2.8149,2.65,2.6781,22531825
1648512000000,2.6783,2.7589,2.6685,2.7299,10931114
1648526400000,2.7297,2.7709,2.7135,2.7221,14260182
1648540800000,2.722,2.775,2.7181,2.7706,19515635
1648555200000,2.7706,2.7877,2.7,2.714,24643153
1648569600000,2.7129,2.7248,2.635,2.7081,24233845
1648584000000,2.708,2.7308,2.6203,2.6961,16666090
1648598400000,2.6961,2.6968,2.5916,2.6671,18584919
1648612800000,2.6671,2.7071,2.65,2.6997,17171225
1648627200000,2.6997,2.722,2.673,2.7035,17134163
1648641600000,2.7035,2.7112,2.65,2.6959,14638531
1648656000000,2.6956,2.7532,2.6812,2.7078,23625800
1648670400000,2.7081,2.7191,2.6774,2.7048,9830143
1648684800000,2.7047,2.8485,2.6903,2.7802,30713081
1648699200000,2.7799,2.8019,2.7508,2.7933,25739096
1648713600000,2.7933,2.8029,2.7517,2.7684,15287555
1648728000000,2.7686,2.781,2.5977,2.6972,52570205
1648742400000,2.697,2.699,2.5745,2.6021,33779551
1648756800000,2.6023,2.644,2.5709,2.6142,12348414
1648944000000,2.6394,2.6851,2.6,2.6548,14182546
1648958400000,2.6551,2.7013,2.6439,2.6929,8831400
1648972800000,2.693,2.7006,2.6613,2.6829,6348220
1648987200000,2.6829,2.7345,2.676,2.7121,13071788
1649001600000,2.7122,2.7247,2.6622,2.6893,10583079
1649016000000,2.6893,2.7712,2.682,2.7276,16804087
1649030400000,2.7273,2.7286,2.6645,2.6902,12055775
1649044800000,2.6902,2.7477,2.6804,2.7358,8887102
1649059200000,2.7358,2.7423,2.6402,2.681,16039944
1649073600000,2.6811,2.6993,2.591,2.599,16168407
1649088000000,2.5994,2.6272,2.5501,2.6256,14869830
1649102400000,2.6257,2.6726,2.6187,2.6581,10846007
1649116800000,2.658,2.67,2.6333,2.661,6265258
1649131200000,2.6611,2.6816,2.6355,2.6567,7672660
1649145600000,2.6564,2.6679,2.632,2.6606,6124503
1649160000000,2.6605,2.6882,2.593,2.6119,17224031
1649174400000,2.6122,2.6642,2.5812,2.6032,15329711
1649188800000,2.6031,2.6187,2.55,2.562,12648523
1649203200000,2.5624,2.5639,2.3835,2.4809,28369156
1649217600000,2.4808,2.5238,2.4679,2.4848,8132034
1649232000000,2.4847,2.4945,2.3979,2.4278,15864932
1649246400000,2.4277,2.4458,2.311,2.3752,27171096
1649260800000,2.3752,2.3986,2.3151,2.3902,23422900
1649275200000,2.39,2.4656,2.3165,2.3269,22441266
1649289600000,2.3272,2.38,2.2868,2.355,15584435
1649304000000,2.3552,2.4143,2.3477,2.3983,9648050
1649318400000,2.399,2.4256,2.3649,2.4177,11216780
1649332800000,2.4177,2.4334,2.3428,2.374,14571083
1649347200000,2.3743,2.4206,2.3619,2.3937,15797977
1649361600000,2.3936,2.4299,2.3796,2.4128,5803165
1649376000000,2.4125,2.4441,2.4001,2.4216,7210297
1649390400000,2.4215,2.4298,2.3888,2.4157,6541307
1649404800000,2.4155,2.4245,2.365,2.3715,9381146
1649419200000,2.3713,2.3844,2.3072,2.3548,17966970
1649433600000,2.3547,2.3578,2.298,2.3222,14834666
1649448000000,2.3222,2.3299,2.2406,2.2652,12632685
1649462400000,2.2653,2.308,2.2595,2.2835,7965735
1649476800000,2.2836,2.3183,2.2824,2.3011,5666901
1649491200000,2.3004,2.3247,2.2886,2.315,5569426
1649505600000,2.315,2.3363,2.2816,2.2864,8645120
1649520000000,2.2873,2.3235,2.2805,2.3051,7179146
1649534400000,2.3051,2.3425,2.2987,2.3389,5092709
1649548800000,2.3388,2.3485,2.316,2.3349,5374766
1649563200000,2.335,2.3391,2.3024,2.3134,4478978
1649577600000,2.313,2.317,2.2863,2.3024,4824602
1649592000000,2.3023,2.3124,2.2812,2.2977,5895840
1649606400000,2.2972,2.345,2.2939,2.3363,8922266
1649620800000,2.3365,2.3545,2.2555,2.2637,14085886
1649635200000,2.2639,2.2814,2.2008,2.2231,16384643
1649649600000,2.2237,2.2589,2.2201,2.2558,6486067
1649664000000,2.2559,2.26,2.1164,2.1314,23659375
1649678400000,2.1315,2.1515,2.08,2.0923,19635528
1649692800000,2.0924,2.1354,2.0848,2.1082,13065762
1649707200000,2.1081,2.1198,2.0309,2.0558,16740954
1649721600000,2.0557,2.097,2.0442,2.0779,10098765
1649736000000,2.0777,2.1433,2.0658,2.1333,10179175
1649750400000,2.1334,2.1991,2.128,2.1675,13813684
1649764800000,2.1671,2.1932,2.1243,2.1532,19087966
1649779200000,2.1532,2.1686,2.0789,2.0846,14102956
1649793600000,2.0851,2.1608,2.0808,2.1522,9183296
1649808000000,2.1524,2.1661,2.1185,2.1447,7709019
1649822400000,2.1447,2.1656,2.1345,2.1509,6116807
1649836800000,2.151,2.1567,2.1128,2.1158,8524844
1649851200000,2.1157,2.2165,2.1057,2.1995,19603800
1649865600000,2.1995,2.2127,2.1716,2.1899,12190301
1649880000000,2.1899,2.2084,2.1768,2.1998,6869402
1649894400000,2.1999,2.2366,2.1935,2.2135,7576037
1649908800000,2.2137,2.2205,2.1867,2.195,6435137
1649923200000,2.1951,2.2036,2.158,2.1644,9938173
1649937600000,2.1649,2.1993,2.1175,2.122,15252508
1649952000000,2.1221,2.1359,2.0927,2.1036,10776986
1649966400000,2.1037,2.1368,2.0964,2.1186,6429935
1649980800000,2.1185,2.1472,2.1128,2.1463,5669324
1649995200000,2.1461,2.1534,2.1162,2.1354,6414140
1650009600000,2.1354,2.1503,2.1257,2.1404,7033908
1650024000000,2.1404,2.1484,2.1004,2.1287,9147161
1650038400000,2.1286,2.153,2.1229,2.1309,7577122
1650052800000,2.1307,2.1465,2.1253,2.1439,3563105
1650067200000,2.1441,2.189,2.138,2.1522,7603177
1650081600000,2.1526,2.1906,2.1512,2.1557,7923849
1650096000000,2.1558,2.1643,2.146,2.1522,5679950
1650110400000,2.1521,2.156,2.1115,2.1168,8312227
1650124800000,2.1168,2.133,2.1091,2.1261,5074950
1650139200000,2.126,2.1586,2.1239,2.1511,5294381
1650153600000,2.1511,2.1564,2.1201,2.1273,5000306
1650168000000,2.127,2.147,2.126,2.1311,2922388
1650182400000,2.131,2.1343,2.1225,2.1292,5132647
1650196800000,2.1291,2.1426,2.123,2.1392,5452288
1650211200000,2.1394,2.1462,2.105,2.1248,7898555
1650225600000,2.1251,2.1288,2.0367,2.0505,12643310
1650240000000,2.0506,2.0843,2.0405,2.0719,6966810
1650254400000,2.0719,2.0771,1.9413,1.982,20166066
1650268800000,1.982,2.009,1.9719,2.0022,7330197
1650283200000,2.0023,2.04,2.0021,2.0156,11967388
1650297600000,2.0157,2.0894,1.9954,2.0736,18523739
1650312000000,2.0742,2.096,2.0695,2.0857,7206511
1650326400000,2.0861,2.1111,2.0636,2.0715,7063275
1650340800000,2.0715,2.1083,2.0687,2.08,16701985
1650355200000,2.0802,2.1895,2.0733,2.1445,27100148
1650369600000,2.1444,2.2029,2.1437,2.1662,22574301
1650384000000,2.1661,2.181,2.1415,2.155,9661618
1650398400000,2.155,2.1716,2.1411,2.1639,6374772
1650412800000,2.1639,2.2345,2.1208,2.176,21436657
1650427200000,2.1759,2.1974,2.1649,2.1825,8852400
1650441600000,2.1828,2.2159,2.1758,2.2073,10281509
1650456000000,2.2074,2.2106,2.1068,2.1211,19353528
1650470400000,2.1211,2.1219,2.068,2.0846,14486722
1650484800000,2.0842,2.1205,2.0767,2.1044,8462165
1650499200000,2.1043,2.1323,2.1006,2.1299,6396507
1650513600000,2.1299,2.1499,2.0961,2.1418,10687308
1650528000000,2.1418,2.1603,2.1082,2.1485,12289756
1650542400000,2.1485,2.1631,2.127,2.1336,14670708
1650556800000,2.1336,2.1408,2.0713,2.0764,12529021
1650571200000,2.0764,2.0783,1.986,2.0244,18782996
1650585600000,2.0247,2.053,2.0143,2.0448,7692988
1650600000000,2.0447,2.0799,2.0367,2.0608,8901097
1650614400000,2.0611,2.0675,2.0274,2.0541,9363754
1650628800000,2.0542,2.0583,2.0101,2.02,10977570
1650643200000,2.0204,2.0518,2.0117,2.0375,8172451
1650657600000,2.0374,2.0489,2.0132,2.0369,5518508
1650672000000,2.0368,2.042,2.005,2.0159,4327988
1650686400000,2.0156,2.0354,1.9915,2.0303,6217843
1650700800000,2.0303,2.0336,2.0188,2.0283,3811037
1650715200000,2.0283,2.035,2.0164,2.0321,4732391
1650729600000,2.0321,2.0499,2.023,2.0304,5529139
1650744000000,2.0303,2.0387,1.997,2.0092,4410668
1650758400000,2.0092,2.0264,1.9789,2.0043,7498112
1650772800000,2.0043,2.0096,1.9921,2.0023,4080880
1650787200000,2.0024,2.0074,1.99,1.9957,4080584
1650801600000,1.9957,2.0014,1.9532,1.9873,11582177
1650816000000,1.9877,1.9989,1.9632,1.9912,8523445
1650830400000,1.9912,2.0266,1.971,2.0008,11393095
1650844800000,2.0007,2.0058,1.8874,1.9477,23399945
1650859200000,1.9478,1.959,1.8377,1.8567,19626330
1650873600000,1.8566,1.898,1.8451,1.8972,15688360
1650888000000,1.8973,1.9187,1.875,1.8987,13702345
1650902400000,1.8986,1.9791,1.8922,1.9778,15023648
1650916800000,1.9777,1.988,1.9655,1.98,8015877
1650931200000,1.9799,2.0067,1.9575,1.9696,7508049
1650945600000,1.9697,1.9916,1.9504,1.9693,5690229
1650960000000,1.9692,1.9762,1.9152,1.9292,8647543
1650974400000,1.9297,1.94,1.851,1.8534,18436206
1650988800000,1.853,1.8773,1.8026,1.8274,16527565
1651003200000,1.8272,1.8489,1.7713,1.8065,14669515
1651017600000,1.8065,1.8341,1.7868,1.8164,8136859
1651032000000,1.8163,1.8672,1.8122,1.867,7608520
1651046400000,1.8671,1.873,1.8202,1.8461,9809263
1651060800000,1.8464,1.89,1.835,1.8537,15696695
1651075200000,1.854,1.8669,1.8142,1.8199,8259049
1651089600000,1.82,1.8468,1.818,1.8426,6892748
1651104000000,1.8427,1.8472,1.8194,1.8275,6669152
1651118400000,1.8276,1.8443,1.8081,1.8329,6253264
1651132800000,1.8329,1.8657,1.8273,1.8449,9424678
1651147200000,1.8448,1.8515,1.7865,1.8045,19925906
1651161600000,1.8042,1.8533,1.7809,1.8189,12535470
1651176000000,1.8188,1.8195,1.7938,1.8038,9156371
1651190400000,1.8039,1.8164,1.7737,1.7806,7136647
1651204800000,1.7806,1.7929,1.7581,1.791,7714351
1651219200000,1.7909,1.7937,1.7054,1.7256,17606925
1651233600000,1.7256,1.7425,1.6974,1.7183,14007741
1651248000000,1.7186,1.7195,1.6145,1.6365,25644323
1651262400000,1.6366,1.6823,1.6311,1.6675,14235660
1651276800000,1.6675,1.692,1.6585,1.6703,8747693
1651291200000,1.6703,1.695,1.6599,1.6632,6650667
1651305600000,1.6632,1.6649,1.6328,1.6574,8198518
1651320000000,1.6573,1.6649,1.5821,1.6051,14085749
1651334400000,1.6051,1.6135,1.5312,1.5585,20748678
1651348800000,1.5586,1.5587,1.3309,1.4302,53548315
1651363200000,1.4302,1.461,1.3961,1.4455,25970508
1651377600000,1.4455,1.485,1.42,1.4533,14054575
1651392000000,1.4534,1.4894,1.4522,1.4602,11143523
1651406400000,1.4608,1.533,1.4425,1.5206,17607212
1651420800000,1.5204,1.5599,1.4571,1.4818,22412710
1651435200000,1.4818,1.5446,1.4726,1.5251,14140336
1651449600000,1.525,1.5814,1.5087,1.5214,15158558
1651464000000,1.5213,1.5544,1.5178,1.5285,9906168
1651478400000,1.5285,1.5382,1.4505,1.4629,16530098
1651492800000,1.4628,1.5173,1.4443,1.5006,23351794
1651507200000,1.5006,1.505,1.4302,1.4958,22674223
1651521600000,1.4959,1.5329,1.4732,1.506,10804451
1651536000000,1.506,1.5438,1.4825,1.5215,10390807
1651550400000,1.5214,1.542,1.5102,1.5247,7225956
1651564800000,1.5247,1.59,1.4988,1.5686,18656994
1651579200000,1.5683,1.58,1.5124,1.5308,19265125
1651593600000,1.5308,1.5364,1.4488,1.4579,19479130
1651608000000,1.4581,1.4894,1.4455,1.4727,9461558
1651622400000,1.4726,1.5211,1.4649,1.4951,13681316
1651636800000,1.495,1.5138,1.4674,1.5084,9917639
1651651200000,1.5084,1.5561,1.5081,1.5437,18591067
1651665600000,1.5437,1.5441,1.4879,1.5142,14368204
1651680000000,1.5142,1.6229,1.5035,1.6198,28715336
1651694400000,1.6199,1.6797,1.6152,1.6612,19062626
1651708800000,1.6612,1.6786,1.645,1.6602,8674218
1651723200000,1.6602,1.6641,1.6131,1.6301,8407923
1651737600000,1.6301,1.6341,1.5973,1.6005,10825441
1651752000000,1.6008,1.6159,1.4445,1.4652,42636088
1651766400000,1.4651,1.4841,1.415,1.4552,32115290
1651780800000,1.4549,1.4887,1.4335,1.4632,14520108
1651795200000,1.4632,1.4779,1.4403,1.4702,7581887
1651809600000,1.4704,1.475,1.4079,1.4401,11028105
1651824000000,1.4401,1.4626,1.3904,1.4113,15600275
1651838400000,1.4113,1.479,1.3913,1.4438,30410544
1651852800000,1.4437,1.4577,1.4278,1.4478,14336999
1651867200000,1.4478,1.4585,1.435,1.4461,7213023
1651881600000,1.4463,1.4543,1.4,1.4026,7524867
1651896000000,1.4025,1.4212,1.3834,1.4154,9500866
1651910400000,1.4153,1.4374,1.4105,1.4268,7973381
1651924800000,1.4268,1.4284,1.4043,1.4211,6551446
1651939200000,1.4212,1.4281,1.4061,1.4132,6816522
1651953600000,1.4131,1.4153,1.3324,1.3696,20400550
1651968000000,1.3698,1.3876,1.31,1.3404,21022017
1651982400000,1.3405,1.3587,1.325,1.3399,10662383
1651996800000,1.3398,1.3784,1.335,1.3766,15194434
1652011200000,1.3761,1.3775,1.318,1.3391,15313994
1652025600000,1.339,1.3783,1.3054,1.3544,22394839
1652040000000,1.3545,1.359,1.3179,1.3299,10109251
1652054400000,1.3301,1.3555,1.273,1.2902,17606408
1652068800000,1.2901,1.3088,1.255,1.2584,13983184
1652083200000,1.2584,1.2694,1.1917,1.2233,29236442
1652097600000,1.2235,1.2445,1.1792,1.191,29983050
1652112000000,1.1912,1.2,1.0876,1.1372,70334529
1652126400000,1.1371,1.1853,1.0492,1.0591,44924402
1652140800000,1.0597,1.1129,1.0184,1.07,66001212
1652155200000,1.0699,1.2153,1.0637,1.1503,40359620
1652169600000,1.1501,1.2035,1.1496,1.1935,28538005
1652184000000,1.1938,1.2263,1.1302,1.1737,44327554
1652198400000,1.1736,1.2071,1.1317,1.14,31170599
1652212800000,1.1398,1.1441,1.0539,1.1126,35853824
1652227200000,1.1129,1.1563,1.0828,1.1081,26620876
1652241600000,1.108,1.1296,0.9772,1.0112,48458765
1652256000000,1.0111,1.0836,0.973,0.984,49524800
1652270400000,0.9837,1.0205,0.7711,0.9062,166457739
1652284800000,0.9064,0.9216,0.7989,0.8079,57877415
1652299200000,0.8078,0.826,0.7476,0.7685,84251093
1652313600000,0.7693,0.833,0.7008,0.7032,71743037
1652328000000,0.703,0.7418,0.6277,0.7275,168863302
1652342400000,0.7278,0.7498,0.6831,0.7176,130143260
1652356800000,0.7171,0.7948,0.6924,0.7503,79534092
1652371200000,0.7501,0.8284,0.743,0.767,47978604
1652385600000,0.767,0.7722,0.7009,0.7075,29801475
1652400000000,0.7075,1.0595,0.6983,1.0063,135834003
1652414400000,1.0065,1.0799,0.9478,0.9915,145026041
1652428800000,0.992,1.175,0.9906,1.1134,184325319
1652443200000,1.1134,1.1394,1.054,1.0774,127903073
1652457600000,1.078,1.1071,1.0,1.0311,106812150
1652472000000,1.0311,1.0815,0.982,1.0238,70418475
1652486400000,1.0247,1.32,1.0046,1.2564,305133594
1652500800000,1.2565,1.2683,1.1839,1.2153,169508894
1652515200000,1.2153,1.2274,1.1007,1.1568,166856773
1652529600000,1.1575,1.1688,1.0965,1.1095,177556192
1652544000000,1.1094,1.2355,1.0822,1.1578,193013005
1652558400000,1.1578,1.345,1.127,1.3344,145149794
1652572800000,1.3344,1.36,1.2302,1.2538,180386704
1652587200000,1.2537,1.2997,1.216,1.254,82278965
1652601600000,1.254,1.278,1.2207,1.2641,66353619
1652616000000,1.2641,1.2823,1.192,1.2095,74932373
1652630400000,1.2097,1.2696,1.1992,1.264,60267494
1652644800000,1.264,1.3433,1.2536,1.3355,65692161
1652659200000,1.3354,1.3363,1.2212,1.2454,70851920
1652673600000,1.2456,1.2516,1.1535,1.1809,66937896
1652688000000,1.1808,1.2253,1.1615,1.1952,65305897
1652702400000,1.1952,1.2281,1.1705,1.202,68351184
1652716800000,1.2021,1.217,1.1768,1.189,38524122
1652731200000,1.189,1.212,1.1641,1.1745,33137573
1652745600000,1.1745,1.237,1.1676,1.2211,56180512
1652760000000,1.2209,1.2473,1.2106,1.2175,28464967
1652774400000,1.2173,1.2325,1.1948,1.1988,33063668
1652788800000,1.199,1.2359,1.1682,1.1819,54434404
1652803200000,1.182,1.194,1.1419,1.1767,56214919
1652817600000,1.1764,1.2291,1.1727,1.2162,34146035
1652832000000,1.2163,1.2348,1.1628,1.1677,35637820
1652846400000,1.1678,1.186,1.15,1.1635,24628860
1652860800000,1.164,1.1716,1.1506,1.1533,20981734
1652875200000,1.1536,1.1573,1.063,1.0706,78411633
1652889600000,1.0709,1.077,1.0413,1.0713,65911949
1652904000000,1.0713,1.0733,1.026,1.0335,35539793
1652918400000,1.0336,1.054,0.9751,1.0319,65047862
1652932800000,1.0319,1.0639,1.017,1.0338,39668528
1652947200000,1.0339,1.0549,0.9927,1.0488,56618896
1652961600000,1.049,1.1609,1.0319,1.1442,126197037
1652976000000,1.1442,1.1487,1.081,1.0815,66231489
1652990400000,1.0814,1.1352,1.0766,1.12,41042583
1653004800000,1.12,1.15,1.0967,1.1027,47262318
1653019200000,1.1025,1.1118,1.077,1.0986,35784174
1653033600000,1.0985,1.1561,1.0913,1.1379,48384854
1653048000000,1.1378,1.143,1.0367,1.0463,73495481
1653062400000,1.0463,1.0639,1.0209,1.0611,58155232
1653076800000,1.0612,1.0822,1.0492,1.0658,29161043
1653091200000,1.0658,1.0819,1.0374,1.0699,26868244
1653105600000,1.07,1.0797,1.0477,1.0749,22473332
1653120000000,1.0748,1.1073,1.0618,1.0823,31663325
1653134400000,1.0823,1.1008,1.065,1.0941,29778556
1653148800000,1.0941,1.1176,1.0769,1.0844,31667504
1653163200000,1.0844,1.1,1.0697,1.0927,16348123
1653177600000,1.0926,1.1236,1.0808,1.0931,26348486
1653192000000,1.0929,1.1043,1.0706,1.1035,17335157
1653206400000,1.1036,1.1279,1.095,1.1032,29613747
1653220800000,1.1032,1.1218,1.0801,1.0921,25453748
1653235200000,1.0922,1.1058,1.0725,1.0917,22814564
1653249600000,1.0917,1.1194,1.0903,1.1021,23083453
1653264000000,1.1019,1.1393,1.0821,1.1027,32361017
1653278400000,1.1027,1.1318,1.0962,1.1215,24391812
1653292800000,1.1217,1.1317,1.1063,1.1169,27338375
1653307200000,1.1173,1.1271,1.081,1.1167,52564796
1653321600000,1.1168,1.1255,1.0477,1.0502,41152325
1653336000000,1.0502,1.076,1.0133,1.0315,38376545
1653350400000,1.0314,1.046,1.0262,1.043,19220179
1653364800000,1.0426,1.0541,1.0324,1.0426,17997370
1653379200000,1.0423,1.0426,1.0016,1.0225,39537605
1653393600000,1.0225,1.0304,0.9695,1.0155,73857000
1653408000000,1.0153,1.0291,0.9864,1.0124,41119195
1653422400000,1.0124,1.05,1.0074,1.0396,20007229
1653436800000,1.0396,1.0592,1.0187,1.0511,24478069
1653451200000,1.0512,1.052,1.016,1.0228,21384559
1653465600000,1.0228,1.033,1.0001,1.0019,27061299
1653480000000,1.0019,1.0419,0.9984,1.0327,42177078
1653494400000,1.0326,1.053,1.0161,1.0388,41615280
1653508800000,1.039,1.078,1.0363,1.0552,38311711
1653523200000,1.0552,1.1089,1.0518,1.089,65163168
1653537600000,1.0889,1.091,1.0143,1.0377,66733881
1653552000000,1.0377,1.0387,0.97,0.9849,59328025
1653566400000,0.9849,1.0328,0.9327,1.0191,113457869
1653580800000,1.019,1.0492,0.981,0.9841,65823837
1653595200000,0.9841,1.0169,0.9797,0.987,31694401
1653609600000,0.987,1.0014,0.9238,0.9533,62078316
1653624000000,0.9534,0.9638,0.9081,0.9387,61610668
1653638400000,0.9382,0.9645,0.9281,0.9506,39467663
1653652800000,0.9506,0.985,0.9401,0.9456,70537495
1653667200000,0.9456,0.9524,0.9035,0.9318,57759672
1653681600000,0.9316,0.9579,0.9198,0.9298,25109398
1653696000000,0.9298,0.9698,0.923,0.9582,31001298
1653710400000,0.9581,0.968,0.9405,0.9448,27585086
1653724800000,0.9449,0.9568,0.9338,0.9464,23639759
1653739200000,0.9463,0.9662,0.9423,0.9539,23522404
1653753600000,0.9538,0.9647,0.9434,0.9555,16163869
1653768000000,0.9555,0.9647,0.9465,0.9547,10865810
1653782400000,0.9547,0.9609,0.9156,0.9302,22577207
1653796800000,0.9301,0.9414,0.9244,0.9324,14758183
1653811200000,0.9324,0.9574,0.9271,0.9552,21674392
1653825600000,0.955,0.9672,0.95,0.9557,20606027
1653840000000,0.9556,0.9666,0.9504,0.9574,13291916
1653854400000,0.9576,0.9746,0.9552,0.9725,15845652
1653868800000,0.9725,1.0398,0.9585,1.0207,41719700
1653883200000,1.021,1.0557,1.0111,1.049,31165616
1653897600000,1.0492,1.0669,1.0407,1.0488,26288699
1653912000000,1.0488,1.0614,1.028,1.0371,31370728
1653926400000,1.0371,1.0645,1.0333,1.0465,21787532
1653940800000,1.0465,1.1008,1.0434,1.0847,43745317
1653955200000,1.0847,1.129,1.0755,1.1112,45724329
1653969600000,1.1113,1.115,1.0602,1.078,28966969
1653984000000,1.0779,1.0962,1.0639,1.0909,22529928
1653998400000,1.0907,1.0945,1.043,1.0881,49963874
1654012800000,1.088,1.0942,1.0601,1.0693,31965437
1654027200000,1.0694,1.1018,1.0691,1.0877,16007326
1654041600000,1.0875,1.0927,1.0355,1.0383,26899711
1654056000000,1.038,1.0508,1.0286,1.0383,21909427
1654070400000,1.0388,1.0606,1.0351,1.0457,28378334
1654084800000,1.0458,1.0675,1.014,1.0152,44809607
1654099200000,1.0155,1.0167,0.9957,1.0065,39916268
1654113600000,1.0066,1.0078,0.9639,0.982,29767365
1654128000000,0.982,0.9829,0.958,0.9618,21478472
1654142400000,0.962,0.9872,0.9563,0.98,12805261
1654156800000,0.9799,1.0002,0.9727,0.9991,17585603
1654171200000,0.9991,1.0064,0.9633,0.9997,32728941
1654185600000,0.9999,1.0245,0.9934,1.0071,61324377
1654200000000,1.0071,1.038,1.0059,1.0354,17697132
1654214400000,1.0352,1.0398,1.0176,1.0256,13786775
1654228800000,1.0257,1.0277,1.0014,1.0077,12083887
1654243200000,1.0077,1.0127,0.9683,0.9911,36425604
1654257600000,0.9912,1.0043,0.9596,0.9679,46360233
1654272000000,0.9679,0.9862,0.9644,0.9743,32912009
1654286400000,0.9745,0.9964,0.9701,0.9788,12269716
1654300800000,0.9788,0.9861,0.9414,0.9583,17650352
1654315200000,0.9585,0.9847,0.9571,0.9826,10674374
1654329600000,0.9826,0.9912,0.9727,0.9756,11074033
1654344000000,0.9757,0.9896,0.9652,0.9818,21008367
1654358400000,0.9818,0.9821,0.9645,0.9707,10933309
1654372800000,0.9706,0.9843,0.9698,0.9805,10007451
1654387200000,0.9804,0.9846,0.9535,0.9657,11434541
1654401600000,0.9658,0.9816,0.9581,0.9712,16997506
1654416000000,0.9712,0.9768,0.963,0.968,9341544
1654430400000,0.9679,0.9806,0.9625,0.98,11303872
1654444800000,0.9802,0.99,0.9746,0.9872,14637349
1654459200000,0.9873,0.9942,0.972,0.9767,14168669
1654473600000,0.9767,1.0333,0.9735,1.0317,27996250
1654488000000,1.0318,1.0499,1.0236,1.0408,20968410
1654502400000,1.0409,1.0623,1.0346,1.0412,23212661
1654516800000,1.0411,1.0465,1.0124,1.0239,29056810
1654531200000,1.0239,1.025,0.9948,1.0092,20518328
1654545600000,1.0093,1.0199,0.9936,1.0146,15712446
1654560000000,1.0147,1.0157,0.936,0.9625,43374608
1654574400000,0.9626,0.9779,0.9579,0.9755,12978284
1654588800000,0.9754,0.9819,0.9491,0.9566,15230639
1654603200000,0.9567,0.978,0.9454,0.9663,22086405
1654617600000,0.9661,1.0037,0.9617,0.9953,21777832
1654632000000,0.9952,1.0296,0.9877,1.0231,38043152
1654646400000,1.0231,1.0375,0.9864,0.9918,27474330
1654660800000,0.9918,1.0104,0.9856,1.0025,11841188
1654675200000,1.0024,1.0076,0.993,1.0008,12795050
1654689600000,1.0008,1.012,0.983,1.0009,18547680
1654704000000,1.001,1.0023,0.9707,0.9857,15138805
1654718400000,0.9856,0.9964,0.9759,0.9789,10045766
1654732800000,0.9789,0.9939,0.964,0.9897,13559845
1654747200000,0.9896,1.0022,0.9853,0.9985,11722668
1654761600000,0.9984,1.0039,0.9854,0.986,14645136
1654776000000,0.9861,0.9897,0.975,0.9865,14651635
1654790400000,0.9864,0.9986,0.9676,0.9694,11969396
1654804800000,0.9694,0.9783,0.965,0.9723,11582349
1654819200000,0.9723,0.9811,0.9484,0.972,18091026
1654833600000,0.972,0.9768,0.9659,0.9676,7566038
1654848000000,0.9675,0.9713,0.9492,0.9584,12483754
1654862400000,0.9584,0.9628,0.9011,0.9223,45758769
1654876800000,0.9223,0.9315,0.8944,0.9087,23361767
1654891200000,0.9087,0.9116,0.8802,0.8904,15444251
1654905600000,0.8905,0.9077,0.8863,0.9047,10058685
1654920000000,0.9047,0.9151,0.9011,0.9144,6927002
1654934400000,0.9143,0.9153,0.8413,0.8508,36341609
1654948800000,0.8509,0.862,0.7953,0.8094,51464120
1654963200000,0.8095,0.846,0.797,0.8292,31832360
1654977600000,0.8292,0.8357,0.8083,0.8181,18425025
1654992000000,0.8181,0.8255,0.7517,0.7815,50015385
1655006400000,0.7814,0.7913,0.7558,0.7899,31300013
1655020800000,0.79,0.8119,0.777,0.7961,26550094
1655035200000,0.7961,0.8796,0.7637,0.8537,70779738
1655049600000,0.8536,0.8586,0.8271,0.8343,37642762
1655064000000,0.8343,0.8426,0.7875,0.7885,37462402
1655078400000,0.7884,0.8066,0.7465,0.7932,88943220
1655092800000,0.7927,0.8268,0.7514,0.7651,79095675
1655107200000,0.7651,0.8036,0.7386,0.7642,126392135
1655121600000,0.7647,0.82,0.745,0.8085,130552364
1655136000000,0.8083,0.886,0.8003,0.8506,149916409
1655150400000,0.8506,0.875,0.7743,0.8257,96104966
1655164800000,0.8259,0.855,0.763,0.845,124267483
1655179200000,0.8452,0.8798,0.8215,0.8547,80279778
1655193600000,0.855,0.8574,0.8036,0.8164,41042886
1655208000000,0.8164,0.8451,0.8034,0.8343,54351487
1655222400000,0.8343,0.8429,0.8003,0.8063,36880099
1655236800000,0.8066,0.825,0.7869,0.8204,24804493
1655251200000,0.8204,0.8235,0.7802,0.7838,33950814
1655265600000,0.7837,0.7884,0.7614,0.7698,42534073
1655280000000,0.7697,0.8097,0.7529,0.801,63469035
1655294400000,0.8008,0.8235,0.7941,0.8117,42565232
1655308800000,0.8115,0.9251,0.783,0.8626,134881042
1655323200000,0.863,0.9252,0.8525,0.9208,41976316
1655337600000,0.9208,0.9384,0.8939,0.8944,33092435
1655352000000,0.8945,0.9063,0.8555,0.8583,23656622
1655366400000,0.8583,0.8621,0.8175,0.8248,34849813
1655380800000,0.8247,0.8502,0.8049,0.8384,49463775
1655395200000,0.8382,0.8536,0.8148,0.8202,31157244
1655409600000,0.8202,0.8533,0.7975,0.8116,31524360
1655424000000,0.8116,0.8438,0.8041,0.8186,28459020
1655438400000,0.8186,0.8531,0.8164,0.8429,18398450
1655452800000,0.8428,0.878,0.8337,0.8543,30338564
1655467200000,0.8543,0.8629,0.8306,0.8448,30331174
1655481600000,0.8447,0.85,0.8335,0.8397,15108287
1655496000000,0.8397,0.8516,0.8325,0.8383,11648391
1655510400000,0.8383,0.8563,0.8178,0.8284,26060700
1655524800000,0.8285,0.8338,0.7759,0.7844,36511934
1655539200000,0.7844,0.8127,0.765,0.7974,36670318
1655553600000,0.7974,0.7996,0.779,0.7802,17637764
1655568000000,0.7803,0.7931,0.7437,0.7465,33703047
1655582400000,0.7467,0.7957,0.7239,0.7772,49633786
1655596800000,0.7773,0.7882,0.7512,0.7596,22809208
1655611200000,0.7597,0.7744,0.747,0.761,24450851
1655625600000,0.761,0.8177,0.7555,0.8007,37877642
1655640000000,0.8007,0.8108,0.7876,0.8075,22868033
1655654400000,0.8076,0.8325,0.7857,0.8108,23975987
1655668800000,0.8109,0.8383,0.8089,0.8274,23626333
1655683200000,0.8273,0.8318,0.7886,0.8006,18744783
1655697600000,0.8006,0.8111,0.792,0.8061,13059050
1655712000000,0.8062,0.8497,0.8035,0.8459,31568840
1655726400000,0.8459,0.8493,0.8179,0.836,27226099
1655740800000,0.836,0.8382,0.8081,0.8166,21993932
1655755200000,0.8164,0.8381,0.8077,0.8307,16765992
1655769600000,0.8306,0.8433,0.8151,0.8347,18989898
1655784000000,0.8349,0.8616,0.8273,0.8474,24614300
1655798400000,0.8473,0.887,0.8453,0.8588,31831026
1655812800000,0.8587,0.9065,0.8567,0.8804,38469403
1655827200000,0.8804,0.8899,0.8444,0.8458,25665725
1655841600000,0.8458,0.8593,0.8359,0.8441,18615619
1655856000000,0.8441,0.8458,0.8105,0.8131,21088979
1655870400000,0.813,0.8295,0.7979,0.8021,16108750
1655884800000,0.8023,0.8262,0.7976,0.8166,16621229
1655899200000,0.8166,0.8823,0.8036,0.8437,62278562
1655913600000,0.8437,0.865,0.8287,0.8473,38871891
1655928000000,0.8474,0.8529,0.832,0.8357,22085119
1655942400000,0.8358,0.8827,0.8329,0.869,27039427
1655956800000,0.8688,0.8899,0.8681,0.8693,26913386
1655971200000,0.8694,0.913,0.8683,0.8977,41324071
1655985600000,0.8976,0.9049,0.8643,0.8732,39851897
1656000000000,0.8733,0.8816,0.8547,0.8806,25287447
1656014400000,0.8804,0.9045,0.8728,0.8942,27036751
1656028800000,0.8938,0.9342,0.8928,0.9125,34217024
1656043200000,0.9123,0.9194,0.8907,0.9067,24396555
1656057600000,0.9066,0.9331,0.9002,0.9171,29158867
1656072000000,0.9174,0.9296,0.8966,0.9085,26468962
1656086400000,0.9085,0.9241,0.8981,0.9233,17176354
1656100800000,0.9234,0.9524,0.918,0.9376,23392169
1656115200000,0.9379,0.9655,0.9168,0.9404,34468964
1656129600000,0.9404,0.9606,0.932,0.9584,22039838
1656144000000,0.9585,0.995,0.9569,0.9671,35761448
1656158400000,0.9672,0.9732,0.9284,0.9328,31259425
1656172800000,0.9328,1.04,0.9286,1.0194,75735815
1656187200000,1.0196,1.048,1.0131,1.0224,65528798
1656201600000,1.0224,1.0318,0.9942,1.0073,34248752
1656216000000,1.0072,1.0215,0.9978,0.9998,28608963
1656230400000,0.9998,1.05,0.9983,1.0306,55280969
1656244800000,1.0303,1.0343,0.9788,0.9901,33349700
1656259200000,0.99,0.9963,0.9555,0.9698,24901674
1656273600000,0.9698,0.9843,0.928,0.9335,27925893
1656288000000,0.9337,0.9714,0.93,0.9673,27431188
1656302400000,0.9674,0.9727,0.9576,0.9671,15361679
1656316800000,0.967,1.0048,0.9667,0.9721,36864782
1656331200000,0.9721,0.9802,0.9288,0.9461,39012026
1656345600000,0.946,0.9595,0.9167,0.9478,36938794
1656360000000,0.9479,0.9877,0.9479,0.9653,35161732
1656374400000,0.9654,1.0061,0.929,0.9524,44702684
1656388800000,0.9523,0.9807,0.948,0.9713,22771721
1656403200000,0.9711,0.989,0.9561,0.9667,27496392
1656417600000,0.9666,0.979,0.9284,0.9313,34187770
1656432000000,0.9313,0.9378,0.9006,0.9026,29161675
1656446400000,0.9027,0.9127,0.8788,0.8868,23821444
1656460800000,0.8866,0.8997,0.8795,0.8897,17058039
1656475200000,0.8895,0.8947,0.859,0.8797,25656622
1656489600000,0.8797,0.8913,0.8645,0.8785,25394161
1656504000000,0.8784,0.891,0.8614,0.8792,31111435
1656518400000,0.8791,0.8917,0.8581,0.8906,21298295
1656532800000,0.8904,0.8991,0.8695,0.8801,18548962
1656547200000,0.8804,0.8835,0.8449,0.8702,24315452
1656561600000,0.8701,0.8743,0.821,0.8286,26850291
1656576000000,0.8287,0.8289,0.7984,0.8199,41157989
1656590400000,0.8197,0.8333,0.7992,0.824,34973158
1656604800000,0.8241,0.8367,0.8153,0.8318,23573316
1656619200000,0.8318,0.8889,0.815,0.8807,41755805
1656633600000,0.8807,0.907,0.8525,0.8525,41233838
1656648000000,0.8525,0.8722,0.8354,0.8686,26800667
1656662400000,0.8685,0.876,0.8335,0.8448,28040583
1656676800000,0.845,0.8612,0.8311,0.8365,31740795
1656691200000,0.8363,0.8481,0.8325,0.8401,16704728
1656705600000,0.8402,0.8511,0.8271,0.835,17455002
1656720000000,0.835,0.8438,0.8125,0.8168,20691343
1656734400000,0.8167,0.8286,0.8157,0.8207,10938306
1656748800000,0.8208,0.8303,0.8096,0.825,10801376
1656763200000,0.8251,0.8373,0.8208,0.8235,12657219
1656777600000,0.8236,0.8399,0.822,0.8351,11070762
1656792000000,0.835,0.8456,0.8313,0.8352,8769254
1656806400000,0.8351,0.8363,0.8202,0.8296,9750838
1656820800000,0.8297,0.8378,0.8118,0.8222,17908853
1656835200000,0.822,0.8239,0.8134,0.8208,8849335
1656849600000,0.8208,0.8236,0.8101,0.8167,11776107
1656864000000,0.8167,0.843,0.816,0.8389,11773770
1656878400000,0.8389,0.8453,0.8311,0.8383,12092414
1656892800000,0.8384,0.8533,0.8218,0.8244,16776380
1656907200000,0.8244,0.8493,0.8235,0.8371,18140017
1656921600000,0.8371,0.8796,0.8353,0.8761,23493021
1656936000000,0.8762,0.8877,0.8631,0.8699,35154882
1656950400000,0.87,0.8991,0.8667,0.8899,28263248
1656964800000,0.8899,0.9125,0.8814,0.9033,26869720
1656979200000,0.9032,0.9172,0.8852,0.8966,23005482
1656993600000,0.8967,0.9082,0.8823,0.8854,21128907
1657008000000,0.8854,0.8854,0.8445,0.8475,29780323
1657022400000,0.8477,0.8549,0.8351,0.8486,25461191
1657036800000,0.8484,0.8837,0.8452,0.8775,24092787
1657051200000,0.8775,0.8957,0.8717,0.8724,24372377
1657065600000,0.8724,0.8851,0.8597,0.8805,18413791
1657080000000,0.8804,0.9133,0.8785,0.8973,44543295
1657094400000,0.8969,0.9098,0.8888,0.8956,29474702
1657108800000,0.8958,0.92,0.8892,0.9035,33125017
1657123200000,0.9037,0.9216,0.901,0.9125,23924682
1657137600000,0.9128,0.929,0.908,0.9146,20789114
1657152000000,0.9146,0.9486,0.9108,0.9231,37611183
1657166400000,0.923,0.925,0.9045,0.9129,27431332
1657180800000,0.9131,0.9208,0.9089,0.9165,18311267
1657195200000,0.9164,0.9349,0.9101,0.9279,32020151
1657209600000,0.9278,0.9399,0.922,0.9387,22100973
1657224000000,0.9389,0.9392,0.9257,0.9345,18670359
1657238400000,0.9349,0.9581,0.9271,0.9382,24985771
1657252800000,0.9382,0.943,0.9145,0.9196,19943419
1657267200000,0.9194,0.9237,0.8889,0.902,38563981
1657281600000,0.902,0.9163,0.887,0.9119,36634945
1657296000000,0.912,0.9132,0.8984,0.9101,13366090
1657310400000,0.9097,0.9161,0.8951,0.8964,13305459
1657324800000,0.8962,0.9157,0.8957,0.908,16407192
1657339200000,0.9077,0.922,0.9048,0.9183,12857014
1657353600000,0.9183,0.9226,0.9023,0.9049,11002670
1657368000000,0.9051,0.912,0.9022,0.9097,9270098
1657382400000,0.9096,0.9208,0.9087,0.9135,10832349
1657396800000,0.9135,0.9138,0.9044,0.9055,7576056
1657411200000,0.9056,0.9065,0.8729,0.8813,17559178
1657425600000,0.8814,0.8884,0.8768,0.8881,8023678
1657440000000,0.8882,0.8889,0.8724,0.8803,11302408
1657454400000,0.8803,0.8839,0.8588,0.8653,14585733
1657468800000,0.8654,0.8745,0.8582,0.8743,10348717
1657483200000,0.8743,0.8777,0.864,0.8691,10184841
1657497600000,0.8692,0.8694,0.8341,0.8409,17737901
1657512000000,0.8405,0.8426,0.821,0.8297,14876465
1657526400000,0.8297,0.8448,0.8272,0.8366,12244396
1657540800000,0.8367,0.8496,0.8279,0.838,18338862
1657555200000,0.8382,0.8475,0.8348,0.8376,12988228
1657569600000,0.8376,0.8396,0.8001,0.8061,21982876
1657584000000,0.806,0.8166,0.8006,0.8129,13268429
1657598400000,0.8129,0.8233,0.7994,0.8048,11857034
1657612800000,0.8047,0.8123,0.7926,0.8089,18503876
1657627200000,0.8089,0.8205,0.8054,0.8159,19945011
1657641600000,0.8158,0.8223,0.7868,0.7938,20303651
1657656000000,0.7937,0.7997,0.7801,0.7827,13414028
1657670400000,0.7827,0.8038,0.7753,0.7954,13901745
1657684800000,0.7954,0.8069,0.7929,0.8055,11536821
1657699200000,0.8055,0.8134,0.8011,0.8058,13463515
1657713600000,0.8057,0.8174,0.7512,0.7807,58994997
1657728000000,0.7807,0.802,0.7742,0.7932,24183553
1657742400000,0.7933,0.8154,0.7876,0.813,17608115
1657756800000,0.813,0.8207,0.805,0.8117,14566947
1657771200000,0.8116,0.8156,0.8016,0.8039,11546951
1657785600000,0.8038,0.8059,0.7872,0.7917,15734170
1657800000000,0.7917,0.8164,0.7834,0.8144,23562789
1657814400000,0.8144,0.8467,0.8084,0.8358,35829853
1657828800000,0.8361,0.842,0.8237,0.8377,14226293
1657843200000,0.8377,0.8504,0.8287,0.8423,17355268
1657857600000,0.8423,0.8442,0.8351,0.8431,14397420
1657872000000,0.8431,0.8742,0.8424,0.8475,34662998
1657886400000,0.8474,0.8637,0.845,0.8495,24600743
1657900800000,0.8495,0.8565,0.837,0.8554,22503380
1657915200000,0.8554,0.8595,0.8386,0.8454,14542222
1657929600000,0.8453,0.852,0.8335,0.839,14247980
1657944000000,0.8389,0.8417,0.8211,0.8218,13080589
1657958400000,0.8219,0.8322,0.8203,0.829,9337460
1657972800000,0.8289,0.845,0.826,0.8443,13354176
1657987200000,0.8443,0.8722,0.844,0.8538,27383559
1658001600000,0.854,0.8691,0.8478,0.8674,11531445
1658016000000,0.8674,0.873,0.8514,0.862,10935986
1658030400000,0.8619,0.8798,0.8591,0.8664,13612180
1658044800000,0.8662,0.8708,0.8516,0.8622,13459693
1658059200000,0.8622,0.864,0.8428,0.8502,16523257
1658073600000,0.8501,0.8625,0.8387,0.8514,14983987
1658088000000,0.8515,0.8548,0.8366,0.839,8928615
1658102400000,0.839,0.8658,0.8346,0.8635,13511978
1658116800000,0.8634,0.9009,0.8586,0.8935,26768073
1658131200000,0.8934,0.9303,0.8852,0.9065,46166695
1658145600000,0.9066,0.928,0.8936,0.9246,26667563
1658160000000,0.925,0.925,0.8762,0.8876,32827386
1658174400000,0.8874,0.9274,0.8832,0.9185,26787579
1658188800000,0.9184,0.9545,0.9073,0.9217,60900653
1658203200000,0.9217,0.9675,0.9125,0.9305,47179295
1658217600000,0.9306,0.9535,0.924,0.9458,24847435
1658232000000,0.9461,1.0014,0.946,0.9797,72307151
1658246400000,0.9796,0.9962,0.975,0.9804,32096955
1658260800000,0.9805,1.0215,0.9783,1.0001,33992644
1658275200000,1.0001,1.019,0.9801,1.0112,29926488
1658289600000,1.0112,1.0165,0.9838,0.9864,24992765
1658304000000,0.9865,0.9944,0.9623,0.9785,34126838
1658318400000,0.9784,0.9963,0.9708,0.9896,24841707
1658332800000,0.9897,0.9923,0.9508,0.9539,27745464
1658347200000,0.9539,0.9588,0.9108,0.9199,33261286
1658361600000,0.9199,0.9468,0.8844,0.8899,27548121
1658376000000,0.8898,0.9105,0.8806,0.903,17253658
1658390400000,0.9029,0.9168,0.8948,0.9027,18105724
1658404800000,0.9027,0.9198,0.8977,0.9138,20791787
1658419200000,0.9139,0.9386,0.9131,0.9376,18594356
1658433600000,0.9377,0.9444,0.9264,0.9385,14880796
1658448000000,0.9386,0.9793,0.9295,0.9429,22006811
1658462400000,0.943,0.9568,0.9296,0.9491,15098275
1658476800000,0.9491,0.9756,0.9473,0.972,20009720
1658491200000,0.9719,0.9738,0.925,0.9292,28260092
1658505600000,0.9292,0.9371,0.9041,0.9063,17718564
1658520000000,0.9065,0.9497,0.9025,0.9312,25009740
1658534400000,0.9311,0.9929,0.9201,0.9706,47516718
1658548800000,0.9706,1.0194,0.9704,0.9914,54904640
1658563200000,0.9915,1.0031,0.9638,0.9708,42882244
1658577600000,0.9709,0.9955,0.9574,0.9808,116263807
1658592000000,0.9809,0.9877,0.9445,0.957,35794326
1658606400000,0.9568,0.9856,0.9562,0.9751,23109867
1658620800000,0.975,1.0294,0.9747,0.9831,50002231
1658635200000,0.9831,1.0037,0.9808,0.9908,19955588
1658649600000,0.9909,0.996,0.9724,0.9799,25282879
1658664000000,0.98,0.9838,0.9592,0.9791,57657897
1658678400000,0.979,0.9797,0.9648,0.9668,13054488
1658692800000,0.9666,0.986,0.9586,0.9628,15235429
1658707200000,0.9627,0.9692,0.9001,0.9061,35827308
1658721600000,0.9061,0.9192,0.9025,0.9155,16813434
1658736000000,0.9154,0.9232,0.9112,0.9138,13895656
1658750400000,0.914,0.916,0.9,0.91,20177421
1658764800000,0.9099,0.9146,0.8837,0.8992,20823506
1658779200000,0.8995,0.9164,0.8717,0.8739,26470166
1658793600000,0.874,0.8768,0.847,0.8696,24618086
1658808000000,0.8697,0.8756,0.8601,0.8638,13823352
1658822400000,0.8638,0.8719,0.855,0.8629,11928985
1658836800000,0.863,0.8688,0.8424,0.8435,21055914
1658851200000,0.8434,0.8588,0.8425,0.8473,14631810
1658865600000,0.8472,0.8798,0.8428,0.8779,18337074
1658880000000,0.8778,0.8793,0.8511,0.8524,16399280
1658894400000,0.8525,0.881,0.8521,0.8765,18054121
1658908800000,0.8765,0.8839,0.8626,0.8661,17708450
1658923200000,0.8659,0.8836,0.8616,0.8806,17926559
1658937600000,0.8805,0.9361,0.8681,0.933,51453388
1658952000000,0.9329,0.9564,0.9282,0.9538,23759258
1658966400000,0.9537,0.9609,0.9349,0.9442,23339222
1658980800000,0.9441,0.9522,0.9316,0.9329,13214258
1658995200000,0.9327,0.9579,0.9302,0.9574,16624254
1659009600000,0.9574,0.98,0.92,0.9732,52860846
1659024000000,0.9733,0.988,0.9665,0.9773,30072560
1659038400000,0.9774,0.9962,0.9739,0.9785,21018005
1659052800000,0.9786,1.0275,0.9739,1.0261,47178503
1659067200000,1.0261,1.0337,0.9851,0.9921,27193474
1659081600000,0.992,0.9978,0.9551,0.9626,30039602
1659096000000,0.9627,0.9955,0.9457,0.9801,28141391
1659110400000,0.9804,0.9807,0.9489,0.9689,22701123
1659124800000,0.9689,0.99,0.9646,0.9709,15726705
1659139200000,0.9708,1.0163,0.9692,0.9893,36920495
1659153600000,0.9896,1.0025,0.9721,0.9926,16718350
1659168000000,0.9927,1.0087,0.98,1.0034,23796303
1659182400000,1.0034,1.0819,1.0011,1.0736,73336216
1659196800000,1.0735,1.0946,1.044,1.0479,43478907
1659211200000,1.048,1.0589,0.997,1.0096,31611157
1659225600000,1.0097,1.0345,1.0015,1.0256,20671011
1659240000000,1.0257,1.0427,1.0221,1.0259,17915166
1659254400000,1.0259,1.032,0.9951,1.0211,25825357
1659268800000,1.021,1.0254,1.0055,1.0197,18775133
1659283200000,1.0199,1.0419,0.998,1.0174,29251677
1659297600000,1.0173,1.0222,0.968,0.9737,20937079
1659312000000,0.9739,0.9983,0.969,0.9929,14914488
1659326400000,0.9928,0.997,0.9694,0.9852,11996410
1659340800000,0.9852,0.9886,0.9586,0.9767,16450671
1659355200000,0.9768,1.04,0.9624,1.0124,41659258
1659369600000,1.0125,1.0196,0.9825,0.9925,28911207
1659384000000,0.9926,1.0195,0.9843,1.0134,18692099
1659398400000,1.0136,1.0255,0.9488,0.9505,32532015
1659412800000,0.9505,0.9632,0.9418,0.958,15315660
1659427200000,0.958,0.9617,0.9381,0.9578,17947784
1659441600000,0.9578,0.9732,0.9435,0.9669,26755948
1659456000000,0.9671,0.9922,0.9606,0.9666,21048749
1659470400000,0.9666,0.9764,0.9558,0.9582,13009683
1659484800000,0.9582,0.9637,0.932,0.9592,20026900
1659499200000,0.9589,0.9737,0.9548,0.9689,11190051
1659513600000,0.969,0.989,0.969,0.9885,15332156
1659528000000,0.9886,1.0037,0.9858,0.9941,25359115
1659542400000,0.9939,1.0028,0.9892,0.9979,12367717
1659556800000,0.9979,0.9989,0.9583,0.9616,16233698
1659571200000,0.9617,0.9994,0.96,0.9988,21717890
1659585600000,0.9989,1.0231,0.9809,0.9883,26783836
1659600000000,0.9882,0.998,0.9785,0.9842,16677045
1659614400000,0.9841,1.0123,0.9742,1.0103,30218653
1659628800000,1.01,1.022,0.9721,0.9812,40548950
1659643200000,0.9812,1.0006,0.975,0.9925,12931294
1659657600000,0.9926,1.0285,0.9906,1.0218,23598710
1659672000000,1.0218,1.0314,1.008,1.0233,18055667
1659686400000,1.0234,1.0377,1.0159,1.0337,20351981
1659700800000,1.0336,1.0557,1.0109,1.028,47300611
1659715200000,1.0277,1.039,1.017,1.0241,18271879
1659729600000,1.024,1.078,1.0185,1.0692,25213360
1659744000000,1.0691,1.0818,1.0503,1.0608,23546067
1659758400000,1.0608,1.068,1.0514,1.0602,10063477
1659772800000,1.0603,1.0923,1.0535,1.0687,30774139
1659787200000,1.0687,1.0842,1.0593,1.0707,22325615
1659801600000,1.0706,1.0763,1.0406,1.0641,21866931
1659816000000,1.0644,1.0672,1.0435,1.0494,14264023
1659830400000,1.0495,1.0557,1.0255,1.0471,15243702
1659844800000,1.0471,1.0541,1.0415,1.0483,9475149
1659859200000,1.0482,1.0486,1.0361,1.0477,9997043
1659873600000,1.0476,1.0578,1.0473,1.0531,12593650
1659888000000,1.0531,1.0726,1.0505,1.0673,16558588
1659902400000,1.0674,1.0843,1.0526,1.0595,21196356
1659916800000,1.0596,1.0825,1.0566,1.0793,15119400
1659931200000,1.0794,1.1099,1.0757,1.1021,32594780
1659945600000,1.1022,1.1154,1.0974,1.114,22814484
1659960000000,1.114,1.118,1.0828,1.0893,28023937
1659974400000,1.0892,1.0928,1.0735,1.0905,18381328
1659988800000,1.0905,1.11,1.0745,1.0846,18154597
1660003200000,1.0846,1.0976,1.0755,1.097,12954226
1660017600000,1.0971,1.1061,1.0849,1.0934,22285934
1660032000000,1.0935,1.0936,1.0324,1.0403,44948692
1660046400000,1.0402,1.0501,0.9961,1.0121,39355333
1660060800000,1.0122,1.032,1.007,1.0133,25854587
1660075200000,1.0134,1.0281,1.013,1.0183,10973255
1660089600000,1.0183,1.0243,0.9945,1.0064,21735502
1660104000000,1.0065,1.0177,1.0009,1.0134,12485821
1660118400000,1.0132,1.0305,1.0111,1.0222,15075047
1660132800000,1.0221,1.0749,1.0177,1.0645,49611174
1660147200000,1.0646,1.0727,1.0509,1.0547,17584280
1660161600000,1.055,1.0732,1.055,1.0722,11347467
1660176000000,1.0723,1.0859,1.0659,1.0804,18935956
1660190400000,1.0804,1.0885,1.0678,1.0735,17983327
1660204800000,1.0736,1.0794,1.0633,1.0715,11624427
1660219200000,1.0715,1.0879,1.0583,1.0608,29307645
1660233600000,1.0606,1.0705,1.057,1.0629,12453327
1660248000000,1.0631,1.069,1.0434,1.0523,15665635
1660262400000,1.0523,1.0653,1.0324,1.0578,16290296
1660276800000,1.0576,1.0612,1.0442,1.0537,10126177
1660291200000,1.0536,1.0635,1.0278,1.0342,19154847
1660305600000,1.0343,1.0542,1.0332,1.0511,14960753
1660320000000,1.0512,1.0628,1.0479,1.0603,10602405
1660334400000,1.0602,1.0691,1.0542,1.0682,11579185
1660348800000,1.0681,1.0833,1.0644,1.0797,16157863
1660363200000,1.0798,1.0974,1.071,1.0811,19325458
1660377600000,1.0811,1.085,1.0653,1.0723,13439346
1660392000000,1.0723,1.0776,1.06,1.0733,10113366
1660406400000,1.0731,1.0781,1.0611,1.0656,11496875
1660420800000,1.0656,1.0719,1.0556,1.0621,7938982
1660435200000,1.0621,1.0899,1.0606,1.0836,19166732
1660449600000,1.0838,1.1093,1.0805,1.0956,32757344
1660464000000,1.0958,1.1289,1.0878,1.0998,47065143
1660478400000,1.0999,1.1007,1.0666,1.0948,24959860
1660492800000,1.0947,1.0985,1.0508,1.0673,31228921
1660507200000,1.0669,1.077,1.0575,1.0709,13781405
1660521600000,1.0709,1.1151,1.0604,1.0949,30789978
1660536000000,1.0947,1.099,1.0425,1.0472,28047124
1660550400000,1.0471,1.06,1.0331,1.0493,15708842
1660564800000,1.0492,1.0633,1.0385,1.0612,17853270
1660579200000,1.0614,1.0688,1.0557,1.0601,13292721
1660593600000,1.0601,1.0739,1.0391,1.0523,18712986
1660608000000,1.0523,1.066,1.0257,1.0439,21392291
1660622400000,1.044,1.0462,1.0282,1.0415,12004642
1660636800000,1.0415,1.058,1.037,1.0502,15854180
1660651200000,1.0502,1.0563,1.0288,1.0419,17021260
1660665600000,1.0419,1.0461,1.021,1.0345,17506986
1660680000000,1.0346,1.0382,1.024,1.0274,9614711
1660694400000,1.0274,1.048,1.0253,1.047,13791888
1660708800000,1.0469,1.0575,1.023,1.0267,19131693
1660723200000,1.0266,1.0349,1.0194,1.0254,14570595
1660737600000,1.0254,1.0263,0.97,0.9768,38283562
1660752000000,0.9768,0.9962,0.9734,0.979,21642058
1660766400000,0.9789,0.9873,0.9586,0.9697,16018051
1660780800000,0.9698,0.9776,0.9538,0.9717,14928445
1660795200000,0.9716,0.985,0.9671,0.9782,14271835
1660809600000,0.9782,0.9851,0.9701,0.9811,10932808
1660824000000,0.9812,0.9913,0.974,0.9793,16723027
1660838400000,0.9793,0.9855,0.963,0.9705,16186745
1660852800000,0.9704,0.9755,0.8942,0.9232,29557115
1660867200000,0.9231,0.9267,0.8791,0.8925,39097863
1660881600000,0.8926,0.8985,0.8238,0.857,44640418
1660896000000,0.8571,0.858,0.8313,0.8499,30103790
1660910400000,0.8496,0.8571,0.8351,0.8531,23440645
1660924800000,0.8533,0.868,0.8469,0.8594,21475260
1660939200000,0.8594,0.8626,0.8297,0.8408,32748509
1660953600000,0.8409,0.8573,0.8404,0.8496,19909112
1660968000000,0.8497,0.8655,0.8458,0.8618,20296381
1660982400000,0.8617,0.862,0.8487,0.854,10864992
1660996800000,0.8541,0.8553,0.8414,0.8472,14628460
1661011200000,0.8475,0.8487,0.814,0.8206,26505217
1661025600000,0.8206,0.8377,0.8101,0.8316,21674509
1661040000000,0.8315,0.8393,0.8273,0.8305,10394762
1661054400000,0.8305,0.8484,0.8244,0.8459,14767415
1661068800000,0.846,0.8575,0.8395,0.8489,18835515
1661083200000,0.8489,0.8525,0.8375,0.8448,16458565
1661097600000,0.8448,0.8556,0.8418,0.8495,12041438
1661112000000,0.8494,0.8614,0.8379,0.8518,19352655
1661126400000,0.8517,0.8534,0.8401,0.8419,12746997
1661140800000,0.8418,0.8473,0.8135,0.815,19102424
1661155200000,0.8149,0.8252,0.8012,0.8182,21461821
1661169600000,0.8184,0.8214,0.806,0.8187,23045490
1661184000000,0.8188,0.8237,0.802,0.8063,16029865
1661198400000,0.8063,0.8317,0.806,0.8302,17778037
1661212800000,0.8304,0.8369,0.8263,0.8269,14550098
1661227200000,0.8267,0.831,0.8027,0.8215,20018655
1661241600000,0.8215,0.8324,0.8207,0.8308,19165040
1661256000000,0.8309,0.8376,0.8223,0.8278,23448675
1661270400000,0.8278,0.8331,0.8209,0.8286,14478224
1661284800000,0.8286,0.8375,0.8252,0.8358,13688082
1661299200000,0.8358,0.8369,0.8105,0.8146,21425435
1661313600000,0.8146,0.8324,0.8137,0.8249,15347370
1661328000000,0.8249,0.8419,0.8246,0.8385,16757194
1661342400000,0.8384,0.8499,0.8311,0.8485,24023981
1661356800000,0.8484,0.8549,0.8428,0.8481,22197431
1661371200000,0.848,0.857,0.8304,0.8313,15420750
1661385600000,0.8314,0.844,0.8299,0.8353,13973759
1661400000000,0.8352,0.8519,0.8349,0.8497,13658095
1661414400000,0.8498,0.8534,0.8415,0.8468,11871836
1661428800000,0.8467,0.8508,0.8237,0.8296,21472471
1661443200000,0.8297,0.8385,0.8245,0.838,13686898
1661457600000,0.8381,0.844,0.8322,0.8375,10188075
1661472000000,0.8374,0.8405,0.8275,0.838,12239162
1661486400000,0.8379,0.8401,0.8187,0.8276,15445208
1661500800000,0.8276,0.8321,0.806,0.8172,17108049
1661515200000,0.8172,0.8475,0.794,0.8033,61736335
1661529600000,0.8034,0.8051,0.7822,0.7924,24041894
1661544000000,0.7925,0.7976,0.7625,0.7757,26852078
1661558400000,0.7757,0.7796,0.7654,0.7716,17549575
1661572800000,0.7714,0.7763,0.7539,0.7754,18780747
1661587200000,0.7755,0.7772,0.7684,0.7742,12901328
1661601600000,0.7742,0.7788,0.763,0.7706,22095275
1661616000000,0.7706,0.7752,0.76,0.7716,18455316
1661630400000,0.7717,0.7803,0.7662,0.7761,13188175
1661644800000,0.776,0.7834,0.768,0.7762,11942266
1661659200000,0.7762,0.7837,0.7704,0.7818,8709023
1661673600000,0.7819,0.7848,0.7761,0.7812,10096339
1661688000000,0.7814,0.7846,0.7712,0.7837,13379167
1661702400000,0.7836,0.7919,0.7757,0.7766,16273369
1661716800000,0.7766,0.7833,0.744,0.7499,25860566
1661731200000,0.7499,0.7614,0.7375,0.7567,21453797
1661745600000,0.7567,0.7594,0.7479,0.7581,12084556
1661760000000,0.758,0.7634,0.7521,0.762,12370713
1661774400000,0.7619,0.7871,0.761,0.7802,28613032
1661788800000,0.7805,0.788,0.7802,0.7825,14591437
1661803200000,0.7825,0.7998,0.7814,0.7956,12271124
1661817600000,0.7955,0.7997,0.7851,0.793,12246123
1661832000000,0.793,0.8054,0.792,0.7965,14025569
1661846400000,0.7965,0.801,0.7886,0.7944,11019887
1661860800000,0.7944,0.7969,0.7622,0.7686,39474438
1661875200000,0.7685,0.7785,0.7502,0.7693,31373207
1661889600000,0.7694,0.7779,0.7654,0.7719,13356809
1661904000000,0.772,0.7937,0.7719,0.7916,20527732
1661918400000,0.7915,0.7984,0.7853,0.7881,12844239
1661932800000,0.7881,0.7958,0.7823,0.7896,14345486
1661947200000,0.7897,0.7952,0.7709,0.7824,20684696
1661961600000,0.7823,0.7886,0.7717,0.7839,13281131
1661976000000,0.7838,0.787,0.7675,0.7719,10368040
1661990400000,0.7719,0.7773,0.7614,0.7639,12589092
1662004800000,0.7639,0.7714,0.755,0.7604,9445688
1662019200000,0.7604,0.775,0.7575,0.773,10926962
1662033600000,0.773,0.7755,0.748,0.7578,22888990
1662048000000,0.7578,0.769,0.7551,0.7681,10093197
1662062400000,0.7681,0.7809,0.7677,0.7797,12471724
1662076800000,0.7799,0.7857,0.7698,0.7817,9586489
1662091200000,0.7817,0.7868,0.7787,0.7817,7025765
1662105600000,0.7818,0.7835,0.7712,0.7789,10061208
1662120000000,0.7788,0.7993,0.7746,0.7952,23395774
1662134400000,0.7952,0.7965,0.7659,0.7704,19260668
1662148800000,0.7704,0.7772,0.7682,0.775,7487835
1662163200000,0.775,0.7782,0.7673,0.7682,7758041
1662177600000,0.7682,0.7777,0.7612,0.7677,7744696
1662192000000,0.7677,0.7749,0.7641,0.7725,8389380
1662206400000,0.7724,0.7797,0.7718,0.7756,7553589
1662220800000,0.7755,0.784,0.7732,0.7791,10194001
1662235200000,0.779,0.7898,0.7781,0.7875,9111185
1662249600000,0.7875,0.796,0.7833,0.7895,11743558
1662264000000,0.7894,0.7966,0.7835,0.784,15158666
1662278400000,0.7841,0.8202,0.7812,0.8175,36012916
1662292800000,0.8175,0.8222,0.8047,0.8107,41092200
1662307200000,0.8106,0.811,0.8048,0.8053,13198404
1662321600000,0.8054,0.8087,0.8008,0.8079,10242115
1662336000000,0.8078,0.8143,0.8022,0.8044,11521983
1662350400000,0.8044,0.8065,0.7871,0.7892,19260486
1662364800000,0.7891,0.791,0.7776,0.784,19366780
1662379200000,0.7841,0.7945,0.7816,0.7914,15125708
1662393600000,0.7915,0.7938,0.7819,0.7828,9791816
1662408000000,0.7827,0.7925,0.7827,0.7892,9578293
1662422400000,0.7893,0.8139,0.7882,0.797,24896288
1662436800000,0.797,0.8044,0.7924,0.8002,11440459
1662451200000,0.8001,0.803,0.791,0.8006,10620852
1662465600000,0.8006,0.8043,0.7819,0.7931,19210617
1662480000000,0.7931,0.7935,0.7309,0.7385,47646787
1662494400000,0.7386,0.7436,0.7254,0.7364,17762352
1662508800000,0.7363,0.7385,0.7201,0.7309,16799109
1662523200000,0.7308,0.7379,0.7279,0.7372,10595238
1662537600000,0.7373,0.7394,0.7292,0.7328,7975375
1662552000000,0.7328,0.7464,0.7285,0.7456,15485517
1662566400000,0.7455,0.7586,0.7437,0.7555,15225874
1662580800000,0.7554,0.771,0.7551,0.7634,16543738
1662595200000,0.7635,0.769,0.7574,0.7648,8501086
1662609600000,0.7647,0.7703,0.7524,0.7595,11942543
1662624000000,0.7595,0.7691,0.7576,0.7662,9658154
1662638400000,0.7663,0.7738,0.7486,0.7653,26886628
1662652800000,0.7652,0.7708,0.7564,0.7707,13003223
1662667200000,0.7706,0.7757,0.7675,0.7722,9349331
1662681600000,0.7724,0.7916,0.7716,0.79,13023326
1662696000000,0.7901,0.8008,0.7885,0.7985,18998458
1662710400000,0.7986,0.8158,0.7985,0.8075,22687770
1662724800000,0.8074,0.8212,0.7985,0.8,25222805
1662739200000,0.8001,0.8046,0.7937,0.801,13198730
1662753600000,0.801,0.8125,0.7968,0.8055,11353082
1662768000000,0.8055,0.8162,0.801,0.8067,14240378
1662782400000,0.8068,0.8207,0.798,0.8036,16330265
1662796800000,0.8037,0.8315,0.8034,0.82,27962635
1662811200000,0.8199,0.8234,0.8053,0.8095,12340695
1662825600000,0.8096,0.8177,0.8065,0.8136,10237154
1662840000000,0.8136,0.8207,0.8083,0.8136,9880520
1662854400000,0.8135,0.8212,0.8092,0.8113,8399276
1662868800000,0.8114,0.8148,0.7932,0.8076,10399083
1662883200000,0.8077,0.8114,0.8056,0.8082,6581703
1662897600000,0.8082,0.8127,0.8038,0.8091,9201040
1662912000000,0.809,0.816,0.8066,0.8083,10165535
1662926400000,0.8081,0.8112,0.7906,0.8031,12836896
1662940800000,0.8031,0.8179,0.7888,0.7979,23465091
1662955200000,0.798,0.8075,0.7961,0.8068,8738377
1662969600000,0.8069,0.8209,0.805,0.8161,18777293
1662984000000,0.8162,0.8232,0.7958,0.7992,21020263
1662998400000,0.7992,0.7997,0.7819,0.797,19854927
1663012800000,0.797,0.8037,0.7891,0.7939,11637394
1663027200000,0.7939,0.7952,0.7703,0.7889,18564388
1663041600000,0.7889,0.8015,0.7857,0.7983,13457660
1663056000000,0.7983,0.8005,0.7878,0.7963,12480697
1663070400000,0.7963,0.8033,0.7431,0.7492,45256602
1663084800000,0.7491,0.757,0.7319,0.7454,17549936
1663099200000,0.7454,0.7485,0.7267,0.7303,14756038
1663113600000,0.7303,0.7413,0.7235,0.7394,14675377
1663128000000,0.7394,0.7441,0.7252,0.7322,10285549
1663142400000,0.7321,0.739,0.7266,0.7335,13597461
1663156800000,0.7334,0.7457,0.7267,0.736,17963726
1663171200000,0.7363,0.7415,0.7179,0.7379,22837317
1663185600000,0.738,0.7489,0.735,0.744,13717690
1663200000000,0.7437,0.7446,0.7125,0.7225,21897966
1663214400000,0.7226,0.7438,0.7155,0.7392,30100723
1663228800000,0.7393,0.7394,0.7264,0.7328,12193714
1663243200000,0.7329,0.7373,0.7075,0.7186,26885713
1663257600000,0.7186,0.7263,0.7151,0.7238,9247946
1663272000000,0.7237,0.728,0.7145,0.7192,8842758
1663286400000,0.7192,0.7231,0.7092,0.7221,11614890
1663300800000,0.7221,0.7296,0.7214,0.7241,7571029
1663315200000,0.7242,0.7453,0.7177,0.74,22242530
1663329600000,0.7402,0.7412,0.7218,0.7349,22350345
1663344000000,0.7349,0.7434,0.7211,0.7386,21930830
1663358400000,0.7386,0.7435,0.7367,0.7407,7526211
1663372800000,0.7406,0.7489,0.736,0.7379,11544368
1663387200000,0.7379,0.7415,0.735,0.7384,7447510
1663401600000,0.7385,0.7409,0.7329,0.7334,7873711
1663416000000,0.7334,0.7478,0.7333,0.7465,10696404
1663430400000,0.7465,0.7511,0.743,0.7452,10720372
1663444800000,0.7453,0.7535,0.7446,0.7512,8150751
1663459200000,0.7513,0.7525,0.7434,0.7449,6669225
1663473600000,0.7449,0.7527,0.7445,0.7506,5691789
1663488000000,0.7506,0.7547,0.7353,0.7415,15748861
1663502400000,0.7415,0.7462,0.7339,0.7378,11756874
1663516800000,0.7378,0.7396,0.7241,0.7294,20470864
1663531200000,0.7294,0.7301,0.69,0.7031,31336478
1663545600000,0.7032,0.7151,0.6831,0.6928,23566965
1663560000000,0.6928,0.7075,0.692,0.7032,16597546
1663574400000,0.7032,0.7125,0.6944,0.7095,16598730
1663588800000,0.7096,0.7268,0.7076,0.7168,23161107
1663603200000,0.7169,0.731,0.7108,0.7285,14184658
1663617600000,0.7286,0.7319,0.7234,0.7265,10947255
1663632000000,0.7264,0.7338,0.7186,0.726,15923846
1663646400000,0.7261,0.7327,0.721,0.7259,10758946
1663660800000,0.7258,0.7286,0.7171,0.7183,11176235
1663675200000,0.7183,0.7215,0.7047,0.7202,26310483
1663689600000,0.7203,0.722,0.7037,0.71,18058822
1663704000000,0.71,0.7127,0.703,0.7064,10545952
1663718400000,0.7064,0.7137,0.7041,0.7099,11164583
1663732800000,0.7099,0.7139,0.69,0.6969,17870275
1663747200000,0.6968,0.7103,0.6945,0.7092,14407635
1663761600000,0.7092,0.7145,0.6985,0.7015,14403462
1663776000000,0.7015,0.74,0.69,0.7042,60488399
1663790400000,0.7042,0.7065,0.668,0.6798,39170909
1663804800000,0.6797,0.6946,0.6792,0.6935,12346837
1663819200000,0.6936,0.7043,0.6936,0.7041,11212963
1663833600000,0.7041,0.7127,0.7039,0.7122,13656634
1663848000000,0.7121,0.715,0.6966,0.7026,25592147
1663862400000,0.7026,0.7191,0.697,0.7132,16505310
1663876800000,0.7133,0.7257,0.7121,0.7206,11549696
1663891200000,0.7207,0.7315,0.7159,0.7282,14201070
1663905600000,0.7283,0.7338,0.7171,0.7184,15337872
1663920000000,0.7184,0.7207,0.6985,0.7022,20209417
1663934400000,0.7022,0.7104,0.6885,0.7013,29104073
1663948800000,0.7012,0.703,0.6899,0.7021,20403800
1663963200000,0.702,0.7267,0.7016,0.7199,25087088
1663977600000,0.72,0.7307,0.7163,0.722,17274329
1663992000000,0.722,0.7276,0.718,0.7208,8686624
1664006400000,0.7208,0.7265,0.7158,0.7206,10500780
1664020800000,0.7206,0.727,0.7205,0.7237,9528575
1664035200000,0.7237,0.7278,0.7202,0.7212,9934941
1664049600000,0.7212,0.7238,0.7039,0.7067,14833158
1664064000000,0.7066,0.718,0.7046,0.718,9721931
1664078400000,0.7179,0.718,0.7087,0.7126,8427424
1664092800000,0.7126,0.7138,0.7065,0.7124,6356349
1664107200000,0.7123,0.7151,0.698,0.7039,14323821
1664121600000,0.7039,0.7078,0.6937,0.7028,14776349
1664136000000,0.7027,0.7034,0.6893,0.6972,15123196
1664150400000,0.6971,0.7039,0.6882,0.6931,17351688
1664164800000,0.6931,0.6967,0.6802,0.6909,21111992
1664179200000,0.691,0.7035,0.6873,0.6928,19335378
1664193600000,0.693,0.7056,0.6895,0.702,17866421
1664208000000,0.7022,0.7043,0.6935,0.7003,11972331
1664222400000,0.7004,0.7034,0.6951,0.7032,6345880
1664236800000,0.7031,0.7202,0.7006,0.7156,18993932
1664251200000,0.7156,0.7243,0.7134,0.718,12964618
1664265600000,0.7179,0.7205,0.7128,0.7157,12109489
1664280000000,0.7156,0.7227,0.7102,0.7125,16568463
1664294400000,0.7124,0.717,0.6834,0.6906,31623049
1664308800000,0.6907,0.6953,0.6884,0.6921,8857924
1664323200000,0.6922,0.696,0.6705,0.6821,23915956
1664337600000,0.6821,0.6865,0.6767,0.685,14628704
1664352000000,0.6851,0.6927,0.6779,0.6906,18698003
1664366400000,0.6907,0.7015,0.6891,0.7012,19258922
1664380800000,0.7012,0.7066,0.6943,0.7039,15377046
1664395200000,0.704,0.7086,0.7017,0.7031,9839683
1664409600000,0.7032,0.7081,0.6978,0.7047,11596103
1664424000000,0.7047,0.7066,0.6913,0.6946,11894108
1664438400000,0.6945,0.7024,0.6921,0.6983,10036702
1664452800000,0.6983,0.6987,0.6865,0.6973,19247174
1664467200000,0.6972,0.702,0.6935,0.7003,11814485
1664481600000,0.7003,0.7105,0.7001,0.7088,11056469
1664496000000,0.7088,0.7117,0.703,0.7055,11442278
1664510400000,0.7055,0.7129,0.7049,0.7105,8898403
1664524800000,0.7106,0.715,0.6995,0.7006,11884755
1664539200000,0.7004,0.7183,0.6945,0.7075,34211880
1664553600000,0.7075,0.7107,0.6922,0.6952,21104839
1664568000000,0.695,0.6983,0.6922,0.6982,10498801
1664582400000,0.6981,0.7028,0.6961,0.7009,7852160
1664596800000,0.7008,0.7014,0.6964,0.6991,5390549
1664611200000,0.6991,0.7008,0.6943,0.6981,6435155
1664625600000,0.6981,0.7001,0.6948,0.697,6891774
1664640000000,0.6969,0.6973,0.6897,0.6933,11367187
1664654400000,0.6934,0.6942,0.6901,0.6922,5629139
1664668800000,0.6922,0.6963,0.6911,0.6948,5701525
1664683200000,0.6948,0.6968,0.6931,0.6939,4952800
1664697600000,0.6939,0.6946,0.677,0.6865,15449103
1664712000000,0.6865,0.6895,0.6833,0.6879,7893769
1664726400000,0.6878,0.6968,0.6871,0.6937,8050668
1664740800000,0.6937,0.6952,0.679,0.6821,18346831
1664755200000,0.682,0.6858,0.6726,0.6815,15689914
1664769600000,0.6815,0.6854,0.6753,0.6841,11282218
1664784000000,0.6842,0.6878,0.6817,0.6875,8785194
1664798400000,0.6876,0.6932,0.6811,0.6894,16796176
1664812800000,0.6895,0.6945,0.6851,0.6899,11081446
1664827200000,0.69,0.698,0.6895,0.6966,11788596
1664841600000,0.6966,0.6989,0.6926,0.6961,7608385
1664856000000,0.6962,0.7047,0.6931,0.7039,13350100
1664870400000,0.704,0.7083,0.699,0.7005,14439062
1664884800000,0.7005,0.706,0.6994,0.7011,11990953
1664899200000,0.7013,0.7033,0.6959,0.7026,14215536
1664913600000,0.7025,0.7075,0.7004,0.7041,9472140
1664928000000,0.7041,0.7149,0.7019,0.7086,21383974
1664942400000,0.7087,0.7132,0.7052,0.7069,12243757
1664956800000,0.707,0.7073,0.6951,0.6977,20905284
1664971200000,0.6977,0.6983,0.6882,0.6981,17416255
1664985600000,0.6981,0.7073,0.6966,0.7028,17477589
1665000000000,0.7029,0.704,0.6991,0.7027,8270307
1665014400000,0.7027,0.7116,0.7023,0.7114,14728845
1665028800000,0.7114,0.7123,0.702,0.7064,15060671
1665043200000,0.7062,0.7094,0.7009,0.7059,12337038
1665057600000,0.7059,0.709,0.6967,0.6996,20651620
1665072000000,0.6995,0.7032,0.6971,0.6996,11935655
1665086400000,0.6996,0.7002,0.692,0.6947,10354893
1665100800000,0.6947,0.6988,0.6941,0.6972,5733638
1665115200000,0.6973,0.6985,0.6932,0.6963,7063855
1665129600000,0.6963,0.6998,0.6951,0.6967,6985134
1665144000000,0.6967,0.6972,0.6817,0.6911,24118452
1665158400000,0.6911,0.692,0.6862,0.6911,8934044
1665172800000,0.6911,0.6948,0.6897,0.6947,3907460
1665187200000,0.6947,0.7004,0.6944,0.6961,7159884
1665201600000,0.6962,0.6998,0.6945,0.6976,5728034
1665216000000,0.6976,0.6983,0.6945,0.6965,4774919
1665230400000,0.6964,0.6979,0.6921,0.6944,5204735
1665244800000,0.6943,0.6964,0.6912,0.6914,5035282
1665259200000,0.6915,0.6923,0.685,0.6908,6593163
1665273600000,0.6908,0.6909,0.6883,0.6893,4061458
1665288000000,0.6893,0.6921,0.6875,0.6907,3935698
1665302400000,0.6907,0.6939,0.6897,0.6931,6955240
1665316800000,0.6931,0.6944,0.692,0.694,4235913
1665331200000,0.694,0.6949,0.6886,0.6919,5039152
1665345600000,0.6919,0.6926,0.6874,0.692,6664013
1665360000000,0.6919,0.6992,0.6908,0.6928,9543891
1665374400000,0.6929,0.6949,0.6877,0.6887,7687469
1665388800000,0.6886,0.6891,0.675,0.6846,21469035
1665403200000,0.6845,0.6869,0.6805,0.6838,11204682
1665417600000,0.6839,0.6851,0.6783,0.6831,15381659
1665432000000,0.6832,0.685,0.6624,0.6655,20991450
1665446400000,0.6656,0.6656,0.6356,0.6542,34845506
1665460800000,0.6542,0.6592,0.6527,0.6575,10422957
1665475200000,0.6575,0.659,0.6529,0.6574,8290436
1665489600000,0.6573,0.6622,0.6482,0.6589,21343845
1665504000000,0.659,0.6607,0.6507,0.6529,13211055
1665518400000,0.6529,0.6551,0.6459,0.651,7393346
1665532800000,0.6509,0.6579,0.6495,0.6506,6124522
1665547200000,0.6507,0.6596,0.6506,0.6568,8702896
1665561600000,0.6566,0.6597,0.6544,0.6557,6421997
1665576000000,0.6556,0.6567,0.6471,0.6527,15567160
1665590400000,0.6526,0.653,0.6439,0.6493,10030880
1665604800000,0.6492,0.651,0.6469,0.6471,4946478
1665619200000,0.6471,0.6487,0.622,0.6288,25573721
1665633600000,0.6288,0.6305,0.5974,0.6091,36402983
1665648000000,0.609,0.6126,0.5836,0.6058,38251749
1665662400000,0.6059,0.625,0.5838,0.6237,44082484
1665676800000,0.6238,0.6399,0.6225,0.6369,22248684
1665691200000,0.6368,0.642,0.6339,0.6348,10044826
1665705600000,0.6348,0.6542,0.6314,0.6502,16950831
1665720000000,0.6503,0.6525,0.6434,0.6446,11319089
1665734400000,0.6445,0.6477,0.6408,0.6414,10885817
1665748800000,0.6414,0.6559,0.6319,0.6322,32849143
1665763200000,0.6322,0.6349,0.6238,0.6257,20772154
1665777600000,0.6258,0.6274,0.613,0.6223,12719350
1665792000000,0.6222,0.6316,0.621,0.6309,7343639
1665806400000,0.6309,0.6392,0.6281,0.6375,12929341
1665820800000,0.6374,0.6406,0.628,0.6402,15994858
1665835200000,0.6401,0.6522,0.6356,0.6441,25852849
1665849600000,0.6442,0.6577,0.644,0.6485,18938715
1665864000000,0.6485,0.6499,0.635,0.638,14015013
1665878400000,0.6379,0.6444,0.6362,0.6378,10243301
1665892800000,0.6379,0.6472,0.6378,0.641,6918507
1665907200000,0.6411,0.6463,0.637,0.6401,9966854
1665921600000,0.6401,0.6405,0.6357,0.6364,9254052
1665936000000,0.6364,0.6449,0.6323,0.6445,13211648
1665950400000,0.6445,0.646,0.6341,0.641,11750132
1665964800000,0.6409,0.6438,0.6338,0.6357,8533263
1665979200000,0.6356,0.6426,0.6347,0.6412,7831653
1665993600000,0.6413,0.6463,0.6377,0.6424,10163681
1666008000000,0.6423,0.6487,0.6408,0.6444,10527071
1666022400000,0.6444,0.6467,0.6401,0.6434,6621431
1666036800000,0.6433,0.65,0.6429,0.6485,8376520
1666051200000,0.6486,0.6562,0.6418,0.6488,12673910
1666065600000,0.6488,0.654,0.647,0.652,7604748
1666080000000,0.652,0.6528,0.6345,0.6408,15044704
1666094400000,0.6408,0.6437,0.6282,0.6317,17395138
1666108800000,0.6316,0.6336,0.619,0.6261,16412398
1666123200000,0.6261,0.6347,0.6252,0.631,9854620
1666137600000,0.6309,0.6331,0.624,0.6269,6695616
1666152000000,0.6269,0.6272,0.6173,0.6207,8647606
1666166400000,0.6206,0.6212,0.6136,0.6167,10341568
1666180800000,0.6166,0.6234,0.6125,0.6221,12583770
1666195200000,0.6221,0.6225,0.6162,0.6215,7536092
1666209600000,0.6215,0.624,0.6,0.6058,18298144
1666224000000,0.6059,0.6089,0.5975,0.6077,13996302
1666238400000,0.6076,0.6171,0.6068,0.6158,10579483
1666252800000,0.6159,0.6194,0.6124,0.6173,9324691
1666267200000,0.6173,0.6215,0.6133,0.6175,11122885
1666281600000,0.6176,0.6179,0.6006,0.6039,19599078
1666296000000,0.6039,0.6053,0.5962,0.6008,12594964
1666310400000,0.6008,0.6015,0.5887,0.5994,12774344
1666324800000,0.5993,0.6011,0.594,0.5956,7402093
1666339200000,0.5956,0.5969,0.5838,0.5899,18966435
1666353600000,0.5899,0.6073,0.5815,0.6073,28351995
1666368000000,0.6073,0.6144,0.6046,0.6125,13193382
1666382400000,0.6126,0.6167,0.6116,0.6142,6777316
1666396800000,0.6143,0.617,0.6057,0.6099,6969973
1666411200000,0.6098,0.6126,0.6041,0.6113,5525580
1666425600000,0.6113,0.6149,0.6103,0.6132,5949984
1666440000000,0.6132,0.6177,0.6108,0.6125,9444696
1666454400000,0.6126,0.6136,0.6066,0.6084,6009447
1666468800000,0.6084,0.6134,0.6073,0.6115,5218440
1666483200000,0.6115,0.6166,0.608,0.6117,8401335
1666497600000,0.6118,0.6143,0.6066,0.6072,5895844
1666512000000,0.6072,0.6096,0.5993,0.6022,9132818
1666526400000,0.6022,0.6068,0.5996,0.6059,8741905
1666540800000,0.6058,0.6159,0.6027,0.6142,13901699
1666555200000,0.6143,0.6244,0.6139,0.6219,12346468
1666569600000,0.6219,0.6246,0.6062,0.6071,10642895
1666584000000,0.607,0.6085,0.5994,0.6025,13021324
1666598400000,0.6026,0.6071,0.5997,0.6066,10971855
1666612800000,0.6065,0.6074,0.595,0.603,20268561
1666627200000,0.6031,0.6069,0.601,0.6052,9498654
1666641600000,0.6051,0.6075,0.6008,0.6026,9830551
1666656000000,0.6025,0.6133,0.6017,0.6131,15989688
1666670400000,0.613,0.6133,0.606,0.6077,7720163
1666684800000,0.6078,0.6082,0.6011,0.6063,10144715
1666699200000,0.6063,0.6224,0.6048,0.6193,21692738
1666713600000,0.6193,0.6344,0.6192,0.6283,34484616
1666728000000,0.6284,0.6293,0.6185,0.6245,14858439
1666742400000,0.6244,0.6354,0.6213,0.632,11006517
1666756800000,0.6321,0.6421,0.6319,0.6369,13421175
1666771200000,0.6369,0.6474,0.6345,0.6371,15211118
1666785600000,0.637,0.6465,0.6278,0.6405,26919793
1666800000000,0.6406,0.6434,0.6355,0.6385,13816064
1666814400000,0.6386,0.642,0.6355,0.6373,11516316
1666828800000,0.6373,0.6465,0.6354,0.6453,15384952
1666843200000,0.6454,0.6684,0.6437,0.6511,27627183
1666857600000,0.651,0.653,0.6382,0.6424,16025256
1666872000000,0.6424,0.6503,0.6334,0.6382,25989503
1666886400000,0.6382,0.6472,0.635,0.6442,11620731
1666900800000,0.6441,0.645,0.6224,0.6276,22331734
1666915200000,0.6275,0.6348,0.6195,0.6261,29740215
1666929600000,0.6262,0.6289,0.6154,0.6184,11829907
1666944000000,0.6184,0.6235,0.6156,0.6199,10801055
1666958400000,0.6198,0.6336,0.6122,0.6322,22452474
1666972800000,0.6323,0.6449,0.6318,0.6437,16264302
1666987200000,0.6438,0.6471,0.6403,0.6416,8626917
1667001600000,0.6416,0.6564,0.6412,0.6547,21256148
1667016000000,0.6548,0.6591,0.6488,0.6586,12157416
1667030400000,0.6586,0.6637,0.6472,0.6496,17526380
1667044800000,0.6497,0.6583,0.6456,0.6578,15827506
1667059200000,0.6578,0.6777,0.6548,0.6623,35251853
1667073600000,0.6624,0.6675,0.652,0.6616,16269770
1667088000000,0.6616,0.6641,0.6542,0.6621,8852325
1667102400000,0.6621,0.7093,0.6575,0.7089,49763172
1667116800000,0.7088,0.7314,0.6873,0.7039,106720329
1667131200000,0.7038,0.7141,0.673,0.6784,62015780
1667145600000,0.6783,0.6838,0.6723,0.679,21378205
1667160000000,0.679,0.6846,0.6601,0.6709,20028184
1667174400000,0.6709,0.6855,0.6603,0.6844,28583930
1667188800000,0.6844,0.6887,0.663,0.6674,27714380
1667203200000,0.6675,0.6798,0.6584,0.6764,25310027
1667217600000,0.6764,0.6778,0.6531,0.6657,30383730
1667232000000,0.6656,0.6762,0.6613,0.6708,23069335
1667246400000,0.6709,0.6768,0.6674,0.6719,12543274
1667260800000,0.6718,0.6847,0.6705,0.6753,22008395
1667275200000,0.6753,0.6779,0.6684,0.6731,10606233
1667289600000,0.673,0.6798,0.6658,0.6682,18018755
1667304000000,0.6683,0.6708,0.6568,0.6615,18490161
1667318400000,0.6614,0.6622,0.6541,0.6553,10880358
1667332800000,0.6552,0.6556,0.6491,0.6496,12568693
1667347200000,0.6496,0.6512,0.6418,0.6465,15867514
1667361600000,0.6465,0.6487,0.6311,0.6361,17933114
1667376000000,0.6359,0.6427,0.6223,0.6294,20611764
1667390400000,0.6293,0.6305,0.6239,0.6247,13212880
1667404800000,0.6247,0.6435,0.6159,0.6184,54433318
1667419200000,0.6184,0.6247,0.6067,0.6222,26112134
1667433600000,0.6221,0.6398,0.6195,0.6391,12979275
1667448000000,0.6391,0.6499,0.6375,0.6417,17493296
1667462400000,0.6417,0.6511,0.6338,0.6383,17834206
1667476800000,0.6383,0.6474,0.6324,0.6412,18649563
1667491200000,0.6413,0.6471,0.6404,0.644,13434146
1667505600000,0.6439,0.6472,0.6329,0.6368,19539532
1667520000000,0.6368,0.6632,0.632,0.6598,20374771
1667534400000,0.6599,0.6666,0.6535,0.6653,20556812
1667548800000,0.6652,0.6817,0.6602,0.6682,24788911
1667563200000,0.6682,0.69,0.6605,0.6689,41520619
1667577600000,0.6688,0.6883,0.6676,0.6881,18393303
1667592000000,0.6881,0.6986,0.686,0.6957,18014064
1667606400000,0.6957,0.7438,0.6957,0.7274,90629076
1667620800000,0.7272,0.731,0.7135,0.7195,23670654
1667635200000,0.7195,0.7304,0.7043,0.7216,35352903
1667649600000,0.7216,0.7239,0.7084,0.7185,22548965
1667664000000,0.7184,0.7233,0.7054,0.7108,15979122
1667678400000,0.7108,0.7169,0.695,0.7118,15068182
1667692800000,0.7117,0.7147,0.6956,0.704,17378219
1667707200000,0.704,0.7072,0.6952,0.7003,8596611
1667721600000,0.7003,0.7108,0.6973,0.7029,11712373
1667736000000,0.7028,0.7053,0.6958,0.6996,10113835
1667750400000,0.6996,0.7003,0.6835,0.6885,17043294
1667764800000,0.6883,0.6917,0.6599,0.6616,20986444
1667779200000,0.6615,0.6748,0.6603,0.6714,16335032
1667793600000,0.6714,0.6748,0.646,0.6476,16537905
1667808000000,0.6476,0.6662,0.6429,0.6651,12536104
1667822400000,0.6651,0.6688,0.6547,0.6685,14340499
1667836800000,0.6685,0.6732,0.6634,0.6721,14432386
1667851200000,0.6721,0.6744,0.6456,0.6637,16947416
1667865600000,0.6637,0.693,0.635,0.6378,38321779
1667880000000,0.6378,0.6423,0.6,0.626,44438339
1667894400000,0.6259,0.6302,0.6186,0.6228,16488127
1667908800000,0.623,0.6293,0.6116,0.6291,25073204
1667923200000,0.629,0.6587,0.4931,0.5643,93177121
1667937600000,0.5642,0.5755,0.5459,0.565,50993178
1667952000000,0.565,0.57,0.531,0.5448,34083478
1667966400000,0.545,0.5598,0.5364,0.551,29458799
1667980800000,0.5511,0.5539,0.5156,0.5374,49882356
1667995200000,0.5372,0.5429,0.5114,0.5188,44917423
1668009600000,0.5187,0.5289,0.4888,0.511,43443885
1668024000000,0.5108,0.518,0.446,0.4575,65316762
1668038400000,0.4576,0.4843,0.4498,0.4756,40945025
1668052800000,0.4756,0.5,0.4728,0.4936,38711742
1668067200000,0.4936,0.4968,0.4758,0.4826,37011234
1668081600000,0.4825,0.5373,0.4813,0.5309,50446036
1668096000000,0.5308,0.5398,0.5149,0.5283,26777074
1668110400000,0.5281,0.5378,0.5228,0.5301,18154592
1668124800000,0.5303,0.5351,0.5028,0.5086,16895284
1668139200000,0.5085,0.5204,0.5029,0.5163,13336692
1668153600000,0.516,0.5206,0.5125,0.5161,8937166
1668168000000,0.5161,0.5224,0.477,0.4893,29525235
1668182400000,0.4893,0.4945,0.4797,0.4871,18676880
1668196800000,0.4871,0.4975,0.4781,0.4963,11915918
1668211200000,0.4964,0.4975,0.4851,0.488,8594754
1668225600000,0.488,0.4883,0.464,0.4776,17588666
1668240000000,0.4776,0.4794,0.4715,0.4755,9494566
1668254400000,0.4756,0.4782,0.4675,0.4746,10275616
1668268800000,0.4746,0.4775,0.4691,0.4709,8412596
1668283200000,0.4708,0.4712,0.4593,0.4646,9814174
1668297600000,0.4646,0.473,0.4604,0.4714,8685445
1668312000000,0.4715,0.4724,0.4481,0.452,17282627
1668326400000,0.452,0.4534,0.4363,0.4466,21313546
1668340800000,0.4465,0.4735,0.4407,0.4592,66739798
1668355200000,0.4593,0.461,0.4471,0.4587,22205582
1668369600000,0.4587,0.4642,0.4406,0.4488,25472844
1668384000000,0.4489,0.4549,0.4145,0.4227,37047641
1668398400000,0.4228,0.44,0.4101,0.4396,36112197
1668412800000,0.4396,0.4474,0.4355,0.4408,22037434
1668427200000,0.4409,0.4534,0.4328,0.438,29829224
1668441600000,0.438,0.4407,0.4255,0.4276,17759333
1668456000000,0.4275,0.4432,0.4269,0.4414,13833977
1668470400000,0.4414,0.4475,0.4329,0.4439,16182722
1668484800000,0.444,0.4489,0.4391,0.4485,10618744
1668499200000,0.4485,0.4498,0.4427,0.4465,11777870
1668513600000,0.4465,0.4607,0.4448,0.4553,18819524
1668528000000,0.4551,0.4612,0.4436,0.4492,21244906
1668542400000,0.4494,0.4518,0.4444,0.4502,11742513
1668556800000,0.4501,0.4559,0.4452,0.4557,9656409
1668571200000,0.4556,0.4561,0.4487,0.452,7638082
1668585600000,0.4521,0.4532,0.4437,0.4451,19331126
1668600000000,0.445,0.4456,0.4283,0.4301,29584012
1668614400000,0.4302,0.4337,0.4235,0.4299,15732621
1668628800000,0.4299,0.4331,0.4257,0.4316,14263840
1668643200000,0.4316,0.435,0.4217,0.4238,12440954
1668657600000,0.4239,0.428,0.4178,0.4254,15605883
1668672000000,0.4254,0.4276,0.4191,0.4227,17583348
1668686400000,0.4226,0.423,0.4105,0.4135,34964288
1668700800000,0.4135,0.4206,0.4127,0.4149,20207463
1668715200000,0.4149,0.4192,0.4145,0.4168,13077680
1668729600000,0.4169,0.4245,0.4162,0.4205,19336583
1668744000000,0.4205,0.4218,0.4174,0.4194,9547746
1668758400000,0.4194,0.4211,0.416,0.419,12578246
1668772800000,0.419,0.421,0.4113,0.4147,23611220
1668787200000,0.4147,0.4159,0.4041,0.4084,26156830
1668801600000,0.4084,0.414,0.4079,0.413,17561275
1668816000000,0.4131,0.4139,0.4077,0.4106,12046715
1668830400000,0.4106,0.4117,0.4011,0.4068,18034274
1668844800000,0.4069,0.4092,0.405,0.4088,9435805
1668859200000,0.4088,0.425,0.4058,0.4221,44811021
1668873600000,0.4221,0.4226,0.4141,0.4149,30773896
1668888000000,0.415,0.419,0.4139,0.4167,13617781
1668902400000,0.4167,0.4199,0.4142,0.4184,11550854
1668916800000,0.4183,0.4203,0.417,0.4188,7294951
1668931200000,0.4189,0.4198,0.4024,0.4063,31066525
1668945600000,0.4063,0.4092,0.4015,0.4066,18260024
1668960000000,0.4066,0.4072,0.3962,0.4019,23293271
1668974400000,0.4019,0.4029,0.3801,0.3833,49970393
1668988800000,0.3833,0.3852,0.367,0.3725,52533522
1669003200000,0.3724,0.3779,0.3716,0.373,19860619
1669017600000,0.373,0.3761,0.3697,0.3728,18814276
1669032000000,0.3727,0.3828,0.3712,0.3784,27843582
1669046400000,0.3784,0.3795,0.3552,0.3622,45006267
1669060800000,0.3621,0.3746,0.3605,0.3691,47216463
1669075200000,0.3692,0.3762,0.3683,0.3734,17067390
1669089600000,0.3734,0.3752,0.3624,0.366,19367677
1669104000000,0.3659,0.3662,0.3544,0.3593,25209893
1669118400000,0.3593,0.3819,0.3568,0.3813,54237632
1669132800000,0.3813,0.3829,0.3741,0.3797,22127278
1669147200000,0.3797,0.3833,0.3788,0.3826,17182662
1669161600000,0.3827,0.3896,0.3779,0.389,22562106
1669176000000,0.3891,0.3932,0.3858,0.3915,15856924
1669190400000,0.3916,0.3967,0.3909,0.3919,17912018
1669204800000,0.392,0.3928,0.3836,0.3884,19891698
1669219200000,0.3885,0.3957,0.3832,0.3907,21171531
1669233600000,0.3907,0.3975,0.3898,0.3969,15425749
1669248000000,0.3969,0.405,0.3934,0.4038,16473932
1669262400000,0.4038,0.4046,0.3973,0.3977,10566625
1669276800000,0.3977,0.3982,0.3858,0.3895,15460868
1669291200000,0.3894,0.3911,0.3848,0.3893,14348399
1669305600000,0.3893,0.3922,0.3868,0.3902,11923663
1669320000000,0.3903,0.3948,0.3886,0.3939,8020051
1669334400000,0.3938,0.394,0.3814,0.384,14400883
1669348800000,0.384,0.3871,0.3814,0.3866,9018658
1669363200000,0.3866,0.3908,0.3835,0.3899,13211566
1669377600000,0.39,0.3931,0.3865,0.3907,13721651
1669392000000,0.3907,0.3925,0.3866,0.3915,15771719
1669406400000,0.3915,0.3939,0.3894,0.3908,8382856
1669420800000,0.3908,0.4005,0.3901,0.3971,16433877
1669435200000,0.3971,0.3983,0.3931,0.3948,7678440
1669449600000,0.3949,0.4045,0.3947,0.3995,16416020
1669464000000,0.3995,0.4019,0.392,0.3965,16150792
1669478400000,0.3964,0.398,0.3927,0.3959,9429560
1669492800000,0.3959,0.4074,0.3936,0.4049,19577255
1669507200000,0.4048,0.4071,0.399,0.4048,14298539
1669521600000,0.4048,0.4057,0.3996,0.4022,11169280
1669536000000,0.4022,0.4127,0.4008,0.4051,22894393
1669550400000,0.4052,0.4089,0.4037,0.4084,11443869
1669564800000,0.4084,0.4088,0.4038,0.4061,8843271
1669579200000,0.406,0.4104,0.3974,0.3993,20838579
1669593600000,0.3994,0.4044,0.3807,0.3856,28595673
1669608000000,0.3856,0.3894,0.3842,0.388,10188749
1669622400000,0.388,0.3886,0.384,0.3859,7651143
1669636800000,0.3859,0.3905,0.3821,0.3839,15819862
1669651200000,0.384,0.3917,0.3798,0.3869,17356383
1669665600000,0.387,0.389,0.383,0.3862,12084855
1669680000000,0.3863,0.3932,0.382,0.3893,18724163
1669694400000,0.3893,0.3971,0.3892,0.3959,11718967
1669708800000,0.3959,0.3994,0.395,0.3958,10732663
1669723200000,0.3957,0.3965,0.3893,0.3916,14605939
1669737600000,0.3915,0.3917,0.387,0.3898,13008304
1669752000000,0.3897,0.3943,0.3895,0.3932,6683347
1669766400000,0.3933,0.4076,0.3931,0.3995,25943696
1669780800000,0.3994,0.4049,0.3994,0.4026,8873487
1669795200000,0.4026,0.4072,0.3997,0.4059,14861988
1669809600000,0.406,0.4064,0.3999,0.4042,14112436
1669824000000,0.4042,0.4075,0.3935,0.4053,26513786
1669838400000,0.4052,0.4125,0.4041,0.4124,21274041
1669852800000,0.4124,0.4128,0.4056,0.408,12110187
1669867200000,0.408,0.4101,0.4038,0.4052,8851028
1669881600000,0.4052,0.4056,0.4015,0.4042,8957000
1669896000000,0.404,0.4096,0.3993,0.4043,24020076
1669910400000,0.4043,0.4062,0.4016,0.4038,10596853
1669924800000,0.4038,0.4049,0.4001,0.4045,7907749
1669939200000,0.4044,0.408,0.3971,0.4019,16565031
1669953600000,0.4019,0.4094,0.3975,0.4081,13059674
1669968000000,0.4082,0.42,0.4081,0.4169,34889076
1669982400000,0.417,0.4244,0.41,0.4231,44215872
1669996800000,0.423,0.4233,0.418,0.4219,21408463
1670011200000,0.4219,0.4229,0.4172,0.4203,12819739
1670025600000,0.4204,0.4225,0.4161,0.4163,8976132
1670040000000,0.4164,0.4178,0.4111,0.4121,12169285
1670054400000,0.4122,0.416,0.4102,0.4158,9348179
1670068800000,0.4157,0.4165,0.4128,0.4153,8289022
1670083200000,0.4153,0.4157,0.412,0.4141,6041448
1670097600000,0.4141,0.4141,0.4046,0.4057,12750479
1670112000000,0.4058,0.4096,0.4034,0.4085,11589210
1670126400000,0.4085,0.4148,0.4073,0.4101,15509825
1670140800000,0.4101,0.412,0.4034,0.4039,11177096
1670155200000,0.4038,0.4102,0.4027,0.4074,25151018
1670169600000,0.4074,0.4085,0.4044,0.4073,9193719
1670184000000,0.4075,0.4117,0.4074,0.4089,7130252
1670198400000,0.4088,0.4141,0.4081,0.4112,14341721
1670212800000,0.4112,0.4225,0.4112,0.4205,18055953
1670227200000,0.4205,0.4275,0.4194,0.4264,37622977
1670241600000,0.4264,0.4265,0.4179,0.4213,29039820
1670256000000,0.4214,0.4282,0.416,0.4194,39544666
1670270400000,0.4193,0.4209,0.4144,0.4196,19477019
1670284800000,0.4196,0.4225,0.4184,0.419,12642389
1670299200000,0.4191,0.4218,0.4155,0.4211,19455336
1670313600000,0.4211,0.4238,0.4127,0.4159,29897115
1670328000000,0.4159,0.4204,0.4138,0.4156,19244249
1670342400000,0.4156,0.4174,0.4103,0.4121,14669812
1670356800000,0.4122,0.4162,0.4112,0.4154,10261300
1670371200000,0.4153,0.4186,0.4125,0.4128,10349199
1670385600000,0.4128,0.4141,0.3853,0.3905,42020977
1670400000000,0.3905,0.3963,0.3885,0.3939,22239239
1670414400000,0.394,0.3992,0.3938,0.3959,18408993
1670428800000,0.396,0.3967,0.3928,0.3936,9915925
1670443200000,0.3936,0.397,0.3902,0.3938,12466748
1670457600000,0.3939,0.3991,0.3926,0.3979,9746401
1670472000000,0.398,0.4006,0.396,0.3989,9580679
1670486400000,0.399,0.3997,0.3875,0.3934,19993616
1670500800000,0.3934,0.3968,0.3913,0.3945,15473940
1670515200000,0.3945,0.4025,0.3932,0.4016,16549652
1670529600000,0.4016,0.4034,0.3989,0.3997,12247848
1670544000000,0.3997,0.4016,0.3971,0.3974,10184634
1670558400000,0.3974,0.4013,0.3973,0.4007,5518471
1670572800000,0.4006,0.4028,0.3991,0.4015,8108936
1670587200000,0.4014,0.4027,0.3929,0.3977,20950991
1670601600000,0.3977,0.3978,0.3944,0.3966,6092335
1670616000000,0.3967,0.3969,0.393,0.3952,7270415
1670630400000,0.3953,0.3968,0.3947,0.395,6156557
1670644800000,0.395,0.3983,0.3946,0.3968,5488125
1670659200000,0.3969,0.4,0.395,0.3978,10360910
1670673600000,0.3978,0.4013,0.3976,0.401,7300833
1670688000000,0.401,0.4038,0.3994,0.4034,11310337
1670702400000,0.4033,0.4054,0.4003,0.4013,15241959
1670716800000,0.4014,0.4022,0.4001,0.4008,6105439
1670731200000,0.4008,0.4022,0.4004,0.4013,4618093
1670745600000,0.4013,0.4016,0.3986,0.3988,5800518
1670760000000,0.399,0.3998,0.398,0.3995,5517588
1670774400000,0.3995,0.4011,0.3978,0.3993,5908335
1670788800000,0.3992,0.3993,0.3874,0.3893,24737208
1670803200000,0.3892,0.3893,0.37,0.376,34281057
1670817600000,0.376,0.3796,0.375,0.379,9159852
1670832000000,0.3789,0.3806,0.3769,0.3801,7345145
1670846400000,0.3801,0.3809,0.3758,0.3783,11878912
1670860800000,0.3785,0.3802,0.3779,0.3802,5835983
1670875200000,0.3801,0.3847,0.3793,0.3837,11041915
1670889600000,0.3837,0.3853,0.379,0.3792,7136339
1670904000000,0.3792,0.3793,0.3649,0.3714,23764303
1670918400000,0.3715,0.3813,0.3701,0.3812,13793519
1670932800000,0.3813,0.3947,0.3789,0.3879,33998244
1670947200000,0.3879,0.3906,0.385,0.389,12140889
1670961600000,0.3888,0.392,0.3883,0.3918,6882106
1670976000000,0.3919,0.3937,0.3901,0.3924,6589776
1670990400000,0.3925,0.3939,0.3893,0.3908,6684779
1671004800000,0.3907,0.3928,0.3873,0.3903,14772186
1671019200000,0.3904,0.3924,0.3877,0.3918,10905118
1671033600000,0.3919,0.3932,0.3792,0.3828,25059298
1671048000000,0.3828,0.3849,0.3792,0.3815,12623184
1671062400000,0.3813,0.382,0.3706,0.3781,18907218
1671076800000,0.3781,0.3796,0.376,0.378,8141810
1671091200000,0.378,0.3808,0.3772,0.3805,6317413
1671105600000,0.3805,0.3805,0.3759,0.3782,13800598
1671120000000,0.3783,0.3811,0.372,0.3772,29322122
1671134400000,0.3772,0.3779,0.3735,0.3753,8481676
1671148800000,0.3754,0.3779,0.3735,0.3779,4145955
1671163200000,0.3779,0.3795,0.3753,0.3783,6381828
1671177600000,0.3784,0.3787,0.36,0.3641,27998821
1671192000000,0.3641,0.3665,0.3599,0.3623,16479498
1671206400000,0.3623,0.3647,0.358,0.3631,20667694
1671220800000,0.3631,0.3645,0.3342,0.338,54398809
1671235200000,0.338,0.3395,0.3245,0.3317,28069299
1671249600000,0.3318,0.3371,0.3317,0.3355,12871871
1671264000000,0.3356,0.3365,0.3327,0.3336,11162091
1671278400000,0.3337,0.335,0.3303,0.333,8253000
1671292800000,0.3331,0.3332,0.3277,0.3285,11687313
1671307200000,0.3285,0.3349,0.3269,0.3335,16087658
1671321600000,0.3335,0.3343,0.3302,0.3318,6392131
1671336000000,0.3318,0.3339,0.3295,0.3305,7264845
1671350400000,0.3305,0.331,0.3257,0.3275,11632135
1671364800000,0.3274,0.3285,0.3202,0.3224,19965028
1671379200000,0.3224,0.3283,0.3219,0.327,27449420
1671393600000,0.327,0.3289,0.3246,0.3254,12731302
1671408000000,0.3253,0.3303,0.3179,0.3213,32837707
1671422400000,0.3212,0.3236,0.3204,0.3217,11963402
1671436800000,0.3216,0.3283,0.3214,0.3267,14462807
1671451200000,0.3267,0.3296,0.3235,0.3235,15845690
1671465600000,0.3236,0.3246,0.3001,0.3071,67622184
1671480000000,0.307,0.31,0.296,0.3022,35554534
1671494400000,0.3023,0.3133,0.3013,0.3121,20564577
1671508800000,0.3122,0.3189,0.3121,0.3172,13238597
1671523200000,0.3171,0.3177,0.3136,0.3149,9602501
1671537600000,0.315,0.3184,0.3095,0.3156,21255081
1671552000000,0.3156,0.3159,0.3113,0.3141,10892341
1671566400000,0.314,0.317,0.3114,0.3131,14792306
1671580800000,0.3131,0.3154,0.3046,0.3065,19894941
1671595200000,0.3065,0.3083,0.3024,0.3078,13812758
1671609600000,0.3077,0.3103,0.3059,0.3097,11957321
1671624000000,0.3097,0.3101,0.3046,0.3079,21302323
1671638400000,0.3078,0.3081,0.3006,0.3021,13796132
1671652800000,0.302,0.3072,0.3009,0.3062,14514441
1671667200000,0.3061,0.31,0.3039,0.309,11914550
1671681600000,0.309,0.3096,0.3021,0.3052,13173936
1671696000000,0.3052,0.3114,0.3046,0.3068,18888635
1671710400000,0.3068,0.3083,0.3002,0.3017,24772174
1671724800000,0.3017,0.3032,0.2991,0.3029,13587172
1671739200000,0.3029,0.3119,0.3025,0.3116,19122108
1671753600000,0.3117,0.3153,0.3105,0.314,16894140
1671768000000,0.3141,0.3161,0.3123,0.3129,11366017
1671782400000,0.3128,0.3154,0.3109,0.3147,10455701
1671796800000,0.3147,0.3163,0.3112,0.3151,22220296
1671811200000,0.315,0.337,0.3144,0.3343,285539672
1671825600000,0.3343,0.3388,0.3285,0.3328,189059378
1671840000000,0.3327,0.3371,0.3283,0.333,126000680
1671854400000,0.3329,0.333,0.3285,0.3316,82745572
1671868800000,0.3316,0.3319,0.3245,0.3268,104749632
1671883200000,0.3268,0.3287,0.3254,0.3263,76309598
1671897600000,0.3263,0.328,0.3257,0.3276,38230430
1671912000000,0.3275,0.3295,0.3261,0.3265,30303610
1671926400000,0.3266,0.3314,0.3265,0.3302,36392046
1671940800000,0.3303,0.3318,0.3287,0.3294,24704300
1671955200000,0.3293,0.3304,0.3256,0.3275,31162098
1671969600000,0.3275,0.3298,0.3234,0.3264,58547281
1671984000000,0.3264,0.3295,0.3251,0.3288,33034727
1671998400000,0.3288,0.3294,0.3265,0.3265,19066052
1672012800000,0.3266,0.3336,0.3259,0.3301,36487176
1672027200000,0.3302,0.3319,0.328,0.3282,18232489
1672041600000,0.3282,0.3304,0.3275,0.3288,15281920
1672056000000,0.3288,0.3296,0.326,0.327,17336661
1672070400000,0.327,0.3285,0.3264,0.327,13029567
1672084800000,0.3269,0.3296,0.3247,0.329,16124393
1672099200000,0.329,0.3305,0.3212,0.3227,24193961
1672113600000,0.3228,0.3254,0.3225,0.3233,13002770
1672128000000,0.3234,0.3287,0.3225,0.3273,23106072
1672142400000,0.3273,0.3289,0.3217,0.3224,27788006
1672156800000,0.3224,0.3225,0.3143,0.318,55898029
1672171200000,0.318,0.322,0.3171,0.3216,17200350
1672185600000,0.3215,0.3229,0.3135,0.3163,31447621
1672200000000,0.3163,0.3172,0.3027,0.3097,51383754
1672214400000,0.3097,0.3111,0.307,0.3093,19539329
1672228800000,0.3092,0.3145,0.3062,0.3086,39419142
1672243200000,0.3086,0.3109,0.3067,0.3069,15713353
1672257600000,0.307,0.3083,0.3024,0.3049,24351048
1672272000000,0.3049,0.3057,0.2951,0.3015,34011430
1672286400000,0.3015,0.3033,0.2991,0.301,13801085
1672300800000,0.301,0.3033,0.2987,0.3027,17877269
1672315200000,0.3026,0.3046,0.3012,0.3019,22567273
1672329600000,0.302,0.3025,0.2951,0.2971,23333203
1672344000000,0.297,0.2972,0.2869,0.2943,58765950
1672358400000,0.2943,0.2958,0.2918,0.2931,22810784
1672372800000,0.2931,0.2942,0.2836,0.2856,33345171
1672387200000,0.2856,0.2897,0.2852,0.2879,21899554
1672401600000,0.2878,0.2927,0.2861,0.2903,39389335
1672416000000,0.2903,0.2935,0.2899,0.2912,17917637
1672430400000,0.2912,0.2945,0.2908,0.2926,12609191
1672444800000,0.2927,0.2941,0.2916,0.2925,10521976
1672459200000,0.2925,0.2949,0.2912,0.2933,9714543
1672473600000,0.2934,0.2986,0.2933,0.2967,17516854
1672488000000,0.2966,0.2984,0.2954,0.2963,15948983
1672502400000,0.2963,0.2999,0.296,0.2995,18045915
1672516800000,0.2996,0.3,0.2942,0.2969,19547359
1672531200000,0.297,0.2973,0.2929,0.2944,15964411
1672545600000,0.2944,0.2946,0.2908,0.2922,11563180
1672560000000,0.2921,0.2966,0.2916,0.2965,18987409
1672574400000,0.2965,0.3005,0.2955,0.2992,21256868
1672588800000,0.2992,0.3014,0.2975,0.2988,23800584
1672603200000,0.2989,0.3019,0.2989,0.3013,11228800
1672617600000,0.3012,0.3017,0.2954,0.3011,28093892
1672632000000,0.3011,0.3121,0.2991,0.3081,45715169
1672646400000,0.3082,0.3115,0.307,0.3094,24248453
1672660800000,0.3093,0.3113,0.307,0.3098,19411234
1672675200000,0.3099,0.3127,0.3092,0.3117,14995614
1672689600000,0.3118,0.3127,0.3088,0.3103,18125081
1672704000000,0.3104,0.3123,0.3075,0.3103,13908187
1672718400000,0.3103,0.3134,0.3093,0.3105,12739479
1672732800000,0.3105,0.3112,0.308,0.3086,13370766
1672747200000,0.3086,0.3111,0.3058,0.3076,22535083
1672761600000,0.3075,0.3089,0.3042,0.3054,18277864
1672776000000,0.3052,0.3094,0.3045,0.3087,14200528
1672790400000,0.3087,0.3228,0.3079,0.3215,49024821
1672804800000,0.3216,0.3283,0.3201,0.3242,42923120
1672819200000,0.3243,0.3249,0.3198,0.3224,21714847
1672833600000,0.3223,0.3273,0.3183,0.3266,41552272
1672848000000,0.3265,0.328,0.3216,0.3228,42310867
1672862400000,0.3228,0.3231,0.3185,0.3217,21395208
1672876800000,0.3217,0.3319,0.3211,0.3272,44721843
1672891200000,0.3272,0.3324,0.3242,0.3273,26050079
1672905600000,0.3273,0.3277,0.3199,0.3251,24569742
1672920000000,0.3251,0.3251,0.3185,0.3208,24054267
1672934400000,0.3209,0.3228,0.3182,0.3223,17257232
1672948800000,0.3222,0.3228,0.3174,0.3211,14834792
1672963200000,0.3212,0.3232,0.3175,0.3176,16313123
1672977600000,0.3176,0.3183,0.3128,0.314,22381884
1672992000000,0.3141,0.3154,0.3095,0.3135,23302526
1673006400000,0.3134,0.3208,0.3108,0.3204,46328016
1673020800000,0.3205,0.3241,0.3185,0.3237,23834611
1673035200000,0.3237,0.3309,0.3208,0.3278,30324414
1673049600000,0.3279,0.3449,0.326,0.3442,79519501
1673064000000,0.3442,0.3599,0.342,0.3553,151087983
1673078400000,0.3553,0.358,0.3505,0.3532,93046584
1673092800000,0.3531,0.355,0.3477,0.3509,75967271
1673107200000,0.351,0.3526,0.3491,0.3507,41076615
1673121600000,0.3506,0.352,0.347,0.3507,50930855
1673136000000,0.3507,0.3509,0.3391,0.3471,77242597
1673150400000,0.347,0.3578,0.3459,0.3526,101981085
1673164800000,0.3524,0.355,0.3492,0.3519,44621434
1673179200000,0.352,0.3669,0.3516,0.3604,101550173
1673193600000,0.3605,0.3659,0.356,0.3592,88759494
1673208000000,0.3592,0.3927,0.3592,0.3774,186709682
1673222400000,0.3773,0.4084,0.3755,0.395,208220377
1673236800000,0.3951,0.4068,0.3951,0.3997,73991719
1673251200000,0.3998,0.4094,0.3952,0.3983,98452597
1673265600000,0.3983,0.4049,0.3878,0.3994,80654978
1673280000000,0.3993,0.43,0.3992,0.4064,164088248
1673294400000,0.4064,0.4084,0.3923,0.3938,75728901
1673308800000,0.3938,0.4165,0.3906,0.4009,80859417
1673323200000,0.401,0.4052,0.3992,0.4015,29885198
1673337600000,0.4015,0.4061,0.3964,0.3969,40234929
1673352000000,0.3969,0.403,0.391,0.3982,56726572
1673366400000,0.3982,0.4024,0.3934,0.4015,27662367
1673380800000,0.4018,0.4036,0.3962,0.402,21160053
1673395200000,0.402,0.402,0.3875,0.3923,29496929
1673409600000,0.3924,0.3962,0.3892,0.395,23521487
1673424000000,0.3951,0.3953,0.39,0.3926,18335367
1673438400000,0.3925,0.3925,0.3791,0.3813,48350734
1673452800000,0.3812,0.3957,0.3799,0.3945,37131002
1673467200000,0.3945,0.4076,0.3892,0.4052,38580112
1673481600000,0.4052,0.4176,0.4025,0.4086,64555100
1673496000000,0.4085,0.4098,0.4016,0.4047,23238438
1673510400000,0.4046,0.4047,0.3951,0.3983,25321680
1673524800000,0.3984,0.406,0.389,0.3955,67201695
1673539200000,0.3954,0.4103,0.3944,0.4075,53268869
1673553600000,0.4075,0.4128,0.4057,0.4123,30248823
1673568000000,0.4123,0.4578,0.4058,0.4496,103308701
1673582400000,0.4495,0.4619,0.4402,0.4414,164148459
1673596800000,0.4415,0.448,0.4379,0.4433,70752748
1673611200000,0.4432,0.4467,0.4361,0.4418,64338082
1673625600000,0.4417,0.5054,0.4371,0.4998,265661256
1673640000000,0.4998,0.5469,0.4928,0.5304,546339533
1673654400000,0.5305,0.5834,0.5269,0.5648,484134561
1673668800000,0.5648,0.5888,0.5521,0.5668,199478355
1673683200000,0.5668,0.6378,0.5471,0.605,638007787
1673697600000,0.605,0.6141,0.5711,0.6076,303920376
1673712000000,0.6075,0.6307,0.5895,0.5958,250147235
1673726400000,0.5958,0.614,0.583,0.5948,111031634
1673740800000,0.5948,0.627,0.5651,0.5708,204433339
1673755200000,0.571,0.5782,0.561,0.5652,63121614
1673769600000,0.5651,0.5897,0.5523,0.5823,130941863
1673784000000,0.5823,0.595,0.572,0.586,158260289
1673798400000,0.5859,0.7234,0.5824,0.7125,800035439
1673812800000,0.7126,0.7331,0.686,0.6988,429576087
1673827200000,0.699,0.738,0.6718,0.6943,365775308
1673841600000,0.6943,0.7174,0.6902,0.7015,182035324
1673856000000,0.7015,0.7157,0.66,0.6946,304613937
1673870400000,0.6946,0.725,0.667,0.6914,383810580
1673884800000,0.6914,0.7138,0.6856,0.7009,238365144
1673899200000,0.7008,0.7259,0.6957,0.6996,189929031
1673913600000,0.6996,0.7366,0.6735,0.7334,279214125
1673928000000,0.7335,0.7586,0.7098,0.7199,324679631
1673942400000,0.7198,0.7325,0.7132,0.7225,141484211
1673956800000,0.7226,0.727,0.7023,0.7107,151230995
1673971200000,0.7106,0.7236,0.707,0.7128,93955447
1673985600000,0.7129,0.7141,0.6839,0.6874,97329951
1674000000000,0.6874,0.713,0.6873,0.6915,132256685
1674014400000,0.6915,0.6958,0.68,0.6918,75817878
1674028800000,0.6918,0.6933,0.665,0.6859,151204102
1674043200000,0.6858,0.7002,0.627,0.6533,170836338
1674057600000,0.653,0.6841,0.627,0.6645,253344343
1674072000000,0.6644,0.668,0.6301,0.6359,98438924
1674086400000,0.6358,0.6657,0.6358,0.653,90916253
1674100800000,0.6529,0.6795,0.6507,0.6651,101363067
1674115200000,0.6651,0.6689,0.6421,0.6462,78613285
1674129600000,0.6462,0.6485,0.6326,0.6407,98493596
1674144000000,0.641,0.6474,0.62,0.6459,86918958
1674158400000,0.6459,0.6501,0.6376,0.6453,45966362
1674172800000,0.6452,0.6559,0.6371,0.6451,55284084
1674187200000,0.645,0.6485,0.6131,0.6238,119358124
1674201600000,0.6239,0.6275,0.616,0.6237,63915402
1674216000000,0.6237,0.6423,0.6224,0.639,105395792
1674230400000,0.639,0.6688,0.6371,0.6674,143890323
1674244800000,0.6674,0.7515,0.6671,0.7318,308121133
1674259200000,0.7317,0.7639,0.7224,0.7387,211523239
1674273600000,0.7388,0.7464,0.7242,0.7391,71182821
1674288000000,0.7392,0.7828,0.7,0.7636,211400742
1674302400000,0.7636,0.7636,0.7215,0.7321,141831759
1674316800000,0.7322,0.7459,0.7292,0.7391,69750238
1674331200000,0.7391,0.7407,0.71,0.7157,66099866
1674345600000,0.7158,0.7434,0.7152,0.7268,60761590
1674360000000,0.7269,0.7375,0.7252,0.7264,36698716
1674374400000,0.7263,0.7321,0.7201,0.7247,38137738
1674388800000,0.7247,0.757,0.719,0.7459,157523475
1674403200000,0.7459,0.7502,0.7261,0.7307,71075313
1674417600000,0.7307,0.7307,0.6875,0.7246,100633428
1674432000000,0.7245,0.7496,0.7175,0.7268,94858934
1674446400000,0.7269,0.7373,0.7207,0.7254,43741954
1674460800000,0.7254,0.745,0.7157,0.73,77018484
1674475200000,0.73,0.7335,0.6955,0.7163,101027052
1674489600000,0.7164,0.7312,0.7113,0.7193,50586827
1674504000000,0.7193,0.7385,0.7155,0.725,60298960
1674518400000,0.725,0.745,0.7151,0.7327,61752797
1674532800000,0.7326,0.7336,0.7214,0.726,24939722
1674547200000,0.7259,0.7269,0.7142,0.7186,33195525
1674561600000,0.7186,0.7221,0.7028,0.7119,49449094
1674576000000,0.712,0.7131,0.6917,0.7089,43057839
1674590400000,0.709,0.7102,0.6416,0.6605,118777087
1674604800000,0.6605,0.663,0.6341,0.6535,81643677
1674619200000,0.6534,0.6703,0.6523,0.6675,37705785
1674633600000,0.6674,0.6775,0.6524,0.6548,59487020
1674648000000,0.6548,0.6762,0.6529,0.6634,82421952
1674662400000,0.6635,0.674,0.6586,0.673,38060497
1674676800000,0.673,0.7163,0.6728,0.6884,108500597
1674691200000,0.6885,0.7012,0.6864,0.6879,37117736
1674705600000,0.6879,0.6994,0.6803,0.6838,38488408
1674720000000,0.6839,0.6885,0.6636,0.6711,46004451
1674734400000,0.6712,0.6947,0.6634,0.667,84738524
1674748800000,0.667,0.6748,0.6563,0.6719,41448517
1674763200000,0.6719,0.678,0.6683,0.6765,22521296
1674777600000,0.6766,0.6791,0.645,0.6587,46995156
1674792000000,0.6588,0.6671,0.6572,0.667,19467007
1674806400000,0.667,0.6673,0.6552,0.6596,20276041
1674820800000,0.6596,0.6718,0.6507,0.6648,39968217
1674835200000,0.6647,0.691,0.6644,0.6901,51020902
1674849600000,0.6902,0.6952,0.6733,0.6796,38491144
1674864000000,0.6796,0.7348,0.6792,0.7173,130661294
1674878400000,0.7173,0.7275,0.693,0.7034,50527972
1674892800000,0.7035,0.708,0.6968,0.6983,35424644
1674907200000,0.6982,0.702,0.6806,0.6978,68644930
1674921600000,0.6977,0.7258,0.6954,0.7082,89743088
1674936000000,0.7083,0.709,0.6846,0.6933,55538522
1674950400000,0.6933,0.7157,0.6816,0.7092,65299716
1674964800000,0.7092,0.7213,0.7015,0.7094,46629703
1674979200000,0.7093,0.7454,0.7058,0.7414,172329207
1674993600000,0.7416,0.7981,0.7362,0.7909,461960669
1675008000000,0.791,0.7985,0.7733,0.7958,172396411
1675022400000,0.7957,0.8126,0.7839,0.8073,186423976
1675036800000,0.8073,0.8189,0.78,0.7878,125387617
1675051200000,0.7879,0.8063,0.7826,0.791,132723391
1675065600000,0.791,0.794,0.7513,0.757,204730559
1675080000000,0.757,0.766,0.7459,0.7554,115707335
1675094400000,0.7554,0.7604,0.7044,0.723,118578673
1675108800000,0.7229,0.7564,0.711,0.7525,83934042
1675123200000,0.7525,0.7562,0.7274,0.7344,65210824
1675137600000,0.7343,0.741,0.7221,0.7409,45910261
1675152000000,0.7408,0.7416,0.7242,0.7347,55518022
1675166400000,0.7347,0.7541,0.7326,0.7439,81198670
1675180800000,0.7441,0.757,0.74,0.7557,54315778
1675195200000,0.7557,0.7563,0.7277,0.7491,76021100
1675209600000,0.7491,0.7785,0.7412,0.7464,96463907
1675224000000,0.7465,0.7482,0.7244,0.7346,44181457
1675238400000,0.7346,0.7366,0.721,0.7318,49438652
1675252800000,0.7318,0.7378,0.7131,0.719,66412342
1675267200000,0.719,0.7571,0.7068,0.7491,108527562
1675281600000,0.7491,0.815,0.7477,0.8034,158517041
1675296000000,0.8035,0.8158,0.7942,0.8003,65642947
1675310400000,0.8003,0.8053,0.7824,0.7888,37975810
1675324800000,0.7887,0.7982,0.7864,0.7975,30827265
1675339200000,0.7975,0.8121,0.783,0.8054,75383995
1675353600000,0.8054,0.844,0.7981,0.817,123444535
1675368000000,0.817,0.8173,0.7679,0.7841,85743792
1675382400000,0.7845,0.7897,0.7657,0.7768,38903529
1675396800000,0.7768,0.786,0.7729,0.7754,26886139
1675411200000,0.7754,0.7879,0.7701,0.7867,32086573
1675425600000,0.7866,0.7978,0.7622,0.7869,95225195
1675440000000,0.7868,0.7933,0.7761,0.777,42402958
1675454400000,0.777,0.7924,0.7718,0.7901,25065666
1675468800000,0.7901,0.7935,0.7768,0.7772,24592280
1675483200000,0.7773,0.7816,0.773,0.779,18635440
1675497600000,0.779,0.7826,0.7734,0.7801,17326516
1675512000000,0.7801,0.8093,0.7796,0.7954,75616354
1675526400000,0.7953,0.7985,0.7868,0.7888,32142479
1675540800000,0.7887,0.795,0.7745,0.7816,26046201
1675555200000,0.7815,0.7851,0.768,0.772,31945168
1675569600000,0.7719,0.7819,0.7698,0.7774,15556067
1675584000000,0.7774,0.7846,0.7722,0.7751,22391768
1675598400000,0.7751,0.7775,0.72,0.7365,94668729
1675612800000,0.7365,0.74,0.721,0.7293,60571722
1675627200000,0.7293,0.7394,0.7171,0.7356,38026820
1675641600000,0.7357,0.7459,0.7226,0.7279,33688745
1675656000000,0.7279,0.7318,0.7103,0.7285,37205559
1675670400000,0.7285,0.7311,0.7119,0.7232,36432135
1675684800000,0.7232,0.7338,0.7161,0.7326,55942034
1675699200000,0.7324,0.7375,0.7256,0.7307,45734703
1675713600000,0.7308,0.7309,0.7008,0.7086,46870125
1675728000000,0.7086,0.7218,0.7063,0.7181,31090777
1675742400000,0.7182,0.7276,0.7169,0.7215,19765488
1675756800000,0.7215,0.742,0.7164,0.7306,48095119
1675771200000,0.7307,0.7362,0.7237,0.725,35133902
1675785600000,0.725,0.746,0.7128,0.7377,78302673
1675800000000,0.7378,0.8257,0.735,0.809,242877103
1675814400000,0.8091,0.8269,0.7918,0.7944,93901759
1675828800000,0.7944,0.8051,0.7854,0.7976,61528883
1675843200000,0.7976,0.7994,0.7768,0.7893,44803293
1675857600000,0.7893,0.7969,0.7652,0.7667,71127485
1675872000000,0.7667,0.7683,0.7355,0.7521,96356342
1675886400000,0.7522,0.7723,0.742,0.7694,40957387
1675900800000,0.7695,0.7722,0.7153,0.7278,69281226
1675915200000,0.7278,0.7426,0.7207,0.7384,42074850
1675929600000,0.7385,0.7498,0.7344,0.7425,31326062
1675944000000,0.7424,0.7514,0.7316,0.7385,53394015
1675958400000,0.7384,0.7428,0.6744,0.6922,102673800
1675972800000,0.6923,0.6926,0.6581,0.678,82799139
1675987200000,0.6779,0.6826,0.6641,0.6755,37244570
1676001600000,0.6755,0.6859,0.6626,0.6847,33991666
1676016000000,0.6847,0.7013,0.6806,0.6829,43865703
1676030400000,0.683,0.7022,0.6777,0.6909,70744499
1676044800000,0.691,0.7198,0.6875,0.7052,68144301
1676059200000,0.7052,0.7067,0.6763,0.6881,44282633
1676073600000,0.6881,0.6928,0.6822,0.688,22748171
1676088000000,0.6881,0.6901,0.6807,0.6861,14238206
1676102400000,0.6861,0.6867,0.6784,0.6832,14390162
1676116800000,0.6831,0.6967,0.6805,0.6928,29296714
1676131200000,0.6929,0.693,0.6763,0.6806,28529660
1676145600000,0.6805,0.6956,0.6781,0.6949,23009197
1676160000000,0.6948,0.695,0.6838,0.6841,17204369
1676174400000,0.6842,0.6872,0.6786,0.6845,13753944
1676188800000,0.6844,0.6948,0.683,0.692,18469251
1676203200000,0.6921,0.6938,0.6828,0.6909,27173425
1676217600000,0.691,0.6997,0.6881,0.6901,24515194
1676232000000,0.6901,0.6919,0.65,0.6602,52044998
1676246400000,0.6602,0.6641,0.6356,0.6465,47547275
1676260800000,0.6466,0.6532,0.6439,0.6515,27151201
1676275200000,0.6516,0.6519,0.6131,0.6262,78466557
1676289600000,0.6263,0.6352,0.6248,0.6261,44124563
1676304000000,0.6263,0.633,0.6157,0.6313,49061001
1676318400000,0.6313,0.6483,0.6276,0.6437,28555404
1676332800000,0.6438,0.6482,0.6294,0.6306,25436830
1676347200000,0.6306,0.6396,0.6302,0.6372,18498316
1676361600000,0.6373,0.6422,0.6267,0.6363,32415668
1676376000000,0.6363,0.6849,0.621,0.6664,128095763
1676390400000,0.6664,0.678,0.6606,0.6746,52364514
1676404800000,0.6746,0.6775,0.6692,0.6759,25373596
1676419200000,0.6759,0.6774,0.658,0.6626,24366051
1676433600000,0.6625,0.6651,0.6585,0.6611,16506495
1676448000000,0.661,0.6765,0.6586,0.6763,29410263
1676462400000,0.6764,0.689,0.675,0.6834,58868687
1676476800000,0.6833,0.7009,0.6809,0.6982,42285104
1676491200000,0.6984,0.7329,0.6974,0.7305,80077459
1676505600000,0.7305,0.7499,0.7238,0.7406,63977214
1676520000000,0.7408,0.7486,0.7262,0.7347,46525324
1676534400000,0.7347,0.75,0.729,0.7361,52945375
1676548800000,0.7362,0.745,0.7162,0.7437,73119692
1676563200000,0.7437,0.7497,0.7229,0.7298,58474563
1676577600000,0.7296,0.73,0.6732,0.6787,92607695
1676592000000,0.6788,0.7067,0.6748,0.7032,38646653
1676606400000,0.7032,0.7069,0.6951,0.6979,24008734
1676620800000,0.6979,0.706,0.6957,0.7021,24577323
1676635200000,0.7022,0.7169,0.6969,0.7103,58017267
1676649600000,0.7103,0.7216,0.699,0.7214,45545553
1676664000000,0.7214,0.73,0.702,0.7151,43044884
1676678400000,0.7151,0.7367,0.7138,0.731,27841958
1676692800000,0.7311,0.7328,0.7153,0.7188,17113849
1676707200000,0.7189,0.7227,0.7079,0.7139,18147129
1676721600000,0.7138,0.721,0.7113,0.7174,19577072
1676736000000,0.7174,0.7238,0.708,0.7124,22321545
1676750400000,0.7125,0.7167,0.7058,0.7139,10119465
1676764800000,0.714,0.7203,0.711,0.7133,11150397
1676779200000,0.7133,0.7234,0.7106,0.7123,16740730
1676793600000,0.7125,0.7274,0.7112,0.7207,16738637
1676808000000,0.7207,0.7566,0.7197,0.7364,66350784
1676822400000,0.7364,0.7448,0.7104,0.7149,66903685
1676836800000,0.7148,0.7255,0.7003,0.7173,34450346
1676851200000,0.7171,0.7242,0.681,0.7221,36916374
1676865600000,0.7221,0.7295,0.7218,0.7281,19553225
1676880000000,0.7282,0.7605,0.7202,0.7496,89030034
1676894400000,0.7496,0.753,0.735,0.7502,46701130
1676908800000,0.7503,0.7509,0.7321,0.7452,35210448
1676923200000,0.7451,0.7479,0.7366,0.7439,18676303
1676937600000,0.744,0.7487,0.7341,0.7377,31583471
1676952000000,0.7377,0.7436,0.7334,0.7381,15642057
1676966400000,0.7381,0.7443,0.7086,0.7124,58984901
1676980800000,0.7125,0.7175,0.7014,0.711,35607112
1676995200000,0.711,0.7173,0.6974,0.7089,29278888
1677009600000,0.7088,0.7109,0.688,0.7049,27211862
1677024000000,0.7049,0.708,0.6776,0.6927,29988039
1677038400000,0.6927,0.6935,0.6802,0.6895,20014796
1677052800000,0.6895,0.692,0.6726,0.6887,29503821
1677067200000,0.6887,0.6941,0.6707,0.6753,36296676
1677081600000,0.6752,0.6929,0.6736,0.6882,31013801
1677096000000,0.6878,0.7018,0.6858,0.701,18771309
1677110400000,0.7011,0.7156,0.6989,0.71,35889605
1677124800000,0.71,0.7166,0.7055,0.7112,22566485
1677139200000,0.7112,0.7154,0.6841,0.6889,34125332
1677153600000,0.6889,0.7162,0.684,0.6987,46420361
1677168000000,0.6986,0.6994,0.6827,0.6933,23623723
1677182400000,0.6934,0.7027,0.6869,0.7009,12566547
1677196800000,0.7009,0.7051,0.6936,0.6946,14344956
1677211200000,0.6947,0.698,0.6894,0.6934,11304584
1677225600000,0.6934,0.6949,0.6834,0.6916,15549296
1677240000000,0.6916,0.6959,0.6672,0.6701,39184272
1677254400000,0.67,0.6701,0.6466,0.6623,50748293
1677268800000,0.6625,0.6691,0.6498,0.6682,25274498
1677283200000,0.6682,0.6704,0.6584,0.6604,13866992
1677297600000,0.6605,0.6632,0.6529,0.6619,10789750
1677312000000,0.6619,0.6658,0.6561,0.6606,15282671
1677326400000,0.6605,0.6655,0.6505,0.6592,21705626
1677340800000,0.6593,0.6645,0.6325,0.6385,34746187
1677355200000,0.6385,0.6534,0.6175,0.6484,45394019
1677369600000,0.6484,0.665,0.6418,0.6572,18019861
1677384000000,0.6571,0.6573,0.6484,0.6529,8913399
1677398400000,0.6528,0.6573,0.6485,0.6555,9537407
1677412800000,0.6554,0.6567,0.6476,0.6532,11845815
1677427200000,0.6533,0.6646,0.6474,0.6638,18399805
1677441600000,0.6639,0.6687,0.6551,0.6632,16728590
1677456000000,0.6632,0.6635,0.6532,0.6558,11866126
1677470400000,0.6557,0.6564,0.6487,0.6522,13034237
1677484800000,0.6523,0.6542,0.6435,0.6513,16285551
1677499200000,0.6514,0.6737,0.6478,0.6631,38344315
1677513600000,0.6631,0.6639,0.6365,0.6419,38165972
1677528000000,0.6418,0.655,0.6359,0.6536,19089322
1677542400000,0.6536,0.6599,0.6483,0.6597,15832026
1677556800000,0.6596,0.6596,0.6443,0.645,18262375
1677571200000,0.645,0.6471,0.6392,0.6449,18474612
1677585600000,0.645,0.661,0.6441,0.6548,27993674
1677600000000,0.6547,0.6575,0.639,0.6394,21312234
1677614400000,0.6394,0.6403,0.6194,0.6266,32918409
1677628800000,0.6266,0.647,0.6199,0.6463,25837584
1677643200000,0.6464,0.6556,0.6441,0.6521,19132030
1677657600000,0.6521,0.6621,0.6497,0.6549,19575934
1677672000000,0.6548,0.6578,0.6478,0.6547,25199211
1677686400000,0.6547,0.6552,0.6404,0.6428,19109704
1677700800000,0.6427,0.658,0.6411,0.6571,13551547
1677715200000,0.6572,0.6609,0.639,0.643,19853030
1677729600000,0.6429,0.6465,0.6353,0.6364,12215575
1677744000000,0.6363,0.6369,0.6286,0.6349,18651841
1677758400000,0.6349,0.6366,0.6233,0.6306,27963545
1677772800000,0.6307,0.6368,0.6245,0.6356,19366363
1677787200000,0.6356,0.6407,0.6353,0.6384,15161090
1677801600000,0.6384,0.6386,0.5702,0.5907,86849148
1677816000000,0.5908,0.6027,0.5893,0.6002,27443074
1677830400000,0.6002,0.6054,0.5968,0.5989,21670086
1677844800000,0.5988,0.6035,0.5914,0.5962,30178460
1677859200000,0.5961,0.6003,0.5927,0.5977,15568787
1677873600000,0.5978,0.6019,0.5909,0.6019,15654897
1677888000000,0.602,0.6143,0.5991,0.6013,22223009
1677902400000,0.6013,0.6042,0.595,0.5997,14524001
1677916800000,0.5997,0.6007,0.5927,0.5958,12542009
1677931200000,0.5958,0.5977,0.5897,0.5904,13212644
1677945600000,0.5904,0.5928,0.5781,0.5796,20784271
1677960000000,0.5796,0.5814,0.5607,0.5773,57358748
1677974400000,0.5772,0.5931,0.5729,0.5854,39897943
1677988800000,0.5854,0.5897,0.5786,0.5795,12692000
1678003200000,0.5796,0.5817,0.5714,0.5787,18907429
1678017600000,0.5787,0.5881,0.578,0.585,29528644
1678032000000,0.5849,0.5858,0.5814,0.5838,12488869
1678046400000,0.5837,0.5893,0.573,0.5763,25989226
1678060800000,0.5763,0.5792,0.5623,0.5732,36264202
1678075200000,0.5733,0.577,0.5675,0.5741,16246482
1678089600000,0.5741,0.6083,0.5706,0.6023,114237136
1678104000000,0.6023,0.6229,0.5945,0.62,138112389
1678118400000,0.6199,0.622,0.6077,0.6112,83204964
1678132800000,0.6111,0.6189,0.6061,0.6106,47751135
1678147200000,0.6105,0.6196,0.6082,0.6109,52009491
1678161600000,0.6109,0.6125,0.6017,0.6026,30786216
1678176000000,0.6027,0.603,0.5895,0.5907,48997006
1678190400000,0.5908,0.598,0.5751,0.5922,88508285
1678204800000,0.5921,0.5963,0.5816,0.5829,39890889
1678219200000,0.5828,0.5912,0.5714,0.59,37725833
1678233600000,0.5901,0.5934,0.5751,0.5787,24277346
1678248000000,0.5788,0.581,0.5666,0.5695,33766124
1678262400000,0.5695,0.5778,0.5671,0.5748,20383488
1678276800000,0.5749,0.5761,0.5482,0.5629,104272063
1678291200000,0.563,0.5664,0.5523,0.5552,38641362
1678305600000,0.5552,0.5626,0.538,0.547,53099284
1678320000000,0.547,0.5557,0.5444,0.5525,26958768
1678334400000,0.5524,0.5538,0.5432,0.5447,20646690
1678348800000,0.5447,0.5519,0.5408,0.5514,37661969
1678363200000,0.5515,0.5646,0.5459,0.5558,55559106
1678377600000,0.5559,0.5585,0.5321,0.536,89113582
1678392000000,0.5361,0.5361,0.5015,0.5167,107783631
1678406400000,0.5167,0.5184,0.5016,0.5126,51541799
1678420800000,0.5125,0.5145,0.503,0.5108,31738622
1678435200000,0.5109,0.5122,0.4822,0.497,84921482
1678449600000,0.4969,0.523,0.4947,0.5168,104210651
1678464000000,0.5169,0.5243,0.5116,0.5212,46962478
1678478400000,0.5213,0.5296,0.5137,0.5265,30892689
1678492800000,0.5265,0.5488,0.5258,0.531,54963434
1678507200000,0.531,0.5319,0.4987,0.5046,52985682
1678521600000,0.5047,0.5177,0.5013,0.5062,50083490
1678536000000,0.5062,0.5089,0.4958,0.4979,31507710
1678550400000,0.498,0.5114,0.4944,0.5105,36818011
1678564800000,0.5106,0.5192,0.5102,0.5182,24923981
1678579200000,0.5182,0.5182,0.5106,0.5155,20270642
1678593600000,0.5155,0.5178,0.5097,0.5126,12718275
1678608000000,0.5126,0.519,0.5112,0.5171,13886422
1678622400000,0.5171,0.5177,0.5057,0.5097,21162369
1678636800000,0.5096,0.545,0.5075,0.5352,79766556
1678651200000,0.5353,0.5698,0.5343,0.5689,71006435
1678665600000,0.5689,0.584,0.5636,0.5651,52131098
1678680000000,0.5652,0.5736,0.5646,0.5692,20337117
1678694400000,0.5691,0.5699,0.5454,0.5524,36612959
1678708800000,0.5523,0.6035,0.5452,0.5908,99662270
1678723200000,0.5908,0.5998,0.5864,0.5937,33016939
1678737600000,0.5936,0.5997,0.5871,0.5949,20013882
1678752000000,0.5949,0.5984,0.5888,0.5949,20352526
1678766400000,0.5948,0.6005,0.5832,0.5856,24340350
1678780800000,0.5857,0.5876,0.5764,0.5851,29582478
1678795200000,0.5851,0.6456,0.583,0.6391,105275790
1678809600000,0.639,0.641,0.6013,0.6153,70506480
1678824000000,0.6154,0.6174,0.5887,0.6101,41986019
1678838400000,0.61,0.6222,0.6032,0.615,33847827
1678852800000,0.615,0.62,0.6071,0.6159,20163172
1678867200000,0.6158,0.6177,0.5819,0.5959,39177127
1678881600000,0.5959,0.607,0.5625,0.5664,78302134
1678896000000,0.5664,0.5674,0.54,0.5513,80508671
1678910400000,0.5513,0.5626,0.5465,0.5554,31466142
1678924800000,0.5555,0.5642,0.5465,0.5575,28069883
1678939200000,0.5576,0.5641,0.5489,0.5602,23346841
1678953600000,0.5602,0.569,0.554,0.5644,30862646
1678968000000,0.5645,0.5658,0.546,0.564,38081172
1678982400000,0.564,0.5749,0.559,0.5719,28581230
1678996800000,0.5718,0.5756,0.5644,0.5722,24105759
1679011200000,0.5721,0.5887,0.5624,0.5854,29010636
1679025600000,0.5854,0.5926,0.5779,0.5877,19730731
1679040000000,0.5877,0.6146,0.5837,0.6132,37540396
1679054400000,0.6132,0.6138,0.5859,0.5924,46046331
1679068800000,0.5923,0.6116,0.5898,0.6111,30361924
1679083200000,0.6112,0.6512,0.603,0.6436,75869662
1679097600000,0.6436,0.6794,0.634,0.6777,76335140
1679112000000,0.6777,0.6777,0.6525,0.6602,35152211
1679126400000,0.6602,0.6661,0.6402,0.6631,40217738
1679140800000,0.6632,0.674,0.6301,0.6408,56686771
1679155200000,0.6407,0.6528,0.6209,0.6401,47380193
1679169600000,0.6402,0.6481,0.6182,0.6221,23809167
1679184000000,0.6221,0.6641,0.622,0.6517,35977579
1679198400000,0.6516,0.6562,0.6276,0.6414,24678761
1679212800000,0.6414,0.6447,0.6262,0.639,22285854
1679227200000,0.639,0.6458,0.6334,0.6411,25138879
1679241600000,0.641,0.6615,0.6401,0.6497,43068778
1679256000000,0.6496,0.6534,0.6299,0.6334,32018473
1679270400000,0.6335,0.6505,0.6136,0.6165,45993280
1679284800000,0.6165,0.6376,0.6085,0.6354,29171255
1679299200000,0.6355,0.6389,0.6225,0.6287,28801718
1679313600000,0.6286,0.6291,0.6171,0.6202,25689069
1679328000000,0.6201,0.6233,0.5889,0.5972,58831909
1679342400000,0.5973,0.6075,0.5926,0.5971,23875081
1679356800000,0.5968,0.6095,0.5938,0.6039,20719948
1679371200000,0.6039,0.6076,0.5831,0.5887,24678643
1679385600000,0.5887,0.6019,0.5791,0.6005,34469262
1679400000000,0.6005,0.6218,0.598,0.6102,44189323
1679414400000,0.6102,0.6203,0.5984,0.6101,35114494
1679428800000,0.6101,0.6194,0.6093,0.6173,22837277
1679443200000,0.6173,0.6176,0.6012,0.6083,21683541
1679457600000,0.6083,0.6149,0.6036,0.607,14809104
1679472000000,0.6071,0.61,0.5993,0.6034,21451621
1679486400000,0.6032,0.6199,0.5997,0.6072,31079784
1679500800000,0.6073,0.6181,0.5671,0.57,78100982
1679515200000,0.5699,0.587,0.5672,0.5799,36417080
1679529600000,0.5798,0.5858,0.5709,0.5793,19691826
1679544000000,0.5795,0.5945,0.5793,0.5938,16368392
1679558400000,0.5939,0.6039,0.5936,0.5996,20221739
1679572800000,0.5995,0.62,0.5894,0.614,40889197
1679587200000,0.614,0.6195,0.5984,0.6071,31329187
1679601600000,0.607,0.6179,0.6024,0.6131,16739443
1679616000000,0.6132,0.6155,0.6073,0.6093,13392952
1679630400000,0.6093,0.6127,0.6048,0.6092,13491550
1679644800000,0.6091,0.6113,0.5845,0.591,26368853
1679659200000,0.591,0.603,0.5875,0.5921,28990097
1679673600000,0.5922,0.5935,0.5752,0.5876,25908413
1679688000000,0.5876,0.5889,0.5775,0.5861,20861604
1679702400000,0.586,0.5961,0.5829,0.5914,14855412
1679716800000,0.5914,0.5933,0.5828,0.5872,11341232
1679731200000,0.5872,0.5899,0.5813,0.5879,11462480
1679745600000,0.5879,0.5935,0.5825,0.5917,14917228
1679760000000,0.5917,0.5925,0.5708,0.573,18883326
1679774400000,0.573,0.5793,0.5713,0.5785,9475890
1679788800000,0.5785,0.5883,0.5763,0.5837,10215433
1679803200000,0.5838,0.5862,0.5815,0.5847,6005328
1679817600000,0.5847,0.5927,0.5824,0.5925,12187129
1679832000000,0.5926,0.5957,0.5822,0.5847,19683409
1679846400000,0.5846,0.5897,0.5791,0.5867,12966252
1679860800000,0.5868,0.5925,0.5811,0.5901,11701757
1679875200000,0.5902,0.5927,0.578,0.5829,13560251
1679889600000,0.5828,0.5864,0.5725,0.5745,16757665
1679904000000,0.5744,0.5809,0.5715,0.5794,12010908
1679918400000,0.5794,0.5816,0.543,0.5603,45449406
1679932800000,0.5603,0.5659,0.5579,0.5601,22506885
1679947200000,0.5602,0.5641,0.558,0.5617,11148061
1679961600000,0.5617,0.5641,0.5519,0.5541,15692425
1679976000000,0.5542,0.5685,0.554,0.562,14737411
1679990400000,0.5619,0.5664,0.5534,0.5652,15829967
1680004800000,0.5652,0.5682,0.559,0.5681,14627178
1680019200000,0.5681,0.5797,0.5603,0.5783,22420289
1680033600000,0.5784,0.5801,0.5694,0.5754,11988553
1680048000000,0.5756,0.5797,0.5737,0.577,8889930
1680062400000,0.577,0.5956,0.5757,0.5916,21902569
1680076800000,0.5916,0.6062,0.5893,0.6015,26676768
1680091200000,0.6016,0.6036,0.5891,0.5955,20680410
1680105600000,0.5954,0.5991,0.5915,0.5984,12934724
1680120000000,0.5985,0.5992,0.5905,0.597,10306722
1680134400000,0.5969,0.6067,0.5815,0.5903,35175858
1680148800000,0.5902,0.5932,0.5848,0.5885,12793831
1680163200000,0.5885,0.5896,0.579,0.5857,12947980
1680177600000,0.5857,0.5861,0.5753,0.5762,18725644
1680192000000,0.5762,0.5763,0.5675,0.5734,22924929
1680206400000,0.5735,0.5788,0.5717,0.578,11585785
1680220800000,0.578,0.5814,0.5741,0.5754,10842497
1680235200000,0.5754,0.5782,0.5621,0.5683,15165359
1680249600000,0.5682,0.5718,0.5657,0.5703,10663422
1680264000000,0.5703,0.5887,0.5687,0.5851,27426855
1680278400000,0.5852,0.5877,0.5809,0.5845,12321683
1680292800000,0.5844,0.5907,0.5816,0.5879,8095714
1680307200000,0.5879,0.5938,0.5854,0.5919,10562690
1680321600000,0.5919,0.5955,0.5842,0.5868,10138038
1680336000000,0.5868,0.5908,0.585,0.5875,6754129
1680350400000,0.5876,0.5896,0.583,0.5858,8172843
1680364800000,0.5859,0.5931,0.5816,0.588,10129163
1680379200000,0.5879,0.5968,0.5879,0.5958,8459877
1680393600000,0.5958,0.5995,0.5859,0.5926,10247206
1680408000000,0.5926,0.606,0.5907,0.6058,12008249
1680422400000,0.6058,0.6241,0.6044,0.6156,64731370
1680436800000,0.6157,0.6169,0.5933,0.6006,53315423
1680451200000,0.6006,0.6047,0.5835,0.5849,31470619
1680465600000,0.5849,0.6023,0.5832,0.6006,22091150
1680480000000,0.6007,0.6237,0.5765,0.5925,92522234
1680494400000,0.5926,0.593,0.5833,0.5909,18380436
1680508800000,0.591,0.6036,0.5909,0.5995,26676661
1680523200000,0.5994,0.601,0.583,0.5886,25293533
1680537600000,0.5887,0.6025,0.583,0.5963,29007466
1680552000000,0.5963,0.5982,0.5658,0.5894,40795127
1680566400000,0.5894,0.5915,0.5818,0.5848,14282324
1680580800000,0.5848,0.5924,0.5831,0.5877,11200424
1680595200000,0.5878,0.6005,0.5859,0.5993,20296428
1680609600000,0.5994,0.6027,0.5925,0.5954,23553210
1680624000000,0.5954,0.6059,0.5954,0.5998,17545095
1680638400000,0.5999,0.6029,0.5935,0.5966,12144783
1680652800000,0.5966,0.6123,0.5914,0.611,20308282
1680667200000,0.6111,0.6114,0.606,0.6083,10314922
1680681600000,0.6083,0.6123,0.6076,0.609,10166531
1680696000000,0.6091,0.6112,0.5896,0.5984,30086858
1680710400000,0.5984,0.6023,0.592,0.5999,14790216
1680724800000,0.5999,0.618,0.5985,0.6157,18964804
1680739200000,0.6157,0.6284,0.5981,0.611,45018792
1680753600000,0.611,0.611,0.5963,0.597,12804944
1680768000000,0.5971,0.6046,0.5915,0.5997,17422627
1680782400000,0.5998,0.604,0.5937,0.6025,15748462
1680796800000,0.6025,0.6053,0.5966,0.599,11275218
1680811200000,0.5991,0.6009,0.5925,0.6,12335198
1680825600000,0.6,0.6044,0.5962,0.6019,12271305
1680840000000,0.6019,0.6259,0.595,0.5959,63896999
1680854400000,0.5958,0.6125,0.5942,0.6001,28246937
1680868800000,0.6002,0.6177,0.597,0.6165,34035381
1680883200000,0.6165,0.6194,0.6082,0.6132,21122585
1680897600000,0.6133,0.6145,0.6063,0.6099,13101749
1680912000000,0.6099,0.6107,0.5991,0.6063,16329027
1680926400000,0.6062,0.6118,0.6031,0.6091,11476806
1680940800000,0.6091,0.6135,0.6076,0.6086,10083036
1680955200000,0.6087,0.6118,0.6024,0.6052,10561114
1680969600000,0.6052,0.6054,0.5978,0.6009,13606394
1680984000000,0.6008,0.6016,0.5945,0.5993,9644208
1680998400000,0.5994,0.6017,0.5958,0.5964,9493518
1681012800000,0.5964,0.5985,0.5862,0.5901,14407204
1681027200000,0.5901,0.593,0.5874,0.5924,9313527
1681041600000,0.5924,0.5938,0.586,0.5908,9416471
1681056000000,0.5908,0.6013,0.5883,0.5993,13873555
1681070400000,0.5993,0.6043,0.5971,0.5997,12757405
1681084800000,0.5997,0.6016,0.5905,0.598,12866173
1681099200000,0.5979,0.5987,0.5922,0.5934,7227417
1681113600000,0.5934,0.5976,0.593,0.5944,7067975
1681128000000,0.5944,0.596,0.5891,0.5935,12945628
1681142400000,0.5935,0.6045,0.592,0.6027,24443320
1681156800000,0.6029,0.6135,0.5986,0.6122,19197424
1681171200000,0.6123,0.6163,0.6066,0.6132,17786300
1681185600000,0.6132,0.6212,0.6104,0.6185,15779026
1681200000000,0.6185,0.619,0.6128,0.6141,13478795
1681214400000,0.614,0.6181,0.6105,0.6137,18639639
1681228800000,0.6137,0.6167,0.6071,0.6083,17656861
1681243200000,0.6084,0.6099,0.6038,0.607,14144394
1681257600000,0.6071,0.6103,0.58,0.5845,39021037
1681272000000,0.5845,0.5923,0.5823,0.5922,14784717
1681286400000,0.5922,0.5922,0.5859,0.588,12813119
1681300800000,0.588,0.6025,0.5845,0.599,42324667
1681315200000,0.599,0.6135,0.5953,0.5989,44942651
1681329600000,0.599,0.6112,0.5982,0.6086,17934614
1681344000000,0.6087,0.6089,0.6011,0.6071,15941390
1681358400000,0.607,0.6079,0.6005,0.6037,9362820
1681372800000,0.6036,0.6132,0.6035,0.6075,22851509
1681387200000,0.6075,0.616,0.6075,0.6143,23934966
1681401600000,0.6144,0.6189,0.6123,0.6154,13892436
1681416000000,0.6153,0.618,0.6112,0.6165,9989119
1681430400000,0.6164,0.6364,0.6146,0.6334,36859181
1681444800000,0.6334,0.6528,0.6322,0.6416,39868800
1681459200000,0.6416,0.6506,0.6415,0.6443,22691860
1681473600000,0.6443,0.6496,0.6176,0.6196,45825645
1681488000000,0.6195,0.6399,0.6181,0.6389,32191739
1681502400000,0.6389,0.6439,0.6347,0.6401,18251619
1681516800000,0.6402,0.6488,0.631,0.6346,26524016
1681531200000,0.6346,0.6368,0.6277,0.6349,9770414
1681545600000,0.6349,0.6423,0.6329,0.6375,12062468
1681560000000,0.6376,0.6398,0.6315,0.6348,11425201
1681574400000,0.6349,0.6399,0.6285,0.634,14536162
1681588800000,0.6339,0.6402,0.6282,0.6394,14898978
1681603200000,0.6393,0.6492,0.6287,0.6354,24847023
1681617600000,0.6355,0.6444,0.6352,0.6431,10254121
1681632000000,0.6431,0.6448,0.6319,0.6323,15405015
1681646400000,0.6322,0.6386,0.63,0.6381,13464313
1681660800000,0.6382,0.6459,0.6365,0.6385,16720965
1681675200000,0.6384,0.6504,0.6333,0.6448,24377064
1681689600000,0.6447,0.648,0.6263,0.6392,29866730
1681704000000,0.6393,0.6686,0.6319,0.659,60451128
1681718400000,0.659,0.6711,0.6529,0.6574,69959151
1681732800000,0.6573,0.6721,0.6526,0.6599,66262290
1681747200000,0.6598,0.665,0.655,0.6576,29207759
1681761600000,0.6577,0.6978,0.6558,0.6932,93260194
1681776000000,0.6934,0.7,0.6683,0.6704,86483796
1681790400000,0.6705,0.6816,0.67,0.6776,34272524
1681804800000,0.6776,0.695,0.6754,0.6919,43087826
1681819200000,0.692,0.6958,0.6757,0.6783,37469013
1681833600000,0.6784,0.6824,0.6713,0.6757,24230315
1681848000000,0.6756,0.687,0.6731,0.6869,16001723
1681862400000,0.6868,0.6878,0.6738,0.6751,19211565
1681876800000,0.6751,0.6775,0.6655,0.666,19464525
1681891200000,0.6661,0.6663,0.6,0.6286,75114741
1681905600000,0.6285,0.634,0.6246,0.6287,22910131
1681920000000,0.6288,0.6319,0.6207,0.6285,18303937
1681934400000,0.6285,0.6307,0.5985,0.6161,32694083
1681948800000,0.6158,0.6214,0.6015,0.6144,20329483
1681963200000,0.6144,0.6224,0.6127,0.6132,14044244
1681977600000,0.6133,0.6198,0.6049,0.6058,18954851
1681992000000,0.6059,0.6183,0.5944,0.5962,31690407
1682006400000,0.5963,0.5979,0.5745,0.5877,47827814
1682020800000,0.5877,0.5943,0.5853,0.591,15099659
1682035200000,0.591,0.5948,0.584,0.5904,15241633
1682049600000,0.5905,0.5925,0.5784,0.5888,17463818
1682064000000,0.5888,0.5919,0.5787,0.5807,17516253
1682078400000,0.5807,0.5861,0.5713,0.5822,25489085
1682092800000,0.5821,0.5838,0.55,0.5591,37170372
1682107200000,0.559,0.5648,0.5542,0.562,23147876
1682121600000,0.5619,0.5658,0.5577,0.5625,10844978
1682136000000,0.5626,0.5643,0.5571,0.5587,7685739
1682150400000,0.5588,0.5617,0.5555,0.5594,11349526
1682164800000,0.5594,0.5711,0.5577,0.5672,14222485
1682179200000,0.5673,0.5716,0.5653,0.5672,11688052
1682193600000,0.5673,0.5714,0.565,0.571,9805768
1682208000000,0.5711,0.5711,0.559,0.5654,12073816
1682222400000,0.5655,0.5702,0.5641,0.5702,6389494
1682236800000,0.5702,0.5709,0.5639,0.5685,19197434
1682251200000,0.5685,0.5693,0.5535,0.5578,17505673
1682265600000,0.5577,0.5634,0.5435,0.5503,25964596
1682280000000,0.5504,0.5611,0.5483,0.559,14107462
1682294400000,0.5591,0.5681,0.5533,0.5595,16430891
1682308800000,0.5595,0.5619,0.55,0.5548,12822465
1682323200000,0.5547,0.561,0.5486,0.5609,12602437
1682337600000,0.561,0.5644,0.5477,0.5501,22964549
1682352000000,0.5502,0.5562,0.5413,0.5528,18924859
1682366400000,0.5531,0.5559,0.5515,0.5536,7874704
1682380800000,0.5537,0.5552,0.5425,0.5442,11760926
1682395200000,0.5441,0.5473,0.5411,0.5429,10219717
1682409600000,0.5428,0.5442,0.5371,0.5426,16671766
1682424000000,0.5426,0.5441,0.532,0.5351,20771651
1682438400000,0.5351,0.5432,0.5326,0.541,17038257
1682452800000,0.5411,0.5646,0.5406,0.5607,24226909
1682467200000,0.5606,0.5618,0.5543,0.5553,11013431
1682481600000,0.5554,0.5598,0.5506,0.5519,10080419
1682496000000,0.552,0.5664,0.5514,0.5626,20761712
1682510400000,0.5627,0.5762,0.5623,0.5723,27223391
1682524800000,0.5723,0.5729,0.5238,0.5331,38940702
1682539200000,0.533,0.5444,0.5133,0.5418,42624969
1682553600000,0.5418,0.5588,0.5395,0.5467,27167755
1682568000000,0.5468,0.5532,0.5409,0.5448,13658782
1682582400000,0.5447,0.5471,0.5406,0.5423,11048525
1682596800000,0.5422,0.5531,0.5337,0.5515,24407148
1682611200000,0.5515,0.5628,0.5496,0.5588,18735076
1682625600000,0.5588,0.5614,0.5496,0.5553,12430061
1682640000000,0.5552,0.5573,0.5506,0.5521,8503716
1682654400000,0.552,0.5566,0.5516,0.5565,6556531
1682668800000,0.5564,0.5566,0.5443,0.5453,12253442
1682683200000,0.5453,0.5506,0.538,0.5453,17249373
1682697600000,0.5452,0.5509,0.5433,0.548,8659671
1682712000000,0.548,0.5512,0.5479,0.5501,5836094
1682726400000,0.5501,0.5541,0.5475,0.5525,6418155
1682740800000,0.5524,0.5548,0.5501,0.5531,5445367
1682755200000,0.5531,0.5543,0.5501,0.5527,6060313
1682769600000,0.5527,0.5567,0.5515,0.5532,8395872
1682784000000,0.5531,0.5545,0.5452,0.5541,9617937
1682798400000,0.5541,0.5553,0.551,0.5541,5101480
1682812800000,0.5541,0.5545,0.5461,0.5472,6512750
1682827200000,0.5473,0.5512,0.5467,0.5474,4209704
1682841600000,0.5475,0.5506,0.545,0.5462,6591496
1682856000000,0.5463,0.5561,0.5445,0.5514,13484185
1682870400000,0.5513,0.5549,0.541,0.544,15857619
1682884800000,0.544,0.5483,0.5378,0.5423,12858909
1682899200000,0.5423,0.5519,0.5279,0.5358,23387938
1682913600000,0.5358,0.5403,0.5317,0.5391,7100545
1682928000000,0.5391,0.5392,0.5349,0.5351,6831827
1682942400000,0.5351,0.5376,0.5272,0.5289,16294177
1682956800000,0.5289,0.5304,0.517,0.5209,16478070
1682971200000,0.5209,0.5275,0.5186,0.5263,8427499
1682985600000,0.5263,0.527,0.5219,0.5262,7488839
1683000000000,0.5262,0.5279,0.5228,0.5262,4869019
1683014400000,0.5263,0.5278,0.523,0.5251,6838224
1683028800000,0.5252,0.5317,0.52,0.5292,21684684
1683043200000,0.5292,0.5331,0.5261,0.5304,11191515
1683057600000,0.5305,0.533,0.5291,0.5313,6752992
1683072000000,0.5313,0.5317,0.5235,0.5269,7824028
1683086400000,0.5269,0.5276,0.5236,0.5261,5261885
1683100800000,0.5261,0.5281,0.5205,0.5209,7124919
1683115200000,0.5209,0.5217,0.515,0.519,17584442
1683129600000,0.5191,0.5336,0.5178,0.5285,28416728
1683144000000,0.5284,0.5466,0.5278,0.544,21360725
1683158400000,0.544,0.545,0.5379,0.5404,12597330
1683172800000,0.5405,0.5424,0.5385,0.5388,6841398
1683187200000,0.5388,0.5427,0.5372,0.5389,9122453
1683201600000,0.5388,0.5397,0.5308,0.5326,13159039
1683216000000,0.5325,0.5362,0.5307,0.5328,10691875
1683230400000,0.5329,0.5344,0.5301,0.5325,7419282
1683244800000,0.5326,0.5384,0.5287,0.533,11728798
1683259200000,0.533,0.5365,0.5321,0.5334,7058577
1683273600000,0.5334,0.5358,0.5325,0.5348,7459108
1683288000000,0.5348,0.5373,0.5231,0.5353,24478929
1683302400000,0.5353,0.5403,0.5322,0.5364,18665819
1683316800000,0.5363,0.5397,0.5344,0.5383,8510065
1683331200000,0.5383,0.5424,0.5317,0.5331,12218416
1683345600000,0.5332,0.5345,0.5272,0.5295,9514267
1683360000000,0.5296,0.5296,0.5221,0.5254,13289210
1683374400000,0.5253,0.5254,0.5072,0.5106,27535381
1683388800000,0.5106,0.5208,0.5096,0.5184,11728136
1683403200000,0.5184,0.5195,0.5134,0.5161,7068970
1683417600000,0.5162,0.5185,0.5094,0.5108,11968876
1683432000000,0.5108,0.5179,0.5103,0.5168,4756897
1683446400000,0.5169,0.5184,0.5134,0.5157,6133059
1683460800000,0.5158,0.5195,0.5152,0.517,8757173
1683475200000,0.5169,0.5184,0.5116,0.5133,7891169
1683489600000,0.5133,0.5153,0.5047,0.5083,16754496
1683504000000,0.5083,0.511,0.4788,0.486,39420189
1683518400000,0.486,0.4873,0.474,0.4809,17156126
1683532800000,0.4809,0.4907,0.4797,0.489,14485119
1683547200000,0.4891,0.4918,0.4841,0.4862,12178800
1683561600000,0.4863,0.4868,0.4549,0.4684,44555848
1683576000000,0.4684,0.4729,0.4667,0.4721,11081471
1683590400000,0.4722,0.4761,0.4694,0.4703,6980360
1683604800000,0.4703,0.4722,0.4647,0.4718,7564046
1683619200000,0.4718,0.4753,0.4671,0.4753,9219967
1683633600000,0.4754,0.4775,0.4697,0.4713,12837812
1683648000000,0.4713,0.4776,0.4634,0.4647,25815167
1683662400000,0.4647,0.4678,0.4608,0.4666,12070691
1683676800000,0.4667,0.4693,0.4628,0.4641,12084611
1683691200000,0.4641,0.4667,0.4609,0.4622,9580268
1683705600000,0.4623,0.4654,0.4587,0.4653,13263655
1683720000000,0.4653,0.4807,0.4619,0.4752,34855435
1683734400000,0.4752,0.4783,0.45,0.4757,46636967
1683748800000,0.4756,0.4817,0.4744,0.4762,16071208
1683763200000,0.4763,0.4769,0.464,0.4652,13614614
1683777600000,0.4652,0.4687,0.4637,0.4654,9104882
1683792000000,0.4655,0.4674,0.4584,0.4655,11027849
1683806400000,0.4655,0.4711,0.4502,0.4542,35826562
1683820800000,0.4542,0.4563,0.4429,0.4462,30814190
1683835200000,0.4463,0.4538,0.4454,0.4502,10060244
1683849600000,0.4503,0.4517,0.4368,0.4382,19233164
1683864000000,0.4382,0.4459,0.4366,0.4444,15516501
1683878400000,0.4443,0.4495,0.4434,0.4455,13514280
1683892800000,0.4455,0.4502,0.4401,0.4403,14986172
1683907200000,0.4404,0.4474,0.4333,0.4469,20983890
1683921600000,0.4469,0.4553,0.4452,0.4552,17982551
1683936000000,0.4552,0.4559,0.4503,0.4532,8573518
1683950400000,0.4532,0.4543,0.451,0.4538,5938494
1683964800000,0.4537,0.4564,0.4521,0.4528,7993807
1683979200000,0.4528,0.4541,0.4476,0.4494,11698454
1683993600000,0.4494,0.4539,0.4481,0.4503,8164814
1684008000000,0.4503,0.4528,0.4498,0.4507,5945956
1684022400000,0.4507,0.4515,0.4455,0.4508,8991185
1684036800000,0.4509,0.4536,0.4492,0.4529,5211327
1684051200000,0.4529,0.4552,0.4521,0.4527,5284798
1684065600000,0.4528,0.4612,0.4512,0.4601,11772185
1684080000000,0.4601,0.4613,0.4517,0.4525,9287416
1684094400000,0.4524,0.4575,0.4515,0.4564,6398221
1684108800000,0.4564,0.4636,0.449,0.4615,21021471
1684123200000,0.4615,0.4688,0.4607,0.467,14920003
1684137600000,0.467,0.4694,0.4652,0.4654,10059055
1684152000000,0.4653,0.4744,0.4627,0.4718,18533901
1684166400000,0.4717,0.474,0.4663,0.469,14550035
1684180800000,0.469,0.4718,0.4656,0.4673,9474139
1684195200000,0.4674,0.4712,0.4604,0.4657,20452936
1684209600000,0.4657,0.4788,0.4646,0.4755,30823281
1684224000000,0.4755,0.4766,0.469,0.471,15538613
1684238400000,0.471,0.4746,0.4666,0.4704,23728462
1684252800000,0.4705,0.4736,0.4681,0.4697,13631625
1684267200000,0.4697,0.4829,0.4688,0.4829,15862611
1684281600000,0.4828,0.5281,0.4794,0.5231,144223537
1684296000000,0.5231,0.527,0.5148,0.518,123414957
1684310400000,0.518,0.5229,0.5049,0.5076,123758657
1684324800000,0.5075,0.5096,0.4954,0.4961,81270073
1684339200000,0.4961,0.5173,0.4924,0.5156,89588149
1684353600000,0.5155,0.5222,0.5071,0.5086,49351268
1684368000000,0.5086,0.5144,0.5041,0.5103,27625285
1684382400000,0.5103,0.5108,0.499,0.5048,27038563
1684396800000,0.5048,0.5137,0.5043,0.5106,27600074
1684411200000,0.5105,0.5116,0.4984,0.499,32903308
1684425600000,0.4989,0.5089,0.4833,0.5026,48069760
1684440000000,0.5025,0.5094,0.4957,0.5015,26592526
1684454400000,0.5015,0.506,0.4967,0.4995,17968771
1684468800000,0.4996,0.5016,0.4952,0.4956,14834231
1684483200000,0.4957,0.4989,0.4912,0.4921,15686713
1684497600000,0.4921,0.5001,0.4904,0.4943,28751479
1684512000000,0.4944,0.4982,0.4886,0.4913,18833664
1684526400000,0.4914,0.4927,0.4895,0.4915,10510109
1684540800000,0.4915,0.4915,0.4815,0.4859,19726117
1684555200000,0.4859,0.486,0.4807,0.4833,13853087
1684569600000,0.4832,0.4862,0.4823,0.485,10989706
1684584000000,0.4851,0.4912,0.485,0.4902,13418701
1684598400000,0.4901,0.4938,0.4868,0.4902,15115788
1684612800000,0.4903,0.4925,0.4891,0.4906,9300551
1684627200000,0.4907,0.4916,0.484,0.4847,14810248
1684641600000,0.4847,0.4884,0.4834,0.4882,10033283
1684656000000,0.4881,0.4884,0.4773,0.4819,20604951
1684670400000,0.4818,0.4876,0.475,0.4807,22571733
1684684800000,0.4806,0.4852,0.4756,0.4837,17677320
1684699200000,0.4837,0.4843,0.476,0.4792,15357002
1684713600000,0.4793,0.4808,0.4673,0.4741,26360527
1684728000000,0.4741,0.4797,0.4731,0.4749,15390894
1684742400000,0.475,0.4834,0.4747,0.4812,15373230
1684756800000,0.4812,0.4835,0.4755,0.4785,41588923
1684771200000,0.4786,0.4827,0.4777,0.4809,11650066
1684785600000,0.481,0.4824,0.4786,0.4805,8897958
1684800000000,0.4804,0.4924,0.4752,0.4886,25022894
1684814400000,0.4887,0.4902,0.4794,0.4832,19925442
1684828800000,0.4833,0.4838,0.4805,0.4809,15019899
1684843200000,0.4809,0.482,0.477,0.4794,16753834
1684857600000,0.4794,0.4798,0.475,0.4774,14867993
1684872000000,0.4773,0.4797,0.4767,0.4783,8571849
1684886400000,0.4783,0.4785,0.4561,0.4632,33581715
1684900800000,0.4632,0.4675,0.4609,0.4623,20554770
1684915200000,0.4624,0.4658,0.4617,0.4631,13217128
1684929600000,0.4632,0.4645,0.4472,0.455,37937697
1684944000000,0.4551,0.4581,0.4525,0.4562,15671574
1684958400000,0.4563,0.4608,0.4545,0.4549,11793195
1684972800000,0.4549,0.4648,0.44,0.4626,39457649
1684987200000,0.4627,0.4692,0.4572,0.4578,38180251
1685001600000,0.4578,0.4612,0.4574,0.4608,13323648
1685016000000,0.4608,0.4678,0.4604,0.4611,26818494
1685030400000,0.4612,0.4734,0.4608,0.467,25065556
1685044800000,0.4671,0.4687,0.464,0.4652,10713753
1685059200000,0.4653,0.4668,0.4605,0.463,15122695
1685073600000,0.463,0.4643,0.4565,0.4631,16166300
1685088000000,0.463,0.4633,0.4588,0.4601,10765842
1685102400000,0.4601,0.4688,0.4568,0.4649,25407835
1685116800000,0.4649,0.4657,0.4601,0.4648,16418605
1685131200000,0.4649,0.4672,0.4637,0.4643,8577620
1685145600000,0.4644,0.4659,0.4607,0.4653,10572148
1685160000000,0.4653,0.4697,0.4635,0.4669,11543061
1685174400000,0.4668,0.4696,0.4651,0.4674,8572700
1685188800000,0.4675,0.4696,0.4634,0.4666,13380018
1685203200000,0.4666,0.4684,0.4645,0.4681,9707327
1685217600000,0.4681,0.4746,0.4672,0.4737,13572172
1685232000000,0.4736,0.4798,0.4717,0.4765,17694227
1685246400000,0.4765,0.4788,0.473,0.4747,10121581
1685260800000,0.4747,0.4893,0.4718,0.4826,39937209
1685275200000,0.4827,0.4847,0.4794,0.4825,15999609
1685289600000,0.4824,0.4856,0.4781,0.4805,22092236
1685304000000,0.4805,0.4956,0.4802,0.4875,27544124
1685318400000,0.4876,0.4914,0.4813,0.4816,19034387
1685332800000,0.4817,0.4829,0.4782,0.4808,17053723
1685347200000,0.4808,0.4817,0.4764,0.4815,13826982
1685361600000,0.4816,0.4818,0.4742,0.4755,16998650
1685376000000,0.4754,0.4795,0.4725,0.4771,14502047
1685390400000,0.4772,0.4811,0.4747,0.478,9900066
1685404800000,0.4781,0.4807,0.4746,0.4783,10719973
1685419200000,0.4784,0.4823,0.4744,0.4773,14217001
1685433600000,0.4773,0.4852,0.4769,0.484,14919378
1685448000000,0.4839,0.4842,0.4737,0.4762,20137285
1685462400000,0.4763,0.4821,0.4741,0.48,16272321
1685476800000,0.4801,0.4833,0.4786,0.4796,12905935
1685491200000,0.4796,0.4859,0.4775,0.4805,16615273
1685505600000,0.4805,0.4809,0.4641,0.4657,33419477
1685520000000,0.4658,0.4673,0.4607,0.4612,16714089
1685534400000,0.4612,0.4646,0.4556,0.4587,22456608
1685548800000,0.4587,0.4644,0.4564,0.4633,16835417
1685563200000,0.4633,0.4645,0.4596,0.4628,8194741
1685577600000,0.4629,0.4668,0.4554,0.4642,22392820
1685592000000,0.4642,0.4644,0.4609,0.4623,8987895
1685606400000,0.4624,0.4744,0.4612,0.4667,31968400
1685620800000,0.4668,0.4705,0.4654,0.4689,21822245
1685635200000,0.469,0.4808,0.4665,0.4737,34687491
1685649600000,0.4737,0.4784,0.4692,0.4722,14865236
1685664000000,0.4723,0.479,0.4641,0.477,20494273
1685678400000,0.477,0.4823,0.4767,0.48,15959618
1685692800000,0.48,0.483,0.4787,0.482,12402322
1685707200000,0.482,0.4829,0.4752,0.4823,18163997
1685721600000,0.4823,0.4876,0.4804,0.487,16204958
1685736000000,0.487,0.4874,0.481,0.4844,10301043
1685750400000,0.4843,0.4847,0.4784,0.4812,8249933
1685764800000,0.4813,0.4872,0.4804,0.487,8079541
1685779200000,0.487,0.488,0.4844,0.4854,8771549
1685793600000,0.4853,0.4897,0.4832,0.4866,17699832
1685808000000,0.4867,0.4904,0.4822,0.4836,17471719
1685822400000,0.4836,0.4872,0.4813,0.4856,7098183
1685836800000,0.4857,0.4887,0.4809,0.4883,7408764
1685851200000,0.4883,0.4912,0.4851,0.4896,9170133
1685865600000,0.4897,0.4941,0.4896,0.4904,10523714
1685880000000,0.4904,0.4938,0.488,0.4914,14987147
1685894400000,0.4915,0.5172,0.4907,0.5155,62596121
1685908800000,0.5155,0.52,0.5022,0.504,58695287
1685923200000,0.5041,0.5127,0.4998,0.503,55428239
1685937600000,0.503,0.5223,0.5001,0.5134,69397418
1685952000000,0.5135,0.5259,0.5056,0.521,77205734
1685966400000,0.5211,0.5318,0.4637,0.4637,187725706
1685980800000,0.4654,0.4837,0.45,0.4563,150911693
1685995200000,0.4563,0.4591,0.4486,0.457,46185435
1686009600000,0.4571,0.4633,0.4493,0.4556,31962256
1686024000000,0.4556,0.464,0.4532,0.4567,30585597
1686038400000,0.4568,0.458,0.4507,0.452,25529242
1686052800000,0.452,0.4561,0.4306,0.4521,119682514
1686067200000,0.4521,0.47,0.4501,0.4676,53001271
1686081600000,0.4676,0.4696,0.4575,0.4615,28977103
1686096000000,0.4616,0.4616,0.4482,0.451,30664340
1686110400000,0.4511,0.4533,0.4426,0.4439,21620807
1686124800000,0.444,0.4484,0.4335,0.4419,38902251
1686139200000,0.442,0.4424,0.4243,0.4256,55960129
1686153600000,0.4255,0.4279,0.42,0.4215,39829470
1686168000000,0.4215,0.4218,0.4136,0.4192,31567826
1686182400000,0.4192,0.4216,0.4064,0.4113,30709195
1686196800000,0.4113,0.4174,0.4077,0.4161,24829106
1686211200000,0.416,0.4193,0.4115,0.4176,22506924
1686225600000,0.4175,0.4219,0.4142,0.4196,30912846
1686240000000,0.4196,0.4214,0.4119,0.4204,20614466
1686254400000,0.4204,0.4224,0.4156,0.4165,12488218
1686268800000,0.4164,0.4181,0.409,0.4145,20054939
1686283200000,0.4145,0.4186,0.4116,0.413,14133586
1686297600000,0.413,0.4219,0.4111,0.4202,17221164
1686312000000,0.4203,0.4242,0.4137,0.4151,25114407
1686326400000,0.4151,0.4164,0.402,0.4032,33182657
1686340800000,0.4033,0.4082,0.4013,0.4051,21370098
1686355200000,0.4051,0.4057,0.3745,0.3747,77005632
1686369600000,0.3747,0.3793,0.3051,0.3334,201277017
1686384000000,0.3334,0.3387,0.33,0.3383,49157562
1686398400000,0.3382,0.3383,0.3295,0.3327,36434521
1686412800000,0.3327,0.3485,0.3303,0.3442,59898047
1686427200000,0.3441,0.3478,0.3416,0.3448,22192739
1686441600000,0.3448,0.3469,0.3415,0.3421,21013875
1686456000000,0.3421,0.3428,0.3372,0.3391,18503507
1686470400000,0.3391,0.3446,0.3388,0.3427,17822147
1686484800000,0.3428,0.3446,0.3353,0.3364,22181801
1686499200000,0.3364,0.3475,0.3357,0.3456,33405028
1686513600000,0.3456,0.3505,0.3378,0.3402,27532465
1686528000000,0.3403,0.3413,0.3276,0.3351,40122333
1686542400000,0.3351,0.3408,0.3336,0.3349,23037062
1686556800000,0.3348,0.3453,0.3332,0.3419,27245013
1686571200000,0.3419,0.3423,0.3359,0.3367,22217626
1686585600000,0.3367,0.3405,0.3318,0.3366,29985485
1686600000000,0.3366,0.3445,0.3358,0.3427,17832566
1686614400000,0.3427,0.3486,0.3391,0.3471,21540908
1686628800000,0.3471,0.3476,0.3424,0.3464,15845210
1686643200000,0.3464,0.3522,0.3446,0.3511,25718432
1686657600000,0.3511,0.3595,0.3372,0.3382,54838540
1686672000000,0.3383,0.3439,0.3378,0.3403,17424435
1686686400000,0.3403,0.3429,0.3382,0.3417,14617683
1686700800000,0.3417,0.3456,0.3389,0.3445,13549827
1686715200000,0.3446,0.3458,0.3386,0.3401,12515322
1686729600000,0.3401,0.3461,0.339,0.345,13088026
1686744000000,0.345,0.3486,0.3438,0.3465,15665478
1686758400000,0.3466,0.3513,0.3438,0.346,29587246
1686772800000,0.346,0.3464,0.3246,0.3337,69915027
1686787200000,0.3337,0.3349,0.3286,0.3342,19145383
1686801600000,0.3343,0.3345,0.3271,0.3312,18859480
1686816000000,0.3312,0.333,0.3231,0.3297,27619981
1686830400000,0.3298,0.332,0.3265,0.3304,18371455
1686844800000,0.3303,0.3353,0.3221,0.3353,35648171
1686859200000,0.3353,0.3374,0.331,0.333,18979011
1686873600000,0.3331,0.3344,0.3299,0.3337,11608320
1686888000000,0.3337,0.3355,0.3318,0.3335,9216782
1686902400000,0.3335,0.3352,0.3263,0.3283,17272227
1686916800000,0.3282,0.3342,0.3264,0.3341,25958303
1686931200000,0.3342,0.3418,0.3313,0.3386,24982680
1686945600000,0.3386,0.3407,0.3351,0.3355,12083036
1686960000000,0.3356,0.3389,0.3337,0.3372,12163549
1686974400000,0.3373,0.3485,0.3368,0.3454,24208308
1686988800000,0.3454,0.3464,0.3421,0.3433,11715898
1687003200000,0.3433,0.346,0.3396,0.3412,18124295
1687017600000,0.3413,0.3441,0.3402,0.3428,7643458
1687032000000,0.3427,0.3434,0.34,0.3404,6922533
1687046400000,0.3405,0.3406,0.3356,0.3394,13893304
1687060800000,0.3393,0.3427,0.3381,0.3396,12921205
1687075200000,0.3396,0.3427,0.3381,0.3405,10896301
1687089600000,0.3405,0.3418,0.3377,0.3415,12207240
1687104000000,0.3414,0.3444,0.341,0.3418,9680253
1687118400000,0.3418,0.3422,0.3306,0.3357,26993094
1687132800000,0.3356,0.3376,0.3314,0.3341,9450903
1687147200000,0.3342,0.3372,0.3338,0.3348,9657721
1687161600000,0.3347,0.3354,0.3321,0.3342,12518120
1687176000000,0.3342,0.3389,0.3316,0.3336,24905867
1687190400000,0.3337,0.3422,0.3303,0.338,40528685
1687204800000,0.3381,0.3407,0.3373,0.3388,15743329
1687219200000,0.3388,0.3445,0.3374,0.3382,16335440
1687233600000,0.3381,0.3398,0.3355,0.3366,12156048
1687248000000,0.3367,0.3368,0.3339,0.3359,11636457
1687262400000,0.3359,0.3368,0.3288,0.3343,27874692
1687276800000,0.3344,0.3481,0.3331,0.3475,48349047
1687291200000,0.3476,0.351,0.3452,0.3509,21535055
1687305600000,0.3508,0.3651,0.349,0.3613,41304578
1687320000000,0.3614,0.3685,0.3613,0.3641,34795236
1687334400000,0.3642,0.3651,0.3591,0.3613,26058368
1687348800000,0.3613,0.3676,0.357,0.3645,40206036
1687363200000,0.3645,0.3763,0.3637,0.3736,54835234
1687377600000,0.3737,0.3761,0.3676,0.3721,25457181
1687392000000,0.3722,0.3913,0.3716,0.386,38308577
1687406400000,0.386,0.3861,0.3768,0.3825,23251428
1687420800000,0.3824,0.3846,0.3655,0.3697,48543115
1687435200000,0.3697,0.3777,0.3643,0.3692,48228072
1687449600000,0.3693,0.3736,0.3677,0.373,19924525
1687464000000,0.3729,0.3734,0.3661,0.3677,17547160
1687478400000,0.3678,0.3799,0.3673,0.3764,34725453
1687492800000,0.3763,0.3832,0.3755,0.3787,24572566
1687507200000,0.3787,0.3795,0.3733,0.378,26690721
1687521600000,0.378,0.3899,0.3705,0.3897,52403468
1687536000000,0.3897,0.3969,0.3852,0.392,55500256
1687550400000,0.392,0.3951,0.3842,0.3893,21976605
1687564800000,0.3893,0.404,0.3858,0.3974,75953937
1687579200000,0.3975,0.3986,0.3883,0.3895,22490932
1687593600000,0.3896,0.3945,0.3894,0.3937,16583128
1687608000000,0.3937,0.3974,0.3813,0.3845,43133992
1687622400000,0.3846,0.4325,0.38,0.4128,176134487
1687636800000,0.4127,0.4127,0.3974,0.4014,48853688
1687651200000,0.4014,0.4105,0.4003,0.4086,51429278
1687665600000,0.4087,0.4119,0.4028,0.4057,34488564
1687680000000,0.4056,0.4073,0.4,0.4034,24454069
1687694400000,0.4034,0.4042,0.3901,0.3922,40999575
1687708800000,0.3923,0.3967,0.3906,0.3935,26055200
1687723200000,0.3935,0.3948,0.3879,0.3921,16755939
1687737600000,0.3922,0.3933,0.3792,0.3823,42410346
1687752000000,0.3824,0.3892,0.3778,0.3851,27669933
1687766400000,0.3851,0.3897,0.3826,0.3862,22345309
1687780800000,0.3863,0.3921,0.3828,0.3861,31694307
1687795200000,0.3862,0.3865,0.3712,0.3795,40858104
1687809600000,0.3795,0.3808,0.3705,0.3777,18597459
1687824000000,0.3778,0.3909,0.3768,0.3887,24115072
1687838400000,0.3886,0.3942,0.3839,0.39,22753539
1687852800000,0.39,0.3915,0.3862,0.3892,20195765
1687867200000,0.3892,0.3909,0.3813,0.384,25241925
1687881600000,0.3841,0.3904,0.3828,0.3888,15970993
1687896000000,0.3886,0.3901,0.3857,0.3893,10597979
1687910400000,0.3894,0.3902,0.3737,0.3804,29690491
1687924800000,0.3803,0.3812,0.365,0.368,28133739
1687939200000,0.3679,0.3729,0.367,0.3689,15663495
1687953600000,0.3688,0.3735,0.3654,0.371,23506698
1687968000000,0.3711,0.3724,0.3488,0.3581,39684381
1687982400000,0.3581,0.3632,0.3556,0.36,19701717
1687996800000,0.3601,0.3644,0.3585,0.3618,15176720
1688011200000,0.3617,0.3665,0.3601,0.3648,13356783
1688025600000,0.3648,0.3731,0.3631,0.3726,19100893
1688040000000,0.3726,0.3728,0.3648,0.3677,24093142
1688054400000,0.3677,0.3706,0.3636,0.3694,18832280
1688068800000,0.3692,0.37,0.3643,0.3676,14233671
1688083200000,0.3677,0.3796,0.3625,0.3777,27206864
1688097600000,0.3778,0.3849,0.3757,0.38,26973877
1688112000000,0.38,0.3872,0.3795,0.3848,22597722
1688126400000,0.3849,0.3899,0.352,0.3698,81170660
1688140800000,0.3698,0.3887,0.3675,0.3825,47706313
1688155200000,0.3824,0.3871,0.3802,0.3846,20953624
1688169600000,0.3847,0.3992,0.3846,0.3877,46537142
1688184000000,0.3878,0.3935,0.3813,0.3927,22424367
1688198400000,0.3927,0.3994,0.3893,0.3944,35829064
1688212800000,0.3944,0.4215,0.3938,0.4082,108444309
1688227200000,0.4083,0.4156,0.4,0.4026,42940443
1688241600000,0.4026,0.4198,0.4017,0.4188,35037063
1688256000000,0.4189,0.4196,0.3961,0.3985,61417961
1688270400000,0.3984,0.4049,0.3968,0.4006,22530864
1688284800000,0.4007,0.4038,0.3974,0.4034,22551386
1688299200000,0.4034,0.4052,0.3924,0.4015,42123946
1688313600000,0.4016,0.4055,0.3969,0.4026,20468881
1688328000000,0.4027,0.4092,0.4007,0.4057,22317814
1688342400000,0.4058,0.4118,0.3989,0.4105,23341261
1688356800000,0.4106,0.4115,0.4027,0.407,19190945
1688371200000,0.407,0.4104,0.4052,0.4071,20062542
1688385600000,0.4071,0.4119,0.4015,0.4105,34038643
1688400000000,0.4105,0.4126,0.4046,0.411,26271415
1688414400000,0.4109,0.4112,0.4029,0.4078,18390158
1688428800000,0.4078,0.4164,0.4022,0.4118,39252582
1688443200000,0.4117,0.4118,0.4035,0.4043,19358553
1688457600000,0.4042,0.4058,0.3977,0.4051,21294846
1688472000000,0.4052,0.4058,0.3976,0.4005,18584270
1688486400000,0.4005,0.405,0.3921,0.3963,29821316
1688500800000,0.3962,0.4006,0.3955,0.3968,10573983
1688515200000,0.3969,0.4005,0.3936,0.4,14584341
1688529600000,0.4,0.403,0.3981,0.4015,15387645
1688544000000,0.4015,0.4016,0.3818,0.3858,42000558
1688558400000,0.3858,0.387,0.3773,0.3798,34834474
1688572800000,0.3799,0.3842,0.3784,0.3805,13770172
1688587200000,0.3806,0.3867,0.3801,0.3846,10464116
1688601600000,0.3847,0.3883,0.381,0.3858,14541339
1688616000000,0.3857,0.3936,0.383,0.3915,18685638
1688630400000,0.3915,0.4019,0.3895,0.3918,32012684
1688644800000,0.3918,0.3925,0.3721,0.3821,52729977
1688659200000,0.3822,0.3852,0.3763,0.3782,23767860
1688673600000,0.3781,0.3807,0.3711,0.3715,23042381
1688688000000,0.3714,0.3778,0.3661,0.3765,22304358
1688702400000,0.3765,0.3787,0.3727,0.3747,18137712
1688716800000,0.3746,0.378,0.3731,0.3768,14069610
1688731200000,0.3767,0.3822,0.374,0.3818,24839036
1688745600000,0.3818,0.3838,0.376,0.3798,14795732
1688760000000,0.3798,0.3819,0.3791,0.3818,8235283
1688774400000,0.3819,0.3865,0.3811,0.3828,13961572
1688788800000,0.3828,0.3844,0.3797,0.3841,9578751
1688803200000,0.3841,0.3874,0.3826,0.3849,12778460
1688817600000,0.3849,0.3899,0.3836,0.3879,15554059
1688832000000,0.3879,0.3895,0.3822,0.3832,14648758
1688846400000,0.3833,0.3873,0.3788,0.3869,12236576
1688860800000,0.3869,0.39,0.3838,0.3867,13887781
1688875200000,0.3867,0.3868,0.3811,0.3832,7570650
1688889600000,0.3832,0.3845,0.382,0.3836,7802209
1688904000000,0.3836,0.3853,0.3806,0.3838,14136286
1688918400000,0.3839,0.3839,0.3808,0.3822,7702962
1688932800000,0.3822,0.3824,0.3781,0.38,9097964
1688947200000,0.38,0.3801,0.369,0.3743,26863982
1688961600000,0.3743,0.376,0.3703,0.3728,11040240
1688976000000,0.3728,0.3781,0.3686,0.3768,18234454
1688990400000,0.3768,0.3808,0.3745,0.3799,17975693
1689004800000,0.38,0.3898,0.3775,0.3894,20857258
1689019200000,0.3895,0.393,0.381,0.3839,22590257
1689033600000,0.3838,0.3877,0.3797,0.3865,16421281
1689048000000,0.3864,0.3922,0.385,0.3921,16699147
1689062400000,0.392,0.3921,0.3853,0.3879,14276586
1689076800000,0.3879,0.389,0.3835,0.3862,18648054
1689091200000,0.3863,0.3874,0.3827,0.386,10677350
1689105600000,0.3861,0.3918,0.3851,0.3909,11347781
1689120000000,0.3909,0.3944,0.3894,0.3921,14317042
1689134400000,0.3921,0.3969,0.3909,0.395,12253260
1689148800000,0.395,0.3958,0.392,0.395,11112413
1689163200000,0.3949,0.3997,0.3923,0.3935,29967114
1689177600000,0.3936,0.3956,0.386,0.3875,20933432
1689192000000,0.3875,0.3943,0.3871,0.3936,12353972
1689206400000,0.3936,0.3955,0.3859,0.3864,13066255
1689220800000,0.3864,0.3914,0.3844,0.3897,9636323
1689235200000,0.3898,0.397,0.3892,0.3967,16760693
1689249600000,0.3967,0.4124,0.3934,0.4076,42465046
1689264000000,0.4077,0.4373,0.4077,0.4306,114553830
1689278400000,0.4305,0.4433,0.4226,0.4424,37346156
1689292800000,0.4424,0.4482,0.4346,0.4376,56492660
1689307200000,0.4376,0.4406,0.4305,0.4324,26241549
1689321600000,0.4323,0.4361,0.4268,0.4305,27145051
1689336000000,0.4306,0.4383,0.4272,0.4372,31841991
1689350400000,0.4372,0.4433,0.3987,0.4027,101818946
1689364800000,0.4028,0.4145,0.3994,0.4136,20150322
1689379200000,0.4137,0.4137,0.4036,0.4057,15177709
1689393600000,0.4058,0.4176,0.4051,0.4166,12540846
1689408000000,0.4166,0.425,0.4149,0.4191,20327292
1689422400000,0.419,0.4231,0.4156,0.4183,14770819
1689436800000,0.4183,0.423,0.4142,0.4189,13155819
1689451200000,0.4188,0.4189,0.4148,0.4184,7299415
1689465600000,0.4184,0.4267,0.4102,0.4142,27971097
1689480000000,0.4142,0.4219,0.4135,0.4196,13184214
1689494400000,0.4196,0.4223,0.4143,0.4167,15056263
1689508800000,0.4167,0.4207,0.4142,0.4174,13000579
1689523200000,0.4173,0.418,0.4073,0.4082,15307774
1689537600000,0.4082,0.4124,0.4032,0.4062,15197992
1689552000000,0.4062,0.4143,0.4034,0.414,18477682
1689566400000,0.4139,0.4189,0.4123,0.4168,13989782
1689580800000,0.4168,0.4196,0.3988,0.4088,28083433
1689595200000,0.4089,0.4204,0.4042,0.4133,23956066
1689609600000,0.4132,0.4159,0.401,0.4072,28206279
1689624000000,0.4073,0.4187,0.4044,0.4174,14544308
1689638400000,0.4173,0.4245,0.4127,0.4138,23985016
1689652800000,0.4138,0.4148,0.4058,0.4076,18099256
1689667200000,0.4077,0.4109,0.402,0.4024,21959042
1689681600000,0.4024,0.4061,0.3994,0.4031,21621280
1689696000000,0.4031,0.4049,0.3904,0.3967,25259366
1689710400000,0.3967,0.4013,0.3957,0.4002,9488227
1689724800000,0.4003,0.4084,0.3982,0.4057,16772088
1689739200000,0.4057,0.4076,0.4012,0.4018,10982760
1689753600000,0.4019,0.4025,0.3975,0.4015,14848739
1689768000000,0.4015,0.4038,0.396,0.4007,23363042
1689782400000,0.4007,0.4048,0.3982,0.4022,17218485
1689796800000,0.4023,0.4025,0.3961,0.3993,14390955
1689811200000,0.3993,0.405,0.3978,0.4007,13057388
1689825600000,0.4007,0.4075,0.4005,0.4069,16068762
1689840000000,0.407,0.4129,0.4058,0.411,23316836
1689854400000,0.411,0.4134,0.3968,0.4008,32738763
1689868800000,0.4008,0.4034,0.3956,0.3986,23141262
1689883200000,0.3987,0.4013,0.3941,0.4009,13360660
1689897600000,0.4009,0.4046,0.3962,0.4029,15717875
1689912000000,0.4029,0.4033,0.398,0.3984,11873038
1689926400000,0.3984,0.4011,0.3971,0.3996,11496625
1689940800000,0.3995,0.4038,0.3988,0.4013,18978934
1689955200000,0.4013,0.4044,0.398,0.4025,16369581
1689969600000,0.4026,0.4031,0.3995,0.4011,8549381
1689984000000,0.4012,0.4068,0.4003,0.4049,12347381
1689998400000,0.4049,0.4072,0.4033,0.4059,9037726
1690012800000,0.4059,0.4061,0.3991,0.4023,12941657
1690027200000,0.4023,0.4044,0.4012,0.4037,8223054
1690041600000,0.4037,0.4047,0.3999,0.4018,10580508
1690056000000,0.4017,0.4034,0.3917,0.397,16267949
1690070400000,0.3971,0.4012,0.3941,0.401,10823297
1690084800000,0.401,0.4035,0.4003,0.4025,11751168
1690099200000,0.4025,0.4036,0.4007,0.4018,13288070
1690113600000,0.4018,0.4055,0.4009,0.404,12391439
1690128000000,0.4041,0.4103,0.4035,0.4053,19407515
1690142400000,0.4053,0.4082,0.4028,0.4053,10511669
1690156800000,0.4053,0.4084,0.3994,0.4007,20080804
1690171200000,0.4007,0.4042,0.3974,0.4041,15649118
1690185600000,0.404,0.4041,0.3811,0.3894,34695946
1690200000000,0.3893,0.3908,0.3816,0.3865,23505047
1690214400000,0.3864,0.389,0.384,0.3857,9445120
1690228800000,0.3856,0.3879,0.3839,0.3867,6969638
1690243200000,0.3867,0.3881,0.3831,0.3848,11662778
1690257600000,0.3848,0.3857,0.3816,0.3826,11874019
1690272000000,0.3826,0.3869,0.3815,0.3825,10961263
1690286400000,0.3825,0.3855,0.3794,0.3841,19252991
1690300800000,0.3841,0.3877,0.382,0.3852,16220799
1690315200000,0.3851,0.3875,0.3837,0.3858,8023388
1690329600000,0.3859,0.3872,0.3803,0.3836,13444974
1690344000000,0.3836,0.3858,0.3824,0.3835,8372003
1690358400000,0.3835,0.3857,0.3802,0.3815,8986660
1690372800000,0.3815,0.3861,0.3809,0.3853,10086789
1690387200000,0.3854,0.3903,0.3807,0.3887,23168442
1690401600000,0.3888,0.3931,0.3875,0.3889,11975090
1690416000000,0.389,0.3928,0.3857,0.3906,8225405
1690430400000,0.3906,0.3937,0.39,0.3913,5878428
1690444800000,0.3912,0.3944,0.3904,0.3913,10175300
1690459200000,0.3914,0.3919,0.3858,0.3879,10965370
1690473600000,0.3879,0.3886,0.3807,0.3827,16847587
1690488000000,0.3827,0.3853,0.3814,0.3844,7780874
1690502400000,0.3845,0.3863,0.383,0.384,7091890
1690516800000,0.384,0.3846,0.3808,0.3832,6717321
1690531200000,0.3831,0.3862,0.3825,0.3846,7169026
1690545600000,0.3846,0.3917,0.3843,0.3901,14212876
1690560000000,0.3902,0.391,0.3864,0.388,7045038
1690574400000,0.388,0.3905,0.3875,0.3887,5787331
1690588800000,0.3888,0.3903,0.3877,0.3887,4510718
1690603200000,0.3888,0.3901,0.3883,0.389,3242526
1690617600000,0.389,0.3892,0.3862,0.3866,5419267
1690632000000,0.3866,0.3898,0.3864,0.3896,5942198
1690646400000,0.3896,0.3915,0.3884,0.391,6442269
1690660800000,0.3911,0.3919,0.3901,0.3912,4630050
1690675200000,0.3912,0.3944,0.3903,0.3927,7362557
1690689600000,0.3926,0.3934,0.3904,0.3911,5544686
1690704000000,0.391,0.3924,0.3894,0.3909,7263961
1690718400000,0.3909,0.3989,0.3881,0.3931,26863904
1690732800000,0.3932,0.3942,0.3836,0.3858,17048045
1690747200000,0.3858,0.3885,0.3793,0.3881,19545210
1690761600000,0.388,0.3925,0.3858,0.3897,10564300
1690776000000,0.3898,0.3903,0.3866,0.3877,6530409
1690790400000,0.3877,0.3899,0.3863,0.3873,7983808
1690804800000,0.3874,0.3889,0.3825,0.3829,12334770
1690819200000,0.3829,0.3855,0.3786,0.3802,11740034
1690833600000,0.3803,0.3833,0.3761,0.382,12741978
1690848000000,0.3821,0.3872,0.37,0.377,25638190
1690862400000,0.377,0.3806,0.3768,0.3788,9717905
1690876800000,0.3789,0.3818,0.3786,0.3805,7090224
1690891200000,0.3805,0.3819,0.3733,0.3779,15644136
1690905600000,0.3778,0.3817,0.3747,0.381,10513225
1690920000000,0.381,0.3858,0.3793,0.3853,8894744
1690934400000,0.3852,0.3871,0.3816,0.3819,10589825
1690948800000,0.3819,0.3824,0.3777,0.3785,10014702
1690963200000,0.3784,0.3808,0.3773,0.3804,7428962
1690977600000,0.3804,0.381,0.3731,0.3762,17596645
1690992000000,0.3762,0.3771,0.37,0.374,16672802
1691006400000,0.374,0.3746,0.3715,0.373,4651617
1691020800000,0.373,0.3757,0.3718,0.3742,5421870
1691035200000,0.3742,0.3748,0.37,0.3708,9189654
1691049600000,0.3708,0.3722,0.3675,0.3715,8648702
1691064000000,0.3715,0.3739,0.3692,0.371,9425524
1691078400000,0.371,0.3735,0.3693,0.3705,7658881
1691092800000,0.3705,0.3721,0.3651,0.3673,12866435
1691107200000,0.3673,0.3698,0.3666,0.3689,9942787
1691121600000,0.3688,0.3693,0.366,0.3676,7847722
1691136000000,0.3675,0.3686,0.3661,0.3668,7007495
1691150400000,0.3668,0.3707,0.366,0.3684,16673852
1691164800000,0.3684,0.3693,0.3618,0.3636,20039730
1691179200000,0.3636,0.3654,0.3578,0.3639,18181622
1691193600000,0.3639,0.3647,0.36,0.3622,8606628
1691208000000,0.3622,0.363,0.3598,0.3621,6032128
1691222400000,0.3621,0.3634,0.3613,0.3624,5290272
1691236800000,0.3624,0.3655,0.3603,0.3638,12836696
1691251200000,0.3637,0.3672,0.3628,0.3659,7909120
1691265600000,0.3659,0.37,0.3655,0.3694,8243934
1691280000000,0.3693,0.3755,0.3688,0.3729,28126358
1691294400000,0.3728,0.3762,0.3722,0.3723,9693734
1691308800000,0.3723,0.3752,0.3712,0.3741,10722532
1691323200000,0.3741,0.375,0.3693,0.3711,13555406
1691337600000,0.3711,0.3739,0.3706,0.373,7678967
1691352000000,0.373,0.3752,0.3715,0.3744,8361031
1691366400000,0.3743,0.3809,0.373,0.3772,17866980
1691380800000,0.3772,0.3788,0.3746,0.377,10943784
1691395200000,0.377,0.3789,0.3756,0.3764,10194672
1691409600000,0.3763,0.3764,0.3642,0.365,29147557
1691424000000,0.365,0.3668,0.3562,0.3645,34929393
1691438400000,0.3645,0.3674,0.364,0.3664,7943967
1691452800000,0.3665,0.3674,0.3618,0.3642,10085952
1691467200000,0.3641,0.3664,0.3632,0.364,8454187
1691481600000,0.3639,0.3669,0.3629,0.3669,8042608
1691496000000,0.367,0.3725,0.3659,0.37,13476018
1691510400000,0.3699,0.3751,0.3692,0.3724,13134057
1691524800000,0.3723,0.3756,0.3696,0.3701,9612712
1691539200000,0.3702,0.3727,0.3683,0.3696,12529518
1691553600000,0.3695,0.3725,0.3692,0.3724,5374884
1691568000000,0.3724,0.3725,0.3698,0.371,6701913
1691582400000,0.371,0.3741,0.3677,0.3685,15770355
1691596800000,0.3685,0.3692,0.3663,0.3674,9952958
1691611200000,0.3674,0.3685,0.3641,0.368,10072444
1691625600000,0.3681,0.3682,0.3658,0.3667,6123969
1691640000000,0.3668,0.3676,0.3655,0.3664,7966134
1691654400000,0.3664,0.369,0.3661,0.3674,4907968
1691668800000,0.3673,0.3718,0.367,0.3687,13824984
1691683200000,0.3687,0.3695,0.3664,0.3682,5897178
1691697600000,0.3681,0.3686,0.3659,0.3666,4505559
1691712000000,0.3666,0.3687,0.3647,0.3667,7225344
1691726400000,0.3667,0.3695,0.3666,0.3689,4814606
1691740800000,0.3689,0.3704,0.3688,0.3703,4760413
1691755200000,0.3702,0.3714,0.3674,0.3682,11040965
1691769600000,0.3681,0.3695,0.3668,0.3681,6324259
1691784000000,0.3681,0.3703,0.3679,0.3699,3716809
1691798400000,0.3699,0.3714,0.3682,0.3688,4786359
1691812800000,0.3689,0.3699,0.3675,0.3697,4724954
1691827200000,0.3697,0.3712,0.3687,0.371,6381050
1691841600000,0.371,0.3727,0.3701,0.3709,7807793
1691856000000,0.3709,0.3717,0.3692,0.3695,6828060
1691870400000,0.3694,0.3715,0.3692,0.3707,4434918
1691884800000,0.3707,0.3716,0.3681,0.3686,6665436
1691899200000,0.3686,0.3693,0.3678,0.3693,4780470
1691913600000,0.3692,0.3696,0.3677,0.3681,5328447
1691928000000,0.368,0.3685,0.3661,0.3671,10015902
1691942400000,0.3671,0.3713,0.3659,0.3708,8481341
1691956800000,0.3708,0.372,0.3642,0.3655,14348772
1691971200000,0.3655,0.3669,0.3618,0.3654,12530640
1691985600000,0.3655,0.3666,0.3636,0.3648,8207468
1692000000000,0.3649,0.3659,0.3632,0.3635,10392292
1692014400000,0.3635,0.3683,0.3619,0.3667,16978172
1692028800000,0.3667,0.3687,0.3616,0.3632,14461916
1692043200000,0.3632,0.3664,0.3628,0.3653,8044449
1692057600000,0.3653,0.3672,0.3642,0.3648,7226769
1692072000000,0.3648,0.3651,0.3623,0.3641,6521452
1692086400000,0.3641,0.3654,0.3607,0.3611,7987505
1692100800000,0.361,0.3623,0.3589,0.3595,14167886
1692115200000,0.3596,0.3602,0.3291,0.3414,49560308
1692129600000,0.3414,0.3466,0.3404,0.3448,13837376
1692144000000,0.3447,0.3456,0.3418,0.3424,9331359
1692158400000,0.3423,0.3438,0.3388,0.3393,14268502
1692172800000,0.3394,0.3398,0.335,0.3378,25401987
1692187200000,0.3378,0.3387,0.3332,0.3351,23798162
1692201600000,0.3351,0.3402,0.3333,0.3368,16077676
1692216000000,0.3369,0.3376,0.319,0.3282,40077498
1692230400000,0.3282,0.3328,0.3206,0.3318,19327058
1692244800000,0.3319,0.3355,0.331,0.3332,10003755
1692259200000,0.3332,0.3333,0.3297,0.3302,11604268
1692273600000,0.3302,0.3326,0.3201,0.3216,33989121
1692288000000,0.3216,0.3289,0.3176,0.3282,21807673
1692302400000,0.3282,0.329,0.2704,0.2955,106673892
1692316800000,0.2955,0.3035,0.2945,0.3004,40538537
1692331200000,0.3005,0.3067,0.2975,0.3057,19154705
1692345600000,0.3056,0.3102,0.3036,0.3086,18502729
1692360000000,0.3086,0.3088,0.3033,0.3041,21859753
1692374400000,0.3042,0.3097,0.2996,0.3052,24664541
1692388800000,0.3052,0.3081,0.3046,0.3059,10714374
1692403200000,0.3059,0.3078,0.3029,0.3045,12697384
1692417600000,0.3044,0.3055,0.3028,0.3045,8010971
1692432000000,0.3045,0.3067,0.3042,0.305,8506844
1692446400000,0.305,0.3079,0.3041,0.3077,16948407
1692460800000,0.3077,0.3091,0.3053,0.3059,15569301
1692475200000,0.3059,0.3091,0.303,0.3083,13725341
1692489600000,0.3083,0.3113,0.3077,0.3087,14234302
1692504000000,0.3088,0.3093,0.3052,0.3069,10179520
1692518400000,0.3069,0.3089,0.3053,0.3086,9066307
1692532800000,0.3086,0.3098,0.3039,0.3059,13106507
1692547200000,0.3059,0.3081,0.3035,0.3079,9321818
1692561600000,0.3079,0.3104,0.3074,0.3083,7846321
1692576000000,0.3083,0.3094,0.3062,0.3063,7688933
1692590400000,0.3063,0.309,0.3046,0.3047,11945784
1692604800000,0.3047,0.3059,0.2977,0.3026,29234393
1692619200000,0.3026,0.3059,0.2923,0.296,32329166
1692633600000,0.296,0.3033,0.2959,0.3014,22489981
1692648000000,0.3013,0.3026,0.2993,0.3007,9143187
1692662400000,0.3008,0.3021,0.2994,0.3013,10789605
1692676800000,0.3013,0.3068,0.3003,0.3058,14904774
1692691200000,0.3059,0.3065,0.3018,0.3024,18269048
1692705600000,0.3023,0.3049,0.2962,0.2974,28563455
1692720000000,0.2974,0.2996,0.2896,0.2945,39417738
1692734400000,0.2946,0.3048,0.2892,0.3042,29962777
1692748800000,0.3042,0.3061,0.302,0.3021,18208762
1692763200000,0.3022,0.3068,0.3016,0.3033,14234093
1692777600000,0.3033,0.3038,0.3,0.3011,10473244
1692792000000,0.3011,0.3061,0.299,0.3057,21410676
1692806400000,0.3058,0.3149,0.3056,0.3128,33609631
1692820800000,0.3128,0.3141,0.3072,0.3113,16354079
1692835200000,0.3113,0.3134,0.3098,0.3133,9583354
1692849600000,0.3132,0.3143,0.3106,0.3114,11606188
1692864000000,0.3115,0.3118,0.3063,0.3089,19694809
1692878400000,0.3088,0.309,0.3032,0.3035,26449624
1692892800000,0.3035,0.3068,0.3018,0.3052,16329765
1692907200000,0.3053,0.3056,0.3,0.3053,14772718
1692921600000,0.3052,0.3067,0.2973,0.3013,29872997
1692936000000,0.3012,0.3034,0.2989,0.3014,17732936
1692950400000,0.3014,0.3036,0.301,0.303,7085624
1692964800000,0.303,0.3064,0.2989,0.302,26597842
1692979200000,0.3019,0.3056,0.2999,0.3033,13977698
1692993600000,0.3033,0.3063,0.3021,0.3056,9467795
1693008000000,0.3055,0.3078,0.304,0.3074,10634576
1693022400000,0.3073,0.3088,0.3057,0.3072,6523157
1693036800000,0.3071,0.3083,0.3024,0.3035,13477364
1693051200000,0.3034,0.3037,0.3015,0.3022,8976185
1693065600000,0.3023,0.3024,0.2981,0.3002,14954283
1693080000000,0.3003,0.3007,0.2985,0.2988,7599921
1693094400000,0.2989,0.3,0.2965,0.2984,10000808
1693108800000,0.2984,0.2999,0.2984,0.2997,8078193
1693123200000,0.2997,0.3011,0.2981,0.2989,9562224
1693137600000,0.299,0.3023,0.2981,0.3005,12975835
1693152000000,0.3005,0.3012,0.298,0.2998,9090989
1693166400000,0.2997,0.3002,0.2979,0.2997,7304067
1693180800000,0.2998,0.301,0.2952,0.2964,17557130
1693195200000,0.2963,0.2971,0.2917,0.2949,15507974
1693209600000,0.2949,0.2967,0.2912,0.2965,13012054
1693224000000,0.2966,0.3042,0.2961,0.3025,25895876
1693238400000,0.3026,0.3037,0.298,0.3,16200206
1693252800000,0.2999,0.3021,0.2981,0.301,10244303
1693267200000,0.301,0.3022,0.2968,0.2981,13819724
1693281600000,0.2981,0.2987,0.2937,0.2944,13249728
1693296000000,0.2944,0.295,0.2907,0.2923,19879706
1693310400000,0.2922,0.3149,0.2919,0.3105,88418764
1693324800000,0.3104,0.3174,0.3104,0.3136,39030994
1693339200000,0.3135,0.3158,0.3118,0.314,12403935
1693353600000,0.314,0.3165,0.3086,0.3109,20868551
1693368000000,0.3109,0.3128,0.3097,0.3114,9427930
1693382400000,0.3114,0.3132,0.309,0.3092,16611827
1693396800000,0.3091,0.3107,0.3031,0.3056,31856505
1693411200000,0.3057,0.3064,0.3039,0.3044,9296030
1693425600000,0.3045,0.3057,0.3031,0.3049,6275122
1693440000000,0.305,0.3051,0.3014,0.3022,8455544
1693454400000,0.3023,0.3052,0.3018,0.3045,13402476
1693468800000,0.3045,0.3071,0.3025,0.3045,11493620
1693483200000,0.3045,0.3048,0.2957,0.2993,23936079
1693497600000,0.2993,0.3001,0.2864,0.294,46610995
1693512000000,0.2939,0.2952,0.2907,0.2941,18467013
1693526400000,0.2941,0.2964,0.2927,0.2954,9591868
1693540800000,0.2955,0.2965,0.2933,0.2947,7049164
1693555200000,0.2946,0.2964,0.2938,0.2955,6079570
1693569600000,0.2956,0.2968,0.2901,0.2924,18386146
1693584000000,0.2925,0.2939,0.2867,0.2914,25261779
1693598400000,0.2914,0.2953,0.2909,0.2929,10190492
1693612800000,0.2928,0.2942,0.2913,0.2927,6724001
1693627200000,0.2928,0.2938,0.292,0.2925,5915752
1693641600000,0.2925,0.293,0.2902,0.2916,9740663
1693656000000,0.2916,0.2944,0.2909,0.2931,10885672
1693670400000,0.293,0.294,0.2863,0.2906,16711449
1693684800000,0.2905,0.2923,0.289,0.292,5802617
1693699200000,0.2921,0.2935,0.2902,0.2934,6251107
1693713600000,0.2934,0.2947,0.2923,0.2932,7396837
1693728000000,0.2931,0.2936,0.2914,0.293,6824613
1693742400000,0.293,0.2941,0.2892,0.2899,10116423
1693756800000,0.2898,0.2916,0.2864,0.291,12198307
1693771200000,0.291,0.292,0.2889,0.2902,5599339
1693785600000,0.2903,0.2967,0.2899,0.2939,12640428
1693800000000,0.294,0.2951,0.2916,0.2929,19055285
1693814400000,0.2928,0.2935,0.2904,0.2906,6789329
1693828800000,0.2905,0.2933,0.2885,0.2914,18452872
1693843200000,0.2914,0.2946,0.291,0.2924,13044909
1693857600000,0.2924,0.2932,0.2887,0.2918,12764310
1693872000000,0.2917,0.2927,0.2888,0.2907,10913193
1693886400000,0.2906,0.2926,0.2904,0.2923,14783751
1693900800000,0.2924,0.2948,0.2912,0.2944,8862920
1693915200000,0.2944,0.2953,0.2917,0.2926,22067212
1693929600000,0.2926,0.2939,0.2911,0.2923,19332179
1693944000000,0.2923,0.2933,0.2914,0.2929,8931595
1693958400000,0.2929,0.299,0.2911,0.2958,32459650
1693972800000,0.2957,0.296,0.2925,0.2946,18555470
1693987200000,0.2945,0.2961,0.2937,0.2952,19695663
1694001600000,0.2951,0.2965,0.2903,0.2922,32561570
1694016000000,0.2922,0.2979,0.2868,0.293,37269906
1694030400000,0.2931,0.2962,0.2927,0.2952,8136408
1694044800000,0.2952,0.2976,0.2942,0.2971,11941222
1694059200000,0.2971,0.2975,0.2938,0.2949,10889114
1694073600000,0.2948,0.2952,0.2918,0.2923,9160878
1694088000000,0.2924,0.2953,0.2918,0.2949,13427676
1694102400000,0.295,0.297,0.2943,0.2958,11315873
1694116800000,0.2957,0.3002,0.2956,0.2984,17895894
1694131200000,0.2983,0.3016,0.2973,0.298,13582721
1694145600000,0.298,0.2996,0.2957,0.2978,10856508
1694160000000,0.2978,0.2978,0.2893,0.2922,20563951
1694174400000,0.2921,0.2942,0.2909,0.2915,8457211
1694188800000,0.2915,0.2925,0.2904,0.292,8536464
1694203200000,0.292,0.2933,0.2912,0.2932,3511283
1694217600000,0.2932,0.2946,0.2911,0.2942,6134380
1694232000000,0.2942,0.2951,0.2923,0.2946,7858325
1694246400000,0.2945,0.2961,0.2945,0.2952,6081035
1694260800000,0.2951,0.2962,0.2933,0.2952,7616686
1694275200000,0.2952,0.2956,0.2937,0.2945,5240968
1694289600000,0.2945,0.2947,0.2931,0.2936,3829397
1694304000000,0.2935,0.2936,0.2893,0.2909,11750793
1694318400000,0.2909,0.2909,0.2769,0.2872,33179219
1694332800000,0.2872,0.2876,0.2848,0.2849,6520434
1694347200000,0.2849,0.2856,0.2785,0.283,17878399
1694361600000,0.283,0.2831,0.278,0.2813,14238367
1694376000000,0.2812,0.2845,0.2808,0.2813,10617033
1694390400000,0.2813,0.2827,0.276,0.2801,31341994
1694404800000,0.28,0.2832,0.2788,0.2801,24533531
1694419200000,0.2802,0.2804,0.2662,0.2718,42067038
1694433600000,0.2717,0.2743,0.2687,0.2722,63820548
1694448000000,0.2721,0.2729,0.2645,0.267,19641200
1694462400000,0.2669,0.2698,0.2655,0.2692,10262197
1694476800000,0.2691,0.2772,0.2679,0.2749,34896367
1694491200000,0.2749,0.2762,0.272,0.2735,12087947
1694505600000,0.2736,0.2827,0.2726,0.2781,21373802
1694520000000,0.2782,0.2792,0.2741,0.2746,17160347
1694534400000,0.2746,0.2779,0.2691,0.2716,21375438
1694548800000,0.2715,0.2727,0.2686,0.2691,8945327
1694563200000,0.2691,0.2712,0.2669,0.2682,16675848
1694577600000,0.2682,0.2795,0.2672,0.2701,30102827
1694592000000,0.2701,0.2769,0.2695,0.2766,18246986
1694606400000,0.2765,0.2792,0.2738,0.2775,20111849
1694620800000,0.2776,0.2794,0.2753,0.2776,16544698
1694635200000,0.2775,0.2812,0.2775,0.2799,8914005
1694649600000,0.2798,0.2871,0.2798,0.2809,24606310
1694664000000,0.2809,0.2825,0.2789,0.2816,10708737
1694678400000,0.2817,0.2849,0.2814,0.2845,11633670
1694692800000,0.2845,0.2965,0.2836,0.2891,81850886
1694707200000,0.2892,0.2928,0.2875,0.2909,18069934
1694721600000,0.2909,0.2913,0.2878,0.2898,11572926
1694736000000,0.2899,0.2957,0.2867,0.2927,24819173
1694750400000,0.2926,0.2931,0.2878,0.288,11176303
1694764800000,0.2881,0.2909,0.2875,0.2881,12467003
1694779200000,0.2882,0.2918,0.2881,0.2914,15991097
1694793600000,0.2914,0.2937,0.2905,0.2929,8821275
1694808000000,0.2929,0.2974,0.2925,0.296,13537152
1694822400000,0.296,0.3029,0.2954,0.2994,17479430
1694836800000,0.2994,0.3033,0.298,0.3025,14486169
1694851200000,0.3026,0.3028,0.2993,0.3008,12783968
1694865600000,0.3008,0.3017,0.2954,0.2979,14534836
1694880000000,0.298,0.3,0.2969,0.2972,7369843
1694894400000,0.2973,0.3016,0.2971,0.3012,5834366
1694908800000,0.3012,0.3015,0.2936,0.2973,23400612
1694923200000,0.2973,0.2977,0.2938,0.2941,6803538
1694937600000,0.2941,0.2968,0.293,0.2951,7017587
1694952000000,0.2951,0.2958,0.2932,0.2942,5958739
1694966400000,0.2942,0.2942,0.2886,0.2911,13543018
1694980800000,0.2911,0.2912,0.2844,0.2887,15202732
1694995200000,0.2887,0.2928,0.2849,0.2912,15408058
1695009600000,0.2912,0.2919,0.2888,0.2907,9428085
1695024000000,0.2906,0.2955,0.2894,0.2943,20759015
1695038400000,0.2943,0.2967,0.2929,0.2944,18291342
1695052800000,0.2944,0.2966,0.2896,0.2932,19462703
1695067200000,0.2931,0.2942,0.2913,0.292,7001903
1695081600000,0.2921,0.2949,0.2909,0.2944,31273308
1695096000000,0.2943,0.2966,0.294,0.295,35580605
1695110400000,0.2951,0.3003,0.2943,0.2981,20560175
1695124800000,0.2981,0.3009,0.2946,0.3007,16350952
1695139200000,0.3007,0.3012,0.2973,0.2991,9342171
1695153600000,0.2992,0.2997,0.2971,0.298,6225992
1695168000000,0.298,0.3019,0.2953,0.2964,14403813
1695182400000,0.2963,0.2976,0.2944,0.2963,8208858
1695196800000,0.2964,0.2987,0.2932,0.2949,12435212
1695211200000,0.2949,0.296,0.2913,0.2958,13394476
1695225600000,0.2959,0.2993,0.2918,0.2947,18278730
1695240000000,0.2947,0.3,0.2945,0.2997,10745757
1695254400000,0.2998,0.304,0.2991,0.3022,13634567
1695268800000,0.3021,0.3032,0.2969,0.2995,11658565
1695283200000,0.2995,0.3,0.2912,0.2939,24451770
1695297600000,0.2939,0.2956,0.2904,0.2946,13979648
1695312000000,0.2946,0.2958,0.2934,0.2949,5965118
1695326400000,0.295,0.2951,0.2922,0.2928,5030437
1695340800000,0.2929,0.2954,0.2894,0.295,11323802
1695355200000,0.295,0.2955,0.2924,0.2944,6358372
1695369600000,0.2944,0.2951,0.2924,0.2941,7800881
1695384000000,0.2941,0.2946,0.2924,0.2928,11501006
1695398400000,0.2927,0.2936,0.2902,0.2918,11464809
1695412800000,0.2919,0.2948,0.2911,0.2941,7306220
1695427200000,0.2941,0.2975,0.2932,0.2942,12742694
1695441600000,0.2943,0.2955,0.2934,0.2944,4793714
1695456000000,0.2944,0.2953,0.2937,0.2948,5201205
1695470400000,0.2948,0.2951,0.2924,0.2927,5645852
1695484800000,0.2926,0.2942,0.2918,0.2938,5305980
1695499200000,0.2937,0.2944,0.2921,0.2936,3748077
1695513600000,0.2936,0.2937,0.2916,0.293,5742938
1695528000000,0.293,0.2933,0.2918,0.2924,3427375
1695542400000,0.2923,0.2931,0.2914,0.2927,4063594
1695556800000,0.2927,0.3005,0.2926,0.297,62906781
1695571200000,0.297,0.2981,0.2932,0.2944,21803433
1695585600000,0.2944,0.2971,0.2915,0.2931,14314645
1695600000000,0.2931,0.2969,0.2904,0.2954,20141921
1695614400000,0.2954,0.2973,0.2932,0.2956,13400255
1695628800000,0.2957,0.2963,0.2924,0.2945,14126037
1695643200000,0.2944,0.3003,0.2935,0.2995,23809816
1695657600000,0.2994,0.302,0.2981,0.299,17872147
1695672000000,0.2991,0.2998,0.2974,0.2986,6356344
1695686400000,0.2986,0.299,0.2966,0.2983,9813959
1695700800000,0.2983,0.2988,0.2956,0.2956,8133784
1695715200000,0.2956,0.2961,0.2926,0.2948,16080459
1695729600000,0.2947,0.2951,0.2924,0.2935,12831494
1695744000000,0.2934,0.2988,0.2931,0.2986,12022079
1695758400000,0.2985,0.2993,0.2926,0.297,13587548
1695772800000,0.2971,0.2986,0.2961,0.2975,9158212
1695787200000,0.2976,0.2982,0.2945,0.2952,6798218
1695801600000,0.2952,0.3017,0.2944,0.3015,22805585
1695816000000,0.3014,0.302,0.293,0.2951,43010686
1695830400000,0.2951,0.2956,0.2912,0.2938,13136929
1695844800000,0.2938,0.2942,0.2909,0.2931,9541409
1695859200000,0.2932,0.2961,0.292,0.2932,13512033
1695873600000,0.2932,0.2985,0.2923,0.2964,56284752
1695888000000,0.2965,0.2979,0.2943,0.2952,30404538
1695902400000,0.2953,0.2988,0.2941,0.2983,22483478
1695916800000,0.2983,0.3,0.2951,0.2982,22120514
1695931200000,0.2983,0.2992,0.2959,0.2988,9861679
1695945600000,0.2988,0.3009,0.2978,0.2994,16405533
1695960000000,0.2993,0.3029,0.2981,0.3021,16073330
1695974400000,0.3021,0.3032,0.2993,0.3014,16120132
1695988800000,0.3014,0.3064,0.2983,0.3062,43544790
1696003200000,0.3063,0.3089,0.3035,0.3082,28928741
1696017600000,0.3081,0.3248,0.3079,0.3155,115664307
1696032000000,0.3156,0.316,0.3093,0.3096,40905202
1696046400000,0.3096,0.3105,0.3058,0.3063,21702405
1696060800000,0.3063,0.3102,0.3058,0.3078,27813101
1696075200000,0.3077,0.313,0.3074,0.3109,23165265
1696089600000,0.3109,0.3122,0.3094,0.3102,17187018
1696104000000,0.3102,0.311,0.3083,0.3088,11745373
1696118400000,0.3089,0.312,0.3075,0.3118,10830642
1696132800000,0.3117,0.3156,0.3106,0.3129,12791495
1696147200000,0.3129,0.3189,0.312,0.317,20644865
1696161600000,0.317,0.3176,0.3139,0.3161,16788696
1696176000000,0.3162,0.3186,0.314,0.3164,16090820
1696190400000,0.3163,0.3283,0.3147,0.3235,34690968
1696204800000,0.3234,0.3263,0.3208,0.3243,15753135
1696219200000,0.3243,0.3244,0.3192,0.3236,15188459
1696233600000,0.3236,0.3244,0.3191,0.3194,15569455
1696248000000,0.3194,0.3212,0.3112,0.3136,28227495
1696262400000,0.3137,0.3185,0.3019,0.3131,43721686
1696276800000,0.3131,0.3134,0.3066,0.3107,15476075
1696291200000,0.3108,0.3131,0.3085,0.3113,10026662
1696305600000,0.3112,0.3114,0.3086,0.3092,9023118
1696320000000,0.3093,0.3115,0.3068,0.3084,14705979
1696334400000,0.3084,0.3085,0.3033,0.3047,18012339
1696348800000,0.3047,0.307,0.3025,0.3031,9248239
1696363200000,0.303,0.3048,0.301,0.3016,12661602
1696377600000,0.3016,0.3017,0.2867,0.2951,36195593
1696392000000,0.2951,0.2981,0.2934,0.2975,10718743
1696406400000,0.2975,0.2994,0.2958,0.2965,10907507
1696420800000,0.2966,0.2976,0.2923,0.2936,15537164
1696435200000,0.2935,0.297,0.2931,0.2951,12257276
1696449600000,0.2952,0.2984,0.2946,0.2971,8454623
1696464000000,0.2972,0.2984,0.2943,0.2951,8298044
1696478400000,0.2951,0.2978,0.2949,0.2968,7480422
1696492800000,0.2967,0.2994,0.2963,0.2984,13985980
1696507200000,0.2985,0.2998,0.2893,0.2937,25381566
1696521600000,0.2937,0.2946,0.2919,0.2932,12530528
1696536000000,0.2933,0.2945,0.2924,0.2929,5681844
1696550400000,0.293,0.2959,0.2927,0.2951,5774779
1696564800000,0.2952,0.2971,0.2937,0.2964,4886542
1696579200000,0.2965,0.2973,0.2953,0.2963,5894268
1696593600000,0.2963,0.2997,0.2932,0.2988,21783170
1696608000000,0.2987,0.3014,0.2975,0.2997,9790991
1696622400000,0.2997,0.3016,0.2992,0.3004,6944861
1696636800000,0.3003,0.3019,0.2984,0.2986,6693061
1696651200000,0.2987,0.3006,0.2981,0.2984,5649144
1696665600000,0.2983,0.3,0.298,0.2988,5051152
1696680000000,0.2989,0.3007,0.2986,0.2994,5356299
1696694400000,0.2994,0.2997,0.297,0.2977,6982698
1696708800000,0.2976,0.2991,0.2973,0.2988,2977567
1696723200000,0.2988,0.2996,0.298,0.2987,4700586
1696737600000,0.2987,0.2988,0.2949,0.2976,8310429
1696752000000,0.2976,0.2984,0.2938,0.2951,9211374
1696766400000,0.2951,0.2969,0.2939,0.2969,7634601
1696780800000,0.2968,0.2978,0.2959,0.2971,7983951
1696795200000,0.2971,0.2986,0.2961,0.2968,5199136
1696809600000,0.2969,0.2983,0.2948,0.2977,10732579
1696824000000,0.2978,0.2982,0.2942,0.2946,8003555
1696838400000,0.2945,0.2952,0.2715,0.2828,44927919
1696852800000,0.2827,0.2838,0.2807,0.2813,10228732
1696867200000,0.2813,0.2824,0.274,0.2809,26695867
1696881600000,0.2809,0.2816,0.2793,0.281,7853673
1696896000000,0.2811,0.2821,0.279,0.281,9416195
1696910400000,0.281,0.2821,0.2793,0.281,5833268
1696924800000,0.2811,0.2819,0.2779,0.2781,9887927
1696939200000,0.2781,0.2809,0.2765,0.2774,16168035
1696953600000,0.2775,0.2788,0.276,0.2783,13339357
1696968000000,0.2782,0.2792,0.2745,0.2777,8604054
1696982400000,0.2776,0.2798,0.27,0.2741,18221841
1696996800000,0.2742,0.2766,0.2738,0.2758,8692271
1697011200000,0.2758,0.2786,0.2749,0.2776,7793094
1697025600000,0.2775,0.2786,0.2721,0.2738,14772081
1697040000000,0.2737,0.2766,0.272,0.2762,10572748
1697054400000,0.2762,0.2786,0.2754,0.2785,4749819
1697068800000,0.2784,0.2785,0.2753,0.2757,5633799
1697083200000,0.2758,0.2788,0.2749,0.2772,6864759
1697097600000,0.2773,0.2791,0.2725,0.2779,14601759
1697112000000,0.2779,0.2794,0.2763,0.2786,12152572
1697126400000,0.2786,0.2798,0.275,0.2779,14146063
1697140800000,0.2779,0.2786,0.2769,0.2785,5371461
1697155200000,0.2784,0.2803,0.2775,0.2776,5834723
1697169600000,0.2776,0.2808,0.2775,0.2797,5453324
1697184000000,0.2797,0.2807,0.2776,0.2801,6373484
1697198400000,0.2802,0.2818,0.278,0.2792,9009828
1697212800000,0.2792,0.2806,0.2786,0.2788,5632744
1697227200000,0.2789,0.285,0.2789,0.2808,15211123
1697241600000,0.2809,0.2852,0.2804,0.2839,12073678
1697256000000,0.284,0.2841,0.2813,0.2819,5104764
1697270400000,0.2819,0.287,0.281,0.2848,13687097
1697284800000,0.2848,0.2858,0.2838,0.2856,6925695
1697299200000,0.2856,0.2864,0.2839,0.2841,6089571
1697313600000,0.2841,0.2849,0.2828,0.2833,5654716
1697328000000,0.2833,0.2863,0.2822,0.2853,7311853
1697342400000,0.2853,0.2862,0.2848,0.286,4303920
1697356800000,0.286,0.2888,0.286,0.2877,8362722
1697371200000,0.2877,0.2883,0.2853,0.2857,13149101
1697385600000,0.2858,0.2876,0.2854,0.2863,4601927
1697400000000,0.2863,0.2883,0.2845,0.2852,8071273
1697414400000,0.2852,0.2883,0.285,0.2872,6092876
1697428800000,0.2872,0.2919,0.2852,0.289,21122657
1697443200000,0.2891,0.2919,0.2877,0.29,11412575
1697457600000,0.2901,0.3004,0.286,0.2862,51243647
1697472000000,0.2862,0.2902,0.2851,0.2882,12952952
1697486400000,0.2882,0.2896,0.2858,0.288,7021299
1697500800000,0.288,0.2881,0.2854,0.2859,8604091
1697515200000,0.2859,0.2876,0.285,0.2865,6373898
1697529600000,0.2865,0.2871,0.2847,0.2851,8435936
1697544000000,0.2851,0.2857,0.2732,0.2804,32236716
1697558400000,0.2805,0.2817,0.2782,0.2808,8832271
1697572800000,0.2807,0.2813,0.2786,0.2806,5052625
1697587200000,0.2806,0.2811,0.2773,0.2798,15576218
1697601600000,0.2798,0.2843,0.2795,0.28,11390901
1697616000000,0.28,0.2811,0.2783,0.2792,10047276
1697630400000,0.2792,0.2797,0.2769,0.2781,7957994
1697644800000,0.278,0.2788,0.2759,0.2768,6919461
1697659200000,0.2767,0.2783,0.2757,0.2764,4925206
1697673600000,0.2763,0.2773,0.27,0.2738,20847370
1697688000000,0.2738,0.2754,0.2728,0.2744,6188397
1697702400000,0.2744,0.2759,0.2736,0.2759,8476485
1697716800000,0.2758,0.2777,0.275,0.2765,8708196
1697731200000,0.2766,0.2789,0.2753,0.2778,8288534
1697745600000,0.2778,0.2799,0.2765,0.2782,7427369
1697760000000,0.2781,0.2838,0.2759,0.282,12925587
1697774400000,0.282,0.2848,0.2816,0.2836,20609828
1697788800000,0.2836,0.2906,0.2834,0.2869,18550640
1697803200000,0.2869,0.288,0.285,0.2859,12492133
1697817600000,0.286,0.2868,0.2839,0.2863,5186342
1697832000000,0.2864,0.2872,0.2853,0.2864,4465874
1697846400000,0.2864,0.2886,0.2861,0.2881,6850372
1697860800000,0.2881,0.293,0.288,0.2921,25218784
1697875200000,0.2921,0.2941,0.2906,0.2935,7472357
1697889600000,0.2935,0.2983,0.2925,0.298,13980783
1697904000000,0.298,0.3031,0.2973,0.3005,20205473
1697918400000,0.3005,0.3007,0.2976,0.2986,6878738
1697932800000,0.2986,0.3017,0.2969,0.2977,7809435
1697947200000,0.2978,0.303,0.2924,0.2979,27252025
1697961600000,0.298,0.3022,0.2972,0.2984,32467296
1697976000000,0.2985,0.3009,0.2946,0.2961,26417915
1697990400000,0.2962,0.3001,0.2957,0.2983,11054838
1698004800000,0.2984,0.3053,0.2982,0.305,14275458
1698019200000,0.3051,0.308,0.3022,0.3064,21306204
1698033600000,0.3064,0.3118,0.3033,0.3059,39986432
1698048000000,0.3058,0.3091,0.3024,0.3063,15634105
1698062400000,0.3064,0.3074,0.3029,0.3052,13323986
1698076800000,0.3052,0.3106,0.3042,0.3102,18240954
1698091200000,0.3101,0.3265,0.3091,0.3263,41371675
1698105600000,0.3263,0.347,0.3231,0.3322,73116670
1698120000000,0.3321,0.3413,0.3266,0.3318,49488732
1698134400000,0.3318,0.3443,0.3311,0.3443,25087045
1698148800000,0.3443,0.3505,0.3256,0.3327,68791527
1698163200000,0.3327,0.3483,0.3292,0.3415,49931131
1698177600000,0.3415,0.3554,0.3373,0.3506,51981823
1698192000000,0.3505,0.3562,0.3385,0.3422,42766584
1698206400000,0.3423,0.3473,0.3361,0.3399,56835007
1698220800000,0.3399,0.3467,0.3367,0.3434,19315013
1698235200000,0.3434,0.3599,0.3433,0.3566,39528805
1698249600000,0.3566,0.3581,0.3421,0.3456,40209681
1698264000000,0.3456,0.3478,0.3408,0.347,20639221
1698278400000,0.3471,0.3566,0.3443,0.3542,36631505
1698292800000,0.3541,0.3646,0.3444,0.3641,64333783
1698307200000,0.364,0.3669,0.3479,0.3533,49283524
1698321600000,0.3533,0.358,0.333,0.3407,79361004
1698336000000,0.3406,0.3464,0.339,0.3457,13606336
1698350400000,0.3457,0.356,0.3446,0.3527,14361204
1698364800000,0.3526,0.3529,0.3405,0.3469,16161922
1698379200000,0.347,0.3505,0.3423,0.3426,36169258
1698393600000,0.3426,0.349,0.3424,0.3461,9589870
1698408000000,0.3461,0.3504,0.3422,0.3481,16819948
1698422400000,0.3481,0.3489,0.3347,0.3394,21856158
1698436800000,0.3395,0.3417,0.3384,0.3398,5741499
1698451200000,0.3399,0.3474,0.3393,0.347,6438423
1698465600000,0.347,0.3496,0.3451,0.3484,10222847
1698480000000,0.3485,0.3521,0.3469,0.3481,12263141
1698494400000,0.3482,0.3487,0.3424,0.3478,10930655
1698508800000,0.3478,0.3504,0.3458,0.3489,8678450
1698523200000,0.3489,0.3542,0.3483,0.351,9851426
1698537600000,0.3511,0.3524,0.3424,0.3457,11051557
1698552000000,0.3457,0.3513,0.3444,0.351,4819836
1698566400000,0.351,0.3535,0.3494,0.3524,7195937
1698580800000,0.3524,0.3899,0.3515,0.3807,109140977
1698595200000,0.3808,0.3895,0.3766,0.386,57186368
1698609600000,0.386,0.3874,0.377,0.3802,21473677
1698624000000,0.3802,0.3899,0.3775,0.3786,36585364
1698638400000,0.3786,0.3802,0.3676,0.3715,35616281
1698652800000,0.3716,0.3812,0.3699,0.3775,25787082
1698667200000,0.3775,0.3812,0.3725,0.3753,19870439
1698681600000,0.3752,0.3776,0.3652,0.3762,22071075
1698696000000,0.3763,0.3785,0.3739,0.3782,8722940
1698710400000,0.3781,0.381,0.3705,0.3713,16032379
1698724800000,0.3713,0.3751,0.3686,0.3689,14378444
1698739200000,0.369,0.3755,0.3632,0.3744,17565391
1698753600000,0.3745,0.3755,0.3489,0.3566,39550246
1698768000000,0.3566,0.3635,0.3541,0.3611,12663001
1698782400000,0.361,0.365,0.3565,0.3634,11970827
1698796800000,0.3635,0.3645,0.3581,0.3595,9722243
1698811200000,0.3595,0.3599,0.3514,0.3561,11593184
1698825600000,0.3562,0.3581,0.3533,0.3566,10740073
1698840000000,0.3566,0.3644,0.3524,0.3572,20467990
1698854400000,0.3572,0.3766,0.3563,0.3709,30361721
1698868800000,0.3708,0.3814,0.3708,0.3807,21665189
1698883200000,0.3807,0.42,0.3807,0.4087,110790976
1698897600000,0.4086,0.4098,0.3956,0.4021,42643644
1698912000000,0.4021,0.4095,0.3966,0.4068,38891787
1698926400000,0.4069,0.4165,0.3931,0.3962,83425984
1698940800000,0.3963,0.4079,0.3883,0.4051,53996346
1698955200000,0.4051,0.4063,0.3966,0.4032,36836358
1698969600000,0.4032,0.4035,0.3856,0.396,37301057
1698984000000,0.3959,0.4,0.3908,0.3946,20314599
1698998400000,0.3946,0.3979,0.387,0.3911,22466187
1699012800000,0.3911,0.403,0.3897,0.4011,20349522
1699027200000,0.4012,0.4034,0.3944,0.3996,15020695
1699041600000,0.3996,0.4029,0.3979,0.3998,9383143
1699056000000,0.3997,0.4029,0.3957,0.3983,13095126
1699070400000,0.3984,0.4072,0.3937,0.4048,19304650
1699084800000,0.4048,0.4082,0.402,0.4046,16881598
1699099200000,0.4047,0.406,0.396,0.3992,14370604
1699113600000,0.3992,0.4058,0.3985,0.4035,9104789
1699128000000,0.4035,0.41,0.4021,0.4072,8755605
1699142400000,0.4072,0.4217,0.406,0.4101,33010713
1699156800000,0.4102,0.4107,0.4022,0.4054,12934759
1699171200000,0.4054,0.4104,0.403,0.4085,19153278
1699185600000,0.4085,0.4098,0.3914,0.3982,25204894
1699200000000,0.3982,0.4048,0.3973,0.4027,14528690
1699214400000,0.4027,0.4063,0.3939,0.4035,13039365
1699228800000,0.4036,0.4222,0.4003,0.4173,30188052
1699243200000,0.4174,0.429,0.4115,0.4234,44380193
1699257600000,0.4234,0.4303,0.4179,0.4239,31750783
1699272000000,0.4237,0.4286,0.4191,0.4233,25422873
1699286400000,0.4233,0.4287,0.4201,0.4272,16497697
1699300800000,0.4273,0.4275,0.4208,0.4241,13049727
1699315200000,0.424,0.4358,0.4169,0.4235,42214771
1699329600000,0.4236,0.4343,0.4185,0.4292,28104540
1699344000000,0.4292,0.4323,0.4148,0.4174,33001446
1699358400000,0.4175,0.4212,0.4042,0.4083,24348792
1699372800000,0.4083,0.4205,0.3988,0.4184,27480224
1699387200000,0.4184,0.4225,0.4133,0.4171,13087137
1699401600000,0.4171,0.4179,0.411,0.4133,7992940
1699416000000,0.4134,0.4181,0.4095,0.4164,8589031
1699430400000,0.4164,0.4224,0.4146,0.4194,14117200
1699444800000,0.4194,0.4216,0.4141,0.419,11870968
1699459200000,0.4189,0.4288,0.4184,0.4269,14712201
1699473600000,0.427,0.4304,0.424,0.4271,19574370
1699488000000,0.4272,0.4375,0.4245,0.4371,18891595
1699502400000,0.4371,0.445,0.4354,0.4378,18583167
1699516800000,0.4378,0.443,0.4361,0.4394,15656904
1699531200000,0.4394,0.4489,0.4312,0.4376,44634778
1699545600000,0.4375,0.4419,0.374,0.4096,67444950
1699560000000,0.4095,0.4187,0.4013,0.4182,25574079
1699574400000,0.4182,0.4387,0.4162,0.4309,40935024
1699588800000,0.431,0.4345,0.423,0.4263,22530892
1699603200000,0.4263,0.432,0.4169,0.4313,20186480
1699617600000,0.4313,0.4314,0.4108,0.4193,28963286
1699632000000,0.4193,0.4315,0.4186,0.4287,13871012
1699646400000,0.4288,0.4369,0.4258,0.434,14411710
1699660800000,0.434,0.4374,0.4215,0.4224,24894180
1699675200000,0.4223,0.4259,0.4131,0.4221,19486475
1699689600000,0.4222,0.4407,0.4201,0.4343,27859007
1699704000000,0.4343,0.4698,0.4312,0.4632,77595737
1699718400000,0.4632,0.5068,0.4624,0.4867,129595195
1699732800000,0.4868,0.4875,0.4619,0.4706,57638216
1699747200000,0.4706,0.4745,0.4465,0.4615,46453975
1699761600000,0.4614,0.4776,0.4559,0.4732,33396968
1699776000000,0.4733,0.4743,0.4631,0.47,34670107
1699790400000,0.47,0.4722,0.4575,0.4672,32233708
1699804800000,0.4672,0.4703,0.4594,0.4647,21466111
1699819200000,0.4646,0.473,0.4605,0.4665,14979017
1699833600000,0.4666,0.4838,0.4595,0.4647,29840327
1699848000000,0.4646,0.4745,0.4605,0.47,25196657
1699862400000,0.47,0.4886,0.4654,0.4693,41602981
1699876800000,0.4692,0.4861,0.4616,0.482,43972255
1699891200000,0.482,0.485,0.4668,0.4725,21653290
1699905600000,0.4726,0.4726,0.4439,0.445,40265004
1699920000000,0.445,0.4476,0.4331,0.4428,24225115
1699934400000,0.4428,0.4503,0.4405,0.4487,13234289
1699948800000,0.4488,0.4503,0.4266,0.4315,24757999
1699963200000,0.4315,0.4435,0.4254,0.4346,43191562
1699977600000,0.4346,0.4389,0.4,0.4154,52831808
1699992000000,0.4154,0.433,0.414,0.4265,28895871
1700006400000,0.4264,0.4312,0.4205,0.421,17436074
1700020800000,0.421,0.4357,0.421,0.4342,15477811
1700035200000,0.4343,0.4461,0.4338,0.4457,23128059
1700049600000,0.4457,0.4475,0.4371,0.4462,25143173
1700064000000,0.4462,0.4545,0.4406,0.4545,30765908
1700078400000,0.4544,0.4548,0.4435,0.452,17924480
1700092800000,0.4519,0.4619,0.45,0.4552,19815878
1700107200000,0.4551,0.459,0.4504,0.457,12394098
1700121600000,0.457,0.461,0.4461,0.4534,29192565
1700136000000,0.4533,0.4537,0.4323,0.4389,42353147
1700150400000,0.439,0.4464,0.4205,0.4341,31081563
1700164800000,0.4341,0.4367,0.4243,0.4307,20520687
1700179200000,0.4308,0.4444,0.4294,0.4405,16730906
1700193600000,0.4406,0.4443,0.4342,0.4354,12860881
1700208000000,0.4353,0.4413,0.4252,0.4293,17344427
1700222400000,0.4294,0.4354,0.4045,0.4073,32287408
1700236800000,0.4073,0.4233,0.4047,0.419,18891343
1700251200000,0.4191,0.4289,0.4169,0.4272,13008106
1700265600000,0.4273,0.4273,0.4123,0.4128,14569870
1700280000000,0.4128,0.4185,0.3951,0.4069,23065119
1700294400000,0.4068,0.4149,0.4046,0.4102,12909031
1700308800000,0.4102,0.4177,0.4043,0.4175,17121319
1700323200000,0.4174,0.4214,0.4133,0.418,13951487
1700337600000,0.418,0.4191,0.4138,0.4177,9071017
1700352000000,0.4177,0.4177,0.4072,0.4173,15445411
1700366400000,0.4172,0.4236,0.4151,0.4215,11286001
1700380800000,0.4215,0.4247,0.4125,0.4166,16131106
1700395200000,0.4165,0.4206,0.4146,0.4198,9809686
1700409600000,0.4198,0.4262,0.4177,0.4254,9105024
1700424000000,0.4255,0.4351,0.4212,0.4301,18365522
1700438400000,0.4302,0.4342,0.4234,0.4251,19962191
1700452800000,0.425,0.4279,0.4222,0.4271,8961793
1700467200000,0.4271,0.4334,0.4248,0.4296,14642762
1700481600000,0.4296,0.4366,0.4211,0.4322,29354444
1700496000000,0.4319,0.4362,0.4244,0.4261,25132237
1700510400000,0.4262,0.4288,0.4153,0.4205,15427701
1700524800000,0.4205,0.4286,0.4143,0.4197,14892115
1700539200000,0.4196,0.4226,0.415,0.4157,9806082
1700553600000,0.4157,0.4219,0.4153,0.4159,9249673
1700568000000,0.4158,0.4179,0.3952,0.4076,37975749
1700582400000,0.4076,0.4108,0.3838,0.3948,51130303
1700596800000,0.395,0.4009,0.3734,0.376,31962321
1700611200000,0.376,0.3922,0.3737,0.3918,16104534
1700625600000,0.3918,0.3974,0.3907,0.3937,12843558
1700640000000,0.3937,0.3978,0.3912,0.3917,9369827
1700654400000,0.3917,0.3979,0.39,0.3941,12196029
1700668800000,0.3941,0.4044,0.3902,0.4036,15993462
1700683200000,0.4035,0.4089,0.4025,0.4049,13055172
1700697600000,0.405,0.4097,0.4026,0.4057,9248445
1700712000000,0.4057,0.4083,0.4045,0.4055,8732203
1700726400000,0.4054,0.4098,0.4012,0.4043,12319449
1700740800000,0.4044,0.4066,0.3992,0.3998,17700720
1700755200000,0.3998,0.4061,0.3982,0.4005,12077118
1700769600000,0.4004,0.4076,0.4002,0.4055,6712513
1700784000000,0.4055,0.4091,0.4045,0.4058,8522939
1700798400000,0.4057,0.4115,0.4038,0.4103,7672220
1700812800000,0.4103,0.416,0.4085,0.4122,14765989
1700827200000,0.4121,0.4167,0.408,0.4151,14307802
1700841600000,0.4151,0.4176,0.4088,0.4103,13733528
1700856000000,0.4103,0.4169,0.409,0.4135,12647512
1700870400000,0.4135,0.4352,0.4094,0.4317,35045602
1700884800000,0.4317,0.4606,0.4312,0.4567,92930650
1700899200000,0.4568,0.4653,0.451,0.461,139332778
1700913600000,0.4609,0.4746,0.4531,0.4661,93546138
1700928000000,0.4661,0.4679,0.4585,0.4606,39689137
1700942400000,0.4606,0.4645,0.4573,0.4644,23622886
1700956800000,0.4644,0.4656,0.4526,0.4571,40703329
1700971200000,0.4571,0.471,0.4541,0.4564,54521817
1700985600000,0.4564,0.457,0.45,0.4533,27753919
1701000000000,0.4534,0.4678,0.4476,0.451,76157808
1701014400000,0.451,0.4537,0.4396,0.4484,35894609
1701028800000,0.4485,0.4537,0.4462,0.4506,17794216
1701043200000,0.4506,0.467,0.4401,0.4432,54238266
1701057600000,0.4433,0.4449,0.4312,0.4371,26866158
1701072000000,0.437,0.4411,0.4308,0.4372,26661301
1701086400000,0.4372,0.4442,0.432,0.4353,27178835
1701100800000,0.4354,0.4425,0.4272,0.4316,21798531
1701115200000,0.4315,0.4418,0.4284,0.4409,16718623
1701129600000,0.4409,0.4435,0.4317,0.4353,12385765
1701144000000,0.4352,0.4361,0.4224,0.4303,22468333
1701158400000,0.4303,0.435,0.4268,0.4344,14308412
1701172800000,0.4344,0.4378,0.4314,0.4358,14065759
1701187200000,0.4358,0.4433,0.4336,0.4408,20203429
1701201600000,0.4408,0.4446,0.4384,0.4443,9958455
1701216000000,0.4444,0.4452,0.4383,0.4405,11450126
1701230400000,0.4405,0.4433,0.4389,0.4406,14899959
1701244800000,0.4407,0.4449,0.4344,0.4383,16934033
1701259200000,0.4383,0.4405,0.4311,0.436,13503652
1701273600000,0.436,0.4402,0.432,0.4384,9164907
1701288000000,0.4386,0.4449,0.4341,0.4411,11528817
1701302400000,0.4412,0.4423,0.4326,0.4392,11946878
1701316800000,0.4392,0.4405,0.4336,0.4343,8201857
1701331200000,0.4342,0.4367,0.4292,0.4362,10102173
1701345600000,0.4362,0.4367,0.4299,0.4322,9958010
1701360000000,0.4322,0.4352,0.4309,0.4314,6808983
1701374400000,0.4315,0.4332,0.4297,0.4322,5555042
1701388800000,0.4322,0.438,0.4276,0.436,11023102
1701403200000,0.4361,0.4391,0.4343,0.4358,16585090
1701417600000,0.4358,0.4405,0.4351,0.4382,9253983
1701432000000,0.4382,0.44,0.4343,0.4366,8095197
1701446400000,0.4365,0.4418,0.4362,0.4412,9576078
1701460800000,0.4411,0.4414,0.4379,0.4397,4203972
1701475200000,0.4396,0.442,0.4372,0.4415,7318295
1701489600000,0.4414,0.4432,0.4401,0.4411,4931580
1701504000000,0.4411,0.4445,0.441,0.4441,7936851
1701518400000,0.4441,0.4495,0.4417,0.4455,13451169
1701532800000,0.4454,0.4589,0.4454,0.4563,26464743
1701547200000,0.4563,0.4611,0.4558,0.4584,12689813
1701561600000,0.4584,0.4612,0.4522,0.4538,15209729
1701576000000,0.4539,0.4554,0.4496,0.4535,10940908
1701590400000,0.4535,0.454,0.4482,0.4507,11133560
1701604800000,0.4507,0.453,0.4444,0.4483,18700728
1701619200000,0.4484,0.4507,0.4457,0.4484,6703857
1701633600000,0.4483,0.4548,0.4465,0.4507,11725700
1701648000000,0.4507,0.459,0.4487,0.4565,17609113
1701662400000,0.4565,0.4652,0.4565,0.4614,20958068
1701676800000,0.4615,0.4715,0.4179,0.4493,77537345
1701691200000,0.4493,0.4543,0.4404,0.4437,42822059
1701705600000,0.4438,0.4498,0.4408,0.4449,26793322
1701720000000,0.4449,0.4532,0.4436,0.4531,16552995
1701734400000,0.453,0.4737,0.4501,0.468,66181383
1701748800000,0.468,0.4744,0.4604,0.4656,47603741
1701763200000,0.4655,0.4803,0.4586,0.4612,59692540
1701777600000,0.4612,0.4642,0.4535,0.4619,28303553
1701792000000,0.4618,0.4746,0.4597,0.4684,35141383
1701806400000,0.4684,0.4714,0.4632,0.4705,19744647
1701820800000,0.4706,0.4859,0.4693,0.4744,50077517
1701835200000,0.4743,0.4773,0.4589,0.4665,36977079
1701849600000,0.4665,0.4807,0.4582,0.4679,44195486
1701864000000,0.4678,0.4903,0.4671,0.4855,54012181
1701878400000,0.4855,0.4951,0.4804,0.4834,42310162
1701892800000,0.4834,0.4846,0.471,0.4735,24084794
1701907200000,0.4736,0.4935,0.4734,0.4798,46760076
1701921600000,0.4798,0.4904,0.4791,0.4864,33400637
1701936000000,0.4864,0.487,0.4613,0.4806,56422362
1701950400000,0.4807,0.4888,0.4779,0.486,21802325
1701964800000,0.4861,0.5008,0.4838,0.4915,38635240
1701979200000,0.4914,0.5038,0.4906,0.5032,19903998
1701993600000,0.5031,0.5053,0.49,0.4922,20350667
1702008000000,0.4922,0.4956,0.4851,0.4883,16563855
1702022400000,0.4883,0.5005,0.4873,0.4998,21079521
1702036800000,0.4998,0.5134,0.4947,0.5132,34495937
1702051200000,0.5133,0.5208,0.5112,0.5165,33871786
1702065600000,0.5165,0.5243,0.5156,0.5208,19667017
1702080000000,0.5208,0.538,0.5207,0.5343,32085795
1702094400000,0.5344,0.5444,0.5321,0.5429,21506646
1702108800000,0.5429,0.5535,0.5213,0.5361,64816429
1702123200000,0.5361,0.5406,0.5233,0.5331,30321051
1702137600000,0.5332,0.5423,0.5257,0.5324,30854168
1702152000000,0.5324,0.5431,0.5244,0.534,29014422
1702166400000,0.5339,0.5489,0.5339,0.5353,48525814
1702180800000,0.5353,0.5717,0.5339,0.5689,69587665
1702195200000,0.5689,0.575,0.54,0.5458,103875564
1702209600000,0.5457,0.55,0.5318,0.5363,37066984
1702224000000,0.5363,0.5382,0.5237,0.5298,29353869
1702238400000,0.5297,0.5367,0.5285,0.5342,21912904
1702252800000,0.5342,0.5344,0.4505,0.4985,89617329
1702267200000,0.4984,0.5021,0.495,0.4962,89246053
1702281600000,0.4963,0.498,0.4884,0.4977,69632297
1702296000000,0.4977,0.4996,0.4828,0.4891,33478585
1702310400000,0.4891,0.491,0.4695,0.4813,41511575
1702324800000,0.4814,0.492,0.4772,0.4897,15039457
1702339200000,0.4898,0.4974,0.4895,0.4951,16324114
1702353600000,0.4951,0.4982,0.4844,0.4967,24940736
1702368000000,0.4967,0.498,0.4869,0.4874,22808705
1702382400000,0.4873,0.4962,0.4789,0.4871,29329435
1702396800000,0.487,0.4922,0.4791,0.4907,17645455
1702411200000,0.4907,0.4966,0.4838,0.4954,12625378
1702425600000,0.4955,0.4965,0.4688,0.4706,28060889
1702440000000,0.4707,0.4741,0.4599,0.4699,21662215
1702454400000,0.47,0.476,0.4684,0.4693,11002548
1702468800000,0.4694,0.4855,0.4692,0.4837,42844708
1702483200000,0.4836,0.4995,0.4785,0.4995,30854732
1702497600000,0.4995,0.5049,0.4957,0.5031,19154699
1702512000000,0.5032,0.5051,0.4964,0.5002,12179339
1702526400000,0.5003,0.5102,0.4966,0.5072,15283145
1702540800000,0.5072,0.5159,0.5057,0.5153,17008241
1702555200000,0.5153,0.5154,0.4813,0.5071,40601838
1702569600000,0.5071,0.5148,0.5064,0.5089,15816370
1702584000000,0.5088,0.5174,0.5056,0.5141,9779514
1702598400000,0.5141,0.515,0.5058,0.5068,9476148
1702612800000,0.5069,0.5078,0.4952,0.4959,13274829
1702627200000,0.4959,0.5039,0.4945,0.4999,10191904
1702641600000,0.4999,0.5008,0.4883,0.4943,20240157
1702656000000,0.4942,0.4988,0.4913,0.4948,12043551
1702670400000,0.4949,0.4971,0.4825,0.4847,15051872
1702684800000,0.4848,0.4931,0.4781,0.4922,13298392
1702699200000,0.4922,0.4938,0.4874,0.4897,6078867
1702713600000,0.4898,0.4975,0.4885,0.4973,9949289
1702728000000,0.4973,0.5036,0.496,0.5034,11020352
1702742400000,0.5034,0.5064,0.4958,0.4999,16925896
1702756800000,0.5,0.5066,0.4968,0.5036,13749165
1702771200000,0.5037,0.5069,0.4976,0.5044,13614160
1702785600000,0.5045,0.5112,0.4931,0.4939,23835034
1702800000000,0.494,0.5003,0.4928,0.4974,8604890
1702814400000,0.4973,0.4977,0.4843,0.4943,14031413
1702828800000,0.4943,0.5021,0.4914,0.4938,13113648
1702843200000,0.4938,0.4977,0.48,0.4823,11333950
1702857600000,0.4822,0.4859,0.4655,0.4727,18448700
1702872000000,0.4728,0.4757,0.4651,0.4663,8041208
1702886400000,0.4664,0.4695,0.4444,0.4549,37254793
1702900800000,0.4549,0.4649,0.4502,0.457,17637192
1702915200000,0.4569,0.463,0.454,0.4607,9587801
1702929600000,0.4607,0.4759,0.4571,0.4759,14085762
1702944000000,0.4758,0.4852,0.4731,0.4808,12331605
1702958400000,0.4808,0.4868,0.4769,0.4867,10487795
1702972800000,0.4868,0.4886,0.4821,0.4848,11951083
1702987200000,0.4849,0.4871,0.4748,0.4815,17208489
1703001600000,0.4816,0.4837,0.4686,0.4789,16887128
1703016000000,0.4789,0.4828,0.472,0.4756,8521564
1703030400000,0.4756,0.4808,0.4697,0.4766,10397543
1703044800000,0.4767,0.4913,0.4753,0.49,18320014
1703059200000,0.4901,0.499,0.4889,0.4988,18129747
1703073600000,0.4987,0.5106,0.4974,0.5086,23384244
1703088000000,0.5086,0.5118,0.5017,0.504,19864763
1703102400000,0.5039,0.505,0.4935,0.5023,18667743
1703116800000,0.5023,0.5036,0.4944,0.502,11728649
1703131200000,0.5019,0.5061,0.499,0.5035,9913323
1703145600000,0.5034,0.5138,0.5017,0.5114,13743718
1703160000000,0.5114,0.5175,0.5051,0.5146,20531703
1703174400000,0.5146,0.5179,0.511,0.5169,15520626
1703188800000,0.5169,0.5228,0.515,0.5224,12236153
1703203200000,0.5224,0.5272,0.5156,0.5191,15165659
1703217600000,0.5192,0.5245,0.5081,0.5119,20623551
1703232000000,0.5119,0.5209,0.5099,0.5185,18967914
1703246400000,0.5185,0.5207,0.5124,0.5201,13434889
1703260800000,0.52,0.5232,0.5147,0.5163,12267327
1703275200000,0.5164,0.5291,0.5161,0.5278,9264986
1703289600000,0.5278,0.5309,0.5114,0.5132,18235952
1703304000000,0.5133,0.5188,0.5108,0.5125,9435415
1703318400000,0.5125,0.5176,0.511,0.5117,5951796
1703332800000,0.5118,0.5159,0.5113,0.5137,5724153
1703347200000,0.5137,0.5158,0.5098,0.5144,7209897
1703361600000,0.5144,0.5169,0.5109,0.5151,7999738
1703376000000,0.5153,0.521,0.51,0.5173,16552541
1703390400000,0.5174,0.5209,0.5038,0.5185,24269777
1703404800000,0.5185,0.5198,0.5069,0.5146,23744759
1703419200000,0.5147,0.532,0.5132,0.5279,26391006
1703433600000,0.528,0.5545,0.5226,0.5466,42688738
1703448000000,0.5466,0.553,0.5181,0.5412,46681877
1703462400000,0.5412,0.5427,0.5224,0.5264,26936992
1703476800000,0.5264,0.5671,0.5256,0.554,65874732
1703491200000,0.554,0.5711,0.547,0.5693,48522635
1703505600000,0.5694,0.5713,0.555,0.5586,37246256
1703520000000,0.5585,0.5733,0.5552,0.5604,32522823
1703534400000,0.5604,0.5654,0.5526,0.5611,17205542
1703548800000,0.5612,0.6069,0.5572,0.5909,68088424
1703563200000,0.591,0.5976,0.5643,0.57,65802380
1703577600000,0.57,0.581,0.5591,0.5766,40723914
1703592000000,0.5766,0.5793,0.554,0.5565,35107901
1703606400000,0.5566,0.5615,0.5111,0.5405,52707840
1703620800000,0.5405,0.5671,0.5388,0.5597,23362788
1703635200000,0.5598,0.5627,0.5309,0.5344,24830644
1703649600000,0.5345,0.5505,0.5342,0.5416,17250635
1703664000000,0.5416,0.556,0.5407,0.5529,14776519
1703678400000,0.5528,0.558,0.5484,0.5567,16385812
1703692800000,0.5567,0.5629,0.5522,0.5587,18727667
1703707200000,0.5587,0.5642,0.5511,0.5558,12281215
1703721600000,0.5558,0.5651,0.5491,0.5531,16325477
1703736000000,0.5531,0.5567,0.5356,0.543,18443532
1703750400000,0.543,0.5448,0.5375,0.5439,12294295
1703764800000,0.5438,0.5442,0.5211,0.5293,31304204
1703779200000,0.5293,0.5345,0.5259,0.5317,11456733
1703793600000,0.5317,0.5335,0.5242,0.5292,10386803
1703808000000,0.5293,0.5339,0.5149,0.5325,25485087
1703822400000,0.5325,0.5369,0.5246,0.5255,12732477
1703836800000,0.5256,0.5399,0.5254,0.5354,12558627
1703851200000,0.5354,0.5379,0.5184,0.523,15382227
1703865600000,0.523,0.5257,0.5071,0.517,26148818
1703880000000,0.5169,0.5173,0.5014,0.5155,13273992
1703894400000,0.5156,0.52,0.5112,0.5136,7844569
1703908800000,0.5136,0.5186,0.5126,0.5147,5822281
1703923200000,0.5146,0.5147,0.5047,0.5117,9953041
1703937600000,0.5116,0.5198,0.5102,0.5194,9414704
1703952000000,0.5194,0.5217,0.5139,0.5167,9821601
1703966400000,0.5167,0.5209,0.5138,0.5162,7803891
1703980800000,0.5161,0.522,0.513,0.5177,8478268
1703995200000,0.5177,0.5264,0.5163,0.5244,7840075
1704009600000,0.5244,0.5278,0.5223,0.5227,7750870
1704024000000,0.5228,0.5303,0.5202,0.5293,9736645
1704038400000,0.5291,0.5326,0.5267,0.5293,9810968
1704052800000,0.5293,0.5302,0.505,0.5213,17174137
1704067200000,0.5213,0.5284,0.5192,0.5255,11984505
1704081600000,0.5253,0.5286,0.5161,0.5193,17311833
1704096000000,0.5192,0.5228,0.5167,0.5219,5491847
1704110400000,0.5219,0.5298,0.5216,0.5297,8172069
1704124800000,0.5297,0.5399,0.526,0.5386,16348344
1704139200000,0.5386,0.5412,0.5341,0.5404,10128577
1704153600000,0.5404,0.5482,0.5369,0.5453,12310049
1704168000000,0.5452,0.5473,0.5423,0.545,7102283
1704182400000,0.5449,0.5518,0.5402,0.5433,12564447
1704196800000,0.5434,0.5463,0.5278,0.5332,19616325
1704211200000,0.5333,0.5358,0.528,0.5312,9942714
1704225600000,0.5311,0.5334,0.523,0.5297,10812202
1704240000000,0.5296,0.537,0.5286,0.5311,6875436
1704254400000,0.5311,0.5366,0.5295,0.5308,7148366
1704268800000,0.5308,0.5392,0.5083,0.5141,25181111
1704283200000,0.5142,0.5144,0.4123,0.4727,91001572
1704297600000,0.4729,0.4761,0.4474,0.4591,37219471
1704312000000,0.459,0.4713,0.4588,0.4674,13986963
1704326400000,0.4673,0.4786,0.4575,0.4753,16714559
1704340800000,0.4754,0.4783,0.4668,0.467,17799937
1704355200000,0.4671,0.4711,0.4607,0.4664,16398548
1704369600000,0.4664,0.4784,0.4646,0.4752,18258116
1704384000000,0.4751,0.4758,0.4673,0.4703,12274701
1704398400000,0.4702,0.4782,0.4702,0.475,9595035
1704412800000,0.475,0.48,0.4523,0.4607,25736380
1704427200000,0.4606,0.4658,0.4585,0.4612,10957216
1704441600000,0.4611,0.4661,0.451,0.4549,11685031
1704456000000,0.4548,0.4619,0.4432,0.4477,27482469
1704470400000,0.4476,0.4526,0.4376,0.4495,21996866
1704484800000,0.4497,0.4615,0.4491,0.4615,9491380
1704499200000,0.4615,0.4617,0.4513,0.4521,8533649
1704513600000,0.452,0.4539,0.4265,0.4367,22036641
1704528000000,0.4367,0.4457,0.4334,0.4436,11193393
1704542400000,0.4435,0.456,0.4387,0.455,11919139
1704556800000,0.455,0.4583,0.4503,0.4537,11392222
1704571200000,0.4537,0.457,0.4462,0.4531,9718689
1704585600000,0.4531,0.4639,0.4505,0.4609,17308805
1704600000000,0.4609,0.4637,0.4576,0.459,13648463
1704614400000,0.459,0.4602,0.4484,0.451,14456682
1704628800000,0.4509,0.4573,0.4427,0.445,12948934
1704643200000,0.4449,0.4491,0.4359,0.4458,18991486
1704657600000,0.4458,0.4471,0.4209,0.4264,22376078
1704672000000,0.4264,0.4283,0.3939,0.4057,43065137
1704686400000,0.4058,0.4224,0.4035,0.4184,21172598
1704700800000,0.4184,0.426,0.4116,0.4257,13503153
1704715200000,0.4258,0.44,0.4239,0.4381,19363787
1704729600000,0.4382,0.4537,0.433,0.4528,20888654
1704744000000,0.4529,0.4542,0.4486,0.4528,11186494
1704758400000,0.4528,0.4542,0.443,0.4466,12885154
1704772800000,0.4465,0.4544,0.4446,0.4457,7852654
1704787200000,0.4457,0.4489,0.4358,0.4415,9995004
1704801600000,0.4416,0.4433,0.4211,0.4266,22036551
1704816000000,0.4266,0.4284,0.4187,0.4238,10938031
1704830400000,0.4239,0.4338,0.4155,0.4338,38436665
1704844800000,0.4337,0.4393,0.431,0.4369,12099066
1704859200000,0.4369,0.44,0.4336,0.4353,5701700
1704873600000,0.4353,0.4435,0.4269,0.4388,19008244
1704888000000,0.4388,0.4396,0.4195,0.4361,29379588
1704902400000,0.436,0.4436,0.4308,0.4425,13908213
1704916800000,0.4426,0.4746,0.4309,0.4654,40008528
1704931200000,0.4655,0.478,0.4617,0.4763,15724425
1704945600000,0.4764,0.4777,0.4636,0.4725,12553117
1704960000000,0.4724,0.482,0.4706,0.4813,13154128
1704974400000,0.4813,0.4925,0.4719,0.4789,34850576
1704988800000,0.4788,0.488,0.4684,0.4859,18439786
1705003200000,0.486,0.4879,0.4766,0.4848,9062787
1705017600000,0.4848,0.4932,0.4801,0.4844,17349095
1705032000000,0.4842,0.4959,0.4834,0.4876,11574175
1705046400000,0.4877,0.4911,0.4804,0.4878,12056037
1705060800000,0.4878,0.4962,0.4747,0.4771,27315236
1705075200000,0.4772,0.4813,0.4544,0.4701,26486868
1705089600000,0.47,0.475,0.439,0.4619,20803394
1705104000000,0.462,0.4646,0.4466,0.4602,13429989
1705118400000,0.4603,0.4794,0.4595,0.4721,10339809
1705132800000,0.472,0.4752,0.4634,0.4672,8873897
1705147200000,0.4671,0.4724,0.4643,0.4699,7481355
1705161600000,0.47,0.4732,0.465,0.4705,7030644
1705176000000,0.4704,0.4724,0.4674,0.4682,4842205
1705190400000,0.4681,0.4686,0.4584,0.4598,8842632
1705204800000,0.4597,0.4642,0.4525,0.4628,9221969
1705219200000,0.4628,0.4647,0.4571,0.4592,6770762
1705233600000,0.4593,0.462,0.4537,0.4607,9775184
1705248000000,0.4607,0.4617,0.4496,0.4505,8826499
1705262400000,0.4505,0.4565,0.444,0.4455,12104080
1705276800000,0.4455,0.4604,0.4449,0.458,7071690
1705291200000,0.4581,0.4598,0.4513,0.4537,4787219
1705305600000,0.4537,0.4582,0.452,0.4553,4723994
1705320000000,0.4553,0.4577,0.4464,0.4474,8059515
1705334400000,0.4473,0.4613,0.4464,0.4562,8010113
1705348800000,0.4562,0.4585,0.4468,0.4517,7563830
1705363200000,0.4516,0.4577,0.4515,0.4576,5071641
1705377600000,0.4576,0.4598,0.4533,0.4594,5535679
1705392000000,0.4595,0.4636,0.4555,0.4581,8460881
1705406400000,0.458,0.464,0.4486,0.4623,13584739
1705420800000,0.4624,0.4665,0.4581,0.461,13370897
1705435200000,0.4611,0.4675,0.4608,0.4633,8153090
1705449600000,0.4633,0.4698,0.4616,0.4641,7914088
1705464000000,0.4641,0.4649,0.4536,0.4544,8443848
1705478400000,0.4545,0.4649,0.4521,0.4629,9783585
1705492800000,0.4629,0.4641,0.4561,0.4569,8540046
1705507200000,0.457,0.4625,0.453,0.4608,9068065
1705521600000,0.4609,0.4644,0.4567,0.4628,5192566
1705536000000,0.4629,0.4708,0.4573,0.4579,12825688
1705550400000,0.4579,0.4612,0.4552,0.4603,6714973
1705564800000,0.4604,0.4607,0.4491,0.4512,10855514
1705579200000,0.4512,0.4531,0.4446,0.4503,14957594
1705593600000,0.4504,0.4505,0.4279,0.4322,26722213
1705608000000,0.432,0.4424,0.4312,0.4401,13263473
1705622400000,0.4401,0.4417,0.4275,0.4376,13964553
1705636800000,0.4377,0.4558,0.4374,0.4491,21709954
1705651200000,0.4491,0.4772,0.4467,0.4762,33277869
1705665600000,0.4762,0.4774,0.4518,0.4532,68649724
1705680000000,0.4533,0.4625,0.432,0.4575,52288596
1705694400000,0.4575,0.4737,0.4556,0.4698,20857776
1705708800000,0.4697,0.4817,0.4615,0.4683,26140343
1705723200000,0.4684,0.4742,0.462,0.4632,16678353
1705737600000,0.4632,0.4655,0.4588,0.4612,14906652
1705752000000,0.4613,0.4752,0.4601,0.4715,20002437
1705766400000,0.4715,0.4785,0.4686,0.4745,14084302
1705780800000,0.4746,0.4774,0.472,0.474,10576536
1705795200000,0.4739,0.4877,0.4691,0.4863,13152162
1705809600000,0.4863,0.4863,0.4753,0.4773,9343751
1705824000000,0.4773,0.4923,0.4763,0.486,17939423
1705838400000,0.4859,0.4916,0.478,0.482,13125736
1705852800000,0.4819,0.4864,0.4775,0.4831,7479218
1705867200000,0.4832,0.4855,0.474,0.4763,7872738
1705881600000,0.4762,0.4794,0.4657,0.4694,13606526
1705896000000,0.4693,0.473,0.4602,0.466,16674415
1705910400000,0.466,0.4663,0.4499,0.4553,17429300
1705924800000,0.4553,0.4609,0.4411,0.4498,18022713
1705939200000,0.4498,0.4531,0.4378,0.4475,19068902
1705953600000,0.4476,0.4538,0.4413,0.4427,14575487
1705968000000,0.4427,0.4488,0.4395,0.4449,8551952
1705982400000,0.4449,0.4478,0.4316,0.4336,9565182
1705996800000,0.4335,0.4357,0.4094,0.415,35788068
1706011200000,0.4152,0.4226,0.4059,0.4195,31898016
1706025600000,0.4194,0.4215,0.4124,0.4139,16570707
1706040000000,0.4138,0.4258,0.4121,0.4254,12468648
1706054400000,0.4255,0.4287,0.4207,0.4233,9264259
1706068800000,0.4234,0.4371,0.4226,0.4341,10007124
1706083200000,0.4342,0.4457,0.4339,0.44,13156346
1706097600000,0.44,0.4437,0.4347,0.44,15104694
1706112000000,0.44,0.4426,0.4316,0.4344,12949546
1706126400000,0.4345,0.4399,0.4304,0.4393,7886952
1706140800000,0.4394,0.4401,0.4307,0.4319,9467673
1706155200000,0.4319,0.4373,0.4281,0.4362,8641336
1706169600000,0.4363,0.4393,0.43,0.4365,9083478
1706184000000,0.4366,0.4384,0.4274,0.4292,10511242
1706198400000,0.4291,0.4372,0.4253,0.4353,9121083
1706212800000,0.4354,0.437,0.4319,0.4335,5684142
1706227200000,0.4336,0.4399,0.4281,0.4378,12178830
1706241600000,0.4379,0.4404,0.4341,0.4358,5275387
1706256000000,0.4359,0.4498,0.4357,0.4495,11165950
1706270400000,0.4496,0.4508,0.443,0.4464,8911916
1706284800000,0.4465,0.4518,0.4463,0.4498,8698010
1706299200000,0.4498,0.4515,0.4445,0.4506,8713559
1706313600000,0.4507,0.4562,0.4499,0.4512,8966070
1706328000000,0.4512,0.4518,0.4418,0.4453,8049546
1706342400000,0.4453,0.4482,0.4421,0.4469,5591470
1706356800000,0.4468,0.4522,0.4466,0.4504,6727788
1706371200000,0.4504,0.4546,0.4484,0.4538,5527682
1706385600000,0.4537,0.4561,0.453,0.4544,5716289
1706400000000,0.4544,0.4635,0.454,0.4604,10164814
1706414400000,0.4604,0.462,0.4527,0.4534,9290243
1706428800000,0.4535,0.4579,0.4515,0.454,7138744
1706443200000,0.454,0.4544,0.447,0.4504,12176713
1706457600000,0.4504,0.4533,0.4421,0.4454,11223729
1706472000000,0.4454,0.4488,0.4412,0.4454,6865851
1706486400000,0.4454,0.4502,0.4425,0.4485,6499682
1706500800000,0.4485,0.4507,0.4444,0.445,4760961
1706515200000,0.4451,0.449,0.442,0.4475,8897224
1706529600000,0.4474,0.4499,0.4389,0.4497,12101280
1706544000000,0.4497,0.4591,0.4477,0.4563,15377817
1706558400000,0.4563,0.4606,0.4559,0.4591,10576339
1706572800000,0.459,0.4616,0.4531,0.4551,11230498
1706587200000,0.4551,0.4566,0.4518,0.4543,7032778
1706601600000,0.4543,0.4584,0.4529,0.4579,9407825
1706616000000,0.458,0.459,0.4474,0.4558,16103804
1706630400000,0.4558,0.459,0.4534,0.4555,10342741
1706644800000,0.4555,0.4563,0.4425,0.4451,11550494
1706659200000,0.4451,0.4477,0.4378,0.4423,14014664
1706673600000,0.4424,0.4441,0.4396,0.442,9151271
1706688000000,0.442,0.4428,0.431,0.435,20436630
1706702400000,0.435,0.4406,0.4285,0.4397,14628100
1706716800000,0.4396,0.443,0.4362,0.4408,10297189
1706731200000,0.4409,0.4422,0.4277,0.4317,19828618
1706745600000,0.4316,0.4353,0.423,0.4291,11877729
1706760000000,0.4289,0.4324,0.4262,0.4302,6742749
1706774400000,0.4302,0.4329,0.4268,0.4273,9164088
1706788800000,0.4274,0.4357,0.4268,0.4324,11523775
1706803200000,0.4325,0.4356,0.4278,0.4351,8858669
1706817600000,0.4352,0.4368,0.4328,0.4355,6952125
1706832000000,0.4355,0.4388,0.4337,0.4369,6273103
1706846400000,0.437,0.4403,0.4354,0.4395,4865611
1706860800000,0.4395,0.4406,0.4347,0.439,5215520
1706875200000,0.439,0.4449,0.4331,0.4446,13514393
1706889600000,0.4446,0.4469,0.4393,0.4418,6879347
1706904000000,0.4418,0.4436,0.44,0.4411,4323618
1706918400000,0.4411,0.4449,0.4394,0.4397,4652640
1706932800000,0.4397,0.4413,0.4383,0.4398,4510864
1706947200000,0.4399,0.4438,0.4397,0.4412,5314652
1706961600000,0.4412,0.4424,0.4348,0.4389,7011944
1706976000000,0.439,0.443,0.4385,0.4421,4589679
1706990400000,0.4422,0.4423,0.439,0.4398,3968294
1707004800000,0.4398,0.4403,0.4336,0.4397,8638763
1707019200000,0.4397,0.4397,0.4309,0.4328,8391138
1707033600000,0.4328,0.439,0.4314,0.4379,4606876
1707048000000,0.4379,0.4382,0.4348,0.4355,3986788
1707062400000,0.4355,0.436,0.4303,0.4322,6967489
1707076800000,0.4323,0.4364,0.4283,0.4307,7261472
1707091200000,0.4307,0.4334,0.424,0.4332,10574609
1707105600000,0.4332,0.4367,0.4323,0.4359,4558817
1707120000000,0.436,0.4382,0.4341,0.4377,5150974
1707134400000,0.4376,0.4408,0.4329,0.4342,9023278
1707148800000,0.4342,0.4397,0.4318,0.4379,7261682
1707163200000,0.4379,0.4383,0.4297,0.4348,7453899
1707177600000,0.4347,0.4378,0.4326,0.4361,4920910
1707192000000,0.4361,0.4365,0.4315,0.4352,5415793
1707206400000,0.4352,0.4397,0.4324,0.4335,10775666
1707220800000,0.4334,0.4351,0.4291,0.4337,11274982
1707235200000,0.4337,0.4362,0.4315,0.4347,8543991
1707249600000,0.4346,0.4359,0.4306,0.4315,5032320
1707264000000,0.4314,0.4361,0.4306,0.4309,6609337
1707278400000,0.4308,0.4315,0.4249,0.4264,8491379
1707292800000,0.4264,0.4277,0.4238,0.4255,8413132
1707307200000,0.4255,0.4298,0.4252,0.4296,6401785
1707321600000,0.4295,0.4408,0.4288,0.438,15310991
1707336000000,0.438,0.449,0.438,0.4459,11501736
1707350400000,0.4459,0.4486,0.4444,0.4453,8618954
1707364800000,0.4453,0.4465,0.441,0.4422,6668591
1707379200000,0.4422,0.4471,0.4421,0.4441,7063232
1707393600000,0.444,0.4537,0.443,0.452,13285489
1707408000000,0.452,0.4531,0.443,0.4479,14620347
1707422400000,0.4479,0.452,0.4477,0.4493,9301823
1707436800000,0.4492,0.4602,0.4489,0.455,12555231
1707451200000,0.455,0.4591,0.454,0.4577,6276756
1707465600000,0.4577,0.4618,0.4561,0.4616,9374875
1707480000000,0.4617,0.4638,0.4528,0.4607,23883191
1707494400000,0.4607,0.466,0.4589,0.4627,13795958
1707508800000,0.4627,0.4686,0.4622,0.4673,9764199
1707523200000,0.4673,0.4751,0.4672,0.4715,12305576
1707537600000,0.4715,0.4734,0.4664,0.4667,10106293
1707552000000,0.4666,0.4712,0.461,0.4645,15755440
1707566400000,0.4645,0.4659,0.4615,0.4624,7393811
1707580800000,0.4624,0.4645,0.4605,0.4624,6985994
1707595200000,0.4625,0.4668,0.4608,0.4614,8237748
1707609600000,0.4614,0.4655,0.4596,0.4652,9424387
1707624000000,0.4652,0.4672,0.4638,0.4658,8925579
1707638400000,0.4658,0.4681,0.4625,0.468,9484711
1707652800000,0.468,0.4724,0.467,0.4694,17815555
1707667200000,0.4693,0.4727,0.4664,0.4716,8455177
1707681600000,0.4717,0.4735,0.4672,0.4704,10294991
1707696000000,0.4705,0.4874,0.4695,0.4755,29271631
1707710400000,0.4755,0.4756,0.4679,0.4716,15198598
1707724800000,0.4717,0.4721,0.4612,0.4642,16193440
1707739200000,0.4642,0.48,0.4623,0.4787,14932466
1707753600000,0.4788,0.4916,0.4763,0.4837,21871494
1707768000000,0.4838,0.4882,0.4826,0.4837,9473380
1707782400000,0.4837,0.4865,0.4742,0.4753,12223269
1707796800000,0.4753,0.4802,0.4752,0.4776,9214401
1707811200000,0.4776,0.4786,0.4703,0.4742,10626149
1707825600000,0.4742,0.4758,0.4576,0.4637,25956578
1707840000000,0.4636,0.47,0.4629,0.4659,12510906
1707854400000,0.4659,0.4698,0.4642,0.4686,8505118
1707868800000,0.4686,0.471,0.4658,0.4693,7967792
1707883200000,0.4694,0.474,0.4665,0.4735,6713670
1707897600000,0.4735,0.4872,0.4726,0.4869,15819442
1707912000000,0.4868,0.49,0.4799,0.4849,16671698
1707926400000,0.4849,0.487,0.4794,0.4868,10279794
1707940800000,0.4868,0.4883,0.4845,0.487,6378407
1707955200000,0.487,0.4936,0.4835,0.4935,13334692
1707969600000,0.4934,0.4935,0.4822,0.4897,10857361
1707984000000,0.4897,0.4954,0.4871,0.4945,13830280
1707998400000,0.4945,0.5042,0.4918,0.4964,27141498
1708012800000,0.4964,0.5057,0.4905,0.503,20616030
1708027200000,0.5029,0.5069,0.494,0.5049,14906770
1708041600000,0.5049,0.5094,0.5008,0.5033,12641372
1708056000000,0.5033,0.5076,0.498,0.4981,12681575
1708070400000,0.4982,0.5047,0.4945,0.5013,10925324
1708084800000,0.5013,0.5136,0.4868,0.4947,34600748
1708099200000,0.4948,0.5011,0.4895,0.491,11607511
1708113600000,0.4909,0.4988,0.4902,0.4982,6946689
1708128000000,0.4983,0.5189,0.4979,0.5133,38345683
1708142400000,0.5133,0.5136,0.5063,0.5072,13160411
1708156800000,0.5073,0.5077,0.4945,0.4969,13442006
1708171200000,0.4969,0.4985,0.4773,0.484,23466830
1708185600000,0.4839,0.4877,0.4824,0.4833,9013173
1708200000000,0.4833,0.49,0.4824,0.4875,11916123
1708214400000,0.4875,0.4936,0.4853,0.4874,16706285
1708228800000,0.4874,0.504,0.4871,0.5026,18963350
1708243200000,0.5027,0.5095,0.5004,0.5035,21734270
1708257600000,0.5036,0.5071,0.5001,0.5038,11039665
1708272000000,0.5038,0.5107,0.5027,0.5056,16430565
1708286400000,0.5056,0.5087,0.5009,0.5046,11088957
1708300800000,0.5046,0.5076,0.4995,0.5055,11005980
1708315200000,0.5055,0.5144,0.5017,0.5133,15889298
1708329600000,0.5133,0.5135,0.5023,0.5079,18063828
1708344000000,0.508,0.5099,0.499,0.5071,16685407
1708358400000,0.5071,0.5119,0.5008,0.5081,19092008
1708372800000,0.5082,0.5202,0.5068,0.5161,22885880
1708387200000,0.5161,0.5192,0.5003,0.5036,21135427
1708401600000,0.5036,0.5168,0.5014,0.5115,14068217
1708416000000,0.5115,0.5141,0.5004,0.5135,16403515
1708430400000,0.5136,0.5162,0.4786,0.4896,44620829
1708444800000,0.4896,0.496,0.4808,0.496,20776107
1708459200000,0.4959,0.5054,0.4939,0.4992,13002246
1708473600000,0.4993,0.5011,0.4913,0.4931,7976869
1708488000000,0.4931,0.4941,0.4797,0.4834,16163026
1708502400000,0.4834,0.4855,0.4681,0.4699,22014091
1708516800000,0.4699,0.4789,0.4646,0.4727,25133877
1708531200000,0.4728,0.4747,0.4617,0.4727,16032030
1708545600000,0.4725,0.4811,0.4687,0.4805,10319110
1708560000000,0.4805,0.4808,0.4693,0.477,9634389
1708574400000,0.477,0.4862,0.4753,0.4851,7519032
1708588800000,0.4851,0.4892,0.4844,0.4867,11011750
1708603200000,0.4867,0.4892,0.4768,0.4881,17504776
1708617600000,0.4881,0.4934,0.483,0.4916,12532412
1708632000000,0.4916,0.4981,0.4867,0.4885,16585045
1708646400000,0.4885,0.4915,0.4787,0.4821,13079039
1708660800000,0.482,0.49,0.4783,0.4822,10032748
1708675200000,0.4822,0.4857,0.4754,0.4847,10134012
1708689600000,0.4847,0.4859,0.4775,0.4804,19270473
1708704000000,0.4805,0.4867,0.4709,0.4858,22809458
1708718400000,0.4859,0.4883,0.4742,0.4809,8568331
1708732800000,0.4809,0.4893,0.4751,0.4843,12324925
1708747200000,0.4843,0.4908,0.4832,0.4905,9197214
1708761600000,0.4905,0.5044,0.4873,0.5038,20802734
1708776000000,0.5038,0.5043,0.4958,0.4972,14614376
1708790400000,0.4973,0.5056,0.4971,0.5009,10265937
1708804800000,0.501,0.5028,0.4987,0.5015,6275976
1708819200000,0.5016,0.5029,0.4928,0.4979,9716217
1708833600000,0.4979,0.4986,0.4937,0.4985,7160914
1708848000000,0.4984,0.5006,0.4947,0.4998,7117441
1708862400000,0.4998,0.5081,0.499,0.5035,11676328
1708876800000,0.5036,0.5105,0.5007,0.5086,11783379
1708891200000,0.5087,0.52,0.5054,0.5186,12945795
1708905600000,0.5187,0.5189,0.5084,0.5156,19881615
1708920000000,0.5156,0.542,0.515,0.5276,60231073
1708934400000,0.5276,0.5336,0.5153,0.5242,48676822
1708948800000,0.5242,0.533,0.5206,0.5284,28610965
1708963200000,0.5284,0.5372,0.5262,0.537,25923404
1708977600000,0.5369,0.54,0.5324,0.5384,13079893
1708992000000,0.5384,0.545,0.5288,0.5306,23472025
1709006400000,0.5307,0.5384,0.5278,0.5313,15063613
1709020800000,0.5314,0.5545,0.5308,0.5503,23813575
1709035200000,0.5503,0.5504,0.5338,0.5389,27997843
1709049600000,0.539,0.5739,0.535,0.56,65983250
1709064000000,0.56,0.574,0.558,0.5661,28080592
1709078400000,0.5662,0.5812,0.5606,0.563,37511815
1709092800000,0.563,0.5774,0.5619,0.5734,26360062
1709107200000,0.5733,0.584,0.5509,0.5607,49295926
1709121600000,0.5607,0.5763,0.5601,0.574,38645465
1709136000000,0.5741,0.6104,0.5182,0.5616,100961664
1709150400000,0.5616,0.5832,0.5534,0.5718,22297476
1709164800000,0.5718,0.5878,0.5623,0.5876,22319918
1709179200000,0.5876,0.5961,0.5812,0.5933,25844934
1709193600000,0.5933,0.6039,0.5901,0.5935,26562204
1709208000000,0.5935,0.6396,0.5876,0.6225,59018038
1709222400000,0.6226,0.6266,0.5972,0.6243,40814825
1709236800000,0.6241,0.6714,0.6058,0.656,82028702
1709251200000,0.656,0.6605,0.6253,0.6379,62771313
1709265600000,0.6379,0.6666,0.6332,0.642,44635028
1709280000000,0.6421,0.6593,0.6394,0.6511,31806092
1709294400000,0.6511,0.6851,0.6463,0.6565,58895126
1709308800000,0.6565,0.6615,0.6424,0.6521,34521384
1709323200000,0.6522,0.6663,0.6466,0.6658,24559931
1709337600000,0.6658,0.6794,0.6525,0.6648,31159772
1709352000000,0.6647,0.6824,0.6515,0.6812,26062230
1709366400000,0.6814,0.6978,0.6596,0.6905,43277456
1709380800000,0.6903,0.7022,0.6726,0.6761,50145204
1709395200000,0.6762,0.6806,0.6628,0.6749,25629402
1709409600000,0.6749,0.6849,0.6677,0.6835,17730926
1709424000000,0.6835,0.7078,0.6629,0.6958,43999454
1709438400000,0.6957,0.6985,0.5871,0.6301,86085288
1709452800000,0.6301,0.6451,0.6209,0.6447,51028978
1709467200000,0.6446,0.657,0.6426,0.6542,32223783
1709481600000,0.6542,0.6568,0.6482,0.6534,18156438
1709496000000,0.6533,0.667,0.6479,0.6581,20152750
1709510400000,0.6582,0.673,0.65,0.6622,32782465
1709524800000,0.6623,0.6853,0.6614,0.6728,28025882
1709539200000,0.6728,0.6899,0.6605,0.6851,38477585
1709553600000,0.6852,0.6948,0.6663,0.6757,35191778
1709568000000,0.6757,0.6763,0.6387,0.6634,41241201
1709582400000,0.6634,0.6732,0.6554,0.665,16358554
1709596800000,0.665,0.6781,0.6501,0.6589,28553148
1709611200000,0.659,0.6951,0.642,0.6732,71796591
1709625600000,0.6732,0.7149,0.6668,0.6886,42398857
1709640000000,0.6886,0.6981,0.6685,0.6835,41207479
1709654400000,0.6836,0.6915,0.5242,0.5877,84990962
1709668800000,0.5884,0.6157,0.5714,0.6124,56892591
1709683200000,0.6124,0.6159,0.5843,0.5978,28017312
1709697600000,0.5978,0.644,0.5975,0.6433,29482738
1709712000000,0.6433,0.6576,0.6337,0.6442,24470040
1709726400000,0.6442,0.6453,0.612,0.628,43063885
1709740800000,0.6281,0.646,0.6237,0.6415,19264488
1709755200000,0.6413,0.6601,0.6396,0.6568,18659715
1709769600000,0.6567,0.676,0.6501,0.6624,35475601
1709784000000,0.6624,0.6785,0.6461,0.674,25576617
1709798400000,0.674,0.6895,0.6716,0.6849,27782655
1709812800000,0.6849,0.7093,0.6806,0.6914,39079342
1709827200000,0.6915,0.6998,0.6792,0.6993,18818600
1709841600000,0.6993,0.7011,0.6886,0.6944,15799451
1709856000000,0.6943,0.701,0.6794,0.6851,15895921
1709870400000,0.685,0.6931,0.6798,0.6848,12348565
1709884800000,0.6847,0.6866,0.6788,0.6836,15785492
1709899200000,0.6836,0.6872,0.6261,0.665,33917275
1709913600000,0.6651,0.687,0.6517,0.6818,32075213
1709928000000,0.6818,0.7084,0.6783,0.7047,18763851
1709942400000,0.7047,0.7568,0.6935,0.7496,55141952
1709956800000,0.7497,0.7522,0.7198,0.7279,40095593
1709971200000,0.7279,0.7755,0.7221,0.7675,57884386
1709985600000,0.7675,0.7778,0.7492,0.7765,44616795
1710000000000,0.7765,0.783,0.7444,0.7572,40944577
1710014400000,0.7571,0.7705,0.7513,0.756,16405288
1710028800000,0.756,0.8016,0.7477,0.7756,54455086
1710043200000,0.7755,0.7986,0.7691,0.773,45979481
1710057600000,0.7728,0.8206,0.7717,0.8022,73096985
1710072000000,0.8022,0.8077,0.7682,0.7887,46155197
1710086400000,0.7888,0.8135,0.7801,0.783,38552833
1710100800000,0.783,0.7896,0.7581,0.7707,22563531
1710115200000,0.7709,0.771,0.7192,0.7502,37926361
1710129600000,0.7502,0.7692,0.7371,0.7651,24655054
1710144000000,0.7651,0.7824,0.7632,0.7725,24939228
1710158400000,0.7724,0.789,0.7651,0.7687,25944942
1710172800000,0.7687,0.7819,0.7573,0.7677,23780014
1710187200000,0.7677,0.7828,0.7665,0.7805,13964633
1710201600000,0.7804,0.8046,0.765,0.7663,28775454
1710216000000,0.7661,0.7733,0.7441,0.7518,20757388
1710230400000,0.7518,0.7538,0.73,0.743,20209220
1710244800000,0.743,0.7589,0.7313,0.7549,33300504
1710259200000,0.755,0.7568,0.7061,0.7535,38794007
1710273600000,0.7535,0.77,0.7412,0.7687,13082140
1710288000000,0.7688,0.7693,0.7561,0.7693,13211510
1710302400000,0.7693,0.7821,0.7634,0.7779,12120675
1710316800000,0.7779,0.782,0.7635,0.7655,13281686
1710331200000,0.7657,0.7693,0.7402,0.7483,21539931
1710345600000,0.7483,0.7627,0.746,0.7568,11353710
1710360000000,0.7568,0.7641,0.7482,0.7613,8351068
1710374400000,0.7612,0.7638,0.7495,0.7607,13952181
1710388800000,0.7607,0.7673,0.7454,0.7535,14155909
1710403200000,0.7535,0.7739,0.7483,0.7547,16695789
1710417600000,0.7548,0.7624,0.715,0.722,39732870
1710432000000,0.7221,0.7376,0.6964,0.7136,34254234
1710446400000,0.7137,0.7477,0.7129,0.7453,13847341
1710460800000,0.7453,0.7535,0.6605,0.6945,41906991
1710475200000,0.6946,0.6987,0.6763,0.6929,25323391
1710489600000,0.693,0.6938,0.6328,0.6683,47207152
1710504000000,0.6682,0.6816,0.6618,0.669,19771639
1710518400000,0.6692,0.6988,0.6616,0.6797,23754484
1710532800000,0.6795,0.6918,0.6613,0.6907,17003225
1710547200000,0.6908,0.696,0.6838,0.693,12227894
1710561600000,0.693,0.7072,0.6778,0.7057,20852550
1710576000000,0.7058,0.7061,0.6779,0.6835,18419907
1710590400000,0.6835,0.6851,0.6526,0.6656,25154360
1710604800000,0.6654,0.6658,0.6143,0.6251,40262854
1710619200000,0.625,0.6343,0.6094,0.6245,23415984
1710633600000,0.6246,0.6374,0.6119,0.6367,16699127
1710648000000,0.6367,0.6373,0.5907,0.6095,24230696
1710662400000,0.6096,0.6413,0.606,0.6342,16168986
1710676800000,0.6342,0.6483,0.6206,0.6454,17905281
1710691200000,0.6453,0.6507,0.6394,0.6502,13128572
1710705600000,0.6502,0.6534,0.6417,0.646,7933918
1710720000000,0.646,0.648,0.6209,0.6426,13752092
1710734400000,0.6426,0.6567,0.6368,0.6452,10162696
1710748800000,0.6453,0.6455,0.6265,0.6338,15524084
1710763200000,0.6338,0.6367,0.6015,0.612,25069801
1710777600000,0.612,0.6196,0.5965,0.6047,19613124
1710792000000,0.6048,0.6243,0.6048,0.6182,9966237
1710806400000,0.6181,0.6256,0.5745,0.5881,32832295
1710820800000,0.5879,0.5961,0.5481,0.5772,38884819
1710835200000,0.5773,0.5775,0.5443,0.5732,42127285
1710849600000,0.5732,0.5971,0.5687,0.596,28060108
1710864000000,0.5961,0.6054,0.5931,0.6006,17467056
1710878400000,0.6007,0.602,0.5577,0.5703,21015685
1710892800000,0.5703,0.5881,0.5661,0.5695,18022620
1710907200000,0.5695,0.5931,0.5458,0.5903,26549417
1710921600000,0.5904,0.6016,0.583,0.5979,19860224
1710936000000,0.5978,0.6066,0.5868,0.5907,19336408
1710950400000,0.5906,0.6282,0.5681,0.6251,33862586
1710964800000,0.6252,0.642,0.6227,0.6398,14636104
1710979200000,0.6397,0.6489,0.6331,0.6363,11883744
1710993600000,0.6364,0.6403,0.62,0.6315,17118872
1711008000000,0.6314,0.6392,0.629,0.6366,9651257
1711022400000,0.6366,0.6413,0.6267,0.6329,10307375
1711036800000,0.633,0.6459,0.6175,0.6375,18367670
1711051200000,0.6375,0.6453,0.6287,0.6345,10008019
1711065600000,0.6345,0.6441,0.6216,0.6426,12825925
1711080000000,0.6426,0.6486,0.6351,0.6393,10164429
1711094400000,0.6393,0.6454,0.6163,0.6194,12721454
1711108800000,0.6193,0.6284,0.6003,0.6204,28023566
1711123200000,0.6205,0.6261,0.607,0.623,17879400
1711137600000,0.623,0.6252,0.6067,0.6252,11110549
1711152000000,0.6253,0.6352,0.6164,0.6236,11051564
1711166400000,0.6236,0.6482,0.6227,0.6476,16709902
1711180800000,0.6477,0.6529,0.636,0.6388,13319263
1711195200000,0.6387,0.6553,0.6365,0.6497,15389778
1711209600000,0.6496,0.6521,0.6429,0.6448,10075547
1711224000000,0.6449,0.6475,0.6331,0.6342,9884722
1711238400000,0.6342,0.645,0.6303,0.6304,9712655
1711252800000,0.6305,0.637,0.6264,0.6334,6556290
1711267200000,0.6335,0.643,0.6326,0.6414,7252904
1711281600000,0.6413,0.6446,0.6364,0.6419,8755128
1711296000000,0.6418,0.6428,0.6273,0.6412,9248368
1711310400000,0.6411,0.6557,0.6394,0.6528,9432435
1711324800000,0.6529,0.6623,0.6485,0.6563,12676611
1711339200000,0.6563,0.6592,0.6433,0.6443,8791640
1711353600000,0.6442,0.6566,0.6434,0.6446,13792247
1711368000000,0.6445,0.6681,0.6394,0.6653,19563243
1711382400000,0.6653,0.6767,0.6639,0.6734,16154102
1711396800000,0.6733,0.6743,0.6606,0.6658,12637306
1711411200000,0.6658,0.6833,0.6644,0.6809,13010676
1711425600000,0.6809,0.6888,0.678,0.6816,11456454
1711440000000,0.6817,0.6946,0.6783,0.6886,12482414
1711454400000,0.6887,0.6904,0.6659,0.6747,26986413
1711468800000,0.6748,0.6938,0.6645,0.6825,30184055
1711483200000,0.6826,0.6962,0.6817,0.6925,14943187
1711497600000,0.6926,0.7041,0.6917,0.6929,19068328
1711512000000,0.6928,0.6975,0.6726,0.6759,16234148
1711526400000,0.676,0.6814,0.6621,0.6796,18224426
1711540800000,0.6795,0.6914,0.6518,0.6608,36679220
1711555200000,0.661,0.6703,0.6559,0.6667,18218891
1711569600000,0.6667,0.6702,0.663,0.6661,8835073
1711584000000,0.6661,0.6722,0.6537,0.662,11909225
1711598400000,0.662,0.6789,0.6612,0.6787,8813648
1711612800000,0.6788,0.6862,0.6702,0.6765,17568704
1711627200000,0.6765,0.6793,0.6652,0.6742,14097236
1711641600000,0.6742,0.676,0.6664,0.6739,11316917
1711656000000,0.674,0.6821,0.6723,0.676,11579389
1711670400000,0.676,0.6762,0.6622,0.6684,10202715
1711684800000,0.6682,0.6794,0.6594,0.6632,14526179
1711699200000,0.6632,0.6846,0.6623,0.6812,16673270
1711713600000,0.6811,0.6876,0.6655,0.671,19616667
1711728000000,0.671,0.6833,0.6707,0.6763,9457383
1711742400000,0.6762,0.6844,0.6668,0.683,9100126
1711756800000,0.6829,0.6857,0.6744,0.6781,11144264
1711771200000,0.6781,0.6838,0.6696,0.6699,7984585
1711785600000,0.6699,0.6746,0.6672,0.674,8202182
1711800000000,0.6739,0.6745,0.6664,0.6716,10073917
1711814400000,0.6717,0.6738,0.6636,0.67,10123319
1711828800000,0.6699,0.6713,0.6562,0.662,8238729
1711843200000,0.662,0.6649,0.6568,0.6587,7286620
1711857600000,0.6587,0.6698,0.6557,0.667,8055987
1711872000000,0.667,0.6673,0.6618,0.664,4318536
1711886400000,0.6639,0.6666,0.6615,0.6633,5728386
1711900800000,0.6634,0.6683,0.6608,0.6673,5451547
1711915200000,0.6673,0.6706,0.6613,0.6703,6439780
1711929600000,0.6704,0.6765,0.6662,0.6679,9372725
1711944000000,0.668,0.6711,0.6224,0.6461,37089549
1711958400000,0.6461,0.6462,0.6309,0.6339,14336678
1711972800000,0.634,0.64,0.6128,0.6156,27783504
1711987200000,0.6157,0.6261,0.6116,0.6259,15931732
1712001600000,0.6259,0.63,0.6229,0.6286,6636935
1712016000000,0.6286,0.6286,0.5799,0.5994,33233713
1712030400000,0.5993,0.6078,0.5933,0.5996,13338159
1712044800000,0.5997,0.6016,0.5804,0.5918,31371264
1712059200000,0.5917,0.598,0.5799,0.5835,20983961
1712073600000,0.5836,0.5932,0.5804,0.59,13130834
1712088000000,0.59,0.5938,0.5836,0.585,8984590
1712102400000,0.585,0.5936,0.5667,0.5909,23762673
1712116800000,0.591,0.5966,0.5893,0.5917,11579376
1712131200000,0.5918,0.5988,0.584,0.5871,15535615
1712145600000,0.5872,0.5932,0.58,0.5825,15948208
1712160000000,0.5825,0.5891,0.5717,0.5758,12975194
1712174400000,0.5758,0.5793,0.564,0.5769,11674637
1712188800000,0.5769,0.5864,0.5705,0.5743,11826951
1712203200000,0.5744,0.5872,0.5674,0.5846,8775764
1712217600000,0.5847,0.5908,0.5823,0.5859,11630627
1712232000000,0.5859,0.5978,0.5854,0.5937,11584320
1712246400000,0.5938,0.6023,0.5919,0.5932,10438096
1712260800000,0.5933,0.5939,0.5811,0.5928,12974643
1712275200000,0.5928,0.5949,0.5778,0.5892,9475053
1712289600000,0.5893,0.5899,0.5708,0.5786,8674130
1712304000000,0.5787,0.5834,0.5648,0.5656,10270633
1712318400000,0.5657,0.5891,0.5607,0.5885,15398268
1712332800000,0.5886,0.5924,0.5832,0.5895,7775821
1712347200000,0.5894,0.598,0.5888,0.59,6672795
1712361600000,0.5901,0.5952,0.5876,0.5924,8155818
1712376000000,0.5925,0.5961,0.5906,0.5936,4355667
1712390400000,0.5935,0.5957,0.5846,0.5856,7994007
1712404800000,0.5857,0.5909,0.5826,0.5864,6359333
1712419200000,0.5864,0.592,0.5856,0.5876,4510418
1712433600000,0.5876,0.5952,0.586,0.5906,6318639
1712448000000,0.5906,0.6002,0.5895,0.5971,8555182
1712462400000,0.5971,0.598,0.5927,0.5952,4500325
1712476800000,0.5952,0.5986,0.5934,0.5985,5901219
1712491200000,0.5986,0.6013,0.594,0.5948,7661075
1712505600000,0.5948,0.5992,0.5876,0.5894,8871522
1712520000000,0.5893,0.5961,0.5871,0.5947,6826055
1712534400000,0.5948,0.5982,0.5842,0.5885,10160853
1712548800000,0.5885,0.6067,0.5846,0.6042,8288272
1712563200000,0.6043,0.6248,0.6035,0.6235,16650963
1712577600000,0.6235,0.6292,0.6201,0.6281,12385816
1712592000000,0.6281,0.6313,0.6262,0.6289,7450232
1712606400000,0.6289,0.6309,0.6254,0.6263,5397022
1712620800000,0.6262,0.6273,0.6167,0.6212,10640563
1712635200000,0.6212,0.6266,0.6146,0.6191,12319934
1712649600000,0.6191,0.6365,0.6082,0.6355,17457363
1712664000000,0.6354,0.6377,0.6045,0.6163,21031913
1712678400000,0.6164,0.6366,0.6045,0.6249,27711597
1712692800000,0.6248,0.6335,0.6091,0.6122,12963958
1712707200000,0.6123,0.6326,0.598,0.6107,26891461
1712721600000,0.6107,0.613,0.6036,0.6043,7597269
1712736000000,0.6042,0.6069,0.5922,0.6015,18922501
1712750400000,0.6014,0.603,0.5773,0.5954,27194784
1712764800000,0.5954,0.607,0.5921,0.6044,10224167
1712779200000,0.6045,0.6139,0.5997,0.61,8312017
1712793600000,0.61,0.6193,0.6076,0.6174,9944986
1712808000000,0.6175,0.6374,0.6154,0.6295,16238107
1712822400000,0.6295,0.6336,0.6164,0.6175,13776679
1712836800000,0.6175,0.6274,0.6112,0.6153,16554723
1712851200000,0.6153,0.6168,0.6039,0.6109,11167376
1712865600000,0.6109,0.6179,0.6051,0.6086,6219133
1712880000000,0.6085,0.6244,0.6078,0.6213,8915594
1712894400000,0.6212,0.6238,0.6131,0.6156,4796875
1712908800000,0.6157,0.6191,0.6107,0.6171,5758903
1712923200000,0.6171,0.6181,0.5908,0.5925,18650586
1712937600000,0.5925,0.5926,0.4503,0.5071,89012494
1712952000000,0.5071,0.5198,0.5047,0.5163,18887727
1712966400000,0.5164,0.5166,0.4881,0.5035,24343576
1712980800000,0.5035,0.5124,0.5008,0.5052,14477369
1712995200000,0.5052,0.5087,0.4963,0.5003,15029417
1713009600000,0.5003,0.5062,0.4903,0.4908,21423393
1713024000000,0.4908,0.4932,0.41,0.4252,93728748
1713038400000,0.4252,0.4303,0.3587,0.4177,137126354
1713052800000,0.4177,0.4194,0.3974,0.4098,43329826
1713067200000,0.4098,0.4348,0.4074,0.4344,36506357
1713081600000,0.4344,0.4401,0.4237,0.4268,27481489
1713096000000,0.4268,0.4374,0.4198,0.4283,31686519
1713110400000,0.4283,0.4396,0.4136,0.4304,41299093
1713124800000,0.4304,0.448,0.4212,0.4431,25890977
1713139200000,0.4431,0.4434,0.4293,0.4328,18854477
1713153600000,0.4328,0.4605,0.4254,0.4554,24130652
1713168000000,0.4554,0.4659,0.4508,0.4542,19531973
1713182400000,0.4542,0.4598,0.4336,0.4428,41736082
1713196800000,0.4428,0.4457,0.4114,0.43,54476907
1713211200000,0.43,0.432,0.4156,0.4231,15789341
1713225600000,0.4231,0.4287,0.411,0.4143,15776728
1713240000000,0.4143,0.4345,0.4023,0.4322,23613857
1713254400000,0.4321,0.4348,0.4136,0.4325,21634735
1713268800000,0.4325,0.4325,0.4112,0.4124,27117038
1713283200000,0.4124,0.4314,0.4105,0.4247,25047061
1713297600000,0.4246,0.4376,0.424,0.4332,8541526
1713312000000,0.4332,0.4362,0.4251,0.431,8689536
1713326400000,0.4309,0.438,0.4268,0.4321,9340356
1713340800000,0.4321,0.4346,0.4195,0.4203,9950862
1713355200000,0.4204,0.4278,0.4088,0.4119,25043045
1713369600000,0.4119,0.4396,0.4067,0.4316,23807295
1713384000000,0.4316,0.4361,0.4236,0.4247,11670035
1713398400000,0.4247,0.4352,0.415,0.4301,13339334
1713412800000,0.4301,0.4324,0.4154,0.4186,14462149
1713427200000,0.4185,0.4359,0.4141,0.4306,17097277
1713441600000,0.4305,0.4406,0.4219,0.4373,21413173
1713456000000,0.4373,0.4394,0.4246,0.4343,15227057
1713470400000,0.4343,0.4366,0.4316,0.4338,8290763
1713484800000,0.4339,0.4339,0.397,0.4163,36702663
1713499200000,0.4163,0.4457,0.4158,0.4373,27910134
1713513600000,0.4373,0.4447,0.436,0.4364,18684726
1713528000000,0.4363,0.4418,0.4317,0.4393,17988357
1713542400000,0.4393,0.4417,0.4321,0.439,13960212
1713556800000,0.439,0.4399,0.4253,0.433,15030851
1713571200000,0.4332,0.4429,0.4273,0.4398,15238812
1713585600000,0.4397,0.4451,0.439,0.4425,6463985
1713600000000,0.4425,0.4431,0.4372,0.4413,8114741
1713614400000,0.4413,0.4575,0.4399,0.4574,10824579
1713628800000,0.4574,0.473,0.4533,0.4712,18828452
1713643200000,0.4711,0.473,0.4681,0.4702,7694868
1713657600000,0.4701,0.4752,0.4624,0.4699,11339052
1713672000000,0.4699,0.473,0.4661,0.4689,5915390
1713686400000,0.469,0.4709,0.4642,0.4673,7255530
1713700800000,0.4673,0.4685,0.4594,0.463,10026953
1713715200000,0.463,0.464,0.4528,0.4581,15004632
1713729600000,0.4581,0.4661,0.4564,0.4627,9010044
1713744000000,0.4627,0.4792,0.4611,0.4764,12781607
1713758400000,0.4763,0.4842,0.4753,0.4768,12066133
1713772800000,0.4768,0.4818,0.4741,0.477,10096710
1713787200000,0.4771,0.4825,0.4731,0.4803,12809151
1713801600000,0.4802,0.4851,0.4755,0.4811,9229915
1713816000000,0.481,0.4859,0.4799,0.4809,6916952
1713830400000,0.481,0.4838,0.475,0.4765,8006692
1713844800000,0.4765,0.4814,0.4721,0.4753,9717696
1713859200000,0.4755,0.4779,0.4711,0.4736,11873804
1713873600000,0.4736,0.4822,0.4711,0.4766,10160311
1713888000000,0.4766,0.4845,0.4734,0.4841,9130995
1713902400000,0.4841,0.4857,0.4753,0.4784,9486640
1713916800000,0.4784,0.486,0.4759,0.481,9006465
1713931200000,0.4809,0.4991,0.48,0.4938,15977773
1713945600000,0.4937,0.4988,0.4879,0.4971,10902290
1713960000000,0.4971,0.498,0.4696,0.4713,23921821
1713974400000,0.4713,0.4785,0.4631,0.4711,13610574
1713988800000,0.471,0.4729,0.4569,0.4629,12670534
1714003200000,0.4628,0.4658,0.4533,0.4559,12159796
1714017600000,0.456,0.4611,0.4482,0.4545,13343445
1714032000000,0.4547,0.4565,0.4454,0.4526,13561369
1714046400000,0.4526,0.4667,0.4446,0.4667,17470501
1714060800000,0.4666,0.4728,0.4645,0.4698,11720384
1714075200000,0.4698,0.4732,0.4637,0.4648,8159844
1714089600000,0.4647,0.4653,0.4509,0.4588,15843733
1714104000000,0.4588,0.4655,0.4556,0.4564,8179922
1714118400000,0.4564,0.4604,0.4504,0.4527,7563152
1714132800000,0.4527,0.4613,0.4446,0.4539,15454020
1714147200000,0.4539,0.4581,0.4521,0.4554,6090347
1714161600000,0.4554,0.4605,0.4505,0.4521,7434449
1714176000000,0.4521,0.4546,0.4323,0.451,23481406
1714190400000,0.4509,0.4572,0.4475,0.4476,8303748
1714204800000,0.4477,0.4555,0.4429,0.4434,9390034
1714219200000,0.4435,0.4523,0.4425,0.4447,10867695
1714233600000,0.4446,0.4581,0.4418,0.4516,15931032
1714248000000,0.4517,0.4548,0.4497,0.4522,5757365
1714262400000,0.4522,0.4696,0.4522,0.4612,13516211
1714276800000,0.4613,0.4642,0.4588,0.4625,6010659
1714291200000,0.4625,0.4635,0.4549,0.4561,6464279
1714305600000,0.4561,0.4611,0.4552,0.4575,5318062
1714320000000,0.4574,0.4605,0.4559,0.4566,6365280
1714334400000,0.4566,0.4572,0.4428,0.4448,12124988
1714348800000,0.4449,0.4465,0.4339,0.4349,17533059
1714363200000,0.4349,0.4426,0.4295,0.4366,21368895
1714377600000,0.4366,0.437,0.4264,0.4276,16614914
1714392000000,0.4274,0.4366,0.4235,0.4365,17352851
1714406400000,0.4365,0.4374,0.4287,0.4328,9239592
1714420800000,0.4328,0.4409,0.4273,0.4364,10846633
1714435200000,0.4364,0.4426,0.4267,0.4389,19799351
1714449600000,0.439,0.4397,0.4336,0.4347,6564432
1714464000000,0.4346,0.4364,0.4112,0.4127,36263295
1714478400000,0.4127,0.4155,0.4049,0.4093,30329396
1714492800000,0.4092,0.4095,0.3998,0.4037,20794754
1714507200000,0.4038,0.4206,0.4037,0.4165,13690933
1714521600000,0.4165,0.4184,0.4093,0.4173,18924902
1714536000000,0.4173,0.4199,0.4014,0.4064,20772671
1714550400000,0.4065,0.4106,0.3933,0.4105,23357987
1714564800000,0.4105,0.4163,0.4033,0.4086,15433367
1714579200000,0.4086,0.4287,0.4044,0.4157,23334326
1714593600000,0.4157,0.4255,0.4124,0.4237,10376597
1714608000000,0.4237,0.4245,0.4097,0.421,13406517
1714622400000,0.421,0.4227,0.4165,0.4188,5925926
1714636800000,0.4188,0.432,0.4178,0.4315,9947366
1714651200000,0.4316,0.4345,0.424,0.4323,11397520
1714665600000,0.4323,0.4359,0.4293,0.4339,7685951
1714680000000,0.4338,0.436,0.4292,0.4306,5860184
1714694400000,0.4307,0.4394,0.4297,0.4342,7277516
1714708800000,0.4341,0.4357,0.4281,0.4291,6299715
1714723200000,0.4291,0.4329,0.4252,0.4299,8592910
1714737600000,0.4299,0.4475,0.4295,0.4462,16003596
1714752000000,0.4463,0.4493,0.4451,0.4479,5493542
1714766400000,0.4478,0.4522,0.4468,0.4474,8074888
1714780800000,0.4475,0.4502,0.4434,0.4467,5859228
1714795200000,0.4467,0.4484,0.4438,0.4447,5098897
1714809600000,0.4448,0.4527,0.4441,0.4482,7559778
1714824000000,0.4482,0.4529,0.4463,0.4507,7812740
1714838400000,0.4507,0.4518,0.4467,0.4512,6205878
1714852800000,0.4512,0.4526,0.4453,0.4465,5395653
1714867200000,0.4465,0.4479,0.4396,0.4433,14502214
1714881600000,0.4433,0.4454,0.4383,0.4443,4724261
1714896000000,0.4444,0.4479,0.4437,0.4452,4754344
1714910400000,0.4452,0.4563,0.4406,0.4546,10894394
1714924800000,0.4547,0.4564,0.4457,0.4484,9484116
1714939200000,0.4484,0.4491,0.4455,0.4473,3865106
1714953600000,0.4474,0.4528,0.4431,0.4464,5691642
1714968000000,0.4464,0.4548,0.445,0.454,5718889
1714982400000,0.454,0.4636,0.4486,0.456,13852417
1714996800000,0.4559,0.4565,0.4396,0.4484,18790639
1715011200000,0.4485,0.4496,0.4413,0.4453,9103337
1715025600000,0.4453,0.4473,0.4401,0.4401,4772555
1715040000000,0.4403,0.4429,0.4298,0.4342,10632690
1715054400000,0.4342,0.4375,0.4319,0.4348,5905689
1715068800000,0.4347,0.4433,0.4336,0.4348,6903505
1715083200000,0.4348,0.4447,0.4347,0.4401,9143517
1715097600000,0.4402,0.4411,0.4347,0.4371,5761055
1715112000000,0.4371,0.4385,0.4272,0.429,8166726
1715126400000,0.4288,0.4308,0.4237,0.4292,7088508
1715140800000,0.4293,0.4299,0.4218,0.4231,7371890
1715155200000,0.4231,0.4253,0.4201,0.4219,7118605
1715169600000,0.4219,0.4318,0.4182,0.4285,14807887
1715184000000,0.4285,0.4337,0.4242,0.4304,8218794
1715198400000,0.4305,0.433,0.4233,0.4269,12204008
1715212800000,0.4268,0.4302,0.424,0.4288,6687903
1715227200000,0.4289,0.4317,0.4211,0.4223,6646827
1715241600000,0.4223,0.4236,0.4151,0.4218,10643441
1715256000000,0.4218,0.4339,0.4215,0.433,9638775
1715270400000,0.4329,0.4356,0.4277,0.4321,6875469
1715284800000,0.4321,0.4393,0.4307,0.4357,6207829
1715299200000,0.4358,0.4384,0.4333,0.4342,6080013
1715313600000,0.4342,0.4424,0.4337,0.4408,6499366
1715328000000,0.4408,0.4427,0.4365,0.4384,5137983
1715342400000,0.4385,0.4394,0.4204,0.4232,18670455
1715356800000,0.4232,0.4245,0.4142,0.416,13762254
1715371200000,0.416,0.4178,0.41,0.4125,9761042
1715385600000,0.4126,0.4208,0.4117,0.417,8647424
1715400000000,0.417,0.4206,0.4163,0.4193,5464146
1715414400000,0.4194,0.4199,0.4137,0.4166,7628405
1715428800000,0.4165,0.4227,0.416,0.4199,6305328
1715443200000,0.4199,0.4212,0.4169,0.4184,5325429
1715457600000,0.4184,0.4184,0.4124,0.4141,5239713
1715472000000,0.4141,0.4159,0.4136,0.4145,3566121
1715486400000,0.4145,0.4172,0.4116,0.4129,5245724
1715500800000,0.4129,0.4186,0.4113,0.4162,5594037
1715515200000,0.4162,0.4171,0.4128,0.4156,5980166
1715529600000,0.4157,0.4177,0.4096,0.4109,6099162
1715544000000,0.411,0.411,0.4033,0.4064,9195551
1715558400000,0.4064,0.4099,0.3936,0.3982,19743143
1715572800000,0.3982,0.4073,0.3948,0.4066,9571235
1715587200000,0.4066,0.4155,0.4066,0.4097,10111017
1715601600000,0.4097,0.4125,0.407,0.411,7446099
1715616000000,0.411,0.4147,0.4042,0.4095,8669949
1715630400000,0.4093,0.4097,0.4048,0.4059,4329800
1715644800000,0.4059,0.4081,0.4011,0.4058,8238995
1715659200000,0.4057,0.4115,0.3985,0.4083,11352943
1715673600000,0.4083,0.4093,0.4047,0.4084,5393162
1715688000000,0.4084,0.4116,0.4002,0.4082,16313505
1715702400000,0.4083,0.4085,0.4006,0.4047,10162285
1715716800000,0.4047,0.4054,0.3983,0.4002,6501220
1715731200000,0.4002,0.4056,0.3975,0.4049,7939188
1715745600000,0.4049,0.4066,0.4015,0.405,5080099
1715760000000,0.405,0.4104,0.4007,0.4047,7720066
1715774400000,0.4047,0.4243,0.4023,0.4222,25495954
1715788800000,0.4223,0.4346,0.4203,0.4344,9953872
1715803200000,0.4344,0.4355,0.4294,0.4303,8687560
1715817600000,0.4303,0.4338,0.4284,0.4333,7246214
1715832000000,0.4332,0.4341,0.43,0.4319,4914654
1715846400000,0.4318,0.4334,0.4256,0.4279,8520992
1715860800000,0.4279,0.4289,0.4189,0.427,17845642
1715875200000,0.4271,0.4282,0.4225,0.4256,8312636
1715889600000,0.4255,0.4291,0.4244,0.4281,4443502
1715904000000,0.4281,0.4304,0.4252,0.4288,5720865
1715918400000,0.4288,0.4378,0.4261,0.4371,7341581
1715932800000,0.437,0.4386,0.4328,0.4337,5417796
1715947200000,0.4336,0.4404,0.4307,0.44,9096640
1715961600000,0.44,0.4455,0.4343,0.4367,12207687
1715976000000,0.4366,0.4371,0.4347,0.4353,3602781
1715990400000,0.4353,0.4366,0.4328,0.4364,6588041
1716004800000,0.4364,0.4366,0.4334,0.4347,4228115
1716019200000,0.4347,0.4364,0.4336,0.4342,5000571
1716033600000,0.4342,0.4351,0.4289,0.4332,8451181
1716048000000,0.4333,0.4368,0.432,0.4349,6073386
1716062400000,0.4349,0.4363,0.4332,0.4359,3076966
1716076800000,0.4358,0.4407,0.4346,0.4393,5384130
1716091200000,0.4392,0.4394,0.4337,0.4364,4128520
1716105600000,0.4364,0.4364,0.4297,0.4329,5951565
1716120000000,0.4329,0.4331,0.424,0.4257,9555309
1716134400000,0.4258,0.4261,0.42,0.4213,10690729
1716148800000,0.4212,0.4229,0.4169,0.4198,4800802
1716163200000,0.4197,0.4221,0.4139,0.4205,9638820
1716177600000,0.4205,0.4552,0.42,0.4344,79212201
1716192000000,0.4344,0.4367,0.4296,0.4327,20854124
1716206400000,0.4327,0.4349,0.4274,0.4343,14755361
1716220800000,0.4342,0.46,0.4322,0.4575,34182098
1716235200000,0.4575,0.4672,0.4522,0.4657,32126323
1716249600000,0.4657,0.4745,0.461,0.4647,16831384
1716264000000,0.4647,0.4698,0.4602,0.4663,9073091
1716278400000,0.4664,0.4679,0.4629,0.4639,10956730
1716292800000,0.4638,0.472,0.4607,0.4633,18149987
1716307200000,0.4633,0.4744,0.4613,0.4647,17048100
1716321600000,0.4646,0.4703,0.4641,0.4678,6792235
1716336000000,0.4679,0.4705,0.4653,0.4663,6480508
1716350400000,0.4662,0.4735,0.4577,0.4677,12296209
1716364800000,0.4677,0.4713,0.4627,0.4628,9980850
1716379200000,0.4627,0.4674,0.455,0.4648,16976863
1716393600000,0.4648,0.4693,0.458,0.4614,9321920
1716408000000,0.4615,0.4653,0.4575,0.4611,7358494
1716422400000,0.4611,0.4689,0.4579,0.4661,8381204
1716436800000,0.4661,0.4692,0.463,0.4667,4881535
1716451200000,0.4666,0.4674,0.4553,0.4624,13939104
1716465600000,0.4625,0.4659,0.4385,0.448,31266720
1716480000000,0.4478,0.4488,0.4341,0.4384,14904163
1716494400000,0.4384,0.4503,0.4214,0.4489,35552178
1716508800000,0.4489,0.4586,0.4482,0.4571,11281952
1716523200000,0.457,0.4623,0.4427,0.4477,17748710
1716537600000,0.4476,0.4516,0.4402,0.4505,9603053
1716552000000,0.4505,0.4603,0.4492,0.4534,10724725
1716566400000,0.4533,0.4583,0.4491,0.4545,6119404
1716580800000,0.4545,0.4562,0.4515,0.4544,4250545
1716595200000,0.4545,0.4593,0.4527,0.4583,5407539
1716609600000,0.4583,0.4618,0.4555,0.4567,5832391
1716624000000,0.4566,0.4607,0.4543,0.4594,6554781
1716638400000,0.4595,0.4624,0.4558,0.4617,7533290
1716652800000,0.4616,0.4623,0.4591,0.4617,4253830
1716667200000,0.4616,0.4658,0.4595,0.4651,3824544
1716681600000,0.4651,0.469,0.4584,0.4623,7227241
1716696000000,0.4622,0.4623,0.4564,0.4579,4058493
1716710400000,0.4578,0.4587,0.45,0.4532,7770715
1716724800000,0.4533,0.4548,0.4479,0.4501,6842300
1716739200000,0.4503,0.453,0.4475,0.45,5151235
1716753600000,0.4501,0.4512,0.4441,0.4473,4273911
1716768000000,0.4473,0.4532,0.447,0.4513,5487743
1716782400000,0.4514,0.4528,0.4437,0.4458,4395978
1716796800000,0.4458,0.4543,0.4454,0.4532,6262694
1716811200000,0.4532,0.4667,0.4503,0.4656,13843986
1716825600000,0.4655,0.4771,0.4644,0.4676,13563011
1716840000000,0.4676,0.4771,0.467,0.4693,9475639
1716854400000,0.4693,0.473,0.4569,0.4597,14302059
1716868800000,0.4597,0.4597,0.4481,0.4497,12268992
1716883200000,0.4497,0.4579,0.4474,0.4539,8330814
1716897600000,0.4538,0.4548,0.4459,0.4524,15039678
1716912000000,0.4524,0.4561,0.4465,0.4556,6799915
1716926400000,0.4556,0.4616,0.4525,0.4549,6693602
1716940800000,0.4549,0.4599,0.4495,0.4581,5644216
1716955200000,0.458,0.474,0.4576,0.4685,15162045
1716969600000,0.4685,0.477,0.4625,0.4627,21738491
1716984000000,0.4627,0.4691,0.4591,0.4601,13005770
1716998400000,0.4601,0.4679,0.4548,0.4572,10982377
1717012800000,0.4573,0.4583,0.4526,0.4533,5661029
1717027200000,0.4533,0.4627,0.4525,0.4623,7284183
1717041600000,0.4623,0.4641,0.4414,0.4434,15233747
1717056000000,0.4434,0.4504,0.4392,0.447,10296172
1717070400000,0.4471,0.4549,0.4463,0.4519,11113454
1717084800000,0.4519,0.4588,0.4512,0.4532,9221963
1717099200000,0.4531,0.4532,0.445,0.4454,7180175
1717113600000,0.4455,0.447,0.4409,0.4461,5820829
1717128000000,0.4461,0.4471,0.4388,0.4415,7966377
1717142400000,0.4414,0.443,0.4361,0.4393,8446178
1717156800000,0.4394,0.4451,0.4324,0.433,14527010
1717171200000,0.4329,0.4448,0.4285,0.4434,17353631
1717185600000,0.4435,0.4475,0.4427,0.4448,5772026
1717200000000,0.4447,0.4481,0.4442,0.4473,5709839
1717214400000,0.4473,0.4486,0.4423,0.4426,5469148
1717228800000,0.4427,0.4462,0.4425,0.4459,5176826
1717243200000,0.4459,0.4512,0.445,0.4471,9139982
1717257600000,0.4471,0.4485,0.4444,0.4468,5243900
1717272000000,0.4467,0.4535,0.4467,0.4498,8699094
1717286400000,0.4498,0.4621,0.4482,0.459,10815930
1717300800000,0.4591,0.4611,0.4535,0.4542,7102325
1717315200000,0.4542,0.4564,0.4486,0.454,8346363
1717329600000,0.454,0.4577,0.4502,0.4555,9066334
1717344000000,0.4555,0.4572,0.4435,0.4471,9775879
1717358400000,0.447,0.4476,0.4416,0.4418,5762073
1717372800000,0.4417,0.459,0.4367,0.4581,16580480
1717387200000,0.4581,0.4766,0.458,0.468,35925057
1717401600000,0.4681,0.471,0.4608,0.4623,15380818
1717416000000,0.4623,0.4657,0.4568,0.4628,15518650
1717430400000,0.4629,0.4654,0.4576,0.4582,8757622
1717444800000,0.4583,0.4583,0.4498,0.4512,10534323
1717459200000,0.4511,0.4574,0.4501,0.453,11504642
1717473600000,0.4529,0.4547,0.448,0.4527,8254999
1717488000000,0.4527,0.4565,0.4495,0.4563,6798618
1717502400000,0.4562,0.4667,0.455,0.4621,14866339
1717516800000,0.4621,0.4669,0.4599,0.4661,8789608
1717531200000,0.4661,0.4678,0.4629,0.467,5787838
1717545600000,0.467,0.4741,0.4669,0.4683,8335480
1717560000000,0.4685,0.4735,0.4673,0.4687,8055309
1717574400000,0.4686,0.4709,0.4633,0.4701,7563150
1717588800000,0.47,0.4749,0.4656,0.4733,9948295
1717603200000,0.4733,0.4755,0.4706,0.4733,6996779
1717617600000,0.4734,0.4749,0.4691,0.4723,4685593
1717632000000,0.4723,0.4728,0.4689,0.4698,3756085
1717646400000,0.4698,0.4713,0.4668,0.4711,6223633
1717660800000,0.4711,0.48,0.468,0.4796,9356118
1717675200000,0.4795,0.487,0.4726,0.4835,26006418
1717689600000,0.4835,0.4881,0.4751,0.4761,17837149
1717704000000,0.4762,0.4808,0.471,0.4768,7703131
1717718400000,0.4768,0.4794,0.4691,0.4706,9570430
1717732800000,0.4705,0.4742,0.4688,0.4709,8127066
1717747200000,0.4709,0.4726,0.467,0.4719,7810673
1717761600000,0.4719,0.4799,0.46,0.4765,19107337
1717776000000,0.4766,0.4783,0.3987,0.4353,63935282
1717790400000,0.4353,0.4417,0.4325,0.4363,9628572
1717804800000,0.4364,0.4397,0.4322,0.4379,8037462
1717819200000,0.4379,0.4387,0.4329,0.4334,5435321
1717833600000,0.4334,0.4334,0.4202,0.4214,9308046
1717848000000,0.4214,0.4243,0.4131,0.4134,17445957
1717862400000,0.4135,0.4155,0.408,0.4107,9455146
1717876800000,0.4107,0.4136,0.4072,0.4121,8883705
1717891200000,0.4121,0.4182,0.4095,0.4142,9014151
1717905600000,0.4142,0.4176,0.4109,0.417,4672945
1717920000000,0.417,0.4187,0.4159,0.4166,3452492
1717934400000,0.4165,0.4203,0.4146,0.4192,5668641
1717948800000,0.4192,0.4252,0.4179,0.4241,4723860
1717963200000,0.4241,0.4247,0.4202,0.4214,3280914
1717977600000,0.4214,0.424,0.4171,0.4191,5510589
1717992000000,0.4191,0.4213,0.4101,0.4108,8535068
1718006400000,0.4108,0.423,0.4108,0.4202,6336225
1718020800000,0.4203,0.4265,0.4131,0.4247,10155465
1718035200000,0.4248,0.4253,0.4162,0.417,7307763
1718049600000,0.417,0.4174,0.4119,0.4136,5522642
1718064000000,0.4137,0.4144,0.4,0.4063,17084833
1718078400000,0.4062,0.4076,0.3974,0.4009,12326097
1718092800000,0.4009,0.4052,0.3987,0.4002,9429766
1718107200000,0.4002,0.4018,0.3836,0.3901,25865161
1718121600000,0.39,0.3993,0.3871,0.3963,14989641
1718136000000,0.3962,0.3965,0.3922,0.393,5652334
1718150400000,0.3931,0.3979,0.3866,0.3973,10066831
1718164800000,0.3974,0.3991,0.3954,0.3974,6414123
1718179200000,0.3973,0.4022,0.3959,0.3971,7808321
1718193600000,0.3971,0.4179,0.397,0.4142,18401700
1718208000000,0.4142,0.4186,0.4036,0.4063,22701371
1718222400000,0.4062,0.415,0.4043,0.413,5979122
1718236800000,0.4129,0.4141,0.3978,0.4048,13635983
1718251200000,0.4048,0.4067,0.3996,0.4022,5523094
1718265600000,0.4022,0.4031,0.3983,0.3993,5290043
1718280000000,0.3992,0.4071,0.3942,0.3955,14262049
1718294400000,0.3954,0.402,0.3933,0.3993,7150654
1718308800000,0.3993,0.4007,0.3929,0.3962,5237863
1718323200000,0.3962,0.4012,0.393,0.3977,10948560
1718337600000,0.3978,0.4011,0.3974,0.3993,4045544
1718352000000,0.3993,0.4011,0.3969,0.3984,5156442
1718366400000,0.3985,0.4005,0.3894,0.3921,10597508
1718380800000,0.392,0.3923,0.3731,0.3769,28341791
1718395200000,0.3769,0.386,0.3763,0.3837,7808104
1718409600000,0.3836,0.3871,0.3828,0.3871,4235904
1718424000000,0.3872,0.3912,0.3858,0.3888,4718624
1718438400000,0.3888,0.3901,0.3867,0.3882,3643588
1718452800000,0.3883,0.393,0.3873,0.391,5424651
1718467200000,0.391,0.392,0.3863,0.388,4191920
1718481600000,0.3881,0.3888,0.3856,0.3885,2895592
1718496000000,0.3885,0.3896,0.384,0.3846,5063747
1718510400000,0.3846,0.3897,0.3816,0.3886,4500083
1718524800000,0.3885,0.3895,0.386,0.3871,3667749
1718539200000,0.3871,0.3906,0.3859,0.3892,4237905
1718553600000,0.3891,0.3892,0.3846,0.3857,5242981
1718568000000,0.3856,0.3889,0.3832,0.3851,5074194
1718582400000,0.385,0.3868,0.372,0.3731,16695084
1718596800000,0.3732,0.3764,0.3645,0.3686,14181512
1718611200000,0.3686,0.3705,0.3551,0.3608,19338704
1718625600000,0.3607,0.3613,0.3545,0.3569,13364335
1718640000000,0.3569,0.3654,0.3441,0.3614,22178985
1718654400000,0.3613,0.3615,0.3492,0.3499,11284494
1718668800000,0.35,0.3514,0.3031,0.3212,61565455
1718683200000,0.3212,0.3254,0.3197,0.324,12924634
1718697600000,0.3241,0.327,0.3182,0.3216,10877519
1718712000000,0.3217,0.3225,0.3043,0.3182,35228710
1718726400000,0.3182,0.3186,0.3106,0.3182,14772670
1718740800000,0.3181,0.325,0.3163,0.3241,12145269
1718755200000,0.3241,0.3346,0.3206,0.3313,16447184
1718769600000,0.3313,0.3345,0.3302,0.3323,7166054
1718784000000,0.3322,0.3327,0.3262,0.3284,7699502
1718798400000,0.3283,0.3322,0.3266,0.3297,8694021
1718812800000,0.3297,0.337,0.3283,0.3338,8389006
1718827200000,0.3338,0.3362,0.331,0.3336,6104165
1718841600000,0.3337,0.3406,0.3316,0.3346,8404807
1718856000000,0.3345,0.3449,0.3327,0.3447,7037197
1718870400000,0.3446,0.3473,0.3399,0.3432,7534158
1718884800000,0.3432,0.3443,0.3328,0.3338,11586837
1718899200000,0.3339,0.3379,0.3297,0.3369,8382583
1718913600000,0.3369,0.3374,0.333,0.3346,4562936
1718928000000,0.3346,0.3437,0.3309,0.3418,12115381
1718942400000,0.3417,0.3436,0.3345,0.3371,8507797
1718956800000,0.3371,0.3418,0.3319,0.3404,9781580
1718971200000,0.3403,0.343,0.3335,0.3388,10706014
1718985600000,0.3388,0.34,0.3307,0.3335,9550419
1719000000000,0.3335,0.3361,0.3306,0.333,5363124
1719014400000,0.333,0.3332,0.3281,0.332,5957817
1719028800000,0.332,0.334,0.3302,0.3307,3829072
1719043200000,0.3307,0.3322,0.3273,0.3315,4705075
1719057600000,0.3316,0.3329,0.3306,0.3323,3135529
1719072000000,0.3324,0.3347,0.331,0.3316,3014566
1719086400000,0.3317,0.332,0.3296,0.3301,2546017
1719100800000,0.3301,0.3355,0.3297,0.3349,5498650
1719115200000,0.335,0.3351,0.3324,0.3333,2837838
1719129600000,0.3332,0.3349,0.3313,0.3326,3120584
1719144000000,0.3326,0.3327,0.325,0.3268,5527408
1719158400000,0.3269,0.3272,0.3223,0.3262,7268070
1719172800000,0.3262,0.3283,0.32,0.3252,8163133
1719187200000,0.3251,0.3286,0.3216,0.3263,8259082
1719201600000,0.3263,0.3267,0.3166,0.3181,13294835
1719216000000,0.3181,0.3223,0.3052,0.3188,19243567
1719230400000,0.3187,0.3269,0.3185,0.3221,12149786
1719244800000,0.322,0.3286,0.3207,0.3231,16910457
1719259200000,0.3231,0.3332,0.319,0.3329,14379350
1719273600000,0.333,0.3386,0.3322,0.3364,7523771
1719288000000,0.3364,0.3377,0.3338,0.3346,4610402
1719302400000,0.3346,0.3372,0.3332,0.3358,5580229
1719316800000,0.3358,0.3431,0.3335,0.3418,9113247
1719331200000,0.3418,0.343,0.3386,0.3417,6171317
1719345600000,0.3417,0.3418,0.3377,0.3387,3502745
1719360000000,0.3386,0.3422,0.3351,0.338,6478855
1719374400000,0.338,0.3385,0.335,0.3376,3805348
1719388800000,0.3376,0.3396,0.3354,0.338,4389669
1719403200000,0.3379,0.3406,0.336,0.3372,5705849
1719417600000,0.3372,0.3386,0.3315,0.3386,6940485
1719432000000,0.3385,0.3408,0.3354,0.336,3768115
1719446400000,0.336,0.3363,0.3319,0.3335,4591464
1719460800000,0.3335,0.3349,0.3323,0.3336,4761427
1719475200000,0.3337,0.3391,0.3333,0.3379,6355652
1719489600000,0.338,0.3453,0.3378,0.342,11485579
1719504000000,0.3421,0.3459,0.3407,0.3451,5278807
1719518400000,0.3451,0.3463,0.3441,0.3452,3256648
1719532800000,0.3451,0.3454,0.339,0.3411,7390285
1719547200000,0.3411,0.3412,0.3359,0.3377,5214773
1719561600000,0.3379,0.3453,0.3372,0.3439,4427924
1719576000000,0.3438,0.3471,0.3415,0.345,8575397
1719590400000,0.345,0.3463,0.3389,0.3452,9359790
1719604800000,0.3453,0.3487,0.3404,0.3406,7549249
1719619200000,0.3407,0.3479,0.3397,0.3453,7324065
1719633600000,0.3454,0.3463,0.3417,0.3424,3794127
1719648000000,0.3424,0.3427,0.3393,0.3404,4980514
1719662400000,0.3405,0.3405,0.3366,0.3379,5167014
1719676800000,0.3379,0.338,0.3321,0.3337,5239328
1719691200000,0.3338,0.3344,0.3297,0.3305,4955055
1719705600000,0.3305,0.3332,0.3272,0.3295,7608715
1719720000000,0.3295,0.3357,0.3279,0.3339,6958487
1719734400000,0.3339,0.3355,0.3324,0.3334,7372008
1719748800000,0.3334,0.3362,0.3313,0.3356,7265093
1719763200000,0.3356,0.336,0.3322,0.3344,7209333
1719777600000,0.3343,0.3405,0.3316,0.3389,7558106
1719792000000,0.3389,0.3454,0.3364,0.3426,8327860
1719806400000,0.3426,0.3429,0.339,0.3411,4675322
1719820800000,0.3411,0.3441,0.3393,0.3404,5875269
1719835200000,0.3404,0.3416,0.3332,0.3375,8361901
1719849600000,0.3376,0.3454,0.3369,0.3448,6826674
1719864000000,0.3448,0.3453,0.3391,0.3407,6626301
1719878400000,0.3407,0.344,0.3391,0.3436,5809945
1719892800000,0.3436,0.3484,0.3433,0.3452,8426820
1719907200000,0.3451,0.3468,0.3436,0.3443,5206905
1719921600000,0.3443,0.3516,0.3427,0.3443,11285397
1719936000000,0.3442,0.3483,0.3395,0.3469,8986840
1719950400000,0.347,0.3478,0.343,0.3444,3220126
1719964800000,0.3444,0.3461,0.3329,0.3377,8832817
1719979200000,0.3377,0.3415,0.3355,0.3398,4546384
1719993600000,0.3397,0.3431,0.3332,0.3363,11532898
1720008000000,0.3364,0.3371,0.33,0.3311,10588318
1720022400000,0.3312,0.3322,0.3213,0.3244,10457787
1720036800000,0.3244,0.3258,0.3219,0.3235,5984196
1720051200000,0.3235,0.325,0.306,0.3133,25413778
1720065600000,0.3133,0.3143,0.3074,0.3099,8753215
1720080000000,0.3098,0.3111,0.3044,0.306,12428854
1720094400000,0.3059,0.3063,0.2937,0.3018,20016021
1720108800000,0.3019,0.3022,0.2977,0.2981,9765925
1720123200000,0.2981,0.3024,0.2885,0.2909,16375695
1720137600000,0.291,0.2911,0.2555,0.2618,85149180
1720152000000,0.2617,0.272,0.2554,0.2673,29929342
1720166400000,0.2672,0.275,0.2583,0.2738,30270914
1720180800000,0.2738,0.2904,0.2713,0.2896,27738879
1720195200000,0.2896,0.2977,0.2881,0.2956,13510396
1720209600000,0.2955,0.2962,0.2905,0.291,10124901
1720224000000,0.2911,0.3009,0.2896,0.293,13152011
1720238400000,0.293,0.3031,0.2921,0.3015,8963895
1720252800000,0.3015,0.3053,0.2994,0.3043,13713825
1720267200000,0.3044,0.3092,0.302,0.3078,15045077
1720281600000,0.3077,0.3189,0.3068,0.3157,10523679
1720296000000,0.3157,0.3171,0.3136,0.3142,5782776
1720310400000,0.3142,0.3151,0.3093,0.3138,7444388
1720324800000,0.3139,0.314,0.3071,0.3098,7348246
1720339200000,0.3098,0.3141,0.3084,0.3109,6818451
1720353600000,0.3109,0.3127,0.3001,0.3031,14047129
1720368000000,0.3031,0.3082,0.3021,0.304,7194366
1720382400000,0.304,0.3049,0.2928,0.2949,9313708
1720396800000,0.2949,0.2967,0.2809,0.2913,20989767
1720411200000,0.2912,0.2978,0.2903,0.2933,9682248
1720425600000,0.2933,0.3144,0.2926,0.313,16529658
1720440000000,0.313,0.3133,0.2944,0.3018,27994558
1720454400000,0.3019,0.3066,0.2988,0.3058,8513240
1720468800000,0.3058,0.3074,0.3022,0.3037,6035274
1720483200000,0.3036,0.3099,0.3016,0.3051,9957955
1720497600000,0.3052,0.3076,0.302,0.3063,6643106
1720512000000,0.3063,0.3106,0.3038,0.307,7412453
1720526400000,0.3069,0.3129,0.305,0.3088,8835827
1720540800000,0.3087,0.3113,0.307,0.3109,5271134
1720555200000,0.3109,0.3117,0.3083,0.3102,3698580
1720569600000,0.3103,0.311,0.306,0.3101,6155942
1720584000000,0.3101,0.3191,0.3099,0.3154,8982707
1720598400000,0.3154,0.3156,0.3095,0.3107,5487820
1720612800000,0.3107,0.3134,0.3064,0.3119,7142052
1720627200000,0.312,0.3142,0.31,0.3121,3624963
1720641600000,0.3121,0.3124,0.3086,0.3119,2946703
1720656000000,0.3119,0.318,0.3099,0.3125,6147669
1720670400000,0.3125,0.3177,0.3117,0.3173,2834257
1720684800000,0.3173,0.3191,0.3158,0.3178,3961341
1720699200000,0.3178,0.3254,0.3144,0.3161,16875654
1720713600000,0.3161,0.3246,0.3139,0.3206,9491487
1720728000000,0.3205,0.3206,0.3113,0.3127,8128336
1720742400000,0.3126,0.316,0.3094,0.3133,6722257
1720756800000,0.3134,0.3184,0.3111,0.3162,5048697
1720771200000,0.3162,0.3176,0.3109,0.3124,6118048
1720785600000,0.3124,0.3215,0.312,0.3195,7707600
1720800000000,0.3195,0.326,0.3178,0.3215,6789373
1720814400000,0.3215,0.3249,0.3192,0.3246,3424308
1720828800000,0.3245,0.3251,0.3219,0.3244,3520685
1720843200000,0.3244,0.3292,0.3236,0.3279,4308498
1720857600000,0.3279,0.3316,0.3277,0.3296,4143079
1720872000000,0.3296,0.3319,0.326,0.3318,4129123
1720886400000,0.3317,0.3346,0.3304,0.3341,6484391
1720900800000,0.3341,0.3365,0.3311,0.3344,7218132
1720915200000,0.3344,0.3353,0.3307,0.331,4298688
1720929600000,0.331,0.3358,0.331,0.3323,5508540
1720944000000,0.3322,0.3338,0.3296,0.3303,4133469
1720958400000,0.3302,0.3355,0.3277,0.335,6541647
1720972800000,0.3349,0.335,0.3313,0.3315,2843730
1720987200000,0.3315,0.3428,0.3305,0.3426,8038618
1721001600000,0.3426,0.3472,0.3423,0.3452,7226407
1721016000000,0.3453,0.3461,0.3415,0.3444,5623480
1721030400000,0.3444,0.3453,0.3392,0.3399,7203279
1721044800000,0.34,0.3437,0.3392,0.3412,6922806
1721059200000,0.3413,0.3545,0.3405,0.3532,11083139
1721073600000,0.3532,0.3627,0.3524,0.3613,10310842
1721088000000,0.3613,0.367,0.3597,0.367,8983929
1721102400000,0.3669,0.3684,0.3515,0.3523,17365880
1721116800000,0.3523,0.3577,0.3487,0.3544,8329414
1721131200000,0.3544,0.3642,0.35,0.3635,11820535
1721145600000,0.3636,0.3683,0.3605,0.3626,10141720
1721160000000,0.3625,0.3636,0.3579,0.3596,5968924
1721174400000,0.3596,0.3672,0.3593,0.3628,6866988
1721188800000,0.3627,0.3692,0.3623,0.3682,6516783
1721203200000,0.3683,0.3717,0.3631,0.3652,10360189
1721217600000,0.3652,0.3709,0.3629,0.3632,10840363
1721232000000,0.3633,0.3634,0.3555,0.3612,12185861
1721246400000,0.3612,0.3626,0.3572,0.3575,4869236
1721260800000,0.3576,0.3709,0.3575,0.3668,12080516
1721275200000,0.3668,0.3706,0.3638,0.3646,7990491
1721289600000,0.3647,0.366,0.3475,0.3528,28920189
1721304000000,0.3528,0.3568,0.3363,0.3371,25083173
1721318400000,0.3371,0.3399,0.3316,0.3358,15064344
1721332800000,0.3357,0.34,0.3337,0.3384,6317675
1721347200000,0.3384,0.3468,0.3323,0.3465,13710450
1721361600000,0.3465,0.3481,0.3401,0.3408,9688644
1721376000000,0.3409,0.3432,0.3376,0.3426,8891734
1721390400000,0.3426,0.3503,0.341,0.3502,12723456
1721404800000,0.3501,0.3613,0.35,0.3608,11927368
1721419200000,0.3608,0.3632,0.3569,0.3582,8611749
1721433600000,0.3582,0.3591,0.3548,0.3572,4925602
1721448000000,0.3573,0.3614,0.3556,0.3595,5113646
1721462400000,0.3594,0.3623,0.3559,0.3589,9400066
1721476800000,0.359,0.3643,0.3558,0.364,8066505
1721491200000,0.364,0.364,0.3584,0.3587,8619897
1721505600000,0.3587,0.3597,0.3554,0.3568,3868189
1721520000000,0.3567,0.3614,0.3565,0.3586,3681700
1721534400000,0.3586,0.3587,0.3505,0.3524,4490619
1721548800000,0.3525,0.3556,0.3518,0.3536,4659249
1721563200000,0.3537,0.3561,0.3474,0.3535,7364074
1721577600000,0.3535,0.3576,0.3401,0.354,13840557
1721592000000,0.3539,0.3647,0.3536,0.363,7896692
1721606400000,0.3631,0.3652,0.3545,0.3546,7634727
1721620800000,0.3546,0.3547,0.3445,0.3472,7165911
1721635200000,0.3471,0.351,0.3455,0.3506,5881185
1721649600000,0.3506,0.3524,0.3431,0.3454,9155939
1721664000000,0.3454,0.3495,0.3445,0.3495,4935024
1721678400000,0.3496,0.3501,0.3408,0.3434,6551021
1721692800000,0.3433,0.3517,0.3421,0.3473,5872012
1721707200000,0.3474,0.3482,0.3362,0.3387,8617041
1721721600000,0.3388,0.3467,0.3384,0.3414,6741218
1721736000000,0.3413,0.3429,0.3349,0.337,12054810
1721750400000,0.3369,0.337,0.3245,0.3334,16059916
1721764800000,0.3334,0.3346,0.3294,0.3312,5795534
1721779200000,0.3311,0.3342,0.328,0.332,6950510
1721793600000,0.332,0.3358,0.3287,0.3355,3954662
1721808000000,0.3355,0.3401,0.3343,0.3388,8427314
1721822400000,0.3388,0.3414,0.3353,0.3357,7164801
1721836800000,0.3357,0.3398,0.3316,0.3326,6497216
1721851200000,0.3327,0.3339,0.325,0.3274,8576249
1721865600000,0.3273,0.3291,0.3121,0.3157,21433315
1721880000000,0.3157,0.3207,0.3142,0.3176,7745302
1721894400000,0.3175,0.3194,0.3148,0.317,4182563
1721908800000,0.3169,0.3212,0.3122,0.3183,10273179
1721923200000,0.3183,0.3214,0.3103,0.3148,9825165
1721937600000,0.3148,0.323,0.3101,0.3207,9193772
1721952000000,0.3207,0.328,0.3199,0.3264,6618960
1721966400000,0.3264,0.3313,0.326,0.3292,4124441
1721980800000,0.3291,0.3315,0.3288,0.3302,3476336
1721995200000,0.3302,0.3341,0.3283,0.3316,7195558
1722009600000,0.3315,0.3394,0.3315,0.3379,5499329
1722024000000,0.3379,0.3424,0.3365,0.3422,3577276
1722038400000,0.3422,0.346,0.3413,0.3446,6309734
1722052800000,0.3447,0.3498,0.3444,0.3464,6921801
1722067200000,0.3464,0.3493,0.345,0.3466,6590032
1722081600000,0.3466,0.3526,0.3442,0.3472,8898192
1722096000000,0.3471,0.3504,0.3444,0.3486,9215354
1722110400000,0.3486,0.3526,0.3425,0.3486,10588841
1722124800000,0.3487,0.3494,0.3451,0.3452,5589549
1722139200000,0.3451,0.3455,0.3395,0.3432,5673624
1722153600000,0.3432,0.3459,0.3425,0.3438,2569837
1722168000000,0.3438,0.3443,0.3397,0.3408,4230170
1722182400000,0.3409,0.3423,0.3393,0.3396,3772299
1722196800000,0.3396,0.3397,0.3344,0.336,4962532
1722211200000,0.336,0.3481,0.3357,0.3433,9238214
1722225600000,0.3433,0.3459,0.3415,0.3444,5601282
1722240000000,0.3444,0.3469,0.3425,0.3435,4301687
1722254400000,0.3435,0.347,0.3323,0.3358,13456135
1722268800000,0.3359,0.3371,0.3295,0.3355,9966833
1722283200000,0.3355,0.3363,0.3311,0.3319,4587273
1722297600000,0.3318,0.3388,0.3291,0.337,8101980
1722312000000,0.3369,0.3415,0.3359,0.3414,5394089
1722326400000,0.3414,0.3425,0.339,0.3402,5992080
1722340800000,0.3402,0.3413,0.3343,0.3372,8590173
1722355200000,0.3373,0.3392,0.3261,0.328,12794392
1722369600000,0.328,0.3318,0.3227,0.3296,8329631
1722384000000,0.3296,0.3337,0.3253,0.33,7087344
1722398400000,0.3299,0.3356,0.325,0.332,5847701
1722412800000,0.3321,0.3331,0.3271,0.3299,4723901
1722427200000,0.33,0.3337,0.3276,0.328,5540651
1722441600000,0.328,0.33,0.3111,0.3149,36560911
1722456000000,0.3148,0.3157,0.3076,0.3114,17923105
1722470400000,0.3114,0.3153,0.3104,0.3114,9982738
1722484800000,0.3113,0.3119,0.3044,0.3102,14236037
1722499200000,0.3103,0.3134,0.3097,0.3108,6218058
1722513600000,0.3108,0.3134,0.3001,0.3011,15859521
1722528000000,0.3011,0.3021,0.2894,0.2989,27055061
1722542400000,0.2988,0.3124,0.296,0.3089,12006649
1722556800000,0.3088,0.3113,0.3003,0.3041,20386079
1722571200000,0.3041,0.3051,0.2967,0.3005,13752878
1722585600000,0.3005,0.3044,0.2979,0.3022,6872755
1722600000000,0.3022,0.3081,0.2823,0.2929,34727838
1722614400000,0.2929,0.2938,0.2857,0.2889,10630695
1722628800000,0.2889,0.2912,0.2833,0.2867,10369957
1722643200000,0.2867,0.2901,0.2784,0.29,13130490
1722657600000,0.29,0.2928,0.2881,0.2918,5943356
1722672000000,0.2919,0.2954,0.2909,0.2953,5952942
1722686400000,0.2953,0.2977,0.2829,0.2835,9160560
1722700800000,0.2835,0.2852,0.2691,0.2692,27409136
1722715200000,0.2693,0.2792,0.2679,0.2774,13373126
1722729600000,0.2773,0.2843,0.2764,0.2815,6461721
1722744000000,0.2814,0.2832,0.2784,0.2789,5981731
1722758400000,0.279,0.2815,0.277,0.2797,7626496
1722772800000,0.2798,0.2814,0.2671,0.2677,14237372
1722787200000,0.2678,0.2735,0.2556,0.2721,32773246
1722801600000,0.272,0.2752,0.2659,0.2667,12166274
1722816000000,0.2668,0.2698,0.222,0.236,94652720
1722830400000,0.2361,0.2408,0.2151,0.2386,80199605
1722844800000,0.2386,0.2389,0.221,0.2293,42531079
1722859200000,0.2293,0.2586,0.2214,0.2577,74528525
1722873600000,0.2577,0.262,0.2475,0.2509,32526417
1722888000000,0.2508,0.2579,0.2506,0.253,17072596
1722902400000,0.2531,0.2672,0.2524,0.2598,19196888
1722916800000,0.2599,0.266,0.2585,0.2649,11545081
1722931200000,0.2649,0.2649,0.2567,0.2582,13951890
1722945600000,0.2581,0.2675,0.2537,0.2652,21008328
1722960000000,0.2653,0.2681,0.2632,0.264,10802380
1722974400000,0.264,0.2678,0.2618,0.2648,11110242
1722988800000,0.2648,0.2712,0.2622,0.2678,13841207
1723003200000,0.2678,0.271,0.2652,0.2672,8004760
1723017600000,0.2671,0.27,0.2644,0.2651,9687333
1723032000000,0.2651,0.2689,0.2545,0.2571,23242726
1723046400000,0.257,0.2577,0.2493,0.2522,19180203
1723060800000,0.2521,0.2563,0.2495,0.2547,16581966
1723075200000,0.2547,0.2675,0.249,0.2635,19414624
1723089600000,0.2636,0.2664,0.263,0.2636,6873076
1723104000000,0.2637,0.2646,0.2615,0.2628,6124998
1723118400000,0.2628,0.2715,0.2621,0.2707,19835050
1723132800000,0.2708,0.2735,0.2697,0.2704,10649399
1723147200000,0.2704,0.2803,0.2701,0.2788,11540147
1723161600000,0.2788,0.2788,0.2746,0.2764,8169583
1723176000000,0.2762,0.2777,0.2717,0.2761,5968418
1723190400000,0.2761,0.2781,0.2742,0.2778,11759158
1723204800000,0.2779,0.2795,0.2713,0.2728,14825701
1723219200000,0.2728,0.2774,0.2719,0.276,7711904
1723233600000,0.276,0.2782,0.2741,0.2779,6220714
1723248000000,0.2778,0.2817,0.274,0.2754,8924378
1723262400000,0.2754,0.2783,0.2732,0.2782,9103712
1723276800000,0.2782,0.2823,0.2768,0.2815,8964903
1723291200000,0.2816,0.2817,0.2772,0.2799,7444586
1723305600000,0.2799,0.2854,0.279,0.2848,8686566
1723320000000,0.2848,0.2862,0.2817,0.2823,5955182
1723334400000,0.2823,0.2843,0.2805,0.2815,7100817
1723348800000,0.2816,0.2818,0.2794,0.2806,4990412
1723363200000,0.2807,0.2833,0.2763,0.2769,8966507
1723377600000,0.2769,0.2779,0.2705,0.2716,9399585
1723392000000,0.2716,0.274,0.2666,0.2674,9670293
1723406400000,0.2674,0.2675,0.2619,0.2633,11402635
1723420800000,0.2633,0.2687,0.2631,0.2671,7588388
1723435200000,0.2671,0.2698,0.2619,0.2691,7111687
1723449600000,0.269,0.2772,0.2686,0.2765,16466964
1723464000000,0.2766,0.2808,0.2661,0.2798,25771155
1723478400000,0.2799,0.2816,0.2742,0.2762,11164750
1723492800000,0.2763,0.2814,0.274,0.2797,7154356
1723507200000,0.2798,0.2802,0.2736,0.2738,8313155
1723521600000,0.2738,0.2776,0.2721,0.2755,4144626
1723536000000,0.2755,0.2759,0.27,0.2713,6230040
1723550400000,0.2714,0.2767,0.2709,0.2766,9032174
1723564800000,0.2765,0.2882,0.2763,0.2847,12676263
1723579200000,0.2848,0.2854,0.2816,0.2825,5394155
1723593600000,0.2825,0.283,0.2783,0.2796,4534474
1723608000000,0.2796,0.2807,0.277,0.2774,4125473
1723622400000,0.2774,0.2804,0.2758,0.2772,5996004
1723636800000,0.2771,0.2816,0.2683,0.2753,19947907
1723651200000,0.2753,0.2758,0.2715,0.2727,5962673
1723665600000,0.2727,0.2737,0.2703,0.2729,3513277
1723680000000,0.273,0.2765,0.2717,0.2759,4943088
1723694400000,0.2758,0.2773,0.2728,0.2766,7657916
1723708800000,0.2766,0.2813,0.2745,0.2771,11952146
1723723200000,0.2772,0.2832,0.2771,0.2792,11563100
1723737600000,0.2792,0.281,0.2666,0.2696,19464638
1723752000000,0.2696,0.2698,0.265,0.2682,14055001
1723766400000,0.2682,0.2702,0.2651,0.2665,6623238
1723780800000,0.2665,0.2713,0.266,0.2696,4735786
1723795200000,0.2697,0.2701,0.2664,0.2669,4787472
1723809600000,0.2669,0.2679,0.2585,0.2607,18789059
1723824000000,0.2606,0.2681,0.2601,0.2664,11340876
1723838400000,0.2665,0.2672,0.2625,0.2628,5750418
1723852800000,0.2627,0.2637,0.2609,0.2619,6215360
1723867200000,0.2618,0.2636,0.2616,0.2634,3654491
1723881600000,0.2633,0.2638,0.2585,0.2587,10114515
1723896000000,0.2586,0.2636,0.2578,0.2624,9580832
1723910400000,0.2624,0.2654,0.262,0.2636,6687773
1723924800000,0.2636,0.266,0.2632,0.2659,3461690
1723939200000,0.2658,0.2671,0.2639,0.2642,6548629
1723953600000,0.2641,0.2651,0.2627,0.2646,4031195
1723968000000,0.2645,0.2693,0.2619,0.2683,13865811
1723982400000,0.2683,0.2745,0.2681,0.27,13496925
1723996800000,0.2701,0.2717,0.2675,0.2707,8199728
1724011200000,0.2708,0.2709,0.2647,0.2651,6585260
1724025600000,0.2652,0.2658,0.2601,0.2645,14720363
1724040000000,0.2645,0.2658,0.2622,0.2641,6981470
1724054400000,0.264,0.2664,0.2597,0.2627,10058125
1724068800000,0.2627,0.2657,0.261,0.2634,8140413
1724083200000,0.2634,0.2687,0.26,0.2674,10937983
1724097600000,0.2675,0.27,0.2674,0.2696,4767731
1724112000000,0.2697,0.2741,0.2677,0.2716,8918424
1724126400000,0.2717,0.2736,0.2709,0.2729,4460284
1724140800000,0.2729,0.2739,0.271,0.2716,4840412
1724155200000,0.2716,0.2749,0.2641,0.2664,10956713
1724169600000,0.2665,0.2698,0.2651,0.2692,6287737
1724184000000,0.2693,0.2713,0.2674,0.2691,4633814
1724198400000,0.2691,0.2719,0.2669,0.27,5494903
1724212800000,0.27,0.2743,0.27,0.274,4859153
1724227200000,0.274,0.2744,0.2708,0.2721,5930105
1724241600000,0.2721,0.2757,0.2682,0.2745,11414818
1724256000000,0.2746,0.2847,0.2732,0.2846,11589771
1724270400000,0.2846,0.2914,0.2831,0.2844,13094698
1724284800000,0.2843,0.2849,0.2784,0.2814,7153864
1724299200000,0.2815,0.2831,0.281,0.2823,5215714
1724313600000,0.2822,0.2868,0.2816,0.2852,6159083
1724328000000,0.2851,0.2853,0.2814,0.2829,6015659
1724342400000,0.283,0.2863,0.2827,0.2857,6468423
1724356800000,0.2858,0.2877,0.2855,0.2874,4329092
1724371200000,0.2875,0.2935,0.2864,0.2912,8649535
1724385600000,0.2912,0.2972,0.2911,0.2967,8202983
1724400000000,0.2967,0.2983,0.293,0.2931,6830505
1724414400000,0.2932,0.3019,0.2929,0.2998,15027074
1724428800000,0.2999,0.3093,0.2995,0.3073,12425163
1724443200000,0.3071,0.3124,0.3071,0.3085,7645534
1724457600000,0.3085,0.3116,0.3068,0.3078,6765451
1724472000000,0.3078,0.309,0.3053,0.3069,4697760
1724486400000,0.3068,0.3172,0.3067,0.314,11254239
1724500800000,0.3139,0.3179,0.3127,0.3149,10234748
1724515200000,0.3148,0.3219,0.3145,0.3195,7626390
1724529600000,0.3195,0.3207,0.3104,0.3165,12954042
1724544000000,0.3165,0.3173,0.3061,0.3105,12230364
1724558400000,0.3107,0.3134,0.3023,0.3041,8787795
1724572800000,0.304,0.31,0.3017,0.3083,7852058
1724587200000,0.3082,0.3131,0.3078,0.3104,5984967
1724601600000,0.3105,0.313,0.3077,0.3093,4752943
1724616000000,0.3093,0.3132,0.3057,0.3071,6264912
1724630400000,0.3071,0.3104,0.3015,0.3051,8832137
1724644800000,0.3052,0.3072,0.3009,0.3022,7231954
1724659200000,0.3022,0.3051,0.299,0.3005,9565383
1724673600000,0.3003,0.3013,0.2931,0.295,14232670
1724688000000,0.295,0.2969,0.288,0.2919,14074006
1724702400000,0.292,0.2938,0.2893,0.2897,4798648
1724716800000,0.2896,0.2943,0.2895,0.2934,7540166
1724731200000,0.2934,0.2973,0.292,0.2939,6731902
1724745600000,0.294,0.2947,0.286,0.2891,14572845
1724760000000,0.289,0.2925,0.2864,0.2899,10807945
1724774400000,0.2899,0.2947,0.2882,0.2936,7999899
1724788800000,0.2935,0.2935,0.2721,0.2783,24680345
1724803200000,0.2784,0.2789,0.2746,0.2783,9610827
1724817600000,0.2783,0.2789,0.2744,0.2746,6766163
1724832000000,0.2745,0.2863,0.2726,0.2818,10773897
1724846400000,0.2817,0.2839,0.2745,0.2769,14225326
1724860800000,0.2769,0.2813,0.2673,0.2763,19512679
1724875200000,0.2763,0.2815,0.2723,0.2746,10356111
1724889600000,0.2747,0.2777,0.274,0.2762,5574437
1724904000000,0.2762,0.2792,0.2751,0.278,7073517
1724918400000,0.2779,0.2815,0.2759,0.2788,7157858
1724932800000,0.2787,0.2827,0.2774,0.2809,8899527
1724947200000,0.2809,0.282,0.2682,0.2718,13947383
1724961600000,0.2718,0.2734,0.269,0.2722,5347104
1724976000000,0.2722,0.2741,0.2708,0.2721,7129573
1724990400000,0.2721,0.279,0.2718,0.2767,6707170
1725004800000,0.2767,0.2822,0.2766,0.2789,9164158
1725019200000,0.2789,0.2817,0.265,0.2658,21003767
1725033600000,0.2659,0.2757,0.2633,0.2716,14826810
1725048000000,0.2716,0.2732,0.2692,0.2721,11053458
1725062400000,0.2721,0.2739,0.271,0.273,7214435
1725076800000,0.2729,0.2744,0.2714,0.2717,3698645
1725091200000,0.2718,0.2722,0.2683,0.271,5532848
1725105600000,0.2711,0.2722,0.2691,0.2702,4272072
1725120000000,0.2703,0.2705,0.266,0.2668,5796533
1725134400000,0.2669,0.2707,0.266,0.2694,3349584
1725148800000,0.2694,0.2696,0.2644,0.2668,4700672
1725163200000,0.2668,0.2674,0.2622,0.2673,6620642
1725177600000,0.2673,0.2679,0.263,0.2651,4590264
1725192000000,0.2651,0.2662,0.2591,0.265,10059118
1725206400000,0.265,0.2662,0.2586,0.2639,9552069
1725220800000,0.2639,0.2652,0.252,0.2534,12260467
1725235200000,0.2534,0.2565,0.2526,0.2559,7653512
1725249600000,0.2559,0.2582,0.2529,0.2537,8404319
1725264000000,0.2536,0.2645,0.2535,0.2629,11422634
1725278400000,0.263,0.2654,0.2594,0.2627,9197437
1725292800000,0.2626,0.2645,0.2602,0.2617,7028311
1725307200000,0.2618,0.2677,0.2616,0.265,7374238
1725321600000,0.2649,0.2679,0.2643,0.2652,7172600
1725336000000,0.2653,0.2667,0.2642,0.2665,6053294
1725350400000,0.2665,0.2666,0.2633,0.2651,5683863
1725364800000,0.2652,0.2663,0.2541,0.2545,17383797
1725379200000,0.2545,0.2602,0.2536,0.2583,8700886
1725393600000,0.2583,0.2595,0.2543,0.2549,4941740
1725408000000,0.2549,0.2572,0.2416,0.2558,21501139
1725422400000,0.2558,0.2602,0.2553,0.2587,9076571
1725436800000,0.2588,0.26,0.2542,0.2558,9333192
1725451200000,0.2557,0.2647,0.2545,0.2635,14270694
1725465600000,0.2634,0.2677,0.2619,0.2635,11957217
1725480000000,0.2635,0.266,0.2631,0.2645,5933133
1725494400000,0.2646,0.2664,0.2595,0.2604,9068826
1725508800000,0.2604,0.264,0.2588,0.2634,6483213
1725523200000,0.2634,0.2641,0.2592,0.2596,3664205
1725537600000,0.2596,0.2647,0.2559,0.2579,11144016
1725552000000,0.2579,0.2602,0.2541,0.2556,8457024
1725566400000,0.2556,0.2584,0.2551,0.2578,6059134
1725580800000,0.2578,0.2616,0.2565,0.2595,5824917
1725595200000,0.2595,0.2602,0.2531,0.2565,8901616
1725609600000,0.2565,0.259,0.2553,0.2568,6216900
1725624000000,0.2567,0.2625,0.2504,0.2537,27297137
1725638400000,0.2538,0.2544,0.2451,0.2463,22280817
1725652800000,0.2462,0.2484,0.2385,0.2483,23822951
1725667200000,0.2482,0.25,0.2473,0.2481,4648351
1725681600000,0.2481,0.2552,0.2479,0.2549,6721896
1725696000000,0.2548,0.2562,0.2545,0.2555,4814289
1725710400000,0.2555,0.2598,0.2555,0.2582,5872299
1725724800000,0.2583,0.2588,0.2543,0.2575,6818504
1725739200000,0.2574,0.2575,0.2519,0.2544,6538703
1725753600000,0.2543,0.2563,0.2532,0.2559,4187510
1725768000000,0.2559,0.2596,0.2556,0.2592,5439762
1725782400000,0.2592,0.2608,0.2578,0.2589,5967401
1725796800000,0.259,0.2596,0.2539,0.2543,9396702
1725811200000,0.2543,0.2579,0.2531,0.2561,5215978
1725825600000,0.2561,0.2617,0.2545,0.258,9182636
1725840000000,0.2579,0.2601,0.2568,0.2587,6139549
1725854400000,0.2587,0.2627,0.2567,0.2625,6385846
1725868800000,0.2625,0.2663,0.2623,0.2627,10590167
1725883200000,0.2627,0.2652,0.2605,0.2646,11434261
1725897600000,0.2647,0.2699,0.2644,0.2695,19847369
1725912000000,0.2696,0.2718,0.2672,0.2674,8895063
1725926400000,0.2674,0.2678,0.2641,0.2645,5632848
1725940800000,0.2645,0.2672,0.2637,0.2667,11219968
1725955200000,0.2666,0.2674,0.2642,0.2667,6113875
1725969600000,0.2667,0.2673,0.2635,0.2648,9733471
1725984000000,0.2648,0.2716,0.2646,0.2712,11134117
1725998400000,0.2713,0.2721,0.2693,0.27,7487062
1726012800000,0.2701,0.2705,0.2629,0.2646,13028321
1726027200000,0.2646,0.2646,0.2602,0.2634,9006787
1726041600000,0.2634,0.2637,0.2612,0.2633,9696687
1726056000000,0.2632,0.2673,0.2576,0.2637,29646441
1726070400000,0.2636,0.2685,0.2632,0.2662,16035197
1726084800000,0.266,0.2675,0.2659,0.2662,5731422
1726099200000,0.2663,0.2723,0.2662,0.2704,9446713
1726113600000,0.2705,0.272,0.2702,0.2712,4559150
1726128000000,0.2712,0.2725,0.2701,0.2711,5635545
1726142400000,0.2711,0.2763,0.2688,0.2694,19145487
1726156800000,0.2694,0.2746,0.2694,0.2739,10014853
1726171200000,0.2739,0.2769,0.2729,0.2766,8036510
1726185600000,0.2765,0.2774,0.2741,0.2741,5610676
1726200000000,0.2741,0.2759,0.2736,0.2758,4018048
1726214400000,0.2758,0.279,0.275,0.2756,6270415
1726228800000,0.2757,0.2807,0.2735,0.2805,11512414
1726243200000,0.2806,0.2821,0.2787,0.279,7513233
1726257600000,0.2791,0.2827,0.2789,0.2802,5154221
1726272000000,0.2803,0.281,0.2789,0.2791,3758825
1726286400000,0.2792,0.2795,0.2754,0.2765,5350842
1726300800000,0.2765,0.2768,0.271,0.272,9674761
1726315200000,0.2719,0.2751,0.2717,0.274,7919070
1726329600000,0.274,0.2753,0.2707,0.2735,7642190
1726344000000,0.2735,0.2751,0.2734,0.2747,3820126
1726358400000,0.2747,0.2773,0.2744,0.2762,4395091
1726372800000,0.2761,0.2779,0.2752,0.2775,6112243
1726387200000,0.2775,0.2779,0.2748,0.276,6895533
1726401600000,0.276,0.2788,0.2754,0.2783,9121373
1726416000000,0.2782,0.2783,0.274,0.2745,11256966
1726430400000,0.2745,0.275,0.266,0.2688,17483852
1726444800000,0.2688,0.269,0.2616,0.2665,13340989
1726459200000,0.2664,0.2703,0.266,0.27,7362177
1726473600000,0.2698,0.2712,0.2658,0.2675,8057618
1726488000000,0.2674,0.2677,0.2621,0.264,16561516
1726502400000,0.2639,0.2657,0.2611,0.2623,11402111
1726516800000,0.2624,0.2651,0.2601,0.2643,7228160
1726531200000,0.2642,0.2666,0.262,0.2659,6730347
1726545600000,0.2658,0.2693,0.2656,0.2681,4911012
1726560000000,0.268,0.2718,0.268,0.2705,6335349
1726574400000,0.2704,0.2777,0.2697,0.2769,13354697
1726588800000,0.2769,0.2781,0.2721,0.2742,10102839
1726603200000,0.2741,0.2775,0.2734,0.2765,4780646
1726617600000,0.2766,0.2799,0.2745,0.279,6448590
1726632000000,0.2789,0.2796,0.2753,0.2774,5143012
1726646400000,0.2774,0.2776,0.2697,0.2717,8096257
1726660800000,0.2718,0.273,0.2659,0.2666,7815320
1726675200000,0.2665,0.2775,0.2649,0.2726,24535713
1726689600000,0.2726,0.2838,0.2702,0.2835,6634469
1726704000000,0.2836,0.2892,0.2834,0.2871,11993475
1726718400000,0.287,0.2896,0.2851,0.2894,7753926
1726732800000,0.2894,0.29,0.2864,0.2883,5028205
1726747200000,0.2882,0.2935,0.2874,0.2911,13119662
1726761600000,0.2911,0.2948,0.2903,0.2912,9335504
1726776000000,0.2911,0.292,0.2883,0.2906,6641815
1726790400000,0.2907,0.2976,0.2882,0.2974,7907818
1726804800000,0.2974,0.301,0.2971,0.2991,9090191
1726819200000,0.2991,0.2997,0.2956,0.2967,5638896
1726833600000,0.2966,0.2985,0.2936,0.2962,10337719
1726848000000,0.2964,0.2969,0.2906,0.2945,6370016
1726862400000,0.2945,0.2972,0.2939,0.2967,3732629
1726876800000,0.2968,0.2987,0.2948,0.2976,6614442
1726891200000,0.2976,0.2995,0.2955,0.2993,4247749
1726905600000,0.2994,0.3008,0.2977,0.3004,4730410
1726920000000,0.3005,0.3097,0.3002,0.3081,13200186
1726934400000,0.308,0.3113,0.308,0.3098,7137610
1726948800000,0.3097,0.3177,0.3097,0.3169,10690976
1726963200000,0.3169,0.3185,0.3097,0.3104,10154713
1726977600000,0.3104,0.3116,0.3076,0.3089,4771698
1726992000000,0.3088,0.3103,0.3046,0.3071,7715743
1727006400000,0.3071,0.3074,0.3021,0.3035,7556729
1727020800000,0.3034,0.3074,0.3012,0.3055,8422588
1727035200000,0.3054,0.3083,0.2981,0.3057,9565740
1727049600000,0.3058,0.3133,0.2992,0.3103,10827960
1727064000000,0.3104,0.3134,0.3073,0.3082,7287922
1727078400000,0.3081,0.309,0.3029,0.3055,12357032
1727092800000,0.3056,0.3083,0.3031,0.3053,9298959
1727107200000,0.3054,0.3067,0.3019,0.3058,6841958
1727121600000,0.3059,0.3084,0.3042,0.308,6685707
1727136000000,0.3081,0.3096,0.3017,0.3061,7354913
1727150400000,0.3062,0.3118,0.3029,0.31,8284445
1727164800000,0.31,0.3111,0.3071,0.3092,4813291
1727179200000,0.3093,0.312,0.3029,0.3072,11482394
1727193600000,0.3073,0.3134,0.3064,0.3132,7216691
1727208000000,0.3132,0.3165,0.3114,0.3154,7047182
1727222400000,0.3154,0.32,0.3139,0.3182,8169167
1727236800000,0.3181,0.3181,0.3096,0.3127,9049162
1727251200000,0.3128,0.3168,0.3124,0.3163,9154885
1727265600000,0.3163,0.318,0.3129,0.3131,10845552
1727280000000,0.3132,0.3169,0.3113,0.3115,8853933
1727294400000,0.3114,0.3146,0.3083,0.3096,6921404
1727308800000,0.3096,0.3126,0.3041,0.3126,7734210
1727323200000,0.3126,0.3202,0.3116,0.3192,9127085
1727337600000,0.3193,0.3209,0.3155,0.3202,8509127
1727352000000,0.3201,0.3247,0.3182,0.3233,15584119
1727366400000,0.3235,0.3264,0.3194,0.3194,7492752
1727380800000,0.3194,0.3232,0.3168,0.3231,6253464
1727395200000,0.323,0.3286,0.3223,0.3283,6604555
1727409600000,0.3284,0.3331,0.3275,0.3295,7825447
1727424000000,0.3296,0.3324,0.326,0.3283,7892634
1727438400000,0.3284,0.3375,0.3271,0.3324,14584284
1727452800000,0.3325,0.3365,0.3312,0.3337,8179706
1727467200000,0.3337,0.3365,0.333,0.335,7139541
1727481600000,0.3351,0.338,0.3334,0.3356,5157229
1727496000000,0.3356,0.3364,0.3278,0.3282,7677380
1727510400000,0.3281,0.3309,0.3212,0.3283,7737569
1727524800000,0.3284,0.3293,0.3236,0.3268,6236585
1727539200000,0.3268,0.329,0.325,0.3275,2924423
1727553600000,0.3275,0.3279,0.3225,0.3271,3072535
1727568000000,0.3271,0.3282,0.3235,0.3266,5213766
1727582400000,0.3265,0.3272,0.3176,0.3183,6302899
1727596800000,0.3183,0.3233,0.3168,0.3224,5538321
1727611200000,0.3225,0.324,0.3196,0.3227,9045474
1727625600000,0.3228,0.3279,0.3211,0.326,13482466
1727640000000,0.3259,0.3275,0.3198,0.3217,7086095
1727654400000,0.3217,0.3248,0.3163,0.3206,13582237
1727668800000,0.3207,0.3268,0.3171,0.3258,8740772
1727683200000,0.3258,0.3261,0.3113,0.3128,17969867
1727697600000,0.3129,0.3156,0.3056,0.3058,11887884
1727712000000,0.3058,0.3091,0.3051,0.307,9925180
1727726400000,0.3071,0.3091,0.2975,0.3017,11506715
1727740800000,0.3016,0.311,0.3001,0.3108,10211321
1727755200000,0.3108,0.3145,0.309,0.3134,5341222
1727769600000,0.3135,0.3141,0.3101,0.3102,5038986
1727784000000,0.3101,0.3109,0.2834,0.2918,33869436
1727798400000,0.2918,0.2932,0.2717,0.2803,35366394
1727812800000,0.2802,0.2829,0.2744,0.2793,15454376
1727827200000,0.2793,0.285,0.2779,0.2843,9006735
1727841600000,0.2842,0.29,0.2827,0.2883,8777166
1727856000000,0.2883,0.2883,0.2796,0.2822,13564208
1727870400000,0.2822,0.2825,0.2757,0.2814,14359051
1727884800000,0.2813,0.2843,0.2688,0.2727,17790539
1727899200000,0.2727,0.2763,0.2707,0.2737,9687864
1727913600000,0.2736,0.2793,0.2711,0.2793,8348494
1727928000000,0.2793,0.2838,0.2752,0.2758,14473255
1727942400000,0.2758,0.2762,0.2686,0.2724,14689085
1727956800000,0.2723,0.2754,0.2665,0.2714,16238175
1727971200000,0.2714,0.2758,0.267,0.2755,10718436
1727985600000,0.2755,0.2782,0.2722,0.2774,6748450
1728000000000,0.2775,0.2816,0.2751,0.2784,10149974
1728014400000,0.2785,0.2828,0.2782,0.2817,5739301
1728028800000,0.2817,0.2841,0.2798,0.283,10539920
1728043200000,0.283,0.2874,0.2793,0.2873,13400838
1728057600000,0.2872,0.294,0.2859,0.2931,11816615
1728072000000,0.2932,0.2985,0.2915,0.2941,12061024
1728086400000,0.2942,0.3015,0.2923,0.2925,10326445
1728100800000,0.2924,0.2982,0.2923,0.2964,4836017
1728115200000,0.2964,0.2987,0.2955,0.2957,3246915
1728129600000,0.2956,0.2967,0.2936,0.2944,5057161
1728144000000,0.2943,0.2944,0.2911,0.2915,5784170
1728158400000,0.2915,0.2947,0.2896,0.2944,4869905
1728172800000,0.2945,0.2956,0.2918,0.2918,3282903
1728187200000,0.2919,0.2937,0.2916,0.2927,3762006
1728201600000,0.2926,0.2939,0.2916,0.2935,2763205
1728216000000,0.2934,0.2975,0.2927,0.2967,6609862
1728230400000,0.2968,0.2979,0.2926,0.2929,5060174
1728244800000,0.2929,0.2957,0.2911,0.2956,4496859
1728259200000,0.2957,0.304,0.2937,0.3015,8692891
1728273600000,0.3015,0.302,0.2994,0.3002,5098502
1728288000000,0.3003,0.3006,0.2929,0.297,7133314
1728302400000,0.2969,0.3025,0.295,0.2971,11582728
1728316800000,0.2971,0.2992,0.2914,0.2958,8944346
1728331200000,0.2959,0.2968,0.2895,0.2907,7601853
1728345600000,0.2906,0.2944,0.2906,0.2931,8215068
1728360000000,0.2932,0.2947,0.288,0.29,7415168
1728374400000,0.2899,0.2932,0.2886,0.2927,5284042
1728388800000,0.2928,0.2942,0.2852,0.2876,11188434
1728403200000,0.2876,0.2892,0.2837,0.2861,9257099
1728417600000,0.2862,0.289,0.2842,0.2855,3506040
1728432000000,0.2854,0.2888,0.2836,0.2848,5244329
1728446400000,0.2848,0.2877,0.2843,0.2858,3638429
1728460800000,0.2857,0.2861,0.2832,0.2841,5600806
1728475200000,0.2841,0.2841,0.2777,0.282,14162304
1728489600000,0.282,0.2824,0.2771,0.2783,7085666
1728504000000,0.2782,0.2791,0.2738,0.2785,5874752
1728518400000,0.2786,0.2814,0.2765,0.2804,4097417
1728532800000,0.2804,0.2826,0.2797,0.2801,3435795
1728547200000,0.28,0.2821,0.275,0.2817,7601001
1728561600000,0.2817,0.2824,0.2767,0.2797,8469412
1728576000000,0.2798,0.2807,0.2717,0.2766,10274399
1728590400000,0.2765,0.2815,0.2763,0.2814,4026148
1728604800000,0.2814,0.285,0.2806,0.2837,5189124
1728619200000,0.2836,0.2876,0.2823,0.2875,5010865
1728633600000,0.2875,0.2893,0.2852,0.2871,4180783
1728648000000,0.2871,0.2919,0.2866,0.2915,5623856
1728662400000,0.2914,0.2958,0.2906,0.2942,6354047
1728676800000,0.2942,0.296,0.2932,0.2942,3662446
1728691200000,0.2942,0.2967,0.2939,0.295,3834738
1728705600000,0.2949,0.2992,0.2947,0.2988,3759648
1728720000000,0.2987,0.302,0.2984,0.2987,4708420
1728734400000,0.2986,0.3015,0.2983,0.3002,4205940
1728748800000,0.3001,0.3011,0.2981,0.2988,3793544
1728763200000,0.2988,0.2997,0.2977,0.2979,2616343
1728777600000,0.2979,0.2987,0.2949,0.2966,4145180
1728792000000,0.2967,0.3015,0.2967,0.3007,3248625
1728806400000,0.3007,0.301,0.295,0.2952,4863334
1728820800000,0.2952,0.2976,0.2901,0.2915,5149284
1728835200000,0.2914,0.2953,0.2911,0.2939,4176832
1728849600000,0.294,0.2984,0.2929,0.2953,4883181
1728864000000,0.2953,0.3014,0.2918,0.3009,7496077
1728878400000,0.3009,0.3021,0.2966,0.3014,6259737
1728892800000,0.3014,0.3036,0.2986,0.3035,6206480
1728907200000,0.3036,0.3072,0.301,0.3059,8157638
1728921600000,0.3058,0.3088,0.3045,0.3083,5742646
1728936000000,0.3083,0.3115,0.3072,0.3099,5838199
1728950400000,0.3099,0.3112,0.3063,0.3068,4043788
1728964800000,0.3068,0.3091,0.3039,0.3057,6956490
1728979200000,0.3058,0.3078,0.2977,0.2992,9083921
1728993600000,0.2992,0.3111,0.2936,0.3003,23299265
1729008000000,0.3003,0.3083,0.3001,0.3039,7524415
1729022400000,0.3039,0.3058,0.2986,0.3055,5222320
1729036800000,0.3054,0.3061,0.3015,0.3026,5512780
1729051200000,0.3025,0.3035,0.297,0.2983,6440757
1729065600000,0.2983,0.305,0.2978,0.3034,6913463
1729080000000,0.3034,0.3061,0.3002,0.303,7796094
1729094400000,0.303,0.3075,0.3011,0.3067,6840964
1729108800000,0.3068,0.3098,0.3054,0.3062,9912225
1729123200000,0.3062,0.3119,0.3062,0.3093,11030445
1729137600000,0.3093,0.3099,0.2992,0.3013,10326475
1729152000000,0.3013,0.3016,0.2935,0.2939,8804916
1729166400000,0.2937,0.2977,0.2926,0.2962,10120111
1729180800000,0.2962,0.2965,0.2891,0.2913,12172563
1729195200000,0.2913,0.295,0.2912,0.2935,6527044
1729209600000,0.2936,0.2993,0.2918,0.2978,8824158
1729224000000,0.2979,0.3038,0.2979,0.3028,8482551
1729238400000,0.3028,0.303,0.2997,0.2999,5998864
1729252800000,0.2999,0.3034,0.2982,0.3025,7208072
1729267200000,0.3025,0.3253,0.3011,0.3167,37415482
1729281600000,0.3168,0.3439,0.3157,0.3371,93915404
1729296000000,0.337,0.3465,0.3348,0.3386,74634499
1729310400000,0.3386,0.348,0.3372,0.3381,56858858
1729324800000,0.3381,0.339,0.3247,0.3258,50712870
1729339200000,0.326,0.3293,0.3252,0.3264,23876683
1729353600000,0.3264,0.3272,0.3215,0.3227,19991963
1729368000000,0.3227,0.3263,0.3219,0.3249,13718333
1729382400000,0.3248,0.3277,0.3202,0.321,15732445
1729396800000,0.321,0.3285,0.3198,0.3267,19730475
1729411200000,0.3267,0.3335,0.3259,0.3302,23065505
1729425600000,0.3301,0.3312,0.3252,0.3284,17054600
1729440000000,0.3284,0.3307,0.3272,0.3282,9187731
1729454400000,0.3283,0.3312,0.3274,0.3292,10292292
1729468800000,0.3292,0.3309,0.3252,0.3267,10537601
1729483200000,0.3266,0.3404,0.3255,0.3296,22774776
1729497600000,0.3296,0.3342,0.326,0.3264,16305781
1729512000000,0.3265,0.3279,0.3149,0.3186,20834227
1729526400000,0.3186,0.3191,0.3138,0.3188,9515889
1729540800000,0.3187,0.3195,0.3155,0.3157,5809431
1729555200000,0.3158,0.3197,0.3107,0.3188,8551599
1729569600000,0.3189,0.3221,0.3176,0.3193,6235555
1729584000000,0.3193,0.3197,0.3121,0.3163,11100616
1729598400000,0.3164,0.3203,0.3109,0.3194,15908624
1729612800000,0.3194,0.3286,0.314,0.3216,22681689
1729627200000,0.3215,0.3309,0.3203,0.3295,13615149
1729641600000,0.3296,0.3308,0.3236,0.3265,14093452
1729656000000,0.3265,0.327,0.3164,0.3176,10041445
1729670400000,0.3176,0.3183,0.3121,0.3128,12469795
1729684800000,0.3127,0.3148,0.3066,0.308,15624060
1729699200000,0.3081,0.311,0.3017,0.3107,14875706
1729713600000,0.3108,0.3115,0.3083,0.3107,6037678
1729728000000,0.3107,0.3172,0.3091,0.3133,8012916
1729742400000,0.3133,0.3164,0.3132,0.3145,4956711
1729756800000,0.3144,0.3157,0.3091,0.3131,8040971
1729771200000,0.3132,0.3207,0.3127,0.3195,11128367
1729785600000,0.3195,0.3208,0.3151,0.3165,9657437
1729800000000,0.3165,0.3168,0.3107,0.3117,10742645
1729814400000,0.3116,0.3128,0.3048,0.3065,7726937
1729828800000,0.3065,0.307,0.3002,0.3023,10628003
1729843200000,0.3022,0.3064,0.2992,0.3058,9357981
1729857600000,0.3058,0.3091,0.3016,0.3036,10732435
1729872000000,0.3036,0.3077,0.296,0.3026,18883465
1729886400000,0.3025,0.3035,0.2733,0.2843,32992732
1729900800000,0.2843,0.2901,0.2786,0.2887,16445132
1729915200000,0.2887,0.29,0.2868,0.2876,5508289
1729929600000,0.2876,0.2896,0.2859,0.2872,5598338
1729944000000,0.2871,0.2875,0.2778,0.2798,9508982
1729958400000,0.2798,0.2861,0.2784,0.2858,4940457
1729972800000,0.2859,0.289,0.2855,0.2874,3657657
1729987200000,0.2873,0.2887,0.2855,0.2884,4130139
1730001600000,0.2884,0.2888,0.2865,0.287,3429862
1730016000000,0.287,0.2887,0.2858,0.2886,4123687
1730030400000,0.2886,0.2977,0.2883,0.295,11483347
1730044800000,0.2949,0.2964,0.2908,0.2923,6083742
1730059200000,0.2922,0.2949,0.291,0.2916,4112823
1730073600000,0.2915,0.2924,0.2835,0.2839,6382870
1730088000000,0.2838,0.2901,0.2815,0.2884,6744532
1730102400000,0.2883,0.2903,0.2859,0.2878,5029338
1730116800000,0.2878,0.2892,0.2848,0.2863,9291496
1730131200000,0.2864,0.2942,0.2834,0.2928,9124335
1730145600000,0.2944,0.3007,0.2933,0.2975,6772774
1730160000000,0.2975,0.304,0.2963,0.3021,5767456
1730174400000,0.3021,0.3032,0.3004,0.3009,3389442
1730188800000,0.3009,0.3046,0.3009,0.3033,4847238
1730203200000,0.3033,0.3053,0.3018,0.3052,8113662
1730217600000,0.3051,0.314,0.305,0.3074,11973238
1730232000000,0.3075,0.3134,0.3053,0.3107,9655792
1730246400000,0.3107,0.3114,0.3068,0.3103,7789079
1730260800000,0.3103,0.3111,0.3072,0.3078,3610499
1730275200000,0.3078,0.3092,0.3014,0.3016,6100334
1730289600000,0.3016,0.3077,0.3003,0.3042,9734778
1730304000000,0.3041,0.3061,0.3031,0.3036,5329979
1730318400000,0.3036,0.3073,0.302,0.3048,4678899
1730332800000,0.3048,0.305,0.3002,0.3021,7061168
1730347200000,0.302,0.3022,0.2973,0.2978,4534043
1730361600000,0.2979,0.2994,0.2952,0.2977,7182803
1730376000000,0.2976,0.298,0.2897,0.2927,10868543
1730390400000,0.2928,0.2928,0.2848,0.2864,9897836
1730404800000,0.2864,0.2898,0.2856,0.2881,5534170
1730419200000,0.2882,0.2889,0.2814,0.2861,8249693
1730433600000,0.286,0.288,0.2815,0.2833,4907234
1730448000000,0.2833,0.2888,0.2829,0.2884,4932917
1730462400000,0.2883,0.2948,0.283,0.2859,12082059
1730476800000,0.286,0.2911,0.2852,0.2875,7846375
1730491200000,0.2876,0.2904,0.2843,0.2879,3920839
1730505600000,0.2879,0.2908,0.2876,0.2879,3194318
1730520000000,0.288,0.2885,0.2861,0.2877,2861747
1730534400000,0.2877,0.288,0.2838,0.2854,3919970
1730548800000,0.2854,0.2859,0.2794,0.2809,6909239
1730563200000,0.2809,0.2822,0.2781,0.281,4199813
1730577600000,0.281,0.2823,0.2804,0.282,2452520
1730592000000,0.282,0.283,0.2701,0.2736,13401383
1730606400000,0.2736,0.2789,0.2734,0.277,4172754
1730620800000,0.277,0.2775,0.2706,0.2708,4904842
1730635200000,0.2707,0.2726,0.2612,0.2653,17669647
1730649600000,0.2653,0.2687,0.2624,0.2687,8682307
1730664000000,0.2687,0.2722,0.2674,0.2696,5308656
1730678400000,0.2697,0.2737,0.2657,0.2706,6612228
1730692800000,0.2706,0.2722,0.2674,0.2683,4522911
1730707200000,0.2684,0.2718,0.2663,0.2707,9972810
1730721600000,0.2707,0.2728,0.267,0.2684,7276560
1730736000000,0.2685,0.2685,0.2635,0.2665,9054988
1730750400000,0.2664,0.2668,0.258,0.264,13322548
1730764800000,0.264,0.2678,0.2633,0.2676,7762316
1730779200000,0.2676,0.2707,0.267,0.2696,4859271
1730793600000,0.2695,0.2721,0.2671,0.2679,6454403
1730808000000,0.2679,0.2763,0.2671,0.2721,15870669
1730822400000,0.2721,0.2768,0.2681,0.2691,11738326
1730836800000,0.2692,0.2747,0.2681,0.2727,7919403
1730851200000,0.2728,0.2952,0.2726,0.2929,24710948
1730865600000,0.2929,0.2989,0.2901,0.2947,18291098
1730880000000,0.2948,0.2986,0.2884,0.2974,13623418
1730894400000,0.2975,0.2989,0.2921,0.2945,11846035
1730908800000,0.2945,0.2972,0.2934,0.2969,7410451
1730923200000,0.2969,0.3022,0.296,0.2997,8517769
1730937600000,0.2997,0.3078,0.2994,0.3058,10905556
1730952000000,0.3058,0.3061,0.2965,0.2996,11951726
1730966400000,0.2995,0.3018,0.2972,0.2974,6352495
1730980800000,0.2974,0.3023,0.2956,0.3023,10343194
1730995200000,0.3023,0.3039,0.3,0.3024,9736315
1731009600000,0.3024,0.3048,0.2987,0.3014,9627047
1731024000000,0.3015,0.3047,0.2969,0.2994,8082588
1731038400000,0.2996,0.3029,0.2984,0.3019,7046656
1731052800000,0.3018,0.3067,0.2982,0.3057,7942679
1731067200000,0.3056,0.3128,0.3056,0.3097,19440340
1731081600000,0.3097,0.3125,0.3033,0.3113,17482338
1731096000000,0.3113,0.3134,0.3077,0.3121,9204142
1731110400000,0.3121,0.3135,0.3068,0.3073,9238188
1731124800000,0.3073,0.315,0.3073,0.312,9155326
1731139200000,0.312,0.3165,0.3107,0.3162,9324794
1731153600000,0.3162,0.3188,0.3112,0.3147,12317866
1731168000000,0.3147,0.3169,0.3084,0.3132,8943464
1731182400000,0.3132,0.3234,0.3125,0.3229,8686568
1731196800000,0.3229,0.3254,0.3173,0.3245,11118012
1731211200000,0.3246,0.3379,0.3241,0.3364,18090738
1731225600000,0.3364,0.3456,0.3364,0.3439,14321938
1731240000000,0.3438,0.3528,0.3382,0.3499,22414320
1731254400000,0.35,0.3615,0.3467,0.3508,24224704
1731268800000,0.3509,0.3526,0.3306,0.3496,27187994
1731283200000,0.3497,0.3643,0.3486,0.3611,21301832
1731297600000,0.3611,0.362,0.3411,0.3473,22629970
1731312000000,0.3475,0.3528,0.3463,0.3527,11388437
1731326400000,0.3528,0.3538,0.3409,0.3469,19906867
1731340800000,0.3469,0.3577,0.3468,0.3525,17092281
1731355200000,0.3525,0.3642,0.3486,0.3636,16003081
1731369600000,0.3636,0.3806,0.3505,0.3785,25536984
1731384000000,0.3784,0.3846,0.3635,0.3793,22977561
1731398400000,0.3793,0.3978,0.3535,0.368,55197790
1731412800000,0.368,0.3724,0.3496,0.3545,31353209
1731427200000,0.3544,0.3655,0.3456,0.3622,18353423
1731441600000,0.3623,0.3686,0.3555,0.3615,13693434
1731456000000,0.3614,0.3698,0.3443,0.3446,24603817
1731470400000,0.3446,0.3505,0.3306,0.3394,22697002
1731484800000,0.3395,0.3406,0.3287,0.3362,14994478
1731499200000,0.3361,0.3568,0.3315,0.3562,34023599
1731513600000,0.3562,0.3588,0.3309,0.3319,41861023
1731528000000,0.3319,0.3367,0.3201,0.3356,34060275
1731542400000,0.3356,0.342,0.3277,0.3356,17868119
1731556800000,0.3356,0.3481,0.3336,0.341,15904375
1731571200000,0.341,0.3423,0.327,0.3318,19303556
1731585600000,0.3317,0.3356,0.3181,0.3212,25850293
1731600000000,0.3212,0.332,0.3182,0.3317,11857030
1731614400000,0.3317,0.336,0.3195,0.3266,20114270
1731628800000,0.3267,0.332,0.3216,0.3318,13473500
1731643200000,0.3317,0.3385,0.3207,0.3337,15102525
1731657600000,0.3338,0.3418,0.3306,0.339,16389237
1731672000000,0.339,0.3489,0.3312,0.3342,22481610
1731686400000,0.3341,0.3451,0.3317,0.3409,18895256
1731700800000,0.3409,0.3489,0.3408,0.3489,13551486
1731715200000,0.3488,0.3552,0.3467,0.3549,9048220
1731729600000,0.3549,0.3616,0.3513,0.3608,8795036
1731744000000,0.3608,0.4427,0.3595,0.4383,140446238
1731758400000,0.4384,0.457,0.4004,0.402,277108321
1731772800000,0.402,0.4261,0.3973,0.4244,63489292
1731787200000,0.4245,0.4448,0.4172,0.436,96678801
1731801600000,0.436,0.4366,0.3981,0.4087,62325304
1731816000000,0.4087,0.4106,0.397,0.4034,32706277
1731830400000,0.4034,0.411,0.3953,0.396,28597281
1731844800000,0.396,0.4047,0.396,0.3985,23398862
1731859200000,0.3985,0.4022,0.3872,0.3913,21357014
1731873600000,0.3913,0.3937,0.3829,0.3922,18089514
1731888000000,0.3922,0.4087,0.3874,0.4079,23154258
1731902400000,0.4079,0.4195,0.4064,0.418,23580421
1731916800000,0.418,0.4196,0.4034,0.4081,24405449
1731931200000,0.4082,0.4195,0.3971,0.4174,28243846
1731945600000,0.4173,0.4298,0.4055,0.4138,28113027
1731960000000,0.4138,0.4233,0.4103,0.4156,15151696
1731974400000,0.4155,0.4223,0.4108,0.4148,11119256
1731988800000,0.4149,0.4153,0.4043,0.407,9165987
1732003200000,0.407,0.4074,0.3981,0.4059,10011162
1732017600000,0.4057,0.4128,0.3982,0.4058,16310413
1732032000000,0.4059,0.4113,0.4048,0.4083,9089705
1732046400000,0.4083,0.4088,0.3932,0.4085,14420361
1732060800000,0.4085,0.4086,0.3863,0.3949,14156809
1732075200000,0.3949,0.4021,0.391,0.4007,9601545
1732089600000,0.4008,0.4108,0.4005,0.405,16062546
1732104000000,0.4051,0.4168,0.3965,0.4091,21179630
1732118400000,0.409,0.4102,0.3833,0.3844,26185741
1732132800000,0.3845,0.4007,0.3818,0.3958,15630038
1732147200000,0.3959,0.4023,0.3844,0.3931,16917290
1732161600000,0.3932,0.4096,0.3905,0.3982,20413025
1732176000000,0.3982,0.3987,0.3874,0.3968,14664186
1732190400000,0.3968,0.4148,0.3958,0.4019,31883210
1732204800000,0.402,0.4114,0.4018,0.4083,13524428
1732219200000,0.4083,0.4158,0.4054,0.4143,9593204
1732233600000,0.4143,0.4211,0.4047,0.4207,16013690
1732248000000,0.4206,0.4332,0.4189,0.4228,19381341
1732262400000,0.4229,0.4312,0.4153,0.428,13436655
1732276800000,0.4279,0.4349,0.4106,0.4274,34604600
1732291200000,0.4274,0.4401,0.4225,0.4275,26790572
1732305600000,0.4274,0.4567,0.4262,0.4543,25518650
1732320000000,0.4542,0.4803,0.449,0.4689,45166546
1732334400000,0.4689,0.4956,0.4554,0.4944,39442350
1732348800000,0.4943,0.508,0.4815,0.4943,41221572
1732363200000,0.4943,0.5278,0.4901,0.5237,57236346
1732377600000,0.5238,0.5571,0.4951,0.5306,129126577
1732392000000,0.5307,0.5373,0.5087,0.5281,46272111
1732406400000,0.528,0.6398,0.5176,0.6247,141955460
1732420800000,0.6248,0.7279,0.6091,0.6649,326891359
1732435200000,0.6649,0.7117,0.6349,0.6358,257759216
1732449600000,0.6358,0.651,0.5564,0.56,241027724
1732464000000,0.56,0.6147,0.5565,0.5871,135275646
1732478400000,0.5869,0.7764,0.584,0.7266,267019431
1732492800000,0.7264,0.782,0.648,0.7261,481041773
1732507200000,0.7262,0.7379,0.6732,0.6838,185456271
1732521600000,0.6838,0.7061,0.6674,0.6721,115366959
1732536000000,0.6722,0.6979,0.6403,0.664,142131761
1732550400000,0.664,0.6697,0.6366,0.6518,74382297
1732564800000,0.6518,0.6573,0.6158,0.6297,68638860
1732579200000,0.6297,0.6405,0.615,0.6253,65195361
1732593600000,0.6253,0.6308,0.6045,0.6078,45408205
1732608000000,0.6078,0.611,0.5643,0.5771,90084900
1732622400000,0.5768,0.593,0.562,0.5775,67743140
1732636800000,0.5775,0.5927,0.566,0.5825,51832376
1732651200000,0.5823,0.5955,0.5763,0.5844,37328400
1732665600000,0.5845,0.5893,0.5632,0.5692,41452263
1732680000000,0.5693,0.5995,0.5683,0.5981,32170497
1732694400000,0.5982,0.6044,0.5829,0.5905,45663548
1732708800000,0.5905,0.6132,0.5752,0.6109,46464361
1732723200000,0.6108,0.6197,0.6027,0.6094,30992830
1732737600000,0.6094,0.6255,0.6039,0.6095,25695213
1732752000000,0.6095,0.6097,0.5814,0.5876,27777333
1732766400000,0.5876,0.5984,0.5865,0.592,12502359
1732780800000,0.592,0.5979,0.5849,0.5914,14370994
1732795200000,0.5913,0.5957,0.5789,0.5807,19886177
1732809600000,0.5808,0.61,0.5802,0.6087,15086482
1732824000000,0.6086,0.6252,0.6009,0.6204,18614482
1732838400000,0.6203,0.6529,0.6139,0.6303,93503544
1732852800000,0.6304,0.6343,0.6081,0.609,27589402
1732867200000,0.609,0.6292,0.6089,0.6225,20122679
1732881600000,0.6224,0.6414,0.6203,0.6355,28262651
1732896000000,0.6357,0.6401,0.6242,0.6357,17504405
1732910400000,0.6356,0.6488,0.6341,0.6437,16691428
1732924800000,0.6436,0.6437,0.6211,0.6267,23198896
1732939200000,0.6267,0.6471,0.6255,0.6439,21300202
1732953600000,0.6439,0.6501,0.6231,0.6338,25502944
1732968000000,0.6338,0.6678,0.6299,0.6499,50382008
1732982400000,0.6498,0.6596,0.6387,0.6581,16299132
1732996800000,0.658,0.6681,0.6486,0.6512,22888318
1733011200000,0.6513,0.6574,0.6179,0.6282,36156844
1733025600000,0.6283,0.6362,0.624,0.6344,10196163
1733040000000,0.6343,0.6513,0.6286,0.6473,25879810
1733054400000,0.6473,0.6572,0.6412,0.6487,21656827
1733068800000,0.6487,0.6495,0.6358,0.642,15279528
1733083200000,0.6419,0.6606,0.6305,0.652,25560573
1733097600000,0.652,0.6578,0.6254,0.6282,36539720
1733112000000,0.6281,0.6483,0.6183,0.6366,34238411
1733126400000,0.6367,0.6412,0.5944,0.6043,49325222
1733140800000,0.6043,0.6399,0.6015,0.6364,33572965
1733155200000,0.6367,0.6422,0.6122,0.6358,36555228
1733169600000,0.636,0.6843,0.6346,0.673,47275401
1733184000000,0.6728,0.7728,0.672,0.7133,154162514
1733198400000,0.7131,0.7354,0.6923,0.6979,55125071
1733212800000,0.6979,0.7221,0.6964,0.714,48384147
1733227200000,0.7139,0.7177,0.6277,0.6571,110360376
1733241600000,0.6572,0.688,0.6538,0.6857,47891101
1733256000000,0.6857,0.7124,0.6837,0.7,39080258
1733270400000,0.7,0.7066,0.6841,0.7026,38750331
1733284800000,0.7025,0.7172,0.6984,0.7123,33945350
1733299200000,0.7121,0.77,0.7057,0.7552,60421245
1733313600000,0.7551,0.825,0.7547,0.7903,172013567
1733328000000,0.7903,0.8563,0.752,0.8325,178348259
1733342400000,0.8326,0.8364,0.7657,0.7806,86013153
1733356800000,0.7806,0.7862,0.7265,0.7325,73739849
1733371200000,0.7323,0.7897,0.7291,0.7759,56359246
1733385600000,0.7759,0.7929,0.7576,0.7867,41087314
1733400000000,0.7866,0.7886,0.7633,0.7766,43750958
1733414400000,0.7769,0.7972,0.771,0.7756,39125914
1733428800000,0.7753,0.7907,0.733,0.7426,52452137
1733443200000,0.7426,0.7667,0.7417,0.7598,38896946
1733457600000,0.7599,0.7797,0.7565,0.769,19659731
1733472000000,0.7689,0.7757,0.7362,0.7442,29812432
1733486400000,0.7441,0.7595,0.7176,0.75,42172799
1733500800000,0.7501,0.7681,0.7488,0.7668,18630490
1733515200000,0.7669,0.7844,0.7617,0.7745,20311159
1733529600000,0.7745,0.7824,0.7569,0.7638,21049289
1733544000000,0.7637,0.7737,0.7507,0.7568,14782754
1733558400000,0.7567,0.7639,0.7417,0.755,19674058
1733572800000,0.7551,0.7614,0.7487,0.7577,10734157
1733587200000,0.7577,0.7615,0.7371,0.7506,15674674
1733601600000,0.7507,0.7635,0.7452,0.7563,12659401
1733616000000,0.7564,0.7748,0.7492,0.7534,21246162
1733630400000,0.7534,0.7558,0.7317,0.7519,16360952
1733644800000,0.7519,0.7523,0.7237,0.7413,17756392
1733659200000,0.7413,0.7491,0.7327,0.7402,13385745
1733673600000,0.7402,0.7429,0.7279,0.7362,10565385
1733688000000,0.7363,0.7455,0.7302,0.7415,8612016
1733702400000,0.7415,0.7416,0.7075,0.7158,22421896
1733716800000,0.7158,0.7243,0.6909,0.7032,23218162
1733731200000,0.7033,0.7042,0.6663,0.6736,38359186
1733745600000,0.6735,0.7064,0.6654,0.6845,33250947
1733760000000,0.6845,0.6942,0.6759,0.6784,15240682
1733774400000,0.6784,0.6802,0.5219,0.6024,141813938
1733788800000,0.6023,0.6142,0.5528,0.5772,56429404
1733803200000,0.5771,0.6124,0.5625,0.6014,35863806
1733817600000,0.6012,0.6204,0.5919,0.6062,22318301
1733832000000,0.6061,0.6073,0.5515,0.5528,51900956
1733846400000,0.5528,0.5718,0.5289,0.5703,59981592
1733860800000,0.5702,0.5989,0.5645,0.5927,26231210
1733875200000,0.5927,0.6,0.5665,0.5906,30101713
1733889600000,0.5907,0.5949,0.584,0.5847,12583552
1733904000000,0.5846,0.6155,0.5841,0.6071,20929224
1733918400000,0.6071,0.655,0.607,0.6466,36804832
1733932800000,0.6467,0.6528,0.6316,0.6451,15597038
1733947200000,0.6451,0.668,0.642,0.6536,15835418
1733961600000,0.6536,0.6748,0.6432,0.6644,20674580
1733976000000,0.6644,0.6881,0.664,0.6662,18319501
1733990400000,0.6662,0.6766,0.6436,0.6497,18717545
1734004800000,0.6498,0.6697,0.6496,0.6559,30233697
1734019200000,0.656,0.6665,0.6325,0.6342,24825734
1734033600000,0.6341,0.6494,0.6279,0.6406,19104194
1734048000000,0.6407,0.6465,0.6225,0.6405,19930332
1734062400000,0.6404,0.6421,0.6201,0.6291,11688868
1734076800000,0.6292,0.6462,0.6248,0.6374,12920491
1734091200000,0.6375,0.652,0.6286,0.6296,21175950
1734105600000,0.6294,0.6476,0.6278,0.6403,20353561
1734120000000,0.6403,0.6499,0.6314,0.6444,8625038
1734134400000,0.6445,0.6507,0.6333,0.6361,12875998
1734148800000,0.6362,0.6428,0.6294,0.6324,6988146
1734163200000,0.6324,0.639,0.6235,0.6259,9979284
1734177600000,0.6259,0.6274,0.6035,0.6098,22623239
1734192000000,0.6097,0.6126,0.5945,0.6047,16275616
1734206400000,0.6046,0.6139,0.596,0.6069,12976615
1734220800000,0.607,0.6182,0.5988,0.6062,10609461
1734235200000,0.6061,0.6172,0.5943,0.5981,9910348
1734249600000,0.5982,0.6143,0.5978,0.6111,7962572
1734264000000,0.6111,0.6415,0.6091,0.6306,19295816
1734278400000,0.6306,0.6359,0.6256,0.627,8107293
1734292800000,0.6269,0.6351,0.6041,0.6314,22352459
1734307200000,0.6314,0.6451,0.6128,0.6168,19081129
1734321600000,0.617,0.6227,0.609,0.615,8440030
1734336000000,0.615,0.6151,0.5875,0.5885,14093775
1734350400000,0.5886,0.6069,0.5881,0.6028,15258737
1734364800000,0.6028,0.623,0.6028,0.6129,17362914
1734379200000,0.613,0.6209,0.6008,0.6026,10108432
1734393600000,0.6026,0.6036,0.5888,0.5992,14535117
1734408000000,0.5993,0.5993,0.5871,0.5921,10617935
1734422400000,0.5922,0.6143,0.5901,0.6094,13337672
1734436800000,0.6093,0.616,0.5816,0.5863,24460382
1734451200000,0.5862,0.6053,0.5788,0.5953,19665513
1734465600000,0.5952,0.5995,0.566,0.5741,16643699
1734480000000,0.5741,0.5776,0.5625,0.5631,14174492
1734494400000,0.563,0.5658,0.5542,0.5596,15108083
1734508800000,0.5597,0.5752,0.5558,0.5738,8933926
1734523200000,0.5736,0.5742,0.5514,0.5515,23218960
1734537600000,0.5516,0.5801,0.5513,0.5539,26002129
1734552000000,0.5538,0.5583,0.5058,0.5182,61617491
1734566400000,0.5182,0.5279,0.4868,0.5253,42468158
1734580800000,0.5252,0.5275,0.5169,0.5207,11771647
1734595200000,0.5207,0.5373,0.5134,0.5298,14033333
1734609600000,0.5297,0.5329,0.5047,0.5161,21284698
1734624000000,0.516,0.5207,0.4664,0.4754,61070673
1734638400000,0.4755,0.4957,0.4614,0.4815,39910055
1734652800000,0.4816,0.5068,0.473,0.496,26629916
1734667200000,0.4961,0.5009,0.4766,0.4878,17413444
1734681600000,0.4877,0.4883,0.4153,0.4175,71341780
1734696000000,0.4176,0.4793,0.4162,0.4768,39477713
1734710400000,0.4768,0.4977,0.472,0.4924,18373956
1734724800000,0.4924,0.511,0.4798,0.505,20952634
1734739200000,0.5049,0.5195,0.4983,0.501,22246255
1734753600000,0.501,0.5282,0.5009,0.5215,16069868
1734768000000,0.5214,0.5236,0.4984,0.5043,15897990
1734782400000,0.5043,0.5047,0.4691,0.4816,30332093
1734796800000,0.4816,0.4825,0.4601,0.4686,25445061
1734811200000,0.4685,0.474,0.4617,0.4691,11759025
1734825600000,0.4692,0.4759,0.462,0.4714,14213922
1734840000000,0.4713,0.4734,0.4555,0.4678,13791431
1734854400000,0.4679,0.4842,0.4676,0.4782,10233126
1734868800000,0.4782,0.4904,0.468,0.4722,20815527
1734883200000,0.4723,0.4834,0.4608,0.4626,13518880
1734897600000,0.4626,0.4815,0.4563,0.4732,15083129
1734912000000,0.4732,0.4911,0.4593,0.4897,16876633
1734926400000,0.4897,0.4924,0.4688,0.476,13484607
1734940800000,0.4759,0.4876,0.4727,0.4759,14326537
1734955200000,0.4757,0.4848,0.4606,0.4633,22203064
1734969600000,0.4632,0.4831,0.4619,0.4806,19678601
1734984000000,0.4806,0.5165,0.4803,0.5038,24467786
1734998400000,0.5038,0.5044,0.4876,0.4999,10073969
1735012800000,0.5,0.5052,0.4922,0.4988,7070824
1735027200000,0.4989,0.5259,0.4968,0.5159,41207048
1735041600000,0.5159,0.5546,0.5084,0.5505,38130595
1735056000000,0.5505,0.5551,0.5341,0.5343,15778585
1735070400000,0.5343,0.5433,0.5283,0.5402,14077918
1735084800000,0.5402,0.5459,0.5265,0.5325,13896724
1735099200000,0.5326,0.537,0.5261,0.527,9550674
1735113600000,0.5269,0.5439,0.525,0.5267,16356880
1735128000000,0.5269,0.5385,0.5233,0.5294,12350435
1735142400000,0.5295,0.5352,0.5225,0.5326,9272244
1735156800000,0.5327,0.5355,0.5232,0.5284,8331323
1735171200000,0.5284,0.5341,0.5124,0.5134,13147639
1735185600000,0.5134,0.5134,0.5016,0.5035,11452896
1735200000000,0.5035,0.5047,0.4888,0.4971,20885465
1735214400000,0.497,0.4993,0.4905,0.4935,10130631
1735228800000,0.4935,0.4973,0.4843,0.4922,10499321
1735243200000,0.4921,0.4937,0.4833,0.4889,6405577
1735257600000,0.4889,0.4955,0.4835,0.4925,8339960
1735272000000,0.4925,0.5001,0.4822,0.4892,9840406
1735286400000,0.489,0.5144,0.4889,0.5137,18632457
1735300800000,0.5137,0.5191,0.49,0.4948,16109715
1735315200000,0.4949,0.506,0.4896,0.501,9100947
1735329600000,0.5011,0.502,0.4882,0.4923,7101996
1735344000000,0.4923,0.4961,0.4855,0.4915,7024272
1735358400000,0.4913,0.4943,0.4856,0.4862,4998006
1735372800000,0.4862,0.4919,0.486,0.4903,5238461
1735387200000,0.4902,0.5037,0.4849,0.494,9351536
1735401600000,0.494,0.5058,0.492,0.4987,5682039
1735416000000,0.4988,0.5112,0.4964,0.5047,5598755
1735430400000,0.5048,0.5176,0.5005,0.5169,10461028
1735444800000,0.5169,0.5224,0.5097,0.5159,14870332
1735459200000,0.5158,0.5172,0.5028,0.505,19723668
1735473600000,0.505,0.5079,0.4941,0.4981,11046356
1735488000000,0.4981,0.4983,0.4869,0.4888,10552192
1735502400000,0.4888,0.4889,0.4776,0.4827,10169729
1735516800000,0.4827,0.5011,0.4802,0.4904,9511468
1735531200000,0.4903,0.5001,0.4867,0.492,8731361
1735545600000,0.4919,0.497,0.4802,0.4865,7551825
1735560000000,0.4865,0.4919,0.4605,0.4636,20862221
1735574400000,0.4636,0.4879,0.4583,0.4879,15707673
1735588800000,0.488,0.4975,0.4721,0.4783,13408604
1735603200000,0.4783,0.4784,0.4658,0.4666,7183898
1735617600000,0.4665,0.4698,0.4613,0.4645,6454914
1735632000000,0.4645,0.4834,0.4643,0.4726,11105800
1735646400000,0.4727,0.4912,0.4722,0.4848,15005751
1735660800000,0.4849,0.4863,0.4655,0.47,11592530
1735675200000,0.4699,0.4719,0.464,0.4666,5834558
1735689600000,0.4666,0.4761,0.4655,0.4664,6154441
1735704000000,0.4663,0.4674,0.4623,0.4657,6046922
1735718400000,0.4657,0.47,0.4558,0.4675,8641996
1735732800000,0.4674,0.487,0.4661,0.4866,14077784
1735747200000,0.4866,0.5015,0.4799,0.4985,19500930
1735761600000,0.4986,0.5037,0.4951,0.4968,9825529
1735776000000,0.4967,0.5125,0.4966,0.5021,12984625
1735790400000,0.5022,0.5091,0.497,0.5028,7710288
1735804800000,0.5028,0.5124,0.5009,0.5096,9551186
1735819200000,0.5097,0.5161,0.5004,0.5039,16400781
1735833600000,0.5039,0.511,0.5013,0.5052,9734111
1735848000000,0.5052,0.5096,0.5001,0.5077,5417107
1735862400000,0.5078,0.5137,0.501,0.5117,7737691
1735876800000,0.5117,0.5121,0.5024,0.5031,8230874
1735891200000,0.5032,0.544,0.5032,0.5394,39863384
1735905600000,0.5394,0.5504,0.5328,0.55,23887844
1735920000000,0.5501,0.5611,0.5493,0.5534,15045834
1735934400000,0.5533,0.5604,0.5486,0.5558,10563446
1735948800000,0.5558,0.5659,0.5484,0.5565,17357302
1735963200000,0.5566,0.5598,0.5497,0.5548,7122721
1735977600000,0.5549,0.5551,0.5412,0.5431,11316116
1735992000000,0.5431,0.5663,0.5429,0.5466,19318320
1736006400000,0.5466,0.5532,0.5452,0.5506,7975313
1736020800000,0.5506,0.5558,0.5483,0.5497,5929877
1736035200000,0.5498,0.5523,0.541,0.5451,6324443
1736049600000,0.545,0.5516,0.5438,0.5492,5161217
1736064000000,0.5492,0.5541,0.5395,0.5417,10371270
1736078400000,0.5417,0.547,0.5335,0.5441,10653079
1736092800000,0.5441,0.5486,0.5396,0.5473,6145739
1736107200000,0.5474,0.5528,0.5441,0.5475,5849137
1736121600000,0.5475,0.5858,0.542,0.5673,41964430
1736136000000,0.5674,0.572,0.5559,0.5611,14805176
1736150400000,0.5612,0.5719,0.555,0.5697,18575495
1736164800000,0.5696,0.5894,0.563,0.5876,31183939
1736179200000,0.5877,0.5992,0.5791,0.586,26102511
1736193600000,0.586,0.5876,0.569,0.5756,10764744
1736208000000,0.5756,0.5765,0.5634,0.5656,10981796
1736222400000,0.5656,0.5695,0.5607,0.564,8599683
1736236800000,0.5639,0.571,0.5532,0.5587,12903044
1736251200000,0.5587,0.5671,0.5197,0.5289,46197306
1736265600000,0.5288,0.5372,0.5159,0.519,22332694
1736280000000,0.519,0.5242,0.5113,0.5123,11858767
1736294400000,0.5124,0.5203,0.5028,0.5062,15855015
1736308800000,0.5062,0.5073,0.488,0.4951,15744916
1736323200000,0.495,0.5039,0.4891,0.4921,10716112
1736337600000,0.4922,0.502,0.4862,0.4956,14409358
1736352000000,0.4957,0.4962,0.465,0.4798,27939811
1736366400000,0.4797,0.4922,0.4768,0.4886,8481186
1736380800000,0.4885,0.5002,0.4854,0.4942,12059856
1736395200000,0.4941,0.4977,0.4797,0.4814,8790223
1736409600000,0.4816,0.5004,0.4797,0.4998,11476391
1736424000000,0.4998,0.5052,0.4776,0.5028,25808023
1736438400000,0.5028,0.5095,0.4832,0.4851,22479130
1736452800000,0.4851,0.4958,0.4785,0.4936,16125969
1736467200000,0.4936,0.5012,0.4868,0.4915,11426478
1736481600000,0.4916,0.5043,0.4874,0.4999,9655103
1736496000000,0.4998,0.5047,0.4965,0.5017,7650705
1736510400000,0.5018,0.5079,0.4848,0.4961,29405831
1736524800000,0.4963,0.5081,0.4866,0.5061,12702262
1736539200000,0.5061,0.5081,0.4968,0.5029,6913226
1736553600000,0.5027,0.5065,0.495,0.4962,8401236
1736568000000,0.4963,0.5007,0.4916,0.4931,4909813
1736582400000,0.4932,0.4987,0.4896,0.4965,4915555
1736596800000,0.4965,0.4979,0.4875,0.4885,6163377
1736611200000,0.4885,0.4914,0.4853,0.4877,5467682
1736625600000,0.4878,0.5089,0.4866,0.4981,12424986
1736640000000,0.4981,0.5012,0.4936,0.4965,6527661
1736654400000,0.4966,0.5016,0.4893,0.4935,6101598
1736668800000,0.4935,0.4944,0.4834,0.4883,6770858
1736683200000,0.4884,0.4938,0.4856,0.4916,6744413
1736697600000,0.4917,0.4935,0.4852,0.4862,6158548
1736712000000,0.4863,0.4876,0.4732,0.4802,7191478
1736726400000,0.4801,0.497,0.4672,0.4693,17820413
1736740800000,0.4692,0.4793,0.4643,0.4691,11419023
1736755200000,0.4692,0.47,0.445,0.4452,24886021
1736769600000,0.4452,0.4718,0.4392,0.4668,30232360
1736784000000,0.4669,0.4681,0.4515,0.4617,14528339
1736798400000,0.4618,0.4828,0.4584,0.475,13753384
1736812800000,0.475,0.4801,0.4722,0.4746,5757793
1736827200000,0.4746,0.4826,0.473,0.4733,5218410
1736841600000,0.4733,0.4887,0.4733,0.4828,10217619
1736856000000,0.4827,0.491,0.4776,0.4869,11190035
1736870400000,0.487,0.4947,0.4821,0.489,8774050
1736884800000,0.489,0.4992,0.4858,0.4971,5752462
1736899200000,0.4971,0.5018,0.4924,0.5009,10047959
1736913600000,0.501,0.5084,0.4958,0.5053,7224268
1736928000000,0.5052,0.513,0.4888,0.493,13182398
1736942400000,0.493,0.5271,0.4893,0.5223,25389099
1736956800000,0.5223,0.5271,0.5149,0.5242,9152208
1736971200000,0.5241,0.5355,0.5206,0.5351,9880274
1736985600000,0.5351,0.5361,0.5176,0.5216,10550992
1737000000000,0.5215,0.5266,0.52,0.5219,5939404
1737014400000,0.5219,0.5239,0.5105,0.5196,15993309
1737028800000,0.5196,0.5362,0.5089,0.5235,30872104
1737043200000,0.5235,0.534,0.5228,0.5306,14991631
1737057600000,0.5306,0.5324,0.5146,0.5192,9912639
1737072000000,0.5192,0.5467,0.5188,0.5459,22562467
1737086400000,0.5459,0.5723,0.5425,0.5607,26853009
1737100800000,0.5608,0.5686,0.5534,0.5618,17905742
1737115200000,0.5619,0.5624,0.5518,0.5566,14859204
1737129600000,0.5567,0.5623,0.55,0.5565,10195409
1737144000000,0.5566,0.5694,0.5559,0.5611,12153973
1737158400000,0.5611,0.57,0.5404,0.5424,18038470
1737172800000,0.5424,0.5444,0.5175,0.5192,19455179
1737187200000,0.5192,0.5243,0.5119,0.5234,14483263
1737201600000,0.5234,0.5291,0.5177,0.5221,10703012
1737216000000,0.5222,0.5243,0.512,0.5193,12229011
1737230400000,0.5194,0.5219,0.5095,0.5207,8826670
1737244800000,0.5207,0.5399,0.5183,0.5267,15054627
1737259200000,0.5268,0.5271,0.5031,0.5061,14862240
1737273600000,0.5061,0.5061,0.4739,0.4776,29601473
1737288000000,0.4777,0.5228,0.4766,0.5095,31150709
1737302400000,0.5094,0.5139,0.5016,0.5092,13566668
1737316800000,0.5093,0.5122,0.4533,0.4624,56039127
1737331200000,0.4622,0.4727,0.4461,0.4685,41201321
1737345600000,0.4684,0.5163,0.4624,0.504,39049283
1737360000000,0.504,0.5139,0.4993,0.5097,13555285
1737374400000,0.5097,0.51,0.4874,0.494,20659669
1737388800000,0.4942,0.5035,0.4688,0.4896,36263057
1737403200000,0.4896,0.4915,0.4741,0.4814,11516474
1737417600000,0.4812,0.483,0.4642,0.469,15365930
1737432000000,0.4689,0.4747,0.4591,0.4706,11182061
1737446400000,0.4706,0.487,0.466,0.4862,10112900
1737460800000,0.4863,0.4943,0.4814,0.4891,12703118
1737475200000,0.4889,0.5124,0.4877,0.5043,12279514
1737489600000,0.5043,0.5053,0.4926,0.4964,8141748
1737504000000,0.4963,0.4987,0.4881,0.4911,6349728
1737518400000,0.4912,0.4927,0.4813,0.4829,7264890
1737532800000,0.4829,0.4902,0.4763,0.4891,9535811
1737547200000,0.4893,0.4917,0.4787,0.4814,9529833
1737561600000,0.4814,0.4874,0.477,0.4808,7019954
1737576000000,0.4808,0.4854,0.4749,0.4775,8287842
1737590400000,0.4775,0.4787,0.4678,0.4718,6934453
1737604800000,0.4718,0.4757,0.4659,0.4752,6425639
1737619200000,0.4752,0.477,0.4678,0.4722,5875640
1737633600000,0.4722,0.4835,0.463,0.4797,15602158
1737648000000,0.4798,0.4899,0.4667,0.4686,12154639
1737662400000,0.4685,0.4832,0.465,0.4795,14647054
1737676800000,0.4796,0.4823,0.463,0.4705,7765768
1737691200000,0.4705,0.4883,0.4678,0.4819,9847702
1737705600000,0.4819,0.4899,0.4802,0.4874,6607339
1737720000000,0.4874,0.4933,0.4837,0.4871,7004157
1737734400000,0.487,0.4902,0.4814,0.4827,6789454
1737748800000,0.4829,0.4847,0.4685,0.4715,8109994
1737763200000,0.4715,0.4799,0.4639,0.4792,6442049
1737777600000,0.4792,0.4792,0.4726,0.474,4017816
1737792000000,0.474,0.4762,0.4663,0.4726,4995320
1737806400000,0.4726,0.4774,0.4686,0.4754,4682527
1737820800000,0.4754,0.4775,0.4706,0.4744,3797557
1737835200000,0.4744,0.4776,0.473,0.4735,3489297
1737849600000,0.4736,0.4793,0.4703,0.4774,4775159
1737864000000,0.4774,0.4834,0.4764,0.4794,3748852
1737878400000,0.4794,0.4805,0.4705,0.4764,4198517
1737892800000,0.4763,0.4763,0.4724,0.473,4905363
1737907200000,0.473,0.4779,0.4694,0.4769,4051844
1737921600000,0.477,0.4774,0.4536,0.4548,11090025
1737936000000,0.4548,0.4568,0.4375,0.4424,19147420
1737950400000,0.4425,0.4425,0.4122,0.4253,21514374
1737964800000,0.4254,0.4271,0.4157,0.4207,12359014
1737979200000,0.4207,0.4487,0.418,0.4449,22520566
1737993600000,0.4449,0.4457,0.4309,0.4354,10269296
1738008000000,0.4355,0.456,0.4355,0.4494,9969459
1738022400000,0.4493,0.4538,0.4415,0.4482,6870569
1738036800000,0.4481,0.4529,0.4468,0.4475,5005590
1738051200000,0.4475,0.4482,0.4397,0.4423,7285049
1738065600000,0.4422,0.4477,0.4353,0.4435,10091739
1738080000000,0.4434,0.4439,0.4301,0.4341,7177233
1738094400000,0.4341,0.4348,0.4126,0.4159,14379575
1738108800000,0.416,0.4292,0.4146,0.4266,7416235
1738123200000,0.4267,0.4411,0.4253,0.44,13599517
1738137600000,0.44,0.4407,0.4283,0.4334,6059221
1738152000000,0.4334,0.4342,0.4221,0.4257,7816733
1738166400000,0.4256,0.4381,0.4159,0.4329,16991119
1738180800000,0.4328,0.4436,0.427,0.4278,11892208
1738195200000,0.4278,0.4422,0.4243,0.4418,9013275
1738209600000,0.4418,0.4439,0.4384,0.4411,4985949
1738224000000,0.441,0.4479,0.4381,0.4465,6584332
1738238400000,0.4466,0.455,0.4416,0.4505,10314894
1738252800000,0.4505,0.4539,0.4472,0.4535,6080596
1738267200000,0.4536,0.4546,0.4478,0.4478,4180802
1738281600000,0.448,0.4495,0.4383,0.4415,6579026
1738296000000,0.4417,0.4528,0.4396,0.4476,4820511
1738310400000,0.4476,0.4574,0.4431,0.4565,5709224
1738324800000,0.4567,0.4659,0.4537,0.4652,10182930
1738339200000,0.4652,0.4657,0.4453,0.4489,11265413
1738353600000,0.4488,0.451,0.4421,0.448,6016709
1738368000000,0.448,0.4542,0.4461,0.4483,6325641
1738382400000,0.4484,0.4514,0.4433,0.4441,4289822
1738396800000,0.4441,0.445,0.4312,0.4368,8036347
1738411200000,0.4367,0.4395,0.428,0.4319,6520843
1738425600000,0.4318,0.4337,0.4205,0.4218,7151356
1738440000000,0.4218,0.4224,0.4089,0.412,10768581
1738454400000,0.412,0.4222,0.3986,0.3993,18726700
1738468800000,0.3993,0.4091,0.3963,0.4027,16384819
1738483200000,0.4028,0.4115,0.394,0.3954,9576849
1738497600000,0.3953,0.4052,0.3905,0.3966,15656097
1738512000000,0.3967,0.3968,0.3523,0.3671,60934725
1738526400000,0.3672,0.3716,0.3348,0.3558,36256636
1738540800000,0.3559,0.3561,0.2558,0.3001,136854676
1738555200000,0.3001,0.3245,0.2885,0.3236,36069047
1738569600000,0.3235,0.3252,0.3096,0.3182,28077011
1738584000000,0.3183,0.3371,0.3036,0.3301,69314031
1738598400000,0.33,0.346,0.327,0.3451,32032970
1738612800000,0.345,0.3558,0.3363,0.3523,18614469
1738627200000,0.3522,0.3569,0.3387,0.3416,12503256
1738641600000,0.3416,0.3447,0.3137,0.3152,28422213
1738656000000,0.3151,0.3303,0.3136,0.326,16186064
1738670400000,0.3261,0.3387,0.3258,0.332,18764911
1738684800000,0.332,0.3434,0.3297,0.3297,14272216
1738699200000,0.3297,0.3334,0.3161,0.3279,27624701
1738713600000,0.3279,0.3334,0.3247,0.3298,10701558
1738728000000,0.3297,0.3361,0.3283,0.3333,9305496
1738742400000,0.3333,0.3421,0.3301,0.3411,10020174
1738756800000,0.341,0.3432,0.3336,0.3386,15286802
1738771200000,0.3386,0.3401,0.3248,0.3343,16505518
1738785600000,0.3343,0.3357,0.3226,0.3269,8475969
1738800000000,0.3267,0.3311,0.3233,0.3285,7945947
1738814400000,0.3286,0.3339,0.3277,0.3294,7174152
1738828800000,0.3294,0.3306,0.3223,0.3256,8638854
1738843200000,0.3256,0.327,0.3076,0.3098,22256151
1738857600000,0.3098,0.3163,0.3052,0.3064,18325877
1738872000000,0.3064,0.3125,0.3054,0.3093,8470106
1738886400000,0.3093,0.3195,0.3085,0.3162,9008482
1738900800000,0.3163,0.318,0.3084,0.3138,7158557
1738915200000,0.3137,0.3229,0.3122,0.3214,9452106
1738929600000,0.3214,0.334,0.3188,0.3271,19480417
1738944000000,0.3271,0.3283,0.3186,0.3203,10461619
1738958400000,0.3203,0.3204,0.3039,0.3137,15766743
1738972800000,0.3138,0.3177,0.3115,0.3135,7094562
1738987200000,0.3136,0.3145,0.3075,0.3126,5889008
1739001600000,0.3126,0.3133,0.3089,0.3112,7736970
1739016000000,0.3112,0.3163,0.3078,0.3128,9397096
1739030400000,0.3127,0.3229,0.3104,0.322,9436758
1739044800000,0.3221,0.3253,0.3204,0.3235,5556688
1739059200000,0.3235,0.334,0.3217,0.3319,6838976
1739073600000,0.3319,0.3319,0.3243,0.3287,6345338
1739088000000,0.3286,0.3313,0.3261,0.3261,6274594
1739102400000,0.3262,0.3277,0.3172,0.3222,8205849
1739116800000,0.3222,0.3242,0.3156,0.3165,5379985
1739131200000,0.3165,0.3203,0.3019,0.316,16494034
1739145600000,0.3161,0.323,0.3042,0.3151,15461755
1739160000000,0.3151,0.323,0.3136,0.32,9877698
1739174400000,0.3199,0.3249,0.3192,0.3233,8886508
1739188800000,0.3233,0.3308,0.3199,0.3252,10731041
1739203200000,0.3253,0.3324,0.3244,0.3298,6610220
1739217600000,0.3297,0.3331,0.329,0.3322,5428412
1739232000000,0.3323,0.3391,0.3314,0.3388,8919860
1739246400000,0.3387,0.3505,0.3375,0.346,10849302
1739260800000,0.3459,0.3468,0.3385,0.342,8167967
1739275200000,0.3419,0.3423,0.3276,0.3334,11252222
1739289600000,0.3334,0.3342,0.32,0.3218,8561348
1739304000000,0.3218,0.3282,0.3211,0.3248,6550500
1739318400000,0.3249,0.3272,0.3201,0.3215,7069802
1739332800000,0.3214,0.3236,0.3189,0.3207,5915333
1739347200000,0.3206,0.3242,0.319,0.3226,7844654
1739361600000,0.3227,0.3288,0.3116,0.3233,29189889
1739376000000,0.3234,0.3369,0.3202,0.3354,11733995
1739390400000,0.3354,0.3454,0.3341,0.3397,8003561
1739404800000,0.3398,0.3416,0.3348,0.3389,6070858
1739419200000,0.3389,0.3392,0.3274,0.328,7369902
1739433600000,0.3279,0.3315,0.3249,0.3274,9487018
1739448000000,0.3274,0.3311,0.3235,0.3267,17497469
1739462400000,0.3267,0.3319,0.3222,0.328,7124475
1739476800000,0.328,0.3325,0.3273,0.3288,4617938
1739491200000,0.3288,0.337,0.3285,0.3367,5183696
1739505600000,0.3368,0.3369,0.3304,0.3328,4000300
1739520000000,0.3328,0.3414,0.3327,0.3387,6875601
1739534400000,0.3387,0.3437,0.3343,0.3397,8269290
1739548800000,0.3397,0.3484,0.3367,0.3449,6284803
1739563200000,0.345,0.3457,0.3346,0.3386,5820019
1739577600000,0.3386,0.3423,0.3355,0.3406,4166353
1739592000000,0.3406,0.3419,0.3335,0.3346,4260680
1739606400000,0.3346,0.3373,0.3313,0.3332,4133515
1739620800000,0.3332,0.3352,0.3263,0.3289,7362909
1739635200000,0.3289,0.3303,0.326,0.3271,5418626
1739649600000,0.3271,0.329,0.3237,0.3284,3350193
1739664000000,0.3285,0.3312,0.324,0.3264,4762058
1739678400000,0.3265,0.3302,0.3258,0.3271,3698278
1739692800000,0.3272,0.3388,0.3266,0.3387,7807023
1739707200000,0.3388,0.3397,0.3287,0.3337,7377848
1739721600000,0.3337,0.3365,0.328,0.3309,6392820
1739736000000,0.3308,0.3324,0.3258,0.3285,6920447
1739750400000,0.3285,0.336,0.3281,0.3322,4964483
1739764800000,0.3321,0.3335,0.3224,0.3301,8527876
1739779200000,0.3301,0.3387,0.3283,0.3366,8237407
1739793600000,0.3365,0.3429,0.3316,0.3322,9904473
1739808000000,0.3322,0.3345,0.3224,0.3263,12388075
1739822400000,0.3262,0.3346,0.326,0.329,5994549
1739836800000,0.329,0.331,0.3262,0.3287,6459102
1739851200000,0.3288,0.33,0.312,0.3148,11685129
1739865600000,0.3149,0.3199,0.3101,0.3163,9374834
1739880000000,0.3163,0.3229,0.3083,0.3099,11266863
1739894400000,0.3101,0.3124,0.3041,0.3086,12041106
1739908800000,0.3087,0.3147,0.306,0.3136,7255259
1739923200000,0.3137,0.316,0.3093,0.3129,5011504
1739937600000,0.3128,0.3208,0.3077,0.3191,6241773
1739952000000,0.3191,0.3224,0.317,0.321,7357338
1739966400000,0.321,0.3214,0.3134,0.3144,7074953
1739980800000,0.3143,0.3188,0.3137,0.3167,5325597
1739995200000,0.3166,0.3189,0.3131,0.318,5228238
1740009600000,0.3179,0.3232,0.3167,0.3217,6660453
1740024000000,0.3217,0.3254,0.3173,0.3173,5514072
1740038400000,0.3173,0.3212,0.3163,0.3201,4523055
1740052800000,0.3201,0.3241,0.3155,0.3158,7021296
1740067200000,0.3159,0.3259,0.3155,0.3253,6464500
1740081600000,0.3252,0.3277,0.3221,0.3271,5992677
1740096000000,0.3272,0.3284,0.3248,0.3265,5519152
1740110400000,0.3265,0.3407,0.3263,0.3384,18496592
1740124800000,0.3384,0.3464,0.3335,0.3398,17869962
1740139200000,0.3398,0.3455,0.3271,0.3327,23102473
1740153600000,0.3326,0.3379,0.3105,0.3113,24044280
1740168000000,0.3114,0.3155,0.3084,0.3105,14497437
1740182400000,0.3105,0.3153,0.3076,0.3139,8760479
1740196800000,0.3139,0.318,0.3127,0.3139,7001485
1740211200000,0.3139,0.3176,0.3123,0.316,8062760
1740225600000,0.316,0.3188,0.3141,0.3178,10684458
1740240000000,0.3177,0.3232,0.3176,0.3197,11674163
1740254400000,0.3197,0.3207,0.3161,0.3185,5627216
1740268800000,0.3185,0.3201,0.3131,0.3148,6502221
1740283200000,0.3147,0.3212,0.313,0.3203,5956159
1740297600000,0.3203,0.3213,0.3145,0.3151,7076756
1740312000000,0.3151,0.3171,0.3101,0.3112,10796999
1740326400000,0.3112,0.3147,0.3101,0.3111,7662897
1740340800000,0.3112,0.317,0.3093,0.3151,7058379
1740355200000,0.3151,0.3167,0.2984,0.299,18561415
1740369600000,0.299,0.3047,0.2944,0.303,14983763
1740384000000,0.303,0.3045,0.2961,0.3024,14617026
1740398400000,0.3024,0.305,0.2932,0.2971,18125059
1740412800000,0.2972,0.3023,0.2921,0.2958,12800964
1740427200000,0.2959,0.3007,0.2763,0.2833,35169674
1740441600000,0.2833,0.2878,0.2756,0.2832,21899826
1740456000000,0.2832,0.2855,0.2642,0.2723,33834930
1740470400000,0.2723,0.2813,0.2654,0.2802,29645830
1740484800000,0.2802,0.2843,0.2739,0.281,21125576
1740499200000,0.281,0.2888,0.2782,0.2887,14134183
1740513600000,0.2887,0.2928,0.2864,0.2865,13102688
1740528000000,0.2866,0.2891,0.2833,0.2871,9758575
1740542400000,0.2871,0.2893,0.2836,0.2862,7688158
1740556800000,0.2861,0.2903,0.2837,0.2865,10037358
1740571200000,0.2865,0.2924,0.2791,0.2898,16123980
1740585600000,0.2898,0.291,0.274,0.2788,21394486
1740600000000,0.2788,0.2929,0.2765,0.2884,16297110
1740614400000,0.2885,0.2928,0.2848,0.2916,6787826
1740628800000,0.2915,0.2972,0.2893,0.2954,6482180
1740643200000,0.2954,0.3015,0.2945,0.2976,9741552
1740657600000,0.2976,0.2993,0.2907,0.2948,18422624
1740672000000,0.2948,0.2967,0.2907,0.2919,9091225
1740686400000,0.2919,0.2961,0.2867,0.2954,11302349
1740700800000,0.2955,0.2971,0.2765,0.2771,34295602
1740715200000,0.2772,0.2779,0.2693,0.2725,24777802
1740729600000,0.2723,0.2818,0.2678,0.2747,19361172
1740744000000,0.2746,0.2912,0.2726,0.2896,23017702
1740758400000,0.2896,0.2985,0.2881,0.2959,10118717
1740772800000,0.2959,0.2983,0.2931,0.2959,6796783
1740787200000,0.296,0.2978,0.2914,0.2964,8149046
1740801600000,0.2963,0.298,0.2895,0.2897,6782440
1740816000000,0.2897,0.2922,0.2839,0.2846,8404020
1740830400000,0.2847,0.2862,0.2811,0.2845,8846456
1740844800000,0.2845,0.2897,0.2835,0.2891,6826488
1740859200000,0.289,0.2961,0.287,0.2941,8066966
1740873600000,0.2942,0.2985,0.2918,0.2949,9491259
1740888000000,0.2949,0.295,0.2902,0.2906,6019509
1740902400000,0.2906,0.295,0.2899,0.294,5999894
1740916800000,0.2939,0.3061,0.2864,0.2979,19427024
1740931200000,0.2979,0.3235,0.2979,0.3191,36927816
1740945600000,0.3191,0.3211,0.3161,0.3186,10864231
1740960000000,0.3187,0.3235,0.3053,0.3073,17532312
1740974400000,0.3074,0.3093,0.2961,0.3008,12660032
1740988800000,0.3009,0.3013,0.2909,0.2978,13386722
1741003200000,0.2978,0.3026,0.2898,0.2935,22348295
1741017600000,0.2936,0.2969,0.2711,0.2724,32900051
1741032000000,0.2725,0.2759,0.2676,0.2723,20975666
1741046400000,0.2723,0.2743,0.2536,0.2629,30649124
1741060800000,0.2629,0.2702,0.2624,0.2665,13541655
1741075200000,0.2665,0.2704,0.2631,0.2678,13043180
1741089600000,0.2677,0.2802,0.2622,0.2748,31239659
1741104000000,0.2748,0.2797,0.259,0.279,27172156
1741118400000,0.279,0.2817,0.2728,0.2763,11944619
1741132800000,0.2763,0.2788,0.2727,0.2729,7211526
1741147200000,0.2729,0.2769,0.2718,0.2764,6316131
1741161600000,0.2763,0.2888,0.2756,0.2844,11421907
1741176000000,0.2844,0.2875,0.2817,0.2862,13594666
1741190400000,0.2862,0.2921,0.281,0.2908,12071530
1741204800000,0.2907,0.2963,0.2901,0.2904,8147281
1741219200000,0.2904,0.2954,0.2874,0.2931,8867370
1741233600000,0.2932,0.2984,0.2892,0.2903,8700008
1741248000000,0.2905,0.2941,0.2901,0.2917,5677595
1741262400000,0.2917,0.2919,0.2832,0.2886,10961654
1741276800000,0.2886,0.2897,0.2762,0.2789,12968017
1741291200000,0.279,0.2851,0.2784,0.2808,9431728
1741305600000,0.2808,0.2833,0.2672,0.2779,26254787
1741320000000,0.278,0.2879,0.2777,0.2873,8441024
1741334400000,0.2873,0.2988,0.2839,0.2969,20767996
1741348800000,0.297,0.3009,0.2894,0.2943,22800607
1741363200000,0.2943,0.2987,0.2881,0.2962,15309556
1741377600000,0.2961,0.2977,0.2858,0.2881,12824497
1741392000000,0.2882,0.294,0.2861,0.2919,11263826
1741406400000,0.2919,0.2976,0.2863,0.2871,11187083
1741420800000,0.2871,0.288,0.2778,0.2793,15822604
1741435200000,0.2793,0.283,0.2777,0.2795,10169657
1741449600000,0.2794,0.2819,0.2745,0.2798,12297419
1741464000000,0.2798,0.2804,0.2749,0.2765,9572400
1741478400000,0.2765,0.2787,0.2732,0.2752,7788682
1741492800000,0.2752,0.2773,0.2734,0.2757,5060180
1741507200000,0.2757,0.2764,0.2676,0.2691,8353975
1741521600000,0.269,0.2722,0.2632,0.2642,11895082
1741536000000,0.2641,0.2659,0.2522,0.2593,22923377
1741550400000,0.2593,0.2638,0.2558,0.2573,15422972
1741564800000,0.2574,0.2665,0.2553,0.263,13022952
1741579200000,0.263,0.2672,0.2628,0.2669,5583929
1741593600000,0.2669,0.2748,0.2625,0.2722,14383444
1741608000000,0.2722,0.2744,0.2589,0.2642,19267416
1741622400000,0.2641,0.2654,0.2459,0.2549,29797400
1741636800000,0.255,0.2557,0.2466,0.247,14487988
1741651200000,0.247,0.25,0.2317,0.2474,36620638
1741665600000,0.2473,0.254,0.2467,0.2517,17447749
1741680000000,0.2517,0.2559,0.2508,0.2542,8265182
1741694400000,0.2542,0.2631,0.2492,0.2576,22816088
1741708800000,0.2577,0.267,0.2555,0.2661,14731836
1741723200000,0.266,0.2668,0.2605,0.2615,7180419
1741737600000,0.2616,0.2661,0.2566,0.2568,10611945
1741752000000,0.2568,0.263,0.2559,0.2626,6914300
1741766400000,0.2625,0.2685,0.2611,0.267,9136050
1741780800000,0.267,0.2745,0.2594,0.2647,17635799
1741795200000,0.2647,0.2804,0.2633,0.2783,20887567
1741809600000,0.2783,0.2847,0.2697,0.2705,31942972
1741824000000,0.2704,0.2736,0.2638,0.2651,17128931
1741838400000,0.2651,0.2672,0.2616,0.2624,8702311
1741852800000,0.2624,0.2683,0.2602,0.2679,11513557
1741867200000,0.2678,0.2729,0.2625,0.2641,15568907
1741881600000,0.2642,0.2654,0.2581,0.2645,13601344
1741896000000,0.2646,0.2718,0.2609,0.2715,9808771
1741910400000,0.2714,0.2768,0.27,0.2742,11786374
1741924800000,0.2741,0.2785,0.2733,0.2767,7559940
1741939200000,0.2766,0.2792,0.2739,0.2739,8847056
1741953600000,0.2739,0.2796,0.2722,0.2778,13971793
1741968000000,0.2778,0.2796,0.2743,0.2757,8266955
1741982400000,0.2757,0.2772,0.2723,0.2731,9092859
1741996800000,0.2731,0.2736,0.27,0.2729,8123756
1742011200000,0.2728,0.2745,0.2703,0.2708,6798277
1742025600000,0.2708,0.2726,0.2697,0.2705,6833980
1742040000000,0.2705,0.2724,0.2686,0.271,6391588
1742054400000,0.2711,0.2744,0.2699,0.2728,6515256
1742068800000,0.2728,0.2776,0.2728,0.2767,6000401
1742083200000,0.2767,0.2777,0.2707,0.2747,7103391
1742097600000,0.2746,0.2769,0.2731,0.2751,5145709
1742112000000,0.275,0.276,0.266,0.2666,8942344
1742126400000,0.2667,0.2687,0.2621,0.2638,10866123
1742140800000,0.2638,0.2697,0.2594,0.2601,11036187
1742155200000,0.2601,0.2606,0.2534,0.2555,13532946
1742169600000,0.2555,0.2654,0.2555,0.2649,9125442
1742184000000,0.2649,0.2661,0.2587,0.2643,10206565
1742198400000,0.2644,0.2689,0.2625,0.2666,8915429
1742212800000,0.2666,0.2728,0.2651,0.2705,18737280
1742227200000,0.2705,0.279,0.2693,0.2771,11615573
1742241600000,0.2771,0.2805,0.2762,0.2765,10580015
1742256000000,0.2765,0.2772,0.2673,0.2677,10820619
1742270400000,0.2676,0.2717,0.2657,0.2683,11181553
1742284800000,0.2683,0.2735,0.265,0.2656,13844864
1742299200000,0.2656,0.2682,0.2615,0.2618,19177965
1742313600000,0.2618,0.2643,0.2585,0.2641,19056682
1742328000000,0.2642,0.2693,0.2607,0.2693,10679649
1742342400000,0.2692,0.2738,0.2692,0.2732,11920929
1742356800000,0.2732,0.2743,0.2679,0.2684,9052348
1742371200000,0.2685,0.2756,0.2672,0.2741,13256578
1742385600000,0.2742,0.2767,0.27,0.2742,16381402
1742400000000,0.2742,0.2771,0.2678,0.2742,17573297
1742414400000,0.2742,0.279,0.2739,0.2776,10168700
1742428800000,0.2777,0.2795,0.272,0.2726,7201214
1742443200000,0.2725,0.2745,0.2707,0.2728,5990251
1742457600000,0.2728,0.2754,0.2682,0.2701,8845642
1742472000000,0.27,0.2731,0.2688,0.2702,8194261
1742486400000,0.2702,0.2714,0.266,0.2704,8577466
1742500800000,0.2704,0.2717,0.2682,0.2688,7833924
1742515200000,0.2688,0.2738,0.2683,0.2694,6929057
1742529600000,0.2694,0.2726,0.2662,0.2662,9720489
1742544000000,0.2662,0.2674,0.2595,0.2614,12743828
1742558400000,0.2615,0.2628,0.2584,0.259,12539855
1742572800000,0.259,0.2655,0.2582,0.2614,8864770
1742587200000,0.2615,0.2651,0.2606,0.2612,4443032
1742601600000,0.2612,0.2631,0.2597,0.2626,4638157
1742616000000,0.2626,0.2667,0.2626,0.2659,4930790
1742630400000,0.2658,0.2676,0.2643,0.2652,5358715
1742644800000,0.2652,0.2654,0.2609,0.2632,5133404
1742659200000,0.2631,0.2659,0.2622,0.2644,5321592
1742673600000,0.2645,0.2649,0.2602,0.2619,4923451
1742688000000,0.262,0.2672,0.2614,0.2668,5370497
1742702400000,0.2668,0.2668,0.2627,0.2642,3858491
1742716800000,0.2642,0.2658,0.2631,0.2648,4453250
1742731200000,0.2649,0.2655,0.262,0.2622,6077264
1742745600000,0.2622,0.2623,0.2586,0.2619,9434035
1742760000000,0.2619,0.2647,0.2605,0.2646,4756730
1742774400000,0.2646,0.2671,0.2613,0.267,8831107
1742788800000,0.267,0.286,0.2667,0.2845,30582307
1742803200000,0.2845,0.2913,0.2807,0.2811,28273381
1742817600000,0.2812,0.2851,0.2782,0.2819,14322708
1742832000000,0.2819,0.2832,0.2783,0.2799,7614787
1742846400000,0.2798,0.2819,0.2772,0.2793,7073614
1742860800000,0.2793,0.282,0.2755,0.276,7177150
1742875200000,0.276,0.2788,0.2753,0.2773,5047974
1742889600000,0.2774,0.2816,0.2773,0.2802,8281557
1742904000000,0.2803,0.2824,0.278,0.2796,10268444
1742918400000,0.2797,0.2825,0.2775,0.2812,6265260
1742932800000,0.2812,0.2831,0.2805,0.2825,5697875
1742947200000,0.2824,0.2847,0.2786,0.2791,7133616
1742961600000,0.2791,0.2887,0.2788,0.2882,15654924
1742976000000,0.2881,0.2907,0.2862,0.2888,8817968
1742990400000,0.2888,0.2892,0.2808,0.283,11513068
1743004800000,0.283,0.2874,0.2781,0.2812,16144441
1743019200000,0.2812,0.2851,0.2804,0.281,5519178
1743033600000,0.2809,0.2878,0.2805,0.2876,6228370
1743048000000,0.2877,0.288,0.284,0.2852,5069254
1743062400000,0.2852,0.2859,0.2769,0.2777,9025893
1743076800000,0.2778,0.2826,0.2732,0.2795,10785834
1743091200000,0.2795,0.2812,0.2768,0.2796,6347600
1743105600000,0.2796,0.2873,0.2795,0.2827,13464093
1743120000000,0.2826,0.2856,0.2769,0.2781,7898997
1743134400000,0.2781,0.2788,0.267,0.2673,18242902
1743148800000,0.2672,0.2712,0.2652,0.2706,11114422
1743163200000,0.2706,0.2715,0.2601,0.2603,14241911
1743177600000,0.2603,0.261,0.2559,0.2563,9179597
1743192000000,0.2563,0.2596,0.2529,0.257,9416155
1743206400000,0.2571,0.2581,0.2499,0.2527,11394784
1743220800000,0.2527,0.2539,0.2472,0.2487,7081530
1743235200000,0.2487,0.25,0.2439,0.245,11036845
1743249600000,0.2451,0.248,0.2428,0.2436,7766558
1743264000000,0.2436,0.2443,0.2384,0.2427,10393920
1743278400000,0.2428,0.2448,0.2395,0.2444,6041712
1743292800000,0.2445,0.2505,0.2416,0.2458,6866468
1743307200000,0.2458,0.2511,0.2458,0.2482,6662620
1743321600000,0.2482,0.2506,0.2463,0.2477,5590076
1743336000000,0.2477,0.2488,0.243,0.2446,7503748
1743350400000,0.2446,0.248,0.2411,0.2463,5992321
1743364800000,0.2463,0.2485,0.241,0.2467,6141774
1743379200000,0.2468,0.2495,0.2436,0.2444,7738937
1743393600000,0.2445,0.2487,0.2415,0.243,9512679
1743408000000,0.243,0.2456,0.238,0.2452,12757311
1743422400000,0.2452,0.252,0.2426,0.2499,13216251
1743436800000,0.2499,0.2509,0.244,0.2458,14856766
1743451200000,0.2458,0.2469,0.2433,0.2442,6013349
1743465600000,0.2441,0.2469,0.2424,0.2449,7697464
1743480000000,0.245,0.2496,0.2448,0.2485,7692321
1743494400000,0.2484,0.2546,0.2476,0.2492,9149687
1743508800000,0.2493,0.2584,0.2471,0.2579,11025982
1743523200000,0.2579,0.2598,0.2543,0.2554,9840057
1743537600000,0.2554,0.2582,0.2519,0.2561,8307665
1743552000000,0.2561,0.2562,0.2457,0.25,11222538
1743566400000,0.2499,0.2507,0.244,0.246,9479220
1743580800000,0.2461,0.2496,0.2443,0.2456,8976278
1743595200000,0.2456,0.2538,0.2442,0.2526,14393248
1743609600000,0.2527,0.2548,0.2483,0.2521,7462876
1743624000000,0.2522,0.2581,0.2312,0.2356,30757788
1743638400000,0.2356,0.2428,0.2338,0.2417,11334986
1743652800000,0.2417,0.2421,0.2363,0.2375,7411634
1743667200000,0.2375,0.2385,0.2298,0.2324,9948028
1743681600000,0.2323,0.2378,0.2274,0.237,16401077
1743696000000,0.2369,0.2401,0.235,0.2394,6854637
1743710400000,0.2394,0.2443,0.2378,0.2402,9460370
1743724800000,0.2403,0.2451,0.24,0.2413,9104971
1743739200000,0.2413,0.2432,0.2387,0.2423,6730773
1743753600000,0.2423,0.2439,0.2318,0.2361,12120646
1743768000000,0.236,0.2429,0.2344,0.2399,15038472
1743782400000,0.2399,0.2448,0.2385,0.2417,9430774
1743796800000,0.2417,0.2444,0.2409,0.2423,5328524
1743811200000,0.2424,0.2453,0.2415,0.2435,4149736
1743825600000,0.2436,0.2445,0.2416,0.2439,2744713
1743840000000,0.2439,0.247,0.2434,0.245,5068573
1743854400000,0.245,0.2459,0.2393,0.2405,7610198
1743868800000,0.2405,0.2453,0.2397,0.242,5738167
1743883200000,0.242,0.2457,0.2411,0.2451,5738104
1743897600000,0.2451,0.2453,0.2427,0.2433,5459968
1743912000000,0.2433,0.2444,0.2416,0.2419,5139842
1743926400000,0.242,0.2438,0.2401,0.2416,4831933
1743940800000,0.2416,0.2416,0.2326,0.2361,11856031
1743955200000,0.2361,0.2361,0.217,0.2202,29245747
1743969600000,0.2202,0.2206,0.2073,0.2112,35934599
1743984000000,0.2113,0.2162,0.2005,0.2041,26751900
1743998400000,0.2041,0.2079,0.1902,0.1946,53044698
1744012800000,0.1945,0.2079,0.1933,0.2031,28866074
1744027200000,0.2031,0.2226,0.2024,0.2142,54951010
1744041600000,0.2142,0.2171,0.2108,0.2145,17528936
1744056000000,0.2146,0.2181,0.2123,0.2125,8313722
1744070400000,0.2126,0.2189,0.2108,0.2134,10103045
1744084800000,0.2134,0.2145,0.2091,0.2106,12768473
1744099200000,0.2106,0.216,0.2087,0.2158,10133194
1744113600000,0.2158,0.2181,0.21,0.2123,12597163
1744128000000,0.2122,0.2127,0.2029,0.206,17980406
1744142400000,0.206,0.2083,0.204,0.2056,10017161
1744156800000,0.2055,0.2104,0.1986,0.2082,16429079
1744171200000,0.2081,0.2161,0.2079,0.2147,17130872
1744185600000,0.2147,0.2157,0.2102,0.2114,11992128
1744200000000,0.2114,0.2175,0.2097,0.2144,11850923
1744214400000,0.2145,0.2309,0.2141,0.2286,29381781
1744228800000,0.2286,0.2316,0.2274,0.2279,7364310
1744243200000,0.2279,0.2296,0.2235,0.2254,8309000
1744257600000,0.2254,0.2291,0.2236,0.2268,5513329
1744272000000,0.2268,0.2276,0.2234,0.2249,4393747
1744286400000,0.2249,0.2368,0.2244,0.2297,35158324
1744300800000,0.2297,0.2396,0.2284,0.2381,36226467
1744315200000,0.238,0.2426,0.2337,0.2401,20865356
1744329600000,0.2401,0.2436,0.236,0.243,15035720
1744344000000,0.243,0.2438,0.2398,0.2428,9640062
1744358400000,0.2428,0.2499,0.2402,0.2423,18624468
1744372800000,0.2423,0.2465,0.2418,0.2458,12841418
1744387200000,0.2458,0.2547,0.2445,0.2493,12312609
1744401600000,0.2494,0.253,0.2491,0.2499,7326446
1744416000000,0.25,0.2514,0.2458,0.2462,7395049
1744430400000,0.2462,0.2509,0.2457,0.2477,6076015
1744444800000,0.2476,0.2548,0.2476,0.2529,9776105
1744459200000,0.2529,0.2685,0.2522,0.2639,15076179
1744473600000,0.2639,0.2679,0.2629,0.2639,6516612
1744488000000,0.2638,0.2693,0.2636,0.2689,4749580
1744502400000,0.2688,0.2708,0.264,0.2679,6677882
1744516800000,0.2679,0.2684,0.2636,0.2648,4360415
1744531200000,0.2647,0.2674,0.262,0.2631,6158464
1744545600000,0.263,0.2644,0.2569,0.2594,10263182
1744560000000,0.2594,0.2709,0.2587,0.2638,17041702
1744574400000,0.2638,0.2687,0.2572,0.2675,16228047
1744588800000,0.2678,0.2895,0.2661,0.2868,37129439
1744603200000,0.2868,0.2992,0.2815,0.2849,66644544
1744617600000,0.2849,0.2879,0.281,0.2822,27424476
1744632000000,0.2823,0.2851,0.2753,0.2761,24309566
1744646400000,0.276,0.2772,0.2737,0.2762,14623473
1744660800000,0.2763,0.2771,0.2719,0.2756,8223334
1744675200000,0.2757,0.2773,0.2695,0.2723,8724848
1744689600000,0.2723,0.2741,0.2695,0.2731,9334602
1744704000000,0.2731,0.2763,0.2705,0.2718,8402132
1744718400000,0.2717,0.2765,0.2693,0.2746,10231392
1744732800000,0.2747,0.2781,0.2701,0.2708,9335036
1744747200000,0.2708,0.2737,0.267,0.2681,7551120
1744761600000,0.2683,0.2711,0.2656,0.2684,8314626
1744776000000,0.2684,0.2684,0.2613,0.2631,9480903
1744790400000,0.2631,0.2673,0.2617,0.2628,7476118
1744804800000,0.2628,0.2695,0.2605,0.2651,8051324
1744819200000,0.2652,0.2742,0.2607,0.2735,12903868
1744833600000,0.2734,0.2748,0.2649,0.2659,5934580
1744848000000,0.2659,0.2676,0.2625,0.2634,4778350
1744862400000,0.2634,0.2703,0.2627,0.2684,4556977
1744876800000,0.2685,0.2688,0.2649,0.2654,4071190
1744891200000,0.2654,0.2708,0.2632,0.2703,8640447
1744905600000,0.2703,0.2754,0.2684,0.2715,9108133
1744920000000,0.2715,0.2744,0.2666,0.267,4648863
1744934400000,0.2671,0.275,0.2649,0.2731,6138527
1744948800000,0.273,0.2851,0.2729,0.2809,17153570
1744963200000,0.2809,0.2894,0.277,0.2793,17746175
1744977600000,0.2793,0.2822,0.2738,0.2758,8721976
1744992000000,0.2757,0.2784,0.2736,0.2765,5322086
1745006400000,0.2765,0.2768,0.2728,0.2736,3531363
1745020800000,0.2735,0.2842,0.2731,0.2804,8779446
1745035200000,0.2804,0.2809,0.2769,0.2792,4404912
1745049600000,0.2792,0.2809,0.2767,0.2779,4256707
1745064000000,0.278,0.2821,0.2773,0.2796,5892745
1745078400000,0.2796,0.2848,0.2789,0.2829,5252174
1745092800000,0.2829,0.2862,0.28,0.2816,5115448
1745107200000,0.2816,0.2884,0.2791,0.2863,7050438
1745121600000,0.2864,0.2958,0.2832,0.2848,11818390
1745136000000,0.2847,0.2849,0.2736,0.275,8692404
1745150400000,0.2749,0.281,0.2741,0.2808,7027325
1745164800000,0.2808,0.2869,0.2795,0.285,14698383
1745179200000,0.2851,0.2897,0.2844,0.2857,7353208
1745193600000,0.2858,0.3039,0.2858,0.3026,21302268
1745208000000,0.3026,0.3365,0.3002,0.3169,69351661
1745222400000,0.3171,0.3209,0.3073,0.3091,34876156
1745236800000,0.3092,0.3128,0.3075,0.3112,15529082
1745251200000,0.3112,0.3127,0.3005,0.3044,18646582
1745265600000,0.3044,0.3056,0.299,0.3022,8201037
1745280000000,0.3022,0.3115,0.2965,0.3039,19812029
1745294400000,0.3039,0.3053,0.2935,0.3035,12405026
1745308800000,0.3034,0.3034,0.2967,0.2994,10277870
1745323200000,0.2994,0.3067,0.2984,0.3039,13906020
1745337600000,0.3038,0.3073,0.3014,0.306,8021776
1745352000000,0.306,0.3153,0.304,0.3111,12830687
1745366400000,0.311,0.3137,0.3048,0.3129,11701042
1745380800000,0.3129,0.3139,0.3075,0.3112,9118616
1745395200000,0.3112,0.3152,0.3094,0.3127,8224614
1745409600000,0.3127,0.3169,0.3023,0.3118,20779173
1745424000000,0.3118,0.3211,0.3085,0.3153,12018430
1745438400000,0.3152,0.3188,0.3125,0.3144,4732234
1745452800000,0.3144,0.3174,0.3048,0.3053,7396736
1745467200000,0.3052,0.3134,0.3045,0.3097,14711102
1745481600000,0.3097,0.3126,0.2988,0.3048,20171645
1745496000000,0.3048,0.3276,0.304,0.3195,15879248
1745510400000,0.3196,0.3263,0.3167,0.324,10120629
1745524800000,0.324,0.3269,0.3219,0.3236,4558134
1745539200000,0.3237,0.3308,0.3181,0.3209,9352031
1745553600000,0.3209,0.3283,0.3176,0.3273,7559705
1745568000000,0.3273,0.3279,0.3208,0.326,6675145
1745582400000,0.326,0.3359,0.3195,0.3314,16518915
1745596800000,0.3313,0.3347,0.3275,0.3295,12996256
1745611200000,0.3294,0.3339,0.3274,0.3289,4985802
1745625600000,0.3289,0.3395,0.3283,0.3363,7523529
1745640000000,0.3362,0.3362,0.3293,0.3323,5205436
1745654400000,0.3323,0.3354,0.3208,0.3217,7605641
1745668800000,0.3216,0.3259,0.3192,0.3255,5656075
1745683200000,0.3254,0.3272,0.3226,0.3258,4499140
1745697600000,0.3258,0.3275,0.3235,0.3262,2489198
1745712000000,0.3262,0.3327,0.3177,0.3228,8788017
1745726400000,0.3228,0.3248,0.3139,0.3174,5569606
1745740800000,0.3174,0.3188,0.3122,0.3126,4692168
1745755200000,0.3127,0.3139,0.3044,0.3086,9165764
1745769600000,0.3087,0.3111,0.3049,0.3109,4203352
1745784000000,0.311,0.3123,0.3059,0.3064,3404919
1745798400000,0.3064,0.3171,0.2996,0.3136,9508148
1745812800000,0.3137,0.3185,0.3097,0.317,6555567
1745827200000,0.3171,0.3205,0.3132,0.3179,9041254
1745841600000,0.318,0.3188,0.3076,0.31,7316898
1745856000000,0.3098,0.3226,0.3076,0.3207,8469692
1745870400000,0.3207,0.3215,0.3166,0.3193,4084362
1745884800000,0.3192,0.3312,0.3178,0.3268,12432431
1745899200000,0.3269,0.3296,0.3226,0.3279,6799825
1745913600000,0.3279,0.3287,0.3172,0.3184,6778829
1745928000000,0.3184,0.3205,0.3127,0.3177,6791891
1745942400000,0.3178,0.3188,0.3144,0.3154,4209451
1745956800000,0.3155,0.3162,0.3046,0.3078,6565356
1745971200000,0.3078,0.3136,0.3058,0.313,4854037
1745985600000,0.313,0.3159,0.3077,0.3095,4720984
1746000000000,0.3095,0.3193,0.3086,0.3162,5133319
1746014400000,0.3162,0.3168,0.3019,0.3123,12767321
1746028800000,0.3123,0.3201,0.309,0.3169,6834242
1746043200000,0.317,0.3207,0.3143,0.3155,4669086
1746057600000,0.3155,0.3189,0.3105,0.3112,4469712
1746072000000,0.3113,0.315,0.3101,0.3147,3740401
1746086400000,0.3146,0.3245,0.3129,0.3201,8497497
1746100800000,0.3201,0.3216,0.3154,0.3177,5397581
1746115200000,0.3177,0.3202,0.3138,0.3173,4019841
1746129600000,0.3173,0.3202,0.3142,0.3156,2761509
1746144000000,0.3155,0.3225,0.313,0.3195,5488310
1746158400000,0.3195,0.3208,0.3136,0.3142,5364376
1746172800000,0.3143,0.3178,0.3134,0.3149,5905503
1746187200000,0.3149,0.3221,0.3131,0.3188,10717868
1746201600000,0.3188,0.3216,0.312,0.3131,4094561
1746216000000,0.3129,0.3167,0.3121,0.3165,3018888
1746230400000,0.3165,0.319,0.3098,0.312,4564072
1746244800000,0.312,0.3127,0.3074,0.3076,4274759
1746259200000,0.3076,0.3085,0.3027,0.3036,4269934
1746273600000,0.3035,0.3084,0.3033,0.306,3722095
1746288000000,0.306,0.3062,0.294,0.3012,10312255
1746302400000,0.3012,0.3028,0.2981,0.2996,4214731
1746316800000,0.2996,0.3031,0.2957,0.298,4795993
1746331200000,0.2979,0.3012,0.2963,0.2987,3687113
1746345600000,0.2987,0.2988,0.2917,0.294,7839330
1746360000000,0.2941,0.2953,0.289,0.2907,4857466
1746374400000,0.2907,0.2913,0.2868,0.2895,3716376
1746388800000,0.2895,0.2919,0.287,0.2907,4374481
1746403200000,0.2907,0.2989,0.2898,0.296,9036524
1746417600000,0.2961,0.301,0.2954,0.2969,5609655
1746432000000,0.2969,0.2985,0.2892,0.2902,7133599
1746446400000,0.2903,0.2932,0.2878,0.2912,8582188
1746460800000,0.2911,0.3024,0.2908,0.2983,8072906
1746475200000,0.2984,0.3015,0.2941,0.2978,4169694
1746489600000,0.2977,0.301,0.2963,0.3007,5098174
1746504000000,0.3008,0.3032,0.2965,0.2975,6707294
1746518400000,0.2975,0.2975,0.2842,0.2856,11444879
1746532800000,0.2857,0.2918,0.2831,0.2857,9920880
1746547200000,0.2857,0.2903,0.2832,0.2872,6721609
1746561600000,0.2873,0.2936,0.2791,0.2915,10056724
1746576000000,0.2916,0.2965,0.2899,0.2919,7456871
1746590400000,0.2919,0.2961,0.2912,0.2958,4137757
1746604800000,0.2958,0.2993,0.2941,0.2977,4394982
1746619200000,0.2976,0.2983,0.2922,0.2928,6543221
1746633600000,0.2927,0.2956,0.2881,0.2922,7583402
1746648000000,0.2922,0.2992,0.2912,0.2981,3910045
1746662400000,0.2981,0.3129,0.2981,0.3126,9496043
1746676800000,0.3125,0.3155,0.3099,0.3111,11236879
1746691200000,0.3111,0.3164,0.3108,0.3142,8663911
1746705600000,0.3142,0.3235,0.3108,0.3211,13566987
1746720000000,0.321,0.3242,0.32,0.3226,10984477
1746734400000,0.3227,0.3369,0.3225,0.3314,19329064
1746748800000,0.3314,0.338,0.3303,0.3312,10684130
1746763200000,0.3312,0.3444,0.3311,0.3411,9624213
1746777600000,0.3411,0.3522,0.3358,0.3437,19355327
1746792000000,0.3436,0.3483,0.3384,0.3463,11366142
1746806400000,0.3464,0.35,0.3422,0.3439,7761304
1746820800000,0.344,0.3534,0.3433,0.3524,5756891
1746835200000,0.3524,0.36,0.3486,0.3565,15949951
1746849600000,0.3565,0.3646,0.351,0.3633,9612096
1746864000000,0.3633,0.3656,0.3531,0.3545,10921397
1746878400000,0.3546,0.3606,0.3522,0.3545,9027379
1746892800000,0.3544,0.3689,0.3538,0.3647,9276341
1746907200000,0.3648,0.3854,0.3631,0.3842,12613385
1746921600000,0.3842,0.3885,0.372,0.3759,15536460
1746936000000,0.3759,0.3802,0.3592,0.3639,13512038
1746950400000,0.364,0.3704,0.3614,0.3688,7974510
1746964800000,0.3689,0.373,0.3601,0.3632,9918026
1746979200000,0.3631,0.3705,0.3587,0.3676,7122293
1746993600000,0.3676,0.37,0.3643,0.3665,4000300
1747008000000,0.3665,0.3724,0.3584,0.3694,10367479
1747022400000,0.3694,0.3819,0.3623,0.3737,10866062
1747036800000,0.3738,0.3762,0.362,0.363,12034078
1747051200000,0.363,0.3754,0.355,0.3615,28539517
1747065600000,0.3613,0.3714,0.3468,0.3611,17542184
1747080000000,0.361,0.3716,0.3583,0.367,7490904
1747094400000,0.3671,0.3712,0.3475,0.3485,14410438
1747108800000,0.3485,0.3642,0.347,0.3554,10107887
1747123200000,0.3554,0.3637,0.3539,0.3611,6063531
1747137600000,0.3611,0.3659,0.356,0.3644,8030978
1747152000000,0.3645,0.3793,0.3643,0.3775,11192734
1747166400000,0.3775,0.3799,0.374,0.3762,6350113
1747180800000,0.3761,0.4042,0.3761,0.3867,44494646
1747195200000,0.3867,0.3877,0.378,0.3789,12477363
1747209600000,0.379,0.3798,0.3681,0.3733,13813615
1747224000000,0.3733,0.3743,0.3623,0.3657,13794351
1747238400000,0.3657,0.3671,0.3595,0.362,7572450
1747252800000,0.3621,0.3637,0.3562,0.3589,5275640
1747267200000,0.3588,0.3627,0.351,0.3535,8597784
1747281600000,0.3536,0.3555,0.3399,0.341,12900637
1747296000000,0.3409,0.3494,0.3363,0.3436,9786984
1747310400000,0.3436,0.3481,0.3339,0.3469,13806136
1747324800000,0.3469,0.3526,0.3396,0.3424,9085831
1747339200000,0.3425,0.3449,0.3335,0.3409,6690531
1747353600000,0.3409,0.3492,0.339,0.347,7668781
1747368000000,0.347,0.3485,0.3427,0.3469,4533194
1747382400000,0.3469,0.3519,0.3406,0.349,6747040
1747396800000,0.349,0.3515,0.3442,0.3471,8244304
1747411200000,0.3471,0.3488,0.3415,0.3436,4643166
1747425600000,0.3436,0.3438,0.333,0.3358,6232879
1747440000000,0.3358,0.3366,0.3243,0.331,10459337
1747454400000,0.331,0.3348,0.327,0.3287,4702050
1747468800000,0.3287,0.3302,0.324,0.3278,4715016
1747483200000,0.3279,0.3304,0.3226,0.3277,6264882
1747497600000,0.3277,0.3288,0.3208,0.3237,6082586
1747512000000,0.3236,0.3291,0.3215,0.3257,5775052
1747526400000,0.3257,0.3286,0.3227,0.3251,4454962
1747540800000,0.3251,0.3327,0.3247,0.3326,5982483
1747555200000,0.3327,0.3381,0.329,0.3296,7109812
1747569600000,0.3295,0.3448,0.3278,0.3441,7003714
1747584000000,0.3442,0.3464,0.3225,0.3229,12801886
1747598400000,0.3229,0.3426,0.3161,0.3416,11382603
1747612800000,0.3417,0.3439,0.3233,0.3249,11272263
1747627200000,0.325,0.3271,0.3141,0.3206,10417271
1747641600000,0.3206,0.3206,0.3152,0.3188,8131886
1747656000000,0.3187,0.3246,0.3117,0.3232,15708764
1747670400000,0.3232,0.3294,0.3197,0.3243,7767766
1747684800000,0.3242,0.3257,0.3206,0.3241,4515350
1747699200000,0.3241,0.3312,0.3206,0.3245,7021506
1747713600000,0.3245,0.326,0.3176,0.3183,5658116
1747728000000,0.3183,0.3195,0.312,0.3144,7296900
1747742400000,0.3145,0.317,0.3103,0.3164,7370232
1747756800000,0.3164,0.3213,0.312,0.3202,5723377
1747771200000,0.3201,0.3253,0.3187,0.3227,6194861
1747785600000,0.3226,0.3246,0.317,0.323,4866369
1747800000000,0.3229,0.3297,0.3212,0.3229,7716244
1747814400000,0.3229,0.3244,0.3177,0.3206,6362545
1747828800000,0.3207,0.324,0.3171,0.3227,10786903
1747843200000,0.3228,0.3313,0.3049,0.3161,58898919
1747857600000,0.316,0.3266,0.3127,0.321,10011687
1747872000000,0.321,0.3326,0.3206,0.3311,8145277
1747886400000,0.3312,0.3355,0.3284,0.3313,9963597
1747900800000,0.3314,0.3393,0.3314,0.3372,8171335
1747915200000,0.3373,0.3454,0.3337,0.3432,10073321
1747929600000,0.3433,0.3462,0.3397,0.341,4897476
1747944000000,0.3412,0.3443,0.3381,0.3421,4421201
1747958400000,0.3422,0.3515,0.3395,0.3488,9110366
1747972800000,0.3488,0.3497,0.3349,0.3358,8373279
1747987200000,0.3359,0.3433,0.32,0.3241,15675655
1748001600000,0.3242,0.3321,0.3126,0.3271,27679393
1748016000000,0.3271,0.3308,0.3248,0.3253,6834509
1748030400000,0.3252,0.3253,0.3107,0.3127,8078845
1748044800000,0.3128,0.3172,0.3097,0.3158,6702864
1748059200000,0.3158,0.3162,0.3113,0.3139,5416625
1748073600000,0.3138,0.3176,0.3111,0.3158,5188301
1748088000000,0.3159,0.3168,0.3128,0.3147,4377999
1748102400000,0.3147,0.3163,0.3112,0.3122,3729080
1748116800000,0.3122,0.3129,0.3076,0.3095,5171834
1748131200000,0.3095,0.3114,0.3015,0.3076,8420987
1748145600000,0.3076,0.3098,0.3047,0.3058,4462227
1748160000000,0.3058,0.3059,0.3001,0.3023,6769418
1748174400000,0.3023,0.3061,0.2976,0.3035,6586328
1748188800000,0.3035,0.307,0.3004,0.3055,4003424
1748203200000,0.3056,0.3147,0.3029,0.3141,4951955
1748217600000,0.3141,0.3183,0.3128,0.3146,5444987
1748232000000,0.3147,0.3192,0.3142,0.3183,4718648
1748246400000,0.3183,0.3193,0.3137,0.3145,6513205
1748260800000,0.3145,0.3162,0.309,0.3139,6916241
1748275200000,0.314,0.3153,0.306,0.3072,4763464
1748289600000,0.3071,0.3115,0.3059,0.3076,4080179
1748304000000,0.3076,0.3086,0.299,0.306,8635725
1748318400000,0.306,0.3119,0.3031,0.3105,6944875
1748332800000,0.3105,0.314,0.3105,0.3135,6239620
1748347200000,0.3134,0.3186,0.3089,0.3138,8894191
1748361600000,0.3139,0.3193,0.3134,0.3147,5339976
1748376000000,0.3148,0.317,0.3118,0.313,3683407
1748390400000,0.3129,0.3174,0.3109,0.3141,5199993
1748404800000,0.314,0.3151,0.3085,0.3105,3811869
1748419200000,0.3105,0.3128,0.3059,0.3126,4754639
1748433600000,0.3127,0.3173,0.304,0.3051,8908781
1748448000000,0.3052,0.3086,0.2994,0.2998,5900156
1748462400000,0.2998,0.3097,0.2989,0.3084,10298477
1748476800000,0.3085,0.3161,0.3063,0.3135,10535260
1748491200000,0.3135,0.3142,0.3061,0.3106,6753974
1748505600000,0.3107,0.3123,0.3084,0.312,4849445
1748520000000,0.3119,0.3121,0.3035,0.3055,8631556
1748534400000,0.3055,0.3068,0.2997,0.3011,7362415
1748548800000,0.3011,0.3032,0.2913,0.2934,10524311
1748563200000,0.2934,0.2951,0.274,0.2847,28362414
1748577600000,0.2848,0.2854,0.2763,0.2801,11730013
1748592000000,0.2801,0.2824,0.2755,0.2792,12336663
1748606400000,0.2792,0.2811,0.2734,0.2779,13018353
1748620800000,0.2779,0.2796,0.268,0.278,19140963
1748635200000,0.278,0.2788,0.2668,0.2705,14094665
1748649600000,0.2705,0.2711,0.2621,0.2673,16707620
1748664000000,0.2673,0.272,0.2657,0.2712,7529867
1748678400000,0.2712,0.2731,0.2678,0.268,7749104
1748692800000,0.268,0.275,0.2675,0.2727,9150798
1748707200000,0.2727,0.275,0.2718,0.2742,6459391
1748721600000,0.2742,0.2763,0.2727,0.2734,3902500
1748736000000,0.2733,0.2734,0.2686,0.2708,4161197
1748750400000,0.2708,0.2738,0.2702,0.272,4132112
1748764800000,0.272,0.2722,0.2659,0.2684,5869757
1748779200000,0.2683,0.2733,0.266,0.2726,4012339
1748793600000,0.2725,0.2758,0.2693,0.2736,5935613
1748808000000,0.2735,0.2786,0.2726,0.2764,4544626
1748822400000,0.2764,0.2771,0.2711,0.2712,4398008
1748836800000,0.2711,0.2746,0.2695,0.273,3952505
1748851200000,0.273,0.2745,0.2681,0.2705,7290880
1748865600000,0.2705,0.2768,0.2696,0.275,7870575
1748880000000,0.275,0.2776,0.2724,0.2741,4717449
1748894400000,0.2742,0.2847,0.2742,0.2836,7186972
1748908800000,0.2837,0.2886,0.283,0.2839,7228717
1748923200000,0.2838,0.2872,0.282,0.2857,3559865
1748937600000,0.2857,0.29,0.2836,0.2875,5886751
1748952000000,0.2876,0.2897,0.2857,0.2872,9044470
1748966400000,0.2872,0.2886,0.2856,0.287,4791072
1748980800000,0.2871,0.2873,0.2802,0.2824,6213923
1748995200000,0.2824,0.2894,0.2807,0.2882,6146086
1749009600000,0.2882,0.29,0.2839,0.2847,6542936
1749024000000,0.2846,0.2865,0.2803,0.2804,5730635
1749038400000,0.2804,0.2852,0.276,0.2837,10052852
1749052800000,0.2837,0.284,0.278,0.278,4480887
1749067200000,0.278,0.2783,0.2731,0.2755,4759216
1749081600000,0.2755,0.2782,0.2739,0.2761,3972134
1749096000000,0.2762,0.2795,0.272,0.2755,6581789
1749110400000,0.2755,0.2768,0.2728,0.2752,4564160
1749124800000,0.2751,0.2795,0.2707,0.275,8883075
1749139200000,0.2749,0.2752,0.26,0.2637,15422602
1749153600000,0.2637,0.2644,0.2551,0.2579,19872571
1749168000000,0.2579,0.2646,0.2569,0.2644,6141094
1749182400000,0.2644,0.2694,0.2637,0.2688,7850328
1749196800000,0.2688,0.2695,0.2676,0.2683,4014699
1749211200000,0.2684,0.2773,0.2684,0.274,10848999
1749225600000,0.274,0.2752,0.267,0.2679,7021930
1749240000000,0.268,0.2709,0.2679,0.2695,3286106
1749254400000,0.2696,0.2756,0.269,0.2753,5370851
1749268800000,0.2753,0.2804,0.2747,0.2789,5506431
1749283200000,0.2789,0.2816,0.2781,0.2806,4251794
1749297600000,0.2805,0.2831,0.2792,0.2802,4764193
1749312000000,0.2802,0.2808,0.2782,0.2796,2795713
1749326400000,0.2796,0.2823,0.2787,0.2808,3119153
1749340800000,0.2807,0.2811,0.2786,0.2789,3254959
1749355200000,0.2789,0.2802,0.2781,0.2785,3184645
1749369600000,0.2786,0.2822,0.2765,0.2811,6462996
1749384000000,0.2812,0.2845,0.2795,0.2799,4977821
1749398400000,0.2799,0.2831,0.2797,0.282,2932237
1749412800000,0.2821,0.2831,0.2782,0.2793,3713614
1749427200000,0.2792,0.28,0.2765,0.2781,3467105
1749441600000,0.278,0.2783,0.274,0.2772,3996037
1749456000000,0.2773,0.283,0.2753,0.2811,6416851
1749470400000,0.2812,0.2834,0.2787,0.2822,4465261
1749484800000,0.2823,0.286,0.2823,0.2846,4994553
1749499200000,0.2845,0.2932,0.2842,0.2929,7444710
1749513600000,0.2929,0.2972,0.2906,0.2914,8554325
1749528000000,0.2915,0.2928,0.2869,0.2904,5508651
1749542400000,0.2904,0.2984,0.2875,0.2983,7237449
1749556800000,0.2982,0.3029,0.2914,0.295,13526249
1749571200000,0.295,0.3018,0.2942,0.299,5413042
1749585600000,0.2989,0.3044,0.2972,0.3039,4742692
1749600000000,0.3038,0.3041,0.2978,0.3007,4094336
1749614400000,0.3007,0.3041,0.2988,0.301,4929429
1749628800000,0.3011,0.3024,0.2936,0.2963,6940255
1749643200000,0.2962,0.3029,0.2941,0.3016,9325651
1749657600000,0.3017,0.3023,0.2923,0.2929,5411445
1749672000000,0.2929,0.2945,0.2872,0.2902,7252960
1749686400000,0.2903,0.2905,0.2833,0.2848,6489387
1749700800000,0.2847,0.2847,0.2804,0.2811,7607998
1749715200000,0.281,0.2828,0.2765,0.2769,7300775
1749729600000,0.2769,0.2843,0.2764,0.2784,6880540
1749744000000,0.2784,0.2846,0.2751,0.276,6696337
1749758400000,0.2759,0.2779,0.2718,0.273,8880265
1749772800000,0.2731,0.2735,0.2522,0.2604,32447648
1749787200000,0.2604,0.2613,0.2572,0.2602,9004716
1749801600000,0.2603,0.2626,0.2573,0.262,7033397
1749816000000,0.2619,0.2662,0.2578,0.2643,8545276
1749830400000,0.2644,0.2674,0.2609,0.2624,6480419
1749844800000,0.2624,0.2666,0.2621,0.2662,3181062
1749859200000,0.2662,0.2665,0.2637,0.2651,3676047
1749873600000,0.265,0.2662,0.2633,0.265,2837065
1749888000000,0.265,0.2664,0.2634,0.2661,3230723
1749902400000,0.266,0.2673,0.262,0.2635,4953698
1749916800000,0.2634,0.2634,0.2587,0.261,7776892
1749931200000,0.261,0.2654,0.2588,0.2646,4279858
1749945600000,0.2646,0.2662,0.2641,0.2653,2993922
1749960000000,0.2653,0.2668,0.2624,0.264,5064466
1749974400000,0.264,0.2643,0.2614,0.2629,3601231
1749988800000,0.2629,0.2662,0.2617,0.2637,4509868
1750003200000,0.2638,0.2643,0.2591,0.2601,4607459
1750017600000,0.2602,0.262,0.256,0.2613,6397524
1750032000000,0.2614,0.2658,0.2586,0.2634,4927761
1750046400000,0.2635,0.2706,0.2634,0.2699,8271749
1750060800000,0.27,0.2722,0.2683,0.2706,6808963
1750075200000,0.2705,0.2741,0.2688,0.2718,6945911
1750089600000,0.2717,0.2747,0.2716,0.2736,4609938
1750104000000,0.2736,0.2747,0.2635,0.2641,10060898
1750118400000,0.2642,0.2699,0.2593,0.2688,10645942
1750132800000,0.2687,0.269,0.2625,0.2629,7403831
1750147200000,0.2629,0.2631,0.2582,0.259,5770384
1750161600000,0.2589,0.2621,0.2543,0.2568,8924373
1750176000000,0.2567,0.2596,0.2512,0.2579,9039291
1750190400000,0.258,0.2591,0.2528,0.2543,5182136
1750204800000,0.2543,0.2578,0.2539,0.2564,4055056
1750219200000,0.2564,0.2588,0.2552,0.2563,3686687
1750233600000,0.2562,0.2571,0.2487,0.2523,5649355
1750248000000,0.2523,0.2548,0.2468,0.2529,10449523
1750262400000,0.2529,0.2545,0.2499,0.2513,7972758
1750276800000,0.2514,0.2584,0.2506,0.2562,5143160
1750291200000,0.2562,0.2583,0.2535,0.2555,4331243
1750305600000,0.2556,0.2566,0.2535,0.2537,4076253
1750320000000,0.2537,0.2558,0.2522,0.2528,3873752
1750334400000,0.2527,0.2536,0.2498,0.2509,4410599
1750348800000,0.2508,0.2547,0.2488,0.2529,5582921
1750363200000,0.2529,0.2558,0.2527,0.2537,3519539
1750377600000,0.2537,0.2551,0.252,0.2526,4270200
1750392000000,0.2526,0.2571,0.2501,0.2568,5426980
1750406400000,0.2569,0.2593,0.256,0.2592,5851602
1750420800000,0.2592,0.2602,0.2511,0.252,10867251
1750435200000,0.252,0.2521,0.2416,0.2485,18239533
1750449600000,0.2485,0.2511,0.2453,0.2477,4907778
1750464000000,0.2477,0.2519,0.2473,0.2514,3957328
1750478400000,0.2515,0.2527,0.2508,0.2522,3241011
1750492800000,0.2522,0.2543,0.251,0.2512,5722568
1750507200000,0.2512,0.2517,0.2443,0.2465,9851074
1750521600000,0.2464,0.247,0.2401,0.2402,9566098
1750536000000,0.2403,0.2421,0.2304,0.2384,19000537
1750550400000,0.2384,0.2415,0.2338,0.2349,11306189
1750564800000,0.2349,0.2386,0.2344,0.237,4824377
1750579200000,0.237,0.2372,0.2311,0.2351,8568890
1750593600000,0.2351,0.2363,0.2257,0.2306,28833807
1750608000000,0.2306,0.2335,0.2278,0.2286,10850825
1750622400000,0.2287,0.2369,0.2223,0.2368,17205224
1750636800000,0.2367,0.239,0.2349,0.2372,7209352
1750651200000,0.2373,0.2425,0.2371,0.2413,9562860
1750665600000,0.2413,0.2435,0.2392,0.2411,7487752
1750680000000,0.241,0.2486,0.2396,0.2434,13264698
1750694400000,0.2434,0.2519,0.2372,0.2511,18294334
1750708800000,0.2511,0.2629,0.2509,0.2612,17757117
1750723200000,0.2613,0.2636,0.2602,0.2614,7339742
1750737600000,0.2614,0.2679,0.2597,0.2635,7592218
1750752000000,0.2635,0.2651,0.2576,0.2579,11969313
1750766400000,0.2579,0.2609,0.2562,0.259,16651953
1750780800000,0.259,0.2641,0.2581,0.2596,9214590
1750795200000,0.2596,0.2622,0.259,0.2615,5283705
1750809600000,0.2614,0.2631,0.2599,0.2613,5358164
1750824000000,0.2613,0.2615,0.2581,0.2602,7817957
1750838400000,0.2601,0.2614,0.2564,0.2611,5999439
1750852800000,0.2611,0.2642,0.2568,0.2576,10872973
1750867200000,0.2576,0.261,0.2571,0.2586,3676376
1750881600000,0.2586,0.2601,0.2549,0.2559,3347249
1750896000000,0.256,0.2616,0.2552,0.2588,6713013
1750910400000,0.2588,0.2601,0.2556,0.259,5145399
1750924800000,0.259,0.26,0.2544,0.2545,4512114
1750939200000,0.2544,0.255,0.2476,0.2499,11730393
1750953600000,0.25,0.25,0.2457,0.2483,10956221
1750968000000,0.2483,0.2518,0.2462,0.2465,5510540
1750982400000,0.2465,0.2493,0.2432,0.2488,5733416
1750996800000,0.2488,0.2504,0.2441,0.2451,10494292
1751011200000,0.2451,0.2485,0.2447,0.2461,5136292
1751025600000,0.2461,0.249,0.244,0.2485,6072777
1751040000000,0.2486,0.2518,0.2421,0.2439,7548505
1751054400000,0.2438,0.2486,0.2436,0.2479,3965047
1751068800000,0.248,0.2487,0.2471,0.2473,2896490
1751083200000,0.2473,0.2491,0.2464,0.249,3485040
1751097600000,0.249,0.2491,0.2467,0.2475,3305315
1751112000000,0.2476,0.2495,0.2467,0.2493,3284703
1751126400000,0.2493,0.2509,0.2481,0.2496,3541480
1751140800000,0.2496,0.2526,0.2485,0.2514,2981758
1751155200000,0.2515,0.2526,0.2494,0.2495,3659142
1751169600000,0.2495,0.2517,0.2494,0.2517,3057214
1751184000000,0.2517,0.2551,0.2516,0.2525,4757295
1751198400000,0.2525,0.2528,0.2489,0.2493,4645791
1751212800000,0.2493,0.2516,0.2485,0.2514,3210201
1751227200000,0.2515,0.2632,0.2494,0.2602,9898897
1751241600000,0.2602,0.2632,0.2549,0.2553,9532342
1751256000000,0.2553,0.2555,0.2516,0.2547,6445884
1751270400000,0.2547,0.2549,0.2505,0.2513,5369367
1751284800000,0.2512,0.2535,0.2482,0.2514,10370365
1751299200000,0.2514,0.2548,0.25,0.2542,5019216
1751313600000,0.2542,0.2549,0.2517,0.2531,3449890
1751328000000,0.2532,0.2554,0.2519,0.2524,6110669
1751342400000,0.2525,0.2525,0.2446,0.2477,9308064
1751356800000,0.2476,0.2482,0.2448,0.2458,4865927
1751371200000,0.2459,0.2475,0.2433,0.2444,6839071
1751385600000,0.2444,0.2446,0.2396,0.2411,5250366
1751400000000,0.2411,0.2429,0.2392,0.2413,5728737
1751414400000,0.2412,0.2435,0.2381,0.2423,5517188
1751428800000,0.2423,0.247,0.2423,0.2457,8835403
1751443200000,0.2458,0.2494,0.2452,0.2482,8348274
1751457600000,0.2482,0.256,0.2454,0.2559,10474987
1751472000000,0.2559,0.2889,0.2559,0.2775,91124716
1751486400000,0.2776,0.279,0.2666,0.267,18151398
1751500800000,0.267,0.2708,0.2667,0.2675,10068254
1751515200000,0.2674,0.2745,0.2663,0.2723,11822037
1751529600000,0.2723,0.2743,0.2696,0.274,12907674
1751544000000,0.2739,0.2756,0.2655,0.2669,17809340
1751558400000,0.2669,0.2741,0.2667,0.2705,10019659
1751572800000,0.2706,0.2724,0.2696,0.2704,4274456
1751587200000,0.2704,0.2713,0.2672,0.2673,5414709
1751601600000,0.2673,0.2678,0.2596,0.2599,11715918
1751616000000,0.2598,0.2626,0.258,0.2608,8031979
1751630400000,0.2607,0.2623,0.2572,0.2582,10660655
1751644800000,0.2582,0.2587,0.2548,0.2562,8081157
1751659200000,0.2562,0.2579,0.2553,0.2565,3274862
1751673600000,0.2566,0.2604,0.2562,0.2585,4112091
1751688000000,0.2585,0.2599,0.2544,0.2595,7397411
1751702400000,0.2594,0.2605,0.2571,0.258,6310169
1751716800000,0.258,0.2582,0.2544,0.2557,6242385
1751731200000,0.2557,0.2572,0.25,0.2528,7834146
1751745600000,0.2529,0.2584,0.252,0.2577,6370558
1751760000000,0.2578,0.2589,0.2568,0.2577,3681753
1751774400000,0.2577,0.2594,0.2561,0.2586,3625790
1751788800000,0.2587,0.2604,0.2574,0.2594,4363119
1751803200000,0.2595,0.2666,0.2594,0.2659,9341960
1751817600000,0.2659,0.2668,0.2631,0.2644,4411150
1751832000000,0.2645,0.2692,0.2642,0.2654,5445850
1751846400000,0.2654,0.2697,0.2654,0.2676,4529642
1751860800000,0.2677,0.2683,0.2646,0.2679,3748009
1751875200000,0.2678,0.2687,0.2648,0.2664,4503523
1751889600000,0.2664,0.2693,0.2641,0.265,7565585
1751904000000,0.265,0.2659,0.2609,0.2645,8020103
1751918400000,0.2644,0.2644,0.2595,0.2638,3808682
1751932800000,0.2638,0.264,0.2574,0.2594,7371782
1751947200000,0.2594,0.2631,0.2587,0.2624,4042852
1751961600000,0.2624,0.2665,0.2598,0.2654,5054371
1751976000000,0.2654,0.2684,0.2619,0.2631,6368615
1751990400000,0.2632,0.2714,0.2632,0.2692,6158284
1752004800000,0.2692,0.2695,0.2674,0.2681,3277214
1752019200000,0.2681,0.2683,0.2646,0.2666,4848142
1752033600000,0.2666,0.2778,0.2657,0.2773,9690461
1752048000000,0.2773,0.2863,0.2748,0.2764,30545437
1752062400000,0.2763,0.278,0.272,0.2752,10671484
1752076800000,0.2752,0.2829,0.2736,0.2822,9603283
1752091200000,0.2821,0.2845,0.2801,0.2822,10708557
1752105600000,0.2823,0.2873,0.2809,0.2862,11418410
1752120000000,0.2862,0.2888,0.2831,0.2867,9018348
1752134400000,0.2867,0.2888,0.2846,0.287,11572030
1752148800000,0.2869,0.2887,0.2833,0.2836,9047073
1752163200000,0.2836,0.2918,0.2828,0.2895,14445498
1752177600000,0.2894,0.3051,0.2892,0.3018,17829764
1752192000000,0.3018,0.3067,0.296,0.3053,12562315
1752206400000,0.3053,0.3124,0.303,0.3066,12498886
1752220800000,0.3066,0.3129,0.3063,0.3102,9240264
1752235200000,0.3101,0.3184,0.3075,0.3093,15103706
1752249600000,0.3093,0.3179,0.3072,0.3165,9087297
1752264000000,0.3164,0.3168,0.2994,0.3041,14642534
1752278400000,0.3042,0.3121,0.2987,0.3089,8792691
1752292800000,0.3089,0.3138,0.3004,0.311,13484159
1752307200000,0.311,0.3147,0.3073,0.3111,7723900
1752321600000,0.3112,0.313,0.2946,0.2972,16412311
1752336000000,0.2971,0.3052,0.2961,0.3044,6498050
1752350400000,0.3045,0.3062,0.2994,0.3059,4501754
1752364800000,0.3059,0.3087,0.3031,0.3076,5189644
1752379200000,0.3077,0.3167,0.3061,0.3141,10780145
1752393600000,0.3142,0.3162,0.3115,0.3151,10128952
1752408000000,0.315,0.3384,0.3142,0.3278,35653923
1752422400000,0.3279,0.3303,0.3213,0.3225,9589238
1752436800000,0.3224,0.3255,0.3158,0.3196,8544225
1752451200000,0.3196,0.329,0.3182,0.3272,11053729
1752465600000,0.3271,0.3347,0.3226,0.3292,14710637
1752480000000,0.3293,0.3296,0.3216,0.3238,9063064
1752494400000,0.3237,0.3284,0.3132,0.3164,15820697
1752508800000,0.3164,0.318,0.3073,0.3092,15226745
1752523200000,0.3093,0.3121,0.3049,0.3096,9347724
1752537600000,0.3097,0.3115,0.2966,0.3008,17213690
1752552000000,0.3008,0.3076,0.2976,0.3039,13163166
1752566400000,0.304,0.3066,0.3008,0.3039,10089249
1752580800000,0.304,0.3115,0.2993,0.3103,19482878
1752595200000,0.3105,0.3168,0.3064,0.307,12031341
1752609600000,0.3072,0.3174,0.3061,0.3168,4758725
1752624000000,0.3168,0.3198,0.3113,0.3148,7426539
1752638400000,0.3148,0.319,0.3121,0.3177,6567582
1752652800000,0.3176,0.3179,0.3138,0.3153,4980632
1752667200000,0.3152,0.3212,0.3126,0.3165,9573044
1752681600000,0.3165,0.3243,0.3155,0.3192,10987541
1752696000000,0.3192,0.3277,0.3163,0.3178,16694943
1752710400000,0.3178,0.3224,0.3101,0.3128,9734132
1752724800000,0.3127,0.322,0.3115,0.3187,7516885
1752739200000,0.3187,0.325,0.3177,0.32,8688095
1752753600000,0.32,0.3238,0.3139,0.3198,9868039
1752768000000,0.3198,0.3227,0.3106,0.3163,12664607
1752782400000,0.3163,0.3319,0.3119,0.3282,16545476
1752796800000,0.3283,0.34,0.3268,0.3385,14146413
1752811200000,0.3384,0.3544,0.3362,0.3432,20649794
1752825600000,0.3431,0.349,0.3379,0.3423,12048310
1752840000000,0.3422,0.3487,0.3286,0.3321,15907219
1752854400000,0.332,0.338,0.329,0.3324,7996874
1752868800000,0.3325,0.3327,0.3208,0.3293,14641671
1752883200000,0.3292,0.333,0.3181,0.332,10035858
1752897600000,0.3321,0.3356,0.329,0.3306,10748725
1752912000000,0.3307,0.3315,0.3235,0.3243,7091932
1752926400000,0.3243,0.3272,0.3196,0.3247,10233486
1752940800000,0.3247,0.3395,0.3234,0.3376,15314801
1752955200000,0.3376,0.3402,0.3319,0.34,8848620
1752969600000,0.34,0.3436,0.3357,0.3401,9259394
1752984000000,0.34,0.3476,0.3385,0.344,9857499
1752998400000,0.3439,0.3522,0.3439,0.3494,10760712
1753012800000,0.3494,0.3564,0.3463,0.3552,10585926
1753027200000,0.3551,0.3675,0.3523,0.3545,25025612
1753041600000,0.3546,0.3569,0.3426,0.3515,15162826
1753056000000,0.3516,0.3619,0.3438,0.3616,13005048
1753070400000,0.3615,0.3622,0.3552,0.3596,10055206
1753084800000,0.3596,0.3634,0.3546,0.359,11975096
1753099200000,0.359,0.3659,0.355,0.3579,12961371
1753113600000,0.3579,0.36,0.3475,0.3491,17047795
1753128000000,0.3491,0.3561,0.3479,0.3536,7247964
1753142400000,0.3536,0.3573,0.3423,0.3465,15268838
1753156800000,0.3465,0.3475,0.3365,0.3428,14722849
1753171200000,0.3427,0.3474,0.3343,0.3453,15334536
1753185600000,0.3454,0.352,0.3375,0.3478,13177205
1753200000000,0.3478,0.3541,0.3437,0.3464,9974793
1753214400000,0.3462,0.3564,0.3454,0.3555,5965413
1753228800000,0.3555,0.3565,0.3482,0.3499,9044397
1753243200000,0.3499,0.3575,0.3473,0.3493,10198073
1753257600000,0.3492,0.352,0.34,0.3413,10795765
1753272000000,0.3413,0.3424,0.3208,0.3305,35856910
1753286400000,0.3304,0.3304,0.3161,0.3188,24933949
1753300800000,0.3186,0.321,0.3038,0.3144,30528234
1753315200000,0.3145,0.3206,0.3128,0.3171,9542505
1753329600000,0.3171,0.3183,0.2926,0.3052,31244804
1753344000000,0.3051,0.3138,0.3031,0.3129,17920357
1753358400000,0.3129,0.3223,0.3056,0.3164,19680337
1753372800000,0.3165,0.3184,0.3094,0.314,10627991
1753387200000,0.3141,0.3173,0.3084,0.3103,7985907
1753401600000,0.3105,0.313,0.3006,0.3051,13714565
1753416000000,0.305,0.3095,0.3011,0.305,10228490
1753430400000,0.305,0.3153,0.3046,0.3137,9368064
1753444800000,0.3137,0.3163,0.3021,0.3064,11821457
1753459200000,0.3065,0.311,0.3042,0.3077,6948893
1753473600000,0.3077,0.3173,0.3075,0.317,6189033
1753488000000,0.3171,0.3194,0.3136,0.317,7830011
1753502400000,0.3169,0.3179,0.3147,0.3156,3022566
1753516800000,0.3156,0.3196,0.3155,0.3169,5077068
1753531200000,0.3169,0.3205,0.3153,0.3186,7529023
1753545600000,0.3185,0.3228,0.3164,0.3221,5317537
1753560000000,0.3221,0.3223,0.3158,0.3164,5061696
1753574400000,0.3164,0.3231,0.3158,0.3193,4927160
1753588800000,0.3193,0.3231,0.3187,0.3206,6205434
1753603200000,0.3205,0.3233,0.3167,0.3199,6491440
1753617600000,0.3199,0.3242,0.3178,0.3208,7216420
1753632000000,0.3209,0.3246,0.32,0.3214,6795801
1753646400000,0.3215,0.3306,0.3209,0.3272,8208389
1753660800000,0.3273,0.33,0.3222,0.3281,6643083
1753675200000,0.3281,0.3322,0.325,0.3275,6936039
1753689600000,0.3274,0.3282,0.3224,0.3243,5487193
1753704000000,0.3242,0.3248,0.3102,0.3122,15825094
1753718400000,0.3123,0.3135,0.3027,0.3056,13163967
1753732800000,0.3057,0.3063,0.3003,0.3036,8849208
1753747200000,0.3036,0.3054,0.2963,0.3029,12546461
1753761600000,0.303,0.3127,0.3018,0.3119,7993123
1753776000000,0.312,0.3121,0.3036,0.3079,7906869
1753790400000,0.3078,0.3112,0.2989,0.3023,12427465
1753804800000,0.3023,0.3043,0.2977,0.2982,8614533
1753819200000,0.2983,0.3033,0.2951,0.3023,7173372
1753833600000,0.3024,0.3029,0.2965,0.2995,6332395
1753848000000,0.2996,0.301,0.2951,0.297,10525075
1753862400000,0.297,0.2984,0.2864,0.2881,15744418
1753876800000,0.2881,0.2972,0.2867,0.2942,12307347
1753891200000,0.2943,0.2983,0.2731,0.2928,24425951
1753905600000,0.2927,0.295,0.2897,0.2944,7065756
1753920000000,0.2944,0.3019,0.294,0.3014,7540206
1753934400000,0.3015,0.3024,0.3002,0.3015,6128083
1753948800000,0.3015,0.3037,0.2988,0.2996,5309024
1753963200000,0.2996,0.2998,0.288,0.2913,11402600
1753977600000,0.2915,0.2967,0.287,0.2877,8069927
1753992000000,0.2876,0.2879,0.2776,0.2797,10351769
1754006400000,0.2797,0.283,0.2715,0.2813,17903220
1754020800000,0.2812,0.2812,0.2747,0.276,9311446
1754035200000,0.2759,0.2777,0.2694,0.2769,14050594
1754049600000,0.2769,0.2807,0.2698,0.2792,15208652
1754064000000,0.2792,0.281,0.2698,0.2782,14622773
1754078400000,0.2782,0.2791,0.2646,0.2739,16560427
1754092800000,0.274,0.276,0.273,0.2759,8054905
1754107200000,0.276,0.2773,0.2682,0.275,5588763
1754121600000,0.2749,0.2757,0.2687,0.272,5155825
1754136000000,0.2719,0.2733,0.266,0.2671,7675218
1754150400000,0.2672,0.2701,0.2622,0.2658,13158761
1754164800000,0.2658,0.2686,0.2635,0.2667,9793510
1754179200000,0.2667,0.2731,0.2622,0.2709,12966912
1754193600000,0.2709,0.2735,0.27,0.2734,4506839
1754208000000,0.2733,0.2769,0.2726,0.2759,6178687
1754222400000,0.276,0.2772,0.2739,0.2772,4540043
1754236800000,0.2771,0.2779,0.2751,0.2766,3289584
1754251200000,0.2766,0.279,0.2758,0.2778,4480876
1754265600000,0.2778,0.2835,0.2775,0.2794,5387414
1754280000000,0.2795,0.2822,0.2775,0.2814,7208167
1754294400000,0.2814,0.2831,0.2788,0.2796,6155473
1754308800000,0.2795,0.2854,0.2783,0.2839,9848979
1754323200000,0.2838,0.2887,0.2827,0.2839,7132291
1754337600000,0.2838,0.2897,0.2832,0.2887,5408404
1754352000000,0.2886,0.2899,0.2831,0.2832,5765676
1754366400000,0.2832,0.2852,0.2777,0.2786,6861230
1754380800000,0.2786,0.2881,0.2779,0.2874,6650835
1754395200000,0.2874,0.2878,0.2752,0.2767,13469197
1754409600000,0.2766,0.2787,0.2734,0.2744,5105588
1754424000000,0.2744,0.278,0.2709,0.2775,5297975
1754438400000,0.2775,0.2775,0.2707,0.2714,6077899
1754452800000,0.2715,0.2798,0.2702,0.2796,5943380
1754467200000,0.2795,0.2801,0.2764,0.2772,5813192
1754481600000,0.2772,0.2835,0.2741,0.283,8102730
1754496000000,0.2829,0.284,0.2795,0.2825,6965444
1754510400000,0.2826,0.283,0.2807,0.2816,2626342
1754524800000,0.2817,0.2852,0.2796,0.2801,4738840
1754539200000,0.2801,0.2837,0.2796,0.2832,3634155
1754553600000,0.2833,0.2924,0.2821,0.292,7817697
1754568000000,0.292,0.2927,0.2874,0.2894,6508659
1754582400000,0.2893,0.2901,0.282,0.29,7848572
1754596800000,0.2901,0.2962,0.2892,0.2959,6953399
1754611200000,0.2959,0.3006,0.2911,0.2969,45451918
1754625600000,0.2969,0.2991,0.294,0.2981,7371179
1754640000000,0.2981,0.2998,0.2961,0.2996,4883221
1754654400000,0.2996,0.3041,0.2938,0.2965,10364725
1754668800000,0.2964,0.3056,0.2963,0.3042,8214739
1754683200000,0.3043,0.3048,0.3016,0.3032,6109301
1754697600000,0.3032,0.3056,0.3031,0.3048,4683409
1754712000000,0.3047,0.3131,0.3039,0.3123,10487821
1754726400000,0.3123,0.3142,0.311,0.3132,8986759
1754740800000,0.3132,0.3159,0.3094,0.3118,6611239
1754755200000,0.3119,0.3157,0.3116,0.314,4731222
1754769600000,0.3139,0.3168,0.3117,0.3121,6148647
1754784000000,0.3121,0.3162,0.3105,0.315,6984151
1754798400000,0.3151,0.3186,0.3032,0.3045,12706235
1754812800000,0.3045,0.3079,0.3006,0.3031,10465981
1754827200000,0.303,0.3086,0.3016,0.3075,7641785
1754841600000,0.3074,0.311,0.3065,0.3092,5172202
1754856000000,0.3093,0.3097,0.3038,0.3081,5736148
1754870400000,0.3082,0.3171,0.3056,0.3149,8227521
1754884800000,0.3149,0.3168,0.3053,0.3058,7522936
1754899200000,0.3059,0.3084,0.2951,0.2963,11766721
1754913600000,0.2963,0.3006,0.2931,0.3001,14151923
1754928000000,0.3001,0.3053,0.2948,0.2967,10184780
1754942400000,0.2967,0.297,0.2885,0.2919,9308601
1754956800000,0.2918,0.2963,0.2908,0.2931,5718407
1754971200000,0.2931,0.2949,0.2891,0.2944,6440754
1754985600000,0.2945,0.2947,0.2868,0.2904,5431381
1755000000000,0.2904,0.3037,0.2892,0.3034,16714582
1755014400000,0.3036,0.3105,0.3024,0.3097,10688258
1755028800000,0.3097,0.3138,0.3086,0.3102,10146251
1755043200000,0.3102,0.3133,0.3049,0.3122,21029655
1755057600000,0.3122,0.3134,0.3059,0.3111,8259634
1755072000000,0.311,0.3188,0.3109,0.3169,13220786
1755086400000,0.3168,0.3217,0.3122,0.3169,21599429
1755100800000,0.3169,0.3196,0.3146,0.3189,8907018
1755115200000,0.319,0.323,0.316,0.3202,9192505
1755129600000,0.3202,0.3265,0.3172,0.3246,12440109
1755144000000,0.3245,0.3267,0.3142,0.3171,13223582
1755158400000,0.3172,0.3173,0.3089,0.3113,13582871
1755172800000,0.3113,0.313,0.2807,0.2951,59578066
1755187200000,0.295,0.295,0.2873,0.2904,13158286
1755201600000,0.2903,0.2909,0.2843,0.2904,10506951
1755216000000,0.2904,0.2958,0.2887,0.2945,13371231
1755230400000,0.2945,0.2981,0.2924,0.2957,6543862
1755244800000,0.2958,0.2964,0.2916,0.292,8588640
1755259200000,0.2919,0.2956,0.2797,0.2817,24174601
1755273600000,0.2816,0.2867,0.2791,0.2827,13899211
1755288000000,0.2827,0.2908,0.2818,0.2888,7085933
1755302400000,0.2888,0.2917,0.2883,0.2901,6145870
1755316800000,0.2902,0.2932,0.2894,0.2926,7138554
1755331200000,0.2926,0.2949,0.2898,0.2915,10363080
1755345600000,0.2916,0.3017,0.2911,0.2994,12880204
1755360000000,0.2994,0.3,0.2944,0.2954,8228464
1755374400000,0.2954,0.2985,0.295,0.2965,3650267
1755388800000,0.2966,0.2988,0.2946,0.2979,5581179
1755403200000,0.2978,0.3003,0.2971,0.2987,4695953
1755417600000,0.2988,0.3028,0.2982,0.3017,7153599
1755432000000,0.3018,0.3049,0.2998,0.3049,6249469
1755446400000,0.3049,0.3062,0.2953,0.2972,10606798
1755460800000,0.2972,0.2997,0.2955,0.2956,4981497
1755475200000,0.2955,0.2959,0.2815,0.2846,18762857
1755489600000,0.2846,0.2883,0.2809,0.2833,11692885
1755504000000,0.2833,0.2861,0.2797,0.2851,14809350
1755518400000,0.2851,0.2893,0.2827,0.2868,15769986
1755532800000,0.2867,0.2893,0.2839,0.2867,10694191
1755547200000,0.2868,0.2912,0.2852,0.2861,8081204
1755561600000,0.2862,0.29,0.2787,0.2804,13599121
1755576000000,0.2803,0.2828,0.2777,0.2802,9035980
1755590400000,0.2803,0.2859,0.2783,0.2856,7547600
1755604800000,0.2856,0.2856,0.2761,0.278,17632540
1755619200000,0.278,0.2783,0.2712,0.2743,15735050
1755633600000,0.2742,0.2765,0.2713,0.2719,5764411
1755648000000,0.2718,0.2773,0.2712,0.275,8497213
1755662400000,0.275,0.2783,0.275,0.2765,6968394
1755676800000,0.2765,0.2799,0.2741,0.2782,8344223
1755691200000,0.2783,0.2835,0.2721,0.2804,15338614
1755705600000,0.2805,0.2855,0.2788,0.2851,14851454
1755720000000,0.2852,0.2861,0.2838,0.2852,4913882
1755734400000,0.2852,0.2873,0.2828,0.2843,6296569
1755748800000,0.2843,0.2857,0.2805,0.2832,5178542
1755763200000,0.2833,0.2835,0.2783,0.2794,6369813
1755777600000,0.2794,0.2823,0.2759,0.2764,10906416
1755792000000,0.2764,0.2801,0.2754,0.2767,5400068
1755806400000,0.2767,0.2804,0.2756,0.277,3367618
1755820800000,0.2771,0.2803,0.2747,0.276,5073654
1755835200000,0.2761,0.2791,0.2757,0.2783,4841984
1755849600000,0.2783,0.2796,0.2726,0.2728,6221000
1755864000000,0.2728,0.2933,0.2672,0.2905,51491831
1755878400000,0.2904,0.3089,0.2904,0.3054,36946069
1755892800000,0.3055,0.3117,0.3049,0.3071,12632308
1755907200000,0.3072,0.3085,0.2965,0.3,14093814
1755921600000,0.3,0.3072,0.3,0.3027,8821918
1755936000000,0.3027,0.3049,0.3009,0.302,6104571
1755950400000,0.302,0.3044,0.3004,0.3022,7156050
1755964800000,0.3022,0.3068,0.3011,0.3066,4665609
1755979200000,0.3066,0.3069,0.3032,0.3051,4774064
1755993600000,0.3051,0.3061,0.2994,0.3009,5241903
1756008000000,0.301,0.3015,0.2938,0.2945,6539895
1756022400000,0.2946,0.2963,0.2907,0.2922,7297881
1756036800000,0.2921,0.297,0.2918,0.2944,7602769
1756051200000,0.2944,0.3128,0.2927,0.3012,29790071
1756065600000,0.3012,0.3038,0.2937,0.2982,20905161
1756080000000,0.2982,0.3029,0.2913,0.301,13441937
1756094400000,0.301,0.3025,0.285,0.2866,18980365
1756108800000,0.2865,0.2877,0.281,0.2855,13520398
1756123200000,0.2855,0.2878,0.2819,0.2847,12191558
1756137600000,0.2847,0.2872,0.2773,0.2778,14218108
1756152000000,0.2778,0.2786,0.2684,0.2744,25429181
1756166400000,0.2744,0.2796,0.2716,0.2775,10722409
1756180800000,0.2775,0.283,0.2772,0.2812,6844829
1756195200000,0.2813,0.2813,0.2766,0.2778,14290480
1756209600000,0.2779,0.2854,0.2766,0.2829,19161967
1756224000000,0.2829,0.289,0.2822,0.2883,8147975
1756238400000,0.2883,0.2905,0.2872,0.2878,6425846
1756252800000,0.2876,0.2901,0.2844,0.2886,6043832
1756267200000,0.2886,0.2909,0.285,0.2859,6058858
1756281600000,0.286,0.2876,0.2845,0.2869,3769981
1756296000000,0.2869,0.2901,0.2841,0.2883,6885216
1756310400000,0.2885,0.2908,0.2852,0.287,5672019
1756324800000,0.287,0.2914,0.2835,0.286,16063730
1756339200000,0.286,0.2917,0.2834,0.2917,7722523
1756353600000,0.2917,0.2944,0.2896,0.2916,6763479
1756368000000,0.2916,0.2939,0.2893,0.2908,5801744
1756382400000,0.2909,0.2968,0.2906,0.2915,10777831
1756396800000,0.2915,0.2937,0.2868,0.2876,5853826
1756411200000,0.2876,0.2963,0.2871,0.2959,5165398
1756425600000,0.296,0.2975,0.291,0.2942,7392301
1756440000000,0.2942,0.2953,0.2842,0.2848,8188925
1756454400000,0.2847,0.2858,0.279,0.2834,10203053
1756468800000,0.2834,0.2913,0.2784,0.2816,19686513
1756483200000,0.2815,0.2833,0.277,0.2812,10934044
1756497600000,0.2811,0.2834,0.2786,0.2828,5448747
1756512000000,0.2828,0.2878,0.2776,0.2864,7282151
1756526400000,0.2865,0.2879,0.2847,0.2875,4743843
1756540800000,0.2876,0.2877,0.2835,0.2855,3655476
1756555200000,0.2855,0.2857,0.2786,0.2852,9137744
1756569600000,0.2851,0.2858,0.2815,0.2833,3794158
1756584000000,0.2834,0.2854,0.282,0.285,2252445
1756598400000,0.285,0.3028,0.2845,0.2992,51667664
1756612800000,0.2993,0.2998,0.2921,0.2934,12581794
1756627200000,0.2933,0.2976,0.2911,0.2937,11409758
1756641600000,0.2937,0.2968,0.2889,0.2923,12816405
1756656000000,0.2924,0.2933,0.2907,0.291,8274384
1756670400000,0.291,0.2944,0.287,0.2877,9549462
1756684800000,0.2876,0.2891,0.2819,0.2843,13719157
1756699200000,0.2843,0.2911,0.2782,0.291,18094544
1756713600000,0.2912,0.2936,0.2875,0.2885,14370000
1756728000000,0.2885,0.2998,0.2876,0.2885,42175444
1756742400000,0.2884,0.2894,0.2842,0.2888,12911689
1756756800000,0.2888,0.2891,0.2788,0.2874,18776309
1756771200000,0.2875,0.2954,0.2853,0.2947,11314624
1756785600000,0.2948,0.3027,0.2938,0.2964,25792581
1756800000000,0.2963,0.3054,0.2955,0.3007,17144124
1756814400000,0.3007,0.3047,0.2928,0.2965,23821609
1756828800000,0.2965,0.3022,0.2948,0.2962,11278574
1756843200000,0.2962,0.3019,0.2954,0.3001,7043916
1756857600000,0.3001,0.3061,0.299,0.3032,10812679
1756872000000,0.3032,0.3038,0.2975,0.2996,8271597
1756886400000,0.2995,0.3055,0.2992,0.3052,8958013
1756900800000,0.3052,0.3125,0.3017,0.3094,17659058
1756915200000,0.3094,0.3116,0.308,0.3097,5386116
1756929600000,0.3098,0.3126,0.3083,0.3117,5509793
1756944000000,0.3117,0.3169,0.3044,0.3045,15136826
1756958400000,0.3045,0.3058,0.2986,0.3004,12042570
1756972800000,0.3004,0.3045,0.299,0.3003,9917331
1756987200000,0.3004,0.3025,0.2961,0.2985,11177310
1757001600000,0.2985,0.3,0.2938,0.2949,9672656
1757016000000,0.295,0.3008,0.2945,0.2973,7239345
1757030400000,0.2974,0.3032,0.2971,0.3019,6910826
1757044800000,0.302,0.315,0.3011,0.3146,15108416
1757059200000,0.3146,0.3262,0.3123,0.3232,34082198
1757073600000,0.3232,0.3313,0.3168,0.3195,48095492
1757088000000,0.3196,0.3213,0.3158,0.3207,10911571
1757102400000,0.3206,0.324,0.3174,0.3185,13579847
1757116800000,0.3185,0.32,0.3149,0.3152,8973084
1757131200000,0.3152,0.3175,0.3126,0.3161,10027267
1757145600000,0.316,0.3163,0.3112,0.3129,10098045
1757160000000,0.3128,0.3148,0.311,0.3123,8610661
1757174400000,0.3123,0.3157,0.312,0.3126,6746919
1757188800000,0.3127,0.3154,0.312,0.3142,4474314
1757203200000,0.3142,0.3316,0.3142,0.3272,22821036
1757217600000,0.3272,0.3322,0.3262,0.3277,12486009
1757232000000,0.3276,0.3308,0.3253,0.3267,13059952
1757246400000,0.3266,0.3266,0.3221,0.3229,8573119
1757260800000,0.3228,0.3251,0.3211,0.3216,6531095
1757275200000,0.3216,0.3254,0.3205,0.3223,7164399
1757289600000,0.3222,0.3279,0.3207,0.3258,8102483
1757304000000,0.3258,0.3275,0.3237,0.3254,7211134
1757318400000,0.3255,0.3312,0.3245,0.3291,13105537
1757332800000,0.3291,0.3312,0.326,0.329,10498263
1757347200000,0.3289,0.3293,0.3255,0.3268,7176115
1757361600000,0.3269,0.3286,0.3232,0.3259,8935598
1757376000000,0.326,0.3319,0.3195,0.3247,13849983
1757390400000,0.3247,0.3322,0.3223,0.3306,12206429
1757404800000,0.3306,0.3342,0.3266,0.3272,12370504
1757419200000,0.3271,0.3293,0.3156,0.3172,20471366
1757433600000,0.3173,0.3218,0.3164,0.3206,6245696
1757448000000,0.3206,0.3224,0.3189,0.3205,3929049
1757462400000,0.3205,0.3234,0.3157,0.3224,8789688
1757476800000,0.3224,0.3227,0.3181,0.3191,7395280
1757491200000,0.3191,0.3201,0.3163,0.3178,5256773
1757505600000,0.3178,0.3268,0.3176,0.3238,12528642
1757520000000,0.324,0.3244,0.3152,0.317,8878016
1757534400000,0.317,0.3212,0.3165,0.3205,3819568
1757548800000,0.3204,0.325,0.3199,0.3249,4220891
1757563200000,0.3249,0.3297,0.3221,0.3259,8565905
1757577600000,0.326,0.3282,0.3213,0.3215,6709675
1757592000000,0.3215,0.3268,0.3171,0.3188,13378415
1757606400000,0.3189,0.3226,0.3178,0.3222,5558833
1757620800000,0.3222,0.3263,0.3217,0.325,4941979
1757635200000,0.325,0.3282,0.3212,0.3231,7433357
1757649600000,0.3231,0.3265,0.3219,0.324,5858934
1757664000000,0.3241,0.3242,0.3187,0.3192,7811017
1757678400000,0.3192,0.3235,0.3171,0.3214,8354948
1757692800000,0.3214,0.3344,0.3212,0.3335,14924028
1757707200000,0.3334,0.335,0.3308,0.3335,7853255
1757721600000,0.3335,0.338,0.332,0.3365,10127263
1757736000000,0.3365,0.3393,0.334,0.3376,6762291
1757750400000,0.3376,0.3537,0.3376,0.3531,21666742
1757764800000,0.3532,0.362,0.3462,0.3587,44074337
1757779200000,0.3586,0.3907,0.356,0.3766,117232399
1757793600000,0.3765,0.3795,0.3678,0.3683,33531461
1757808000000,0.3683,0.3696,0.3573,0.3591,26009943
1757822400000,0.3591,0.3656,0.3532,0.3568,22423162
1757836800000,0.3567,0.3607,0.3506,0.3515,16045749
1757851200000,0.3514,0.3533,0.3428,0.3456,23323696
1757865600000,0.3456,0.3508,0.345,0.3484,10761432
1757880000000,0.3484,0.3527,0.3467,0.3492,8953998
1757894400000,0.3492,0.3647,0.3489,0.3593,24397141
1757908800000,0.3593,0.3604,0.346,0.3465,15504433
1757923200000,0.3465,0.3465,0.3367,0.3392,24410519
1757937600000,0.3393,0.3408,0.3282,0.332,19087656
1757952000000,0.3319,0.3336,0.3273,0.3327,10056592
1757966400000,0.3327,0.3349,0.3316,0.3342,5565127
1757980800000,0.3342,0.337,0.3319,0.332,9284896
1757995200000,0.3321,0.3376,0.3287,0.3367,7263635
1758009600000,0.3367,0.3423,0.3366,0.3402,8552646
1758024000000,0.3403,0.3442,0.3352,0.3417,14610084
1758038400000,0.3418,0.3468,0.3384,0.3467,9000525
1758052800000,0.3467,0.3526,0.3441,0.345,10566611
1758067200000,0.3451,0.3474,0.3408,0.3409,8555001
1758081600000,0.3411,0.343,0.3376,0.3427,9293767
1758096000000,0.3426,0.3427,0.3334,0.335,7979930
1758110400000,0.3351,0.3369,0.333,0.3333,7719152
1758124800000,0.3332,0.3451,0.3309,0.3449,21018530
1758139200000,0.3449,0.3543,0.3383,0.3494,14123957
1758153600000,0.3494,0.3533,0.3465,0.3521,9331205
1758168000000,0.3521,0.3523,0.3434,0.3465,8543825
1758182400000,0.3464,0.3494,0.3408,0.3416,10321534
1758196800000,0.3417,0.3474,0.3403,0.3454,9601035
1758211200000,0.3455,0.3499,0.3447,0.3475,9597443
1758225600000,0.3475,0.3487,0.3417,0.344,6025854
1758240000000,0.344,0.3496,0.3368,0.338,13115904
1758254400000,0.3379,0.3405,0.3335,0.3345,17320729
1758268800000,0.3344,0.336,0.3259,0.3272,14218768
1758283200000,0.3271,0.3311,0.3229,0.326,13632994
1758297600000,0.3262,0.3286,0.3224,0.3241,7322457
1758312000000,0.324,0.3273,0.3213,0.3241,5657441
1758326400000,0.3241,0.3272,0.3215,0.3263,5792798
1758340800000,0.3262,0.3297,0.3252,0.3292,5489311
1758355200000,0.3291,0.3292,0.3234,0.3253,5584031
1758369600000,0.3252,0.3302,0.3226,0.3273,6500653
1758384000000,0.3272,0.3281,0.3229,0.3237,3595583
1758398400000,0.3236,0.3265,0.3218,0.3228,4105272
1758412800000,0.3228,0.3248,0.3195,0.3235,6126898
1758427200000,0.3235,0.3254,0.3218,0.324,4052421
1758441600000,0.324,0.3246,0.316,0.3175,8644903
1758456000000,0.3176,0.3209,0.3131,0.3133,8977397
1758470400000,0.3133,0.3169,0.3113,0.3151,9540561
1758484800000,0.3151,0.3161,0.3122,0.3123,3858555
1758499200000,0.3124,0.3137,0.299,0.3033,23434593
1758513600000,0.3033,0.3041,0.2724,0.2884,34538512
1758528000000,0.2884,0.2931,0.2864,0.2903,13006510
1758542400000,0.2903,0.2946,0.2896,0.2903,9416735
1758556800000,0.2904,0.2926,0.2883,0.2892,7100791
1758571200000,0.2891,0.2951,0.2888,0.2945,4937023
1758585600000,0.2944,0.2955,0.2864,0.2919,9882602
1758600000000,0.2918,0.2966,0.2884,0.2947,9660617
1758614400000,0.2947,0.2977,0.2933,0.2935,8401266
1758628800000,0.2934,0.2952,0.2899,0.2935,9252725
1758643200000,0.2936,0.297,0.2882,0.289,8898489
1758657600000,0.2889,0.2915,0.2878,0.2889,7079200
1758672000000,0.2889,0.2955,0.2881,0.2899,8789730
1758686400000,0.2898,0.2955,0.2851,0.2952,9603142
1758700800000,0.2952,0.2978,0.2938,0.2959,8737010
1758715200000,0.2959,0.2987,0.2933,0.295,7994129
1758729600000,0.2952,0.2969,0.2926,0.2938,5181874
1758744000000,0.2939,0.2944,0.2905,0.2923,4304299
1758758400000,0.2923,0.2931,0.2865,0.2885,10218264
1758772800000,0.2885,0.2899,0.2835,0.2854,12037194
1758787200000,0.2854,0.2891,0.2835,0.2845,8178862
1758801600000,0.2845,0.2902,0.278,0.2868,17507406
1758816000000,0.2869,0.2873,0.2731,0.2808,24941440
1758830400000,0.281,0.2813,0.2737,0.2763,10750365
1758844800000,0.2763,0.2816,0.2761,0.2802,7417763
1758859200000,0.2802,0.2805,0.2761,0.2787,6678962
1758873600000,0.2789,0.2797,0.2742,0.2774,11190162
1758888000000,0.2773,0.2825,0.2748,0.2806,11853686
1758902400000,0.2807,0.2887,0.2805,0.2869,9815887
1758916800000,0.2869,0.2878,0.2854,0.2875,3300428
1758931200000,0.2875,0.2877,0.2849,0.2868,3009986
1758945600000,0.2867,0.2885,0.2853,0.286,4138440
1758960000000,0.2859,0.2869,0.2825,0.2852,4990199
1758974400000,0.2853,0.287,0.2829,0.286,3537464
1758988800000,0.286,0.2861,0.282,0.2831,3080848
1759003200000,0.2831,0.2861,0.2823,0.2832,2468654
1759017600000,0.2833,0.2839,0.2794,0.2808,5024041
1759032000000,0.2809,0.2812,0.2781,0.2797,4080096
1759046400000,0.2797,0.2802,0.2767,0.2785,5726024
1759060800000,0.2786,0.2847,0.277,0.283,9845071
1759075200000,0.2831,0.287,0.283,0.2863,6055449
1759089600000,0.2864,0.2927,0.2861,0.2918,7311707
1759104000000,0.2918,0.2922,0.289,0.2903,5844403
1759118400000,0.2904,0.2906,0.2867,0.2884,3042268
1759132800000,0.2885,0.2908,0.2859,0.2881,5243564
1759147200000,0.288,0.2962,0.2839,0.2906,13772664
1759161600000,0.2906,0.2932,0.2875,0.2915,6802420
1759176000000,0.2915,0.296,0.2901,0.2904,5376923
1759190400000,0.2904,0.2916,0.2861,0.2873,7228739
1759204800000,0.2873,0.2888,0.2843,0.2851,5056280
1759219200000,0.2851,0.286,0.282,0.2847,5964943
1759233600000,0.2846,0.2863,0.2792,0.282,9078203
1759248000000,0.282,0.2888,0.2805,0.2884,5827446
1759262400000,0.2884,0.2905,0.2865,0.2887,5039422
1759276800000,0.2888,0.2905,0.2854,0.2857,5251930
1759291200000,0.2856,0.2901,0.2849,0.2884,4874201
1759305600000,0.2883,0.3037,0.2882,0.301,17332347
1759320000000,0.301,0.3032,0.2989,0.3025,7008400
1759334400000,0.3025,0.3058,0.3005,0.3046,6031992
1759348800000,0.3046,0.308,0.3024,0.3077,6315881
1759363200000,0.3077,0.3178,0.3073,0.3157,14551574
1759377600000,0.3158,0.3209,0.3154,0.3175,8284698
1759392000000,0.3175,0.3218,0.3165,0.3189,7210949
1759406400000,0.319,0.3252,0.3142,0.3251,19122371
1759420800000,0.3251,0.3338,0.324,0.3297,16063259
1759435200000,0.3297,0.3393,0.3282,0.3392,11959840
1759449600000,0.3393,0.3468,0.3335,0.343,25073333
1759464000000,0.3431,0.35,0.3355,0.3364,20143040
1759478400000,0.3365,0.3374,0.3306,0.3339,13848307
1759492800000,0.334,0.3443,0.3327,0.344,15618649
1759507200000,0.3441,0.3536,0.3374,0.3448,30634863
1759521600000,0.3448,0.3491,0.3439,0.3452,8925708
1759536000000,0.3453,0.3522,0.3388,0.3409,13118935
1759550400000,0.3409,0.3419,0.3348,0.3356,7094582
1759564800000,0.3355,0.3386,0.3329,0.3368,9201496
1759579200000,0.3367,0.3402,0.3285,0.3304,8894366
1759593600000,0.3305,0.3348,0.3292,0.3344,4402835
1759608000000,0.3344,0.3402,0.3337,0.339,5885885
1759622400000,0.3391,0.3584,0.3358,0.3543,19774723
1759636800000,0.3544,0.3578,0.3478,0.3511,16184402
1759651200000,0.351,0.3529,0.3404,0.3428,13437945
1759665600000,0.3427,0.343,0.3381,0.34,8190122
1759680000000,0.3399,0.3413,0.3316,0.332,9990947
1759694400000,0.3321,0.3358,0.3311,0.3325,4643034
1759708800000,0.3326,0.3387,0.3306,0.337,8880333
1759723200000,0.3371,0.3399,0.3326,0.3363,5887980
1759737600000,0.3364,0.3393,0.3354,0.3379,4890929
1759752000000,0.3379,0.3487,0.3377,0.3456,11719860
1759766400000,0.3457,0.3502,0.3439,0.3477,8539605
1759780800000,0.3477,0.3506,0.3414,0.342,6852231
1759795200000,0.3419,0.345,0.3396,0.3405,5291702
1759809600000,0.3405,0.3442,0.3331,0.3355,11560976
1759824000000,0.3354,0.3388,0.3311,0.3384,7184974
1759838400000,0.3383,0.3424,0.3229,0.3245,25321354
1759852800000,0.3245,0.3279,0.3192,0.3204,11332298
1759867200000,0.3205,0.3252,0.3201,0.3218,5592028
1759881600000,0.3217,0.3268,0.3185,0.3217,6548180
1759896000000,0.3217,0.3247,0.3186,0.3214,5822971
1759910400000,0.3214,0.3243,0.3206,0.3212,4884859
1759924800000,0.3211,0.3261,0.3172,0.3217,9520830
1759939200000,0.3217,0.3322,0.3212,0.3293,9698150
1759953600000,0.3293,0.3306,0.3238,0.3244,5666603
1759968000000,0.3245,0.3247,0.3109,0.3154,11163947
1759982400000,0.3154,0.3173,0.3107,0.312,6391117
1759996800000,0.312,0.3142,0.3066,0.3125,13105127
1760011200000,0.3124,0.3164,0.3082,0.3113,12916272
1760025600000,0.3113,0.3185,0.3092,0.3154,14057441
1760040000000,0.3154,0.3222,0.3142,0.3199,4841947
1760054400000,0.3199,0.324,0.3139,0.3203,8462674
1760068800000,0.3203,0.3246,0.3169,0.318,12371687
1760083200000,0.318,0.3292,0.3179,0.3286,8747985
1760097600000,0.3285,0.3347,0.3101,0.3134,37458982
1760112000000,0.3133,0.3176,0.3001,0.3038,27869715
1760126400000,0.3038,0.3057,0.12,0.2322,172734707
1760140800000,0.2322,0.2485,0.2268,0.2398,46693393
1760155200000,0.2398,0.2431,0.235,0.238,24873751
1760169600000,0.2379,0.2512,0.2365,0.2483,19058461
1760184000000,0.2482,0.2486,0.2394,0.246,20516889
1760198400000,0.246,0.2471,0.2329,0.235,18443116
1760212800000,0.2349,0.2374,0.2253,0.2361,26109424
1760227200000,0.2362,0.2379,0.2297,0.2355,20677494
1760241600000,0.2354,0.2426,0.2349,0.2415,10673790
1760256000000,0.2415,0.243,0.2362,0.2409,10148526
1760270400000,0.2408,0.256,0.2367,0.2551,32722270
1760284800000,0.2551,0.2659,0.2543,0.2654,18710172
1760299200000,0.2655,0.2688,0.2602,0.2639,11791420
1760313600000,0.2638,0.2681,0.2604,0.2637,11211773
1760328000000,0.2638,0.2735,0.2622,0.2689,13050951
1760342400000,0.269,0.2772,0.2639,0.2687,23909987
1760356800000,0.2686,0.2781,0.2661,0.2758,29518742
1760371200000,0.2759,0.2868,0.2728,0.2852,20217695
1760385600000,0.2852,0.2881,0.2834,0.284,7984975
1760400000000,0.2841,0.2863,0.2743,0.2759,11167748
1760414400000,0.2759,0.277,0.2528,0.2589,42729037
1760428800000,0.2588,0.2639,0.254,0.262,20904996
1760443200000,0.262,0.2705,0.2545,0.27,29937637
1760457600000,0.2701,0.2749,0.2661,0.2702,25049169
1760472000000,0.2703,0.2732,0.2686,0.2708,8844254
1760486400000,0.2708,0.2731,0.2663,0.2677,7686004
1760500800000,0.2678,0.2706,0.2648,0.2703,11445324
1760515200000,0.2702,0.2763,0.2632,0.2659,14168037
1760529600000,0.2658,0.2669,0.2558,0.2576,23416770
1760544000000,0.2577,0.2601,0.2549,0.2566,10174034
1760558400000,0.2567,0.2583,0.2514,0.2578,11192894
1760572800000,0.2576,0.2625,0.2566,0.259,7138696
1760587200000,0.259,0.2623,0.2561,0.26,9122438
1760601600000,0.2601,0.2645,0.2498,0.2644,17772562
1760616000000,0.2644,0.267,0.2486,0.2503,21658178
1760630400000,0.2503,0.2575,0.246,0.2489,21035142
1760644800000,0.249,0.2503,0.2449,0.2479,11779531
1760659200000,0.2479,0.2497,0.2322,0.2368,37379607
1760673600000,0.2369,0.2382,0.2178,0.2182,43348448
1760688000000,0.2182,0.2303,0.2147,0.2279,39844230
1760702400000,0.228,0.2294,0.2193,0.2273,30662051
1760716800000,0.2274,0.2303,0.224,0.2267,16379745
1760731200000,0.2268,0.2314,0.2259,0.2273,10535942
1760745600000,0.2273,0.2335,0.2262,0.2315,9290642
1760760000000,0.2314,0.2334,0.2273,0.2294,10906490
1760774400000,0.2294,0.2307,0.2271,0.2298,8721708
1760788800000,0.2297,0.2303,0.2241,0.2263,9261414
1760803200000,0.2262,0.2288,0.2234,0.228,6713150
1760817600000,0.2279,0.2296,0.2266,0.2279,3480401
1760832000000,0.2279,0.2292,0.2255,0.2284,3918391
1760846400000,0.2285,0.2287,0.2241,0.2262,5610563
1760860800000,0.2263,0.2333,0.2221,0.2298,22687898
1760875200000,0.2299,0.2338,0.2274,0.2324,12066719
1760889600000,0.2324,0.2395,0.2312,0.2384,15066751
1760904000000,0.2385,0.2397,0.2353,0.2356,7327936
1760918400000,0.2357,0.2419,0.2312,0.2412,13552412
1760932800000,0.2412,0.2472,0.2401,0.2446,12587912
1760947200000,0.2445,0.2461,0.2417,0.2444,10770327
1760961600000,0.2444,0.2449,0.241,0.2413,8731670
1760976000000,0.2411,0.2423,0.2363,0.2411,12936856
1760990400000,0.2411,0.2428,0.2396,0.2398,5532874
1761004800000,0.2399,0.2406,0.2331,0.2336,9454350
1761019200000,0.2336,0.2339,0.2286,0.2317,13155410
1761033600000,0.2317,0.2342,0.2274,0.2331,11287961
1761048000000,0.2331,0.2507,0.2324,0.2497,22933940
1761062400000,0.2496,0.2521,0.2446,0.2454,15146104
1761076800000,0.2454,0.2459,0.2306,0.232,16188755
1761091200000,0.232,0.235,0.2294,0.2349,11131241
1761105600000,0.2349,0.2357,0.2298,0.2326,9267562
1761120000000,0.2326,0.2337,0.2262,0.2313,12783832
1761134400000,0.2313,0.2365,0.2298,0.2331,21265344
1761148800000,0.2331,0.2343,0.227,0.2294,13134993
1761163200000,0.2295,0.23,0.2209,0.2286,17085766
1761177600000,0.2285,0.2306,0.2278,0.2297,5212354
1761192000000,0.2297,0.2349,0.2288,0.2333,7659761
1761206400000,0.2334,0.2349,0.2312,0.2316,5520149
1761220800000,0.2315,0.2369,0.2292,0.2356,10285976
1761235200000,0.2356,0.2389,0.2344,0.2355,8683469
1761249600000,0.2354,0.2355,0.232,0.2343,6091314
1761264000000,0.2343,0.2359,0.2332,0.2341,4321550
1761278400000,0.234,0.2396,0.2331,0.2383,7474291
1761292800000,0.2383,0.2416,0.2365,0.2404,6719224
1761307200000,0.2404,0.2488,0.235,0.2385,21243968
1761321600000,0.2386,0.2419,0.2368,0.2407,10513960
1761336000000,0.2407,0.2436,0.2405,0.2429,4309343
1761350400000,0.2428,0.2432,0.2394,0.2395,4265149
1761364800000,0.2396,0.2415,0.2391,0.2402,3460142
1761379200000,0.2402,0.2417,0.2388,0.24,3115253
1761393600000,0.2401,0.2421,0.2398,0.2413,4011380
1761408000000,0.2413,0.2426,0.24,0.2419,3224480
1761422400000,0.2419,0.2424,0.2407,0.241,2794253
1761436800000,0.2411,0.2416,0.2376,0.2379,5332222
1761451200000,0.238,0.2416,0.2378,0.2412,3857306
1761465600000,0.2413,0.2453,0.2409,0.2452,7607578
1761480000000,0.2451,0.2476,0.244,0.2456,9193674
1761494400000,0.2455,0.2457,0.2432,0.2439,4257458
1761508800000,0.2439,0.25,0.2421,0.2481,10698067
1761523200000,0.2481,0.2518,0.2476,0.249,8934495
1761537600000,0.2491,0.2523,0.2462,0.2479,11063560
1761552000000,0.2479,0.2482,0.2415,0.2437,11710086
1761566400000,0.2436,0.2439,0.2398,0.2425,12979359
1761580800000,0.2425,0.2482,0.2425,0.2446,8302592
1761595200000,0.2446,0.2446,0.2392,0.241,6209835
1761609600000,0.241,0.2433,0.2392,0.2404,7391185
1761624000000,0.2403,0.2463,0.2396,0.2419,7683981
1761638400000,0.242,0.2443,0.2416,0.2419,5399123
1761652800000,0.2418,0.2465,0.2374,0.2418,14129046
1761667200000,0.2417,0.2445,0.237,0.238,11358857
1761681600000,0.2379,0.2382,0.2305,0.2355,18772235
1761696000000,0.2355,0.2364,0.2336,0.2339,6735720
1761710400000,0.2338,0.2364,0.2336,0.2352,5919553
1761724800000,0.2352,0.2386,0.2334,0.2381,7379388
1761739200000,0.2382,0.2398,0.2331,0.2344,10654733
1761753600000,0.2344,0.2427,0.2297,0.2414,32264052
1761768000000,0.2414,0.2452,0.2352,0.2361,14606873
1761782400000,0.2362,0.2384,0.234,0.2361,8543184
1761796800000,0.2362,0.2362,0.227,0.2341,20570248
1761811200000,0.234,0.2346,0.2285,0.2286,10072683
1761825600000,0.2286,0.2292,0.218,0.219,29983520
1761840000000,0.219,0.2207,0.213,0.214,24843730
1761854400000,0.2139,0.2221,0.2133,0.2218,16245573
1761868800000,0.2218,0.2275,0.2211,0.2264,12601218
1761883200000,0.2265,0.2294,0.2264,0.227,9043817
1761897600000,0.227,0.229,0.2251,0.2288,8031767
1761912000000,0.2288,0.2309,0.2262,0.2284,14210280
1761926400000,0.2283,0.2301,0.2213,0.2293,16874137
1761940800000,0.2292,0.2296,0.2256,0.2266,5077403
1761955200000,0.2267,0.2297,0.2255,0.2293,6323194
1761969600000,0.2294,0.2312,0.2271,0.2305,6912841
1761984000000,0.2306,0.2333,0.23,0.2317,8686474
1761998400000,0.2318,0.2336,0.2293,0.2326,7933169
1762012800000,0.2326,0.2343,0.2317,0.2325,5597101
1762027200000,0.2325,0.2342,0.2308,0.2329,5689611
1762041600000,0.2329,0.233,0.2301,0.2305,5272472
1762056000000,0.2305,0.236,0.2303,0.2355,7875559
1762070400000,0.2354,0.2355,0.2296,0.2336,10615057
1762084800000,0.2335,0.2337,0.2242,0.2264,13152739
1762099200000,0.2265,0.2276,0.224,0.2262,6164906
1762113600000,0.2261,0.2334,0.2253,0.2327,5628111
1762128000000,0.2327,0.2334,0.2167,0.2172,16500798
1762142400000,0.2171,0.2199,0.2131,0.2163,16114351
1762156800000,0.2163,0.2191,0.2139,0.2166,12276234
1762171200000,0.2167,0.2187,0.197,0.2042,44438804
1762185600000,0.2042,0.2119,0.2024,0.2051,26688593
1762200000000,0.2051,0.2095,0.2015,0.2088,16412131
1762214400000,0.2089,0.2138,0.2072,0.2135,17501729
1762228800000,0.2136,0.2144,0.2003,0.2017,32137101
1762243200000,0.2017,0.2077,0.2009,0.2053,15047259
1762257600000,0.2054,0.2106,0.2022,0.2054,21268218
1762272000000,0.2055,0.2072,0.1929,0.1965,46527335
1762286400000,0.1965,0.2035,0.188,0.2004,64222805
1762300800000,0.2004,0.2039,0.1908,0.2031,26111745
1762315200000,0.203,0.2046,0.2012,0.2029,10592879
1762329600000,0.2028,0.2047,0.1993,0.2042,10238459
1762344000000,0.2041,0.2095,0.2033,0.2095,15311504
1762358400000,0.2096,0.2148,0.2076,0.2134,10382131
1762372800000,0.2133,0.2143,0.2103,0.2119,9660134
1762387200000,0.2118,0.2131,0.2082,0.2122,7942393
1762401600000,0.2123,0.2133,0.2075,0.2082,8047617
1762416000000,0.2082,0.212,0.2074,0.2093,11170295
1762430400000,0.2093,0.2141,0.2058,0.2071,17802924
1762444800000,0.2072,0.2136,0.2042,0.2123,17404907
1762459200000,0.2123,0.2139,0.2094,0.2119,11186842
1762473600000,0.2119,0.2172,0.2115,0.2165,16629360
1762488000000,0.2165,0.222,0.2141,0.2219,13503326
1762502400000,0.222,0.2221,0.2115,0.2145,25948446
1762516800000,0.2145,0.2255,0.2091,0.224,35177494
1762531200000,0.224,0.2457,0.2239,0.2406,43597509
1762545600000,0.2406,0.2447,0.2363,0.2371,16655668
1762560000000,0.2371,0.2441,0.2346,0.2365,18880504
1762574400000,0.2364,0.2383,0.2275,0.2319,18354737
1762588800000,0.2318,0.2363,0.2303,0.2345,14823006
1762603200000,0.2344,0.2354,0.227,0.23,19230999
1762617600000,0.2301,0.2345,0.2281,0.2331,12905895
1762632000000,0.2331,0.2356,0.2317,0.2355,7208492
1762646400000,0.2355,0.2355,0.2223,0.224,15080382
1762660800000,0.2241,0.231,0.2233,0.2306,10303084
1762675200000,0.2306,0.2315,0.2249,0.2307,7847564
1762689600000,0.2307,0.237,0.2298,0.2356,15704976
1762704000000,0.2355,0.2382,0.2314,0.2381,9802934
1762718400000,0.2381,0.2383,0.2322,0.2334,9942169
1762732800000,0.2334,0.2385,0.2317,0.2345,11008739
1762747200000,0.2344,0.2358,0.2325,0.2345,7736644
1762761600000,0.2344,0.2382,0.2314,0.2371,10994903
1762776000000,0.2371,0.2379,0.2295,0.2329,14035565
1762790400000,0.2328,0.2365,0.2291,0.2347,8863596
1762804800000,0.2347,0.2402,0.2324,0.2381,8127582
1762819200000,0.2382,0.2416,0.2338,0.2367,12679836
1762833600000,0.2367,0.2375,0.2266,0.2266,13483436
1762848000000,0.2267,0.2321,0.2263,0.2311,7597639
1762862400000,0.2312,0.2331,0.2273,0.2298,12471247
1762876800000,0.2298,0.234,0.2273,0.2278,15123729
1762891200000,0.2278,0.2281,0.2231,0.2238,11231643
1762905600000,0.2237,0.2286,0.2215,0.2275,9783223
1762920000000,0.2276,0.2295,0.2264,0.2266,5178071
1762934400000,0.2267,0.2338,0.2267,0.2314,8296652
1762948800000,0.2315,0.2338,0.2245,0.2255,15197101
1762963200000,0.2254,0.2261,0.2154,0.2177,18543907
1762977600000,0.2178,0.2237,0.2174,0.2201,13148517
1762992000000,0.2201,0.2261,0.2176,0.224,8772307
1763006400000,0.2239,0.2259,0.2218,0.2231,9358607
1763020800000,0.2231,0.2254,0.2215,0.2228,8435507
1763035200000,0.2229,0.2259,0.2181,0.2198,20395533
1763049600000,0.2198,0.2206,0.2047,0.2058,26189147
1763064000000,0.2057,0.2134,0.2041,0.2116,14484622
1763078400000,0.2116,0.2134,0.2084,0.2097,12797409
1763092800000,0.2096,0.2127,0.2011,0.211,25034365
1763107200000,0.2109,0.2117,0.2061,0.2073,14424141
1763121600000,0.2073,0.2121,0.2024,0.2103,25135825
1763136000000,0.2104,0.2119,0.2071,0.2106,13563339
1763150400000,0.2106,0.2109,0.1988,0.2034,16289951
1763164800000,0.2033,0.2115,0.203,0.2102,11815682
1763179200000,0.2102,0.2113,0.2083,0.2086,6869689
1763193600000,0.2086,0.2087,0.2044,0.2063,7208535
1763208000000,0.2063,0.2099,0.2059,0.2071,6381952
1763222400000,0.2071,0.2092,0.2056,0.2072,5395411
1763236800000,0.2071,0.2072,0.2044,0.2055,3985505
1763251200000,0.2056,0.2071,0.2019,0.2061,7414432
1763265600000,0.2061,0.2082,0.2045,0.2082,5442784
1763280000000,0.2082,0.2101,0.2043,0.2048,10051493
1763294400000,0.2047,0.2062,0.1976,0.198,11072330
1763308800000,0.198,0.2001,0.1931,0.1971,19282736
1763323200000,0.1971,0.2008,0.1943,0.1988,10984430
1763337600000,0.1989,0.2023,0.1964,0.2008,11126687
1763352000000,0.2009,0.2016,0.1992,0.2008,8443787
1763366400000,0.2009,0.2033,0.2,0.2015,6508175
1763380800000,0.2015,0.2056,0.1955,0.1984,21992565
1763395200000,0.1984,0.2014,0.1899,0.1911,24324263
1763409600000,0.191,0.1924,0.1888,0.192,13298345
1763424000000,0.192,0.1966,0.1882,0.1959,21308157
1763438400000,0.1959,0.1979,0.1916,0.1941,13663507
1763452800000,0.1941,0.1966,0.1937,0.1944,10039252
1763467200000,0.1943,0.1978,0.1917,0.1963,18246409
1763481600000,0.1963,0.1995,0.1958,0.1982,10221453
1763496000000,0.1981,0.1991,0.1959,0.1979,4778329
1763510400000,0.1979,0.1995,0.1947,0.195,6414987
1763524800000,0.1949,0.1951,0.1897,0.1946,9839948
1763539200000,0.1947,0.1961,0.1935,0.1949,6437303
1763553600000,0.1949,0.1956,0.1882,0.1886,11609993
1763568000000,0.1885,0.19,0.1832,0.1849,17144067
1763582400000,0.1849,0.1915,0.184,0.1889,15134117
1763596800000,0.1888,0.189,0.184,0.1844,10107010
1763611200000,0.1844,0.1869,0.1833,0.1867,12552265
1763625600000,0.1867,0.1884,0.1857,0.1882,10585622
1763640000000,0.1883,0.1928,0.1867,0.187,22583460
1763654400000,0.1869,0.1872,0.1715,0.1759,50777174
1763668800000,0.1759,0.1805,0.1747,0.1783,14646600
1763683200000,0.1783,0.1819,0.1755,0.1776,17855679
1763697600000,0.1775,0.1776,0.1573,0.1672,36777412
1763712000000,0.1672,0.1696,0.1626,0.1628,29630845
1763726400000,0.1629,0.1684,0.1591,0.1639,38505205
1763740800000,0.1639,0.1692,0.1618,0.1658,28422886
1763755200000,0.1658,0.1662,0.1598,0.1656,17786259
1763769600000,0.1656,0.1662,0.1628,0.1642,8183323
1763784000000,0.1642,0.165,0.1611,0.1642,9183770
1763798400000,0.1641,0.1645,0.1608,0.1622,9730903
1763812800000,0.1621,0.1633,0.1586,0.1617,11910329
1763827200000,0.1617,0.1639,0.1615,0.1629,6364994
1763841600000,0.1629,0.166,0.1619,0.1638,5882666
1763856000000,0.1637,0.1657,0.163,0.1636,7744726
1763870400000,0.1636,0.1659,0.1636,0.1655,6766816
1763884800000,0.1655,0.1663,0.1643,0.1661,6455179
1763899200000,0.1661,0.1679,0.1646,0.1663,6652662
1763913600000,0.1662,0.1666,0.1641,0.1654,5196497
1763928000000,0.1654,0.1662,0.1633,0.1637,4623469
1763942400000,0.1638,0.1673,0.1621,0.1657,10507314
1763956800000,0.1656,0.1699,0.1634,0.1656,14034612
1763971200000,0.1655,0.166,0.1619,0.164,6594676
1763985600000,0.164,0.1657,0.1613,0.1648,13629864
1764000000000,0.1648,0.1713,0.1646,0.1701,11377138
1764014400000,0.1701,0.1727,0.1701,0.171,6644424
1764028800000,0.1711,0.1718,0.1686,0.1692,6199767
1764043200000,0.1692,0.1704,0.1678,0.1678,4633659
1764057600000,0.1679,0.1695,0.1675,0.1683,5502186
1764072000000,0.1682,0.1706,0.1653,0.1674,10284874
1764086400000,0.1674,0.1697,0.1649,0.1672,8116902
1764100800000,0.1673,0.17,0.1659,0.1688,5546899
1764115200000,0.1689,0.169,0.1661,0.1662,7966847
1764129600000,0.1661,0.1675,0.1658,0.1666,7390043
1764144000000,0.1666,0.1668,0.1633,0.1636,6543044
1764158400000,0.1636,0.165,0.1618,0.1635,8458973
1764172800000,0.1635,0.1704,0.1635,0.1696,9156228
1764187200000,0.1696,0.1697,0.1683,0.1689,4012836
1764201600000,0.1688,0.1707,0.1681,0.1686,7866322
1764216000000,0.1686,0.1696,0.1674,0.1685,4049032
1764230400000,0.1684,0.1699,0.1677,0.1687,4629489
1764244800000,0.1686,0.1697,0.1671,0.1694,6039458
1764259200000,0.1695,0.1723,0.169,0.1717,8805050
1764273600000,0.1718,0.1729,0.1694,0.1707,7624625
1764288000000,0.1707,0.1718,0.1678,0.1702,8229739
1764302400000,0.1702,0.1709,0.1687,0.1689,7915049
1764316800000,0.1688,0.1727,0.1684,0.17,11274522
1764331200000,0.17,0.1737,0.169,0.1723,9582741
1764345600000,0.1723,0.1723,0.1654,0.168,11647670
1764360000000,0.1681,0.1688,0.1661,0.1678,4692046
1764374400000,0.1677,0.1694,0.1671,0.1675,4158099
1764388800000,0.1674,0.1684,0.166,0.1663,7045605
1764403200000,0.1663,0.1672,0.1655,0.167,3939550
1764417600000,0.167,0.1676,0.1656,0.1666,3400236
1764432000000,0.1667,0.1667,0.1638,0.1648,4956581
1764446400000,0.1648,0.1657,0.164,0.1647,4005382
1764460800000,0.1648,0.1661,0.1636,0.1651,5100623
1764475200000,0.1652,0.1654,0.1633,0.1647,4369245
1764489600000,0.1647,0.1653,0.1626,0.1632,7990341
1764504000000,0.1633,0.1658,0.1621,0.1637,8064152
1764518400000,0.1637,0.1648,0.163,0.1633,6121104
1764532800000,0.1632,0.1644,0.1602,0.1607,9386962
1764547200000,0.1606,0.1615,0.15,0.1503,35673713
1764561600000,0.1502,0.1512,0.1493,0.151,9526817
1764576000000,0.151,0.1525,0.1504,0.1509,5239551
1764590400000,0.151,0.1524,0.1466,0.1491,19679411
1764604800000,0.1491,0.1492,0.1464,0.1475,11342191
1764619200000,0.1475,0.1518,0.1475,0.1511,8030483
1764633600000,0.1511,0.1528,0.1492,0.1504,6880038
1764648000000,0.1504,0.151,0.1498,0.1504,3202570
1764662400000,0.1504,0.1514,0.1486,0.1511,6738291
1764676800000,0.1511,0.1617,0.1504,0.1612,15650728
1764691200000,0.1611,0.1617,0.1597,0.16,9317510
1764705600000,0.16,0.161,0.1582,0.1591,5462562
1764720000000,0.1591,0.1612,0.1586,0.1601,5520384
1764734400000,0.16,0.1621,0.1597,0.1602,5802667
1764748800000,0.1602,0.1606,0.1585,0.1591,5343662
1764763200000,0.159,0.1603,0.1552,0.158,14927416
1764777600000,0.1581,0.1598,0.1572,0.1594,6260465
1764792000000,0.1593,0.1646,0.1589,0.1625,10996752
1764806400000,0.1626,0.164,0.1615,0.1623,7275122
1764820800000,0.1622,0.1626,0.1608,0.1618,4050351
1764835200000,0.1617,0.1622,0.1604,0.1609,4112394
1764849600000,0.161,0.1612,0.1579,0.1604,7274061
1764864000000,0.1603,0.1609,0.1522,0.1554,14795686
1764878400000,0.1554,0.1559,0.1542,0.1544,6245061
1764892800000,0.1544,0.1555,0.1538,0.154,6961906
1764907200000,0.1541,0.1561,0.1531,0.1557,8043541
1764921600000,0.1557,0.1558,0.1511,0.1521,9233480
1764936000000,0.1521,0.154,0.1502,0.1514,14112072
1764950400000,0.1515,0.1516,0.1468,0.1491,15822741
1764964800000,0.149,0.1517,0.1484,0.1512,6796108
1764979200000,0.1513,0.1538,0.1511,0.1538,5869399
1764993600000,0.1537,0.1541,0.1523,0.1529,4204339
1765008000000,0.1529,0.1537,0.1521,0.1532,5268906
1765022400000,0.1531,0.1553,0.1526,0.1531,7602936
1765036800000,0.1531,0.1546,0.1526,0.1536,5959071
1765051200000,0.1536,0.1555,0.1528,0.1544,8657200
1765065600000,0.1544,0.1562,0.154,0.1547,5957033
1765080000000,0.1547,0.1552,0.1532,0.1536,4520337
1765094400000,0.1536,0.1538,0.1511,0.1513,4342793
1765108800000,0.1513,0.1524,0.1458,0.1511,18798544
1765123200000,0.151,0.1532,0.1485,0.1529,13343804
1765137600000,0.153,0.1533,0.1467,0.1485,10561583
1765152000000,0.1486,0.151,0.1474,0.1509,6127902
1765166400000,0.1509,0.1533,0.1507,0.1524,5606603
1765180800000,0.1523,0.156,0.152,0.1535,9381326
1765195200000,0.1536,0.1544,0.1506,0.1514,10067318
1765209600000,0.1513,0.1531,0.1496,0.1508,9587019
1765224000000,0.1508,0.152,0.1499,0.1505,6151127
1765238400000,0.1504,0.151,0.1486,0.1505,6782017
1765252800000,0.1506,0.1512,0.1486,0.1511,5809444
1765267200000,0.1511,0.1518,0.1499,0.1518,5406184
1765281600000,0.1517,0.1578,0.1514,0.1577,13533023
1765296000000,0.1577,0.1615,0.1571,0.1576,17737525
1765310400000,0.1577,0.158,0.1541,0.156,8750840
1765324800000,0.1559,0.1561,0.1528,0.1533,8329231
1765339200000,0.1532,0.1537,0.1513,0.152,7258643
1765353600000,0.1521,0.1531,0.1506,0.1513,8738197
1765368000000,0.1514,0.1535,0.1507,0.1531,7380868
1765382400000,0.153,0.1587,0.1527,0.1567,24309510
1765396800000,0.1568,0.16,0.1511,0.1525,16929267
1765411200000,0.1525,0.1528,0.1448,0.1455,17442144
1765425600000,0.1455,0.1473,0.1446,0.1462,10081707
1765440000000,0.1463,0.1471,0.1452,0.1465,6615382
1765454400000,0.1466,0.1479,0.1452,0.146,10112734
1765468800000,0.146,0.1491,0.145,0.1478,8276947
1765483200000,0.1479,0.1513,0.1477,0.1494,13166819
1765497600000,0.1495,0.1504,0.1477,0.1496,6115662
1765512000000,0.1496,0.1514,0.1487,0.1509,4416121
1765526400000,0.1508,0.1514,0.1497,0.1505,4162179
1765540800000,0.1504,0.1506,0.1424,0.1434,15264260
1765555200000,0.1433,0.1449,0.1412,0.1441,16092183
1765569600000,0.1441,0.1459,0.1437,0.1452,4551388
1765584000000,0.1453,0.1468,0.1452,0.1459,3399753
1765598400000,0.1459,0.1462,0.1446,0.1453,3046873
1765612800000,0.1452,0.1467,0.145,0.1452,3813528
1765627200000,0.1453,0.1466,0.1446,0.1455,3562402
1765641600000,0.1455,0.1462,0.1444,0.1455,4532164
1765656000000,0.1454,0.1456,0.1439,0.1451,3662497
1765670400000,0.1452,0.1456,0.1447,0.1447,2772867
1765684800000,0.1448,0.1448,0.1423,0.1428,4733567
1765699200000,0.1428,0.1432,0.1405,0.1418,7035870
1765713600000,0.1417,0.1421,0.1399,0.1405,5402524
1765728000000,0.1405,0.1414,0.1384,0.1388,8302489
1765742400000,0.1389,0.1401,0.1365,0.1382,8939957
1765756800000,0.1382,0.1426,0.1379,0.1411,8280481
1765771200000,0.1412,0.1427,0.1409,0.1411,5114789
1765785600000,0.1412,0.1418,0.1403,0.1407,5098420
1765800000000,0.1406,0.141,0.1338,0.1348,17010484
1765814400000,0.1347,0.1349,0.1302,0.1324,16109838
1765828800000,0.1325,0.1334,0.131,0.133,6544301
1765843200000,0.1331,0.1333,0.1313,0.1324,5883296
1765857600000,0.1325,0.1329,0.1301,0.1317,5698744
1765872000000,0.1317,0.1348,0.1316,0.1346,7813175
1765886400000,0.1347,0.1356,0.1318,0.1351,11383066
1765900800000,0.1352,0.1354,0.133,0.1341,6220475
1765915200000,0.1341,0.1347,0.1336,0.1339,3353225
1765929600000,0.1338,0.1346,0.1325,0.133,5270262
1765944000000,0.133,0.1337,0.1324,0.1334,6362693
1765958400000,0.1334,0.1334,0.1321,0.1332,4281683
1765972800000,0.1332,0.1373,0.1316,0.1318,19907825
1765987200000,0.1318,0.1326,0.1256,0.1271,22737599
1766001600000,0.1271,0.1282,0.125,0.1263,8071796
1766016000000,0.1262,0.1277,0.1256,0.126,8655182
1766030400000,0.126,0.1266,0.1246,0.1254,7214608
1766044800000,0.1254,0.127,0.1252,0.1266,6673404
1766059200000,0.1267,0.1307,0.1262,0.1297,17646959
1766073600000,0.1297,0.1299,0.1201,0.1205,28419032
1766088000000,0.1204,0.1237,0.1202,0.1222,9666156
1766102400000,0.1223,0.1249,0.1201,0.1237,14985668
1766116800000,0.1237,0.1259,0.123,0.1251,8318891
1766131200000,0.1251,0.1259,0.1246,0.1254,6178307
1766145600000,0.1254,0.1279,0.1238,0.1256,18396777
1766160000000,0.1256,0.1286,0.1246,0.1285,17723454
1766174400000,0.1284,0.1292,0.1276,0.1284,7699725
1766188800000,0.1285,0.1287,0.1273,0.1282,5766242
1766203200000,0.1282,0.1305,0.1274,0.1304,5934944
1766217600000,0.1304,0.1315,0.1291,0.1304,6427987
1766232000000,0.1305,0.1308,0.1294,0.1301,5587464
1766246400000,0.1302,0.131,0.1295,0.1304,7013890
1766260800000,0.1304,0.1312,0.13,0.1308,4144549
1766275200000,0.1309,0.1312,0.1281,0.1293,8267535
1766289600000,0.1294,0.1301,0.129,0.13,5289487
1766304000000,0.1299,0.1304,0.1279,0.1281,5151069
1766318400000,0.1281,0.1287,0.1244,0.1255,15146251
1766332800000,0.1255,0.1267,0.1249,0.1261,4893883
1766347200000,0.1261,0.1273,0.1247,0.1264,4215932
1766361600000,0.1264,0.1293,0.1248,0.1267,10898175
1766376000000,0.1267,0.1269,0.1248,0.126,8398218
1766390400000,0.126,0.127,0.1255,0.1261,28731424
1766404800000,0.126,0.1272,0.124,0.1254,21666653
1766419200000,0.1255,0.1256,0.1213,0.1216,14082330
1766433600000,0.1216,0.1232,0.1203,0.1229,12268182
1766448000000,0.1228,0.1246,0.1218,0.1225,8520103
1766462400000,0.1225,0.1229,0.1211,0.1217,6948410
1766476800000,0.1217,0.1221,0.1205,0.1212,8197395
1766491200000,0.1212,0.1213,0.1161,0.1173,23684211
1766505600000,0.1173,0.1192,0.1168,0.1179,13745081
1766520000000,0.1178,0.1192,0.1164,0.117,9457768
1766534400000,0.1171,0.1178,0.1144,0.1157,12150286
1766548800000,0.1157,0.1165,0.1147,0.1154,7413782
1766563200000,0.1153,0.1166,0.1151,0.1165,9860626
1766577600000,0.1165,0.1193,0.1165,0.1193,14453897
1766592000000,0.1192,0.1203,0.1183,0.119,11226672
1766606400000,0.1191,0.1199,0.1186,0.1196,4864613
1766620800000,0.1196,0.1208,0.1193,0.1205,4963752
1766635200000,0.1205,0.1206,0.1194,0.1203,5799504
1766649600000,0.1204,0.1211,0.1184,0.1186,7386779
1766664000000,0.1186,0.1195,0.1175,0.1191,8073732
1766678400000,0.1191,0.1199,0.1185,0.1196,6957470
1766692800000,0.1196,0.1199,0.116,0.1164,11020968
1766707200000,0.1164,0.1211,0.1158,0.1201,14382494
1766721600000,0.12,0.1202,0.118,0.1183,7254742
1766736000000,0.1182,0.1188,0.1174,0.1178,9091338
1766750400000,0.1177,0.1185,0.1151,0.116,11777742
1766764800000,0.116,0.1174,0.115,0.1172,10273965
1766779200000,0.1172,0.118,0.1169,0.1172,4372489
1766793600000,0.1173,0.118,0.1168,0.1176,3744338
1766808000000,0.1176,0.1177,0.1163,0.1167,5003076
1766822400000,0.1167,0.1184,0.1155,0.1183,9388639
1766836800000,0.1182,0.1184,0.1172,0.1178,6804097
1766851200000,0.1178,0.1191,0.1172,0.1186,7198651
1766865600000,0.1187,0.1217,0.1185,0.1215,8778206
1766880000000,0.1216,0.123,0.121,0.1227,7628783
1766894400000,0.1227,0.1246,0.1223,0.1241,8443108
1766908800000,0.1241,0.1262,0.1228,0.1247,14618564
1766923200000,0.1247,0.1256,0.1233,0.1239,10975840
1766937600000,0.124,0.1244,0.1219,0.1223,8852039
1766952000000,0.1222,0.1226,0.1212,0.1226,6270890
1766966400000,0.1225,0.1252,0.1221,0.125,13404843
1766980800000,0.1251,0.1258,0.1239,0.1257,8442724
1766995200000,0.1257,0.1264,0.1231,0.1246,10190814
1767009600000,0.1246,0.1246,0.1217,0.1237,16018202
1767024000000,0.1237,0.1239,0.122,0.1222,7383940
1767038400000,0.1222,0.1224,0.1209,0.121,7108513
1767052800000,0.121,0.1216,0.1193,0.1205,9825672
1767067200000,0.1205,0.1211,0.1191,0.1203,6741565
1767081600000,0.1204,0.1216,0.1202,0.1212,5744706
1767096000000,0.1212,0.1227,0.1204,0.1227,9738982
1767110400000,0.1227,0.1234,0.1213,0.1226,9492808
1767124800000,0.1225,0.1232,0.1215,0.123,5074735
1767139200000,0.123,0.1242,0.1226,0.1236,8424512
1767153600000,0.1237,0.1238,0.1225,0.1234,4592977
1767168000000,0.1233,0.1279,0.123,0.1278,13370297
1767182400000,0.1278,0.1288,0.1262,0.1264,19974955
1767196800000,0.1265,0.1267,0.1205,0.1215,20172164
1767211200000,0.1215,0.1228,0.1203,0.1214,8432544
1767225600000,0.1214,0.1225,0.1195,0.1196,9891816
1767240000000,0.1196,0.1219,0.1191,0.1213,7507072
1767254400000,0.1214,0.1238,0.1207,0.1236,5827500
1767268800000,0.1237,0.1271,0.1226,0.1265,12311648
1767283200000,0.1265,0.1276,0.1249,0.1275,16460280
1767297600000,0.1274,0.1294,0.1269,0.1285,9749187
1767312000000,0.1285,0.1291,0.1271,0.129,9671682
1767326400000,0.129,0.1292,0.1277,0.1279,6836698
1767340800000,0.128,0.1314,0.1278,0.1288,13073732
1767355200000,0.1288,0.1315,0.1282,0.1302,15791581
1767369600000,0.1301,0.1333,0.1298,0.1322,15313031
1767384000000,0.1322,0.1335,0.1309,0.133,9975686
1767398400000,0.1331,0.1395,0.1329,0.1393,13554247
1767412800000,0.1394,0.1395,0.1325,0.1329,15709664
1767427200000,0.1329,0.1349,0.1323,0.1332,10196879
1767441600000,0.1331,0.1355,0.1327,0.1336,8981508
1767456000000,0.1337,0.1361,0.1336,0.1352,6761751
1767470400000,0.1351,0.1363,0.1342,0.136,5759035
1767484800000,0.1359,0.1381,0.1356,0.1379,11103589
1767499200000,0.1378,0.1386,0.1361,0.1369,8483659
1767513600000,0.1368,0.1386,0.136,0.1378,8754600
1767528000000,0.1378,0.1391,0.1367,0.1386,8216088
1767542400000,0.1386,0.1408,0.1373,0.1384,11301512
1767556800000,0.1385,0.1404,0.1379,0.1398,8477415
1767571200000,0.1397,0.1416,0.1389,0.1394,15821081
1767585600000,0.1394,0.1396,0.136,0.1383,10721080
1767600000000,0.1381,0.1384,0.1355,0.1367,12486993
1767614400000,0.1368,0.1409,0.1358,0.1409,16726672
1767628800000,0.1409,0.143,0.1385,0.1421,14808902
1767643200000,0.1421,0.1448,0.1415,0.1433,9167076
1767657600000,0.1433,0.1448,0.1415,0.1443,10063961
1767672000000,0.1444,0.1452,0.1417,0.1422,9967878
1767686400000,0.1421,0.1465,0.1417,0.1462,9947298
1767700800000,0.1463,0.1488,0.1449,0.1458,14875504
1767715200000,0.1458,0.1461,0.1389,0.141,21386087
1767729600000,0.141,0.1476,0.1409,0.1471,12185424
1767744000000,0.1471,0.1471,0.1428,0.1445,8189381
1767758400000,0.1445,0.1458,0.143,0.1457,7325438
1767772800000,0.1457,0.1478,0.1438,0.1451,11232189
1767787200000,0.1451,0.1452,0.1397,0.1408,19809731
1767801600000,0.1408,0.1426,0.1399,0.1415,11183455
1767816000000,0.1415,0.1418,0.1387,0.1402,9446363
1767830400000,0.1403,0.1415,0.1379,0.1384,9452434
1767844800000,0.1385,0.1412,0.1365,0.1389,11326059
1767859200000,0.139,0.1399,0.1357,0.1381,9004446
1767873600000,0.1381,0.1399,0.1348,0.1397,14502181
1767888000000,0.1397,0.1403,0.138,0.1383,9075597
1767902400000,0.1383,0.1402,0.1373,0.1395,5001058
1767916800000,0.1394,0.1406,0.1379,0.1398,9627106
1767931200000,0.1398,0.1418,0.139,0.1405,6518984
1767945600000,0.1405,0.1413,0.1377,0.1406,9490212
1767960000000,0.1406,0.1465,0.1397,0.1444,24065747
1767974400000,0.1444,0.1479,0.1407,0.1415,20379238
1767988800000,0.1414,0.1446,0.1412,0.1443,8138126
1768003200000,0.1443,0.1454,0.1424,0.1437,9703211
1768017600000,0.1437,0.1466,0.1411,0.1464,11775589
1768032000000,0.1464,0.1468,0.1445,0.1467,12575170
1768046400000,0.1466,0.1492,0.1451,0.1458,10661388
1768060800000,0.1458,0.1497,0.1444,0.1488,11685469
1768075200000,0.1489,0.1494,0.1447,0.146,8967361
1768089600000,0.146,0.1472,0.1446,0.1454,8513081
1768104000000,0.1455,0.1472,0.1437,0.1445,9206875
1768118400000,0.1445,0.145,0.1433,0.1442,6185924
1768132800000,0.1442,0.1447,0.141,0.1418,7891924
1768147200000,0.1418,0.1442,0.1416,0.1423,8904353
1768161600000,0.1423,0.1423,0.1382,0.1398,10753755
1768176000000,0.1399,0.1445,0.1377,0.142,11316004
1768190400000,0.1421,0.1431,0.1393,0.1395,7347237
1768204800000,0.1393,0.1402,0.1371,0.1379,10897569
1768219200000,0.1379,0.139,0.1342,0.1389,14036262
1768233600000,0.1389,0.1405,0.1367,0.1376,11111875
1768248000000,0.1375,0.1384,0.1334,0.1344,9292170
1768262400000,0.1345,0.137,0.1338,0.1367,9229086
1768276800000,0.1368,0.14,0.1368,0.1393,10396153
1768291200000,0.1393,0.1447,0.1392,0.1438,14820818
1768305600000,0.1438,0.1475,0.1429,0.1465,41271008
1768320000000,0.1465,0.1483,0.1453,0.1476,20826267
1768334400000,0.1476,0.1512,0.1455,0.1489,23196808
1768348800000,0.1489,0.1563,0.1488,0.1505,40762554
1768363200000,0.1504,0.1533,0.1481,0.1502,23441605
1768377600000,0.1502,0.152,0.1496,0.1509,13552735
1768392000000,0.1509,0.1575,0.1489,0.1549,30320339
1768406400000,0.155,0.1568,0.1496,0.1526,22521184
1768420800000,0.1527,0.1539,0.1492,0.1506,10469003
1768435200000,0.1507,0.1509,0.1449,0.1454,15021514
1768449600000,0.1453,0.1493,0.145,0.1488,9295990
1768464000000,0.1487,0.1492,0.1468,0.147,7970740
1768478400000,0.147,0.1484,0.1427,0.1457,19093913
1768492800000,0.1456,0.1487,0.1432,0.1441,15734521
1768507200000,0.1441,0.1448,0.1423,0.1445,6287771
1768521600000,0.1446,0.1482,0.144,0.1462,9767919
1768536000000,0.1461,0.1492,0.1449,0.1472,10973340
1768550400000,0.1471,0.1477,0.1447,0.1463,10477517
1768564800000,0.1463,0.1466,0.1385,0.1398,19424367
1768579200000,0.1397,0.1415,0.1385,0.1405,15117914
1768593600000,0.1405,0.1459,0.1398,0.1455,13713374
1768608000000,0.1455,0.1544,0.1451,0.1495,52872782
1768622400000,0.1495,0.1548,0.1487,0.1545,30955187
1768636800000,0.1544,0.159,0.1535,0.1558,41466645
1768651200000,0.1557,0.1732,0.1555,0.1694,135778704
1768665600000,0.1694,0.1741,0.1632,0.1689,79054442
1768680000000,0.1689,0.1734,0.1627,0.1645,58877101
1768694400000,0.1644,0.1785,0.1593,0.1604,213379891
1768708800000,0.1604,0.1643,0.1582,0.1624,49885879
1768723200000,0.1623,0.1683,0.1567,0.1583,88635915
1768737600000,0.1583,0.1596,0.1563,0.1578,41972947
1768752000000,0.1578,0.1612,0.157,0.1591,29085210
1768766400000,0.159,0.162,0.1525,0.1526,41199695
1768780800000,0.1525,0.1525,0.137,0.1487,99446842
1768795200000,0.1486,0.1501,0.1456,0.147,29948824
1768809600000,0.1469,0.1592,0.1462,0.1513,62485638
1768824000000,0.1514,0.1536,0.1479,0.1492,30645727
1768838400000,0.1492,0.155,0.1489,0.1542,18354450
1768852800000,0.1542,0.1642,0.1527,0.1591,69512223
1768867200000,0.1591,0.163,0.1537,0.1608,60437827
1768881600000,0.1608,0.1627,0.1531,0.1541,48430029
1768896000000,0.154,0.1661,0.1528,0.1586,74455346
1768910400000,0.1587,0.1664,0.1538,0.1565,99316555
1768924800000,0.1565,0.1571,0.1504,0.1528,47294735
1768939200000,0.1528,0.1547,0.1494,0.1514,23122754
1768953600000,0.1513,0.1644,0.1496,0.1606,68616459
1768968000000,0.1605,0.1613,0.1529,0.1537,40816206
1768982400000,0.1537,0.1611,0.1528,0.1543,59457022
1768996800000,0.1542,0.1562,0.1511,0.1548,35775167
1769011200000,0.1549,0.1576,0.1467,0.1575,45130274
1769025600000,0.1575,0.1613,0.1555,0.1572,27515353
1769040000000,0.1571,0.1751,0.157,0.171,96469901
1769054400000,0.171,0.1782,0.1651,0.17,97583413
1769068800000,0.1699,0.1724,0.1625,0.1646,57161222
1769083200000,0.1647,0.1655,0.1588,0.1613,30571174
1769097600000,0.1613,0.164,0.1605,0.1622,23496521
1769112000000,0.1621,0.1685,0.1597,0.1681,31252037
1769126400000,0.1681,0.183,0.1652,0.1794,80912063
1769140800000,0.1795,0.1885,0.1705,0.1728,92658064
1769155200000,0.1727,0.1755,0.1687,0.1712,34328077
1769169600000,0.1712,0.1752,0.1677,0.1694,59587395
1769184000000,0.1694,0.1722,0.1664,0.1684,35748495
1769198400000,0.1683,0.1684,0.1643,0.1655,23480246
1769212800000,0.1654,0.1669,0.16,0.1608,31062216
1769227200000,0.1608,0.1632,0.1603,0.1608,20812772
1769241600000,0.1608,0.1629,0.1593,0.1602,15947973
1769256000000,0.1603,0.1627,0.1567,0.1573,23862872
1769270400000,0.1573,0.1574,0.1547,0.155,15312655
1769284800000,0.1551,0.1585,0.155,0.1563,14363892
1769299200000,0.1563,0.1569,0.1525,0.1533,24420978
1769313600000,0.1533,0.1541,0.1516,0.1519,13438457
1769328000000,0.152,0.1526,0.1502,0.1507,12561324
1769342400000,0.1507,0.1508,0.1461,0.1475,25206546
1769356800000,0.1476,0.1482,0.1389,0.1395,36227760
1769371200000,0.1394,0.142,0.138,0.1411,21933812
1769385600000,0.1412,0.1453,0.1394,0.1421,20294626
1769400000000,0.1421,0.1492,0.1414,0.1461,36645004
1769414400000,0.1461,0.1486,0.1446,0.147,40118195
1769428800000,0.147,0.1478,0.1443,0.1457,25141995
1769443200000,0.1457,0.1459,0.1427,0.1445,18200417
1769457600000,0.1445,0.1455,0.1429,0.1434,15033292
1769472000000,0.1434,0.147,0.1425,0.1446,30031915
1769486400000,0.1446,0.145,0.1419,0.1423,13054264
1769500800000,0.1423,0.1426,0.1403,0.1411,14309650
1769515200000,0.1411,0.1422,0.1369,0.1391,23968929
1769529600000,0.1391,0.1406,0.1367,0.1403,19881466
1769544000000,0.1403,0.1417,0.1398,0.1408,15418810
1769558400000,0.1408,0.1411,0.1381,0.1382,11104667
1769572800000,0.1382,0.1397,0.1373,0.1377,10625542
1769587200000,0.1377,0.1392,0.1361,0.1388,14083386
1769601600000,0.1388,0.1389,0.134,0.1347,18859695
1769616000000,0.1347,0.1363,0.1338,0.1355,13174107
1769630400000,0.1354,0.1367,0.1343,0.1354,14118829
1769644800000,0.1355,0.1359,0.1313,0.1319,16944406
1769659200000,0.1319,0.1336,0.1306,0.1321,13586328
1769673600000,0.1321,0.1321,0.1282,0.1295,16140328
1769688000000,0.1294,0.1306,0.1243,0.1265,30026857
1769702400000,0.1264,0.1283,0.1229,0.1239,24874700
1769716800000,0.1239,0.1264,0.1236,0.1255,15548650
1769731200000,0.1255,0.1261,0.1207,0.1234,29366016
1769745600000,0.1235,0.1254,0.1219,0.1244,14696567
1769760000000,0.1245,0.1262,0.1233,0.1257,13319779
1769774400000,0.1257,0.1259,0.1232,0.1244,16037479
1769788800000,0.1244,0.1275,0.1224,0.1263,19086608
1769803200000,0.1263,0.1263,0.1242,0.1253,14358087
1769817600000,0.1252,0.1256,0.1237,0.124,6727839
1769832000000,0.124,0.1246,0.1213,0.1224,7985045
1769846400000,0.1224,0.1226,0.1195,0.1207,12977017
1769860800000,0.1206,0.1211,0.115,0.1168,28862046
1769875200000,0.1167,0.1183,0.1033,0.1101,92105575
1769889600000,0.11,0.1147,0.1089,0.1143,21953363
1769904000000,0.1142,0.1162,0.1141,0.1156,17468286
1769918400000,0.1156,0.1164,0.1146,0.1161,9825580
1769932800000,0.1161,0.1168,0.1137,0.115,22199289
1769947200000,0.115,0.1166,0.1114,0.113,28563499
1769961600000,0.113,0.1146,0.1112,0.1124,22937291
1769976000000,0.1123,0.1137,0.1091,0.1119,27943578
1769990400000,0.1119,0.1145,0.1083,0.1124,30233464
1770004800000,0.1124,0.1135,0.1085,0.1123,27426313
1770019200000,0.1122,0.1138,0.1116,0.1127,14986580
1770033600000,0.1127,0.1167,0.1122,0.1159,17730643
1770048000000,0.1159,0.1166,0.1142,0.1144,10556143
1770062400000,0.1143,0.1147,0.1136,0.1139,9434108
1770076800000,0.1139,0.1142,0.1109,0.1133,12507413
1770091200000,0.1134,0.1145,0.1124,0.1138,11464581
1770105600000,0.1137,0.1144,0.1119,0.1133,12861487
1770120000000,0.1134,0.1142,0.1109,0.1139,15678874
1770134400000,0.1139,0.1139,0.1057,0.1115,38506091
1770148800000,0.1114,0.1164,0.1102,0.1111,33689801
1770163200000,0.111,0.1143,0.1107,0.1137,13471014
1770177600000,0.1137,0.1139,0.112,0.1136,6858926
1770192000000,0.1136,0.1141,0.1109,0.1121,10867417
1770206400000,0.1121,0.1123,0.1079,0.1091,17800981
1770220800000,0.1091,0.1111,0.1066,0.1109,25555604
1770235200000,0.1109,0.1111,0.1072,0.1094,12605580
1770249600000,0.1095,0.1107,0.1073,0.1076,14218808
1770264000000,0.1076,0.1088,0.1063,0.1071,17761584
1770278400000,0.107,0.109,0.1034,0.1047,20261776
1770292800000,0.1046,0.1056,0.0968,0.0993,63396799
1770307200000,0.0993,0.1004,0.0947,0.0951,67464278
1770321600000,0.0952,0.0957,0.0899,0.0911,91340673
1770336000000,0.0912,0.0946,0.0812,0.0918,112558859
1770350400000,0.0919,0.0964,0.0913,0.0946,22854998
1770364800000,0.0946,0.0981,0.0935,0.0978,23301903
1770379200000,0.0977,0.1013,0.0972,0.1009,19985142
1770393600000,0.1008,0.1056,0.1004,0.102,24411785
1770408000000,0.1019,0.103,0.1002,0.1021,16082273
1770422400000,0.1021,0.1028,0.1003,0.1026,9576609
1770436800000,0.1025,0.1034,0.0985,0.0995,15958515
1770451200000,0.0994,0.1012,0.0989,0.0999,10368264
1770465600000,0.0998,0.108,0.0996,0.1053,41501893
1770480000000,0.1052,0.1088,0.1048,0.1069,47349274
1770494400000,0.1068,0.1073,0.105,0.1057,11694963
1770508800000,0.1058,0.1059,0.1027,0.1028,9061319
1770523200000,0.1029,0.1033,0.1015,0.1019,10974051
1770537600000,0.1018,0.1033,0.1006,0.1029,16649867
1770552000000,0.1029,0.1037,0.1018,0.1022,13452172
1770566400000,0.1021,0.1022,0.0995,0.1021,10220462
1770580800000,0.1021,0.1033,0.0999,0.1014,9847275
1770595200000,0.1013,0.1044,0.0999,0.1033,19125998
1770609600000,0.1033,0.1037,0.1019,0.1023,11381889
1770624000000,0.1023,0.1028,0.0974,0.0983,19771133
1770638400000,0.0983,0.1007,0.0979,0.1001,15975654
1770652800000,0.1001,0.1025,0.0994,0.1018,11137575
1770667200000,0.1018,0.102,0.1005,0.1016,6575606
1770681600000,0.1016,0.1024,0.0996,0.1001,12276167
1770696000000,0.1001,0.1006,0.0978,0.0988,9770830
1770710400000,0.0988,0.0996,0.0981,0.0987,7567749
1770724800000,0.0987,0.1005,0.0984,0.0997,9924160
1770739200000,0.0997,0.1005,0.0985,0.0996,8392050
1770753600000,0.0996,0.0999,0.0986,0.099,6180768
1770768000000,0.099,0.0999,0.0981,0.0988,8526340
1770782400000,0.0987,0.0991,0.0951,0.0951,13972686
1770796800000,0.0951,0.0955,0.0941,0.0953,7374117
1770811200000,0.0952,0.0993,0.0939,0.0957,20215609
1770825600000,0.0956,0.0978,0.0947,0.0966,12271537
1770840000000,0.0965,0.0995,0.0958,0.0977,10728482
1770854400000,0.0977,0.0996,0.0976,0.0989,8692609
1770868800000,0.0988,0.1009,0.0984,0.1006,7510641
1770883200000,0.1005,0.1024,0.0997,0.1012,9111135
1770897600000,0.1012,0.1013,0.0986,0.0988,15135688
1770912000000,0.0989,0.1006,0.0971,0.0997,17570403
1770926400000,0.0997,0.1002,0.0983,0.0992,6601160
1770940800000,0.0993,0.0998,0.0972,0.0982,8924027
1770955200000,0.0982,0.0982,0.0964,0.0973,6221671
1770969600000,0.0973,0.0997,0.0972,0.0994,6183324
1770984000000,0.0994,0.1015,0.098,0.1004,16856228
1770998400000,0.1004,0.1025,0.1002,0.1018,11807249
1771012800000,0.1018,0.1027,0.1016,0.1023,6675863
1771027200000,0.1024,0.104,0.1019,0.1025,10737661
1771041600000,0.1025,0.1027,0.1013,0.1024,4869979
1771056000000,0.1024,0.1043,0.1023,0.1042,7778559
1771070400000,0.1042,0.1068,0.1032,0.1067,12608258
1771084800000,0.1067,0.1091,0.1061,0.1086,9153701
1771099200000,0.1087,0.109,0.1071,0.1079,11202310
1771113600000,0.108,0.1084,0.1058,0.1074,11548795
1771128000000,0.1073,0.1089,0.1072,0.1085,8547976
1771142400000,0.1086,0.1087,0.1056,0.1058,8858904
1771156800000,0.1058,0.1059,0.1026,0.1032,20428083
1771171200000,0.1033,0.1034,0.1011,0.1018,9814494
1771185600000,0.1018,0.1031,0.1014,0.1025,12774518
1771200000000,0.1026,0.103,0.1017,0.1024,3944009
1771214400000,0.1024,0.1032,0.1015,0.102,3720000
1771228800000,0.102,0.1025,0.0996,0.1013,8662729
1771243200000,0.1013,0.1037,0.1,0.1006,11612385
1771257600000,0.1006,0.102,0.1004,0.1016,6260997
1771272000000,0.1017,0.1032,0.1013,0.1028,5861082
1771286400000,0.1028,0.1031,0.1018,0.102,4346481
1771300800000,0.102,0.1024,0.1007,0.1016,3656823
1771315200000,0.1015,0.1018,0.0996,0.1006,5435941
1771329600000,0.1007,0.1015,0.0988,0.1013,14965407
1771344000000,0.1012,0.1029,0.1,0.1012,12955871
1771358400000,0.1012,0.1016,0.1007,0.101,5610098
1771372800000,0.101,0.1019,0.1001,0.1017,4619541
1771387200000,0.1017,0.1024,0.1012,0.1021,4180436
1771401600000,0.1021,0.1025,0.1001,0.101,8719714
1771416000000,0.101,0.1026,0.0995,0.1014,12500298
1771430400000,0.1013,0.1015,0.0976,0.0983,11803606
1771444800000,0.0983,0.099,0.0976,0.098,5880335
1771459200000,0.0981,0.0987,0.0973,0.0981,5594142
1771473600000,0.0981,0.0986,0.0974,0.0977,4959270
1771488000000,0.0977,0.0978,0.0962,0.0964,10530379
1771502400000,0.0963,0.0965,0.0938,0.0951,12114914
1771516800000,0.095,0.096,0.0942,0.0958,9080035
1771531200000,0.0959,0.0965,0.095,0.0965,4312360
1771545600000,0.0965,0.0976,0.096,0.0972,5450304
1771560000000,0.0972,0.0978,0.0963,0.0972,5686074
1771574400000,0.0971,0.0977,0.0965,0.0965,6534772
1771588800000,0.0965,0.0982,0.0942,0.0981,15231591
1771603200000,0.0981,0.0992,0.0965,0.098,13343565
1771617600000,0.098,0.0986,0.0971,0.0984,5150017
1771632000000,0.0984,0.1,0.0978,0.099,5676336
1771646400000,0.099,0.0996,0.0982,0.0988,5939815
1771660800000,0.0989,0.1005,0.0987,0.0996,7857143
1771675200000,0.0995,0.1001,0.0988,0.0997,7499087
1771689600000,0.0996,0.0999,0.0985,0.0988,8993345
1771704000000,0.0988,0.0991,0.0971,0.0973,7469963
1771718400000,0.0972,0.0973,0.0948,0.0957,7788186
1771732800000,0.0956,0.0961,0.0949,0.0952,4928402
1771747200000,0.0952,0.0961,0.0943,0.0953,6464058
1771761600000,0.0953,0.0953,0.0939,0.0947,9077447
1771776000000,0.0947,0.0952,0.0937,0.0941,5730717
1771790400000,0.0941,0.0948,0.0931,0.0946,5418889
1771804800000,0.0947,0.095,0.0889,0.0904,28551017
1771819200000,0.0904,0.0932,0.0898,0.0929,9256302
1771833600000,0.0928,0.0944,0.0922,0.094,8239003
1771848000000,0.094,0.0952,0.0924,0.0927,13996462
1771862400000,0.0927,0.093,0.0904,0.0911,11160788
1771876800000,0.0911,0.0918,0.0902,0.0912,9452725
1771891200000,0.0911,0.0926,0.09,0.0906,11419788
1771905600000,0.0906,0.0908,0.0888,0.0892,8465324
1771920000000,0.0892,0.0901,0.0888,0.0898,5833929
1771934400000,0.0898,0.0919,0.0884,0.0912,9012946
1771948800000,0.0913,0.092,0.0902,0.0903,10065596
1771963200000,0.0903,0.0905,0.0884,0.0895,6611004
1771977600000,0.0895,0.0933,0.0895,0.0905,14224380
1771992000000,0.0906,0.0913,0.0889,0.0911,8229981
1772006400000,0.0912,0.0946,0.0906,0.094,10813144
1772020800000,0.094,0.0986,0.0929,0.098,17244190
1772035200000,0.0981,0.102,0.0979,0.1019,20511315
1772049600000,0.1019,0.1041,0.0987,0.1,20173618
1772064000000,0.1,0.1007,0.0988,0.0995,9484479
1772078400000,0.0994,0.1006,0.098,0.0983,8978590
1772092800000,0.0982,0.0991,0.0966,0.0968,8081750
1772107200000,0.0969,0.0976,0.0957,0.0968,10595034
1772121600000,0.0968,0.0971,0.0936,0.0965,15822699
1772136000000,0.0964,0.0973,0.0955,0.097,11566812
1772150400000,0.0969,0.0985,0.0962,0.0982,6103764
1772164800000,0.0982,0.1009,0.0981,0.1002,12840497
1772179200000,0.1002,0.1009,0.0969,0.0975,10833979
1772193600000,0.0975,0.098,0.0961,0.0968,12470990
1772208000000,0.0968,0.0977,0.0953,0.0964,10045242
1772222400000,0.0964,0.097,0.0942,0.0961,8331853
1772236800000,0.0961,0.0963,0.0948,0.095,4426088
1772251200000,0.095,0.0956,0.0901,0.0921,22753217
1772265600000,0.092,0.092,0.0896,0.0901,13235562
1772280000000,0.0902,0.0934,0.09,0.0919,15728054
1772294400000,0.092,0.096,0.0905,0.0954,12857403
1772308800000,0.0954,0.0979,0.0951,0.097,11338482
1772323200000,0.097,0.1011,0.0953,0.0982,17817246
1772337600000,0.0983,0.0993,0.097,0.098,7955472
1772352000000,0.098,0.0983,0.0957,0.0962,6705136
1772366400000,0.0962,0.0981,0.0948,0.0964,10319296
1772380800000,0.0964,0.0968,0.0941,0.0943,12524443
1772395200000,0.0944,0.0961,0.0927,0.0954,14652967
1772409600000,0.0954,0.0979,0.0954,0.0975,9053267
1772424000000,0.0976,0.098,0.095,0.096,7732746
1772438400000,0.096,0.097,0.0946,0.0964,11092156
1772452800000,0.0965,0.1013,0.0948,0.1003,20410301
1772467200000,0.1003,0.102,0.0984,0.0992,16453863
1772481600000,0.0992,0.0998,0.0966,0.0973,8226216
1772496000000,0.0974,0.0976,0.0958,0.0967,8078206
1772510400000,0.0966,0.0972,0.0959,0.0967,5766254
1772524800000,0.0967,0.0968,0.0937,0.0948,10913596
1772539200000,0.0947,0.0965,0.0932,0.0957,12907087
1772553600000,0.0957,0.0977,0.0949,0.0966,16569216
1772568000000,0.0966,0.0974,0.0954,0.0966,7333184
1772582400000,0.0966,0.0973,0.0952,0.0965,8157252
1772596800000,0.0965,0.0967,0.0947,0.0962,10159806
1772611200000,0.0963,0.0992,0.0956,0.0975,16365062
1772625600000,0.0976,0.1008,0.0962,0.1008,15292495
1772640000000,0.1007,0.1015,0.0985,0.1009,10929532
1772654400000,0.101,0.101,0.0988,0.0995,7425885
1772668800000,0.0994,0.0997,0.0977,0.0985,9386003
1772683200000,0.0985,0.0993,0.0983,0.099,5994614
1772697600000,0.099,0.1004,0.0983,0.0992,7691063
1772712000000,0.0993,0.0998,0.0973,0.0978,9575502
1772726400000,0.0978,0.0979,0.0954,0.0969,13330475
1772740800000,0.0969,0.0984,0.0969,0.0975,6002460
1772755200000,0.0975,0.0984,0.0971,0.098,4718289
1772769600000,0.098,0.0983,0.0968,0.0981,5056752
1772784000000,0.0981,0.0981,0.0957,0.0958,7386099
1772798400000,0.0958,0.0965,0.0927,0.0932,16598276
1772812800000,0.0932,0.094,0.0923,0.0935,7394708
1772827200000,0.0936,0.0941,0.0934,0.0939,3218787
1772841600000,0.0939,0.0945,0.093,0.093,5279559
1772856000000,0.093,0.0938,0.092,0.0925,6127527
1772870400000,0.0925,0.0931,0.0924,0.0927,2770671
1772884800000,0.0927,0.0928,0.091,0.0915,5039302
1772899200000,0.0914,0.0923,0.0907,0.091,4842585
1772913600000,0.0911,0.0915,0.0907,0.0913,3812959
1772928000000,0.0913,0.0914,0.0898,0.0901,5962233
1772942400000,0.0901,0.0914,0.0895,0.0911,5479131
1772956800000,0.0911,0.0926,0.0905,0.0917,5543349
1772971200000,0.0916,0.092,0.0891,0.0895,8898835
1772985600000,0.0895,0.0911,0.0889,0.0907,4710780
1773000000000,0.0906,0.0912,0.0884,0.0888,11552032
1773014400000,0.0888,0.091,0.0883,0.0899,13475825
1773028800000,0.0899,0.0913,0.0885,0.0894,12006212
1773043200000,0.0894,0.0909,0.0889,0.0895,8727433
1773057600000,0.0896,0.092,0.0895,0.091,11633952
1773072000000,0.091,0.0922,0.0898,0.0907,10742228
1773086400000,0.0907,0.0914,0.0898,0.0903,7150728
1773100800000,0.0904,0.0926,0.09,0.0916,8844921
1773115200000,0.0915,0.0934,0.0905,0.0918,9642058
1773129600000,0.0918,0.0929,0.0913,0.0924,8412983
1773144000000,0.0923,0.0943,0.0909,0.0934,13456654
1773158400000,0.0934,0.094,0.0907,0.0911,10962099
1773172800000,0.091,0.0914,0.0902,0.0908,5453729
1773187200000,0.0908,0.0908,0.0897,0.09,6085764
1773201600000,0.09,0.0909,0.0894,0.0906,5475962
1773216000000,0.0905,0.0923,0.0903,0.0917,11466094
1773230400000,0.0918,0.0941,0.0911,0.0921,14986466
1773244800000,0.0921,0.0933,0.0919,0.0927,8804008
1773259200000,0.0927,0.0933,0.092,0.0923,7206033
1773273600000,0.0922,0.0925,0.0903,0.0903,7176463
1773288000000,0.0903,0.0904,0.0895,0.0902,7824786
1773302400000,0.0902,0.0915,0.0897,0.0903,8688036
1773316800000,0.0903,0.091,0.0891,0.0905,10146203
1773331200000,0.0905,0.0919,0.09,0.0917,8107879
1773345600000,0.0916,0.0928,0.0911,0.092,9638457
1773360000000,0.092,0.0938,0.0917,0.0932,10890558
1773374400000,0.0932,0.0937,0.0924,0.0931,7779953
1773388800000,0.093,0.0935,0.0925,0.0928,6622063
1773403200000,0.0929,0.0955,0.0928,0.0943,16834452
1773417600000,0.0943,0.0946,0.0924,0.0926,9673258
1773432000000,0.0927,0.093,0.0912,0.0917,5183351
1773446400000,0.0917,0.0925,0.0906,0.0925,6629201
1773460800000,0.0926,0.093,0.0898,0.0903,6123600
1773475200000,0.0903,0.0915,0.0901,0.0907,8708814
1773489600000,0.0908,0.0909,0.0899,0.0903,5095763
1773504000000,0.0903,0.0905,0.0899,0.09,3685036
1773518400000,0.09,0.0904,0.0896,0.0903,5891530
1773532800000,0.0903,0.0912,0.0899,0.0903,7983614
1773547200000,0.0903,0.0911,0.0896,0.0909,7405870
1773561600000,0.0909,0.0926,0.0904,0.0918,11463188
1773576000000,0.0917,0.0927,0.0906,0.0914,9303445
1773590400000,0.0914,0.0923,0.0911,0.0922,6186501
1773604800000,0.0922,0.0931,0.0916,0.0925,9342739
1773619200000,0.0924,0.0949,0.092,0.0941,12484666
1773633600000,0.0942,0.0963,0.0941,0.0958,13109421
1773648000000,0.0957,0.0965,0.0941,0.0944,13571444
1773662400000,0.0944,0.0956,0.0937,0.0946,12630947
1773676800000,0.0946,0.0966,0.0946,0.0965,10486906
1773691200000,0.0965,0.0984,0.0961,0.0978,10177897
1773705600000,0.0978,0.0982,0.0954,0.096,13279123
1773720000000,0.0961,0.0963,0.0946,0.096,9025569
1773734400000,0.0959,0.0973,0.0956,0.0966,9513929
1773748800000,0.0966,0.0966,0.0948,0.0962,10580985
1773763200000,0.0961,0.0972,0.096,0.0962,4349712
1773777600000,0.0963,0.0976,0.0962,0.0963,4022889
1773792000000,0.0962,0.0977,0.0957,0.0973,9250213
1773806400000,0.0972,0.0982,0.0962,0.0981,7588978
1773820800000,0.098,0.0997,0.095,0.0955,33998297
1773835200000,0.0954,0.0955,0.0908,0.0917,28481940
1773849600000,0.0916,0.093,0.0909,0.0913,10752051
1773864000000,0.0912,0.0926,0.0906,0.0919,5792388
1773878400000,0.0919,0.0922,0.0908,0.0914,8898308
1773892800000,0.0914,0.0916,0.0897,0.0902,8667042
1773907200000,0.0902,0.0909,0.0898,0.0898,8458477
1773921600000,0.0898,0.0899,0.0883,0.0893,14150872
1773936000000,0.0892,0.09,0.0882,0.0894,6812191
1773950400000,0.0895,0.09,0.0891,0.0896,10136638
1773964800000,0.0896,0.0916,0.0894,0.0905,8505432
1773979200000,0.0904,0.091,0.0896,0.0903,6323899
1773993600000,0.0902,0.0908,0.0894,0.0902,6014706
1774008000000,0.0901,0.0905,0.0889,0.0898,9608235
1774022400000,0.0898,0.0899,0.0881,0.0888,8303216
1774036800000,0.0889,0.0896,0.0879,0.089,6754192
1774051200000,0.089,0.0896,0.0886,0.0887,4247543
1774065600000,0.0886,0.089,0.0878,0.0878,6561408
1774080000000,0.0879,0.0884,0.0866,0.0873,14586064
1774094400000,0.0874,0.0889,0.0871,0.0887,9231494
1774108800000,0.0887,0.0888,0.0873,0.0875,4252768
1774123200000,0.0876,0.0883,0.0838,0.0846,19078055
1774137600000,0.0845,0.0861,0.0832,0.0853,18134952
1774152000000,0.0854,0.0862,0.0846,0.0847,7280480
1774166400000,0.0846,0.0849,0.0836,0.0836,7691507
1774180800000,0.0837,0.0848,0.0836,0.0844,7095859
1774195200000,0.0843,0.0844,0.083,0.0833,8651561
1774209600000,0.0834,0.0839,0.082,0.0835,12256831
1774224000000,0.0835,0.0852,0.0831,0.0848,16381712
1774238400000,0.0848,0.0857,0.0829,0.0834,9460231
1774252800000,0.0835,0.0876,0.0831,0.0868,26820932
1774267200000,0.0869,0.0886,0.0861,0.0866,16513937
1774281600000,0.0866,0.0877,0.0861,0.0868,8019027
1774296000000,0.0867,0.0877,0.0865,0.0875,4806223
1774310400000,0.0876,0.0879,0.0861,0.0872,7667737
1774324800000,0.0872,0.0886,0.0868,0.0885,6287241
1774339200000,0.0885,0.0886,0.0875,0.0879,9431726
1774353600000,0.088,0.0889,0.087,0.0877,11587689
1774368000000,0.0878,0.0882,0.0867,0.0881,7417226
1774382400000,0.088,0.0895,0.088,0.0883,6079123
1774396800000,0.0884,0.0888,0.088,0.0884,5392349
1774411200000,0.0885,0.0885,0.0877,0.088,3802260
1774425600000,0.0881,0.089,0.088,0.0888,5562312
1774440000000,0.0888,0.0891,0.0877,0.0882,6886543
1774454400000,0.0883,0.089,0.0881,0.0884,7482915
1774468800000,0.0885,0.0894,0.0879,0.089,4755432
1774483200000,0.0891,0.0898,0.0878,0.0881,8463733
1774497600000,0.088,0.0881,0.0864,0.0867,5919222
1774512000000,0.0867,0.0868,0.0849,0.0852,10772040
1774526400000,0.0852,0.0859,0.0845,0.0847,8523397
1774540800000,0.0847,0.085,0.0835,0.0836,7554076
1774555200000,0.0836,0.0852,0.0826,0.0833,14225312
1774569600000,0.0832,0.0842,0.083,0.0838,7132725
1774584000000,0.0838,0.0847,0.0831,0.0846,7404413
1774598400000,0.0846,0.0848,0.0808,0.0812,17860136
1774612800000,0.0812,0.0822,0.0807,0.0812,10369195
1774627200000,0.0812,0.0819,0.0806,0.0814,7346742
1774641600000,0.0813,0.0817,0.0808,0.0812,12590509
1774656000000,0.0812,0.0814,0.0798,0.0806,6812571
1774670400000,0.0806,0.0818,0.0804,0.0817,3988148
1774684800000,0.0818,0.0824,0.0815,0.0823,5563242
1774699200000,0.0823,0.084,0.0816,0.0827,12046033
1774713600000,0.0828,0.0835,0.0825,0.0827,4085900
1774728000000,0.0827,0.0829,0.0809,0.0812,4748927
1774742400000,0.0812,0.0819,0.0805,0.0816,5793529
1774756800000,0.0817,0.0818,0.0811,0.0812,3110723
1774771200000,0.0811,0.0815,0.0804,0.0808,5436136
1774785600000,0.0808,0.0808,0.0799,0.0802,6154138
1774800000000,0.0803,0.0805,0.0797,0.0803,5059639
1774814400000,0.0803,0.081,0.0779,0.0799,15850674
1774828800000,0.0799,0.0824,0.0798,0.082,10481638
1774843200000,0.082,0.0838,0.082,0.0836,5849381
1774857600000,0.0837,0.0844,0.0825,0.0834,10214238
1774872000000,0.0834,0.0839,0.0823,0.0826,8802877
1774886400000,0.0827,0.0831,0.0809,0.0817,9442213
1774900800000,0.0817,0.0833,0.0817,0.0826,7192118
1774915200000,0.0827,0.0836,0.0821,0.0824,8499709
1774929600000,0.0824,0.0827,0.0817,0.0825,4851605
1774944000000,0.0825,0.0826,0.0808,0.0819,8964780
1774958400000,0.0819,0.0836,0.0817,0.082,9381543
1774972800000,0.082,0.0841,0.0819,0.0838,9047687
1774987200000,0.0838,0.0848,0.0838,0.0847,5672845
1775001600000,0.0846,0.0864,0.0845,0.0858,14750826
1775016000000,0.0859,0.0874,0.0855,0.0872,11136654
1775030400000,0.0873,0.0885,0.0869,0.0884,15272189
1775044800000,0.0884,0.0903,0.0878,0.0893,25288522
1775059200000,0.0893,0.0895,0.0872,0.0879,9778917
1775073600000,0.0879,0.0884,0.0873,0.0877,4183396
1775088000000,0.0878,0.0886,0.0851,0.0856,12099956
1775102400000,0.0855,0.0864,0.0847,0.0863,7928671
1775116800000,0.0863,0.0865,0.0849,0.0861,9259436
1775131200000,0.0861,0.0867,0.0845,0.0858,13566079
1775145600000,0.0858,0.0865,0.0848,0.0849,7255642
1775160000000,0.085,0.0852,0.0843,0.085,4016957
1775174400000,0.0849,0.0861,0.0844,0.0858,7828763
1775188800000,0.0859,0.0879,0.0858,0.0871,9899724
1775203200000,0.0871,0.0888,0.0871,0.0884,8468926
1775217600000,0.0884,0.0889,0.0868,0.0869,8841922
1775232000000,0.087,0.0878,0.0867,0.0874,11961444
1775246400000,0.0875,0.0877,0.0861,0.0864,3103940
1775260800000,0.0864,0.0884,0.0862,0.0879,10773103
1775275200000,0.0879,0.0892,0.0876,0.0888,8320846
1775289600000,0.0888,0.0896,0.0877,0.0882,7000828
1775304000000,0.0881,0.0881,0.0868,0.0876,3937096
1775318400000,0.0875,0.0886,0.0873,0.0877,3560890
1775332800000,0.0877,0.0878,0.0872,0.0875,2467267
1775347200000,0.0874,0.0877,0.0854,0.0856,5900711
1775361600000,0.0855,0.0859,0.0844,0.0846,5879956
1775376000000,0.0846,0.0859,0.0843,0.085,6095698
1775390400000,0.085,0.0861,0.0839,0.0854,8378848
1775404800000,0.0853,0.0858,0.0847,0.0849,18958549
1775419200000,0.0849,0.0865,0.0845,0.0862,8217852
1775433600000,0.0863,0.0875,0.0862,0.0868,8437409
1775448000000,0.0869,0.0876,0.0863,0.0866,5388690
1775462400000,0.0867,0.0887,0.0866,0.088,9139726
1775476800000,0.0881,0.0889,0.0866,0.0872,9650492
1775491200000,0.0872,0.0874,0.0859,0.0864,5996087
1775505600000,0.0863,0.0864,0.0842,0.085,8766932
1775520000000,0.085,0.0852,0.0834,0.0845,8071993
1775534400000,0.0845,0.0849,0.0836,0.0847,4158429
1775548800000,0.0847,0.085,0.0836,0.0837,5701214
1775563200000,0.0837,0.084,0.0829,0.0836,7698588
1775577600000,0.0835,0.0847,0.0831,0.0846,4728664
1775592000000,0.0846,0.0904,0.0846,0.09,17748840
1775606400000,0.09,0.0907,0.0884,0.0892,10371927
1775620800000,0.0891,0.0897,0.0888,0.0892,6352752
1775635200000,0.0891,0.0891,0.0878,0.0882,6098031
1775649600000,0.0882,0.0885,0.0866,0.0881,14976229
1775664000000,0.088,0.0892,0.0878,0.0889,27419795
1775678400000,0.0889,0.0895,0.0876,0.0882,12202007
1775692800000,0.0881,0.0908,0.0875,0.0902,20284431
1775707200000,0.0902,0.0909,0.0887,0.0905,16099899
1775721600000,0.0904,0.0941,0.0897,0.0918,51217666
1775736000000,0.0919,0.0921,0.0892,0.0912,23360447
1775750400000,0.0912,0.0933,0.0905,0.0923,28769375
1775764800000,0.0922,0.0935,0.0914,0.0917,11759736
1775779200000,0.0917,0.0919,0.0906,0.0908,8841435
1775793600000,0.0908,0.0924,0.0901,0.0902,8950466
1775808000000,0.0903,0.0909,0.0896,0.0901,11510125
1775822400000,0.0901,0.0929,0.09,0.0913,15149517
1775836800000,0.0914,0.092,0.0899,0.0914,8782899
1775851200000,0.0914,0.0914,0.0901,0.0904,5309736
1775865600000,0.0904,0.0904,0.0887,0.0889,6192111
1775880000000,0.0889,0.0896,0.0885,0.0888,5900332
1775894400000,0.0888,0.0895,0.0886,0.0887,4301851
1775908800000,0.0887,0.0892,0.0879,0.0891,5123665
1775923200000,0.0891,0.0914,0.0891,0.0911,8167617
1775937600000,0.0911,0.0912,0.0895,0.0898,4550405
1775952000000,0.0899,0.0901,0.0868,0.0876,10437599
1775966400000,0.0876,0.0882,0.0865,0.0866,6074650
1775980800000,0.0866,0.0871,0.0861,0.0867,5277302
1775995200000,0.0867,0.0883,0.086,0.0863,9623652
1776009600000,0.0863,0.0878,0.086,0.0868,4135515
1776024000000,0.0868,0.0873,0.0852,0.0856,5020241
1776038400000,0.0856,0.0863,0.0855,0.0855,3147725
1776052800000,0.0856,0.0864,0.085,0.0851,4619555
1776067200000,0.0851,0.0863,0.0848,0.0863,4367103
1776081600000,0.0862,0.0881,0.0858,0.0869,7000470
1776096000000,0.087,0.0875,0.086,0.0872,5641608
1776110400000,0.0873,0.0897,0.0865,0.0895,9887000
1776124800000,0.0896,0.0897,0.0877,0.0881,5056037
1776139200000,0.0881,0.0883,0.0872,0.0877,5013400
1776153600000,0.0877,0.0881,0.0871,0.0873,5108419
1776168000000,0.0872,0.0881,0.086,0.0873,12773096
1776182400000,0.0874,0.0876,0.085,0.086,9863425
1776196800000,0.0861,0.0863,0.0855,0.0858,7020355
1776211200000,0.0859,0.0869,0.0858,0.0866,4461744
1776225600000,0.0867,0.0876,0.0861,0.0864,4509268
1776240000000,0.0864,0.0874,0.0862,0.087,4833074
1776254400000,0.0871,0.0884,0.0867,0.0877,11888685
1776268800000,0.0877,0.0895,0.0876,0.0894,8319369
1776283200000,0.0893,0.0903,0.0888,0.0902,9676579
1776297600000,0.0902,0.0927,0.0894,0.0916,14363676
1776312000000,0.0917,0.0922,0.0912,0.0917,7513112
1776326400000,0.0917,0.0932,0.0907,0.0932,21712331
1776340800000,0.0932,0.0953,0.0916,0.0945,36255620
1776355200000,0.0945,0.0963,0.0932,0.0958,14369298
1776369600000,0.0957,0.0965,0.094,0.0947,12209000
1776384000000,0.0947,0.0949,0.0928,0.0934,8991916
1776398400000,0.0934,0.094,0.0918,0.094,9393205
1776412800000,0.0939,0.0953,0.0926,0.095,13047611
1776427200000,0.0949,0.0974,0.094,0.0953,22624598
1776441600000,0.0954,0.0965,0.0945,0.0951,9502056
1776456000000,0.0951,0.096,0.0945,0.0953,5111114
1776470400000,0.0952,0.0956,0.094,0.0942,5816893
1776484800000,0.0943,0.098,0.0938,0.0974,13076029
1776499200000,0.0975,0.0978,0.0928,0.0939,18532068
1776513600000,0.0938,0.0942,0.0928,0.0933,7924027
1776528000000,0.0932,0.0937,0.0918,0.0921,7756866
1776542400000,0.0921,0.0927,0.0912,0.0915,5357589
1776556800000,0.0914,0.0916,0.0895,0.0908,9339522
1776571200000,0.0907,0.0925,0.0906,0.0914,7578845
1776585600000,0.0914,0.0927,0.0909,0.0924,6541054
1776600000000,0.0923,0.0943,0.092,0.0931,9625494
1776614400000,0.093,0.0931,0.0906,0.0918,6367955
1776628800000,0.0918,0.092,0.0891,0.0893,6578125
1776643200000,0.0894,0.0901,0.0889,0.0898,5448718
1776657600000,0.0897,0.0911,0.0892,0.0903,4942679
1776672000000,0.0904,0.0912,0.0901,0.0903,5270275
1776686400000,0.0903,0.0921,0.0901,0.0911,6504270
1776700800000,0.0911,0.0927,0.0908,0.092,4960272
1776715200000,0.092,0.0931,0.0913,0.0916,4442267
1776729600000,0.0916,0.0928,0.0909,0.0913,5338962
1776744000000,0.0912,0.0917,0.0908,0.0912,3942391
1776758400000,0.0912,0.0921,0.091,0.0914,4962915
1776772800000,0.0915,0.0919,0.0904,0.0911,8814794
1776787200000,0.0912,0.0914,0.0894,0.0895,7656147
1776801600000,0.0896,0.0925,0.0895,0.0924,6014670
1776816000000,0.0924,0.0934,0.0912,0.0927,6599694
1776830400000,0.0928,0.0939,0.0925,0.0931,7395805
1776844800000,0.093,0.0932,0.0922,0.0926,4173352
1776859200000,0.0925,0.0931,0.0916,0.0927,5794816
1776873600000,0.0927,0.0936,0.0918,0.0923,4906255
1776888000000,0.0923,0.0926,0.0911,0.0912,3824902
1776902400000,0.0912,0.0914,0.0894,0.0896,6018718
1776916800000,0.0897,0.0906,0.0894,0.0901,3476043
1776931200000,0.09,0.0908,0.0896,0.0906,5724306
1776945600000,0.0906,0.092,0.0902,0.0919,5792467
1776960000000,0.0919,0.0922,0.0899,0.091,15595214
1776974400000,0.0909,0.0921,0.0909,0.0919,2155747
1776988800000,0.0919,0.0926,0.0911,0.0918,8830159
1777003200000,0.0919,0.0922,0.0911,0.0919,15203902
1777017600000,0.0919,0.0928,0.0913,0.0925,6785710
1777032000000,0.0926,0.0931,0.0911,0.0931,7775629
1777046400000,0.0932,0.0958,0.0926,0.0955,20239380
1777060800000,0.0956,0.0967,0.0938,0.0951,17453757
1777075200000,0.0951,0.0981,0.0941,0.0975,18519441
1777089600000,0.0975,0.1002,0.0955,0.0985,44520115
1777104000000,0.0985,0.1014,0.0972,0.0974,60467034
1777118400000,0.0974,0.0976,0.0957,0.0962,21751438
1777132800000,0.0962,0.0967,0.0946,0.0955,11115559
1777147200000,0.0955,0.0976,0.0949,0.0969,9511638
1777161600000,0.097,0.097,0.0935,0.0942,14287818
1777176000000,0.0942,0.0955,0.094,0.0948,8169812
1777190400000,0.0948,0.0957,0.0946,0.0954,6276058
1777204800000,0.0954,0.0959,0.0938,0.0957,13338460
1777219200000,0.0958,0.0958,0.0942,0.0947,8005000
1777233600000,0.0947,0.0952,0.0941,0.0947,7097390
1777248000000,0.0947,0.0959,0.0942,0.0952,8091932
1777262400000,0.0951,0.0954,0.092,0.0923,15086708
1777276800000,0.0922,0.0933,0.0921,0.0927,6837296
1777291200000,0.0927,0.0935,0.0914,0.0915,9161209
1777305600000,0.0915,0.0924,0.0913,0.0919,4271823
1777320000000,0.0919,0.0931,0.0918,0.0929,3510922
1777334400000,0.093,0.0934,0.0918,0.0932,9991031
1777348800000,0.0932,0.0936,0.0924,0.093,9378828
1777363200000,0.0929,0.0935,0.0917,0.092,7820375
1777377600000,0.0919,0.0927,0.0914,0.092,6844531
1777392000000,0.0921,0.0925,0.0913,0.0924,4271955
1777406400000,0.0924,0.0925,0.0912,0.0915,4283014
1777420800000,0.0915,0.0923,0.0908,0.0922,5203074
1777435200000,0.0922,0.093,0.092,0.092,5302977
1777449600000,0.092,0.0929,0.0913,0.0921,7274111
1777464000000,0.0922,0.0923,0.0891,0.0894,13681856
1777478400000,0.0894,0.0905,0.0874,0.0889,16789577
1777492800000,0.089,0.0903,0.089,0.0899,7168896
1777507200000,0.09,0.0913,0.0895,0.09,9700984
1777521600000,0.0899,0.0902,0.0888,0.09,6337214
1777536000000,0.09,0.0905,0.0894,0.0901,5130622
1777550400000,0.0901,0.0905,0.0894,0.0901,7367460
1777564800000,0.09,0.0902,0.0893,0.0894,3214089
1777579200000,0.0894,0.0895,0.0889,0.0893,2274139
1777593600000,0.0894,0.0909,0.0891,0.0903,4749271
1777608000000,0.0903,0.0906,0.0893,0.0898,4491744
1777622400000,0.0898,0.0903,0.0892,0.0899,4682163
1777636800000,0.0899,0.091,0.0897,0.0907,7949551
1777651200000,0.0906,0.0908,0.0898,0.09,3696078
1777665600000,0.0901,0.0902,0.0893,0.0897,3068224
1777680000000,0.0898,0.0902,0.0893,0.0896,3977101
1777694400000,0.0896,0.0896,0.0891,0.0895,4604118
1777708800000,0.0894,0.0902,0.0893,0.0896,2657105
1777723200000,0.0896,0.0905,0.0894,0.0904,3504616
1777737600000,0.0904,0.0908,0.0897,0.0907,3731790
1777752000000,0.0908,0.0911,0.0904,0.0907,4627507
1777766400000,0.0907,0.0909,0.0899,0.09,4813624
1777780800000,0.09,0.0904,0.0896,0.0902,4196015
1777795200000,0.0901,0.0907,0.0898,0.0902,5913589
1777809600000,0.0902,0.0905,0.0888,0.0891,7542284
1777824000000,0.0891,0.0894,0.0885,0.0887,7352112
1777838400000,0.0887,0.089,0.0877,0.0881,9887483
1777852800000,0.0881,0.09,0.0869,0.0895,16081457
1777867200000,0.0895,0.09,0.089,0.0893,8057158
1777881600000,0.0892,0.0898,0.0871,0.0876,16588097
1777896000000,0.0876,0.0884,0.0869,0.0878,14504195
1777910400000,0.0879,0.0886,0.0872,0.0874,8032935
1777924800000,0.0875,0.0879,0.0869,0.0871,7052197
1777939200000,0.0871,0.0887,0.0871,0.0882,8088320
1777953600000,0.0881,0.0893,0.0877,0.0889,9572313
1777968000000,0.0889,0.0901,0.0888,0.0896,8853373
1777982400000,0.0895,0.09,0.0887,0.089,9909757
1777996800000,0.0891,0.0899,0.0887,0.0899,3590702
1778011200000,0.0899,0.091,0.0898,0.0902,16284296
1778025600000,0.0902,0.0924,0.0899,0.0922,13287877
1778040000000,0.0922,0.0927,0.0913,0.0926,16069473
1778054400000,0.0925,0.0941,0.0924,0.093,12630189
1778068800000,0.093,0.0933,0.091,0.0924,17594206
1778083200000,0.0924,0.0929,0.0915,0.092,7942858
1778097600000,0.0921,0.0928,0.0916,0.0927,6776919
1778112000000,0.0927,0.093,0.0911,0.0911,14425364
1778126400000,0.0911,0.0937,0.0908,0.0935,13185726
1778140800000,0.0935,0.0936,0.0915,0.0923,9538149
1778155200000,0.0923,0.0932,0.0906,0.0911,10232800
1778169600000,0.0911,0.0924,0.0907,0.0918,8132266
1778184000000,0.0919,0.0925,0.091,0.0919,5374880
1778198400000,0.0919,0.0926,0.0915,0.092,7290797
1778212800000,0.092,0.0927,0.0913,0.0922,6184484
1778227200000,0.0922,0.0942,0.092,0.0938,13244806
1778241600000,0.0938,0.0961,0.0931,0.0959,20083012
1778256000000,0.0958,0.0971,0.0951,0.0964,13669185
1778270400000,0.0965,0.0982,0.096,0.097,10985925
1778284800000,0.097,0.0992,0.0967,0.0978,14529125
1778299200000,0.0978,0.099,0.0973,0.0978,16920467
1778313600000,0.0977,0.0991,0.0968,0.0975,15553455
1778328000000,0.0975,0.0977,0.0952,0.0954,9032903
1778342400000,0.0954,0.0973,0.0951,0.0968,13103650
1778356800000,0.0968,0.0974,0.0961,0.0963,5438514
1778371200000,0.0963,0.0963,0.0951,0.0958,6328538
1778385600000,0.0958,0.0981,0.0957,0.0975,14286527
1778400000000,0.0975,0.0988,0.0973,0.0982,9587412
1778414400000,0.0982,0.0995,0.0977,0.0993,12166460
1778428800000,0.0993,0.1024,0.0992,0.1004,35251674
1778443200000,0.1004,0.1007,0.0968,0.0992,17560366
1778457600000,0.0993,0.0996,0.097,0.0982,9762882
1778472000000,0.0981,0.1007,0.0976,0.0995,15783366
1778486400000,0.0996,0.1008,0.099,0.0993,10420104
1778500800000,0.0994,0.0997,0.0982,0.0995,13804526
1778515200000,0.0994,0.1003,0.0986,0.1001,8156712
1778529600000,0.1001,0.1005,0.0995,0.1002,5358305
1778544000000,0.1002,0.1003,0.0981,0.0987,9214934
1778558400000,0.0987,0.1017,0.0984,0.101,23196918
1778572800000,0.1009,0.1011,0.0983,0.0987,10462685
1778587200000,0.0987,0.0992,0.0958,0.0963,17472041
1778601600000,0.0962,0.0987,0.0959,0.0985,6597400
1778616000000,0.0984,0.0992,0.0974,0.0976,6328346
1778630400000,0.0975,0.0993,0.0975,0.099,6910424
1778644800000,0.099,0.1003,0.0983,0.1001,7638382
1778659200000,0.1,0.101,0.0987,0.0989,8359340
1778673600000,0.0989,0.0992,0.0943,0.0948,23460381
1778688000000,0.0947,0.0967,0.0945,0.0953,5927420
1778702400000,0.0954,0.096,0.0945,0.0952,6167606
1778716800000,0.0952,0.0959,0.0933,0.0935,6553173
1778731200000,0.0935,0.0954,0.0934,0.095,5800518
1778745600000,0.0949,0.0955,0.0944,0.0947,5635304
1778760000000,0.0946,0.0976,0.0945,0.0973,10236733
1778774400000,0.0974,0.0981,0.0966,0.0971,7211642
1778788800000,0.0971,0.0973,0.0956,0.0958,5154900
1778803200000,0.0958,0.0967,0.095,0.0956,5906149
1778817600000,0.0956,0.0956,0.0935,0.0946,8448762
1778832000000,0.0946,0.095,0.0938,0.0944,4686624
1778846400000,0.0943,0.0945,0.0907,0.0917,18684933
1778860800000,0.0916,0.0926,0.0913,0.0921,5542969
1778875200000,0.0921,0.0922,0.0916,0.0918,3604278
1778889600000,0.0918,0.092,0.0912,0.0914,3811824
1778904000000,0.0914,0.0914,0.0876,0.0887,13565654
1778918400000,0.0887,0.0891,0.0873,0.0884,8361244
1778932800000,0.0884,0.09,0.0883,0.0897,5169661
1778947200000,0.0897,0.0901,0.0895,0.09,4414268
1778961600000,0.09,0.0901,0.0895,0.0896,2494285
1778976000000,0.0896,0.0897,0.0886,0.0895,5111196
1778990400000,0.0894,0.0903,0.0892,0.0898,4870618
1779004800000,0.0898,0.09,0.0892,0.0894,4048757
1779019200000,0.0894,0.0896,0.0883,0.0889,4551611
1779033600000,0.089,0.0894,0.088,0.0893,4064766
1779048000000,0.0893,0.0895,0.0839,0.0867,15667825
1779062400000,0.0867,0.0872,0.0857,0.0868,9807093
1779076800000,0.0868,0.0877,0.0863,0.0866,6736733
1779091200000,0.0866,0.0874,0.0858,0.0869,6433853
1779105600000,0.0869,0.0878,0.0855,0.0864,8839904
1779120000000,0.0863,0.0881,0.0861,0.0879,5852767
1779134400000,0.0879,0.0889,0.0874,0.0886,3296634
1779148800000,0.0886,0.0892,0.0875,0.0881,4859946
1779163200000,0.0881,0.0886,0.0874,0.0885,3759215
1779177600000,0.0884,0.0885,0.0876,0.0878,4412543
1779192000000,0.0877,0.0892,0.0876,0.0879,7893163
1779206400000,0.088,0.0887,0.0875,0.088,4015546
1779220800000,0.088,0.0889,0.0876,0.0879,3136862
1779235200000,0.0879,0.0891,0.0873,0.0888,7966916
1779249600000,0.0887,0.0903,0.0887,0.0897,8019560
1779264000000,0.0896,0.0898,0.0882,0.0883,4942829
1779278400000,0.0882,0.0895,0.0878,0.0891,9548177
1779292800000,0.0892,0.0896,0.0887,0.0891,4018824
1779307200000,0.0891,0.0893,0.0882,0.0888,4073230
1779321600000,0.0888,0.0899,0.0887,0.0894,4468395
1779336000000,0.0895,0.0899,0.0884,0.089,7562264
1779350400000,0.089,0.0895,0.0879,0.0879,6262668
1779364800000,0.088,0.089,0.0877,0.0886,8416007
1779379200000,0.0886,0.09,0.0881,0.0899,7553075
1779393600000,0.0899,0.0902,0.0891,0.0895,4183588
1779408000000,0.0896,0.0902,0.089,0.09,4774295
1779422400000,0.09,0.0903,0.0892,0.0897,4224647
1779436800000,0.0897,0.0902,0.0888,0.0894,4760419
1779451200000,0.0893,0.0901,0.088,0.0888,9156916
1779465600000,0.0887,0.0892,0.0851,0.086,13641112
1779480000000,0.086,0.0868,0.0847,0.0852,7300282
1779494400000,0.0852,0.0869,0.0849,0.0859,7096395
1779508800000,0.0858,0.086,0.0828,0.084,10700425
1779523200000,0.084,0.0842,0.083,0.0835,7059566
1779537600000,0.0835,0.0863,0.0833,0.0861,5106168
1779552000000,0.086,0.0873,0.0858,0.0871,4622062
1779566400000,0.0871,0.0895,0.0868,0.0879,7623470
1779580800000,0.0878,0.0881,0.0868,0.087,4496594
1779595200000,0.087,0.0874,0.0864,0.0867,3103981
1779609600000,0.0868,0.0873,0.0865,0.0867,3825178
1779624000000,0.0867,0.0868,0.085,0.0861,6161997
1779638400000,0.0861,0.0869,0.0859,0.0862,4832110
1779652800000,0.0862,0.0863,0.0843,0.0861,9871245
1779667200000,0.0861,0.0865,0.0856,0.086,5843781
1779681600000,0.086,0.0879,0.086,0.0876,5141327
1779696000000,0.0877,0.0878,0.087,0.087,4400957
1779710400000,0.0871,0.088,0.0868,0.0877,6222825
1779724800000,0.0878,0.0881,0.0868,0.0872,6052013
1779739200000,0.0871,0.0874,0.0861,0.0868,6600089
1779753600000,0.0868,0.087,0.0855,0.0861,7005959
1779768000000,0.0861,0.087,0.0859,0.0865,4344925
1779782400000,0.0865,0.088,0.0864,0.0873,5929155
1779796800000,0.0873,0.0884,0.0862,0.0868,8130852
1779811200000,0.0868,0.0868,0.085,0.0858,6750096
1779825600000,0.0858,0.086,0.0852,0.0853,3161901
1779840000000,0.0854,0.086,0.0848,0.0849,4814843
1779854400000,0.0848,0.086,0.0841,0.0858,4529213
1779868800000,0.0858,0.0861,0.0852,0.0856,3218366
1779883200000,0.0855,0.0867,0.0847,0.0862,7520045
1779897600000,0.0862,0.0864,0.0846,0.0852,7035699
1779912000000,0.0852,0.0854,0.0831,0.0838,6428832
1779926400000,0.0837,0.0843,0.0819,0.0822,14120262
1779940800000,0.0822,0.0826,0.081,0.0824,12396585
1779955200000,0.0824,0.0827,0.0816,0.0819,6263542
1779969600000,0.082,0.0833,0.0816,0.0828,12720222
1779984000000,0.0828,0.0849,0.0825,0.0836,11405505
1779998400000,0.0837,0.0845,0.0833,0.0838,5212827
1780012800000,0.0837,0.0842,0.083,0.0833,5787974
1780027200000,0.0833,0.0843,0.0827,0.0835,6008675
1780041600000,0.0835,0.0841,0.0829,0.0832,5041389
1780056000000,0.0832,0.0855,0.0821,0.0849,11067679
1780070400000,0.0849,0.0851,0.0831,0.0835,8412845
1780084800000,0.0835,0.0848,0.0834,0.0847,4025715
1780099200000,0.0847,0.0874,0.0844,0.0863,12909537
1780113600000,0.0863,0.0865,0.0849,0.0857,11119605
1780128000000,0.0857,0.0867,0.0856,0.0858,4951999
1780142400000,0.0858,0.0861,0.085,0.0851,4456963
1780156800000,0.0851,0.0856,0.0847,0.0851,2884659
1780171200000,0.085,0.0853,0.0843,0.0846,3322177
1780185600000,0.0847,0.0853,0.0844,0.0844,6102380
1780200000000,0.0844,0.0846,0.0837,0.0838,4460187
1780214400000,0.0838,0.0846,0.0838,0.0842,3810632
1780228800000,0.0842,0.0844,0.0825,0.0829,8116520
1780243200000,0.0828,0.0834,0.082,0.083,4289346
1780257600000,0.0831,0.0851,0.0831,0.0848,3992422
1780272000000,0.0848,0.086,0.0844,0.0855,6602511
1780286400000,0.0856,0.0859,0.0836,0.0838,7219377
1780300800000,0.0837,0.0842,0.0832,0.0838,5887031
1780315200000,0.0839,0.0841,0.0825,0.0831,12439219
1780329600000,0.0831,0.0854,0.0828,0.0849,8142567
1780344000000,0.0849,0.0849,0.0833,0.084,5383660
1780358400000,0.084,0.0841,0.0817,0.0832,6814199
1780372800000,0.0832,0.0832,0.0814,0.082,8377163
1780387200000,0.0819,0.0822,0.0809,0.0819,7455692
1780401600000,0.0818,0.0822,0.0776,0.0784,25165383
1780416000000,0.0784,0.0799,0.0773,0.0786,15866373
1780430400000,0.0786,0.0803,0.0766,0.0779,13594318
1780444800000,0.078,0.0792,0.077,0.0774,13918574
1780459200000,0.0774,0.0812,0.0774,0.0808,10425505
1780473600000,0.0808,0.081,0.0795,0.0805,9396415
1780488000000,0.0804,0.0807,0.0797,0.0798,9946790
1780502400000,0.0798,0.0802,0.0782,0.0785,10889393
1780516800000,0.0785,0.0795,0.0771,0.0775,13573649
1780531200000,0.0774,0.0782,0.0712,0.0754,38963537
1780545600000,0.0754,0.0758,0.0726,0.0728,12963586
1780560000000,0.0728,0.0731,0.0706,0.072,23372558
1780574400000,0.0721,0.0754,0.0714,0.0746,13814646
1780588800000,0.0746,0.0749,0.0734,0.0743,9997084
1780603200000,0.0742,0.0743,0.0719,0.073,9662377
1780617600000,0.073,0.0733,0.0703,0.0704,15814490
1780632000000,0.0705,0.0723,0.0666,0.0696,38732756
1780646400000,0.0695,0.0704,0.0683,0.0692,16662056
1780660800000,0.0692,0.0699,0.0665,0.0672,30659922
1780675200000,0.0671,0.0695,0.0655,0.0673,33874811
1780689600000,0.0673,0.0695,0.0667,0.0679,17913803
1780704000000,0.0678,0.0688,0.0665,0.0668,15316290
1780718400000,0.0667,0.0671,0.0635,0.0667,29396797
1780732800000,0.0666,0.0675,0.0654,0.0665,13000226
1780747200000,0.0665,0.0674,0.0658,0.0665,13175437
1780761600000,0.0664,0.0668,0.0657,0.0658,12856189
1780776000000,0.0658,0.0668,0.0656,0.0662,10561783
1780790400000,0.0661,0.0678,0.0656,0.0671,15253405
1780804800000,0.0672,0.0681,0.0666,0.0677,9826939
1780819200000,0.0676,0.069,0.0669,0.0675,11674807
1780833600000,0.0675,0.068,0.066,0.0672,12506380
1780848000000,0.0671,0.0675,0.0648,0.065,18733861
1780862400000,0.065,0.0689,0.0648,0.0672,17734896
1780876800000,0.0671,0.0681,0.0665,0.0668,12367957
1780891200000,0.0667,0.0669,0.065,0.0658,11140596
1780905600000,0.0658,0.0678,0.0654,0.0674,11180534
1780920000000,0.0675,0.068,0.0668,0.0669,10176986
1780934400000,0.0669,0.0675,0.0665,0.0669,6308071
1780948800000,0.0669,0.0679,0.0662,0.0666,7417706
1780963200000,0.0666,0.0666,0.0646,0.0656,14196547
1780977600000,0.0656,0.0666,0.0652,0.0662,8650401
1780992000000,0.0662,0.0662,0.0651,0.0656,6235694
1781006400000,0.0656,0.0663,0.0641,0.0644,12701829
1781020800000,0.0643,0.0662,0.0638,0.0659,12720576
1781035200000,0.0659,0.0663,0.0651,0.0654,5690905
1781049600000,0.0655,0.0659,0.0648,0.0652,7116485
1781064000000,0.0652,0.0656,0.0643,0.0647,7501397
1781078400000,0.0647,0.0651,0.0641,0.0643,9125324
1781092800000,0.0643,0.0668,0.0641,0.0664,12993904
1781107200000,0.0663,0.0665,0.0643,0.0645,10786859
1781121600000,0.0644,0.0646,0.0626,0.0638,11860322
1781136000000,0.0638,0.0659,0.0638,0.0657,9327729
1781150400000,0.0657,0.0664,0.0654,0.066,6415197
1781164800000,0.066,0.0671,0.066,0.0669,8999240
1781179200000,0.0668,0.0679,0.0658,0.0678,14530044
1781193600000,0.0678,0.0692,0.0669,0.0679,14745288
1781208000000,0.068,0.0681,0.0669,0.0673,6746591
1781222400000,0.0673,0.0681,0.0669,0.0679,4863293
1781236800000,0.068,0.0681,0.0667,0.0671,5631698
1781251200000,0.067,0.0678,0.067,0.0672,4520215
1781265600000,0.0671,0.0683,0.0663,0.0669,9811905
1781280000000,0.0669,0.0675,0.0666,0.067,6535462
1781294400000,0.067,0.0672,0.0664,0.067,3752444
1781308800000,0.067,0.0676,0.0662,0.0663,5346891
1781323200000,0.0662,0.0673,0.066,0.0671,4971046
1781337600000,0.067,0.0672,0.0664,0.067,5464120
1781352000000,0.067,0.0676,0.0665,0.0675,5182792
1781366400000,0.0675,0.0676,0.0665,0.067,6315538
1781380800000,0.0669,0.0678,0.0669,0.0672,3579245
1781395200000,0.0672,0.0675,0.0668,0.067,4734293
1781409600000,0.067,0.0671,0.0661,0.0663,6660262
1781424000000,0.0662,0.0666,0.0659,0.0662,6057843
1781438400000,0.0661,0.0664,0.0651,0.0654,5998644
1781452800000,0.0653,0.0656,0.0648,0.0653,5754927
1781467200000,0.0653,0.0684,0.0652,0.068,16484190
1781481600000,0.0679,0.0683,0.0671,0.068,7425156
1781496000000,0.068,0.0688,0.0679,0.068,6353331
1781510400000,0.068,0.0698,0.0678,0.0695,8250749
1781524800000,0.0694,0.0712,0.0692,0.0708,10680140
1781539200000,0.0707,0.071,0.0686,0.0689,8997467
1781553600000,0.0689,0.0694,0.0681,0.0689,8271677
1781568000000,0.0689,0.0696,0.0681,0.0691,7004231
1781582400000,0.069,0.0694,0.0686,0.0693,4377801
1781596800000,0.0692,0.0705,0.0691,0.07,6236829
1781611200000,0.0699,0.0707,0.0676,0.0686,15819732
1781625600000,0.0686,0.0702,0.0685,0.0691,10997627
1781640000000,0.0692,0.0699,0.0689,0.0692,4039755
1781654400000,0.0692,0.0705,0.0691,0.0698,5404140
1781668800000,0.0698,0.0703,0.0691,0.0695,6489658
1781683200000,0.0695,0.0696,0.0683,0.0687,6636219
1781697600000,0.0686,0.0706,0.0684,0.0705,9456902
1781712000000,0.0706,0.0712,0.0682,0.0686,20978343
1781726400000,0.0687,0.0695,0.068,0.0694,6012532
1781740800000,0.0694,0.0696,0.0684,0.0686,4319773
1781755200000,0.0686,0.0687,0.0675,0.0685,7886404
1781769600000,0.0684,0.0685,0.0675,0.0677,4372015
1781784000000,0.0676,0.0681,0.0652,0.0655,15580050
1781798400000,0.0655,0.0665,0.0653,0.0663,9524023
1781812800000,0.0664,0.0672,0.0663,0.0671,5752421
1781827200000,0.067,0.0675,0.066,0.0665,6709201
1781841600000,0.0665,0.0666,0.0654,0.0659,5512378
1781856000000,0.0658,0.0663,0.0656,0.0659,5887703
1781870400000,0.066,0.0672,0.0655,0.0671,7621150
1781884800000,0.067,0.0673,0.0663,0.0665,6391055
1781899200000,0.0664,0.0669,0.0661,0.0668,5078594
1781913600000,0.0667,0.0697,0.0666,0.0695,28811912
1781928000000,0.0696,0.0716,0.0693,0.0704,42397229
1781942400000,0.0703,0.0748,0.0699,0.0738,52110075
1781956800000,0.0737,0.0783,0.0732,0.0776,76592481
1781971200000,0.0776,0.0814,0.0765,0.0792,88063781
1781985600000,0.0792,0.08,0.0771,0.0776,34944671
1782000000000,0.0777,0.0818,0.0765,0.0773,72049787
1782014400000,0.0773,0.0773,0.0751,0.0756,26145458
1782028800000,0.0756,0.0763,0.0752,0.0755,16497488
1782043200000,0.0756,0.0757,0.0743,0.0755,15257485
1782057600000,0.0755,0.0757,0.0748,0.0754,8874961
1782072000000,0.0754,0.0754,0.0734,0.0739,10719263
1782086400000,0.0739,0.075,0.0722,0.0724,18951114
1782100800000,0.0723,0.0733,0.0719,0.0731,7146672
1782115200000,0.073,0.0741,0.0727,0.0737,7179459
1782129600000,0.0737,0.0744,0.073,0.0732,8738630
1782144000000,0.0732,0.074,0.0725,0.0729,7725117
1782158400000,0.0729,0.0731,0.0716,0.0722,6959040
1782172800000,0.0721,0.0741,0.0718,0.0726,15637700
1782187200000,0.0725,0.0727,0.0699,0.0707,17502097
1782201600000,0.0707,0.0717,0.0691,0.0709,10927679
1782216000000,0.0709,0.0723,0.0701,0.0712,12934886
1782230400000,0.0711,0.0715,0.0703,0.0709,5636630
1782244800000,0.0708,0.0718,0.0708,0.0714,2953635
1782259200000,0.0713,0.0717,0.0701,0.0702,4905305
1782273600000,0.0702,0.0708,0.0695,0.0698,7111484
1782288000000,0.0697,0.0699,0.0689,0.0695,6847579
1782302400000,0.0695,0.0698,0.0671,0.0672,12750674
1782316800000,0.0672,0.0677,0.0644,0.0659,20906380
1782331200000,0.0659,0.0674,0.0657,0.067,10451207
1782345600000,0.0669,0.067,0.0657,0.0658,6288364
1782360000000,0.0658,0.0671,0.0656,0.0665,6312217
1782374400000,0.0665,0.0669,0.0658,0.066,5565557
1782388800000,0.066,0.0665,0.0613,0.0637,35921669
1782403200000,0.0636,0.0643,0.0629,0.0633,11212469
1782417600000,0.0633,0.0643,0.0632,0.064,5283386
1782432000000,0.064,0.0641,0.0617,0.0637,13719857
1782446400000,0.0638,0.0652,0.0631,0.0649,8047947
1782460800000,0.0649,0.065,0.0629,0.0631,7355876
1782475200000,0.0631,0.0652,0.0622,0.0647,15283496
1782489600000,0.0647,0.0663,0.0647,0.0655,8013432
1782504000000,0.0656,0.0663,0.065,0.0657,6949031
1782518400000,0.0657,0.0663,0.0652,0.0657,5236667
1782532800000,0.0657,0.0661,0.0655,0.0657,4497796
1782547200000,0.0656,0.066,0.0649,0.0653,4769410
1782561600000,0.0652,0.0655,0.0647,0.0655,4336744
1782576000000,0.0654,0.0655,0.0636,0.0641,5563326
1782590400000,0.0641,0.0643,0.0634,0.0639,4585595
1782604800000,0.0639,0.0643,0.0637,0.0642,4174752
1782619200000,0.0642,0.0645,0.0636,0.064,4278522
1782633600000,0.0639,0.0642,0.0632,0.0637,6346406
1782648000000,0.0638,0.0645,0.0634,0.0643,7234000
1782662400000,0.0643,0.0646,0.0637,0.064,8629750
1782676800000,0.0639,0.0644,0.063,0.064,7024267
1782691200000,0.0639,0.0651,0.0632,0.0647,7890751
1782705600000,0.0646,0.0647,0.0632,0.0637,4645484
1782720000000,0.0637,0.0641,0.0634,0.0636,5704765
1782734400000,0.0635,0.0646,0.0626,0.0637,11494597
1782748800000,0.0637,0.0648,0.0633,0.0642,9260803
1782763200000,0.0641,0.0642,0.0634,0.0637,4289694
1782777600000,0.0637,0.064,0.0631,0.0633,5780541
1782792000000,0.0633,0.0636,0.0623,0.0625,7193852
1782806400000,0.0625,0.0627,0.0617,0.0618,6279693
1782820800000,0.0617,0.0619,0.0608,0.0611,13327992
1782835200000,0.0611,0.0636,0.0611,0.0627,10827476
1782849600000,0.0627,0.0629,0.0619,0.0621,5635620
1782864000000,0.0622,0.063,0.0609,0.0629,11550015
1782878400000,0.0628,0.0629,0.0613,0.0616,5294884
1782892800000,0.0615,0.0621,0.0612,0.0617,6759295
1782907200000,0.0617,0.0642,0.0611,0.0636,16071990
1782921600000,0.0636,0.0638,0.0625,0.0627,6050468
1782936000000,0.0628,0.0644,0.0627,0.0631,10250950
1782950400000,0.0632,0.0644,0.0629,0.0644,6022705
1782964800000,0.0643,0.0644,0.0631,0.0635,4398457
1782979200000,0.0635,0.0645,0.0633,0.064,6250057
1782993600000,0.0639,0.0652,0.0639,0.0641,11920362
1783008000000,0.064,0.0646,0.0633,0.0634,5534829
1783022400000,0.0633,0.0639,0.0631,0.0639,4284402
1783036800000,0.0638,0.0647,0.0637,0.0645,6446689
1783051200000,0.0645,0.0726,0.0644,0.0687,193348854
1783065600000,0.0688,0.0721,0.0685,0.072,71298942
1783080000000,0.072,0.0791,0.0709,0.0735,243378866
1783094400000,0.0736,0.0747,0.0718,0.0727,57810278
1783108800000,0.0728,0.0732,0.0712,0.0717,33002458
1783123200000,0.0718,0.0718,0.07,0.0711,35799947
1783137600000,0.0711,0.0713,0.069,0.0694,20609824
1783152000000,0.0694,0.0702,0.0689,0.0701,17637427
1783166400000,0.0702,0.0716,0.0697,0.0714,21764716
1783180800000,0.0714,0.0724,0.0709,0.0713,13870888
1783195200000,0.0712,0.0712,0.0697,0.0703,9280977
1783209600000,0.0703,0.0737,0.0695,0.07,46961855
1783224000000,0.07,0.0712,0.0695,0.071,13714963
1783238400000,0.071,0.0721,0.0698,0.0703,16588569
1783252800000,0.0702,0.071,0.07,0.0702,13460694
1783267200000,0.0702,0.0727,0.0701,0.0717,15290951
1783281600000,0.0718,0.0728,0.0709,0.0711,17881688
1783296000000,0.0711,0.0712,0.0695,0.0696,15507677
1783310400000,0.0696,0.0698,0.0683,0.0685,13482076
1783324800000,0.0684,0.069,0.0679,0.068,9830983
1783339200000,0.068,0.0705,0.0666,0.0701,24047453
1783353600000,0.0702,0.0709,0.0693,0.0699,10987987
1783368000000,0.0699,0.0708,0.0693,0.0695,7897929
1783382400000,0.0696,0.0703,0.0693,0.0697,9647233
1783396800000,0.0698,0.0703,0.0688,0.0691,10183673
1783411200000,0.0691,0.0712,0.0688,0.0698,11253862
1783425600000,0.0698,0.0702,0.0684,0.0699,12280214
1783440000000,0.07,0.0703,0.0688,0.0693,7090754
1783454400000,0.0693,0.0697,0.0683,0.069,4587610
1783468800000,0.069,0.0695,0.0671,0.0673,11649478
1783483200000,0.0674,0.0684,0.0671,0.06784,15529250
1783497600000,0.06785,0.0697,0.06687,0.06966,51400008
1783512000000,0.06967,0.07086,0.06855,0.06913,41660448
1783526400000,0.06913,0.07427,0.06909,0.0739,45042293
1783540800000,0.07392,0.0749,0.07277,0.07407,32598865
1783555200000,0.07407,0.07574,0.07365,0.07537,50473647
1783569600000,0.07538,0.07545,0.07338,0.07366,28046177
1783584000000,0.07366,0.07518,0.07273,0.07309,19783252
1783598400000,0.07309,0.07561,0.07284,0.07348,30067258
1783612800000,0.07348,0.07353,0.07228,0.07258,10671488
1783627200000,0.07258,0.07308,0.07102,0.07151,11330353
1783641600000,0.0715,0.07479,0.07088,0.07405,15491988
1783656000000,0.07405,0.07415,0.07244,0.07273,8777452
1783670400000,0.07273,0.07338,0.07206,0.07281,9896808
1783684800000,0.0728,0.07303,0.0706,0.07098,14229139
1783699200000,0.07098,0.07133,0.07,0.07087,11257451
1783713600000,0.07086,0.07132,0.07051,0.07096,3856718
1783728000000,0.07095,0.07422,0.07054,0.07334,14787585
1783742400000,0.07333,0.07524,0.07266,0.0737,21890648
1783756800000,0.0737,0.07416,0.07261,0.07291,7990608
1783771200000,0.0729,0.0735,0.07172,0.07237,10893095
1783785600000,0.07237,0.0727,0.0718,0.07199,5781413
1783800000000,0.072,0.07232,0.07041,0.07051,8452257
1783814400000,0.07052,0.07258,0.0697,0.07198,11891315
1783828800000,0.07198,0.0731,0.07115,0.07121,10165739
1783843200000,0.07121,0.07162,0.07015,0.07026,4950858
1783857600000,0.07025,0.07122,0.06989,0.07009,7726314
1783872000000,0.07009,0.07022,0.0695,0.06995,5234901
1783886400000,0.06995,0.06996,0.0691,0.06952,5107118
1783900800000,0.06952,0.07038,0.0679,0.0686,14077776
1783915200000,0.0686,0.07109,0.06842,0.07045,10141068
1783929600000,0.07046,0.07137,0.06933,0.06942,13080373
1783944000000,0.06942,0.07064,0.06895,0.06975,11616778
1783958400000,0.06975,0.07017,0.0688,0.06931,9098281
1783972800000,0.0693,0.06935,0.06842,0.06924,3216300
1783987200000,0.06925,0.06942,0.06876,0.06902,5013984
1784001600000,0.06904,0.07094,0.06899,0.06976,12728723
1784016000000,0.06975,0.07042,0.06899,0.06913,7944109
1784030400000,0.06914,0.0707,0.06901,0.07037,11547773
1784044800000,0.07036,0.07081,0.06951,0.06993,8750568
1784059200000,0.06995,0.0702,0.0696,0.06991,4048971
1784073600000,0.06993,0.07038,0.06902,0.06957,7773452
1784088000000,0.06956,0.07045,0.06906,0.06976,6952556
1784102400000,0.06976,0.07107,0.06957,0.06974,9357578
1784116800000,0.06975,0.07109,0.06957,0.06991,9298123
1784131200000,0.06991,0.07006,0.06923,0.06929,5345963
1784145600000,0.06929,0.07014,0.06921,0.06957,2991259
1784160000000,0.06956,0.07093,0.06954,0.07023,5999092
1784174400000,0.07023,0.0712,0.0698,0.06992,5512156
1784188800000,0.06993,0.07057,0.06902,0.07043,6813117
1784203200000,0.07043,0.07239,0.06971,0.07218,15346564
1784217600000,0.07219,0.07288,0.07072,0.07128,13370412
1784232000000,0.07128,0.07222,0.071,0.07153,6795163
1784246400000,0.07152,0.07324,0.07135,0.07157,19341461
1784260800000,0.07158,0.07241,0.07053,0.07067,13539590
1784275200000,0.07066,0.07143,0.07006,0.07063,5702776
1784289600000,0.07063,0.07111,0.06942,0.07064,8441472
1784304000000,0.07064,0.07271,0.07037,0.07265,10182156
1784318400000,0.07266,0.07448,0.07219,0.0737,17576162
1784332800000,0.0737,0.07468,0.0722,0.07294,13716984
1784347200000,0.07295,0.0731,0.07112,0.07115,6053223
1784361600000,0.07115,0.0713,0.06985,0.06995,7164476
1784376000000,0.06993,0.07032,0.06961,0.06983,6809400
1784390400000,0.06983,0.0701,0.06959,0.06978,4474280
1784404800000,0.06978,0.07025,0.06951,0.06975,4039949
1784419200000,0.06974,0.07039,0.0692,0.06978,8759011
1784433600000,0.06977,0.06977,0.06924,0.06927,6528832
1784448000000,0.06927,0.0696,0.06869,0.06891,5858682
1784462400000,0.06891,0.06997,0.06861,0.06956,5365940
1784476800000,0.06954,0.0699,0.06838,0.06877,5115612
1784491200000,0.06878,0.0693,0.06839,0.06878,3486085
1784505600000,0.06877,0.06956,0.06829,0.06872,6525784
1784520000000,0.06871,0.06905,0.0675,0.06905,8012689
1784534400000,0.06906,0.07,0.0688,0.06977,12248270
1784548800000,0.06978,0.07,0.06885,0.06956,5975956
1784563200000,0.06958,0.06985,0.06885,0.06916,5143011
1784577600000,0.06917,0.06953,0.06866,0.06905,3225885
1784592000000,0.06903,0.07058,0.0689,0.07035,9461562
1784606400000,0.07035,0.07095,0.06983,0.07046,7752749
1784620800000,0.07046,0.07054,0.0697,0.06974,4110453
1784635200000,0.06975,0.07063,0.06961,0.07044,5779121
1784649600000,0.07044,0.07049,0.06959,0.07001,4237249
1784664000000,0.07003,0.07019,0.0697,0.06997,3009274
1784678400000,0.06998,0.06999,0.06938,0.0698,4495112
1784692800000,0.0698,0.07063,0.06947,0.06989,7965706
1784707200000,0.06988,0.07026,0.06954,0.06976,3838637
1784721600000,0.06976,0.07021,0.06911,0.07004,5806834
1784736000000,0.07003,0.07031,0.0696,0.06966,4899590
1784750400000,0.06967,0.07013,0.06947,0.06989,2626320
1784764800000,0.06989,0.07017,0.06894,0.06902,6394712
1784779200000,0.06902,0.06911,0.06816,0.06844,5520742
1784793600000,0.06844,0.0688,0.06793,0.0683,6291784
1784808000000,0.06831,0.06853,0.06697,0.06717,11926454
1784822400000,0.06716,0.06724,0.06625,0.06689,9415653
1784836800000,0.06688,0.06735,0.0664,0.06643,6392696
1784851200000,0.06642,0.06687,0.06589,0.06676,7546893
1784865600000,0.06677,0.06725,0.06638,0.06693,3379405
1784880000000,0.06694,0.06703,0.0662,0.06633,4182411
1784894400000,0.06633,0.06649,0.06522,0.06592,9237304
1784908800000,0.06591,0.06803,0.06578,0.06735,13662480
1784923200000,0.06735,0.06859,0.0673,0.06849,11833285
1784937600000,0.0685,0.0686,0.06754,0.06787,7740467
1784952000000,0.06787,0.0683,0.06693,0.06698,5887130
1784966400000,0.06698,0.06848,0.06679,0.06821,7559590
1784980800000,0.06821,0.06952,0.0681,0.06878,14386108
1784995200000,0.06879,0.06933,0.06809,0.06838,5938947
1785009600000,0.06838,0.0685,0.06813,0.06817,2762893
1785024000000,0.06817,0.06819,0.06792,0.06807,2931390
1785038400000,0.06806,0.06851,0.06778,0.06841,4288176
1785052800000,0.0684,0.0684,0.06778,0.06782,3482270
1785067200000,0.06783,0.06836,0.06763,0.06791,4176953
1785081600000,0.06791,0.06826,0.06777,0.06812,2699131
1785096000000,0.06813,0.06904,0.06789,0.06883,5257422
1785110400000,0.06884,0.06914,0.06801,0.06892,5715580
1785124800000,0.06892,0.06988,0.06834,0.06858,14864037
1785139200000,0.06858,0.0686,0.06785,0.06812,5718779
1785153600000,0.06813,0.06828,0.06606,0.06658,10529075
1785168000000,0.06658,0.0669,0.06604,0.06641,6639292
1785182400000,0.06641,0.06821,0.06572,0.06592,17353124
1785196800000,0.06591,0.06845,0.06489,0.06815,21032156
1785211200000,0.06814,0.06913,0.06697,0.0671,19043559
1785225600000,0.06709,0.0673,0.06634,0.06674,9230577
1785240000000,0.06673,0.06776,0.06605,0.06727,9618498
1785254400000,0.06728,0.06741,0.06648,0.06712,5848410
1785268800000,0.06715,0.06788,0.0669,0.06742,4867370
1785283200000,0.06742,0.06772,0.06633,0.0664,9081633
1785297600000,0.06641,0.06659,0.06532,0.06585,6841710
1785312000000,0.06585,0.06663,0.06532,0.06661,5864373
1785326400000,0.06661,0.06878,0.06618,0.06867,12887350
1785340800000,0.06867,0.06896,0.06696,0.067,18514546
1785355200000,0.06699,0.06743,0.06581,0.06682,11380150
1785369600000,0.06682,0.06775,0.06652,0.06658,9114707
1785384000000,0.06658,0.06683,0.06578,0.0661,6392492
1785398400000,0.06608,0.06663,0.06567,0.06634,7510556
1785412800000,0.06634,0.06702,0.06542,0.06545,9393136
1785427200000,0.06544,0.06729,0.06506,0.06725,13839537
1785441600000,0.06726,0.06794,0.06667,0.06689,12719956
1785456000000,0.0669,0.06805,0.0659,0.06621,8243238
1785470400000,0.06621,0.06866,0.06561,0.06732,17687485
1785484800000,0.06732,0.06767,0.06673,0.06697,7793209
1785499200000,0.06697,0.06702,0.06556,0.06654,9007525
1785513600000,0.06655,0.06711,0.06625,0.06666,6971191
1785528000000,0.06667,0.06701,0.0656,0.06587,3991006
1785542400000,0.06585,0.06715,0.06545,0.06683,7701532
1785556800000,0.06681,0.06701,0.06613,0.06623,3923416
1785571200000,0.06622,0.06655,0.06588,0.06593,3141926
1785585600000,0.06593,0.06622,0.06565,0.06572,3723862
1785600000000,0.06571,0.06675,0.06545,0.06587,7537941
1785614400000,0.06586,0.0664,0.06563,0.06637,3040266
1785628800000,0.06638,0.06668,0.06559,0.06565,6195982
1785643200000,0.06565,0.06642,0.0656,0.06596,6967713
1785657600000,0.06596,0.0666,0.06589,0.06657,6405237
1785672000000,0.06657,0.0677,0.06633,0.06662,15842560
1785686400000,0.06663,0.06702,0.06638,0.06644,4971388
1785700800000,0.06645,0.06757,0.06622,0.0671,5650545
1785715200000,0.06709,0.06757,0.06658,0.06706,7371129
1785729600000,0.06706,0.06714,0.06633,0.06639,4436414
1785744000000,0.06639,0.06661,0.06607,0.0661,4914744
1785758400000,0.06612,0.06733,0.06592,0.06673,6068287
1785772800000,0.06672,0.06742,0.06654,0.06656,5514050
1785787200000,0.06655,0.06732,0.06643,0.06722,4376862
1785801600000,0.06722,0.06792,0.06678,0.06749,5567105
1785816000000,0.06747,0.06803,0.06702,0.06787,5413459
1785830400000,0.06787,0.0684,0.06694,0.06709,6994029
1785844800000,0.06709,0.06726,0.06649,0.06717,6421599
1785859200000,0.06719,0.06728,0.0667,0.06673,3493180
1785873600000,0.06673,0.06714,0.06618,0.06658,7443599
1785888000000,0.0666,0.06681,0.06633,0.06634,4094685
1785902400000,0.06634,0.06718,0.0663,0.06692,6104893
1785916800000,0.06695,0.06722,0.06649,0.06658,4329169
1785931200000,0.0666,0.06702,0.06623,0.06662,4901131
1785945600000,0.06661,0.06724,0.06648,0.06694,3535876
1785960000000,0.06694,0.06709,0.06651,0.06657,2992556
1785974400000,0.06657,0.06715,0.0665,0.06656,3764751
1785988800000,0.06656,0.06704,0.06644,0.06668,5893732
1786003200000,0.06668,0.06692,0.06587,0.06625,5597508
1786017600000,0.06625,0.06652,0.06571,0.06589,7403593
1786032000000,0.06591,0.06614,0.06543,0.06545,5133846
1786046400000,0.06544,0.06686,0.06544,0.06662,5223386
1786060800000,0.06657,0.06742,0.06585,0.06597,9283377
1786075200000,0.06595,0.06646,0.06545,0.06612,5781873
1786089600000,0.06613,0.06613,0.06551,0.06572,3564871
1786104000000,0.06572,0.06615,0.06551,0.06591,5248498
1786118400000,0.06591,0.0664,0.06553,0.06598,3386711
1786132800000,0.06598,0.06666,0.06591,0.06634,2711807
1786147200000,0.06633,0.06646,0.06595,0.06616,2456285
1786161600000,0.06617,0.06663,0.06616,0.06635,2213624
1786176000000,0.06637,0.06684,0.06613,0.0662,2342466
1786190400000,0.06622,0.06689,0.06616,0.06663,3034194
1786204800000,0.06663,0.06742,0.06663,0.06703,5007839
1786219200000,0.06703,0.06727,0.06654,0.06673,2897830
1786233600000,0.06673,0.06691,0.06633,0.0664,4139741
1786248000000,0.0664,0.0668,0.06601,0.06601,3908292
1786262400000,0.06601,0.0663,0.06581,0.066,3367433
1786276800000,0.066,0.06649,0.06577,0.06625,3648088
1786291200000,0.06622,0.06681,0.06601,0.0668,4173006
1786305600000,0.0668,0.06749,0.06625,0.06653,4787544
1786320000000,0.06654,0.06722,0.06638,0.06676,5581666
1786334400000,0.06677,0.06688,0.06638,0.06682,3111438
1786348800000,0.06682,0.0672,0.06648,0.06681,5563827
1786363200000,0.0668,0.06704,0.06598,0.06615,4904459
1786377600000,0.06615,0.06688,0.06589,0.06686,4609129
1786392000000,0.06686,0.06727,0.06642,0.06688,5943887
1786406400000,0.06688,0.06706,0.06602,0.06609,4994534
1786420800000,0.06609,0.06624,0.0656,0.06564,5479816
1786435200000,0.06564,0.06639,0.06545,0.06636,6123539
1786449600000,0.06636,0.06646,0.06459,0.06509,7976817
1786464000000,0.06509,0.06541,0.06479,0.06541,4449387
1786478400000,0.06541,0.06621,0.06539,0.06593,4038974
1786492800000,0.06593,0.06715,0.06587,0.06641,6937910
1786507200000,0.0664,0.06641,0.06581,0.06612,4372037
1786521600000,0.06612,0.06612,0.06563,0.06596,3135742
1786536000000,0.06596,0.06601,0.065,0.06501,5822138
1786550400000,0.06501,0.06523,0.0648,0.06496,3099352
1786564800000,0.06496,0.06521,0.06314,0.06367,10895829
1786579200000,0.06367,0.0642,0.06362,0.06406,7966838
1786593600000,0.06406,0.06428,0.06392,0.06402,5240566
1786608000000,0.06402,0.06436,0.06346,0.06353,6790726
1786622400000,0.06353,0.06387,0.0631,0.06317,7349719
1786636800000,0.06317,0.06416,0.06288,0.06394,8605688
1786651200000,0.06394,0.06447,0.06353,0.06446,5096069
1786665600000,0.06446,0.06455,0.06374,0.06387,4958839
1786680000000,0.06387,0.06416,0.06338,0.06348,4742324
1786694400000,0.06348,0.06349,0.06274,0.06307,4147716
1786708800000,0.06307,0.06358,0.0628,0.06354,5960528
1786723200000,0.06354,0.06557,0.06354,0.06365,18263625
1786737600000,0.06365,0.06465,0.06361,0.06465,4393291
1786752000000,0.06463,0.06524,0.0642,0.0646,5875471
1786766400000,0.0646,0.06525,0.06428,0.06434,4201217
1786780800000,0.06434,0.06463,0.06422,0.06437,3081523
1786795200000,0.06437,0.06484,0.06433,0.0646,2816402
1786809600000,0.06459,0.06474,0.06425,0.06438,3169050
1786824000000,0.06438,0.06451,0.06388,0.06396,3007832
1786838400000,0.06396,0.06402,0.0636,0.06361,3520292
1786852800000,0.06361,0.06387,0.06331,0.0637,3502070
1786867200000,0.0637,0.06372,0.06339,0.06354,3381679
1786881600000,0.06355,0.06384,0.06344,0.06379,3114945
1786896000000,0.06379,0.06395,0.0633,0.0635,3333803
1786910400000,0.0635,0.06356,0.0624,0.06297,4820134
1786924800000,0.06296,0.06362,0.06293,0.0636,2655725
1786939200000,0.06361,0.06391,0.06359,0.06373,2407120
1786953600000,0.06373,0.06375,0.06313,0.06339,3486010
1786968000000,0.06339,0.06374,0.0632,0.06368,6220627
1786982400000,0.06369,0.0639,0.0633,0.06337,2935489
1786996800000,0.06336,0.06356,0.0631,0.06323,2100510
1787011200000,0.06323,0.06331,0.062,0.0623,5703403
1787025600000,0.06229,0.06285,0.06206,0.06263,4126276
1787040000000,0.06262,0.06318,0.06247,0.06308,2679803
1787054400000,0.06307,0.06414,0.06277,0.06406,6200805
1787068800000,0.06406,0.06428,0.06332,0.06343,4282418
1787083200000,0.06344,0.06367,0.06315,0.06324,2982542
1787097600000,0.06323,0.06342,0.06283,0.06316,5115472
1787112000000,0.06316,0.06373,0.06303,0.06359,3519939
1787126400000,0.0636,0.06385,0.06324,0.06358,2700390
1787140800000,0.06357,0.06643,0.06344,0.06478,12919820
1787155200000,0.06478,0.06544,0.06456,0.06507,6221044
1787169600000,0.06506,0.06721,0.065,0.06635,13864834
1787184000000,0.06635,0.06747,0.06626,0.06654,10276927
1787198400000,0.06653,0.06748,0.06608,0.06634,8159109
1787212800000,0.06632,0.06809,0.0661,0.0677,10148702
1787227200000,0.06769,0.07006,0.06728,0.06916,14920580
1787241600000,0.06915,0.06982,0.06867,0.0693,10499114
1787256000000,0.06931,0.07068,0.06927,0.07055,4893762
1787270400000,0.07055,0.07104,0.06995,0.07055,9911130
1787284800000,0.07055,0.0724,0.07054,0.07235,9235570
1787299200000,0.07236,0.07585,0.07229,0.07491,29889026
1787313600000,0.07492,0.07658,0.07434,0.07601,16111609
1787328000000,0.07602,0.07668,0.07364,0.07433,13050950
1787342400000,0.07432,0.07754,0.07413,0.07666,13301505
1787356800000,0.07666,0.08049,0.07628,0.08013,20516184
1787371200000,0.08012,0.08171,0.07012,0.07752,36810921
1787385600000,0.07753,0.07794,0.07421,0.0758,17966501
1787400000000,0.0758,0.07674,0.0753,0.07545,7622427
1787414400000,0.07544,0.07646,0.0751,0.07584,4919672
1787428800000,0.07584,0.07606,0.0736,0.07454,5250784
1787443200000,0.07455,0.07556,0.0723,0.07252,8234720
1787457600000,0.07251,0.07357,0.07152,0.07343,6647105
1787472000000,0.07342,0.07593,0.07325,0.07589,5423958
1787486400000,0.07588,0.0771,0.07468,0.07642,10517908
1787500800000,0.07642,0.07695,0.07597,0.07666,4843181
1787515200000,0.07665,0.07784,0.07634,0.07664,5006003
1787529600000,0.07664,0.07668,0.07367,0.07402,8010430
1787544000000,0.07403,0.07495,0.07363,0.07377,7652825
1787558400000,0.07377,0.07529,0.07305,0.07489,6658406
1787572800000,0.0749,0.07685,0.07392,0.07547,11081220
1787587200000,0.07547,0.07608,0.07407,0.07447,4748290
1787601600000,0.07449,0.07497,0.0741,0.07486,2381096
1787616000000,0.07486,0.07682,0.07434,0.07644,7036073
1787630400000,0.07645,0.07745,0.07427,0.07479,7224731
1787644800000,0.0748,0.07566,0.07429,0.07451,4465166
1787659200000,0.07452,0.07513,0.07341,0.07452,8818007
1787673600000,0.07451,0.0747,0.07334,0.07377,6523845
1787688000000,0.07377,0.07421,0.07171,0.07365,9273998
1787702400000,0.07367,0.07423,0.07316,0.07331,5140885
1787716800000,0.07329,0.07416,0.07287,0.0735,4034684
1787731200000,0.07349,0.07407,0.07246,0.07351,5735379
1787745600000,0.07352,0.0739,0.07191,0.0727,7011945
1787760000000,0.0727,0.07319,0.07221,0.0729,3923338
1787774400000,0.07287,0.07477,0.07225,0.07464,4640454
1787788800000,0.07466,0.0747,0.07353,0.07381,3756548
1787803200000,0.07382,0.07405,0.07295,0.07381,5544925
1787817600000,0.07378,0.07544,0.0732,0.07377,9105074
1787832000000,0.07377,0.07534,0.07354,0.07498,6597354
1787846400000,0.07498,0.07652,0.07461,0.0752,6983063
1787860800000,0.07522,0.07648,0.075,0.07558,4893877
1787875200000,0.07555,0.07668,0.07371,0.07444,7820180
1787889600000,0.07444,0.07494,0.07396,0.07428,6140241
1787904000000,0.07428,0.07486,0.07351,0.07445,3540045
1787918400000,0.07443,0.07502,0.07315,0.07325,8132573
1787932800000,0.07324,0.07395,0.07156,0.07363,8070752
1787947200000,0.07362,0.07492,0.0735,0.0745,22405121
1787961600000,0.07449,0.07453,0.07327,0.07327,3489301
1787976000000,0.07327,0.07402,0.07309,0.07364,2833393
1787990400000,0.07362,0.07377,0.07303,0.07306,3680154
1788004800000,0.07305,0.07394,0.07285,0.07348,2879216
1788019200000,0.07347,0.0736,0.07292,0.07345,2016437
1788033600000,0.07345,0.07372,0.07324,0.07364,1632046
1788048000000,0.07363,0.07783,0.07299,0.077,27905027
1788062400000,0.07697,0.07749,0.07536,0.07598,20676652
1788076800000,0.07598,0.07615,0.07478,0.07556,12460535
1788091200000,0.07554,0.07677,0.07527,0.07534,8029834
1788105600000,0.07533,0.07613,0.07507,0.07542,7111788
1788120000000,0.07541,0.07553,0.07081,0.07208,17452671
1788134400000,0.07207,0.07306,0.07102,0.07178,12381831
1788148800000,0.07178,0.07213,0.07093,0.07146,6857350
1788163200000,0.07146,0.07165,0.07052,0.07087,6772979
1788177600000,0.07087,0.07196,0.07009,0.07152,15423499
1788192000000,0.07152,0.07255,0.07132,0.0714,6996909
1788206400000,0.07139,0.07188,0.07126,0.07162,2852159
1788220800000,0.07162,0.07279,0.07155,0.07265,5313462
1788235200000,0.07266,0.07351,0.07239,0.07246,5884345
1788249600000,0.07246,0.07296,0.07139,0.07291,7482185
1788264000000,0.07291,0.07382,0.07221,0.07303,10152012
1788278400000,0.07302,0.07348,0.07191,0.07289,7768410
1788292800000,0.07289,0.0732,0.07233,0.07305,4751868
1788307200000,0.07308,0.07355,0.07173,0.07298,7173558
1788321600000,0.07298,0.07337,0.07272,0.07323,5309444
1788336000000,0.07325,0.07494,0.07251,0.07388,17438347
1788350400000,0.07389,0.0745,0.073,0.07443,7282065
1788364800000,0.07443,0.07461,0.07336,0.07361,9575229
1788379200000,0.0736,0.07407,0.07304,0.07344,3872620
1788393600000,0.07343,0.07459,0.07284,0.07449,7148167
1788408000000,0.0745,0.07477,0.07382,0.07466,6341702
1788422400000,0.07467,0.07511,0.07379,0.07398,5475405
1788436800000,0.07397,0.07528,0.07345,0.07521,9111083
1788451200000,0.07523,0.07563,0.07439,0.0753,8986947
1788465600000,0.07528,0.07695,0.07498,0.07666,8622180
1788480000000,0.07668,0.07692,0.07491,0.07517,8141890
1788494400000,0.07516,0.07586,0.07442,0.07522,5543985
1788508800000,0.07526,0.07649,0.07507,0.07603,4979047
1788523200000,0.07605,0.07609,0.07284,0.07381,17929489
1788537600000,0.07384,0.07406,0.07283,0.07338,3711279
1788552000000,0.07338,0.07356,0.07266,0.07351,2845702
1788566400000,0.07352,0.07422,0.07307,0.07399,4670741
1788580800000,0.07399,0.07515,0.07376,0.07437,5794773
1788595200000,0.07435,0.07496,0.07432,0.07481,4303785
1788609600000,0.0748,0.07557,0.07478,0.07492,5101007
1788624000000,0.07493,0.0752,0.07449,0.07491,4653973
1788638400000,0.07492,0.07589,0.07484,0.07535,3358824
1788652800000,0.07536,0.07633,0.07507,0.07599,6628868
1788667200000,0.07598,0.07599,0.07415,0.07501,8398489
1788681600000,0.075,0.07569,0.07471,0.07534,5977821
1788696000000,0.07533,0.07592,0.07433,0.07553,10268142
1788710400000,0.07553,0.0759,0.07485,0.07502,4120291
1788724800000,0.07503,0.07758,0.07495,0.0767,9660556
1788739200000,0.0767,0.07712,0.07514,0.07536,12537876
1788753600000,0.07535,0.0758,0.07427,0.07481,6789146
1788768000000,0.07479,0.07561,0.07471,0.07543,4596197
1788782400000,0.07543,0.07694,0.07464,0.07513,10185113
1788796800000,0.07511,0.07638,0.07511,0.07579,4188726
1788811200000,0.07577,0.07622,0.07459,0.07503,5194817
1788825600000,0.075,0.07626,0.0749,0.07561,5791998
1788840000000,0.07561,0.07652,0.07506,0.07552,6996354
1788854400000,0.07551,0.07664,0.07518,0.07557,5929480
1788868800000,0.07556,0.07665,0.07391,0.07659,9904894
1788883200000,0.07656,0.07675,0.07528,0.07559,6606709
1788897600000,0.07558,0.07626,0.07546,0.07618,4932014
1788912000000,0.07618,0.07674,0.0753,0.07534,6293566
1788926400000,0.07532,0.07652,0.07532,0.0765,5044518
1788940800000,0.07651,0.07698,0.07471,0.07551,7947832
1788955200000,0.07552,0.0758,0.07379,0.07485,8575328
1788969600000,0.07484,0.07588,0.07432,0.07443,6160856
1788984000000,0.07445,0.07488,0.0714,0.07328,10222846
1788998400000,0.07328,0.0734,0.07174,0.07246,8112200
1789012800000,0.07246,0.0727,0.07147,0.07185,3527188
1789027200000,0.07185,0.07201,0.071,0.07145,6111084
1789041600000,0.07145,0.07216,0.07024,0.07162,7478974
1789056000000,0.07163,0.07242,0.0706,0.07168,5746039
1789070400000,0.0717,0.07226,0.06955,0.0702,7225440
1789084800000,0.07019,0.07115,0.07006,0.07097,5378766
1789099200000,0.07097,0.07167,0.07087,0.07107,3370219
1789113600000,0.07105,0.07167,0.06979,0.07114,6554693
1789128000000,0.07113,0.0741,0.07045,0.07241,17690971
1789142400000,0.07241,0.07301,0.07108,0.07178,6003801
1789156800000,0.07174,0.07201,0.07103,0.07197,4045895
1789171200000,0.07198,0.07319,0.0719,0.07297,4170819
1789185600000,0.07296,0.07365,0.0728,0.07283,3953061
1789200000000,0.07281,0.07354,0.07271,0.07303,3896720
1789214400000,0.07304,0.07358,0.07277,0.07319,4510257
1789228800000,0.07321,0.07392,0.07314,0.07332,6101641
1789243200000,0.07333,0.07391,0.07312,0.07383,4099268
1789257600000,0.07384,0.07743,0.07362,0.07712,15493465
1789272000000,0.07715,0.0789,0.07615,0.07787,16153306
1789286400000,0.0779,0.07888,0.0759,0.07617,15662313
1789300800000,0.07619,0.07712,0.07542,0.07627,10114613
1789315200000,0.07625,0.0772,0.07569,0.07618,6819217
1789329600000,0.07618,0.07641,0.07419,0.07479,6899425
1789344000000,0.07479,0.07635,0.07428,0.07582,9040028
1789358400000,0.07582,0.07667,0.0756,0.07579,6508240
1789372800000,0.07579,0.07631,0.07467,0.07477,6408383
1789387200000,0.07478,0.07488,0.07366,0.07455,12756766
1789401600000,0.07455,0.07534,0.07427,0.07445,7849017
1789416000000,0.07448,0.07538,0.07363,0.07399,5876355
1789430400000,0.074,0.07464,0.07335,0.0739,6294638
1789444800000,0.07389,0.07434,0.07302,0.07319,6759110
1789459200000,0.0732,0.07358,0.07269,0.07314,6814473
1789473600000,0.07313,0.07368,0.07175,0.07237,9982077
1789488000000,0.07236,0.07356,0.06985,0.07199,13768972
1789502400000,0.072,0.0722,0.07092,0.07173,6233582
1789516800000,0.07176,0.0727,0.07088,0.07233,6957904
1789531200000,0.0723,0.07311,0.07154,0.07165,5781760
1789545600000,0.07166,0.07217,0.07123,0.07186,3938882
1789560000000,0.07187,0.07193,0.07082,0.07105,5913387
1789574400000,0.07106,0.07248,0.07023,0.07161,11084622
1789588800000,0.07164,0.07363,0.07148,0.07338,5655659
1789603200000,0.07336,0.07364,0.07235,0.07269,5881435
1789617600000,0.07268,0.07347,0.07236,0.07313,3745540
1789632000000,0.07313,0.0734,0.07262,0.07312,4927112
1789646400000,0.07309,0.07379,0.07265,0.07374,6654599
1789660800000,0.07374,0.075,0.07371,0.07392,6121053
1789675200000,0.07394,0.07479,0.07366,0.07458,4734631
1789689600000,0.07455,0.0769,0.07447,0.07671,10248852
1789704000000,0.07667,0.07706,0.07576,0.07679,7954690
1789718400000,0.07683,0.0783,0.07641,0.07768,9669911
1789732800000,0.07768,0.07842,0.07666,0.07823,10973768
1789747200000,0.07822,0.0786,0.07741,0.07836,8259069
1789761600000,0.07833,0.07897,0.07809,0.07881,5972591
1789776000000,0.0788,0.0821,0.07877,0.08064,29050822
1789790400000,0.08064,0.08118,0.07894,0.07914,12832532
1789804800000,0.07914,0.08355,0.07913,0.08326,13737321
1789819200000,0.08328,0.08344,0.08132,0.08289,12447699
1789833600000,0.08289,0.08469,0.08267,0.08361,11175027
1789848000000,0.0836,0.08364,0.08142,0.08269,8675264
1789862400000,0.08269,0.08477,0.08016,0.08381,24961743
1789876800000,0.08381,0.08406,0.0808,0.08082,10103435
1789891200000,0.08085,0.0815,0.07951,0.08019,7646267
1789905600000,0.08016,0.08195,0.07969,0.08184,7403500
1789920000000,0.08184,0.0835,0.08144,0.08262,8725127
1789934400000,0.08262,0.0831,0.08172,0.08202,3689512
1789948800000,0.08202,0.08373,0.0813,0.08308,7890890
1789963200000,0.08311,0.08391,0.08262,0.0832,7398634
1789977600000,0.08318,0.08659,0.08311,0.08593,12400095
1789992000000,0.08594,0.08676,0.08453,0.08492,18212811
1790006400000,0.08492,0.08557,0.08415,0.08528,7513182
1790020800000,0.08531,0.08607,0.0848,0.08575,6691087
1790035200000,0.08569,0.08706,0.08487,0.08704,11928146
1790049600000,0.08703,0.08798,0.08508,0.08678,11889892
1790064000000,0.08677,0.08694,0.08434,0.08508,6264131
1790078400000,0.08509,0.08731,0.08441,0.08714,12561651
1790092800000,0.08714,0.0874,0.08627,0.08676,7642354
1790107200000,0.08672,0.08932,0.08615,0.08832,13105123
1790121600000,0.08836,0.08893,0.08652,0.08829,11339978
1790136000000,0.08829,0.0895,0.08779,0.08851,9997410
1790150400000,0.08847,0.08934,0.08704,0.08757,11450189
1790164800000,0.08758,0.08822,0.08289,0.08319,20680954
1790179200000,0.08313,0.08435,0.08205,0.08262,10607407
1790193600000,0.08263,0.08276,0.08144,0.08238,11149127
1790208000000,0.0824,0.08382,0.08164,0.08289,5805648
1790222400000,0.08293,0.085,0.08272,0.0841,5284045
1790236800000,0.08413,0.08441,0.08159,0.08265,6008422
1790251200000,0.08264,0.08715,0.08226,0.08685,12612176
1790265600000,0.08687,0.08908,0.08671,0.08847,15929282
1790280000000,0.08845,0.08871,0.08754,0.08805,6298253
1790294400000,0.08805,0.08992,0.08786,0.08898,16654495
1790308800000,0.08898,0.09224,0.08854,0.09063,23759330
1790323200000,0.09066,0.0919,0.09011,0.09105,14699971
1790337600000,0.09105,0.09267,0.08858,0.09235,21811727
1790352000000,0.09227,0.09303,0.09068,0.09129,13597109
1790366400000,0.09128,0.09303,0.09086,0.09287,6914986
1790380800000,0.09287,0.09337,0.0907,0.0908,9678268
1790395200000,0.09076,0.09209,0.09068,0.09184,5750878
1790409600000,0.09186,0.09302,0.09101,0.09222,6639853
1790424000000,0.09222,0.09306,0.09098,0.09276,7558885
1790438400000,0.09276,0.09332,0.09128,0.09129,8247708
1790452800000,0.09129,0.09137,0.0894,0.09112,9949182
1790467200000,0.09111,0.09118,0.08979,0.09021,4934394
1790481600000,0.09018,0.09294,0.08974,0.0928,7081037
1790496000000,0.09282,0.09285,0.09159,0.09188,7450722
1790510400000,0.09187,0.09248,0.0902,0.09092,7710139
1790524800000,0.09095,0.09172,0.09079,0.09136,5374581
1790539200000,0.09136,0.09238,0.09074,0.09223,5786855
1790553600000,0.09222,0.09283,0.08819,0.08918,15434997
1790568000000,0.08918,0.09007,0.08677,0.08677,11417440
1790582400000,0.08683,0.0887,0.08642,0.08838,7876035
1790596800000,0.08841,0.09037,0.08667,0.0879,14464498
1790611200000,0.08786,0.09123,0.08748,0.08827,13786867
1790625600000,0.08828,0.09008,0.0878,0.09007,11225461
1790640000000,0.09006,0.09059,0.08678,0.08807,10353062
1790654400000,0.08808,0.09053,0.08723,0.08969,7755524
1790668800000,0.08967,0.09192,0.08897,0.09191,8599141
1790683200000,0.0919,0.09296,0.08937,0.08995,17205511
1790697600000,0.08997,0.09038,0.08812,0.08868,15566877
1790712000000,0.08868,0.08988,0.08792,0.08835,6428470
1790726400000,0.08836,0.08932,0.08755,0.0883,5433688
1790740800000,0.0883,0.09006,0.08815,0.08974,6560758
1790755200000,0.08974,0.09209,0.08944,0.09097,9674483
1790769600000,0.09097,0.09272,0.08873,0.09013,14575419
1790784000000,0.09014,0.09106,0.08792,0.08861,7783487
1790798400000,0.0886,0.08999,0.088,0.08984,3619747
1790812800000,0.08984,0.09049,0.08886,0.09042,4279293
1790827200000,0.09044,0.09065,0.08865,0.08901,4836390
1790841600000,0.089,0.08928,0.08751,0.08865,5004897
1790856000000,0.08858,0.0888,0.0872,0.08871,9042725
1790870400000,0.08867,0.08999,0.08795,0.08917,7115193
1790884800000,0.08919,0.08975,0.08827,0.08867,4658722
