calc_time,last_funding_rate
1615795200016,0.0001
1615824000030,0.00011008
1615852800005,0.00048443
1615881600008,0.00058025
1615910400012,0.00046844
1615939200010,0.00078288
1615968000000,0.00078016
1615996800009,0.00123402
1616025600001,0.00108234
1616054400000,0.00167323
1616083200000,0.00221312
1616112000011,0.0001916
1616140800001,0.0012404
1616169600000,0.00108432
1616198400000,0.00168549
1616227200000,0.00185454
1616256000007,0.00286369
1616284800000,0.00099456
1616313600000,0.00057819
1616342400000,0.00055426
1616371200007,0.00052683
1616400000001,0.0007185
1616428800000,0.00093795
1616457600000,0.00027278
1616486400010,0.0001
1616515200023,0.0001
1616544000002,0.0001
1616572800000,0.00060551
1616601600000,0.0005753
1616630400000,0.0001
1616659200000,0.0001
1616688000000,0.0001
1616716800008,0.0001
1616745600000,0.0001
1616774400012,0.00036554
1616803200018,0.0001
1616832000000,0.00023991
1616860800001,0.0001
1616889600000,0.00083887
1616918400000,0.00051598
1616947200005,0.00121781
1616976000003,0.00097081
1617004800000,0.00106269
1617033600000,0.00121208
1617062400018,0.00108215
1617091200012,0.00200638
1617120000001,0.0017014
1617148800000,0.00152602
1617177600000,0.00137185
1617206400000,0.00073073
1617235200025,0.0011739
1617264000011,0.0019263
1617292800004,0.00240032
1617321600000,0.00112394
1617350400000,0.00311744
1617379200000,0.00260238
1617408000003,0.00199127
1617436800000,0.00272045
1617465600000,0.0028703
1617494400000,0.0001
1617523200000,0.0001
1617552000016,0.0001
1617580800000,0.0001
1617609600001,0.00090821
1617638400001,0.0017337
1617667200010,0.00214257
1617696000000,0.00252869
1617724800003,0.00144718
1617753600000,0.00119391
1617782400006,0.00087031
1617811200004,0.0001
1617840000013,0.00060704
1617868800003,0.00114872
1617897600005,0.00100229
1617926400000,0.00088478
1617955200004,0.00140496
1617984000004,0.00099881
1618012800011,0.00090503
1618041600005,0.00180602
1618070400000,0.00172923
1618099200004,0.00122428
1618128000000,0.0012501
1618156800000,0.00226682
1618185600001,0.00132909
1618214400001,0.00232171
1618243200008,0.00177777
1618272000003,0.00143209
1618300800008,0.00172463
1618329600008,0.00272
1618358400008,0.0029279
1618387200000,0.00384486
1618416000012,0.00112318
1618444800006,0.00086952
1618473600000,0.00163273
1618502400008,0.00271561
1618531200008,0.00235957
1618560000000,0.00165498
1618588800002,0.0011551
1618617600008,0.00157907
1618646400000,0.00223851
1618675200001,0.00143066
1618704000006,0.00182245
1618732800004,-0.00069838
1618761600000,0.0001
1618790400000,0.0001
1618819200000,0.0001
1618848000009,0.0001
1618876800004,0.0001
1618905600000,0.00011265
1618934400001,0.0001
1618963200013,0.00023917
1618992000001,0.0001
1619020800002,0.0001
1619049600000,0.0001
1619078400000,0.0001
1619107200001,0.0001
1619136000002,0.0001
1619164800009,4.688e-05
1619193600001,0.0001
1619222400019,0.0001
1619251200001,0.0001
1619280000011,0.0001
1619308800000,0.0001
1619337600010,0.0001
1619366400000,0.0001
1619395200003,0.0001
1619424000002,0.0001
1619452800004,0.0001
1619481600000,0.0001
1619510400000,0.0001
1619539200009,0.0001
1619568000000,0.0001
1619596800000,0.00013913
1619625600001,0.00019825
1619654400004,0.00012144
1619683200013,0.00028708
1619712000003,0.00031357
1619740800004,0.0001
1619769600019,0.00045713
1619798400003,0.00013683
1619827200002,0.0001
1619856000006,0.00037197
1619884800000,0.00063359
1619913600010,0.00048492
1619942400011,0.00025882
1619971200007,0.00091478
1620000000003,0.00072016
1620028800000,0.00118925
1620057600043,0.00104624
1620086400004,0.00111817
1620115200003,0.00025116
1620144000011,0.00032117
1620172800001,0.0001
1620201600007,0.00068195
1620230400001,0.00035808
1620259200003,0.0007071
1620288000001,0.00060759
1620316800000,0.00121249
1620345600000,0.00029689
1620374400000,0.0007766
1620403200001,0.00111941
1620432000006,0.00033798
1620460800000,0.00106136
1620489600000,0.0009002
1620518400005,0.00080222
1620547200016,0.00053908
1620576000000,0.0006014
1620604800004,0.00042531
1620633600000,0.00099307
1620662400013,0.00059427
1620691200000,0.0001
1620720000000,0.0001
1620748800002,0.0001
1620777600004,0.0001
1620806400007,0.0001
1620835200012,0.0001
1620864000016,0.0001
1620892800000,0.0001
1620921600008,0.0001
1620950400007,0.0001
1620979200001,0.0001
1621008000004,0.0001
1621036800022,0.0001
1621065600014,0.0001
1621094400002,0.0001
1621123200000,0.0001
1621152000003,0.0001
1621180800002,0.0001
1621209600005,0.0001
1621238400001,0.0001
1621267200000,0.0001
1621296000019,0.0001
1621324800001,0.0001
1621353600006,0.0001
1621382400000,0.0001
1621411200003,0.0001
1621440000018,-0.0075
1621468800005,-0.00023158
1621497600000,-0.00067223
1621526400005,-0.00098193
1621555200000,-0.00117789
1621584000000,-0.00035086
1621612800001,-0.00049905
1621641600001,-0.00127686
1621670400002,-0.00048812
1621699200005,-0.00082349
1621728000006,-0.00066777
1621756800004,-0.00040429
1621785600002,-0.00016023
1621814400007,-0.00076588
1621843200005,-0.00034439
1621872000005,-0.00039492
1621900800000,-0.00053752
1621929600014,-0.00050968
1621958400000,-0.00077081
1621987200022,-0.00084688
1622016000018,-1.584e-05
1622044800004,-0.00034008
1622073600000,0.0001
1622102400017,-2.192e-05
1622131200000,-0.00059555
1622160000005,-0.00105224
1622188800009,-7.158e-05
1622217600000,-0.00017589
1622246400006,-0.00062701
1622275200000,-0.00016711
1622304000000,-0.00037289
1622332800003,-0.00070086
1622361600004,-0.00067806
1622390400018,-0.00028629
1622419200002,-0.00010007
1622448000000,-0.00068267
1622476800000,-6.576e-05
1622505600001,-3.512e-05
1622534400010,9.48e-06
1622563200010,-0.00037801
1622592000008,-8.844e-05
1622620800000,0.0001
1622649600007,0.0001
1622678400019,0.0001
1622707200002,0.0001
1622736000003,0.0001
1622764800003,3.621e-05
1622793600006,4.313e-05
1622822400002,8.024e-05
1622851200000,-0.00022189
1622880000004,0.0001
1622908800020,-0.00045457
1622937600000,-0.00041414
1622966400004,-0.00023921
1622995200000,-0.00019835
1623024000007,-0.00081407
1623052800007,0.0001
1623081600003,-6.66e-06
1623110400000,-0.0005008
1623139200000,-0.00067255
1623168000002,-0.00033971
1623196800009,-0.00064187
1623225600002,-0.00049772
1623254400000,-0.00054581
1623283200007,-0.00026069
1623312000003,-0.00042019
1623340800000,-0.00053465
1623369600010,-0.00038749
1623398400007,-0.00067374
1623427200006,0.0001
1623456000005,-0.00060183
1623484800000,-0.00066156
1623513600018,-0.00058795
1623542400002,-0.00043301
1623571200000,-0.00053616
1623600000003,-7.869e-05
1623628800000,3.96e-05
1623657600015,-0.00018805
1623686400000,6.632e-05
1623715200000,5.56e-06
1623744000000,-6.552e-05
1623772800004,0.0001
1623801600004,8.122e-05
1623830400001,1.073e-05
1623859200000,-0.00037281
1623888000004,-0.0004964
1623916800000,-0.00011378
1623945600002,-0.00050712
1623974400009,-0.00050977
1624003200014,-6.073e-05
1624032000007,-0.0003145
1624060800003,-0.00057803
1624089600001,2.575e-05
1624118400000,0.0001
1624147200005,-0.00030863
1624176000000,8.87e-05
1624204800002,-0.00037526
1624233600019,0.0001
1624262400000,-0.00017375
1624291200024,-0.00050141
1624320000008,-4.95e-06
1624348800009,-0.00035452
1624377600001,6.113e-05
1624406400003,-0.00051729
1624435200000,-0.00082742
1624464000000,-0.00041668
1624492800009,-0.00048964
1624521600018,-0.00046431
1624550400001,-0.00036507
1624579200009,-0.00037894
1624608000004,-0.00067566
1624636800000,-0.00060708
1624665600007,-0.00056311
1624694400000,-0.00024279
1624723200002,-0.00042802
1624752000005,0.0001
1624780800010,-0.000931
1624809600001,-0.00078397
1624838400025,-0.00069752
1624867200017,6.797e-05
1624896000007,9.965e-05
1624924800008,-0.00025902
1624953600000,9.63e-05
1624982400000,9.781e-05
1625011200011,0.0001
1625040000044,-0.00015169
1625068800005,-0.0001852
1625097600000,-0.00028813
1625126400004,-0.00023861
1625155200028,-0.00040701
1625184000002,-0.00084322
1625212800016,-0.00069348
1625241600007,-0.00067547
1625270400008,-0.00064138
1625299200000,-5.603e-05
1625328000004,0.0001
1625356800012,0.0001
1625385600002,0.0001
1625414400003,7.463e-05
1625443200004,0.0001
1625472000000,-0.00050048
1625500800009,-0.00084502
1625529600008,-0.00070594
1625558400019,-0.00018183
1625587200000,5.402e-05
1625616000007,0.0001
1625644800001,-0.00014954
1625673600008,0.0001
1625702400002,-0.00032764
1625731200010,0.0001
1625760000003,-0.00028528
1625788800000,-6.82e-05
1625817600006,-0.00031053
1625846400000,-0.00052082
1625875200002,-0.00046772
1625904000000,-0.00015421
1625932800001,-0.00079803
1625961600001,-0.00037377
1625990400025,-0.00012261
1626019200006,3.457e-05
1626048000000,7.26e-06
1626076800021,0.0001
1626105600000,-0.0001223
1626134400000,0.0001
1626163200013,-0.00010064
1626192000005,8.267e-05
1626220800000,3.952e-05
1626249600000,6.326e-05
1626278400005,-0.00034864
1626307200005,-0.00044978
1626336000001,-0.00020701
1626364800000,-0.000196
1626393600000,-0.00014805
1626422400000,1.217e-05
1626451200001,-0.00059767
1626480000004,-0.00046133
1626508800009,-0.00033839
1626537600006,-0.00030887
1626566400000,-0.00041714
1626595200001,-0.00018375
1626624000003,-0.00055517
1626652800002,-0.00033262
1626681600006,-0.00040052
1626710400006,-0.00046961
1626739200002,-0.00039877
1626768000011,-0.00066821
1626796800001,-0.00059814
1626825600022,-0.00052092
1626854400000,-0.00048457
1626883200018,-0.00053001
1626912000002,-0.00031793
1626940800006,-0.0001881
1626969600010,-0.00022264
1626998400013,-0.00019486
1627027200000,-0.00013001
1627056000005,-3.704e-05
1627084800000,-9.683e-05
1627113600002,0.0001
1627142400001,-6.206e-05
1627171200003,-0.00011999
1627200000015,3.741e-05
1627228800000,0.0001
1627257600000,0.0001
1627286400000,0.0001
1627315200000,0.0001
1627344000046,3.391e-05
1627372800014,1.345e-05
1627401600007,0.0001
1627430400000,0.0001
1627459200002,0.0001
1627488000005,0.0001
1627516800004,0.0001
1627545600000,0.0001
1627574400007,0.0001
1627603200004,0.0001
1627632000000,0.0001
1627660800000,0.0001
1627689600000,0.0001
1627718400014,0.0001
1627747200003,0.0001
1627776000005,0.0001
1627804800016,0.0001
1627833600001,0.0001
1627862400000,0.0001
1627891200014,0.0001
1627920000021,0.0001
1627948800000,0.0001
1627977600000,0.0001
1628006400009,0.0001
1628035200000,0.0001
1628064000000,0.0001
1628092800003,0.0001
1628121600000,0.0001
1628150400000,0.0001
1628179200001,0.0001
1628208000000,0.0001
1628236800004,0.0001
1628265600003,0.0001
1628294400015,0.00016528
1628323200001,0.00068037
1628352000002,0.0001628
1628380800000,0.00035061
1628409600002,0.0005994
1628438400018,0.00010951
1628467200000,0.0001
1628496000000,0.0001
1628524800002,0.0001
1628553600000,0.0001
1628582400003,0.00042179
1628611200000,0.00045233
1628640000006,0.00012587
1628668800003,0.0004276
1628697600000,0.00076924
1628726400013,0.00032681
1628755200001,0.00032336
1628784000000,0.00020641
1628812800000,0.0001
1628841600000,0.00027938
1628870400002,0.00020192
1628899200006,0.00012272
1628928000000,0.00081745
1628956800000,0.00039226
1628985600003,0.00035667
1629014400000,0.00036246
1629043200007,0.00053585
1629072000012,0.00088551
1629100800003,0.00088768
1629129600010,0.00063114
1629158400018,0.0001
1629187200015,0.0001
1629216000006,0.0002135
1629244800000,0.0001
1629273600000,0.0001
1629302400011,0.0001
1629331200000,0.0001
1629360000014,0.0001
1629388800000,0.0001
1629417600000,0.0001
1629446400001,0.00036699
1629475200001,0.00038251
1629504000005,0.00045644
1629532800001,0.00083515
1629561600000,0.00061048
1629590400005,0.00044047
1629619200007,0.00082506
1629648000002,0.00045343
1629676800003,0.00045938
1629705600005,0.00093625
1629734400002,0.00056367
1629763200006,0.00104347
1629792000004,0.0008235
1629820800000,0.00027588
1629849600015,0.0001
1629878400000,0.0001
1629907200000,0.00010906
1629936000001,0.00011348
1629964800016,0.0001
1629993600004,0.0001
1630022400013,0.0001
1630051200001,0.0001
1630080000004,0.0001
1630108800000,0.0001
1630137600000,0.0001
1630166400000,0.00023891
1630195200000,0.00022524
1630224000002,0.0001
1630252800005,0.00027547
1630281600013,0.00022143
1630310400008,0.00031391
1630339200000,0.00023133
1630368000000,0.00039295
1630396800007,0.00024575
1630425600003,0.00018059
1630454400000,0.00013455
1630483200006,0.00039049
1630512000000,0.00044332
1630540800009,0.00018576
1630569600006,0.0009259
1630598400007,0.0005771
1630627200011,0.00046108
1630656000000,0.0008197
1630684800002,0.00024819
1630713600003,0.0006754
1630742400008,0.00078224
1630771200009,0.00114262
1630800000002,0.00108061
1630828800002,0.00099429
1630857600000,0.00122461
1630886400003,0.00120736
1630915200008,0.00092982
1630944000009,0.00026367
1630972800004,0.00051816
1631001600002,0.00060128
1631030400001,-0.0075
1631059200005,0.0001
1631088000000,0.0001
1631116800000,0.0001
1631145600006,0.0001
1631174400014,0.0001
1631203200002,0.0001
1631232000001,0.0001
1631260800018,0.0001
1631289600006,0.0001
1631318400000,0.0001
1631347200001,0.0001
1631376000000,0.0001
1631404800000,0.0001
1631433600002,0.0001
1631462400000,0.0001
1631491200000,0.0001
1631520000007,0.0001
1631548800005,0.0001
1631577600002,0.0001
1631606400000,0.0001
1631635200007,0.0001
1631664000012,0.0001
1631692800003,0.0001
1631721600006,0.0001
1631750400008,0.0001
1631779200005,0.0001
1631808000002,0.0001
1631836800000,0.0001
1631865600047,0.0001
1631894400013,0.0001
1631923200000,0.0001
1631952000010,0.0001
1631980800005,0.0001
1632009600006,0.0001
1632038400015,0.0001
1632067200007,0.0001
1632096000018,0.0001
1632124800000,0.0001
1632153600005,0.0001
1632182400005,0.0001
1632211200007,0.0001
1632240000000,0.0001
1632268800005,0.0001
1632297600006,1.63e-05
1632326400000,0.0001
1632355200003,0.0001
1632384000000,0.0001
1632412800007,0.0001
1632441600000,0.0001
1632470400017,0.0001
1632499200000,0.0001
1632528000007,0.0001
1632556800002,0.0001
1632585600004,0.0001
1632614400013,0.0001
1632643200000,4.7e-07
1632672000005,6.782e-05
1632700800000,7.974e-05
1632729600001,0.0001
1632758400000,0.0001
1632787200000,-8.711e-05
1632816000014,7.91e-05
1632844800000,0.0001
1632873600000,0.0001
1632902400002,-0.00012336
1632931200000,7.287e-05
1632960000000,-0.00010056
1632988800004,0.0001
1633017600005,0.0001
1633046400012,8.004e-05
1633075200008,0.0001
1633104000000,0.0001
1633132800000,0.0001
1633161600002,0.0001
1633190400011,0.0001
1633219200019,0.0001
1633248000011,0.0001
1633276800004,0.0001
1633305600004,0.0001
1633334400000,0.0001
1633363200000,0.0001
1633392000007,0.0001
1633420800007,0.0001
1633449600004,0.0001
1633478400002,0.0001
1633507200000,0.0001
1633536000003,0.0001
1633564800007,0.0001
1633593600002,0.00047467
1633622400000,0.00039133
1633651200011,0.0001
1633680000003,0.00024954
1633708800002,0.00051296
1633737600006,0.00017814
1633766400003,0.00037865
1633795200000,0.0003895
1633824000000,0.00018599
1633852800008,0.00035897
1633881600000,0.00024432
1633910400002,0.0001
1633939200001,0.0001
1633968000006,0.0001
1633996800008,0.0001
1634025600013,0.0001
1634054400003,0.0001
1634083200003,0.0001
1634112000015,0.0001
1634140800000,0.0001
1634169600011,0.0001
1634198400017,0.00041469
1634227200000,0.00014766
1634256000005,0.0001
1634284800002,0.00031004
1634313600005,0.0001
1634342400009,0.0001
1634371200000,0.0001
1634400000003,0.00013902
1634428800001,0.0001
1634457600002,0.00045812
1634486400002,0.00051207
1634515200006,0.0001
1634544000004,0.0001
1634572800001,0.0001
1634601600002,0.0001
1634630400000,0.0001
1634659200000,0.0001
1634688000017,0.0001
1634716800004,0.0001
1634745600020,0.00012793
1634774400000,0.0001
1634803200000,0.00034247
1634832000008,0.00029024
1634860800005,0.00050838
1634889600005,0.00048553
1634918400018,0.00054388
1634947200005,0.00050078
1634976000001,0.00056808
1635004800004,0.00043284
1635033600006,0.00035741
1635062400012,0.00059163
1635091200001,0.00031808
1635120000012,0.00038309
1635148800002,0.0005392
1635177600022,0.000559
1635206400005,0.00050375
1635235200016,0.00088042
1635264000000,0.00098119
1635292800004,0.00064854
1635321600000,0.00067907
1635350400002,0.0001
1635379200002,0.0001
1635408000000,0.0001
1635436800005,0.0001
1635465600000,0.0001
1635494400007,0.00024414
1635523200001,0.0001263
1635552000000,0.0001
1635580800001,0.0001
1635609600013,-0.00491771
1635638400008,-0.00075599
1635667200010,0.0001
1635696000001,0.00082211
1635724800009,0.0001
1635753600014,0.00048563
1635782400001,0.00058905
1635811200000,0.00064018
1635840000007,0.00066812
1635868800010,0.00106466
1635897600019,0.00099906
1635926400000,0.00072692
1635955200005,0.00053955
1635984000006,0.00103263
1636012800004,0.00091837
1636041600004,0.00079984
1636070400000,0.00070395
1636099200013,0.00043216
1636128000016,0.00056407
1636156800010,0.0003158
1636185600000,0.00058864
1636214400007,0.00015101
1636243200013,0.00020922
1636272000005,0.0005461
1636300800004,0.000622
1636329600001,0.00074166
1636358400000,0.00076803
1636387200000,0.00075529
1636416000000,0.00091807
1636444800014,0.00097097
1636473600001,0.0007732
1636502400000,0.0006761
1636531200003,0.00055112
1636560000001,0.00038296
1636588800008,0.0001
1636617600012,0.0001
1636646400007,0.00015959
1636675200000,0.00032525
1636704000000,0.00034397
1636732800004,0.00020906
1636761600000,0.0001
1636790400004,0.0001
1636819200006,0.00035819
1636848000010,0.00033294
1636876800001,0.00031678
1636905600000,0.00021354
1636934400008,0.00031255
1636963200000,0.00038662
1636992000000,0.00046613
1637020800000,0.00024904
1637049600001,0.0001
1637078400018,0.0001
1637107200005,0.0001
1637136000007,0.0001
1637164800003,0.0001
1637193600017,0.0001
1637222400007,0.0001
1637251200011,0.0001
1637280000000,0.0001
1637308800000,0.0001
1637337600005,0.0001
1637366400012,0.0001
1637395200000,0.0001
1637424000007,0.0001
1637452800000,0.0001
1637481600006,0.00030399
1637510400000,0.00030917
1637539200004,0.00020213
1637568000000,0.0001
1637596800000,0.0001
1637625600004,0.0001
1637654400010,0.0001
1637683200005,0.00021969
1637712000001,0.00031001
1637740800003,0.00035109
1637769600010,0.00027965
1637798400000,0.0001
1637827200010,0.0001
1637856000000,0.00021915
1637884800000,0.0001
1637913600000,0.00036401
1637942400016,0.0001
1637971200005,0.0001
1638000000008,0.0001
1638028800007,0.0001
1638057600018,0.0001
1638086400000,0.0001
1638115200004,0.0001
1638144000002,0.0001
1638172800004,0.0001
1638201600000,0.00012945
1638230400000,0.0001
1638259200006,0.0001
1638288000000,0.00012317
1638316800000,0.0001
1638345600000,0.00012285
1638374400001,0.0004135
1638403200000,0.0001
1638432000007,0.0001
1638460800008,0.00017154
1638489600004,0.00032954
1638518400002,0.00020501
1638547200006,0.0003336
1638576000006,0.0001
1638604800004,-0.00034338
1638633600000,-0.00066742
1638662400003,5.794e-05
1638691200008,0.0001
1638720000007,0.0001
1638748800009,-0.00019761
1638777600001,-0.00017915
1638806400000,-0.00019158
1638835200018,-0.00021407
1638864000000,-0.00052997
1638892800000,-7.854e-05
1638921600000,0.0001
1638950400018,0.0001
1638979200010,2.727e-05
1639008000010,2.508e-05
1639036800000,0.0001
1639065600000,0.0001
1639094400000,2.292e-05
1639123200008,0.0001
1639152000012,-6.785e-05
1639180800009,0.0001
1639209600008,0.0001
1639238400000,-0.00011593
1639267200001,-0.00019241
1639296000015,4.984e-05
1639324800011,0.0001
1639353600006,7.953e-05
1639382400019,0.0001
1639411200000,0.0001
1639440000004,-3.02e-05
1639468800000,-5.16e-06
1639497600015,0.0001
1639526400000,0.0001
1639555200008,0.0001
1639584000005,0.0001
1639612800006,-0.0001984
1639641600009,0.0001
1639670400000,0.0001
1639699200000,0.0001
1639728000005,0.0001
1639756800006,0.0001
1639785600014,0.0001
1639814400012,0.0001
1639843200000,0.0001
1639872000031,0.0001
1639900800000,0.0001
1639929600003,0.0001
1639958400015,0.0001
1639987200007,0.0001
1640016000005,0.0001
1640044800003,0.0001
1640073600012,0.0001
1640102400005,0.0001
1640131200000,0.0001
1640160000001,0.0001
1640188800006,0.0001
1640217600011,0.0001
1640246400000,0.0001
1640275200000,0.0001
1640304000005,0.0001
1640332800000,0.0001
1640361600011,0.0001
1640390400000,0.0001
1640419200001,0.0001
1640448000005,0.0001
1640476800004,0.0001
1640505600002,0.0001
1640534400000,0.0001
1640563200002,0.0001
1640592000005,0.0001
1640620800000,0.0001
1640649600000,0.0001
1640678400012,0.0001
1640707200000,0.0001
1640736000006,0.0001
1640764800003,0.0001
1640793600004,0.0001
1640822400003,0.0001
1640851200001,0.0001
1640880000017,0.0001
1640908800006,0.0001
1640937600009,0.0001
1640966400000,0.0001
1640995200006,0.0001
1641024000009,0.0001
1641052800000,0.0001
1641081600028,0.0001
1641110400000,0.0001
1641139200000,0.0001
1641168000010,0.0001
1641196800013,0.0001
1641225600018,0.0001
1641254400000,0.0001
1641283200010,0.0001
1641312000002,0.0001
1641340800001,0.0001
1641369600017,0.0001
1641398400000,0.0001
1641427200002,-7.046e-05
1641456000021,1.066e-05
1641484800006,-7.719e-05
1641513600005,-6.161e-05
1641542400000,0.0001
1641571200001,0.0001
1641600000014,0.0001
1641628800013,0.0001
1641657600000,0.0001
1641686400003,0.0001
1641715200000,0.0001
1641744000000,0.0001
1641772800000,2.789e-05
1641801600010,9.319e-05
1641830400007,-6.467e-05
1641859200013,-0.00036851
1641888000004,9.296e-05
1641916800000,0.0001
1641945600012,-2.344e-05
1641974400015,0.0001
1642003200000,0.0001
1642032000007,1.653e-05
1642060800000,0.0001
1642089600014,0.0001
1642118400000,0.0001
1642147200006,0.0001
1642176000014,0.0001
1642204800000,0.0001
1642233600002,0.0001
1642262400000,0.0001
1642291200000,0.0001
1642320000017,0.0001
1642348800011,0.0001
1642377600005,0.0001
1642406400006,0.0001
1642435200012,0.0001
1642464000020,0.0001
1642492800000,0.0001
1642521600013,0.0001
1642550400001,1.611e-05
1642579200000,0.0001
1642608000000,0.0001
1642636800015,0.0001
1642665600000,0.0001
1642694400000,0.0001
1642723200007,8.593e-05
1642752000015,-6.666e-05
1642780800000,0.0001
1642809600017,0.0001
1642838400003,0.0001
1642867200021,-0.00013337
1642896000026,-4.04e-05
1642924800010,-0.00037993
1642953600009,-0.00057858
1642982400010,-9.654e-05
1643011200000,-9.404e-05
1643040000021,0.0001
1643068800000,-0.00027433
1643097600000,8.786e-05
1643126400012,-0.00031801
1643155200000,-6.267e-05
1643184000001,-0.00048387
1643212800005,-0.00080935
1643241600004,-0.00041383
1643270400004,-0.00025381
1643299200019,-8.407e-05
1643328000000,-0.00012385
1643356800000,-0.00039471
1643385600025,-0.00021548
1643414400017,-0.00051888
1643443200000,-0.0002407
1643472000013,-0.00031812
1643500800025,-0.00043957
1643529600009,-0.00048825
1643558400000,-0.00014719
1643587200000,-0.00066605
1643616000000,-0.00060511
1643644800000,-0.00056622
1643673600010,-0.00084168
1643702400000,-0.0003914
1643731200004,-0.00034789
1643760000004,-0.0001475
1643788800000,-0.00013243
1643817600002,-9.967e-05
1643846400002,5.729e-05
1643875200000,-0.00014446
1643904000000,2.405e-05
1643932800018,-0.00015982
1643961600005,-0.0001579
1643990400010,-0.00039952
1644019200014,-0.00033186
1644048000000,0.0001
1644076800000,0.0001
1644105600000,0.0001
1644134400000,0.0001
1644163200000,0.0001
1644192000003,0.0001
1644220800014,4.158e-05
1644249600003,0.0001
1644278400001,7.9e-06
1644307200003,0.0001
1644336000002,0.0001
1644364800000,9.254e-05
1644393600005,5.421e-05
1644422400001,-2.337e-05
1644451200012,-7.112e-05
1644480000000,-0.00013863
1644508800006,-3.61e-05
1644537600000,0.0001
1644566400009,0.0001
1644595200015,0.0001
1644624000020,8.729e-05
1644652800001,0.0001
1644681600007,0.0001
1644710400022,6.706e-05
1644739200001,0.0001
1644768000007,2.058e-05
1644796800005,5.878e-05
1644825600013,0.0001
1644854400019,8.05e-06
1644883200012,0.0001
1644912000005,-5.772e-05
1644940800011,-2.157e-05
1644969600009,8.855e-05
1644998400001,0.0001
1645027200014,0.0001
1645056000018,0.0001
1645084800000,0.0001
1645113600010,0.0001
1645142400000,0.0001
1645171200002,5.13e-05
1645200000000,0.0001
1645228800007,-6.327e-05
1645257600000,-5.133e-05
1645286400023,0.0001
1645315200001,-8.13e-05
1645344000003,0.0001
1645372800001,-0.00015943
1645401600000,-1.469e-05
1645430400001,-0.00047211
1645459200005,-1.14e-06
1645488000005,-0.00017296
1645516800000,-0.00037567
1645545600000,-0.00060676
1645574400002,-0.00042033
1645603200005,-0.00049615
1645632000010,-0.00032008
1645660800008,-0.00022654
1645689600003,-0.00065084
1645718400001,-0.00082547
1645747200000,-0.00015737
1645776000006,-0.00014145
1645804800001,-0.00023788
1645833600004,-4.838e-05
1645862400004,6.303e-05
1645891200007,-0.00015985
1645920000012,2.486e-05
1645948800000,-5.185e-05
1645977600000,-6.622e-05
1646006400000,-0.00012295
1646035200001,-0.0002557
1646064000002,-0.00021051
1646092800002,0.0001
1646121600001,0.0001
1646150400000,0.0001
1646179200000,0.0001
1646208000000,0.0001
1646236800002,0.0001
1646265600000,0.0001
1646294400000,0.0001
1646323200005,0.0001
1646352000018,0.0001
1646380800000,7.333e-05
1646409600000,0.0001
1646438400006,5.038e-05
1646467200004,4.37e-06
1646496000000,0.0001
1646524800004,3.008e-05
1646553600000,0.0001
1646582400013,3.265e-05
1646611200008,3.906e-05
1646640000006,-6.49e-05
1646668800000,0.0001
1646697600008,2.973e-05
1646726400002,2.548e-05
1646755200000,0.0001
1646784000008,3.846e-05
1646812800000,0.0001
1646841600004,0.0001
1646870400000,0.0001
1646899200017,8.018e-05
1646928000000,0.0001
1646956800008,0.0001
1646985600000,9.63e-06
1647014400001,0.0001
1647043200010,0.0001
1647072000001,0.0001
1647100800002,0.0001
1647129600008,0.0001
1647158400000,0.0001
1647187200002,0.0001
1647216000014,6.215e-05
1647244800005,3.57e-06
1647273600002,0.0001
1647302400008,0.0001
1647331200000,0.0001
1647360000006,0.0001
1647388800013,0.0001
1647417600000,0.0001
1647446400008,0.0001
1647475200004,0.0001
1647504000000,0.0001
1647532800004,0.0001
1647561600000,0.0001
1647590400000,0.0001
1647619200017,0.0001
1647648000008,0.0001
1647676800015,0.0001
1647705600000,0.0001
1647734400000,0.0001
1647763200001,0.0001
1647792000002,0.0001
1647820800013,0.0001
1647849600004,0.0001
1647878400010,0.0001
1647907200012,0.0001
1647936000001,0.0001
1647964800022,0.0001
1647993600007,0.0001
1648022400000,0.0001
1648051200006,0.0001
1648080000013,0.0001
1648108800006,0.0001
1648137600020,0.0001
1648166400010,0.0001
1648195200001,0.0001
1648224000014,0.0001
1648252800020,0.0001
1648281600006,0.0001
1648310400000,0.0001
1648339200004,0.0001
1648368000001,0.0001
1648396800006,0.0001
1648425600012,0.0001
1648454400007,0.0001
1648483200000,0.0001
1648512000000,0.0001
1648540800015,0.0001
1648569600000,0.0001
1648598400000,0.0001
1648627200002,0.0001
1648656000028,0.0001
1648684800017,0.0001
1648713600000,0.00013818
1648742400015,0.0001
1648771200000,0.0001
1648800000000,0.0001
1648828800018,0.0001
1648857600000,0.0001
1648886400002,0.0001
1648915200006,0.0001
1648944000018,0.0001
1648972800018,0.0001
1649001600015,0.0001
1649030400006,0.0001
1649059200000,0.0001
1649088000016,0.0001
1649116800000,0.0001
1649145600010,0.0001
1649174400008,0.0001
1649203200001,0.0001
1649232000021,0.0001
1649260800000,0.0001
1649289600009,5.701e-05
1649318400000,0.0001
1649347200000,0.0001
1649376000000,0.0001
1649404800004,0.0001
1649433600008,0.0001
1649462400008,0.0001
1649491200000,0.0001
1649520000001,0.0001
1649548800004,0.0001
1649577600007,0.0001
1649606400016,0.0001
1649635200000,0.0001
1649664000000,0.0001
1649692800009,-1.02e-06
1649721600000,-4.928e-05
1649750400006,-7.22e-06
1649779200013,-4.306e-05
1649808000005,0.0001
1649836800008,0.0001
1649865600013,0.0001
1649894400007,0.0001
1649923200000,0.0001
1649952000006,0.0001
1649980800008,0.0001
1650009600002,0.0001
1650038400000,0.0001
1650067200011,0.0001
1650096000007,0.0001
1650124800007,0.0001
1650153600000,0.0001
1650182400004,0.0001
1650211200000,0.0001
1650240000008,0.0001
1650268800012,-8.954e-05
1650297600000,5.847e-05
1650326400021,0.0001
1650355200031,0.0001
1650384000000,0.0001
1650412800025,0.0001
1650441600003,0.0001
1650470400000,0.0001
1650499200000,0.0001
1650528000000,0.0001
1650556800024,0.0001
1650585600008,0.0001
1650614400008,0.0001
1650643200008,0.0001
1650672000000,0.0001
1650700800000,0.0001
1650729600012,0.0001
1650758400004,0.0001
1650787200003,0.0001
1650816000000,0.0001
1650844800008,0.0001
1650873600018,0.0001
1650902400000,0.0001
1650931200014,0.0001
1650960000000,0.0001
1650988800017,0.0001
1651017600012,-1.487e-05
1651046400000,0.0001
1651075200002,0.0001
1651104000000,0.0001
1651132800004,0.0001
1651161600030,0.0001
1651190400000,0.0001
1651219200016,0.0001
1651248000010,0.0001
1651276800000,-4.956e-05
1651305600005,0.0001
1651334400015,0.0001
1651363200000,-0.00018715
1651392000000,-0.00012208
1651420800010,-8.834e-05
1651449600018,8.34e-06
1651478400007,-0.00013844
1651507200000,-3.182e-05
1651536000006,4.14e-05
1651564800000,0.0001
1651593600021,0.0001
1651622400007,2.038e-05
1651651200011,7.155e-05
1651680000000,0.0001
1651708800005,0.0001
1651737600019,0.0001
1651766400005,0.0001
1651795200005,-4.838e-05
1651824000001,5.14e-05
1651852800010,5.058e-05
1651881600004,7.819e-05
1651910400016,6.7e-07
1651939200011,3.491e-05
1651968000000,-2.217e-05
1651996800007,0.0001
1652025600015,7.407e-05
1652054400000,7.357e-05
1652083200001,9.351e-05
1652112000000,-5.953e-05
1652140800000,-0.00021948
1652169600007,3.322e-05
1652198400008,3.869e-05
1652227200004,-4.935e-05
1652256000007,-0.00013107
1652284800008,-0.0004086
1652313600014,-0.00040102
1652342400000,-0.00086972
1652371200007,-0.00054528
1652400000014,-0.00038923
1652428800001,-0.00011125
1652457600000,7.722e-05
1652486400000,-8.741e-05
1652515200000,-0.00077107
1652544000001,-5.49e-06
1652572800000,-5.552e-05
1652601600000,1.561e-05
1652630400000,-0.00044909
1652659200021,-0.00018815
1652688000013,-0.00013011
1652716800006,2.556e-05
1652745600000,-0.00025885
1652774400010,-0.00022789
1652803200023,-0.00023233
1652832000003,-0.00018901
1652860800024,-0.00018728
1652889600014,-5.954e-05
1652918400000,-0.00032806
1652947200008,-0.00037846
1652976000015,-0.00021776
1653004800001,-4.315e-05
1653033600003,-0.00019733
1653062400012,-9.976e-05
1653091200008,-0.00039337
1653120000001,-0.00024388
1653148800007,-0.00019672
1653177600003,-0.00017668
1653206400016,-4.591e-05
1653235200000,-6.37e-06
1653264000011,-7.94e-06
1653292800000,4.863e-05
1653321600023,-0.00016382
1653350400011,-0.00029709
1653379200000,-0.00025625
1653408000009,-0.0002509
1653436800001,-0.00016836
1653465600000,-8.235e-05
1653494400015,-3.47e-05
1653523200005,2.518e-05
1653552000001,-2.626e-05
1653580800000,-0.00040813
1653609600007,-0.00035245
1653638400008,-0.00038861
1653667200000,-0.00024928
1653696000018,-0.00012195
1653724800016,-0.00027907
1653753600013,-0.00017288
1653782400000,-0.00022081
1653811200025,-0.00019236
1653840000002,-0.00025172
1653868800000,-2.332e-05
1653897600013,2.55e-05
1653926400005,0.0001
1653955200016,0.0001
1653984000000,0.0001
1654012800000,0.0001
1654041600000,0.0001
1654070400011,-8.041e-05
1654099200000,3.189e-05
1654128000000,-0.00020817
1654156800006,-0.00025069
1654185600021,-0.00020022
1654214400016,-0.00035156
1654243200016,-5.393e-05
1654272000012,-2.108e-05
1654300800005,3.295e-05
1654329600000,-2.711e-05
1654358400007,-6.276e-05
1654387200005,6.833e-05
1654416000015,-3.268e-05
1654444800000,-1.56e-06
1654473600000,8.1e-06
1654502400017,0.0001
1654531200000,0.0001
1654560000000,0.0001
1654588800011,-4.837e-05
1654617600000,2.021e-05
1654646400008,9.398e-05
1654675200020,8.047e-05
1654704000012,0.0001
1654732800000,0.0001
1654761600000,0.0001
1654790400000,0.0001
1654819200009,0.0001
1654848000000,0.0001
1654876800006,-6.219e-05
1654905600018,-3.371e-05
1654934400014,-5.864e-05
1654963200000,-0.00014964
1654992000015,-0.00024243
1655020800019,-0.00023922
1655049600010,-0.00021476
1655078400009,-0.0003404
1655107200000,-0.00038541
1655136000007,-0.00014687
1655164800013,-9.362e-05
1655193600008,-5.59e-06
1655222400006,-3.725e-05
1655251200000,-3.32e-05
1655280000016,-0.00011686
1655308800008,-6.16e-06
1655337600009,9.95e-05
1655366400016,0.0001
1655395200000,-2.34e-06
1655424000008,8.104e-05
1655452800003,1.23e-06
1655481600000,-4.099e-05
1655510400020,7.406e-05
1655539200025,5.192e-05
1655568000014,1.361e-05
1655596800012,-9.125e-05
1655625600012,-4.298e-05
1655654400008,-1.243e-05
1655683200016,-9.539e-05
1655712000000,-8.08e-06
1655740800013,0.0001
1655769600012,0.0001
1655798400018,0.0001
1655827200010,0.0001
1655856000000,9.728e-05
1655884800001,3.758e-05
1655913600012,8.29e-06
1655942400000,3.78e-05
1655971200000,-4.496e-05
1656000000016,-0.00011226
1656028800005,-9.88e-06
1656057600004,-0.00010712
1656086400018,-0.0001156
1656115200001,9.953e-05
1656144000010,0.0001
1656172800000,0.0001
1656201600002,0.0001
1656230400016,0.0001
1656259200006,0.0001
1656288000008,4.361e-05
1656316800000,5.27e-05
1656345600016,0.0001
1656374400016,0.0001
1656403200001,0.0001
1656432000005,1.229e-05
1656460800000,3.409e-05
1656489600013,4.32e-06
1656518400000,-0.00018982
1656547200000,4e-07
1656576000000,2.569e-05
1656604800000,4.109e-05
1656633600001,-8.471e-05
1656662400017,-0.00013339
1656691200005,8.35e-06
1656720000000,-6.382e-05
1656748800000,-7.256e-05
1656777600008,1.534e-05
1656806400015,-3.181e-05
1656835200004,-5.172e-05
1656864000005,-0.0002293
1656892800021,0.0001
1656921600001,1.113e-05
1656950400000,-0.00012821
1656979200000,7.267e-05
1657008000000,0.0001
1657036800015,3.817e-05
1657065600006,-2.21e-05
1657094400000,0.0001
1657123200000,0.0001
1657152000010,5.411e-05
1657180800010,0.0001
1657209600011,9.263e-05
1657238400008,0.0001
1657267200009,0.0001
1657296000000,0.0001
1657324800000,4.635e-05
1657353600000,0.0001
1657382400009,0.0001
1657411200001,0.0001
1657440000002,0.0001
1657468800001,0.0001
1657497600000,0.0001
1657526400003,-5.52e-06
1657555200001,-0.00011226
1657584000000,-8.422e-05
1657612800021,-0.00018199
1657641600000,-0.00018567
1657670400012,-3.676e-05
1657699200022,-3.801e-05
1657728000005,-0.00026279
1657756800017,-7.916e-05
1657785600001,-0.00024148
1657814400000,-5.589e-05
1657843200004,-1.747e-05
1657872000019,-3.155e-05
1657900800017,-0.00016719
1657929600021,4.6e-06
1657958400014,-1.89e-06
1657987200005,-8.989e-05
1658016000000,-0.00012725
1658044800003,6.85e-05
1658073600007,-3.734e-05
1658102400001,4.848e-05
1658131200004,0.0001
1658160000019,0.0001
1658188800000,0.0001
1658217600000,0.0001
1658246400001,0.0001
1658275200004,0.0001
1658304000000,0.0001
1658332800003,0.0001
1658361600000,0.0001
1658390400018,0.0001
1658419200011,0.0001
1658448000014,5.62e-05
1658476800000,0.0001
1658505600000,0.0001
1658534400004,-0.00034598
1658563200002,-7.37e-06
1658592000001,0.0001
1658620800000,0.0001
1658649600011,1.669e-05
1658678400000,-6.161e-05
1658707200000,3.97e-06
1658736000014,-5.053e-05
1658764800006,2.03e-05
1658793600010,-4.32e-05
1658822400000,-0.00014305
1658851200000,7.603e-05
1658880000008,-0.0002409
1658908800000,-0.00017734
1658937600003,-0.00031803
1658966400009,-0.00012955
1658995200008,0.0001
1659024000013,0.0001
1659052800000,0.0001
1659081600000,0.0001
1659110400000,0.0001
1659139200005,0.0001
1659168000009,0.0001
1659196800000,0.0001
1659225600022,0.0001
1659254400011,0.0001
1659283200019,0.0001
1659312000010,0.0001
1659340800019,0.0001
1659369600017,0.0001
1659398400000,0.0001
1659427200007,6.776e-05
1659456000014,9.51e-05
1659484800001,5.919e-05
1659513600020,4.369e-05
1659542400008,0.0001
1659571200001,0.0001
1659600000009,5.027e-05
1659628800015,0.0001
1659657600005,0.0001
1659686400000,0.0001
1659715200000,0.0001
1659744000021,0.0001
1659772800000,0.0001
1659801600015,0.0001
1659830400013,0.0001
1659859200000,0.0001
1659888000014,0.0001
1659916800009,0.0001
1659945600006,0.0001
1659974400000,0.0001
1660003200020,0.0001
1660032000000,0.0001
1660060800000,0.0001
1660089600000,2.675e-05
1660118400016,0.0001
1660147200018,7.284e-05
1660176000012,0.0001
1660204800000,0.0001
1660233600000,0.0001
1660262400006,0.0001
1660291200000,0.0001
1660320000005,0.0001
1660348800012,0.0001
1660377600006,0.0001
1660406400018,0.0001
1660435200000,0.0001
1660464000000,0.0001
1660492800000,0.0001
1660521600010,0.0001
1660550400002,0.0001
1660579200010,0.0001
1660608000010,0.0001
1660636800002,0.0001
1660665600000,0.0001
1660694400020,0.0001
1660723200016,0.0001
1660752000001,0.0001
1660780800005,5.448e-05
1660809600012,7.367e-05
1660838400013,7.1e-05
1660867200000,7.863e-05
1660896000000,-0.00018346
1660924800009,-0.00028816
1660953600000,-0.00019734
1660982400005,-8.973e-05
1661011200000,-0.00010034
1661040000010,-2.311e-05
1661068800013,-0.00013876
1661097600000,-9.323e-05
1661126400011,-0.00028074
1661155200005,-0.00018069
1661184000005,3.291e-05
1661212800000,-7.02e-05
1661241600021,6.01e-06
1661270400005,0.0001
1661299200017,1.935e-05
1661328000021,-9.095e-05
1661356800000,0.0001
1661385600003,0.0001
1661414400000,0.0001
1661443200004,4.561e-05
1661472000001,2.802e-05
1661500800004,-0.0001029
1661529600000,-0.00012224
1661558400010,-0.0002432
1661587200007,-0.00014654
1661616000008,-0.00015001
1661644800019,-0.00012853
1661673600000,-0.00012247
1661702400000,-8.573e-05
1661731200000,-3.503e-05
1661760000000,-0.00026075
1661788800001,-0.00014032
1661817600001,-5.193e-05
1661846400005,1.203e-05
1661875200010,0.0001
1661904000000,-0.00016866
1661932800005,-3.869e-05
1661961600013,0.0001
1661990400012,0.0001
1662019200000,-9e-05
1662048000013,-2.809e-05
1662076800002,3.648e-05
1662105600013,0.0001
1662134400000,7.407e-05
1662163200000,-3.319e-05
1662192000002,-0.00014959
1662220800007,-0.00015965
1662249600008,9.861e-05
1662278400009,0.0001
1662307200000,0.0001
1662336000015,0.0001
1662364800013,7.962e-05
1662393600007,5.262e-05
1662422400018,0.0001
1662451200020,0.0001
1662480000028,3.325e-05
1662508800013,-0.00055262
1662537600022,-0.00015333
1662566400021,-0.0002078
1662595200010,-6.398e-05
1662624000000,6.966e-05
1662652800003,0.0001
1662681600011,9.911e-05
1662710400000,3.716e-05
1662739200000,0.0001
1662768000003,0.0001
1662796800000,0.0001
1662825600012,0.0001
1662854400009,0.0001
1662883200012,0.0001
1662912000005,0.0001
1662940800007,0.0001
1662969600013,0.0001
1662998400000,0.0001
1663027200004,0.0001
1663056000000,5.056e-05
1663084800000,9.458e-05
1663113600000,-2.041e-05
1663142400000,-2.311e-05
1663171200000,8e-06
1663200000019,3.429e-05
1663228800012,-7.159e-05
1663257600007,4.531e-05
1663286400000,-1.325e-05
1663315200000,-0.00010063
1663344000000,-4.705e-05
1663372800000,0.0001
1663401600012,0.0001
1663430400017,7.997e-05
1663459200000,0.0001
1663488000004,0.0001
1663516800000,-4.82e-05
1663545600018,-0.00013548
1663574400006,-8.851e-05
1663603200010,-1.799e-05
1663632000007,7.811e-05
1663660800001,0.0001
1663689600000,0.0001
1663718400001,3.519e-05
1663747200005,-3.39e-05
1663776000000,-7.102e-05
1663804800000,-0.00017696
1663833600000,-0.00012467
1663862400011,4.56e-06
1663891200023,0.0001
1663920000004,0.0001
1663948800005,0.0001
1663977600000,3.59e-05
1664006400005,0.0001
1664035200000,0.0001
1664064000010,0.0001
1664092800000,0.0001
1664121600003,5.454e-05
1664150400001,-4.56e-06
1664179200006,-8.428e-05
1664208000000,-1.828e-05
1664236800026,7.7e-05
1664265600004,-3.14e-06
1664294400006,6.904e-05
1664323200011,-0.00012828
1664352000000,-0.0002753
1664380800000,-0.00018011
1664409600010,0.0001
1664438400000,0.0001
1664467200000,8.77e-05
1664496000006,0.0001
1664524800002,0.0001
1664553600007,0.0001
1664582400008,3.025e-05
1664611200011,0.0001
1664640000000,0.0001
1664668800000,0.0001
1664697600000,0.0001
1664726400006,-5.149e-05
1664755200000,2.635e-05
1664784000014,1.069e-05
1664812800010,3.167e-05
1664841600006,-2.849e-05
1664870400004,0.0001
1664899200013,9.593e-05
1664928000000,-1.448e-05
1664956800000,8.561e-05
1664985600012,3.756e-05
1665014400008,0.0001
1665043200002,0.0001
1665072000006,9.804e-05
1665100800000,-6.743e-05
1665129600000,7.08e-06
1665158400007,3.602e-05
1665187200010,-2.403e-05
1665216000004,0.0001
1665244800018,0.0001
1665273600000,-2.828e-05
1665302400007,9.121e-05
1665331200011,0.0001
1665360000018,2.783e-05
1665388800000,0.0001
1665417600026,-4.073e-05
1665446400020,1.413e-05
1665475200027,-6.823e-05
1665504000000,1.26e-05
1665532800014,4.713e-05
1665561600000,2.935e-05
1665590400000,0.0001
1665619200013,6.431e-05
1665648000016,-0.00021307
1665676800009,-0.00030437
1665705600020,-3.991e-05
1665734400000,-5.248e-05
1665763200009,4.381e-05
1665792000001,-0.00013758
1665820800005,-0.00030785
1665849600004,-0.00031448
1665878400012,-2.614e-05
1665907200000,0.0001
1665936000010,2.724e-05
1665964800012,-3.084e-05
1665993600010,0.0001
1666022400017,5.51e-05
1666051200010,7.498e-05
1666080000008,0.0001
1666108800000,5.766e-05
1666137600007,-0.0001168
1666166400022,0.0001
1666195200016,-7.334e-05
1666224000000,-2.524e-05
1666252800013,-2.085e-05
1666281600000,4.195e-05
1666310400005,0.0001
1666339200018,-8.447e-05
1666368000000,-0.00014049
1666396800000,1.98e-06
1666425600015,-2.578e-05
1666454400000,9.826e-05
1666483200025,9.811e-05
1666512000000,0.0001
1666540800004,8.145e-05
1666569600009,8.286e-05
1666598400012,0.0001
1666627200002,-1.284e-05
1666656000013,-8.935e-05
1666684800013,2.014e-05
1666713600000,6.936e-05
1666742400006,-4.042e-05
1666771200013,0.0001
1666800000000,0.0001
1666828800009,0.0001
1666857600006,0.0001
1666886400009,0.0001
1666915200000,0.0001
1666944000000,0.0001
1666972800007,5.594e-05
1667001600000,0.0001
1667030400003,0.0001
1667059200010,0.0001
1667088000000,0.0001
1667116800013,0.0001
1667145600009,0.0001
1667174400012,0.0001
1667203200000,6.921e-05
1667232000010,0.0001
1667260800000,0.0001
1667289600000,3.09e-05
1667318400000,0.0001
1667347200000,7.67e-06
1667376000000,-7.014e-05
1667404800019,-0.00016375
1667433600011,-6.727e-05
1667462400016,3.227e-05
1667491200005,0.0001
1667520000000,9.938e-05
1667548800004,8.408e-05
1667577600020,3.197e-05
1667606400009,0.0001
1667635200007,0.0001
1667664000018,0.0001
1667692800009,0.0001
1667721600000,0.0001
1667750400010,0.0001
1667779200012,0.0001
1667808000014,0.0001
1667836800006,0.0001
1667865600000,5.35e-05
1667894400001,-0.00011695
1667923200005,-9.206e-05
1667952000000,-0.00072111
1667980800013,-0.00056802
1668009600004,-9.908e-05
1668038400006,-0.0007551
1668067200000,-8.449e-05
1668096000015,-0.00028654
1668124800000,8.751e-05
1668153600015,0.0001
1668182400027,6.12e-05
1668211200007,-3.795e-05
1668240000016,-9.186e-05
1668268800000,4.722e-05
1668297600004,-0.00010297
1668326400000,0.0001
1668355200017,0.0001
1668384000000,0.0001
1668412800000,0.0001
1668441600000,0.0001
1668470400014,0.0001
1668499200009,5.193e-05
1668528000010,-1.163e-05
1668556800011,0.0001
1668585600004,0.0001
1668614400008,0.0001
1668643200000,0.0001
1668672000000,0.0001
1668700800006,6.825e-05
1668729600004,-1.94e-05
1668758400016,0.0001
1668787200000,5.67e-06
1668816000000,-8.977e-05
1668844800004,4.109e-05
1668873600024,-4.355e-05
1668902400015,9.053e-05
1668931200004,4.33e-05
1668960000000,3.287e-05
1668988800006,-0.00030476
1669017600015,-2.793e-05
1669046400000,-0.00013358
1669075200000,-6.456e-05
1669104000000,4.58e-05
1669132800000,4.763e-05
1669161600000,0.0001
1669190400011,7.932e-05
1669219200014,0.0001
1669248000007,2.79e-06
1669276800014,0.0001
1669305600013,0.0001
1669334400004,1.617e-05
1669363200015,0.0001
1669392000000,6.587e-05
1669420800011,3.488e-05
1669449600000,0.0001
1669478400000,7.686e-05
1669507200012,3.591e-05
1669536000000,8.778e-05
1669564800003,2.006e-05
1669593600015,8.2e-06
1669622400004,6.091e-05
1669651200011,0.0001
1669680000000,0.0001
1669708800015,7.464e-05
1669737600000,0.0001
1669766400007,9.61e-05
1669795200000,0.0001
1669824000015,0.0001
1669852800001,0.0001
1669881600006,0.0001
1669910400000,0.0001
1669939200001,0.0001
1669968000016,0.0001
1669996800017,1.169e-05
1670025600006,0.0001
1670054400000,5.355e-05
1670083200011,0.0001
1670112000006,0.0001
1670140800000,6.464e-05
1670169600006,1.411e-05
1670198400002,1.732e-05
1670227200011,5.29e-06
1670256000008,7.185e-05
1670284800014,3.079e-05
1670313600027,3.355e-05
1670342400009,0.0001
1670371200000,0.0001
1670400000000,-1.656e-05
1670428800000,-0.00020109
1670457600006,-8.288e-05
1670486400000,-7.68e-06
1670515200014,-4.373e-05
1670544000017,-2.127e-05
1670572800005,0.0001
1670601600000,2.827e-05
1670630400009,0.0001
1670659200010,5.506e-05
1670688000001,2.576e-05
1670716800011,4.77e-05
1670745600007,4.775e-05
1670774400011,0.0001
1670803200000,-4.073e-05
1670832000004,3.35e-06
1670860800000,-0.00018019
1670889600000,-6.986e-05
1670918400018,9.067e-05
1670947200011,0.0001
1670976000010,0.0001
1671004800015,0.0001
1671033600004,0.0001
1671062400000,0.0001
1671091200023,0.0001
1671120000010,6.452e-05
1671148800016,0.0001
1671177600011,0.0001
1671206400001,-9.016e-05
1671235200001,-0.0002174
1671264000011,-6.702e-05
1671292800011,-1.437e-05
1671321600008,-0.00028777
1671350400001,-0.00020867
1671379200012,-0.00026652
1671408000000,-4.912e-05
1671436800000,-5.37e-05
1671465600000,8.053e-05
1671494400005,-6.22e-05
1671523200016,-4.009e-05
1671552000000,-9.928e-05
1671580800007,-6.626e-05
1671609600012,-0.00029909
1671638400017,-0.0001523
1671667200004,-0.00027168
1671696000000,-0.00017518
1671724800001,-5.613e-05
1671753600018,4.572e-05
1671782400000,1.828e-05
1671811200000,4.64e-06
1671840000001,-0.00272459
1671868800007,-0.00075753
1671897600008,-0.00016383
1671926400000,-4.239e-05
1671955200013,-1.801e-05
1671984000000,0.0001
1672012800001,0.0001
1672041600000,-3.36e-05
1672070400005,0.0001
1672099200005,0.0001
1672128000010,-6.621e-05
1672156800006,4.322e-05
1672185600010,8.705e-05
1672214400010,-8.091e-05
1672243200010,8.333e-05
1672272000011,0.0001
1672300800000,0.0001
1672329600008,0.0001
1672358400000,3.52e-06
1672387200000,-3.528e-05
1672416000000,-3.148e-05
1672444800014,2.615e-05
1672473600000,-3.26e-05
1672502400000,0.0001
1672531200000,0.0001
1672560000008,0.0001
1672588800000,3.334e-05
1672617600000,-1.71e-06
1672646400008,-0.00020615
1672675200015,-5.82e-06
1672704000003,-0.00014856
1672732800018,0.0001
1672761600000,8.095e-05
1672790400000,3.216e-05
1672819200016,3.64e-06
1672848000011,0.0001
1672876800009,0.0001
1672905600011,6.868e-05
1672934400000,0.0001
1672963200005,0.0001
1672992000001,0.0001
1673020800000,0.0001
1673049600006,0.0001
1673078400017,-0.00014888
1673107200000,9.39e-05
1673136000015,9.893e-05
1673164800000,-0.00015639
1673193600010,6.672e-05
1673222400003,-6.635e-05
1673251200000,0.0001
1673280000006,0.0001
1673308800003,0.0001
1673337600021,0.0001
1673366400000,0.0001
1673395200011,0.0001
1673424000006,0.0001
1673452800004,0.0001
1673481600000,0.0001
1673510400000,0.0001
1673539200000,0.0001
1673568000004,1e-05
1673596800000,0.0001
1673625600018,0.0001
1673654400000,-5.419e-05
1673683200001,0.0001
1673712000000,0.0001
1673740800010,0.0001
1673769600002,0.00025445
1673798400000,0.00021104
1673827200010,0.00019005
1673856000007,0.0001
1673884800000,0.0001
1673913600004,0.0001
1673942400005,-0.00023663
1673971200001,0.0001
1674000000008,0.0001
1674028800009,0.0001
1674057600017,0.0001
1674086400000,0.0001
1674115200015,0.0001
1674144000012,0.0001
1674172800000,0.0001
1674201600000,0.0001
1674230400000,-0.00010395
1674259200013,0.0001
1674288000001,0.0001
1674316800016,0.0001
1674345600000,0.0001
1674374400000,0.0001
1674403200023,0.0001
1674432000014,-6.071e-05
1674460800014,0.0001
1674489600016,0.0001
1674518400008,0.0001
1674547200008,0.00013184
1674576000000,0.0001
1674604800012,0.0001
1674633600000,-0.00025179
1674662400010,0.0001
1674691200010,0.0001
1674720000003,0.0001
1674748800020,0.0001
1674777600008,0.0001
1674806400000,0.0001
1674835200000,0.0001
1674864000009,0.0001
1674892800018,0.00010343
1674921600005,0.0001
1674950400011,0.0001
1674979200000,0.0001
1675008000008,0.0001
1675036800001,0.0001
1675065600000,0.0001
1675094400000,0.0001
1675123200005,0.0001
1675152000000,0.0001
1675180800007,0.0001
1675209600013,0.0001
1675238400000,0.0001
1675267200012,0.0001
1675296000004,0.0001
1675324800023,0.00015223
1675353600003,0.0001
1675382400010,0.0001
1675411200000,0.0001
1675440000000,0.0001
1675468800010,0.0001
1675497600000,0.0001
1675526400000,0.0001
1675555200016,0.0001
1675584000009,0.0001
1675612800018,0.0001
1675641600001,0.0001
1675670400000,0.0001
1675699200012,0.0001
1675728000004,0.0001
1675756800011,0.0001
1675785600018,0.0001
1675814400009,0.0001
1675843200010,0.0001
1675872000000,0.0001
1675900800014,0.0001
1675929600006,0.0001
1675958400001,0.0001
1675987200012,-0.00021165
1676016000005,-6.22e-05
1676044800020,6.783e-05
1676073600007,4.882e-05
1676102400002,9.213e-05
1676131200021,0.0001
1676160000004,1.291e-05
1676188800000,5.397e-05
1676217600002,8.163e-05
1676246400006,4.631e-05
1676275200008,-2.07e-06
1676304000002,-0.00014484
1676332800013,-0.00017367
1676361600014,-9.729e-05
1676390400016,-0.00013242
1676419200011,0.0001
1676448000000,4.891e-05
1676476800005,5.616e-05
1676505600019,0.0001
1676534400000,0.0001
1676563200001,0.0001
1676592000003,0.0001
1676620800016,0.0001
1676649600000,0.0001
1676678400011,0.0001
1676707200000,0.0001
1676736000007,0.0001
1676764800019,0.0001
1676793600005,0.0001
1676822400003,0.0001
1676851200006,0.0001
1676880000008,0.0001
1676908800006,0.0001
1676937600001,0.0001
1676966400004,0.00019422
1676995200011,0.0001
1677024000009,0.0001
1677052800010,0.0001
1677081600000,0.0001
1677110400006,0.0001
1677139200005,0.0001
1677168000002,0.0001
1677196800015,0.0001
1677225600011,0.0001
1677254400014,0.0001
1677283200015,-0.00017081
1677312000015,0.0001
1677340800015,0.0001
1677369600007,-0.00034236
1677398400012,-5.503e-05
1677427200000,-0.00016895
1677456000011,-0.00021053
1677484800003,7.785e-05
1677513600000,0.0001
1677542400011,3.477e-05
1677571200018,0.0001
1677600000005,0.0001
1677628800016,4.064e-05
1677657600000,0.0001
1677686400008,0.0001
1677715200009,0.0001
1677744000013,0.0001
1677772800000,0.0001
1677801600000,0.0001
1677830400013,-0.00012549
1677859200000,0.0001
1677888000001,0.0001
1677916800008,-6.52e-06
1677945600012,-9.005e-05
1677974400000,-0.00015696
1678003200000,-0.00010291
1678032000015,-0.00025562
1678060800007,-0.00014257
1678089600017,-1.721e-05
1678118400000,-0.00040669
1678147200009,-0.00010032
1678176000016,8.861e-05
1678204800017,6.405e-05
1678233600000,3.374e-05
1678262400014,-6.79e-06
1678291200021,-0.00018345
1678320000010,-0.00010284
1678348800013,-5.06e-06
1678377600002,-0.00016208
1678406400000,4.972e-05
1678435200000,8.65e-06
1678464000005,-0.00015282
1678492800011,-0.00010839
1678521600003,6.717e-05
1678550400011,-8.602e-05
1678579200001,-0.00011692
1678608000000,-8.177e-05
1678636800005,-0.00033607
1678665600010,-8.969e-05
1678694400018,0.0001
1678723200003,5.98e-05
1678752000010,0.0001
1678780800009,2.02e-06
1678809600010,0.0001
1678838400011,0.0001
1678867200000,0.0001
1678896000012,0.0001
1678924800004,-0.00031324
1678953600018,-0.00016583
1678982400005,-0.00024733
1679011200017,-0.00021939
1679040000010,-2.355e-05
1679068800003,0.0001
1679097600012,0.0001
1679126400000,0.0001
1679155200016,0.0001
1679184000013,0.0001
1679212800024,0.0001
1679241600000,0.0001
1679270400005,0.0001
1679299200012,0.0001
1679328000015,0.0001
1679356800006,-1.66e-06
1679385600004,-4.1e-07
1679414400003,0.0001
1679443200000,0.0001
1679472000003,0.0001
1679500800000,0.0001
1679529600016,-0.00038297
1679558400001,-9.193e-05
1679587200013,0.0001
1679616000013,0.0001
1679644800012,0.0001
1679673600027,0.0001
1679702400015,-0.0002093
1679731200011,-0.00022197
1679760000011,-0.00014315
1679788800000,-0.00016009
1679817600015,-5.596e-05
1679846400000,-1.315e-05
1679875200019,8.175e-05
1679904000009,-0.0002197
1679932800000,-0.00015823
1679961600007,-0.00012756
1679990400000,3.968e-05
1680019200013,-1.216e-05
1680048000010,-3.648e-05
1680076800006,8.08e-05
1680105600014,0.0001
1680134400000,0.0001
1680163200000,0.0001
1680192000006,0.0001
1680220800003,-5.78e-05
1680249600006,3.2e-06
1680278400011,7.047e-05
1680307200000,0.0001
1680336000000,0.0001
1680364800018,0.0001
1680393600013,0.0001
1680422400014,0.0001
1680451200001,0.0001
1680480000000,8.265e-05
1680508800013,8.034e-05
1680537600011,4.501e-05
1680566400002,4.026e-05
1680595200017,6.983e-05
1680624000008,0.0001
1680652800000,0.0001
1680681600016,0.0001
1680710400004,0.0001
1680739200000,5.772e-05
1680768000011,0.0001
1680796800000,0.0001
1680825600006,1.673e-05
1680854400005,8.319e-05
1680883200000,3.309e-05
1680912000000,9.137e-05
1680940800014,0.0001
1680969600018,0.0001
1680998400013,9.893e-05
1681027200024,2.539e-05
1681056000010,0.0001
1681084800000,0.0001
1681113600010,0.0001
1681142400006,0.0001
1681171200008,0.0001
1681200000007,0.0001
1681228800016,0.0001
1681257600006,0.0001
1681286400008,-2.825e-05
1681315200014,9.279e-05
1681344000027,0.0001
1681372800010,0.0001
1681401600000,0.0001
1681430400001,0.0001
1681459200008,0.0001
1681488000007,0.0001
1681516800007,0.0001
1681545600007,0.00014734
1681574400011,0.00013367
1681603200014,0.00014195
1681632000007,0.0001
1681660800002,0.00022165
1681689600017,0.00022983
1681718400006,0.00013062
1681747200000,0.00010042
1681776000013,0.0001
1681804800017,0.0001
1681833600000,0.0001
1681862400022,0.0001
1681891200014,0.0001
1681920000000,7.681e-05
1681948800010,0.0001
1681977600012,0.0001
1682006400012,0.0001
1682035200009,2.626e-05
1682064000009,0.0001
1682092800003,7.056e-05
1682121600000,-6.8e-07
1682150400000,6.384e-05
1682179200016,5.231e-05
1682208000009,2.325e-05
1682236800020,8.967e-05
1682265600007,2.55e-06
1682294400000,1.265e-05
1682323200008,8.194e-05
1682352000006,0.0001
1682380800014,2.108e-05
1682409600009,-1.927e-05
1682438400015,0.0001
1682467200015,0.0001
1682496000013,8.584e-05
1682524800001,0.0001
1682553600014,1.979e-05
1682582400008,0.0001
1682611200005,5.539e-05
1682640000011,7.4e-05
1682668800007,0.0001
1682697600006,0.0001
1682726400004,7.181e-05
1682755200016,9.263e-05
1682784000001,0.0001
1682812800008,0.0001
1682841600000,4.787e-05
1682870400010,0.0001
1682899200004,1.525e-05
1682928000008,0.0001
1682956800014,0.0001
1682985600015,0.0001
1683014400018,0.0001
1683043200000,0.0001
1683072000009,5.163e-05
1683100800003,8.8e-05
1683129600011,2.909e-05
1683158400000,0.0001
1683187200000,0.0001
1683216000011,0.0001
1683244800002,0.0001
1683273600000,0.0001
1683302400000,0.0001
1683331200009,0.0001
1683360000000,0.0001
1683388800000,0.0001
1683417600000,0.0001
1683446400000,0.0001
1683475200006,0.0001
1683504000000,0.0001
1683532800007,4.861e-05
1683561600015,7.661e-05
1683590400015,-5.06e-06
1683619200000,9.3e-07
1683648000000,-0.00012974
1683676800007,-3.163e-05
1683705600003,-4.545e-05
1683734400000,4.013e-05
1683763200011,0.0001
1683792000000,0.0001
1683820800005,-2.354e-05
1683849600020,8.243e-05
1683878400001,0.0001
1683907200010,1.936e-05
1683936000000,5.726e-05
1683964800000,0.0001
1683993600026,2.514e-05
1684022400029,0.0001
1684051200010,0.0001
1684080000008,0.0001
1684108800006,0.0001
1684137600005,3.279e-05
1684166400008,4.92e-05
1684195200021,-4e-08
1684224000000,5.527e-05
1684252800000,7.841e-05
1684281600010,-2.946e-05
1684310400000,-0.00020813
1684339200001,2.292e-05
1684368000000,1.219e-05
1684396800026,5.134e-05
1684425600019,5.167e-05
1684454400000,7.964e-05
1684483200002,9.757e-05
1684512000000,0.0001
1684540800005,9.67e-05
1684569600014,5.497e-05
1684598400020,0.0001
1684627200014,0.0001
1684656000001,9.324e-05
1684684800015,0.0001
1684713600028,0.0001
1684742400000,0.0001
1684771200012,0.0001
1684800000006,0.0001
1684828800014,0.0001
1684857600008,0.0001
1684886400000,0.0001
1684915200025,9.556e-05
1684944000008,0.0001
1684972800000,9.104e-05
1685001600025,2.091e-05
1685030400016,3.915e-05
1685059200000,0.0001
1685088000024,0.0001
1685116800012,0.0001
1685145600012,0.0001
1685174400018,0.0001
1685203200008,0.0001
1685232000017,0.0001
1685260800015,0.0001
1685289600000,0.0001
1685318400000,0.0001
1685347200020,0.0001
1685376000011,0.0001
1685404800003,0.0001
1685433600000,0.0001
1685462400003,0.0001
1685491200013,0.0001
1685520000000,0.0001
1685548800000,0.0001
1685577600008,0.0001
1685606400012,0.0001
1685635200000,0.0001
1685664000000,0.0001
1685692800006,0.0001
1685721600012,0.0001
1685750400000,0.0001
1685779200011,0.0001
1685808000003,0.0001
1685836800000,0.0001
1685865600000,0.0001
1685894400000,0.0001
1685923200005,0.0001
1685952000000,0.0001
1685980800000,0.0001
1686009600000,9.604e-05
1686038400009,5.957e-05
1686067200013,0.0001
1686096000000,0.0001
1686124800016,0.0001
1686153600000,-7e-06
1686182400006,0.0001
1686211200000,0.0001
1686240000000,8.836e-05
1686268800000,8.956e-05
1686297600000,0.0001
1686326400000,0.0001
1686355200000,0.0001
1686384000000,-0.00012931
1686412800000,-0.00020531
1686441600001,-0.00018467
1686470400000,-0.00027129
1686499200000,-0.00025835
1686528000000,-0.00019085
1686556800000,7.8e-07
1686585600001,4.051e-05
1686614400000,0.0001
1686643200000,7.331e-05
1686672000000,7.743e-05
1686700800000,5.592e-05
1686729600000,-3.52e-06
1686758400000,6.22e-06
1686787200000,0.0001
1686816000000,5.197e-05
1686844800000,7.801e-05
1686873600000,4.853e-05
1686902400000,5.571e-05
1686931200000,4.566e-05
1686960000000,6.901e-05
1686988800000,3.562e-05
1687017600000,0.0001
1687046400000,3.017e-05
1687075200000,8.694e-05
1687104000000,5.932e-05
1687132800000,-7.36e-06
1687161600000,-2.62e-06
1687190400000,-1.895e-05
1687219200001,8.615e-05
1687248000000,2.631e-05
1687276800000,-5.983e-05
1687305600000,0.0001
1687334400000,0.0001
1687363200000,0.0001
1687392000000,0.0001
1687420800001,0.0001
1687449600000,0.0001
1687478400000,0.0001
1687507200000,0.0001
1687536000000,0.0001
1687564800000,0.0001
1687593600000,5.393e-05
1687622400000,8.687e-05
1687651200000,-3.95e-06
1687680000000,3.305e-05
1687708800000,4.785e-05
1687737600000,2.353e-05
1687766400000,7.102e-05
1687795200000,0.0001
1687824000000,0.0001
1687852800000,0.0001
1687881600000,0.0001
1687910400000,0.0001
1687939200000,2.736e-05
1687968000000,4.197e-05
1687996800000,-8.566e-05
1688025600000,-7.242e-05
1688054400000,-3.277e-05
1688083200000,3.517e-05
1688112000000,0.0001
1688140800001,0.0001
1688169600000,0.0001
1688198400000,0.0001
1688227200000,0.0001
1688256000000,2.336e-05
1688284800000,0.0001
1688313600001,7.922e-05
1688342400000,0.0001
1688371200000,0.0001
1688400000000,0.0001
1688428800001,0.0001
1688457600000,0.0001
1688486400000,0.0001
1688515200000,0.0001
1688544000000,0.0001
1688572800000,5.232e-05
1688601600000,0.0001
1688630400000,0.0001
1688659200000,4.907e-05
1688688000000,1.476e-05
1688716800000,9.974e-05
1688745600000,7.33e-05
1688774400000,0.0001
1688803200000,0.0001
1688832000000,0.0001
1688860800000,0.0001
1688889600000,0.0001
1688918400000,0.0001
1688947200000,9.985e-05
1688976000000,8.82e-06
1689004800000,5.034e-05
1689033600000,0.0001
1689062400000,0.0001
1689091200000,0.0001
1689120000000,0.0001
1689148800000,0.0001
1689177600000,0.0001
1689206400000,0.0001
1689235200000,0.0001
1689264000000,7.62e-05
1689292800000,0.0001
1689321600000,0.0001
1689350400000,0.0001
1689379200000,0.0001
1689408000000,0.0001
1689436800000,0.0001
1689465600001,0.0001
1689494400000,0.0001
1689523200000,0.0001
1689552000000,0.0001
1689580800000,0.0001
1689609600000,0.0001
1689638400000,0.0001
1689667200000,0.0001
1689696000000,0.0001
1689724800000,0.0001
1689753600000,0.0001
1689782400001,0.0001
1689811200000,9.625e-05
1689840000000,0.0001
1689868800000,0.0001
1689897600001,0.0001
1689926400000,0.0001
1689955200000,0.0001
1689984000000,0.0001
1690012800000,0.0001
1690041600000,0.0001
1690070400000,0.0001
1690099200000,0.0001
1690128000000,9.114e-05
1690156800000,0.0001
1690185600000,9.025e-05
1690214400000,8.559e-05
1690243200000,9.406e-05
1690272000000,1.527e-05
1690300800000,-0.00010097
1690329600000,3.607e-05
1690358400001,7.887e-05
1690387200000,0.0001
1690416000000,9.69e-05
1690444800000,8.532e-05
1690473600001,0.0001
1690502400000,-1.12e-06
1690531200000,1.422e-05
1690560000000,0.0001
1690588800000,0.0001
1690617600000,0.0001
1690646400001,0.0001
1690675200000,0.0001
1690704000000,9.33e-05
1690732800000,0.0001
1690761600000,3.366e-05
1690790400000,4.304e-05
1690819200001,4.545e-05
1690848000000,-7.063e-05
1690876800000,4.14e-06
1690905600000,6.139e-05
1690934400000,5.148e-05
1690963200000,-0.0001497
1690992000000,-0.00013498
1691020800000,-7.38e-05
1691049600000,5.344e-05
1691078400001,8.969e-05
1691107200000,-0.0001223
1691136000000,0.0001
1691164800000,6.958e-05
1691193600000,-6.425e-05
1691222400000,0.0001
1691251200001,0.0001
1691280000000,4.566e-05
1691308800001,0.0001
1691337600005,0.0001
1691366400000,0.0001
1691395200000,0.0001
1691424000000,0.0001
1691452800000,1.587e-05
1691481600000,0.0001
1691510400000,0.0001
1691539200000,0.0001
1691568000000,0.0001
1691596800000,0.0001
1691625600001,0.0001
1691654400000,0.0001
1691683200000,0.0001
1691712000000,0.0001
1691740800000,0.0001
1691769600000,0.0001
1691798400000,0.0001
1691827200000,0.0001
1691856000000,0.0001
1691884800000,0.0001
1691913600000,0.0001
1691942400000,0.0001
1691971200001,0.0001
1692000000000,0.0001
1692028800000,8.85e-06
1692057600001,0.0001
1692086400000,0.0001
1692115200000,0.0001
1692144000000,-8.639e-05
1692172800001,5.143e-05
1692201600000,3.51e-06
1692230400000,-2.381e-05
1692259200000,0.0001
1692288000000,5.214e-05
1692316800000,-0.00014236
1692345600000,-0.00010222
1692374400000,-2.369e-05
1692403200000,-7.721e-05
1692432000000,-3.096e-05
1692460800000,-6.038e-05
1692489600000,-0.00014567
1692518400000,3.967e-05
1692547200000,-0.00014495
1692576000000,-1.14e-06
1692604800000,-2.38e-05
1692633600000,2.1e-06
1692662400000,0.0001
1692691200000,0.0001
1692720000000,5.897e-05
1692748800000,0.0001
1692777600000,0.0001
1692806400000,5.941e-05
1692835200000,9.275e-05
1692864000000,9.343e-05
1692892800000,2.827e-05
1692921600000,9.077e-05
1692950400000,0.0001
1692979200000,7.055e-05
1693008000000,0.0001
1693036800000,0.0001
1693065600000,0.0001
1693094400000,-7.258e-05
1693123200000,-9.44e-05
1693152000000,-5.221e-05
1693180800000,-7.829e-05
1693209600001,2.789e-05
1693238400001,0.0001
1693267200000,7.474e-05
1693296000000,-1.129e-05
1693324800000,-0.00018094
1693353600000,0.0001
1693382400000,0.0001
1693411200000,0.0001
1693440000000,0.0001
1693468800000,0.0001
1693497600000,0.0001
1693526400000,-4.7e-07
1693555200000,6.969e-05
1693584000001,1.316e-05
1693612800000,0.0001
1693641600000,-2.796e-05
1693670400000,8.016e-05
1693699200000,1.926e-05
1693728000000,-8.6e-06
1693756800000,0.0001
1693785600000,7.732e-05
1693814400000,5.09e-05
1693843200000,-1.775e-05
1693872000000,3.034e-05
1693900800000,0.0001
1693929600000,0.0001
1693958400000,1.307e-05
1693987200000,-0.00021959
1694016000001,-7.2e-06
1694044800000,0.0001
1694073600000,8.502e-05
1694102400000,0.0001
1694131200000,0.0001
1694160000000,8.076e-05
1694188800000,1.438e-05
1694217600000,6.966e-05
1694246400000,-1.303e-05
1694275200000,2.654e-05
1694304000000,-6.573e-05
1694332800000,-5.329e-05
1694361600000,-9.922e-05
1694390400000,-0.0001256
1694419200000,-0.0001258
1694448000001,-4.269e-05
1694476800000,-0.0001829
1694505600000,-3.79e-05
1694534400000,-5.583e-05
1694563200000,2.414e-05
1694592000000,5.714e-05
1694620800000,5.581e-05
1694649600000,8.6e-06
1694678400001,3.142e-05
1694707200000,-0.00015498
1694736000000,-4.497e-05
1694764800000,-8.466e-05
1694793600000,0.0001
1694822400000,0.0001
1694851200000,0.0001
1694880000000,8.493e-05
1694908800000,0.0001
1694937600000,8.036e-05
1694966400000,2.695e-05
1694995200000,7.135e-05
1695024000000,-1.034e-05
1695052800000,-4.492e-05
1695081600000,-2.231e-05
1695110400001,4.137e-05
1695139200000,0.0001
1695168000000,6.582e-05
1695196800000,0.0001
1695225600000,0.0001
1695254400001,0.0001
1695283200000,8.22e-05
1695312000000,0.0001
1695340800000,0.0001
1695369600000,0.0001
1695398400000,0.0001
1695427200000,7.118e-05
1695456000000,6.867e-05
1695484800000,4.092e-05
1695513600000,-3.179e-05
1695542400000,1.52e-06
1695571200000,-3.333e-05
1695600000000,-0.00013219
1695628800000,-3.264e-05
1695657600000,0.0001
1695686400000,8.02e-06
1695715200000,5.698e-05
1695744000000,3.77e-05
1695772800000,6.027e-05
1695801600001,0.0001
1695830400000,6.701e-05
1695859200000,0.0001
1695888000000,-0.0003101
1695916800000,0.0001
1695945600000,3.726e-05
1695974400000,0.0001
1696003200000,0.0001
1696032000000,4.134e-05
1696060800000,0.0001
1696089600000,5.083e-05
1696118400000,0.0001
1696147200000,0.0001
1696176000000,0.0001
1696204800000,0.0001
1696233600000,0.0001
1696262400000,0.0001
1696291200000,0.0001
1696320000000,0.0001
1696348800000,4.904e-05
1696377600000,-5.82e-06
1696406400000,7.76e-06
1696435200000,-3.316e-05
1696464000000,-9.334e-05
1696492800000,-2.466e-05
1696521600001,2.601e-05
1696550400000,1.487e-05
1696579200000,6.861e-05
1696608000000,5.628e-05
1696636800000,1.306e-05
1696665600000,-1.272e-05
1696694400000,0.0001
1696723200000,0.0001
1696752000001,6.583e-05
1696780800000,0.0001
1696809600000,3.421e-05
1696838400000,0.0001
1696867200000,-0.0001015
1696896000000,-0.00014855
1696924800000,-0.0001542
1696953600000,-7.319e-05
1696982400000,-6.134e-05
1697011200000,0.0001
1697040000000,-4.422e-05
1697068800000,7.992e-05
1697097600000,0.0001
1697126400000,0.0001
1697155200000,9.376e-05
1697184000000,2.059e-05
1697212800000,0.0001
1697241600000,-0.00015887
1697270400000,-0.00015909
1697299200000,-0.00014998
1697328000000,-0.00016834
1697356800000,7.4e-06
1697385600000,7.043e-05
1697414400000,2.497e-05
1697443200000,9.201e-05
1697472000000,5.07e-05
1697500800000,8.4e-07
1697529600000,-8.629e-05
1697558400000,5.553e-05
1697587200000,0.0001
1697616000000,6.783e-05
1697644800000,6.132e-05
1697673600000,-1.224e-05
1697702400001,6.895e-05
1697731200000,2.511e-05
1697760000000,-4.17e-06
1697788800005,-0.00011647
1697817600000,0.0001
1697846400000,0.0001
1697875200000,9.317e-05
1697904000000,0.0001
1697932800000,0.0001
1697961600000,0.0001
1697990400000,0.0001
1698019200000,8.67e-05
1698048000001,-0.00010582
1698076800001,0.0001
1698105600000,0.0001
1698134400000,0.0001
1698163200000,0.0001
1698192000000,0.0001
1698220800000,0.0001
1698249600001,0.0001
1698278400001,0.0001
1698307200000,0.0001
1698336000000,0.0001
1698364800000,0.0001
1698393600000,0.0001
1698422400000,0.0001
1698451200000,0.0001
1698480000001,0.0001
1698508800000,0.0001
1698537600000,0.0001
1698566400000,0.0001
1698595200000,0.0001
1698624000000,0.0001
1698652800000,0.0001
1698681600000,0.0001
1698710400001,0.0001
1698739200000,0.0001
1698768000000,0.0001
1698796800000,0.0001
1698825600000,0.0001
1698854400000,0.0001
1698883200001,0.0001
1698912000000,0.0001
1698940800000,0.0001
1698969600000,0.0001
1698998400000,0.0001
1699027200000,0.0001
1699056000000,0.0001
1699084800000,0.0001
1699113600000,0.0001
1699142400000,0.0001
1699171200000,0.0001
1699200000000,0.0001
1699228800000,0.0001
1699257600001,0.0001
1699286400000,0.0001
1699315200001,0.0001
1699344000000,0.0001
1699372800000,0.0001
1699401600000,0.0001
1699430400000,0.0001
1699459200000,0.0001
1699488000000,0.0001
1699516800000,0.00013642
1699545600000,0.00031159
1699574400000,0.0001
1699603200000,0.0001
1699632000000,0.0001
1699660800000,0.0001
1699689600000,0.0001
1699718400000,0.00043946
1699747200000,0.0003177
1699776000000,0.00010814
1699804800001,0.0001
1699833600000,0.0001905
1699862400000,0.0001
1699891200000,0.00015482
1699920000000,0.0001
1699948800000,0.0001
1699977600001,0.0001
1700006400000,0.0001
1700035200000,0.0001
1700064000000,0.0001
1700092800000,0.00012113
1700121600000,0.00019623
1700150400001,0.00014364
1700179200000,0.0001
1700208000001,0.0001
1700236800001,0.0001
1700265600000,0.0001
1700294400000,0.0001
1700323200000,0.0001
1700352000000,0.0001
1700380800000,0.0001
1700409600000,0.0001
1700438400000,0.0001
1700467200000,0.0001
1700496000000,0.0001
1700524800000,0.0001
1700553600000,0.0001
1700582400000,0.0001
1700611200000,0.0001
1700640000000,0.0001
1700668800000,0.0001
1700697600000,0.0001
1700726400000,0.0001
1700755200001,0.0001
1700784000000,0.0001
1700812800000,0.0001
1700841600000,0.0001
1700870400000,0.0001
1700899200000,0.0001
1700928000000,0.0001
1700956800000,0.0001
1700985600000,0.0001
1701014400000,0.0001
1701043200000,0.0001
1701072000001,0.0001
1701100800000,0.0001
1701129600000,0.0001
1701158400000,0.0001
1701187200000,0.0001
1701216000001,0.0001
1701244800000,0.0001
1701273600000,0.0001
1701302400000,0.0001
1701331200000,0.0001
1701360000000,0.0001
1701388800000,0.0001
1701417600000,0.0001
1701446400000,0.0001
1701475200000,0.0001
1701504000000,0.0001
1701532800000,0.0001
1701561600000,0.00025183
1701590400000,0.00012639
1701619200000,0.00024627
1701648000000,0.00019302
1701676800000,0.00052188
1701705600000,0.0001
1701734400000,0.0001
1701763200000,0.00027348
1701792000000,0.0001
1701820800000,0.00022543
1701849600000,0.00021359
1701878400000,0.00013634
1701907200000,0.0001
1701936000000,0.0001
1701964800000,0.00014885
1701993600000,0.00038252
1702022400000,0.00028475
1702051200000,0.00028554
1702080000000,0.00039387
1702108800000,0.00054685
1702137600000,0.00032033
1702166400000,0.00022378
1702195200000,0.00024987
1702224000000,0.0001
1702252800000,0.0001
1702281600000,0.0001
1702310400000,0.0001
1702339200000,0.0001
1702368000000,0.0001
1702396800000,0.0001
1702425600000,0.00020523
1702454400000,0.0001
1702483200001,0.0001
1702512000000,0.0001
1702540800000,0.00010037
1702569600000,0.00019637
1702598400000,0.00026278
1702627200000,0.00046953
1702656000000,0.00027794
1702684800000,0.0001
1702713600000,0.0001
1702742400001,0.0001
1702771200000,0.0001
1702800000000,0.0001532
1702828800000,0.0001
1702857600000,0.0001
1702886400001,0.0001
1702915200000,0.0001
1702944000000,0.0001
1702972800000,0.0001
1703001600000,0.0001
1703030400000,0.0001
1703059200000,0.00015446
1703088000000,0.00018804
1703116800000,0.00023759
1703145600000,0.0001
1703174400000,0.00017438
1703203200000,0.00025189
1703232000000,0.00025036
1703260800000,0.00034045
1703289600000,0.00041195
1703318400001,0.00032504
1703347200000,0.00036238
1703376000000,0.00046358
1703404800000,0.00039668
1703433600000,0.00043577
1703462400000,0.00032063
1703491200000,0.00013947
1703520000000,0.0001
1703548800000,0.0001024
1703577600000,0.0001
1703606400000,0.00021281
1703635200000,0.0001
1703664000000,0.00017449
1703692800000,0.0002903
1703721600000,0.00036135
1703750400000,0.00040552
1703779200000,0.00014641
1703808000001,0.00015278
1703836800000,0.00041893
1703865600000,0.00044736
1703894400001,0.00019169
1703923200000,0.0001
1703952000000,0.00029781
1703980800000,0.00010798
1704009600001,0.00030427
1704038400000,0.00015215
1704067200000,0.00018417
1704096000000,0.00016764
1704124800000,0.00033577
1704153600000,0.00035975
1704182400000,0.00038418
1704211200000,0.00059492
1704240000000,0.00033334
1704268800000,0.00041013
1704297600000,0.0001
1704326400000,0.0001
1704355200000,0.0001
1704384000000,0.0001
1704412800001,6.374e-05
1704441600000,0.0001
1704470400000,0.0001
1704499200000,0.0001
1704528000000,0.0001
1704556800000,0.0001
1704585600000,0.0001
1704614400001,0.0001
1704643200001,0.0001
1704672000000,0.0001
1704700800000,0.0001
1704729600000,4.364e-05
1704758400001,0.0001
1704787200000,0.0001
1704816000000,0.0001
1704844800000,0.0001
1704873600000,0.0001
1704902400000,0.0001
1704931200000,0.0001
1704960000000,0.0001
1704988800000,0.0001
1705017600001,0.0001
1705046400000,0.0001
1705075200000,0.0001
1705104000000,0.0001
1705132800000,0.0001
1705161600001,0.0001
1705190400000,0.0001
1705219200000,0.0001
1705248000001,0.0001
1705276800000,0.0001
1705305600000,0.0001
1705334400000,0.0001
1705363200000,0.0001
1705392000000,0.0001
1705420800001,0.0001
1705449600000,0.0001
1705478400000,0.0001
1705507200000,0.0001
1705536000001,0.0001
1705564800000,0.0001
1705593600000,0.0001
1705622400000,0.0001
1705651200000,0.0001
1705680000002,0.0001
1705708800000,0.0001
1705737600003,0.0001
1705766400000,0.0001
1705795200000,0.0001
1705824000000,0.0001
1705852800000,0.0001
1705881600000,0.0001
1705910400000,0.0001
1705939200000,0.0001
1705968000000,0.0001
1705996800000,0.0001
1706025600000,0.0001
1706054400000,-0.00012943
1706083200000,1.193e-05
1706112000000,0.0001
1706140800000,0.0001
1706169600001,0.0001
1706198400000,0.0001
1706227200001,0.0001
1706256000000,0.0001
1706284800000,0.0001
1706313600000,0.0001
1706342400000,0.0001
1706371200000,0.0001
1706400000000,0.0001
1706428800000,0.0001
1706457600000,0.0001
1706486400000,0.0001
1706515200001,0.0001
1706544000000,0.0001
1706572800000,0.0001
1706601600000,0.0001
1706630400001,0.0001
1706659200000,0.0001
1706688000000,0.0001
1706716800000,0.0001
1706745600000,0.0001
1706774400000,0.0001
1706803200002,0.0001
1706832000000,0.0001
1706860800000,0.0001
1706889600000,0.0001
1706918400000,0.0001
1706947200000,0.0001
1706976000001,0.0001
1707004800000,0.0001
1707033600004,0.0001
1707062400000,0.0001
1707091200000,0.0001
1707120000000,0.0001
1707148800000,0.0001
1707177600000,0.0001
1707206400001,0.0001
1707235200000,0.0001
1707264000000,0.0001
1707292800000,0.0001
1707321600000,0.0001
1707350400000,0.0001
1707379200000,0.0001
1707408000000,0.0001
1707436800000,0.0001
1707465600000,0.0001
1707494400001,0.0001
1707523200001,0.0001
1707552000000,0.0001
1707580800000,0.0001
1707609600000,0.0001
1707638400001,0.0001
1707667200000,0.0001
1707696000000,0.0001
1707724800000,0.0001
1707753600000,0.0001
1707782400000,0.0001
1707811200000,0.0001
1707840000000,0.0001
1707868800000,0.0001
1707897600000,0.0001
1707926400000,0.000248
1707955200000,0.00026701
1707984000000,0.00043875
1708012800000,0.00041203
1708041600000,0.00043077
1708070400000,0.0003605
1708099200000,0.00025303
1708128000000,0.00018413
1708156800000,0.00020567
1708185600000,0.0001
1708214400000,0.0001
1708243200000,0.0001
1708272000000,0.00027456
1708300800000,0.00022015
1708329600000,0.00029375
1708358400000,0.0001328
1708387200000,0.0004688
1708416000000,0.00041529
1708444800000,0.0001711
1708473600000,0.0001
1708502400000,0.0001
1708531200000,0.0001
1708560000001,0.0001
1708588800001,0.00014548
1708617600000,0.00021772
1708646400000,0.00022294
1708675200000,0.00027818
1708704000000,0.0002992
1708732800000,0.00021472
1708761600001,0.00036187
1708790400000,0.00027804
1708819200001,0.00022629
1708848000000,0.00030301
1708876800000,0.00032741
1708905600000,0.00040814
1708934400000,0.00038245
1708963200000,0.00025003
1708992000000,0.00030211
1709020800000,0.00055677
1709049600000,0.00039322
1709078400000,0.00025046
1709107200000,0.00010287
1709136000000,0.00056992
1709164800000,0.00030003
1709193600000,0.00058239
1709222400000,0.00062726
1709251200000,0.00048926
1709280000000,0.00027332
1709308800000,0.00035639
1709337600000,0.0004993
1709366400001,0.0007902
1709395200000,0.0005475
1709424000000,0.00045053
1709452800000,0.00069215
1709481600000,0.00043174
1709510400000,0.00037821
1709539200000,0.00062446
1709568000000,0.00063284
1709596800000,0.00049328
1709625600000,0.001366
1709654400000,0.00099585
1709683200000,0.0001
1709712000001,0.0001
1709740800000,0.00016533
1709769600000,0.00025692
1709798400000,0.00040542
1709827200000,0.0004159
1709856000000,0.00056926
1709884800000,0.0004872
1709913600000,0.00048207
1709942400000,0.00061043
1709971200001,0.00064555
1710000000000,0.00071333
1710028800000,0.00079843
1710057600000,0.00053555
1710086400000,0.00042215
1710115200000,0.00045825
1710144000000,0.00043542
1710172800000,0.00057263
1710201600000,0.00069087
1710230400000,0.0005716
1710259200000,0.00036269
1710288000000,0.00055145
1710316800001,0.00067579
1710345600000,0.00058361
1710374400001,0.00038699
1710403200000,0.00071687
1710432000000,0.00048765
1710460800000,0.00060033
1710489600000,0.00017979
1710518400000,0.00012242
1710547200000,0.00022735
1710576000000,0.000205
1710604800000,0.00016275
1710633600000,0.0001
1710662400000,0.00016393
1710691200000,0.00017027
1710720000000,0.0001
1710748800000,0.0001
1710777600001,0.00015223
1710806400000,0.0001
1710835200000,0.00013535
1710864000001,0.0001
1710892800000,0.00010308
1710921600004,0.0001
1710950400000,0.0001
1710979200000,0.0001
1711008000000,0.0001
1711036800000,0.0001
1711065600000,0.0001
1711094400000,0.0001
1711123200000,0.0001
1711152000000,0.0001
1711180800000,0.0001
1711209600000,0.0001
1711238400000,0.00010145
1711267200000,0.00016242
1711296000000,0.00022469
1711324800000,0.0001
1711353600001,0.00010306
1711382400000,0.0001
1711411200000,0.00016961
1711440000000,0.0001
1711468800000,0.00028319
1711497600000,0.0002174
1711526400001,0.00031284
1711555200000,0.00031691
1711584000000,0.00042656
1711612800000,0.00040772
1711641600000,0.00042792
1711670400000,0.00038041
1711699200000,0.00048113
1711728000000,0.00044426
1711756800000,0.00051217
1711785600000,0.00041809
1711814400000,0.0005095
1711843200000,0.0003607
1711872000000,0.00052495
1711900800001,0.0005724
1711929600000,0.00058453
1711958400000,0.00050765
1711987200000,0.00027357
1712016000007,0.00021599
1712044800015,0.0001
1712073600000,0.0001
1712102400000,0.0001
1712131200000,0.0001
1712160000000,0.0001
1712188800000,0.0001
1712217600000,0.0001
1712246400000,0.0001
1712275200000,0.0001
1712304000000,0.0001
1712332800000,0.0001
1712361600000,0.0001
1712390400000,0.0001
1712419200000,0.0001
1712448000000,0.0001
1712476800000,0.0001
1712505600000,0.0001
1712534400001,0.0001644
1712563200000,0.00013302
1712592000006,0.0002447
1712620800000,0.0001
1712649600001,0.0001
1712678400001,0.0001
1712707200000,0.0001
1712736000001,0.0001
1712764800000,0.0001
1712793600000,0.0001
1712822400000,0.00014588
1712851200000,0.0001
1712880000000,0.0001
1712908800001,0.00019533
1712937600000,0.00012783
1712966400000,0.0001
1712995200000,0.0001
1713024000001,0.0001
1713052800000,-7.165e-05
1713081600000,-7.32e-06
1713110400000,2.245e-05
1713139200000,-0.00017762
1713168000001,-9.092e-05
1713196800000,7.879e-05
1713225600001,0.0001
1713254400000,-6.7e-07
1713283200000,4.268e-05
1713312000000,0.0001
1713340800000,-4.9e-06
1713369600000,-2.97e-06
1713398400000,0.0001
1713427200000,8.42e-05
1713456000000,1.564e-05
1713484800001,1.195e-05
1713513600000,-8.094e-05
1713542400000,0.0001
1713571200000,0.0001
1713600000000,-6.357e-05
1713628800000,8.149e-05
1713657600000,0.0001
1713686400000,-9.66e-05
1713715200000,7.649e-05
1713744000000,7.724e-05
1713772800000,4.283e-05
1713801600000,5.244e-05
1713830400000,-6.113e-05
1713859200000,7.16e-05
1713888000001,8.433e-05
1713916800000,-4.69e-06
1713945600000,-0.00017189
1713974400000,6.503e-05
1714003200000,0.0001
1714032000000,1.278e-05
1714060800010,8.138e-05
1714089600001,-7.78e-06
1714118400000,8.166e-05
1714147200000,0.0001
1714176000000,0.0001
1714204800001,7.464e-05
1714233600000,0.0001
1714262400000,6.481e-05
1714291200000,-1.654e-05
1714320000000,7.013e-05
1714348800000,-5.154e-05
1714377600000,-8.036e-05
1714406400000,0.0001
1714435200000,6.375e-05
1714464000000,3.499e-05
1714492800000,-8.397e-05
1714521600000,-5.19e-05
1714550400000,0.0001
1714579200000,0.0001
1714608000000,0.0001
1714636800000,0.0001
1714665600002,6.088e-05
1714694400000,7.987e-05
1714723200000,6.176e-05
1714752000000,5.827e-05
1714780800000,7.036e-05
1714809600000,9.394e-05
1714838400000,0.0001
1714867200000,6.548e-05
1714896000000,8.062e-05
1714924800000,0.0001
1714953600000,0.0001
1714982400000,5.795e-05
1715011200000,0.0001
1715040000000,0.0001
1715068800000,0.0001
1715097600000,9.88e-05
1715126400000,4.444e-05
1715155200000,0.0001
1715184000000,0.0001
1715212800000,0.0001
1715241600000,0.0001
1715270400000,0.0001
1715299200000,8.621e-05
1715328000000,0.0001
1715356800000,0.0001
1715385600000,-5.527e-05
1715414400000,-0.00010496
1715443200000,0.0001
1715472000000,3.978e-05
1715500800000,-0.00016629
1715529600000,-5.849e-05
1715558400001,2.297e-05
1715587200001,1.158e-05
1715616000000,5.662e-05
1715644800000,7.142e-05
1715673600000,8.854e-05
1715702400000,0.0001
1715731200000,4.556e-05
1715760000000,-1.516e-05
1715788800000,9.29e-05
1715817600004,0.0001
1715846400000,0.0001
1715875200000,0.0001
1715904000000,0.0001
1715932800000,0.0001
1715961600000,0.0001
1715990400000,0.0001
1716019200000,8.313e-05
1716048000000,0.0001
1716076800000,0.0001
1716105600000,7.419e-05
1716134400000,0.0001
1716163200000,-7.121e-05
1716192000000,-0.00037335
1716220800003,-0.00021442
1716249600000,0.0001
1716278400001,0.0001
1716307200000,0.0001
1716336000000,0.0001
1716364800000,0.0001
1716393600000,0.0001
1716422400000,0.0001
1716451200000,0.0001
1716480000000,0.0001
1716508800000,0.0001
1716537600000,0.0001
1716566400000,0.0001
1716595200000,0.0001
1716624000000,0.0001
1716652800000,0.0001
1716681600000,0.0001
1716710400000,0.0001
1716739200000,0.0001
1716768000000,0.0001
1716796800000,0.0001
1716825600000,0.0001
1716854400000,0.0001
1716883200000,0.0001
1716912000000,0.0001
1716940800001,0.0001
1716969600000,0.0001
1716998400000,0.0001
1717027200000,0.0001
1717056000000,0.0001
1717084800000,0.0001
1717113600000,0.0001
1717142400000,0.0001
1717171200000,0.0001
1717200000000,0.0001
1717228800000,0.0001
1717257600001,0.0001
1717286400000,0.0001
1717315200000,0.0001
1717344000000,0.0001
1717372800000,0.0001
1717401600000,0.0001
1717430400000,0.0001
1717459200000,0.0001
1717488000000,0.0001
1717516800000,0.0001
1717545600000,0.0001
1717574400000,0.0001
1717603200000,0.0001
1717632000000,0.00011329
1717660800008,0.0001
1717689600000,0.0001
1717718400000,0.0001
1717747200000,0.0001
1717776000000,0.0001
1717804800000,0.0001
1717833600000,0.0001
1717862400000,0.0001
1717891200000,9.972e-05
1717920000000,0.0001
1717948800001,0.0001
1717977600000,0.0001
1718006400000,0.0001
1718035200001,0.0001
1718064000001,0.0001
1718092800000,0.0001
1718121600000,0.0001
1718150400000,0.0001
1718179200000,0.0001
1718208000000,0.0001
1718236800000,0.0001
1718265600001,0.0001
1718294400000,0.0001
1718323200000,0.0001
1718352000000,0.0001
1718380800000,0.0001
1718409600000,0.0001
1718438400000,0.0001
1718467200000,0.0001
1718496000001,0.0001
1718524800000,0.0001
1718553600000,0.0001
1718582400000,0.0001
1718611200000,9.654e-05
1718640000000,1.477e-05
1718668800000,-3.75e-05
1718697600000,-2.238e-05
1718726400000,5.431e-05
1718755200001,-0.00013344
1718784000001,8.868e-05
1718812800000,0.0001
1718841600000,-4.777e-05
1718870400000,2.205e-05
1718899200000,0.0001
1718928000000,3.496e-05
1718956800000,0.0001
1718985600000,0.0001
1719014400000,0.0001
1719043200000,0.0001
1719072000000,0.0001
1719100800000,0.0001
1719129600000,1.8e-07
1719158400000,-5.41e-05
1719187200002,0.0001
1719216000000,7.957e-05
1719244800000,6.278e-05
1719273600000,0.0001
1719302400000,0.0001
1719331200000,0.0001
1719360000002,0.0001
1719388800000,0.0001
1719417600000,0.0001
1719446400000,0.0001
1719475200001,0.0001
1719504000000,0.0001
1719532800000,0.0001
1719561600000,0.0001
1719590400000,0.0001
1719619200001,0.0001
1719648000000,0.0001
1719676800000,3.211e-05
1719705600000,-1.324e-05
1719734400000,0.0001
1719763200000,-9.892e-05
1719792000000,5.572e-05
1719820800000,2.963e-05
1719849600001,0.0001
1719878400000,7.871e-05
1719907200000,0.0001
1719936000000,0.0001
1719964800000,0.0001
1719993600001,0.0001
1720022400000,0.0001
1720051200000,0.0001
1720080000000,0.0001
1720108800000,-5.935e-05
1720137600000,-0.00018675
1720166400000,-0.00023153
1720195200000,-0.00017511
1720224000000,-0.00016211
1720252800000,3.68e-05
1720281600000,8e-07
1720310400001,7.197e-05
1720339200000,0.0001
1720368000000,4.711e-05
1720396800000,6.45e-06
1720425600000,-4.331e-05
1720454400000,7.207e-05
1720483200000,7.717e-05
1720512000001,0.0001
1720540800000,0.0001
1720569600000,0.0001
1720598400000,5.824e-05
1720627200000,0.0001
1720656000002,0.0001
1720684800002,0.0001
1720713600004,-1.275e-05
1720742400000,0.0001
1720771200000,0.0001
1720800000000,0.0001
1720828800000,0.0001
1720857600000,0.0001
1720886400000,0.0001
1720915200000,7.807e-05
1720944000000,-5.977e-05
1720972800000,0.0001
1721001600000,0.0001
1721030400000,3.582e-05
1721059200000,-2.87e-05
1721088000000,8.122e-05
1721116800000,0.0001
1721145600000,6.337e-05
1721174400000,0.0001
1721203200001,0.0001
1721232000000,3.207e-05
1721260800000,0.0001
1721289600000,0.0001
1721318400000,8.737e-05
1721347200000,-0.00018043
1721376000000,7.746e-05
1721404800000,0.0001
1721433600001,0.0001
1721462400000,0.0001
1721491200000,0.0001
1721520000000,8.113e-05
1721548800000,0.0001
1721577600000,6.834e-05
1721606400000,0.0001
1721635200000,3.099e-05
1721664000000,-3.43e-05
1721692800000,3.37e-05
1721721600000,9.133e-05
1721750400000,0.0001
1721779200000,7.57e-06
1721808000000,0.0001
1721836800000,0.0001
1721865600000,0.0001
1721894400000,0.0001
1721923200000,6.369e-05
1721952000000,0.0001
1721980800000,0.0001
1722009600000,0.0001
1722038400000,0.0001
1722067200000,0.0001
1722096000000,0.0001
1722124800000,0.0001
1722153600000,0.0001
1722182400001,0.0001
1722211200001,0.0001
1722240000000,4.83e-05
1722268800001,9.507e-05
1722297600000,8.765e-05
1722326400001,0.0001
1722355200000,0.0001
1722384000000,9.944e-05
1722412800000,0.0001
1722441600000,0.0001
1722470400000,8.13e-06
1722499200000,8.252e-05
1722528000000,1.571e-05
1722556800000,5.757e-05
1722585600001,7.828e-05
1722614400000,9.153e-05
1722643200000,8.435e-05
1722672000000,3.465e-05
1722700800001,-5.399e-05
1722729600000,-4.833e-05
1722758400000,-1.862e-05
1722787200000,-9.714e-05
1722816000000,-0.00012885
1722844800000,-8.087e-05
1722873600000,-4.062e-05
1722902400000,-1.97e-05
1722931200000,-0.00015347
1722960000000,-7.793e-05
1722988800000,-9.086e-05
1723017600001,-3.88e-05
1723046400000,-5.972e-05
1723075200001,4.212e-05
1723104000000,5.659e-05
1723132800000,8.628e-05
1723161600000,0.0001
1723190400000,0.0001
1723219200000,0.0001
1723248000000,0.0001
1723276800000,2.95e-05
1723305600000,0.0001
1723334400000,-3.674e-05
1723363200000,-0.00016496
1723392000001,-0.00011338
1723420800000,-7.368e-05
1723449600000,-8.955e-05
1723478400000,-3.025e-05
1723507200000,6.753e-05
1723536000000,0.0001
1723564800000,0.0001
1723593600000,5.944e-05
1723622400000,-9.81e-06
1723651200000,-9.189e-05
1723680000000,-4.453e-05
1723708800000,0.0001
1723737600000,2.038e-05
1723766400000,-0.0001915
1723795200000,-8.138e-05
1723824000000,-0.00010813
1723852800000,-0.00016514
1723881600000,0.0001
1723910400000,-0.00018906
1723939200000,-0.00014407
1723968000000,0.0001
1723996800000,-5.205e-05
1724025600000,0.0001
1724054400000,-4.051e-05
1724083200002,0.0001
1724112000000,0.0001
1724140800000,3.144e-05
1724169600001,7.483e-05
1724198400001,1.191e-05
1724227200000,7.382e-05
1724256000001,0.0001
1724284800000,6.461e-05
1724313600000,0.0001
1724342400008,7.898e-05
1724371200000,0.0001
1724400000000,0.0001
1724428800000,7.195e-05
1724457600000,5.822e-05
1724486400005,7.81e-06
1724515200000,0.0001
1724544000000,0.0001
1724572800000,0.0001
1724601600000,9.762e-05
1724630400000,7.747e-05
1724659200001,6.164e-05
1724688000000,-2.457e-05
1724716800001,-0.00010317
1724745600000,9.992e-05
1724774400000,1.969e-05
1724803200000,-5.886e-05
1724832000000,-9.422e-05
1724860800001,-1.83e-05
1724889600000,-8.548e-05
1724918400001,2.857e-05
1724947200000,-1.554e-05
1724976000000,6.548e-05
1725004800000,0.0001
1725033600000,9.774e-05
1725062400000,5.28e-05
1725091200000,3.647e-05
1725120000000,3.08e-05
1725148800000,-9.6e-05
1725177600001,4.572e-05
1725206400000,-6.957e-05
1725235200001,-0.00015047
1725264000001,-0.00014372
1725292800000,-0.00012428
1725321600000,8.717e-05
1725350400001,-7.466e-05
1725379200000,7.643e-05
1725408000000,-0.00014554
1725436800000,2.714e-05
1725465600000,8.056e-05
1725494400000,2.622e-05
1725523200000,0.0001
1725552000005,6.613e-05
1725580800000,-3.521e-05
1725609600001,-3.859e-05
1725638400000,3.423e-05
1725667200000,-0.00021204
1725696000000,2.304e-05
1725724800000,5.53e-05
1725753600000,6.973e-05
1725782400000,4.423e-05
1725811200000,6.72e-06
1725840000000,-7.709e-05
1725868800000,0.0001
1725897600001,6.813e-05
1725926400000,3.619e-05
1725955200000,0.0001
1725984000000,0.0001
1726012800000,-4.629e-05
1726041600000,-0.00019888
1726070400000,-0.00023924
1726099200000,-0.00018373
1726128000000,7.25e-05
1726156800000,-0.00018721
1726185600000,0.0001
1726214400001,9.235e-05
1726243200001,0.0001
1726272000000,8.653e-05
1726300800000,3.528e-05
1726329600001,-9.993e-05
1726358400000,2.972e-05
1726387200000,-5.79e-06
1726416000000,0.0001
1726444800000,5.675e-05
1726473600001,5.745e-05
1726502400000,-9.469e-05
1726531200001,-1.206e-05
1726560000000,-0.0002227
1726588800000,8.924e-05
1726617600000,0.0001
1726646400000,0.0001
1726675200004,-2.346e-05
1726704000000,0.0001
1726732800000,0.0001
1726761600001,7.579e-05
1726790400000,0.0001
1726819200001,0.0001
1726848000000,0.0001
1726876800001,4.895e-05
1726905600000,9.422e-05
1726934400000,5.926e-05
1726963200000,3.593e-05
1726992000000,0.0001
1727020800000,0.0001
1727049600000,1.169e-05
1727078400000,8.955e-05
1727107200000,4.158e-05
1727136000000,0.0001
1727164800000,0.0001
1727193600001,0.0001
1727222400000,0.0001
1727251200003,0.0001
1727280000000,0.0001
1727308800005,0.0001
1727337600000,0.0001
1727366400000,0.0001
1727395200000,0.0001
1727424000000,0.0001
1727452800000,0.0001
1727481600000,0.0001
1727510400001,0.0001
1727539200000,0.0001
1727568000001,0.0001
1727596800000,0.0001
1727625600000,0.0001
1727654400000,9.433e-05
1727683200001,0.0001
1727712000000,-1.29e-06
1727740800000,5.969e-05
1727769600000,0.0001
1727798400001,0.0001
1727827200000,4.124e-05
1727856000000,9.962e-05
1727884800000,8.498e-05
1727913600000,5.733e-05
1727942400000,-6.179e-05
1727971200000,2.098e-05
1728000000000,1.814e-05
1728028800000,2.581e-05
1728057600001,-6.403e-05
1728086400000,2.075e-05
1728115200000,1.896e-05
1728144000000,2.395e-05
1728172800000,0.0001
1728201600001,9.566e-05
1728230400000,7.421e-05
1728259200000,0.0001
1728288000000,0.0001
1728316800001,0.0001
1728345600000,0.0001
1728374400000,8.906e-05
1728403200000,0.0001
1728432000000,0.0001
1728460800000,7.26e-06
1728489600000,4.067e-05
1728518400000,0.0001
1728547200000,-0.00026872
1728576000000,0.0001
1728604800000,0.0001
1728633600000,0.0001
1728662400001,0.0001
1728691200000,0.0001
1728720000001,0.0001
1728748800000,0.0001
1728777600000,0.0001
1728806400000,0.0001
1728835200000,4.366e-05
1728864000000,0.0001
1728892800000,8.421e-05
1728921600000,0.0001
1728950400000,0.0001
1728979200000,0.0001
1729008000000,0.0001
1729036800000,0.0001
1729065600001,0.0001
1729094400000,2.26e-05
1729123200000,-0.00018172
1729152000000,-1.727e-05
1729180800001,-1.507e-05
1729209600010,-8.617e-05
1729238400001,0.0001
1729267200000,0.0001
1729296000000,0.0001
1729324800000,0.0001
1729353600000,0.0001
1729382400000,0.0001
1729411200000,0.0001
1729440000000,0.0001
1729468800000,0.0001
1729497600000,0.0001
1729526400000,0.0001
1729555200000,0.0001
1729584000000,0.0001
1729612800000,0.0001
1729641600000,0.0001
1729670400000,0.0001
1729699200000,0.0001
1729728000000,0.0001
1729756800000,0.0001
1729785600000,0.0001
1729814400000,0.0001
1729843200000,7.954e-05
1729872000000,0.0001
1729900800000,0.0001
1729929600001,2.7e-06
1729958400000,-8.94e-06
1729987200000,9.72e-05
1730016000000,5.535e-05
1730044800000,7.761e-05
1730073600000,0.0001
1730102400001,7.248e-05
1730131200000,7.046e-05
1730160000000,0.0001
1730188800000,0.0001
1730217600004,0.0001
1730246400000,0.0001
1730275200000,0.0001
1730304000013,0.0001
1730332800000,0.0001
1730361600000,0.0001
1730390400000,0.0001
1730419200000,0.0001
1730448000000,0.0001
1730476800000,0.0001
1730505600000,0.0001
1730534400000,0.0001
1730563200000,0.0001
1730592000000,0.0001
1730620800000,7.216e-05
1730649600000,0.0001
1730678400000,2.053e-05
1730707200000,0.0001
1730736000000,0.0001
1730764800000,0.0001
1730793600003,9.251e-05
1730822400001,0.0001
1730851200000,5.672e-05
1730880000000,0.0001
1730908800000,0.0001
1730937600000,0.0001
1730966400000,0.0001
1730995200000,0.0001
1731024000000,0.0001
1731052800000,0.0001
1731081600000,0.0001
1731110400000,0.0001
1731139200000,0.0001
1731168000000,0.0001
1731196800000,0.0001
1731225600000,0.0001
1731254400000,0.0001
1731283200001,0.00015937
1731312000000,0.0001
1731340800000,0.0001
1731369600002,0.00018855
1731398400000,0.00031906
1731427200000,0.00028628
1731456000000,0.00010874
1731484800010,0.0001
1731513600000,0.0001
1731542400001,0.0001
1731571200000,0.0001
1731600000000,0.0001
1731628800000,0.0001
1731657600000,0.0001
1731686400000,0.0001
1731715200001,0.0001
1731744000001,0.0001
1731772800000,0.0001
1731801600000,0.0001
1731830400000,0.0001
1731859200001,0.0001
1731888000000,0.0001
1731916800000,0.0001
1731945600000,0.00013838
1731974400000,0.0001
1732003200000,0.0001
1732032000000,0.0001
1732060800003,0.00010978
1732089600000,0.0001
1732118400000,0.0001
1732147200001,0.0001
1732176000000,0.0001
1732204800001,0.0001
1732233600000,0.00020786
1732262400000,0.00011941
1732291200001,0.00017869
1732320000000,0.0001
1732348800000,0.00027392
1732377600000,0.00027356
1732406400001,0.0002576
1732435200000,0.0001248
1732464000000,0.00026691
1732492800000,0.0001
1732521600000,0.0001
1732550400000,0.0001
1732579200000,0.0001
1732608000000,0.00025613
1732636800000,0.0001
1732665600000,0.0001
1732694400000,0.00017347
1732723200001,0.0001
1732752000000,0.0001
1732780800000,0.00028355
1732809600000,0.00021399
1732838400000,0.00023777
1732867200000,0.00012909
1732896000000,0.00017317
1732924800000,0.0002517
1732953600000,0.00028557
1732982400000,0.00021889
1733011200000,0.00026732
1733040000000,0.00026577
1733068800000,0.00029339
1733097600001,0.00049287
1733126400001,0.00029338
1733155200000,0.00023295
1733184000000,0.00046828
1733212800000,0.00037865
1733241600000,0.00019845
1733270400000,0.00037956
1733299200000,0.00045542
1733328000000,0.00044711
1733356800001,0.00031846
1733385600000,0.00058427
1733414400000,0.00052275
1733443200000,0.00052612
1733472000000,0.00046908
1733500800000,0.00033747
1733529600000,0.00038534
1733558400000,0.00058387
1733587200000,0.000438
1733616000000,0.00060544
1733644800000,0.00035363
1733673600000,0.00041477
1733702400000,0.00038331
1733731200000,0.00019979
1733760000001,0.0001
1733788800007,0.0001
1733817600000,0.0001
1733846400000,0.0001
1733875200000,0.0001
1733904000000,0.0001
1733932800001,0.0001
1733961600001,0.0001
1733990400000,0.0001
1734019200001,0.0001
1734048000000,0.0001
1734076800000,0.0001
1734105600001,0.0001
1734134400000,0.0001
1734163200000,0.0001
1734192000000,0.0001
1734220800000,0.0001
1734249600000,0.0001
1734278400000,0.0001
1734307200000,0.0001
1734336000001,0.0001
1734364800000,0.0001
1734393600000,0.0001
1734422400000,0.0001
1734451200000,0.0001
1734480000000,0.0001
1734508800000,0.0001
1734537600000,0.0001
1734566400000,0.0001
1734595200000,6.908e-05
1734624000000,2.245e-05
1734652800000,5.606e-05
1734681600001,0.0001
1734710400014,6.044e-05
1734739200000,1.84e-06
1734768000000,0.0001
1734796800001,0.0001
1734825600000,-2.43e-06
1734854400000,5.257e-05
1734883200000,-1.778e-05
1734912000000,2.152e-05
1734940800000,0.0001
1734969600001,0.0001
1734998400000,0.0001
1735027200000,0.0001
1735056000001,9.38e-06
1735084800001,0.0001
1735113600000,0.0001
1735142400000,8.125e-05
1735171200000,0.0001
1735200000000,0.0001
1735228800000,4.756e-05
1735257600000,9.66e-05
1735286400000,-4.97e-06
1735315200000,-2.904e-05
1735344000001,0.0001
1735372800000,0.0001
1735401600000,0.0001
1735430400000,0.0001
1735459200000,1.81e-06
1735488000000,0.0001
1735516800000,0.0001
1735545600001,0.0001
1735574400000,7.348e-05
1735603200000,0.0001
1735632000000,0.0001
1735660800000,0.0001
1735689600015,0.0001
1735718400000,0.0001
1735747200001,0.0001
1735776000000,0.0001
1735804800006,0.0001
1735833600000,0.0001
1735862400000,0.0001
1735891200000,0.0001
1735920000000,0.0001
1735948800000,0.0001
1735977600000,0.0001
1736006400000,0.0001
1736035200000,0.0001
1736064000000,0.0001
1736092800000,0.0001
1736121600000,0.0001
1736150400001,0.0001
1736179200000,0.0001
1736208000000,0.0001
1736236800000,0.0001
1736265600008,0.0001
1736294400001,6.037e-05
1736323200000,0.0001
1736352000000,4.125e-05
1736380800000,-5.848e-05
1736409600000,-4.03e-06
1736438400000,-6e-07
1736467200000,0.0001
1736496000000,0.0001
1736524800000,0.0001
1736553600000,0.0001
1736582400000,0.0001
1736611200000,7.724e-05
1736640000000,0.0001
1736668800000,0.0001
1736697600000,0.0001
1736726400000,0.0001
1736755200000,2.345e-05
1736784000000,0.0001
1736812800000,2.506e-05
1736841600000,0.0001
1736870400000,0.0001
1736899200000,0.0001
1736928000000,0.0001
1736956800000,0.0001
1736985600000,0.0001
1737014400000,0.0001
1737043200000,0.0001
1737072000004,0.0001
1737100800000,0.0001
1737129600008,0.0001
1737158400000,0.0001
1737187200007,0.0001
1737216000000,0.0001
1737244800000,0.0001
1737273600000,0.0001
1737302400000,0.0001
1737331200000,0.0001
1737360000009,0.0001
1737388800000,0.0001
1737417600000,0.0001
1737446400000,0.0001
1737475200000,0.0001
1737504000000,0.0001
1737532800000,0.0001
1737561600000,0.0001
1737590400001,0.0001
1737619200000,0.0001
1737648000000,0.0001
1737676800000,0.0001
1737705600000,0.0001
1737734400000,0.0001
1737763200000,0.0001
1737792000000,0.0001
1737820800001,0.0001
1737849600000,0.0001
1737878400000,0.0001
1737907200000,0.0001
1737936000000,0.0001
1737964800000,8.5e-06
1737993600000,7.082e-05
1738022400000,0.0001
1738051200000,0.0001
1738080000000,6.95e-05
1738108800000,0.0001
1738137600000,8.264e-05
1738166400000,0.0001
1738195200000,0.0001
1738224000000,0.0001
1738252800000,0.0001
1738281600000,0.0001
1738310400000,0.0001
1738339200000,0.0001
1738368000000,0.0001
1738396800000,0.0001
1738425600000,3.519e-05
1738454400001,-4.804e-05
1738483200000,9.859e-05
1738512000000,7.2e-05
1738540800000,-6.227e-05
1738569600000,-0.00024084
1738598400000,-9.394e-05
1738627200000,-1.659e-05
1738656000001,-0.00011107
1738684800000,-0.000149
1738713600001,9.084e-05
1738742400001,-3.293e-05
1738771200000,5.418e-05
1738800000001,0.0001
1738828800001,5.297e-05
1738857600000,-1.88e-06
1738886400000,5.68e-06
1738915200000,4.339e-05
1738944000000,-1.955e-05
1738972800000,5.442e-05
1739001600000,8.04e-05
1739030400000,-7.475e-05
1739059200000,7.998e-05
1739088000000,7.99e-06
1739116800000,6.154e-05
1739145600000,1.493e-05
1739174400000,5.209e-05
1739203200000,9.012e-05
1739232000000,0.0001
1739260800000,4.502e-05
1739289600000,0.0001
1739318400000,-6.349e-05
1739347200000,-9.455e-05
1739376000001,-8.384e-05
1739404800001,0.0001
1739433600000,-3.369e-05
1739462400001,-5.683e-05
1739491200000,-2.78e-05
1739520000001,-3.337e-05
1739548800000,0.0001
1739577600000,0.0001
1739606400000,0.0001
1739635200000,-0.00010819
1739664000000,-0.00010633
1739692800000,-0.00018795
1739721600000,-0.00014505
1739750400000,-7.327e-05
1739779200000,-4.054e-05
1739808000000,0.0001
1739836800000,9.024e-05
1739865600000,-0.00021575
1739894400000,-0.00021817
1739923200000,-1.842e-05
1739952000000,-0.00012963
1739980800000,2.435e-05
1740009600000,-9.826e-05
1740038400000,-0.00013161
1740067200000,-7.56e-06
1740096000001,6.414e-05
1740124800000,3.811e-05
1740153600000,0.0001
1740182400000,6.145e-05
1740211200000,-0.00017624
1740240000000,-0.00033196
1740268800000,5.393e-05
1740297600000,0.0001
1740326400000,2.255e-05
1740355200000,-0.000137
1740384000000,-8.908e-05
1740412800000,9.252e-05
1740441600000,9.007e-05
1740470400000,-1.23e-05
1740499200000,0.0001
1740528000000,0.0001
1740556800000,5.054e-05
1740585600000,0.0001
1740614400001,0.0001
1740643200000,0.0001
1740672000000,0.0001
1740700800001,0.0001
1740729600000,3.661e-05
1740758400000,-5.5e-06
1740787200000,0.0001
1740816000000,8.593e-05
1740844800001,4.359e-05
1740873600000,7.272e-05
1740902400000,-0.00018469
1740931200000,2.229e-05
1740960000001,0.0001
1740988800000,-7.84e-05
1741017600000,-8.399e-05
1741046400001,-0.00015876
1741075200005,-0.00011279
1741104000000,-8.77e-05
1741132800000,2.56e-06
1741161600000,-6.726e-05
1741190400000,0.0001
1741219200000,7.72e-05
1741248000001,-2.234e-05
1741276800000,-9.08e-06
1741305600000,-2.963e-05
1741334400001,0.0001
1741363200000,9.687e-05
1741392000000,9.134e-05
1741420800001,-0.00011286
1741449600001,-6.422e-05
1741478400001,-2.894e-05
1741507200000,-0.00014129
1741536000000,-3.798e-05
1741564800000,-0.00024642
1741593600000,-0.00016406
1741622400000,5.989e-05
1741651200000,-9.571e-05
1741680000000,-0.00019479
1741708800001,1.912e-05
1741737600000,0.0001
1741766400000,8.804e-05
1741795200001,5.947e-05
1741824000000,4.956e-05
1741852800000,-0.0001227
1741881600000,3.767e-05
1741910400000,7.602e-05
1741939200000,0.0001
1741968000000,-5.46e-06
1741996800000,3.47e-06
1742025600000,-6.181e-05
1742054400000,-0.00012949
1742083200000,0.0001
1742112000000,0.0001
1742140800000,-0.00023783
1742169600000,-0.00027677
1742198400000,-7.674e-05
1742227200000,6.622e-05
1742256000000,0.0001
1742284800000,0.0001
1742313600000,-2.165e-05
1742342400000,0.0001
1742371200000,0.0001
1742400000000,9.472e-05
1742428800000,0.0001
1742457600000,1.963e-05
1742486400000,-1.566e-05
1742515200000,4.616e-05
1742544000000,1.258e-05
1742572800000,-0.00011145
1742601600000,-0.00024947
1742630400004,1.384e-05
1742659200000,-0.00020483
1742688000000,3.613e-05
1742716800000,-5.627e-05
1742745600000,-5.227e-05
1742774400000,-0.0001291
1742803200000,0.0001
1742832000000,0.0001
1742860800001,0.0001
1742889600000,0.0001
1742918400000,8.193e-05
1742947200000,0.0001
1742976000000,7.315e-05
1743004800001,9.377e-05
1743033600001,0.0001
1743062400001,1.391e-05
1743091200002,9.311e-05
1743120000001,8.12e-06
1743148800001,-0.00012334
1743177600000,-5.483e-05
1743206400000,-0.00014734
1743235200000,-0.00033217
1743264000000,-0.00022872
1743292800000,-0.00028387
1743321600000,-0.00023166
1743350400000,-2.687e-05
1743379200000,-0.00013301
1743408000000,-0.00016329
1743436800000,-7.307e-05
1743465600000,-9.507e-05
1743494400001,-4.742e-05
1743523200000,-9.07e-05
1743552000001,-5.05e-05
1743580800000,-0.00014509
1743609600000,0.0001
1743638400000,-0.00010344
1743667200000,-5.93e-06
1743696000000,-0.00012129
1743724800000,-8.397e-05
1743753600000,-0.00023853
1743782400000,-6.328e-05
1743811200000,-6.348e-05
1743840000000,-2.822e-05
1743868800000,9.038e-05
1743897600000,3.631e-05
1743926400000,-1.28e-06
1743955200002,-0.00015243
1743984000000,-0.00018082
1744012800000,-0.00018086
1744041600000,-0.00014837
1744070400000,-0.00016424
1744099200000,-0.00019818
1744128000000,-0.00026109
1744156800000,-7.262e-05
1744185600001,-0.00011812
1744214400000,5.216e-05
1744243200000,1.308e-05
1744272000000,4.331e-05
1744300800000,-0.00045326
1744329600001,-0.00041154
1744358400000,-0.00049365
1744387200000,-0.00017864
1744416000000,-0.0003381
1744444800001,-0.00018591
1744473600000,-1.343e-05
1744502400000,-4.547e-05
1744531200000,9.15e-06
1744560000000,7.148e-05
1744588800000,6.832e-05
1744617600000,-0.00085418
1744646400000,-0.00016803
1744675200000,-0.00010297
1744704000000,-1.91e-05
1744732800001,-4.735e-05
1744761600000,-7.337e-05
1744790400000,2.474e-05
1744819200000,-0.00013868
1744848000001,-0.00015984
1744876800000,-1.389e-05
1744905600001,-7.148e-05
1744934400000,-6.28e-05
1744963200000,-0.00010845
1744992000000,4.89e-06
1745020800000,-7.972e-05
1745049600000,-7.59e-06
1745078400000,-7.19e-06
1745107200000,8.9e-06
1745136000000,-5.948e-05
1745164800000,6.922e-05
1745193600000,7.633e-05
1745222400005,-0.00047009
1745251200003,-9.095e-05
1745280000008,-0.000111
1745308800000,-0.00027416
1745337600000,-0.00034298
1745366400000,-0.00038971
1745395200002,-9.462e-05
1745424000000,6.506e-05
1745452800000,8.574e-05
1745481600001,0.0001
1745510400001,0.0001
1745539200007,0.0001
1745568000002,0.0001
1745596800003,-0.00011284
1745625600002,4.002e-05
1745654400000,4.109e-05
1745683200002,7.663e-05
1745712000001,0.0001
1745740800000,8.04e-06
1745769600000,-1.446e-05
1745798400001,2.27e-06
1745827200003,1.47e-06
1745856000005,0.0001
1745884800000,0.0001
1745913600000,7.929e-05
1745942400010,-7.028e-05
1745971200001,-0.0001554
1746000000000,4.427e-05
1746028800003,3.836e-05
1746057600000,0.0001
1746086400000,0.0001
1746115200001,0.0001
1746144000000,0.0001
1746172800000,-5.192e-05
1746201600003,9.052e-05
1746230400000,8.179e-05
1746259200000,-0.00012535
1746288000000,-0.0001279
1746316800001,-0.00030075
1746345600001,-0.00018327
1746374400002,-0.00013936
1746403200000,-0.00010056
1746432000000,-8.957e-05
1746460800006,-6.105e-05
1746489600002,-9.831e-05
1746518400005,-0.0001762
1746547200000,-8.79e-05
1746576000002,5.47e-06
1746604800000,-0.00010229
1746633600006,2.7e-05
1746662400000,0.0001
1746691200001,0.0001
1746720000002,0.0001
1746748800001,0.0001
1746777600006,0.0001
1746806400000,0.0001
1746835200001,0.0001
1746864000000,0.0001
1746892800001,0.0001
1746921600000,0.0001
1746950400001,0.0001
1746979200001,0.0001
1747008000004,0.0001
1747036800000,0.0001
1747065600000,0.0001
1747094400000,0.0001
1747123200008,0.0001
1747152000001,0.0001
1747180800007,0.0001
1747209600000,0.0001
1747238400002,0.0001
1747267200000,5.434e-05
1747296000003,7.495e-05
1747324800000,8.937e-05
1747353600001,8.659e-05
1747382400000,6.776e-05
1747411200000,6.654e-05
1747440000000,0.0001
1747468800001,1.965e-05
1747497600004,6.765e-05
1747526400000,9.864e-05
1747555200000,9.603e-05
1747584000000,8.419e-05
1747612800000,0.0001
1747641600006,7.399e-05
1747670400010,6.889e-05
1747699200000,0.0001
1747728000002,9.514e-05
1747756800000,-2.474e-05
1747785600000,0.0001
1747814400001,0.0001
1747843200004,0.0001
1747872000001,0.0001
1747900800000,0.0001
1747929600002,0.0001
1747958400006,0.0001
1747987200000,0.0001
1748016000007,9.187e-05
1748044800010,5.995e-05
1748073600000,-8.403e-05
1748102400003,-5.498e-05
1748131200004,-8.09e-05
1748160000000,6.347e-05
1748188800000,-2.21e-05
1748217600000,-1.099e-05
1748246400000,0.0001
1748275200002,4.607e-05
1748304000003,5.553e-05
1748332800001,9.17e-06
1748361600005,5.507e-05
1748390400002,0.0001
1748419200003,0.0001
1748448000002,4.959e-05
1748476800000,0.0001
1748505600006,0.0001
1748534400000,6.5e-05
1748563200003,6.765e-05
1748592000003,-0.0001356
1748620800000,-6.65e-05
1748649600000,-3.424e-05
1748678400000,-9.254e-05
1748707200000,-0.00011197
1748736000001,-5.622e-05
1748764800002,5.968e-05
1748793600000,7.347e-05
1748822400001,-0.0001051
1748851200000,-3.524e-05
1748880000000,-1.354e-05
1748908800000,0.0001
1748937600000,1.4e-06
1748966400001,-7.829e-05
1748995200000,0.0001
1749024000000,-1.008e-05
1749052800000,3.512e-05
1749081600016,-4.47e-05
1749110400000,5.853e-05
1749139200000,9.628e-05
1749168000002,-0.00030365
1749196800000,-0.00019972
1749225600006,-0.00011763
1749254400000,-7.343e-05
1749283200000,3.813e-05
1749312000002,7.517e-05
1749340800000,0.0001
1749369600000,-6.676e-05
1749398400000,9.063e-05
1749427200000,2.228e-05
1749456000001,0.0001
1749484800001,0.0001
1749513600000,0.0001
1749542400001,0.0001
1749571200003,0.0001
1749600000000,0.0001
1749628800000,0.0001
1749657600010,0.0001
1749686400002,0.0001
1749715200003,6.029e-05
1749744000001,-3.026e-05
1749772800000,5.018e-05
1749801600001,-0.00025761
1749830400004,-0.00018493
1749859200000,3.97e-06
1749888000000,-0.00011766
1749916800000,3e-06
1749945600005,-1.32e-06
1749974400009,1.668e-05
1750003200000,-7.735e-05
1750032000000,5.362e-05
1750060800000,-8.25e-05
1750089600003,0.0001
1750118400000,0.0001
1750147200006,3.821e-05
1750176000001,-4.429e-05
1750204800001,-2.405e-05
1750233600001,5.488e-05
1750262400001,-0.000103
1750291200005,-0.00014902
1750320000003,-7.566e-05
1750348800000,-9.568e-05
1750377600000,-6.69e-06
1750406400002,0.0001
1750435200001,3.472e-05
1750464000002,-0.00010536
1750492800005,-0.00010707
1750521600000,-0.00026207
1750550400005,-0.00016887
1750579200000,-0.00029396
1750608000003,-0.00027038
1750636800000,-0.00027871
1750665600004,-0.00023659
1750694400013,1.35e-05
1750723200003,0.0001
1750752000000,0.0001
1750780800000,0.0001
1750809600005,0.0001
1750838400000,1.35e-05
1750867200005,-8.341e-05
1750896000000,2.93e-05
1750924800006,-8.548e-05
1750953600007,-6.238e-05
1750982400000,-3.079e-05
1751011200000,-3.57e-06
1751040000009,-3.655e-05
1751068800001,-3.944e-05
1751097600002,-5.312e-05
1751126400000,0.0001
1751155200004,0.0001
1751184000001,4.791e-05
1751212800001,-1.267e-05
1751241600000,0.0001
1751270400005,6.163e-05
1751299200002,-0.00023938
1751328000007,-6.447e-05
1751356800002,-0.00011656
1751385600000,-6.479e-05
1751414400001,-8.703e-05
1751443200000,-0.00018144
1751472000003,8.548e-05
1751500800006,0.0001
1751529600003,4.657e-05
1751558400003,-0.00014367
1751587200005,0.0001
1751616000003,-2.042e-05
1751644800001,-0.00018176
1751673600004,8.415e-05
1751702400009,-0.00012156
1751731200006,-0.00018863
1751760000001,8.86e-05
1751788800002,-6.531e-05
1751817600004,-5.624e-05
1751846400000,-1.719e-05
1751875200007,-2.531e-05
1751904000000,-9.173e-05
1751932800010,5.63e-05
1751961600003,1.647e-05
1751990400000,-5e-07
1752019200002,0.0001
1752048000006,0.0001
1752076800001,4.603e-05
1752105600003,0.0001
1752134400000,2.04e-05
1752163200004,0.0001
1752192000004,0.0001
1752220800007,0.0001
1752249600001,0.0001
1752278400000,0.0001
1752307200001,0.0001
1752336000002,0.0001
1752364800006,0.0001
1752393600001,2.995e-05
1752422400003,0.0001
1752451200000,0.0001
1752480000000,0.0001
1752508800000,0.0001
1752537600002,0.0001
1752566400000,0.0001
1752595200000,0.0001
1752624000000,0.0001
1752652800000,0.0001
1752681600008,0.0001
1752710400003,0.0001
1752739200000,0.0001
1752768000000,0.0001
1752796800004,0.0001
1752825600000,0.0001
1752854400000,0.0001
1752883200009,0.0001
1752912000000,0.0001
1752940800002,0.0001
1752969600000,0.0001
1752998400000,0.0001
1753027200000,0.0001
1753056000001,0.0001
1753084800000,0.0001
1753113600001,0.0001
1753142400000,0.0001
1753171200010,0.0001
1753200000007,0.0001
1753228800000,0.0001
1753257600004,0.0001
1753286400002,0.0001
1753315200000,0.0001
1753344000001,0.0001
1753372800000,0.0001
1753401600000,0.0001
1753430400000,0.0001
1753459200000,0.0001
1753488000001,0.0001
1753516800005,0.0001
1753545600001,0.0001
1753574400001,0.0001
1753603200000,0.0001
1753632000008,0.0001
1753660800005,0.0001
1753689600000,0.0001
1753718400000,0.0001
1753747200001,0.0001
1753776000000,0.0001
1753804800000,0.0001
1753833600011,0.0001
1753862400000,8.423e-05
1753891200008,-5.46e-06
1753920000000,0.0001
1753948800009,9.478e-05
1753977600000,6.108e-05
1754006400001,-1.698e-05
1754035200003,-0.00011588
1754064000000,0.0001
1754092800004,0.0001
1754121600000,5.722e-05
1754150400000,3.344e-05
1754179200000,8.577e-05
1754208000000,6.473e-05
1754236800003,5.744e-05
1754265600004,7.955e-05
1754294400000,7.879e-05
1754323200002,0.0001
1754352000000,0.0001
1754380800000,0.0001
1754409600000,0.0001
1754438400005,0.0001
1754467200000,1.187e-05
1754496000000,0.0001
1754524800003,0.0001
1754553600002,0.0001
1754582400002,0.0001
1754611200002,0.0001
1754640000004,0.0001
1754668800000,9.168e-05
1754697600005,-7.089e-05
1754726400000,6.655e-05
1754755200007,0.0001
1754784000003,0.0001
1754812800005,0.0001
1754841600002,0.0001
1754870400000,0.0001
1754899200000,0.0001
1754928000000,-2.253e-05
1754956800000,-4.29e-05
1754985600001,0.0001
1755014400005,4.687e-05
1755043200000,0.0001
1755072000002,0.0001
1755100800006,0.0001
1755129600002,0.0001
1755158400003,0.0001
1755187200000,0.0001
1755216000000,-0.00018689
1755244800000,-0.00015915
1755273600000,-2.739e-05
1755302400004,9.778e-05
1755331200000,0.0001
1755360000002,0.0001
1755388800000,0.0001
1755417600001,0.0001
1755446400007,0.0001
1755475200000,0.0001
1755504000001,3.71e-05
1755532800002,4.356e-05
1755561600000,3.523e-05
1755590400001,-4.437e-05
1755619200000,7.864e-05
1755648000000,-2.605e-05
1755676800000,7.709e-05
1755705600000,6.465e-05
1755734400006,0.0001
1755763200000,0.0001
1755792000003,8.261e-05
1755820800010,0.0001
1755849600007,0.0001
1755878400001,5.198e-05
1755907200004,0.0001
1755936000006,0.0001
1755964800000,0.0001
1755993600001,0.0001
1756022400002,0.0001
1756051200001,0.0001
1756080000000,0.0001
1756108800002,0.0001
1756137600002,-2.061e-05
1756166400000,-7.391e-05
1756195200000,-6.938e-05
1756224000000,4.81e-05
1756252800003,0.0001
1756281600000,0.0001
1756310400009,0.0001
1756339200000,0.0001
1756368000005,0.0001
1756396800004,0.0001
1756425600000,0.0001
1756454400000,0.0001
1756483200005,3.08e-05
1756512000000,5.252e-05
1756540800002,0.0001
1756569600003,0.0001
1756598400016,0.0001
1756627200000,1.641e-05
1756656000001,-2.117e-05
1756684800000,-4.98e-06
1756713600000,-9.202e-05
1756742400001,-8.891e-05
1756771200000,-2.1e-06
1756800000005,0.0001
1756828800007,0.0001
1756857600006,0.0001
1756886400002,0.0001
1756915200002,0.0001
1756944000002,0.0001
1756972800000,0.0001
1757001600000,9.605e-05
1757030400001,0.0001
1757059200006,0.0001
1757088000000,0.0001
1757116800000,0.0001
1757145600005,0.0001
1757174400000,0.0001
1757203200000,0.0001
1757232000000,0.0001
1757260800000,0.0001
1757289600007,0.0001
1757318400000,0.0001
1757347200000,0.0001
1757376000000,0.0001
1757404800000,0.0001
1757433600000,0.0001
1757462400000,0.0001
1757491200002,0.0001
1757520000000,0.0001
1757548800000,0.0001
1757577600000,0.0001
1757606400001,0.0001
1757635200002,0.0001
1757664000001,0.0001
1757692800005,0.0001
1757721600005,0.0001
1757750400002,0.0001
1757779200000,0.0001
1757808000006,0.0001
1757836800000,0.0001
1757865600001,0.0001
1757894400006,0.0001
1757923200002,6.696e-05
1757952000001,0.0001
1757980800001,5.942e-05
1758009600000,0.0001
1758038400000,0.0001
1758067200001,2.599e-05
1758096000000,0.0001
1758124800003,7.762e-05
1758153600006,0.0001
1758182400002,0.0001
1758211200000,0.0001
1758240000000,0.0001
1758268800005,0.0001
1758297600000,0.0001
1758326400000,1.79e-06
1758355200000,4.009e-05
1758384000002,0.0001
1758412800000,0.0001
1758441600000,0.0001
1758470400000,8.138e-05
1758499200005,5.477e-05
1758528000003,-3.832e-05
1758556800000,-0.00019548
1758585600000,3.199e-05
1758614400001,-1.025e-05
1758643200000,-8.252e-05
1758672000003,-1.054e-05
1758700800001,0.0001
1758729600002,0.0001
1758758400000,4.963e-05
1758787200001,-7.6e-07
1758816000000,7.383e-05
1758844800000,0.0001
1758873600000,0.0001
1758902400008,0.0001
1758931200000,0.0001
1758960000010,0.0001
1758988800003,9.62e-05
1759017600000,0.0001
1759046400000,2.9e-05
1759075200000,0.0001
1759104000000,0.0001
1759132800002,5.32e-05
1759161600001,3.682e-05
1759190400002,0.0001
1759219200005,2.329e-05
1759248000000,-2.257e-05
1759276800000,0.0001
1759305600000,0.0001
1759334400000,5.36e-05
1759363200000,5.982e-05
1759392000013,9.803e-05
1759420800000,0.0001
1759449600006,0.0001
1759478400006,0.0001
1759507200000,0.0001
1759536000001,0.0001
1759564800000,0.0001
1759593600000,0.0001
1759622400000,0.0001
1759651200003,0.0001
1759680000009,0.0001
1759708800004,0.0001
1759737600002,0.0001
1759766400004,0.0001
1759795200000,0.0001
1759824000003,0.0001
1759852800000,0.0001
1759881600000,-1.814e-05
1759910400006,0.0001
1759939200002,0.0001
1759968000001,8.931e-05
1759996800000,4.899e-05
1760025600000,6.773e-05
1760054400005,0.0001
1760083200002,0.0001
1760112000014,0.0001
1760140800000,-0.00104292
1760169600003,-0.00020457
1760198400000,-0.00045307
1760227200004,-0.00036897
1760256000002,-0.00019792
1760284800000,-4.761e-05
1760313600003,0.0001
1760342400002,8.38e-06
1760371200003,3.159e-05
1760400000000,1.618e-05
1760428800000,-2.66e-05
1760457600000,-0.00012898
1760486400006,-2.367e-05
1760515200002,7.658e-05
1760544000000,-7.576e-05
1760572800000,-0.00012021
1760601600003,-4.48e-05
1760630400002,1.498e-05
1760659200001,9.46e-05
1760688000005,0.0001
1760716800003,-9.027e-05
1760745600000,3.35e-06
1760774400002,3.867e-05
1760803200001,0.0001
1760832000001,0.0001
1760860800001,8.64e-06
1760889600001,7.736e-05
1760918400004,-5.95e-06
1760947200001,5.12e-06
1760976000000,9.446e-05
1761004800009,0.0001
1761033600000,9.11e-06
1761062400000,0.0001
1761091200004,0.0001
1761120000000,-2.62e-05
1761148800000,1.956e-05
1761177600000,5.804e-05
1761206400001,0.0001
1761235200004,7.755e-05
1761264000000,0.0001
1761292800000,0.0001
1761321600009,6.36e-06
1761350400000,9.509e-05
1761379200001,9.734e-05
1761408000001,0.0001
1761436800001,0.0001
1761465600001,0.0001
1761494400000,3.682e-05
1761523200000,0.0001
1761552000005,3.104e-05
1761580800000,-4.582e-05
1761609600000,5.854e-05
1761638400000,3.774e-05
1761667200004,9.966e-05
1761696000004,-6.804e-05
1761724800005,-0.0001642
1761753600000,1.01e-05
1761782400004,8.351e-05
1761811200008,-1.359e-05
1761840000001,-0.00022861
1761868800000,-0.00011316
1761897600008,3.656e-05
1761926400007,8.057e-05
1761955200001,9.372e-05
1761984000000,0.0001
1762012800000,5.997e-05
1762041600007,9.875e-05
1762070400000,7.67e-06
1762099200001,-1.843e-05
1762128000000,0.0001
1762156800010,-0.00015704
1762185600000,-0.00022193
1762214400002,-0.0001526
1762243200004,3.68e-06
1762272000000,-6.7e-07
1762300800000,-1.798e-05
1762329600000,0.0001
1762358400004,0.0001
1762387200001,8.325e-05
1762416000000,-5.242e-05
1762444800001,-7.596e-05
1762473600005,-4.388e-05
1762502400003,0.0001
1762531200005,0.0001
1762560000011,0.0001
1762588800015,0.0001
1762617600001,5.467e-05
1762646400004,5.845e-05
1762675200000,0.0001
1762704000005,2.902e-05
1762732800000,-1.005e-05
1762761600000,-7.09e-05
1762790400003,5.113e-05
1762819200007,0.0001
1762848000000,-6.809e-05
1762876800009,2.543e-05
1762905600000,0.0001
1762934400002,4.369e-05
1762963200000,2.049e-05
1762992000002,7.61e-05
1763020800000,0.0001
1763049600001,6.738e-05
1763078400000,1.458e-05
1763107200000,-7.3e-06
1763136000001,9.384e-05
1763164800005,3.01e-06
1763193600000,0.0001
1763222400001,9.096e-05
1763251200001,-3.037e-05
1763280000000,5.969e-05
1763308800000,-3.871e-05
1763337600003,-7.55e-06
1763366400003,6.683e-05
1763395200000,0.0001
1763424000002,4.863e-05
1763452800004,0.0001
1763481600000,2.518e-05
1763510400000,0.0001
1763539200000,-2.593e-05
1763568000008,9.846e-05
1763596800000,9.667e-05
1763625600000,6.757e-05
1763654400000,0.0001
1763683200001,0.0001
1763712000000,3.594e-05
1763740800001,-3.11e-06
1763769600004,3.296e-05
1763798400000,3.853e-05
1763827200000,-4.486e-05
1763856000000,-6.884e-05
1763884800008,3.193e-05
1763913600003,2.887e-05
1763942400004,-9.98e-06
1763971200000,5.921e-05
1764000000006,-5.535e-05
1764028800000,0.0001
1764057600009,0.0001
1764086400007,7.099e-05
1764115200001,3.37e-05
1764144000001,-9.053e-05
1764172800000,-0.00010017
1764201600013,-1.327e-05
1764230400000,-1.062e-05
1764259200004,-2.907e-05
1764288000008,8.178e-05
1764316800000,7.197e-05
1764345600008,-2.667e-05
1764374400000,-2.32e-05
1764403200005,-0.00010187
1764432000001,-3.53e-05
1764460800003,-2.056e-05
1764489600000,-0.00024843
1764518400004,-1.189e-05
1764547200000,-0.0001613
1764576000004,-7.099e-05
1764604800000,-0.00017074
1764633600004,2.614e-05
1764662400000,1.931e-05
1764691200000,5.163e-05
1764720000000,0.0001
1764748800000,9.479e-05
1764777600005,3.444e-05
1764806400012,8.067e-05
1764835200000,6.893e-05
1764864000011,7.849e-05
1764892800000,-7.99e-05
1764921600000,-7.78e-06
1764950400010,-0.00017409
1764979200001,-5.576e-05
1765008000001,-0.00015102
1765036800008,0.0001
1765065600000,5.295e-05
1765094400004,-0.00026362
1765123200000,-0.00010715
1765152000000,-5.221e-05
1765180800000,9.659e-05
1765209600001,4.831e-05
1765238400001,1.126e-05
1765267200001,0.0001
1765296000007,0.0001
1765324800007,3.21e-06
1765353600002,-0.00023746
1765382400012,-0.00021471
1765411200001,-9.898e-05
1765440000000,-0.0001525
1765468800000,-3.725e-05
1765497600005,-2.184e-05
1765526400007,0.0001
1765555200002,-5.028e-05
1765584000001,-5.794e-05
1765612800006,0.0001
1765641600000,0.0001
1765670400000,-1.908e-05
1765699200003,-0.00038278
1765728000005,-0.00018415
1765756800000,1.707e-05
1765785600000,3.68e-05
1765814400000,-3.779e-05
1765843200002,5.1e-05
1765872000000,0.0001
1765900800002,0.0001
1765929600004,4.661e-05
1765958400000,-0.00029683
1765987200000,-9.812e-05
1766016000005,0.0001
1766044800007,-5.346e-05
1766073600001,5.44e-06
1766102400000,2.685e-05
1766131200001,7.851e-05
1766160000000,0.0001
1766188800005,2.297e-05
1766217600000,1.24e-05
1766246400002,-2.257e-05
1766275200000,-1.94e-06
1766304000009,0.0001
1766332800000,-9.037e-05
1766361600000,0.0001
1766390400005,5.164e-05
1766419200009,5.567e-05
1766448000000,-0.00014967
1766476800000,-0.00010336
1766505600001,1.644e-05
1766534400001,-7.085e-05
1766563200001,-8.95e-05
1766592000000,4.684e-05
1766620800000,0.0001
1766649600001,0.0001
1766678400005,-5.156e-05
1766707200004,0.0001
1766736000001,5.061e-05
1766764800007,0.0001
1766793600000,6.362e-05
1766822400000,-0.00023815
1766851200011,9.43e-05
1766880000008,0.0001
1766908800000,0.0001
1766937600000,0.0001
1766966400016,0.0001
1766995200001,0.0001
1767024000000,-7.74e-06
1767052800005,1.865e-05
1767081600001,9.91e-06
1767110400003,0.0001
1767139200004,0.0001
1767168000001,0.0001
1767196800001,3.166e-05
1767225600008,0.0001
1767254400002,0.0001
1767283200001,5.299e-05
1767312000006,0.0001
1767340800007,0.0001
1767369600000,0.0001
1767398400001,-4.56e-05
1767427200000,0.0001
1767456000000,2.38e-06
1767484800000,0.0001
1767513600000,-1.211e-05
1767542400001,0.0001
1767571200000,8.3e-05
1767600000000,2.902e-05
1767628800000,4.996e-05
1767657600010,-2.967e-05
1767686400000,2.772e-05
1767715200000,0.0001
1767744000001,7.696e-05
1767772800001,0.0001
1767801600001,3.786e-05
1767830400001,0.0001
1767859200000,0.0001
1767888000000,0.0001
1767916800003,1.023e-05
1767945600000,9.068e-05
1767974400001,7.363e-05
1768003200000,0.0001
1768032000002,6.1e-05
1768060800001,8.087e-05
1768089600003,1.682e-05
1768118400006,0.0001
1768147200000,0.0001
1768176000005,8.43e-05
1768204800000,-4.894e-05
1768233600000,8.863e-05
1768262400007,8.36e-06
1768291200009,0.0001
1768320000002,0.0001
1768348800000,0.0001
1768377600001,2.313e-05
1768406400004,0.0001
1768435200000,8.922e-05
1768464000004,0.0001
1768492800002,0.0001
1768521600000,5.068e-05
1768550400000,1.561e-05
1768579200001,-6.768e-05
1768608000000,0.0001
1768636800000,6.869e-05
1768665600002,-0.00018271
1768694400001,0.0001
1768723200000,-0.00061556
1768752000000,-0.00010703
1768780800007,-0.00027252
1768809600007,-2.458e-05
1768838400007,-8.133e-05
1768867200005,-1.107e-05
1768896000001,-3.431e-05
1768924800009,-0.00034711
1768953600001,-0.00010312
1768982400011,-5.852e-05
1769011200011,-3.474e-05
1769040000010,-4.313e-05
1769068800003,0.0001
1769097600005,-0.00016845
1769126400005,-9.482e-05
1769155200000,5.341e-05
1769184000011,-2.796e-05
1769212800011,-0.00016679
1769241600002,3.851e-05
1769270400001,0.0001
1769299200002,-2.088e-05
1769328000011,3.868e-05
1769356800005,-5.336e-05
1769385600000,-4.452e-05
1769414400003,3.044e-05
1769443200000,-4.445e-05
1769472000002,-3.687e-05
1769500800000,-3.211e-05
1769529600000,-7.6e-05
1769558400000,-1.291e-05
1769587200000,-0.00011452
1769616000000,-8.233e-05
1769644800000,-2.116e-05
1769673600009,9.52e-06
1769702400000,-7.643e-05
1769731200008,7.088e-05
1769760000000,0.0001
1769788800001,-7.177e-05
1769817600000,-3.583e-05
1769846400001,5.852e-05
1769875200009,-0.00014945
1769904000001,-0.00021784
1769932800004,-0.00017478
1769961600000,-0.00025818
1769990400000,-0.00023653
1770019200014,-0.00017654
1770048000000,1.424e-05
1770076800000,-0.00019554
1770105600007,-1.327e-05
1770134400000,-3.748e-05
1770163200002,2.567e-05
1770192000007,0.0001
1770220800000,1.407e-05
1770249600011,9.43e-06
1770278400000,-0.0001143
1770307200007,-0.00025464
1770336000000,-0.00010804
1770364800001,-0.00010687
1770393600000,2.38e-05
1770422400003,-0.00012859
1770451200000,2.063e-05
1770480000010,-8.615e-05
1770508800003,-0.00012131
1770537600000,-4.615e-05
1770566400000,-0.00029394
1770595200002,-0.00023753
1770624000001,-0.00040338
1770652800007,-1.823e-05
1770681600000,-2.068e-05
1770710400007,-2.243e-05
1770739200000,-9.281e-05
1770768000000,-0.00021123
1770796800006,-0.00019479
1770825600000,-0.00024501
1770854400000,-0.00018086
1770883200001,-0.00027526
1770912000001,-8.423e-05
1770940800007,-0.00021116
1770969600003,0.0001
1770998400005,1.785e-05
1771027200002,0.0001
1771056000004,1.75e-06
1771084800002,-5.418e-05
1771113600000,0.0001
1771142400002,-7.193e-05
1771171200000,-2.477e-05
1771200000001,3.82e-05
1771228800003,2.529e-05
1771257600000,-0.0002897
1771286400008,-7.08e-06
1771315200001,-0.00011211
1771344000002,-6.477e-05
1771372800000,-5.751e-05
1771401600000,2.359e-05
1771430400011,-1.555e-05
1771459200013,5.358e-05
1771488000000,6.643e-05
1771516800003,-0.0001384
1771545600000,7.47e-05
1771574400000,2.69e-05
1771603200000,-8.395e-05
1771632000004,0.0001
1771660800000,0.0001
1771689600005,-6.289e-05
1771718400001,-0.00014779
1771747200004,-0.00016581
1771776000000,-0.00012976
1771804800001,-5.107e-05
1771833600000,-0.00025505
1771862400000,-0.00078736
1771891200007,-0.00011514
1771920000000,-0.00025106
1771948800001,-0.0002954
1771977600001,-9.83e-06
1772006400007,-4.735e-05
1772035200000,0.0001
1772064000000,0.0001
1772092800006,1.21e-05
1772121600002,-9.673e-05
1772150400007,3.212e-05
1772179200000,-0.00010647
1772208000001,-6.17e-05
1772236800000,-1.364e-05
1772265600000,-0.00014193
1772294400004,-0.00016979
1772323200005,2.823e-05
1772352000000,0.0001
1772380800002,-3.887e-05
1772409600001,-4.214e-05
1772438400007,-2.739e-05
1772467200000,9.433e-05
1772496000000,8.623e-05
1772524800000,-0.00010713
1772553600007,-0.00014101
1772582400001,0.0001
1772611200005,-2.144e-05
1772640000000,0.0001
1772668800000,3.419e-05
1772697600000,9.28e-06
1772726400004,-1.301e-05
1772755200001,0.0001
1772784000001,1.565e-05
1772812800004,-0.00015194
1772841600001,9.72e-06
1772870400012,-0.00018069
1772899200001,-0.00032496
1772928000001,-0.00014788
1772956800000,-0.00023491
1772985600002,-0.00012554
1773014400000,5.366e-05
1773043200004,4.128e-05
1773072000003,-0.00011184
1773100800012,5.07e-06
1773129600002,0.0001
1773158400001,-2.412e-05
1773187200000,7.489e-05
1773216000007,-1.261e-05
1773244800010,0.0001
1773273600000,-0.0001114
1773302400000,-0.00031023
1773331200000,1.69e-05
1773360000006,8.658e-05
1773388800001,-6.437e-05
1773417600000,1.392e-05
1773446400001,5.92e-06
1773475200000,-9.948e-05
1773504000007,-0.00031614
1773532800000,-0.00027517
1773561600000,-0.00010291
1773590400000,-0.0001446
1773619200000,0.0001
1773648000010,4.275e-05
1773676800000,0.0001
1773705600000,7.302e-05
1773734400002,0.0001
1773763200011,0.0001
1773792000002,5.974e-05
1773820800002,0.0001
1773849600005,-7.713e-05
1773878400000,0.0001
1773907200003,-0.00010877
1773936000003,1.969e-05
1773964800002,-0.00011308
1773993600000,0.0001
1774022400000,-6.197e-05
1774051200000,0.0001
1774080000000,-0.00040247
1774108800014,-0.00025023
1774137600012,-0.00015652
1774166400007,-0.00018413
1774195200002,-0.00034672
1774224000000,-7.83e-05
1774252800003,-0.00020222
1774281600002,7.618e-05
1774310400000,-1.427e-05
1774339200000,-0.00021069
1774368000003,0.0001
1774396800000,3.737e-05
1774425600000,-0.00011937
1774454400013,-9.766e-05
1774483200001,-2.785e-05
1774512000001,-3.643e-05
1774540800000,-0.00016665
1774569600006,-2.235e-05
1774598400000,-9.591e-05
1774627200000,-0.00024897
1774656000005,-0.00021526
1774684800005,-0.00022888
1774713600000,-3.662e-05
1774742400003,-0.00015192
1774771200001,-0.00015121
1774800000000,4.857e-05
1774828800000,-0.00027595
1774857600005,0.0001
1774886400000,0.0001
1774915200000,-9.354e-05
1774944000000,-0.00014257
1774972800000,-0.00015651
1775001600000,0.0001
1775030400000,0.0001
1775059200000,0.0001
1775088000003,0.0001
1775116800001,-1.963e-05
1775145600001,2.225e-05
1775174400000,6.67e-05
1775203200008,-7.985e-05
1775232000008,0.0001
1775260800000,6.708e-05
1775289600003,0.0001
1775318400000,7.102e-05
1775347200008,6.286e-05
1775376000000,5.6e-07
1775404800001,4.614e-05
1775433600004,-9.512e-05
1775462400001,0.0001
1775491200003,0.0001
1775520000000,-0.00011416
1775548800000,-7.072e-05
1775577600000,-9.156e-05
1775606400000,0.0001
1775635200000,0.0001
1775664000006,-7.469e-05
1775692800000,-0.00012503
1775721600010,-0.00011699
1775750400001,-0.0001695
1775779200000,0.0001
1775808000005,2.39e-05
1775836800000,-1.422e-05
1775865600000,5.753e-05
1775894400000,-3.025e-05
1775923200003,9.78e-06
1775952000000,0.0001
1775980800000,1.568e-05
1776009600000,-0.00012004
1776038400011,8.347e-05
1776067200006,-0.00024475
1776096000000,0.0001
1776124800005,9.872e-05
1776153600003,-6.753e-05
1776182400001,-8.171e-05
1776211200000,-4.833e-05
1776240000000,1.279e-05
1776268800000,-4.987e-05
1776297600013,0.0001
1776326400000,0.0001
1776355200000,-2.249e-05
1776384000001,0.0001
1776412800011,0.0001
1776441600001,0.0001
1776470400001,0.0001
1776499200006,0.0001
1776528000000,0.0001
1776556800002,4.566e-05
1776585600010,3.828e-05
1776614400001,8.351e-05
1776643200000,0.0001
1776672000000,0.0001
1776700800001,0.0001
1776729600000,5.081e-05
1776758400004,0.0001
1776787200004,-7.038e-05
1776816000004,0.0001
1776844800000,0.0001
1776873600000,0.0001
1776902400000,0.0001
1776931200000,-0.00021597
1776960000004,0.0001
1776988800006,0.0001
1777017600000,0.0001
1777046400000,0.0001
1777075200000,-2.821e-05
1777104000002,-8.012e-05
1777132800002,-4.745e-05
1777161600003,-3.543e-05
1777190400007,1.394e-05
1777219200004,4.184e-05
1777248000004,-4.329e-05
1777276800000,-0.00014971
1777305600002,-4.032e-05
1777334400001,0.0001
1777363200000,8.303e-05
1777392000004,3.991e-05
1777420800006,6.306e-05
1777449600011,6.81e-05
1777478400003,-0.0001094
1777507200002,-0.00010898
1777536000000,-4.9e-06
1777564800000,-0.00019324
1777593600000,6.562e-05
1777622400005,-3.005e-05
1777651200000,7.372e-05
1777680000006,-3.415e-05
1777708800000,-4.07e-06
1777737600010,-0.00016428
1777766400005,-0.00018842
1777795200003,-4.963e-05
1777824000000,-0.00011348
1777852800000,-0.00020774
1777881600000,-8.853e-05
1777910400003,-6.792e-05
1777939200000,-0.00020861
1777968000011,6.008e-05
1777996800000,7.949e-05
1778025600010,0.0001
1778054400000,0.0001
1778083200002,0.0001
1778112000000,0.0001
1778140800000,0.0001
1778169600004,8.414e-05
1778198400003,0.0001
1778227200002,4.372e-05
1778256000003,0.0001
1778284800000,0.0001
1778313600001,0.0001
1778342400002,0.0001
1778371200003,0.0001
1778400000000,-9.081e-05
1778428800000,7.794e-05
1778457600000,5.104e-05
1778486400000,0.0001
1778515200000,1.622e-05
1778544000002,0.0001
1778572800008,-3.169e-05
1778601600000,-8.793e-05
1778630400010,2.175e-05
1778659200003,6.667e-05
1778688000001,-0.00014971
1778716800005,1.1e-06
1778745600000,-1.708e-05
1778774400000,7.286e-05
1778803200000,3.301e-05
1778832000016,-5.946e-05
1778860800012,-0.00011174
1778889600005,7.55e-05
1778918400000,-1.807e-05
1778947200005,-6.892e-05
1778976000000,-9.893e-05
1779004800010,7.253e-05
1779033600009,-6.694e-05
1779062400007,4.34e-06
1779091200002,7.14e-05
1779120000007,-0.00022859
1779148800001,8.833e-05
1779177600001,-7.23e-05
1779206400009,-0.00016681
1779235200001,3.754e-05
1779264000006,5.023e-05
1779292800000,-4.158e-05
1779321600001,0.0001
1779350400000,3.747e-05
1779379200000,-0.00022572
1779408000000,-4.8e-07
1779436800004,0.0001
1779465600001,1.918e-05
1779494400009,-4.769e-05
1779523200001,-3.413e-05
1779552000003,-2.073e-05
1779580800011,0.0001
1779609600008,1.531e-05
1779638400000,-0.00027275
1779667200001,-6.862e-05
1779696000001,-3.24e-06
1779724800001,-0.00013604
1779753600000,3.258e-05
1779782400003,-0.00016272
1779811200000,0.0001
1779840000000,6.396e-05
1779868800004,-7.612e-05
1779897600009,0.0001
1779926400001,6.5e-06
1779955200000,-9.739e-05
1779984000001,-0.00019206
1780012800000,1.259e-05
1780041600001,6.438e-05
1780070400008,-0.00017367
1780099200000,0.0001
1780128000001,-8.304e-05
1780156800000,0.0001
1780185600000,0.0001
1780214400000,-6.287e-05
1780243200004,-0.00014274
1780272000001,0.0001
1780300800001,0.0001
1780329600000,7.864e-05
1780358400000,0.0001
1780387200000,6.798e-05
1780416000000,-6.492e-05
1780444800013,9.07e-05
1780473600000,0.0001
1780502400001,0.0001
1780531200009,0.0001
1780560000000,-0.00013792
1780588800003,-2.342e-05
1780617600000,-1.751e-05
1780646400004,-9.963e-05
1780675200009,-6.679e-05
1780704000000,6.69e-05
1780732800000,-0.00029225
1780761600000,-0.00015756
1780790400001,0.0001
1780819200000,-7.662e-05
1780848000000,-0.00010805
1780876800000,1.308e-05
1780905600005,-1.127e-05
1780934400004,4.39e-06
1780963200000,-0.00016934
1780992000000,0.0001
1781020800001,-1.932e-05
1781049600001,0.0001
1781078400011,-7.207e-05
1781107200009,-3.091e-05
1781136000000,-1.906e-05
1781164800004,4.951e-05
1781193600000,0.0001
1781222400000,0.0001
1781251200000,0.0001
1781280000000,0.0001
1781308800000,0.0001
1781337600007,0.0001
1781366400002,6.141e-05
1781395200005,1.869e-05
1781424000009,-0.00017915
1781452800000,-7.014e-05
1781481600013,5.161e-05
1781510400013,5.998e-05
1781539200004,0.0001
1781568000000,0.0001
1781596800000,0.0001
1781625600001,3.777e-05
1781654400012,0.0001
1781683200000,0.0001
1781712000000,0.0001
1781740800002,4.142e-05
1781769600000,7.63e-06
1781798400001,-0.00014542
1781827200005,0.0001
1781856000001,0.0001
1781884800001,-4.394e-05
1781913600001,0.0001
1781942400000,-0.00027395
1781971200001,-0.00038204
1782000000000,-6.73e-06
1782028800000,7.964e-05
1782057600000,0.0001
1782086400000,0.0001
1782115200000,0.0001
1782144000002,-1.961e-05
1782172800003,7.383e-05
1782201600005,9.488e-05
1782230400002,9.707e-05
1782259200005,9.01e-05
1782288000005,5.673e-05
1782316800003,7.636e-05
1782345600000,-1.459e-05
1782374400000,3.588e-05
1782403200000,-0.00015262
1782432000010,6.96e-05
1782460800002,0.0001
1782489600000,0.0001
1782518400000,0.0001
1782547200000,5.502e-05
1782576000009,0.0001
1782604800000,0.0001
1782633600013,1.663e-05
1782662400000,4.263e-05
1782691200006,0.0001
1782720000013,0.0001
1782748800004,0.0001
1782777600000,0.0001
1782806400000,9.838e-05
1782835200005,1.038e-05
1782864000000,0.0001
1782892800000,0.0001
1782921600000,0.0001
1782950400000,0.0001
1782979200000,0.0001
1783008000000,0.0001
1783036800000,0.0001
1783065600007,-0.00080927
1783094400000,-0.00133983
1783123200000,-5.016e-05
1783152000000,-0.00010729
1783180800007,-0.00014547
1783209600003,-0.00021461
1783238400001,0.0001
1783267200000,1.592e-05
1783296000000,2.557e-05
1783324800000,-4.159e-05
1783353600000,-7.082e-05
1783382400000,8.116e-05
1783411200000,7.794e-05
1783440000000,-6.693e-05
1783468800000,6.842e-05
1783497600000,-1.37e-05
1783526400000,-0.00017999
1783555200000,-0.00020398
1783584000001,9.027e-05
1783612800001,-4e-07
1783641600000,1.927e-05
1783670400005,0.0001
1783699200005,0.0001
1783728000000,8.679e-05
1783756800000,0.0001
1783785600000,0.0001
1783814400000,1.929e-05
1783843200003,4.018e-05
1783872000000,0.0001
1783900800000,-0.00013531
1783929600001,-5.624e-05
1783958400004,-8.6e-06
1783987200000,5.939e-05
1784016000002,-7.97e-06
1784044800001,1.796e-05
1784073600005,5.09e-06
1784102400002,-7.166e-05
1784131200000,8.077e-05
1784160000000,9.176e-05
1784188800003,5.858e-05
1784217600002,1.617e-05
1784246400000,8.427e-05
1784275200010,6.196e-05
1784304000004,2.087e-05
1784332800000,9.403e-05
1784361600000,0.0001
1784390400001,-1.724e-05
1784419200003,-4.259e-05
1784448000000,-8.782e-05
1784476800001,3.555e-05
1784505600000,-1.007e-05
1784534400001,0.0001
1784563200004,0.0001
1784592000001,-0.00011845
1784620800000,0.0001
1784649600002,0.0001
1784678400000,0.0001
1784707200000,0.0001
1784736000001,0.0001
1784764800000,0.0001
1784793600000,4.104e-05
1784822400000,-8.621e-05
1784851200000,-8.016e-05
1784880000000,1.86e-06
1784908800008,-0.00018778
1784937600002,0.0001
1784966400000,-4.337e-05
1784995200000,-3.33e-05
1785024000000,5.231e-05
1785052800002,3.562e-05
1785081600000,6.082e-05
1785110400010,-5.931e-05
1785139200000,1.347e-05
1785168000001,9.77e-05
1785196800000,9.023e-05
1785225600000,-6.527e-05
1785254400000,-6.95e-06
1785283200000,0.0001
1785312000002,-4.945e-05
1785340800000,5.135e-05
1785369600000,0.0001
1785398400000,6.574e-05
1785427200000,-0.00014144
1785456000003,8.614e-05
1785484800000,-2.153e-05
1785513600000,5.242e-05
1785542400001,-1.612e-05
1785571200000,0.0001
1785600000000,-7.255e-05
1785628800000,0.0001
1785657600000,-2.847e-05
1785686400000,2.06e-05
1785715200000,-3.322e-05
1785744000000,6.526e-05
1785772800000,-1.411e-05
1785801600004,3.729e-05
1785830400002,-8.7e-06
1785859200000,0.0001
1785888000003,0.0001
1785916800004,0.0001
1785945600000,1.163e-05
1785974400002,1.825e-05
1786003200000,0.0001
1786032000000,-0.00028851
1786060800000,-3.814e-05
1786089600000,0.0001
1786118400000,-6.29e-06
1786147200001,-1.114e-05
1786176000000,5.031e-05
1786204800002,8.61e-06
1786233600000,0.0001
1786262400005,-3.671e-05
1786291200000,1.678e-05
1786320000001,-1.035e-05
1786348800005,1.48e-05
1786377600000,-6.63e-05
1786406400000,9.549e-05
1786435200006,-0.00021392
1786464000000,-5.302e-05
1786492800001,-0.00039032
1786521600000,-8.794e-05
1786550400000,-0.00034519
1786579200000,-0.00027267
1786608000000,-0.00013861
1786636800000,0.0001
1786665600000,0.0001
1786694400001,4.507e-05
1786723200001,-0.00012467
1786752000003,6.463e-05
1786780800002,0.0001
1786809600000,7.513e-05
1786838400000,-3.411e-05
1786867200002,-2.892e-05
1786896000000,0.0001
1786924800001,-8.851e-05
1786953600003,-0.00018315
1786982400005,4.262e-05
1787011200006,-3.25e-06
1787040000001,-5.74e-05
1787068800003,-4.73e-05
1787097600000,7.607e-05
1787126400000,3.25e-05
1787155200004,0.0001
1787184000001,5.014e-05
1787212800000,0.0001
1787241600005,0.0001
1787270400004,0.0001
1787299200000,0.0001
1787328000001,0.0001
1787356800000,0.0001
1787385600000,0.0001
1787414400000,0.0001
1787443200000,0.0001
1787472000000,0.0001
1787500800006,0.0001
1787529600001,0.0001
1787558400002,0.0001
1787587200000,0.0001
1787616000001,0.0001
1787644800000,0.0001
1787673600005,0.0001
1787702400000,0.0001
1787731200005,0.0001
1787760000000,0.0001
1787788800000,0.0001
1787817600000,0.0001
1787846400013,0.0001
1787875200026,0.0001
1787904000000,0.0001
1787932800001,0.0001
1787961600000,0.0001
1787990400000,0.0001
1788019200002,0.0001
1788048000000,0.0001
1788076800000,7.959e-05
1788105600001,0.0001
1788134400002,4.983e-05
1788163200002,0.0001
1788192000001,2.932e-05
1788220800005,-1.488e-05
1788249600000,0.0001
1788278400000,0.0001
1788307200000,9.191e-05
1788336000001,5.353e-05
1788364800005,0.0001
1788393600000,0.0001
1788422400000,0.0001
1788451200000,6.846e-05
1788480000000,-4.547e-05
1788508800000,0.0001
1788537600009,0.0001
1788566400000,0.0001
1788595200000,0.0001
1788624000001,0.0001
1788652800000,0.0001
1788681600000,-3.016e-05
1788710400004,0.0001
1788739200004,0.0001
1788768000000,0.0001
1788796800003,0.0001
1788825600004,0.0001
1788854400002,0.0001
1788883200001,0.0001
1788912000005,0.0001
1788940800004,0.0001
1788969600002,0.0001
1788998400000,0.0001
1789027200007,0.0001
1789056000002,0.0001
1789084800008,-2.605e-05
1789113600000,2.94e-05
1789142400000,8.785e-05
1789171200001,6.672e-05
1789200000003,0.0001
1789228800000,0.0001
1789257600002,-3.14e-05
1789286400000,0.0001
1789315200000,0.0001
1789344000000,-2.232e-05
1789372800000,-8.448e-05
1789401600000,2.691e-05
1789430400000,2.218e-05
1789459200005,0.0001
1789488000001,0.0001
1789516800001,0.0001
1789545600002,0.0001
1789574400001,0.0001
1789603200000,0.0001
1789632000003,3.91e-06
1789660800000,0.0001
1789689600003,0.0001
1789718400006,0.0001
1789747200000,0.0001
1789776000000,0.0001
1789804800002,0.0001
1789833600000,0.0001
1789862400000,0.0001
1789891200000,0.0001
1789920000000,0.0001
1789948800007,0.0001
1789977600004,0.0001
1790006400002,0.0001
1790035200000,0.0001
1790064000004,0.0001
1790092800000,0.0001
1790121600000,0.0001
1790150400004,0.0001
1790179200004,0.0001
1790208000002,0.0001
1790236800000,0.0001
1790265600005,0.0001
1790294400002,6.511e-05
1790323200000,-1.109e-05
1790352000002,0.0001
1790380800000,5.382e-05
1790409600001,0.0001
1790438400001,0.0001
1790467200000,0.0001
1790496000001,0.0001
1790524800000,0.0001
1790553600000,0.0001
1790582400001,0.0001
1790611200001,-9.858e-05
1790640000000,0.0001
1790668800000,0.0001
1790697600000,0.0001
1790726400000,0.0001
1790755200000,5.045e-05
1790784000002,0.0001
