open_time,open,high,low,close,volume
1579046400000,0.01684,0.01847,0.0167,0.01734,1092793843
1579132800000,0.01731,0.01749,0.0159,0.01731,1600347964
1579219200000,0.01731,0.0182,0.0169,0.01761,1394759133
1579305600000,0.01761,0.01828,0.01722,0.0177,937007952
1579392000000,0.0177,0.01819,0.016,0.01666,910254398
1579478400000,0.01665,0.01678,0.01609,0.01663,772316732
1579564800000,0.01661,0.01737,0.01652,0.01733,522161411
1579651200000,0.01733,0.01757,0.01705,0.01742,481534025
1579737600000,0.01742,0.01745,0.01584,0.0163,624572984
1579824000000,0.0163,0.0166,0.0156,0.01638,523753385
1579910400000,0.01638,0.0164,0.01592,0.01612,200265727
1579996800000,0.01612,0.01687,0.01601,0.01683,313908688
1580083200000,0.01683,0.0173,0.01673,0.01711,375916161
1580169600000,0.01711,0.019,0.01711,0.01862,1224036579
1580256000000,0.01862,0.01982,0.01847,0.01866,1190560214
1580342400000,0.01866,0.01985,0.01781,0.01953,940192541
1580428800000,0.01954,0.01984,0.01816,0.0187,1388644213
1580515200000,0.0187,0.01915,0.0184,0.0191,639379013
1580601600000,0.0191,0.01998,0.01856,0.0191,1093410839
1580688000000,0.01911,0.01974,0.01886,0.01921,863670331
1580774400000,0.01923,0.01954,0.01845,0.01929,593041823
1580860800000,0.01929,0.02085,0.01925,0.02078,1373450824
1580947200000,0.02078,0.02354,0.01973,0.02273,3434882952
1581033600000,0.02275,0.02385,0.02116,0.02209,2708122433
1581120000000,0.02208,0.0225,0.02016,0.02185,1786654820
1581206400000,0.02184,0.02277,0.02135,0.02211,1298173744
1581292800000,0.02211,0.0225,0.02088,0.02216,1615345731
1581379200000,0.02217,0.02315,0.02148,0.02278,1587590799
1581465600000,0.02279,0.02435,0.02279,0.02399,2215720257
1581552000000,0.02399,0.02598,0.02233,0.02397,3445011003
1581638400000,0.02396,0.02694,0.02372,0.02642,2978364942
1581724800000,0.02642,0.02665,0.02258,0.02366,2573076408
1581811200000,0.02366,0.02477,0.02008,0.02227,3046157891
1581897600000,0.02225,0.02255,0.02006,0.02181,2121016983
1581984000000,0.02182,0.02301,0.02044,0.02265,1898593032
1582070400000,0.02266,0.02296,0.0194,0.02019,1627784577
1582156800000,0.02018,0.02058,0.01879,0.01982,1613962054
1582243200000,0.01983,0.0206,0.01963,0.02017,1364958223
1582329600000,0.02017,0.02031,0.01966,0.02003,976261044
1582416000000,0.02004,0.02145,0.02002,0.02138,892187336
1582502400000,0.02138,0.0214,0.01913,0.01992,1213319451
1582588800000,0.01989,0.01999,0.0187,0.01894,1240258045
1582675200000,0.01895,0.01922,0.01556,0.01636,2378566726
1582761600000,0.01635,0.01758,0.01582,0.01701,1443789979
1582848000000,0.01701,0.01742,0.0161,0.01713,1336700976
1582934400000,0.01711,0.01744,0.01641,0.01648,1056280601
1583020800000,0.01647,0.01713,0.01612,0.01644,1007721432
1583107200000,0.01645,0.01787,0.01639,0.0176,1065371308
1583193600000,0.0176,0.0176,0.01689,0.01724,1061135082
1583280000000,0.01722,0.01784,0.017,0.01775,1026258007
1583366400000,0.01776,0.01836,0.01775,0.01792,1182662320
1583452800000,0.01792,0.01838,0.01787,0.01835,885591217
1583539200000,0.01836,0.0184,0.01631,0.01702,911824731
1583625600000,0.01702,0.01702,0.01444,0.01466,1228394210
1583712000000,0.01467,0.01534,0.01401,0.01503,1609472036
1583798400000,0.01505,0.01539,0.01461,0.01509,947942366
1583884800000,0.0151,0.01529,0.0141,0.0149,898101758
1583971200000,0.01491,0.01496,0.00798,0.00837,2177285867
1584057600000,0.00838,0.01093,0.00648,0.01027,2526336608
1584144000000,0.01026,0.01056,0.00953,0.00971,1193270812
1584230400000,0.00973,0.0111,0.00958,0.01025,1224160771
1584316800000,0.01025,0.01034,0.00846,0.00958,1613594766
1584403200000,0.00958,0.01036,0.00945,0.01001,657847594
1584489600000,0.01002,0.01027,0.00961,0.01023,611654592
1584576000000,0.01022,0.0122,0.01006,0.01164,940821241
1584662400000,0.01163,0.01279,0.01018,0.01126,921339002
1584748800000,0.01127,0.01162,0.01066,0.01124,682811862
1584835200000,0.01122,0.01164,0.01014,0.01029,526820726
1584921600000,0.01029,0.01154,0.01004,0.01135,653750203
1585008000000,0.01137,0.01172,0.01111,0.01151,648284557
1585094400000,0.01151,0.0118,0.011,0.01137,590119771
1585180800000,0.01137,0.01204,0.01124,0.01195,666723540
1585267200000,0.01196,0.01212,0.01082,0.01118,458532722
1585353600000,0.01119,0.01151,0.01071,0.0114,445675333
1585440000000,0.01139,0.01146,0.01064,0.01066,352097059
1585526400000,0.01066,0.01185,0.01062,0.01146,378439525
1585612800000,0.01144,0.01176,0.01135,0.0116,296246117
1585699200000,0.01159,0.01165,0.01112,0.01156,282339002
1585785600000,0.01156,0.01263,0.01149,0.01196,337116070
1585872000000,0.01196,0.0122,0.01173,0.01194,231865134
1585958400000,0.01195,0.01224,0.01172,0.01199,302810918
1586044800000,0.01199,0.01281,0.01184,0.01257,1014171982
1586131200000,0.01257,0.01384,0.01257,0.01375,1137026079
1586217600000,0.01375,0.01409,0.01309,0.01329,867790501
1586304000000,0.0133,0.01382,0.0132,0.01377,424434224
1586390400000,0.01375,0.01387,0.01317,0.01343,417482385
1586476800000,0.01343,0.01351,0.012,0.01245,709130627
1586563200000,0.01247,0.0128,0.01226,0.01249,506549787
1586649600000,0.01249,0.01325,0.0123,0.01268,510894610
1586736000000,0.01268,0.0127,0.01199,0.01255,537587331
1586822400000,0.01256,0.01279,0.01237,0.01244,311524816
1586908800000,0.01246,0.01259,0.01212,0.01217,350794683
1586995200000,0.01219,0.01327,0.0118,0.01303,768620752
1587081600000,0.01303,0.01311,0.01269,0.01287,344680467
1587168000000,0.01287,0.01358,0.01283,0.01337,476149853
1587254400000,0.01338,0.01342,0.01275,0.0129,493075720
1587340800000,0.01289,0.01319,0.01222,0.01238,749547817
1587427200000,0.01239,0.01276,0.01228,0.01249,438559653
1587513600000,0.01248,0.01314,0.01242,0.01298,367396516
1587600000000,0.01299,0.01391,0.01277,0.01362,739931901
1587686400000,0.01362,0.01435,0.01359,0.01393,807919484
1587772800000,0.01393,0.01429,0.01342,0.01396,835603982
1587859200000,0.01397,0.0143,0.01381,0.01425,503401802
1587945600000,0.01427,0.01465,0.01414,0.01453,852465003
1588032000000,0.01452,0.01536,0.01432,0.01527,934602219
1588118400000,0.01527,0.01655,0.01508,0.01625,1483047957
1588204800000,0.01626,0.01674,0.01491,0.01519,1211983379
1588291200000,0.01519,0.0164,0.01518,0.01582,1095400846
1588377600000,0.01582,0.01642,0.0157,0.01635,521378522
1588464000000,0.01637,0.01663,0.01548,0.01599,711052575
1588550400000,0.016,0.0164,0.01509,0.01621,1403235945
1588636800000,0.01623,0.01664,0.01565,0.01591,1921408232
1588723200000,0.0159,0.01628,0.01548,0.01556,697093861
1588809600000,0.01555,0.01625,0.01536,0.01605,1122926432
1588896000000,0.01604,0.01656,0.01591,0.01631,935433528
1588982400000,0.01631,0.01664,0.01603,0.0161,1020215523
1589068800000,0.0161,0.01612,0.01257,0.01425,1454436665
1589155200000,0.01425,0.0145,0.01319,0.01399,1018289028
1589241600000,0.01397,0.01503,0.01393,0.01458,880384522
1589328000000,0.01457,0.01539,0.01449,0.01499,739833731
1589414400000,0.01499,0.0154,0.01475,0.01529,668367689
1589500800000,0.01527,0.01538,0.01449,0.0149,683472400
1589587200000,0.0149,0.01515,0.01479,0.01498,409986575
1589673600000,0.01498,0.0152,0.01493,0.015,394255405
1589760000000,0.01501,0.0156,0.01497,0.01539,558222640
1589846400000,0.01538,0.0156,0.01508,0.01553,561665052
1589932800000,0.01552,0.01553,0.01457,0.015,780234938
1590019200000,0.01501,0.01511,0.01382,0.01421,643722282
1590105600000,0.01422,0.01511,0.01407,0.01485,547412935
1590192000000,0.01486,0.01578,0.01485,0.01499,1134679525
1590278400000,0.01498,0.01531,0.01418,0.0142,785267828
1590364800000,0.01419,0.01477,0.01403,0.01472,644053086
1590451200000,0.01473,0.01478,0.01423,0.01457,387617089
1590537600000,0.01457,0.01499,0.01447,0.0147,442114289
1590624000000,0.01471,0.01518,0.01454,0.01514,335305365
1590710400000,0.01514,0.01538,0.01489,0.01501,337140695
1590796800000,0.01501,0.01647,0.01492,0.01638,1243169906
1590883200000,0.01639,0.01725,0.01536,0.01584,2020953361
1590969600000,0.01583,0.0171,0.01576,0.01709,1195934339
1591056000000,0.0171,0.01761,0.01523,0.01638,1260228852
1591142400000,0.01638,0.017,0.01597,0.01694,905558830
1591228800000,0.01693,0.01737,0.01619,0.01687,1218999045
1591315200000,0.01687,0.01732,0.01669,0.01686,738639534
1591401600000,0.01687,0.01718,0.01648,0.01705,653821297
1591488000000,0.01704,0.01823,0.01682,0.01819,2706196044
1591574400000,0.0182,0.01868,0.01776,0.01795,1930679586
1591660800000,0.01797,0.01809,0.01737,0.01756,1244171382
1591747200000,0.01756,0.01771,0.01709,0.01762,901494450
1591833600000,0.01761,0.01777,0.01499,0.01574,1240542447
1591920000000,0.01574,0.01672,0.01561,0.01644,688044151
1592006400000,0.01645,0.01675,0.01611,0.0167,442880921
1592092800000,0.01669,0.01671,0.016,0.01617,396908958
1592179200000,0.01617,0.01622,0.01498,0.01609,1024515873
1592265600000,0.01609,0.01628,0.01596,0.01614,414906611
1592352000000,0.01613,0.0165,0.01581,0.0162,617288266
1592438400000,0.0162,0.01624,0.01581,0.01601,304510967
1592524800000,0.016,0.01616,0.01567,0.01586,480706190
1592611200000,0.01586,0.01609,0.01561,0.01597,370335106
1592697600000,0.01597,0.01604,0.01577,0.01583,322440146
1592784000000,0.01583,0.01647,0.01581,0.01639,651127078
1592870400000,0.01638,0.01679,0.01623,0.01653,753866113
1592956800000,0.01654,0.01683,0.01563,0.01595,1201476685
1593043200000,0.01594,0.0161,0.01538,0.0159,416655445
1593129600000,0.0159,0.01604,0.01565,0.01585,334044951
1593216000000,0.01584,0.01601,0.01476,0.01543,536103563
1593302400000,0.01543,0.01596,0.01528,0.01576,344516123
1593388800000,0.01578,0.01638,0.01573,0.01619,598920005
1593475200000,0.01619,0.0166,0.01617,0.01637,517048067
1593561600000,0.01637,0.01702,0.01616,0.01687,713090485
1593648000000,0.01687,0.01726,0.0161,0.01658,1373682467
1593734400000,0.01658,0.01689,0.01648,0.01661,556317670
1593820800000,0.01661,0.01693,0.01655,0.01682,543644808
1593907200000,0.01683,0.01702,0.01629,0.01688,677053332
1593993600000,0.01688,0.0182,0.01688,0.01802,2213214918
1594080000000,0.01802,0.01814,0.01709,0.01724,1255923170
1594166400000,0.01724,0.01818,0.01682,0.01793,2022019125
1594252800000,0.01792,0.01922,0.01753,0.01856,2926128099
1594339200000,0.01856,0.01874,0.01779,0.01813,1772174198
1594425600000,0.01814,0.0189,0.01812,0.01839,1129899927
1594512000000,0.01839,0.01856,0.01786,0.01817,933106773
1594598400000,0.01818,0.01846,0.01694,0.01756,1328720686
1594684800000,0.01757,0.01779,0.01706,0.01768,1020409379
1594771200000,0.01767,0.0178,0.01746,0.01759,804907832
1594857600000,0.01759,0.01764,0.01659,0.01718,969617505
1594944000000,0.01718,0.01738,0.01704,0.01718,347736577
1595030400000,0.01719,0.01745,0.01701,0.01743,380099642
1595116800000,0.01743,0.01761,0.01717,0.01756,654335293
1595203200000,0.01756,0.01759,0.01691,0.01718,562753370
1595289600000,0.01718,0.01774,0.01714,0.01765,860283793
1595376000000,0.01765,0.01802,0.01733,0.01796,605040963
1595462400000,0.01797,0.01811,0.01775,0.01792,462151738
1595548800000,0.01793,0.01831,0.01746,0.01797,713511497
1595635200000,0.01796,0.01884,0.01793,0.01881,1421579639
1595721600000,0.01882,0.01944,0.01816,0.01854,1806815053
1595808000000,0.01855,0.01921,0.01754,0.01874,2158581978
1595894400000,0.01875,0.01954,0.01818,0.01915,1903768040
1595980800000,0.01914,0.02005,0.01895,0.01919,2096043879
1596067200000,0.01919,0.01945,0.01867,0.01918,1095123666
1596153600000,0.01919,0.01982,0.019,0.01971,1143840991
1596240000000,0.0197,0.021,0.01855,0.0205,2026065901
1596326400000,0.02051,0.02139,0.0173,0.0191,3654900164
1596412800000,0.0191,0.02017,0.01873,0.01992,1573647206
1596499200000,0.0199,0.02073,0.0199,0.02041,1477800803
1596585600000,0.02043,0.02075,0.02004,0.02036,1148580225
1596672000000,0.02036,0.0206,0.01994,0.02027,974360450
1596758400000,0.02027,0.02118,0.01876,0.0199,1953051304
1596844800000,0.01989,0.02058,0.01968,0.02047,659076272
1596931200000,0.02049,0.02068,0.02011,0.02049,768380936
1597017600000,0.02049,0.02195,0.02047,0.0215,2111474108
1597104000000,0.02149,0.02158,0.01936,0.02014,1624143553
1597190400000,0.02013,0.02047,0.01899,0.02024,1129401800
1597276800000,0.02022,0.02306,0.01954,0.02243,3714828243
1597363200000,0.02243,0.02593,0.02238,0.02477,4298006383
1597449600000,0.02476,0.02579,0.02363,0.02528,2324479125
1597536000000,0.02527,0.02867,0.02401,0.02827,3259663794
1597622400000,0.02828,0.03146,0.02675,0.03042,3927678437
1597708800000,0.03043,0.03252,0.02787,0.02882,5261144876
1597795200000,0.0288,0.02903,0.0255,0.02652,4571922319
1597881600000,0.02652,0.02781,0.02647,0.0275,1848940345
1597968000000,0.02752,0.02777,0.02402,0.02426,2019953050
1598054400000,0.02428,0.02557,0.02334,0.02517,2178608513
1598140800000,0.02516,0.02532,0.02362,0.02437,1181409616
1598227200000,0.02438,0.02575,0.02392,0.02513,1044500009
1598313600000,0.02515,0.02549,0.02214,0.02301,1580355943
1598400000000,0.023,0.02394,0.02276,0.02372,957742823
1598486400000,0.02373,0.0245,0.02206,0.02305,1535204001
1598572800000,0.02307,0.02433,0.02268,0.02395,1115308682
1598659200000,0.02395,0.02528,0.02374,0.02495,795798102
1598745600000,0.02493,0.02824,0.02492,0.02698,2192950059
1598832000000,0.02696,0.02995,0.02582,0.02922,3742210746
1598918400000,0.02923,0.03615,0.02813,0.03471,6235167852
1599004800000,0.0347,0.03844,0.03107,0.03447,14626717760
1599091200000,0.03447,0.04983,0.03392,0.03987,22310863666
1599177600000,0.03986,0.04477,0.03125,0.03541,15548569797
1599264000000,0.03539,0.03657,0.0271,0.02985,10038168414
1599350400000,0.02989,0.03258,0.02798,0.0314,5898966968
1599436800000,0.03137,0.03258,0.0282,0.03248,3556147919
1599523200000,0.03247,0.03549,0.03141,0.03513,6164352060
1599609600000,0.03513,0.03585,0.03348,0.0339,3092479714
1599696000000,0.03394,0.03518,0.03233,0.03296,2680425471
1599782400000,0.03296,0.03447,0.03136,0.03345,2727199310
1599868800000,0.03344,0.03353,0.03193,0.0327,1416898886
1599955200000,0.0327,0.03282,0.02915,0.03056,2628821634
1600041600000,0.03056,0.03143,0.02984,0.03031,2072803790
1600128000000,0.03033,0.03041,0.0274,0.02781,2988457092
1600214400000,0.02781,0.03,0.02613,0.0264,6708017051
1600300800000,0.02641,0.02847,0.02633,0.02812,2941391169
1600387200000,0.02812,0.02984,0.02777,0.02905,2372933255
1600473600000,0.02905,0.02928,0.02752,0.02766,1384906023
1600560000000,0.02766,0.0277,0.02637,0.02691,1402020545
1600646400000,0.02693,0.02747,0.02451,0.02488,2155968911
1600732800000,0.02488,0.02547,0.02446,0.02497,1008376977
1600819200000,0.02497,0.02609,0.02459,0.02485,1756320001
1600905600000,0.02484,0.02634,0.02442,0.02624,1360965847
1600992000000,0.02624,0.02742,0.02545,0.02712,1682167795
1601078400000,0.02712,0.02891,0.02696,0.02717,1602046570
1601164800000,0.02716,0.02757,0.02593,0.02657,1401158734
1601251200000,0.02657,0.02716,0.02608,0.02623,1264075106
1601337600000,0.02623,0.02641,0.02544,0.02627,1030931883
1601424000000,0.02627,0.02657,0.0257,0.0262,1005662249
1601510400000,0.0262,0.02678,0.02503,0.02581,1461269817
1601596800000,0.02581,0.02616,0.02392,0.02591,1468936520
1601683200000,0.0259,0.02847,0.02575,0.02716,3210386064
1601769600000,0.02716,0.02738,0.02582,0.02642,2195683525
1601856000000,0.02642,0.02685,0.0259,0.02642,976373509
1601942400000,0.02643,0.0266,0.02524,0.02557,1356665720
1602028800000,0.02556,0.02566,0.025,0.0255,887860104
1602115200000,0.02549,0.02598,0.02494,0.0257,968883031
1602201600000,0.0257,0.02648,0.02558,0.02626,998104158
1602288000000,0.02626,0.02746,0.02625,0.02644,1440277567
1602374400000,0.02644,0.02682,0.02608,0.02654,1021769967
1602460800000,0.02655,0.02787,0.02585,0.02711,1839653620
1602547200000,0.02711,0.02735,0.02653,0.02683,1012834280
1602633600000,0.02684,0.02722,0.0263,0.02678,945910933
1602720000000,0.02678,0.0268,0.02625,0.02654,962451409
1602806400000,0.02654,0.02662,0.02549,0.02569,967475434
1602892800000,0.02569,0.02605,0.02549,0.02573,373313540
1602979200000,0.02573,0.0261,0.02565,0.02592,275765963
1603065600000,0.02593,0.02615,0.02565,0.02589,562367878
1603152000000,0.02587,0.0292,0.02528,0.02593,5501246168
1603238400000,0.02593,0.02758,0.02588,0.02669,2186733659
1603324800000,0.0267,0.02752,0.02667,0.0271,1163127532
1603411200000,0.0271,0.02714,0.02625,0.02673,847288871
1603497600000,0.02673,0.02733,0.02658,0.02707,570810602
1603584000000,0.02707,0.02729,0.02662,0.027,680605044
1603670400000,0.027,0.02753,0.02633,0.02677,1357006965
1603756800000,0.02677,0.02717,0.02671,0.027,656240923
1603843200000,0.027,0.02739,0.0266,0.0269,1029834366
1603929600000,0.0269,0.02728,0.02635,0.02658,1034509356
1604016000000,0.02658,0.02669,0.02522,0.0256,1011440664
1604102400000,0.0256,0.02674,0.02544,0.02579,1081606504
1604188800000,0.02579,0.02592,0.02538,0.02574,513972830
1604275200000,0.02573,0.02589,0.02434,0.02444,1286850226
1604361600000,0.02444,0.02451,0.02302,0.02441,1833229414
1604448000000,0.02442,0.02444,0.02362,0.0242,1064496317
1604534400000,0.02419,0.02511,0.024,0.02494,891892719
1604620800000,0.02494,0.0262,0.0249,0.02617,1446656217
1604707200000,0.02617,0.02678,0.0244,0.02487,2135415911
1604793600000,0.02487,0.02567,0.0246,0.02535,754218359
1604880000000,0.02535,0.02565,0.02465,0.02479,939101704
1604966400000,0.02479,0.02532,0.02461,0.02485,651373045
1605052800000,0.02485,0.02532,0.02484,0.02499,634656665
1605139200000,0.02499,0.02524,0.02474,0.02492,529282386
1605225600000,0.02491,0.0255,0.02478,0.02543,897248055
1605312000000,0.02543,0.02546,0.02497,0.02515,744514667
1605398400000,0.02515,0.02585,0.02484,0.02533,1160631754
1605484800000,0.02533,0.02584,0.02511,0.02549,846681155
1605571200000,0.02549,0.0267,0.02546,0.02654,1814991368
1605657600000,0.02653,0.02714,0.02446,0.02679,2308062001
1605744000000,0.02679,0.02692,0.02533,0.02581,1667068532
1605830400000,0.02581,0.02662,0.02574,0.0263,1524008304
1605916800000,0.0263,0.03082,0.02614,0.03064,5164699628
1606003200000,0.03064,0.03093,0.02724,0.02878,4727861437
1606089600000,0.02876,0.03192,0.02834,0.0318,3986598506
1606176000000,0.0318,0.03967,0.03143,0.03533,9752550640
1606262400000,0.03533,0.03758,0.03151,0.03307,5943895376
1606348800000,0.03307,0.03393,0.02704,0.02946,5602903821
1606435200000,0.02944,0.03014,0.02806,0.02939,2284104415
1606521600000,0.02939,0.03127,0.02862,0.03047,2002242514
1606608000000,0.03046,0.03126,0.02954,0.03076,1471781420
1606694400000,0.03076,0.03315,0.03027,0.03241,2410765068
1606780800000,0.03242,0.03432,0.02909,0.03026,3734057131
1606867200000,0.03027,0.03138,0.0297,0.03119,1518239407
1606953600000,0.0312,0.03199,0.03073,0.0317,1077727712
1607040000000,0.03169,0.03177,0.02902,0.02946,1479387851
1607126400000,0.02946,0.03062,0.02918,0.0306,562405281
1607212800000,0.03059,0.03106,0.03005,0.03095,818190044
1607299200000,0.03096,0.03102,0.02989,0.03033,635897193
1607385600000,0.03033,0.03033,0.02748,0.0279,1189329294
1607472000000,0.02789,0.02887,0.027,0.02871,1297409764
1607558400000,0.0287,0.02882,0.02776,0.02811,619039750
1607644800000,0.02811,0.02821,0.0274,0.02778,722057243
1607731200000,0.02778,0.02879,0.02764,0.02857,556263395
1607817600000,0.02857,0.02969,0.02846,0.02921,583245788
1607904000000,0.02921,0.02924,0.02861,0.02911,557102104
1607990400000,0.02911,0.02952,0.02868,0.0292,603893248
1608076800000,0.02921,0.03149,0.02877,0.03149,1068821921
1608163200000,0.03148,0.03256,0.03017,0.03076,2480558793
1608249600000,0.03075,0.03147,0.03012,0.03111,986828503
1608336000000,0.03112,0.03206,0.03087,0.03126,970232049
1608422400000,0.03127,0.03296,0.03021,0.03125,2744719710
1608508800000,0.03124,0.03196,0.02896,0.02928,2036460630
1608595200000,0.0293,0.02962,0.02774,0.02885,1676937432
1608681600000,0.02884,0.02904,0.02347,0.02478,2232570458
1608768000000,0.02477,0.02774,0.0241,0.02766,1998674629
1608854400000,0.02767,0.02949,0.02707,0.02854,1620196819
1608940800000,0.02854,0.02864,0.02721,0.0278,876664410
1609027200000,0.0278,0.03116,0.02662,0.02892,3542619793
1609113600000,0.02893,0.03042,0.02863,0.02962,2082548981
1609200000000,0.02961,0.03032,0.02649,0.02766,2724917561
1609286400000,0.02767,0.02782,0.02632,0.02693,1159836358
1609372800000,0.02693,0.02707,0.02592,0.02676,965450790
1609459200000,0.02676,0.02739,0.02641,0.02684,802100352
1609545600000,0.02684,0.02796,0.02647,0.02721,1203165933
1609632000000,0.02722,0.03019,0.02656,0.0296,2890035773
1609718400000,0.0296,0.03237,0.02659,0.03097,6104369609
1609804800000,0.03097,0.03125,0.02677,0.02846,7278943227
1609891200000,0.02847,0.03101,0.02773,0.03044,4102761974
1609977600000,0.03044,0.03343,0.02989,0.03098,6363264025
1610064000000,0.03098,0.0313,0.0285,0.03039,3185616695
1610150400000,0.0304,0.0357,0.02952,0.03389,4951543408
1610236800000,0.0339,0.03688,0.03093,0.03275,6129199995
1610323200000,0.03275,0.03281,0.0269,0.02895,4782711468
1610409600000,0.02895,0.03038,0.02786,0.0286,2263715269
1610496000000,0.0286,0.03082,0.0277,0.03078,1746459891
1610582400000,0.03078,0.03149,0.02923,0.03014,2375591652
1610668800000,0.03014,0.03155,0.02825,0.02973,3219150357
1610755200000,0.02973,0.03135,0.02942,0.0301,2517746432
1610841600000,0.03011,0.03079,0.02913,0.03026,1672972117
1610928000000,0.03025,0.03238,0.02965,0.03168,2323900747
1611014400000,0.03168,0.03255,0.03055,0.03062,2481228197
1611100800000,0.03061,0.03118,0.02913,0.03049,1951957927
1611187200000,0.03048,0.03059,0.0275,0.02755,2589377737
1611273600000,0.02757,0.02893,0.02631,0.02852,1589621928
1611360000000,0.02853,0.02944,0.02805,0.02921,1434898763
1611446400000,0.02921,0.03071,0.02895,0.02997,2156377156
1611532800000,0.02998,0.03272,0.02941,0.02948,3985394895
1611619200000,0.02948,0.02996,0.02838,0.02946,1424153067
1611705600000,0.02946,0.02948,0.02753,0.02821,1414602504
1611792000000,0.02822,0.02996,0.02786,0.02954,1301593844
1611878400000,0.02954,0.04507,0.02933,0.03338,23404320896
1611964800000,0.0334,0.03368,0.0305,0.03223,5105243720
1612051200000,0.03222,0.03483,0.03091,0.03158,4667605028
1612137600000,0.03158,0.03503,0.03119,0.03299,4713162238
1612224000000,0.033,0.03363,0.03224,0.03321,1867018547
1612310400000,0.03321,0.03547,0.0332,0.03455,2886111255
1612396800000,0.03457,0.03485,0.032,0.03315,3222785977
1612483200000,0.03315,0.03686,0.03305,0.0363,4758509681
1612569600000,0.03633,0.03664,0.0335,0.03514,2939962072
1612656000000,0.03516,0.03747,0.03405,0.036,4676899122
1612742400000,0.03602,0.04189,0.0353,0.04048,5695034700
1612828800000,0.04052,0.05133,0.04047,0.04622,11686339233
1612915200000,0.04623,0.05,0.04142,0.04634,7723196494
1613001600000,0.04633,0.05938,0.04434,0.05708,7911664335
1613088000000,0.05704,0.0582,0.05128,0.05527,7052337790
1613174400000,0.0553,0.06147,0.05139,0.06016,8000820754
1613260800000,0.06015,0.0604,0.05221,0.05529,5111713187
1613347200000,0.05532,0.0564,0.04487,0.05084,8133185994
1613433600000,0.05084,0.05523,0.04916,0.05201,4534792227
1613520000000,0.05201,0.05407,0.04882,0.05265,3101660402
1613606400000,0.05266,0.05578,0.0521,0.05497,2882185221
1613692800000,0.05498,0.06494,0.05401,0.06083,6732825776
1613779200000,0.06085,0.06389,0.055,0.05774,5467626391
1613865600000,0.05775,0.06155,0.05638,0.05943,3781326294
1613952000000,0.05944,0.05969,0.044,0.05421,6017498796
1614038400000,0.0542,0.0546,0.03715,0.04491,8009700174
1614124800000,0.04492,0.04982,0.04303,0.04793,4165135657
1614211200000,0.04794,0.05008,0.04477,0.04508,2905099995
1614297600000,0.04506,0.04682,0.04229,0.04511,2267877166
1614384000000,0.04513,0.04838,0.04507,0.04646,2232576104
1614470400000,0.04646,0.04677,0.043,0.04556,2519325924
1614556800000,0.04555,0.04823,0.04485,0.04779,1860201946
1614643200000,0.0478,0.04883,0.04537,0.0468,1743141346
1614729600000,0.0468,0.04964,0.04646,0.04878,1847634785
1614816000000,0.04879,0.05335,0.04832,0.05139,5019437083
1614902400000,0.0514,0.05142,0.04842,0.05012,2431516464
1614988800000,0.05013,0.05073,0.04858,0.05008,1568613807
1615075200000,0.05009,0.0518,0.04994,0.05167,1379313722
1615161600000,0.05169,0.0533,0.05014,0.05311,2450853348
1615248000000,0.05308,0.0536,0.05196,0.05321,1884874078
1615334400000,0.05321,0.05342,0.05025,0.05139,2481524377
1615420800000,0.05139,0.05184,0.04958,0.05149,2072553839
1615507200000,0.0515,0.05172,0.04849,0.04993,2206370642
1615593600000,0.04993,0.05415,0.04879,0.05292,2446229458
1615680000000,0.05293,0.05393,0.051,0.05104,2137380424
1615766400000,0.05103,0.05224,0.04806,0.05066,2391876193
1615852800000,0.05064,0.05316,0.04902,0.05235,2351761159
1615939200000,0.05235,0.05582,0.05194,0.0548,3556236940
1616025600000,0.05482,0.05524,0.05285,0.05328,1697144345
1616112000000,0.05328,0.05963,0.05209,0.05869,3924696538
1616198400000,0.05867,0.06836,0.05864,0.06094,13265566414
1616284800000,0.06094,0.06455,0.05872,0.06344,6519960909
1616371200000,0.06341,0.06637,0.05872,0.05931,5599164463
1616457600000,0.05931,0.06146,0.05748,0.05858,3772917656
1616544000000,0.05857,0.06228,0.05412,0.05564,4280939457
1616630400000,0.05565,0.05627,0.0532,0.05528,4403961658
1616716800000,0.05527,0.06614,0.05523,0.06464,6610296556
1616803200000,0.06464,0.06766,0.06273,0.0636,5592890116
1616889600000,0.0636,0.06472,0.0618,0.06366,2526243655
1616976000000,0.06365,0.06585,0.06328,0.06479,2009060042
1617062400000,0.06479,0.06684,0.06426,0.06608,2948780730
1617148800000,0.06608,0.09795,0.06562,0.09328,25577179956
1617235200000,0.09327,0.09492,0.08211,0.08551,13374561804
1617321600000,0.08551,0.09289,0.0843,0.0926,6649469150
1617408000000,0.09259,0.11131,0.08838,0.10169,16711756217
1617494400000,0.1017,0.1285,0.1,0.12763,16382782828
1617580800000,0.12762,0.1497,0.126,0.13648,19010644149
1617667200000,0.13653,0.13894,0.11,0.12436,13775684179
1617753600000,0.12435,0.1262,0.10325,0.11052,13364877638
1617840000000,0.11055,0.12624,0.11006,0.12366,8103550948
1617926400000,0.12363,0.1254,0.1144,0.11587,3946302165
1618012800000,0.11588,0.12812,0.11242,0.12682,6214576383
1618099200000,0.12682,0.1273,0.118,0.12252,4096664473
1618185600000,0.12255,0.13798,0.12192,0.1289,10399317089
1618272000000,0.12891,0.15657,0.1282,0.14643,10989461257
1618358400000,0.14642,0.15747,0.13112,0.1407,10222181771
1618444800000,0.14073,0.1695,0.13614,0.16456,11036661149
1618531200000,0.16456,0.17983,0.13382,0.16099,12976738483
1618617600000,0.16106,0.18077,0.1525,0.15557,7563983782
1618704000000,0.15557,0.15721,0.12067,0.14297,9310808557
1618790400000,0.14298,0.14808,0.1295,0.1299,5182068387
1618876800000,0.12991,0.13489,0.11679,0.13282,5228040071
1618963200000,0.13281,0.13572,0.12251,0.12268,3116952440
1619049600000,0.1227,0.12982,0.109,0.10996,4629966178
1619136000000,0.10996,0.11262,0.09041,0.10908,8640150235
1619222400000,0.10907,0.11444,0.10196,0.10253,4928343298
1619308800000,0.10256,0.11013,0.09638,0.10177,3682688800
1619395200000,0.10177,0.11762,0.1,0.11737,3937826405
1619481600000,0.11737,0.129,0.11544,0.12612,3655206097
1619568000000,0.12612,0.13,0.11618,0.12276,3033614709
1619654400000,0.12277,0.12544,0.11761,0.12127,2384902290
1619740800000,0.12127,0.13315,0.11882,0.13243,3357152556
1619827200000,0.13246,0.13377,0.12745,0.13127,2247430201
1619913600000,0.13128,0.13243,0.12506,0.12768,2196072093
1620000000000,0.12768,0.13688,0.12752,0.13176,3088507289
1620086400000,0.13178,0.13201,0.11784,0.11923,4173099297
1620172800000,0.11923,0.14712,0.11771,0.14699,5935119224
1620259200000,0.14701,0.15887,0.13722,0.15238,8392436880
1620345600000,0.15241,0.17081,0.1396,0.14771,8888265336
1620432000000,0.14771,0.15335,0.14139,0.14315,4436565745
1620518400000,0.14316,0.14614,0.13508,0.14323,3463272276
1620604800000,0.14322,0.14855,0.11789,0.12721,5263644919
1620691200000,0.12715,0.13949,0.12108,0.13902,4317181403
1620777600000,0.13903,0.14755,0.1167,0.11891,5974886005
1620864000000,0.11895,0.12672,0.10555,0.12156,5979091370
1620950400000,0.12157,0.12841,0.11916,0.12476,2912748846
1621036800000,0.12477,0.12745,0.11804,0.1207,3525846778
1621123200000,0.12073,0.13143,0.11469,0.11965,4443121829
1621209600000,0.11967,0.12,0.10854,0.11276,4047519320
1621296000000,0.11277,0.12001,0.11169,0.11639,2990540475
1621382400000,0.11641,0.11811,0.04719,0.07862,11062895886
1621468800000,0.07865,0.09312,0.073,0.08917,5673630202
1621555200000,0.08914,0.09316,0.07068,0.07779,4610489983
1621641600000,0.0778,0.07901,0.07061,0.07523,2697399954
1621728000000,0.07523,0.077,0.0554,0.06273,5220176275
1621814400000,0.06275,0.07693,0.06159,0.07688,3772069364
1621900800000,0.07692,0.08099,0.07125,0.07706,2912405276
1621987200000,0.07707,0.08434,0.0758,0.08302,2673334738
1622073600000,0.08302,0.08311,0.07628,0.0794,2020717589
1622160000000,0.07941,0.07998,0.07006,0.07199,2519141000
1622246400000,0.072,0.07444,0.06692,0.06865,2257311756
1622332800000,0.06864,0.07326,0.06625,0.07189,1788257758
1622419200000,0.07188,0.07685,0.06966,0.07672,1896939486
1622505600000,0.07672,0.07742,0.07346,0.0761,1735692656
1622592000000,0.07611,0.07957,0.0744,0.078,1828375952
1622678400000,0.07801,0.08245,0.07705,0.0822,1903838465
1622764800000,0.08222,0.08291,0.07358,0.07707,2707811803
1622851200000,0.07706,0.0797,0.07403,0.07545,1763122336
1622937600000,0.07545,0.07746,0.0752,0.07737,1358410871
1623024000000,0.0774,0.07859,0.07092,0.0716,1860927283
1623110400000,0.07161,0.07322,0.0671,0.07233,3333293449
1623196800000,0.07234,0.0753,0.06989,0.0753,2198647699
1623283200000,0.0753,0.077,0.07129,0.07253,2269876307
1623369600000,0.07253,0.07334,0.06842,0.06915,1370793504
1623456000000,0.06916,0.06917,0.06562,0.06802,1403642364
1623542400000,0.06802,0.07189,0.06652,0.0715,1375113252
1623628800000,0.07151,0.07277,0.06994,0.07201,1345493402
1623715200000,0.07202,0.07314,0.07073,0.0717,1283276029
1623801600000,0.07169,0.07275,0.06842,0.06893,1604885426
1623888000000,0.06893,0.07399,0.06864,0.07392,1754297066
1623974400000,0.07393,0.07479,0.06811,0.06956,3427500847
1624060800000,0.06956,0.07017,0.06808,0.06825,1547951666
1624147200000,0.06826,0.06863,0.06315,0.06766,1729295197
1624233600000,0.06765,0.06798,0.0533,0.05348,3671090465
1624320000000,0.05347,0.05633,0.04634,0.05099,5057290996
1624406400000,0.051,0.05793,0.04927,0.05792,2978915763
1624492800000,0.0579,0.06808,0.05769,0.06608,10894725748
1624579200000,0.06609,0.06887,0.06005,0.06135,5673614059
1624665600000,0.06135,0.06299,0.05882,0.06273,3227995103
1624752000000,0.06272,0.06492,0.06092,0.06473,1976875140
1624838400000,0.06472,0.0666,0.06419,0.06526,1714969505
1624924800000,0.06526,0.06983,0.06506,0.0679,2645069584
1625011200000,0.06792,0.06876,0.0638,0.06829,2108424846
1625097600000,0.06826,0.06833,0.06366,0.06468,1586997553
1625184000000,0.06468,0.06662,0.06319,0.06653,1287918477
1625270400000,0.06654,0.06744,0.06513,0.06678,1164575505
1625356800000,0.06681,0.06835,0.06505,0.06732,1240131728
1625443200000,0.06733,0.06747,0.0635,0.06443,1610412629
1625529600000,0.06447,0.06643,0.06381,0.06488,1235074121
1625616000000,0.06488,0.06595,0.0641,0.06429,1075310000
1625702400000,0.06429,0.06444,0.06015,0.06105,1661450962
1625788800000,0.06104,0.06256,0.05905,0.06217,1512532021
1625875200000,0.06217,0.06302,0.06049,0.06141,1099504588
1625961600000,0.0614,0.06253,0.06058,0.06181,727930284
1626048000000,0.06182,0.06286,0.05946,0.05998,1049105658
1626134400000,0.05998,0.06065,0.05858,0.05935,1044786238
1626220800000,0.05936,0.06028,0.05671,0.05985,1420376498
1626307200000,0.05986,0.06073,0.05693,0.05782,1283958609
1626393600000,0.05781,0.05879,0.0555,0.05556,1214141169
1626480000000,0.05556,0.05667,0.05469,0.05595,1304523633
1626566400000,0.05595,0.05749,0.05516,0.05588,1077834936
1626652800000,0.05589,0.05626,0.05324,0.0534,1170736631
1626739200000,0.05341,0.05423,0.04906,0.05042,1889570322
1626825600000,0.05042,0.05518,0.04967,0.05383,1874422802
1626912000000,0.05383,0.05532,0.05288,0.05523,1184497428
1626998400000,0.05522,0.05622,0.05364,0.05597,1201689774
1627084800000,0.05598,0.05798,0.05571,0.05725,1325963802
1627171200000,0.05724,0.05813,0.05575,0.05786,1498183345
1627257600000,0.05787,0.06343,0.0576,0.0584,3208400800
1627344000000,0.05841,0.06078,0.05688,0.06016,1818383316
1627430400000,0.06017,0.06193,0.05957,0.0607,1784950064
1627516800000,0.06069,0.06235,0.0596,0.06187,1124653472
1627603200000,0.06186,0.0633,0.0597,0.06326,1715213916
1627689600000,0.06325,0.0647,0.0623,0.06397,1356797079
1627776000000,0.06397,0.06683,0.06229,0.0632,2280846287
1627862400000,0.06321,0.0657,0.06211,0.06465,1580548899
1627948800000,0.06466,0.06548,0.06282,0.06402,1321042897
1628035200000,0.06402,0.068,0.06351,0.06741,1566560629
1628121600000,0.0674,0.07092,0.06659,0.07017,3148321299
1628208000000,0.07017,0.07254,0.06975,0.07198,1724863044
1628294400000,0.07198,0.07655,0.07187,0.07528,2335345870
1628380800000,0.07531,0.07622,0.07073,0.07192,2061596566
1628467200000,0.07193,0.0748,0.06964,0.07397,1915319436
1628553600000,0.07395,0.07579,0.07222,0.07465,1776694851
1628640000000,0.07466,0.08648,0.07423,0.08347,4384902459
1628726400000,0.08346,0.09159,0.0806,0.08427,5278792388
1628812800000,0.08428,0.08963,0.08355,0.08957,2641230025
1628899200000,0.08957,0.09347,0.08677,0.09273,3423907625
1628985600000,0.09273,0.09535,0.08925,0.09301,2783151799
1629072000000,0.09301,0.09684,0.08819,0.08937,2884421923
1629158400000,0.08938,0.09231,0.08466,0.0851,2680561916
1629244800000,0.08511,0.0876,0.0811,0.08459,2427510637
1629331200000,0.08458,0.08846,0.08167,0.08839,2196175012
1629417600000,0.08839,0.09083,0.08645,0.09072,1892973013
1629504000000,0.09072,0.09082,0.08768,0.08802,1570882200
1629590400000,0.08802,0.0902,0.08585,0.08802,1494417292
1629676800000,0.08801,0.09175,0.0877,0.08999,1822378633
1629763200000,0.08999,0.09114,0.08358,0.08458,2019091926
1629849600000,0.08458,0.08778,0.08287,0.08755,1678276226
1629936000000,0.08755,0.08845,0.08178,0.08297,1791616556
1630022400000,0.08298,0.08837,0.08143,0.08828,1788378752
1630108800000,0.08831,0.08894,0.08637,0.08837,1174061613
1630195200000,0.08839,0.09055,0.08671,0.08846,1950971525
1630281600000,0.08848,0.08912,0.08562,0.0862,1230776440
1630368000000,0.08621,0.0909,0.0851,0.08888,2128451092
1630454400000,0.08888,0.09548,0.08727,0.09515,2418100858
1630540800000,0.09515,0.10229,0.09451,0.09961,4097464788
1630627200000,0.09962,0.10614,0.09762,0.10174,3716453409
1630713600000,0.10174,0.10359,0.0994,0.10156,1746764025
1630800000000,0.10158,0.10545,0.10106,0.10537,1842063585
1630886400000,0.10536,0.10751,0.10082,0.10393,2054347510
1630972800000,0.10389,0.10607,0.07405,0.08529,4670332098
1631059200000,0.0853,0.09667,0.08314,0.09271,4997361620
1631145600000,0.09271,0.09486,0.09,0.09303,2247430205
1631232000000,0.09303,0.09585,0.0861,0.09071,2299970100
1631318400000,0.0907,0.09707,0.0903,0.0956,2283188650
1631404800000,0.0956,0.11855,0.09353,0.11254,11924226631
1631491200000,0.11251,0.11721,0.09802,0.10463,7351757581
1631577600000,0.10465,0.1205,0.1041,0.1183,9198169228
1631664000000,0.1183,0.12316,0.11321,0.12078,4812945916
1631750400000,0.1208,0.12252,0.11206,0.11602,4175282678
1631836800000,0.11601,0.12061,0.10319,0.10546,5592588440
1631923200000,0.10546,0.1091,0.1033,0.10587,2333520718
1632009600000,0.10584,0.10761,0.10226,0.10372,1854949376
1632096000000,0.10371,0.10376,0.0892,0.0913,4878885631
1632182400000,0.0913,0.09567,0.08633,0.08819,4300045638
1632268800000,0.08819,0.09875,0.0865,0.0987,2250740572
1632355200000,0.0987,0.10065,0.096,0.09918,1464795726
1632441600000,0.09918,0.09938,0.08598,0.0922,2544145894
1632528000000,0.09219,0.09372,0.0892,0.09049,1410022731
1632614400000,0.0905,0.0908,0.08303,0.08766,1870384944
1632700800000,0.08765,0.09056,0.08578,0.08589,1360190188
1632787200000,0.08587,0.08717,0.08281,0.08297,1458884776
1632873600000,0.08298,0.08795,0.08249,0.08578,1263785529
1632960000000,0.08579,0.0896,0.08544,0.08942,1192596110
1633046400000,0.08941,0.09486,0.08843,0.09484,1734349837
1633132800000,0.09485,0.09589,0.09236,0.09334,1329178311
1633219200000,0.09333,0.09675,0.09256,0.09495,1399822131
1633305600000,0.09496,0.09521,0.08977,0.09353,1542895833
1633392000000,0.09355,0.0986,0.09292,0.09628,1851105177
1633478400000,0.09629,0.09731,0.09111,0.09554,1963086045
1633564800000,0.09557,0.0985,0.09336,0.09558,2000330573
1633651200000,0.09559,0.09957,0.09533,0.09775,1795752225
1633737600000,0.09779,0.10562,0.09704,0.10314,2724415808
1633824000000,0.10314,0.10319,0.09713,0.09746,1711857658
1633910400000,0.09745,0.101,0.09522,0.09709,1307862910
1633996800000,0.09709,0.0971,0.09137,0.09556,1533953144
1634083200000,0.09554,0.09805,0.09339,0.09797,1132754487
1634169600000,0.09797,0.09961,0.09645,0.09739,1147033498
1634256000000,0.09739,0.10322,0.09506,0.09868,2483012713
1634342400000,0.09866,0.10114,0.09807,0.09877,1092675511
1634428800000,0.09876,0.10232,0.09607,0.0988,1952744227
1634515200000,0.09878,0.09951,0.09692,0.09819,1214582423
1634601600000,0.09819,0.10105,0.09789,0.10061,1519261140
1634688000000,0.10062,0.10625,0.10015,0.10337,2890355115
1634774400000,0.10336,0.1061,0.09943,0.09968,2620801057
1634860800000,0.09967,0.10254,0.09857,0.09992,1539150546
1634947200000,0.09992,0.1013,0.09883,0.10081,1028373147
1635033600000,0.10081,0.10163,0.09719,0.09923,1361006304
1635120000000,0.09923,0.10192,0.09879,0.10079,1223824009
1635206400000,0.10078,0.10602,0.1002,0.10126,3212163607
1635292800000,0.10126,0.10283,0.08675,0.09061,2748567256
1635379200000,0.09062,0.0963,0.0905,0.09528,2059030403
1635465600000,0.0953,0.0997,0.09464,0.09968,1487725413
1635552000000,0.09967,0.10482,0.09788,0.10122,2950115340
1635638400000,0.1012,0.10254,0.0975,0.1016,2217265967
1635724800000,0.10161,0.10222,0.09787,0.10059,1390671819
1635811200000,0.1006,0.11074,0.09989,0.10758,2953198941
1635897600000,0.10758,0.10944,0.10204,0.10604,2744874062
1635984000000,0.10605,0.10733,0.10152,0.10339,1461661281
1636070400000,0.10338,0.1063,0.10218,0.10354,1182758423
1636156800000,0.10354,0.10438,0.09942,0.10261,925941653
1636243200000,0.10262,0.10498,0.10203,0.10463,861582185
1636329600000,0.10463,0.11016,0.10451,0.11012,1695921677
1636416000000,0.11013,0.11566,0.10865,0.11451,2504939905
1636502400000,0.11451,0.11772,0.10237,0.10661,3120987709
1636588800000,0.1066,0.11056,0.10482,0.10896,1397825532
1636675200000,0.10895,0.11099,0.1047,0.10804,1229780128
1636761600000,0.10805,0.11436,0.10752,0.1126,1698966294
1636848000000,0.11261,0.11753,0.11061,0.11711,2522159830
1636934400000,0.11711,0.12946,0.11577,0.12391,6972755571
1637020800000,0.12391,0.12395,0.10489,0.10937,5562491530
1637107200000,0.10936,0.1138,0.10672,0.11129,2571850301
1637193600000,0.11129,0.11263,0.09942,0.10041,2429591961
1637280000000,0.10044,0.1056,0.09785,0.10386,1556960247
1637366400000,0.10386,0.10576,0.10138,0.10523,1022590881
1637452800000,0.10523,0.1097,0.10442,0.10654,1349368519
1637539200000,0.10654,0.10705,0.10115,0.10184,1351816863
1637625600000,0.10185,0.1035,0.101,0.10289,1010983595
1637712000000,0.10292,0.10379,0.09628,0.09793,1230137568
1637798400000,0.09791,0.10125,0.09723,0.10026,1042913893
1637884800000,0.10027,0.10146,0.09015,0.09223,2087293963
1637971200000,0.09223,0.09541,0.09181,0.09341,851962646
1638057600000,0.09339,0.09534,0.08931,0.09519,1255373392
1638144000000,0.09518,0.09723,0.09431,0.09658,948452776
1638230400000,0.09658,0.09997,0.09491,0.09652,1221086265
1638316800000,0.09653,0.10073,0.09579,0.09689,944115611
1638403200000,0.09688,0.09826,0.09491,0.09752,886029797
1638489600000,0.0975,0.10198,0.09351,0.09387,1783195561
1638576000000,0.09385,0.09397,0.07198,0.08684,3216787249
1638662400000,0.08684,0.08777,0.08197,0.0843,1444487609
1638748800000,0.08431,0.08758,0.07881,0.08721,2671153290
1638835200000,0.08721,0.09259,0.0866,0.08994,1795400957
1638921600000,0.08994,0.09379,0.08959,0.09234,1497305237
1639008000000,0.09234,0.09337,0.08845,0.08854,1491930919
1639094400000,0.08853,0.09325,0.08729,0.0876,1578170538
1639180800000,0.08759,0.09179,0.0864,0.09157,952288395
1639267200000,0.09156,0.09233,0.08968,0.09096,705048868
1639353600000,0.09097,0.09149,0.08382,0.08489,1097607292
1639440000000,0.08489,0.08767,0.08363,0.08703,892070191
1639526400000,0.08703,0.08877,0.0828,0.0875,1114487118
1639612800000,0.08751,0.0881,0.08513,0.0853,656423495
1639699200000,0.08531,0.08598,0.07833,0.07946,2408081038
1639785600000,0.07947,0.08229,0.07859,0.08038,929336550
1639872000000,0.08038,0.08177,0.0793,0.07933,849787592
1639958400000,0.07933,0.08004,0.0748,0.07753,1009415900
1640044800000,0.07755,0.07928,0.07684,0.07879,811017015
1640131200000,0.07879,0.08034,0.07829,0.07907,1123752332
1640217600000,0.07908,0.08272,0.0779,0.0827,1162668376
1640304000000,0.0827,0.08321,0.08022,0.08084,853856207
1640390400000,0.08084,0.08217,0.08011,0.08148,612118507
1640476800000,0.0815,0.08189,0.07959,0.08144,769387973
1640563200000,0.08145,0.08278,0.08082,0.08111,978437834
1640649600000,0.08111,0.08113,0.07669,0.07709,1423446680
1640736000000,0.07706,0.08002,0.07601,0.07642,1754308216
1640822400000,0.07641,0.07858,0.0755,0.07779,932870302
1640908800000,0.07777,0.07931,0.07346,0.07533,1456287683
1640995200000,0.07531,0.07682,0.07517,0.07654,681051535
1641081600000,0.07654,0.07832,0.07595,0.07762,707939935
1641168000000,0.07762,0.07818,0.07616,0.07702,922128606
1641254400000,0.07701,0.07808,0.0757,0.0759,900189134
1641340800000,0.07591,0.07745,0.0689,0.07106,1623416042
1641427200000,0.07106,0.07143,0.06916,0.07103,1083874539
1641513600000,0.07101,0.07117,0.06639,0.06819,1551148496
1641600000000,0.06819,0.06918,0.06393,0.06534,1312394577
1641686400000,0.06535,0.06723,0.06485,0.0661,828989147
1641772800000,0.06609,0.06688,0.06104,0.06339,1832549522
1641859200000,0.0634,0.06567,0.06289,0.06486,1183635216
1641945600000,0.06489,0.06833,0.06489,0.06804,972427774
1642032000000,0.06802,0.06856,0.06584,0.06614,1125169857
1642118400000,0.06613,0.06852,0.0658,0.06758,1187824786
1642204800000,0.06758,0.06931,0.0669,0.06838,833905110
1642291200000,0.06836,0.07035,0.06822,0.06984,879018179
1642377600000,0.06984,0.0724,0.06881,0.07081,1883849397
1642464000000,0.07082,0.07135,0.06734,0.0684,1404855667
1642550400000,0.06841,0.0696,0.06606,0.06911,1604979497
1642636800000,0.06911,0.072,0.06733,0.06763,1948631575
1642723200000,0.06762,0.06858,0.05966,0.06099,2629774541
1642809600000,0.06097,0.062,0.0524,0.05675,3620801263
1642896000000,0.05677,0.05849,0.05527,0.05749,1918606016
1642982400000,0.05748,0.05754,0.05091,0.05503,2764498315
1643068800000,0.05502,0.05616,0.05421,0.05583,1394808279
1643155200000,0.05584,0.05894,0.05525,0.05616,1614458442
1643241600000,0.05617,0.05713,0.05436,0.05645,1203157362
1643328000000,0.05645,0.05766,0.05573,0.05756,935372629
1643414400000,0.05756,0.06036,0.05708,0.0603,926698704
1643500800000,0.06031,0.06051,0.05815,0.05856,1004742561
1643587200000,0.05857,0.05934,0.05655,0.059,1159580679
1643673600000,0.05902,0.06023,0.05874,0.05977,820150866
1643760000000,0.05976,0.06151,0.05836,0.05842,1144839634
1643846400000,0.05843,0.05983,0.05811,0.05979,982571610
1643932800000,0.05978,0.06459,0.05959,0.06439,1823089540
1644019200000,0.0644,0.06615,0.06348,0.0646,1196627507
1644105600000,0.0646,0.06633,0.06425,0.06613,835822638
1644192000000,0.06613,0.06933,0.06517,0.0685,1244712978
1644278400000,0.0685,0.07024,0.0667,0.06801,1466689327
1644364800000,0.06802,0.07002,0.06731,0.06986,1045448002
1644451200000,0.06986,0.07164,0.06829,0.06844,1720073257
1644537600000,0.06843,0.06844,0.06325,0.06392,1559754139
1644624000000,0.06392,0.06504,0.06201,0.06348,1263616649
1644710400000,0.06349,0.06499,0.06311,0.06423,802299370
1644796800000,0.06422,0.06541,0.06317,0.06437,1225953631
1644883200000,0.06438,0.06698,0.06432,0.06683,1032642899
1644969600000,0.06683,0.06692,0.06541,0.06636,832365669
1645056000000,0.06636,0.06711,0.0619,0.0624,1294097826
1645142400000,0.06241,0.06408,0.06195,0.06299,975563103
1645228800000,0.06299,0.06438,0.06279,0.06344,1156083017
1645315200000,0.06344,0.06353,0.06094,0.06195,1140211511
1645401600000,0.06195,0.06366,0.05899,0.05941,1647180775
1645488000000,0.05942,0.06276,0.05895,0.06259,1791173708
1645574400000,0.06259,0.06385,0.06057,0.06072,1439529274
1645660800000,0.06072,0.06193,0.05599,0.06101,3010500161
1645747200000,0.06101,0.0628,0.0554,0.05935,3452819214
1646092800000,0.06173,0.06282,0.06096,0.06216,1439012061
1646179200000,0.06216,0.06293,0.06072,0.06149,1175963875
1646265600000,0.0615,0.06159,0.059,0.05988,1033684327
1646352000000,0.05988,0.06017,0.05739,0.05824,1257280109
1646438400000,0.05824,0.0609,0.05759,0.0603,1453048704
1646524800000,0.06031,0.06087,0.05855,0.05881,1241753660
1646611200000,0.0588,0.06062,0.05771,0.0585,1190020668
1646697600000,0.05849,0.06114,0.05838,0.0605,1177743456
1646784000000,0.0605,0.06262,0.06027,0.06073,1490039171
1646870400000,0.06073,0.06081,0.05774,0.05984,2151635427
1646956800000,0.05983,0.06088,0.05886,0.06018,1380957164
1647043200000,0.06018,0.06071,0.0595,0.0596,841768153
1647129600000,0.05961,0.06027,0.05882,0.05926,724429994
1647216000000,0.05927,0.06043,0.05882,0.06001,962780509
1647302400000,0.06001,0.06065,0.05949,0.06045,954759824
1647388800000,0.06045,0.06154,0.05933,0.06105,1145116562
1647475200000,0.06106,0.06111,0.06049,0.06067,581951933
1647561600000,0.06067,0.06185,0.06001,0.0616,784503143
1647648000000,0.0616,0.06218,0.06122,0.0619,740103860
1647734400000,0.06189,0.06247,0.06076,0.0615,877814584
1647820800000,0.0615,0.06187,0.06068,0.06175,744308035
1647907200000,0.06175,0.06392,0.06157,0.0634,1056568285
1647993600000,0.0634,0.0649,0.06314,0.06428,1072540923
1648080000000,0.06429,0.06596,0.0637,0.06563,1030782351
1648166400000,0.06563,0.06667,0.06378,0.06433,1055252790
1648252800000,0.06433,0.06639,0.06377,0.06629,959024142
1648339200000,0.06629,0.06954,0.06576,0.06896,1678840146
1648425600000,0.06896,0.07199,0.06844,0.06914,1756642608
1648512000000,0.06913,0.07253,0.06826,0.0694,1757611711
1648598400000,0.0694,0.07453,0.0674,0.07337,3318843076
1648684800000,0.07338,0.07965,0.07301,0.07395,4423356396
1648944000000,0.07323,0.07376,0.07208,0.07313,832189182
1649030400000,0.07313,0.07319,0.06876,0.07071,1130947679
1649116800000,0.07072,0.07184,0.06913,0.06927,885102078
1649203200000,0.06927,0.06937,0.06291,0.06301,1574306787
1649289600000,0.06302,0.06478,0.06257,0.06428,1061026843
1649376000000,0.06429,0.06517,0.06205,0.06254,1042433071
1649462400000,0.06255,0.06402,0.0622,0.06391,816154164
1649548800000,0.06392,0.06429,0.0621,0.06231,778075988
1649635200000,0.0623,0.06248,0.05762,0.0582,1390676766
1649721600000,0.05819,0.0604,0.05786,0.05988,893726458
1649808000000,0.05988,0.0615,0.05929,0.06147,849489358
1649894400000,0.06149,0.06214,0.05932,0.06009,1095731280
1649980800000,0.0601,0.06221,0.05979,0.06179,865224544
1650067200000,0.06179,0.06226,0.06084,0.06185,558036139
1650153600000,0.06186,0.06288,0.05977,0.06003,839186718
1650240000000,0.06004,0.06165,0.05879,0.06146,1196611827
1650326400000,0.06146,0.06361,0.06107,0.06311,938828316
1650412800000,0.0631,0.06346,0.06175,0.0626,901517130
1650499200000,0.06259,0.07487,0.06237,0.0711,17607637344
1650585600000,0.07111,0.07249,0.0663,0.06656,9025390345
1650672000000,0.06656,0.0693,0.06643,0.06759,2523777737
1650758400000,0.06759,0.06792,0.06454,0.06562,1984516277
1650844800000,0.06563,0.06577,0.06169,0.06528,2509741560
1650931200000,0.06528,0.06567,0.06148,0.06184,1665352244
1651017600000,0.06185,0.06373,0.06162,0.06315,1207702281
1651104000000,0.06315,0.06407,0.06242,0.06368,1064640299
1651190400000,0.06369,0.07006,0.06262,0.06363,7519789121
1651276800000,0.06363,0.06524,0.06177,0.06255,2901598861
1651363200000,0.06255,0.07171,0.0615,0.07078,9410157962
1651449600000,0.07077,0.07367,0.06444,0.06893,10024482951
1651536000000,0.06892,0.07528,0.06808,0.07254,9979823534
1651622400000,0.07255,0.08707,0.06988,0.08627,18788812691
1651708800000,0.08627,0.09,0.0715,0.07445,17446016554
1651795200000,0.07445,0.08845,0.0726,0.08624,20827905607
1651881600000,0.08625,0.089,0.07971,0.08346,22064723018
1651968000000,0.08346,0.09285,0.0801,0.08796,19933124033
1652054400000,0.08795,0.0882,0.07188,0.07258,21049836762
1652140800000,0.07257,0.08248,0.07127,0.07688,14217259407
1652227200000,0.07687,0.08662,0.06106,0.0748,25129714926
1652313600000,0.0748,0.08222,0.06543,0.06719,13314188455
1652400000000,0.06718,0.07654,0.0663,0.07424,7220088608
1652486400000,0.07424,0.07608,0.0705,0.07237,4766494013
1652572800000,0.07237,0.07281,0.0675,0.07234,4905036382
1652659200000,0.07235,0.07243,0.06681,0.06909,3811974851
1652745600000,0.06909,0.07402,0.06878,0.07222,3225219960
1652832000000,0.07221,0.07283,0.06927,0.07095,2962487096
1652918400000,0.07095,0.07509,0.06989,0.07355,4699268917
1653004800000,0.07355,0.07507,0.0698,0.07114,3860331787
1653091200000,0.07114,0.07586,0.07029,0.07397,2815265595
1653177600000,0.07396,0.07866,0.07353,0.07813,2435454605
1653264000000,0.07812,0.08264,0.07571,0.0761,4991970580
1653350400000,0.07608,0.08315,0.07588,0.08059,8149982596
1653436800000,0.08059,0.08863,0.07966,0.08467,6540492413
1653523200000,0.08467,0.0866,0.07856,0.08219,9444248579
1653609600000,0.0822,0.08397,0.07827,0.08082,6220584767
1653696000000,0.08081,0.08276,0.07891,0.08114,3009110581
1653782400000,0.08114,0.08232,0.07806,0.08052,2923376797
1653868800000,0.08051,0.08446,0.08012,0.08321,3481252785
1653955200000,0.08321,0.08456,0.07923,0.08443,3673985788
1654041600000,0.08441,0.09242,0.08204,0.08352,11826182652
1654128000000,0.08351,0.08567,0.08101,0.08425,4750932240
1654214400000,0.08425,0.08644,0.08026,0.08104,3115601146
1654300800000,0.08105,0.08131,0.07605,0.08037,4127218638
1654387200000,0.08037,0.08269,0.07909,0.08143,2132701899
1654473600000,0.08144,0.08487,0.081,0.08155,2600935659
1654560000000,0.08155,0.0831,0.07876,0.08179,3044582574
1654646400000,0.08178,0.08264,0.07951,0.08057,1923500978
1654732800000,0.08057,0.08193,0.07995,0.08097,1428582206
1654819200000,0.08096,0.08159,0.07866,0.07884,1966745870
1654905600000,0.07884,0.08035,0.07457,0.07615,2666235124
1654992000000,0.07615,0.0786,0.0739,0.07605,3892150505
1655078400000,0.07604,0.07665,0.05952,0.06381,25188990435
1655164800000,0.06382,0.06498,0.05147,0.05555,22583015889
1655251200000,0.05553,0.064,0.04567,0.06295,45724912085
1655337600000,0.06294,0.06575,0.05807,0.05919,14902512106
1655424000000,0.0592,0.06333,0.05853,0.05982,6958373281
1655510400000,0.05983,0.06391,0.05683,0.06082,10701457001
1655596800000,0.06083,0.06299,0.05812,0.06125,7588529776
1655683200000,0.06125,0.06223,0.05932,0.06108,4259838394
1655769600000,0.06108,0.06683,0.0609,0.06487,4335676318
1655856000000,0.06487,0.06578,0.06283,0.06301,2761201619
1655942400000,0.06302,0.06464,0.06157,0.06372,2107324710
1656028800000,0.06371,0.06678,0.06352,0.06578,2071193625
1656115200000,0.06577,0.06628,0.06351,0.06473,1247695945
1656201600000,0.06473,0.06588,0.06388,0.06496,1312151538
1656288000000,0.06495,0.07043,0.06481,0.06698,4176715401
1656374400000,0.06698,0.0683,0.06501,0.0658,2756327155
1656460800000,0.0658,0.06654,0.06388,0.06482,1972063650
1656547200000,0.06483,0.06597,0.06168,0.06475,2694390381
1656633600000,0.06474,0.06697,0.06405,0.06505,2063986622
1656720000000,0.06505,0.06546,0.06421,0.06465,850119163
1656806400000,0.06466,0.06643,0.06235,0.06622,2015680552
1656892800000,0.06622,0.06771,0.06538,0.06729,2210015384
1656979200000,0.06729,0.06977,0.06645,0.06806,1850270896
1657065600000,0.06807,0.06857,0.06663,0.06749,1225616805
1657152000000,0.06749,0.06882,0.06602,0.06854,1477687628
1657238400000,0.06855,0.06983,0.06755,0.06894,1288857269
1657324800000,0.06893,0.07163,0.06887,0.06973,1212209983
1657411200000,0.06973,0.07006,0.0671,0.06755,1008055384
1657497600000,0.06755,0.0677,0.06442,0.06468,1125631170
1657584000000,0.06468,0.06572,0.06427,0.06453,1055931357
1657670400000,0.06452,0.0665,0.06352,0.06621,1504354122
1657756800000,0.0662,0.06753,0.06492,0.06674,990165073
1657843200000,0.06674,0.06795,0.06643,0.06698,660323236
1657929600000,0.06699,0.06947,0.06602,0.06889,861489202
1658016000000,0.06889,0.06935,0.06726,0.06738,654257053
1658102400000,0.06739,0.07078,0.0672,0.06876,1461312174
1658188800000,0.06875,0.06983,0.06754,0.06901,1432983950
1658275200000,0.06902,0.07032,0.06703,0.06744,1370449936
1658361600000,0.06745,0.0682,0.06631,0.06795,880456707
1658448000000,0.06795,0.06904,0.06647,0.06692,801763832
1658534400000,0.06691,0.06785,0.06585,0.0669,612913647
1658620800000,0.0669,0.06777,0.06659,0.06677,561297974
1658707200000,0.06676,0.06694,0.06354,0.06359,1049985356
1658793600000,0.0636,0.06538,0.06283,0.0653,1104353816
1658880000000,0.0653,0.06874,0.06496,0.06862,1296211023
1658966400000,0.06863,0.07044,0.06743,0.06962,1170598887
1659052800000,0.06963,0.07208,0.06811,0.06918,1318351970
1659139200000,0.06917,0.07132,0.06886,0.06907,908262355
1659225600000,0.06907,0.07081,0.0685,0.06878,685570213
1659312000000,0.06877,0.07154,0.0682,0.06979,1076533483
1659398400000,0.06979,0.07045,0.06767,0.06823,1209514515
1659484800000,0.06824,0.06923,0.06717,0.06773,764243947
1659571200000,0.06773,0.06957,0.06749,0.06884,911463759
1659657600000,0.06885,0.0701,0.06805,0.06983,773770560
1659744000000,0.06984,0.07059,0.06919,0.06939,533398732
1659830400000,0.0694,0.07034,0.06903,0.06955,504203077
1659916800000,0.06954,0.07108,0.06947,0.07004,668460952
1660003200000,0.07003,0.07099,0.06815,0.06832,906846926
1660089600000,0.06832,0.07044,0.06771,0.07032,754998826
1660176000000,0.07033,0.07114,0.06991,0.0703,824798816
1660262400000,0.07031,0.07072,0.06921,0.07038,739831189
1660348800000,0.07038,0.07122,0.0695,0.0699,740624205
1660435200000,0.0699,0.07241,0.06935,0.07032,1314299429
1660521600000,0.07032,0.07116,0.06815,0.06881,1260095023
1660608000000,0.06882,0.0705,0.06826,0.06968,1046705343
1660694400000,0.06968,0.07102,0.06782,0.06825,1156104026
1660780800000,0.06826,0.06861,0.06722,0.06733,788366524
1660867200000,0.06734,0.06734,0.06378,0.06398,1376563612
1660953600000,0.06398,0.06586,0.06384,0.06575,942514093
1661040000000,0.06574,0.06634,0.06452,0.06584,802871139
1661126400000,0.06585,0.06624,0.06446,0.0656,858741055
1661212800000,0.06559,0.06679,0.06478,0.0663,1153809206
1661299200000,0.0663,0.0664,0.06463,0.06473,855435310
1661385600000,0.06474,0.06574,0.06461,0.06543,580977201
1661472000000,0.06544,0.06561,0.06127,0.06148,1478584306
1661558400000,0.06148,0.063,0.06102,0.06283,845383036
1661644800000,0.06283,0.06314,0.06127,0.06135,617110114
1661731200000,0.06135,0.06345,0.06083,0.06333,833603688
1661817600000,0.06334,0.06704,0.06281,0.06466,3213304411
1661904000000,0.06466,0.06588,0.063,0.06332,1084919352
1661990400000,0.06332,0.06367,0.062,0.06325,844947938
1662076800000,0.06325,0.0636,0.06221,0.06254,608596673
1662163200000,0.06254,0.06315,0.06229,0.06308,331914323
1662249600000,0.06308,0.06366,0.06247,0.06347,562301309
1662336000000,0.06348,0.06366,0.06234,0.0629,656278072
1662422400000,0.0629,0.06404,0.06034,0.06062,1165016545
1662508800000,0.06062,0.06191,0.05994,0.06175,693137712
1662595200000,0.06176,0.0619,0.06,0.06121,1119048785
1662681600000,0.06121,0.06371,0.0611,0.06338,939507604
1662768000000,0.06338,0.06477,0.06292,0.06474,733858610
1662854400000,0.06473,0.06499,0.0634,0.06416,581935616
1662940800000,0.06415,0.06476,0.06301,0.06382,851769193
1663027200000,0.06382,0.06392,0.06053,0.06057,893713127
1663113600000,0.06057,0.06172,0.06044,0.06158,619578482
1663200000000,0.06157,0.06196,0.06045,0.06124,816148998
1663286400000,0.06123,0.06158,0.06047,0.06128,764112143
1663372800000,0.06129,0.06235,0.06126,0.06224,468478148
1663459200000,0.06224,0.06261,0.06068,0.06068,731576632
1663545600000,0.06069,0.06118,0.05912,0.06025,1064895364
1663632000000,0.06025,0.06064,0.05932,0.05974,708545325
1663718400000,0.05973,0.0616,0.05856,0.05897,1113673406
1663804800000,0.05897,0.06044,0.05862,0.06015,626248979
1663891200000,0.06015,0.06115,0.05911,0.06038,731032671
1663977600000,0.06038,0.06095,0.0595,0.05978,491515720
1664064000000,0.05978,0.06027,0.05937,0.05966,369225988
1664150400000,0.05965,0.05987,0.05887,0.05955,644985636
1664236800000,0.05956,0.06086,0.05891,0.05933,733869136
1664323200000,0.05932,0.05988,0.05829,0.05949,702405816
1664409600000,0.05949,0.062,0.05927,0.06097,1142103920
1664496000000,0.06097,0.0623,0.06018,0.06097,1240278242
1664582400000,0.06096,0.06146,0.05997,0.06045,552772800
1664668800000,0.06046,0.06196,0.06032,0.06086,1295801903
1664755200000,0.06086,0.06147,0.06062,0.06131,717692836
1664841600000,0.06132,0.06246,0.061,0.06231,767726338
1664928000000,0.06232,0.06273,0.06185,0.0624,684851125
1665014400000,0.0624,0.06319,0.06186,0.06275,858830431
1665100800000,0.06275,0.06329,0.06189,0.06248,781994441
1665187200000,0.06247,0.06272,0.06161,0.06202,443175966
1665273600000,0.06201,0.06277,0.06188,0.06233,342888163
1665360000000,0.06233,0.06527,0.06223,0.06269,3173421407
1665446400000,0.06268,0.06269,0.06113,0.06163,1050372878
1665532800000,0.06163,0.06448,0.06109,0.06167,2330481513
1665619200000,0.06167,0.06224,0.0588,0.06096,1579921329
1665705600000,0.06095,0.06601,0.06065,0.06389,3098704324
1665792000000,0.0639,0.06511,0.06164,0.06172,2214889271
1665878400000,0.06171,0.06202,0.06112,0.06181,939364667
1665964800000,0.06181,0.06304,0.06158,0.06262,1019226974
1666051200000,0.06262,0.06297,0.06162,0.06215,879298339
1666137600000,0.06214,0.06318,0.06161,0.06168,1158174305
1666224000000,0.06168,0.06265,0.06138,0.0621,752421305
1666310400000,0.0621,0.06293,0.0606,0.06162,1109590888
1666396800000,0.06162,0.06196,0.06109,0.06155,525444567
1666483200000,0.06155,0.06199,0.061,0.06182,603864646
1666569600000,0.06182,0.062,0.06116,0.06127,664060105
1666656000000,0.06127,0.06286,0.06109,0.06229,957469950
1666742400000,0.0623,0.06376,0.0622,0.06338,1021979544
1666828800000,0.06338,0.06414,0.06259,0.06292,923344627
1666915200000,0.06291,0.06375,0.06253,0.06351,676841753
1667001600000,0.0635,0.06451,0.06341,0.06423,876431732
1667088000000,0.06423,0.0648,0.06285,0.06307,661802764
1667174400000,0.06306,0.06338,0.06223,0.06321,843255467
1667260800000,0.06322,0.06339,0.06246,0.06272,539887109
1667347200000,0.06272,0.06325,0.06133,0.06151,1049080225
1667433600000,0.0615,0.06245,0.06136,0.06165,766075903
1667520000000,0.06166,0.0638,0.06146,0.0638,932710567
1667606400000,0.0638,0.06477,0.06307,0.06358,858138553
1667692800000,0.06358,0.06536,0.06247,0.06263,1201346423
1667779200000,0.06263,0.06298,0.06172,0.06222,781782085
1667865600000,0.06222,0.06311,0.05555,0.05869,2613856311
1667952000000,0.05868,0.06568,0.05272,0.0534,8227697736
1668038400000,0.0534,0.0627,0.05224,0.05774,7372737421
1668124800000,0.05774,0.05833,0.05408,0.05597,2006194057
1668211200000,0.05597,0.05606,0.05278,0.05497,1341287841
1668297600000,0.05498,0.05631,0.0502,0.05078,3566435148
1668384000000,0.05078,0.0532,0.04461,0.05007,8443860725
1668470400000,0.05008,0.05183,0.04914,0.0507,2133551485
1668556800000,0.0507,0.05174,0.04936,0.0501,1919309200
1668643200000,0.05011,0.0504,0.04868,0.05002,1508266380
1668729600000,0.05002,0.05105,0.04999,0.05065,1071511868
1668816000000,0.05065,0.05268,0.05043,0.0521,1633792274
1668902400000,0.0521,0.0524,0.04967,0.05004,1106744815
1668988800000,0.05004,0.05171,0.04908,0.05151,2204863738
1669075200000,0.05151,0.05262,0.04869,0.05067,4148206223
1669161600000,0.05067,0.05188,0.05011,0.05177,1462582549
1669248000000,0.05176,0.05381,0.05131,0.05278,2283843363
1669334400000,0.05278,0.05341,0.0519,0.05293,1497284097
1669420800000,0.05293,0.05365,0.05236,0.05274,764168327
1669507200000,0.05274,0.05426,0.05272,0.05324,1004885517
1669593600000,0.05324,0.05398,0.05181,0.05293,1611823953
1669680000000,0.05293,0.05456,0.05265,0.05323,1208974373
1669766400000,0.05322,0.05477,0.05322,0.05456,991432834
1669852800000,0.05457,0.0551,0.05391,0.05413,852129833
1669939200000,0.05414,0.05448,0.05374,0.05441,580588358
1670025600000,0.0544,0.05465,0.05346,0.05353,497267885
1670112000000,0.05353,0.05413,0.05287,0.05303,843483491
1670198400000,0.05303,0.05369,0.05288,0.0533,896749729
1670284800000,0.05331,0.05373,0.0525,0.05358,1032649109
1670371200000,0.05359,0.05363,0.05232,0.0531,962137446
1670457600000,0.0531,0.05491,0.0529,0.05446,910595094
1670544000000,0.05445,0.05515,0.05425,0.05462,836152864
1670630400000,0.05461,0.05586,0.05459,0.05478,828657682
1670716800000,0.05479,0.05495,0.05369,0.05393,546831633
1670803200000,0.05393,0.05395,0.05183,0.05348,1882635546
1670889600000,0.05349,0.05452,0.05236,0.05445,1388730698
1670976000000,0.05445,0.05766,0.05441,0.05554,1942277842
1671062400000,0.05554,0.05613,0.05505,0.05575,1120409584
1671148800000,0.05575,0.05618,0.05247,0.0529,1732651887
1671235200000,0.05289,0.055,0.05176,0.05482,1792689840
1671321600000,0.05482,0.05522,0.05314,0.05373,1478577570
1671408000000,0.05373,0.05429,0.05293,0.05352,1234245634
1671494400000,0.05352,0.05532,0.05343,0.05494,1116969517
1671580800000,0.05494,0.05548,0.05449,0.05489,849765441
1671667200000,0.05487,0.05587,0.05457,0.05548,1044074395
1671753600000,0.05548,0.05567,0.05402,0.05418,1072819329
1671840000000,0.05417,0.05479,0.05394,0.05468,689019992
1671926400000,0.05469,0.05494,0.05407,0.05477,740254727
1672012800000,0.05478,0.05499,0.0542,0.05456,541785719
1672099200000,0.05456,0.05469,0.05357,0.05412,886504610
1672185600000,0.05412,0.05469,0.05316,0.05412,1393159345
1672272000000,0.05411,0.05447,0.05309,0.05397,1068172291
1672358400000,0.05398,0.0545,0.05347,0.05434,1033827044
1672444800000,0.05434,0.05525,0.05429,0.05448,791000812
1672531200000,0.05447,0.05495,0.05438,0.05475,565555731
1672617600000,0.05476,0.05559,0.0544,0.05515,1014640538
1672704000000,0.05514,0.05552,0.05463,0.05477,737750144
1672790400000,0.05477,0.05574,0.0543,0.05472,1212865772
1672876800000,0.05472,0.05492,0.05322,0.05366,1515259545
1672963200000,0.05365,0.05399,0.04933,0.05244,13619659836
1673049600000,0.05243,0.05293,0.05125,0.05199,2555552355
1673136000000,0.05198,0.0545,0.05113,0.05439,2339156408
1673222400000,0.05439,0.05698,0.0536,0.05456,3009168537
1673308800000,0.05457,0.05493,0.05377,0.05482,1190562476
1673395200000,0.05481,0.05664,0.05452,0.05648,1665109135
1673481600000,0.05648,0.05739,0.05559,0.05705,1809776174
1673568000000,0.05705,0.0609,0.05678,0.06007,1848475523
1673654400000,0.06007,0.06579,0.05993,0.06176,2741074516
1673740800000,0.06175,0.06286,0.06059,0.06231,1138714865
1673827200000,0.06231,0.06323,0.06111,0.06237,1090735028
1673913600000,0.06238,0.06267,0.0612,0.0616,844835841
1674000000000,0.06161,0.0624,0.05876,0.05882,1238202464
1674086400000,0.05883,0.06029,0.05871,0.06006,590571233
1674172800000,0.06005,0.06289,0.05987,0.06272,757296392
1674259200000,0.06272,0.06396,0.06156,0.06167,1264213749
1674345600000,0.06167,0.06272,0.06065,0.06164,817572848
1674432000000,0.06164,0.06328,0.06093,0.06274,1037295276
1674518400000,0.06274,0.0636,0.05904,0.06014,984679818
1674604800000,0.06014,0.06283,0.05913,0.06178,878596134
1674691200000,0.06178,0.06216,0.06106,0.06168,615223861
1674777600000,0.06167,0.06436,0.06086,0.06371,1485174388
1674864000000,0.06372,0.06402,0.06199,0.06311,924749106
1674950400000,0.06311,0.06465,0.06287,0.06376,1154359336
1675036800000,0.06377,0.06407,0.06131,0.06229,1256232954
1675123200000,0.06229,0.06311,0.06163,0.06215,720315529
1675209600000,0.06214,0.06336,0.06136,0.06311,989352681
1675296000000,0.06312,0.06571,0.063,0.06384,1308391004
1675382400000,0.06384,0.06481,0.06341,0.06414,864564865
1675468800000,0.06415,0.06451,0.06304,0.06383,649623400
1675555200000,0.06383,0.06582,0.06311,0.06409,1207740672
1675641600000,0.0641,0.0645,0.0625,0.06313,812123578
1675728000000,0.06313,0.06597,0.06299,0.06576,1347809117
1675814400000,0.06576,0.07158,0.06548,0.06695,2787672262
1675900800000,0.06695,0.0671,0.06173,0.06259,1778794996
1675987200000,0.06259,0.06393,0.0623,0.06323,838047383
1676073600000,0.06322,0.06408,0.06304,0.06368,490554347
1676160000000,0.06368,0.06507,0.06343,0.06384,627953096
1676246400000,0.06385,0.06575,0.06279,0.06558,1698217981
1676332800000,0.06557,0.06689,0.065,0.06672,1515275279
1676419200000,0.06672,0.07099,0.06668,0.07083,1687406475
1676505600000,0.07084,0.07155,0.0666,0.0668,1561622454
1676592000000,0.0668,0.07177,0.06645,0.07032,1566615525
1676678400000,0.07032,0.07117,0.06964,0.07014,733241776
1676764800000,0.07015,0.07168,0.06968,0.07037,768692726
1676851200000,0.07037,0.07312,0.06951,0.07194,1707806100
1676937600000,0.07195,0.0721,0.06887,0.06946,1140918792
1677024000000,0.06946,0.06967,0.06801,0.06941,864262765
1677110400000,0.06942,0.07048,0.06895,0.0695,819691429
1677196800000,0.0695,0.06997,0.06723,0.06784,745952677
1677283200000,0.06784,0.06882,0.06658,0.06778,668482552
1677369600000,0.06778,0.06974,0.06775,0.06947,487005112
1677456000000,0.06948,0.06968,0.06835,0.0694,635812339
1677542400000,0.06939,0.06982,0.06846,0.06901,601988719
1677628800000,0.06901,0.07024,0.06864,0.0698,501530942
1677715200000,0.0698,0.07031,0.06886,0.06966,609542891
1677801600000,0.06967,0.06981,0.06632,0.06713,934573357
1677888000000,0.06712,0.06754,0.06589,0.06667,461056841
1677974400000,0.06666,0.06782,0.06642,0.06719,435322957
1678060800000,0.06719,0.06766,0.06655,0.06735,488994079
1678147200000,0.06734,0.0677,0.06568,0.06626,671600928
1678233600000,0.06625,0.06647,0.06456,0.06529,740955599
1678320000000,0.06528,0.06633,0.05593,0.05855,3906301798
1678406400000,0.05855,0.05868,0.05527,0.05727,3275037588
1678492800000,0.05728,0.05889,0.05457,0.05874,2264211692
1678579200000,0.05873,0.06461,0.05831,0.06461,2078716078
1678665600000,0.06461,0.06856,0.0642,0.0669,3124848154
1678752000000,0.06689,0.06907,0.06527,0.06694,1616612529
1678838400000,0.06693,0.06792,0.06402,0.06515,1364147209
1678924800000,0.06515,0.06702,0.0647,0.06506,1063051756
1679011200000,0.06505,0.06785,0.06461,0.06761,984086668
1679097600000,0.06761,0.0681,0.06496,0.06571,861142242
1679184000000,0.06572,0.06751,0.06551,0.06646,763711155
1679270400000,0.06646,0.06693,0.06465,0.06497,911193179
1679356800000,0.06496,0.06738,0.06473,0.06696,1006654516
1679443200000,0.06697,0.06834,0.05627,0.05973,6744751266
1679529600000,0.05972,0.06657,0.0592,0.06515,4430814721
1679616000000,0.06516,0.06549,0.0625,0.0633,1853152254
1679702400000,0.0633,0.06432,0.0626,0.06363,902556969
1679788800000,0.06363,0.065,0.06328,0.06405,783392478
1679875200000,0.06405,0.06436,0.06168,0.06346,1105085853
1679961600000,0.06346,0.06447,0.0632,0.06414,969086503
1680048000000,0.06413,0.06543,0.0638,0.06424,906714347
1680134400000,0.06425,0.06545,0.06353,0.06477,1145375530
1680220800000,0.06478,0.06615,0.06423,0.06545,940959428
1680307200000,0.06546,0.06723,0.06531,0.0664,915465817
1680393600000,0.06641,0.06691,0.06479,0.06511,761235966
1680480000000,0.06511,0.06622,0.06416,0.06571,941843776
1680566400000,0.06572,0.0668,0.06552,0.06571,759842310
1680652800000,0.06572,0.06678,0.06524,0.06611,772786340
1680739200000,0.06612,0.0667,0.06548,0.06605,834135480
1680825600000,0.06605,0.06648,0.06551,0.06599,533731777
1680912000000,0.06599,0.0665,0.06561,0.06606,493086320
1680998400000,0.06607,0.06686,0.06584,0.06657,575497903
1681084800000,0.06657,0.06742,0.06612,0.06726,679743844
1681171200000,0.06725,0.0679,0.06496,0.06624,2635229411
1681257600000,0.06624,0.06641,0.06187,0.06511,3434139106
1681344000000,0.06511,0.06551,0.06419,0.06519,1275511465
1681430400000,0.06518,0.06711,0.06506,0.0662,1183186826
1681516800000,0.06618,0.06627,0.06547,0.06586,504561603
1681603200000,0.06587,0.0667,0.06555,0.06655,457883189
1681689600000,0.06655,0.06667,0.06539,0.06568,609888615
1681776000000,0.06568,0.06683,0.06539,0.0668,577536988
1681862400000,0.0668,0.06715,0.06477,0.06558,1368084743
1681948800000,0.06557,0.06662,0.0645,0.06538,1190802986
1682035200000,0.06538,0.066,0.06416,0.06494,947364992
1682121600000,0.06495,0.06621,0.06477,0.0661,951892215
1682208000000,0.06609,0.06698,0.06545,0.06666,943458109
1682294400000,0.06667,0.06695,0.06578,0.06606,806406971
1682380800000,0.06605,0.06619,0.06516,0.06579,686270561
1682467200000,0.06579,0.06713,0.06369,0.06501,1427914042
1682553600000,0.06501,0.06606,0.06491,0.06569,925474904
1682640000000,0.06569,0.06667,0.06554,0.06665,607300801
1682726400000,0.06664,0.06822,0.06655,0.06797,754426798
1682812800000,0.06798,0.06803,0.06705,0.06709,808435023
1682899200000,0.0671,0.06935,0.06671,0.06847,1958467435
1682985600000,0.06846,0.06988,0.06711,0.06919,1349576911
1683072000000,0.06918,0.06956,0.06816,0.06921,1128276462
1683158400000,0.06921,0.06962,0.06887,0.06934,569830258
1683244800000,0.06935,0.07142,0.06932,0.07091,1133652462
1683331200000,0.0709,0.07106,0.06951,0.0702,870266826
1683417600000,0.0702,0.07045,0.06899,0.06918,672292984
1683504000000,0.06918,0.06937,0.0669,0.06848,1248537380
1683590400000,0.06849,0.06932,0.06786,0.06901,906409790
1683676800000,0.06902,0.07062,0.0676,0.06931,1126962560
1683763200000,0.06931,0.06954,0.06671,0.06765,1019057041
1683849600000,0.06765,0.06937,0.06706,0.06905,1123014781
1683936000000,0.06904,0.06959,0.06839,0.0693,549556975
1684022400000,0.06931,0.06977,0.06875,0.06936,630925939
1684108800000,0.06936,0.0705,0.06901,0.07023,619078044
1684195200000,0.07023,0.07078,0.06988,0.07052,764348748
1684281600000,0.07051,0.07139,0.07015,0.07117,764729436
1684368000000,0.07116,0.07135,0.06972,0.07013,836951109
1684454400000,0.07013,0.0708,0.07002,0.07062,480301054
1684540800000,0.07061,0.07296,0.07048,0.07253,1372888060
1684627200000,0.07253,0.07684,0.0719,0.07494,3138879478
1684713600000,0.07494,0.07926,0.07418,0.07792,5142454704
1684800000000,0.07793,0.07992,0.07754,0.07842,2010675987
1684886400000,0.07842,0.07852,0.07636,0.07681,1602186124
1684972800000,0.07681,0.07835,0.07656,0.07669,1311500985
1685059200000,0.07669,0.07743,0.07527,0.07536,995929225
1685145600000,0.07536,0.07724,0.07512,0.0771,754384810
1685232000000,0.0771,0.07813,0.07659,0.07737,836535962
1685318400000,0.07737,0.07809,0.07597,0.07606,791789705
1685404800000,0.07607,0.07686,0.07555,0.07626,644694379
1685491200000,0.07626,0.07661,0.07501,0.07516,754235980
1685577600000,0.07517,0.07544,0.07405,0.07474,698504084
1685664000000,0.07473,0.08406,0.07449,0.08254,1941314382
1685750400000,0.08255,0.0859,0.0808,0.08169,5024449286
1685836800000,0.0817,0.08314,0.08014,0.08132,1876955172
1685923200000,0.08131,0.08188,0.07723,0.07829,1739409912
1686009600000,0.07828,0.07914,0.07733,0.07818,1197471611
1686096000000,0.07819,0.07892,0.07616,0.07671,1192227693
1686182400000,0.07671,0.078,0.07605,0.07734,688275939
1686268800000,0.07734,0.07839,0.07111,0.07198,2227303055
1686355200000,0.07198,0.07202,0.0644,0.06951,3200325834
1686441600000,0.06951,0.07056,0.06815,0.07018,780575121
1686528000000,0.07018,0.07125,0.06915,0.07112,927726385
1686614400000,0.07111,0.0727,0.07099,0.07186,927767237
1686700800000,0.07186,0.07283,0.06991,0.07097,824528681
1686787200000,0.07096,0.07212,0.06934,0.07094,1060816921
1686873600000,0.07094,0.07122,0.06866,0.07048,861363573
1686960000000,0.07048,0.07172,0.07019,0.07159,550146609
1687046400000,0.07159,0.0721,0.06934,0.07008,670303835
1687132800000,0.07007,0.07041,0.06929,0.06996,634752472
1687219200000,0.06995,0.07066,0.06795,0.07053,997945408
1687305600000,0.07053,0.07265,0.07021,0.07226,1258396541
1687392000000,0.07226,0.07415,0.0713,0.07219,994978154
1687478400000,0.07218,0.07388,0.07142,0.0731,957189158
1687564800000,0.07309,0.07347,0.07121,0.07215,730147372
1687651200000,0.07215,0.07382,0.07198,0.0731,682302006
1687737600000,0.0731,0.07472,0.07227,0.07378,983599103
1687824000000,0.07378,0.07536,0.07369,0.07429,614820054
1687910400000,0.0743,0.0745,0.07186,0.0737,813167661
1687996800000,0.0737,0.07477,0.07333,0.07441,599083163
1688083200000,0.0744,0.07683,0.07386,0.07614,1324183047
1688169600000,0.07613,0.07767,0.07568,0.0772,647063066
1688256000000,0.0772,0.07738,0.07519,0.07597,648921903
1688342400000,0.07597,0.07785,0.07572,0.07731,657556171
1688428800000,0.0773,0.07841,0.07684,0.07698,788359063
1688515200000,0.07697,0.07792,0.0765,0.07704,770612766
1688601600000,0.07703,0.07856,0.07681,0.07702,957436786
1688688000000,0.07701,0.07963,0.07661,0.07878,978169499
1688774400000,0.07878,0.08008,0.07861,0.08004,630803182
1688860800000,0.08003,0.08044,0.07727,0.07744,772299304
1688947200000,0.07744,0.07802,0.0761,0.07747,894001996
1689033600000,0.07748,0.07753,0.07666,0.0773,506469378
1689120000000,0.07729,0.07813,0.07696,0.07778,507347336
1689206400000,0.07778,0.08269,0.07759,0.08172,1287640709
1689292800000,0.08172,0.08278,0.0785,0.07984,1214049706
1689379200000,0.07984,0.08158,0.07982,0.0808,708629554
1689465600000,0.0808,0.08093,0.0789,0.07975,519667960
1689552000000,0.07976,0.08052,0.0789,0.07993,688838338
1689638400000,0.07994,0.08093,0.07873,0.07974,587773097
1689724800000,0.07975,0.0805,0.07925,0.08025,495134465
1689811200000,0.08025,0.08125,0.07984,0.08068,462351863
1689897600000,0.08069,0.08152,0.08036,0.08036,494311851
1689984000000,0.08037,0.09409,0.08018,0.08384,8719768179
1690070400000,0.08384,0.0852,0.0827,0.08332,1516755472
1690156800000,0.08332,0.08335,0.08013,0.08142,1024258001
1690243200000,0.08143,0.0823,0.0801,0.08186,967818643
1690329600000,0.08185,0.0825,0.08042,0.08237,823426318
1690416000000,0.08236,0.08299,0.082,0.08261,488799502
1690502400000,0.0826,0.0854,0.0826,0.08503,1121170222
1690588800000,0.08502,0.08528,0.08305,0.0832,669121432
1690675200000,0.0832,0.08375,0.07903,0.07995,1117947351
1690761600000,0.07996,0.08033,0.07727,0.07787,1413270535
1690848000000,0.07788,0.07864,0.07581,0.07863,913252260
1690934400000,0.07863,0.07869,0.07614,0.0763,677190069
1691020800000,0.0763,0.0775,0.0761,0.07708,449987223
1691107200000,0.07709,0.07784,0.07601,0.07674,517448686
1691193600000,0.07674,0.07767,0.07575,0.0775,518576745
1691280000000,0.0775,0.07756,0.07648,0.0769,468081503
1691366400000,0.07691,0.07729,0.0755,0.07682,690368843
1691452800000,0.07681,0.07738,0.07617,0.07672,566240669
1691539200000,0.07672,0.07706,0.07612,0.0767,467192855
1691625600000,0.07671,0.07755,0.07661,0.07729,388643930
1691712000000,0.0773,0.07748,0.07667,0.0772,250763604
1691798400000,0.07721,0.07755,0.07715,0.07749,165565243
1691884800000,0.07748,0.07762,0.07692,0.07705,220019441
1691971200000,0.07705,0.07763,0.07697,0.07744,376378113
1692057600000,0.07744,0.07751,0.07588,0.0763,428184425
1692144000000,0.07629,0.07678,0.0733,0.07464,767320036
1692230400000,0.07464,0.07562,0.06982,0.0726,1256330076
1692316800000,0.07259,0.07346,0.07191,0.07292,740852032
1692403200000,0.07292,0.07416,0.07288,0.07406,379361819
1692489600000,0.07405,0.07645,0.07395,0.07587,740691515
1692576000000,0.07588,0.07622,0.07391,0.07505,805509479
1692662400000,0.07505,0.07557,0.07401,0.07544,639624861
1692748800000,0.07543,0.07793,0.07536,0.07755,839806200
1692835200000,0.07756,0.07794,0.0761,0.07659,500996686
1692921600000,0.07658,0.07734,0.07598,0.07719,628464631
1693008000000,0.07719,0.07763,0.0771,0.07741,279251881
1693094400000,0.07741,0.07759,0.07707,0.07752,258741714
1693180800000,0.07752,0.07757,0.07617,0.0763,548859252
1693267200000,0.07631,0.07799,0.07583,0.07729,872213369
1693353600000,0.07729,0.07729,0.07532,0.07557,530065496
1693440000000,0.07556,0.07692,0.07504,0.07668,806763162
1693526400000,0.07667,0.07749,0.0757,0.07605,792879140
1693612800000,0.07605,0.07713,0.07592,0.07698,281047860
1693699200000,0.07698,0.07711,0.07657,0.07698,245030735
1693785600000,0.07698,0.07751,0.07664,0.07748,373315507
1693872000000,0.07749,0.07778,0.07691,0.07742,372145882
1693958400000,0.07741,0.07894,0.0772,0.07889,845994009
1694044800000,0.0789,0.07941,0.07864,0.07913,500967656
1694131200000,0.07913,0.07949,0.0782,0.07912,372908882
1694217600000,0.07912,0.07919,0.07865,0.07912,185085060
1694304000000,0.07913,0.07918,0.07728,0.07827,406421215
1694390400000,0.07828,0.07883,0.07692,0.07752,624572000
1694476800000,0.07752,0.08276,0.07735,0.08069,1390992653
1694563200000,0.08069,0.08174,0.08017,0.08115,710428585
1694649600000,0.08116,0.08397,0.08084,0.08371,714540233
1694736000000,0.0837,0.08421,0.08288,0.08399,617697888
1694822400000,0.08399,0.08453,0.08319,0.08347,413736530
1694908800000,0.08347,0.08386,0.08298,0.08327,361944164
1694995200000,0.08328,0.08476,0.08285,0.08379,497308651
1695081600000,0.08378,0.08486,0.08364,0.08448,444461390
1695168000000,0.08448,0.08498,0.08396,0.08437,392799590
1695254400000,0.08437,0.08471,0.08267,0.08294,580984459
1695340800000,0.08293,0.0843,0.08272,0.08328,384642253
1695427200000,0.08328,0.08388,0.0831,0.08358,270303764
1695513600000,0.08358,0.08444,0.08334,0.08354,344659473
1695600000000,0.08354,0.08504,0.08311,0.08461,481877768
1695686400000,0.08461,0.08497,0.08402,0.08467,414435236
1695772800000,0.08467,0.08596,0.0846,0.08545,672216209
1695859200000,0.08545,0.08675,0.08439,0.08671,607428201
1695945600000,0.08671,0.08984,0.08666,0.08903,995893363
1696032000000,0.08902,0.08932,0.08833,0.08851,327871352
1696118400000,0.08851,0.09058,0.08777,0.09006,530517386
1696204800000,0.09007,0.09039,0.08682,0.08738,701068869
1696291200000,0.08738,0.0909,0.08722,0.09057,764040357
1696377600000,0.09056,0.09062,0.08804,0.08883,889115278
1696464000000,0.08883,0.08946,0.08804,0.08814,539987368
1696550400000,0.08813,0.08892,0.08525,0.08714,971917024
1696636800000,0.08714,0.08835,0.08705,0.08801,497947605
1696723200000,0.08802,0.08835,0.08734,0.08797,286621157
1696809600000,0.08796,0.08826,0.08518,0.08609,854156335
1696896000000,0.08608,0.08662,0.08595,0.08615,394657663
1696982400000,0.08616,0.08664,0.08552,0.08599,689945168
1697068800000,0.08598,0.0865,0.08455,0.08476,452975891
1697155200000,0.08476,0.0858,0.08471,0.08547,362893447
1697241600000,0.08546,0.08574,0.08494,0.08496,232818029
1697328000000,0.08496,0.08677,0.08476,0.08661,361569044
1697414400000,0.08662,0.09089,0.08655,0.0888,847049262
1697500800000,0.08881,0.08886,0.08715,0.08848,412705798
1697587200000,0.08848,0.08944,0.08837,0.08912,452322596
1697673600000,0.08912,0.08997,0.0883,0.08997,458863876
1697760000000,0.08997,0.09208,0.08979,0.09067,739776695
1697846400000,0.09067,0.09184,0.09043,0.09155,474913567
1697932800000,0.09155,0.0919,0.08962,0.09028,591775325
1698019200000,0.09028,0.09426,0.08985,0.09217,1046336404
1698105600000,0.09218,0.09405,0.09171,0.09235,1141048195
1698192000000,0.09235,0.09416,0.09217,0.0935,815210439
1698278400000,0.0935,0.09384,0.09187,0.0928,768737060
1698364800000,0.0928,0.0941,0.09251,0.0935,558327394
1698451200000,0.09349,0.09478,0.09323,0.09428,400413729
1698537600000,0.09427,0.09521,0.09401,0.09482,324730192
1698624000000,0.09482,0.09569,0.09381,0.09558,481932123
1698710400000,0.09559,0.0973,0.09535,0.09715,650374389
1698796800000,0.09715,0.10076,0.0968,0.10016,1119565753
1698883200000,0.10016,0.10139,0.09857,0.0992,595186582
1698969600000,0.09919,0.0992,0.09699,0.09718,429124605
1699056000000,0.09718,0.09823,0.0968,0.09763,388686878
1699142400000,0.09763,0.09898,0.09719,0.09804,414239708
1699228800000,0.09803,0.09906,0.09638,0.09762,585853733
1699315200000,0.09763,0.09782,0.09571,0.09655,423224668
1699401600000,0.09655,0.09874,0.09625,0.09836,417027990
1699488000000,0.09835,0.10106,0.09728,0.09891,854520306
1699574400000,0.09891,0.11307,0.0989,0.10623,2507445590
1699660800000,0.10622,0.10909,0.10469,0.10808,589716494
1699747200000,0.10808,0.10912,0.10603,0.10852,392974584
1699833600000,0.10851,0.11072,0.10683,0.10687,602151819
1699920000000,0.10686,0.1072,0.10197,0.10226,590587079
1700006400000,0.10226,0.10475,0.10217,0.10414,596038993
1700092800000,0.10414,0.1048,0.10139,0.10233,513545010
1700179200000,0.10234,0.10393,0.10165,0.10377,427597075
1700265600000,0.10377,0.1038,0.10116,0.10293,336906354
1700352000000,0.10293,0.10384,0.10161,0.10354,358473791
1700438400000,0.10354,0.1051,0.10063,0.10089,544008667
1700524800000,0.10088,0.10196,0.09554,0.09605,746778944
1700611200000,0.09606,0.10202,0.09589,0.10114,863788499
1700697600000,0.10113,0.1023,0.10073,0.10206,318802066
1700784000000,0.10207,0.10524,0.10196,0.10451,549041458
1700870400000,0.10452,0.10899,0.10437,0.1089,589336266
1700956800000,0.10889,0.10994,0.10691,0.10779,469521908
1701043200000,0.1078,0.10802,0.10156,0.10177,816931856
1701129600000,0.10176,0.10373,0.0998,0.10291,855133197
1701216000000,0.10291,0.10402,0.10265,0.10345,488015342
1701302400000,0.10345,0.10435,0.10292,0.1035,340082603
1701388800000,0.1035,0.10421,0.10265,0.10306,394448701
1701475200000,0.10306,0.10413,0.10221,0.10319,382872520
1701561600000,0.10318,0.10417,0.10252,0.10313,374646997
1701648000000,0.10313,0.10611,0.10201,0.10396,768524938
1701734400000,0.10396,0.10433,0.10246,0.10358,526331933
1701820800000,0.10359,0.10623,0.10212,0.10475,878917773
1701907200000,0.10475,0.1057,0.10293,0.1042,567797665
1701993600000,0.1042,0.10734,0.10416,0.10671,764990581
1702080000000,0.1067,0.10886,0.10622,0.10666,702611076
1702166400000,0.10665,0.10858,0.10638,0.10791,539032495
1702252800000,0.1079,0.10805,0.09886,0.10379,966278982
1702339200000,0.10379,0.10514,0.10269,0.10356,481711549
1702425600000,0.10356,0.10452,0.10164,0.10428,537848671
1702512000000,0.10428,0.1061,0.10316,0.10604,482420358
1702598400000,0.10604,0.10636,0.10113,0.10145,482335165
1702684800000,0.10146,0.1033,0.10092,0.10273,452871802
1702771200000,0.10272,0.10355,0.10182,0.10193,351469469
1702857600000,0.10194,0.10198,0.09722,0.10088,809321157
1702944000000,0.10088,0.1016,0.09993,0.10055,379912434
1703030400000,0.10054,0.10333,0.1005,0.10273,416321493
1703116800000,0.10272,0.1051,0.10239,0.10469,456955533
1703203200000,0.10469,0.10523,0.1038,0.10522,395622138
1703289600000,0.10522,0.10707,0.10398,0.10687,445634146
1703376000000,0.10687,0.10762,0.10541,0.10628,512112797
1703462400000,0.10628,0.10868,0.10555,0.10595,616023100
1703548800000,0.10595,0.10672,0.1,0.10308,859153669
1703635200000,0.10309,0.1055,0.10235,0.10542,558294152
1703721600000,0.10543,0.1065,0.1043,0.10549,571711031
1703808000000,0.1055,0.10686,0.10452,0.10569,530479446
1703894400000,0.10569,0.10735,0.10508,0.10598,419761725
1703980800000,0.10599,0.10926,0.10563,0.10769,498514396
1704067200000,0.10769,0.10848,0.10601,0.10779,388686241
1704153600000,0.1078,0.11079,0.10763,0.10841,651410227
1704240000000,0.10841,0.11014,0.10269,0.10683,1174406066
1704326400000,0.10683,0.10873,0.10627,0.10696,580308064
1704412800000,0.10696,0.10717,0.10295,0.10437,632406158
1704499200000,0.10437,0.10438,0.10152,0.10385,407794183
1704585600000,0.10384,0.10411,0.10236,0.1027,299560560
1704672000000,0.10271,0.10432,0.10099,0.10415,648584882
1704758400000,0.10415,0.10454,0.10144,0.10273,595655648
1704844800000,0.10272,0.10583,0.10267,0.10517,666750359
1704931200000,0.10517,0.10777,0.1046,0.10617,822953688
1705017600000,0.10616,0.10803,0.10547,0.10684,710494837
1705104000000,0.10684,0.11648,0.10617,0.11422,2140070648
1705190400000,0.11422,0.11787,0.11095,0.11118,1163464369
1705276800000,0.11118,0.11442,0.10777,0.10867,795918472
1705363200000,0.10867,0.11056,0.10729,0.10802,578443958
1705449600000,0.10801,0.10928,0.10731,0.10837,352429478
1705536000000,0.10837,0.10979,0.10593,0.1081,537882913
1705622400000,0.10809,0.11048,0.10671,0.11047,540356715
1705708800000,0.11046,0.11089,0.10957,0.10999,286779795
1705795200000,0.10999,0.11176,0.10877,0.10883,326533717
1705881600000,0.10883,0.1099,0.10782,0.10927,466479052
1705968000000,0.10927,0.11,0.10604,0.10719,639784085
1706054400000,0.10719,0.10886,0.10684,0.10882,313980994
1706140800000,0.10881,0.11256,0.10853,0.11212,541441584
1706227200000,0.11211,0.11524,0.11206,0.11442,552065773
1706313600000,0.11443,0.11667,0.11175,0.11237,456615995
1706400000000,0.11236,0.11351,0.11138,0.11218,345740185
1706486400000,0.11218,0.11432,0.11197,0.11296,425345692
1706572800000,0.11296,0.11303,0.11159,0.11195,332540577
1706659200000,0.11194,0.1136,0.11128,0.11218,603784272
1706745600000,0.11217,0.11575,0.11162,0.1156,654091938
1706832000000,0.11561,0.11801,0.11546,0.11618,623316913
1706918400000,0.11618,0.11738,0.11591,0.11719,236488162
1707004800000,0.11719,0.11904,0.11677,0.1184,439230105
1707091200000,0.1184,0.12057,0.11742,0.11892,731136239
1707177600000,0.11892,0.12803,0.11883,0.12097,1123919249
1707264000000,0.12097,0.12635,0.12078,0.12356,857331096
1707350400000,0.12356,0.12681,0.12099,0.12183,698259003
1707436800000,0.12183,0.12383,0.12164,0.12367,303218371
1707523200000,0.12366,0.12457,0.12278,0.12437,204330969
1707609600000,0.12437,0.12495,0.12396,0.12418,185352539
1707696000000,0.12417,0.12582,0.1233,0.12497,400102807
1707782400000,0.12498,0.12714,0.12433,0.12696,366095670
1707868800000,0.12696,0.1302,0.12637,0.12967,414690714
1707955200000,0.12967,0.13206,0.12958,0.13112,672545350
1708041600000,0.13112,0.13311,0.13061,0.13298,438673599
1708128000000,0.13298,0.1398,0.13266,0.136,1043881782
1708214400000,0.13601,0.13621,0.13467,0.13531,375056306
1708300800000,0.1353,0.13698,0.13516,0.13645,305793637
1708387200000,0.13646,0.14016,0.13578,0.13935,611295150
1708473600000,0.13935,0.14075,0.13807,0.13984,570907766
1708560000000,0.13983,0.14037,0.13863,0.13902,377823385
1708646400000,0.13901,0.1395,0.13758,0.13823,334595774
1708732800000,0.13822,0.13845,0.13691,0.13753,209435028
1708819200000,0.13753,0.13822,0.13728,0.13777,141282824
1708905600000,0.13776,0.14018,0.13738,0.13998,279357402
1708992000000,0.13999,0.14461,0.13982,0.14304,471105824
1709078400000,0.14305,0.14448,0.13792,0.14226,662204428
1709164800000,0.14225,0.14398,0.14012,0.14044,542816913
1709251200000,0.14044,0.1417,0.14031,0.14162,281694830
1709337600000,0.14163,0.14196,0.1403,0.1414,282828504
1709424000000,0.1414,0.14153,0.1386,0.14074,388144518
1709510400000,0.14074,0.14148,0.13951,0.14039,497394218
1709596800000,0.14039,0.14058,0.13174,0.1359,904824922
1709683200000,0.1359,0.13842,0.13528,0.13783,576017213
1709769600000,0.13782,0.13814,0.13629,0.13717,423647008
1709856000000,0.13717,0.13781,0.13577,0.13655,437826915
1709942400000,0.13655,0.13716,0.13561,0.13583,245508250
1710028800000,0.13583,0.13624,0.13329,0.13377,252612001
1710115200000,0.13377,0.13428,0.13123,0.13383,552149012
1710201600000,0.13382,0.13424,0.13015,0.13146,641301882
1710288000000,0.13147,0.13249,0.13101,0.13211,364162613
1710374400000,0.13212,0.1322,0.12743,0.12928,787205969
1710460800000,0.12928,0.12958,0.12495,0.1264,1012606842
1710547200000,0.1264,0.12748,0.12463,0.1253,579854591
1710633600000,0.1253,0.12664,0.12389,0.12634,491726608
1710720000000,0.12633,0.12684,0.12283,0.12417,565313652
1710806400000,0.12417,0.12448,0.11019,0.11233,1750373580
1710892800000,0.11232,0.12129,0.11012,0.12081,1669484739
1710979200000,0.12081,0.12206,0.12028,0.12122,782546528
1711065600000,0.12122,0.12163,0.11491,0.11741,849056747
1711152000000,0.11742,0.11976,0.11602,0.11822,581600878
1711238400000,0.11821,0.12064,0.11658,0.12023,512943628
1711324800000,0.12023,0.12115,0.11725,0.12049,691405780
1711411200000,0.12049,0.12253,0.12039,0.1209,491415617
1711497600000,0.12091,0.12167,0.11901,0.1195,470816626
1711584000000,0.1195,0.1208,0.11914,0.12059,244814181
1711670400000,0.12058,0.12147,0.11952,0.12005,344335877
1711756800000,0.12005,0.12308,0.12004,0.12268,299204756
1711843200000,0.12269,0.12345,0.12221,0.12313,254509477
1711929600000,0.12313,0.12341,0.11977,0.12062,500031095
1712016000000,0.12063,0.12068,0.11573,0.11667,697445074
1712102400000,0.11666,0.11858,0.11552,0.1172,596200040
1712188800000,0.11719,0.11962,0.11689,0.11928,416741401
1712275200000,0.11927,0.11955,0.11728,0.11794,394992615
1712361600000,0.11795,0.12004,0.11776,0.11969,228119926
1712448000000,0.11968,0.12108,0.11966,0.12066,211337932
1712534400000,0.12067,0.12366,0.12065,0.12315,395926404
1712620800000,0.12316,0.12321,0.12028,0.12118,472396600
1712707200000,0.12118,0.12421,0.11788,0.11924,728292491
1712793600000,0.11925,0.12061,0.11898,0.12042,367363626
1712880000000,0.12042,0.12246,0.11079,0.11484,1029142289
1712966400000,0.11485,0.11544,0.10643,0.11011,1270363064
1713052800000,0.11011,0.11262,0.10876,0.11241,966819379
1713139200000,0.11241,0.11534,0.10978,0.11141,1164237373
1713225600000,0.11141,0.11208,0.10877,0.11177,955904598
1713312000000,0.11178,0.11299,0.10882,0.10956,840457173
1713398400000,0.10955,0.11017,0.10733,0.10923,725576269
1713484800000,0.10923,0.11056,0.10475,0.10981,983865701
1713571200000,0.10981,0.11113,0.10888,0.11102,456826790
1713657600000,0.11101,0.11149,0.11013,0.11127,362106777
1713744000000,0.11127,0.11243,0.11036,0.11214,476740958
1713830400000,0.11215,0.11365,0.11119,0.11319,404960480
1713916800000,0.1132,0.11412,0.11233,0.11324,533752256
1714003200000,0.11324,0.11745,0.11306,0.11722,749115042
1714089600000,0.11722,0.1206,0.11642,0.12012,747536602
1714176000000,0.12012,0.12098,0.11849,0.11966,585497803
1714262400000,0.11966,0.12396,0.11966,0.12118,554193713
1714348800000,0.12118,0.12141,0.11761,0.11895,622446597
1714435200000,0.11895,0.12085,0.11742,0.11955,1060714472
1714521600000,0.11954,0.12105,0.11701,0.12042,940124452
1714608000000,0.12043,0.12336,0.12,0.1222,550133757
1714694400000,0.12219,0.12386,0.12176,0.12264,369281606
1714780800000,0.12264,0.12355,0.12218,0.1222,265016418
1714867200000,0.12219,0.12224,0.12066,0.12108,289623761
1714953600000,0.12107,0.12202,0.11815,0.11853,460668442
1715040000000,0.11853,0.1217,0.11802,0.12047,453964304
1715126400000,0.12046,0.12378,0.12014,0.1229,706163358
1715212800000,0.1229,0.12716,0.12286,0.12616,745926800
1715299200000,0.12616,0.12751,0.12403,0.12744,632614887
1715385600000,0.12743,0.12769,0.12576,0.12631,339910923
1715472000000,0.12631,0.1274,0.1263,0.12734,240090103
1715558400000,0.12735,0.1275,0.12538,0.12548,415358072
1715644800000,0.12548,0.12585,0.12465,0.12542,324222904
1715731200000,0.12541,0.12689,0.12522,0.12628,320592821
1715817600000,0.12627,0.12666,0.12416,0.12492,619960426
1715904000000,0.12492,0.12508,0.12387,0.12423,353309074
1715990400000,0.12423,0.1245,0.12288,0.12292,262889221
1716076800000,0.12292,0.12318,0.12035,0.12113,388255411
1716163200000,0.12112,0.12448,0.12081,0.12445,469273290
1716249600000,0.12444,0.12465,0.12274,0.1236,397579313
1716336000000,0.1236,0.12389,0.11949,0.11999,395206591
1716422400000,0.11999,0.12001,0.1126,0.11536,636533400
1716508800000,0.11536,0.11574,0.11313,0.1155,529936465
1716595200000,0.1155,0.11608,0.11307,0.11375,374833000
1716681600000,0.11376,0.11415,0.11262,0.1131,254294297
1716768000000,0.1131,0.11327,0.11076,0.1125,461982722
1716854400000,0.11251,0.11262,0.11024,0.1112,459678039
1716940800000,0.1112,0.11252,0.11091,0.1121,300528131
1717027200000,0.11209,0.11229,0.11062,0.11203,264375683
1717113600000,0.11203,0.11288,0.11102,0.11211,244338043
1717200000000,0.11211,0.11307,0.11092,0.11265,177741901
1717286400000,0.11266,0.11534,0.11254,0.11479,290303330
1717372800000,0.1148,0.11527,0.11286,0.11335,352238915
1717459200000,0.11335,0.11461,0.11314,0.11446,228614215
1717545600000,0.11446,0.1149,0.11367,0.11464,216120503
1717632000000,0.11464,0.11533,0.114,0.11483,230416038
1717718400000,0.11482,0.11523,0.1088,0.1126,600523613
1717804800000,0.1126,0.11519,0.11217,0.11477,428498143
1717891200000,0.11476,0.11697,0.11368,0.11689,411544883
1717977600000,0.11689,0.11786,0.11596,0.11771,403298493
1718064000000,0.11771,0.11805,0.11585,0.11657,543164875
1718150400000,0.11658,0.11793,0.11566,0.11648,599583615
1718236800000,0.11647,0.11714,0.11562,0.11697,353120218
1718323200000,0.11697,0.11711,0.115,0.11649,371698490
1718409600000,0.11649,0.11666,0.11478,0.11525,237224417
1718496000000,0.11526,0.11784,0.11493,0.11731,263485928
1718582400000,0.11732,0.11816,0.11628,0.11671,525484875
1718668800000,0.11672,0.11677,0.11118,0.11541,616646296
1718755200000,0.1154,0.11717,0.11511,0.11574,291563264
1718841600000,0.11575,0.11708,0.11562,0.11675,218218523
1718928000000,0.11674,0.11872,0.11608,0.1183,395253025
1719014400000,0.11829,0.12006,0.11776,0.11964,272325720
1719100800000,0.11964,0.1205,0.11895,0.11917,223756476
1719187200000,0.11917,0.11991,0.11727,0.11901,427050001
1719273600000,0.11901,0.12215,0.11901,0.12184,272974794
1719360000000,0.12184,0.1249,0.12175,0.12262,427784097
1719446400000,0.12262,0.12372,0.12187,0.12191,266231301
1719532800000,0.1219,0.12381,0.12171,0.12312,299226128
1719619200000,0.12311,0.12627,0.12292,0.12549,403241347
1719705600000,0.12549,0.12584,0.12454,0.1246,265358393
1719792000000,0.12461,0.12899,0.12453,0.1277,467665543
1719878400000,0.1277,0.12936,0.12748,0.12923,310981849
1719964800000,0.12922,0.13007,0.12813,0.12865,452980739
1720051200000,0.12865,0.12907,0.12549,0.1271,662222160
1720137600000,0.1271,0.12775,0.12089,0.12676,1288158046
1720224000000,0.12676,0.13029,0.12629,0.12991,459014095
1720310400000,0.12991,0.13102,0.12434,0.12452,487058030
1720396800000,0.12452,0.12646,0.12265,0.12608,606382841
1720483200000,0.12608,0.12997,0.12607,0.12993,372686094
1720569600000,0.12994,0.13185,0.12904,0.13145,312846232
1720656000000,0.13144,0.13528,0.13138,0.13423,520619153
1720742400000,0.13424,0.13728,0.1338,0.13726,396521051
1720828800000,0.13727,0.1416,0.13724,0.13936,518602940
1720915200000,0.13936,0.14013,0.13721,0.13746,339238310
1721001600000,0.13746,0.13888,0.13642,0.13728,412651285
1721088000000,0.13727,0.13736,0.13262,0.13393,685980945
1721174400000,0.13393,0.13505,0.13332,0.1334,371498319
1721260800000,0.1334,0.13466,0.133,0.13443,272548726
1721347200000,0.13443,0.13585,0.13389,0.13453,415519862
1721433600000,0.13452,0.13469,0.1335,0.13458,258868046
1721520000000,0.13458,0.13494,0.13339,0.13414,187608502
1721606400000,0.13414,0.13725,0.13158,0.13227,718115937
1721692800000,0.13227,0.13443,0.13098,0.13412,373296804
1721779200000,0.13411,0.13479,0.13341,0.13428,308669508
1721865600000,0.13428,0.13647,0.13328,0.13548,515920806
1721952000000,0.13549,0.13777,0.13548,0.13741,270760132
1722038400000,0.13741,0.1377,0.13623,0.13717,224341209
1722124800000,0.13717,0.1393,0.13671,0.13845,303514088
1722211200000,0.13845,0.1394,0.13487,0.13738,496796758
1722297600000,0.13737,0.13844,0.13224,0.13299,444260058
1722384000000,0.133,0.133,0.12833,0.12853,540901073
1722470400000,0.12854,0.12972,0.12678,0.12816,495689879
1722556800000,0.12816,0.12835,0.12269,0.12357,532197428
1722643200000,0.12357,0.12543,0.12284,0.12539,582586319
1722729600000,0.12539,0.12861,0.12492,0.12631,956431007
1722816000000,0.1263,0.12658,0.11677,0.12143,2032688096
1722902400000,0.12142,0.12381,0.12122,0.12332,668930911
1722988800000,0.12332,0.12545,0.12321,0.12468,565593136
1723075200000,0.12468,0.12712,0.1241,0.12696,397051279
1723161600000,0.12696,0.1283,0.1262,0.12829,425763714
1723248000000,0.1283,0.12971,0.12815,0.12896,378888867
1723334400000,0.12896,0.12935,0.12723,0.12762,271005190
1723420800000,0.12763,0.12822,0.12592,0.12664,454782948
1723507200000,0.12664,0.12902,0.12546,0.12872,410744284
1723593600000,0.12872,0.13089,0.12852,0.13039,522815782
1723680000000,0.13039,0.13214,0.12962,0.13011,527515413
1723766400000,0.13011,0.13418,0.12931,0.13415,605889745
1723852800000,0.13416,0.13631,0.13325,0.13476,535922490
1723939200000,0.13477,0.13568,0.13308,0.13508,405827851
1724025600000,0.13508,0.14364,0.13382,0.14312,1326328021
1724112000000,0.14311,0.16199,0.14212,0.1615,3153293789
1724198400000,0.1615,0.16678,0.153,0.15379,4326483387
1724284800000,0.15379,0.16032,0.14777,0.15542,3251622535
1724371200000,0.15541,0.1592,0.1533,0.15827,1587838529
1724457600000,0.15827,0.16305,0.1574,0.1588,1334886876
1724544000000,0.15881,0.16888,0.15614,0.16629,2083837804
1724630400000,0.16629,0.16876,0.16123,0.16144,1786206210
1724716800000,0.16144,0.16366,0.15561,0.1579,1331951575
1724803200000,0.1579,0.15984,0.15702,0.15822,1034882749
1724889600000,0.15822,0.1615,0.15784,0.15988,747042096
1724976000000,0.15988,0.16174,0.15894,0.15998,793430540
1725062400000,0.15999,0.16036,0.15637,0.15758,595164519
1725148800000,0.15759,0.15777,0.15445,0.15555,591509281
1725235200000,0.15555,0.15689,0.15357,0.1542,613690442
1725321600000,0.1542,0.15468,0.15006,0.15017,689213140
1725408000000,0.15017,0.15216,0.14857,0.14993,803505163
1725494400000,0.14992,0.1513,0.1488,0.1497,523708700
1725580800000,0.14971,0.15019,0.14627,0.14786,612934115
1725667200000,0.14786,0.15209,0.14786,0.15157,468280948
1725753600000,0.15158,0.15336,0.15098,0.15314,495729487
1725840000000,0.15315,0.15503,0.15303,0.15452,474857907
1725926400000,0.15452,0.15455,0.15195,0.15291,423892601
1726012800000,0.15291,0.1535,0.15164,0.15333,406759975
1726099200000,0.15334,0.15431,0.1517,0.15186,458531561
1726185600000,0.15187,0.15187,0.14832,0.14876,608394544
1726272000000,0.14876,0.14877,0.14676,0.14741,416218884
1726358400000,0.14741,0.14957,0.14687,0.14887,442593721
1726444800000,0.14886,0.14963,0.14759,0.1489,438310437
1726531200000,0.1489,0.15127,0.14888,0.14993,342278041
1726617600000,0.14994,0.15024,0.14882,0.14941,297120641
1726704000000,0.14941,0.1516,0.14932,0.15148,357931226
1726790400000,0.15148,0.15278,0.1512,0.15198,270170288
1726876800000,0.15197,0.15242,0.1513,0.15188,129556841
1726963200000,0.15187,0.15209,0.15076,0.15167,260706025
1727049600000,0.15168,0.15288,0.15109,0.15225,298214442
1727136000000,0.15225,0.15252,0.15051,0.15112,301827084
1727222400000,0.15112,0.15117,0.14967,0.1499,290477230
1727308800000,0.14991,0.15368,0.14922,0.15303,376068661
1727395200000,0.15303,0.15554,0.15303,0.15511,354168479
1727481600000,0.1551,0.15541,0.15372,0.15506,204316670
1727568000000,0.15506,0.15766,0.15468,0.15635,320817249
1727654400000,0.15635,0.15692,0.15465,0.15589,423214266
1727740800000,0.15588,0.15715,0.15282,0.15348,572856561
1727827200000,0.15348,0.1553,0.153,0.15449,497859423
1727913600000,0.15448,0.1578,0.15337,0.15773,568628936
1728000000000,0.15773,0.15787,0.1563,0.1564,348867305
1728086400000,0.1564,0.15651,0.15338,0.15339,275966081
1728172800000,0.15339,0.15469,0.15299,0.15424,214742774
1728259200000,0.15425,0.15669,0.15376,0.15582,399927077
1728345600000,0.15581,0.16056,0.15554,0.16002,498964394
1728432000000,0.16003,0.16208,0.1594,0.16052,442064573
1728518400000,0.16052,0.16067,0.15854,0.15873,356152375
1728604800000,0.15873,0.16149,0.158,0.15973,324901764
1728691200000,0.15972,0.16405,0.15897,0.16243,335745416
1728777600000,0.16242,0.16349,0.16179,0.16254,244314263
1728864000000,0.16254,0.16317,0.15958,0.16046,515810601
1728950400000,0.16047,0.16051,0.15747,0.15869,445751400
1729036800000,0.15869,0.16035,0.15836,0.16004,312241799
1729123200000,0.16004,0.16058,0.15898,0.15935,253799572
1729209600000,0.15935,0.15944,0.1581,0.15831,214721455
1729296000000,0.1583,0.15855,0.15603,0.15666,274686413
1729382400000,0.15665,0.15686,0.1559,0.15664,173461887
1729468800000,0.15664,0.15874,0.15501,0.15829,330207362
1729555200000,0.15828,0.16077,0.15743,0.16032,371972606
1729641600000,0.16033,0.16071,0.15918,0.16033,284696474
1729728000000,0.16034,0.16519,0.16032,0.16465,442120506
1729814400000,0.16464,0.16698,0.16175,0.16255,686111977
1729900800000,0.16254,0.16549,0.16234,0.16515,319461221
1729987200000,0.16515,0.16634,0.16388,0.16392,281534307
1730073600000,0.16393,0.1645,0.16308,0.16414,273137353
1730160000000,0.16414,0.1673,0.16394,0.16637,430900462
1730246400000,0.16638,0.16991,0.16598,0.16936,375744268
1730332800000,0.16936,0.17068,0.16764,0.16854,387168608
1730419200000,0.16854,0.16888,0.166,0.16737,375222892
1730505600000,0.16736,0.16775,0.16577,0.16607,175798112
1730592000000,0.16606,0.16613,0.16305,0.16515,324385028
1730678400000,0.16516,0.16579,0.16245,0.16279,357928392
1730764800000,0.16279,0.16321,0.15958,0.15996,486236208
1730851200000,0.15996,0.1641,0.15982,0.16239,613607226
1730937600000,0.16239,0.16295,0.15939,0.16001,464450583
1731024000000,0.16001,0.16188,0.15978,0.16089,304400645
1731110400000,0.16089,0.16218,0.15965,0.16204,251439425
1731196800000,0.16205,0.16687,0.16122,0.16399,730901936
1731283200000,0.16399,0.16805,0.1633,0.16794,676721199
1731369600000,0.16794,0.1905,0.1644,0.18753,2013579898
1731456000000,0.18754,0.19245,0.17357,0.17716,1350636152
1731542400000,0.17716,0.18533,0.1756,0.17646,849010424
1731628800000,0.17646,0.19169,0.17594,0.19141,947442846
1731715200000,0.19141,0.20495,0.18815,0.20032,941953123
1731801600000,0.20032,0.20161,0.19237,0.19963,591219594
1731888000000,0.19963,0.20728,0.19962,0.2022,662187633
1731974400000,0.20219,0.20688,0.19836,0.19966,513397413
1732060800000,0.19967,0.19999,0.19314,0.19471,485167851
1732147200000,0.1947,0.20166,0.19296,0.19874,574503969
1732233600000,0.19874,0.2051,0.19678,0.20504,616066005
1732320000000,0.20504,0.22519,0.20496,0.21218,1083842413
1732406400000,0.2122,0.21748,0.20032,0.2088,939490720
1732492800000,0.20879,0.21264,0.19371,0.19589,989489708
1732579200000,0.19587,0.20101,0.18601,0.19451,1023926990
1732665600000,0.19451,0.20251,0.19334,0.2011,523134836
1732752000000,0.2011,0.20387,0.19556,0.20345,534290148
1732838400000,0.20346,0.2074,0.20071,0.20446,359561380
1732924800000,0.20447,0.20739,0.20241,0.20491,338379684
1733011200000,0.20491,0.20992,0.20202,0.20737,429549852
1733097600000,0.20737,0.22143,0.20315,0.22136,1312184037
1733184000000,0.22135,0.45,0.22123,0.43347,8352820398
1733270400000,0.43336,0.4509,0.32222,0.33084,10108406416
1733356800000,0.33085,0.34685,0.31278,0.32269,4331491160
1733443200000,0.32268,0.32992,0.3085,0.32585,1891876178
1733529600000,0.32585,0.3363,0.31685,0.31908,1263356683
1733616000000,0.31908,0.32375,0.30676,0.31866,871373540
1733702400000,0.31867,0.32164,0.2371,0.26273,2672509820
1733788800000,0.26267,0.27985,0.24367,0.26934,2320112845
1733875200000,0.26934,0.28744,0.26107,0.28205,1185930541
1733961600000,0.28205,0.30972,0.28001,0.29672,1925069669
1734048000000,0.29672,0.30232,0.28352,0.29061,1059681285
1734134400000,0.2906,0.29767,0.27759,0.28224,773501912
1734220800000,0.28225,0.28678,0.27502,0.28556,569060047
1734307200000,0.28559,0.3049,0.27629,0.29668,1353178640
1734393600000,0.29667,0.29781,0.27722,0.27949,1254911549
1734480000000,0.27952,0.28135,0.25347,0.25776,1196576385
1734566400000,0.25777,0.26631,0.24337,0.25091,1527293539
1734652800000,0.25091,0.2545,0.22385,0.24855,1538247360
1734739200000,0.24855,0.25602,0.24173,0.24484,857493661
1734825600000,0.24484,0.25082,0.24127,0.24409,754001858
1734912000000,0.24409,0.25363,0.24095,0.25239,862982109
1734998400000,0.25238,0.25947,0.25004,0.25626,564813196
1735084800000,0.25626,0.25877,0.25525,0.25797,467150197
1735171200000,0.25797,0.25897,0.24934,0.25373,615515905
1735257600000,0.25373,0.26543,0.25273,0.25923,858048643
1735344000000,0.25923,0.26328,0.25641,0.25821,426687959
1735430400000,0.2582,0.26342,0.25642,0.25776,533504489
1735516800000,0.25776,0.25981,0.25026,0.25339,667806414
1735603200000,0.25338,0.25768,0.25108,0.25456,419627137
1735689600000,0.25456,0.25652,0.25268,0.25588,316030253
1735776000000,0.25588,0.26698,0.25563,0.26531,624167278
1735862400000,0.26531,0.27143,0.26077,0.2702,597181305
1735948800000,0.2702,0.27437,0.26636,0.26963,588907030
1736035200000,0.26964,0.26974,0.26098,0.26254,418611726
1736121600000,0.26253,0.26987,0.25931,0.26843,588794143
1736208000000,0.26842,0.27174,0.25188,0.25236,865117798
1736294400000,0.25235,0.25491,0.24396,0.25045,882383807
1736380800000,0.25044,0.25142,0.23636,0.24005,792662849
1736467200000,0.24004,0.2447,0.23718,0.24442,541595791
1736553600000,0.24442,0.2445,0.24027,0.2408,250351609
1736640000000,0.24079,0.24117,0.23135,0.23342,303623538
1736726400000,0.23342,0.23723,0.21659,0.22276,1217579368
1736812800000,0.22276,0.2269,0.22021,0.22073,508883327
1736899200000,0.22072,0.2382,0.2203,0.23795,839850851
1736985600000,0.23795,0.24103,0.2325,0.23702,866189397
1737072000000,0.23702,0.24942,0.23702,0.24875,541630261
1737158400000,0.24875,0.268,0.23799,0.24223,1753948173
1737244800000,0.24224,0.24666,0.22572,0.22858,1708435025
1737331200000,0.22859,0.25741,0.22361,0.23809,2429107802
1737417600000,0.23809,0.247,0.23484,0.2448,1084976255
1737504000000,0.24479,0.25851,0.24472,0.25374,1060671480
1737590400000,0.25374,0.25478,0.24386,0.25263,1102913397
1737676800000,0.25262,0.26154,0.25016,0.25422,748188426
1737763200000,0.25422,0.25783,0.25282,0.25327,436453686
1737849600000,0.25327,0.25419,0.24593,0.24598,422498871
1737936000000,0.24599,0.24689,0.23199,0.24647,1049689992
1738022400000,0.24648,0.24833,0.23824,0.23975,484580656
1738108800000,0.23975,0.24378,0.23566,0.23996,568364042
1738195200000,0.23997,0.25288,0.23885,0.25186,482473875
1738281600000,0.25185,0.25817,0.25093,0.25361,615268374
1738368000000,0.25361,0.25656,0.24369,0.24406,545941448
1738454400000,0.24407,0.24624,0.22091,0.22547,1315538255
1738540800000,0.22548,0.23002,0.19887,0.22854,2169116365
1738627200000,0.22853,0.22941,0.21565,0.22436,1269314109
1738713600000,0.22437,0.22713,0.22131,0.2223,558475614
1738800000000,0.22229,0.2328,0.22112,0.23148,802515085
1738886400000,0.23148,0.23482,0.22714,0.22992,721316018
1738972800000,0.22992,0.23444,0.22834,0.2311,458693820
1739059200000,0.2311,0.23764,0.2307,0.2321,472873007
1739145600000,0.23211,0.24679,0.22761,0.24616,632317004
1739232000000,0.24616,0.24911,0.23984,0.24078,524487528
1739318400000,0.24079,0.24554,0.23555,0.24319,596619066
1739404800000,0.24319,0.24421,0.23345,0.23395,479206761
1739491200000,0.23394,0.23667,0.22967,0.23138,527265883
1739577600000,0.23137,0.238,0.23004,0.2374,359158507
1739664000000,0.2374,0.24387,0.23529,0.24223,430027928
1739750400000,0.24222,0.24758,0.23817,0.23861,534320496
1739836800000,0.23862,0.24118,0.23218,0.23911,533594236
1739923200000,0.23911,0.24403,0.23911,0.24218,391314571
1740009600000,0.24217,0.24774,0.23747,0.24618,430246728
1740096000000,0.24619,0.25063,0.23527,0.23775,627451970
1740182400000,0.23776,0.2396,0.23418,0.23923,401501258
1740268800000,0.23924,0.24623,0.23773,0.24594,414205007
1740355200000,0.24593,0.24903,0.23901,0.23987,784896659
1740441600000,0.23987,0.24401,0.22504,0.2306,1451614077
1740528000000,0.23061,0.23188,0.22242,0.22704,1004745497
1740614400000,0.22704,0.22971,0.22529,0.22841,431610785
1740700800000,0.22842,0.23341,0.21669,0.23325,944722657
1740787200000,0.23324,0.2373,0.22975,0.23395,415010502
1740873600000,0.23395,0.24764,0.23188,0.24401,584790456
1740960000000,0.244,0.24557,0.22713,0.23103,838387409
1741046400000,0.23103,0.24289,0.22645,0.24252,936799868
1741132800000,0.24252,0.24555,0.24042,0.24347,407481271
1741219200000,0.24347,0.24678,0.23879,0.23993,432226702
1741305600000,0.23994,0.24674,0.23481,0.24348,591539558
1741392000000,0.24348,0.25097,0.2434,0.24366,550835454
1741478400000,0.24365,0.24405,0.23154,0.23192,498476601
1741564800000,0.23195,0.23798,0.22681,0.22894,727611958
1741651200000,0.22895,0.23221,0.22232,0.22407,712798988
1741737600000,0.22407,0.22615,0.21963,0.22273,547687432
1741824000000,0.22273,0.22655,0.22179,0.225,451203293
1741910400000,0.225,0.22613,0.22039,0.22231,374013515
1741996800000,0.2223,0.22504,0.21971,0.22136,403614939
1742083200000,0.22136,0.22148,0.21057,0.21172,556877152
1742169600000,0.21171,0.222,0.21084,0.22055,574417396
1742256000000,0.22054,0.23938,0.21981,0.23704,824192230
1742342400000,0.23704,0.24377,0.22863,0.23075,1117635134
1742428800000,0.23075,0.23688,0.22832,0.23369,610580414
1742515200000,0.23368,0.2377,0.23026,0.23343,401723541
1742601600000,0.23344,0.23834,0.23268,0.23697,280041542
1742688000000,0.23696,0.24084,0.22946,0.2299,384899870
1742774400000,0.22991,0.23004,0.22487,0.22796,471795639
1742860800000,0.22797,0.229,0.22571,0.22709,258191493
1742947200000,0.22709,0.23177,0.22659,0.23131,321656184
1743033600000,0.23132,0.2353,0.23053,0.23499,324751043
1743120000000,0.23499,0.23502,0.22884,0.23227,337321977
1743206400000,0.23227,0.23582,0.23152,0.23152,414079899
1743292800000,0.23153,0.2328,0.22938,0.23174,319008565
1743379200000,0.23174,0.24016,0.2309,0.23868,391650048
1743465600000,0.23868,0.23911,0.23305,0.23773,378989987
1743552000000,0.23773,0.24018,0.23184,0.23392,615704629
1743638400000,0.23392,0.23855,0.23018,0.23815,423252602
1743724800000,0.23814,0.2418,0.23644,0.239,415421859
1743811200000,0.23899,0.23916,0.23561,0.23724,242752881
1743897600000,0.23724,0.23998,0.22809,0.22996,481142838
1743984000000,0.22997,0.23214,0.2207,0.22854,796858881
1744070400000,0.22855,0.23681,0.22848,0.23044,543333096
1744156800000,0.23043,0.23921,0.22603,0.23846,650674222
1744243200000,0.23846,0.24415,0.23444,0.23617,638883477
1744329600000,0.23616,0.24373,0.2344,0.24285,443614458
1744416000000,0.24284,0.25063,0.23999,0.24585,617233401
1744502400000,0.24585,0.25465,0.24552,0.25462,597536620
1744588800000,0.25461,0.25998,0.25118,0.25199,656618714
1744675200000,0.252,0.25376,0.24665,0.25037,520412389
1744761600000,0.25038,0.25521,0.24727,0.24736,508431537
1744848000000,0.24736,0.2505,0.24359,0.24763,541227936
1744934400000,0.24763,0.24785,0.23943,0.23963,405310217
1745020800000,0.23963,0.24456,0.23943,0.24392,294405951
1745107200000,0.24392,0.24679,0.24109,0.24356,347952178
1745193600000,0.24356,0.24691,0.24072,0.24631,487283716
1745280000000,0.2463,0.25006,0.24347,0.24823,505895111
1745366400000,0.24822,0.24945,0.24307,0.24614,448893498
1745452800000,0.24612,0.2475,0.24168,0.2453,359546478
1745539200000,0.2453,0.24584,0.2399,0.24171,411018365
1745625600000,0.2417,0.25336,0.24153,0.25201,618675177
1745712000000,0.25201,0.25454,0.24502,0.24513,454066870
1745798400000,0.24513,0.24835,0.24319,0.24824,451950770
1745884800000,0.24823,0.24988,0.24281,0.24371,291717386
1745971200000,0.2437,0.24702,0.24201,0.24639,309131587
1746057600000,0.24639,0.24956,0.24377,0.24451,319713651
1746144000000,0.24451,0.24835,0.24306,0.24778,293167485
1746230400000,0.24779,0.2498,0.24418,0.24536,353668305
1746316800000,0.24535,0.24889,0.24485,0.24703,294611976
1746403200000,0.24703,0.25043,0.24577,0.24811,394525536
1746489600000,0.24811,0.24839,0.24361,0.24577,343863908
1746576000000,0.24576,0.24916,0.2433,0.24865,347058201
1746662400000,0.24865,0.26357,0.24806,0.25708,609836645
1746748800000,0.25707,0.26625,0.25404,0.26013,854704443
1746835200000,0.26013,0.26684,0.25842,0.26618,560152070
1746921600000,0.26616,0.26881,0.25941,0.26521,604656364
1747008000000,0.2652,0.28029,0.26298,0.27175,1237986529
1747094400000,0.27174,0.27307,0.26052,0.27077,687568332
1747180800000,0.27078,0.27913,0.26895,0.27458,666847218
1747267200000,0.27457,0.27638,0.26711,0.27323,715481016
1747353600000,0.27322,0.27816,0.27037,0.27147,459030451
1747440000000,0.27146,0.27222,0.26658,0.26946,418109896
1747526400000,0.26945,0.27487,0.26328,0.26784,556778026
1747612800000,0.26784,0.26791,0.26016,0.26656,456897647
1747699200000,0.26656,0.27548,0.26588,0.26902,607570564
1747785600000,0.26902,0.2743,0.2655,0.26808,610183305
1747872000000,0.26809,0.2822,0.26711,0.27581,730267406
1747958400000,0.27582,0.27618,0.26338,0.26863,727248468
1748044800000,0.26864,0.27385,0.2684,0.27008,310013884
1748131200000,0.27009,0.27385,0.26854,0.27203,347256238
1748217600000,0.27204,0.27489,0.2701,0.27374,301739234
1748304000000,0.27374,0.2789,0.2718,0.27784,419775741
1748390400000,0.27784,0.27968,0.27278,0.27355,326890571
1748476800000,0.27355,0.27819,0.27225,0.2745,372764320
1748563200000,0.27449,0.27624,0.26638,0.26684,512201464
1748649600000,0.26683,0.2695,0.26281,0.26546,417627638
1748736000000,0.26545,0.27131,0.26467,0.27068,252899210
1748822400000,0.27068,0.27176,0.26553,0.26863,351035450
1748908800000,0.26864,0.27195,0.26816,0.27013,217431190
1748995200000,0.27013,0.27475,0.26768,0.27423,325294764
1749081600000,0.27423,0.28492,0.26546,0.28175,599109131
1749168000000,0.28174,0.28241,0.27541,0.27786,420175464
1749254400000,0.27786,0.28696,0.27703,0.28674,317161200
1749340800000,0.28673,0.28761,0.28123,0.28159,334174243
1749427200000,0.2816,0.29011,0.28067,0.28676,412405842
1749513600000,0.28676,0.29455,0.28544,0.29264,441472643
1749600000000,0.29263,0.29282,0.2763,0.2794,687256214
1749686400000,0.2794,0.28218,0.26988,0.27172,800402199
1749772800000,0.27173,0.2741,0.26666,0.2695,671096763
1749859200000,0.26949,0.27202,0.26834,0.27091,223365739
1749945600000,0.27092,0.27411,0.26999,0.27373,178046705
1750032000000,0.27372,0.29549,0.26955,0.27386,2001093766
1750118400000,0.27386,0.27968,0.26994,0.27122,635098220
1750204800000,0.27122,0.27482,0.26728,0.27284,388802826
1750291200000,0.27284,0.27621,0.27191,0.2746,249276256
1750377600000,0.2746,0.27566,0.26994,0.27203,380138677
1750464000000,0.27203,0.2749,0.26865,0.27087,326548613
1750550400000,0.27087,0.27367,0.25844,0.26323,746005875
1750636800000,0.26323,0.27367,0.26304,0.27248,567235932
1750723200000,0.27249,0.27469,0.27017,0.2736,308653042
1750809600000,0.27359,0.275,0.27015,0.273,285618179
1750896000000,0.273,0.27454,0.27013,0.2708,291423297
1750982400000,0.2708,0.27345,0.27039,0.27307,211000662
1751068800000,0.27306,0.2767,0.2727,0.27461,214190549
1751155200000,0.27461,0.27685,0.27433,0.27682,189200953
1751241600000,0.27682,0.28063,0.27577,0.27963,252375316
1751328000000,0.27964,0.28022,0.27753,0.2787,185406799
1751414400000,0.2787,0.28516,0.27813,0.2844,314288349
1751500800000,0.2844,0.28744,0.28135,0.2868,312625695
1751587200000,0.2868,0.28793,0.28086,0.28254,281048058
1751673600000,0.28253,0.28496,0.28155,0.28293,137955501
1751760000000,0.28293,0.28742,0.28241,0.28687,163796133
1751846400000,0.28687,0.28881,0.28514,0.28654,193382002
1751932800000,0.28653,0.28939,0.28563,0.28721,174449750
1752019200000,0.28722,0.29002,0.2863,0.28957,200430068
1752105600000,0.28957,0.29402,0.28926,0.29385,268788912
1752192000000,0.29385,0.30405,0.29307,0.30128,530466357
1752278400000,0.30128,0.30712,0.2971,0.30228,607027629
1752364800000,0.30228,0.305,0.29966,0.30269,267654147
1752451200000,0.30269,0.30506,0.299,0.30247,486248300
1752537600000,0.30247,0.30297,0.29489,0.30038,458777145
1752624000000,0.30038,0.31026,0.29976,0.30983,416537813
1752710400000,0.30984,0.3194,0.30764,0.31557,736977138
1752796800000,0.31557,0.33485,0.31539,0.32612,1078836673
1752883200000,0.32613,0.3279,0.31686,0.31776,558856370
1752969600000,0.31777,0.32064,0.31161,0.31397,475872463
1753056000000,0.31397,0.31923,0.31074,0.31436,671632940
1753142400000,0.31436,0.31649,0.30583,0.31603,721377077
1753228800000,0.31603,0.31901,0.30478,0.30945,873217769
1753315200000,0.30945,0.31588,0.30021,0.31375,849434315
1753401600000,0.31376,0.31786,0.31055,0.31701,793954692
1753488000000,0.31701,0.32081,0.31614,0.32002,311960000
1753574400000,0.32003,0.32304,0.31874,0.3199,323306051
1753660800000,0.3199,0.32823,0.31902,0.3224,553171493
1753747200000,0.32241,0.35135,0.32115,0.33845,1911352096
1753833600000,0.33845,0.34037,0.31984,0.32734,1124086740
1753920000000,0.32734,0.32982,0.3237,0.32478,444204694
1754006400000,0.32478,0.32857,0.32092,0.32333,663308224
1754092800000,0.32334,0.32892,0.31832,0.32191,575695870
1754179200000,0.32191,0.32819,0.32025,0.32741,346507065
1754265600000,0.32742,0.33326,0.32686,0.33271,294681847
1754352000000,0.33272,0.33505,0.32932,0.33371,379246738
1754438400000,0.33371,0.33792,0.33114,0.33715,379510993
1754524800000,0.33715,0.34153,0.33642,0.33831,469774540
1754611200000,0.33831,0.33994,0.33451,0.33764,463951597
1754697600000,0.33764,0.33889,0.33468,0.33492,280851220
1754784000000,0.33492,0.34226,0.33476,0.33807,436552958
1754870400000,0.33808,0.34602,0.33782,0.34498,501349170
1754956800000,0.34498,0.35397,0.34406,0.35238,512838099
1755043200000,0.35239,0.36267,0.35162,0.3621,450627004
1755129600000,0.36211,0.37038,0.35,0.35757,1128778411
1755216000000,0.35758,0.36192,0.34782,0.35242,729757434
1755302400000,0.35242,0.35474,0.34478,0.34771,429161681
1755388800000,0.34771,0.35518,0.34694,0.35325,342644774
1755475200000,0.35325,0.35414,0.34388,0.35019,550397103
1755561600000,0.35018,0.35278,0.34531,0.34731,666304309
1755648000000,0.34731,0.35536,0.34573,0.35435,619888878
1755734400000,0.35436,0.35743,0.35033,0.3535,519565708
1755820800000,0.35351,0.36745,0.35309,0.36665,610858166
1755907200000,0.36666,0.36714,0.35988,0.36226,419397847
1755993600000,0.36226,0.36872,0.36079,0.36123,451205124
1756080000000,0.36123,0.36149,0.34125,0.34141,737233908
1756166400000,0.34141,0.35293,0.33836,0.35169,587667571
1756252800000,0.35168,0.35168,0.3444,0.34487,422018694
1756339200000,0.34487,0.34976,0.34203,0.34493,366859415
1756425600000,0.34493,0.34577,0.33304,0.33842,535425497
1756512000000,0.33842,0.34067,0.33567,0.33894,232780859
1756598400000,0.33894,0.34385,0.33894,0.34076,212331396
1756684800000,0.34076,0.34143,0.33359,0.33706,442550696
1756771200000,0.33706,0.34063,0.33488,0.33785,331920415
1756857600000,0.33785,0.34183,0.33631,0.34035,199750626
1756944000000,0.34035,0.34151,0.33331,0.33428,288714589
1757030400000,0.33428,0.33911,0.32999,0.33108,404491336
1757116800000,0.33107,0.33213,0.2971,0.31384,997953626
1757203200000,0.31384,0.3314,0.30995,0.33104,878315104
1757289600000,0.33103,0.33578,0.32904,0.33103,444486687
1757376000000,0.33103,0.3424,0.32947,0.33492,503519586
1757462400000,0.33493,0.34008,0.3343,0.33815,233702643
1757548800000,0.33815,0.34801,0.33777,0.34607,335831294
1757635200000,0.34607,0.3526,0.34604,0.35251,276273017
1757721600000,0.35251,0.35489,0.34723,0.34962,272137344
1757808000000,0.34962,0.35185,0.3462,0.3482,245885290
1757894400000,0.3482,0.352,0.34197,0.34464,400874990
1757980800000,0.34464,0.34707,0.33924,0.34213,383267805
1758067200000,0.34213,0.34455,0.33833,0.34293,337991846
1758153600000,0.34293,0.35222,0.3423,0.35047,361848228
1758240000000,0.35047,0.35266,0.34281,0.34358,352754400
1758326400000,0.34358,0.34817,0.34254,0.34648,219474762
1758412800000,0.34648,0.34668,0.34124,0.34223,230046883
1758499200000,0.34223,0.34296,0.32962,0.33981,566548166
1758585600000,0.3398,0.34252,0.33406,0.33569,316643150
1758672000000,0.3357,0.33935,0.33421,0.33796,260794684
1758758400000,0.33797,0.33842,0.32968,0.33178,412132399
1758844800000,0.33179,0.33849,0.33165,0.33825,330070596
1758931200000,0.33826,0.33985,0.33534,0.33634,158206105
1759017600000,0.33634,0.33721,0.3338,0.33552,176934332
1759104000000,0.33552,0.33754,0.3321,0.33672,236242368
1759190400000,0.33673,0.33774,0.33111,0.33345,252524049
1759276800000,0.33346,0.34228,0.33282,0.34148,278587312
1759363200000,0.34147,0.34394,0.3407,0.34248,218254368
1759449600000,0.34249,0.34576,0.34083,0.34176,284887819
1759536000000,0.34176,0.34229,0.33902,0.34026,150110486
1759622400000,0.34027,0.34421,0.33943,0.34128,187098564
1759708800000,0.34127,0.34728,0.3402,0.34612,314664258
1759795200000,0.34613,0.34715,0.33692,0.33758,330376675
1759881600000,0.33759,0.34254,0.33603,0.34195,268991603
1759968000000,0.34196,0.34224,0.33387,0.33685,305874261
1760054400000,0.33684,0.33714,0.29673,0.3205,903656663
1760140800000,0.32049,0.32081,0.31118,0.31412,458581781
1760227200000,0.31412,0.32388,0.31042,0.32263,437681416
1760313600000,0.32262,0.32418,0.31905,0.32234,324978083
1760400000000,0.32235,0.32287,0.30712,0.31655,610515982
1760486400000,0.31656,0.3214,0.31112,0.31912,461373741
1760572800000,0.31912,0.32343,0.31284,0.3159,486172808
1760659200000,0.3159,0.31784,0.30415,0.30866,538874130
1760745600000,0.30867,0.31456,0.30838,0.31278,211458985
1760832000000,0.31279,0.32102,0.3121,0.32037,211491892
1760918400000,0.32036,0.32422,0.31759,0.32222,272110752
1761004800000,0.32223,0.32528,0.31707,0.32149,367934208
1761091200000,0.32149,0.32509,0.317,0.32251,463133684
1761177600000,0.32252,0.32348,0.31264,0.31359,378503437
1761264000000,0.31359,0.3159,0.30268,0.3035,487805019
1761350400000,0.3035,0.30381,0.29198,0.29686,616608816
1761436800000,0.29686,0.30151,0.29383,0.30002,343258035
1761523200000,0.30002,0.30214,0.29681,0.29805,293570594
1761609600000,0.29804,0.29966,0.29268,0.29528,354151126
1761696000000,0.29527,0.29831,0.28996,0.29583,406732911
1761782400000,0.29583,0.29844,0.288,0.2924,566441597
1761868800000,0.29239,0.29713,0.29211,0.29609,270447850
1761955200000,0.29609,0.29796,0.29466,0.29725,164056268
1762041600000,0.29725,0.29847,0.29486,0.29795,163712245
1762128000000,0.29795,0.29832,0.27968,0.28107,679628827
1762214400000,0.28108,0.28692,0.27596,0.28534,808672641
1762300800000,0.28534,0.29031,0.28035,0.28873,353604647
1762387200000,0.28874,0.28941,0.28171,0.2837,268780677
1762473600000,0.28369,0.29449,0.28236,0.29211,383112593
1762560000000,0.2921,0.29477,0.28969,0.2915,213217255
1762646400000,0.2915,0.29258,0.28859,0.2905,161226040
1762732800000,0.2905,0.29638,0.28989,0.29636,252403837
1762819200000,0.29636,0.30118,0.29597,0.29651,317520306
1762905600000,0.29651,0.3009,0.29335,0.29441,344343051
1762992000000,0.2944,0.2998,0.28989,0.29304,364167901
1763078400000,0.29303,0.29835,0.288,0.29245,587350576
1763164800000,0.29246,0.29557,0.29087,0.2947,220024094
1763251200000,0.29471,0.2994,0.28926,0.29216,395988364
1763337600000,0.29215,0.29632,0.28853,0.29168,430913180
1763424000000,0.29168,0.29298,0.28658,0.29015,416831279
1763510400000,0.29016,0.29071,0.28319,0.28677,392929175
1763596800000,0.28678,0.28811,0.27714,0.28041,411391663
1763683200000,0.2804,0.28208,0.27234,0.27652,691285032
1763769600000,0.27652,0.27729,0.2729,0.27415,343285946
1763856000000,0.27415,0.27578,0.27362,0.27487,207439860
1763942400000,0.27487,0.27755,0.27427,0.27462,297081324
1764028800000,0.27461,0.27499,0.27063,0.27446,298892362
1764115200000,0.27445,0.2772,0.27374,0.27639,173224467
1764201600000,0.27638,0.2804,0.27564,0.28018,168944584
1764288000000,0.28018,0.28217,0.27956,0.2809,228353831
1764374400000,0.28091,0.28175,0.28004,0.28084,124061223
1764460800000,0.28085,0.28324,0.27927,0.28125,143919804
1764547200000,0.28124,0.28151,0.27523,0.27665,377789834
1764633600000,0.27665,0.28309,0.27634,0.2808,271650758
1764720000000,0.2808,0.28139,0.27727,0.28024,273325803
1764806400000,0.28023,0.28616,0.27908,0.28614,264411553
1764892800000,0.28614,0.28798,0.28381,0.28545,300996644
1764979200000,0.28544,0.29044,0.2854,0.28684,192325487
1765065600000,0.28684,0.28763,0.28389,0.28664,222519347
1765152000000,0.28665,0.28798,0.28088,0.28106,202414479
1765238400000,0.28107,0.28343,0.27965,0.28205,246879478
1765324800000,0.28204,0.28286,0.27669,0.27993,227830544
1765411200000,0.27994,0.28181,0.27781,0.28028,220850011
1765497600000,0.28028,0.28067,0.27322,0.27353,247515215
1765584000000,0.27353,0.27499,0.27056,0.2709,165209403
1765670400000,0.27089,0.27735,0.27034,0.27719,232212157
1765756800000,0.2772,0.28277,0.2772,0.27814,342285198
1765843200000,0.27814,0.282,0.27741,0.28002,173150329
1765929600000,0.28002,0.28216,0.27785,0.27947,193308831
1766016000000,0.27948,0.282,0.27674,0.27915,235156972
1766102400000,0.27915,0.28047,0.27779,0.27991,181434105
1766188800000,0.27991,0.28193,0.2784,0.28182,109696014
1766275200000,0.28183,0.28862,0.28104,0.28814,214570710
1766361600000,0.28814,0.28904,0.28305,0.28421,223325289
1766448000000,0.28422,0.28474,0.28208,0.28336,127893441
1766534400000,0.28335,0.28438,0.279,0.28016,169595053
1766620800000,0.28016,0.28089,0.2765,0.27857,142962014
1766707200000,0.27856,0.28013,0.27731,0.27936,117601069
1766793600000,0.27937,0.28497,0.27839,0.28481,129846523
1766880000000,0.28481,0.28542,0.28308,0.28485,98189050
1766966400000,0.28485,0.28578,0.28128,0.2849,168844787
1767052800000,0.2849,0.28674,0.28408,0.28618,118013325
1767139200000,0.28617,0.28665,0.282,0.28436,127629092
1767225600000,0.28437,0.28707,0.28338,0.28695,92281683
1767312000000,0.28695,0.2889,0.28422,0.28889,139441565
1767398400000,0.28888,0.29569,0.2876,0.29566,153438920
1767484800000,0.29566,0.29594,0.29322,0.29389,125216227
1767571200000,0.29388,0.29572,0.29151,0.29188,190822924
1767657600000,0.29189,0.29412,0.29076,0.29406,151741327
1767744000000,0.29406,0.29866,0.29375,0.29808,239948655
1767830400000,0.29808,0.29858,0.29407,0.2947,192809851
1767916800000,0.29471,0.2996,0.29229,0.29835,232863825
1768003200000,0.29835,0.3025,0.29698,0.30228,135716857
1768089600000,0.30228,0.30346,0.29822,0.29931,207350875
1768176000000,0.29932,0.30059,0.29687,0.29967,153257973
1768262400000,0.29966,0.30725,0.2982,0.30698,204041464
1768348800000,0.30698,0.30726,0.30067,0.30445,228015802
1768435200000,0.30444,0.31268,0.30176,0.31256,278812445
1768521600000,0.31255,0.31269,0.30503,0.30941,177818928
1768608000000,0.30942,0.31939,0.30871,0.31854,179106855
1768694400000,0.31853,0.32084,0.3147,0.31754,228577963
1768780800000,0.31755,0.32062,0.30781,0.31175,320907293
1768867200000,0.31175,0.3139,0.29652,0.29659,297591481
1768953600000,0.2966,0.30047,0.2949,0.29909,228606453
1769040000000,0.29908,0.30782,0.29807,0.30512,214008610
1769126400000,0.30512,0.31095,0.29593,0.29766,292782654
1769212800000,0.29767,0.298,0.29353,0.29517,154424446
1769299200000,0.29517,0.29878,0.29385,0.29552,164053672
1769385600000,0.29553,0.29722,0.29441,0.2964,140696033
1769472000000,0.2964,0.29653,0.29272,0.29438,137894990
1769558400000,0.29438,0.29546,0.29036,0.29526,178716481
1769644800000,0.29525,0.29548,0.28958,0.29488,213082079
1769731200000,0.29488,0.29539,0.28772,0.2942,259372706
1769817600000,0.29419,0.29432,0.28234,0.28649,259668688
1769904000000,0.28649,0.28749,0.28301,0.28451,211658814
1769990400000,0.2845,0.28541,0.28079,0.28321,247427206
1770076800000,0.28321,0.28683,0.28095,0.28598,211168195
1770163200000,0.28597,0.28741,0.28177,0.2832,211277993
1770249600000,0.2832,0.28376,0.26853,0.26865,404401416
1770336000000,0.26865,0.27428,0.26645,0.27395,406889442
1770422400000,0.27395,0.27861,0.27294,0.27801,225135145
1770508800000,0.27802,0.27956,0.27599,0.27755,150154953
1770595200000,0.27755,0.27926,0.27602,0.27899,191660615
1770681600000,0.27898,0.28045,0.27582,0.27801,160427400
1770768000000,0.278,0.27836,0.27358,0.27826,201251286
1770854400000,0.27826,0.28033,0.27598,0.27993,185725230
1770940800000,0.27994,0.28245,0.27674,0.28219,164170187
1771027200000,0.2822,0.2838,0.28149,0.2824,119325688
1771113600000,0.2824,0.28257,0.27897,0.28036,147222998
1771200000000,0.28036,0.28539,0.27924,0.28442,170026791
1771286400000,0.28441,0.28542,0.27921,0.28206,180372211
1771372800000,0.28206,0.28212,0.27791,0.27862,154721117
1771459200000,0.27862,0.28534,0.27816,0.28481,177718458
1771545600000,0.28481,0.28824,0.28258,0.28522,219669748
1771632000000,0.28522,0.28958,0.28427,0.289,115682288
1771718400000,0.28899,0.29112,0.28716,0.29045,120433669
1771804800000,0.29046,0.2905,0.28051,0.28159,240841115
1771891200000,0.2816,0.2837,0.27977,0.28369,151056013
1771977600000,0.28369,0.28725,0.28335,0.28512,192414667
1772064000000,0.28513,0.28761,0.28466,0.2856,146159570
1772150400000,0.2856,0.28569,0.281,0.28265,137504381
1772236800000,0.28265,0.28277,0.278,0.28164,174355343
1772323200000,0.28164,0.28361,0.27893,0.28044,133609394
1772409600000,0.28044,0.28331,0.28041,0.28314,109631264
1772496000000,0.28314,0.2835,0.27984,0.28024,118655914
1772582400000,0.28024,0.28795,0.27868,0.28684,229919178
1772668800000,0.28683,0.28802,0.28222,0.2851,227318014
1772755200000,0.2851,0.28715,0.28416,0.28433,146991371
1772841600000,0.28432,0.28688,0.28292,0.28649,103257620
1772928000000,0.28649,0.29076,0.28558,0.28905,160196667
1773014400000,0.28905,0.2908,0.28401,0.28538,181051167
1773100800000,0.28537,0.28632,0.28336,0.28557,156851545
1773187200000,0.28557,0.29159,0.28504,0.29127,191769477
1773273600000,0.29127,0.29219,0.28838,0.28893,147627405
1773360000000,0.28893,0.29342,0.28824,0.2933,185519097
1773446400000,0.2933,0.29909,0.29263,0.29765,196145863
1773532800000,0.29765,0.29898,0.29569,0.29853,113236639
1773619200000,0.29852,0.29863,0.29491,0.29535,175294397
1773705600000,0.29536,0.30745,0.29493,0.3067,247367663
1773792000000,0.3067,0.3093,0.2983,0.30436,260695474
1773878400000,0.30437,0.30518,0.29887,0.30337,196389192
1773964800000,0.30338,0.31086,0.30266,0.30943,150774622
1774051200000,0.30943,0.31368,0.30741,0.31183,183658819
1774137600000,0.31183,0.31886,0.30773,0.31019,279072789
1774224000000,0.31018,0.31187,0.30308,0.30797,294804229
1774310400000,0.30797,0.31198,0.30568,0.30573,184203856
1774396800000,0.30572,0.31653,0.30512,0.31429,180861690
1774483200000,0.3143,0.31613,0.30858,0.31137,201160841
1774569600000,0.31137,0.3172,0.30741,0.31118,232049107
1774656000000,0.31118,0.31843,0.30929,0.31631,167558586
1774742400000,0.31632,0.32447,0.31458,0.32159,214181251
1774828800000,0.32159,0.32438,0.31616,0.31982,264021548
1774915200000,0.31982,0.32171,0.31035,0.31315,233826132
1775001600000,0.31315,0.31662,0.3128,0.31536,183537771
1775088000000,0.31536,0.31645,0.31223,0.31509,148578809
1775174400000,0.31509,0.31534,0.31242,0.31509,105510700
1775260800000,0.31509,0.31796,0.31475,0.31732,99587461
1775347200000,0.31733,0.31963,0.31683,0.31864,100955362
1775433600000,0.31865,0.31939,0.31506,0.3163,147719710
1775520000000,0.31629,0.31669,0.313,0.31537,128517321
1775606400000,0.31538,0.31823,0.31419,0.31772,139085296
1775692800000,0.31771,0.32088,0.31621,0.32018,139528088
1775779200000,0.32018,0.3207,0.31653,0.31907,123784159
1775865600000,0.31907,0.3198,0.31726,0.31865,84931117
1775952000000,0.31865,0.32285,0.31812,0.321,160237296
1776038400000,0.32101,0.32226,0.31898,0.32015,169657134
1776124800000,0.32015,0.32358,0.31977,0.32358,143799328
1776211200000,0.32358,0.32849,0.32134,0.32705,199238948
1776297600000,0.32705,0.32777,0.32483,0.3269,157129489
1776384000000,0.3269,0.32792,0.32291,0.32763,183815845
1776470400000,0.32763,0.33,0.32617,0.32928,145907767
1776556800000,0.32927,0.33659,0.32707,0.32882,277636310
1776643200000,0.32882,0.33285,0.32601,0.32864,195148356
1776729600000,0.32864,0.33553,0.32781,0.33283,163679805
1776816000000,0.33284,0.33516,0.32727,0.32946,192074740
1776902400000,0.32946,0.33024,0.32608,0.32861,143575875
1776988800000,0.32861,0.32889,0.31868,0.32293,195811539
1777075200000,0.32293,0.32442,0.32104,0.32359,108693931
1777161600000,0.32359,0.32443,0.32252,0.32301,80465113
1777248000000,0.32302,0.32627,0.32271,0.32517,137172031
1777334400000,0.32516,0.32559,0.32215,0.32276,106971601
1777420800000,0.32277,0.32398,0.321,0.32293,145659677
1777507200000,0.32293,0.32683,0.32291,0.32649,144233585
1777593600000,0.32648,0.32736,0.32509,0.32683,100011667
1777680000000,0.32684,0.33416,0.32596,0.32977,162299717
1777766400000,0.32978,0.34372,0.32911,0.33842,293342686
1777852800000,0.33842,0.34164,0.33506,0.34052,207624075
1777939200000,0.34052,0.346,0.33733,0.34451,154031586
1778025600000,0.34451,0.34739,0.34171,0.34606,155676359
1778112000000,0.34606,0.34972,0.34372,0.34886,137951397
1778198400000,0.34885,0.35181,0.34658,0.34994,157810571
1778284800000,0.34995,0.35342,0.34946,0.34998,140724940
1778371200000,0.34997,0.35228,0.34821,0.35041,102146114
1778457600000,0.35041,0.3526,0.34887,0.35102,117748515
1778544000000,0.35103,0.35128,0.34661,0.34898,155123809
1778630400000,0.34898,0.35158,0.34831,0.3494,103669780
1778716800000,0.3494,0.35562,0.349,0.35362,153024225
1778803200000,0.35361,0.35416,0.3496,0.35205,120075432
1778889600000,0.35204,0.35536,0.34776,0.35495,152645340
1778976000000,0.35495,0.35748,0.35314,0.35507,109810376
1779062400000,0.35507,0.35836,0.35356,0.35543,190993614
1779148800000,0.35543,0.35773,0.35387,0.35618,115730572
1779235200000,0.35618,0.35983,0.35495,0.359,123551867
1779321600000,0.359,0.36537,0.35856,0.36526,180142381
1779408000000,0.36526,0.36636,0.35939,0.36203,165089517
1779494400000,0.36202,0.36329,0.35815,0.3628,135646234
1779580800000,0.3628,0.36799,0.36186,0.36548,131106516
1779667200000,0.36549,0.37385,0.36369,0.37162,247599846
1779753600000,0.37162,0.37716,0.37108,0.37554,227661879
1779840000000,0.37553,0.37581,0.36764,0.36785,172373720
1779926400000,0.36785,0.36845,0.34757,0.35281,400149502
1780012800000,0.35282,0.35297,0.33911,0.34409,333269138
1780099200000,0.34409,0.34959,0.34153,0.34792,185622557
1780185600000,0.34793,0.3513,0.34502,0.35125,115773830
1780272000000,0.35125,0.35251,0.34254,0.34336,168579821
1780358400000,0.34336,0.34346,0.33126,0.3322,253399933
1780444800000,0.33221,0.33571,0.32856,0.333,184473381
1780531200000,0.333,0.33341,0.32538,0.33217,285329487
1780617600000,0.33216,0.33222,0.31765,0.31943,364882653
1780704000000,0.31943,0.32413,0.31714,0.32406,189312887
1780790400000,0.32405,0.32948,0.32254,0.32665,164887963
1780876800000,0.32665,0.32793,0.32525,0.32652,137152231
1780963200000,0.32652,0.32652,0.32022,0.32263,141496002
1781049600000,0.32263,0.32328,0.32027,0.32075,119118771
1781136000000,0.32075,0.32287,0.30842,0.31691,297552064
1781222400000,0.31691,0.31692,0.31153,0.31506,172692179
1781308800000,0.31506,0.31823,0.31445,0.3169,84086288
1781395200000,0.3169,0.32667,0.31508,0.32166,134206861
1781481600000,0.32166,0.32435,0.31783,0.31798,151587418
1781568000000,0.31798,0.31888,0.31561,0.31673,102584956
1781654400000,0.31672,0.32212,0.3162,0.32164,126807247
1781740800000,0.32163,0.32246,0.31693,0.3206,120957860
1781827200000,0.32059,0.3238,0.3192,0.32378,127006053
1781913600000,0.32378,0.32686,0.32171,0.32659,133959786
1782000000000,0.32658,0.32822,0.32578,0.32753,71930478
1782086400000,0.32753,0.334,0.32729,0.33393,163045232
1782172800000,0.33394,0.3341,0.32771,0.32901,136656805
1782259200000,0.32902,0.3317,0.32483,0.32739,184382857
1782345600000,0.32739,0.33046,0.32209,0.32365,192900787
1782432000000,0.32365,0.32406,0.31729,0.32031,154305662
1782518400000,0.32031,0.32136,0.31952,0.32108,66813929
1782604800000,0.32108,0.32447,0.32096,0.32198,91126535
1782691200000,0.32198,0.3246,0.32051,0.32118,133121958
1782777600000,0.32117,0.32129,0.31406,0.31501,156281653
1782864000000,0.31502,0.31881,0.31385,0.31584,125778227
1782950400000,0.31582,0.31943,0.31497,0.3173,110145591
1783036800000,0.3173,0.3235,0.31659,0.32333,161515233
1783123200000,0.32333,0.3264,0.32256,0.32515,106677446
1783209600000,0.32516,0.3303,0.32394,0.3293,140401234
1783296000000,0.3293,0.33016,0.32613,0.32965,140874813
1783382400000,0.32965,0.33289,0.32884,0.33153,111776240
1783468800000,0.33153,0.33199,0.32673,0.32822,137926404
1783555200000,0.32823,0.33248,0.32759,0.33202,102045345
1783641600000,0.33202,0.33349,0.32913,0.33023,104690498
1783728000000,0.33023,0.3316,0.32855,0.32966,70525036
1783814400000,0.32966,0.33202,0.32916,0.3313,72461646
1783900800000,0.33129,0.3322,0.32348,0.32423,148410573
1783987200000,0.32423,0.32637,0.32347,0.32573,135000039
1784073600000,0.32573,0.32869,0.32333,0.32433,133964453
1784160000000,0.32433,0.32476,0.32236,0.32289,79627747
1784246400000,0.32289,0.3237,0.32095,0.32248,95487351
1784332800000,0.32247,0.32619,0.32136,0.32559,105082930
1784419200000,0.3256,0.32755,0.32512,0.32679,57315936
1784505600000,0.32678,0.3274,0.32503,0.32676,89300439
1784592000000,0.32676,0.33022,0.32556,0.32959,105989624
1784678400000,0.32959,0.33045,0.32775,0.32878,79421812
1784764800000,0.32878,0.32934,0.32588,0.32876,95148112
1784851200000,0.32876,0.3324,0.32795,0.3307,112731488
1784937600000,0.33071,0.33332,0.32917,0.33146,94297967
1785024000000,0.33146,0.33286,0.33019,0.3323,56304022
1785110400000,0.33229,0.33229,0.32467,0.32468,109240371
1785196800000,0.32469,0.32605,0.3229,0.32459,109149161
1785283200000,0.32458,0.32745,0.32411,0.32555,87354579
1785369600000,0.32555,0.3296,0.32529,0.32844,87496715
1785456000000,0.32843,0.32914,0.32564,0.32584,90637826
1785542400000,0.32584,0.32923,0.32472,0.32779,79306516
1785628800000,0.32778,0.32863,0.32611,0.32669,62569511
1785715200000,0.32669,0.32952,0.32526,0.32881,104077719
1785801600000,0.32881,0.3311,0.3269,0.32709,143204916
1785888000000,0.32708,0.329,0.32613,0.32728,106176079
1785974400000,0.32728,0.32877,0.32544,0.32692,85595547
1786060800000,0.32693,0.32837,0.32616,0.32745,76837214
1786147200000,0.32746,0.32947,0.32697,0.32882,51891871
1786233600000,0.32883,0.33025,0.32876,0.32968,57800878
1786320000000,0.32969,0.33181,0.32912,0.3306,95801320
1786406400000,0.3306,0.33757,0.33056,0.33501,164475453
1786492800000,0.335,0.3374,0.3333,0.33618,102801277
1786579200000,0.33618,0.33842,0.33276,0.33445,116112206
1786665600000,0.33444,0.33463,0.33141,0.33255,76132941
1786752000000,0.33255,0.33322,0.33058,0.33107,73818661
1786838400000,0.33106,0.33243,0.33066,0.33101,59976746
1786924800000,0.33102,0.33353,0.32805,0.33109,143119124
1787011200000,0.3311,0.33518,0.33062,0.33258,146995403
1787097600000,0.33258,0.3346,0.33136,0.33459,134881615
1787184000000,0.33459,0.34037,0.33191,0.33733,252557366
1787270400000,0.33733,0.3437,0.33726,0.3436,164138758
1787356800000,0.3436,0.35355,0.3272,0.34425,312224505
1787443200000,0.34424,0.34582,0.34166,0.34385,109276456
1787529600000,0.34385,0.34509,0.34259,0.34496,107179687
1787616000000,0.34496,0.34673,0.33546,0.33598,193401963
1787702400000,0.33599,0.33912,0.33388,0.33586,166197142
1787788800000,0.33587,0.3385,0.33323,0.33749,154278063
1787875200000,0.33749,0.34221,0.33723,0.34117,176927299
1787961600000,0.34117,0.34212,0.33739,0.34073,110389253
1788048000000,0.34073,0.34143,0.33557,0.33593,103181356
1788134400000,0.33593,0.33716,0.33112,0.33223,158146316
1788220800000,0.33222,0.33223,0.32075,0.32181,303059561
1788307200000,0.32181,0.32548,0.32076,0.32489,138025582
1788393600000,0.32488,0.33199,0.32416,0.33039,166552646
1788480000000,0.3304,0.33183,0.32719,0.33119,154780042
1788566400000,0.33119,0.33467,0.33108,0.33361,76177791
1788652800000,0.33361,0.33617,0.33258,0.33487,69653126
1788739200000,0.33488,0.33731,0.33317,0.33436,91289912
1788825600000,0.33437,0.33999,0.33365,0.33857,139983044
1788912000000,0.33857,0.34055,0.33751,0.33871,103636426
1788998400000,0.33873,0.34099,0.33758,0.33979,129989734
1789084800000,0.33979,0.34097,0.33448,0.3384,173919866
1789171200000,0.3384,0.34402,0.33823,0.33964,96784972
1789257600000,0.33963,0.3415,0.33802,0.33805,79949018
1789344000000,0.33805,0.34197,0.33724,0.33774,147458213
1789430400000,0.33774,0.33904,0.3308,0.33276,141630608
1789516800000,0.33275,0.33614,0.33186,0.33547,114643619
1789603200000,0.33547,0.33605,0.33325,0.33467,82466233
1789689600000,0.33466,0.33986,0.3344,0.33823,116085692
1789776000000,0.33823,0.3407,0.33688,0.33973,120284060
1789862400000,0.33974,0.34704,0.33883,0.34239,175403550
1789948800000,0.34239,0.34587,0.34238,0.34458,140667376
1790035200000,0.34459,0.34922,0.34002,0.34184,258521889
1790121600000,0.34184,0.34505,0.33803,0.342,175074271
1790208000000,0.34199,0.34385,0.33831,0.34005,159104420
1790294400000,0.34005,0.34011,0.33514,0.33803,137241639
1790380800000,0.33802,0.33812,0.33363,0.33403,78080512
1790467200000,0.33402,0.33448,0.33165,0.3331,112710240
1790553600000,0.33309,0.33651,0.3326,0.3353,127103414
1790640000000,0.3353,0.33614,0.33329,0.3342,96713711
1790726400000,0.3342,0.34086,0.33371,0.33723,155116006
1790812800000,0.33722,0.33847,0.33122,0.33445,180160886
