calc_time,last_funding_rate
1578297600000,0.0001
1578326400000,0.00487889
1578355200000,0.00180851
1578384000001,0.00075005
1578412800000,0.00022266
1578441600000,0.0001
1578470400000,0.00139017
1578499200001,0.00065731
1578528000000,0.0001
1578556800000,0.0001
1578585600000,0.0001
1578614400000,0.0001
1578643200000,0.0001
1578672000000,0.0001
1578700800000,0.0001
1578729600000,0.0001
1578758400000,0.0001
1578787200000,0.0001
1578816000000,0.0001
1578844800000,0.0001
1578873600001,0.00022677
1578902400000,0.0001
1578931200000,0.0001
1578960000000,0.00023193
1578988800000,0.0001
1579017600001,0.00058179
1579046400000,0.00275417
1579075200000,0.00181173
1579104000000,0.00180187
1579132800000,0.00109311
1579161600000,0.0001
1579190400000,0.0001
1579219200000,0.0001
1579248000000,0.0001
1579276800000,0.0001
1579305600001,0.0001
1579334400001,0.0001
1579363200000,0.00033018
1579392000000,0.00185072
1579420800000,0.00164121
1579449600000,0.00087585
1579478400000,0.00049196
1579507200000,0.0001
1579536000000,0.0001
1579564800000,0.0001
1579593600000,0.0001
1579622400000,0.00034253
1579651200000,0.00017282
1579680000001,0.00013911
1579708800000,0.0001
1579737600000,0.00042104
1579766400000,0.00029574
1579795200000,0.0001
1579824000000,0.0001
1579852800000,0.0001
1579881600001,0.0001
1579910400000,0.0001
1579939200000,0.0001
1579968000001,0.0001
1579996800000,0.0001
1580025600000,0.0001
1580054400000,0.0001
1580083200000,0.0001
1580112000001,0.0001
1580140800000,0.0001
1580169600000,0.0001
1580198400000,0.00025437
1580227200000,0.0002949
1580256000001,0.00111354
1580284800000,0.00108821
1580313600002,0.00129547
1580342400000,0.00104493
1580371200000,0.0008496
1580400000000,0.00094568
1580428800000,0.00163247
1580457600000,0.00139455
1580486400000,0.00065705
1580515200000,0.00011588
1580544000000,0.00021319
1580572800000,0.00034136
1580601600000,0.00073987
1580630400000,0.00052875
1580659200000,0.00070499
1580688000000,0.00076429
1580716800000,0.0006028
1580745600000,0.00068694
1580774400000,0.00097581
1580803200001,0.00065478
1580832000000,0.00087324
1580860800002,0.00084913
1580889600000,0.00015617
1580918400000,0.00055073
1580947200000,0.00154527
1580976000000,0.00185237
1581004800000,0.00129262
1581033600000,0.00121796
1581062400000,0.00107989
1581091200001,0.00194481
1581120000000,0.00098417
1581148800000,0.00031831
1581177600000,0.00068328
1581206400000,0.00090964
1581235200000,0.00094769
1581264000000,0.00123672
1581292800000,0.00084757
1581321600000,0.001089
1581350400009,0.00073909
1581379200000,0.00050019
1581408000000,0.00063707
1581436800000,0.000699
1581465600000,0.0027129
1581494400001,0.00412417
1581523200000,0.00225375
1581552000001,0.00260997
1581580800000,0.00399863
1581609600000,0.00071174
1581638400000,0.00046998
1581667200000,0.00065324
1581696000000,0.00123369
1581724800000,0.00203384
1581753600000,0.00074374
1581782400000,0.00092091
1581811200000,0.0001
1581840000000,0.00061959
1581868800000,0.00013594
1581897600000,0.0001
1581926400000,0.0001
1581955200000,0.0002768
1581984000000,0.00032492
1582012800000,0.00052507
1582041600000,0.00047347
1582070400000,0.00090213
1582099200001,0.00063226
1582128000000,0.00068491
1582156800004,0.00014727
1582185600000,0.0001
1582214400000,0.0001
1582243200000,0.0001
1582272000000,0.00021036
1582300800000,0.00020904
1582329600000,0.00017202
1582358400001,0.0003983
1582387200000,0.00036526
1582416000000,0.00024281
1582444800000,0.0006435
1582473600000,0.00064068
1582502400015,0.00045487
1582531200000,0.00020174
1582560000000,0.0001
1582588800001,0.00030932
1582617600000,0.00029794
1582646400001,0.00011103
1582675200000,0.0001
1582704000001,0.00012143
1582732800000,0.0001
1582761600001,0.0001
1582790400001,0.0001
1582819200000,0.0001
1582848000000,0.00015561
1582876800000,0.00020472
1582905600000,0.0001
1582934400000,0.0001
1582963200000,0.00040397
1582992000000,0.00018203
1583020800000,0.00022598
1583049600000,0.00013142
1583078400001,0.0001
1583107200000,0.00030761
1583136000000,0.0001
1583164800004,0.0001
1583193600000,0.00027794
1583222400003,0.00024294
1583251200000,0.0001
1583280000002,0.00019764
1583308800000,0.00018098
1583337600001,0.0002205
1583366400000,0.0001
1583395200000,0.00017193
1583424000000,0.00047024
1583452800003,0.0002527
1583481600000,0.00033903
1583510400000,0.00030528
1583539200000,0.00039742
1583568000001,0.0003237
1583596800000,0.00025411
1583625600001,0.00071553
1583654400000,0.00027966
1583683200006,0.00022191
1583712000000,0.0001
1583740800000,0.0001
1583769600000,0.0001
1583798400000,0.0001
1583827200000,0.0001
1583856000000,0.0001
1583884800001,0.0001
1583913600000,0.0001
1583942400000,0.0001
1583971200001,0.0001
1584000000001,0.0001
1584028800000,-0.00054364
1584057600000,8.86e-05
1584086400000,-0.00432483
1584115200002,-0.00105843
1584144000000,-0.00046517
1584172800001,0.0001
1584201600000,0.0001
1584230400000,0.0001
1584259200000,6.808e-05
1584288000001,0.0001
1584316800000,0.0001
1584345600000,0.0001
1584374400001,-0.00072875
1584403200000,4.465e-05
1584432000000,9.686e-05
1584460800000,0.0001
1584489600000,0.0001
1584518400000,0.0001
1584547200000,0.0001
1584576000000,0.0001
1584604800000,0.0001
1584633600000,0.0001
1584662400000,0.0001
1584691200000,0.0001
1584720000000,0.0001
1584748800000,0.0001
1584777600000,0.0001
1584806400000,0.0001
1584835200000,0.0001
1584864000001,-2.544e-05
1584892800000,-1.993e-05
1584921600000,0.0001
1584950400000,0.0001
1584979200000,0.0001
1585008000000,8.86e-06
1585036800000,9.185e-05
1585065600000,0.0001
1585094400000,-9.172e-05
1585123200000,0.0001
1585152000001,0.0001
1585180800006,5.58e-05
1585209600002,0.0001
1585238400000,0.0001
1585267200000,0.0001
1585296000000,0.0001
1585324800000,0.0001
1585353600000,0.0001
1585382400000,0.0001
1585411200000,0.0001
1585440000000,0.0001
1585468800001,0.0001
1585497600000,0.0001
1585526400000,-1.83e-06
1585555200000,0.0001
1585584000000,0.0001
1585612800000,0.0001
1585641600001,0.0001
1585670400001,0.0001
1585699200002,0.0001
1585728000000,0.0001
1585756800001,0.0001
1585785600000,8.97e-05
1585814400000,0.0001
1585843200000,0.0001
1585872000000,0.0001
1585900800000,0.0001
1585929600000,0.0001
1585958400000,0.0001
1585987200000,-2.439e-05
1586016000000,0.0001
1586044800001,0.0001
1586073600000,0.0001
1586102400000,-0.00020256
1586131200000,0.0001
1586160000000,0.0001
1586188800000,0.0001
1586217600000,0.0001
1586246400000,0.0001
1586275200000,0.0001
1586304000000,0.0001
1586332800000,0.0001
1586361600000,0.0001
1586390400000,0.0001
1586419200001,0.0001
1586448000000,0.0001
1586476800001,0.0001
1586505600000,0.0001
1586534400000,-0.00020724
1586563200000,-0.00026331
1586592000000,0.0001
1586620800000,0.0001
1586649600000,-4.2e-07
1586678400006,0.0001
1586707200001,0.0001
1586736000001,0.0001
1586764800000,-0.00024679
1586793600000,8.827e-05
1586822400000,4.705e-05
1586851200000,-0.0001059
1586880000000,1.93e-05
1586908800000,-0.00017188
1586937600000,0.0001
1586966400000,0.0001
1586995200000,0.0001
1587024000000,6.679e-05
1587052800000,9.179e-05
1587081600000,0.0001
1587110400000,0.0001
1587139200000,0.0001
1587168000000,0.0001
1587196800000,0.0001
1587225600000,0.0001
1587254400000,0.0001
1587283200000,0.0001
1587312000000,0.0001
1587340800000,0.0001
1587369600000,0.0001
1587398400000,0.0001
1587427200000,0.0001
1587456000001,0.0001
1587484800000,0.0001
1587513600001,0.0001
1587542400000,0.0001
1587571200000,0.0001
1587600000000,0.0001
1587628800001,0.0001
1587657600000,0.0001
1587686400000,0.0001
1587715200000,0.0001
1587744000000,0.0001
1587772800003,0.0001
1587801600000,0.0001
1587830400000,0.0001
1587859200000,0.0001
1587888000000,-0.00014499
1587916800000,0.0001
1587945600000,-2.841e-05
1587974400005,0.0001
1588003200000,0.0001
1588032000000,0.0001
1588060800000,0.0001
1588089600000,0.0001
1588118400000,0.0001
1588147200001,0.0001
1588176000000,0.0001
1588204800000,0.0001
1588233600000,0.00013667
1588262400000,0.0001
1588291200000,0.0001
1588320000000,0.0001
1588348800000,0.0001
1588377600000,0.0001
1588406400000,0.0001
1588435200000,0.0001
1588464000000,0.0001
1588492800000,0.0001
1588521600000,0.0001
1588550400000,0.0001
1588579200005,0.0001
1588608000000,0.0001
1588636800000,0.0001
1588665600000,0.0001
1588694400000,0.0001
1588723200001,0.0001
1588752000000,0.0001
1588780800000,0.0001
1588809600000,0.0001
1588838400011,0.0001
1588867200000,0.0001
1588896000000,0.0001
1588924800001,0.0001
1588953600000,0.00010903
1588982400000,0.00045743
1589011200000,0.00048324
1589040000000,0.00070029
1589068800000,0.00034151
1589097600000,0.0001
1589126400000,0.0001
1589155200000,0.0001
1589184000000,0.0001
1589212800000,0.0001
1589241600000,0.0001
1589270400001,0.0001
1589299200000,0.0001
1589328000000,0.0001
1589356800000,0.0001
1589385600000,0.0001
1589414400000,0.0001
1589443200000,0.0001
1589472000000,0.0001
1589500800000,0.0001
1589529600000,0.0001
1589558400001,0.0001
1589587200008,0.0001
1589616000000,0.0001
1589644800000,0.0001
1589673600002,0.0001
1589702400000,0.0001
1589731200000,0.0001
1589760000000,0.0001
1589788800000,0.0001
1589817600001,0.0001
1589846400005,0.0001
1589875200000,0.0001
1589904000000,0.0001
1589932800000,0.0001
1589961600000,0.0001
1589990400006,0.0001
1590019200000,0.0001
1590048000000,0.0001
1590076800000,6.321e-05
1590105600006,-0.00024532
1590134400000,0.0001
1590163200000,0.0001
1590192000003,0.0001
1590220800000,0.0001
1590249600000,0.0001
1590278400006,0.0001
1590307200000,0.0001
1590336000000,0.0001
1590364800000,0.0001
1590393600000,0.0001
1590422400000,0.0001
1590451200000,0.0001
1590480000006,0.0001
1590508800000,0.0001
1590537600000,0.0001
1590566400000,0.0001
1590595200000,0.0001
1590624000000,0.0001
1590652800000,0.0001
1590681600000,0.0001
1590710400000,0.0001
1590739200000,0.0001
1590768000000,0.0001
1590796800000,0.0001
1590825600001,0.0001
1590854400000,0.0001
1590883200000,0.0001
1590912000001,0.0001
1590940800000,0.0001
1590969600000,0.0001
1590998400001,0.0001
1591027200000,0.0001
1591056000000,0.0001
1591084800002,0.0001
1591113600000,0.00024373
1591142400000,0.0001
1591171200000,0.0001
1591200000002,0.0001
1591228800001,0.0001
1591257600004,0.0001
1591286400001,0.0001
1591315200001,0.0001
1591344000000,0.0001
1591372800001,0.0001
1591401600000,0.0001
1591430400000,0.0001
1591459200000,0.0001
1591488000000,0.0001
1591516800000,0.0001
1591545600006,0.0001
1591574400008,0.0001
1591603200007,0.0001
1591632000000,0.0001
1591660800000,0.0001
1591689600000,0.0001
1591718400000,0.0001
1591747200000,0.0001
1591776000000,0.0001
1591804800000,0.0001
1591833600008,0.0001
1591862400001,0.0001
1591891200000,0.0001
1591920000003,0.0001
1591948800000,0.0001
1591977600002,8.437e-05
1592006400000,0.0001
1592035200001,0.0001
1592064000000,8.303e-05
1592092800007,0.0001
1592121600000,-0.00012098
1592150400001,0.0001
1592179200000,-5.103e-05
1592208000001,-4.095e-05
1592236800000,4.451e-05
1592265600002,-7.09e-06
1592294400000,0.0001
1592323200006,0.0001
1592352000000,0.0001
1592380800007,0.0001
1592409600000,0.0001
1592438400003,0.0001
1592467200001,0.0001
1592496000002,0.0001
1592524800001,0.0001
1592553600003,5.391e-05
1592582400000,0.0001
1592611200000,0.0001
1592640000009,0.0001
1592668800006,8.489e-05
1592697600000,0.0001
1592726400000,3.224e-05
1592755200000,0.0001
1592784000000,1.576e-05
1592812800000,0.0001
1592841600001,0.0001
1592870400000,0.0001
1592899200002,0.0001
1592928000000,0.0001
1592956800001,0.0001
1592985600000,0.0001
1593014400000,7.674e-05
1593043200000,3.183e-05
1593072000000,4.805e-05
1593100800000,0.0001
1593129600000,0.0001
1593158400000,5.44e-05
1593187200000,0.0001
1593216000003,0.0001
1593244800004,0.0001
1593273600000,0.0001
1593302400003,-8.054e-05
1593331200001,0.0001
1593360000000,0.0001
1593388800000,0.0001
1593417600005,-1.9e-07
1593446400000,-9.322e-05
1593475200000,0.0001
1593504000001,3.531e-05
1593532800002,0.0001
1593561600002,0.0001
1593590400000,0.0001
1593619200000,0.0001
1593648000001,0.0001
1593676800001,0.0001
1593705600000,0.0001
1593734400000,0.0001
1593763200001,0.0001
1593792000000,0.0001
1593820800002,0.0001
1593849600002,0.0001
1593878400001,0.0001
1593907200000,0.0001
1593936000000,0.0001
1593964800000,0.0001
1593993600000,0.0001
1594022400001,0.0001
1594051200000,0.0001
1594080000000,0.0001
1594108800006,0.0001
1594137600000,0.0001
1594166400000,0.0001
1594195200000,0.0001
1594224000000,0.00011286
1594252800001,0.0002589
1594281600002,0.00028466
1594310400000,0.00056118
1594339200000,0.0001
1594368000001,0.0001
1594396800000,0.0001
1594425600000,0.0001
1594454400000,0.0002563
1594483200000,0.0001
1594512000000,0.0001
1594540800000,0.0001
1594569600000,0.0001
1594598400000,0.0001
1594627200001,0.0001
1594656000000,0.00031125
1594684800001,0.0001
1594713600000,0.0001
1594742400000,0.0001
1594771200000,0.0001
1594800000000,0.0001
1594828800000,0.0001
1594857600000,0.0001
1594886400002,0.0001
1594915200001,0.0001
1594944000001,0.0001
1594972800000,0.0001
1595001600000,0.0001
1595030400003,0.0001
1595059200001,0.0001
1595088000000,0.00012355
1595116800000,0.00015216
1595145600000,0.0001
1595174400000,0.0001
1595203200000,0.0001
1595232000000,0.00015845
1595260800001,0.00022769
1595289600000,0.0001
1595318400001,0.0001
1595347200004,0.0001
1595376000000,0.0001
1595404800000,0.0001
1595433600000,0.0001
1595462400001,0.0004518
1595491200000,0.00041983
1595520000001,0.00046905
1595548800000,0.00073437
1595577600000,0.0004285
1595606400000,0.0006396
1595635200000,0.00054806
1595664000001,0.00051789
1595692800000,0.00060137
1595721600000,0.00087634
1595750400000,0.0014071
1595779200000,0.00074122
1595808000000,0.00074825
1595836800000,0.00062746
1595865600000,0.0002652
1595894400000,0.00060803
1595923200001,0.00087784
1595952000000,0.00081327
1595980800000,0.00096385
1596009600000,0.0011513
1596038400000,0.00090383
1596067200000,0.00079954
1596096000001,0.00116315
1596124800000,0.00109499
1596153600000,0.00111843
1596182400001,0.00071187
1596211200000,0.00112795
1596240000005,0.00070342
1596268800000,0.00033313
1596297600001,0.0001
1596326400000,0.00104801
1596355200001,0.0010328
1596384000001,0.00075329
1596412800000,0.0003881
1596441600001,0.00050203
1596470400000,0.000385
1596499200003,0.0001
1596528000000,0.0001
1596556800000,0.00020251
1596585600000,0.0002477
1596614400000,0.00045436
1596643200000,0.00039803
1596672000000,0.00062071
1596700800007,0.00066149
1596729600000,0.00084512
1596758400001,0.00068904
1596787200000,0.00076677
1596816000000,0.00070496
1596844800000,0.0001
1596873600000,0.0001
1596902400000,0.00043614
1596931200000,0.00058903
1596960000000,0.00074113
1596988800000,0.00066111
1597017600001,0.00089618
1597046400000,0.00110243
1597075200001,0.00035073
1597104000001,0.0002825
1597132800000,0.00073496
1597161600001,0.00051287
1597190400000,0.0001
1597219200000,0.0001
1597248000000,0.0001
1597276800002,0.00019121
1597305600000,0.00036049
1597334400000,0.00035513
1597363200000,0.00059239
1597392000000,0.00100048
1597420800000,0.00123155
1597449600000,0.00109307
1597478400001,0.00094737
1597507200001,0.00078651
1597536000000,0.00107209
1597564800000,0.00091406
1597593600000,0.00072429
1597622400000,0.00105029
1597651200000,0.00093562
1597680000000,0.00168702
1597708800001,0.00187869
1597737600008,0.00115308
1597766400000,0.00050667
1597795200000,0.00034347
1597824000000,0.0001
1597852800000,0.00020465
1597881600001,0.0001
1597910400000,0.0001
1597939200000,0.0001
1597968000000,0.0001
1597996800000,0.0001
1598025600017,0.0001
1598054400000,0.0001
1598083200000,0.0001
1598112000000,0.0001
1598140800000,0.0001
1598169600000,0.0001
1598198400000,0.0001
1598227200006,0.0001
1598256000001,0.0001
1598284800000,0.00010438
1598313600000,0.0001
1598342400000,0.0001
1598371200000,0.00024539
1598400000000,0.0001
1598428800008,0.0001
1598457600002,0.0001
1598486400000,0.0001
1598515200010,0.0001
1598544000000,0.0001
1598572800000,0.0001
1598601600001,0.0001
1598630400000,0.0001
1598659200002,0.0001
1598688000006,0.0001
1598716800003,0.00010842
1598745600000,0.0001
1598774400000,0.0001
1598803200000,0.00040173
1598832000000,0.00054286
1598860800001,0.0004256
1598889600001,0.0004277
1598918400000,0.00064953
1598947200000,0.00085321
1598976000000,0.00108153
1599004800000,0.00093816
1599033600006,0.00102613
1599062400000,0.0001
1599091200001,0.0001
1599120000004,0.0001
1599148800000,0.0001
1599177600005,0.0001
1599206400000,0.0001
1599235200006,0.0001
1599264000000,0.0001
1599292800004,0.0001
1599321600001,0.0001
1599350400004,0.0001
1599379200000,0.0001
1599408000000,0.0001
1599436800002,0.0001
1599465600004,0.0001
1599494400001,0.0001
1599523200007,0.0001
1599552000006,0.0001
1599580800014,0.0001
1599609600000,0.0001
1599638400000,0.0001
1599667200000,0.0001
1599696000000,0.0001
1599724800005,0.0001
1599753600000,0.0001
1599782400000,0.0001
1599811200008,0.0001
1599840000000,0.0001
1599868800008,0.0001
1599897600000,0.0001
1599926400008,0.0001
1599955200000,0.0001
1599984000000,0.0001
1600012800004,0.0001
1600041600003,0.0001
1600070400008,0.0001
1600099200000,0.0001
1600128000000,0.0001
1600156800010,0.0001
1600185600003,0.0001
1600214400014,0.0001
1600243200000,0.0001
1600272000001,0.0001
1600300800006,0.0001
1600329600012,0.0001
1600358400000,0.0001
1600387200001,0.0001
1600416000002,0.0001
1600444800002,0.0001
1600473600000,0.0001
1600502400005,0.0001
1600531200008,0.0001
1600560000002,0.0001
1600588800005,0.0001
1600617600005,0.0001
1600646400000,0.0001
1600675200001,0.0001
1600704000000,0.0001
1600732800001,0.0001
1600761600000,0.0001
1600790400004,0.0001
1600819200007,0.0001
1600848000001,0.0001
1600876800001,0.0001
1600905600000,0.0001
1600934400000,8.95e-05
1600963200000,1.411e-05
1600992000009,-1.585e-05
1601020800045,0.0001
1601049600000,0.0001
1601078400000,0.0001
1601107200000,0.0001
1601136000005,0.0001
1601164800000,0.0001
1601193600000,0.0001
1601222400019,0.0001
1601251200001,0.0001
1601280000000,0.0001
1601308800002,0.0001
1601337600000,0.0001
1601366400000,0.0001
1601395200000,0.0001
1601424000005,0.0001
1601452800000,0.0001
1601481600000,0.0001
1601510400000,0.0001
1601539200000,0.0001
1601568000000,0.0001
1601596800011,0.0001
1601625600000,0.0001
1601654400005,0.0001
1601683200000,0.0001
1601712000001,0.0001
1601740800000,0.0001
1601769600000,0.0001
1601798400003,0.0001
1601827200001,0.0001
1601856000000,0.0001
1601884800000,0.0001
1601913600012,0.0001
1601942400000,0.0001
1601971200005,0.0001
1602000000000,0.0001
1602028800000,0.0001
1602057600000,0.0001
1602086400000,0.0001
1602115200000,0.0001
1602144000009,0.0001
1602172800003,0.0001
1602201600001,0.0001
1602230400000,0.0001
1602259200004,0.00013621
1602288000005,0.0001
1602316800000,0.0001
1602345600011,0.0001
1602374400002,0.0001
1602403200003,0.0001
1602432000004,0.0001
1602460800001,0.0001
1602489600000,0.0001
1602518400011,0.0001
1602547200003,0.0001
1602576000000,0.0001
1602604800001,0.0002006
1602633600001,0.0001
1602662400000,0.00023268
1602691200001,0.00013558
1602720000000,0.0001
1602748800000,0.0001
1602777600000,0.0001
1602806400002,0.0001
1602835200003,0.0001
1602864000000,0.0001
1602892800006,0.0001
1602921600007,0.0001
1602950400009,0.0001
1602979200006,0.0001
1603008000000,0.0001
1603036800000,0.0001
1603065600000,0.0001
1603094400000,0.0001
1603123200000,0.0001
1603152000015,0.0001
1603180800000,0.0001
1603209600008,0.0001
1603238400009,0.0001
1603267200004,0.0001
1603296000000,0.00016535
1603324800000,0.00039593
1603353600000,0.00012902
1603382400004,0.00070395
1603411200007,0.00028158
1603440000000,0.0001
1603468800000,0.00019051
1603497600000,0.0001
1603526400000,0.00013556
1603555200008,0.0001
1603584000005,0.0001
1603612800014,0.0001
1603641600000,0.0001
1603670400004,0.00010744
1603699200000,0.00014849
1603728000000,0.0001
1603756800000,0.0001
1603785600000,0.0001
1603814400000,0.0001
1603843200000,0.0001
1603872000006,0.0001
1603900800001,0.0001
1603929600000,0.0001
1603958400000,0.0001
1603987200000,0.0001
1604016000000,0.0001
1604044800002,0.0001
1604073600002,8.9e-06
1604102400003,-0.00010401
1604131200000,5.319e-05
1604160000000,0.0001
1604188800000,0.0001
1604217600000,0.0001
1604246400000,0.0001
1604275200000,0.0001
1604304000010,0.0001
1604332800000,0.0001
1604361600000,0.0001
1604390400004,1.234e-05
1604419200009,0.0001
1604448000000,0.0001
1604476800000,1.91e-05
1604505600005,0.0001
1604534400017,0.0001
1604563200001,0.0001
1604592000000,0.0001
1604620800000,0.0001
1604649600001,0.0001
1604678400001,0.00059361
1604707200001,0.0001
1604736000000,0.00062346
1604764800006,0.00020618
1604793600000,0.0001
1604822400000,0.0001
1604851200000,0.0001
1604880000007,0.0001
1604908800001,0.0001
1604937600002,0.0001
1604966400003,0.0001
1604995200011,0.0001
1605024000000,0.00012121
1605052800000,0.0001
1605081600009,0.0001
1605110400003,0.0001
1605139200001,0.0001
1605168000001,0.00017311
1605196800000,0.0001
1605225600000,0.0001
1605254400000,0.0001
1605283200000,0.0003377
1605312000005,0.00062453
1605340800004,0.00039215
1605369600001,0.00023107
1605398400001,0.0001
1605427200000,0.00017909
1605456000003,0.00031223
1605484800000,0.00026212
1605513600010,0.00016059
1605542400001,0.00057142
1605571200002,0.00061792
1605600000003,0.00042579
1605628800003,0.00022056
1605657600005,0.00078647
1605686400006,0.00018046
1605715200000,0.0001
1605744000008,0.0001
1605772800000,0.0001
1605801600001,0.00021632
1605830400003,0.00039389
1605859200005,0.00036253
1605888000000,0.00103588
1605916800000,0.00123551
1605945600000,0.00031395
1605974400001,0.00095352
1606003200005,0.0008303
1606032000000,0.00066291
1606060800000,0.0007835
1606089600005,0.00194674
1606118400000,0.00139548
1606147200003,0.00145927
1606176000000,0.0001
1606204800000,0.0010229
1606233600005,0.00070342
1606262400005,0.00064145
1606291200005,0.00047907
1606320000015,0.00178695
1606348800012,0.0001
1606377600002,4.701e-05
1606406400001,0.0001
1606435200001,0.0001
1606464000000,0.00031722
1606492800007,0.00016854
1606521600007,0.00051296
1606550400012,0.0001
1606579200000,0.00023524
1606608000007,0.0001
1606636800000,0.0001
1606665600000,0.00031469
1606694400004,0.00039269
1606723200007,0.00080821
1606752000000,0.00051362
1606780800000,0.00059475
1606809600003,0.00083077
1606838400000,0.0001
1606867200001,0.0001
1606896000011,0.0001
1606924800005,0.00045375
1606953600001,0.00067521
1606982400031,0.0003036
1607011200000,0.00076753
1607040000006,0.00042255
1607068800009,0.0001
1607097600000,0.0001
1607126400000,0.0001
1607155200000,0.0001
1607184000000,0.0001
1607212800004,0.0001
1607241600000,0.0001
1607270400001,0.0001
1607299200000,0.0001
1607328000008,0.00022824
1607356800000,0.00030484
1607385600003,0.0001
1607414400003,0.0001
1607443200033,0.0001
1607472000000,1.985e-05
1607500800010,0.0001
1607529600000,-0.00066076
1607558400000,0.0001
1607587200000,-0.00060981
1607616000007,-0.00014243
1607644800000,-0.00097057
1607673600016,-0.00360368
1607702400010,-0.005025
1607731200009,-0.005025
1607760000002,0.0
1607788800000,0.0001
1607817600007,0.0001
1607846400000,0.0001
1607875200000,0.0001
1607904000000,0.0001
1607932800000,0.0001
1607961600000,0.0001
1607990400006,0.00050043
1608019200001,0.0001
1608048000000,0.00045668
1608076800001,0.00040916
1608105600000,0.00040131
1608134400000,0.00019335
1608163200000,0.0001
1608192000000,0.00025393
1608220800011,0.00065187
1608249600000,0.00017068
1608278400000,0.00024002
1608307200000,0.00027625
1608336000000,0.00020987
1608364800018,0.00046542
1608393600000,0.00091719
1608422400001,0.0004951
1608451200011,0.00015266
1608480000023,0.00066054
1608508800011,0.00039592
1608537600000,0.00024957
1608566400000,0.00028374
1608595200001,0.00039663
1608624000006,0.0001
1608652800000,0.0001
1608681600000,-0.00026055
1608710400000,-0.00021454
1608739200000,-0.00017101
1608768000012,-0.00146714
1608796800009,-0.00209954
1608825600001,-0.00036014
1608854400000,-0.00012927
1608883200000,0.0001
1608912000000,0.0001
1608940800009,-0.00038124
1608969600001,0.0001
1608998400006,0.0001
1609027200000,0.0001
1609056000000,0.00041461
1609084800001,0.00023502
1609113600015,0.00020752
1609142400019,0.00062941
1609171200000,0.00056104
1609200000004,-0.00029975
1609228800003,-0.00104294
1609257600000,-0.0013207
1609286400001,-6.237e-05
1609315200001,-0.0012662
1609344000012,-0.00023643
1609372800009,-0.001384
1609401600000,-0.00044538
1609430400010,-0.00061811
1609459200002,0.0001
1609488000006,0.00016416
1609516800003,0.0001
1609545600000,0.0001
1609574400000,0.0001
1609603200006,0.0001
1609632000018,0.00087042
1609660800000,0.00103067
1609689600002,0.00188644
1609718400000,0.00322948
1609747200000,0.00321973
1609776000000,0.00056528
1609804800020,0.00077706
1609833600003,0.00028829
1609862400003,0.0001
1609891200010,0.00067707
1609920000003,0.00121851
1609948800000,0.00240729
1609977600007,0.00099758
1610006400000,0.00133816
1610035200004,0.00257035
1610064000000,0.00068052
1610092800000,0.00064003
1610121600000,0.00162227
1610150400009,0.00111875
1610179200004,0.00096612
1610208000000,0.00157111
1610236800000,0.00292299
1610265600005,0.00269274
1610294400000,0.00067459
1610323200000,0.00117488
1610352000012,0.0001
1610380800000,0.0001
1610409600000,0.00025562
1610438400000,0.00090777
1610467200008,0.00051877
1610496000001,0.0005196
1610524800000,0.0009286
1610553600003,0.00097098
1610582400000,0.00096376
1610611200012,0.0001
1610640000000,0.00108258
1610668800002,0.00055778
1610697600000,0.00099903
1610726400004,0.0008171
1610755200000,0.00031084
1610784000008,0.00081748
1610812800000,0.00148144
1610841600009,0.00093822
1610870400000,0.00071105
1610899200001,0.00046551
1610928000000,0.00063328
1610956800004,0.00065968
1610985600000,0.00145167
1611014400000,0.00095247
1611043200005,0.00235113
1611072000012,0.00144985
1611100800012,0.0009398
1611129600001,0.00067072
1611158400001,0.0004858
1611187200000,0.00087001
1611216000000,0.00099969
1611244800004,0.00039505
1611273600012,0.0001
1611302400003,0.0001
1611331200001,0.0001922
1611360000000,0.0001
1611388800002,0.00053204
1611417600000,0.00041598
1611446400001,0.00047152
1611475200011,0.00039182
1611504000005,0.00081256
1611532800007,0.00078134
1611561600012,0.00075216
1611590400000,0.00098488
1611619200007,0.00033059
1611648000000,0.00044386
1611676800000,0.00030387
1611705600000,0.00028331
1611734400011,0.00027841
1611763200003,0.0001
1611792000000,0.00012191
1611820800000,0.00021805
1611849600000,0.00041686
1611878400009,0.00030692
1611907200000,0.00109854
1611936000000,0.00137615
1611964800000,0.00057791
1611993600000,0.00061956
1612022400000,0.0012533
1612051200009,0.00123441
1612080000000,0.00119868
1612108800000,0.00109098
1612137600001,0.00128729
1612166400014,0.00128644
1612195200000,0.0013186
1612224000000,0.00139381
1612252800006,0.00087939
1612281600000,0.00169106
1612310400009,0.00121619
1612339200006,0.00197745
1612368000006,0.00218039
1612396800005,0.0016027
1612425600000,0.00174576
1612454400011,0.00189649
1612483200009,0.0013954
1612512000004,0.00197779
1612540800000,0.00209439
1612569600008,0.00147248
1612598400009,0.0012435
1612627200000,0.00160762
1612656000000,0.0017902
1612684800005,0.00098841
1612713600001,0.00109294
1612742400000,0.00088318
1612771200001,0.00078824
1612800000000,0.00305499
1612828800010,0.00239325
1612857600006,0.00314452
1612886400007,0.00177389
1612915200009,0.00254172
1612944000014,0.00259006
1612972800005,0.00170685
1613001600000,0.00144709
1613030400000,0.00156232
1613059200000,0.00173433
1613088000000,0.00115908
1613116800000,0.00199349
1613145600000,0.00168173
1613174400001,0.00217839
1613203200003,0.00218703
1613232000000,0.0006347
1613260800013,0.00164916
1613289600000,0.00170487
1613318400008,0.00122256
1613347200000,0.00125062
1613376000006,0.0001
1613404800000,0.0001
1613433600001,0.00023468
1613462400000,0.00089581
1613491200010,0.00096993
1613520000005,0.0001
1613548800010,0.00056054
1613577600008,0.00225423
1613606400012,0.0026713
1613635200000,0.002441
1613664000009,0.0017728
1613692800010,0.00160148
1613721600002,0.00126174
1613750400008,0.00294544
1613779200000,0.00315578
1613808000009,0.0031493
1613836800000,0.00240027
1613865600007,0.00041943
1613894400012,0.00088531
1613923200001,0.00168748
1613952000006,0.00122196
1613980800002,0.00096883
1614009600000,0.00010868
1614038400000,0.00093469
1614067200006,0.00028581
1614096000000,0.0001
1614124800012,0.0001
1614153600016,0.00033372
1614182400011,0.00012171
1614211200007,0.0001
1614240000000,0.00015529
1614268800010,0.00051584
1614297600000,0.0002301
1614326400025,0.0001
1614355200010,0.0001
1614384000001,0.0001
1614412800000,0.0001
1614441600000,0.00037705
1614470400021,0.0001
1614499200009,0.0001
1614528000000,0.00024642
1614556800000,0.00012299
1614585600003,0.0001
1614614400001,0.00045312
1614643200000,0.00029885
1614672000000,0.0001
1614700800004,0.0003145
1614729600000,0.00022149
1614758400016,0.00023129
1614787200000,0.00071675
1614816000000,0.00043508
1614844800015,0.00043825
1614873600001,0.00039988
1614902400000,0.000193
1614931200002,0.00048062
1614960000008,0.00024798
1614988800000,0.00038363
1615017600000,0.00031329
1615046400000,0.00041388
1615075200006,0.0001
1615104000005,0.0001787
1615132800008,0.00039454
1615161600000,0.00034719
1615190400000,0.00064027
1615219200006,0.00080674
1615248000000,0.00086363
1615276800000,0.00110869
1615305600000,0.00150194
1615334400009,0.00149665
1615363200006,0.00046212
1615392000008,0.00066377
1615420800000,0.00055091
1615449600000,0.00040537
1615478400014,0.00034294
1615507200002,0.00068086
1615536000005,0.00074267
1615564800011,0.00036216
1615593600000,0.00049214
1615622400002,0.00060966
1615651200000,0.00098247
1615680000011,0.00089627
1615708800000,0.00104978
1615737600000,0.00127215
1615766400012,0.00102377
1615795200016,0.00079934
1615824000030,0.00041533
1615852800005,0.00059654
1615881600008,0.00043434
1615910400012,0.00072188
1615939200010,0.00072797
1615968000000,0.00028749
1615996800009,0.00051868
1616025600001,0.00112296
1616054400000,0.00097531
1616083200000,0.00130274
1616112000011,0.00073582
1616140800001,0.00064174
1616169600000,0.00067592
1616198400000,0.00085235
1616227200000,0.00098924
1616256000007,0.00165368
1616284800000,0.00039755
1616313600000,0.00072285
1616342400000,0.000567
1616371200007,0.00064102
1616400000001,0.00098968
1616428800000,0.00099898
1616457600000,0.00042625
1616486400010,0.00051046
1616515200023,0.00070703
1616544000002,0.00028194
1616572800000,0.00053398
1616601600000,0.00062739
1616630400000,0.0001
1616659200000,0.0001
1616688000000,0.0001
1616716800008,0.0001
1616745600000,0.0001
1616774400012,0.00054084
1616803200018,0.00022091
1616832000000,0.00023629
1616860800001,0.00024906
1616889600000,0.00027846
1616918400000,0.00050262
1616947200005,0.00041547
1616976000003,0.00031777
1617004800000,0.00044361
1617033600000,0.00087986
1617062400018,0.00120207
1617091200012,0.0013664
1617120000001,0.00140435
1617148800000,0.00079532
1617177600000,0.00070423
1617206400000,0.00093562
1617235200025,0.00157124
1617264000011,0.00140886
1617292800004,0.00171616
1617321600000,0.0011486
1617350400000,0.00194611
1617379200000,0.00234624
1617408000003,0.00148033
1617436800000,0.00114633
1617465600000,0.00168512
1617494400000,0.00044824
1617523200000,0.00066515
1617552000016,0.00080431
1617580800000,0.00094276
1617609600001,0.0016874
1617638400001,0.00247211
1617667200010,0.00190999
1617696000000,0.00216446
1617724800003,0.0018248
1617753600000,0.00153166
1617782400006,0.0008298
1617811200004,0.00061264
1617840000013,0.00091458
1617868800003,0.00133688
1617897600005,0.00105394
1617926400000,0.00139423
1617955200004,0.00131018
1617984000004,0.00157362
1618012800011,0.00153549
1618041600005,0.00241287
1618070400000,0.00136854
1618099200004,0.00093421
1618128000000,0.00100301
1618156800000,0.00222434
1618185600001,0.00174132
1618214400001,0.0026822
1618243200008,0.00127337
1618272000003,0.00251633
1618300800008,0.00140859
1618329600008,0.00234743
1618358400008,0.0016153
1618387200000,0.00288416
1618416000012,0.00114449
1618444800006,0.0011136
1618473600000,0.00239112
1618502400008,0.00190433
1618531200008,0.00300154
1618560000000,0.00234144
1618588800002,0.00198751
1618617600008,0.00277328
1618646400000,0.0022872
1618675200001,0.00148306
1618704000006,0.00105705
1618732800004,1.716e-05
1618761600000,0.00012186
1618790400000,0.00029119
1618819200000,0.0001
1618848000009,0.0001
1618876800004,0.0001
1618905600000,0.0001
1618934400001,0.00021526
1618963200013,0.00033161
1618992000001,0.00042076
1619020800002,0.00028959
1619049600000,0.0001
1619078400000,0.00021451
1619107200001,0.00048109
1619136000002,0.0001
1619164800009,0.0001
1619193600001,0.0001
1619222400019,0.0001
1619251200001,0.0001
1619280000011,0.0001
1619308800000,0.00021567
1619337600010,0.00019239
1619366400000,0.0001
1619395200003,0.0001
1619424000002,0.00039846
1619452800004,0.0001
1619481600000,0.00012679
1619510400000,0.00013723
1619539200009,0.00061944
1619568000000,0.00044568
1619596800000,0.00052023
1619625600001,0.00067979
1619654400004,0.00059382
1619683200013,0.00049716
1619712000003,0.00062554
1619740800004,0.0002425
1619769600019,0.00042524
1619798400003,0.00061739
1619827200002,0.00082276
1619856000006,0.00079546
1619884800000,0.00061447
1619913600010,0.00088402
1619942400011,0.00032679
1619971200007,0.00078389
1620000000003,0.00102761
1620028800000,0.00099395
1620057600043,0.00081165
1620086400004,0.00109386
1620115200003,0.00030438
1620144000011,0.00074973
1620172800001,0.00030671
1620201600007,0.00089915
1620230400001,0.00105309
1620259200003,0.00136143
1620288000001,0.00143199
1620316800000,0.00215282
1620345600000,0.00060849
1620374400000,0.00056951
1620403200001,0.00144697
1620432000006,0.00073183
1620460800000,0.00124207
1620489600000,0.00146328
1620518400005,0.00134454
1620547200016,0.00042842
1620576000000,0.00071714
1620604800004,0.00088976
1620633600000,0.00126213
1620662400013,0.00131477
1620691200000,0.0001
1620720000000,0.0001
1620748800002,0.00029642
1620777600004,0.00032098
1620806400007,0.00067145
1620835200012,0.00030182
1620864000016,0.0001
1620892800000,0.00031447
1620921600008,0.0001326
1620950400007,0.0001
1620979200001,0.00025752
1621008000004,0.00028539
1621036800022,0.0001
1621065600014,0.00032335
1621094400002,0.00037341
1621123200000,0.00051723
1621152000003,0.00038617
1621180800002,0.00066811
1621209600005,0.00012345
1621238400001,0.0003105
1621267200000,0.00075755
1621296000019,0.00054033
1621324800001,0.00032211
1621353600006,0.00069832
1621382400000,0.0001
1621411200003,0.0001
1621440000018,-0.00169137
1621468800005,0.0001
1621497600000,0.0001
1621526400005,0.0001
1621555200000,0.0001
1621584000000,0.0001
1621612800001,0.0001
1621641600001,0.00015674
1621670400002,0.0001
1621699200005,0.0001
1621728000006,0.0001
1621756800004,0.0001
1621785600002,1.427e-05
1621814400007,-0.00035746
1621843200005,0.0001
1621872000005,9.405e-05
1621900800000,-0.00010528
1621929600014,0.0001
1621958400000,0.0001
1621987200022,0.0001
1622016000018,0.0001
1622044800004,0.00031489
1622073600000,0.0001
1622102400017,2.831e-05
1622131200000,0.00022834
1622160000005,0.0001
1622188800009,0.0001
1622217600000,-0.00033365
1622246400006,0.0001
1622275200000,0.0002353
1622304000000,0.0001
1622332800003,-1.391e-05
1622361600004,6.087e-05
1622390400018,0.0001
1622419200002,0.0001
1622448000000,0.0001
1622476800000,0.0001
1622505600001,0.0001
1622534400010,0.0001
1622563200010,0.0001
1622592000008,0.0001
1622620800000,0.0001
1622649600007,0.0001
1622678400019,0.0001
1622707200002,0.0001
1622736000003,0.0001
1622764800003,0.0001
1622793600006,0.0001
1622822400002,0.0001
1622851200000,0.0001
1622880000004,0.0001
1622908800020,0.0001
1622937600000,0.0001
1622966400004,0.0001
1622995200000,0.0001
1623024000007,0.0001
1623052800007,0.0001
1623081600003,0.0001
1623110400000,0.0001
1623139200000,5.006e-05
1623168000002,0.0001
1623196800009,4.453e-05
1623225600002,-6.595e-05
1623254400000,5.251e-05
1623283200007,3.16e-05
1623312000003,0.0001
1623340800000,0.0001
1623369600010,0.0001
1623398400007,0.0001
1623427200006,0.0001
1623456000005,0.0001
1623484800000,0.0001
1623513600018,0.0001
1623542400002,0.0001
1623571200000,0.0001
1623600000003,0.0001
1623628800000,0.0001
1623657600015,0.0001
1623686400000,0.0001
1623715200000,0.0001
1623744000000,0.0001
1623772800004,0.0001
1623801600004,0.0001
1623830400001,0.0001
1623859200000,0.0001
1623888000004,0.0001
1623916800000,0.0001
1623945600002,0.0001
1623974400009,-4.678e-05
1624003200014,0.0001
1624032000007,0.0001
1624060800003,-0.00018811
1624089600001,0.0001
1624118400000,0.0001
1624147200005,0.0001
1624176000000,-0.00011845
1624204800002,-5.531e-05
1624233600019,0.0001
1624262400000,0.0001
1624291200024,1.547e-05
1624320000008,0.0001
1624348800009,-1.22e-05
1624377600001,-0.00015121
1624406400003,8.853e-05
1624435200000,-0.00017733
1624464000000,0.0001
1624492800009,-2.28e-05
1624521600018,0.0001
1624550400001,0.0001
1624579200009,0.0001
1624608000004,0.0001
1624636800000,0.0001
1624665600007,0.0001
1624694400000,0.0001
1624723200002,6.357e-05
1624752000005,-2.412e-05
1624780800010,8.522e-05
1624809600001,0.0001
1624838400025,-5.865e-05
1624867200017,0.0001
1624896000007,0.0001
1624924800008,5.822e-05
1624953600000,0.0001
1624982400000,0.0001
1625011200011,0.0001
1625040000044,0.0001
1625068800005,0.0001
1625097600000,0.0001
1625126400004,0.0001
1625155200028,0.0001
1625184000002,0.0001
1625212800016,0.0001
1625241600007,0.0001
1625270400008,5.181e-05
1625299200000,2.622e-05
1625328000004,0.0001
1625356800012,0.0001
1625385600002,0.0001
1625414400003,0.0001
1625443200004,0.0001
1625472000000,0.0001
1625500800009,-2.946e-05
1625529600008,0.0001
1625558400019,2.673e-05
1625587200000,0.0001
1625616000007,0.0001
1625644800001,0.0001
1625673600008,0.0001
1625702400002,0.0001
1625731200010,-6.073e-05
1625760000003,2.703e-05
1625788800000,0.0001
1625817600006,0.0001
1625846400000,-3.5e-07
1625875200002,1.794e-05
1625904000000,0.0001
1625932800001,0.0001
1625961600001,0.0001
1625990400025,0.0001
1626019200006,0.0001
1626048000000,0.0001
1626076800021,2.501e-05
1626105600000,0.0001
1626134400000,-4.06e-05
1626163200013,0.0001
1626192000005,0.0001
1626220800000,0.0001
1626249600000,0.0001
1626278400005,-1.3e-07
1626307200005,0.0001
1626336000001,0.0001
1626364800000,0.0001
1626393600000,0.0001
1626422400000,0.0001
1626451200001,-1.21e-05
1626480000004,0.0001
1626508800009,0.0001
1626537600006,0.0001
1626566400000,0.0001
1626595200001,2.695e-05
1626624000003,-0.00017941
1626652800002,0.0001
1626681600006,0.0001
1626710400006,-1.98e-06
1626739200002,1.008e-05
1626768000011,-6.797e-05
1626796800001,-5.04e-05
1626825600022,5.02e-06
1626854400000,-0.00013008
1626883200018,-0.00016207
1626912000002,0.0001
1626940800006,0.0001
1626969600010,0.0001
1626998400013,0.0001
1627027200000,0.0001
1627056000005,0.0001
1627084800000,0.0001
1627113600002,0.0001
1627142400001,0.0001
1627171200003,3.834e-05
1627200000015,0.0001
1627228800000,0.0001
1627257600000,0.0001
1627286400000,0.0001
1627315200000,0.0001
1627344000046,0.0001
1627372800014,0.0001
1627401600007,0.0001
1627430400000,0.0001
1627459200002,0.0001
1627488000005,0.0001
1627516800004,0.0001
1627545600000,0.0001
1627574400007,0.0001
1627603200004,0.0001
1627632000000,0.0001
1627660800000,0.0001
1627689600000,0.0001
1627718400014,0.0001
1627747200003,0.0001
1627776000005,0.0001
1627804800016,0.0001
1627833600001,0.0001
1627862400000,0.0001
1627891200014,0.0001
1627920000021,0.0001
1627948800000,0.0001
1627977600000,0.0001
1628006400009,0.0001
1628035200000,0.0001
1628064000000,0.0001
1628092800003,0.0001
1628121600000,0.0001
1628150400000,0.0001
1628179200001,0.0001
1628208000000,0.0001
1628236800004,0.0001
1628265600003,0.0001
1628294400015,0.0001
1628323200001,0.00013287
1628352000002,0.00018812
1628380800000,0.0001
1628409600002,0.0001
1628438400018,0.0003553
1628467200000,0.0001
1628496000000,0.00013824
1628524800002,0.00017211
1628553600000,0.0001
1628582400003,0.0001
1628611200000,0.00032089
1628640000006,0.00023495
1628668800003,0.00018508
1628697600000,0.0004006
1628726400013,0.00081096
1628755200001,0.00047947
1628784000000,0.00041785
1628812800000,0.00010571
1628841600000,0.0001
1628870400002,0.00032521
1628899200006,0.0001
1628928000000,0.00051056
1628956800000,0.0005167
1628985600003,0.00045678
1629014400000,0.00056248
1629043200007,0.00033694
1629072000012,0.00034871
1629100800003,0.00050433
1629129600010,0.00063063
1629158400018,0.0001
1629187200015,0.0001
1629216000006,0.00023238
1629244800000,0.0001
1629273600000,0.0001
1629302400011,0.0001
1629331200000,0.0001
1629360000014,0.0001
1629388800000,0.0001
1629417600000,0.00014608
1629446400001,0.00041742
1629475200001,0.00040966
1629504000005,0.00028068
1629532800001,0.00067933
1629561600000,0.00060019
1629590400005,0.00024478
1629619200007,0.00043394
1629648000002,0.00048966
1629676800003,0.0001
1629705600005,0.00089197
1629734400002,0.0008762
1629763200006,0.00021933
1629792000004,0.00037935
1629820800000,0.00043784
1629849600015,0.0001
1629878400000,0.0001
1629907200000,0.00025204
1629936000001,0.00030828
1629964800016,0.00024901
1629993600004,0.00031055
1630022400013,0.00028303
1630051200001,0.00021808
1630080000004,0.00020169
1630108800000,0.00018767
1630137600000,0.00058104
1630166400000,0.00053081
1630195200000,0.00046465
1630224000002,0.00027542
1630252800005,0.0003881
1630281600013,0.00049635
1630310400008,0.00045113
1630339200000,0.00052489
1630368000000,0.00057663
1630396800007,0.00043271
1630425600003,0.0003548
1630454400000,0.00049426
1630483200006,0.00032715
1630512000000,0.00018509
1630540800009,0.00025037
1630569600006,0.00093694
1630598400007,0.00108752
1630627200011,0.00053228
1630656000000,0.00060423
1630684800002,0.00065053
1630713600003,0.00049367
1630742400008,0.00066173
1630771200009,0.00079402
1630800000002,0.00064937
1630828800002,0.0003712
1630857600000,0.00050843
1630886400003,0.00053584
1630915200008,0.0009763
1630944000009,0.00057152
1630972800004,0.00040585
1631001600002,0.00051228
1631030400001,-0.00018469
1631059200005,0.0001
1631088000000,0.00022892
1631116800000,0.0001
1631145600006,0.0001
1631174400014,0.00016614
1631203200002,0.0001
1631232000001,0.0001
1631260800018,0.0001
1631289600006,0.0001
1631318400000,0.0001
1631347200001,0.0001
1631376000000,0.0001
1631404800000,0.0001
1631433600002,0.0001
1631462400000,0.0001
1631491200000,0.0001
1631520000007,0.0001
1631548800005,0.0001
1631577600002,0.0001
1631606400000,0.0001
1631635200007,0.0001
1631664000012,0.0001
1631692800003,0.0001
1631721600006,0.0001
1631750400008,0.00010124
1631779200005,0.0001
1631808000002,0.0002226
1631836800000,0.00012551
1631865600047,0.0001
1631894400013,0.0001
1631923200000,0.0001
1631952000010,0.0001
1631980800005,0.00011145
1632009600006,0.0001
1632038400015,0.0001
1632067200007,0.0001
1632096000018,0.0001
1632124800000,0.0001
1632153600005,0.0001
1632182400005,0.0001
1632211200007,0.0001
1632240000000,0.0001
1632268800005,0.0001
1632297600006,0.0001
1632326400000,0.0001
1632355200003,0.0001
1632384000000,0.0001
1632412800007,0.0001
1632441600000,0.0001
1632470400017,0.0001
1632499200000,0.0001
1632528000007,0.0001
1632556800002,0.0001
1632585600004,0.0001
1632614400013,0.0001
1632643200000,9.173e-05
1632672000005,0.0001
1632700800000,0.0001
1632729600001,0.0001
1632758400000,0.0001
1632787200000,7.68e-06
1632816000014,0.0001
1632844800000,0.0001
1632873600000,0.0001
1632902400002,0.0001
1632931200000,0.0001
1632960000000,7.73e-06
1632988800004,0.0001
1633017600005,0.0001
1633046400012,0.0001
1633075200008,0.0001
1633104000000,0.0001
1633132800000,0.0001
1633161600002,0.0001
1633190400011,0.0001
1633219200019,0.0001
1633248000011,0.0001
1633276800004,0.0001
1633305600004,0.0001
1633334400000,0.0001
1633363200000,0.0001
1633392000007,0.0001
1633420800007,0.0001
1633449600004,0.0001
1633478400002,0.0001
1633507200000,0.0001
1633536000003,0.0001
1633564800007,0.00037437
1633593600002,0.00015712
1633622400000,0.00035209
1633651200011,0.00026526
1633680000003,0.00033069
1633708800002,0.00036707
1633737600006,0.00017835
1633766400003,0.00026888
1633795200000,0.00025761
1633824000000,0.00060032
1633852800008,0.00040919
1633881600000,0.00045168
1633910400002,0.0003909
1633939200001,0.00027595
1633968000006,0.00023895
1633996800008,0.0001
1634025600013,0.0001
1634054400003,0.0001
1634083200003,0.0001
1634112000015,0.0001
1634140800000,0.0001
1634169600011,0.0001
1634198400017,0.00012247
1634227200000,0.00032069
1634256000005,0.00033621
1634284800002,0.00038529
1634313600005,0.00020724
1634342400009,0.00057478
1634371200000,0.00057334
1634400000003,0.00068979
1634428800001,0.00048223
1634457600002,0.00054882
1634486400002,0.00048508
1634515200006,0.0001
1634544000004,0.00013587
1634572800001,0.00032549
1634601600002,0.00033743
1634630400000,0.00032874
1634659200000,0.00019631
1634688000017,0.00029315
1634716800004,0.00047768
1634745600020,0.00050385
1634774400000,0.00065118
1634803200000,0.00077746
1634832000008,0.00073794
1634860800005,0.00030683
1634889600005,0.0001821
1634918400018,0.00022518
1634947200005,0.000502
1634976000001,0.00044445
1635004800004,0.00035959
1635033600006,0.00053293
1635062400012,0.00057529
1635091200001,0.00052607
1635120000012,0.00039592
1635148800002,0.00051384
1635177600022,0.0005448
1635206400005,0.00045397
1635235200016,0.00088807
1635264000000,0.00077497
1635292800004,0.00056013
1635321600000,0.00066908
1635350400002,0.0001
1635379200002,0.0001
1635408000000,0.0001
1635436800005,0.0001
1635465600000,0.0001
1635494400007,0.00017898
1635523200001,0.00021527
1635552000000,0.00022458
1635580800001,0.00052483
1635609600013,0.00020625
1635638400008,0.00018878
1635667200010,0.00064507
1635696000001,0.0001
1635724800009,0.0001
1635753600014,0.00025315
1635782400001,0.00053203
1635811200000,0.00034991
1635840000007,0.00054684
1635868800010,0.00074527
1635897600019,0.00070407
1635926400000,0.00087481
1635955200005,0.00045184
1635984000006,0.00029418
1636012800004,0.00056953
1636041600004,0.00034316
1636070400000,0.00029978
1636099200013,0.0004102
1636128000016,0.00058635
1636156800010,0.00037755
1636185600000,0.00047103
1636214400007,0.0001
1636243200013,0.0001
1636272000005,0.00019365
1636300800004,0.00015344
1636329600001,0.00061253
1636358400000,0.00063914
1636387200000,0.00079545
1636416000000,0.00026998
1636444800014,0.00084504
1636473600001,0.00064127
1636502400000,0.00049979
1636531200003,0.00037532
1636560000001,0.00077048
1636588800008,0.0001
1636617600012,0.0001
1636646400007,0.00019831
1636675200000,0.0001
1636704000000,0.0001
1636732800004,0.0001
1636761600000,0.00011343
1636790400004,0.00015282
1636819200006,0.00018171
1636848000010,0.0001
1636876800001,0.00027144
1636905600000,0.00022155
1636934400008,0.00019855
1636963200000,0.00027801
1636992000000,0.00029439
1637020800000,0.00016443
1637049600001,0.0001
1637078400018,0.0001
1637107200005,0.0001
1637136000007,0.0001
1637164800003,0.0001
1637193600017,0.0001
1637222400007,0.0001
1637251200011,0.0001
1637280000000,0.0001
1637308800000,0.0001
1637337600005,0.0001
1637366400012,0.00013046
1637395200000,0.0001
1637424000007,0.0001
1637452800000,0.00013862
1637481600006,0.0001
1637510400000,0.00019881
1637539200004,0.00013991
1637568000000,0.0001
1637596800000,0.0001
1637625600004,0.0001
1637654400010,0.0001
1637683200005,0.00017402
1637712000001,0.00016775
1637740800003,0.00033523
1637769600010,0.0001
1637798400000,0.00020066
1637827200010,0.00034381
1637856000000,0.00032096
1637884800000,0.00058316
1637913600000,0.0001646
1637942400016,0.0001
1637971200005,0.0001
1638000000008,0.0001
1638028800007,0.0001
1638057600018,0.0001
1638086400000,0.0001
1638115200004,0.0001
1638144000002,0.0001
1638172800004,0.0001
1638201600000,0.0001
1638230400000,0.0001
1638259200006,0.0001
1638288000000,0.0001
1638316800000,0.0001
1638345600000,0.0001
1638374400001,0.0001
1638403200000,0.0001
1638432000007,0.0001
1638460800008,0.0001
1638489600004,0.0001
1638518400002,0.0001
1638547200006,0.0001
1638576000006,0.0001
1638604800004,-0.00219334
1638633600000,0.0001
1638662400003,6.147e-05
1638691200008,0.0001
1638720000007,0.0001
1638748800009,0.0001
1638777600001,0.0001
1638806400000,0.0001
1638835200018,0.0001
1638864000000,0.0001
1638892800000,0.0001
1638921600000,0.0001
1638950400018,0.0001
1638979200010,0.0001
1639008000010,0.0001
1639036800000,0.0001
1639065600000,0.0001
1639094400000,0.0001
1639123200008,0.0001
1639152000012,8.995e-05
1639180800009,0.0001
1639209600008,-2.574e-05
1639238400000,-2.024e-05
1639267200001,-8.282e-05
1639296000015,0.0001
1639324800011,8.752e-05
1639353600006,0.0001
1639382400019,0.0001
1639411200000,0.0001
1639440000004,7.825e-05
1639468800000,7.108e-05
1639497600015,0.0001
1639526400000,0.0001
1639555200008,0.0001
1639584000005,0.0001
1639612800006,0.0001
1639641600009,0.0001
1639670400000,0.0001
1639699200000,0.0001
1639728000005,0.0001
1639756800006,0.0001
1639785600014,0.0001
1639814400012,0.0001
1639843200000,0.0001
1639872000031,0.0001
1639900800000,0.0001
1639929600003,0.0001
1639958400015,0.0001
1639987200007,0.0001
1640016000005,0.0001
1640044800003,-1.442e-05
1640073600012,4.422e-05
1640102400005,-1.034e-05
1640131200000,3.39e-05
1640160000001,-8.722e-05
1640188800006,-0.0003719
1640217600011,-0.00039821
1640246400000,-0.00035964
1640275200000,-0.00062866
1640304000005,-0.00114043
1640332800000,-0.00110563
1640361600011,-0.00207096
1640390400000,-0.00041845
1640419200001,0.0001
1640448000005,0.0001
1640476800004,0.0001
1640505600002,0.0001
1640534400000,0.0001
1640563200002,0.0001
1640592000005,0.0001
1640620800000,0.0001
1640649600000,0.0001
1640678400012,0.0001
1640707200000,0.0001
1640736000006,0.0001
1640764800003,0.0001
1640793600004,0.0001
1640822400003,0.0001
1640851200001,0.0001
1640880000017,0.0001
1640908800006,0.0001
1640937600009,0.0001
1640966400000,0.0001
1640995200006,0.0001
1641024000009,0.0001
1641052800000,0.0001
1641081600028,0.0001
1641110400000,0.0001
1641139200000,0.0001
1641168000010,0.0001
1641196800013,0.0001
1641225600018,0.0001
1641254400000,0.0001
1641283200010,0.0001
1641312000002,0.0001
1641340800001,0.0001
1641369600017,0.0001
1641398400000,0.0001
1641427200002,4.587e-05
1641456000021,1.015e-05
1641484800006,0.0001
1641513600005,9.487e-05
1641542400000,0.0001
1641571200001,0.0001
1641600000014,0.0001
1641628800013,0.0001
1641657600000,0.0001
1641686400003,0.0001
1641715200000,0.0001
1641744000000,0.0001
1641772800000,0.0001
1641801600010,9.766e-05
1641830400007,3.203e-05
1641859200013,4.216e-05
1641888000004,9.252e-05
1641916800000,0.0001
1641945600012,4.367e-05
1641974400015,0.0001
1642003200000,0.0001
1642032000007,9.336e-05
1642060800000,0.0001
1642089600014,0.0001
1642118400000,0.0001
1642147200006,0.0001
1642176000014,0.0001
1642204800000,0.0001
1642233600002,0.0001
1642262400000,0.0001
1642291200000,0.0001
1642320000017,0.0001
1642348800011,0.0001
1642377600005,0.0001
1642406400006,9.406e-05
1642435200012,0.0001
1642464000020,0.0001
1642492800000,0.0001
1642521600013,0.0001
1642550400001,0.0001
1642579200000,1.727e-05
1642608000000,9.765e-05
1642636800015,0.0001
1642665600000,0.0001
1642694400000,0.0001
1642723200007,6.294e-05
1642752000015,2.167e-05
1642780800000,2.718e-05
1642809600017,-5.943e-05
1642838400003,8.059e-05
1642867200021,-8.699e-05
1642896000026,0.0001
1642924800010,3.504e-05
1642953600009,-7.842e-05
1642982400010,0.0001
1643011200000,-0.00010264
1643040000021,0.0001
1643068800000,-1.108e-05
1643097600000,5.75e-06
1643126400012,1.569e-05
1643155200000,-9.096e-05
1643184000001,0.0001
1643212800005,2.806e-05
1643241600004,0.0001
1643270400004,6.166e-05
1643299200019,-3.238e-05
1643328000000,0.0001
1643356800000,-5.814e-05
1643385600025,0.0001
1643414400017,5.313e-05
1643443200000,0.0001
1643472000013,7.569e-05
1643500800025,0.0001
1643529600009,0.0001
1643558400000,8.519e-05
1643587200000,1.307e-05
1643616000000,-7.053e-05
1643644800000,-0.00010881
1643673600010,2.529e-05
1643702400000,0.0001
1643731200004,8.276e-05
1643760000004,4.262e-05
1643788800000,0.0001
1643817600002,0.0001
1643846400002,-5.746e-05
1643875200000,-0.0001076
1643904000000,2.922e-05
1643932800018,-4.493e-05
1643961600005,2.464e-05
1643990400010,0.0001
1644019200014,0.0001
1644048000000,0.0001
1644076800000,0.0001
1644105600000,6.744e-05
1644134400000,0.0001
1644163200000,0.0001
1644192000003,0.0001
1644220800014,5.642e-05
1644249600003,0.0001
1644278400001,5.152e-05
1644307200003,0.0001
1644336000002,0.0001
1644364800000,2.841e-05
1644393600005,0.0001
1644422400001,0.0001
1644451200012,2.733e-05
1644480000000,0.0001
1644508800006,4.188e-05
1644537600000,0.0001
1644566400009,0.0001
1644595200015,0.0001
1644624000020,0.0001
1644652800001,6.77e-05
1644681600007,0.0001
1644710400022,0.0001
1644739200001,6.152e-05
1644768000007,1.776e-05
1644796800005,0.0001
1644825600013,9.943e-05
1644854400019,-2.091e-05
1644883200012,6.47e-05
1644912000005,-0.00013315
1644940800011,1.275e-05
1644969600009,1.087e-05
1644998400001,0.0001
1645027200014,0.0001
1645056000018,0.0001
1645084800000,4.535e-05
1645113600010,9.62e-05
1645142400000,-6.306e-05
1645171200002,-0.00018033
1645200000000,0.0001
1645228800007,0.0001
1645257600000,7.684e-05
1645286400023,0.0001
1645315200001,0.0001
1645344000003,0.0001
1645372800001,0.0001
1645401600000,-1.259e-05
1645430400001,-6.614e-05
1645459200005,3.414e-05
1645488000005,-0.00013703
1645516800000,-0.00022212
1645545600000,-0.00018806
1645574400002,-5.977e-05
1645603200005,-0.0002295
1645632000010,-0.00015086
1645660800008,-4.412e-05
1645689600003,-0.00021124
1645718400001,-2.967e-05
1645747200000,0.0001
1645776000006,2.441e-05
1645804800001,-4.83e-06
1645833600004,7.885e-05
1645862400004,0.0001
1645891200007,0.0001
1645920000012,6.291e-05
1645948800000,0.0001
1645977600000,9.109e-05
1646006400000,8.674e-05
1646035200001,2.694e-05
1646064000002,7.64e-05
1646092800002,0.0001
1646121600001,0.0001
1646150400000,0.0001
1646179200000,0.0001
1646208000000,5.692e-05
1646236800002,6.119e-05
1646265600000,0.0001
1646294400000,0.0001
1646323200005,0.0001
1646352000018,-4.9e-07
1646380800000,2.099e-05
1646409600000,0.0001
1646438400006,4.106e-05
1646467200004,-6.984e-05
1646496000000,3.587e-05
1646524800004,0.0001
1646553600000,-3.725e-05
1646582400013,1.348e-05
1646611200008,1.625e-05
1646640000006,-4.869e-05
1646668800000,4.192e-05
1646697600008,-7.748e-05
1646726400002,-3.27e-05
1646755200000,0.0001
1646784000008,-0.00013854
1646812800000,0.0001
1646841600004,0.0001
1646870400000,0.0001
1646899200017,0.0001
1646928000000,6.48e-06
1646956800008,7.773e-05
1646985600000,0.0001
1647014400001,8.377e-05
1647043200010,6.687e-05
1647072000001,0.0001
1647100800002,0.0001
1647129600008,-7.86e-06
1647158400000,-1.01e-05
1647187200002,0.0001
1647216000014,3.827e-05
1647244800005,-0.00012609
1647273600002,9.697e-05
1647302400008,5.239e-05
1647331200000,5.695e-05
1647360000006,0.0001
1647388800013,0.0001
1647417600000,3.516e-05
1647446400008,0.0001
1647475200004,0.0001
1647504000000,0.0001
1647532800004,0.0001
1647561600000,0.0001
1647590400000,0.0001
1647619200017,0.0001
1647648000008,0.0001
1647676800015,0.0001
1647705600000,0.0001
1647734400000,0.0001
1647763200001,0.0001
1647792000002,0.0001
1647820800013,0.0001
1647849600004,0.0001
1647878400010,0.0001
1647907200012,0.0001
1647936000001,0.0001
1647964800022,0.0001
1647993600007,0.0001
1648022400000,0.0001
1648051200006,0.0001
1648080000013,0.0001
1648108800006,0.0001
1648137600020,0.0001
1648166400010,0.0001
1648195200001,0.0001
1648224000014,0.0001
1648252800020,0.0001
1648281600006,0.0001
1648310400000,0.0001
1648339200004,0.0001
1648368000001,0.0001
1648396800006,0.0001
1648425600012,0.0001
1648454400007,0.0001
1648483200000,0.0001
1648512000000,0.0001
1648540800015,0.0001
1648569600000,0.0001
1648598400000,0.0001
1648627200002,0.0001
1648656000028,0.0001
1648684800017,0.0001
1648713600000,0.0001
1648742400015,0.0001
1648771200000,0.0001
1648800000000,0.0001
1648828800018,0.0001
1648857600000,0.0001
1648886400002,0.0001
1648915200006,0.0001
1648944000018,0.0001
1648972800018,0.0001
1649001600015,0.0001
1649030400006,0.0001
1649059200000,0.0001
1649088000016,0.0001
1649116800000,0.0001
1649145600010,0.0001
1649174400008,0.0001
1649203200001,0.0001
1649232000021,0.0001
1649260800000,8.063e-05
1649289600009,-1.815e-05
1649318400000,0.0001
1649347200000,7.983e-05
1649376000000,0.0001
1649404800004,0.0001
1649433600008,0.0001
1649462400008,0.0001
1649491200000,0.0001
1649520000001,0.0001
1649548800004,0.0001
1649577600007,0.0001
1649606400016,0.0001
1649635200000,0.0001
1649664000000,7.39e-06
1649692800009,-6.11e-06
1649721600000,-1.941e-05
1649750400006,7.971e-05
1649779200013,8.008e-05
1649808000005,-1.247e-05
1649836800008,4.025e-05
1649865600013,0.0001
1649894400007,9.739e-05
1649923200000,0.0001
1649952000006,0.0001
1649980800008,8.196e-05
1650009600002,0.0001
1650038400000,0.0001
1650067200011,-3.967e-05
1650096000007,4.916e-05
1650124800007,6.529e-05
1650153600000,-8.449e-05
1650182400004,6.511e-05
1650211200000,1.622e-05
1650240000008,4.428e-05
1650268800012,5.359e-05
1650297600000,6.457e-05
1650326400021,7.301e-05
1650355200031,0.0001
1650384000000,0.0001
1650412800025,0.0001
1650441600003,0.0001
1650470400000,0.0001
1650499200000,-3.49e-06
1650528000000,0.0001
1650556800024,0.0001
1650585600008,6.367e-05
1650614400008,1.226e-05
1650643200008,0.0001
1650672000000,0.0001
1650700800000,0.0001
1650729600012,0.0001
1650758400004,0.0001
1650787200003,0.0001
1650816000000,0.0001
1650844800008,0.0001
1650873600018,-1.348e-05
1650902400000,-7.256e-05
1650931200014,-8.078e-05
1650960000000,0.0001
1650988800017,3.94e-05
1651017600012,-7.618e-05
1651046400000,6.176e-05
1651075200002,0.0001
1651104000000,6.864e-05
1651132800004,7.671e-05
1651161600030,9.361e-05
1651190400000,9.581e-05
1651219200016,0.0001
1651248000010,9.737e-05
1651276800000,-4.273e-05
1651305600005,9.608e-05
1651334400015,0.0001
1651363200000,-5.079e-05
1651392000000,-2.517e-05
1651420800010,0.0001
1651449600018,0.0001
1651478400007,-3.828e-05
1651507200000,6.357e-05
1651536000006,4.471e-05
1651564800000,0.0001
1651593600021,0.0001
1651622400007,6.538e-05
1651651200011,0.0001
1651680000000,0.0001
1651708800005,0.0001
1651737600019,0.0001
1651766400005,0.0001
1651795200005,-5.708e-05
1651824000001,4.731e-05
1651852800010,0.0001
1651881600004,-4.621e-05
1651910400016,9.896e-05
1651939200011,0.0001
1651968000000,-5.12e-05
1651996800007,-6.528e-05
1652025600015,9.367e-05
1652054400000,5.352e-05
1652083200001,8.101e-05
1652112000000,6.88e-06
1652140800000,-0.00030019
1652169600007,5.23e-05
1652198400008,-4.563e-05
1652227200004,7.68e-05
1652256000007,-9.095e-05
1652284800008,-6.631e-05
1652313600014,-0.00066406
1652342400000,-0.00082818
1652371200007,-0.00030379
1652400000014,1.839e-05
1652428800001,9.831e-05
1652457600000,0.0001
1652486400000,0.0001
1652515200000,7.212e-05
1652544000001,7.607e-05
1652572800000,-3.71e-05
1652601600000,0.0001
1652630400000,-3.118e-05
1652659200021,-4.027e-05
1652688000013,-3.659e-05
1652716800006,-5.869e-05
1652745600000,-0.0001344
1652774400010,-0.0001156
1652803200023,-0.0002574
1652832000003,-0.00030189
1652860800024,-0.00026029
1652889600014,-0.00025699
1652918400000,-0.00048357
1652947200008,-7.836e-05
1652976000015,-2.884e-05
1653004800001,3.938e-05
1653033600003,0.0001
1653062400012,-5.148e-05
1653091200008,-0.00020176
1653120000001,-0.00013147
1653148800007,3.13e-05
1653177600003,-0.00011052
1653206400016,-2.891e-05
1653235200000,-2.93e-05
1653264000011,-7.115e-05
1653292800000,7.797e-05
1653321600023,6.868e-05
1653350400011,-0.00018746
1653379200000,-0.00010014
1653408000009,-0.0001041
1653436800001,-4.944e-05
1653465600000,-0.00019388
1653494400015,-0.00012695
1653523200005,-0.00014698
1653552000001,-3.131e-05
1653580800000,-0.00024606
1653609600007,-0.00018376
1653638400008,6.368e-05
1653667200000,4.279e-05
1653696000018,-7.277e-05
1653724800016,-3.002e-05
1653753600013,8.32e-06
1653782400000,-0.00013384
1653811200025,-0.00025916
1653840000002,-9.23e-06
1653868800000,-3.22e-06
1653897600013,0.0001
1653926400005,0.0001
1653955200016,3.066e-05
1653984000000,0.0001
1654012800000,0.0001
1654041600000,-0.00011176
1654070400011,5.342e-05
1654099200000,1.42e-05
1654128000000,-0.00013728
1654156800006,-8.051e-05
1654185600021,-1.619e-05
1654214400016,-4.558e-05
1654243200016,0.0001
1654272000012,6.214e-05
1654300800005,-9.14e-06
1654329600000,5.373e-05
1654358400007,2.896e-05
1654387200005,-1.404e-05
1654416000015,-1.577e-05
1654444800000,-1.854e-05
1654473600000,7.942e-05
1654502400017,0.0001
1654531200000,8.421e-05
1654560000000,5.932e-05
1654588800011,-0.00012348
1654617600000,-8.972e-05
1654646400008,0.0001
1654675200020,5.893e-05
1654704000012,5.08e-06
1654732800000,-2.588e-05
1654761600000,4.504e-05
1654790400000,-8.24e-06
1654819200009,-0.00013896
1654848000000,0.0001
1654876800006,0.0001
1654905600018,-0.0002793
1654934400014,-0.0001522
1654963200000,-7.839e-05
1654992000015,-8.185e-05
1655020800019,-0.00010963
1655049600010,-6.432e-05
1655078400009,-3.952e-05
1655107200000,-0.0001259
1655136000007,-0.00016719
1655164800013,-0.00020389
1655193600008,-3.586e-05
1655222400006,-0.00010528
1655251200000,-0.00017962
1655280000016,-0.00025651
1655308800008,-9.51e-06
1655337600009,-2.381e-05
1655366400016,0.0001
1655395200000,-5.482e-05
1655424000008,-0.00021804
1655452800003,0.0001
1655481600000,0.0001
1655510400020,3.639e-05
1655539200025,-0.00017718
1655568000014,-9.328e-05
1655596800012,-9.115e-05
1655625600012,-3.802e-05
1655654400008,6.597e-05
1655683200016,0.0001
1655712000000,2.2e-05
1655740800013,6.568e-05
1655769600012,5.964e-05
1655798400018,4.881e-05
1655827200010,7.973e-05
1655856000000,-1.817e-05
1655884800001,-8.874e-05
1655913600012,-3.402e-05
1655942400000,-3.34e-05
1655971200000,-0.00010526
1656000000016,-2.706e-05
1656028800005,-8.21e-06
1656057600004,0.0001
1656086400018,0.0001
1656115200001,-1.09e-06
1656144000010,5.899e-05
1656172800000,0.0001
1656201600002,2.606e-05
1656230400016,6.688e-05
1656259200006,2.243e-05
1656288000008,-2.96e-05
1656316800000,7.808e-05
1656345600016,2.131e-05
1656374400016,1.225e-05
1656403200001,-9.425e-05
1656432000005,5.07e-05
1656460800000,-7.976e-05
1656489600013,-8.182e-05
1656518400000,-1.935e-05
1656547200000,-7.975e-05
1656576000000,-8.322e-05
1656604800000,-0.00017723
1656633600001,-0.00026818
1656662400017,-6.798e-05
1656691200005,5.256e-05
1656720000000,9.56e-06
1656748800000,2.285e-05
1656777600008,3.539e-05
1656806400015,7.034e-05
1656835200004,4.042e-05
1656864000005,-0.00010316
1656892800021,-9.278e-05
1656921600001,-3.728e-05
1656950400000,4.51e-05
1656979200000,5.795e-05
1657008000000,-1.003e-05
1657036800015,-0.00013629
1657065600006,-0.00014401
1657094400000,2.405e-05
1657123200000,4.329e-05
1657152000010,-3.268e-05
1657180800010,2.283e-05
1657209600011,-2.55e-05
1657238400008,-3.085e-05
1657267200009,0.0001
1657296000000,9.847e-05
1657324800000,6.476e-05
1657353600000,0.0001
1657382400009,8.56e-06
1657411200001,8.717e-05
1657440000002,7.407e-05
1657468800001,3.612e-05
1657497600000,-0.00012882
1657526400003,5.805e-05
1657555200001,2.843e-05
1657584000000,-9.801e-05
1657612800021,-0.00019118
1657641600000,8.39e-06
1657670400012,-0.00012829
1657699200022,-0.00019923
1657728000005,-0.00012126
1657756800017,-0.00014685
1657785600001,-7.544e-05
1657814400000,-9.108e-05
1657843200004,-7.634e-05
1657872000019,0.0001
1657900800017,0.0001
1657929600021,-0.00010117
1657958400014,-0.00010459
1657987200005,-3.802e-05
1658016000000,0.0001
1658044800003,4.646e-05
1658073600007,-2.779e-05
1658102400001,-3.633e-05
1658131200004,6.908e-05
1658160000019,0.0001
1658188800000,-4.44e-05
1658217600000,3.774e-05
1658246400001,3.529e-05
1658275200004,-8.112e-05
1658304000000,0.0001
1658332800003,4.92e-06
1658361600000,-0.00026575
1658390400018,-8.319e-05
1658419200011,8.471e-05
1658448000014,-0.00016496
1658476800000,0.0001
1658505600000,-3.6e-06
1658534400004,-0.00011967
1658563200002,-6.149e-05
1658592000001,-0.00010824
1658620800000,8.16e-06
1658649600011,8.957e-05
1658678400000,0.0001
1658707200000,3.319e-05
1658736000014,-0.00020702
1658764800006,-0.00013437
1658793600010,-0.00017102
1658822400000,-0.00015851
1658851200000,-5.41e-06
1658880000008,-0.00026558
1658908800000,-6.254e-05
1658937600003,-6.12e-06
1658966400009,-0.00011837
1658995200008,7.806e-05
1659024000013,8.812e-05
1659052800000,2.282e-05
1659081600000,0.0001
1659110400000,0.0001
1659139200005,3.181e-05
1659168000009,8.121e-05
1659196800000,0.0001
1659225600022,0.0001
1659254400011,0.0001
1659283200019,7.47e-05
1659312000010,-1.505e-05
1659340800019,0.0001
1659369600017,2.124e-05
1659398400000,-2.741e-05
1659427200007,-4.43e-06
1659456000014,2.596e-05
1659484800001,-0.00010323
1659513600020,-4.711e-05
1659542400008,0.0001
1659571200001,-0.000159
1659600000009,-9.299e-05
1659628800015,5.752e-05
1659657600005,-0.00017259
1659686400000,0.0001
1659715200000,6.981e-05
1659744000021,-3.978e-05
1659772800000,0.0001
1659801600015,0.0001
1659830400013,-4.692e-05
1659859200000,-0.00015046
1659888000014,3.924e-05
1659916800009,2.983e-05
1659945600006,0.0001
1659974400000,0.0001
1660003200020,0.0001
1660032000000,7.813e-05
1660060800000,-0.00013228
1660089600000,-0.00029753
1660118400016,-0.00029944
1660147200018,-5.147e-05
1660176000012,5.226e-05
1660204800000,0.0001
1660233600000,0.0001
1660262400006,5.939e-05
1660291200000,9.94e-05
1660320000005,0.0001
1660348800012,3.494e-05
1660377600006,0.0001
1660406400018,0.0001
1660435200000,7.97e-05
1660464000000,0.0001
1660492800000,9.525e-05
1660521600010,-4.151e-05
1660550400002,-0.00018392
1660579200010,-9.373e-05
1660608000010,-1.62e-06
1660636800002,-2.111e-05
1660665600000,7.001e-05
1660694400020,2.281e-05
1660723200016,7.985e-05
1660752000001,8.97e-06
1660780800005,-6.1e-07
1660809600012,-7.86e-05
1660838400013,-1.011e-05
1660867200000,2.8e-07
1660896000000,-0.00039518
1660924800009,-0.00018908
1660953600000,-0.00028232
1660982400005,-0.00016841
1661011200000,-5.251e-05
1661040000010,-5.964e-05
1661068800013,-0.00020143
1661097600000,-3.515e-05
1661126400011,-0.00011199
1661155200005,-0.00013577
1661184000005,1.996e-05
1661212800000,-4.645e-05
1661241600021,-0.00010549
1661270400005,-7.03e-05
1661299200017,-7.534e-05
1661328000021,-8.133e-05
1661356800000,-6.243e-05
1661385600003,-0.00014512
1661414400000,-7.068e-05
1661443200004,-4.183e-05
1661472000001,-6.729e-05
1661500800004,9.138e-05
1661529600000,0.0001
1661558400010,-0.00010918
1661587200007,-5.569e-05
1661616000008,-0.00010882
1661644800019,2.944e-05
1661673600000,-2.62e-05
1661702400000,-2.94e-06
1661731200000,-0.00024627
1661760000000,-0.00015125
1661788800001,-0.0001821
1661817600001,-0.00017396
1661846400005,-6.428e-05
1661875200010,-9.997e-05
1661904000000,-0.00022954
1661932800005,-0.00015114
1661961600013,2.352e-05
1661990400012,-0.0001848
1662019200000,-0.00010427
1662048000013,-3.476e-05
1662076800002,-0.00011914
1662105600013,-1.854e-05
1662134400000,9.546e-05
1662163200000,-7.748e-05
1662192000002,1.174e-05
1662220800007,-3.755e-05
1662249600008,8.16e-05
1662278400009,3.556e-05
1662307200000,3.75e-05
1662336000015,7.713e-05
1662364800013,-7.182e-05
1662393600007,1.822e-05
1662422400018,7.116e-05
1662451200020,5.007e-05
1662480000028,5.345e-05
1662508800013,-0.00029033
1662537600022,-0.00019392
1662566400021,-4.926e-05
1662595200010,-3.926e-05
1662624000000,3.768e-05
1662652800003,8.754e-05
1662681600011,-8.7e-06
1662710400000,3.943e-05
1662739200000,0.0001
1662768000003,4.652e-05
1662796800000,7.58e-05
1662825600012,0.0001
1662854400009,9.01e-05
1662883200012,1.217e-05
1662912000005,4.71e-06
1662940800007,-1.384e-05
1662969600013,8.103e-05
1662998400000,8.838e-05
1663027200004,2.917e-05
1663056000000,-7.219e-05
1663084800000,-5.955e-05
1663113600000,-0.00038316
1663142400000,-0.00038406
1663171200000,-0.00015412
1663200000019,-0.00018839
1663228800012,-0.00023366
1663257600007,-3.431e-05
1663286400000,-0.00011656
1663315200000,-0.00010715
1663344000000,-0.00013721
1663372800000,-4.994e-05
1663401600012,3.562e-05
1663430400017,7.782e-05
1663459200000,8.418e-05
1663488000004,-8.36e-06
1663516800000,-3.96e-06
1663545600018,4.625e-05
1663574400006,1.99e-06
1663603200010,-2.043e-05
1663632000007,3.078e-05
1663660800001,-3.522e-05
1663689600000,-4.716e-05
1663718400001,-6.273e-05
1663747200005,-5.283e-05
1663776000000,-9.735e-05
1663804800000,-0.00017772
1663833600000,-0.00014043
1663862400011,-9.188e-05
1663891200023,-0.00035975
1663920000004,-4.704e-05
1663948800005,-2.559e-05
1663977600000,-0.00031191
1664006400005,-0.00016762
1664035200000,-9.816e-05
1664064000010,-0.00014376
1664092800000,-4.306e-05
1664121600003,-7.761e-05
1664150400001,-8.187e-05
1664179200006,-0.00011196
1664208000000,-7.383e-05
1664236800026,-9.267e-05
1664265600004,-0.00015342
1664294400006,-8.121e-05
1664323200011,-0.00048706
1664352000000,-0.00011334
1664380800000,-0.00012839
1664409600010,-0.000221
1664438400000,-0.0001242
1664467200000,1.956e-05
1664496000006,-6.518e-05
1664524800002,6.752e-05
1664553600007,0.0001
1664582400008,0.0001
1664611200011,0.0001
1664640000000,0.0001
1664668800000,6.245e-05
1664697600000,0.0001
1664726400006,-7.19e-05
1664755200000,-5.661e-05
1664784000014,0.0001
1664812800010,-5.965e-05
1664841600006,-0.00014765
1664870400004,3.436e-05
1664899200013,4.384e-05
1664928000000,-5.554e-05
1664956800000,5.43e-05
1664985600012,1.388e-05
1665014400008,3.91e-05
1665043200002,6.737e-05
1665072000006,-1.08e-06
1665100800000,-1.175e-05
1665129600000,-5.073e-05
1665158400007,7.596e-05
1665187200010,8.647e-05
1665216000004,0.0001
1665244800018,0.0001
1665273600000,0.0001
1665302400007,0.0001
1665331200011,0.0001
1665360000018,0.0001
1665388800000,0.0001
1665417600026,3.461e-05
1665446400020,4.763e-05
1665475200027,8.408e-05
1665504000000,-1.671e-05
1665532800014,-5.03e-06
1665561600000,4.24e-06
1665590400000,7.931e-05
1665619200013,7.201e-05
1665648000016,3.07e-06
1665676800009,-0.00013058
1665705600020,-0.00018272
1665734400000,8.612e-05
1665763200009,0.0001
1665792000001,-1.024e-05
1665820800005,6.8e-07
1665849600004,-3.38e-06
1665878400012,-9.47e-06
1665907200000,-2.466e-05
1665936000010,5.78e-06
1665964800012,-9.203e-05
1665993600010,0.0001
1666022400017,1.6e-05
1666051200010,-1.402e-05
1666080000008,3.307e-05
1666108800000,9.564e-05
1666137600007,-1.598e-05
1666166400022,7.893e-05
1666195200016,0.0001
1666224000000,-2.687e-05
1666252800013,5.271e-05
1666281600000,8.423e-05
1666310400005,-0.00036159
1666339200018,-9.472e-05
1666368000000,2.171e-05
1666396800000,-0.00026071
1666425600015,-6.9e-05
1666454400000,4.992e-05
1666483200025,4.347e-05
1666512000000,0.0001
1666540800004,7.229e-05
1666569600009,4.143e-05
1666598400012,9.372e-05
1666627200002,-7.26e-06
1666656000013,-7.124e-05
1666684800013,7.172e-05
1666713600000,-2.259e-05
1666742400006,-8.754e-05
1666771200013,0.0001
1666800000000,9.519e-05
1666828800009,-6.788e-05
1666857600006,5.573e-05
1666886400009,6.866e-05
1666915200000,-0.00016049
1666944000000,3.616e-05
1666972800007,5.489e-05
1667001600000,-4.716e-05
1667030400003,0.0001
1667059200010,0.0001
1667088000000,7.638e-05
1667116800013,0.0001
1667145600009,2.45e-05
1667174400012,1.148e-05
1667203200000,8.052e-05
1667232000010,8.34e-06
1667260800000,-0.00014557
1667289600000,0.0001
1667318400000,0.0001
1667347200000,-3.503e-05
1667376000000,2.174e-05
1667404800019,-3.512e-05
1667433600011,-0.0001634
1667462400016,9.71e-06
1667491200005,0.0001
1667520000000,-6.566e-05
1667548800004,9.885e-05
1667577600020,0.0001
1667606400009,8.024e-05
1667635200007,0.0001
1667664000018,0.0001
1667692800009,7.624e-05
1667721600000,0.0001
1667750400010,0.0001
1667779200012,9.937e-05
1667808000014,0.0001
1667836800006,0.0001
1667865600000,-2.834e-05
1667894400001,-7.193e-05
1667923200005,3.893e-05
1667952000000,-0.00097604
1667980800013,-0.00018186
1668009600004,-8.657e-05
1668038400006,-0.00139438
1668067200000,-0.00124821
1668096000015,-0.00021686
1668124800000,-0.00028033
1668153600015,-6.744e-05
1668182400027,0.0001
1668211200007,6.316e-05
1668240000016,1.951e-05
1668268800000,6.128e-05
1668297600004,-5.906e-05
1668326400000,-8.225e-05
1668355200017,-2.218e-05
1668384000000,-9.3e-06
1668412800000,-0.00010826
1668441600000,6.23e-06
1668470400014,-0.00064586
1668499200009,-3.992e-05
1668528000010,9.077e-05
1668556800011,-3.713e-05
1668585600004,-4.274e-05
1668614400008,9.702e-05
1668643200000,-0.00018117
1668672000000,-1.371e-05
1668700800006,8.89e-05
1668729600004,-8.249e-05
1668758400016,8.33e-06
1668787200000,0.0001
1668816000000,6.059e-05
1668844800004,7.888e-05
1668873600024,5.587e-05
1668902400015,-2.81e-06
1668931200004,5.774e-05
1668960000000,-8.786e-05
1668988800006,-0.00010878
1669017600015,4.4e-06
1669046400000,1.16e-06
1669075200000,-0.00031194
1669104000000,-2.57e-06
1669132800000,0.0001
1669161600000,3.925e-05
1669190400011,7.315e-05
1669219200014,6.292e-05
1669248000007,-6.11e-06
1669276800014,2.398e-05
1669305600013,3.211e-05
1669334400004,8.83e-06
1669363200015,-4.646e-05
1669392000000,0.0001
1669420800011,-4.007e-05
1669449600000,3.021e-05
1669478400000,6.614e-05
1669507200012,-5.875e-05
1669536000000,-5.441e-05
1669564800003,1.654e-05
1669593600015,-9.075e-05
1669622400004,-7.352e-05
1669651200011,0.0001
1669680000000,-6.334e-05
1669708800015,0.0001
1669737600000,9.98e-05
1669766400007,-2.321e-05
1669795200000,1.872e-05
1669824000015,3.792e-05
1669852800001,-1.554e-05
1669881600006,7.376e-05
1669910400000,0.0001
1669939200001,5.333e-05
1669968000016,9.95e-06
1669996800017,5.694e-05
1670025600006,-0.00012637
1670054400000,3.141e-05
1670083200011,5.858e-05
1670112000006,-4.028e-05
1670140800000,5.76e-06
1670169600006,-4.965e-05
1670198400002,-5.011e-05
1670227200011,9.22e-05
1670256000008,4.921e-05
1670284800014,-0.0001207
1670313600027,4.251e-05
1670342400009,-5.491e-05
1670371200000,-8.63e-06
1670400000000,2.59e-05
1670428800000,-4.917e-05
1670457600006,-0.00045606
1670486400000,-0.00011273
1670515200014,-0.00010086
1670544000017,-0.0001052
1670572800005,5.12e-05
1670601600000,6.905e-05
1670630400009,-0.00021877
1670659200010,-8.142e-05
1670688000001,2.846e-05
1670716800011,-0.00030172
1670745600007,-0.00023213
1670774400011,-0.00014466
1670803200000,-0.0001747
1670832000004,-3.972e-05
1670860800000,-3.285e-05
1670889600000,-0.00029576
1670918400018,5.303e-05
1670947200011,0.0001
1670976000010,0.0001
1671004800015,0.0001
1671033600004,0.0001
1671062400000,-0.00010154
1671091200023,0.0001
1671120000010,0.0001
1671148800016,9.733e-05
1671177600011,0.0001
1671206400001,7.955e-05
1671235200001,-0.00022889
1671264000011,-1.24e-05
1671292800011,3.82e-05
1671321600008,-9.553e-05
1671350400001,2.983e-05
1671379200012,-0.00016662
1671408000000,-0.00030744
1671436800000,-0.00033812
1671465600000,4.396e-05
1671494400005,-0.00040424
1671523200016,6.85e-05
1671552000000,4.269e-05
1671580800007,-0.00026591
1671609600012,5.85e-05
1671638400017,4.217e-05
1671667200004,-0.00024935
1671696000000,-5.038e-05
1671724800001,8.86e-05
1671753600018,-0.00020918
1671782400000,-9.004e-05
1671811200000,-8.067e-05
1671840000001,-0.00014445
1671868800007,-6.782e-05
1671897600008,-3.745e-05
1671926400000,-0.00015276
1671955200013,3.525e-05
1671984000000,-0.00019104
1672012800001,-8.3e-07
1672041600000,-0.00043078
1672070400005,-0.00021381
1672099200005,-0.00027153
1672128000010,5.488e-05
1672156800006,3.47e-05
1672185600010,-0.00025097
1672214400010,0.0001
1672243200010,8.422e-05
1672272000011,-7.286e-05
1672300800000,0.0001
1672329600008,0.0001
1672358400000,2.616e-05
1672387200000,6.517e-05
1672416000000,8.9e-05
1672444800014,-0.00016596
1672473600000,4.373e-05
1672502400000,0.0001
1672531200000,0.0001
1672560000008,0.0001
1672588800000,0.0001
1672617600000,0.0001
1672646400008,-0.00040233
1672675200015,-0.00026116
1672704000003,-0.00051373
1672732800018,9.23e-06
1672761600000,0.0001
1672790400000,-0.00015714
1672819200016,0.0001
1672848000011,5.588e-05
1672876800009,-0.00025726
1672905600011,9.817e-05
1672934400000,4.332e-05
1672963200005,-2.397e-05
1672992000001,0.0001
1673020800000,0.0001
1673049600006,3.289e-05
1673078400017,0.0001
1673107200000,0.0001
1673136000015,0.0001
1673164800000,0.0001
1673193600010,-1.612e-05
1673222400003,-6.107e-05
1673251200000,0.0001
1673280000006,0.0001
1673308800003,0.0001
1673337600021,0.0001
1673366400000,0.0001
1673395200011,0.0001
1673424000006,0.0001
1673452800004,0.0001
1673481600000,0.0001
1673510400000,0.0001
1673539200000,0.0001
1673568000004,0.0001
1673596800000,0.0001
1673625600018,0.0001
1673654400000,0.0001
1673683200001,0.0001
1673712000000,0.0001
1673740800010,0.0001
1673769600002,0.0001
1673798400000,0.0001
1673827200010,0.0001
1673856000007,0.0001
1673884800000,0.0001
1673913600004,0.0001
1673942400005,0.0001
1673971200001,0.0001
1674000000008,0.0001
1674028800009,0.0001
1674057600017,0.0001
1674086400000,0.0001
1674115200015,0.0001
1674144000012,0.0001
1674172800000,0.0001
1674201600000,0.0001
1674230400000,-2.67e-05
1674259200013,3.695e-05
1674288000001,0.0001
1674316800016,0.0001
1674345600000,0.0001
1674374400000,0.0001
1674403200023,0.0001
1674432000014,0.0001
1674460800014,0.0001
1674489600016,0.0001
1674518400008,0.0001
1674547200008,0.0001
1674576000000,0.0001
1674604800012,0.0001
1674633600000,0.0001
1674662400010,0.0001
1674691200010,0.0001
1674720000003,0.0001
1674748800020,0.0001
1674777600008,0.0001
1674806400000,0.0001
1674835200000,0.0001
1674864000009,0.0001
1674892800018,0.0001
1674921600005,0.0001
1674950400011,0.0001
1674979200000,0.0001
1675008000008,0.0001
1675036800001,0.0001
1675065600000,0.0001
1675094400000,0.0001
1675123200005,9.172e-05
1675152000000,0.0001
1675180800007,0.0001
1675209600013,0.0001
1675238400000,0.0001
1675267200012,0.0001
1675296000004,0.0001
1675324800023,0.0001
1675353600003,0.0001
1675382400010,0.0001
1675411200000,0.0001
1675440000000,0.0001
1675468800010,0.0001
1675497600000,0.0001
1675526400000,0.0001
1675555200016,0.0001
1675584000009,0.0001
1675612800018,0.0001
1675641600001,6.447e-05
1675670400000,0.0001
1675699200012,0.0001
1675728000004,0.0001
1675756800011,0.0001
1675785600018,0.0001
1675814400009,0.0001
1675843200010,0.0001
1675872000000,0.0001
1675900800014,0.0001
1675929600006,0.0001
1675958400001,0.0001
1675987200012,-0.00010542
1676016000005,3.693e-05
1676044800020,0.0001
1676073600007,8.736e-05
1676102400002,0.0001
1676131200021,0.0001
1676160000004,7.103e-05
1676188800000,-6.099e-05
1676217600002,-3.462e-05
1676246400006,-0.00014173
1676275200008,-0.00030138
1676304000002,0.0001
1676332800013,0.0001
1676361600014,5.047e-05
1676390400016,5.36e-05
1676419200011,0.0001
1676448000000,0.0001
1676476800005,8.026e-05
1676505600019,0.0001
1676534400000,0.0001
1676563200001,0.0001
1676592000003,9.383e-05
1676620800016,0.0001
1676649600000,0.0001
1676678400011,0.0001
1676707200000,0.0001
1676736000007,0.0001
1676764800019,0.0001
1676793600005,0.0001
1676822400003,0.0001
1676851200006,1.69e-06
1676880000008,0.0001
1676908800006,0.0001
1676937600001,0.0001
1676966400004,0.0001
1676995200011,0.0001
1677024000009,0.0001
1677052800010,0.0001
1677081600000,0.0001
1677110400006,0.0001
1677139200005,0.0001
1677168000002,0.0001
1677196800015,0.0001
1677225600011,0.0001
1677254400014,0.0001
1677283200015,3.113e-05
1677312000015,0.0001
1677340800015,0.0001
1677369600007,0.0001
1677398400012,-2.417e-05
1677427200000,8.357e-05
1677456000011,0.0001
1677484800003,0.0001
1677513600000,0.0001
1677542400011,0.0001
1677571200018,0.0001
1677600000005,0.0001
1677628800016,0.0001
1677657600000,0.0001
1677686400008,0.0001
1677715200009,0.0001
1677744000013,0.0001
1677772800000,0.0001
1677801600000,0.0001
1677830400013,4.167e-05
1677859200000,0.0001
1677888000001,0.0001
1677916800008,0.0001
1677945600012,0.0001
1677974400000,7.093e-05
1678003200000,3.434e-05
1678032000015,5.534e-05
1678060800007,2.21e-06
1678089600017,0.0001
1678118400000,-1.731e-05
1678147200009,0.0001
1678176000016,0.0001
1678204800017,4.475e-05
1678233600000,3.871e-05
1678262400014,0.0001
1678291200021,0.0001
1678320000010,0.0001
1678348800013,0.0001
1678377600002,0.0001
1678406400000,-4.059e-05
1678435200000,8.59e-05
1678464000005,5.77e-05
1678492800011,1.128e-05
1678521600003,-2.817e-05
1678550400011,-5.662e-05
1678579200001,4.579e-05
1678608000000,0.0001
1678636800005,-0.00014036
1678665600010,-0.00011146
1678694400018,0.0001
1678723200003,6.6e-05
1678752000010,-1.271e-05
1678780800009,0.0001
1678809600010,0.0001
1678838400011,0.0001
1678867200000,0.0001
1678896000012,0.0001
1678924800004,8.045e-05
1678953600018,9.741e-05
1678982400005,0.0001
1679011200017,-0.00010344
1679040000010,-3.446e-05
1679068800003,0.0001
1679097600012,0.0001
1679126400000,0.0001
1679155200016,0.0001
1679184000013,0.0001
1679212800024,0.0001
1679241600000,0.0001
1679270400005,0.0001
1679299200012,0.0001
1679328000015,0.0001
1679356800006,4.558e-05
1679385600004,4.505e-05
1679414400003,0.0001
1679443200000,0.0001
1679472000003,0.0001
1679500800000,0.0001
1679529600016,3.672e-05
1679558400001,-4.151e-05
1679587200013,0.0001
1679616000013,4.592e-05
1679644800012,1.834e-05
1679673600027,0.0001
1679702400015,-9.3e-06
1679731200011,0.0001
1679760000011,0.0001
1679788800000,0.0001
1679817600015,4.052e-05
1679846400000,-1.074e-05
1679875200019,-6.44e-05
1679904000009,6.61e-05
1679932800000,0.0001
1679961600007,4.156e-05
1679990400000,4.81e-05
1680019200013,3.033e-05
1680048000010,4.805e-05
1680076800006,3.759e-05
1680105600014,0.0001
1680134400000,-3.291e-05
1680163200000,0.0001
1680192000006,0.0001
1680220800003,5.295e-05
1680249600006,9.008e-05
1680278400011,2.052e-05
1680307200000,8.752e-05
1680336000000,-1.213e-05
1680364800018,1.171e-05
1680393600013,1.652e-05
1680422400014,-5.317e-05
1680451200001,3.792e-05
1680480000000,4.31e-05
1680508800013,8.275e-05
1680537600011,1.72e-05
1680566400002,-5.516e-05
1680595200017,-7.093e-05
1680624000008,5.311e-05
1680652800000,-5.145e-05
1680681600016,0.0001
1680710400004,0.0001
1680739200000,-7.387e-05
1680768000011,7.43e-06
1680796800000,6.164e-05
1680825600006,1.729e-05
1680854400005,-1.682e-05
1680883200000,3.74e-06
1680912000000,-3.424e-05
1680940800014,0.0001
1680969600018,7.082e-05
1680998400013,1.764e-05
1681027200024,2.867e-05
1681056000010,-3.484e-05
1681084800000,-9.5e-07
1681113600010,-0.00017867
1681142400006,9.589e-05
1681171200008,-6.805e-05
1681200000007,0.0001
1681228800016,0.0001
1681257600006,9.553e-05
1681286400008,0.0001
1681315200014,0.0001
1681344000027,-0.00013468
1681372800010,-0.00011141
1681401600000,0.0001
1681430400001,0.0001
1681459200008,0.0001
1681488000007,0.0001
1681516800007,0.0001
1681545600007,0.0001
1681574400011,0.0001
1681603200014,0.0001
1681632000007,0.0001
1681660800002,0.0001
1681689600017,0.0001
1681718400006,0.0001
1681747200000,0.0001
1681776000013,0.0001
1681804800017,0.0001
1681833600000,0.0001
1681862400022,0.0001
1681891200014,0.0001
1681920000000,-0.00022713
1681948800010,-0.00027594
1681977600012,0.0001
1682006400012,0.0001
1682035200009,-0.00024064
1682064000009,3.703e-05
1682092800003,0.0001
1682121600000,-0.00021002
1682150400000,-0.00016382
1682179200016,-5.615e-05
1682208000009,6.041e-05
1682236800020,-3.388e-05
1682265600007,1.125e-05
1682294400000,-4.232e-05
1682323200008,-3.63e-06
1682352000006,3.702e-05
1682380800014,-0.0001864
1682409600009,3.726e-05
1682438400015,5.996e-05
1682467200015,-4.592e-05
1682496000013,-6.706e-05
1682524800001,9.469e-05
1682553600014,-0.00045241
1682582400008,-2.515e-05
1682611200005,8.055e-05
1682640000011,-0.00019601
1682668800007,0.0001
1682697600006,0.0001
1682726400004,5.146e-05
1682755200016,0.0001
1682784000001,0.0001
1682812800008,0.0001
1682841600000,0.0001
1682870400010,0.0001
1682899200004,6.282e-05
1682928000008,8.021e-05
1682956800014,0.0001
1682985600015,6.66e-06
1683014400018,0.0001
1683043200000,0.0001
1683072000009,-1.942e-05
1683100800003,-0.00015352
1683129600011,7.92e-06
1683158400000,-4.143e-05
1683187200000,0.0001
1683216000011,0.0001
1683244800002,9.699e-05
1683273600000,0.0001
1683302400000,0.0001
1683331200009,-6.48e-06
1683360000000,0.0001
1683388800000,9.64e-06
1683417600000,-1.946e-05
1683446400000,0.0001
1683475200006,2.234e-05
1683504000000,-6.618e-05
1683532800007,-9.093e-05
1683561600015,3.589e-05
1683590400015,-0.00026176
1683619200000,1.508e-05
1683648000000,-6.959e-05
1683676800007,-0.0003641
1683705600003,-1.51e-05
1683734400000,5.14e-05
1683763200011,-0.00010467
1683792000000,0.0001
1683820800005,-4.635e-05
1683849600020,-5.336e-05
1683878400001,0.0001
1683907200010,0.0001
1683936000000,3.197e-05
1683964800000,1.719e-05
1683993600026,-1.064e-05
1684022400029,-7.195e-05
1684051200010,8.451e-05
1684080000008,6.244e-05
1684108800006,3.504e-05
1684137600005,9.031e-05
1684166400008,-9.72e-05
1684195200021,-0.00017552
1684224000000,-1.83e-05
1684252800000,-8.47e-06
1684281600010,-4.366e-05
1684310400000,0.0001
1684339200001,0.0001
1684368000000,-0.00011398
1684396800026,0.0001
1684425600019,0.0001
1684454400000,0.0001
1684483200002,0.0001
1684512000000,0.0001
1684540800005,-1.266e-05
1684569600014,0.0001
1684598400020,0.0001
1684627200014,8.245e-05
1684656000001,0.0001
1684684800015,0.0001
1684713600028,2.367e-05
1684742400000,0.0001
1684771200012,0.0001
1684800000006,-7.778e-05
1684828800014,0.0001
1684857600008,0.0001
1684886400000,3.485e-05
1684915200025,0.0001
1684944000008,0.0001
1684972800000,-9.576e-05
1685001600025,0.0001
1685030400016,0.0001
1685059200000,-5.952e-05
1685088000024,0.0001
1685116800012,0.0001
1685145600012,5.656e-05
1685174400018,0.0001
1685203200008,0.0001
1685232000017,7.456e-05
1685260800015,8.027e-05
1685289600000,0.0001
1685318400000,0.0001
1685347200020,0.0001
1685376000011,0.0001
1685404800003,2.729e-05
1685433600000,0.0001
1685462400003,0.0001
1685491200013,0.0001
1685520000000,0.0001
1685548800000,0.0001
1685577600008,8.647e-05
1685606400012,0.0001
1685635200000,0.0001
1685664000000,5.157e-05
1685692800006,0.0001
1685721600012,0.0001
1685750400000,0.0001
1685779200011,0.0001
1685808000003,0.0001
1685836800000,0.0001
1685865600000,0.0001
1685894400000,0.0001
1685923200005,0.0001
1685952000000,0.0001
1685980800000,0.0001
1686009600000,-0.00010566
1686038400009,8.876e-05
1686067200013,0.0001
1686096000000,9.314e-05
1686124800016,0.0001
1686153600000,0.0001
1686182400006,1.83e-05
1686211200000,6.906e-05
1686240000000,0.0001
1686268800000,5.943e-05
1686297600000,9.097e-05
1686326400000,0.0001
1686355200000,7.932e-05
1686384000000,-0.00017397
1686412800000,-8.127e-05
1686441600001,-9.995e-05
1686470400000,-8.494e-05
1686499200000,-8.619e-05
1686528000000,0.0001
1686556800000,7.247e-05
1686585600001,7.493e-05
1686614400000,-6.24e-06
1686643200000,7.143e-05
1686672000000,-3.955e-05
1686700800000,-0.00010982
1686729600000,-3.572e-05
1686758400000,-3.364e-05
1686787200000,-0.00021641
1686816000000,-4.438e-05
1686844800000,0.0001
1686873600000,-9.809e-05
1686902400000,-2.123e-05
1686931200000,-0.00023566
1686960000000,-0.00035938
1686988800000,-9.65e-05
1687017600000,-0.00012147
1687046400000,-0.0001479
1687075200000,-8.432e-05
1687104000000,-0.00016395
1687132800000,-3.1e-07
1687161600000,-0.00015789
1687190400000,-1.731e-05
1687219200001,-6.422e-05
1687248000000,4.818e-05
1687276800000,-5.828e-05
1687305600000,-4.697e-05
1687334400000,0.0001
1687363200000,9.052e-05
1687392000000,-1.061e-05
1687420800001,0.0001
1687449600000,1.45e-06
1687478400000,-9.4e-06
1687507200000,0.0001
1687536000000,0.0001
1687564800000,8.286e-05
1687593600000,0.0001
1687622400000,8.606e-05
1687651200000,9.622e-05
1687680000000,0.0001
1687708800000,0.0001
1687737600000,0.0001
1687766400000,2.987e-05
1687795200000,1.258e-05
1687824000000,-0.00013148
1687852800000,0.0001
1687881600000,0.0001
1687910400000,3.219e-05
1687939200000,9.066e-05
1687968000000,0.0001
1687996800000,-0.0003074
1688025600000,-0.00013367
1688054400000,0.0001
1688083200000,-6.645e-05
1688112000000,0.0001
1688140800001,0.0001
1688169600000,6.554e-05
1688198400000,0.0001
1688227200000,0.0001
1688256000000,0.0001
1688284800000,0.0001
1688313600001,0.0001
1688342400000,0.0001
1688371200000,0.0001
1688400000000,0.0001
1688428800001,0.0001
1688457600000,0.0001
1688486400000,0.0001
1688515200000,0.0001
1688544000000,0.0001
1688572800000,2.599e-05
1688601600000,-5.476e-05
1688630400000,0.0001
1688659200000,3.422e-05
1688688000000,-8.686e-05
1688716800000,4.022e-05
1688745600000,0.0001
1688774400000,-7.751e-05
1688803200000,2.366e-05
1688832000000,0.0001
1688860800000,0.0001
1688889600000,5.452e-05
1688918400000,2.817e-05
1688947200000,6.181e-05
1688976000000,2.172e-05
1689004800000,0.0001
1689033600000,-4.24e-06
1689062400000,0.0001
1689091200000,0.0001
1689120000000,4.688e-05
1689148800000,4.984e-05
1689177600000,0.0001
1689206400000,-8.809e-05
1689235200000,7.421e-05
1689264000000,-7.161e-05
1689292800000,0.00025851
1689321600000,0.0001
1689350400000,0.00027435
1689379200000,0.0001
1689408000000,0.0001
1689436800000,0.0001
1689465600001,0.0001
1689494400000,0.0001
1689523200000,0.0001
1689552000000,0.0001
1689580800000,0.0001
1689609600000,0.0001
1689638400000,5.528e-05
1689667200000,0.0001
1689696000000,0.0001
1689724800000,0.0001
1689753600000,0.0001
1689782400001,0.0001
1689811200000,0.0001
1689840000000,8.272e-05
1689868800000,6.09e-05
1689897600001,3.74e-05
1689926400000,0.0001
1689955200000,3.883e-05
1689984000000,-1.274e-05
1690012800000,0.0001
1690041600000,0.0001
1690070400000,0.0001
1690099200000,3.035e-05
1690128000000,7.139e-05
1690156800000,1.397e-05
1690185600000,0.0001
1690214400000,8.178e-05
1690243200000,2.9e-07
1690272000000,0.0001
1690300800000,2.118e-05
1690329600000,7.21e-06
1690358400001,9.683e-05
1690387200000,8.492e-05
1690416000000,5.7e-07
1690444800000,0.0001
1690473600001,8.465e-05
1690502400000,0.0001
1690531200000,0.0001
1690560000000,0.0001
1690588800000,0.0001
1690617600000,0.0001
1690646400001,0.0001
1690675200000,0.0001
1690704000000,0.0001
1690732800000,0.0001
1690761600000,9.11e-05
1690790400000,0.0001
1690819200001,0.0001
1690848000000,-2.746e-05
1690876800000,0.0001
1690905600000,0.0001
1690934400000,0.0001
1690963200000,0.0001
1690992000000,0.0001
1691020800000,8.37e-06
1691049600000,0.0001
1691078400001,0.0001
1691107200000,0.0001
1691136000000,0.0001
1691164800000,0.0001
1691193600000,7.068e-05
1691222400000,0.0001
1691251200001,0.0001
1691280000000,0.0001
1691308800001,-4.66e-06
1691337600005,0.0001
1691366400000,0.0001
1691395200000,0.0001
1691424000000,0.0001
1691452800000,7.537e-05
1691481600000,0.0001
1691510400000,5.466e-05
1691539200000,1.191e-05
1691568000000,8.745e-05
1691596800000,-9.26e-06
1691625600001,8.597e-05
1691654400000,0.0001
1691683200000,0.0001
1691712000000,0.0001
1691740800000,0.0001
1691769600000,0.0001
1691798400000,0.0001
1691827200000,0.0001
1691856000000,0.0001
1691884800000,7.326e-05
1691913600000,0.0001
1691942400000,0.0001
1691971200001,0.0001
1692000000000,0.0001
1692028800000,0.0001
1692057600001,7.825e-05
1692086400000,0.0001
1692115200000,0.0001
1692144000000,-5.006e-05
1692172800001,0.0001
1692201600000,7.775e-05
1692230400000,1.529e-05
1692259200000,0.0001
1692288000000,0.0001
1692316800000,0.0001
1692345600000,-0.00017321
1692374400000,9.69e-06
1692403200000,-7.377e-05
1692432000000,-4.352e-05
1692460800000,1.137e-05
1692489600000,-4.824e-05
1692518400000,-4.429e-05
1692547200000,3.362e-05
1692576000000,-1.442e-05
1692604800000,0.0001
1692633600000,4.337e-05
1692662400000,-0.0001097
1692691200000,6.518e-05
1692720000000,-2.905e-05
1692748800000,-0.00010218
1692777600000,6.757e-05
1692806400000,5.252e-05
1692835200000,-0.00015183
1692864000000,3.618e-05
1692892800000,2.895e-05
1692921600000,-1.31e-06
1692950400000,7.44e-05
1692979200000,1.883e-05
1693008000000,-3.058e-05
1693036800000,0.0001
1693065600000,3.415e-05
1693094400000,6.63e-05
1693123200000,0.0001
1693152000000,2.477e-05
1693180800000,1.25e-06
1693209600001,5.986e-05
1693238400001,5.324e-05
1693267200000,1.32e-05
1693296000000,0.0001
1693324800000,-0.0002594
1693353600000,0.0001
1693382400000,0.0001
1693411200000,3.076e-05
1693440000000,-5.603e-05
1693468800000,0.0001
1693497600000,0.0001
1693526400000,-6.628e-05
1693555200000,6.763e-05
1693584000001,2.48e-05
1693612800000,-0.00014295
1693641600000,3.46e-05
1693670400000,-7.812e-05
1693699200000,-0.00010924
1693728000000,-4.084e-05
1693756800000,4.355e-05
1693785600000,4.344e-05
1693814400000,1.747e-05
1693843200000,5.333e-05
1693872000000,1.818e-05
1693900800000,0.0001
1693929600000,0.0001
1693958400000,-4.648e-05
1693987200000,-3.04e-06
1694016000001,0.0001
1694044800000,4.63e-05
1694073600000,0.0001
1694102400000,8.703e-05
1694131200000,-3.25e-05
1694160000000,0.0001
1694188800000,-8.263e-05
1694217600000,1.218e-05
1694246400000,0.0001
1694275200000,7.971e-05
1694304000000,0.0001
1694332800000,3.667e-05
1694361600000,7.004e-05
1694390400000,2.615e-05
1694419200000,-1.029e-05
1694448000001,-5.829e-05
1694476800000,-0.0002101
1694505600000,-5.124e-05
1694534400000,-7.054e-05
1694563200000,-0.00011569
1694592000000,1.408e-05
1694620800000,5.529e-05
1694649600000,2.745e-05
1694678400001,5.087e-05
1694707200000,7.325e-05
1694736000000,1.115e-05
1694764800000,8.71e-05
1694793600000,9.687e-05
1694822400000,3.15e-06
1694851200000,0.0001
1694880000000,7.496e-05
1694908800000,3.927e-05
1694937600000,7.401e-05
1694966400000,7.21e-05
1694995200000,-4.79e-06
1695024000000,0.0001
1695052800000,0.0001
1695081600000,4.772e-05
1695110400001,0.0001
1695139200000,0.0001
1695168000000,-5.987e-05
1695196800000,4.841e-05
1695225600000,1.316e-05
1695254400001,1.09e-05
1695283200000,0.0001
1695312000000,9.138e-05
1695340800000,7.371e-05
1695369600000,0.0001
1695398400000,0.0001
1695427200000,4.264e-05
1695456000000,0.0001
1695484800000,3.934e-05
1695513600000,4.218e-05
1695542400000,0.0001
1695571200000,0.0001
1695600000000,3.094e-05
1695628800000,0.0001
1695657600000,3.846e-05
1695686400000,-1.372e-05
1695715200000,5.469e-05
1695744000000,1.789e-05
1695772800000,-3.323e-05
1695801600001,4.049e-05
1695830400000,4.781e-05
1695859200000,7.45e-05
1695888000000,0.0001
1695916800000,0.0001
1695945600000,5.692e-05
1695974400000,0.0001
1696003200000,0.0001
1696032000000,4.835e-05
1696060800000,9.904e-05
1696089600000,0.0001
1696118400000,0.0001
1696147200000,0.0001
1696176000000,0.0001
1696204800000,0.0001
1696233600000,8.613e-05
1696262400000,7.143e-05
1696291200000,3.276e-05
1696320000000,9.73e-05
1696348800000,9.28e-05
1696377600000,-1.633e-05
1696406400000,9.41e-05
1696435200000,0.0001
1696464000000,-4.955e-05
1696492800000,0.0001
1696521600001,8.941e-05
1696550400000,-7.83e-06
1696579200000,7.523e-05
1696608000000,0.0001
1696636800000,-9.48e-06
1696665600000,0.0001
1696694400000,1.9e-05
1696723200000,9.922e-05
1696752000001,7.271e-05
1696780800000,5.941e-05
1696809600000,6.01e-05
1696838400000,4.411e-05
1696867200000,-0.00012776
1696896000000,-0.00013479
1696924800000,-7.429e-05
1696953600000,7.925e-05
1696982400000,-6.292e-05
1697011200000,0.0001
1697040000000,5.183e-05
1697068800000,-3.108e-05
1697097600000,3.995e-05
1697126400000,0.0001
1697155200000,8.69e-05
1697184000000,5.762e-05
1697212800000,0.0001
1697241600000,2.301e-05
1697270400000,5.873e-05
1697299200000,0.0001
1697328000000,6.883e-05
1697356800000,8.294e-05
1697385600000,9.985e-05
1697414400000,7.8e-06
1697443200000,4.081e-05
1697472000000,0.0001
1697500800000,1.235e-05
1697529600000,0.0001
1697558400000,0.0001
1697587200000,1.705e-05
1697616000000,8.668e-05
1697644800000,8.866e-05
1697673600000,-9.86e-06
1697702400001,-9.28e-06
1697731200000,-7.16e-06
1697760000000,-6.544e-05
1697788800005,0.0001
1697817600000,0.0001
1697846400000,-1.113e-05
1697875200000,7.845e-05
1697904000000,5.525e-05
1697932800000,0.0001
1697961600000,9.874e-05
1697990400000,3.21e-05
1698019200000,0.0001
1698048000001,0.0001
1698076800001,0.0001
1698105600000,0.0001
1698134400000,0.0001
1698163200000,0.0001
1698192000000,0.0001
1698220800000,0.0001
1698249600001,0.0001
1698278400001,0.0001
1698307200000,0.0001
1698336000000,0.0001
1698364800000,0.0001
1698393600000,0.0001
1698422400000,0.0001
1698451200000,0.0001
1698480000001,0.0001
1698508800000,0.0001
1698537600000,0.0001
1698566400000,0.0001
1698595200000,0.0001
1698624000000,0.0001
1698652800000,0.0001
1698681600000,0.00011666
1698710400001,0.00015788
1698739200000,0.0001
1698768000000,0.0001
1698796800000,0.0001
1698825600000,0.0001
1698854400000,0.0001
1698883200001,0.0001
1698912000000,0.0001179
1698940800000,0.00017218
1698969600000,0.00010423
1698998400000,0.0001
1699027200000,0.00019081
1699056000000,0.0001
1699084800000,0.00012373
1699113600000,0.0001
1699142400000,0.0001
1699171200000,0.00032222
1699200000000,0.0001843
1699228800000,0.0001
1699257600001,0.00012298
1699286400000,0.00011051
1699315200001,0.0001
1699344000000,0.00017964
1699372800000,0.0001967
1699401600000,0.0001
1699430400000,0.00012297
1699459200000,0.0001
1699488000000,0.0001
1699516800000,0.00017407
1699545600000,0.00040147
1699574400000,0.0001
1699603200000,0.00044107
1699632000000,0.00015409
1699660800000,0.00026284
1699689600000,0.0001
1699718400000,0.00019884
1699747200000,0.00027518
1699776000000,0.0001
1699804800001,0.00034938
1699833600000,0.00032744
1699862400000,0.00025714
1699891200000,0.00026761
1699920000000,0.00017011
1699948800000,0.00027937
1699977600001,0.0001
1700006400000,0.0001
1700035200000,0.0001
1700064000000,0.0001
1700092800000,0.0001
1700121600000,0.0001
1700150400001,0.0001
1700179200000,0.0001
1700208000001,0.0001
1700236800001,0.0001
1700265600000,0.0001
1700294400000,0.0001
1700323200000,0.0001
1700352000000,0.0001
1700380800000,0.0001
1700409600000,0.0001
1700438400000,0.0001
1700467200000,0.0001
1700496000000,0.0001
1700524800000,0.0001
1700553600000,0.0001
1700582400000,0.0001
1700611200000,0.0001
1700640000000,0.0001
1700668800000,0.0001
1700697600000,0.0001
1700726400000,0.0001
1700755200001,0.0001
1700784000000,0.0001
1700812800000,0.0001
1700841600000,0.0001
1700870400000,0.0001
1700899200000,0.0001
1700928000000,0.0001
1700956800000,0.0001
1700985600000,0.0001
1701014400000,0.0001
1701043200000,0.0001
1701072000001,0.0001
1701100800000,0.0001
1701129600000,0.0001
1701158400000,0.0001
1701187200000,0.0001
1701216000001,0.0001
1701244800000,0.0001
1701273600000,0.0001
1701302400000,0.0001
1701331200000,0.0001
1701360000000,0.0001
1701388800000,0.0001
1701417600000,0.0001
1701446400000,0.00016933
1701475200000,0.0001
1701504000000,0.0001
1701532800000,0.00018347
1701561600000,0.00016267
1701590400000,0.00025658
1701619200000,0.00017299
1701648000000,0.00011617
1701676800000,0.00017218
1701705600000,0.0001
1701734400000,0.0001
1701763200000,0.0001
1701792000000,0.0001
1701820800000,0.00029533
1701849600000,0.00036494
1701878400000,0.00010996
1701907200000,0.00018162
1701936000000,0.0003181
1701964800000,0.00028221
1701993600000,0.00047024
1702022400000,0.0004186
1702051200000,0.00038529
1702080000000,0.00019374
1702108800000,0.00043063
1702137600000,0.00036399
1702166400000,0.00020579
1702195200000,0.00026626
1702224000000,0.0002677
1702252800000,0.00034092
1702281600000,0.0001
1702310400000,0.0001
1702339200000,0.0001
1702368000000,0.0001
1702396800000,0.0001
1702425600000,0.0001
1702454400000,0.0001
1702483200001,0.0001
1702512000000,0.0001
1702540800000,0.0001
1702569600000,0.0001
1702598400000,0.00015907
1702627200000,0.00014826
1702656000000,0.00017118
1702684800000,0.0001
1702713600000,0.00014674
1702742400001,0.00016112
1702771200000,0.0001
1702800000000,0.0001
1702828800000,0.00026295
1702857600000,0.00011245
1702886400001,0.0001
1702915200000,0.0001
1702944000000,0.0001
1702972800000,0.0001
1703001600000,0.0001
1703030400000,0.0001
1703059200000,0.0001
1703088000000,0.00024912
1703116800000,0.0001
1703145600000,0.00022667
1703174400000,0.00038445
1703203200000,0.00046503
1703232000000,0.00037544
1703260800000,0.00049083
1703289600000,0.00034284
1703318400001,0.00027016
1703347200000,0.00037952
1703376000000,0.00038483
1703404800000,0.00038492
1703433600000,0.00048585
1703462400000,0.00020674
1703491200000,0.00031527
1703520000000,0.0005671
1703548800000,0.00039955
1703577600000,0.00032223
1703606400000,0.00045937
1703635200000,0.00031355
1703664000000,0.00041621
1703692800000,0.00065536
1703721600000,0.00047324
1703750400000,0.00072184
1703779200000,0.00062696
1703808000001,0.00043077
1703836800000,0.00050167
1703865600000,0.00060608
1703894400001,0.00011528
1703923200000,0.00039233
1703952000000,0.00037355
1703980800000,0.00033923
1704009600001,0.00037173
1704038400000,0.00033745
1704067200000,0.00022084
1704096000000,0.0001
1704124800000,0.0003992
1704153600000,0.00063561
1704182400000,0.00057012
1704211200000,0.00059688
1704240000000,0.0003411
1704268800000,0.00044741
1704297600000,0.0001
1704326400000,0.0001
1704355200000,0.0001
1704384000000,0.0001
1704412800001,0.0001
1704441600000,0.0001
1704470400000,0.0001
1704499200000,0.0001
1704528000000,0.0001
1704556800000,0.0001
1704585600000,0.0001
1704614400001,0.0001
1704643200001,0.0001
1704672000000,0.0001
1704700800000,0.0001
1704729600000,0.0001
1704758400001,0.0001
1704787200000,0.0001
1704816000000,0.0001
1704844800000,0.0001
1704873600000,0.0001
1704902400000,0.0001
1704931200000,0.0001
1704960000000,0.0001
1704988800000,0.0001
1705017600001,0.0001
1705046400000,0.0001
1705075200000,0.0001
1705104000000,0.0001
1705132800000,0.0001
1705161600001,0.0001
1705190400000,0.0001
1705219200000,0.0001
1705248000001,0.0001
1705276800000,0.0001
1705305600000,0.0001
1705334400000,0.0001
1705363200000,0.0001
1705392000000,0.0001
1705420800001,0.0001
1705449600000,0.0001
1705478400000,0.0001
1705507200000,0.0001
1705536000001,0.0001
1705564800000,0.0001
1705593600000,0.0001
1705622400000,0.0001
1705651200000,0.0001
1705680000002,0.0001
1705708800000,0.0001
1705737600003,0.0001
1705766400000,0.0001
1705795200000,0.0001
1705824000000,0.0001
1705852800000,0.0001
1705881600000,0.0001
1705910400000,0.0001
1705939200000,0.0001
1705968000000,0.0001
1705996800000,0.0001
1706025600000,0.0001
1706054400000,0.0001
1706083200000,0.0001
1706112000000,0.0001
1706140800000,0.0001
1706169600001,0.0001
1706198400000,0.0001
1706227200001,0.0001
1706256000000,0.0001
1706284800000,0.0001
1706313600000,0.0001
1706342400000,0.0001
1706371200000,0.0001
1706400000000,0.0001
1706428800000,0.0001
1706457600000,0.0001
1706486400000,0.0001
1706515200001,0.0001
1706544000000,0.0001
1706572800000,0.0001
1706601600000,0.0001
1706630400001,0.0001
1706659200000,0.0001
1706688000000,1.751e-05
1706716800000,0.0001
1706745600000,0.0001
1706774400000,0.0001
1706803200002,0.0001
1706832000000,0.0001
1706860800000,0.0001
1706889600000,0.0001
1706918400000,0.0001
1706947200000,0.0001
1706976000001,0.0001
1707004800000,0.0001
1707033600004,0.0001
1707062400000,0.0001
1707091200000,0.0001
1707120000000,0.0001
1707148800000,0.0001
1707177600000,0.0001
1707206400001,0.0001
1707235200000,0.0001
1707264000000,0.0001
1707292800000,0.0001
1707321600000,0.0001
1707350400000,0.0001
1707379200000,0.0001
1707408000000,0.0001
1707436800000,0.0001
1707465600000,0.0001
1707494400001,0.0001
1707523200001,0.0001
1707552000000,0.0001
1707580800000,0.0001
1707609600000,0.0001
1707638400001,0.0001
1707667200000,0.0001
1707696000000,0.0001
1707724800000,0.0001
1707753600000,0.0001
1707782400000,0.0001
1707811200000,0.00011054
1707840000000,0.0001
1707868800000,0.0001
1707897600000,0.0001
1707926400000,0.0001
1707955200000,0.0001
1707984000000,0.0002296
1708012800000,0.00033409
1708041600000,0.0001111
1708070400000,0.00032969
1708099200000,0.00020422
1708128000000,0.00015724
1708156800000,0.00025595
1708185600000,0.0002203
1708214400000,0.0001
1708243200000,0.0001663
1708272000000,0.00019394
1708300800000,0.00029723
1708329600000,0.00038631
1708358400000,0.00022019
1708387200000,0.00047974
1708416000000,0.00037424
1708444800000,0.00030967
1708473600000,0.00012964
1708502400000,0.0001
1708531200000,0.0001
1708560000001,0.0001
1708588800001,0.00027034
1708617600000,0.00029264
1708646400000,0.00020032
1708675200000,0.00027338
1708704000000,0.00027554
1708732800000,0.0001
1708761600001,0.00032557
1708790400000,0.00030831
1708819200001,0.00019714
1708848000000,0.00023317
1708876800000,0.0003983
1708905600000,0.00040754
1708934400000,0.0003934
1708963200000,0.00037148
1708992000000,0.00040898
1709020800000,0.00075385
1709049600000,0.00047399
1709078400000,0.00040595
1709107200000,0.00048315
1709136000000,0.00069328
1709164800000,0.00025836
1709193600000,0.00102953
1709222400000,0.00090107
1709251200000,0.00058081
1709280000000,0.00067177
1709308800000,0.00060892
1709337600000,0.0006694
1709366400001,0.0011
1709395200000,0.00085763
1709424000000,0.00077125
1709452800000,0.00074901
1709481600000,0.00045718
1709510400000,0.00050769
1709539200000,0.00061206
1709568000000,0.00062949
1709596800000,0.00058516
1709625600000,0.00106742
1709654400000,0.00088782
1709683200000,0.0001
1709712000001,0.00023656
1709740800000,0.00037994
1709769600000,0.0003619
1709798400000,0.00040786
1709827200000,0.000601
1709856000000,0.00063772
1709884800000,0.00048734
1709913600000,0.00051878
1709942400000,0.00029912
1709971200001,0.00066943
1710000000000,0.00058267
1710028800000,0.00057256
1710057600000,0.00072552
1710086400000,0.00038356
1710115200000,0.00039616
1710144000000,0.00056437
1710172800000,0.00083859
1710201600000,0.00097839
1710230400000,0.00056942
1710259200000,0.00038468
1710288000000,0.00047742
1710316800001,0.00059767
1710345600000,0.00050819
1710374400001,0.00048064
1710403200000,0.00072451
1710432000000,0.00050052
1710460800000,0.0005677
1710489600000,0.00027783
1710518400000,0.00021834
1710547200000,0.00013091
1710576000000,0.00033605
1710604800000,0.00016769
1710633600000,0.00013253
1710662400000,0.00012677
1710691200000,0.00021621
1710720000000,0.00013735
1710748800000,0.00022327
1710777600001,0.00024262
1710806400000,0.00021824
1710835200000,0.00016631
1710864000001,0.00011988
1710892800000,0.000142
1710921600004,0.0001643
1710950400000,0.00018258
1710979200000,0.00017834
1711008000000,0.00014625
1711036800000,0.0001
1711065600000,0.00041412
1711094400000,0.00024782
1711123200000,0.00011609
1711152000000,0.00013003
1711180800000,0.0001
1711209600000,0.00015078
1711238400000,0.00023843
1711267200000,0.0001
1711296000000,0.00031311
1711324800000,0.00016962
1711353600001,0.00021377
1711382400000,0.00017935
1711411200000,0.00031904
1711440000000,0.0001717
1711468800000,0.00015702
1711497600000,0.00028944
1711526400001,0.00023616
1711555200000,0.00032618
1711584000000,0.00034532
1711612800000,0.00033103
1711641600000,0.00055069
1711670400000,0.00057713
1711699200000,0.00054399
1711728000000,0.00045882
1711756800000,0.00052477
1711785600000,0.00057681
1711814400000,0.00055784
1711843200000,0.0004843
1711872000000,0.00063365
1711900800001,0.00066713
1711929600000,0.00074271
1711958400000,0.00041317
1711987200000,0.00027346
1712016000007,0.00029924
1712044800015,0.0001
1712073600000,0.00022679
1712102400000,0.00011604
1712131200000,0.00012295
1712160000000,0.0001
1712188800000,0.0001
1712217600000,0.00024541
1712246400000,0.00018585
1712275200000,0.00015759
1712304000000,0.00010997
1712332800000,0.00012395
1712361600000,0.0001
1712390400000,0.0001
1712419200000,0.0001429
1712448000000,0.0001
1712476800000,0.0001
1712505600000,0.0001024
1712534400001,0.0001
1712563200000,0.0001
1712592000006,0.00022387
1712620800000,0.0002389
1712649600001,0.00016656
1712678400001,0.00024361
1712707200000,0.00013624
1712736000001,0.00010688
1712764800000,0.00021085
1712793600000,0.00015207
1712822400000,0.00013993
1712851200000,0.00010698
1712880000000,0.00012641
1712908800001,0.00013318
1712937600000,0.0001
1712966400000,0.0001
1712995200000,0.0001
1713024000001,0.0001
1713052800000,3.758e-05
1713081600000,0.0001
1713110400000,0.0001
1713139200000,-4.578e-05
1713168000001,7.804e-05
1713196800000,0.0001
1713225600001,-4.25e-06
1713254400000,5.362e-05
1713283200000,2.587e-05
1713312000000,-3.853e-05
1713340800000,-5.136e-05
1713369600000,8.395e-05
1713398400000,5.18e-05
1713427200000,9.036e-05
1713456000000,0.0001
1713484800001,-1.552e-05
1713513600000,6.527e-05
1713542400000,0.0001
1713571200000,6.587e-05
1713600000000,-3.787e-05
1713628800000,-6.592e-05
1713657600000,0.0001
1713686400000,1.335e-05
1713715200000,7.132e-05
1713744000000,2.992e-05
1713772800000,0.0001
1713801600000,-5.65e-06
1713830400000,6.016e-05
1713859200000,9.964e-05
1713888000001,-4.455e-05
1713916800000,7.577e-05
1713945600000,6.538e-05
1713974400000,1.438e-05
1714003200000,6.195e-05
1714032000000,5.552e-05
1714060800010,0.0001
1714089600001,6.369e-05
1714118400000,3.744e-05
1714147200000,6.457e-05
1714176000000,2.741e-05
1714204800001,9.12e-05
1714233600000,4.501e-05
1714262400000,-8.93e-06
1714291200000,8.796e-05
1714320000000,-5.014e-05
1714348800000,-0.00012216
1714377600000,-0.0001151
1714406400000,0.0001
1714435200000,0.0001
1714464000000,8.953e-05
1714492800000,3.585e-05
1714521600000,-3.768e-05
1714550400000,5.366e-05
1714579200000,0.0001
1714608000000,0.0001
1714636800000,0.0001
1714665600002,0.0001
1714694400000,5.565e-05
1714723200000,0.0001
1714752000000,0.0001
1714780800000,-5.69e-06
1714809600000,1.211e-05
1714838400000,0.0001
1714867200000,7.737e-05
1714896000000,0.0001
1714924800000,3.844e-05
1714953600000,0.0001
1714982400000,0.0001
1715011200000,0.0001
1715040000000,8.428e-05
1715068800000,-2.685e-05
1715097600000,7.13e-05
1715126400000,0.0001
1715155200000,5.237e-05
1715184000000,0.0001
1715212800000,0.0001
1715241600000,0.0001
1715270400000,0.0001
1715299200000,2.657e-05
1715328000000,0.0001
1715356800000,6.703e-05
1715385600000,3.789e-05
1715414400000,0.0001
1715443200000,0.0001
1715472000000,2.478e-05
1715500800000,0.0001
1715529600000,0.0001
1715558400001,-1.783e-05
1715587200001,6.218e-05
1715616000000,0.0001
1715644800000,0.0001
1715673600000,0.0001
1715702400000,0.0001
1715731200000,4.302e-05
1715760000000,3.944e-05
1715788800000,0.0001
1715817600004,9.28e-05
1715846400000,0.0001
1715875200000,0.0001
1715904000000,0.0001
1715932800000,7.734e-05
1715961600000,0.0001
1715990400000,-1.764e-05
1716019200000,5.796e-05
1716048000000,5.225e-05
1716076800000,8.633e-05
1716105600000,0.0001
1716134400000,5.34e-06
1716163200000,-3.294e-05
1716192000000,9.7e-06
1716220800003,0.0001
1716249600000,0.0001
1716278400001,0.0001
1716307200000,0.0001
1716336000000,0.0001
1716364800000,0.0001
1716393600000,0.0001
1716422400000,0.0001
1716451200000,0.0001
1716480000000,0.0001
1716508800000,0.0001
1716537600000,0.0001
1716566400000,0.0001
1716595200000,0.0001
1716624000000,0.0001
1716652800000,0.0001
1716681600000,0.0001
1716710400000,0.0001
1716739200000,0.0001
1716768000000,0.0001
1716796800000,0.0001
1716825600000,0.00011858
1716854400000,0.0001
1716883200000,0.0001
1716912000000,0.00020504
1716940800001,0.0001
1716969600000,0.00013669
1716998400000,0.00021111
1717027200000,0.00011506
1717056000000,0.0001
1717084800000,0.00018489
1717113600000,0.0001
1717142400000,0.000108
1717171200000,0.0001
1717200000000,0.0001
1717228800000,0.00026381
1717257600001,0.0002558
1717286400000,0.00011858
1717315200000,0.0001281
1717344000000,0.00010171
1717372800000,0.0001
1717401600000,0.00021761
1717430400000,0.00017757
1717459200000,0.0001
1717488000000,0.0001
1717516800000,0.0001
1717545600000,0.0001
1717574400000,0.00015158
1717603200000,0.00018024
1717632000000,0.00010109
1717660800008,0.00019575
1717689600000,0.00028204
1717718400000,0.0001
1717747200000,0.00014911
1717776000000,0.00030813
1717804800000,0.0001
1717833600000,0.0001
1717862400000,0.0001
1717891200000,0.0001
1717920000000,0.0001
1717948800001,0.0001
1717977600000,0.0001
1718006400000,0.0001
1718035200001,0.0001
1718064000001,0.0001
1718092800000,0.0001
1718121600000,0.0001
1718150400000,0.0001
1718179200000,0.0001
1718208000000,0.0001
1718236800000,0.0001
1718265600001,0.0001
1718294400000,0.0001
1718323200000,0.0001
1718352000000,0.0001
1718380800000,0.0001
1718409600000,0.0001
1718438400000,0.0001
1718467200000,0.0001
1718496000001,0.0001
1718524800000,0.0001
1718553600000,0.0001
1718582400000,0.0001
1718611200000,0.0001
1718640000000,6.718e-05
1718668800000,0.0001
1718697600000,9.104e-05
1718726400000,0.0001
1718755200001,-2.935e-05
1718784000001,0.0001
1718812800000,0.0001
1718841600000,0.0001
1718870400000,-1.133e-05
1718899200000,0.0001
1718928000000,2.357e-05
1718956800000,-4.41e-06
1718985600000,3.481e-05
1719014400000,4.995e-05
1719043200000,0.0001
1719072000000,9.94e-05
1719100800000,0.0001
1719129600000,9.474e-05
1719158400000,-1.869e-05
1719187200002,3.941e-05
1719216000000,-1.033e-05
1719244800000,0.0001
1719273600000,0.0001
1719302400000,0.0001
1719331200000,0.0001
1719360000002,0.0001
1719388800000,7.928e-05
1719417600000,0.0001
1719446400000,0.0001
1719475200001,5.919e-05
1719504000000,0.0001
1719532800000,0.0001
1719561600000,0.0001
1719590400000,0.0001
1719619200001,0.0001
1719648000000,0.0001
1719676800000,0.0001
1719705600000,0.0001
1719734400000,4.856e-05
1719763200000,0.0001
1719792000000,0.0001
1719820800000,0.0001
1719849600001,0.0001
1719878400000,8.225e-05
1719907200000,0.0001
1719936000000,0.0001
1719964800000,0.0001
1719993600001,0.0001
1720022400000,0.0001
1720051200000,2.872e-05
1720080000000,6.02e-05
1720108800000,0.0001
1720137600000,-3.882e-05
1720166400000,-7.319e-05
1720195200000,-6.99e-05
1720224000000,6.497e-05
1720252800000,7.794e-05
1720281600000,2.97e-05
1720310400001,5.735e-05
1720339200000,0.0001
1720368000000,-3.164e-05
1720396800000,2.344e-05
1720425600000,-8.431e-05
1720454400000,0.0001
1720483200000,0.0001
1720512000001,-1.82e-05
1720540800000,0.0001
1720569600000,4.68e-05
1720598400000,0.0001
1720627200000,0.0001
1720656000002,-3.219e-05
1720684800002,0.0001
1720713600004,0.0001
1720742400000,0.0001
1720771200000,5.644e-05
1720800000000,0.0001
1720828800000,-4.793e-05
1720857600000,4.708e-05
1720886400000,0.0001
1720915200000,0.0001
1720944000000,8.455e-05
1720972800000,0.0001
1721001600000,0.0001
1721030400000,0.0001
1721059200000,-1.048e-05
1721088000000,0.0001
1721116800000,4.064e-05
1721145600000,0.0001
1721174400000,0.0001
1721203200001,5.504e-05
1721232000000,7.207e-05
1721260800000,0.0001
1721289600000,0.0001
1721318400000,0.0001
1721347200000,0.0001
1721376000000,8.136e-05
1721404800000,5.02e-06
1721433600001,0.0001
1721462400000,8.615e-05
1721491200000,0.0001
1721520000000,0.0001
1721548800000,0.0001
1721577600000,3.873e-05
1721606400000,0.0001
1721635200000,0.0001
1721664000000,0.0001
1721692800000,0.0001
1721721600000,0.0001
1721750400000,6.85e-05
1721779200000,0.0001
1721808000000,0.0001
1721836800000,0.0001
1721865600000,3.869e-05
1721894400000,2.644e-05
1721923200000,0.0001
1721952000000,4.81e-06
1721980800000,1.78e-05
1722009600000,-9.915e-05
1722038400000,0.0001
1722067200000,0.0001
1722096000000,0.0001
1722124800000,0.0001
1722153600000,0.0001
1722182400001,0.0001
1722211200001,5.139e-05
1722240000000,0.0001
1722268800001,6.889e-05
1722297600000,0.0001
1722326400001,7.981e-05
1722355200000,0.0001
1722384000000,0.0001
1722412800000,9.958e-05
1722441600000,0.0001
1722470400000,0.0001
1722499200000,1.46e-06
1722528000000,7.562e-05
1722556800000,-6.64e-05
1722585600001,9.547e-05
1722614400000,7.354e-05
1722643200000,0.0001
1722672000000,-7.759e-05
1722700800001,-1.35e-05
1722729600000,-1.823e-05
1722758400000,3.565e-05
1722787200000,-4.134e-05
1722816000000,7.157e-05
1722844800000,-6.109e-05
1722873600000,-2.644e-05
1722902400000,2.478e-05
1722931200000,-6.729e-05
1722960000000,6.652e-05
1722988800000,4.577e-05
1723017600001,-1.565e-05
1723046400000,-2.816e-05
1723075200001,-5.6e-06
1723104000000,7.266e-05
1723132800000,5.545e-05
1723161600000,7.762e-05
1723190400000,0.0001
1723219200000,4.647e-05
1723248000000,-6.555e-05
1723276800000,1.486e-05
1723305600000,1.59e-06
1723334400000,5.962e-05
1723363200000,0.0001
1723392000001,-2.119e-05
1723420800000,2.828e-05
1723449600000,-1.064e-05
1723478400000,9.573e-05
1723507200000,6.651e-05
1723536000000,1.571e-05
1723564800000,3.334e-05
1723593600000,5.899e-05
1723622400000,6.911e-05
1723651200000,1.227e-05
1723680000000,6.615e-05
1723708800000,7.997e-05
1723737600000,6.3e-05
1723766400000,-4.909e-05
1723795200000,8.323e-05
1723824000000,7.215e-05
1723852800000,0.0001
1723881600000,1.022e-05
1723910400000,2.736e-05
1723939200000,3.73e-05
1723968000000,9.645e-05
1723996800000,-4.97e-05
1724025600000,4.95e-05
1724054400000,1.061e-05
1724083200002,4.149e-05
1724112000000,8.115e-05
1724140800000,5.315e-05
1724169600001,8.787e-05
1724198400001,-1.156e-05
1724227200000,3.839e-05
1724256000001,3.5e-05
1724284800000,4.083e-05
1724313600000,7.355e-05
1724342400008,0.0001
1724371200000,-4.36e-06
1724400000000,9.305e-05
1724428800000,3.996e-05
1724457600000,-1.826e-05
1724486400005,7.598e-05
1724515200000,0.0001
1724544000000,9.003e-05
1724572800000,-8.614e-05
1724601600000,-1.958e-05
1724630400000,-0.00014309
1724659200001,1.931e-05
1724688000000,5.817e-05
1724716800001,-0.00017615
1724745600000,1.307e-05
1724774400000,0.0001
1724803200000,-3.905e-05
1724832000000,-0.00017728
1724860800001,9.502e-05
1724889600000,7.166e-05
1724918400001,1.721e-05
1724947200000,5.353e-05
1724976000000,-2.38e-05
1725004800000,3.797e-05
1725033600000,4.92e-06
1725062400000,6.633e-05
1725091200000,0.0001
1725120000000,0.0001
1725148800000,0.0001
1725177600001,1.024e-05
1725206400000,3.04e-05
1725235200001,8.1e-07
1725264000001,-5.077e-05
1725292800000,7.233e-05
1725321600000,4.862e-05
1725350400001,3.989e-05
1725379200000,8.626e-05
1725408000000,8.664e-05
1725436800000,4.057e-05
1725465600000,3.38e-05
1725494400000,-4.66e-06
1725523200000,-1.701e-05
1725552000005,4.069e-05
1725580800000,9.65e-06
1725609600001,1.082e-05
1725638400000,4.93e-06
1725667200000,-0.0001307
1725696000000,-3.715e-05
1725724800000,9.17e-06
1725753600000,6.484e-05
1725782400000,7.221e-05
1725811200000,3.107e-05
1725840000000,1.686e-05
1725868800000,4.572e-05
1725897600001,2.103e-05
1725926400000,6.767e-05
1725955200000,-1.963e-05
1725984000000,3.57e-05
1726012800000,5.088e-05
1726041600000,1.913e-05
1726070400000,9.14e-06
1726099200000,7.149e-05
1726128000000,-1.027e-05
1726156800000,1.96e-06
1726185600000,2.306e-05
1726214400001,4.47e-06
1726243200001,4.752e-05
1726272000000,-5.76e-05
1726300800000,7.898e-05
1726329600001,6.594e-05
1726358400000,5.188e-05
1726387200000,2.769e-05
1726416000000,4.46e-06
1726444800000,1.644e-05
1726473600001,3.194e-05
1726502400000,5.446e-05
1726531200001,6.486e-05
1726560000000,6.988e-05
1726588800000,1.902e-05
1726617600000,-2.796e-05
1726646400000,4.565e-05
1726675200004,8.67e-06
1726704000000,5.25e-05
1726732800000,0.0001
1726761600001,0.0001
1726790400000,0.0001
1726819200001,0.0001
1726848000000,0.0001
1726876800001,6.213e-05
1726905600000,0.0001
1726934400000,0.0001
1726963200000,0.0001
1726992000000,0.0001
1727020800000,4.53e-05
1727049600000,6.389e-05
1727078400000,0.0001
1727107200000,7.235e-05
1727136000000,4.237e-05
1727164800000,0.0001
1727193600001,7.669e-05
1727222400000,0.0001
1727251200003,7.834e-05
1727280000000,0.0001
1727308800005,3.275e-05
1727337600000,0.0001
1727366400000,0.0001
1727395200000,0.0001
1727424000000,9.029e-05
1727452800000,0.0001
1727481600000,8.859e-05
1727510400001,0.0001
1727539200000,0.0001
1727568000001,0.0001
1727596800000,0.0001
1727625600000,0.0001
1727654400000,0.0001
1727683200001,0.0001
1727712000000,0.0001
1727740800000,0.0001
1727769600000,0.0001
1727798400001,0.0001
1727827200000,9.312e-05
1727856000000,1.329e-05
1727884800000,3.889e-05
1727913600000,8.621e-05
1727942400000,4.166e-05
1727971200000,1.912e-05
1728000000000,1.536e-05
1728028800000,4.907e-05
1728057600001,1.62e-05
1728086400000,-2.791e-05
1728115200000,0.0001
1728144000000,6.098e-05
1728172800000,0.0001
1728201600001,0.0001
1728230400000,9.216e-05
1728259200000,2.974e-05
1728288000000,7.223e-05
1728316800001,8.064e-05
1728345600000,0.0001
1728374400000,7.631e-05
1728403200000,0.0001
1728432000000,0.0001
1728460800000,0.0001
1728489600000,0.0001
1728518400000,0.0001
1728547200000,0.0001
1728576000000,4.881e-05
1728604800000,0.0001
1728633600000,8.139e-05
1728662400001,6.455e-05
1728691200000,0.0001
1728720000001,0.0001
1728748800000,0.0001
1728777600000,8.88e-05
1728806400000,0.0001
1728835200000,-1.324e-05
1728864000000,8.7e-05
1728892800000,0.0001
1728921600000,0.0001
1728950400000,0.0001
1728979200000,0.0001
1729008000000,0.0001
1729036800000,0.0001
1729065600001,0.0001
1729094400000,0.0001
1729123200000,0.0001
1729152000000,0.0001
1729180800001,0.0001
1729209600010,0.0001
1729238400001,0.0001
1729267200000,0.0001
1729296000000,0.0001
1729324800000,0.0001
1729353600000,0.0001
1729382400000,0.0001
1729411200000,0.0001
1729440000000,0.0001
1729468800000,0.0001
1729497600000,0.0001
1729526400000,0.0001
1729555200000,0.0001
1729584000000,0.0001
1729612800000,9.868e-05
1729641600000,0.0001
1729670400000,0.0001
1729699200000,0.0001
1729728000000,0.0001
1729756800000,0.0001
1729785600000,0.0001
1729814400000,0.0001
1729843200000,0.0001
1729872000000,0.0001
1729900800000,2.578e-05
1729929600001,0.0001
1729958400000,0.0001
1729987200000,0.0001
1730016000000,0.0001
1730044800000,0.0001
1730073600000,8.166e-05
1730102400001,0.0001
1730131200000,0.0001
1730160000000,0.0001
1730188800000,0.0001
1730217600004,0.0001
1730246400000,0.0001
1730275200000,0.0001
1730304000013,0.0001
1730332800000,0.0001
1730361600000,0.0001
1730390400000,0.0001
1730419200000,0.0001
1730448000000,0.0001
1730476800000,0.0001
1730505600000,0.0001
1730534400000,0.0001
1730563200000,0.0001
1730592000000,0.0001
1730620800000,0.0001
1730649600000,4.917e-05
1730678400000,0.0001
1730707200000,0.0001
1730736000000,0.0001
1730764800000,0.0001
1730793600003,0.0001
1730822400001,0.0001
1730851200000,0.0001
1730880000000,0.0001
1730908800000,0.0001
1730937600000,0.0001
1730966400000,0.0001
1730995200000,0.0001
1731024000000,0.0001
1731052800000,0.0001
1731081600000,0.0001
1731110400000,0.0001
1731139200000,0.0001
1731168000000,0.0001
1731196800000,0.0001
1731225600000,0.00024198
1731254400000,0.000338
1731283200001,0.00013259
1731312000000,0.00020534
1731340800000,0.0001
1731369600002,0.00052015
1731398400000,0.00046735
1731427200000,0.00064103
1731456000000,0.00033052
1731484800010,0.00010732
1731513600000,0.0001
1731542400001,0.0001275
1731571200000,0.00011273
1731600000000,0.00020405
1731628800000,0.0001337
1731657600000,0.0001
1731686400000,0.0001
1731715200001,0.0001
1731744000001,0.0001
1731772800000,0.00025348
1731801600000,0.00013756
1731830400000,0.00020468
1731859200001,0.00021541
1731888000000,0.00014936
1731916800000,0.00017906
1731945600000,0.0002213
1731974400000,0.00016154
1732003200000,0.00032269
1732032000000,0.00012411
1732060800003,0.00019145
1732089600000,0.0001
1732118400000,0.00013761
1732147200001,0.0001
1732176000000,0.0001
1732204800001,0.0001
1732233600000,0.00017976
1732262400000,0.00042066
1732291200001,0.0001
1732320000000,0.000213
1732348800000,0.00019987
1732377600000,0.00029953
1732406400001,0.0001
1732435200000,0.0002623
1732464000000,0.00023222
1732492800000,0.0001
1732521600000,0.0001
1732550400000,0.0001607
1732579200000,0.0001
1732608000000,0.0001
1732636800000,0.0001
1732665600000,0.0001
1732694400000,0.0001
1732723200001,0.0001
1732752000000,0.00029799
1732780800000,0.00025844
1732809600000,0.00012197
1732838400000,0.00033036
1732867200000,0.0002402
1732896000000,0.00019614
1732924800000,0.00011631
1732953600000,0.0001
1732982400000,0.0001834
1733011200000,0.0001
1733040000000,0.0001
1733068800000,0.0001
1733097600001,0.00038336
1733126400001,0.00030395
1733155200000,0.00012545
1733184000000,0.0001
1733212800000,0.0001094
1733241600000,0.00031216
1733270400000,0.0001
1733299200000,0.0001
1733328000000,0.00014023
1733356800001,0.00035884
1733385600000,0.00065561
1733414400000,0.00067031
1733443200000,0.00037393
1733472000000,0.00040861
1733500800000,0.00016716
1733529600000,0.00032472
1733558400000,0.00025537
1733587200000,0.0003042
1733616000000,0.00033402
1733644800000,0.0001
1733673600000,0.0001
1733702400000,0.0001
1733731200000,0.0001
1733760000001,0.0001
1733788800007,0.0001
1733817600000,0.0001
1733846400000,0.0001
1733875200000,1.03e-05
1733904000000,0.0001
1733932800001,2.476e-05
1733961600001,0.0001
1733990400000,0.0001
1734019200001,0.0001
1734048000000,0.0001
1734076800000,9.422e-05
1734105600001,0.0001
1734134400000,0.0001
1734163200000,0.0001
1734192000000,0.0001
1734220800000,2.433e-05
1734249600000,0.0001
1734278400000,0.0001
1734307200000,-2.659e-05
1734336000001,0.0001
1734364800000,-3.882e-05
1734393600000,0.0001
1734422400000,0.0001
1734451200000,0.0001
1734480000000,0.0001
1734508800000,5.666e-05
1734537600000,0.0001
1734566400000,-0.00011513
1734595200000,-0.00012769
1734624000000,0.0001
1734652800000,0.0001
1734681600001,0.0001
1734710400014,0.0001
1734739200000,0.0001
1734768000000,0.0001
1734796800001,0.0001
1734825600000,0.0001
1734854400000,0.0001
1734883200000,0.0001
1734912000000,7.295e-05
1734940800000,9.644e-05
1734969600001,1.741e-05
1734998400000,0.0001
1735027200000,0.0001
1735056000001,0.0001
1735084800001,9.092e-05
1735113600000,0.0001
1735142400000,6.536e-05
1735171200000,0.0001
1735200000000,2.971e-05
1735228800000,-7.299e-05
1735257600000,-1.714e-05
1735286400000,9.72e-06
1735315200000,0.0001
1735344000001,0.0001
1735372800000,0.0001
1735401600000,0.0001
1735430400000,0.0001
1735459200000,0.0001
1735488000000,9.068e-05
1735516800000,-8.01e-06
1735545600001,1.52e-06
1735574400000,0.0001
1735603200000,6.076e-05
1735632000000,-1.871e-05
1735660800000,0.0001
1735689600015,0.0001
1735718400000,0.0001
1735747200001,0.0001
1735776000000,0.0001
1735804800006,0.0001
1735833600000,0.0001
1735862400000,0.0001
1735891200000,0.0001
1735920000000,0.0001
1735948800000,0.0001
1735977600000,0.0001
1736006400000,0.0001
1736035200000,0.0001
1736064000000,0.0001
1736092800000,0.0001
1736121600000,0.0001
1736150400001,0.0001
1736179200000,0.0001
1736208000000,0.0001
1736236800000,0.0001
1736265600008,0.0001
1736294400001,-5.632e-05
1736323200000,0.0001
1736352000000,0.0001
1736380800000,0.0001
1736409600000,0.0001
1736438400000,2.825e-05
1736467200000,6.1e-05
1736496000000,0.0001
1736524800000,0.0001
1736553600000,0.0001
1736582400000,0.0001
1736611200000,0.0001
1736640000000,0.0001
1736668800000,0.0001
1736697600000,0.0001
1736726400000,0.0001
1736755200000,8.9e-05
1736784000000,1.443e-05
1736812800000,0.0001
1736841600000,0.0001
1736870400000,0.0001
1736899200000,0.0001
1736928000000,0.0001
1736956800000,0.0001
1736985600000,7.409e-05
1737014400000,0.0001
1737043200000,0.0001
1737072000004,0.0001
1737100800000,6.516e-05
1737129600008,-2.016e-05
1737158400000,5.376e-05
1737187200007,8.2e-05
1737216000000,6.956e-05
1737244800000,0.0001
1737273600000,0.0001
1737302400000,-1.162e-05
1737331200000,5.681e-05
1737360000009,0.0001
1737388800000,0.0001
1737417600000,0.0001
1737446400000,7.298e-05
1737475200000,7.88e-06
1737504000000,0.0001
1737532800000,0.0001
1737561600000,0.0001
1737590400001,0.0001
1737619200000,8.339e-05
1737648000000,1.281e-05
1737676800000,3.375e-05
1737705600000,0.0001
1737734400000,0.0001
1737763200000,1.509e-05
1737792000000,7.5e-06
1737820800001,0.0001
1737849600000,0.0001
1737878400000,0.0001
1737907200000,0.0001
1737936000000,4.256e-05
1737964800000,0.0001
1737993600000,-0.00010651
1738022400000,5.926e-05
1738051200000,0.0001
1738080000000,0.0001
1738108800000,0.0001
1738137600000,-3.512e-05
1738166400000,4.128e-05
1738195200000,7.139e-05
1738224000000,0.0001
1738252800000,0.0001
1738281600000,0.0001
1738310400000,0.0001
1738339200000,0.0001
1738368000000,-5.902e-05
1738396800000,0.0001
1738425600000,-7.514e-05
1738454400001,2.966e-05
1738483200000,0.0001
1738512000000,0.0001
1738540800000,8.379e-05
1738569600000,-0.00015809
1738598400000,-0.00010182
1738627200000,-3.066e-05
1738656000001,7.032e-05
1738684800000,-0.00010887
1738713600001,-1.036e-05
1738742400001,-9.31e-05
1738771200000,-6.855e-05
1738800000001,9.12e-05
1738828800001,-5.578e-05
1738857600000,0.0001
1738886400000,-4.247e-05
1738915200000,2.9e-05
1738944000000,-5.677e-05
1738972800000,3.883e-05
1739001600000,8.1e-06
1739030400000,3.058e-05
1739059200000,5.134e-05
1739088000000,-2.602e-05
1739116800000,-2.101e-05
1739145600000,-9.939e-05
1739174400000,7.919e-05
1739203200000,0.0001
1739232000000,9.43e-05
1739260800000,0.0001
1739289600000,5.368e-05
1739318400000,-8.371e-05
1739347200000,1.113e-05
1739376000001,1.842e-05
1739404800001,0.0001
1739433600000,0.0001
1739462400001,7.66e-06
1739491200000,4.872e-05
1739520000001,0.0001
1739548800000,3.943e-05
1739577600000,2.102e-05
1739606400000,8.897e-05
1739635200000,3.87e-05
1739664000000,2.79e-06
1739692800000,8.423e-05
1739721600000,-1.948e-05
1739750400000,3.24e-05
1739779200000,4.965e-05
1739808000000,-3.899e-05
1739836800000,6.878e-05
1739865600000,3.132e-05
1739894400000,1.173e-05
1739923200000,-6.042e-05
1739952000000,7.389e-05
1739980800000,-6.852e-05
1740009600000,-0.00011896
1740038400000,2.452e-05
1740067200000,5.023e-05
1740096000001,-6.897e-05
1740124800000,-2.591e-05
1740153600000,-0.00010469
1740182400000,-3.694e-05
1740211200000,-4.878e-05
1740240000000,-3.056e-05
1740268800000,-7.261e-05
1740297600000,-2.161e-05
1740326400000,1.673e-05
1740355200000,-1.128e-05
1740384000000,-2.907e-05
1740412800000,7.712e-05
1740441600000,0.0001
1740470400000,-5.202e-05
1740499200000,-8.485e-05
1740528000000,-0.00025255
1740556800000,1.957e-05
1740585600000,1.415e-05
1740614400001,4.688e-05
1740643200000,5.801e-05
1740672000000,2.033e-05
1740700800001,-6.81e-06
1740729600000,4.458e-05
1740758400000,-0.00010685
1740787200000,7.132e-05
1740816000000,-8.628e-05
1740844800001,4.266e-05
1740873600000,-3.206e-05
1740902400000,-2.393e-05
1740931200000,8.254e-05
1740960000001,0.0001
1740988800000,0.0001
1741017600000,-3.839e-05
1741046400001,2.76e-06
1741075200005,-9.67e-06
1741104000000,-2.9e-05
1741132800000,-0.00010917
1741161600000,-4.269e-05
1741190400000,-0.00013093
1741219200000,-7.54e-06
1741248000001,-4.183e-05
1741276800000,-3.99e-06
1741305600000,-8.582e-05
1741334400001,-0.00010895
1741363200000,-3.651e-05
1741392000000,-5.909e-05
1741420800001,-1.749e-05
1741449600001,-1.761e-05
1741478400001,-0.00011864
1741507200000,-1.02e-06
1741536000000,1.892e-05
1741564800000,-0.00016329
1741593600000,-3.899e-05
1741622400000,-0.00015204
1741651200000,-0.00013574
1741680000000,-7.108e-05
1741708800001,4.07e-05
1741737600000,-4.737e-05
1741766400000,-2.007e-05
1741795200001,-0.00015732
1741824000000,3.796e-05
1741852800000,-2.009e-05
1741881600000,-6.634e-05
1741910400000,-7.369e-05
1741939200000,-3.884e-05
1741968000000,4.499e-05
1741996800000,3.83e-06
1742025600000,4.939e-05
1742054400000,-7.309e-05
1742083200000,-9.409e-05
1742112000000,1.638e-05
1742140800000,1.184e-05
1742169600000,-9.44e-06
1742198400000,1.627e-05
1742227200000,-7.039e-05
1742256000000,-4.225e-05
1742284800000,-0.00017624
1742313600000,-0.0001018
1742342400000,-0.00019936
1742371200000,-4.486e-05
1742400000000,-3.043e-05
1742428800000,4.05e-05
1742457600000,4.884e-05
1742486400000,-6.205e-05
1742515200000,-1.479e-05
1742544000000,2.41e-05
1742572800000,-2.294e-05
1742601600000,-1.141e-05
1742630400004,1.407e-05
1742659200000,-0.00013436
1742688000000,-9.094e-05
1742716800000,9.832e-05
1742745600000,-6.8e-06
1742774400000,7.55e-06
1742803200000,8.766e-05
1742832000000,-8.99e-06
1742860800001,8.079e-05
1742889600000,4.816e-05
1742918400000,6.366e-05
1742947200000,3.516e-05
1742976000000,7.037e-05
1743004800001,-5.084e-05
1743033600001,-0.00017691
1743062400001,-0.00013625
1743091200002,-0.00012209
1743120000001,2.994e-05
1743148800001,-8.92e-06
1743177600000,-5.613e-05
1743206400000,-0.00018043
1743235200000,-1.932e-05
1743264000000,-7.694e-05
1743292800000,-5.931e-05
1743321600000,-0.00026293
1743350400000,-4.218e-05
1743379200000,-0.00012916
1743408000000,-0.00010085
1743436800000,-0.0001085
1743465600000,-2.398e-05
1743494400001,8.2e-07
1743523200000,-0.00010407
1743552000001,2.81e-05
1743580800000,-0.0001018
1743609600000,5.13e-05
1743638400000,-0.00028827
1743667200000,-0.0002005
1743696000000,-0.00021804
1743724800000,-0.00026931
1743753600000,-7.735e-05
1743782400000,-3.992e-05
1743811200000,8.859e-05
1743840000000,9.502e-05
1743868800000,3.181e-05
1743897600000,0.0001
1743926400000,3.668e-05
1743955200002,6.38e-06
1743984000000,-8.102e-05
1744012800000,9.773e-05
1744041600000,-0.00033013
1744070400000,-0.0002503
1744099200000,-0.00018793
1744128000000,-0.00011922
1744156800000,9.53e-05
1744185600001,-8.169e-05
1744214400000,-2.178e-05
1744243200000,4.719e-05
1744272000000,3.36e-06
1744300800000,-0.00014016
1744329600001,-0.00012751
1744358400000,8.46e-06
1744387200000,-2.867e-05
1744416000000,3.152e-05
1744444800001,3.408e-05
1744473600000,0.0001
1744502400000,7.795e-05
1744531200000,0.0001
1744560000000,6.754e-05
1744588800000,5.195e-05
1744617600000,-4.61e-06
1744646400000,-1.591e-05
1744675200000,4.35e-05
1744704000000,8.827e-05
1744732800001,-8.75e-06
1744761600000,-0.00016535
1744790400000,-9.104e-05
1744819200000,-0.00012028
1744848000001,7.093e-05
1744876800000,7.457e-05
1744905600001,-2.363e-05
1744934400000,-8.521e-05
1744963200000,-0.0001155
1744992000000,3.7e-07
1745020800000,6.705e-05
1745049600000,0.0001
1745078400000,-1.515e-05
1745107200000,7.365e-05
1745136000000,-2.124e-05
1745164800000,-0.00023819
1745193600000,2.909e-05
1745222400005,0.0001
1745251200003,0.0001
1745280000008,-0.000119
1745308800000,5.335e-05
1745337600000,0.0001
1745366400000,0.0001
1745395200002,0.0001
1745424000000,0.0001
1745452800000,0.0001
1745481600001,0.0001
1745510400001,-3.867e-05
1745539200007,6.7e-05
1745568000002,0.0001
1745596800003,1.038e-05
1745625600002,-1.474e-05
1745654400000,0.0001
1745683200002,-1.371e-05
1745712000001,-6.201e-05
1745740800000,-8.18e-06
1745769600000,0.0001
1745798400001,0.0001
1745827200003,0.0001
1745856000005,0.0001
1745884800000,-6.192e-05
1745913600000,3.832e-05
1745942400010,-1.18e-05
1745971200001,-3.119e-05
1746000000000,-2.5e-05
1746028800003,-0.00011645
1746057600000,-1.513e-05
1746086400000,0.0001
1746115200001,0.0001
1746144000000,0.0001
1746172800000,9.454e-05
1746201600003,0.0001
1746230400000,1.815e-05
1746259200000,0.0001
1746288000000,7.066e-05
1746316800001,4.231e-05
1746345600001,0.0001
1746374400002,-5.081e-05
1746403200000,-0.00010301
1746432000000,9.187e-05
1746460800006,-0.00012179
1746489600002,4.025e-05
1746518400005,2.953e-05
1746547200000,3.011e-05
1746576000002,6.854e-05
1746604800000,0.0001
1746633600006,-3.781e-05
1746662400000,6.256e-05
1746691200001,0.0001
1746720000002,0.0001
1746748800001,0.0001
1746777600006,0.0001
1746806400000,0.0001
1746835200001,0.0001
1746864000000,0.0001
1746892800001,0.0001
1746921600000,0.0001
1746950400001,0.0001
1746979200001,3.981e-05
1747008000004,9.125e-05
1747036800000,0.0001
1747065600000,0.0001
1747094400000,0.0001
1747123200008,0.0001
1747152000001,0.0001
1747180800007,0.0001
1747209600000,0.0001
1747238400002,0.0001
1747267200000,2.801e-05
1747296000003,9.429e-05
1747324800000,2.55e-06
1747353600001,8.604e-05
1747382400000,2.119e-05
1747411200000,8.012e-05
1747440000000,7.415e-05
1747468800001,6.362e-05
1747497600004,2.303e-05
1747526400000,3.27e-05
1747555200000,1.271e-05
1747584000000,-1.81e-06
1747612800000,6.695e-05
1747641600006,-2.293e-05
1747670400010,1.248e-05
1747699200000,0.0001
1747728000002,0.0001
1747756800000,-3.841e-05
1747785600000,1.786e-05
1747814400001,2.882e-05
1747843200004,7.251e-05
1747872000001,0.0001
1747900800000,0.0001
1747929600002,0.0001
1747958400006,0.0001
1747987200000,0.0001
1748016000007,8.33e-06
1748044800010,-3.398e-05
1748073600000,2.279e-05
1748102400003,0.0001
1748131200004,7.622e-05
1748160000000,-5.948e-05
1748188800000,-6.308e-05
1748217600000,4.896e-05
1748246400000,0.0001
1748275200002,0.0001
1748304000003,-5.506e-05
1748332800001,3.185e-05
1748361600005,0.0001
1748390400002,0.0001
1748419200003,4.546e-05
1748448000002,-7.08e-05
1748476800000,-6.466e-05
1748505600006,0.0001
1748534400000,0.0001
1748563200003,8.959e-05
1748592000003,2.026e-05
1748620800000,1.893e-05
1748649600000,1.57e-05
1748678400000,2.282e-05
1748707200000,6.3e-06
1748736000001,0.0001
1748764800002,-1.65e-05
1748793600000,-7.471e-05
1748822400001,4.446e-05
1748851200000,0.0001
1748880000000,-2.856e-05
1748908800000,0.0001
1748937600000,0.0001
1748966400001,0.0001
1748995200000,0.0001
1749024000000,0.0001
1749052800000,9.304e-05
1749081600016,-2.306e-05
1749110400000,9.042e-05
1749139200000,6.675e-05
1749168000002,-0.00011274
1749196800000,-3.233e-05
1749225600006,8.734e-05
1749254400000,0.0001
1749283200000,8.876e-05
1749312000002,8.217e-05
1749340800000,7.688e-05
1749369600000,7.09e-05
1749398400000,0.0001
1749427200000,0.0001
1749456000001,8.792e-05
1749484800001,-1.651e-05
1749513600000,0.0001
1749542400001,0.0001
1749571200003,-3.862e-05
1749600000000,0.0001
1749628800000,0.0001
1749657600010,0.0001
1749686400002,9.136e-05
1749715200003,5.01e-06
1749744000001,-6.39e-06
1749772800000,-2.115e-05
1749801600001,-7.715e-05
1749830400004,1.421e-05
1749859200000,5.924e-05
1749888000000,-2.518e-05
1749916800000,5.746e-05
1749945600005,7.32e-06
1749974400009,1.282e-05
1750003200000,6.472e-05
1750032000000,-1.729e-05
1750060800000,7.058e-05
1750089600003,9.077e-05
1750118400000,0.0001
1750147200006,0.0001
1750176000001,6.544e-05
1750204800001,3.29e-05
1750233600001,5.644e-05
1750262400001,-2.341e-05
1750291200005,4.308e-05
1750320000003,0.0001
1750348800000,1.495e-05
1750377600000,0.0001
1750406400002,3.559e-05
1750435200001,-1.31e-06
1750464000002,-1.019e-05
1750492800005,5.379e-05
1750521600000,2.181e-05
1750550400005,-1.237e-05
1750579200000,0.0001
1750608000003,-4.42e-06
1750636800000,-2.245e-05
1750665600004,4.191e-05
1750694400013,-4.243e-05
1750723200003,-5.895e-05
1750752000000,0.0001
1750780800000,0.0001
1750809600005,0.0001
1750838400000,0.0001
1750867200005,9.144e-05
1750896000000,7.592e-05
1750924800006,7.373e-05
1750953600007,5.095e-05
1750982400000,-6.38e-06
1751011200000,1.132e-05
1751040000009,1.03e-05
1751068800001,-2.646e-05
1751097600002,9.428e-05
1751126400000,0.0001
1751155200004,0.0001
1751184000001,6.37e-05
1751212800001,7.67e-05
1751241600000,9.488e-05
1751270400005,8.025e-05
1751299200002,3.027e-05
1751328000007,0.0001
1751356800002,0.0001
1751385600000,1.379e-05
1751414400001,-5.51e-05
1751443200000,-2.455e-05
1751472000003,2.866e-05
1751500800006,0.0001
1751529600003,0.0001
1751558400003,0.0001
1751587200005,0.0001
1751616000003,0.0001
1751644800001,6.369e-05
1751673600004,9.69e-06
1751702400009,1.442e-05
1751731200006,1.91e-05
1751760000001,9.5e-06
1751788800002,8.892e-05
1751817600004,0.0001
1751846400000,0.0001
1751875200007,0.0001
1751904000000,0.0001
1751932800010,7.104e-05
1751961600003,-4.276e-05
1751990400000,5.323e-05
1752019200002,0.0001
1752048000006,0.0001
1752076800001,0.0001
1752105600003,0.0001
1752134400000,0.0001
1752163200004,9.462e-05
1752192000004,0.0001
1752220800007,0.0001
1752249600001,0.0001
1752278400000,0.0001
1752307200001,0.0001
1752336000002,0.0001
1752364800006,0.0001
1752393600001,0.0001
1752422400003,0.0001
1752451200000,0.0001
1752480000000,0.0001
1752508800000,0.0001
1752537600002,0.0001
1752566400000,0.0001
1752595200000,0.0001
1752624000000,0.0001
1752652800000,0.0001
1752681600008,0.0001
1752710400003,0.0001
1752739200000,0.0001
1752768000000,0.0001
1752796800004,0.00033673
1752825600000,0.00030655
1752854400000,0.0001
1752883200009,0.0001
1752912000000,0.0001
1752940800002,0.0001
1752969600000,0.0001
1752998400000,0.0001
1753027200000,0.0001
1753056000001,0.0001
1753084800000,0.0001
1753113600001,0.0001
1753142400000,0.0001
1753171200010,0.0001
1753200000007,0.0001
1753228800000,0.00031378
1753257600004,0.0001
1753286400002,0.0001
1753315200000,0.0001
1753344000001,0.0001
1753372800000,0.0001
1753401600000,0.0001
1753430400000,0.0001
1753459200000,-1.445e-05
1753488000001,0.0001
1753516800005,0.0001
1753545600001,0.0001
1753574400001,0.0001
1753603200000,0.0001
1753632000008,4.171e-05
1753660800005,0.0001
1753689600000,8.326e-05
1753718400000,5.32e-05
1753747200001,-1.53e-05
1753776000000,2.035e-05
1753804800000,5.141e-05
1753833600011,2.35e-06
1753862400000,1.888e-05
1753891200008,4.007e-05
1753920000000,7.176e-05
1753948800009,0.0001
1753977600000,5.722e-05
1754006400001,-9.576e-05
1754035200003,-3.005e-05
1754064000000,0.0001
1754092800004,0.0001
1754121600000,0.0001
1754150400000,8.235e-05
1754179200000,2.223e-05
1754208000000,1.803e-05
1754236800003,6.793e-05
1754265600004,-7.03e-06
1754294400000,0.0001
1754323200002,2.284e-05
1754352000000,3.493e-05
1754380800000,0.0001
1754409600000,8.124e-05
1754438400005,4.279e-05
1754467200000,4.755e-05
1754496000000,-1.851e-05
1754524800003,5.608e-05
1754553600002,0.0001
1754582400002,0.0001
1754611200002,8.704e-05
1754640000004,0.0001
1754668800000,0.0001
1754697600005,0.0001
1754726400000,0.0001
1754755200007,0.0001
1754784000003,5.854e-05
1754812800005,6.533e-05
1754841600002,9.663e-05
1754870400000,3.886e-05
1754899200000,0.0001
1754928000000,3.456e-05
1754956800000,1.695e-05
1754985600001,7.261e-05
1755014400005,8.61e-05
1755043200000,0.0001
1755072000002,0.0001
1755100800006,0.0001
1755129600002,0.0001
1755158400003,0.0001
1755187200000,0.0001
1755216000000,-6.53e-05
1755244800000,3.207e-05
1755273600000,0.0001
1755302400004,4.05e-06
1755331200000,9.772e-05
1755360000002,0.0001
1755388800000,3.105e-05
1755417600001,9.987e-05
1755446400007,5.116e-05
1755475200000,-5.123e-05
1755504000001,-6.946e-05
1755532800002,-8.476e-05
1755561600000,0.0001
1755590400001,0.0001
1755619200000,-1.5e-07
1755648000000,5.9e-06
1755676800000,-3.092e-05
1755705600000,7.329e-05
1755734400006,6.261e-05
1755763200000,0.0001
1755792000003,5.676e-05
1755820800010,0.0001
1755849600007,5.997e-05
1755878400001,3.828e-05
1755907200004,0.0001
1755936000006,0.0001
1755964800000,0.0001
1755993600001,0.0001
1756022400002,0.0001
1756051200001,0.0001
1756080000000,0.0001
1756108800002,0.0001
1756137600002,3.85e-05
1756166400000,-5.096e-05
1756195200000,-1.8e-05
1756224000000,9.633e-05
1756252800003,0.0001
1756281600000,0.0001
1756310400009,1.623e-05
1756339200000,8.506e-05
1756368000005,0.0001
1756396800004,0.0001
1756425600000,1.259e-05
1756454400000,7.807e-05
1756483200005,6.683e-05
1756512000000,-1.899e-05
1756540800002,3.432e-05
1756569600003,-5.81e-06
1756598400016,3.458e-05
1756627200000,7.195e-05
1756656000001,0.0001
1756684800000,1.99e-05
1756713600000,9.743e-05
1756742400001,9.251e-05
1756771200000,7.178e-05
1756800000005,0.0001
1756828800007,0.0001
1756857600006,9.115e-05
1756886400002,0.0001
1756915200002,6.29e-05
1756944000002,4.218e-05
1756972800000,2.584e-05
1757001600000,2.409e-05
1757030400001,3.207e-05
1757059200006,8.936e-05
1757088000000,5.752e-05
1757116800000,9.833e-05
1757145600005,3.207e-05
1757174400000,1.238e-05
1757203200000,2.499e-05
1757232000000,0.0001
1757260800000,0.0001
1757289600007,7.22e-05
1757318400000,0.0001
1757347200000,8.967e-05
1757376000000,0.0001
1757404800000,0.0001
1757433600000,0.0001
1757462400000,4.492e-05
1757491200002,0.0001
1757520000000,0.0001
1757548800000,0.0001
1757577600000,0.0001
1757606400001,8.667e-05
1757635200002,0.0001
1757664000001,0.0001
1757692800005,4.253e-05
1757721600005,0.0001
1757750400002,0.0001
1757779200000,0.0001
1757808000006,0.0001
1757836800000,0.0001
1757865600001,6.88e-05
1757894400006,-1.61e-06
1757923200002,4.091e-05
1757952000001,3.224e-05
1757980800001,6.158e-05
1758009600000,6.359e-05
1758038400000,4.455e-05
1758067200001,5.665e-05
1758096000000,5.673e-05
1758124800003,1.004e-05
1758153600006,0.0001
1758182400002,0.0001
1758211200000,0.0001
1758240000000,0.0001
1758268800005,4.858e-05
1758297600000,-1.287e-05
1758326400000,3.418e-05
1758355200000,6.9e-06
1758384000002,-1.09e-06
1758412800000,-1.869e-05
1758441600000,5.812e-05
1758470400000,4.948e-05
1758499200005,2.229e-05
1758528000003,9.22e-06
1758556800000,-3.368e-05
1758585600000,4.134e-05
1758614400001,2.82e-05
1758643200000,5.56e-06
1758672000003,8.939e-05
1758700800001,9.026e-05
1758729600002,0.0001
1758758400000,0.0001
1758787200001,2.903e-05
1758816000000,5.451e-05
1758844800000,1.598e-05
1758873600000,5.051e-05
1758902400008,7.149e-05
1758931200000,9.602e-05
1758960000010,0.0001
1758988800003,8.346e-05
1759017600000,4.099e-05
1759046400000,7.718e-05
1759075200000,8.504e-05
1759104000000,0.0001
1759132800002,0.0001
1759161600001,9.283e-05
1759190400002,0.0001
1759219200005,0.0001
1759248000000,5.053e-05
1759276800000,0.0001
1759305600000,9.657e-05
1759334400000,9.436e-05
1759363200000,0.0001
1759392000013,4.056e-05
1759420800000,5.817e-05
1759449600006,0.0001
1759478400006,0.0001
1759507200000,4.11e-05
1759536000001,0.0001
1759564800000,0.0001
1759593600000,0.0001
1759622400000,0.0001
1759651200003,0.0001
1759680000009,0.0001
1759708800004,9.341e-05
1759737600002,7.626e-05
1759766400004,9.135e-05
1759795200000,0.0001
1759824000003,7.621e-05
1759852800000,8.38e-06
1759881600000,-2.4e-07
1759910400006,3.954e-05
1759939200002,3.718e-05
1759968000001,0.0001
1759996800000,3.375e-05
1760025600000,2.691e-05
1760054400005,1.637e-05
1760083200002,7.109e-05
1760112000014,1.196e-05
1760140800000,0.00043589
1760169600003,-0.00011128
1760198400000,-1.038e-05
1760227200004,-5.076e-05
1760256000002,-9.372e-05
1760284800000,-0.00010577
1760313600003,-5.287e-05
1760342400002,-7.601e-05
1760371200003,5.54e-05
1760400000000,0.0001
1760428800000,5.641e-05
1760457600000,-3.753e-05
1760486400006,4.48e-06
1760515200002,6.193e-05
1760544000000,-3.424e-05
1760572800000,-5.691e-05
1760601600003,-1.3e-07
1760630400002,2.874e-05
1760659200001,3.367e-05
1760688000005,6.032e-05
1760716800003,5.015e-05
1760745600000,-1.338e-05
1760774400002,-3.211e-05
1760803200001,-0.00010695
1760832000001,-2.915e-05
1760860800001,-7.444e-05
1760889600001,-5.459e-05
1760918400004,-7.309e-05
1760947200001,6.094e-05
1760976000000,9.129e-05
1761004800009,5.123e-05
1761033600000,3.755e-05
1761062400000,-4.791e-05
1761091200004,9.889e-05
1761120000000,-4.136e-05
1761148800000,-3.566e-05
1761177600000,6.738e-05
1761206400001,3.4e-05
1761235200004,4.656e-05
1761264000000,2.781e-05
1761292800000,2.821e-05
1761321600009,5.397e-05
1761350400000,9.362e-05
1761379200001,6.243e-05
1761408000001,6.532e-05
1761436800001,0.0001
1761465600001,6.796e-05
1761494400000,9.84e-06
1761523200000,0.0001
1761552000005,5.45e-05
1761580800000,0.0001
1761609600000,6.148e-05
1761638400000,7.991e-05
1761667200004,-7.39e-06
1761696000004,8.01e-06
1761724800005,2.793e-05
1761753600000,6.163e-05
1761782400004,3.056e-05
1761811200008,4.474e-05
1761840000001,1.958e-05
1761868800000,-6.577e-05
1761897600008,1.634e-05
1761926400007,5.442e-05
1761955200001,6e-07
1761984000000,-1.931e-05
1762012800000,7.1e-07
1762041600007,6.796e-05
1762070400000,9.884e-05
1762099200001,5.745e-05
1762128000000,9.17e-06
1762156800010,-3.84e-05
1762185600000,-3.586e-05
1762214400002,1.8e-05
1762243200004,9.387e-05
1762272000000,-1.817e-05
1762300800000,-2.721e-05
1762329600000,8.406e-05
1762358400004,-8.535e-05
1762387200001,-1.693e-05
1762416000000,-1.042e-05
1762444800001,-3.7e-06
1762473600005,-9.59e-05
1762502400003,-6.171e-05
1762531200005,1.913e-05
1762560000011,0.0001
1762588800015,0.0001
1762617600001,3.378e-05
1762646400004,-2.541e-05
1762675200000,9.02e-06
1762704000005,-8.163e-05
1762732800000,-3.49e-06
1762761600000,8.6e-05
1762790400003,0.0001
1762819200007,8.915e-05
1762848000000,7.682e-05
1762876800009,8.07e-06
1762905600000,2.106e-05
1762934400002,-2.154e-05
1762963200000,2.272e-05
1762992000002,-7.221e-05
1763020800000,5.822e-05
1763049600001,8.877e-05
1763078400000,-0.00015148
1763107200000,3.623e-05
1763136000001,3.547e-05
1763164800005,8.36e-06
1763193600000,-3.107e-05
1763222400001,-0.00010058
1763251200001,-6.152e-05
1763280000000,3.708e-05
1763308800000,-0.00011565
1763337600003,8.65e-06
1763366400003,7.483e-05
1763395200000,1.379e-05
1763424000002,-0.00012063
1763452800004,6.337e-05
1763481600000,5.896e-05
1763510400000,8.57e-05
1763539200000,-4.675e-05
1763568000008,-1.816e-05
1763596800000,-4.942e-05
1763625600000,0.0001
1763654400000,0.0001
1763683200001,-9.07e-05
1763712000000,0.0001
1763740800001,0.0001
1763769600004,6.16e-06
1763798400000,5.404e-05
1763827200000,-1.413e-05
1763856000000,5.36e-05
1763884800008,-1.3e-07
1763913600003,-8.027e-05
1763942400004,-9.291e-05
1763971200000,-3.225e-05
1764000000006,4.41e-05
1764028800000,7.267e-05
1764057600009,2.636e-05
1764086400007,-4.655e-05
1764115200001,-5.61e-06
1764144000001,1.773e-05
1764172800000,-8.341e-05
1764201600013,3.353e-05
1764230400000,5.416e-05
1764259200004,-8.996e-05
1764288000008,7.361e-05
1764316800000,5.779e-05
1764345600008,-2.537e-05
1764374400000,-8.432e-05
1764403200005,-9.432e-05
1764432000001,8.636e-05
1764460800003,7.76e-05
1764489600000,6.22e-06
1764518400004,-0.00014202
1764547200000,-0.00011064
1764576000004,-2.72e-05
1764604800000,2.226e-05
1764633600004,-7.74e-06
1764662400000,1.713e-05
1764691200000,-8.778e-05
1764720000000,0.0001
1764748800000,6.47e-05
1764777600005,6.376e-05
1764806400012,8.002e-05
1764835200000,0.0001
1764864000011,1.062e-05
1764892800000,-3.847e-05
1764921600000,1.197e-05
1764950400010,-2.411e-05
1764979200001,-5.742e-05
1765008000001,-5.356e-05
1765036800008,-6.754e-05
1765065600000,-8.124e-05
1765094400004,-0.00011169
1765123200000,-8.259e-05
1765152000000,-5.743e-05
1765180800000,8.587e-05
1765209600001,0.0001
1765238400001,3.594e-05
1765267200001,4.795e-05
1765296000007,3.113e-05
1765324800007,8.123e-05
1765353600002,-2.929e-05
1765382400012,1.59e-06
1765411200001,-1.5e-06
1765440000000,-0.00014002
1765468800000,-0.00011765
1765497600005,-3.993e-05
1765526400007,8.072e-05
1765555200002,2.573e-05
1765584000001,-0.0001526
1765612800006,7.359e-05
1765641600000,8.914e-05
1765670400000,5.685e-05
1765699200003,1.165e-05
1765728000005,-7.39e-05
1765756800000,-0.00015223
1765785600000,-4.765e-05
1765814400000,-0.00011362
1765843200002,-0.00029486
1765872000000,-9.984e-05
1765900800002,-5.319e-05
1765929600004,2.744e-05
1765958400000,7.358e-05
1765987200000,-1.781e-05
1766016000005,-0.00020086
1766044800007,-0.00016647
1766073600001,-8.3e-06
1766102400000,-9.021e-05
1766131200001,6.59e-06
1766160000000,9.425e-05
1766188800005,-2.79e-06
1766217600000,-1.461e-05
1766246400002,1.653e-05
1766275200000,2.141e-05
1766304000009,2.436e-05
1766332800000,-1.275e-05
1766361600000,-8.61e-06
1766390400005,4.869e-05
1766419200009,9.673e-05
1766448000000,-8.412e-05
1766476800000,8.1e-06
1766505600001,-1.748e-05
1766534400001,5.386e-05
1766563200001,-3.759e-05
1766592000000,-8.4e-06
1766620800000,7.247e-05
1766649600001,6.586e-05
1766678400005,-5.305e-05
1766707200004,-9.789e-05
1766736000001,6.872e-05
1766764800007,1.56e-06
1766793600000,-5.694e-05
1766822400000,2.064e-05
1766851200011,-5.4e-07
1766880000008,8.377e-05
1766908800000,0.0001
1766937600000,7.866e-05
1766966400016,2.448e-05
1766995200001,0.0001
1767024000000,-4.627e-05
1767052800005,-0.00014646
1767081600001,-0.0001363
1767110400003,-3.594e-05
1767139200004,3.59e-06
1767168000001,3.325e-05
1767196800001,8.036e-05
1767225600008,-0.00019048
1767254400002,-8.191e-05
1767283200001,-4.707e-05
1767312000006,8.143e-05
1767340800007,0.0001
1767369600000,0.0001
1767398400001,0.0001
1767427200000,6.927e-05
1767456000000,5.829e-05
1767484800000,5.24e-05
1767513600000,-3.229e-05
1767542400001,4.315e-05
1767571200000,7.724e-05
1767600000000,3.19e-06
1767628800000,1.898e-05
1767657600010,0.0001
1767686400000,0.0001
1767715200000,5.321e-05
1767744000001,-1.161e-05
1767772800001,0.0001
1767801600001,9.874e-05
1767830400001,9.594e-05
1767859200000,6.856e-05
1767888000000,4.946e-05
1767916800003,1.079e-05
1767945600000,-1.774e-05
1767974400001,2.423e-05
1768003200000,-6.206e-05
1768032000002,-7.87e-06
1768060800001,-5.045e-05
1768089600003,-2.01e-05
1768118400006,-1.02e-05
1768147200000,-4.528e-05
1768176000005,-0.00011215
1768204800000,-2.5e-07
1768233600000,-2.755e-05
1768262400007,-1.626e-05
1768291200009,7.547e-05
1768320000002,-3.913e-05
1768348800000,8.276e-05
1768377600001,0.0001
1768406400004,9.069e-05
1768435200000,9.679e-05
1768464000004,4.919e-05
1768492800002,-1.053e-05
1768521600000,-4.425e-05
1768550400000,-2.426e-05
1768579200001,-9.236e-05
1768608000000,9.594e-05
1768636800000,6.467e-05
1768665600002,-1.682e-05
1768694400001,8.459e-05
1768723200000,-3.204e-05
1768752000000,-7.887e-05
1768780800007,-9.26e-06
1768809600007,-0.00012712
1768838400007,-3.754e-05
1768867200005,0.0001
1768896000001,6.601e-05
1768924800009,4.764e-05
1768953600001,-1.024e-05
1768982400011,-8.942e-05
1769011200011,7.879e-05
1769040000010,4.179e-05
1769068800003,5.621e-05
1769097600005,2.02e-05
1769126400005,-2.589e-05
1769155200000,6.471e-05
1769184000011,2.999e-05
1769212800011,5.1e-06
1769241600002,1.217e-05
1769270400001,-1.266e-05
1769299200002,3.152e-05
1769328000011,2.253e-05
1769356800005,-2.867e-05
1769385600000,-0.00014795
1769414400003,3.548e-05
1769443200000,7.123e-05
1769472000002,4.54e-05
1769500800000,-1.12e-05
1769529600000,4.102e-05
1769558400000,9.479e-05
1769587200000,6.354e-05
1769616000000,3.167e-05
1769644800000,7.856e-05
1769673600009,-6.296e-05
1769702400000,-8.506e-05
1769731200008,-0.00012739
1769760000000,-0.00013698
1769788800001,-6.349e-05
1769817600000,-0.0001881
1769846400001,-0.00016098
1769875200009,-5.15e-06
1769904000001,-0.00014917
1769932800004,-4.784e-05
1769961600000,6.109e-05
1769990400000,-3.803e-05
1770019200014,4.967e-05
1770048000000,-1.124e-05
1770076800000,-1.741e-05
1770105600007,-5.456e-05
1770134400000,-3.65e-05
1770163200002,6.105e-05
1770192000007,4.654e-05
1770220800000,-2.569e-05
1770249600011,-8.43e-05
1770278400000,7.951e-05
1770307200007,-3.75e-05
1770336000000,-0.00014808
1770364800001,-0.00033516
1770393600000,-0.00044229
1770422400003,-0.00014133
1770451200000,-5.299e-05
1770480000010,1.112e-05
1770508800003,-6.23e-05
1770537600000,-8.736e-05
1770566400000,-0.00023346
1770595200002,-0.00011388
1770624000001,-9.458e-05
1770652800007,-1.156e-05
1770681600000,-9.454e-05
1770710400007,-2.408e-05
1770739200000,-0.00025661
1770768000000,-0.00016053
1770796800006,-6.033e-05
1770825600000,-3.453e-05
1770854400000,2.632e-05
1770883200001,-2.52e-06
1770912000001,-7.909e-05
1770940800007,-8.639e-05
1770969600003,-8.61e-06
1770998400005,-6.15e-06
1771027200002,-3.51e-06
1771056000004,-3.223e-05
1771084800002,-0.00011636
1771113600000,-0.00015613
1771142400002,-0.00017162
1771171200000,3.244e-05
1771200000001,-0.00010395
1771228800003,-0.00013289
1771257600000,-0.00017467
1771286400008,-3.147e-05
1771315200001,-0.00016961
1771344000002,1.898e-05
1771372800000,7.8e-07
1771401600000,2.25e-05
1771430400011,-6.561e-05
1771459200013,-2.326e-05
1771488000000,-4.123e-05
1771516800003,5.176e-05
1771545600000,2.745e-05
1771574400000,-6.986e-05
1771603200000,-7.59e-05
1771632000004,4.577e-05
1771660800000,1.049e-05
1771689600005,-2.963e-05
1771718400001,-5.915e-05
1771747200004,-4.324e-05
1771776000000,-0.00012333
1771804800001,-0.00020927
1771833600000,-0.00021254
1771862400000,5.582e-05
1771891200007,-3.328e-05
1771920000000,-0.00013612
1771948800001,-8.171e-05
1771977600001,8.326e-05
1772006400007,-3.419e-05
1772035200000,1.954e-05
1772064000000,0.0001
1772092800006,-1.3e-05
1772121600002,2.173e-05
1772150400007,-5.385e-05
1772179200000,-2.657e-05
1772208000001,-0.00015959
1772236800000,-0.00021992
1772265600000,-0.00020446
1772294400004,-0.00021653
1772323200005,-0.00013135
1772352000000,5.472e-05
1772380800002,-3.737e-05
1772409600001,-1.98e-05
1772438400007,-1.595e-05
1772467200000,-4.485e-05
1772496000000,2.442e-05
1772524800000,-2.964e-05
1772553600007,-0.0001756
1772582400001,3.719e-05
1772611200005,-1.946e-05
1772640000000,4.778e-05
1772668800000,0.0001
1772697600000,-2.01e-05
1772726400004,-2.715e-05
1772755200001,4.685e-05
1772784000001,-3.398e-05
1772812800004,-0.00012629
1772841600001,-0.00015399
1772870400012,-8.882e-05
1772899200001,-0.00013883
1772928000001,-0.00014122
1772956800000,-0.00016475
1772985600002,-0.00018592
1773014400000,-0.00014421
1773043200004,-0.00013655
1773072000003,-3.775e-05
1773100800012,-4.4e-07
1773129600002,2.127e-05
1773158400001,1.775e-05
1773187200000,-6.9e-05
1773216000007,-8.439e-05
1773244800010,-3.675e-05
1773273600000,-1.186e-05
1773302400000,-0.00021619
1773331200000,-1.613e-05
1773360000006,-1.574e-05
1773388800001,0.0001
1773417600000,9.512e-05
1773446400001,-3.777e-05
1773475200000,-4.684e-05
1773504000007,-8.856e-05
1773532800000,-9.162e-05
1773561600000,3.192e-05
1773590400000,8.806e-05
1773619200000,9.386e-05
1773648000010,0.0001
1773676800000,8.1e-07
1773705600000,3.052e-05
1773734400002,6.496e-05
1773763200011,-3.703e-05
1773792000002,1.516e-05
1773820800002,-1.504e-05
1773849600005,-2.566e-05
1773878400000,-6.332e-05
1773907200003,8.54e-05
1773936000003,0.0001
1773964800002,-4.789e-05
1773993600000,-3.629e-05
1774022400000,-3.11e-05
1774051200000,2.181e-05
1774080000000,4.19e-06
1774108800014,-4.751e-05
1774137600012,-9.004e-05
1774166400007,-3.671e-05
1774195200002,-4.342e-05
1774224000000,3.651e-05
1774252800003,5.738e-05
1774281600002,-4.575e-05
1774310400000,6.649e-05
1774339200000,1.359e-05
1774368000003,-9.75e-05
1774396800000,-9.143e-05
1774425600000,3.239e-05
1774454400013,-2.97e-05
1774483200001,-5.926e-05
1774512000001,-0.0001033
1774540800000,-0.00014672
1774569600006,-0.00017883
1774598400000,-5.512e-05
1774627200000,-2.744e-05
1774656000005,-0.0001437
1774684800005,-3.716e-05
1774713600000,-2.087e-05
1774742400003,-1.468e-05
1774771200001,-4.356e-05
1774800000000,-7.969e-05
1774828800000,-0.00014246
1774857600005,5.188e-05
1774886400000,5.111e-05
1774915200000,-7.915e-05
1774944000000,-0.00011484
1774972800000,-5.62e-06
1775001600000,5.545e-05
1775030400000,4.44e-05
1775059200000,9.84e-05
1775088000003,5.733e-05
1775116800001,-0.00011367
1775145600001,-0.00028988
1775174400000,-4.73e-05
1775203200008,3.834e-05
1775232000008,1.667e-05
1775260800000,3.096e-05
1775289600003,-2.703e-05
1775318400000,-0.00013852
1775347200008,-0.00011222
1775376000000,-0.00013713
1775404800001,-0.00015618
1775433600004,-4.9e-06
1775462400001,9.899e-05
1775491200003,5.513e-05
1775520000000,2.731e-05
1775548800000,-2.276e-05
1775577600000,-8.267e-05
1775606400000,7.749e-05
1775635200000,0.0001
1775664000006,7.67e-05
1775692800000,3.335e-05
1775721600010,-6.979e-05
1775750400001,-7.182e-05
1775779200000,6.357e-05
1775808000005,3.36e-05
1775836800000,2.35e-06
1775865600000,8.244e-05
1775894400000,-2.237e-05
1775923200003,-7.897e-05
1775952000000,7.4e-05
1775980800000,-0.00011753
1776009600000,-0.0001065
1776038400011,-7.301e-05
1776067200006,2.82e-05
1776096000000,6.98e-05
1776124800005,0.0001
1776153600003,9.735e-05
1776182400001,2.645e-05
1776211200000,4.03e-06
1776240000000,-1.847e-05
1776268800000,7.012e-05
1776297600013,0.0001
1776326400000,4.5e-07
1776355200000,1.473e-05
1776384000001,3.109e-05
1776412800011,2.322e-05
1776441600001,5.621e-05
1776470400001,8.126e-05
1776499200006,3.202e-05
1776528000000,6.2e-07
1776556800002,1.62e-05
1776585600010,2.645e-05
1776614400001,-1.392e-05
1776643200000,3.363e-05
1776672000000,-4.73e-06
1776700800001,-8.38e-06
1776729600000,-4.44e-06
1776758400004,3.948e-05
1776787200004,6.143e-05
1776816000004,2.449e-05
1776844800000,5.667e-05
1776873600000,2.052e-05
1776902400000,-2.946e-05
1776931200000,-7.586e-05
1776960000004,-2.273e-05
1776988800006,5.079e-05
1777017600000,6.46e-05
1777046400000,-1.854e-05
1777075200000,3.891e-05
1777104000002,6.95e-06
1777132800002,-3.649e-05
1777161600003,-7.642e-05
1777190400007,-1.42e-06
1777219200004,-4.286e-05
1777248000004,-3.44e-06
1777276800000,-2.6e-07
1777305600002,-5.856e-05
1777334400001,-2.145e-05
1777363200000,1.494e-05
1777392000004,4.477e-05
1777420800006,-4.312e-05
1777449600011,-1.019e-05
1777478400003,-7.685e-05
1777507200002,-3.226e-05
1777536000000,-8.6e-07
1777564800000,3.051e-05
1777593600000,-2.862e-05
1777622400005,1.498e-05
1777651200000,8.2e-07
1777680000006,2.952e-05
1777708800000,-2.51e-05
1777737600010,1.3e-06
1777766400005,4.3e-05
1777795200003,-4.992e-05
1777824000000,8.31e-05
1777852800000,4.396e-05
1777881600000,9.652e-05
1777910400003,-3.28e-05
1777939200000,-1.434e-05
1777968000011,5.154e-05
1777996800000,7.113e-05
1778025600010,6.48e-05
1778054400000,4.767e-05
1778083200002,-9.9e-07
1778112000000,-5.233e-05
1778140800000,1.6e-06
1778169600004,-5.89e-05
1778198400003,-2.807e-05
1778227200002,-9e-06
1778256000003,-3.318e-05
1778284800000,7.68e-05
1778313600001,8.976e-05
1778342400002,7.54e-05
1778371200003,1.12e-05
1778400000000,3.884e-05
1778428800000,6.689e-05
1778457600000,0.0001
1778486400000,4.703e-05
1778515200000,-1.879e-05
1778544000002,2.41e-05
1778572800008,2.648e-05
1778601600000,-2.217e-05
1778630400010,1.253e-05
1778659200003,0.0001
1778688000001,-5.79e-05
1778716800005,-5.437e-05
1778745600000,7.996e-05
1778774400000,0.0001
1778803200000,8.567e-05
1778832000016,-2.987e-05
1778860800012,-6.287e-05
1778889600005,1.523e-05
1778918400000,-1.694e-05
1778947200005,-3.918e-05
1778976000000,-7.04e-06
1779004800010,1.073e-05
1779033600009,-3.311e-05
1779062400007,-6.795e-05
1779091200002,2.7e-06
1779120000007,-5.319e-05
1779148800001,-1.098e-05
1779177600001,2.219e-05
1779206400009,-7.578e-05
1779235200001,-2.528e-05
1779264000006,4.214e-05
1779292800000,1.426e-05
1779321600001,-2.074e-05
1779350400000,5.825e-05
1779379200000,-5.371e-05
1779408000000,2.031e-05
1779436800004,-6.18e-06
1779465600001,-0.00010492
1779494400009,-3.826e-05
1779523200001,-8.488e-05
1779552000003,3.59e-06
1779580800011,-4.818e-05
1779609600008,3.251e-05
1779638400000,2.035e-05
1779667200001,-5.123e-05
1779696000001,5.352e-05
1779724800001,8.078e-05
1779753600000,-4.288e-05
1779782400003,-5.634e-05
1779811200000,3.317e-05
1779840000000,-8.198e-05
1779868800004,-6.74e-06
1779897600009,4.491e-05
1779926400001,1.37e-06
1779955200000,-0.00011609
1779984000001,-4.43e-06
1780012800000,1.263e-05
1780041600001,8.37e-05
1780070400008,-5.3e-06
1780099200000,2.343e-05
1780128000001,2.733e-05
1780156800000,1.78e-05
1780185600000,-1.878e-05
1780214400000,-3.388e-05
1780243200004,9.9e-06
1780272000001,4.472e-05
1780300800001,0.0001
1780329600000,-4.341e-05
1780358400000,4.433e-05
1780387200000,-1.397e-05
1780416000000,-1.948e-05
1780444800013,-0.00015745
1780473600000,-3.378e-05
1780502400001,5.197e-05
1780531200009,-4.372e-05
1780560000000,-1.693e-05
1780588800003,-0.00013728
1780617600000,-8.181e-05
1780646400004,-0.00011618
1780675200009,-3.183e-05
1780704000000,-1.589e-05
1780732800000,-5.612e-05
1780761600000,-4.32e-05
1780790400001,-9.526e-05
1780819200000,-0.000159
1780848000000,-8.572e-05
1780876800000,-6.122e-05
1780905600005,-1.982e-05
1780934400004,-3.083e-05
1780963200000,-6.45e-05
1780992000000,1.759e-05
1781020800001,-8.077e-05
1781049600001,-6.35e-06
1781078400011,1.337e-05
1781107200009,-1.702e-05
1781136000000,-7.816e-05
1781164800004,-1.234e-05
1781193600000,-2.752e-05
1781222400000,-3.916e-05
1781251200000,-3.242e-05
1781280000000,5.45e-05
1781308800000,-6.026e-05
1781337600007,-3.36e-05
1781366400002,-1.7e-05
1781395200005,-4.383e-05
1781424000009,-9.324e-05
1781452800000,-7.574e-05
1781481600013,-3.163e-05
1781510400013,-4.105e-05
1781539200004,-5.327e-05
1781568000000,7.603e-05
1781596800000,-3.878e-05
1781625600001,-8.3e-06
1781654400012,2.018e-05
1781683200000,-1.439e-05
1781712000000,-7.84e-06
1781740800002,-9.61e-06
1781769600000,-5.087e-05
1781798400001,-1.622e-05
1781827200005,6.346e-05
1781856000001,4.64e-05
1781884800001,-6.843e-05
1781913600001,-3.917e-05
1781942400000,-4.504e-05
1781971200001,2.09e-06
1782000000000,-8.279e-05
1782028800000,-9.91e-06
1782057600000,-7.16e-06
1782086400000,1.89e-06
1782115200000,7.29e-06
1782144000002,-4.147e-05
1782172800003,-0.00011229
1782201600005,-1.998e-05
1782230400002,-7.911e-05
1782259200005,6.87e-06
1782288000005,3.248e-05
1782316800003,-7.712e-05
1782345600000,-0.0001523
1782374400000,-3.356e-05
1782403200000,-0.00012131
1782432000010,-9.715e-05
1782460800002,-2.829e-05
1782489600000,-0.00015255
1782518400000,-0.00011229
1782547200000,-7.705e-05
1782576000009,-0.00014459
1782604800000,-0.00013963
1782633600013,-0.00013755
1782662400000,-0.00010487
1782691200006,-7.522e-05
1782720000013,2.137e-05
1782748800004,-2.077e-05
1782777600000,-3.184e-05
1782806400000,-7.562e-05
1782835200005,-9.97e-06
1782864000000,3.247e-05
1782892800000,4.61e-06
1782921600000,5.278e-05
1782950400000,-1.531e-05
1782979200000,2.495e-05
1783008000000,6.135e-05
1783036800000,2.751e-05
1783065600007,1.337e-05
1783094400000,3.244e-05
1783123200000,1.29e-05
1783152000000,1e-07
1783180800007,-2.057e-05
1783209600003,4.394e-05
1783238400001,4.065e-05
1783267200000,2.542e-05
1783296000000,-9.11e-06
1783324800000,2.252e-05
1783353600000,1.333e-05
1783382400000,4.727e-05
1783411200000,-3.439e-05
1783440000000,-4.84e-05
1783468800000,7.2e-07
1783497600000,1.35e-06
1783526400000,3.09e-06
1783555200000,4.255e-05
1783584000001,2.554e-05
1783612800001,1.575e-05
1783641600000,-4.6e-07
1783670400005,7.73e-05
1783699200005,5.961e-05
1783728000000,8.733e-05
1783756800000,4.839e-05
1783785600000,6.928e-05
1783814400000,-1.01e-06
1783843200003,5.3e-07
1783872000000,1.893e-05
1783900800000,-4.5e-07
1783929600001,-3.91e-05
1783958400004,-6.04e-05
1783987200000,-2.766e-05
1784016000002,1.36e-05
1784044800001,5.549e-05
1784073600005,7.03e-05
1784102400002,8.462e-05
1784131200000,2.785e-05
1784160000000,-1.081e-05
1784188800003,7.73e-06
1784217600002,7.935e-05
1784246400000,-6.3e-07
1784275200010,-2.412e-05
1784304000004,1.737e-05
1784332800000,4.97e-06
1784361600000,-1.003e-05
1784390400001,-2.11e-06
1784419200003,-2.213e-05
1784448000000,-2.545e-05
1784476800001,-1.68e-06
1784505600000,4.877e-05
1784534400001,-4.537e-05
1784563200004,5.088e-05
1784592000001,8.008e-05
1784620800000,1.65e-05
1784649600002,2.88e-06
1784678400000,0.0001
1784707200000,3.779e-05
1784736000001,1.53e-06
1784764800000,-3.673e-05
1784793600000,1.063e-05
1784822400000,-7.95e-06
1784851200000,5.017e-05
1784880000000,1.19e-05
1784908800008,4.14e-06
1784937600002,-3.905e-05
1784966400000,9.98e-06
1784995200000,-4.112e-05
1785024000000,-1.639e-05
1785052800002,4.517e-05
1785081600000,1.298e-05
1785110400010,8.75e-06
1785139200000,9.741e-05
1785168000001,-3.551e-05
1785196800000,-8.642e-05
1785225600000,-0.00016009
1785254400000,-5.592e-05
1785283200000,5.522e-05
1785312000002,0.0001
1785340800000,0.0001
1785369600000,5.88e-05
1785398400000,0.0001
1785427200000,0.0001
1785456000003,0.0001
1785484800000,2.246e-05
1785513600000,1.979e-05
1785542400001,5.92e-06
1785571200000,1.73e-05
1785600000000,3.103e-05
1785628800000,-4.349e-05
1785657600000,0.0001
1785686400000,0.0001
1785715200000,7.573e-05
1785744000000,8.556e-05
1785772800000,5.01e-05
1785801600004,7.174e-05
1785830400002,0.0001
1785859200000,5.086e-05
1785888000003,-9.03e-06
1785916800004,-2.482e-05
1785945600000,1.928e-05
1785974400002,2.175e-05
1786003200000,-6.991e-05
1786032000000,3.34e-05
1786060800000,-9.458e-05
1786089600000,1.83e-06
1786118400000,2.342e-05
1786147200001,1.429e-05
1786176000000,9.308e-05
1786204800002,8.001e-05
1786233600000,0.0001
1786262400005,0.0001
1786291200000,0.0001
1786320000001,9.516e-05
1786348800005,0.0001
1786377600000,3.66e-05
1786406400000,-3.071e-05
1786435200006,-6.363e-05
1786464000000,3.077e-05
1786492800001,9.357e-05
1786521600000,0.0001
1786550400000,6.092e-05
1786579200000,2.365e-05
1786608000000,4.616e-05
1786636800000,7.061e-05
1786665600000,5.438e-05
1786694400001,8.115e-05
1786723200001,5.436e-05
1786752000003,-0.00018934
1786780800002,3.471e-05
1786809600000,-1.154e-05
1786838400000,-6.752e-05
1786867200002,-3.198e-05
1786896000000,-4.883e-05
1786924800001,-0.00011978
1786953600003,9.497e-05
1786982400005,2.599e-05
1787011200006,1.307e-05
1787040000001,-7.012e-05
1787068800003,7.237e-05
1787097600000,1.79e-06
1787126400000,5.125e-05
1787155200004,5.341e-05
1787184000001,0.0001
1787212800000,0.0001
1787241600005,0.0001
1787270400004,0.0001
1787299200000,0.0001
1787328000001,0.0001
1787356800000,0.0001
1787385600000,0.0001
1787414400000,0.0001
1787443200000,0.0001
1787472000000,0.0001
1787500800006,0.0001
1787529600001,0.0001
1787558400002,0.0001
1787587200000,0.0001
1787616000001,0.0001
1787644800000,0.0001
1787673600005,8.32e-06
1787702400000,4.4e-05
1787731200005,9.339e-05
1787760000000,0.0001
1787788800000,9.886e-05
1787817600000,8.201e-05
1787846400013,-8e-07
1787875200026,-1.394e-05
1787904000000,9.43e-06
1787932800001,-5.884e-05
1787961600000,6.029e-05
1787990400000,5.009e-05
1788019200002,1.514e-05
1788048000000,-6.66e-06
1788076800000,6.688e-05
1788105600001,5.226e-05
1788134400002,-5.466e-05
1788163200002,3.624e-05
1788192000001,3.414e-05
1788220800005,8.579e-05
1788249600000,7.773e-05
1788278400000,2.577e-05
1788307200000,4.744e-05
1788336000001,0.0001
1788364800005,9.739e-05
1788393600000,0.0001
1788422400000,0.0001
1788451200000,3.496e-05
1788480000000,0.0001
1788508800000,0.0001
1788537600009,1.093e-05
1788566400000,-1.527e-05
1788595200000,-1.591e-05
1788624000001,-2.813e-05
1788652800000,1.91e-06
1788681600000,-1.969e-05
1788710400004,3.511e-05
1788739200004,6.707e-05
1788768000000,3.551e-05
1788796800003,4.441e-05
1788825600004,1.538e-05
1788854400002,4.595e-05
1788883200001,8.355e-05
1788912000005,6.71e-06
1788940800004,0.0001
1788969600002,-4.865e-05
1788998400000,-0.00011805
1789027200007,-6.53e-06
1789056000002,-5.009e-05
1789084800008,1.102e-05
1789113600000,-2.345e-05
1789142400000,6.046e-05
1789171200001,-3.199e-05
1789200000003,3.617e-05
1789228800000,6.852e-05
1789257600002,1.29e-06
1789286400000,1.661e-05
1789315200000,-8.374e-05
1789344000000,-5.053e-05
1789372800000,0.0001
1789401600000,7.511e-05
1789430400000,0.0001
1789459200005,4.435e-05
1789488000001,-2.023e-05
1789516800001,-6.337e-05
1789545600002,5.96e-06
1789574400001,2.659e-05
1789603200000,-4.879e-05
1789632000003,9.2e-06
1789660800000,-3.65e-06
1789689600003,-7.37e-05
1789718400006,9.356e-05
1789747200000,0.0001
1789776000000,0.0001
1789804800002,0.0001
1789833600000,0.0001
1789862400000,0.0001
1789891200000,0.0001
1789920000000,1.286e-05
1789948800007,0.0001
1789977600004,0.0001
1790006400002,0.0001
1790035200000,0.0001
1790064000004,0.0001
1790092800000,0.0001
1790121600000,0.0001
1790150400004,0.0001
1790179200004,8.418e-05
1790208000002,-4.943e-05
1790236800000,8.7e-07
1790265600005,-1.752e-05
1790294400002,2.116e-05
1790323200000,0.0001
1790352000002,9.73e-06
1790380800000,0.0001
1790409600001,9.528e-05
1790438400001,6.835e-05
1790467200000,1.88e-06
1790496000001,9.702e-05
1790524800000,-1.391e-05
1790553600000,2.506e-05
1790582400001,7.917e-05
1790611200001,-3.017e-05
1790640000000,5.412e-05
1790668800000,8.793e-05
1790697600000,7.493e-05
1790726400000,-2.104e-05
1790755200000,4.97e-06
1790784000002,8.468e-05
