calc_time,funding_interval_hours,last_funding_rate
1672531200000,8,2.013e-05
1672560000008,8,-0.00028905
1672588800000,8,-0.00047193
1672617600000,8,-0.00034149
1672646400008,8,-0.00044277
1672675200015,8,-0.00029766
1672704000003,8,-0.00016842
1672732800018,8,-9.305e-05
1672761600000,8,-7.06e-06
1672790400000,8,2.115e-05
1672819200016,8,3.221e-05
1672848000011,8,-3.984e-05
1672876800009,8,2.964e-05
1672905600011,8,-6.808e-05
1672934400000,8,3.625e-05
1672963200005,8,6.789e-05
1672992000001,8,-0.00011124
1673020800000,8,-0.000257
1673049600006,8,-0.00027089
1673078400017,8,7.87e-05
1673107200000,8,4.851e-05
1673136000015,8,3.809e-05
1673164800000,8,-1.688e-05
1673193600010,8,-4.731e-05
1673222400003,8,1.171e-05
1673251200000,8,8.87e-05
1673280000006,8,5.497e-05
1673308800003,8,-1.845e-05
1673337600021,8,4.195e-05
1673366400000,8,1.473e-05
1673395200011,8,-0.00013569
1673424000006,8,5.427e-05
1673452800004,8,3.287e-05
1673481600000,8,6.037e-05
1673510400000,8,-7.485e-05
1673539200000,8,9.051e-05
1673568000004,8,0.0001
1673596800000,8,0.0001
1673625600018,8,-1.064e-05
1673654400000,8,0.0001
1673683200001,8,0.0001
1673712000000,8,0.0001
1673740800010,8,0.0001
1673769600002,8,0.0001
1673798400000,8,0.0001
1673827200010,8,0.0001
1673856000007,8,0.0001
1673884800000,8,6.677e-05
1673913600004,8,0.0001
1673942400005,8,0.0001
1673971200001,8,0.0001
1674000000008,8,-0.0001927
1674028800009,8,0.0001
1674057600017,8,0.0001
1674086400000,8,-0.00030167
1674115200015,8,-0.00014035
1674144000012,8,0.0001
1674172800000,8,7.601e-05
1674201600000,8,8.635e-05
1674230400000,8,-0.00014077
1674259200013,8,0.0001
1674288000001,8,0.0001
1674316800016,8,8.287e-05
1674345600000,8,0.0001
1674374400000,8,3.317e-05
1674403200023,8,9.114e-05
1674432000014,8,0.0001
1674460800014,8,0.0001
1674489600016,8,0.0001
1674518400008,8,0.0001
1674547200008,8,0.0001
1674576000000,8,0.0001
1674604800012,8,-0.00014957
1674633600000,8,4.636e-05
1674662400010,8,4.019e-05
1674691200010,8,0.0001
1674720000003,8,0.0001
1674748800020,8,-5.071e-05
1674777600008,8,7.53e-06
1674806400000,8,0.0001
1674835200000,8,0.0001
1674864000009,8,0.0001
1674892800018,8,-0.00011755
1674921600005,8,-2.81e-05
1674950400011,8,2.416e-05
1674979200000,8,9.791e-05
1675008000008,8,4.93e-06
1675036800001,8,6.465e-05
1675065600000,8,-1.984e-05
1675094400000,8,-0.00024787
1675123200005,8,-0.00017453
1675152000000,8,0.0001
1675180800007,8,1.757e-05
1675209600013,8,0.0001
1675238400000,8,-0.00011651
1675267200012,8,1.14e-05
1675296000004,8,3.28e-06
1675324800023,8,0.0001
1675353600003,8,0.0001
1675382400010,8,0.0001
1675411200000,8,2.393e-05
1675440000000,8,9.62e-06
1675468800010,8,0.0001
1675497600000,8,-0.00027346
1675526400000,8,-6.711e-05
1675555200016,8,8.628e-05
1675584000009,8,-7.988e-05
1675612800018,8,-0.00021627
1675641600001,8,2.672e-05
1675670400000,8,-5.691e-05
1675699200012,8,-8.656e-05
1675728000004,8,-3.599e-05
1675756800011,8,5.83e-05
1675785600018,8,-0.00018227
1675814400009,8,6.929e-05
1675843200010,8,0.0001
1675872000000,8,1.133e-05
1675900800014,8,-0.00018703
1675929600006,8,-0.00018732
1675958400001,8,5.586e-05
1675987200012,8,-0.00092781
1676016000005,8,-0.00028719
1676044800020,8,-0.00033201
1676073600007,8,-0.00073628
1676102400002,8,-0.00072353
1676131200021,8,-0.00056406
1676160000004,8,-0.0005785
1676188800000,8,-0.00056007
1676217600002,8,-0.00038504
1676246400006,8,-0.00054801
1676275200008,8,-0.00076463
1676304000002,8,-0.00010496
1676332800013,8,1.099e-05
1676361600014,8,-0.00013314
1676390400016,8,-0.00028541
1676419200011,8,-0.00042631
1676448000000,8,-0.00016726
1676476800005,8,-0.00032511
1676505600019,8,0.0001
1676534400000,8,6.73e-05
1676563200001,8,0.0001
1676592000003,8,-0.0002557
1676620800016,8,3.447e-05
1676649600000,8,-0.00014675
1676678400011,8,-4e-05
1676707200000,8,0.0001
1676736000007,8,0.0001
1676764800019,8,0.0001
1676793600005,8,0.0001
1676822400003,8,0.0001
1676851200006,8,9.988e-05
1676880000008,8,0.0001
1676908800006,8,0.0001
1676937600001,8,7.708e-05
1676966400004,8,-7.241e-05
1676995200011,8,-1.9e-06
1677024000009,8,-7.905e-05
1677052800010,8,0.0001
1677081600000,8,-1.856e-05
1677110400006,8,-2.521e-05
1677139200005,8,-6.987e-05
1677168000002,8,-4.584e-05
1677196800015,8,-0.00013828
1677225600011,8,-0.00034116
1677254400014,8,-0.00046347
1677283200015,8,-0.00036097
1677312000015,8,-0.00025263
1677340800015,8,-0.00019008
1677369600007,8,-0.00017219
1677398400012,8,-0.00026509
1677427200000,8,-0.00027772
1677456000011,8,-0.00023347
1677484800003,8,-0.0002957
1677513600000,8,-0.0001062
1677542400011,8,-0.00022697
1677571200018,8,-5.984e-05
1677600000005,8,-0.00016778
1677628800016,8,-0.00024988
1677657600000,8,-3.397e-05
1677686400008,8,-0.00014514
1677715200009,8,-0.0001689
1677744000013,8,-9.295e-05
1677772800000,8,-0.00024462
1677801600000,8,-0.00013846
1677830400013,8,-0.00057293
1677859200000,8,-0.00020897
1677888000001,8,-0.00029234
1677916800008,8,-0.00017151
1677945600012,8,-0.00017463
1677974400000,8,-0.00013201
1678003200000,8,-0.00026648
1678032000015,8,-0.00014291
1678060800007,8,-0.00022328
1678089600017,8,-0.00029219
1678118400000,8,-0.00037325
1678147200009,8,-0.00038386
1678176000016,8,-0.00010738
1678204800017,8,-0.00021745
1678233600000,8,-0.00029844
1678262400014,8,-0.00039494
1678291200021,8,-0.00024985
1678320000010,8,-0.00031935
1678348800013,8,-0.00048288
1678377600002,8,-0.00021865
1678406400000,8,-0.00041792
1678435200000,8,-0.00036048
1678464000005,8,-8.162e-05
1678492800011,8,-8.473e-05
1678521600003,8,-0.00039085
1678550400011,8,-0.0003889
1678579200001,8,-0.00056991
1678608000000,8,-0.00031259
1678636800005,8,-0.00057987
1678665600010,8,-0.00051058
1678694400018,8,-0.00050754
1678723200003,8,-0.00050688
1678752000010,8,-0.00017971
1678780800009,8,-0.00026993
1678809600010,8,-0.00017152
1678838400011,8,3.777e-05
1678867200000,8,8.82e-05
1678896000012,8,-0.00024536
1678924800004,8,-0.00010462
1678953600018,8,-0.00019039
1678982400005,8,-0.00037909
1679011200017,8,-0.00051547
1679040000010,8,-0.00038833
1679068800003,8,-0.00023499
1679097600012,8,-0.00027447
1679126400000,8,-0.00011972
1679155200016,8,-0.00017779
1679184000013,8,-0.00018801
1679212800024,8,-0.00013616
1679241600000,8,-0.00028438
1679270400005,8,-0.00025516
1679299200012,8,-0.00011832
1679328000015,8,-0.00023826
1679356800006,8,-0.00060244
1679385600004,8,-0.00032223
1679414400003,8,-0.00022154
1679443200000,8,-0.00044037
1679472000003,8,-0.00022773
1679500800000,8,-0.00021507
1679529600016,8,-0.00025132
1679558400001,8,-0.00033564
1679587200013,8,-0.00011851
1679616000013,8,-0.00019512
1679644800012,8,-0.00014335
1679673600027,8,0.0001
1679702400015,8,-0.00047397
1679731200011,8,-0.00032908
1679760000011,8,-0.0002076
1679788800000,8,-0.00033367
1679817600015,8,-0.00016391
1679846400000,8,-0.00019568
1679875200019,8,-0.00051809
1679904000009,8,-0.00040207
1679932800000,8,-0.0004169
1679961600007,8,-0.00026274
1679990400000,8,-3.401e-05
1680019200013,8,5.762e-05
1680048000010,8,-5.274e-05
1680076800006,8,-6.744e-05
1680105600014,8,-0.00040864
1680134400000,8,-0.00022492
1680163200000,8,-0.00013139
1680192000006,8,-5.783e-05
1680220800003,8,-0.0002397
1680249600006,8,-0.0002587
1680278400011,8,-0.00011847
1680307200000,8,-0.00013355
1680336000000,8,-3.995e-05
1680364800018,8,5.778e-05
1680393600013,8,-8.721e-05
1680422400014,8,-0.00012874
1680451200001,8,-0.00017544
1680480000000,8,-0.00032746
1680508800013,8,-0.00010007
1680537600011,8,-6.639e-05
1680566400002,8,-7.913e-05
1680595200017,8,4.214e-05
1680624000008,8,-6.611e-05
1680652800000,8,-1.701e-05
1680681600016,8,7.976e-05
1680710400004,8,-5.36e-06
1680739200000,8,-0.00013411
1680768000011,8,-0.00010876
1680796800000,8,-9.41e-05
1680825600006,8,-0.00010251
1680854400005,8,-5.068e-05
1680883200000,8,-0.00011744
1680912000000,8,-5.468e-05
1680940800014,8,2.55e-05
1680969600018,8,-3.763e-05
1680998400013,8,-0.00014445
1681027200024,8,-2.669e-05
1681056000010,8,2.375e-05
1681084800000,8,0.0001
1681113600010,8,4.94e-05
1681142400006,8,-4.495e-05
1681171200008,8,0.0001
1681200000007,8,-1.55e-06
1681228800016,8,2.307e-05
1681257600006,8,4.012e-05
1681286400008,8,-0.00012282
1681315200014,8,8.191e-05
1681344000027,8,4.2e-05
1681372800010,8,2.445e-05
1681401600000,8,0.0001
1681430400001,8,7.312e-05
1681459200008,8,0.0001
1681488000007,8,9.255e-05
1681516800007,8,5.021e-05
1681545600007,8,0.0001
1681574400011,8,0.0001
1681603200014,8,0.0001
1681632000007,8,0.0001
1681660800002,8,9.915e-05
1681689600017,8,0.0001
1681718400006,8,7.426e-05
1681747200000,8,0.0001
1681776000013,8,-3.543e-05
1681804800017,8,0.0001
1681833600000,8,0.0001
1681862400022,8,-3.713e-05
1681891200014,8,-6.21e-05
1681920000000,8,-0.00035098
1681948800010,8,-0.00020735
1681977600012,8,-6.495e-05
1682006400012,8,-7.791e-05
1682035200009,8,-0.00014276
1682064000009,8,-6.603e-05
1682092800003,8,-0.00019424
1682121600000,8,-0.00025951
1682150400000,8,-0.00047099
1682179200016,8,-0.0002166
1682208000009,8,-0.00025342
1682236800020,8,-6.998e-05
1682265600007,8,-0.00015753
1682294400000,8,-0.00017409
1682323200008,8,-0.00018999
1682352000006,8,-0.000142
1682380800014,8,-6.892e-05
1682409600009,8,-9.545e-05
1682438400015,8,-0.00013653
1682467200015,8,-5.073e-05
1682496000013,8,-0.00014704
1682524800001,8,-0.00021361
1682553600014,8,-0.00029204
1682582400008,8,-0.00012177
1682611200005,8,0.0001
1682640000011,8,0.0001
1682668800007,8,0.0001
1682697600006,8,2.344e-05
1682726400004,8,-6.4e-07
1682755200016,8,7.726e-05
1682784000001,8,6.732e-05
1682812800008,8,0.0001
1682841600000,8,8.573e-05
1682870400010,8,7.691e-05
1682899200004,8,5.2e-07
1682928000008,8,8.59e-06
1682956800014,8,5.85e-06
1682985600015,8,5.366e-05
1683014400018,8,0.0001
1683043200000,8,0.0001
1683072000009,8,2.201e-05
1683100800003,8,7.513e-05
1683129600011,8,-0.0001024
1683158400000,8,6.54e-05
1683187200000,8,3.02e-06
1683216000011,8,-0.00011765
1683244800002,8,-0.00013945
1683273600000,8,-3.181e-05
1683302400000,8,8.063e-05
1683331200009,8,2.786e-05
1683360000000,8,0.0001
1683388800000,8,-0.00018176
1683417600000,8,-0.00011278
1683446400000,8,-2.838e-05
1683475200006,8,-7.89e-06
1683504000000,8,-0.00010583
1683532800007,8,-0.00013122
1683561600015,8,-0.00020812
1683590400015,8,-0.00030875
1683619200000,8,-0.00032058
1683648000000,8,4.71e-05
1683676800007,8,3.205e-05
1683705600003,8,0.0001
1683734400000,8,-4.253e-05
1683763200011,8,-0.00016315
1683792000000,8,-0.00013928
1683820800005,8,-3.294e-05
1683849600020,8,-3.939e-05
1683878400001,8,-2.559e-05
1683907200010,8,1.248e-05
1683936000000,8,-3.56e-05
1683964800000,8,-3.432e-05
1683993600026,8,-2.455e-05
1684022400029,8,-2.176e-05
1684051200010,8,1.554e-05
1684080000008,8,-5.533e-05
1684108800006,8,-3.484e-05
1684137600005,8,3.88e-05
1684166400008,8,-8.664e-05
1684195200021,8,-6.388e-05
1684224000000,8,-0.00012702
1684252800000,8,-0.00010193
1684281600010,8,3.947e-05
1684310400000,8,0.0001
1684339200001,8,0.0001
1684368000000,8,9.986e-05
1684396800026,8,0.0001
1684425600019,8,8.241e-05
1684454400000,8,-3.268e-05
1684483200002,8,4.504e-05
1684512000000,8,7.523e-05
1684540800005,8,3.486e-05
1684569600014,8,5.915e-05
1684598400020,8,9.614e-05
1684627200014,8,0.0001
1684656000001,8,0.0001
1684684800015,8,9.011e-05
1684713600028,8,-9.86e-06
1684742400000,8,-5.865e-05
1684771200012,8,0.0001
1684800000006,8,7.954e-05
1684828800014,8,0.0001
1684857600008,8,0.0001
1684886400000,8,0.0001
1684915200025,8,-0.00014228
1684944000008,8,-7.643e-05
1684972800000,8,-0.00016661
1685001600025,8,-0.00019901
1685030400016,8,-0.00018937
1685059200000,8,-0.00023764
1685088000024,8,-4.149e-05
1685116800012,8,-8.851e-05
1685145600012,8,-8.875e-05
1685174400018,8,-1.982e-05
1685203200008,8,-1.519e-05
1685232000017,8,-1.372e-05
1685260800015,8,-0.00013729
1685289600000,8,2.481e-05
1685318400000,8,0.0001
1685347200020,8,0.0001
1685376000011,8,0.0001
1685404800003,8,0.0001
1685433600000,8,0.0001
1685462400003,8,0.0001
1685491200013,8,0.0001
1685520000000,8,0.0001
1685548800000,8,0.0001
1685577600008,8,5.117e-05
1685606400012,8,6.807e-05
1685635200000,8,6.233e-05
1685664000000,8,1.814e-05
1685692800006,8,0.0001
1685721600012,8,0.0001
1685750400000,8,0.0001
1685779200011,8,0.0001
1685808000003,8,0.0001
1685836800000,8,0.0001
1685865600000,8,0.0001
1685894400000,8,0.0001
1685923200005,8,0.0001
1685952000000,8,0.0001
1685980800000,8,4.708e-05
1686009600000,8,-0.00037947
1686038400009,8,-6.487e-05
1686067200013,8,4.395e-05
1686096000000,8,-2.67e-05
1686124800016,8,9.275e-05
1686153600000,8,-3.714e-05
1686182400006,8,6.157e-05
1686211200000,8,3.134e-05
1686240000000,8,4.221e-05
1686268800000,8,1.11e-06
1686297600000,8,8.473e-05
1686326400000,8,2.124e-05
1686355200000,8,3.325e-05
1686384000000,8,-0.00030104
1686412800000,8,-0.00049356
1686441600001,8,-0.00031742
1686470400000,8,-0.00029991
1686499200000,8,-0.00015434
1686528000000,8,-0.00021751
1686556800000,8,-8.421e-05
1686585600001,8,1.334e-05
1686614400000,8,-6.301e-05
1686643200000,8,-7.498e-05
1686672000000,8,-7.879e-05
1686700800000,8,-8.24e-06
1686729600000,8,-3.186e-05
1686758400000,8,-3.16e-06
1686787200000,8,-0.00030605
1686816000000,8,-5.572e-05
1686844800000,8,-2.04e-06
1686873600000,8,-0.00012244
1686902400000,8,-4.153e-05
1686931200000,8,5.697e-05
1686960000000,8,1.293e-05
1686988800000,8,1.878e-05
1687017600000,8,2.871e-05
1687046400000,8,5.105e-05
1687075200000,8,-2.725e-05
1687104000000,8,6.805e-05
1687132800000,8,8.568e-05
1687161600000,8,9.042e-05
1687190400000,8,5.435e-05
1687219200001,8,-7.393e-05
1687248000000,8,9.219e-05
1687276800000,8,-6.815e-05
1687305600000,8,-0.00021526
1687334400000,8,-0.00024289
1687363200000,8,-5.217e-05
1687392000000,8,-1.997e-05
1687420800001,8,9.222e-05
1687449600000,8,-0.00013671
1687478400000,8,3.691e-05
1687507200000,8,1.351e-05
1687536000000,8,-9.557e-05
1687564800000,8,9.054e-05
1687593600000,8,-0.00067552
1687622400000,8,-0.00034985
1687651200000,8,-0.00031256
1687680000000,8,-9.86e-06
1687708800000,8,-0.00016409
1687737600000,8,-0.00037573
1687766400000,8,-6.78e-06
1687795200000,8,-7.048e-05
1687824000000,8,-0.00010314
1687852800000,8,-0.00015626
1687881600000,8,-0.00151909
1687910400000,8,-0.00079447
1687939200000,8,-0.00100152
1687968000000,8,-0.00091143
1687996800000,8,-0.00051619
1688025600000,8,-0.00045156
1688054400000,8,-0.00065601
1688083200000,8,-0.00059905
1688112000000,8,-0.00127864
1688140800001,8,-0.00163882
1688169600000,8,-0.00135529
1688198400000,8,-0.00081634
1688227200000,8,-0.0004843
1688256000000,8,-0.00023653
1688284800000,8,-0.00027131
1688313600001,8,-0.0003184
1688342400000,8,-0.00046018
1688371200000,8,-0.00056064
1688400000000,8,-0.00029704
1688428800001,8,-0.00045203
1688457600000,8,-0.00037688
1688486400000,8,-0.0003073
1688515200000,8,-9.451e-05
1688544000000,8,-9.904e-05
1688572800000,8,5.372e-05
1688601600000,8,-0.00051842
1688630400000,8,-0.00107699
1688659200000,8,-0.00058789
1688688000000,8,-0.00055319
1688716800000,8,-0.00043553
1688745600000,8,-0.00062313
1688774400000,8,-0.00053523
1688803200000,8,-0.00034397
1688832000000,8,-0.00088704
1688860800000,8,-0.00090722
1688889600000,8,-0.0003712
1688918400000,8,-0.00050907
1688947200000,8,-0.00057562
1688976000000,8,-0.00038409
1689004800000,8,-0.00017921
1689033600000,8,-7.892e-05
1689062400000,8,-0.00015562
1689091200000,8,-8.95e-05
1689120000000,8,-0.00021536
1689148800000,8,-8.447e-05
1689177600000,8,1.919e-05
1689206400000,8,-0.00020373
1689235200000,8,-0.00010436
1689264000000,8,-0.00032086
1689292800000,8,4.539e-05
1689321600000,8,4.235e-05
1689350400000,8,-5.87e-06
1689379200000,8,-0.00020556
1689408000000,8,-0.00024365
1689436800000,8,-0.00026296
1689465600001,8,-0.00026096
1689494400000,8,-0.0002947
1689523200000,8,-0.00050221
1689552000000,8,-0.00046559
1689580800000,8,-0.00015274
1689609600000,8,-7.131e-05
1689638400000,8,6.822e-05
1689667200000,8,0.0001
1689696000000,8,3.966e-05
1689724800000,8,1.271e-05
1689753600000,8,-0.00012392
1689782400001,8,-0.00018896
1689811200000,8,-7.24e-05
1689840000000,8,-5.892e-05
1689868800000,8,-5.189e-05
1689897600001,8,-7.223e-05
1689926400000,8,-1.582e-05
1689955200000,8,6.399e-05
1689984000000,8,0.0001
1690012800000,8,7.954e-05
1690041600000,8,-2.01e-06
1690070400000,8,-1.038e-05
1690099200000,8,2.8e-05
1690128000000,8,-2.577e-05
1690156800000,8,-5.964e-05
1690185600000,8,-3.589e-05
1690214400000,8,-8.646e-05
1690243200000,8,-8.348e-05
1690272000000,8,-2.934e-05
1690300800000,8,-6.298e-05
1690329600000,8,-5.578e-05
1690358400001,8,-5.744e-05
1690387200000,8,-8.256e-05
1690416000000,8,-6.874e-05
1690444800000,8,-0.00016244
1690473600001,8,-6.385e-05
1690502400000,8,7.166e-05
1690531200000,8,3.19e-06
1690560000000,8,2.557e-05
1690588800000,8,5.994e-05
1690617600000,8,0.0001
1690646400001,8,9.209e-05
1690675200000,8,0.0001
1690704000000,8,0.0001
1690732800000,8,-3.86e-05
1690761600000,8,1.81e-05
1690790400000,8,-0.00011427
1690819200001,8,-0.00024313
1690848000000,8,-4.359e-05
1690876800000,8,-3.753e-05
1690905600000,8,-6.49e-06
1690934400000,8,-8.961e-05
1690963200000,8,-1.08e-05
1690992000000,8,9.771e-05
1691020800000,8,-0.00025565
1691049600000,8,-1.219e-05
1691078400001,8,-0.00010144
1691107200000,8,-0.00108239
1691136000000,8,0.0001
1691164800000,8,1.904e-05
1691193600000,8,2.987e-05
1691222400000,8,0.0001
1691251200001,8,5.213e-05
1691280000000,8,6.648e-05
1691308800001,8,0.0001
1691337600005,8,5.879e-05
1691366400000,8,3.895e-05
1691395200000,8,-0.0008011
1691424000000,8,-0.00093583
1691452800000,8,-0.00065703
1691481600000,8,-0.00037212
1691510400000,8,-0.0009092
1691539200000,8,-0.00062412
1691568000000,8,-0.0001382
1691596800000,8,-0.00049309
1691625600001,8,-0.00018967
1691654400000,8,5.69e-06
1691683200000,8,1.606e-05
1691712000000,8,2.526e-05
1691740800000,8,-2.46e-05
1691769600000,8,-0.00012215
1691798400000,8,-9.114e-05
1691827200000,8,-6.458e-05
1691856000000,8,-4.174e-05
1691884800000,8,-4.945e-05
1691913600000,8,-0.00010438
1691942400000,8,9.95e-06
1691971200001,8,4.978e-05
1692000000000,8,3.473e-05
1692028800000,8,-2.804e-05
1692057600001,8,-0.000146
1692086400000,8,-0.00019476
1692115200000,8,-0.0006493
1692144000000,8,-0.00024926
1692172800001,8,2.308e-05
1692201600000,8,-4.53e-06
1692230400000,8,-0.00016435
1692259200000,8,-0.0002845
1692288000000,8,1.625e-05
1692316800000,8,-0.00059815
1692345600000,8,-0.00051952
1692374400000,8,-0.00038206
1692403200000,8,-0.00056266
1692432000000,8,-0.00034159
1692460800000,8,-0.00013319
1692489600000,8,-0.00013373
1692518400000,8,-0.00030936
1692547200000,8,-0.00028019
1692576000000,8,-0.000134
1692604800000,8,-0.00016538
1692633600000,8,-0.00013861
1692662400000,8,-0.00015517
1692691200000,8,-0.00022961
1692720000000,8,-0.00027436
1692748800000,8,-0.00015649
1692777600000,8,-0.00031957
1692806400000,8,-0.00045656
1692835200000,8,-0.00021682
1692864000000,8,-8.333e-05
1692892800000,8,-0.00038792
1692921600000,8,-0.00038824
1692950400000,8,-5.152e-05
1692979200000,8,-0.00010827
1693008000000,8,-6.837e-05
1693036800000,8,-0.00017041
1693065600000,8,-0.00023817
1693094400000,8,-0.0001378
1693123200000,8,-3.785e-05
1693152000000,8,-0.0001523
1693180800000,8,-4.451e-05
1693209600001,8,-3.13e-05
1693238400001,8,-0.00016536
1693267200000,8,-0.00028709
1693296000000,8,-0.00039003
1693324800000,8,-0.00060754
1693353600000,8,-0.00044445
1693382400000,8,-0.00013501
1693411200000,8,-9.57e-05
1693440000000,8,-0.00013958
1693468800000,8,-0.00029842
1693497600000,8,-0.00027817
1693526400000,8,-0.00027277
1693555200000,8,-0.00028856
1693584000001,8,-0.00023529
1693612800000,8,-0.00022589
1693641600000,8,-0.00018825
1693670400000,8,-0.00017474
1693699200000,8,-0.00026979
1693728000000,8,-0.00012017
1693756800000,8,-0.00022244
1693785600000,8,-0.00011339
1693814400000,8,-0.00023984
1693843200000,8,-0.00015982
1693872000000,8,-0.00016414
1693900800000,8,-7.911e-05
1693929600000,8,-4.652e-05
1693958400000,8,-0.00021713
1693987200000,8,-3.299e-05
1694016000001,8,-6.944e-05
1694044800000,8,-5.569e-05
1694073600000,8,-0.0001117
1694102400000,8,-2.383e-05
1694131200000,8,2.41e-05
1694160000000,8,-0.00013057
1694188800000,8,-0.00015666
1694217600000,8,-7.662e-05
1694246400000,8,-0.00010611
1694275200000,8,-8.435e-05
1694304000000,8,-0.00011824
1694332800000,8,-0.00029312
1694361600000,8,-0.00010058
1694390400000,8,-0.00012257
1694419200000,8,2.709e-05
1694448000001,8,-0.00015761
1694476800000,8,-0.00015288
1694505600000,8,-0.00024842
1694534400000,8,-0.00026859
1694563200000,8,-0.00019819
1694592000000,8,-0.0002048
1694620800000,8,-0.00022212
1694649600000,8,-0.00026428
1694678400001,8,-0.0002093
1694707200000,8,-0.00042604
1694736000000,8,-0.00021433
1694764800000,8,-0.00025192
1694793600000,8,5.75e-05
1694822400000,8,-0.00021328
1694851200000,8,-0.00020966
1694880000000,8,-0.0001003
1694908800000,8,-7.003e-05
1694937600000,8,-2.303e-05
1694966400000,8,-7.629e-05
1694995200000,8,-3.735e-05
1695024000000,8,-0.0002331
1695052800000,8,-0.0001856
1695081600000,8,-0.00017713
1695110400001,8,-0.00016051
1695139200000,8,-7.065e-05
1695168000000,8,-0.00010295
1695196800000,8,-1.706e-05
1695225600000,8,-0.00024257
1695254400001,8,-8.27e-05
1695283200000,8,-0.00015599
1695312000000,8,-0.00016268
1695340800000,8,-9.608e-05
1695369600000,8,-0.00024735
1695398400000,8,-5.375e-05
1695427200000,8,-3.203e-05
1695456000000,8,-1.091e-05
1695484800000,8,-7.393e-05
1695513600000,8,-8.613e-05
1695542400000,8,-0.00022447
1695571200000,8,-0.00016859
1695600000000,8,-9.808e-05
1695628800000,8,-4.022e-05
1695657600000,8,-0.00013185
1695686400000,8,-6.776e-05
1695715200000,8,-0.00037576
1695744000000,8,-0.00041324
1695772800000,8,-0.00018592
1695801600001,8,-0.00023401
1695830400000,8,-0.00021726
1695859200000,8,-0.00013982
1695888000000,8,-0.00013511
1695916800000,8,-6.684e-05
1695945600000,8,-0.0001601
1695974400000,8,-5.221e-05
1696003200000,8,5.52e-06
1696032000000,8,-0.00015486
1696060800000,8,-3.386e-05
1696089600000,8,-3.109e-05
1696118400000,8,1.393e-05
1696147200000,8,-9.213e-05
1696176000000,8,-8.063e-05
1696204800000,8,4.917e-05
1696233600000,8,-1.608e-05
1696262400000,8,-0.00083387
1696291200000,8,-7.933e-05
1696320000000,8,3.116e-05
1696348800000,8,1.43e-05
1696377600000,8,1.621e-05
1696406400000,8,-6.092e-05
1696435200000,8,-4.173e-05
1696464000000,8,-9.351e-05
1696492800000,8,-0.0001124
1696521600001,8,-0.00018516
1696550400000,8,5.521e-05
1696579200000,8,-3.468e-05
1696608000000,8,-2.41e-06
1696636800000,8,-2.545e-05
1696665600000,8,6.625e-05
1696694400000,8,-9.33e-06
1696723200000,8,2.675e-05
1696752000001,8,3.24e-05
1696780800000,8,-8.997e-05
1696809600000,8,2.527e-05
1696838400000,8,4.642e-05
1696867200000,8,-6.682e-05
1696896000000,8,-8.298e-05
1696924800000,8,-2.363e-05
1696953600000,8,1.933e-05
1696982400000,8,-2.478e-05
1697011200000,8,-2.622e-05
1697040000000,8,-2.042e-05
1697068800000,8,-5.71e-06
1697097600000,8,-5.702e-05
1697126400000,8,-2.77e-05
1697155200000,8,2.671e-05
1697184000000,8,-3.626e-05
1697212800000,8,-0.00016534
1697241600000,8,-0.00026615
1697270400000,8,-0.00019533
1697299200000,8,-8.701e-05
1697328000000,8,-0.00013297
1697356800000,8,-2.06e-06
1697385600000,8,-5.401e-05
1697414400000,8,-5.303e-05
1697443200000,8,-0.00017456
1697472000000,8,-0.00014075
1697500800000,8,-0.00019655
1697529600000,8,-2.66e-06
1697558400000,8,-6.466e-05
1697587200000,8,-5.253e-05
1697616000000,8,-0.00015973
1697644800000,8,-5.694e-05
1697673600000,8,-9.674e-05
1697702400001,8,-9.657e-05
1697731200000,8,-6.067e-05
1697760000000,8,-8.57e-05
1697788800005,8,-0.0001982
1697817600000,8,-4.795e-05
1697846400000,8,-0.00019524
1697875200000,8,-5.085e-05
1697904000000,8,-3.81e-06
1697932800000,8,-0.00013158
1697961600000,8,-0.00036848
1697990400000,8,-7.627e-05
1698019200000,8,7.66e-06
1698048000001,8,-6.211e-05
1698076800001,8,-0.00010908
1698105600000,8,0.0001
1698134400000,8,8.363e-05
1698163200000,8,-1.349e-05
1698192000000,8,-5.671e-05
1698220800000,8,-3.19e-05
1698249600001,8,2.351e-05
1698278400001,8,-1.61e-05
1698307200000,8,0.0001
1698336000000,8,-6.15e-05
1698364800000,8,6.397e-05
1698393600000,8,6.535e-05
1698422400000,8,0.0001
1698451200000,8,2.77e-05
1698480000001,8,-0.00012045
1698508800000,8,-0.00017017
1698537600000,8,-7.385e-05
1698566400000,8,-0.00010235
1698595200000,8,2.518e-05
1698624000000,8,-0.00016945
1698652800000,8,0.0001
1698681600000,8,0.0001
1698710400001,8,0.0001
1698739200000,8,0.0001
1698768000000,8,0.0001
1698796800000,8,0.0001
1698825600000,8,0.0001
1698854400000,8,0.0001
1698883200001,8,0.0001
1698912000000,8,0.0001
1698940800000,8,0.0001
1698969600000,8,0.0001
1698998400000,8,7.839e-05
1699027200000,8,0.0001
1699056000000,8,0.0001
1699084800000,8,0.0001
1699113600000,8,9.572e-05
1699142400000,8,0.0001
1699171200000,8,0.0001
1699200000000,8,0.0001
1699228800000,8,0.0001
1699257600001,8,0.0001
1699286400000,8,0.0001
1699315200001,8,0.0001
1699344000000,8,0.0001
1699372800000,8,0.0001
1699401600000,8,0.0001
1699430400000,8,0.0001
1699459200000,8,0.0001
1699488000000,8,0.0001
1699516800000,8,0.0001
1699545600000,8,0.0001
1699574400000,8,-0.0001647
1699603200000,8,-9.625e-05
1699632000000,8,-8.27e-06
1699660800000,8,0.0001
1699689600000,8,0.0001
1699718400000,8,0.0001
1699747200000,8,0.0001
1699776000000,8,0.0001
1699804800001,8,0.0001
1699833600000,8,0.0001
1699862400000,8,0.0001
1699891200000,8,0.0001
1699920000000,8,0.0001
1699948800000,8,0.0001
1699977600001,8,0.0001
1700006400000,8,0.0001
1700035200000,8,0.0001
1700064000000,8,0.0001
1700092800000,8,0.0001
1700121600000,8,0.0001
1700150400001,8,0.0001
1700179200000,8,0.0001
1700208000001,8,0.0001
1700236800001,8,0.0001
1700265600000,8,-2.788e-05
1700294400000,8,9.077e-05
1700323200000,8,0.0001
1700352000000,8,6.055e-05
1700380800000,8,-1.358e-05
1700409600000,8,0.0001
1700438400000,8,8.443e-05
1700467200000,8,0.0001
1700496000000,8,0.0001
1700524800000,8,0.0001
1700553600000,8,0.0001
1700582400000,8,0.0001
1700611200000,8,-1.694e-05
1700640000000,8,-0.00020952
1700668800000,8,-0.00023678
1700697600000,8,-0.00026892
1700726400000,8,-6.154e-05
1700755200001,8,2.294e-05
1700784000000,8,2.855e-05
1700812800000,8,0.0001
1700841600000,8,0.0001
1700870400000,8,7.363e-05
1700899200000,8,0.0001
1700928000000,8,0.0001
1700956800000,8,0.0001
1700985600000,8,0.0001
1701014400000,8,0.0001
1701043200000,8,0.0001
1701072000001,8,0.0001
1701100800000,8,0.0001
1701129600000,8,0.0001
1701158400000,8,0.0001
1701187200000,8,0.0001
1701216000001,8,0.0001
1701244800000,8,0.0001
1701273600000,8,0.0001
1701302400000,8,0.0001
1701331200000,8,0.0001
1701360000000,8,0.0001
1701388800000,8,0.0001
1701417600000,8,0.0001
1701446400000,8,0.0001
1701475200000,8,0.0001
1701504000000,8,0.0001
1701532800000,8,0.0001
1701561600000,8,0.0001
1701590400000,8,0.0001
1701619200000,8,0.0001
1701648000000,8,0.0001
1701676800000,8,0.00041167
1701705600000,8,0.0001
1701734400000,8,0.0001
1701763200000,8,0.0001
1701792000000,8,0.0001
1701820800000,8,0.0001
1701849600000,8,0.0001
1701878400000,8,0.0001
1701907200000,8,0.0001
1701936000000,8,0.0001
1701964800000,8,0.0001
1701993600000,8,0.0001
1702022400000,8,0.000153
1702051200000,8,0.0001
1702080000000,8,0.0001
1702108800000,8,0.00031561
1702137600000,8,0.0001571
1702166400000,8,0.00012449
1702195200000,8,0.0002984
1702224000000,8,0.0001
1702252800000,8,0.00027072
1702281600000,8,0.0001
1702310400000,8,0.0001
1702339200000,8,0.0001
1702368000000,8,0.0001
1702396800000,8,0.0001
1702425600000,8,0.0001
1702454400000,8,0.0001
1702483200001,8,0.0001
1702512000000,8,0.0001
1702540800000,8,0.0001
1702569600000,8,0.0001
1702598400000,8,0.0001
1702627200000,8,0.0001
1702656000000,8,0.0001
1702684800000,8,0.0001
1702713600000,8,0.0001
1702742400001,8,0.0001
1702771200000,8,0.0001
1702800000000,8,0.0001
1702828800000,8,0.0001
1702857600000,8,0.0001
1702886400001,8,0.0001
1702915200000,8,0.0001
1702944000000,8,0.0001
1702972800000,8,0.0001
1703001600000,8,0.0001
1703030400000,8,0.0001
1703059200000,8,0.0001
1703088000000,8,0.0001
1703116800000,8,0.0001
1703145600000,8,0.0001
1703174400000,8,0.0001
1703203200000,8,0.0001
1703232000000,8,0.0001
1703260800000,8,0.0001
1703289600000,8,0.0001
1703318400001,8,0.0001
1703347200000,8,0.0001
1703376000000,8,0.0001
1703404800000,8,0.0001
1703433600000,8,0.0001
1703462400000,8,0.0001
1703491200000,8,0.0001
1703520000000,8,0.0001
1703548800000,8,0.0001
1703577600000,8,0.0001
1703606400000,8,0.0001
1703635200000,8,0.0001
1703664000000,8,0.0001
1703692800000,8,0.0002506
1703721600000,8,0.0001
1703750400000,8,0.00019347
1703779200000,8,0.00028901
1703808000001,8,0.00025264
1703836800000,8,0.00023747
1703865600000,8,0.000339
1703894400001,8,0.00020418
1703923200000,8,0.00014939
1703952000000,8,0.00022989
1703980800000,8,0.00011944
1704009600001,8,0.0001
1704038400000,8,0.0001
1704067200000,8,0.0001
1704096000000,8,0.00010652
1704124800000,8,0.00010254
1704153600000,8,0.00043019
1704182400000,8,0.0001
1704211200000,8,0.00020978
1704240000000,8,0.0001
1704268800000,8,0.0001
1704297600000,8,-2.826e-05
1704326400000,8,-0.00027966
1704355200000,8,-8.982e-05
1704384000000,8,-4.644e-05
1704412800001,8,-9.37e-06
1704441600000,8,6.425e-05
1704470400000,8,5.24e-06
1704499200000,8,-0.00014715
1704528000000,8,-0.00012062
1704556800000,8,-8.375e-05
1704585600000,8,-0.0002334
1704614400001,8,-4.287e-05
1704643200001,8,-1.984e-05
1704672000000,8,-0.00013702
1704700800000,8,-0.00015033
1704729600000,8,-5.634e-05
1704758400001,8,-3.289e-05
1704787200000,8,5.636e-05
1704816000000,8,0.0001
1704844800000,8,0.0001
1704873600000,8,0.0001
1704902400000,8,1.514e-05
1704931200000,8,0.0001
1704960000000,8,6.628e-05
1704988800000,8,0.0001
1705017600001,8,0.0001
1705046400000,8,0.0001
1705075200000,8,7.569e-05
1705104000000,8,5.169e-05
1705132800000,8,-0.00013776
1705161600001,8,0.0001
1705190400000,8,-0.00011108
1705219200000,8,2.286e-05
1705248000001,8,0.0001
1705276800000,8,9.733e-05
1705305600000,8,0.0001
1705334400000,8,0.0001
1705363200000,8,-2.176e-05
1705392000000,8,-9.685e-05
1705420800001,8,0.0001
1705449600000,8,4.34e-05
1705478400000,8,1.31e-06
1705507200000,8,0.0001
1705536000001,8,0.0001
1705564800000,8,0.0001
1705593600000,8,0.0001
1705622400000,8,0.0001
1705651200000,8,0.0001
1705680000002,8,0.0001
1705708800000,8,-6.042e-05
1705737600003,8,0.0001
1705766400000,8,0.0001
1705795200000,8,-2.459e-05
1705824000000,8,1.546e-05
1705852800000,8,-5.369e-05
1705881600000,8,8.6e-05
1705910400000,8,1.726e-05
1705939200000,8,-8.73e-06
1705968000000,8,-0.0002215
1705996800000,8,-0.00023278
1706025600000,8,-0.00023121
1706054400000,8,-0.00025512
1706083200000,8,-0.00029661
1706112000000,8,-6.803e-05
1706140800000,8,-7.659e-05
1706169600001,8,-6.42e-06
1706198400000,8,7.787e-05
1706227200001,8,0.0001
1706256000000,8,3.338e-05
1706284800000,8,0.0001
1706313600000,8,6.911e-05
1706342400000,8,0.0001
1706371200000,8,8.722e-05
1706400000000,8,0.0001
1706428800000,8,7.172e-05
1706457600000,8,0.0001
1706486400000,8,0.0001
1706515200001,8,5.947e-05
1706544000000,8,-2.575e-05
1706572800000,8,-4.32e-05
1706601600000,8,6.726e-05
1706630400001,8,7.446e-05
1706659200000,8,2.565e-05
1706688000000,8,3.701e-05
1706716800000,8,-0.00028478
1706745600000,8,-0.00015839
1706774400000,8,6.17e-05
1706803200002,8,-7.751e-05
1706832000000,8,-3.43e-06
1706860800000,8,4.987e-05
1706889600000,8,4.216e-05
1706918400000,8,-9.125e-05
1706947200000,8,-0.00012344
1706976000001,8,-1.57e-06
1707004800000,8,-0.00010001
1707033600004,8,-2.905e-05
1707062400000,8,9.05e-06
1707091200000,8,-6.013e-05
1707120000000,8,-8.165e-05
1707148800000,8,-5.164e-05
1707177600000,8,-0.00019008
1707206400001,8,2.969e-05
1707235200000,8,4.482e-05
1707264000000,8,-3.882e-05
1707292800000,8,-0.00010326
1707321600000,8,3.397e-05
1707350400000,8,0.0001
1707379200000,8,0.0001
1707408000000,8,7.777e-05
1707436800000,8,4.285e-05
1707465600000,8,4.993e-05
1707494400001,8,4.542e-05
1707523200001,8,0.0001
1707552000000,8,0.0001
1707580800000,8,0.0001
1707609600000,8,0.0001
1707638400001,8,0.0001
1707667200000,8,-0.00010019
1707696000000,8,0.0001
1707724800000,8,0.0001
1707753600000,8,0.0001
1707782400000,8,9.274e-05
1707811200000,8,0.0001
1707840000000,8,0.0001
1707868800000,8,0.0001
1707897600000,8,0.0001
1707926400000,8,8.003e-05
1707955200000,8,8.877e-05
1707984000000,8,0.0001
1708012800000,8,0.0001
1708041600000,8,0.0001
1708070400000,8,0.0001
1708099200000,8,0.0001
1708128000000,8,0.0001
1708156800000,8,0.0001
1708185600000,8,0.0001
1708214400000,8,-1.205e-05
1708243200000,8,0.0001
1708272000000,8,0.0001
1708300800000,8,0.0001
1708329600000,8,0.0001
1708358400000,8,0.0001
1708387200000,8,0.0001
1708416000000,8,0.0001
1708444800000,8,0.0001
1708473600000,8,0.0001
1708502400000,8,0.0001
1708531200000,8,0.0001
1708560000001,8,0.0001
1708588800001,8,0.0001
1708617600000,8,0.0001
1708646400000,8,0.0001
1708675200000,8,0.0001
1708704000000,8,0.0001
1708732800000,8,0.0001
1708761600001,8,0.00020948
1708790400000,8,0.00025033
1708819200001,8,0.00017615
1708848000000,8,0.00020382
1708876800000,8,0.00027988
1708905600000,8,0.00039579
1708934400000,8,0.00031981
1708963200000,8,0.00040845
1708992000000,8,0.00057371
1709020800000,8,0.00104008
1709049600000,8,0.00039096
1709078400000,8,0.00030006
1709107200000,8,0.00032796
1709136000000,8,0.00044277
1709164800000,8,0.00025777
1709193600000,8,0.00072287
1709222400000,8,0.00042329
1709251200000,8,0.00031137
1709280000000,8,0.000401
1709308800000,8,0.00051763
1709337600000,8,0.0005843
1709366400001,8,0.00123699
1709395200000,8,0.00084004
1709424000000,8,0.00091567
1709452800000,8,0.00014515
1709481600000,8,0.00057133
1709510400000,8,0.00044757
1709539200000,8,0.00064015
1709568000000,8,0.00028897
1709596800000,8,0.00029502
1709625600000,8,0.00069975
1709654400000,8,0.00055803
1709683200000,8,0.0001
1709712000001,8,0.0001
1709740800000,8,0.0001
1709769600000,8,0.0001
1709798400000,8,0.0001
1709827200000,8,0.0001
1709856000000,8,0.0001
1709884800000,8,0.0001
1709913600000,8,0.0001
1709942400000,8,0.0001
1709971200001,8,0.0001
1710000000000,8,-0.00016911
1710028800000,8,-0.00011856
1710057600000,8,0.0001
1710086400000,8,-0.00021916
1710115200000,8,-0.00023715
1710144000000,8,9.79e-06
1710172800000,8,0.0001
1710201600000,8,0.0001
1710230400000,8,2.744e-05
1710259200000,8,-0.00067487
1710288000000,8,0.0001
1710316800001,8,0.0001
1710345600000,8,0.0001
1710374400001,8,0.0001
1710403200000,8,0.00012277
1710432000000,8,0.00016822
1710460800000,8,0.0001
1710489600000,8,0.0001
1710518400000,8,0.0001
1710547200000,8,1.23e-06
1710576000000,8,0.0001
1710604800000,8,0.0001
1710633600000,8,0.0001
1710662400000,8,0.0001
1710691200000,8,0.0001
1710720000000,8,0.0001
1710748800000,8,0.0001
1710777600001,8,0.0001
1710806400000,8,0.0001
1710835200000,8,0.0001
1710864000001,8,0.0001
1710892800000,8,0.0001
1710921600004,8,0.0001
1710950400000,8,8.37e-05
1710979200000,8,0.0001
1711008000000,8,5.361e-05
1711036800000,8,0.0001
1711065600000,8,0.0001
1711094400000,8,0.0001
1711123200000,8,-0.00025746
1711152000000,8,0.0001
1711180800000,8,0.0001
1711209600000,8,0.0001
1711238400000,8,0.00031114
1711267200000,8,0.0001
1711296000000,8,0.00015569
1711324800000,8,0.00012706
1711353600001,8,0.00019614
1711382400000,8,0.00034991
1711411200000,8,0.0004465
1711440000000,8,0.00023223
1711468800000,8,0.00036473
1711497600000,8,0.00042329
1711526400001,8,0.00057695
1711555200000,8,0.00080497
1711584000000,8,0.00065204
1711612800000,8,0.00061072
1711641600000,8,0.00055841
1711670400000,8,0.00054574
1711699200000,8,0.00069403
1711728000000,8,0.00071803
1711756800000,8,0.00056562
1711785600000,8,0.00044756
1711814400000,8,0.00069908
1711843200000,8,0.0006532
1711872000000,8,0.00058908
1711900800001,8,0.0006703
1711929600000,8,0.00103245
1711958400000,8,0.00071042
1711987200000,8,0.00035031
1712016000007,8,0.00018277
1712044800015,8,0.00024838
1712073600000,8,0.00021378
1712102400000,8,0.0002202
1712131200000,8,0.0001
1712160000000,8,0.0001
1712188800000,8,0.0001
1712217600000,8,0.00032087
1712246400000,8,0.0001
1712275200000,8,0.0001
1712304000000,8,0.00012634
1712332800000,8,0.000141
1712361600000,8,0.00012001
1712390400000,8,0.0001
1712419200000,8,0.0001
1712448000000,8,0.0001
1712476800000,8,0.0001
1712505600000,8,0.0001
1712534400001,8,0.0001
1712563200000,8,0.0001
1712592000006,8,0.0001
1712620800000,8,0.0001
1712649600001,8,0.0001
1712678400001,8,0.0001
1712707200000,8,0.0001
1712736000001,8,-0.00088788
1712764800000,8,-0.00068206
1712793600000,8,-0.00053329
1712822400000,8,-0.00014759
1712851200000,8,-2.331e-05
1712880000000,8,-7.836e-05
1712908800001,8,9.99e-06
1712937600000,8,0.0001
1712966400000,8,-6.694e-05
1712995200000,8,5.302e-05
1713024000001,8,5.512e-05
1713052800000,8,-0.00062882
1713081600000,8,-8.672e-05
1713110400000,8,-5.981e-05
1713139200000,8,-0.00046538
1713168000001,8,-0.00045407
1713196800000,8,-0.00035744
1713225600001,8,-0.00055568
1713254400000,8,-4.154e-05
1713283200000,8,-0.00023313
1713312000000,8,-0.00061283
1713340800000,8,-0.00028575
1713369600000,8,-7.751e-05
1713398400000,8,-0.00023605
1713427200000,8,-0.00015371
1713456000000,8,-0.00034891
1713484800001,8,-0.00039144
1713513600000,8,-0.00010944
1713542400000,8,-0.00013017
1713571200000,8,-0.00027228
1713600000000,8,-0.00033215
1713628800000,8,-0.00023243
1713657600000,8,-0.00031095
1713686400000,8,-0.00030206
1713715200000,8,-0.00018003
1713744000000,8,-0.00022423
1713772800000,8,-0.00039742
1713801600000,8,-0.00019813
1713830400000,8,-0.00024264
1713859200000,8,-0.00018198
1713888000001,8,-0.00023934
1713916800000,8,-0.00028544
1713945600000,8,-0.00026388
1713974400000,8,-0.0002333
1714003200000,8,-0.00024833
1714032000000,8,-0.00016504
1714060800010,8,-4.275e-05
1714089600001,8,-0.00020616
1714118400000,8,-0.0001148
1714147200000,8,-0.00014834
1714176000000,8,-0.00012943
1714204800001,8,-9.638e-05
1714233600000,8,-0.00015639
1714262400000,8,-0.00017478
1714291200000,8,-7.905e-05
1714320000000,8,-2.983e-05
1714348800000,8,-0.00010235
1714377600000,8,-0.00014903
1714406400000,8,-0.00010585
1714435200000,8,-0.0001425
1714464000000,8,-0.00010425
1714492800000,8,-6.908e-05
1714521600000,8,-0.00028846
1714550400000,8,-2.701e-05
1714579200000,8,-0.00014383
1714608000000,8,-0.00018829
1714636800000,8,-2.345e-05
1714665600002,8,-0.00018402
1714694400000,8,-0.00018321
1714723200000,8,-0.00016875
1714752000000,8,-0.00016468
1714780800000,8,-0.00030629
1714809600000,8,-0.00053966
1714838400000,8,-0.00043915
1714867200000,8,-0.00040163
1714896000000,8,-0.00014917
1714924800000,8,-0.00019067
1714953600000,8,-0.00021048
1714982400000,8,-0.00031564
1715011200000,8,-7.061e-05
1715040000000,8,-0.00017337
1715068800000,8,-7.51e-05
1715097600000,8,-7.788e-05
1715126400000,8,-0.0002005
1715155200000,8,-6.539e-05
1715184000000,8,-8.536e-05
1715212800000,8,-3.541e-05
1715241600000,8,-0.00020446
1715270400000,8,-0.0001648
1715299200000,8,-0.00022277
1715328000000,8,-5.26e-05
1715356800000,8,-0.00013216
1715385600000,8,-0.00027144
1715414400000,8,-8.462e-05
1715443200000,8,-8.119e-05
1715472000000,8,-0.00016475
1715500800000,8,-9.298e-05
1715529600000,8,-9.171e-05
1715558400001,8,-0.00019586
1715587200001,8,-1.471e-05
1715616000000,8,-9.018e-05
1715644800000,8,1.21e-05
1715673600000,8,-2.453e-05
1715702400000,8,-8.234e-05
1715731200000,8,-0.0001423
1715760000000,8,-0.00016902
1715788800000,8,-0.00020053
1715817600004,8,-0.00013939
1715846400000,8,-9.505e-05
1715875200000,8,-9.653e-05
1715904000000,8,-0.00018494
1715932800000,8,-0.00012113
1715961600000,8,-4.659e-05
1715990400000,8,-7.967e-05
1716019200000,8,8.16e-06
1716048000000,8,-0.00010077
1716076800000,8,-0.00011052
1716105600000,8,-3.659e-05
1716134400000,8,-0.00013424
1716163200000,8,-3.88e-05
1716192000000,8,-0.00023332
1716220800003,8,-0.00017624
1716249600000,8,-6.512e-05
1716278400001,8,2.294e-05
1716307200000,8,-0.00051723
1716336000000,8,-0.00013231
1716364800000,8,-4.897e-05
1716393600000,8,-8.466e-05
1716422400000,8,-6e-05
1716451200000,8,9.707e-05
1716480000000,8,3.338e-05
1716508800000,8,-7.406e-05
1716537600000,8,1.836e-05
1716566400000,8,-5.779e-05
1716595200000,8,-3.917e-05
1716624000000,8,-3.722e-05
1716652800000,8,-5.381e-05
1716681600000,8,-8.007e-05
1716710400000,8,-2.659e-05
1716739200000,8,-8.074e-05
1716768000000,8,-7.198e-05
1716796800000,8,3.172e-05
1716825600000,8,0.0001
1716854400000,8,0.0001
1716883200000,8,-0.00030867
1716912000000,8,-0.00017011
1716940800001,8,-0.00047716
1716969600000,8,-2.136e-05
1716998400000,8,0.0001
1717027200000,8,0.0001
1717056000000,8,0.0001
1717084800000,8,0.0001
1717113600000,8,3.77e-05
1717142400000,8,-2.85e-06
1717171200000,8,5.169e-05
1717200000000,8,-5.998e-05
1717228800000,8,0.0001
1717257600001,8,0.0001
1717286400000,8,0.0001
1717315200000,8,8.065e-05
1717344000000,8,0.0001
1717372800000,8,3.529e-05
1717401600000,8,2.135e-05
1717430400000,8,-8.08e-06
1717459200000,8,-9.646e-05
1717488000000,8,-3.528e-05
1717516800000,8,0.0001
1717545600000,8,0.0001
1717574400000,8,0.0001
1717603200000,8,7.79e-05
1717632000000,8,0.0001
1717660800008,8,0.0001
1717689600000,8,0.0001
1717718400000,8,0.0001
1717747200000,8,0.0001
1717776000000,8,0.0001
1717804800000,8,1.97e-05
1717833600000,8,0.0001
1717862400000,8,-0.00030005
1717891200000,8,-5.045e-05
1717920000000,8,-2.95e-06
1717948800001,8,-0.00023425
1717977600000,8,-1.805e-05
1718006400000,8,3.285e-05
1718035200001,8,-8.039e-05
1718064000001,8,9.304e-05
1718092800000,8,-5.903e-05
1718121600000,8,-0.00018568
1718150400000,8,-0.00031766
1718179200000,8,-3.392e-05
1718208000000,8,-0.00019009
1718236800000,8,9.789e-05
1718265600001,8,-1.25e-06
1718294400000,8,-0.00011506
1718323200000,8,7.375e-05
1718352000000,8,-0.00013798
1718380800000,8,-9.048e-05
1718409600000,8,-0.00020766
1718438400000,8,-0.00014746
1718467200000,8,-0.00011673
1718496000001,8,3.303e-05
1718524800000,8,4.27e-06
1718553600000,8,-8.598e-05
1718582400000,8,-5.958e-05
1718611200000,8,6.487e-05
1718640000000,8,-4.578e-05
1718668800000,8,1.549e-05
1718697600000,8,-8.819e-05
1718726400000,8,-7.459e-05
1718755200001,8,-5.141e-05
1718784000001,8,5.249e-05
1718812800000,8,0.0001
1718841600000,8,2.948e-05
1718870400000,8,-7.61e-06
1718899200000,8,-6.399e-05
1718928000000,8,-5.872e-05
1718956800000,8,1.886e-05
1718985600000,8,6.559e-05
1719014400000,8,2.999e-05
1719043200000,8,-2.2e-06
1719072000000,8,-2.962e-05
1719100800000,8,4.86e-05
1719129600000,8,-6.204e-05
1719158400000,8,-1.294e-05
1719187200002,8,-0.00012738
1719216000000,8,1.187e-05
1719244800000,8,-0.00039735
1719273600000,8,-0.00053131
1719302400000,8,8.289e-05
1719331200000,8,0.0001
1719360000002,8,0.0001
1719388800000,8,-0.00025208
1719417600000,8,-0.00026045
1719446400000,8,-0.00035633
1719475200001,8,-0.00010954
1719504000000,8,0.0001
1719532800000,8,0.0001
1719561600000,8,0.0001
1719590400000,8,0.0001
1719619200001,8,-6.51e-05
1719648000000,8,-2.505e-05
1719676800000,8,-8.641e-05
1719705600000,8,-4.041e-05
1719734400000,8,-2.564e-05
1719763200000,8,0.0001
1719792000000,8,0.0001
1719820800000,8,-7.681e-05
1719849600001,8,-2.187e-05
1719878400000,8,-8.395e-05
1719907200000,8,5.955e-05
1719936000000,8,8.329e-05
1719964800000,8,7.394e-05
1719993600001,8,8.99e-06
1720022400000,8,8.98e-05
1720051200000,8,0.0001
1720080000000,8,3.662e-05
1720108800000,8,7.013e-05
1720137600000,8,-0.0002032
1720166400000,8,-0.00023185
1720195200000,8,-0.00034457
1720224000000,8,-0.00027176
1720252800000,8,-0.00012297
1720281600000,8,-0.00027865
1720310400001,8,-0.00017304
1720339200000,8,-4.623e-05
1720368000000,8,-0.00024868
1720396800000,8,-0.00039005
1720425600000,8,-0.0001438
1720454400000,8,-0.00013685
1720483200000,8,-0.00019567
1720512000001,8,-0.00017275
1720540800000,8,-2.86e-05
1720569600000,8,-6.924e-05
1720598400000,8,-3.808e-05
1720627200000,8,2.94e-05
1720656000002,8,-0.00017369
1720684800002,8,-1.748e-05
1720713600004,8,8.148e-05
1720742400000,8,4.902e-05
1720771200000,8,-4.666e-05
1720800000000,8,5.94e-05
1720828800000,8,-2.679e-05
1720857600000,8,8.615e-05
1720886400000,8,-6.687e-05
1720915200000,8,-0.00027918
1720944000000,8,-0.00022771
1720972800000,8,-0.00029905
1721001600000,8,-0.00033891
1721030400000,8,-0.00037794
1721059200000,8,-0.00020308
1721088000000,8,-0.0002712
1721116800000,8,-0.00025493
1721145600000,8,-0.00032959
1721174400000,8,-0.00040657
1721203200001,8,-0.00021904
1721232000000,8,-0.00036102
1721260800000,8,-0.00032385
1721289600000,8,-0.00015524
1721318400000,8,-6.2e-05
1721347200000,8,-5.729e-05
1721376000000,8,-0.00010477
1721404800000,8,-8.05e-05
1721433600001,8,-0.00011009
1721462400000,8,-6.416e-05
1721491200000,8,-5.329e-05
1721520000000,8,-0.00011968
1721548800000,8,-4.202e-05
1721577600000,8,-0.00010506
1721606400000,8,-4.946e-05
1721635200000,8,-5.396e-05
1721664000000,8,-0.00015692
1721692800000,8,-0.00010912
1721721600000,8,-0.00035114
1721750400000,8,-0.00024693
1721779200000,8,-0.00026014
1721808000000,8,-0.00014948
1721836800000,8,-0.00014815
1721865600000,8,-0.0001241
1721894400000,8,-9.814e-05
1721923200000,8,-3.045e-05
1721952000000,8,-0.0001081
1721980800000,8,-1.997e-05
1722009600000,8,6.42e-06
1722038400000,8,-4.23e-05
1722067200000,8,-4.024e-05
1722096000000,8,3.238e-05
1722124800000,8,6.305e-05
1722153600000,8,-1.489e-05
1722182400001,8,-8.986e-05
1722211200001,8,8.14e-06
1722240000000,8,-0.00011753
1722268800001,8,-7.544e-05
1722297600000,8,-1.483e-05
1722326400001,8,7.665e-05
1722355200000,8,4.127e-05
1722384000000,8,0.0001
1722412800000,8,3.124e-05
1722441600000,8,-3.159e-05
1722470400000,8,6.975e-05
1722499200000,8,5.932e-05
1722528000000,8,4.75e-06
1722556800000,8,-0.00011213
1722585600001,8,6.519e-05
1722614400000,8,-0.00017202
1722643200000,8,0.0001
1722672000000,8,-0.0001179
1722700800001,8,-0.00014462
1722729600000,8,-0.00025122
1722758400000,8,-0.0001062
1722787200000,8,-0.0003105
1722816000000,8,-0.00022552
1722844800000,8,-0.00042121
1722873600000,8,-0.00024435
1722902400000,8,-0.00064912
1722931200000,8,-0.00064068
1722960000000,8,-0.00053897
1722988800000,8,-0.00055137
1723017600001,8,-0.00047939
1723046400000,8,-0.0005603
1723075200001,8,-0.00033182
1723104000000,8,-0.00021347
1723132800000,8,-0.0002442
1723161600000,8,-0.00021045
1723190400000,8,-0.00033908
1723219200000,8,-0.00010318
1723248000000,8,-0.00021546
1723276800000,8,-0.000377
1723305600000,8,-0.00019954
1723334400000,8,-0.0003382
1723363200000,8,-0.00034768
1723392000001,8,-0.00013423
1723420800000,8,6.577e-05
1723449600000,8,-0.000145
1723478400000,8,-5.115e-05
1723507200000,8,-0.00022326
1723536000000,8,-0.00020844
1723564800000,8,-0.0001262
1723593600000,8,-6.3e-05
1723622400000,8,5.047e-05
1723651200000,8,-0.00032475
1723680000000,8,1.713e-05
1723708800000,8,0.0001
1723737600000,8,-5.17e-05
1723766400000,8,-0.0001044
1723795200000,8,-0.00011907
1723824000000,8,-0.00018741
1723852800000,8,-0.00012072
1723881600000,8,-0.0001921
1723910400000,8,-7.06e-06
1723939200000,8,-6.235e-05
1723968000000,8,-0.00016324
1723996800000,8,-0.00026695
1724025600000,8,-0.00026283
1724054400000,8,-0.00036268
1724083200002,8,-6.946e-05
1724112000000,8,-0.00010383
1724140800000,8,3.779e-05
1724169600001,8,-6.22e-05
1724198400001,8,-0.00023223
1724227200000,8,-0.00011426
1724256000001,8,-2.465e-05
1724284800000,8,-4.674e-05
1724313600000,8,-3.685e-05
1724342400008,8,-5.998e-05
1724371200000,8,-9.899e-05
1724400000000,8,-0.00011034
1724428800000,8,-0.00012615
1724457600000,8,-0.00016613
1724486400005,8,-0.00033033
1724515200000,8,-0.00035175
1724544000000,8,-0.00030127
1724572800000,8,-0.00026444
1724601600000,8,-0.00018561
1724630400000,8,-0.0001771
1724659200001,8,-0.00012006
1724688000000,8,-0.00016569
1724716800001,8,-0.00019248
1724745600000,8,-0.00035987
1724774400000,8,-5.487e-05
1724803200000,8,-0.00033014
1724832000000,8,-0.00034865
1724860800001,8,-0.00028561
1724889600000,8,-0.00029433
1724918400001,8,-0.00024975
1724947200000,8,-0.00025648
1724976000000,8,-0.00015796
1725004800000,8,-7.158e-05
1725033600000,8,-0.00012387
1725062400000,8,-7.211e-05
1725091200000,8,-0.00012438
1725120000000,8,-0.00011133
1725148800000,8,-0.00021509
1725177600001,8,-0.00015828
1725206400000,8,-0.0001675
1725235200001,8,-0.00019415
1725264000001,8,-0.00016372
1725292800000,8,5.72e-06
1725321600000,8,-5.109e-05
1725350400001,8,-5.641e-05
1725379200000,8,-0.00015524
1725408000000,8,-0.00017345
1725436800000,8,-0.00022431
1725465600000,8,-9.205e-05
1725494400000,8,-5.26e-05
1725523200000,8,-1.322e-05
1725552000005,8,-9.445e-05
1725580800000,8,-0.00042199
1725609600001,8,-9.598e-05
1725638400000,8,-7.859e-05
1725667200000,8,-0.00016773
1725696000000,8,-0.00019924
1725724800000,8,-0.00030426
1725753600000,8,-0.00012494
1725782400000,8,-0.00035164
1725811200000,8,-0.00020757
1725840000000,8,-0.00017749
1725868800000,8,-0.00017853
1725897600001,8,-0.00026635
1725926400000,8,-4.299e-05
1725955200000,8,-8.971e-05
1725984000000,8,1.761e-05
1726012800000,8,-2.062e-05
1726041600000,8,-4.685e-05
1726070400000,8,-5.224e-05
1726099200000,8,-3.9e-07
1726128000000,8,-8.743e-05
1726156800000,8,-4.977e-05
1726185600000,8,-4.71e-05
1726214400001,8,-7.79e-05
1726243200001,8,-0.00012675
1726272000000,8,-0.00028851
1726300800000,8,-0.00023311
1726329600001,8,-0.00033323
1726358400000,8,-0.00024337
1726387200000,8,-0.00036666
1726416000000,8,-0.00022679
1726444800000,8,-6.704e-05
1726473600001,8,-0.00012872
1726502400000,8,-0.00011977
1726531200001,8,-8.68e-06
1726560000000,8,-0.00014484
1726588800000,8,-5.969e-05
1726617600000,8,-0.00023534
1726646400000,8,-0.00033238
1726675200004,8,-7.716e-05
1726704000000,8,-4.89e-05
1726732800000,8,0.0001
1726761600001,8,-3.778e-05
1726790400000,8,6.552e-05
1726819200001,8,-0.00014068
1726848000000,8,-0.00014157
1726876800001,8,-7.93e-06
1726905600000,8,-8.201e-05
1726934400000,8,3.41e-05
1726963200000,8,-5.312e-05
1726992000000,8,-8.88e-06
1727020800000,8,7.788e-05
1727049600000,8,-0.00015015
1727078400000,8,-4.757e-05
1727107200000,8,-0.00015392
1727136000000,8,-0.00017852
1727164800000,8,2.153e-05
1727193600001,8,3.766e-05
1727222400000,8,4.643e-05
1727251200003,8,-0.00012731
1727280000000,8,-6.81e-06
1727308800005,8,-0.00021727
1727337600000,8,1.836e-05
1727366400000,8,-0.00011859
1727395200000,8,0.0001
1727424000000,8,-0.00014461
1727452800000,8,-6.198e-05
1727481600000,8,-3.55e-06
1727510400001,8,7.521e-05
1727539200000,8,2.903e-05
1727568000001,8,7.071e-05
1727596800000,8,6.933e-05
1727625600000,8,-2.123e-05
1727654400000,8,-6.236e-05
1727683200001,8,4.779e-05
1727712000000,8,1.726e-05
1727740800000,8,-5.662e-05
1727769600000,8,-8.841e-05
1727798400001,8,-0.00011986
1727827200000,8,-0.0003049
1727856000000,8,-0.00015616
1727884800000,8,-0.00027764
1727913600000,8,-0.00040479
1727942400000,8,-0.0003387
1727971200000,8,-9.735e-05
1728000000000,8,-3.3e-05
1728028800000,8,-0.0002908
1728057600001,8,-0.00043107
1728086400000,8,-0.00025814
1728115200000,8,-0.00021649
1728144000000,8,-0.00016039
1728172800000,8,-0.00019761
1728201600001,8,-0.00026047
1728230400000,8,-0.00027967
1728259200000,8,-0.00026172
1728288000000,8,-7.66e-05
1728316800001,8,-0.00026479
1728345600000,8,1.255e-05
1728374400000,8,-5.388e-05
1728403200000,8,3.426e-05
1728432000000,8,-2.65e-05
1728460800000,8,-7.858e-05
1728489600000,8,-1.145e-05
1728518400000,8,4.721e-05
1728547200000,8,1.993e-05
1728576000000,8,4.957e-05
1728604800000,8,-2.971e-05
1728633600000,8,-9.136e-05
1728662400001,8,-0.00015664
1728691200000,8,-0.00023914
1728720000001,8,-7.208e-05
1728748800000,8,-7.63e-06
1728777600000,8,-4.28e-05
1728806400000,8,-1.675e-05
1728835200000,8,-0.00011565
1728864000000,8,-0.00021606
1728892800000,8,-8.095e-05
1728921600000,8,0.0001
1728950400000,8,0.0001
1728979200000,8,0.0001
1729008000000,8,9.687e-05
1729036800000,8,-0.00026667
1729065600001,8,2.411e-05
1729094400000,8,1.066e-05
1729123200000,8,-6.037e-05
1729152000000,8,8.959e-05
1729180800001,8,4.604e-05
1729209600010,8,-6.3e-07
1729238400001,8,3.921e-05
1729267200000,8,-0.00014713
1729296000000,8,-0.00046222
1729324800000,8,-0.00012191
1729353600000,8,-9.552e-05
1729382400000,8,-8.417e-05
1729411200000,8,0.0001
1729440000000,8,0.0001
1729468800000,8,0.0001
1729497600000,8,0.0001
1729526400000,8,0.0001
1729555200000,8,0.0001
1729584000000,8,0.0001
1729612800000,8,0.0001
1729641600000,8,-3.689e-05
1729670400000,8,0.0001
1729699200000,8,0.0001
1729728000000,8,5.625e-05
1729756800000,8,-0.00024936
1729785600000,8,-6.2e-07
1729814400000,8,0.0001
1729843200000,8,0.0001
1729872000000,8,2.553e-05
1729900800000,8,-1.52e-05
1729929600001,8,-0.00024028
1729958400000,8,-3.051e-05
1729987200000,8,-0.00017568
1730016000000,8,-0.00020709
1730044800000,8,-0.00017024
1730073600000,8,-0.00027619
1730102400001,8,-5.025e-05
1730131200000,8,-1.6e-06
1730160000000,8,0.0001
1730188800000,8,0.0001
1730217600004,8,0.0001
1730246400000,8,0.0001
1730275200000,8,0.0001
1730304000013,8,1.382e-05
1730332800000,8,-5.17e-05
1730361600000,8,0.0001
1730390400000,8,0.0001
1730419200000,8,8.413e-05
1730448000000,8,-0.00023238
1730476800000,8,-0.00025193
1730505600000,8,1.083e-05
1730534400000,8,2.61e-05
1730563200000,8,-0.00019187
1730592000000,8,-3.882e-05
1730620800000,8,7.465e-05
1730649600000,8,-0.00012838
1730678400000,8,-0.00022315
1730707200000,8,-0.00034867
1730736000000,8,-0.00018776
1730764800000,8,-0.00023627
1730793600003,8,-0.00023023
1730822400001,8,-9.586e-05
1730851200000,8,-0.00020519
1730880000000,8,0.0001
1730908800000,8,0.0001
1730937600000,8,0.0001
1730966400000,8,0.0001
1730995200000,8,0.0001
1731024000000,8,0.0001
1731052800000,8,0.0001
1731081600000,8,-5.55e-06
1731110400000,8,-1.36e-05
1731139200000,8,-2.157e-05
1731168000000,8,-0.00028201
1731196800000,8,0.0001
1731225600000,8,0.0001
1731254400000,8,0.0001
1731283200001,8,0.0001
1731312000000,8,0.0001
1731340800000,8,0.0001
1731369600002,8,1.769e-05
1731398400000,8,0.0001
1731427200000,8,0.0001
1731456000000,8,0.0001
1731484800010,8,0.0001
1731513600000,8,0.0001
1731542400001,8,0.0001
1731571200000,8,0.0001
1731600000000,8,0.0001
1731628800000,8,0.0001
1731657600000,8,0.0001
1731686400000,8,0.0001
1731715200001,8,0.0001
1731744000001,8,0.0001
1731772800000,8,0.0001
1731801600000,8,0.0001
1731830400000,8,0.0001
1731859200001,8,0.0001
1731888000000,8,-0.00012092
1731916800000,8,0.0001
1731945600000,8,0.0001
1731974400000,8,0.0001
1732003200000,8,0.0001
1732032000000,8,0.0001
1732060800003,8,0.0001
1732089600000,8,0.0001
1732118400000,8,0.0001
1732147200001,8,0.0001
1732176000000,8,0.0001
1732204800001,8,0.0001
1732233600000,8,0.0001
1732262400000,8,0.0001
1732291200001,8,0.0001
1732320000000,8,0.0001
1732348800000,8,0.00035018
1732377600000,8,0.0001
1732406400001,8,0.0001
1732435200000,8,0.0001
1732464000000,8,0.0001
1732492800000,8,0.0001
1732521600000,8,0.0001
1732550400000,8,0.0001
1732579200000,8,0.0001
1732608000000,8,0.0001
1732636800000,8,0.0001
1732665600000,8,0.0001
1732694400000,8,0.0001
1732723200001,8,0.0001
1732752000000,8,0.0001
1732780800000,8,0.0001
1732809600000,8,0.0001
1732838400000,8,0.0001
1732867200000,8,0.0001
1732896000000,8,0.0001
1732924800000,8,0.0001
1732953600000,8,0.0001
1732982400000,8,0.0001
1733011200000,8,0.0001
1733040000000,8,0.0001
1733068800000,8,0.0001
1733097600001,8,0.00031372
1733126400001,8,0.0001
1733155200000,8,0.00012185
1733184000000,8,0.00040469
1733212800000,8,0.00049465
1733241600000,8,0.00031582
1733270400000,8,0.00052798
1733299200000,8,0.00030021
1733328000000,8,0.00024839
1733356800001,8,0.0001484
1733385600000,8,0.00055738
1733414400000,8,0.00052779
1733443200000,8,0.00042231
1733472000000,8,0.00036347
1733500800000,8,0.00015372
1733529600000,8,0.00042452
1733558400000,8,0.00035008
1733587200000,8,0.0001
1733616000000,8,0.00015856
1733644800000,8,0.00011709
1733673600000,8,0.00018887
1733702400000,8,0.00021766
1733731200000,8,0.0001
1733760000001,8,0.0001
1733788800007,8,0.0001
1733817600000,8,0.0001
1733846400000,8,0.0001
1733875200000,8,0.0001
1733904000000,8,0.0001
1733932800001,8,0.0001
1733961600001,8,8.936e-05
1733990400000,8,0.0001
1734019200001,8,0.0001
1734048000000,8,0.0001
1734076800000,8,0.0001
1734105600001,8,0.0001
1734134400000,8,0.0001
1734163200000,8,0.0001
1734192000000,8,0.0001
1734220800000,8,7.106e-05
1734249600000,8,0.0001
1734278400000,8,0.0001
1734307200000,8,9.818e-05
1734336000001,8,0.0001
1734364800000,8,0.0001
1734393600000,8,0.0001
1734422400000,8,0.0001
1734451200000,8,0.0001
1734480000000,8,0.0001
1734508800000,8,0.0001
1734537600000,8,0.0001
1734566400000,8,3.154e-05
1734595200000,8,5.6e-06
1734624000000,8,5.639e-05
1734652800000,8,-0.00021044
1734681600001,8,-6.968e-05
1734710400014,8,-0.00021301
1734739200000,8,0.0001
1734768000000,8,9.566e-05
1734796800001,8,0.0001
1734825600000,8,5.389e-05
1734854400000,8,0.0001
1734883200000,8,3.97e-05
1734912000000,8,0.0001
1734940800000,8,0.0001
1734969600001,8,7.055e-05
1734998400000,8,0.0001
1735027200000,8,0.0001
1735056000001,8,0.0001
1735084800001,8,0.0001
1735113600000,8,0.0001
1735142400000,8,0.0001
1735171200000,8,0.0001
1735200000000,8,0.0001
1735228800000,8,0.0001
1735257600000,8,7.047e-05
1735286400000,8,0.0001
1735315200000,8,0.0001
1735344000001,8,0.0001
1735372800000,8,0.0001
1735401600000,8,0.0001
1735430400000,8,6.459e-05
1735459200000,8,0.0001
1735488000000,8,0.0001
1735516800000,8,5.851e-05
1735545600001,8,0.0001
1735574400000,8,0.0001
1735603200000,8,0.0001
1735632000000,8,9.908e-05
1735660800000,8,0.0001
1735689600015,8,0.0001
1735718400000,8,0.0001
1735747200001,8,0.0001
1735776000000,8,0.0001
1735804800006,8,0.0001
1735833600000,8,0.0001
1735862400000,8,0.0001
1735891200000,8,0.0001
1735920000000,8,0.0001
1735948800000,8,0.0001
1735977600000,8,0.0001
1736006400000,8,0.0001
1736035200000,8,0.0001
1736064000000,8,0.0001
1736092800000,8,0.0001
1736121600000,8,0.0001
1736150400001,8,0.0001
1736179200000,8,0.0001
1736208000000,8,0.0001
1736236800000,8,0.0001
1736265600008,8,0.0001
1736294400001,8,2.177e-05
1736323200000,8,1.007e-05
1736352000000,8,0.0001
1736380800000,8,8.081e-05
1736409600000,8,0.0001
1736438400000,8,4.897e-05
1736467200000,8,0.0001
1736496000000,8,0.0001
1736524800000,8,7.13e-05
1736553600000,8,0.0001
1736582400000,8,0.0001
1736611200000,8,0.0001
1736640000000,8,0.0001
1736668800000,8,0.0001
1736697600000,8,4.842e-05
1736726400000,8,8.411e-05
1736755200000,8,7.016e-05
1736784000000,8,-8.915e-05
1736812800000,8,-9.316e-05
1736841600000,8,9.332e-05
1736870400000,8,9.243e-05
1736899200000,8,7.617e-05
1736928000000,8,0.0001
1736956800000,8,0.0001
1736985600000,8,0.0001
1737014400000,8,0.0001
1737043200000,8,0.0001
1737072000004,8,0.0001
1737100800000,8,0.0001
1737129600008,8,0.0001
1737158400000,8,0.0001
1737187200007,8,0.0001
1737216000000,8,3.488e-05
1737244800000,8,0.0001
1737273600000,8,0.0001
1737302400000,8,0.0001
1737331200000,8,0.0001
1737360000009,8,0.0001
1737388800000,8,0.0001
1737417600000,8,8.551e-05
1737446400000,8,-2.254e-05
1737475200000,8,0.0001
1737504000000,8,0.0001
1737532800000,8,0.0001
1737561600000,8,0.0001
1737590400001,8,0.0001
1737619200000,8,0.0001
1737648000000,8,0.0001
1737676800000,8,0.0001
1737705600000,8,0.0001
1737734400000,8,0.0001
1737763200000,8,4.403e-05
1737792000000,8,0.0001
1737820800001,8,0.0001
1737849600000,8,0.0001
1737878400000,8,0.0001
1737907200000,8,-3.563e-05
1737936000000,8,-3.906e-05
1737964800000,8,-4.801e-05
1737993600000,8,3.199e-05
1738022400000,8,5.247e-05
1738051200000,8,0.0001
1738080000000,8,0.0001
1738108800000,8,0.0001
1738137600000,8,0.0001
1738166400000,8,9.715e-05
1738195200000,8,8.834e-05
1738224000000,8,0.0001
1738252800000,8,0.0001
1738281600000,8,0.0001
1738310400000,8,0.0001
1738339200000,8,0.0001
1738368000000,8,0.0001
1738396800000,8,0.0001
1738425600000,8,0.0001
1738454400001,8,2.247e-05
1738483200000,8,-9.626e-05
1738512000000,8,-3.833e-05
1738540800000,8,-0.00057201
1738569600000,8,3.85e-06
1738598400000,8,-0.00021515
1738627200000,8,-0.00035612
1738656000001,8,-0.00018497
1738684800000,8,-9.72e-05
1738713600001,8,-7.219e-05
1738742400001,8,3.856e-05
1738771200000,8,6.778e-05
1738800000001,8,-2.876e-05
1738828800001,8,0.0001
1738857600000,8,-0.00015179
1738886400000,8,-0.00016471
1738915200000,8,-8.329e-05
1738944000000,8,-1.36e-06
1738972800000,8,-3.93e-05
1739001600000,8,4.97e-06
1739030400000,8,-3.219e-05
1739059200000,8,-3.202e-05
1739088000000,8,-4.046e-05
1739116800000,8,-9.287e-05
1739145600000,8,-0.00015912
1739174400000,8,8.793e-05
1739203200000,8,7.388e-05
1739232000000,8,2.059e-05
1739260800000,8,0.0001
1739289600000,8,5.939e-05
1739318400000,8,-3.093e-05
1739347200000,8,5.679e-05
1739376000001,8,0.0001
1739404800001,8,0.0001
1739433600000,8,-3.009e-05
1739462400001,8,-4.957e-05
1739491200000,8,-0.00010457
1739520000001,8,0.0001
1739548800000,8,0.0001
1739577600000,8,6.468e-05
1739606400000,8,2.447e-05
1739635200000,8,-3.169e-05
1739664000000,8,-3.055e-05
1739692800000,8,-0.0001427
1739721600000,8,-7.955e-05
1739750400000,8,-7.874e-05
1739779200000,8,-0.00011994
1739808000000,8,-0.00014029
1739836800000,8,-8.929e-05
1739865600000,8,-0.00012064
1739894400000,8,-0.00011513
1739923200000,8,-2.594e-05
1739952000000,8,2.052e-05
1739980800000,8,-5.425e-05
1740009600000,8,-1.499e-05
1740038400000,8,5.389e-05
1740067200000,8,7.727e-05
1740096000001,8,5.053e-05
1740124800000,8,0.0001
1740153600000,8,3.504e-05
1740182400000,8,-9.516e-05
1740211200000,8,-2.819e-05
1740240000000,8,6.537e-05
1740268800000,8,6.654e-05
1740297600000,8,0.0001
1740326400000,8,0.0001
1740355200000,8,-0.00011092
1740384000000,8,-4.286e-05
1740412800000,8,-0.00010876
1740441600000,8,-0.00013721
1740470400000,8,-0.00017154
1740499200000,8,-1.713e-05
1740528000000,8,-1.582e-05
1740556800000,8,-1.198e-05
1740585600000,8,4.156e-05
1740614400001,8,6.987e-05
1740643200000,8,4.714e-05
1740672000000,8,9.022e-05
1740700800001,8,6.969e-05
1740729600000,8,-2.123e-05
1740758400000,8,8.598e-05
1740787200000,8,0.0001
1740816000000,8,6.538e-05
1740844800001,8,0.0001
1740873600000,8,0.0001
1740902400000,8,0.0001
1740931200000,8,-1.063e-05
1740960000001,8,0.0001
1740988800000,8,7.912e-05
1741017600000,8,1.477e-05
1741046400001,8,0.0001
1741075200005,8,-2.827e-05
1741104000000,8,6.429e-05
1741132800000,8,-0.0007782
1741161600000,8,0.0001
1741190400000,8,0.0001
1741219200000,8,0.0001
1741248000001,8,8.575e-05
1741276800000,8,0.0001
1741305600000,8,0.0001
1741334400001,8,0.0001
1741363200000,8,0.0001
1741392000000,8,0.0001
1741420800001,8,0.0001
1741449600001,8,4.791e-05
1741478400001,8,3.303e-05
1741507200000,8,0.0001
1741536000000,8,0.0001
1741564800000,8,2.389e-05
1741593600000,8,4.103e-05
1741622400000,8,8.657e-05
1741651200000,8,6.53e-05
1741680000000,8,4.246e-05
1741708800001,8,0.0001
1741737600000,8,-7.78e-06
1741766400000,8,5.55e-05
1741795200001,8,3.106e-05
1741824000000,8,8.088e-05
1741852800000,8,-4.508e-05
1741881600000,8,-7.53e-06
1741910400000,8,5.45e-06
1741939200000,8,-6.59e-05
1741968000000,8,-3.626e-05
1741996800000,8,-0.0001905
1742025600000,8,-2.694e-05
1742054400000,8,-8.497e-05
1742083200000,8,-5.139e-05
1742112000000,8,-2.07e-05
1742140800000,8,-0.00029377
1742169600000,8,-2.195e-05
1742198400000,8,4.95e-06
1742227200000,8,-1.485e-05
1742256000000,8,-5.533e-05
1742284800000,8,-7.025e-05
1742313600000,8,4.101e-05
1742342400000,8,-4.445e-05
1742371200000,8,8.49e-06
1742400000000,8,0.0001
1742428800000,8,1.15e-06
1742457600000,8,-2.909e-05
1742486400000,8,5.861e-05
1742515200000,8,-8.489e-05
1742544000000,8,-7.62e-05
1742572800000,8,-5.633e-05
1742601600000,8,-8.251e-05
1742630400004,8,1.58e-06
1742659200000,8,-5.663e-05
1742688000000,8,-2.363e-05
1742716800000,8,0.0001
1742745600000,8,0.0001
1742774400000,8,0.0001
1742803200000,8,-4.342e-05
1742832000000,8,-1.015e-05
1742860800001,8,2.245e-05
1742889600000,8,2.106e-05
1742918400000,8,2.086e-05
1742947200000,8,1.04e-06
1742976000000,8,-4.678e-05
1743004800001,8,-5.032e-05
1743033600001,8,4.534e-05
1743062400001,8,0.0001
1743091200002,8,-0.00024971
1743120000001,8,-0.00023427
1743148800001,8,-0.00015989
1743177600000,8,-0.0001592
1743206400000,8,-6.173e-05
1743235200000,8,-0.00011287
1743264000000,8,-0.00015648
1743292800000,8,-0.00019495
1743321600000,8,-0.00025003
1743350400000,8,-8.895e-05
1743379200000,8,-0.0001185
1743408000000,8,-4.128e-05
1743436800000,8,-1.219e-05
1743465600000,8,-0.00013161
1743494400001,8,-1.5e-07
1743523200000,8,8.124e-05
1743552000001,8,-1.87e-06
1743580800000,8,-9.334e-05
1743609600000,8,-2.422e-05
1743638400000,8,-6.264e-05
1743667200000,8,9.726e-05
1743696000000,8,1.224e-05
1743724800000,8,-7.936e-05
1743753600000,8,4.4e-05
1743782400000,8,3.797e-05
1743811200000,8,-1.015e-05
1743840000000,8,2.772e-05
1743868800000,8,-6.707e-05
1743897600000,8,1.769e-05
1743926400000,8,-9.929e-05
1743955200002,8,-0.00013954
1743984000000,8,-0.00018028
1744012800000,8,-7.852e-05
1744041600000,8,-0.00010099
1744070400000,8,-0.00010212
1744099200000,8,-0.00018336
1744128000000,8,-0.00017102
1744156800000,8,-4.151e-05
1744185600001,8,-3.141e-05
1744214400000,8,5.704e-05
1744243200000,8,9.619e-05
1744272000000,8,4.944e-05
1744300800000,8,-2.102e-05
1744329600001,8,-3.253e-05
1744358400000,8,6.741e-05
1744387200000,8,-0.0001834
1744416000000,8,-0.00011048
1744444800001,8,6.34e-06
1744473600000,8,-0.00022037
1744502400000,8,7.219e-05
1744531200000,8,1.148e-05
1744560000000,8,8.224e-05
1744588800000,8,8.733e-05
1744617600000,8,-0.00047707
1744646400000,8,-0.00042601
1744675200000,8,-0.00017197
1744704000000,8,-6.878e-05
1744732800001,8,6.1e-06
1744761600000,8,5.935e-05
1744790400000,8,1.567e-05
1744819200000,8,2.069e-05
1744848000001,8,-1.914e-05
1744876800000,8,9.23e-05
1744905600001,8,5.676e-05
1744934400000,8,-1.867e-05
1744963200000,8,1.973e-05
1744992000000,8,0.0001
1745020800000,8,5.69e-05
1745049600000,8,1.4e-05
1745078400000,8,-5.993e-05
1745107200000,8,-6.95e-06
1745136000000,8,0.0001
1745164800000,8,4.94e-05
1745193600000,8,0.0001
1745222400005,8,-6.26e-06
1745251200003,8,-1.202e-05
1745280000008,8,0.0001
1745308800000,8,0.0001
1745337600000,8,4.856e-05
1745366400000,8,0.0001
1745395200002,8,-5.216e-05
1745424000000,8,-0.00022583
1745452800000,8,0.0001
1745481600001,8,5.368e-05
1745510400001,8,0.0001
1745539200007,8,0.0001
1745568000002,8,0.0001
1745596800003,8,-0.00012156
1745625600002,8,-3.65e-06
1745654400000,8,-6.934e-05
1745683200002,8,-0.00032618
1745712000001,8,-0.00048503
1745740800000,8,-0.00047762
1745769600000,8,-0.00027208
1745798400001,8,-0.00025294
1745827200003,8,-0.00026114
1745856000005,8,-0.00043212
1745884800000,8,-0.00013007
1745913600000,8,0.0001
1745942400010,8,0.0001
1745971200001,8,4.337e-05
1746000000000,8,-7.844e-05
1746028800003,8,1.434e-05
1746057600000,8,-7.32e-06
1746086400000,8,-6.907e-05
1746115200001,8,-0.00036496
1746144000000,8,-0.00041355
1746172800000,8,0.0001
1746201600003,8,2.78e-06
1746230400000,8,0.0001
1746259200000,8,-0.00039393
1746288000000,8,-0.00053176
1746316800001,8,-0.00049121
1746345600001,8,-0.00039574
1746374400002,8,-0.00056067
1746403200000,8,-0.00049675
1746432000000,8,-0.00034054
1746460800006,8,-0.00057632
1746489600002,8,-0.00048153
1746518400005,8,-0.00047295
1746547200000,8,-0.00022195
1746576000002,8,-9.814e-05
1746604800000,8,-0.00019038
1746633600006,8,-0.00049907
1746662400000,8,-0.00019102
1746691200001,8,3.178e-05
1746720000002,8,4.931e-05
1746748800001,8,4.253e-05
1746777600006,8,-8.65e-05
1746806400000,8,-0.00010899
1746835200001,8,-0.00016863
1746864000000,8,-4.073e-05
1746892800001,8,0.0001
1746921600000,8,9.974e-05
1746950400001,8,-0.00026571
1746979200001,8,-0.00032422
1747008000004,8,-0.00040162
1747036800000,8,-0.00018427
1747065600000,8,-2.582e-05
1747094400000,8,5.545e-05
1747123200008,8,-0.00010312
1747152000001,8,-0.00030676
1747180800007,8,-0.0001142
1747209600000,8,-0.00015248
1747238400002,8,-0.00014648
1747267200000,8,-0.00019591
1747296000003,8,-0.00042405
1747324800000,8,-0.00030095
1747353600001,8,-0.00037781
1747382400000,8,-0.00025889
1747411200000,8,-0.00018907
1747440000000,8,-0.00027655
1747468800001,8,-0.00022906
1747497600004,8,-0.00025379
1747526400000,8,-0.00030726
1747555200000,8,-0.00019
1747584000000,8,-5.288e-05
1747612800000,8,-6.18e-06
1747641600006,8,-0.00038618
1747670400010,8,-0.00030056
1747699200000,8,-0.00020543
1747728000002,8,-0.00010966
1747756800000,8,-5.045e-05
1747785600000,8,-2.731e-05
1747814400001,8,-0.0001625
1747843200004,8,4.7e-06
1747872000001,8,-1.148e-05
1747900800000,8,-2.222e-05
1747929600002,8,0.0001
1747958400006,8,-5.181e-05
1747987200000,8,0.0001
1748016000007,8,0.0001
1748044800010,8,9.527e-05
1748073600000,8,1.979e-05
1748102400003,8,4.16e-05
1748131200004,8,4.28e-05
1748160000000,8,8.028e-05
1748188800000,8,-8.5e-05
1748217600000,8,-9.976e-05
1748246400000,8,-7.507e-05
1748275200002,8,8.174e-05
1748304000003,8,0.0001
1748332800001,8,0.0001
1748361600005,8,8.25e-05
1748390400002,8,-0.00011324
1748419200003,8,-9.732e-05
1748448000002,8,-0.00018025
1748476800000,8,-0.00015238
1748505600006,8,4.878e-05
1748534400000,8,-9.673e-05
1748563200003,8,-7.321e-05
1748592000003,8,-2.01e-05
1748620800000,8,0.0001
1748649600000,8,0.0001
1748678400000,8,-5.97e-05
1748707200000,8,1.84e-05
1748736000001,8,3.466e-05
1748764800002,8,-0.00011019
1748793600000,8,-0.00024391
1748822400001,8,-0.000237
1748851200000,8,0.0001
1748880000000,8,7.331e-05
1748908800000,8,0.0001
1748937600000,8,0.0001
1748966400001,8,0.0001
1748995200000,8,0.0001
1749024000000,8,0.0001
1749052800000,8,-5.883e-05
1749081600016,8,-7.594e-05
1749110400000,8,-7.496e-05
1749139200000,8,-0.00011845
1749168000002,8,-0.0001769
1749196800000,8,-8.781e-05
1749225600006,8,-0.00022644
1749254400000,8,-8.18e-06
1749283200000,8,-0.00018256
1749312000002,8,3.876e-05
1749340800000,8,-6.885e-05
1749369600000,8,-0.00010903
1749398400000,8,-3.417e-05
1749427200000,8,2.571e-05
1749456000001,8,2.97e-05
1749484800001,8,3.812e-05
1749513600000,8,0.0001
1749542400001,8,1.677e-05
1749571200003,8,-2.821e-05
1749600000000,8,0.0001
1749628800000,8,-9.107e-05
1749657600010,8,-1.3e-07
1749686400002,8,-0.00028768
1749715200003,8,-0.00024543
1749744000001,8,-7.419e-05
1749772800000,8,-0.00014841
1749801600001,8,-0.00020349
1749830400004,8,-6.088e-05
1749859200000,8,5.388e-05
1749888000000,8,3.814e-05
1749916800000,8,1.194e-05
1749945600005,8,-1.399e-05
1749974400009,8,4.966e-05
1750003200000,8,0.0001
1750032000000,8,9.078e-05
1750060800000,8,2.981e-05
1750089600003,8,0.0001
1750118400000,8,0.0001
1750147200006,8,0.0001
1750176000001,8,0.0001
1750204800001,8,0.0001
1750233600001,8,0.0001
1750262400001,8,0.0001
1750291200005,8,0.0001
1750320000003,8,-4.582e-05
1750348800000,8,0.0001
1750377600000,8,0.0001
1750406400002,8,0.0001
1750435200001,8,0.0001
1750464000002,8,1.487e-05
1750492800005,8,-0.00015421
1750521600000,8,-0.00011649
1750550400005,8,4.452e-05
1750579200000,8,-4.82e-05
1750608000003,8,-0.00022896
1750636800000,8,-0.00023894
1750665600004,8,-0.00030625
1750694400013,8,-9.856e-05
1750723200003,8,-0.0002348
1750752000000,8,-0.00029614
1750780800000,8,-0.00029324
1750809600005,8,-0.00021468
1750838400000,8,-0.0001215
1750867200005,8,-0.00020035
1750896000000,8,8.24e-06
1750924800006,8,-1.846e-05
1750953600007,8,9.567e-05
1750982400000,8,-8.885e-05
1751011200000,8,-0.00021737
1751040000009,8,-2.501e-05
1751068800001,8,-2.934e-05
1751097600002,8,-8.42e-05
1751126400000,8,-8.431e-05
1751155200004,8,-8.834e-05
1751184000001,8,-5.147e-05
1751212800001,8,-6.064e-05
1751241600000,8,5.417e-05
1751270400005,8,9.908e-05
1751299200002,8,0.0001
1751328000007,8,0.0001
1751356800002,8,0.0001
1751385600000,8,-3.158e-05
1751414400001,8,-8.675e-05
1751443200000,8,-0.00012888
1751472000003,8,-0.00015319
1751500800006,8,-0.00027955
1751529600003,8,-0.00019011
1751558400003,8,-0.00013591
1751587200005,8,-0.00015292
1751616000003,8,9.79e-06
1751644800001,8,-0.00017395
1751673600004,8,-0.00026127
1751702400009,8,-0.00016672
1751731200006,8,-0.00026565
1751760000001,8,-0.00024195
1751788800002,8,-0.00026604
1751817600004,8,-0.00014878
1751846400000,8,-1.68e-06
1751875200007,8,-6.59e-06
1751904000000,8,-2.993e-05
1751932800010,8,2.693e-05
1751961600003,8,-2.635e-05
1751990400000,8,3.294e-05
1752019200002,8,-2.172e-05
1752048000006,8,-8.738e-05
1752076800001,8,-0.00017237
1752105600003,8,3.349e-05
1752134400000,8,3.956e-05
1752163200004,8,-0.00021967
1752192000004,8,5.805e-05
1752220800007,8,3.358e-05
1752249600001,8,6.308e-05
1752278400000,8,0.0001
1752307200001,8,2.626e-05
1752336000002,8,-0.00029901
1752364800006,8,-0.00034253
1752393600001,8,-0.00019878
1752422400003,8,-0.00028706
1752451200000,8,-0.00022833
1752480000000,8,5.111e-05
1752508800000,8,3.001e-05
1752537600002,8,-0.00027554
1752566400000,8,-0.00012437
1752595200000,8,-0.00019786
1752624000000,8,-0.00026225
1752652800000,8,-0.0001441
1752681600008,8,-0.0001
1752710400003,8,9.094e-05
1752739200000,8,2.142e-05
1752768000000,8,2.21e-05
1752796800004,8,-6.724e-05
1752825600000,8,0.0001
1752854400000,8,0.0001
1752883200009,8,0.0001
1752912000000,8,0.0001
1752940800002,8,7.197e-05
1752969600000,8,0.0001
1752998400000,8,0.0001
1753027200000,8,0.0001
1753056000001,8,0.0001
1753084800000,8,0.0001
1753113600001,8,0.0001
1753142400000,8,0.0001
1753171200010,8,0.0001
1753200000007,8,0.0001
1753228800000,8,0.0001
1753257600004,8,0.0001
1753286400002,8,0.0001
1753315200000,8,-6.307e-05
1753344000001,8,7.95e-06
1753372800000,8,0.0001
1753401600000,8,0.0001
1753430400000,8,0.0001
1753459200000,8,0.0001
1753488000001,8,0.0001
1753516800005,8,0.0001
1753545600001,8,0.0001
1753574400001,8,0.0001
1753603200000,8,0.0001
1753632000008,8,0.00016799
1753660800005,8,0.0001
1753689600000,8,0.0001
1753718400000,8,0.0001
1753747200001,8,0.0001
1753776000000,8,0.0001
1753804800000,8,0.0001
1753833600011,8,0.0001
1753862400000,8,0.0001
1753891200008,8,0.0001
1753920000000,8,8.727e-05
1753948800009,8,0.0001
1753977600000,8,5.784e-05
1754006400001,8,-3.264e-05
1754035200003,8,0.0001
1754064000000,8,9.53e-05
1754092800004,8,0.0001
1754121600000,8,4.108e-05
1754150400000,8,6.98e-05
1754179200000,8,5.462e-05
1754208000000,8,3.251e-05
1754236800003,8,9.948e-05
1754265600004,8,2.551e-05
1754294400000,8,0.0001
1754323200002,8,0.0001
1754352000000,8,0.0001
1754380800000,8,0.0001
1754409600000,8,0.0001
1754438400005,8,0.0001
1754467200000,8,0.0001
1754496000000,8,0.0001
1754524800003,8,0.0001
1754553600002,8,0.0001
1754582400002,8,0.0001
1754611200002,8,0.0001
1754640000004,8,1.681e-05
1754668800000,8,0.0001
1754697600005,8,0.0001
1754726400000,8,0.0001
1754755200007,8,7.813e-05
1754784000003,8,-3.004e-05
1754812800005,8,5.1e-07
1754841600002,8,0.0001
1754870400000,8,0.0001
1754899200000,8,0.0001
1754928000000,8,0.0001
1754956800000,8,0.0001
1754985600001,8,0.0001
1755014400005,8,0.0001
1755043200000,8,0.0001
1755072000002,8,0.0001
1755100800006,8,0.0001
1755129600002,8,0.0001
1755158400003,8,0.0001
1755187200000,8,0.0001
1755216000000,8,0.0001
1755244800000,8,0.0001
1755273600000,8,0.0001
1755302400004,8,0.0001
1755331200000,8,0.0001
1755360000002,8,0.0001
1755388800000,8,0.0001
1755417600001,8,0.0001
1755446400007,8,0.0001
1755475200000,8,0.0001
1755504000001,8,7.214e-05
1755532800002,8,5.175e-05
1755561600000,8,3.79e-05
1755590400001,8,0.0001
1755619200000,8,0.0001
1755648000000,8,7.469e-05
1755676800000,8,5.736e-05
1755705600000,8,0.0001
1755734400006,8,6.737e-05
1755763200000,8,0.0001
1755792000003,8,0.0001
1755820800010,8,0.0001
1755849600007,8,9.281e-05
1755878400001,8,0.0001
1755907200004,8,0.0001
1755936000006,8,0.0001
1755964800000,8,0.0001
1755993600001,8,0.0001
1756022400002,8,0.0001
1756051200001,8,0.0001
1756080000000,8,0.0001
1756108800002,8,0.0001
1756137600002,8,7.74e-05
1756166400000,8,4.029e-05
1756195200000,8,3.301e-05
1756224000000,8,4.824e-05
1756252800003,8,5.78e-05
1756281600000,8,4.378e-05
1756310400009,8,7.469e-05
1756339200000,8,0.0001
1756368000005,8,0.0001
1756396800004,8,0.0001
1756425600000,8,0.0001
1756454400000,8,9.338e-05
1756483200005,8,6.417e-05
1756512000000,8,9.334e-05
1756540800002,8,0.0001
1756569600003,8,7.962e-05
1756598400016,8,5.517e-05
1756627200000,8,0.0001
1756656000001,8,0.0001
1756684800000,8,0.0001
1756713600000,8,0.0001
1756742400001,8,0.0001
1756771200000,8,0.0001
1756800000005,8,0.0001
1756828800007,8,0.0001
1756857600006,8,0.0001
1756886400002,8,9.906e-05
1756915200002,8,0.0001
1756944000002,8,0.0001
1756972800000,8,-3.837e-05
1757001600000,8,0.0001
1757030400001,8,2.397e-05
1757059200006,8,1.26e-05
1757088000000,8,0.0001
1757116800000,8,0.0001
1757145600005,8,0.0001
1757174400000,8,-0.00021271
1757203200000,8,-2.049e-05
1757232000000,8,4.943e-05
1757260800000,8,0.0001
1757289600007,8,4.213e-05
1757318400000,8,-6.388e-05
1757347200000,8,-2.089e-05
1757376000000,8,-8.41e-06
1757404800000,8,-7.21e-06
1757433600000,8,3.593e-05
1757462400000,8,-4.888e-05
1757491200002,8,-3.129e-05
1757520000000,8,-0.00021353
1757548800000,8,-0.00016228
1757577600000,8,0.0001
1757606400001,8,0.0001
1757635200002,8,0.0001
1757664000001,8,0.0001
1757692800005,8,0.0001
1757721600005,8,0.0001
1757750400002,8,0.0001
1757779200000,8,0.0001
1757808000006,8,0.0001
1757836800000,8,0.0001
1757865600001,8,0.0001
1757894400006,8,0.0001
1757923200002,8,0.0001
1757952000001,8,0.0001
1757980800001,8,0.0001
1758009600000,8,0.0001
1758038400000,8,0.0001
1758067200001,8,0.0001
1758096000000,8,0.0001
1758124800003,8,0.0001
1758153600006,8,0.0001
1758182400002,8,0.0001
1758211200000,8,0.0001
1758240000000,8,0.0001
1758268800005,8,8.09e-06
1758297600000,8,4.225e-05
1758326400000,8,-5.34e-06
1758355200000,8,7.349e-05
1758384000002,8,1.918e-05
1758412800000,8,-2.26e-06
1758441600000,8,4.667e-05
1758470400000,8,3.145e-05
1758499200005,8,3.758e-05
1758528000003,8,5.578e-05
1758556800000,8,-2.755e-05
1758585600000,8,-1.565e-05
1758614400001,8,-5.36e-05
1758643200000,8,-6.405e-05
1758672000003,8,1.683e-05
1758700800001,8,3.4e-07
1758729600002,8,-2.569e-05
1758758400000,8,-8.165e-05
1758787200001,8,-4.97e-06
1758816000000,8,3.324e-05
1758844800000,8,3.473e-05
1758873600000,8,6.098e-05
1758902400008,8,0.0001
1758931200000,8,2.757e-05
1758960000010,8,9.005e-05
1758988800003,8,3.339e-05
1759017600000,8,7.464e-05
1759046400000,8,9.871e-05
1759075200000,8,1.183e-05
1759104000000,8,4.391e-05
1759132800002,8,3.267e-05
1759161600001,8,9.501e-05
1759190400002,8,7.513e-05
1759219200005,8,3.678e-05
1759248000000,8,9.855e-05
1759276800000,8,0.0001
1759305600000,8,2.545e-05
1759334400000,8,0.0001
1759363200000,8,0.0001
1759392000013,8,-5.385e-05
1759420800000,8,-6.78e-06
1759449600006,8,-8.533e-05
1759478400006,8,0.0001
1759507200000,8,0.0001
1759536000001,8,0.0001
1759564800000,8,-9.037e-05
1759593600000,8,2.795e-05
1759622400000,8,-9.72e-06
1759651200003,8,-3.117e-05
1759680000009,8,8.35e-05
1759708800004,8,5.39e-05
1759737600002,8,7.499e-05
1759766400004,8,9.642e-05
1759795200000,8,0.0001
1759824000003,8,0.0001
1759852800000,8,0.0001
1759881600000,8,4.223e-05
1759910400006,8,0.0001
1759939200002,8,9.387e-05
1759968000001,8,0.0001
1759996800000,8,0.0001
1760025600000,8,0.0001
1760054400005,8,7.843e-05
1760083200002,8,0.0001
1760112000014,8,0.0001
1760140800000,8,0.0001
1760169600003,8,0.0001
1760198400000,8,9.75e-06
1760227200004,8,-0.0001958
1760256000002,8,-0.00024883
1760284800000,8,-0.00012058
1760313600003,8,-7.833e-05
1760342400002,8,-3.124e-05
1760371200003,8,6.919e-05
1760400000000,8,6.28e-05
1760428800000,8,5.816e-05
1760457600000,8,3.384e-05
1760486400006,8,3.298e-05
1760515200002,8,0.0001
1760544000000,8,0.0001
1760572800000,8,6.7e-05
1760601600003,8,-5.95e-06
1760630400002,8,3.984e-05
1760659200001,8,-1.895e-05
1760688000005,8,-4.797e-05
1760716800003,8,-0.00018437
1760745600000,8,-0.00019148
1760774400002,8,-0.00017766
1760803200001,8,-0.00015336
1760832000001,8,-8.856e-05
1760860800001,8,-0.00018576
1760889600001,8,-0.00025138
1760918400004,8,-0.00019296
1760947200001,8,-0.0001917
1760976000000,8,-0.00033162
1761004800009,8,-0.0002013
1761033600000,8,-8.017e-05
1761062400000,8,-0.00025378
1761091200004,8,-0.00013837
1761120000000,8,-0.00012992
1761148800000,8,-0.00017048
1761177600000,8,-4.969e-05
1761206400001,8,-0.00026418
1761235200004,8,-5.342e-05
1761264000000,8,-3.098e-05
1761292800000,8,-0.00015133
1761321600009,8,-0.000107
1761350400000,8,-5.163e-05
1761379200001,8,-0.00020475
1761408000001,8,-0.00030563
1761436800001,8,-0.00030248
1761465600001,8,-0.00041535
1761494400000,8,-3.43e-05
1761523200000,8,-0.00017266
1761552000005,8,-0.00049906
1761580800000,8,-0.00016822
1761609600000,8,9.306e-05
1761638400000,8,-0.00016505
1761667200004,8,-0.00017683
1761696000004,8,-4.211e-05
1761724800005,8,-8.901e-05
1761753600000,8,1.25e-05
1761782400004,8,-1.608e-05
1761811200008,8,-2.814e-05
1761840000001,8,-7.283e-05
1761868800000,8,-7.833e-05
1761897600008,8,-2.883e-05
1761926400007,8,-1.624e-05
1761955200001,8,-0.00012172
1761984000000,8,-0.00022667
1762012800000,8,-0.0001123
1762041600007,8,-6.176e-05
1762070400000,8,-5.449e-05
1762099200001,8,-0.00030192
1762128000000,8,-0.00023544
1762156800010,8,1.528e-05
1762185600000,8,-0.00022247
1762214400002,8,-2.858e-05
1762243200004,8,5.71e-06
1762272000000,8,-0.00013625
1762300800000,8,-0.0001004
1762329600000,8,-6.858e-05
1762358400004,8,-0.00012408
1762387200001,8,-0.00021782
1762416000000,8,-0.00017302
1762444800001,8,-9.382e-05
1762473600005,8,-0.00013686
1762502400003,8,-0.00014858
1762531200005,8,-8.657e-05
1762560000011,8,8.55e-06
1762588800015,8,-2.83e-06
1762617600001,8,-9.109e-05
1762646400004,8,-0.00019298
1762675200000,8,-9.185e-05
1762704000005,8,-0.00017727
1762732800000,8,-8.375e-05
1762761600000,8,-0.00014045
1762790400003,8,-1.695e-05
1762819200007,8,1.686e-05
1762848000000,8,-0.00031173
1762876800009,8,-0.00017105
1762905600000,8,-0.00016306
1762934400002,8,-9.889e-05
1762963200000,8,-0.0001542
1762992000002,8,-0.00025903
1763020800000,8,2.735e-05
1763049600001,8,-3.67e-05
1763078400000,8,-0.00019484
1763107200000,8,1.946e-05
1763136000001,8,-5.58e-06
1763164800005,8,2.94e-05
1763193600000,8,-2.449e-05
1763222400001,8,8.133e-05
1763251200001,8,3.327e-05
1763280000000,8,-2.787e-05
1763308800000,8,-1.869e-05
1763337600003,8,-3.094e-05
1763366400003,8,-2.042e-05
1763395200000,8,6.062e-05
1763424000002,8,-3.562e-05
1763452800004,8,2.393e-05
1763481600000,8,-2.71e-06
1763510400000,8,2.85e-05
1763539200000,8,-3.273e-05
1763568000008,8,-7.561e-05
1763596800000,8,-0.00014242
1763625600000,8,0.0001
1763654400000,8,4.759e-05
1763683200001,8,-0.00023168
1763712000000,8,-1.6e-05
1763740800001,8,-0.00014635
1763769600004,8,0.0001
1763798400000,8,0.0001
1763827200000,8,0.0001
1763856000000,8,0.0001
1763884800008,8,0.0001
1763913600003,8,0.0001
1763942400004,8,0.0001
1763971200000,8,-6.415e-05
1764000000006,8,2.792e-05
1764028800000,8,5.507e-05
1764057600009,8,2.521e-05
1764086400007,8,-9.113e-05
1764115200001,8,-1.209e-05
1764144000001,8,3.544e-05
1764172800000,8,-0.00054488
1764201600013,8,-0.00012485
1764230400000,8,-0.00013334
1764259200004,8,-5.407e-05
1764288000008,8,-6.382e-05
1764316800000,8,6.13e-06
1764345600008,8,-0.00014507
1764374400000,8,-2.563e-05
1764403200005,8,-0.00018237
1764432000001,8,-0.00015447
1764460800003,8,-8.902e-05
1764489600000,8,-0.0007677
1764518400004,8,-0.00028359
1764547200000,8,1.256e-05
1764576000004,8,-0.00019854
1764604800000,8,-7.36e-06
1764633600004,8,-0.00015011
1764662400000,8,1.433e-05
1764691200000,8,-4.152e-05
1764720000000,8,-6.306e-05
1764748800000,8,4.053e-05
1764777600005,8,-2.421e-05
1764806400012,8,-2.816e-05
1764835200000,8,-6.937e-05
1764864000011,8,-3.884e-05
1764892800000,8,2.514e-05
1764921600000,8,-6.001e-05
1764950400010,8,-0.00019775
1764979200001,8,-6.429e-05
1765008000001,8,-0.00028246
1765036800008,8,-0.00041408
1765065600000,8,-0.00036703
1765094400004,8,-0.00035711
1765123200000,8,-0.00023307
1765152000000,8,-3.983e-05
1765180800000,8,-4.154e-05
1765209600001,8,2.014e-05
1765238400001,8,-0.00022228
1765267200001,8,-0.00014823
1765296000007,8,-0.00028069
1765324800007,8,-2.252e-05
1765353600002,8,-0.00096682
1765382400012,8,-0.00034586
1765411200001,8,-1.259e-05
1765440000000,8,-0.00019089
1765468800000,8,-2.065e-05
1765497600005,8,-0.0001613
1765526400007,8,-0.00011523
1765555200002,8,-2.675e-05
1765584000001,8,-4.873e-05
1765612800006,8,-0.00015436
1765641600000,8,-9.726e-05
1765670400000,8,-0.00010369
1765699200003,8,-5.648e-05
1765728000005,8,-8.23e-05
1765756800000,8,-0.00017186
1765785600000,8,-6.749e-05
1765814400000,8,-9.528e-05
1765843200002,8,-0.00021199
1765872000000,8,-0.00013776
1765900800002,8,-0.00017315
1765929600004,8,-0.00011602
1765958400000,8,-0.00027622
1765987200000,8,-0.00042782
1766016000005,8,-9.051e-05
1766044800007,8,2.407e-05
1766073600001,8,4.634e-05
1766102400000,8,-9.752e-05
1766131200001,8,2.56e-06
1766160000000,8,3.19e-06
1766188800005,8,3.443e-05
1766217600000,8,-4.021e-05
1766246400002,8,-4.141e-05
1766275200000,8,-6.01e-05
1766304000009,8,-0.00016987
1766332800000,8,-8.056e-05
1766361600000,8,-9.678e-05
1766390400005,8,-0.00028619
1766419200009,8,-0.00053442
1766448000000,8,-8.114e-05
1766476800000,8,-0.00025132
1766505600001,8,-0.00012146
1766534400001,8,-0.00015051
1766563200001,8,-0.00015227
1766592000000,8,1.109e-05
1766620800000,8,7.238e-05
1766649600001,8,-5.603e-05
1766678400005,8,-3.136e-05
1766707200004,8,7.841e-05
1766736000001,8,4.486e-05
1766764800007,8,-0.0001066
1766793600000,8,0.0001
1766822400000,8,-0.00012019
1766851200011,8,0.0001
1766880000008,8,-1.716e-05
1766908800000,8,-6.63e-06
1766937600000,8,2.723e-05
1766966400016,8,-0.00014282
1766995200001,8,-0.00030319
1767024000000,8,6.478e-05
1767052800005,8,-2.107e-05
1767081600001,8,3.173e-05
1767110400003,8,1.439e-05
1767139200004,8,2.274e-05
1767168000001,8,-8.51e-05
1767196800001,8,-4.004e-05
1767225600008,8,-6.775e-05
1767254400002,8,-4.034e-05
1767283200001,8,-3.95e-06
1767312000006,8,-0.00018706
1767340800007,8,-0.00030889
1767369600000,8,-0.00016696
1767398400001,8,0.0001
1767427200000,8,0.0001
1767456000000,8,0.0001
1767484800000,8,0.0001
1767513600000,8,-9.92e-06
1767542400001,8,-3.409e-05
1767571200000,8,2.328e-05
1767600000000,8,-5.215e-05
1767628800000,8,2.136e-05
1767657600010,8,5.124e-05
1767686400000,8,-5.232e-05
1767715200000,8,-1.3e-07
1767744000001,8,1.682e-05
1767772800001,8,4.017e-05
1767801600001,8,6.265e-05
1767830400001,8,6.013e-05
1767859200000,8,-2.17e-06
1767888000000,8,0.0001
1767916800003,8,-1.062e-05
1767945600000,8,9.708e-05
1767974400001,8,6.155e-05
1768003200000,8,3.06e-05
1768032000002,8,5.982e-05
1768060800001,8,2.452e-05
1768089600003,8,-0.00019579
1768118400006,8,-0.00021237
1768147200000,8,-0.000287
1768176000005,8,-0.00012618
1768204800000,8,-0.00012465
1768233600000,8,-0.00013945
1768262400007,8,-0.00023879
1768291200009,8,7.512e-05
1768320000002,8,-9.014e-05
1768348800000,8,-0.00018273
1768377600001,8,-0.00021015
1768406400004,8,-0.00022811
1768435200000,8,-0.00015134
1768464000004,8,-1.801e-05
1768492800002,8,0.0001
1768521600000,8,-1.365e-05
1768550400000,8,-0.00018546
1768579200001,8,-0.0001753
1768608000000,8,-0.00023282
1768636800000,8,-9.28e-05
1768665600002,8,-0.00011311
1768694400001,8,-3.529e-05
1768723200000,8,-6.074e-05
1768752000000,8,-7.753e-05
1768780800007,8,-8.7e-06
1768809600007,8,-0.00013003
1768838400007,8,-9.348e-05
1768867200005,8,-8.093e-05
1768896000001,8,-0.00010764
1768924800009,8,-5.766e-05
1768953600001,8,-0.00018052
1768982400011,8,-0.00015781
1769011200011,8,-0.00015258
1769040000010,8,4.6e-07
1769068800003,8,3.203e-05
1769097600005,8,4.085e-05
1769126400005,8,-1.717e-05
1769155200000,8,-9.745e-05
1769184000011,8,5.35e-06
1769212800011,8,-1.193e-05
1769241600002,8,-5.615e-05
1769270400001,8,-2.678e-05
1769299200002,8,-3.771e-05
1769328000011,8,-4.292e-05
1769356800005,8,-4.375e-05
1769385600000,8,-5.998e-05
1769414400003,8,-4.45e-05
1769443200000,8,5.78e-06
1769472000002,8,6.1e-07
1769500800000,8,2.446e-05
1769529600000,8,-6.34e-06
1769558400000,8,3.839e-05
1769587200000,8,-2.604e-05
1769616000000,8,-1.555e-05
1769644800000,8,5.893e-05
1769673600009,8,-3.048e-05
1769702400000,8,-1.041e-05
1769731200008,8,-3.661e-05
1769760000000,8,9.377e-05
1769788800001,8,2.444e-05
1769817600000,8,0.0001
1769846400001,8,2.702e-05
1769875200009,8,2.693e-05
1769904000001,8,-4.215e-05
1769932800004,8,-0.00034898
1769961600000,8,-0.0002793
1769990400000,8,-2.893e-05
1770019200014,8,6.4e-07
1770048000000,8,2.906e-05
1770076800000,8,1.969e-05
1770105600007,8,6.439e-05
1770134400000,8,6.147e-05
1770163200002,8,3.686e-05
1770192000007,8,0.0001
1770220800000,8,2.304e-05
1770249600011,8,0.0001
1770278400000,8,9.129e-05
1770307200007,8,-2.59e-06
1770336000000,8,1.559e-05
1770364800001,8,-7.902e-05
1770393600000,8,1.758e-05
1770422400003,8,8.05e-05
1770451200000,8,0.0001
1770480000010,8,5.454e-05
1770508800003,8,1.003e-05
1770537600000,8,3.826e-05
1770566400000,8,6.625e-05
1770595200002,8,3.926e-05
1770624000001,8,-4.369e-05
1770652800007,8,4.986e-05
1770681600000,8,4.663e-05
1770710400007,8,1.878e-05
1770739200000,8,5.145e-05
1770768000000,8,3.478e-05
1770796800006,8,4.385e-05
1770825600000,8,-4.726e-05
1770854400000,8,1.256e-05
1770883200001,8,-2.613e-05
1770912000001,8,-8.169e-05
1770940800007,8,1.915e-05
1770969600003,8,-1.674e-05
1770998400005,8,8.819e-05
1771027200002,8,0.0001
1771056000004,8,1.782e-05
1771084800002,8,7.569e-05
1771113600000,8,-2.335e-05
1771142400002,8,4.119e-05
1771171200000,8,0.0001
1771200000001,8,5.133e-05
1771228800003,8,-7e-05
1771257600000,8,6.025e-05
1771286400008,8,2.75e-05
1771315200001,8,-8.435e-05
1771344000002,8,-2.3e-06
1771372800000,8,-6.06e-06
1771401600000,8,1.726e-05
1771430400011,8,1.721e-05
1771459200013,8,-1.435e-05
1771488000000,8,-2.935e-05
1771516800003,8,7.98e-06
1771545600000,8,9.832e-05
1771574400000,8,-3.618e-05
1771603200000,8,1.342e-05
1771632000004,8,4.845e-05
1771660800000,8,-8.12e-06
1771689600005,8,-1.881e-05
1771718400001,8,-7.305e-05
1771747200004,8,4.575e-05
1771776000000,8,5.801e-05
1771804800001,8,6.735e-05
1771833600000,8,8.34e-06
1771862400000,8,-0.00022658
1771891200007,8,-0.00052233
1771920000000,8,-4.847e-05
1771948800001,8,-3.825e-05
1771977600001,8,-0.00014423
1772006400007,8,-0.00016876
1772035200000,8,2.994e-05
1772064000000,8,3.251e-05
1772092800006,8,-0.00026785
1772121600002,8,-3.345e-05
1772150400007,8,-0.00011571
1772179200000,8,-0.00011248
1772208000001,8,6.302e-05
1772236800000,8,5.805e-05
1772265600000,8,-3.098e-05
1772294400004,8,-0.0002236
1772323200005,8,-0.00034494
1772352000000,8,-0.00040668
1772380800002,8,-0.00030337
1772409600001,8,-0.00021249
1772438400007,8,-4.758e-05
1772467200000,8,-0.00041978
1772496000000,8,-0.00040195
1772524800000,8,-0.00017414
1772553600007,8,-4.034e-05
1772582400001,8,7.51e-06
1772611200005,8,-1.132e-05
1772640000000,8,7.974e-05
1772668800000,8,0.0001
1772697600000,8,4.198e-05
1772726400004,8,-6.71e-06
1772755200001,8,0.0001
1772784000001,8,-5.06e-06
1772812800004,8,1.59e-05
1772841600001,8,-5.86e-06
1772870400012,8,3.73e-05
1772899200001,8,7.09e-05
1772928000001,8,-2.533e-05
1772956800000,8,8.24e-06
1772985600002,8,1.4e-06
1773014400000,8,-6.83e-06
1773043200004,8,9.836e-05
1773072000003,8,-4.911e-05
1773100800012,8,3.26e-06
1773129600002,8,-0.00019037
1773158400001,8,-0.00019455
1773187200000,8,-0.00016201
1773216000007,8,-9.08e-05
1773244800010,8,-2.946e-05
1773273600000,8,1.39e-05
1773302400000,8,2.271e-05
1773331200000,8,2.78e-05
1773360000006,8,9.839e-05
1773388800001,8,-3.534e-05
1773417600000,8,4.205e-05
1773446400001,8,5.714e-05
1773475200000,8,-2.475e-05
1773504000007,8,2.197e-05
1773532800000,8,6.618e-05
1773561600000,8,-3.634e-05
1773590400000,8,-1.592e-05
1773619200000,8,2.097e-05
1773648000010,8,3.201e-05
1773676800000,8,4.374e-05
1773705600000,8,0.0001
1773734400002,8,-1.759e-05
1773763200011,8,-4.261e-05
1773792000002,8,-1.2e-05
1773820800002,8,-5.347e-05
1773849600005,8,-4.224e-05
1773878400000,8,4.969e-05
1773907200003,8,1.349e-05
1773936000003,8,5.755e-05
1773964800002,8,4.197e-05
1773993600000,8,4.91e-05
1774022400000,8,4.229e-05
1774051200000,8,7.102e-05
1774080000000,8,1.866e-05
1774108800014,8,1.783e-05
1774137600012,8,-5.332e-05
1774166400007,8,1.26e-06
1774195200002,8,0.0001
1774224000000,8,0.0001
1774252800003,8,0.0001
1774281600002,8,2.791e-05
1774310400000,8,6.454e-05
1774339200000,8,8.971e-05
1774368000003,8,-6.463e-05
1774396800000,8,-5.628e-05
1774425600000,8,-4.153e-05
1774454400013,8,-2.487e-05
1774483200001,8,-2.054e-05
1774512000001,8,-3.921e-05
1774540800000,8,4.698e-05
1774569600006,8,5.103e-05
1774598400000,8,-0.0001151
1774627200000,8,-0.00020748
1774656000005,8,-0.00029633
1774684800005,8,-0.00019692
1774713600000,8,-0.00013716
1774742400003,8,-8.856e-05
1774771200001,8,-6.668e-05
1774800000000,8,-1.391e-05
1774828800000,8,-3.973e-05
1774857600005,8,-0.00013049
1774886400000,8,-9.561e-05
1774915200000,8,6.4e-06
1774944000000,8,2.685e-05
1774972800000,8,7.218e-05
1775001600000,8,0.0001
1775030400000,8,0.0001
1775059200000,8,0.0001
1775088000003,8,3.791e-05
1775116800001,8,9.63e-06
1775145600001,8,-6.8e-07
1775174400000,8,-2.489e-05
1775203200008,8,-7.295e-05
1775232000008,8,-0.00010662
1775260800000,8,-1.984e-05
1775289600003,8,-9.59e-06
1775318400000,8,-5.512e-05
1775347200008,8,-1.66e-05
1775376000000,8,-3.25e-05
1775404800001,8,-0.00012139
1775433600004,8,-8.621e-05
1775462400001,8,1.737e-05
1775491200003,8,5.484e-05
1775520000000,8,-1.283e-05
1775548800000,8,1.57e-06
1775577600000,8,-8.072e-05
1775606400000,8,9.275e-05
1775635200000,8,-0.00012307
1775664000006,8,1.428e-05
1775692800000,8,6.016e-05
1775721600010,8,1.53e-05
1775750400001,8,-1.206e-05
1775779200000,8,6.218e-05
1775808000005,8,2.821e-05
1775836800000,8,7.054e-05
1775865600000,8,5.043e-05
1775894400000,8,-2.523e-05
1775923200003,8,9.05e-06
1775952000000,8,-5.398e-05
1775980800000,8,-0.00015956
1776009600000,8,-7.033e-05
1776038400011,8,-6.013e-05
1776067200006,8,-4.211e-05
1776096000000,8,-6.387e-05
1776124800005,8,8.937e-05
1776153600003,8,7.429e-05
1776182400001,8,8.819e-05
1776211200000,8,3.176e-05
1776240000000,8,-6.195e-05
1776268800000,8,-1.3e-05
1776297600013,8,0.0001
1776326400000,8,2.375e-05
1776355200000,8,5.901e-05
1776384000001,8,0.0001
1776412800011,8,0.0001
1776441600001,8,8.174e-05
1776470400001,8,0.0001
1776499200006,8,9.65e-06
1776528000000,8,-3.279e-05
1776556800002,8,6.146e-05
1776585600010,8,5.135e-05
1776614400001,8,-3.935e-05
1776643200000,8,2.06e-06
1776672000000,8,6.09e-06
1776700800001,8,7.281e-05
1776729600000,8,5.093e-05
1776758400004,8,3.297e-05
1776787200004,8,9.288e-05
1776816000004,8,4.554e-05
1776844800000,8,0.0001
1776873600000,8,0.0001
1776902400000,8,7.936e-05
1776931200000,8,-1.353e-05
1776960000004,8,-6.07e-06
1776988800006,8,5.199e-05
1777017600000,8,3.119e-05
1777046400000,8,7.83e-06
1777075200000,8,5.514e-05
1777104000002,8,5.601e-05
1777132800002,8,5.554e-05
1777161600003,8,1.638e-05
1777190400007,8,-1.474e-05
1777219200004,8,1.084e-05
1777248000004,8,4.038e-05
1777276800000,8,-2.254e-05
1777305600002,8,-1.61e-06
1777334400001,8,5.137e-05
1777363200000,8,3.586e-05
1777392000004,8,6.319e-05
1777420800006,8,0.0001
1777449600011,8,8.817e-05
1777478400003,8,2.942e-05
1777507200002,8,5.023e-05
1777536000000,8,5.984e-05
1777564800000,8,-1.117e-05
1777593600000,8,-9.43e-06
1777622400005,8,3.573e-05
1777651200000,8,6.296e-05
1777680000006,8,2.175e-05
1777708800000,8,3.091e-05
1777737600010,8,3.24e-06
1777766400005,8,5.338e-05
1777795200003,8,-1.633e-05
1777824000000,8,5.102e-05
1777852800000,8,5.858e-05
1777881600000,8,6.168e-05
1777910400003,8,4.779e-05
1777939200000,8,2.423e-05
1777968000011,8,7.677e-05
1777996800000,8,0.0001
1778025600010,8,0.0001
1778054400000,8,2.265e-05
1778083200002,8,-8.29e-06
1778112000000,8,9.381e-05
1778140800000,8,2.843e-05
1778169600004,8,-8.681e-05
1778198400003,8,-4.48e-06
1778227200002,8,-2.919e-05
1778256000003,8,-3.134e-05
1778284800000,8,-7.229e-05
1778313600001,8,-0.00011513
1778342400002,8,-0.00012687
1778371200003,8,-6.585e-05
1778400000000,8,-5.869e-05
1778428800000,8,2.845e-05
1778457600000,8,0.0001
1778486400000,8,-6.137e-05
1778515200000,8,-0.00015989
1778544000002,8,-0.0001475
1778572800008,8,-0.00013461
1778601600000,8,-3.476e-05
1778630400010,8,-9.319e-05
1778659200003,8,-0.00017687
1778688000001,8,-0.00012177
1778716800005,8,-6.554e-05
1778745600000,8,-5.502e-05
1778774400000,8,-4.139e-05
1778803200000,8,-9.377e-05
1778832000016,8,-0.00011627
1778860800012,8,-5.873e-05
1778889600005,8,3.492e-05
1778918400000,8,-6.172e-05
1778947200005,8,-0.00013968
1778976000000,8,-4.967e-05
1779004800010,8,-8.079e-05
1779033600009,8,-0.0001176
1779062400007,8,-9.463e-05
1779091200002,8,-0.00058806
1779120000007,8,-0.00035347
1779148800001,8,-0.00038621
1779177600001,8,-0.00035005
1779206400009,8,-0.00010397
1779235200001,8,-0.00019527
1779264000006,8,-0.00023512
1779292800000,8,-0.00019307
1779321600001,8,-0.00015456
1779350400000,8,-6.205e-05
1779379200000,8,2.689e-05
1779408000000,8,-6.315e-05
1779436800004,8,-0.00012073
1779465600001,8,-9.814e-05
1779494400009,8,-0.00013387
1779523200001,8,-0.00023968
1779552000003,8,-0.00075871
1779580800011,8,-0.00050847
1779609600008,8,-0.00061466
1779638400000,8,-0.00049524
1779667200001,8,-0.00052441
1779696000001,8,-0.00042275
1779724800001,8,-0.00038291
1779753600000,8,-0.00041667
1779782400003,8,-0.00032075
1779811200000,8,-0.00030996
1779840000000,8,-0.00031706
1779868800004,8,-0.00022559
1779897600009,8,-0.00015118
1779926400001,8,-0.00019508
1779955200000,8,-0.00030546
1779984000001,8,-0.00019644
1780012800000,8,-0.00059463
1780041600001,8,-0.00084313
1780070400008,8,-5.1e-07
1780099200000,8,-9.701e-05
1780128000001,8,-0.00019337
1780156800000,8,-0.00013837
1780185600000,8,-0.00018815
1780214400000,8,-0.00020711
1780243200004,8,-0.00019866
1780272000001,8,-0.00022594
1780300800001,8,-0.00032813
1780329600000,8,-0.00072795
1780358400000,8,-0.00064506
1780387200000,8,-0.00034849
1780416000000,8,-0.0001654
1780444800013,8,-0.00021451
1780473600000,8,-7.809e-05
1780502400001,8,0.0001
1780531200009,8,-1.667e-05
1780560000000,8,7.647e-05
1780588800003,8,-3.067e-05
1780617600000,8,-8.014e-05
1780646400004,8,-3.707e-05
1780675200009,8,-0.00017001
1780704000000,8,-0.00016785
1780732800000,8,-0.0001474
1780761600000,8,-0.00011747
1780790400001,8,1.89e-05
1780819200000,8,-0.00015423
1780848000000,8,-3.065e-05
1780876800000,8,3.087e-05
1780905600005,8,-0.00014666
1780934400004,8,0.0001
1780963200000,8,0.0001
1780992000000,8,5.721e-05
1781020800001,8,1.64e-06
1781049600001,8,3.411e-05
1781078400011,8,-2.14e-06
1781107200009,8,4.26e-05
1781136000000,8,-3.411e-05
1781164800004,8,3.484e-05
1781193600000,8,-5.319e-05
1781222400000,8,-5.335e-05
1781251200000,8,2.348e-05
1781280000000,8,6.46e-06
1781308800000,8,-5.73e-06
1781337600007,8,-1.342e-05
1781366400002,8,7.095e-05
1781395200005,8,4.052e-05
1781424000009,8,-8.213e-05
1781452800000,8,-8.491e-05
1781481600013,8,4.525e-05
1781510400013,8,-1.875e-05
1781539200004,8,-8.7e-07
1781568000000,8,-2.474e-05
1781596800000,8,-2.719e-05
1781625600001,8,-0.00024672
1781654400012,8,-0.00014231
1781683200000,8,-0.00016106
1781712000000,8,-0.00011729
1781740800002,8,-0.00014297
1781769600000,8,-0.00019412
1781798400001,8,-0.00020671
1781827200005,8,-0.00017705
1781856000001,8,-0.00020705
1781884800001,8,-0.00023608
1781913600001,8,-0.00017384
1781942400000,8,-6.25e-06
1781971200001,8,-0.00017459
1782000000000,8,-0.0001939
1782028800000,8,-0.00017311
1782057600000,8,-0.0001624
1782086400000,8,-0.00023883
1782115200000,8,-5.541e-05
1782144000002,8,-0.00014084
1782172800003,8,-0.00011834
1782201600005,8,2.075e-05
1782230400002,8,5.625e-05
1782259200005,8,-5.813e-05
1782288000005,8,-7.463e-05
1782316800003,8,-0.00015239
1782345600000,8,-7.441e-05
1782374400000,8,-0.00010034
1782403200000,8,-5.735e-05
1782432000010,8,-3.215e-05
1782460800002,8,9e-07
1782489600000,8,4.059e-05
1782518400000,8,5.139e-05
1782547200000,8,-2.288e-05
1782576000009,8,-8.005e-05
1782604800000,8,-7.274e-05
1782633600013,8,-2.704e-05
1782662400000,8,-4.31e-05
1782691200006,8,-0.00014764
1782720000013,8,-2.986e-05
1782748800004,8,-4.17e-05
1782777600000,8,-6.346e-05
1782806400000,8,-9.429e-05
1782835200005,8,4.54e-06
1782864000000,8,0.0001
1782892800000,8,6.132e-05
1782921600000,8,-7.15e-06
1782950400000,8,-0.00017066
1782979200000,8,4.48e-06
1783008000000,8,2.53e-05
1783036800000,8,-5.971e-05
1783065600007,8,1.578e-05
1783094400000,8,-3.529e-05
1783123200000,8,5.893e-05
1783152000000,8,3.522e-05
1783180800007,8,4.261e-05
1783209600003,8,3.709e-05
1783238400001,8,0.0001
1783267200000,8,-6.02e-05
1783296000000,8,1.719e-05
1783324800000,8,-7.742e-05
1783353600000,8,3.71e-05
1783382400000,8,7.03e-05
1783411200000,8,-1.318e-05
1783440000000,8,3.221e-05
1783468800000,8,-2.174e-05
1783497600000,8,1.644e-05
1783526400000,8,5.851e-05
1783555200000,8,5.166e-05
1783584000001,8,8.325e-05
1783612800001,8,2.02e-05
1783641600000,8,-4.244e-05
1783670400005,8,1.106e-05
1783699200005,8,0.0001
1783728000000,8,9.662e-05
1783756800000,8,-4.549e-05
1783785600000,8,3.981e-05
1783814400000,8,-3.965e-05
1783843200003,8,-0.00012633
1783872000000,8,-1.304e-05
1783900800000,8,-8.754e-05
1783929600001,8,-7.207e-05
1783958400004,8,-2.511e-05
1783987200000,8,-9.353e-05
1784016000002,8,-0.00013294
1784044800001,8,-0.00011028
1784073600005,8,-0.0002195
1784102400002,8,-0.00010393
1784131200000,8,-0.00016757
1784160000000,8,-0.00021464
1784188800003,8,-0.00020411
1784217600002,8,-0.00018325
1784246400000,8,-0.00010967
1784275200010,8,-1.24e-06
1784304000004,8,-1.855e-05
1784332800000,8,2.778e-05
1784361600000,8,-0.00010206
1784390400001,8,-5.381e-05
1784419200003,8,6.607e-05
1784448000000,8,-0.00013833
1784476800001,8,-0.0002594
1784505600000,8,-0.00010154
1784534400001,8,5.28e-05
1784563200004,8,9.101e-05
1784592000001,8,9.352e-05
1784620800000,8,3.159e-05
1784649600002,8,0.0001
1784678400000,8,7.121e-05
1784707200000,8,3.739e-05
1784736000001,8,3.785e-05
1784764800000,8,-2.629e-05
1784793600000,8,-8.813e-05
1784822400000,8,-5.884e-05
1784851200000,8,-3.315e-05
1784880000000,8,2.735e-05
1784908800008,8,2.812e-05
1784937600002,8,-4.162e-05
1784966400000,8,1.69e-06
1784995200000,8,-5e-05
1785024000000,8,-7.685e-05
1785052800002,8,-7.786e-05
1785081600000,8,-0.00014823
1785110400010,8,-7.238e-05
1785139200000,8,-7.858e-05
1785168000001,8,-0.00016996
1785196800000,8,-0.00015496
1785225600000,8,-1.194e-05
1785254400000,8,4.469e-05
1785283200000,8,6.494e-05
1785312000002,8,5.357e-05
1785340800000,8,-7.4e-06
1785369600000,8,-1.317e-05
1785398400000,8,2.675e-05
1785427200000,8,0.0001
1785456000003,8,0.0001
1785484800000,8,1.964e-05
1785513600000,8,-0.00019273
1785542400001,8,-7.557e-05
1785571200000,8,5.451e-05
1785600000000,8,-5.529e-05
1785628800000,8,-2.259e-05
1785657600000,8,4.627e-05
1785686400000,8,9.136e-05
1785715200000,8,9.207e-05
1785744000000,8,7.45e-05
1785772800000,8,6.332e-05
1785801600004,8,0.0001
1785830400002,8,0.0001
1785859200000,8,0.0001
1785888000003,8,0.0001
1785916800004,8,-3.057e-05
1785945600000,8,-2.498e-05
1785974400002,8,6.869e-05
1786003200000,8,-4.229e-05
1786032000000,8,-7.81e-06
1786060800000,8,-4.064e-05
1786089600000,8,3.346e-05
1786118400000,8,4.875e-05
1786147200001,8,2.311e-05
1786176000000,8,8.99e-05
1786204800002,8,3.941e-05
1786233600000,8,-8.24e-06
1786262400005,8,-2.58e-06
1786291200000,8,8.968e-05
1786320000001,8,-3.701e-05
1786348800005,8,4.16e-05
1786377600000,8,2.13e-06
1786406400000,8,-3.12e-05
1786435200006,8,9.087e-05
1786464000000,8,-2.967e-05
1786492800001,8,3.772e-05
1786521600000,8,-7.72e-05
1786550400000,8,-9.331e-05
1786579200000,8,-0.00022488
1786608000000,8,-0.00011212
1786636800000,8,-0.00027072
1786665600000,8,-0.00070893
1786694400001,8,-0.00050392
1786723200001,8,-0.00055113
1786752000003,8,-0.00015959
1786780800002,8,-0.00018916
1786809600000,8,1.451e-05
1786838400000,8,0.0001
1786867200002,8,8.81e-05
1786896000000,8,9.926e-05
1786924800001,8,2.385e-05
1786953600003,8,9.017e-05
1786982400005,8,2.93e-05
1787011200006,8,5.971e-05
1787040000001,8,-4.21e-06
1787068800003,8,6.798e-05
1787097600000,8,1.718e-05
1787126400000,8,0.0001
1787155200004,8,0.0001
1787184000001,8,0.0001
1787212800000,8,0.0001
1787241600005,8,0.0001
1787270400004,8,0.0001
1787299200000,8,0.0001
1787328000001,8,0.00025933
1787356800000,8,0.00018547
1787385600000,8,0.00013048
1787414400000,8,0.0001
1787443200000,8,0.0001
1787472000000,8,0.0001
1787500800006,8,0.0001
1787529600001,8,0.0001
1787558400002,8,0.0001
1787587200000,8,0.0001
1787616000001,8,0.0001
1787644800000,8,0.0001
1787673600005,8,0.0001
1787702400000,8,0.0001
1787731200005,8,0.0001
1787760000000,8,0.0001
1787788800000,8,0.0001
1787817600000,8,0.0001
1787846400013,8,0.0001
1787875200026,8,0.0001
1787904000000,8,0.0001
1787932800001,8,0.0001
1787961600000,8,5.546e-05
1787990400000,8,4.01e-05
1788019200002,8,7.022e-05
1788048000000,8,5.44e-06
1788076800000,8,1.213e-05
1788105600001,8,5.804e-05
1788134400002,8,7.319e-05
1788163200002,8,8.272e-05
1788192000001,8,5.552e-05
1788220800005,8,0.0001
1788249600000,8,0.0001
1788278400000,8,0.0001
1788307200000,8,0.0001
1788336000001,8,1.416e-05
1788364800005,8,4.114e-05
1788393600000,8,7.12e-06
1788422400000,8,8.104e-05
1788451200000,8,0.0001
1788480000000,8,0.0001
1788508800000,8,1.06e-05
1788537600009,8,3.62e-05
1788566400000,8,9.13e-05
1788595200000,8,5.308e-05
1788624000001,8,-7.897e-05
1788652800000,8,0.0001
1788681600000,8,0.0001
1788710400004,8,-1.14e-05
1788739200004,8,8.09e-06
1788768000000,8,3.978e-05
1788796800003,8,1.97e-06
1788825600004,8,-1.847e-05
1788854400002,8,6.215e-05
1788883200001,8,8.37e-05
1788912000005,8,1.975e-05
1788940800004,8,9.726e-05
1788969600002,8,1.476e-05
1788998400000,8,-9.468e-05
1789027200007,8,6.311e-05
1789056000002,8,-0.00021048
1789084800008,8,-0.00028093
1789113600000,8,-0.00025477
1789142400000,8,-2.186e-05
1789171200001,8,-7.987e-05
1789200000003,8,3.745e-05
1789228800000,8,-2.409e-05
1789257600002,8,3.677e-05
1789286400000,8,-0.00018444
1789315200000,8,-1.333e-05
1789344000000,8,-0.00010315
1789372800000,8,8.253e-05
1789401600000,8,-2.339e-05
1789430400000,8,-5.365e-05
1789459200005,8,-0.00010503
1789488000001,8,-0.0001317
1789516800001,8,4.273e-05
1789545600002,8,-0.0001242
1789574400001,8,5.378e-05
1789603200000,8,7.7e-05
1789632000003,8,2.473e-05
1789660800000,8,0.0001
1789689600003,8,0.0001
1789718400006,8,0.0001
1789747200000,8,0.0001
1789776000000,8,0.0001
1789804800002,8,-0.00012603
1789833600000,8,2.15e-05
1789862400000,8,9.348e-05
1789891200000,8,-3.41e-06
1789920000000,8,-7.362e-05
1789948800007,8,6.279e-05
1789977600004,8,0.0001
1790006400002,8,7.735e-05
1790035200000,8,-3.256e-05
1790064000004,8,-4.506e-05
1790092800000,8,0.0001
1790121600000,8,0.0001
1790150400004,8,0.0001
1790179200004,8,0.0001
1790208000002,8,0.0001
1790236800000,8,0.0001
1790265600005,8,0.0001
1790294400002,8,0.0001
1790323200000,8,0.0001
1790352000002,8,0.0001
1790380800000,8,0.0001
1790409600001,8,0.0001
1790438400001,8,9.017e-05
1790467200000,8,0.0001
1790496000001,8,0.0001
1790524800000,8,0.0001
1790553600000,8,0.0001
1790582400001,8,-1.296e-05
1790611200001,8,8.717e-05
1790640000000,8,0.0001
1790668800000,8,4.703e-05
1790697600000,8,1.246e-05
1790726400000,8,0.0001
1790755200000,8,0.0001
1790784000002,8,6.564e-05
